date,sector_etf,sret_5,sret_20
2015-02-02,XLK,-0.02349771461581729,-0.023261479288922415
2015-02-03,XLK,0.016961601894403433,0.0031989667912031283
2015-02-04,XLK,0.020739509835575598,0.017434790758740215
2015-02-05,XLK,0.020544545831207017,0.018275996346608814
2015-02-06,XLK,0.030075670843952462,-0.006766491282021003
2015-02-09,XLK,0.018109602283900683,-0.0050909160828175315
2015-02-10,XLK,0.021584884701715268,0.021584884701715268
2015-02-11,XLK,0.02350064291574916,0.026264002171052514
2015-02-12,XLK,0.027892701094547334,0.04616175056744076
2015-02-13,XLK,0.03771258192336613,0.06651633839205551
2015-02-17,XLK,0.03971754533863692,0.05671112452235927
2015-02-18,XLK,0.025449508264749454,0.04886967106680484
2015-02-19,XLK,0.02511343300476998,0.05074780999988149
2015-02-20,XLK,0.0165167610851773,0.039074082015861045
2015-02-23,XLK,0.010785409646113076,0.04004790891082832
2015-02-24,XLK,0.0133583472972163,0.04748115782663853
2015-02-25,XLK,0.00608805362580811,0.0718383382750094
2015-02-26,XLK,0.008866359658795675,0.08045979389638402
2015-02-27,XLK,0.00023216032516604201,0.06658410317265373
2015-03-02,XLK,0.007422646354829254,0.08847105837605529
2015-03-03,XLK,-0.002312709764751064,0.07020603388898916
2015-03-04,XLK,0.0,0.05396146351876152
2015-03-05,XLK,-0.007401034072633816,0.050672834561290125
2015-03-06,XLK,-0.01624502349129553,0.028134855697630412
2015-03-09,XLK,-0.01934069797860083,0.03625325652338485
2015-03-10,XLK,-0.03291666582484609,0.016568763506394024
2015-03-11,XLK,-0.035373423036983875,-0.004801995380064872
2015-03-12,XLK,-0.02795914138048572,-0.0021531189998237332
2015-03-13,XLK,-0.021231245269006216,-0.02100066345919316
2015-03-16,XLK,-0.01432306655382487,-0.015709214712968822
2015-03-17,XLK,0.006472250205048713,-0.015936342056049324
2015-03-18,XLK,0.02677875551851927,-0.0035119618835968147
2015-03-19,XLK,0.017258254492793057,-0.009799360991698314
2015-03-20,XLK,0.0295037235725919,-0.008493021533755307
2015-03-23,XLK,0.01748728692770407,-0.009183006489697942
2015-03-24,XLK,0.013897034579021028,-0.015413227425933984
2015-03-25,XLK,-0.025396970700442334,-0.03469655850796094
2015-03-26,XLK,-0.021931907529159078,-0.04002780855354904
2015-03-27,XLK,-0.027503677260912185,-0.03598691506269658
2015-03-30,XLK,-0.015750113784150144,-0.031973802999301304
2015-03-31,XLK,-0.022641169512943482,-0.03547475649498244
2015-04-01,XLK,0.0016945685448195302,-0.033060785659802416
2015-04-02,XLK,0.0007255668944119442,-0.0321683293407562
2015-04-06,XLK,0.009668819687874697,-0.010593108167415988
2015-04-07,XLK,-0.004537642948710174,-0.017361444726617048
2015-04-08,XLK,0.008928458278579354,0.006259680537559875
2015-04-09,XLK,0.013049567105151816,0.015478295848248447
2015-04-10,XLK,0.017162307067118077,0.01275773158185678
2015-04-13,XLK,0.004548817809237882,0.015467155769497198
2015-04-14,XLK,0.003599177949588972,0.0005055539303548962
2015-04-15,XLK,0.00932758159285263,0.009114408871634838
2015-04-16,XLK,0.0031009660506804426,-0.00793890203301506
2015-04-17,XLK,-0.014496054134994663,-0.018856090603211917
2015-04-20,XLK,0.005243169166317507,-0.008462622837654754
2015-04-21,XLK,0.007888777891541965,-0.008932757214670128
2015-04-22,XLK,0.009242204631376705,0.004481536093813299
2015-04-23,XLK,0.016884562959549987,0.03510002093914766
2015-04-24,XLK,0.040028906573785994,0.04329957713234878
2015-04-27,XLK,0.025367168022824904,0.045443410568558606
2015-04-28,XLK,0.029174690821883065,0.03630321675607706
2015-04-29,XLK,0.013852882142991074,0.041988334950249895
2015-04-30,XLK,-0.00420944036428228,0.028999119589233846
2015-05-01,XLK,-0.0006955546590539097,0.041817996602348195
2015-05-04,XLK,-0.0025428904536038965,0.03279901504971039
2015-05-05,XLK,-0.02120322699161048,0.018953893368365726
2015-05-06,XLK,-0.02478009157582428,0.007175246422342241
2015-05-07,XLK,-0.0037579496362581954,0.011926983643493871
2015-05-08,XLK,-0.0016241912149068671,0.022576119600646427
2015-05-11,XLK,-0.00764952818486031,0.02025762382552343
2015-05-12,XLK,0.0025901033016382247,0.017929380232225567
2015-05-13,XLK,0.015435595744095254,0.013270235571673394
2015-05-14,XLK,0.024281443831320138,0.03329382279337034
2015-05-15,XLK,0.006507132286608375,0.04436939294101894
2015-05-18,XLK,0.016584912057020507,0.03176876859789268
2015-05-19,XLK,0.019492452553439454,0.029648650866145543
2015-05-20,XLK,0.01590283776896828,0.019957452255054964
2015-05-21,XLK,0.004142791972489013,0.020346440433607338
2015-05-22,XLK,0.006696051435102879,0.010897425511902314
2015-05-26,XLK,-0.012638058762261095,-0.006473733466947129
2015-05-27,XLK,0.008523777925060871,0.008988227720307274
2015-05-28,XLK,0.005755025218762144,0.011810836841086303
2015-05-29,XLK,-0.005959355577469183,0.018553372863767015
2015-06-01,XLK,-0.0025229737942210617,0.009048806397192743
2015-06-02,XLK,0.010007245068873516,0.0060269436757536266
2015-06-03,XLK,-0.006623967486577231,0.0240171914593732
2015-06-04,XLK,-0.013732887534286031,0.02327253965238829
2015-06-05,XLK,-0.009683878915487276,0.012494729532553484
2015-06-08,XLK,-0.02345389477802151,-0.013014264573216638
2015-06-09,XLK,-0.023732939824417043,-0.010278127884323696
2015-06-10,XLK,-0.010577285800681402,0.010568392430730267
2015-06-11,XLK,-0.0009282669992419779,0.006782383646356749
2015-06-12,XLK,-0.006519453164646971,-0.017951732288175815
2015-06-15,XLK,-0.0014128300708284858,-0.020780617757568898
2015-06-16,XLK,0.007552228556350071,-0.0190721246459149
2015-06-17,XLK,-0.007436592931136632,-0.016124931425549716
2015-06-18,XLK,0.0009291294794757654,-0.008056895429610189
2015-06-19,XLK,0.0014387565725593188,-0.02059626979973439
2015-06-22,XLK,0.01586818972196591,-0.01185882296727403
2015-06-23,XLK,0.009911334991390408,0.003330327769420771
2015-06-24,XLK,0.0047343547253055895,-0.01982173966361389
2015-06-25,XLK,-0.006456975287912892,-0.020101189906758354
2015-06-26,XLK,-0.006581856109424411,-0.021209604220685296
2015-06-29,XLK,-0.03567259739154216,-0.04469818389395963
2015-06-30,XLK,-0.03541451003317164,-0.041791154929735175
2015-07-01,XLK,-0.024344982185068975,-0.03730731691738998
2015-07-02,XLK,-0.02064786226215709,-0.026971514813694974
2015-07-06,XLK,-0.016328095118277708,-0.02777649217526168
2015-07-07,XLK,0.006528527861574318,-0.01536801438562485
2015-07-08,XLK,-0.010869668448499126,-0.029165818163044643
2015-07-09,XLK,-0.0213531155522807,-0.04779202917144765
2015-07-10,XLK,-0.007187797606724389,-0.03306787544906409
2015-07-13,XLK,0.012028315418445068,-0.009625581529233984
2015-07-14,XLK,0.014411917122914009,0.00023558309733240357
2015-07-15,XLK,0.031501782262711275,-0.006089053784100074
2015-07-16,XLK,0.048786905389266,0.006145545866354185
2015-07-17,XLK,0.04826230692371558,0.012657609482827459
2015-07-20,XLK,0.03803200505958193,0.026563368571246082
2015-07-21,XLK,0.027232496344052892,0.011425010993239892
2015-07-22,XLK,0.010416301192732957,-0.00559208794403665
2015-07-23,XLK,-0.0044416281465320395,-0.0030433250546261226
2015-07-24,XLK,-0.024861632539590617,-0.006101131459705478
2015-07-27,XLK,-0.03869959697566516,-0.006625975168159437
2015-07-28,XLK,-0.02351362544454827,0.024177825340202963
2015-07-29,XLK,-0.0009370365308590811,0.029951337491046726
2015-07-30,XLK,0.003052615154808924,0.02495244911422878
2015-07-31,XLK,0.005193856724218682,0.020124425489627784
2015-08-03,XLK,0.008813864883096212,0.018763964175212422
2015-08-04,XLK,-0.00613776776361219,0.011289428489613229
2015-08-05,XLK,-0.003048833006677465,0.03809493562635691
2015-08-06,XLK,-0.014747231069789923,0.031870897010494614
2015-08-07,XLK,-0.01080345536849514,0.016409301130658083
2015-08-10,XLK,0.010153672210094333,0.016876844104304345
2015-08-11,XLK,0.0009501508459401897,-0.0021309007621497233
2015-08-12,XLK,-0.00423433970218956,0.0021303955076652503
2015-08-13,XLK,0.0028505134219372064,-0.013324581442928696
2015-08-14,XLK,0.007122543069879361,-0.023480369948014945
2015-08-17,XLK,-0.002805547141786935,-0.023128436080759984
2015-08-18,XLK,0.0071192643392672394,-0.02166919688771851
2015-08-19,XLK,-0.0040155370867615,-0.012183094670452865
2015-08-20,XLK,-0.0255859990576478,-0.03428028992641052
2015-08-21,XLK,-0.06742045577119948,-0.06609947684031547
2015-08-24,XLK,-0.1092355854732161,-0.09480696776493724
2015-08-25,XLK,-0.11168686945197148,-0.11000898622893562
2015-08-26,XLK,-0.060721349068613706,-0.07129443875754993
2015-08-27,XLK,-0.014831156806279333,-0.05149844061197428
2015-08-28,XLK,0.02628896166803818,-0.04650054136000592
2015-08-31,XLK,0.05868408877379072,-0.05005918945492138
2015-09-01,XLK,0.03289085373303191,-0.07505935107304029
2015-09-02,XLK,0.0070708363488452,-0.0618675044005218
2015-09-03,XLK,-0.015054111543184479,-0.05179387404463198
2015-09-04,XLK,-0.03202024231005485,-0.06695167917750955
2015-09-08,XLK,0.004225899100389396,-0.0556336220857907
2015-09-09,XLK,0.02388331401356747,-0.0538676715430596
2015-09-10,XLK,0.009778962235409194,-0.04866526772731017
2015-09-11,XLK,0.013780551785033346,-0.041459403259498706
2015-09-14,XLK,0.0269723767645198,-0.04856180783083586
2015-09-15,XLK,0.011881160587427164,-0.041724967718561934
2015-09-16,XLK,0.02959565668401032,-0.032752355634178554
2015-09-17,XLK,0.012416290466648938,-0.03297007483187986
2015-09-18,XLK,-0.005421743165714976,-0.021623627237408294
2015-09-21,XLK,0.006997210579414936,0.027360734515541774
2015-09-22,XLK,-0.022520870949061522,0.05156181440334717
2015-09-23,XLK,-0.024121272735559196,0.06259422232216072
2015-09-24,XLK,-0.017419117652513583,0.011611534219279962
2015-09-25,XLK,-0.006240378758424536,-0.01309208026072839
2015-09-28,XLK,-0.03855611022701744,-0.0375520563065872
2015-09-29,XLK,-0.026394856816062795,-0.03294476441528105
2015-09-30,XLK,-0.009528845933983732,0.018954637736912083
2015-10-01,XLK,-0.009026987125752228,-0.004558871391678987
2015-10-02,XLK,0.006782306878965416,0.008787836729762466
2015-10-05,XLK,0.05064234799577516,0.0446381335482926
2015-10-06,XLK,0.05654523258773825,0.01743800844147203
2015-10-07,XLK,0.04075982352528018,0.03574990864367389
2015-10-08,XLK,0.04504019335125409,0.03020168612713814
2015-10-09,XLK,0.03492959348703528,0.02983272261744707
2015-10-12,XLK,0.0161489166664035,0.03362849062970508
2015-10-13,XLK,0.012707452659772134,0.018268838180400593
2015-10-14,XLK,0.006081094513308516,0.012094791742209399
2015-10-15,XLK,0.014285446474880281,0.032103678113485135
2015-10-16,XLK,0.011813443348658081,0.0476788387284226
2015-10-19,XLK,0.01444723904344336,0.04127554426155289
2015-10-20,XLK,0.01399627680747928,0.05630982802313822
2015-10-21,XLK,0.008220591309339609,0.045636902294033055
2015-10-22,XLK,0.01790421512905449,0.06920733272559487
2015-10-23,XLK,0.04431710897584895,0.10097946486202769
2015-10-26,XLK,0.03631615390568421,0.12236468364261688
2015-10-27,XLK,0.03307968186869381,0.12083654110561204
2015-10-28,XLK,0.05659458159216779,0.11544317140512805
2015-10-29,XLK,0.030488066908835654,0.11184198067053419
2015-10-30,XLK,-0.004106537790697362,0.08907183170691657
2015-11-02,XLK,0.008703662198008333,0.07756304404795356
2015-11-03,XLK,0.01981132963509946,0.08186736169253295
2015-11-04,XLK,0.005900918266644295,0.0780828439265957
2015-11-05,XLK,0.0056893380049618525,0.06997571253304113
2015-11-06,XLK,0.01580724642993836,0.0689491009752159
2015-11-09,XLK,-0.00295145756235915,0.05730827916179715
2015-11-10,XLK,-0.014682459292985062,0.05260693539321615
2015-11-11,XLK,-0.01624532234136533,0.054158602522356825
2015-11-12,XLK,-0.021950168505646017,0.0317505481154603
2015-11-13,XLK,-0.04442932842446401,0.009530380342032796
2015-11-16,XLK,-0.020268892900597746,0.021125368595133143
2015-11-17,XLK,-0.01352623811129261,0.024036426067309824
2015-11-18,XLK,0.0018346790145356007,0.04748172601482703
2015-11-19,XLK,0.015270544883542847,0.02908105261777494
2015-11-20,XLK,0.04319074719656624,0.008441538240655078
2015-11-23,XLK,0.02138541306201236,0.006413489223251467
2015-11-24,XLK,0.021380345048776617,0.012439501575721046
2015-11-25,XLK,0.0029767675449718922,-0.0056736482240477
2015-11-27,XLK,0.0006837245904416367,-0.0006825952598736862
2015-11-30,XLK,-0.005429420213398983,0.007101987740643301
2015-12-01,XLK,0.009330694447925003,0.007039097851576415
2015-12-02,XLK,0.002730445371176282,-0.0045179114752075256
2015-12-03,XLK,-0.007076343291700371,-0.018501584760368228
2015-12-04,XLK,0.015030390017055417,0.008599272909063593
2015-12-07,XLK,0.008871363468467619,0.00022554386629325407
2015-12-08,XLK,-0.0024798411675747145,0.007515439903664101
2015-12-09,XLK,-0.010891943758353562,-0.0006882929358957846
2015-12-10,XLK,0.004827387762245783,0.0025227946313761684
2015-12-11,XLK,-0.03971283997665287,-0.009718216602904617
2015-12-14,XLK,-0.02750811023184463,0.0179375092635643
2015-12-15,XLK,-0.020795763065508233,0.006973628153352784
2015-12-16,XLK,0.007341585314697863,0.020451103828811767
2015-12-17,XLK,-0.011209757969681045,-0.010530601995573652
2015-12-18,XLK,-0.009770875266371548,-0.03414329455855214
2015-12-21,XLK,-0.0073275335909283035,-0.03135784065714353
2015-12-22,XLK,-0.004489397776887283,-0.018536088174117893
2015-12-23,XLK,-0.00962584823103918,-0.010526880338689093
2015-12-24,XLK,0.005719923204900557,-0.00782438918258288
2015-12-28,XLK,0.02489951451127781,-0.010770292182428087
2015-12-29,XLK,0.028404087028280456,0.00159362822679876
2015-12-30,XLK,0.012351000940548085,-0.01559916983658105
2015-12-31,XLK,-0.010168754560994198,-0.0232555370349512
2016-01-04,XLK,-0.022658923432966382,-0.023395229765661107
2016-01-05,XLK,-0.024525615331302042,-0.04932083805576748
2016-01-06,XLK,-0.04953244131069223,-0.0563888667167568
2016-01-07,XLK,-0.06975091976257508,-0.08198550301346441
2016-01-08,XLK,-0.06397390005653825,-0.07567398269458092
2016-01-11,XLK,-0.045422223653224014,-0.07223347881066133
2016-01-12,XLK,-0.03154657713648723,-0.04123628143947755
2016-01-13,XLK,-0.04586934557672517,-0.07420481590312344
2016-01-14,XLK,0.0017325894040598477,-0.06086493042992336
2016-01-15,XLK,-0.01870768397745015,-0.09957651753434482
2016-01-19,XLK,-0.024039562503573197,-0.08427148506718274
2016-01-20,XLK,-0.04310575885651169,-0.07351191962297587
2016-01-21,XLK,-0.011074913724494873,-0.07769973149515785
2016-01-22,XLK,-0.002470635302595725,-0.058960490002563315
2016-01-25,XLK,0.01448923289115922,-0.07765168712029635
2016-01-26,XLK,0.023362090945232117,-0.0682079312961017
2016-01-27,XLK,0.010238103662470133,-0.08676553346570282
2016-01-28,XLK,0.01756173556625895,-0.08742344203927133
2016-01-29,XLK,0.021297565810783015,-0.050644134298045484
2016-02-01,XLK,0.03708308950250783,-0.03362129420913251
2016-02-02,XLK,0.008684787497338364,-0.038324994879274876
2016-02-03,XLK,0.028629514478002882,-0.0370019544544008
2016-02-04,XLK,0.016508333169190648,-0.024015425522620815
2016-02-05,XLK,-0.0421920430840228,-0.022519214012972077
2016-02-08,XLK,-0.059435004974192185,-0.028935215951631954
2016-02-09,XLK,-0.04674040770422194,-0.0396529795499897
2016-02-10,XLK,-0.04408891066525089,-0.04947363599285581
2016-02-11,XLK,-0.046998023100198405,-0.025169954881217982
2016-02-12,XLK,-0.005823077603184235,-0.029891959397337575
2016-02-16,XLK,0.026714779456660898,0.01601383126436251
2016-02-17,XLK,0.05264504192146924,0.03580482441887933
2016-02-18,XLK,0.046895657949541425,0.03992884527813456
2016-02-19,XLK,0.04983215458089041,0.03486901163727363
2016-02-22,XLK,0.049147469764545315,0.020307203192223566
2016-02-23,XLK,0.014510992301528747,0.016035623375287855
2016-02-24,XLK,0.0017163439000016378,0.013895893634770173
2016-02-25,XLK,0.018213183701463187,0.048138311685988144
2016-02-26,XLK,0.014756300005399847,0.03201585961258324
2016-02-29,XLK,-0.005582699883914466,-0.006546996435920827
2016-03-01,XLK,0.040443723127626896,0.019328053379012555
2016-03-02,XLK,0.03548675920035049,0.04083633071464532
2016-03-03,XLK,0.022721331246760013,0.04211807494383235
2016-03-04,XLK,0.028114818061521163,0.04379940933115245
2016-03-07,XLK,0.029045680864175027,0.06734185603433929
2016-03-08,XLK,-0.006873211638618093,0.07629137942900077
2016-03-09,XLK,-0.0011816857523111457,0.09058056971493045
2016-03-10,XLK,-0.002127074815921781,0.0878641574867649
2016-03-11,XLK,0.010607994829482825,0.1068938508395807
2016-03-14,XLK,0.018026601004524467,0.09294671534811627
2016-03-15,XLK,0.028162379028081608,0.07780887870996933
2016-03-16,XLK,0.03123535640120534,0.06839931572879454
2016-03-17,XLK,0.03600197022782603,0.07654416363129402
2016-03-18,XLK,0.021935117902331935,0.07748052203134859
2016-03-21,XLK,0.02425709045742863,0.06701722584213932
2016-03-22,XLK,0.020685700502116378,0.08436884244869503
2016-03-23,XLK,0.0032101760853469052,0.06999259040615757
2016-03-24,XLK,0.0022978466836065525,0.05971707530337267
2016-03-28,XLK,-0.0018352081548655974,0.05986345784193192
2016-03-29,XLK,0.010288007751029227,0.08404661423955817
2016-03-30,XLK,0.016000565309832293,0.05889375123569196
2016-03-31,XLK,0.019770037258792117,0.05375213549592006
2016-04-01,XLK,0.02475885408943257,0.06182830314396992
2016-04-04,XLK,0.02344305028893623,0.05504742381664429
2016-04-05,XLK,-0.002036841222266661,0.05130277841534392
2016-04-06,XLK,0.0017997007587942093,0.06814100229191133
2016-04-07,XLK,-0.010595200428826557,0.04382088869016654
2016-04-08,XLK,-0.018120521621963537,0.044809809050295746
2016-04-11,XLK,-0.017067207742655133,0.02615526055776929
2016-04-12,XLK,-0.0006800753094328149,0.03198463804025531
2016-04-13,XLK,-0.00022482143383095732,0.03865000614953962
2016-04-14,XLK,0.014126180241937236,0.02650290657050025
2016-04-15,XLK,0.01025294630553475,0.018841873138393472
2016-04-18,XLK,0.017363555145474052,0.021564819257005485
2016-04-19,XLK,0.004764733147984979,0.012345219880549152
2016-04-20,XLK,-0.0033692538678508077,0.014171678989668202
2016-04-21,XLK,-0.006740117759522879,0.01632158485300539
2016-04-22,XLK,-0.020297972632493,-0.0041269149851022036
2016-04-25,XLK,-0.024253939013050174,-0.001379475036101696
2016-04-26,XLK,-0.023486619286637644,-0.021498181181830445
2016-04-27,XLK,-0.029975492369581525,-0.031721617925808965
2016-04-28,XLK,-0.038678922065101484,-0.04192972358193092
2016-04-29,XLK,-0.03015631572441435,-0.05749414314652879
2016-05-02,XLK,-0.023244828275621465,-0.04693498864130585
2016-05-03,XLK,-0.027520892977905165,-0.04648526690179777
2016-05-04,XLK,-0.026022038176644724,-0.058612410908171486
2016-05-05,XLK,-0.01317653245022199,-0.0444293046273605
2016-05-06,XLK,0.002848513308930878,-0.0373659719502224
2016-05-09,XLK,-0.004476650498977608,-0.03472701300250336
2016-05-10,XLK,0.01783601583627803,-0.02881788604547053
2016-05-11,XLK,0.013597355699515257,-0.045597458860429874
2016-05-12,XLK,0.010252754528573105,-0.04807907935412126
2016-05-13,XLK,-0.0009473113853544213,-0.04803829833699991
2016-05-16,XLK,0.013017644846218923,-0.038850406055624176
2016-05-17,XLK,-0.010046839483979664,-0.0431344060676595
2016-05-18,XLK,-0.0009412591927359104,-0.04327234065913399
2016-05-19,XLK,-0.0035401211383945252,-0.04501226493413579
2016-05-20,XLK,0.012319764254040244,-0.016344134761228868
2016-05-23,XLK,-0.003504454616203412,-0.018411319186636854
2016-05-24,XLK,0.025489394812552746,0.004856193697830413
2016-05-25,XLK,0.03062385774076959,0.01649632903177989
2016-05-26,XLK,0.03955462979380764,0.03270587129605396
2016-05-27,XLK,0.032061741496796525,0.046760010681672126
2016-05-31,XLK,0.03610771449900807,0.04123493184084892
2016-06-01,XLK,0.014499743226873862,0.048275837624983664
2016-06-02,XLK,0.006628861247193418,0.050572581991122245
2016-06-03,XLK,0.0011391407942511478,0.04768715244437405
2016-06-06,XLK,-0.0018137916530436282,0.04189355844384113
2016-06-07,XLK,0.00022616579214940202,0.04615368799338504
2016-06-08,XLK,0.004763943112062297,0.034812826126797036
2016-06-09,XLK,0.005903530195993767,0.04259809184553043
2016-06-10,XLK,0.00045519599884946693,0.037526550406022485
2016-06-13,XLK,-0.012494411082376256,0.029851301884060932
2016-06-14,XLK,-0.014253026824500581,0.017990986299565304
2016-06-15,XLK,-0.018740247766931506,0.025725476590717777
2016-06-16,XLK,-0.016929932524426206,0.02591262619083623
2016-06-17,XLK,-0.01593284491853353,0.024623090641609835
2016-06-20,XLK,-0.000679743525391463,0.016626666266712498
2016-06-21,XLK,0.0039457578509556335,0.02560190756531311
2016-06-22,XLK,0.0030193292924716175,0.0032502381521744006
2016-06-23,XLK,0.014559725793770184,0.00992192728604957
2016-06-24,XLK,-0.01788608138579484,-0.03199257661694488
2016-06-27,XLK,-0.04163714843653121,-0.05597001450144967
2016-06-28,XLK,-0.029405127665954045,-0.039246654948188575
2016-06-29,XLK,-0.01106516108083011,-0.022031184052489383
2016-06-30,XLK,-0.01364569027414353,-0.010418950008010963
2016-07-01,XLK,0.028145821646208047,-0.005879655365168546
2016-07-05,XLK,0.04151568919525861,-0.014991358580504932
2016-07-06,XLK,0.028402416954670384,-0.01218234841310295
2016-07-07,XLK,0.012820526751099681,-0.014189454046088512
2016-07-08,XLK,0.01752351367642513,0.0010124796552435367
2016-07-11,XLK,0.021163755529607142,0.01469777820701057
2016-07-12,XLK,0.03707987763259335,0.03445757955663753
2016-07-13,XLK,0.030149978918860842,0.032313931109327454
2016-07-14,XLK,0.03682377113734092,0.04163225441261531
2016-07-15,XLK,0.01994150977005793,0.03855687765979754
2016-07-18,XLK,0.020725420257776017,0.052497088991085405
2016-07-19,XLK,0.010278963645313333,0.04580160828159241
2016-07-20,XLK,0.02323454495465782,0.052147755283232566
2016-07-21,XLK,0.011321156894624318,0.05025367490615151
2016-07-22,XLK,0.018217612228930813,0.04230128325599103
2016-07-25,XLK,0.010152392982558434,0.08254493995127055
2016-07-26,XLK,0.014598689982528112,0.10716827140482521
2016-07-27,XLK,0.009824952154872113,0.09467408794745302
2016-07-28,XLK,0.015803322377303308,0.07878813681458285
2016-07-29,XLK,0.013528138027785186,0.07101643746660158
2016-08-01,XLK,0.016823431052217952,0.07062348252021211
2016-08-02,XLK,0.006976335759878216,0.07045170857701244
2016-08-03,XLK,0.002162731925144712,0.06674348140261221
2016-08-04,XLK,0.0069141633766169885,0.07249707677796713
2016-08-05,XLK,0.012917506715295346,0.06616828496678173
2016-08-08,XLK,0.010743447593266175,0.059698470433436235
2016-08-09,XLK,0.020566943255306613,0.05340741025532725
2016-08-10,XLK,0.013807992957855841,0.04982098724756634
2016-08-11,XLK,0.012017564384388502,0.04683737937412835
2016-08-12,XLK,0.0012751781943989293,0.046655939864631346
2016-08-15,XLK,0.006377245368727191,0.04480245757662238
2016-08-16,XLK,-0.003181680110125873,0.03937213644578086
2016-08-17,XLK,-0.0004254818731014298,0.02554620797521201
2016-08-18,XLK,-0.003604995829260882,0.03138704048317775
2016-08-19,XLK,-0.0019105111847526057,0.025965647655736168
2016-08-22,XLK,-0.006759617638007143,0.027310334228027644
2016-08-23,XLK,0.004256261653856619,0.028777177143996413
2016-08-24,XLK,-0.0008515064121012994,0.014703535119288347
2016-08-25,XLK,0.0008510539288804075,0.01620538517274106
2016-08-26,XLK,0.0006381762417286829,0.012917506715295346
2016-08-29,XLK,0.0044661521902080725,0.0148256098499282
2016-08-30,XLK,-0.0025430593221861253,0.01905168901397558
2016-08-31,XLK,0.0012782578418355506,0.013807992957855841
2016-09-01,XLK,0.0023387911434098463,0.01158779404961785
2016-09-02,XLK,0.0063763413103874456,0.0063763413103874456
2016-09-06,XLK,0.007622180454500915,0.011691736625081495
2016-09-07,XLK,0.013596962263541013,0.012092056479339197
2016-09-08,XLK,0.007022615290436907,0.007022615290436907
2016-09-09,XLK,-0.020788930453684906,-0.021204768956869513
2016-09-12,XLK,-0.008869959673539984,-0.0038204826516696766
2016-09-13,XLK,-0.021012561945762842,-0.015842711173040258
2016-09-14,XLK,-0.018864309652370514,-0.003830869963432737
2016-09-15,XLK,0.005494661475532681,0.012986871211053685
2016-09-16,XLK,0.026977599118532147,0.008837631860602047
2016-09-19,XLK,0.0082014923001128,0.006272170225513962
2016-09-20,XLK,0.014912483041076507,0.005631200103896283
2016-09-21,XLK,0.021511978182394254,0.013285888755185882
2016-09-22,XLK,0.011100630210768125,0.025104546971551178
2016-09-23,XLK,0.0059306665179172935,0.01395777867463277
2016-09-26,XLK,0.0019100290857143598,0.007551184110764497
2016-09-27,XLK,0.013591305307155022,0.014766937191819096
2016-09-28,XLK,0.004200288397056662,0.02013624871381725
2016-09-29,XLK,-0.00793140380852897,0.01567573339258943
2016-09-30,XLK,0.0061066680766679315,0.017769332372167934
2016-10-03,XLK,0.00910821794752481,0.010286249938135095
2016-10-04,XLK,-0.005447479831017565,0.0016046037345593955
2016-10-05,XLK,-0.0037642271601172617,0.0026630524521498167
2016-10-06,XLK,0.004628487681073379,0.013261033584904824
2016-10-07,XLK,-0.0033488013200887456,0.03589619912931008
2016-10-10,XLK,0.006506804142378364,0.025960210387009797
2016-10-11,XLK,-0.00126366806727507,0.021809748620456038
2016-10-12,XLK,-0.003148870827819228,0.018723307947357215
2016-10-13,XLK,-0.011727550197736525,-0.0040942012753844015
2016-10-14,XLK,-0.00524976229088403,0.003388965066332572
2016-10-17,XLK,-0.014181289238997197,0.0031831728282554206
2016-10-18,XLK,0.002530978967140163,0.009344100816595091
2016-10-19,XLK,0.002737416738462617,0.0
2016-10-20,XLK,0.004449885001263754,-0.010644999012109024
2016-10-21,XLK,0.003377786045397846,0.0008425349986158626
2016-10-24,XLK,0.015231747401260876,0.0165218192728962
2016-10-25,XLK,0.006101527326350498,0.0018857069040110197
2016-10-26,XLK,-0.001469724291102148,-0.005646296614004731
2016-10-27,XLK,0.00189865754005214,-0.000841825730974799
2016-10-28,XLK,-0.0018934641612740055,-0.0071157390923930475
2016-10-31,XLK,-0.01187740427232331,-0.004617977726163791
2016-11-01,XLK,-0.01693853683264457,-0.009690077716386303
2016-11-02,XLK,-0.017665490831100805,-0.019521298285129496
2016-11-03,XLK,-0.025899975517520102,-0.03120405806539084
2016-11-04,XLK,-0.026560031797597028,-0.030239240521922284
2016-11-07,XLK,-0.005061425135771236,-0.016058344950331094
2016-11-08,XLK,0.008508861175176685,0.0
2016-11-09,XLK,0.013701507707945204,-0.002947672809206825
2016-11-10,XLK,0.00713342542540274,-0.012714787572946307
2016-11-11,XLK,0.01190994373608234,-0.013510609637194082
2016-11-14,XLK,-0.02458636526231206,-0.026443609108479205
2016-11-15,XLK,-0.015608964684240001,-0.018094147744011857
2016-11-16,XLK,-0.0052801415358151305,-0.01091977497904284
2016-11-17,XLK,0.017385728417843804,0.0
2016-11-18,XLK,0.013481880294362814,-0.003576582878324741
2016-11-21,XLK,0.03954798633167256,-0.003125554020323218
2016-11-22,XLK,0.028283943001319756,0.003554804351617147
2016-11-23,XLK,0.014862014206669105,0.005257400597222128
2016-11-25,XLK,0.01265828081790521,0.010739233151854988
2016-11-28,XLK,0.014357861175381403,0.012647337658473035
2016-11-29,XLK,0.004807742352999078,0.013707373766293163
2016-11-30,XLK,-0.010210418677555233,0.010423179882309341
2016-12-01,XLK,-0.02677779110946188,-0.004067536280987105
2016-12-02,XLK,-0.02729159920529589,0.009295265773078043
2016-12-05,XLK,-0.018734597463242353,0.020787958039346854
2016-12-06,XLK,-0.016434567339356998,0.002119685434638363
2016-12-07,XLK,0.014315634113192921,0.016240975047785877
2016-12-08,XLK,0.03826290323824377,0.02006332569057756
2016-12-09,XLK,0.04197892796634384,0.04421556516955594
2016-12-12,XLK,0.028850466561802568,0.03787710891727891
2016-12-13,XLK,0.038705775303560896,0.0671447145459183
2016-12-14,XLK,0.015774439045993738,0.04863978777864397
2016-12-15,XLK,0.017805165470921036,0.04373680002559022
2016-12-16,XLK,0.003174583071394288,0.029629652712609644
2016-12-19,XLK,0.013525613303551065,0.03792189461105688
2016-12-20,XLK,0.004617586909956728,0.031287022924197716
2016-12-21,XLK,0.006054913658669614,0.02597071395807604
2016-12-22,XLK,-0.0004901851792553646,0.027947800894564834
2016-12-23,XLK,0.007820460172240473,0.024710753923515183
2016-12-27,XLK,0.0046991211147942025,0.028038777254797864
2016-12-28,XLK,-0.007939747563587285,0.018203603707057425
2016-12-29,XLK,-0.005711788752101321,0.030633788457490763
2016-12-30,XLK,-0.011447443426918724,0.044140194618485395
2017-01-03,XLK,-0.003675552010631078,0.04958934806927062
2017-01-04,XLK,-0.004270475466492285,0.04319235166306923
2017-01-05,XLK,0.00636193571706456,0.041802929987951654
2017-01-06,XLK,0.013541250901931035,0.029846947087902365
2017-01-09,XLK,0.021298704819175063,0.027079967017568762
2017-01-10,XLK,0.012502572767333131,0.01989770305954819
2017-01-11,XLK,0.0136846534412578,0.027815131388315706
2017-01-12,XLK,0.009583762583631028,0.012594082882136037
2017-01-13,XLK,0.005262822153933033,0.01918970257659791
2017-01-17,XLK,0.001620188096649544,0.010747503210455367
2017-01-18,XLK,0.00404833127643589,0.020786016821093156
2017-01-19,XLK,-0.00201508153325336,0.01205533104790546
2017-01-20,XLK,0.005857408012937659,0.013843747957751784
2017-01-23,XLK,0.004631753473582467,0.01774796198563644
2017-01-24,XLK,0.014755747332670044,0.02616484878530345
2017-01-25,XLK,0.021774132815780556,0.03491920272147686
2017-01-26,XLK,0.02039178912816264,0.02786289769897632
2017-01-27,XLK,0.01887568826841579,0.041247992710296444
2017-01-30,XLK,0.008819158199361299,0.03262175962124503
2017-01-31,XLK,-0.0023901064524755045,0.035566797892588875
2017-02-01,XLK,-0.004340802130622712,0.03422818271772066
2017-02-02,XLK,-0.0035613726989248695,0.02859488405418631
2017-02-03,XLK,-0.0009855821961225475,0.03364576928850349
2017-02-06,XLK,0.007748950079500494,0.026720415337338155
2017-02-07,XLK,0.01677317841914805,0.030978047450881396
2017-02-08,XLK,0.010899650176011022,0.032590865674536174
2017-02-09,XLK,0.016083956925228238,0.03102947875829587
2017-02-10,XLK,0.012428581102996494,0.036558390049568956
2017-02-13,XLK,0.016364453776368082,0.038059014138680736
2017-02-14,XLK,0.015711180895306986,0.04548205247678894
2017-02-15,XLK,0.0172518672623323,0.04616974452821565
2017-02-16,XLK,0.016415886196327056,0.05007071946204844
2017-02-17,XLK,0.016952387190267038,0.047992012412012564
2017-02-21,XLK,0.01765278157238037,0.051513292827937596
2017-02-22,XLK,0.015467589195596876,0.04621544856136195
2017-02-23,XLK,0.011948118072414138,0.03610912642911601
2017-02-24,XLK,0.011920877770064564,0.041353424714021036
2017-02-27,XLK,0.00785575703621122,0.03665716553946874
2017-02-28,XLK,-0.00209691779274912,0.040135238676277885
2017-03-01,XLK,0.01085301879685896,0.06010380543582872
2017-03-02,XLK,0.004380042261698636,0.04518426628057126
2017-03-03,XLK,0.004370374793787768,0.04964269832224644
2017-03-06,XLK,0.003421976905589874,0.04123080095843834
2017-03-07,XLK,0.008213872912631315,0.04061510285471881
2017-03-08,XLK,-0.00470891007239338,0.03770624003781187
2017-03-09,XLK,0.001706486409014829,0.035679316778479686
2017-03-10,XLK,0.004729000543770567,0.03791271580029876
2017-03-13,XLK,0.007199545663913343,0.03585300655387402
2017-03-14,XLK,0.004926432294672711,0.028904168006097963
2017-03-15,XLK,0.0105978820298398,0.03248221352350633
2017-03-16,XLK,0.011357354225270289,0.029678025032124022
2017-03-17,XLK,0.008199022718453408,0.02952206862181428
2017-03-20,XLK,0.008195026518993176,0.026932885518631933
2017-03-21,XLK,-0.00428692178324408,0.006721894605792977
2017-03-22,XLK,-0.004795586059124002,0.011879519491112989
2017-03-23,XLK,-0.007984930242053379,0.009395738366670514
2017-03-24,XLK,-0.009373497799165409,0.007857302069754768
2017-03-27,XLK,-0.010301238312327876,0.008432206730572211
2017-03-28,XLK,0.011594751505124234,0.02053456188945635
2017-03-29,XLK,0.006988957118852612,0.008011533937012594
2017-03-30,XLK,0.011552788433259797,0.016604303962673317
2017-03-31,XLK,0.00889463756860942,0.012397271973808133
2017-04-03,XLK,0.007948212454219394,0.012981042422374411
2017-04-04,XLK,0.001503248137475266,0.013741931179928502
2017-04-05,XLK,-0.00431456121423579,0.00841092282076783
2017-04-06,XLK,-0.005991289073820294,0.008792043791690185
2017-04-07,XLK,-0.00468954245928499,0.002906844966027
2017-04-10,XLK,-0.005632593456704527,7.52446399259199e-05
2017-04-11,XLK,-0.01013118404252722,-0.0014477748264943857
2017-04-12,XLK,-0.00941956919916942,-0.011563210140821734
2017-04-13,XLK,-0.0135619675508043,-0.01606407006298749
2017-04-17,XLK,-0.003957984076243148,-0.009186347998815458
2017-04-18,XLK,-0.0022657048722612982,-0.010301238312327876
2017-04-19,XLK,0.000758097786998535,0.0036116299640220895
2017-04-20,XLK,0.013312765856502429,0.0064220007227884235
2017-04-21,XLK,0.015276070202068448,0.00700748882858937
2017-04-24,XLK,0.017975591944487945,0.018167908552584322
2017-04-25,XLK,0.02346695449143188,0.02346695449143188
2017-04-26,XLK,0.023105893954635803,0.015031930849641828
2017-04-27,XLK,0.018018116392313654,0.017444950342857313
2017-04-28,XLK,0.022757200790856524,0.018161555409236252
2017-05-01,XLK,0.01840154115863557,0.0277621949969995
2017-05-02,XLK,0.01534750351821823,0.030980167766772038
2017-05-03,XLK,0.014624446760976406,0.028330375561271826
2017-05-04,XLK,0.00977140909435703,0.031838752645153345
2017-05-05,XLK,0.010849522373945764,0.03541157202331058
2017-05-08,XLK,0.007665561975439106,0.040520133142876835
2017-05-09,XLK,0.006738368805560002,0.04380663076692537
2017-05-10,XLK,0.012406249615788845,0.05174350591190935
2017-05-11,XLK,0.011867911642034823,0.054012870965245874
2017-05-12,XLK,0.01073299750853507,0.060912705532817135
2017-05-15,XLK,0.011954290403346945,0.057142968018726537
2017-05-16,XLK,0.015376266856016452,0.06226325510038211
2017-05-17,XLK,-0.016038954029927166,0.034090698299377165
2017-05-18,XLK,-0.009022298585805166,0.030780709889951297
2017-05-19,XLK,-0.005759294197554388,0.03893180200119839
2017-05-22,XLK,-0.0034006674426977357,0.03494424098388427
2017-05-23,XLK,-0.006235617019382245,0.03143475579274435
2017-05-24,XLK,0.02582446986497411,0.036838462805586
2017-05-25,XLK,0.027130568279577494,0.04000740190450869
2017-05-26,XLK,0.02063700877407393,0.036778079777701755
2017-05-30,XLK,0.016882147753240373,0.03340016687249436
2017-05-31,XLK,0.013445879827195695,0.02950300261409078
2017-06-01,XLK,0.01178317006200924,0.03393497967508696
2017-06-02,XLK,0.013827274888486452,0.04418471412491409
2017-06-05,XLK,0.01525362677121822,0.04129515061671385
2017-06-06,XLK,0.009007240832529462,0.03477611064503772
2017-06-07,XLK,0.013797845675264986,0.03672211023871497
2017-06-08,XLK,0.013587611615056172,0.03514146323360423
2017-06-09,XLK,-0.020458179854109027,0.010826199422238059
2017-06-12,XLK,-0.027078859420619605,0.0023399533952941365
2017-06-13,XLK,-0.018204017130555084,0.0039376661920480505
2017-06-14,XLK,-0.025998915302919867,-0.005522885591393689
2017-06-15,XLK,-0.03255572979212085,0.017765572693625886
2017-06-16,XLK,-0.009771223265940154,0.010062274374283975
2017-06-19,XLK,0.010879910098692491,0.01911470337434884
2017-06-20,XLK,-0.004384059098459847,0.002947033455715564
2017-06-21,XLK,0.006007655636859788,0.00672916798450407
2017-06-22,XLK,0.010894894214521722,0.0029532840825385875
2017-06-23,XLK,0.01900459945200139,0.002071338451479443
2017-06-26,XLK,-0.0012483255597371956,-0.0027379884407756627
2017-06-27,XLK,-0.009708461346298991,-0.02327918417735786
2017-06-28,XLK,-0.00286096822874804,-0.009469604838578949
2017-06-29,XLK,-0.02109016362356575,-0.02963316225721213
2017-06-30,XLK,-0.02806402159998911,-0.03933420328272941
2017-07-03,XLK,-0.02964284010089313,-0.04683883150515922
2017-07-05,XLK,-0.003631473792098494,-0.035513482564484056
2017-07-06,XLK,-0.024923432430713155,-0.04730219944024017
2017-07-07,XLK,0.004382038695322832,-0.038446196849751035
2017-07-10,XLK,0.012609835822785298,-0.0069034167938263336
2017-07-11,XLK,0.02189930086839853,0.00114458518163163
2017-07-12,XLK,0.024963764458229898,0.006893233348429506
2017-07-13,XLK,0.036410396127876776,0.013742099861603574
2017-07-14,XLK,0.03362999705435432,0.027336545705349158
2017-07-17,XLK,0.02634899776936006,0.029321412192780727
2017-07-18,XLK,0.028813212971358526,0.018905180565942814
2017-07-19,XLK,0.020799961580642234,0.03236251218232722
2017-07-20,XLK,0.020936661817898772,0.02878588406146876
2017-07-21,XLK,0.010728528463094245,0.027167474106142064
2017-07-24,XLK,0.013011947581587524,0.02326808830263216
2017-07-25,XLK,0.00647621927495412,0.026785596640330755
2017-07-26,XLK,0.005224535525854224,0.047929913865174534
2017-07-27,XLK,-0.0006953017179828214,0.031020283743830257
2017-07-28,XLK,-0.0005224195758928296,0.0487491529456483
2017-07-31,XLK,-0.007811174873178617,0.044590574776427694
2017-08-01,XLK,-0.0008697137484662276,0.057231944572731175
2017-08-02,XLK,-0.001905701779410962,0.04974499339552607
2017-08-03,XLK,-0.00034771149863654927,0.05700600385170107
2017-08-04,XLK,0.0029596509150531247,0.047263933256081136
2017-08-07,XLK,0.013995711332819738,0.04602021968444814
2017-08-08,XLK,0.007484989530549546,0.04231925171498996
2017-08-09,XLK,0.0041660901837354825,0.02844447995204691
2017-08-10,XLK,-0.013395973150468476,0.006209879503706661
2017-08-11,XLK,-0.008852606966769705,0.0042209690339587436
2017-08-14,XLK,0.0008629551300733951,0.020045706162854948
2017-08-15,XLK,0.0038009394708329314,0.016978622463677873
2017-08-16,XLK,0.007259923881269836,0.014803044260082387
2017-08-17,XLK,0.007406233421136443,-0.007125375498790443
2017-08-18,XLK,-0.0005252939054080086,-0.0069603957796158245
2017-08-21,XLK,-0.01654909177510422,-0.00972058764788597
2017-08-22,XLK,-0.003442139368580177,0.006956767483667914
2017-08-23,XLK,-0.00875240945413891,0.0006929168070821667
2017-08-24,XLK,0.01015236686433707,0.0036524932422459244
2017-08-25,XLK,0.011039234109762264,0.004526785348813567
2017-08-28,XLK,0.013321935047747813,0.011371852766359547
2017-08-29,XLK,0.0027632660928265107,0.010618205523992064
2017-08-30,XLK,0.012465526106333114,0.015101561337687475
2017-08-31,XLK,0.01940712206800299,0.02348637767466899
2017-09-01,XLK,0.018717472152532055,0.020309228338762475
2017-09-05,XLK,0.0077838610249598705,0.005176076507395155
2017-09-06,XLK,0.004306051002564981,0.007429380693837695
2017-09-07,XLK,0.0005130406931730391,0.01140872976553653
2017-09-08,XLK,-0.013598345928212963,0.023276439568197693
2017-09-11,XLK,0.0011907012818495044,0.030648033809215214
2017-09-12,XLK,0.012530059169167274,0.01689345879445958
2017-09-13,XLK,0.010290012046599184,0.013941909332959801
2017-09-14,XLK,0.003418018707655124,0.0075510001573213525
2017-09-15,XLK,0.015851228392615324,0.031854473036622366
2017-09-18,XLK,0.002549358806756441,0.03381858405237326
2017-09-19,XLK,0.004593276616704722,0.03875477992523102
2017-09-20,XLK,0.001868832830430156,0.019345526628664844
2017-09-21,XLK,-0.0001877401293177705,0.016256535713264908
2017-09-22,XLK,-0.003745252667186949,0.01765827714720558
2017-09-25,XLK,-0.016329194526736313,0.005833527502479008
2017-09-26,XLK,-0.017103840874112985,0.0075653631380796504
2017-09-27,XLK,-0.003061022176712558,0.013424924634055202
2017-09-28,XLK,0.0035903164434205603,0.007348094296551588
2017-09-29,XLK,0.009910934751403921,0.008178381024376069
2017-10-02,XLK,0.02351705785623337,0.010572411786758273
2017-10-03,XLK,0.022225795953901173,0.022004166907268807
2017-10-04,XLK,0.01125726494563839,0.020439254040257815
2017-10-05,XLK,0.019761510817865702,0.026728061283088245
2017-10-06,XLK,0.01438271156319959,0.03677717455294949
2017-10-09,XLK,0.015374092771464731,0.024888709497698613
2017-10-10,XLK,0.0139897663417623,0.023477532363777476
2017-10-11,XLK,0.018046847243733843,0.028274013394398834
2017-10-12,XLK,0.005847002396384138,0.02921347181700429
2017-10-13,XLK,0.009174045573875134,0.029962445640586255
2017-10-16,XLK,0.010316324715234693,0.032828743169584174
2017-10-17,XLK,0.009308358126736582,0.028281247559875267
2017-10-18,XLK,0.008449277632355257,0.035027891910890174
2017-10-19,XLK,0.00797214488945941,0.03761331239396348
2017-10-20,XLK,0.009917588134844557,0.04408756069226638
2017-10-23,XLK,0.0014822651189230207,0.051530312208213136
2017-10-24,XLK,0.004281924403863213,0.050654497466169346
2017-10-25,XLK,-0.003614196453937013,0.03445358313296998
2017-10-26,XLK,0.0034599627262268395,0.037478539518952525
2017-10-27,XLK,0.023567925267935053,0.05820672053512155
2017-10-30,XLK,0.030751627825640337,0.058962889477180536
2017-10-31,XLK,0.03230574157477584,0.061014772312201426
2017-11-01,XLK,0.03808736629526299,0.061899115975131425
2017-11-02,XLK,0.03431887593766891,0.052288819906594286
2017-11-03,XLK,0.015190193916775563,0.05904908825642341
2017-11-06,XLK,0.015156330913920879,0.0587357793632588
2017-11-07,XLK,0.011278554948138675,0.05817782519993009
2017-11-08,XLK,0.01667719883336405,0.06047047009296369
2017-11-09,XLK,0.008096364229756015,0.05464203893845743
2017-11-10,XLK,0.00015754695723702028,0.04958697943476231
2017-11-13,XLK,-0.002357416945787505,0.04545464807132116
2017-11-14,XLK,-0.004869348331844936,0.043313651663797526
2017-11-15,XLK,-0.017653509383877997,0.033021162099177825
2017-11-16,XLK,0.004094528983942913,0.0505848864015066
2017-11-17,XLK,-0.002362177939835397,0.0368248662347217
2017-11-20,XLK,0.0017327658830437187,0.04571614764781584
2017-11-21,XLK,0.014364455763466788,0.053788043719640743
2017-11-22,XLK,0.020038273208186075,0.057543291589506884
2017-11-24,XLK,0.011606107679474231,0.059113594160873806
2017-11-27,XLK,0.01815321727692565,0.031340028589961655
2017-11-28,XLK,0.01761254568241788,0.03238631144719539
2017-11-29,XLK,-0.015250266375611665,0.005242394337989786
2017-11-30,XLK,-0.00467734499178829,0.013977080298655187
2017-12-01,XLK,-0.015348918864995342,0.008255161726479665
2017-12-04,XLK,-0.031162884275218405,-0.015750443002677472
2017-12-05,XLK,-0.033997503919944716,-0.017601798454984774
2017-12-06,XLK,-0.0058471370861336025,-0.011781077168443677
2017-12-07,XLK,-0.008458551399871506,-0.01109191373589069
2017-12-08,XLK,0.0014170835418689798,0.0015748289040042884
2017-12-11,XLK,0.02656419206124716,0.010236191627515101
2017-12-12,XLK,0.025915691303507682,0.010239285283805133
2017-12-13,XLK,0.019710650044972855,0.012628199621917302
2017-12-14,XLK,0.0121643776430016,0.01892514223964059
2017-12-15,XLK,0.01887920524669684,0.016322404128075396
2017-12-18,XLK,0.019062218768135075,0.031931139893892846
2017-12-19,XLK,0.013119622095602912,0.02172283645991624
2017-12-20,XLK,0.012490337182315292,0.010757288911347196
2017-12-21,XLK,0.011718325791928441,0.01061427408184712
2017-12-22,XLK,-0.0003096820678634149,0.004351060745344526
2017-12-26,XLK,-0.015660964823098866,-0.0023406247943162928
2017-12-27,XLK,-0.008497055293579359,-0.00449222513815295
2017-12-28,XLK,-0.006490233599676265,0.019748676953454725
2017-12-29,XLK,-0.009755455790766643,0.005458145832385686
2018-01-02,XLK,0.003098741849892228,0.023167805034001843
2018-01-03,XLK,0.018249858273771347,0.04854211396383468
2018-01-04,XLK,0.02228133705561608,0.053505579193339425
2018-01-05,XLK,0.031264348992737334,0.05781564858373622
2018-01-08,XLK,0.04065705211068815,0.055263107296060765
2018-01-09,XLK,0.025331891529213335,0.0476020412761855
2018-01-10,XLK,0.013327314931774747,0.03502184583549872
2018-01-11,XLK,0.01234559802432078,0.039570546226222136
2018-01-12,XLK,0.007692736475024997,0.045348644304574304
2018-01-16,XLK,0.0,0.04258076119357401
2018-01-17,XLK,0.017625956692294942,0.04631346286860083
2018-01-18,XLK,0.02297794278652976,0.038998894367629156
2018-01-19,XLK,0.020776783646995867,0.047427623952205344
2018-01-22,XLK,0.024696741056968508,0.0579511821003551
2018-01-23,XLK,0.033207768928328774,0.0647257391104632
2018-01-24,XLK,0.010066746499922674,0.05717382303436369
2018-01-25,XLK,0.006502338125129681,0.062392914553576206
2018-01-26,XLK,0.020501428300150337,0.07806173646892711
2018-01-29,XLK,0.0014606244378028155,0.06641775177479325
2018-01-30,XLK,-0.011925020749660065,0.06239299042942825
2018-01-31,XLK,0.0032239991260816225,0.057305832684069635
2018-02-01,XLK,0.005872580634282976,0.04947905853011747
2018-02-02,XLK,-0.0391673815876431,0.013260091439249111
2018-02-05,XLK,-0.07088678640057144,-0.039215478205255394
2018-02-06,XLK,-0.03547305991941452,-0.015327231825679521
2018-02-07,XLK,-0.05493046478135799,-0.02545942427635528
2018-02-08,XLK,-0.09487644312783616,-0.06258500652024257
2018-02-09,XLK,-0.0443743531265256,-0.04351109717627699
2018-02-12,XLK,0.01522758840059324,-0.03203137451763238
2018-02-13,XLK,-0.010682285465710706,-0.025845787425629152
2018-02-14,XLK,0.020559608682078512,-0.022649980511389445
2018-02-15,XLK,0.08498592304106367,-0.005763438845320934
2018-02-16,XLK,0.05745325137116608,-0.009144490357882895
2018-02-20,XLK,0.03974012774624969,-0.017820802986778128
2018-02-21,XLK,0.03054182972014363,-0.02835935341711837
2018-02-22,XLK,0.013177933476018033,-0.0196395669300532
2018-02-23,XLK,0.015012201738943798,0.0026427190092692676
2018-02-26,XLK,0.0324499879843152,0.0024569595441157333
2018-02-27,XLK,0.021118583329168494,0.0014586752150527182
2018-02-28,XLK,0.020355873464487084,0.0033846230878880057
2018-03-01,XLK,0.002242484567721803,-0.02059871268248381
2018-03-02,XLK,-0.008932824375298631,-0.012115145774637681
2018-03-05,XLK,-0.014273279701531805,0.028429501700904414
2018-03-06,XLK,-0.0020391708131494157,0.07566711492799882
2018-03-07,XLK,0.010708915398663699,0.05142712140743999
2018-03-08,XLK,0.03221971118062528,0.06971738718774145
2018-03-09,XLK,0.04181459898951689,0.13707444186868334
2018-03-12,XLK,0.034518584555472076,0.11333285779381574
2018-03-13,XLK,0.02043216730640629,0.08118153794013439
2018-03-14,XLK,0.013933215373195695,0.07758798440304204
2018-03-15,XLK,0.010115153041806213,0.05876984850106126
2018-03-16,XLK,-0.00967519580823295,0.037868787125681536
2018-03-19,XLK,-0.03232794383115645,0.018807303589754465
2018-03-20,XLK,-0.021548176368595073,0.017450437127218388
2018-03-21,XLK,-0.02659507728726529,0.017842671130452237
2018-03-22,XLK,-0.05226590728297398,-0.009618894558121927
2018-03-23,XLK,-0.07656981264341911,-0.05577551983605522
2018-03-26,XLK,-0.02213136615990796,-0.0350528183426585
2018-03-27,XLK,-0.05307892114491297,-0.05648052896564659
2018-03-28,XLK,-0.05369516561116938,-0.05602597545932497
2018-03-29,XLK,-0.009388403755836272,-0.021112133183028847
2018-04-02,XLK,-0.0065338737676100545,-0.053489955399864564
2018-04-03,XLK,-0.03342321372688606,-0.053799063611422726
2018-04-04,XLK,0.012542224520320389,-0.04269458666249193
2018-04-05,XLK,0.023538496345879123,-0.04404350357706566
2018-04-06,XLK,-0.020941314512096576,-0.07152648051091526
2018-04-09,XLK,0.01080502616448098,-0.081662791705023
2018-04-10,XLK,0.025585500749918166,-0.06196952317381399
2018-04-11,XLK,0.005505413835699358,-0.056697929911442624
2018-04-12,XLK,0.01340251120604008,-0.044543862070681395
2018-04-13,XLK,0.0354409717351063,-0.04824759795450473
2018-04-16,XLK,0.035321624330326706,-0.0399368306735608
2018-04-17,XLK,0.02918040251627252,-0.002345290888447815
2018-04-18,XLK,0.032547613862059066,-0.004545468568720956
2018-04-19,XLK,0.009017146305142498,-0.009588298540293527
2018-04-20,XLK,-0.0016582606943569278,0.002574620611570655
2018-04-23,XLK,-0.012868403055960265,0.026291648768038467
2018-04-24,XLK,-0.04774483528551843,-0.0284770198401173
2018-04-25,XLK,-0.04507278515550839,0.0038710135731105932
2018-04-26,XLK,-0.01683048585354341,0.028994628309169546
2018-04-27,XLK,-0.00483325046016414,0.007184783771936543
2018-04-30,XLK,-0.007731240550608698,0.025054719297112227
2018-05-01,XLK,0.022523730092537386,0.027756217252052906
2018-05-02,XLK,0.021286718096427792,0.012540621039198285
2018-05-03,XLK,0.005302016107359142,0.010660935661851445
2018-05-04,XLK,0.02625568896427799,0.055737648319934996
2018-05-07,XLK,0.04017704364490893,0.05484080499539479
2018-05-08,XLK,0.02957160219903643,0.031750755536704034
2018-05-09,XLK,0.0433467176617055,0.05064668864429844
2018-05-10,XLK,0.05455097748687554,0.05169808227691841
2018-05-11,XLK,0.03342191372697556,0.0536790128095459
2018-05-14,XLK,0.026142271737117806,0.04548839174408248
2018-05-15,XLK,0.014214964849966538,0.01674794205386121
2018-05-16,XLK,0.006369281440970154,0.024009487702472354
2018-05-17,XLK,-0.011717488019400979,0.030086382975585746
2018-05-18,XLK,-0.014453026895094201,0.04017504308781694
2018-05-21,XLK,-0.0057250443499330395,0.05305404826681537
2018-05-22,XLK,0.0023111874539216704,0.07019407707481107
2018-05-23,XLK,0.0051782323628069005,0.07789581317895156
2018-05-24,XLK,0.009253882220399579,0.057415497614395905
2018-05-25,XLK,0.012777644591201343,0.05858242408938219
2018-05-29,XLK,-0.0014396507685877635,0.05973105389346389
2018-05-30,XLK,0.007351840939794796,0.05431487013666847
2018-05-31,XLK,0.0002865714868336422,0.05573164546235132
2018-06-01,XLK,0.018481220531295417,0.07127789396973183
2018-06-04,XLK,0.02738350223308239,0.05974576312550095
2018-06-05,XLK,0.03661563868084827,0.056102699029295655
2018-06-06,XLK,0.03577621258290886,0.06066859335237207
2018-06-07,XLK,0.027181669212058557,0.0393747116551777
2018-06-08,XLK,0.008299463145234887,0.024292754384632742
2018-06-11,XLK,0.001395423278778285,0.026903477598717584
2018-06-12,XLK,0.0027810288326495236,0.03205937446931828
2018-06-13,XLK,-0.008842483592551464,0.03655505504598522
2018-06-14,XLK,0.006267447563650164,0.039269537979044866
2018-06-15,XLK,0.004102106490850188,0.04068877054167208
2018-06-18,XLK,0.004101328064966214,0.0462364288968784
2018-06-19,XLK,-0.005921602699145989,0.03185534651328603
2018-06-20,XLK,0.0013035803258054646,0.03551302311496163
2018-06-21,XLK,-0.013404137762801471,0.020056934091273737
2018-06-22,XLK,-0.012827873362926012,0.017919242007528258
2018-06-25,XLK,-0.034401063233343354,-0.002500905559436939
2018-06-26,XLK,-0.025479286238349164,0.007014157488710371
2018-06-27,XLK,-0.0407935468679107,-0.013978300622817685
2018-06-28,XLK,-0.02153987374630384,-0.0022009042535233725
2018-06-29,XLK,-0.018785425684219148,-0.019326841182960797
2018-07-02,XLK,0.010961674638294117,-0.01844505700751431
2018-07-03,XLK,-0.005027962786838813,-0.03344027391475968
2018-07-05,XLK,0.023012122026786264,-0.026129255730936385
2018-07-06,XLK,0.022446214440936307,-0.0068009011481318105
2018-07-09,XLK,0.03066057080041551,0.0024215965385570026
2018-07-10,XLK,0.02396960899642786,0.0036818701384475627
2018-07-11,XLK,0.0321975515700732,-0.005086300971570368
2018-07-12,XLK,0.03388379204892966,0.015851831200264677
2018-07-13,XLK,0.020827162356547912,0.0075697273034376344
2018-07-16,XLK,0.010754361279798008,0.009062717817968302
2018-07-17,XLK,0.015884022838917877,0.015459642755062397
2018-07-18,XLK,0.01818421038709328,0.019039767687438758
2018-07-19,XLK,-0.0012396488359822655,0.013271650671674795
2018-07-20,XLK,0.00013782771060122379,0.02139957900000633
2018-07-23,XLK,0.0075999215172395385,0.02994350006921387
2018-07-24,XLK,0.005623273280706664,0.05755071898818298
2018-07-25,XLK,0.01991999110811493,0.0665130213463998
2018-07-26,XLK,0.007859078007085296,0.06466655669594457
2018-07-27,XLK,-0.009648196785407737,0.03381311892418126
2018-07-30,XLK,-0.030032720223317044,0.018137644136034803
2018-07-31,XLK,-0.03273325322097864,0.01184215897749441
2018-08-01,XLK,-0.03609887203622664,0.03320803581900744
2018-08-02,XLK,-0.008754859983765129,0.031606104502289956
2018-08-03,XLK,0.01210822078501228,0.023360194052536087
2018-08-06,XLK,0.03364881629373517,0.021089581284756465
2018-08-07,XLK,0.03482827469648986,0.022572219370921687
2018-08-08,XLK,0.028368165242666832,0.029374900660225745
2018-08-09,XLK,0.016008611030988495,0.013770303226551484
2018-08-10,XLK,0.00426310088042281,0.006755031306499015
2018-08-13,XLK,-0.002462118762676546,0.007737959377786652
2018-08-14,XLK,-0.00013634338905976762,0.006446381105350785
2018-08-15,XLK,-0.011822708422203565,-0.0009618191133958787
2018-08-16,XLK,-0.007878410053915763,0.007031770839768914
2018-08-17,XLK,0.001642835124517461,0.008269996288457593
2018-08-20,XLK,0.0015083355862350878,0.0016455389196339265
2018-08-21,XLK,-0.0029978346793055888,-0.002181783275895577
2018-08-22,XLK,0.009076147992973294,-0.011583645721383817
2018-08-23,XLK,0.006845786099746842,0.00601931069916839
2018-08-24,XLK,0.015448142129336873,0.03382039712812812
2018-08-27,XLK,0.026286945085682634,0.05980455385382255
2018-08-28,XLK,0.02638002611817014,0.05879861036558931
2018-08-29,XLK,0.03256978467244265,0.05883148436625696
2018-08-30,XLK,0.027196065398549907,0.042506072360891656
2018-08-31,XLK,0.01777051011612829,0.03960415630005576
2018-09-04,XLK,0.0046692206671559155,0.030091650467530373
2018-09-05,XLK,-0.00958856861295887,0.013352913603328354
2018-09-06,XLK,-0.025603407667534106,0.0032611131805595495
2018-09-07,XLK,-0.02594627930195903,-0.0005429997261547914
2018-09-10,XLK,-0.02367745612184302,0.010680342248310826
2018-09-11,XLK,-0.011552148870878187,0.02070497524137993
2018-09-12,XLK,-0.0032270225689262633,0.010220537772660965
2018-09-13,XLK,0.01584708557464065,0.031353266849085015
2018-09-14,XLK,0.0184827483249157,0.026013064111224615
2018-09-17,XLK,0.0025743363286310217,0.011620248093752394
2018-09-18,XLK,0.00040326072357621534,0.019578718604015277
2018-09-19,XLK,0.0020237376013352293,0.015308686651637204
2018-09-20,XLK,0.0021333497043622973,0.02425719415895644
2018-09-21,XLK,-0.0010272635730340651,0.017990135545409958
2018-09-24,XLK,0.016679109009029913,0.012846574647089826
2018-09-25,XLK,0.009049669842615016,0.002454113162323468
2018-09-26,XLK,0.007848587545356667,-0.0030228572992800906
2018-09-27,XLK,0.0019223816397402338,-0.006143485295839524
2018-09-28,XLK,0.009650150469904695,0.0006014705006800458
2018-10-01,XLK,0.009469311156710125,0.004585536576187765
2018-10-02,XLK,0.010816020854083952,0.008587360805842437
2018-10-03,XLK,0.01769186930946609,0.024438430191549454
2018-10-04,XLK,-0.006529321732735127,0.013311534064346153
2018-10-05,XLK,-0.022700293233695268,0.003935925638125504
2018-10-08,XLK,-0.03831440769960359,-0.010475131588020159
2018-10-09,XLK,-0.035006847680989384,-0.015345224756828646
2018-10-10,XLK,-0.08455143030121204,-0.05914313800889992
2018-10-11,XLK,-0.07953292200042705,-0.08183040527614871
2018-10-12,XLK,-0.03789733786344551,-0.05163889299101898
2018-10-15,XLK,-0.04286294042520378,-0.055320998544362565
2018-10-16,XLK,-0.01752216687708541,-0.03298846781513398
2018-10-17,XLK,0.027765737012152902,-0.034972516218026994
2018-10-18,XLK,0.020545136903900474,-0.06496124989265706
2018-10-19,XLK,-0.01157691087170376,-0.061654056394281787
2018-10-22,XLK,0.0132049254541311,-0.0585491442025482
2018-10-23,XLK,-0.020203665922670644,-0.06102307689866837
2018-10-24,XLK,-0.05977022779819019,-0.09971836795973443
2018-10-25,XLK,-0.007995613187906536,-0.074217165976732
2018-10-26,XLK,-0.027424824205321885,-0.09611069672617534
2018-10-29,XLK,-0.05170685563059907,-0.11560323583246102
2018-10-30,XLK,-0.03740040906105668,-0.10581274590925205
2018-10-31,XLK,0.03171024520222954,-0.08731728005888051
2018-11-01,XLK,0.009067359193404512,-0.05968312910476126
2018-11-02,XLK,0.009546405679067727,-0.06628622628856373
2018-11-05,XLK,0.025843840632821857,-0.05660126296924417
2018-11-06,XLK,0.02083038637947121,-0.05407254145229856
2018-11-07,XLK,0.026407309904733722,0.02330621989996895
2018-11-08,XLK,0.013692882333264489,0.03555308163322812
2018-11-09,XLK,0.01600207324347691,-0.013977232117705074
2018-11-12,XLK,-0.018785431545907283,-0.032869352016317466
2018-11-13,XLK,-0.023733561207586518,-0.060052858010090526
2018-11-14,XLK,-0.06298342783295541,-0.06704918064752863
2018-11-15,XLK,-0.038694548014593155,-0.024557770943500423
2018-11-16,XLK,-0.023338893956207585,-0.025710651990560662
2018-11-19,XLK,-0.02626885492715847,-0.0705481096293552
2018-11-20,XLK,-0.04832493327579768,-0.08703040830129194
2018-11-21,XLK,-0.029707700019167116,-0.03721938717314577
2018-11-23,XLK,-0.062060818724392175,-0.07772032274670826
2018-11-26,XLK,-0.03929039604003215,-0.03759713699893341
2018-11-27,XLK,0.0007619760345360937,-0.019121760017676293
2018-11-28,XLK,0.05856662697381232,0.003988730424736131
2018-11-29,XLK,0.04066801751143889,-0.028860092929893
2018-11-30,XLK,0.06023767991624651,-0.030951049663755614
2018-12-03,XLK,0.05966718604565524,0.010183115844625057
2018-12-04,XLK,0.01751472575927271,-0.027085786523638244
2018-12-06,XLK,-0.014714241032661612,-0.030969481855263603
2018-12-07,XLK,-0.040118752408132674,-0.09180402693037626
2018-12-10,XLK,-0.036061413108404605,-0.07851412188489193
2018-12-11,XLK,-0.05573137655748994,-0.061139494353296575
2018-12-12,XLK,-0.01092655163576628,-0.01929338696863936
2018-12-13,XLK,-0.011499634586475738,-0.01882623101560177
2018-12-14,XLK,-0.0004645111337433505,-0.031208056620496416
2018-12-17,XLK,-0.03496728454429243,-0.07494125059325119
2018-12-18,XLK,-0.028519110852284757,-0.06611921661756426
2018-12-19,XLK,-0.055084827995039554,-0.048315787547692945
2018-12-20,XLK,-0.07357593114979533,-0.04485992425916685
2018-12-21,XLK,-0.07918595361994041,-0.08060980232317172
2018-12-24,XLK,-0.08433421421742249,-0.09690877235921758
2018-12-26,XLK,-0.03665327990463263,-0.06355574470862724
2018-12-27,XLK,-0.010136210724521089,-0.05867952291266809
2018-12-28,XLK,0.00565059895213027,-0.0926058268076172
2018-12-31,XLK,0.04695918559167844,-0.07505179711153753
2019-01-02,XLK,0.07636251336505406,-0.08317393166204756
2019-01-03,XLK,-0.03617005252649563,-0.1482485923174922
2019-01-04,XLK,-0.0006500307150451023,-0.07548405340024478
2019-01-07,XLK,0.01058645117889867,-0.06930527619926863
2019-01-08,XLK,0.009519393416834943,-0.02722013679865576
2019-01-09,XLK,0.02192841383859334,-0.02801835871744729
2019-01-10,XLK,0.08099845080065982,-0.024915231414411432
2019-01-11,XLK,0.03317107372259942,-0.034264710268128606
2019-01-14,XLK,0.014504292209908343,-0.04482201011835951
2019-01-15,XLK,0.021256256792392625,-0.00608079168567599
2019-01-16,XLK,0.00915103968812514,0.01641764900671694
2019-01-17,XLK,0.011153002619331831,0.014904052748460517
2019-01-18,XLK,0.028485892456908912,0.051147394775666655
2019-01-22,XLK,0.020651244112531275,0.05232974455377337
2019-01-23,XLK,0.00891996773740078,0.08902002475772197
2019-01-24,XLK,0.016416771814889097,0.12825439331681454
2019-01-25,XLK,0.024234672941268354,0.0790506666495745
2019-01-28,XLK,-0.004590809217674741,0.05703611846680512
2019-01-29,XLK,0.0015566595306808484,0.048045777309005055
2019-01-30,XLK,0.02916105615907183,0.0705068681589911
2019-01-31,XLK,0.019535388120547337,0.0686876089662205
2019-02-01,XLK,0.01122427942034343,0.1321107376887698
2019-02-04,XLK,0.04135293834335396,0.10146365310648608
2019-02-05,XLK,0.06153800607419635,0.10088594936261974
2019-02-06,XLK,0.03300642158040579,0.09541280372170147
2019-02-07,XLK,0.01991528352494698,0.06658236617984281
2019-02-08,XLK,0.019798722068578245,0.0680173340489103
2019-02-11,XLK,0.003247524399491608,0.06956215800114407
2019-02-12,XLK,0.008052142178688104,0.09388442027388888
2019-02-13,XLK,0.005981894567382184,0.07902932324001388
2019-02-14,XLK,0.021745655738822922,0.07989374857967779
2019-02-15,XLK,0.02397449645229388,0.08155987175243506
2019-02-19,XLK,0.024720289521879435,0.06564616223406139
2019-02-20,XLK,0.012488878730801511,0.085136393584889
2019-02-21,XLK,0.011602858145282058,0.08189864639122035
2019-02-22,XLK,0.022730580213389473,0.0866018651794227
2019-02-25,XLK,0.019534497480270252,0.07659663305029984
2019-02-26,XLK,0.02139603925016731,0.09346666619841537
2019-02-27,XLK,0.0192195395043413,0.10427323790872589
2019-02-28,XLK,0.015914043647261344,0.06797281348150697
2019-03-01,XLK,0.009909364358558825,0.07634262798578306
2019-03-04,XLK,0.0012679679075724426,0.06599667845032364
2019-03-05,XLK,-0.0037957676937866447,0.04605852698276891
2019-03-06,XLK,-0.008021194203926219,0.03191373417175347
2019-03-07,XLK,-0.014676963454050118,0.01867538627513987
2019-03-08,XLK,-0.021446455796627295,0.032692528885805094
2019-03-11,XLK,0.00337673626856283,0.04883075939438908
2019-03-12,XLK,0.012277665074388322,0.05547400563892957
2019-03-13,XLK,0.02425862502011067,0.048503840503493656
2019-03-14,XLK,0.03623599178691994,0.04931123005915916
2019-03-15,XLK,0.04893012716646261,0.06016825181876295
2019-03-18,XLK,0.03122734603541888,0.05625966681581218
2019-03-19,XLK,0.02728730408587854,0.05811806097003047
2019-03-20,XLK,0.01782077790083858,0.05402539918369298
2019-03-21,XLK,0.04122473784236913,0.08003729095483791
2019-03-22,XLK,0.004521444941491426,0.04129256013433946
2019-03-25,XLK,-0.004092476249913268,0.031781613879116266
2019-03-26,XLK,-0.0006807231343557429,0.03524757772049991
2019-03-27,XLK,-0.003685808936138235,0.030337844051891993
2019-03-28,XLK,-0.02410446270795008,0.037492865604863646
2019-03-29,XLK,0.009274271325871553,0.04063773142072469
2019-04-01,XLK,0.027534137627128752,0.058848245242847375
2019-04-02,XLK,0.02547658702793343,0.0656671777754827
2019-04-03,XLK,0.039736766446246685,0.07994256738378347
2019-04-04,XLK,0.031113571405265716,0.08570786867158176
2019-04-05,XLK,0.025945687532969997,0.09103666238758046
2019-04-08,XLK,0.01599758527014794,0.07216683569422733
2019-04-09,XLK,0.007705588145076048,0.060853960526957795
2019-04-10,XLK,0.006589128468552641,0.0613124665438769
2019-04-11,XLK,0.009528770791581653,0.05772559415611389
2019-04-12,XLK,0.011723048626796073,0.052336003749077875
2019-04-15,XLK,0.007479502598670917,0.04747620830732968
2019-04-16,XLK,0.01740287191185641,0.050646554110402864
2019-04-17,XLK,0.015972575365359454,0.059385289938534314
2019-04-18,XLK,0.020189023953382845,0.03635651583606503
2019-04-22,XLK,0.015492778348290326,0.06382956539601903
2019-04-23,XLK,0.026959970698124724,0.08013656944740433
2019-04-24,XLK,0.022158522666795966,0.07465887475203381
2019-04-25,XLK,0.01623760985803613,0.08056994934130324
2019-04-26,XLK,0.009509123081444137,0.07205260965171711
2019-04-29,XLK,0.0074358923029058666,0.06189181466502558
2019-04-30,XLK,-0.0017755542637849508,0.04932643001620218
2019-05-01,XLK,-0.004690567891214692,0.04304489041540349
2019-05-02,XLK,-0.009637615389906595,0.029256506361109658
2019-05-03,XLK,0.0035639055775686934,0.043409119773716975
2019-05-06,XLK,-0.004453981561037934,0.030427030347761175
2019-05-07,XLK,-0.027442180479335887,0.004461663627485235
2019-05-08,XLK,-0.02611107779075028,0.008042305305028696
2019-05-09,XLK,-0.02765682741936848,-0.005760634115884344
2019-05-10,XLK,-0.033739085765037036,-0.001310830197433721
2019-05-13,XLK,-0.06289169827836238,-0.04556713839040061
2019-05-14,XLK,-0.026910615107969438,-0.02982544073032678
2019-05-15,XLK,-0.01517100069381161,-0.02423187293905882
2019-05-16,XLK,0.0006587243494011741,-0.020746898403455893
2019-05-17,XLK,-0.010501580131729082,-0.031354648739731816
2019-05-20,XLK,0.0103670213084599,-0.050384692058678016
2019-05-21,XLK,0.006578123514171308,-0.04908028042515111
2019-05-22,XLK,-0.009429365030164005,-0.054386152664143594
2019-05-23,XLK,-0.035662854124232535,-0.07075851954000889
2019-05-24,XLK,-0.027593499369827135,-0.066955399575234
2019-05-28,XLK,-0.013230958147329885,-0.06986539321735485
2019-05-29,XLK,-0.030941777625591582,-0.07686434948770704
2019-05-30,XLK,-0.019841585250879645,-0.06878068300248286
2019-05-31,XLK,-0.018968742155130336,-0.07951376931970455
2019-06-03,XLK,-0.03642543512932528,-0.104134734357746
2019-06-04,XLK,-0.0013679301494408103,-0.06698210790148584
2019-06-05,XLK,0.01761657068403588,-0.034095334904109875
2019-06-06,XLK,0.023115620931136727,-0.021710784458151
2019-06-07,XLK,0.05981405572219556,0.003292122455689217
2019-06-10,XLK,0.08976342394279313,0.010370164926616132
2019-06-11,XLK,0.0545280911758621,0.04992515270645015
2019-06-12,XLK,0.035163684994747424,0.027520645069229577
2019-06-13,XLK,0.026336959255211845,0.01952154075351542
2019-06-14,XLK,-0.001181407540129742,0.0014471479562701006
2019-06-17,XLK,-0.010523649842668292,0.010347629693579163
2019-06-18,XLK,0.007405543110670543,0.0468477260055824
2019-06-19,XLK,0.016723219669500855,0.0378768166393213
2019-06-20,XLK,0.028526648590728287,0.05858687554290376
2019-06-21,XLK,0.03267664221049005,0.07241651172066521
2019-06-24,XLK,0.03383949486571902,0.07417760210803692
2019-06-25,XLK,-0.003196711390629714,0.05749290026004461
2019-06-26,XLK,0.003919775238909073,0.07521409594278494
2019-06-27,XLK,-0.008032368838648218,0.07134101948159932
2019-06-28,XLK,-0.003447723820309001,0.0893833475965653
2019-07-01,XLK,0.010451266962806294,0.12643500416473907
2019-07-02,XLK,0.03206942082429021,0.09290109745875408
2019-07-03,XLK,0.028902222096380603,0.08713851996458799
2019-07-05,XLK,0.0243432113286286,0.07262647336486405
2019-07-08,XLK,0.016658063228468967,0.04502328337791184
2019-07-09,XLK,0.00428851086126647,0.03808377860734291
2019-07-10,XLK,0.009561113266206567,0.04629782541877736
2019-07-11,XLK,0.005617826905533141,0.05610918528081266
2019-07-12,XLK,0.014885020165107843,0.0606580326606323
2019-07-15,XLK,0.026090351190966254,0.0735566157245513
2019-07-16,XLK,0.012936194259507872,0.06269607339059236
2019-07-17,XLK,0.002367363327004268,0.041065139746390145
2019-07-18,XLK,0.006082942187400242,0.04505672324848509
2019-07-19,XLK,-0.005546619418611232,0.025520308749809928
2019-07-22,XLK,0.0025798056445542894,0.04226835308061405
2019-07-23,XLK,0.01760713220235699,0.04601063222697421
2019-07-24,XLK,0.028717348069281723,0.07439630463235147
2019-07-25,XLK,0.01690559856640861,0.058574657958049725
2019-07-26,XLK,0.023546857596814963,0.058167682541897525
2019-07-29,XLK,0.011271557326249182,0.057662870042599845
2019-07-30,XLK,-0.000731103434941982,0.03443473667220598
2019-07-31,XLK,-0.023927560970593675,0.016102793462397846
2019-08-01,XLK,-0.024875709464253437,0.003245828565982656
2019-08-02,XLK,-0.04286214851594827,-0.011256841479588164
2019-08-05,XLK,-0.08226333673599728,-0.04524832063128692
2019-08-06,XLK,-0.06096788518772289,-0.032780492948636164
2019-08-07,XLK,-0.0406092501222064,-0.0343926601739466
2019-08-08,XLK,-0.012070810121626807,-0.01440108543625207
2019-08-09,XLK,-0.007084319331147726,-0.03266028491656103
2019-08-12,XLK,0.022574452579420923,-0.04851977728222112
2019-08-13,XLK,0.031034832565732806,-0.015498697589704458
2019-08-14,XLK,-0.006839571880449258,-0.043261947561867964
2019-08-15,XLK,-0.03237200959489739,-0.05207308756147466
2019-08-16,XLK,-0.0026751613795490403,-0.029867116875082256
2019-08-19,XLK,0.025948960390663522,-0.026341703838721697
2019-08-20,XLK,-0.004156285394181114,-0.03655408555885076
2019-08-21,XLK,0.03950097097888272,-0.03323285414750854
2019-08-22,XLK,0.038922282027224364,-0.031549838594639
2019-08-23,XLK,-0.014179738530627928,-0.0656249438860882
2019-08-26,XLK,-0.015477553784137399,-0.05209590779994855
2019-08-27,XLK,-0.012014386844931058,-0.04743287238009941
2019-08-28,XLK,-0.02262451139501731,-0.03194222707034511
2019-08-29,XLK,-0.003257319067699438,-0.01007941285294811
2019-08-30,XLK,0.030581512158863955,0.006072068678859122
2019-09-03,XLK,0.004089987810931062,0.03709598459104524
2019-09-04,XLK,0.022785457499135076,0.037527673498285896
2019-09-05,XLK,0.04322786074849416,0.052652258386894246
2019-09-06,XLK,0.024512428633308714,0.02657756778802778
2019-09-09,XLK,0.01710042796159783,0.030577270090219377
2019-09-10,XLK,0.024439658227081607,0.038987677936938914
2019-09-11,XLK,0.017772193028960936,0.024181513787279174
2019-09-12,XLK,0.002329152667890133,0.0623702035738678
2019-09-13,XLK,-0.004171695176498624,0.056495894328352
2019-09-16,XLK,0.0008656972113549877,0.034236186662914836
2019-09-17,XLK,0.01006468862319232,0.0229015340091554
2019-09-18,XLK,-0.0004920966566327456,0.02794997093872076
2019-09-19,XLK,-0.003669475791579835,0.018249998201935735
2019-09-20,XLK,-0.008008292469926515,0.008771478236358599
2019-09-23,XLK,-0.002460213223150598,0.04653128510757343
2019-09-24,XLK,-0.016134428481563434,0.022219052732845634
2019-09-25,XLK,-0.004289370863026831,0.03598746647343898
2019-09-26,XLK,-0.00538117921353265,0.03621445829685044
2019-09-27,XLK,-0.007101898835663034,0.004880501668465653
2019-09-30,XLK,0.00024865505012083844,0.0157289821781339
2019-10-01,XLK,0.0006267056450219854,0.01869324024795027
2019-10-02,XLK,-0.02974719763524425,-0.017223274743845773
2019-10-03,XLK,-0.018942776882302503,-0.025538219155939457
2019-10-04,XLK,0.010791949645340582,-0.00857706255742996
2019-10-07,XLK,-0.00397408089472695,-0.005317110068075559
2019-10-08,XLK,-0.0130355154481121,-0.018571722889171416
2019-10-09,XLK,0.02082257435306789,-0.014277778896128912
2019-10-10,XLK,0.015396278846039113,-0.0128343932598447
2019-10-11,XLK,0.012663073757605448,0.008183232351816061
2019-10-14,XLK,0.01633241432699095,0.0100540620294447
2019-10-15,XLK,0.04673564100756744,0.017059568872614728
2019-10-16,XLK,0.024277393300120353,0.010150078626667502
2019-10-17,XLK,0.015287132124735647,0.00594783904234486
2019-10-18,XLK,-0.008091258012545177,0.0080989126258586
2019-10-21,XLK,0.0031892944674531964,0.0157744435791356
2019-10-22,XLK,-0.021111282427727862,0.011914804104582455
2019-10-23,XLK,-0.013438907926365706,0.0008678581567100885
2019-10-24,XLK,0.002937990577820404,0.014361766769572792
2019-10-25,XLK,0.024842221172033163,0.040532082360784205
2019-10-28,XLK,0.026779112331895893,0.04271670473313294
2019-10-29,XLK,0.031358648115910714,0.04299343449665893
2019-10-30,XLK,0.03678010573346202,0.06949434340807348
2019-10-31,XLK,0.02123754151431645,0.05590611076679197
2019-11-01,XLK,0.02110459692564004,0.05114815459304456
2019-11-04,XLK,0.013576334954316982,0.061089832811215716
2019-11-05,XLK,0.02163173095304649,0.0796287045133941
2019-11-06,XLK,0.014930785642043531,0.06332164027894294
2019-11-07,XLK,0.023545107113142283,0.06438004133171593
2019-11-08,XLK,0.017125451825435345,0.05578012014274192
2019-11-11,XLK,0.012336964971828124,0.056918431182662266
2019-11-12,XLK,0.016939212702228534,0.04889594064241898
2019-11-13,XLK,0.01965395784126489,0.05852196490975947
2019-11-14,XLK,0.010508923543079085,0.059370788592550516
2019-11-15,XLK,0.013005035166427925,0.07823485413614817
2019-11-18,XLK,0.015552402555805145,0.06994368661286421
2019-11-19,XLK,0.014112309175580151,0.08663861923737226
2019-11-20,XLK,0.005770676789882412,0.07913271828561408
2019-11-21,XLK,0.0018490458981044178,0.05822057173475681
2019-11-22,XLK,-0.007450554740176529,0.044259676488282995
2019-11-25,XLK,0.003999873694030542,0.04620683583969254
2019-11-26,XLK,0.002965752032941804,0.05672388739107448
2019-11-27,XLK,0.014689032241795408,0.056139221347278445
2019-11-29,XLK,0.01683964450384834,0.05366340956664151
2019-12-02,XLK,0.003579984443287776,0.02633766711088681
2019-12-03,XLK,-0.01957879244786087,0.011984331095777234
2019-12-04,XLK,-0.01649070765721905,0.017291976356472283
2019-12-05,XLK,-0.018321621596680604,0.021536692794740464
2019-12-06,XLK,-0.00453725796876947,0.024754707512114837
2019-12-09,XLK,0.004603045542195927,0.013701844038827238
2019-12-10,XLK,0.014397265013960325,0.014043913460283441
2019-12-11,XLK,0.017114165026325567,0.017466989369369967
2019-12-12,XLK,0.024193624947576264,0.026084742146687656
2019-12-13,XLK,0.019712925267133308,0.0340884638748038
2019-12-16,XLK,0.034249677982418625,0.034961100262541844
2019-12-17,XLK,0.031017164144464093,0.029485703881563463
2019-12-18,XLK,0.023987987269768363,0.027375336174314313
2019-12-19,XLK,0.020472486024571745,0.04108349135044631
2019-12-20,XLK,0.0196301093952993,0.0524417204988008
2019-12-23,XLK,0.013484915076620085,0.056791143067545846
2019-12-24,XLK,0.01618150782448069,0.04197656022108909
2019-12-26,XLK,0.023868865245625148,0.048787176928040354
2019-12-27,XLK,0.016422580085858396,0.04286213286974294
2019-12-30,XLK,0.004727917636487389,0.03990593205723547
2019-12-31,XLK,0.005043303102648888,0.05833204884752341
2020-01-02,XLK,0.023564633333521545,0.08782872870291802
2020-01-03,XLK,0.004569309768698737,0.07124499852072708
2020-01-06,XLK,0.00707220790772034,0.06983864959996078
2020-01-07,XLK,0.012475487999529022,0.05767822498797526
2020-01-08,XLK,0.02007198331486748,0.07462830902619988
2020-01-09,XLK,0.012635085835670079,0.08593898668430189
2020-01-10,XLK,0.021767504291140494,0.07614598858188115
2020-01-13,XLK,0.03208702138421371,0.07808382939685865
2020-01-14,XLK,0.027669667790438,0.0659312078620824
2020-01-15,XLK,0.01796594315776412,0.05770883320544251
2020-01-16,XLK,0.020091172099706123,0.0744309719370877
2020-01-17,XLK,0.029358844412369134,0.08179041648641805
2020-01-21,XLK,0.016225224177258024,0.07359678601302266
2020-01-22,XLK,0.024715735713018994,0.0712477709506294
2020-01-23,XLK,0.028364482427566173,0.07323767787520374
2020-01-24,XLK,0.009950821014519384,0.06784313026361133
2020-01-27,XLK,-0.020696241894322953,0.034704205107072505
2020-01-28,XLK,-0.0015450569871960917,0.054618461650875805
2020-01-29,XLK,-0.002565596819460003,0.06347137600212482
2020-01-30,XLK,0.0013280184079935697,0.0692703030307289
2020-01-31,XLK,-0.02155375723728148,0.020772958189891666
2020-02-03,XLK,0.015561216649622178,0.04602584529778819
2020-02-04,XLK,0.02259380244921605,0.0708728672726231
2020-02-05,XLK,0.02593118642272918,0.07760480469921238
2020-02-06,XLK,0.02642327416931889,0.07592791818697164
2020-02-07,XLK,0.045736033564265366,0.054139916143875144
2020-02-10,XLK,0.046070619307012395,0.07090595385583343
2020-02-11,XLK,0.01594010206669716,0.05411914648270555
2020-02-12,XLK,0.020962938098567196,0.0705721906537693
2020-02-13,XLK,0.009044726362751776,0.06649873612202262
2020-02-14,XLK,0.022770291190034042,0.05690845924125787
2020-02-18,XLK,0.0053445118515531576,0.045922351823509455
2020-02-19,XLK,0.020754927305097315,0.05881775726438887
2020-02-20,XLK,-0.0006876949593058734,0.044031945903777014
2020-02-21,XLK,-0.02048868869013376,0.01583397071745729
2020-02-24,XLK,-0.0650253789186398,-0.02155375723728148
2020-02-25,XLK,-0.0915534330228569,-0.029755005049011407
2020-02-26,XLK,-0.09816141289850777,-0.043639658562897976
2020-02-27,XLK,-0.13782925480399677,-0.097550878596109
2020-02-28,XLK,-0.11132337399241377,-0.09844937015109834
2020-03-02,XLK,-0.019406019811728514,-0.019406019811728514
2020-03-03,XLK,-0.025466108424419986,-0.06895161492019186
2020-03-04,XLK,0.011758402451437888,-0.05377324906253089
2020-03-05,XLK,0.035689970126751236,-0.0889666714911731
2020-03-06,XLK,0.006110777652747368,-0.11629068814258603
2020-03-09,XLK,-0.12109533419635654,-0.17584495820715862
2020-03-10,XLK,-0.0254640424414736,-0.13262057767366253
2020-03-11,XLK,-0.10971332411803592,-0.17080439387222301
2020-03-12,XLK,-0.17042850816709465,-0.259750526450941
2020-03-13,XLK,-0.05308742339428463,-0.17070528233399684
2020-03-16,XLK,-0.11684556120180745,-0.2883483322825421
2020-03-17,XLK,-0.11570062120281754,-0.23705448699172293
2020-03-18,XLK,-0.10682635005413987,-0.2744432123393993
2020-03-19,XLK,-0.00663565354647111,-0.26415652964997227
2020-03-20,XLK,-0.1516807307421002,-0.28177788171829765
2020-03-23,XLK,-0.024702100899881563,-0.2576564531631975
2020-03-24,XLK,0.006648671990397759,-0.15458089073263181
2020-03-25,XLK,0.044713787641954106,-0.15949573390683658
2020-03-26,XLK,0.10540773673573511,-0.05655919122322395
2020-03-27,XLK,0.10613810539836144,-0.10602706325198419
2020-03-30,XLK,0.16335247476578418,-0.11930195393082699
2020-03-31,XLK,0.035562316963823504,-0.10163804546297872
2020-04-01,XLK,-0.012514581431903538,-0.1796601787538743
2020-04-02,XLK,-0.04835344487625726,-0.133116838501682
2020-04-03,XLK,-0.01870456533321485,-0.12807656867257577
2020-04-06,XLK,0.021977922017838436,0.024063239241041368
2020-04-07,XLK,0.032101527222158976,-0.04857205310430046
2020-04-08,XLK,0.11288193592627915,0.02544651415949728
2020-04-09,XLK,0.08770585982382229,0.13662764912640668
2020-04-13,XLK,0.10723507032040325,0.019549455410623917
2020-04-14,XLK,0.06296280345119665,0.23256033585277658
2020-04-15,XLK,0.04918634860355353,0.12883174804516218
2020-04-16,XLK,0.03416295333284047,0.18731536206014732
2020-04-17,XLK,0.04765255081893227,0.19874531453632494
2020-04-20,XLK,0.028574934492810566,0.23618907681837675
2020-04-21,XLK,-0.054175512901546985,0.1953124768867942
2020-04-22,XLK,0.00413631980200746,0.1260144563808141
2020-04-23,XLK,-0.014757423839640182,0.11972643595647003
2020-04-24,XLK,-0.00705803292456364,0.07678324574881934
2020-04-27,XLK,0.017761584339889946,0.13742194326921964
2020-04-28,XLK,0.048128346827579715,0.07692287377818796
2020-04-29,XLK,0.0506923294453252,0.1424660136655007
2020-04-30,XLK,0.053231934250212776,0.19427752329104786
2020-05-01,XLK,0.0030464630352662336,0.13494198060071416
2020-05-04,XLK,0.007718804765938225,0.16804933630922303
2020-05-05,XLK,0.0353743345207973,0.09103952223035727
2020-05-06,XLK,0.00228699611427019,0.10946336072319585
2020-05-07,XLK,0.021879383921642015,0.09661909348573006
2020-05-08,XLK,0.06614181841905031,0.1124414712574513
2020-05-11,XLK,0.0591699321964414,0.11734424739882687
2020-05-12,XLK,0.02321483193405216,0.05024166202970903
2020-05-13,XLK,-0.0021730594422501026,0.055153293182675256
2020-05-14,XLK,-0.004389537421567669,0.0557383045090345
2020-05-15,XLK,-0.013821676588454457,0.047165555183909635
2020-05-18,XLK,0.003668238129022283,0.09028802332555519
2020-05-19,XLK,0.021083336726842594,0.13380894157714196
2020-05-20,XLK,0.0617445225458384,0.11568838552100824
2020-05-21,XLK,0.03376365056987396,0.10773114167375675
2020-05-22,XLK,0.032310119555155614,0.08868356390441123
2020-05-26,XLK,0.006579114675875353,0.07830868264943391
2020-05-27,XLK,0.01603605267687347,0.09909322171904678
2020-05-28,XLK,-0.007692471381947508,0.05369188821305371
2020-05-29,XLK,0.01903474206005984,0.07176442483298584
2020-06-01,XLK,0.015027100902095913,0.10168707272616517
2020-06-02,XLK,0.025624949772232952,0.09746913846483563
2020-06-03,XLK,0.02774906425690693,0.09099867795705907
2020-06-04,XLK,0.021292184621743537,0.07367180718029664
2020-06-05,XLK,0.03511290056575178,0.08564396147669573
2020-06-08,XLK,0.040637239365541644,0.0753321689477553
2020-06-09,XLK,0.03580804963996509,0.07326249858316514
2020-06-10,XLK,0.04496626476846055,0.1141910552813361
2020-06-11,XLK,-0.006780824599832869,0.06871380560435325
2020-06-12,XLK,-0.019721867214498978,0.06892512225120528
2020-06-15,XLK,-0.015207954279383373,0.0738205670794505
2020-06-16,XLK,0.0010744013971129007,0.07048880545823843
2020-06-17,XLK,-0.015560696125187956,0.0742056278782739
2020-06-18,XLK,0.049011671808907975,0.055897376530974485
2020-06-19,XLK,0.028467850468057776,0.06344919574892294
2020-06-22,XLK,0.03782283154936006,0.079554951938831
2020-06-23,XLK,0.023493931935083756,0.08847757778457965
2020-06-24,XLK,0.0006038690293583837,0.057889928764116805
2020-06-25,XLK,0.008892283539657875,0.07354492903571108
2020-06-26,XLK,-0.004109548255263662,0.03929616552715265
2020-06-29,XLK,-0.011840419877103159,0.050979394618513085
2020-06-30,XLK,-0.0013381373732468393,0.05986213137580809
2020-07-01,XLK,0.023369516269119872,0.05338194148400288
2020-07-02,XLK,0.016315678575262726,0.06831380819589605
2020-07-06,XLK,0.05485523397566272,0.05911828483439385
2020-07-07,XLK,0.032537636996050834,0.04279929604724919
2020-07-08,XLK,0.030912207724531182,0.054852595632989276
2020-07-09,XLK,0.03296380866746329,0.04128282313299425
2020-07-10,XLK,0.026693618833855126,0.10431916434246169
2020-07-13,XLK,-0.011857024759116874,0.06761566753961401
2020-07-14,XLK,0.010095459229131132,0.06959315766395568
2020-07-15,XLK,-0.0007428002843939963,0.05293777301056379
2020-07-16,XLK,-0.016649762216981,0.04013087215930078
2020-07-17,XLK,-0.011565674529084302,0.04054797257802778
2020-07-20,XLK,0.03514755933606528,0.07454963425412298
2020-07-21,XLK,0.013076753922380835,0.04408954133926568
2020-07-22,XLK,0.015700500211776713,0.04492014008983514
2020-07-23,XLK,0.0016933173404742874,0.04126335710872708
2020-07-24,XLK,-0.015257878402697767,0.01564005876349861
2020-07-27,XLK,-0.024643962703819966,0.05239333433512905
2020-07-28,XLK,-0.026277075813271544,0.02883576879273808
2020-07-29,XLK,-0.020030991601929116,0.025361427986884122
2020-07-30,XLK,0.011738061265673227,0.029428523558962638
2020-07-31,XLK,0.04971493300874452,0.04901711025505073
2020-08-03,XLK,0.05886192875003671,0.05639067798708619
2020-08-04,XLK,0.07414079686341468,0.07028977243649148
2020-08-05,XLK,0.06272174057111846,0.056999687558147105
2020-08-06,XLK,0.07165403314843388,0.06798633200240656
2020-08-07,XLK,0.029973729934115845,0.05236854110510247
2020-08-10,XLK,0.0023860794616141767,0.07161750538087608
2020-08-11,XLK,-0.018159562291084508,0.04035095796430421
2020-08-12,XLK,0.0004390747324418687,0.05824985770841873
2020-08-13,XLK,-0.01299157682360319,0.0719593742105078
2020-08-14,XLK,0.0012306784640048196,0.06599259177168282
2020-08-17,XLK,0.010756735497001735,0.0463673528196642
2020-08-18,XLK,0.033129937239703144,0.06094401608515865
2020-08-19,XLK,0.008954301496245431,0.05122104967958019
2020-08-20,XLK,0.021937492275790005,0.09362362285767434
2020-08-21,XLK,0.035651909966589734,0.12110291564235953
2020-08-24,XLK,0.037683020104895215,0.1132320847913677
2020-08-25,XLK,0.039019838713260535,0.13208989240681257
2020-08-26,XLK,0.061428675890597306,0.1386035244662307
2020-08-27,XLK,0.04834287683572591,0.1331910687711737
2020-08-28,XLK,0.04425952194552174,0.1152764983392578
2020-08-31,XLK,0.03858438933322583,0.09191333976286065
2020-09-01,XLK,0.053111382656181094,0.1099259569741724
2020-09-02,XLK,0.04131473280181219,0.11566798681428692
2020-09-03,XLK,-0.018838563817640486,0.03750216218385405
2020-09-04,XLK,-0.0409222536078071,0.03850888575557465
2020-09-08,XLK,-0.08717116833780947,-0.005642637468149636
2020-09-09,XLK,-0.07505372092427143,0.045609698403141996
2020-09-10,XLK,-0.10391220077880525,-0.0007022954063189424
2020-09-11,XLK,-0.05701647976211799,-0.008774982890195848
2020-09-14,XLK,-0.023619987404260523,0.012732970298481305
2020-09-15,XLK,0.032718814883990754,0.015963110550164084
2020-09-16,XLK,-0.015369982321495224,-0.003476079132694987
2020-09-17,XLK,-0.0009665980136210894,-0.010528243016644012
2020-09-18,XLK,-0.010623240280293489,-0.04035716176997972
2020-09-21,XLK,-0.022899195578382603,-0.04452240137821706
2020-09-22,XLK,-0.017146164742446457,-0.03771843584422907
2020-09-23,XLK,-0.032832314692188724,-0.07238947901833248
2020-09-24,XLK,-0.019288564871371428,-0.08577345906338463
2020-09-25,XLK,0.021764249626317733,-0.06468697772530962
2020-09-28,XLK,0.032728491798488246,-0.05507307461890387
2020-09-29,XLK,0.013219924782777559,-0.06121942129351832
2020-09-30,XLK,0.05458159341205504,-0.07109447548150871
2020-10-01,XLK,0.05975899019769493,-0.06958024762786397
2020-10-02,XLK,0.00877650470631619,-0.03836232589027355
2020-10-05,XLK,0.01153991020326961,-0.003384969733433496
2020-10-06,XLK,-0.0007776778694478237,0.0276302383197482
2020-10-07,XLK,0.009083055440919585,0.013402449527910143
2020-10-08,XLK,0.0037312270169413964,0.04218733979074796
2020-10-09,XLK,0.045589054737753765,0.06627295715513037
2020-10-12,XLK,0.05108116218471048,0.0728643261330768
2020-10-13,XLK,0.06079210762598897,0.05556520386418873
2020-10-14,XLK,0.0361750830318992,0.06645374245249958
2020-10-15,XLK,0.026188768967253306,0.07051570160384446
2020-10-16,XLK,0.007821709929298315,0.08615148311740617
2020-10-19,XLK,-0.0369349023725728,0.05745301028581995
2020-10-20,XLK,-0.027390652859868303,0.044562830164017075
2020-10-21,XLK,-0.023684651129186052,0.07654047321248747
2020-10-22,XLK,-0.023873984158906292,0.06551039303915007
2020-10-23,XLK,-0.02212698371122679,0.03949441109432361
2020-10-26,XLK,-0.02548349290768015,-0.002152625610842396
2020-10-27,XLK,-0.023971086032855027,0.006221354079674946
2020-10-28,XLK,-0.06396345526576086,-0.044472963393881626
2020-10-29,XLK,-0.04385607198256314,-0.03866699696144571
2020-10-30,XLK,-0.06399844240932306,-0.03549658090584762
2020-11-02,XLK,-0.04082177799889275,-0.05380552883698597
2020-11-03,XLK,-0.028767504732636784,-0.021964526942960916
2020-11-04,XLK,0.05371712638574966,-0.002207798686557072
2020-11-05,XLK,0.06862478196967237,0.02348541434288376
2020-11-06,XLK,0.09669833043845655,0.011649160470641018
2020-11-09,XLK,0.0860174643544096,-0.022355497055291385
2020-11-10,XLK,0.04730317074123036,-0.03440113791723198
2020-11-11,XLK,0.031999965809465625,-0.006228257653707603
2020-11-12,XLK,-0.008006538398881768,-0.010619810140748975
2020-11-13,XLK,-0.003125595383501989,0.0006602800764221595
2020-11-16,XLK,0.013836272557808504,0.029184279644137723
2020-11-17,XLK,0.027353175142864172,0.019948101251530792
2020-11-18,XLK,-0.007174761551765774,0.010576826636193193
2020-11-19,XLK,0.009818706972105629,0.023530371912688253
2020-11-20,XLK,-0.008993364068634824,0.014099950965236419
2020-11-23,XLK,-0.01871392096619784,0.03633360648610329
2020-11-24,XLK,0.0004930379271734786,0.0455130578063454
2020-11-25,XLK,0.013456299222086798,0.09416182152706654
2020-11-27,XLK,0.010711863035277824,0.08194410773918359
2020-11-30,XLK,0.028057807239078247,0.11383721902575816
2020-12-01,XLK,0.041472278739956625,0.1252473189290504
2020-12-02,XLK,0.025626320004038305,0.10406696153520323
2020-12-03,XLK,0.02278502365072188,0.062042455688999576
2020-12-04,XLK,0.02755580128391344,0.04036324379748235
2020-12-07,XLK,0.023647388119918844,0.03964465742428236
2020-12-08,XLK,0.013993244847015918,0.05062139203676996
2020-12-09,XLK,-0.0039240957210485705,0.05006317923906711
2020-12-10,XLK,-0.0018431239913678787,0.02721416170549329
2020-12-11,XLK,-0.013805010807408036,0.034282036816271066
2020-12-14,XLK,-0.013053851923999216,0.02929043544600174
2020-12-15,XLK,0.00015802474350690154,0.03644685503482403
2020-12-16,XLK,0.02661207057374293,0.04930569229219328
2020-12-17,XLK,0.03323698071817138,0.06902566321783765
2020-12-18,XLK,0.031777836789029124,0.05677313680971574
2020-12-21,XLK,0.029084632890117534,0.06883943204152021
2020-12-22,XLK,0.02097978086801211,0.07837184847941137
2020-12-23,XLK,0.006410828236409483,0.055512203304142194
2020-12-24,XLK,0.005132660622325869,0.060245626741351144
2020-12-28,XLK,0.020069725971945562,0.06655746657875561
2020-12-29,XLK,0.014209732086599258,0.05444202298862444
2020-12-30,XLK,0.004953945566677831,0.04055966350690232
2020-12-31,XLK,0.014117541247984144,0.043668068471394594
2021-01-04,XLK,-0.008988048716103925,0.027308831377629073
2021-01-05,XLK,-0.013714084473574029,0.02372115078500281
2021-01-06,XLK,-0.026096897066205105,0.0032012682985584906
2021-01-07,XLK,0.0006930785434091646,0.0269110355265898
2021-01-08,XLK,0.005691330853721643,0.05374291682151422
2021-01-11,XLK,0.013917101877272131,0.04352934701851896
2021-01-12,XLK,0.0025634771959504032,0.04071248369486424
2021-01-13,XLK,0.026638351761217427,0.04354720729046746
2021-01-14,XLK,-0.009082252791909662,0.01742359180500297
2021-01-15,XLK,-0.02554313920368334,0.00020937240527874046
2021-01-19,XLK,-0.004626706806042935,0.005288488575383221
2021-01-20,XLK,0.019990900175267834,0.028823478483590348
2021-01-21,XLK,0.026639912642653973,0.041068129374706386
2021-01-22,XLK,0.031769297116763795,0.028175526937656015
2021-01-25,XLK,0.05116960314384822,0.044692345862796135
2021-01-26,XLK,0.038348016806929675,0.03850899421056919
2021-01-27,XLK,-0.0010638957250493908,0.007508498111497008
2021-01-28,XLK,-0.009749639785243458,0.01647426316885303
2021-01-29,XLK,-0.02936103925587763,-0.0069323780140417846
2021-02-01,XLK,-0.013289511730126047,0.016458992918666038
2021-02-02,XLK,-0.0005967778741488017,0.04730244037530773
2021-02-03,XLK,0.015133496289815973,0.03697681182411894
2021-02-04,XLK,0.02711290220776119,0.07200996415125771
2021-02-05,XLK,0.049561712588438445,0.041563868478877275
2021-02-08,XLK,0.034654874649949985,0.04573264145800304
2021-02-09,XLK,0.019634542926933785,0.0532081401143949
2021-02-10,XLK,0.021649420294810984,0.05671788645479259
2021-02-11,XLK,0.016664575243728885,0.061595403085403344
2021-02-12,XLK,0.02416517670134599,0.07651058466954219
2021-02-16,XLK,0.01023820241447626,0.0841311774944693
2021-02-17,XLK,0.0024890384025064716,0.060737336274135245
2021-02-18,XLK,-0.0009533887927660745,0.03501945290230091
2021-02-19,XLK,-0.0132726003626491,0.020323931160110664
2021-02-22,XLK,-0.03997382949417383,0.0016564138875818646
2021-02-23,XLK,-0.03952503364581039,-0.009407375257755257
2021-02-24,XLK,-0.016140438671630064,0.005073976604266228
2021-02-25,XLK,-0.045871354010231236,-0.01140653046320439
2021-02-26,XLK,-0.03939710965501575,-0.010223922414935305
2021-03-01,XLK,0.013904208439879495,0.046304233113452
2021-03-02,XLK,0.0006031496121514657,0.0045399456913028935
2021-03-03,XLK,-0.03926984718074911,-0.03381852913810812
2021-03-04,XLK,-0.026461715994922197,-0.05191426208567573
2021-03-05,XLK,-0.013314040638306768,-0.04918129587692577
2021-03-08,XLK,-0.06723489917376657,-0.07012988203611925
2021-03-09,XLK,-0.01996076589468565,-0.04848603807470009
2021-03-10,XLK,0.0013135553852514636,-0.05117906170681841
2021-03-11,XLK,0.04582834941383074,-0.02947633240019798
2021-03-12,XLK,0.019077211773529168,-0.04692491752496575
2021-03-15,XLK,0.05547187140114063,-0.04170559994197598
2021-03-16,XLK,0.028437213284019824,-0.03134491938188655
2021-03-17,XLK,0.03171538647195815,-0.023517341791825963
2021-03-18,XLK,-0.017905710769357985,-0.045944662820911364
2021-03-19,XLK,-0.013773578705563172,-0.047408810012056435
2021-03-22,XLK,-0.004982144779675846,-0.006777035970817136
2021-03-23,XLK,-0.018558817271656425,-0.01020013922249019
2021-03-24,XLK,-0.029668550758049972,-0.036944021137046645
2021-03-25,XLK,-0.002591669851984335,-0.0026683039817244625
2021-03-26,XLK,0.025849015306142142,0.017293143775038988
2021-03-29,XLK,0.0008341340081026161,-0.01958051184077758
2021-03-30,XLK,-0.0024418208508635297,-0.013212233819166253
2021-03-31,XLK,0.02587670985162638,0.028360248816651
2021-04-01,XLK,0.047147573317065206,0.07274000667063962
2021-04-05,XLK,0.04228526214814443,0.07461714741234582
2021-04-06,XLK,0.043264439292782564,0.09656416892112496
2021-04-07,XLK,0.058823515128646475,0.0661145543090147
2021-04-08,XLK,0.05729975535518661,0.08585870394265815
2021-04-09,XLK,0.04642769405917413,0.07335477388287281
2021-04-12,XLK,0.020321178097597148,0.07592891017889847
2021-04-13,XLK,0.03435252783328324,0.07462259373077518
2021-04-14,XLK,0.017988815439152095,0.05528337388521942
2021-04-15,XLK,0.020723787460633636,0.07429027759834628
2021-04-16,XLK,0.010792197688880067,0.10471941715784183
2021-04-19,XLK,0.007229624496669418,0.09884246536634111
2021-04-20,XLK,-0.011023661885314895,0.06809773515857098
2021-04-21,XLK,0.009651512458502154,0.0856162073345943
2021-04-22,XLK,-0.019047089634867675,0.08604969488554004
2021-04-23,XLK,-0.0041872771500997,0.10295213859087293
2021-04-26,XLK,0.009288343735058824,0.08110343271555576
2021-04-27,XLK,0.015832480225457024,0.08410408334508346
2021-04-28,XLK,-0.0036550012594989134,0.08429593515241551
2021-04-29,XLK,0.0073259362050457355,0.06641082223614192
2021-04-30,XLK,-0.021022974932746408,0.03114864699430142
2021-05-03,XLK,-0.02872489658866817,0.0074486194355296576
2021-05-04,XLK,-0.0438218025031617,-0.006391237666874328
2021-05-05,XLK,-0.03717787211210599,-0.014014984908227057
2021-05-06,XLK,-0.026689457269356898,-0.018302150447576215
2021-05-07,XLK,-0.004795979439115583,-0.019327101996007956
2021-05-10,XLK,-0.027205375451885838,-0.03947833041885773
2021-05-11,XLK,-0.0124258268890165,-0.051326964983137824
2021-05-12,XLK,-0.03788109168435361,-0.06812843918481615
2021-05-13,XLK,-0.034820404274024996,-0.07172268815905258
2021-05-14,XLK,-0.021937860726948366,-0.05108187939919673
2021-05-17,XLK,-0.003984732375634348,-0.050172647309752016
2021-05-18,XLK,-0.008955967277357701,-0.04934353419352144
2021-05-19,XLK,0.023303476173125448,-0.05552817406565591
2021-05-20,XLK,0.029237023120811445,-0.026031354844404886
2021-05-21,XLK,0.0015443115038893396,-0.04562020150655555
2021-05-24,XLK,0.026892844750355804,-0.033605293987397755
2021-05-25,XLK,0.0354745795659821,-0.03096167586197951
2021-05-26,XLK,0.03177814100272913,-0.02193980395961581
2021-05-27,XLK,0.00708316817453758,-0.026266083685649755
2021-05-28,XLK,0.01622750225124614,-0.009305658878549283
2021-06-01,XLK,-0.00642072696864493,-0.011413196849220375
2021-06-02,XLK,0.0001440050953536165,0.013595450232480433
2021-06-03,XLK,-0.009088430084719601,0.006594194564324862
2021-06-04,XLK,0.015300188487421318,0.015741826855102614
2021-06-07,XLK,0.011488583549081444,0.006905112045537454
2021-06-08,XLK,0.01655544613732185,0.0330580303003154
2021-06-09,XLK,0.010312278958825916,0.03693267518407661
2021-06-10,XLK,0.02729631738688454,0.07478452012679537
2021-06-11,XLK,0.013926357836891778,0.06704225365553751
2021-06-14,XLK,0.0244300913275608,0.05464045122702199
2021-06-15,XLK,0.018071027088061742,0.05593406460317141
2021-06-16,XLK,0.011848546061082654,0.05870050684405426
2021-06-17,XLK,0.01608447272137581,0.0672023381628497
2021-06-18,XLK,0.0008452785808352736,0.037607642969566646
2021-06-21,XLK,0.001414056319659629,0.05450329065939408
2021-06-22,XLK,0.016734589703507607,0.045488527275952206
2021-06-23,XLK,0.021126435721204873,0.04403053091175835
2021-06-24,XLK,0.0158058403037582,0.05068165801428992
2021-06-25,XLK,0.02397241185491361,0.05500879600293418
2021-06-28,XLK,0.023718445684553835,0.06227637737773928
2021-06-29,XLK,0.021915125967864046,0.07530477843960126
2021-06-30,XLK,0.021939282780531366,0.06678218988996298
2021-07-01,XLK,0.017262909700873408,0.07862246546615137
2021-07-02,XLK,0.0318802289259863,0.07223728536904961
2021-07-06,XLK,0.02507659152156494,0.07654665202003264
2021-07-07,XLK,0.023203553025301638,0.08233709638289244
2021-07-08,XLK,0.014628122404924948,0.07133926102384702
2021-07-09,XLK,0.02224291321571803,0.07331658129831431
2021-07-12,XLK,0.009742683631509319,0.0678130079664796
2021-07-13,XLK,0.010037820466104241,0.06142219292611051
2021-07-14,XLK,0.011967139073213895,0.07584789842434447
2021-07-15,XLK,0.013216195359104566,0.07278732001843302
2021-07-16,XLK,-0.00595212337315143,0.05003874897372218
2021-07-19,XLK,-0.020420421112098297,0.045124395409079865
2021-07-20,XLK,-0.009938063964250343,0.049389814980076885
2021-07-21,XLK,-0.007709444887674666,0.04998267901481879
2021-07-22,XLK,0.007904932087340777,0.058896913352025404
2021-07-23,XLK,0.028077041212027032,0.06272349239503439
2021-07-26,XLK,0.04189474739483767,0.06341694887890514
2021-07-27,XLK,0.01695117671863433,0.04245284597458232
2021-07-28,XLK,0.005991814674005669,0.03362202378400614
2021-07-29,XLK,0.003267785715099336,0.039550176277340254
2021-07-30,XLK,-0.00724833224894228,0.03711686464969821
2021-08-02,XLK,-0.010295626776938627,0.019952098472145074
2021-08-03,XLK,0.005556449613549397,0.022601814691511235
2021-08-04,XLK,0.008835634938780146,0.019107808576051655
2021-08-05,XLK,0.009707024410452458,0.03450820259785403
2021-08-06,XLK,0.009517748738827825,0.024206545082983588
2021-08-09,XLK,0.00987910520793589,0.02008989939450756
2021-08-10,XLK,-0.003770442454125389,0.008621788959952026
2021-08-11,XLK,-0.005644237684115261,0.001372161952579054
2021-08-12,XLK,-0.005419686888429975,0.015480700731986818
2021-08-13,XLK,0.0008394871169521423,0.031204207951317953
2021-08-16,XLK,0.008616141952095813,0.05032726380398511
2021-08-17,XLK,0.007503780990945286,0.026390601416182324
2021-08-18,XLK,-0.006524471730407266,0.002567980179644991
2021-08-19,XLK,-0.002530061047049448,0.004967274512016839
2021-08-20,XLK,0.004839101065068352,0.007895583497051328
2021-08-23,XLK,0.01323146583834367,0.02143199759388814
2021-08-24,XLK,0.02053144594944145,0.03000410300128009
2021-08-25,XLK,0.03421546473709558,0.03069557269511547
2021-08-26,XLK,0.017755143380376426,0.019479173084915757
2021-08-27,XLK,0.014511374932302923,0.02998722381214547
2021-08-30,XLK,0.012361111362179766,0.04481505815472642
2021-08-31,XLK,0.008186746210264273,0.03269834884672007
2021-09-01,XLK,0.009017147610044463,0.030881018470602317
2021-09-02,XLK,0.014313863687303696,0.024130598283469418
2021-09-03,XLK,0.008607551884702414,0.02905857136192913
2021-09-07,XLK,-0.0018783747628967618,0.03265083764939258
2021-09-08,XLK,-0.0004407877455422371,0.03614989160986992
2021-09-09,XLK,-0.004468182940266963,0.03210027274363236
2021-09-10,XLK,-0.013230069934048294,0.01608815851678269
2021-09-13,XLK,-0.016817270473674317,0.01090397417129041
2021-09-14,XLK,-0.01831867892026584,0.005074176738584235
2021-09-15,XLK,-0.005919237216656548,0.022345219981537046
2021-09-16,XLK,-0.0015806374466561524,0.03723631542154937
2021-09-17,XLK,-0.007342156530650512,0.011186243133075369
2021-09-20,XLK,-0.025734036892999246,-0.019853693033278663
2021-09-21,XLK,-0.024104527636322315,-0.03196123340160395
2021-09-22,XLK,-0.019311096933053218,-0.01756813440798155
2021-09-23,XLK,-0.006740105175532141,-0.003838882040289371
2021-09-24,XLK,0.00968417950773337,0.003167371708133304
2021-09-27,XLK,0.018441078312234627,-0.01605710252627557
2021-09-28,XLK,-0.012135983266636785,-0.05538581678748211
2021-09-29,XLK,-0.026726011636886704,-0.05158901987753284
2021-09-30,XLK,-0.04648799452729557,-0.05863682534086645
2021-10-01,XLK,-0.032799542808380044,-0.04342829641640522
2021-10-04,XLK,-0.04594399433083074,-0.06927463628822716
2021-10-05,XLK,-0.002789059886864398,-0.05624768177746897
2021-10-06,XLK,0.004986544437110885,-0.04643940855716833
2021-10-07,XLK,0.021497688123967462,-0.034083803128065804
2021-10-08,XLK,0.002573095485725707,-0.028108756970573023
2021-10-11,XLK,0.02066741392485083,-0.03378993393056229
2021-10-12,XLK,0.0011319923750323646,-0.03754852174279277
2021-10-13,XLK,0.0007274826693184355,-0.040063618598333406
2021-10-14,XLK,0.014029726451697977,-0.01898162873721254
2021-10-15,XLK,0.025993364233361405,0.004529378037896548
2021-10-18,XLK,0.04043118053178407,0.03182818424286049
2021-10-19,XLK,0.05620605327192352,0.041655695823278105
2021-10-20,XLK,0.04687299553173796,0.02471994123222787
2021-10-21,XLK,0.02773677370170513,0.015070336653324912
2021-10-22,XLK,0.01603513195530848,0.010847906585329303
2021-10-25,XLK,0.01081274036749691,0.024099574058210838
2021-10-26,XLK,0.0037157719775477993,0.05837061899003437
2021-10-27,XLK,0.005620655537078356,0.05877640969010822
2021-10-28,XLK,0.011826933867544076,0.07715005212404824
2021-10-29,XLK,0.01969553406231017,0.06571196104912924
2021-11-01,XLK,0.014848995016602196,0.08935577927727878
2021-11-02,XLK,0.02089348485248399,0.08350563158044944
2021-11-03,XLK,0.0277568116849376,0.08276540928197984
2021-11-04,XLK,0.0334493176335664,0.08975282009787988
2021-11-05,XLK,0.03435921249433749,0.09949986663318366
2021-11-08,XLK,0.0414780373563739,0.11156690564048599
2021-11-09,XLK,0.028148082919452477,0.1127446195172177
2021-11-10,XLK,0.005315956004335209,0.08773003780933575
2021-11-11,XLK,-0.005534923871130082,0.06872717133496242
2021-11-12,XLK,0.0013764426878966063,0.07311928475058793
2021-11-15,XLK,-0.005000554989582295,0.06302893925086805
2021-11-16,XLK,0.009624140838447648,0.06366918365259511
2021-11-17,XLK,0.023460857895421405,0.06340417835451895
2021-11-18,XLK,0.02885655083761951,0.06989160981922637
2021-11-19,XLK,0.02390765423972141,0.08143411089914254
2021-11-22,XLK,0.013521617499814953,0.06587775057815914
2021-11-23,XLK,0.0006511237784054824,0.0604214795323923
2021-11-24,XLK,0.010986172850822484,0.06907800128074126
2021-11-26,XLK,-0.02399010152244141,0.03201917890273509
2021-11-29,XLK,-0.006829981240515148,0.05330257937877447
2021-11-30,XLK,-0.004014055027385277,0.04606622645126213
2021-12-01,XLK,-0.015383527069601,0.02273985728069361
2021-12-02,XLK,-0.013510237046442275,0.026151801741211678
2021-12-03,XLK,-0.005181027264894,-0.006557707396951273
2021-12-06,XLK,-0.020218430209244853,-0.0022746041970048703
2021-12-07,XLK,0.02252251112257775,0.02702719241832452
2021-12-08,XLK,0.041463816558498845,0.035985548001543854
2021-12-09,XLK,0.020841125754899714,0.04199874102107626
2021-12-10,XLK,0.05904454562937045,0.05795534366503707
2021-12-13,XLK,0.03347347338230833,0.029705399813998
2021-12-14,XLK,-0.017794921375658523,0.013820991898156665
2021-12-15,XLK,0.0036350519529735337,0.029840083288412922
2021-12-16,XLK,-0.01417438686568373,0.0036818114027492577
2021-12-17,XLK,-0.040027389807750446,-0.012876817571769061
2021-12-20,XLK,-0.03713027794719237,-0.031678151823785416
2021-12-21,XLK,0.003724482900995696,0.00402096341801772
2021-12-22,XLK,-0.00939766548540466,0.01949817118091035
2021-12-23,XLK,0.02518903661109695,0.017782059664128935
2021-12-27,XLK,0.05423032358343938,0.06623426017636458
2021-12-28,XLK,0.06136394858844363,0.03480963064960774
2021-12-29,XLK,0.036050992855856334,0.04440923212619441
2021-12-30,XLK,0.015932151462732635,0.05192326041183182
2021-12-31,XLK,0.005377530144042408,0.03726896294027893
2022-01-03,XLK,-0.0063969114254419646,0.06493109107332895
2022-01-04,XLK,-0.011779233044262205,0.04372280351439217
2022-01-05,XLK,-0.04298364804709942,-0.022499062462673858
2022-01-06,XLK,-0.04149513145509409,-0.031868846128331185
2022-01-07,XLK,-0.04566628857831212,-0.030308718789809785
2022-01-10,XLK,-0.054466741723370626,-0.04921113230015062
2022-01-11,XLK,-0.0328807360930673,-0.02328946464955417
2022-01-12,XLK,0.0024949690339692854,-0.0023063477948582767
2022-01-13,XLK,-0.01851067622014646,-0.0532311623685332
2022-01-14,XLK,-0.0010245389931264892,-0.01737408546179353
2022-01-18,XLK,-0.025186740086618253,-0.03451245819791815
2022-01-19,XLK,-0.05019353826098927,-0.03654050337503101
2022-01-20,XLK,-0.06684833692295944,-0.07245513419595906
2022-01-21,XLK,-0.061081610138500886,-0.10262812671891353
2022-01-24,XLK,-0.06412907004149493,-0.10298394188831927
2022-01-25,XLK,-0.06329598806064862,-0.14214566432750353
2022-01-26,XLK,-0.04444547793850262,-0.13258964557117114
2022-01-27,XLK,-0.03861289078558949,-0.139299432797243
2022-01-28,XLK,0.023780013828146318,-0.09569611758625263
2022-01-31,XLK,0.044092301887760144,-0.06844192070820843
2022-02-01,XLK,0.07159844523209657,-0.07480624515663481
2022-02-02,XLK,0.07400098024281565,-0.05729610014251352
2022-02-03,XLK,0.05007262569249882,-0.05560850376974302
2022-02-04,XLK,0.010126716579113015,-0.04699335234566182
2022-02-07,XLK,-0.021176727410227136,-0.04453681467307269
2022-02-08,XLK,-0.011638664831220114,-0.03289944925525101
2022-02-09,XLK,0.0021378014141384405,-0.02316162148267653
2022-02-10,XLK,0.005095586307703348,-0.05315861532727961
2022-02-11,XLK,-0.029511347315297143,-0.05767478558017047
2022-02-14,XLK,-0.02333821060244501,-0.0658785718876993
2022-02-15,XLK,-0.009906430362895846,-0.017740037132896957
2022-02-16,XLK,-0.032366149279723255,-0.00482685703627217
2022-02-17,XLK,-0.036114444127746115,-0.021973843588625752
2022-02-18,XLK,-0.0158176661194811,-0.01224660330811811
2022-02-22,XLK,-0.024605824618791683,-0.026429210575103057
2022-02-23,XLK,-0.073374990923596,-0.02830922532010116
2022-02-24,XLK,-0.04075587826601401,-0.0009842814243364861
2022-02-25,XLK,0.002272696523214046,0.019619364209766843
2022-02-28,XLK,0.01069291466263822,-0.024873170030433545
2022-03-01,XLK,-0.00026473396587989306,-0.06779022275237623
2022-03-02,XLK,0.047606056370157024,-0.05006474673150996
2022-03-03,XLK,0.0009193259119715247,-0.06896347581903817
2022-03-04,XLK,-0.02980224320378788,-0.05793904560656493
2022-03-07,XLK,-0.06360780473591565,-0.09605286347794972
2022-03-08,XLK,-0.04914253348182429,-0.09442424196564836
2022-03-09,XLK,-0.03247743745525178,-0.0700933375373548
2022-03-10,XLK,-0.037921615798420794,-0.10618069336104274
2022-03-11,XLK,-0.03799691915447301,-0.09832900192110194
2022-03-14,XLK,-0.019962399750629967,-0.08715863912612265
2022-03-15,XLK,0.017900635776841867,-0.05618695248038985
2022-03-16,XLK,0.010988088199988866,-0.0504689781672627
2022-03-17,XLK,0.03627963381614041,-0.042771454210551174
2022-03-18,XLK,0.07642664588037795,0.006948057512249584
2022-03-21,XLK,0.09467065146281617,0.015320650239717182
2022-03-22,XLK,0.0743094144044989,0.03952562766928769
2022-03-23,XLK,0.02448880275453269,0.04981399185989277
2022-03-24,XLK,0.0437119917232911,0.04151893081639746
2022-03-25,XLK,0.022198608942818776,0.02696691951924768
2022-03-28,XLK,0.036312918386343096,0.041057962199184894
2022-03-29,XLK,0.043328355593412304,0.08485376135205014
2022-03-30,XLK,0.04549590945665005,0.04769939759880648
2022-03-31,XLK,0.003916467145993918,0.0446376430370059
2022-04-01,XLK,0.0015170105034605363,0.060118756117578
2022-04-04,XLK,0.008556855556833831,0.12128886818829177
2022-04-05,XLK,-0.033210959718853905,0.10303043696285852
2022-04-06,XLK,-0.0433302444526138,0.03594723822436663
2022-04-07,XLK,-0.02743352628776541,0.056025751621801456
2022-04-08,XLK,-0.03817992666658909,0.059917083482669
2022-04-11,XLK,-0.0798909643687552,0.052722894417787325
2022-04-12,XLK,-0.06427516937535327,0.013982045519794095
2022-04-13,XLK,-0.02617765823197693,-0.002136051600830413
2022-04-14,XLK,-0.05130373144734557,-0.03322649855640614
2022-04-18,XLK,-0.034709228351171295,-0.04951425783224195
2022-04-19,XLK,0.008817622816737813,-0.02984024792101403
2022-04-20,XLK,0.012372504088305591,-0.044476825056521174
2022-04-21,XLK,-0.020560223097081165,-0.04601432404945416
2022-04-22,XLK,-0.0242771600264442,-0.09620374785364127
2022-04-25,XLK,-0.012846757665693653,-0.08210099880314103
2022-04-26,XLK,-0.06712029472753833,-0.12667078878462434
2022-04-27,XLK,-0.05242436211989565,-0.1321711164542161
2022-04-28,XLK,0.0025137307928650987,-0.08523435580233607
2022-04-29,XLK,-0.011601780911580817,-0.1101743668177726
2022-05-02,XLK,-0.011429593070946154,-0.09396667294068328
2022-05-03,XLK,0.028608051240184507,-0.10930806420089467
2022-05-04,XLK,0.04919303025450872,-0.05820196740645167
2022-05-05,XLK,-0.03970992631781689,-0.08177261507982003
2022-05-06,XLK,-0.006010249298282422,-0.09057366956235269
2022-05-09,XLK,-0.05878704348640085,-0.11337855166000166
2022-05-10,XLK,-0.046099318362154196,-0.0765967817007629
2022-05-11,XLK,-0.10754346479223242,-0.10175109014383843
2022-05-12,XLK,-0.0721190290410243,-0.12509121947849455
2022-05-13,XLK,-0.033506588908826074,-0.07351321452780946
2022-05-16,XLK,-0.0034780633658139104,-0.08469266597048564
2022-05-17,XLK,0.009986265640362424,-0.07552708533546326
2022-05-18,XLK,-0.004817055078791266,-0.11700288997087727
2022-05-19,XLK,-0.005476068427070269,-0.11161692562321734
2022-05-20,XLK,-0.03533044684849551,-0.08400874026229155
2022-05-23,XLK,-0.004381298130688216,-0.0768433302584357
2022-05-24,XLK,-0.04676692767246282,-0.05535713581432189
2022-05-25,XLK,0.010588044354103543,-0.058284861996880655
2022-05-26,XLK,0.046340883036331215,-0.07277925282602116
2022-05-27,XLK,0.07935300423734803,0.000282982060497039
2022-05-31,XLK,0.04758667421288809,-0.021732171372377374
2022-06-01,XLK,0.06019112421165129,-0.02635218638233927
2022-06-02,XLK,0.07334249759337941,-0.03660923290676943
2022-06-03,XLK,0.023094569882995186,-0.012137543108135196
2022-06-06,XLK,-0.010320576977523976,-0.0040546355272153
2022-06-07,XLK,0.00868652464638986,0.048397782247815435
2022-06-08,XLK,0.00028556595729734013,0.020992932529829034
2022-06-09,XLK,-0.0494351556388366,0.02611764097594338
2022-06-10,XLK,-0.06357600398150876,-0.003042266894140222
2022-06-13,XLK,-0.10514323444198959,-0.07787426453491242
2022-06-14,XLK,-0.11011492708665471,-0.06379026632479923
2022-06-15,XLK,-0.08095958314323537,-0.0709440293971797
2022-06-16,XLK,-0.09418324246461485,-0.06602644353769904
2022-06-17,XLK,-0.049355324720996685,-0.047028904617353096
2022-06-21,XLK,0.020044798177738743,-0.02494117632915649
2022-06-22,XLK,0.00935846361853132,-0.050870361682744725
2022-06-23,XLK,0.0032996512169709558,-0.02214730234771911
2022-06-24,XLK,0.08346232844182189,0.0013231106790749791
2022-06-27,XLK,0.06639738882759527,-0.028762132666337314
2022-06-28,XLK,0.008787269407690923,-0.0886883861153478
2022-06-29,XLK,0.015127537883848463,-0.08027883840589478
2022-06-30,XLK,-0.013196796020576551,-0.08983564092679996
2022-07-01,XLK,-0.04526010560771776,-0.10932146720565261
2022-07-05,XLK,-0.026707038665402694,-0.07603949049833458
2022-07-06,XLK,0.011976881475304069,-0.06815655290200717
2022-07-07,XLK,0.03081352517002811,-0.06010342203327268
2022-07-08,XLK,0.04523277641103607,-0.04893797091433305
2022-07-11,XLK,0.02849051904039457,-0.03630516957794816
2022-07-12,XLK,0.0018602325427714561,-0.011474188139667163
2022-07-13,XLK,-0.009299050705049439,0.03164911208844634
2022-07-14,XLK,-0.02048053375179515,0.03456842057640985
2022-07-15,XLK,-0.0036878394850152763,0.031026108974471223
2022-07-18,XLK,0.0004579886001732092,0.0643832581456385
2022-07-19,XLK,0.04526130891364333,0.08691271393993882
2022-07-20,XLK,0.06438551154256333,0.07649425776627261
2022-07-21,XLK,0.06956726310394834,0.09628100815914098
2022-07-22,XLK,0.03656166587823573,0.06520732842496946
2022-07-25,XLK,0.040045708370360256,0.021731176650757966
2022-07-26,XLK,-0.007105741997403547,0.011995531804004589
2022-07-27,XLK,0.019678383041340286,0.08811635257540651
2022-07-28,XLK,0.02084238519379733,0.10245272386639726
2022-07-29,XLK,0.05101274098858477,0.13451848297038915
2022-08-01,XLK,0.05544564223456039,0.12950314977426558
2022-08-02,XLK,0.06523035699913637,0.10758877794300048
2022-08-03,XLK,0.04845978461594114,0.12734416916236135
2022-08-04,XLK,0.03745419789518589,0.10955490826288927
2022-08-05,XLK,0.019414786536614326,0.10649507290641402
2022-08-08,XLK,0.012924769672436387,0.1124086188921436
2022-08-09,XLK,0.00993763900569511,0.11651861112992301
2022-08-10,XLK,0.010634726135715367,0.15002732809827712
2022-08-11,XLK,0.002103731550758381,0.13513733237942027
2022-08-12,XLK,0.02441876237439078,0.1377100050392306
2022-08-15,XLK,0.039719835230169975,0.156063841882506
2022-08-16,XLK,0.04739769290486184,0.11880063617607606
2022-08-17,XLK,0.01227619797103685,0.09372523265839416
2022-08-18,XLK,0.02153460821119868,0.08416002443169379
2022-08-19,XLK,-0.016599399768008283,0.07936144917879817
2022-08-22,XLK,-0.050013012719285044,0.05595898085571949
2022-08-23,XLK,-0.04995020439642317,0.0705231772197974
2022-08-24,XLK,-0.04251321652907791,0.027017412976395816
2022-08-25,XLK,-0.031355633450676046,0.028724429290202025
2022-08-26,XLK,-0.05556679649688645,-0.030092831960476518
2022-08-29,XLK,-0.041325404406692634,-0.04085913245923334
2022-08-30,XLK,-0.04881612610011821,-0.04408996972627388
2022-08-31,XLK,-0.05866839698233006,-0.07791985742375018
2022-09-01,XLK,-0.07883941932249128,-0.08659062292614161
2022-09-02,XLK,-0.05025747759028787,-0.09638148039161087
2022-09-06,XLK,-0.043903195992275434,-0.0946696679700344
2022-09-07,XLK,-0.01837638806020292,-0.07088931002651289
2022-09-08,XLK,-0.00532300396065144,-0.09247932748937226
2022-09-09,XLK,0.019316245064023185,-0.07090155726255354
2022-09-12,XLK,0.04930378753350717,-0.07443091640293609
2022-09-13,XLK,0.00022708282402428281,-0.129057765068055
2022-09-14,XLK,-0.011933077999015995,-0.123519608779871
2022-09-15,XLK,-0.03798114176799605,-0.13753578031319658
2022-09-16,XLK,-0.06188007703003029,-0.14676825187681686
2022-09-19,XLK,-0.06915628651803063,-0.12389705410354068
2022-09-20,XLK,-0.022744616370728332,-0.10405826678355445
2022-09-21,XLK,-0.041494884860125425,-0.11571904736786931
2022-09-22,XLK,-0.028899245087288028,-0.1252728817969181
2022-09-23,XLK,-0.036240489516376484,-0.15107108418989312
2022-09-26,XLK,-0.05068002202694655,-0.11936384043298609
2022-09-27,XLK,-0.04382960442278416,-0.10639859927285877
2022-09-28,XLK,-0.01839419933654729,-0.08743689171157298
2022-09-29,XLK,-0.03413614461167935,-0.10247642372580068
2022-09-30,XLK,-0.040083947057257485,-0.1153545742328177
2022-10-03,XLK,-0.0034178560029065608,-0.07593242244653386
2022-10-04,XLK,0.028689907525169867,-0.03855055426904397
2022-10-05,XLK,0.021312569880701515,-0.05054018468176935
2022-10-06,XLK,0.040049511089640166,-0.06153559355214144
2022-10-07,XLK,0.016753480401977328,-0.11757874955286685
2022-10-10,XLK,-0.030377394369573207,-0.14610351837944102
2022-10-11,XLK,-0.07624246562439685,-0.11205546753679052
2022-10-12,XLK,-0.0821324230770798,-0.11799660461565398
2022-10-13,XLK,-0.04581191223975134,-0.06917463232972942
2022-10-14,XLK,-0.032872363630959134,-0.09029330117524004
2022-10-17,XLK,0.013643247597774133,-0.07014852202797595
2022-10-18,XLK,0.03814593009388356,-0.05672967581676236
2022-10-19,XLK,0.03834920869743552,-0.0445251535959299
2022-10-20,XLK,0.007655304300596022,-0.03413614461167935
2022-10-21,XLK,0.06455485385931303,0.004848897767309124
2022-10-24,XLK,0.047357872364451215,0.025878827140161098
2022-10-25,XLK,0.05841159757200054,0.04413214985426284
2022-10-26,XLK,0.037842045215885634,0.010214047303005902
2022-10-27,XLK,0.025433461512273325,0.025433461512273325
2022-10-28,XLK,0.042142589820005405,0.09092438811361858
2022-10-31,XLK,0.014358315855342196,0.04417756793822547
2022-11-01,XLK,-0.012999188191350597,0.0018172356925278965
2022-11-02,XLK,-0.025396059760353307,-0.03598700336963845
2022-11-03,XLK,-0.04316323123504484,-0.05660987343870694
2022-11-04,XLK,-0.06629114445779616,0.0018217606749042492
2022-11-07,XLK,-0.038007332348086065,0.0359609586763745
2022-11-08,XLK,-0.02058365267608131,0.06217935026786248
2022-11-09,XLK,-0.011926163314890936,0.037748847593142454
2022-11-10,XLK,0.10166652539004706,0.08919964118981283
2022-11-11,XLK,0.10042179310364485,0.1398976275675985
2022-11-14,XLK,0.07308353953795477,0.096709966740391
2022-11-15,XLK,0.0757709959527928,0.10067544879245771
2022-11-16,XLK,0.08936819026704512,0.0887383305972802
2022-11-17,XLK,0.007945169831455656,0.0895129640402541
2022-11-18,XLK,-0.007886791155453099,0.062328999713369804
2022-11-21,XLK,-0.010075751170006808,0.0365700384329275
2022-11-22,XLK,-0.0029939466332180587,0.03681789556697335
2022-11-23,XLK,0.01980753506719357,0.06981939918287372
2022-11-25,XLK,0.012581270573832404,0.07585763761556197
2022-11-28,XLK,-0.010220141833736762,0.008951996524595884
2022-11-29,XLK,-0.009259957400896912,0.012434588430434879
2022-11-30,XLK,0.02072069082150496,0.07223972458534678
2022-12-01,XLK,0.013171394478184384,0.11215476129041835
2022-12-02,XLK,0.01317343558778905,0.13920201907927
2022-12-05,XLK,0.018127508741815346,0.10017354613730123
2022-12-06,XLK,0.006179379771031668,0.05893822323215092
2022-12-07,XLK,-0.0467784908656419,0.04356229219137542
2022-12-08,XLK,-0.03253765774827466,0.08895490433610043
2022-12-09,XLK,-0.03287499040221076,7.64643781683283e-05
2022-12-12,XLK,0.004958385504550966,0.004731674372449923
2022-12-13,XLK,0.03907579620639878,0.025378767725864115
2022-12-14,XLK,0.03557113031607595,0.004566015021361114
2022-12-15,XLK,-0.01920732411222148,-0.01957941852230205
2022-12-16,XLK,-0.02620126711605364,-0.033803402261092796
2022-12-19,XLK,-0.05972847788829161,-0.04776937515398394
2022-12-20,XLK,-0.069296741491505,-0.03596324521212968
2022-12-21,XLK,-0.045848924550578096,-0.0386139177833531
2022-12-22,XLK,-0.03376888625766805,-0.07108661408872241
2022-12-23,XLK,-0.019785229620737588,-0.06468724662746861
2022-12-27,XLK,-0.015946342390243284,-0.05327834110123786
2022-12-28,XLK,-0.03327776772213953,-0.05933370660829884
2022-12-29,XLK,-0.024120779379283253,-0.08084874827598687
2022-12-30,XLK,-0.00024105497057991254,-0.08338364882412586
2023-01-03,XLK,-0.010754424253920147,-0.08677629050165714
2023-01-04,XLK,0.0012963951071849333,-0.06892901322675804
2023-01-05,XLK,-0.0020587170085385464,-0.067035414790794
2023-01-06,XLK,0.0009628856866152891,-0.03481375473405102
2023-01-09,XLK,0.013982612348243606,-0.03930829997660246
2023-01-10,XLK,0.03001786188709543,-0.027388679491103463
2023-01-11,XLK,0.04515292670342963,-0.031689689015190314
2023-01-12,XLK,0.07377434516563341,-0.03588030805526654
2023-01-13,XLK,0.04618000534240885,-0.024925935391272747
2023-01-17,XLK,0.038833431818153574,0.01754293255826922
2023-01-18,XLK,0.01913961604789627,0.0178969167599079
2023-01-19,XLK,-0.0099103165877098,0.01961404413767509
2023-01-20,XLK,0.009376026541833227,0.04561716623347234
2023-01-23,XLK,0.0294273794980906,0.05200105619953499
2023-01-24,XLK,0.02433624136939816,0.07873373993490329
2023-01-25,XLK,0.03555180463287533,0.07536125850574393
2023-01-26,XLK,0.06451365479060711,0.10298159476102375
2023-01-27,XLK,0.04081027627999467,0.125751591650334
2023-01-30,XLK,-0.0017867734083898412,0.07607718916156503
2023-01-31,XLK,0.012586695202624787,0.09257480331132006
2023-02-01,XLK,0.03858478925397746,0.1289955430882359
2023-02-02,XLK,0.0501729446240764,0.1568217312041258
2023-02-03,XLK,0.03708839570591049,0.16991243076774243
2023-02-06,XLK,0.04437322897135898,0.12274513344837334
2023-02-07,XLK,0.05575132254814963,0.13758094027607948
2023-02-08,XLK,0.019042874633538043,0.1169659345220162
2023-02-09,XLK,-0.013500614379968301,0.0919013839479943
2023-02-10,XLK,-0.009804432861030388,0.07885060590482018
2023-02-13,XLK,0.01978000439111649,0.09441303721279781
2023-02-14,XLK,-0.0008355742724579507,0.0941411511181629
2023-02-15,XLK,0.016077739625955267,0.11361015126605123
2023-02-16,XLK,0.003970813754138103,0.10720992183598566
2023-02-17,XLK,-0.003989421818890393,0.06456522396291153
2023-02-21,XLK,-0.04418442403772416,0.016154270167353824
2023-02-22,XLK,-0.04964451583954321,0.015118865677035132
2023-02-23,XLK,-0.03837875812505276,0.03410681323147702
2023-02-24,XLK,-0.03884432132890592,-0.0002936091383748396
2023-02-27,XLK,-0.021456084245340512,0.0008777263001034097
2023-02-28,XLK,0.00014669291641555837,0.018122486987004915
2023-03-01,XLK,-0.005722537605222566,-0.003236152937543424
2023-03-02,XLK,-0.009887284014613695,-0.014156267199838202
2023-03-03,XLK,0.02975936965186121,-0.019726200183996956
2023-03-06,XLK,0.02916246191733829,-0.006771467945977716
2023-03-07,XLK,0.018605055365877643,-0.006997993190532403
2023-03-08,XLK,0.03460723700130819,-0.0231988653700691
2023-03-09,XLK,0.00736201687405158,-0.025456577228560984
2023-03-10,XLK,-0.03118301326188233,-0.037297009243286494
2023-03-13,XLK,-0.030537535670048577,-0.02756807616290402
2023-03-14,XLK,0.004314714136278264,-0.02205718653891997
2023-03-15,XLK,-0.0033521098905190394,-0.025659075905756334
2023-03-16,XLK,0.03950828414647867,-0.002983805545918705
2023-03-17,XLK,0.05663986361228046,0.013207100163189933
2023-03-20,XLK,0.053745788469888645,0.02880036293217536
2023-03-21,XLK,0.038303188460882875,0.062340023415899726
2023-03-22,XLK,0.027381022292991775,0.05331046260246719
2023-03-23,XLK,0.015601502798133993,0.05298333825005086
2023-03-24,XLK,0.019672600920265015,0.07489300851107816
2023-03-27,XLK,0.009057282995486249,0.0608808478099907
2023-03-28,XLK,-0.0037323834197450223,0.05821972978799961
2023-03-29,XLK,0.027364978671874818,0.08836247614429538
2023-03-30,XLK,0.02266815342143591,0.0876059954850763
2023-03-31,XLK,0.034598440044020684,0.07994417200181059
2023-04-03,XLK,0.04101352062252728,0.07309715152474539
2023-04-04,XLK,0.040166781194572065,0.08062001492305448
2023-04-05,XLK,0.007202475815293985,0.05953384178349008
2023-04-06,XLK,0.0012759859033937282,0.0810351662682518
2023-04-10,XLK,-0.013376299107892176,0.0997933875258381
2023-04-11,XLK,-0.02109150389542036,0.08355295581168254
2023-04-12,XLK,-0.0212751372493869,0.05308591112369121
2023-04-13,XLK,0.008432657637656327,0.07206219822468163
2023-04-14,XLK,-0.002817507067570335,0.03701851970532033
2023-04-17,XLK,0.0013420410371443037,0.04223718346137795
2023-04-18,XLK,0.013957422975107825,0.04263910209997479
2023-04-19,XLK,0.016831131663080257,0.03130814837779039
2023-04-20,XLK,-0.008295156096701284,0.03483444980535877
2023-04-21,XLK,-0.005987423315812257,0.01497432605354887
2023-04-24,XLK,-0.013941866098286848,0.007878853741277503
2023-04-25,XLK,-0.037955265318850295,-0.005938042119607467
2023-04-26,XLK,-0.0208414925877648,0.013597280933327127
2023-04-27,XLK,0.006543093258937871,0.013861178589649192
2023-04-28,XLK,0.02077720893087065,0.013097607683572265
2023-05-01,XLK,0.02589886381298534,-0.000596046838891251
2023-05-02,XLK,0.038480084335518194,-0.00835721592065819
2023-05-03,XLK,0.01464662686931062,-0.011270999327821829
2023-05-04,XLK,-0.011191929518126087,-0.004654833750075249
2023-05-05,XLK,0.0027184500956716207,0.01455710241123942
2023-05-08,XLK,0.0015904750901010178,0.014564599804828271
2023-05-09,XLK,0.0032776097598683496,0.016328907253100322
2023-05-10,XLK,0.02414823178296266,0.03461666939278207
2023-05-11,XLK,0.02446793722174556,0.011172339143034504
2023-05-12,XLK,-0.001917525371323281,0.015472765119358689
2023-05-15,XLK,0.006880082676554489,0.020175770383236147
2023-05-16,XLK,0.015733410637920997,0.018109048667071637
2023-05-17,XLK,0.016860918481214737,0.03464697721638266
2023-05-18,XLK,0.042341929499665865,0.06280344753646849
2023-05-19,XLK,0.043259137290834415,0.0657825320628187
2023-05-22,XLK,0.03666206756336887,0.07253060143506085
2023-05-23,XLK,0.02028072978524631,0.07973881642757275
2023-05-24,XLK,-0.0005182426986120037,0.05612193648584496
2023-05-25,XLK,0.017010341987773403,0.07385575926532773
2023-05-26,XLK,0.046355271733957704,0.09248831301191318
2023-05-30,XLK,0.04994302201580281,0.09766767524214193
2023-05-31,XLK,0.05680289697854812,0.09878959297613621
2023-06-01,XLK,0.07543249461501134,0.11939252415107227
2023-06-02,XLK,0.04162763333823927,0.1312183491029526
2023-06-05,XLK,0.007039564600094694,0.09719628172917183
2023-06-06,XLK,0.0014487703669781027,0.0975123775452591
2023-06-07,XLK,-0.005235194994446468,0.08946636959301135
2023-06-08,XLK,-0.004579505252530702,0.08799314945574599
2023-06-09,XLK,-0.005332623612689935,0.09831254502196507
2023-06-12,XLK,0.02217668278008489,0.12368314655942436
2023-06-13,XLK,0.028631707121938632,0.12122193091835332
2023-06-14,XLK,0.05501193523563486,0.13159615596044594
2023-06-15,XLK,0.05714602416627712,0.13109630959677387
2023-06-16,XLK,0.043250568872570616,0.09926997558665618
2023-06-20,XLK,0.014146803417904419,0.09232656624231095
2023-06-21,XLK,-0.006889820542402503,0.07411754309034202
2023-06-22,XLK,-0.009006890863140438,0.09911317556551258
2023-06-23,XLK,-0.032220852552815926,0.09521901143828093
2023-06-26,XLK,-0.03117537460781772,0.047186816430052625
2023-06-27,XLK,-0.0053594241452439295,0.03833980123047809
2023-06-28,XLK,0.010170371273631629,0.03342914286139309
2023-06-29,XLK,0.0037536608919745973,0.043940054349492774
2023-06-30,XLK,0.030892388325487685,0.04985942687669387
2023-07-03,XLK,0.03613243496605101,0.04166229009756539
2023-07-05,XLK,0.009839508626206195,0.04122677154001453
2023-07-06,XLK,0.006555832167052467,0.038699294121009364
2023-07-07,XLK,0.0004090668047562751,0.04986333484732808
2023-07-10,XLK,-0.012653754046700993,0.04134360240227619
2023-07-11,XLK,-0.008415637599806014,0.03843361336958595
2023-07-12,XLK,0.009047662032857895,0.027853068034142225
2023-07-13,XLK,0.02494749035294186,0.03497901860271657
2023-07-14,XLK,0.027919074981611836,0.02290269140163259
2023-07-17,XLK,0.03833153356054897,0.022810354414909417
2023-07-18,XLK,0.047840565887344644,0.043002417190664444
2023-07-19,XLK,0.03350968802753207,0.047477643376609535
2023-07-20,XLK,-0.00017025670171622043,0.04198187461318481
2023-07-21,XLK,0.0007953217077634189,0.03302053130185301
2023-07-24,XLK,-0.010098642718457618,0.046190508183262535
2023-07-25,XLK,-0.009985562594712838,0.06581462135046046
2023-07-26,XLK,-0.020855447363493984,0.031158443982986395
2023-07-27,XLK,-0.003802016737281977,0.027569478975329575
2023-07-28,XLK,0.0102766196960562,0.039733682777150614
2023-07-31,XLK,0.010825062105878525,0.025825389133665055
2023-08-01,XLK,0.0010644448303172016,0.02974203509920237
2023-08-02,XLK,-0.01039421421922282,0.010497562736956123
2023-08-03,XLK,-0.011563686541712248,0.009071683022209731
2023-08-04,XLK,-0.03810267793298516,-0.0002919022710106134
2023-08-07,XLK,-0.03762264811542926,-0.00011659988920287301
2023-08-08,XLK,-0.04662721126413061,-0.009939977971475833
2023-08-09,XLK,-0.035068676071697946,-0.0336821661390041
2023-08-10,XLK,-0.03100494282997246,-0.046014081324243894
2023-08-11,XLK,-0.02488913841044227,-0.05165080769416486
2023-08-14,XLK,-0.012118371937898553,-0.04869840773633449
2023-08-15,XLK,-0.014267286455837414,-0.06862304833625332
2023-08-16,XLK,-0.010885022694990365,-0.07519063112702717
2023-08-17,XLK,-0.02039977746942745,-0.0653160455669679
2023-08-18,XLK,-0.01162361835245529,-0.0634189400184706
2023-08-21,XLK,-0.00855158008210577,-0.04721167055947606
2023-08-22,XLK,0.0001785491132431094,-0.05906094598576972
2023-08-23,XLK,0.028023390919592384,-0.02902420201080813
2023-08-24,XLK,0.013963918802422537,-0.04864713520633113
2023-08-25,XLK,0.022732798707765456,-0.05187138847202766
2023-08-28,XLK,0.011778172943985865,-0.04631328277977431
2023-08-29,XLK,0.033230159143577076,-0.02882715139451253
2023-08-30,XLK,0.022579671858429684,0.003328928707594825
2023-08-31,XLK,0.0517932872251059,0.01233285680431595
2023-09-01,XLK,0.0443956912563368,0.029446089431652833
2023-09-05,XLK,0.03962584109620737,0.030237623101585065
2023-09-06,XLK,0.008415063974616555,0.027242797180609957
2023-09-07,XLK,-0.01361494225600246,0.02563637301197219
2023-09-08,XLK,-0.016338404998188505,0.02765534790766644
2023-09-11,XLK,-0.01424511163721931,0.04068322376080813
2023-09-12,XLK,-0.035570801017239084,0.005779657587988707
2023-09-13,XLK,-0.022805135681292277,0.018345411510280796
2023-09-14,XLK,-0.0012757883639147316,0.03560041204977926
2023-09-15,XLK,-0.022512894564299724,0.025438570049357345
2023-09-18,XLK,-0.0229044072282526,0.028805433121719126
2023-09-19,XLK,-0.005385586785832008,0.008991414840792356
2023-09-20,XLK,-0.023478632686378065,-0.005741470333234022
2023-09-21,XLK,-0.045291041461769765,-0.0382543825531122
2023-09-22,XLK,-0.02450432820688997,-0.013465007754599356
2023-09-25,XLK,-0.026040730943108437,-0.020257696916491597
2023-09-26,XLK,-0.04306987265234119,-0.04570556183588703
2023-09-27,XLK,-0.02629065352342186,-0.06301726233674432
2023-09-28,XLK,-0.004205754917719018,-0.0634463236041094
2023-09-29,XLK,-0.0029198215252126403,-0.06478345309201028
2023-10-02,XLK,0.004547060855756957,-0.05763949507043009
2023-10-03,XLK,0.005618472052526746,-0.07692164155622128
2023-10-04,XLK,0.016582427884504813,-0.05542844373499045
2023-10-05,XLK,0.010773122351685815,-0.04029032444415559
2023-10-06,XLK,0.02616984234598685,-0.024368724593580637
2023-10-09,XLK,0.02051997420029017,-0.024404819563857094
2023-10-10,XLK,0.039722589223190274,-0.004856528701788987
2023-10-11,XLK,0.03644413687779213,0.0018428126256562205
2023-10-12,XLK,0.036032353555842,-0.004439601731880294
2023-10-13,XLK,0.002437395181620561,0.0005341952211228573
2023-10-16,XLK,0.006860501333164848,0.005314382480916313
2023-10-17,XLK,0.0006494867248196812,0.00118175500206541
2023-10-18,XLK,-0.01872235027417335,0.00672242664024103
2023-10-19,XLK,-0.025251412025218523,0.016457511764933708
2023-10-20,XLK,-0.027812502446435183,-0.0028588915409438753
2023-10-23,XLK,-0.03594718564035593,-0.0049109952149929414
2023-10-24,XLK,-0.024784721068323523,0.020312472731798703
2023-10-25,XLK,-0.026293723674167047,0.0067192523977224194
2023-10-26,XLK,-0.03939787077300194,-0.019464859440423532
2023-10-27,XLK,-0.017201392580300734,-0.017141335320130402
2023-10-30,XLK,-0.007798622468889738,-0.017140440914080624
2023-10-31,XLK,-0.007563918328665875,0.006937462526488858
2023-11-01,XLK,0.023697363047824327,0.013765156411016166
2023-11-02,XLK,0.061302052722235656,0.02955246279301571
2023-11-03,XLK,0.06603782405870007,0.02104395297489159
2023-11-06,XLK,0.061651749367243935,0.022473441642890446
2023-11-07,XLK,0.06566697259625887,0.03206375278051765
2023-11-08,XLK,0.05138172811282948,0.0283758903386635
2023-11-09,XLK,0.029057173405753423,0.022620909084966945
2023-11-10,XLK,0.04517944253848416,0.06457934900187756
2023-11-13,XLK,0.03227483117250607,0.04828186025050485
2023-11-14,XLK,0.04153775256988457,0.07423565977950664
2023-11-15,XLK,0.03698008749566273,0.0867518699114116
2023-11-16,XLK,0.04704195334004102,0.09846478095374689
2023-11-17,XLK,0.01827073262014589,0.1150421049111392
2023-11-20,XLK,0.039110255268246075,0.1298970504240582
2023-11-21,XLK,0.010492303261102176,0.11309460541363592
2023-11-22,XLK,0.01371597421172921,0.13140662365928435
2023-11-24,XLK,0.006714757569840524,0.1511953513435742
2023-11-27,XLK,0.008752759770134233,0.14448859827155847
2023-11-28,XLK,-0.003774591457904597,0.13447952820839726
2023-11-29,XLK,0.005110076798905405,0.12730948117851204
2023-11-30,XLK,0.002110559209511642,0.10754854437930517
2023-12-01,XLK,0.006344544305019184,0.09158288941622184
2023-12-04,XLK,-0.005856638688953808,0.06730335114751407
2023-12-05,XLK,-0.0017862968860899997,0.06668972347549951
2023-12-06,XLK,-0.01097956222369334,0.04622939929185432
2023-12-07,XLK,-0.0004319760951978502,0.05296685331500872
2023-12-08,XLK,0.005819566977953494,0.06693336145693007
2023-12-11,XLK,0.027110719663665517,0.048852157323407086
2023-12-12,XLK,0.027762707896290317,0.06202717103844457
2023-12-13,XLK,0.0456634210037723,0.050373651957313026
2023-12-14,XLK,0.03058143264226998,0.04646955259759866
2023-12-15,XLK,0.027001040143238786,0.04651171663599274
2023-12-18,XLK,0.021155299626254287,0.05182335567997365
2023-12-19,XLK,0.018280604193404937,0.040738135257520014
2023-12-20,XLK,-0.005865572361972715,0.03337017602679615
2023-12-21,XLK,0.00777568126473227,0.040337326352099856
2023-12-22,XLK,0.004036036473967108,0.0437271016381966
2023-12-26,XLK,0.005212293445465033,0.04813172248817521
2023-12-27,XLK,0.0013499562929923936,0.046091654877252974
2023-12-28,XLK,0.017925799109049345,0.046546230595587046
2023-12-29,XLK,0.0035454426022245578,0.0418269451757749
2024-01-02,XLK,-0.024004050071706584,0.012251151749196776
2024-01-03,XLK,-0.03795687585775909,0.014288236543001043
2024-01-04,XLK,-0.04495957640102399,0.00084762819902795
2024-01-05,XLK,-0.046356172713559074,0.009111960336562364
2024-01-08,XLK,-0.019430519342238717,0.022025197020073994
2024-01-09,XLK,0.008535980821781086,0.01498493535444445
2024-01-10,XLK,0.02759649342469106,0.014767945888835454
2024-01-11,XLK,0.0404517696555351,0.013204388439731929
2024-01-12,XLK,0.04410171103821692,0.007604840384612732
2024-01-16,XLK,0.021087131944460324,0.012609721217867298
2024-01-17,XLK,0.014441371058431685,0.0025722167535575657
2024-01-18,XLK,0.026278587015382104,0.019859186978184118
2024-01-19,XLK,0.04461962719485357,0.03941210916266735
2024-01-22,XLK,0.045828064007078284,0.059998919871721235
2024-01-23,XLK,0.04742627553231715,0.05245050915693916
2024-01-24,XLK,0.0598633561644113,0.05831814381611622
2024-01-25,XLK,0.04313597399107327,0.05833545140576657
2024-01-26,XLK,0.007893258152957827,0.04620412742203084
2024-01-29,XLK,0.012683419159986942,0.05453986078467654
2024-01-30,XLK,0.000297253932549868,0.04904402881821879
2024-01-31,XLK,-0.027404625760049317,0.05463074024578618
2024-02-01,XLK,-0.019255232510728915,0.0789089700527148
2024-02-02,XLK,0.002428871719533099,0.09811605574546411
2024-02-05,XLK,-0.0044204749500711404,0.10091237808733822
2024-02-06,XLK,-0.0007429907445809514,0.0690365338629324
2024-02-07,XLK,0.034196554952866665,0.08146412131063197
2024-02-08,XLK,0.024529130408460498,0.0756884399187614
2024-02-09,XLK,0.027689753811044993,0.0846467389436365
2024-02-12,XLK,0.017562933750373766,0.07292959814683098
2024-02-13,XLK,0.00490664773387528,0.05209622757999255
2024-02-14,XLK,0.0021523780574930207,0.06836321139438306
2024-02-15,XLK,-0.0030720090435883973,0.04492476884073815
2024-02-16,XLK,-0.025356056232928248,0.011989769019465024
2024-02-20,XLK,-0.027877443053550888,-0.0026859095961646595
2024-02-21,XLK,-0.01731109870577563,-0.012929778364642708
2024-02-22,XLK,0.0043439948323775734,0.012398597822012913
2024-02-23,XLK,0.00410860855250017,0.00583047833004291
2024-02-26,XLK,0.014414863358414465,0.018537880828051634
2024-02-27,XLK,0.02573441014747524,0.01016700865972231
2024-02-28,XLK,0.027352564787588962,0.01376777736402457
2024-02-29,XLK,0.00588015960885091,0.047045554746535156
2024-03-01,XLK,0.026645180926798684,0.05290494289395409
2024-03-04,XLK,0.02564587727296752,0.04212798313127464
2024-03-05,XLK,-0.0004376210323923102,0.014208220362773805
2024-03-06,XLK,0.012262018418577991,0.02696163951542263
2024-03-07,XLK,0.01690993658493012,0.02954416506188995
2024-03-08,XLK,-0.016179381334598397,0.011068950182810067
2024-03-11,XLK,-0.01888389819834413,-0.00509999190264443
2024-03-12,XLK,0.026461883729539393,0.02307783217951176
2024-03-13,XLK,0.007383666935055766,0.02949302261025233
2024-03-14,XLK,-0.008076781403347,0.01903541243406215
2024-03-15,XLK,-0.008295262062479325,0.00577160775260821
2024-03-18,XLK,-0.0006738919191875414,0.02009514282593039
2024-03-19,XLK,-0.01567431453835877,0.035920606146558676
2024-03-20,XLK,0.006210011654165459,0.05413441111857242
2024-03-21,XLK,0.006736862794669118,0.021463282967863595
2024-03-22,XLK,0.022499889970560405,0.02419334871062917
2024-03-25,XLK,0.010760968964918849,0.01642078822226889
2024-03-26,XLK,0.0013985096788509122,0.011343034686364328
2024-03-27,XLK,-0.004625886578458305,0.021322319968343217
2024-03-28,XLK,-0.007481933658010753,0.007894183781138597
2024-04-01,XLK,-0.00504984952900378,-0.007425987729160921
2024-04-02,XLK,-0.008056679516110998,-0.016978633640316265
2024-04-03,XLK,-0.001300224350537893,0.01047026488643965
2024-04-04,XLK,-0.022087104757882225,-0.01333424674376904
2024-04-05,XLK,-0.00873862682987303,-0.017526983775682514
2024-04-08,XLK,-0.012640734098928408,-0.003855855920493645
2024-04-09,XLK,0.001982003841936919,0.003927788643752095
2024-04-10,XLK,-0.012922489902346568,-0.028300525424449496
2024-04-11,XLK,0.022977842526703984,0.0019392180855304364
2024-04-12,XLK,-0.004989025477872611,-0.014468645367436306
2024-04-15,XLK,-0.02274376497534325,-0.01836903813771107
2024-04-16,XLK,-0.026489579268003216,-0.022006774361099546
2024-04-17,XLK,-0.028625815593446124,-0.041085894084509245
2024-04-18,XLK,-0.05852489588939169,-0.06252092631355277
2024-04-19,XLK,-0.06274946780327495,-0.08249134330713137
2024-04-22,XLK,-0.0360757269201164,-0.07460341010593441
2024-04-23,XLK,-0.022948103385436625,-0.05462303618112185
2024-04-24,XLK,-0.004123752407733106,-0.04637387380507618
2024-04-25,XLK,0.005188675829906453,-0.053277219097173756
2024-04-26,XLK,0.03791613838174701,-0.040524224011096344
2024-04-29,XLK,0.0331531152961102,-0.039071083831831444
2024-04-30,XLK,-0.004362453873829164,-0.051102234388073375
2024-05-01,XLK,-0.019037559409852745,-0.06331068157659692
2024-05-02,XLK,-0.002732761982013887,-0.03454017482210048
2024-05-03,XLK,0.01361158854771527,-0.018890686355584108
2024-05-06,XLK,0.021127004320993015,-0.006207264752063568
2024-05-07,XLK,0.040709132209851395,-0.014426839584598006
2024-05-08,XLK,0.054463153872392756,0.0006350694846732896
2024-05-09,XLK,0.039176010784824244,-0.019252765804462002
2024-05-10,XLK,0.014761675250782647,0.0005840701366182088
2024-05-13,XLK,0.007710042140016471,0.0247618620615635
2024-05-14,XLK,0.019974494296058465,0.03261296898147048
2024-05-15,XLK,0.03998232329755247,0.07130990409369686
2024-05-16,XLK,0.03667328289166916,0.07991645293784133
2024-05-17,XLK,0.03055368840828976,0.1001920709770645
2024-05-20,XLK,0.03777046813417595,0.10326882206186094
2024-05-21,XLK,0.03033502048936998,0.08892609311706257
2024-05-22,XLK,0.009904721290183272,0.08640097876108754
2024-05-23,XLK,0.005181771957286863,0.07990903581724473
2024-05-24,XLK,0.015909800058198087,0.07686533190876577
2024-05-28,XLK,0.008352507885612148,0.0767851029314619
2024-05-29,XLK,0.0003260599290078048,0.0940539079907714
2024-05-30,XLK,-0.024681616091156378,0.0801502718542435
2024-05-31,XLK,-0.015136598349426822,0.0664773151496838
2024-06-03,XLK,-0.02091184360523768,0.04018748839941311
2024-06-04,XLK,-0.02299878141388778,0.030254173347379565
2024-06-05,XLK,0.005076202112588968,0.05659450149618972
2024-06-06,XLK,0.0251156898278333,0.05008789257664592
2024-06-07,XLK,0.02588507606326873,0.05283720006757253
2024-06-10,XLK,0.025914909850056622,0.05162017783605455
2024-06-11,XLK,0.042817381990980286,0.06614692213826112
2024-06-12,XLK,0.04272076129369684,0.08015742466110276
2024-06-13,XLK,0.05448626865587913,0.06473277362335428
2024-06-14,XLK,0.05598331571527093,0.0724483169225425
2024-06-17,XLK,0.06925746067334337,0.09111512926858634
2024-06-18,XLK,0.051051392059318745,0.07979099527458855
2024-06-20,XLK,0.016752613200174737,0.06591823276095066
2024-06-21,XLK,0.007009953942247238,0.06168084842448551
2024-06-24,XLK,-0.021345892285533852,0.04414542717385328
2024-06-25,XLK,-0.018270382788065698,0.054404670699736535
2024-06-26,XLK,-0.02062610873198434,0.04875933815617839
2024-06-27,XLK,-0.009015745047331047,0.055963878225907315
2024-06-28,XLK,-0.007806620315853441,0.08005009084569448
2024-07-01,XLK,0.02481802995317306,0.08650505021058397
2024-07-02,XLK,0.011390778347579511,0.0891921770549513
2024-07-03,XLK,0.02621092971623984,0.1015833706076188
2024-07-05,XLK,0.028849116662841068,0.08094043123994954
2024-07-08,XLK,0.03642293730537771,0.09196327663196158
2024-07-09,XLK,0.027814147388665056,0.08854811115977168
2024-07-10,XLK,0.03754138554095432,0.101535760570173
2024-07-11,XLK,-0.0018949167988770999,0.05435139532685751
2024-07-12,XLK,0.003950440435511293,0.040749031103480826
2024-07-15,XLK,-0.0010661468152536324,0.03443649849761843
2024-07-16,XLK,-0.0035853588048416762,0.02714243630851887
2024-07-17,XLK,-0.05604173462372686,-0.02754591476690882
2024-07-18,XLK,-0.031718172126456,-0.028678041815015765
2024-07-19,XLK,-0.055303624367527005,-0.03300780852490537
2024-07-22,XLK,-0.03466822387631785,-0.00837681050455874
2024-07-23,XLK,-0.03529818292772968,0.012498866441144507
2024-07-24,XLK,-0.03779644733013521,-0.04688749405671988
2024-07-25,XLK,-0.048177049545467754,-0.056002472269398695
2024-07-26,XLK,-0.020781494680335966,-0.04448870538588534
2024-07-29,XLK,-0.047678100501754694,-0.0482253774889847
2024-07-30,XLK,-0.0678951872671415,-0.07909986093874877
2024-07-31,XLK,0.013525959637958884,-0.04487534599893195
2024-08-01,XLK,-0.013719115899284873,-0.09273358012619026
2024-08-02,XLK,-0.05344935745075419,-0.12092082771701373
2024-08-05,XLK,-0.08090282298049212,-0.1559687293461225
2024-08-06,XLK,-0.04440007204485852,-0.14380230241368985
2024-08-07,XLK,-0.09808034092387385,-0.16972400877994387
2024-08-08,XLK,-0.02815240343725256,-0.11660134344914586
2024-08-09,XLK,0.004445255513549462,-0.1204875576951926
2024-08-12,XLK,0.0475492535757287,-0.11489201737512589
2024-08-13,XLK,0.0652574397714456,-0.08464716438228193
2024-08-14,XLK,0.0887301340342248,-0.0423872279500761
2024-08-15,XLK,0.0797224559943599,-0.01493001353963841
2024-08-16,XLK,0.07669107256388852,0.0023995214382583896
2024-08-19,XLK,0.0855724011212542,-0.0046439765942540845
2024-08-20,XLK,0.04951330387076558,-0.00417417930015529
2024-08-21,XLK,0.04994194326908885,0.04493255298794896
2024-08-22,XLK,-0.002895425042568789,0.031933291463327684
2024-08-23,XLK,0.011562832718577498,0.0355095353215531
2024-08-26,XLK,-0.017329455442028352,0.02707608222022584
2024-08-27,XLK,-0.007892397347975977,0.059930550875353816
2024-08-28,XLK,-0.027307528915036183,0.002833738413601905
2024-08-29,XLK,-0.013385465629019544,0.03228238554711549
2024-08-30,XLK,-0.016208177772138455,0.07625072224840435
2024-09-03,XLK,-0.04946863729165818,0.0622032712621583
2024-09-04,XLK,-0.05762067127212955,0.045266551211970096
2024-09-05,XLK,-0.045893599605892677,0.060859555197708026
2024-09-06,XLK,-0.06217801104091014,-0.003859120087122969
2024-09-09,XLK,-0.059320194184570685,0.00792682812337464
2024-09-10,XLK,0.0007133223098623187,0.014712158807639097
2024-09-11,XLK,0.03753508399238892,0.018064440121468905
2024-09-12,XLK,0.04771892089521179,0.020898194738657727
2024-09-13,XLK,0.08101216910463549,-0.002669243980191416
2024-09-16,XLK,0.059538689648974685,-0.00813009604617232
2024-09-17,XLK,0.04188069497624447,-0.026127591188399912
2024-09-18,XLK,-0.0017008188807153823,-0.03161504179934238
2024-09-19,XLK,0.019513148604053177,-0.008688871232709783
2024-09-20,XLK,0.009480961081153927,0.009709949576404586
2024-09-23,XLK,0.013155470248440215,-0.006568463705912464
2024-09-24,XLK,0.022090942850841122,0.012939864791018385
2024-09-25,XLK,0.03445608045905968,0.009720826206712774
2024-09-26,XLK,0.01792386398074375,0.0374083120807569
2024-09-27,XLK,0.013366121932028907,0.03708775842307466
2024-09-30,XLK,0.016524909848383507,0.026485360068374098
2024-10-01,XLK,-0.014981448994991542,0.0496913589770831
2024-10-02,XLK,-0.010523975501644078,0.06018300541131727
2024-10-03,XLK,-0.019408406455682092,0.06620589640651287
2024-10-04,XLK,0.0008439685492787063,0.10678043391377989
2024-10-07,XLK,-0.008947650949698627,0.08145271225383466
2024-10-08,XLK,0.03477702757797929,0.08542224841118284
2024-10-09,XLK,0.03866779739868642,0.06134044434700825
2024-10-10,XLK,0.034109861180379175,0.05235670515576696
2024-10-11,XLK,0.02450180236489663,0.04892302027093587
2024-10-14,XLK,0.045052389792708425,0.06666679794685293
2024-10-15,XLK,0.0033345790346772652,0.04526523999884424
2024-10-16,XLK,-0.004686083886085601,0.058166663833894905
2024-10-17,XLK,-0.0013889621169765887,0.030781234158357984
2024-10-18,XLK,0.0004332859526317012,0.039521837793877745
2024-10-21,XLK,-0.007826591144232342,0.044576537471273214
2024-10-22,XLK,0.013424838982425857,0.03640264591831355
2024-10-23,XLK,-0.004185078989064728,0.01863981725984787
2024-10-24,XLK,-0.004302598879338371,0.0082740294168413
2024-10-25,XLK,-0.0026851159731352547,0.023056305776455455
2024-10-28,XLK,-0.007629693931737513,0.01975537260243354
2024-10-29,XLK,0.006774604890660729,0.05929361765567398
2024-10-30,XLK,0.0051658012792652475,0.03479203414762533
2024-10-31,XLK,-0.029943306234820333,-0.0025582741841115864
2024-11-01,XLK,-0.02770408382540368,-0.006125330839579446
2024-11-04,XLK,-0.02814696967850383,0.0
2024-11-05,XLK,-0.02755871356020778,-0.004519021183123195
2024-11-06,XLK,0.01628845669261425,0.012496201399062379
2024-11-07,XLK,0.06830458489187308,0.03042395092846828
2024-11-08,XLK,0.0591755131913827,0.027511821185619123
2024-11-11,XLK,0.05412526682044572,0.008681743725342583
2024-11-12,XLK,0.04081260470199655,0.032665645283094236
2024-11-13,XLK,0.008485110986789612,0.025894773006240435
2024-11-14,XLK,-0.012172541763366018,0.01929683704442753
2024-11-15,XLK,-0.03562991442668506,-0.009527494898560085
2024-11-18,XLK,-0.02713582370731782,-0.010948766624852113
2024-11-19,XLK,-0.02041066798520097,-0.001812260025886414
2024-11-20,XLK,-0.01784729996993084,0.0118198673222627
2024-11-21,XLK,-0.00447704476788402,0.01911825654172672
2024-11-22,XLK,0.02138072262194135,0.014373232767698418
2024-11-25,XLK,0.0180431648102386,0.014638226907450091
2024-11-26,XLK,0.014827293805790065,0.00617174683112065
2024-11-27,XLK,0.00194685385135962,0.008579610883697297
2024-11-29,XLK,0.001070662539052858,0.05170078701485825
2024-12-02,XLK,0.010059981737801982,0.05377158529654058
2024-12-03,XLK,0.013742112903647241,0.05837144906334912
2024-12-04,XLK,0.027134087219232494,0.0627616424543389
2024-12-05,XLK,0.035970379151809784,0.028112240192447402
2024-12-06,XLK,0.030419872828010508,0.014404886522745297
2024-12-09,XLK,0.014070913993272871,0.00889711037788854
2024-12-10,XLK,-0.0035896054370182506,0.00042409222986306006
2024-12-11,XLK,-0.007299061936438922,0.013635379352904486
2024-12-12,XLK,-0.007836311137563112,0.011473170680577516
2024-12-13,XLK,-0.0074323528508075665,0.01927260988460011
2024-12-16,XLK,0.009069094404314137,0.05565996783373839
2024-12-17,XLK,0.01707985607623419,0.04589234194828884
2024-12-18,XLK,-0.029786462011764603,0.003933725584071013
2024-12-19,XLK,-0.023274338816549167,0.005884116972913134
2024-12-20,XLK,-0.012926178227578355,0.010621910001222812
2024-12-23,XLK,-0.012342317704583716,0.02080512587532768
2024-12-24,XLK,0.003934164843569121,0.03139738188395902
2024-12-26,XLK,0.03808291006708209,0.02693970661794376
2024-12-27,XLK,0.023180161599553273,0.027200863397743413
2024-12-30,XLK,-0.004686490878068605,0.004809827397758815
2024-12-31,XLK,-0.023312397885060232,-0.012922273286713803
2015-02-02,XLY,-0.00953720733134622,-0.014100803945356843
2015-02-03,XLY,0.01965295414045598,0.026473530657276534
2015-02-04,XLY,0.03996546237462906,0.04370336921414664
2015-02-05,XLY,0.032362847635104997,0.03382355660891423
2015-02-06,XLY,0.04214915554978527,0.01701024686116459
2015-02-09,XLY,0.028886940669531125,0.024967958611505026
2015-02-10,XLY,0.01982758962062592,0.04311409260220245
2015-02-11,XLY,0.0133609108840691,0.04339773956324011
2015-02-12,XLY,0.01902843816657973,0.06861849567968337
2015-02-13,XLY,0.026734057581193182,0.08915065581437731
2015-02-17,XLY,0.028351405689457154,0.07248466548589505
2015-02-18,XLY,0.015363839410207802,0.07810025214989569
2015-02-19,XLY,0.018213904122004854,0.07444110628133593
2015-02-20,XLY,0.013433837547896843,0.062086980084395726
2015-02-23,XLY,0.006409386011004159,0.06259677761576077
2015-02-24,XLY,0.013517274608332297,0.062132069465782536
2015-02-25,XLY,0.021826232618076036,0.07889176724743385
2015-02-26,XLY,0.015485329608693199,0.0896718739637008
2015-02-27,XLY,0.007025145360592289,0.07362937834436956
2015-03-02,XLY,0.020034509037351267,0.09844266285825576
2015-03-03,XLY,0.012412146245146971,0.08566966472953097
2015-03-04,XLY,-0.0005245167641227955,0.05754204511459715
2015-03-05,XLY,0.003286382145708311,0.05123967257400186
2015-03-06,XLY,-0.007371085741130989,0.03230716465988115
2015-03-09,XLY,-0.013527432418559138,0.03975860672183207
2015-03-10,XLY,-0.026215804613400118,0.027525881741997216
2015-03-11,XLY,-0.026484693376784274,0.009517077979489086
2015-03-12,XLY,-0.007337509564797728,0.029767558836673036
2015-03-13,XLY,-0.003315947580163847,0.0096716143333484
2015-03-16,XLY,0.0026366680348675064,0.015355531752889284
2015-03-17,XLY,0.012858143703523783,0.01204505719595339
2015-03-18,XLY,0.027474807989412042,0.021558308065722676
2015-03-19,XLY,0.005543809931999766,0.016953697317542815
2015-03-20,XLY,0.0248519416900006,0.021047330452793167
2015-03-23,XLY,0.011276240579374708,0.020265648626717425
2015-03-24,XLY,0.01158469112354199,0.010115280948028715
2015-03-25,XLY,-0.013607321247717574,-0.013865955062805968
2015-03-26,XLY,-0.01837362266843534,-0.016954214201762463
2015-03-27,XLY,-0.024228177310103294,-0.010641174871735659
2015-03-30,XLY,-0.012526001582125135,-0.012302240197111458
2015-03-31,XLY,-0.011673537812571522,-0.013915759778834191
2015-04-01,XLY,0.00026692350818691146,-0.01308507928330993
2015-04-02,XLY,0.015564844472492068,-0.0049234612071761275
2015-04-06,XLY,0.01521829391606766,0.011873786960409749
2015-04-07,XLY,-0.0006610276449738883,0.0005801445637179103
2015-04-08,XLY,0.013138692481518666,0.02593583110853115
2015-04-09,XLY,0.018528470068395198,0.0325476522520558
2015-04-10,XLY,0.01294736397080154,0.015410742958032797
2015-04-13,XLY,0.002629772651181028,0.017910121576270255
2015-04-14,XLY,0.0076690011435358585,0.005602155776646356
2015-04-15,XLY,-0.0017026840265866872,0.011186998814705307
2015-04-16,XLY,-0.0006547124452144226,0.004279250868487239
2015-04-17,XLY,-0.01878210078867182,-0.009153866593567206
2015-04-20,XLY,-0.0024914315680951704,-0.009248041730281376
2015-04-21,XLY,-0.0009186634798841187,-0.006524324921104774
2015-04-22,XLY,0.0,-0.0003931379273791613
2015-04-23,XLY,0.0030120689466264228,0.021200005750183326
2015-04-24,XLY,0.03190216601825191,0.04159412874818469
2015-04-27,XLY,0.011700589026832242,0.02723230621459538
2015-04-28,XLY,0.007092232325068837,0.013213144831043078
2015-04-29,XLY,-0.0006564307235835676,0.010749714427263912
2015-04-30,XLY,-0.016712244320398972,0.0038655064513637427
2015-05-01,XLY,-0.016488463208919946,0.008719283513403564
2015-05-04,XLY,-0.005717566409866204,0.00604869258777696
2015-05-05,XLY,-0.01265017740979002,0.0010575455067887152
2015-05-06,XLY,-0.009978638397746153,-0.012313105853843487
2015-05-07,XLY,0.006373723460046277,-0.008114257706783867
2015-05-08,XLY,0.0032744412155050195,-0.0009132640979098161
2015-05-11,XLY,-0.0032673674508288952,0.00013144351791716247
2015-05-12,XLY,0.005415775676744117,-0.0011808962361846698
2015-05-13,XLY,0.0031825428129281796,-0.007479801739812997
2015-05-14,XLY,0.002506780495843408,-0.004976363515809434
2015-05-15,XLY,-0.00013061773065881077,0.018077878790067503
2015-05-18,XLY,0.008129651875408372,0.010780454315663102
2015-05-19,XLY,0.009721335244823104,0.009456309766758375
2015-05-20,XLY,0.014939609944520704,0.007348062884252382
2015-05-21,XLY,0.014346017905561226,0.006267316852552884
2015-05-22,XLY,0.004569740229333874,-0.008888377300605654
2015-05-26,XLY,-0.006373481363156963,-0.007277177831906956
2015-05-27,XLY,0.0013013099172360931,0.0036517935801323453
2015-05-28,XLY,0.0007812967841334117,0.008797306231965951
2015-05-29,XLY,-0.009991193424692346,0.013145439571143669
2015-06-01,XLY,-0.005458675974281069,0.0022266426205832524
2015-06-02,XLY,0.003927384652905763,0.0023526443546681985
2015-06-03,XLY,0.004287531337498818,0.02086915805866929
2015-06-04,XLY,-0.0011710302540285378,0.017771952350055242
2015-06-05,XLY,0.002883532551202883,0.009631763766523305
2015-06-08,XLY,-0.007057011800123636,-0.008094020444152084
2015-06-09,XLY,-0.010301178239929265,-0.0047208261168600885
2015-06-10,XLY,-0.007892199789016119,0.007356637131641142
2015-06-11,XLY,0.0026059023660491842,0.0171869257488364
2015-06-12,XLY,0.0009147164176210865,0.00802838462276334
2015-06-15,XLY,0.0032903867013205357,-0.00470026240701138
2015-06-16,XLY,0.010408396992541258,-0.002471127823142405
2015-06-17,XLY,0.004694970344714111,0.0023420436333838612
2015-06-18,XLY,0.013387001214645977,0.015630879176845358
2015-06-19,XLY,0.014442239544345759,0.008124006966024666
2015-06-22,XLY,0.024892000208192266,0.01543446713365415
2015-06-23,XLY,0.02279933233708009,0.026816258737903054
2015-06-24,XLY,0.011120489490971108,0.012171429077366014
2015-06-25,XLY,-0.001710674157614056,0.01310193239638191
2015-06-26,XLY,0.0058103055519784785,0.024214642078187243
2015-06-29,XLY,-0.022342300569387796,-0.0018038455737757753
2015-06-30,XLY,-0.021869844488070167,0.00043086999636621215
2015-07-01,XLY,-0.0038635984647917843,0.003956310953185049
2015-07-02,XLY,-0.005026568975782686,0.009191299197155
2015-07-06,XLY,-0.010911450052586535,0.010126243264745094
2015-07-07,XLY,0.020751278372022064,0.026151564395257454
2015-07-08,XLY,-0.0031382291281625285,0.007671492349417441
2015-07-09,XLY,-0.010213170377904257,0.0016076215569766905
2015-07-10,XLY,0.006087948995008974,0.012696216885203837
2015-07-13,XLY,0.02258287118652169,0.03199381241541821
2015-07-14,XLY,0.015053935210486147,0.038183159500247754
2015-07-15,XLY,0.03370985456674225,0.03090983300216732
2015-07-16,XLY,0.03565893614469351,0.03247643752034146
2015-07-17,XLY,0.019055190822566015,0.01836054272089016
2015-07-20,XLY,0.00507659857310494,0.022466129956172143
2015-07-21,XLY,0.0006343018679644263,0.013610878811213256
2015-07-22,XLY,0.006470770363365519,0.01445179029009025
2015-07-23,XLY,-0.005549683706306929,0.01545417240509539
2015-07-24,XLY,-0.003790809700744746,0.016238584781644416
2015-07-27,XLY,-0.01174376520981757,0.0046213706633744245
2015-07-28,XLY,-0.0008871329453401522,0.03585505621923479
2015-07-29,XLY,0.00453874681939781,0.04184103146615725
2015-07-30,XLY,0.014204559084781021,0.033872720249657595
2015-07-31,XLY,0.017375169941775903,0.03911910675778718
2015-08-03,XLY,0.021594301139178818,0.037637597894444985
2015-08-04,XLY,0.018004239998246963,0.03306737066899834
2015-08-05,XLY,-0.003263400899029545,0.041710211837316935
2015-08-06,XLY,-0.02038295655707878,0.023249963725977763
2015-08-07,XLY,-0.024183902221319054,0.007853391839685697
2015-08-10,XLY,-0.013007374666957006,0.001523383333989825
2015-08-11,XLY,-0.02603083311344967,-0.008746499623669357
2015-08-12,XLY,-0.019642023353043325,-0.012054580869465092
2015-08-13,XLY,-0.00038259460161871317,-0.012359727593907022
2015-08-14,XLY,0.001022242534537643,-0.009981332187664504
2015-08-17,XLY,0.0025340570092549086,-0.0010101696637710988
2015-08-18,XLY,0.012532229951461193,0.0030398871092012225
2015-08-19,XLY,0.015155734851884706,-0.003529473996618515
2015-08-20,XLY,-0.019026928675560106,-0.025744679737444542
2015-08-21,XLY,-0.05104610590533043,-0.05694298025425948
2015-08-24,XLY,-0.0975857594204127,-0.08778450633200652
2015-08-25,XLY,-0.10204619915883861,-0.09851678551576304
2015-08-26,XLY,-0.06629577870644199,-0.07379507314191813
2015-08-27,XLY,-0.01679252629834127,-0.05552079844705793
2015-08-28,XLY,0.016137338678644975,-0.058090389289240485
2015-08-31,XLY,0.0502870570478724,-0.06216379127245941
2015-09-01,XLY,0.02784817443467258,-0.08979959033105911
2015-09-02,XLY,0.011111159006939264,-0.06043769445397429
2015-09-03,XLY,-0.011651570073399564,-0.04710259769222802
2015-09-04,XLY,-0.022631066115120335,-0.056591509269104834
2015-09-08,XLY,0.00773563440745062,-0.042453871979618585
2015-09-09,XLY,0.02285210335095389,-0.04411717007749927
2015-09-10,XLY,0.0045561519631425185,-0.03724647866171482
2015-09-11,XLY,0.01165440301634435,-0.03562818388170552
2015-09-14,XLY,0.01719729857859642,-0.04134740722859842
2015-09-15,XLY,0.004631810072232678,-0.04045025393896118
2015-09-16,XLY,0.027023206407685407,-0.030436938304551187
2015-09-17,XLY,0.026814341280128717,-0.02618968805576216
2015-09-18,XLY,0.0029721687917723116,-0.014001382700617793
2015-09-21,XLY,0.017130771224067587,0.027526265595630983
2015-09-22,XLY,-0.006809043899961509,0.056073903603100606
2015-09-23,XLY,-0.020550745878007204,0.057557545513217345
2015-09-24,XLY,-0.025703927130670712,0.01614573545837028
2015-09-25,XLY,-0.010071863722163732,-0.007261641410309494
2015-09-28,XLY,-0.04689928329484294,-0.03621687453580913
2015-09-29,XLY,-0.03727917269661629,-0.03197479646371659
2015-09-30,XLY,-0.008677154949734645,0.019976472108012233
2015-10-01,XLY,0.0013387939893343415,0.006324711380528258
2015-10-02,XLY,0.015796832927754245,0.020308678647058542
2015-10-05,XLY,0.06133700879660142,0.04658401146734947
2015-10-06,XLY,0.056976921734707364,0.015326108217881274
2015-10-07,XLY,0.032723251521167285,0.02981986867856734
2015-10-08,XLY,0.03769533803862868,0.039522240256965935
2015-10-09,XLY,0.024248461160559565,0.033010473633187765
2015-10-12,XLY,0.01415570687983081,0.043454548534457293
2015-10-13,XLY,0.0162242266438144,0.02704192597764199
2015-10-14,XLY,0.0024771067553932546,0.005206928130795374
2015-10-15,XLY,0.003220483097842841,0.01563638345896079
2015-10-16,XLY,0.007334380199245372,0.03750333017730334
2015-10-19,XLY,0.007299408586221912,0.03336874604673379
2015-10-20,XLY,0.011458937016926685,0.04593253527021579
2015-10-21,XLY,0.01729990925160152,0.04405298433069449
2015-10-22,XLY,0.017462717412333184,0.06063462985504864
2015-10-23,XLY,0.017115245328764406,0.06599703102743737
2015-10-26,XLY,0.0194506801841412,0.10530655635239383
2015-10-27,XLY,0.015911246797143397,0.103720409735367
2015-10-28,XLY,0.0301751093406617,0.08497186629022013
2015-10-29,XLY,0.01968676297600025,0.08006910239479104
2015-10-30,XLY,0.01682810348464514,0.0670792664865334
2015-11-02,XLY,0.014340734265248622,0.056363298995770306
2015-11-03,XLY,0.023054747929418307,0.0682980700403426
2015-11-04,XLY,0.006826380510805974,0.057764793698601435
2015-11-05,XLY,0.00754997929610135,0.048692773172814174
2015-11-06,XLY,0.0055572634465739235,0.0476064624719732
2015-11-09,XLY,-0.012785738574011107,0.028300592247419543
2015-11-10,XLY,-0.007225897876480425,0.043646303126683605
2015-11-11,XLY,-0.006656553717142466,0.04812740206108601
2015-11-12,XLY,-0.019408315775352514,0.02503829417870196
2015-11-13,XLY,-0.04531988495785444,-0.007152860290722707
2015-11-16,XLY,-0.020299030308913335,0.00012675354656743743
2015-11-17,XLY,-0.02763415369717448,0.0033091642588454206
2015-11-18,XLY,-0.005088587341397499,0.025060461273352486
2015-11-19,XLY,0.005511727550182588,0.012998322539051976
2015-11-20,XLY,0.045027093747241675,0.020093018672901142
2015-11-23,XLY,0.036354494319079445,0.016710151921736305
2015-11-24,XLY,0.032225476398767716,0.01942102060332096
2015-11-25,XLY,0.019957783871199286,0.014893863125382989
2015-11-27,XLY,0.014949634686609814,0.008292266537305304
2015-11-30,XLY,-0.0055397931880842854,-0.002346698679573378
2015-12-01,XLY,0.0009816950229513122,0.0033199070476575
2015-12-02,XLY,-0.005653803847054384,-0.009185562975170258
2015-12-03,XLY,-0.025559460521146993,-0.017751478665132936
2015-12-04,XLY,-0.0030686892448261727,-0.0023342250420207433
2015-12-07,XLY,0.0012381939736842984,-0.006631819055007315
2015-12-08,XLY,-0.011886550355153291,0.0042337648345776024
2015-12-09,XLY,-0.015945481277188533,-0.017887934541656603
2015-12-10,XLY,0.0025099295837256452,-0.008687378326210915
2015-12-11,XLY,-0.0389063956701301,-0.022171806067192268
2015-12-14,XLY,-0.029921053534565756,0.009391044434671203
2015-12-15,XLY,-0.02170118409976285,0.002796499563006094
2015-12-16,XLY,0.007536623843000356,0.017635366801241004
2015-12-17,XLY,-0.012393624818389681,-0.015965992040563037
2015-12-18,XLY,-0.005254068635928255,-0.03264120065750864
2015-12-21,XLY,-0.0053335091737034546,-0.03925223178743564
2015-12-22,XLY,-0.003500099836884263,-0.03576757067568548
2015-12-23,XLY,-0.014891936547642204,-0.028816059658148152
2015-12-24,XLY,-0.0010815391014766806,-0.03626429226135919
2015-12-28,XLY,0.01745777031778606,-0.03025067112792068
2015-12-29,XLY,0.024060448455043515,-0.01065544540786123
2015-12-30,XLY,0.008430136807489719,-0.02859258520662389
2015-12-31,XLY,-0.006735302847427294,-0.02987236626918721
2016-01-04,XLY,-0.021152248756584502,-0.03190549644263596
2016-01-05,XLY,-0.024911243078282852,-0.05149767349642065
2016-01-06,XLY,-0.045482709181588366,-0.05682135418012557
2016-01-07,XLY,-0.0575046971110269,-0.07343946592028638
2016-01-08,XLY,-0.058214053363109586,-0.07154273009426859
2016-01-11,XLY,-0.034235563757986864,-0.0673895441162452
2016-01-12,XLY,-0.022288843892144028,-0.0350978281002966
2016-01-13,XLY,-0.04593961634755517,-0.07239572205707467
2016-01-14,XLY,-0.018949226075331005,-0.07083304786535283
2016-01-15,XLY,-0.028664326229743353,-0.10490234648650676
2016-01-19,XLY,-0.03261918009261189,-0.08648881767179084
2016-01-20,XLY,-0.051592938559765655,-0.08004646757005074
2016-01-21,XLY,-0.005932544798910588,-0.07295436961754564
2016-01-22,XLY,0.004246727109279647,-0.06360966973846749
2016-01-25,XLY,0.013566403147578177,-0.07904427666743485
2016-01-26,XLY,0.024522731970287204,-0.06307370537285506
2016-01-27,XLY,0.017430319849642828,-0.08007128742584435
2016-01-28,XLY,0.017487808839958596,-0.07890434732094753
2016-01-29,XLY,0.010912624879406918,-0.061304524601797694
2016-02-01,XLY,0.02883967079119354,-0.04605913617687307
2016-02-02,XLY,-0.005711746703512155,-0.04829447912710738
2016-02-03,XLY,0.007460487770843738,-0.04953080126759324
2016-02-04,XLY,-0.011048999236792367,-0.045676305418669405
2016-02-05,XLY,-0.05329921105222124,-0.057115993663605646
2016-02-08,XLY,-0.07725379977044866,-0.06534461415586545
2016-02-09,XLY,-0.06045659168038997,-0.07413379987681024
2016-02-10,XLY,-0.059654058657482745,-0.08585490938133755
2016-02-11,XLY,-0.05475832788565671,-0.05449745083115298
2016-02-12,XLY,-0.005273916536393752,-0.04397270792480501
2016-02-16,XLY,0.03895415278981318,-0.0002795935817673234
2016-02-17,XLY,0.06303611345685756,0.017416498969092364
2016-02-18,XLY,0.057896595698783804,0.019679227052213255
2016-02-19,XLY,0.06143227922873851,0.009576282303555006
2016-02-22,XLY,0.06247321650985049,0.011458005948574934
2016-02-23,XLY,0.03161711209384421,0.01752453057611536
2016-02-24,XLY,0.01574896331678821,0.00870358640243718
2016-02-25,XLY,0.03267180739541953,0.03495440407082273
2016-02-26,XLY,0.028732751600531348,0.020733789458238894
2016-02-29,XLY,0.003910745184821707,0.004452348783474447
2016-03-01,XLY,0.036208181018925645,0.02481200220398594
2016-03-02,XLY,0.029257247116467155,0.0441795656892805
2016-03-03,XLY,0.025096808025457884,0.05307202509981557
2016-03-04,XLY,0.025257128304638554,0.058206718973775384
2016-03-07,XLY,0.026195746153506727,0.08879673447949155
2016-03-08,XLY,-0.00811441001058566,0.10159896316176642
2016-03-09,XLY,-0.005239580927389076,0.10554604838309078
2016-03-10,XLY,-0.008595032361898736,0.11025186696094003
2016-03-11,XLY,0.007560261101697829,0.12797295075223025
2016-03-14,XLY,0.015709123264624703,0.11176412780977607
2016-03-15,XLY,0.02348618087200105,0.08519833395101384
2016-03-16,XLY,0.029760514671547167,0.07093978592503358
2016-03-17,XLY,0.028635434842141372,0.07954257211811822
2016-03-18,XLY,0.014377825342881456,0.07796867611849567
2016-03-21,XLY,0.011104115152092753,0.05801187948959452
2016-03-22,XLY,0.009681876335999151,0.06212380269307305
2016-03-23,XLY,-0.0055147483930816366,0.048520708289768066
2016-03-24,XLY,-0.005628895709658188,0.0395034820142901
2016-03-28,XLY,-0.002433415070898448,0.0453108732302141
2016-03-29,XLY,0.0071673324651257975,0.06144396550489284
2016-03-30,XLY,0.015256676443291983,0.04064829987458407
2016-03-31,XLY,0.02130468314071754,0.040419305034232744
2016-04-01,XLY,0.02424243220951805,0.038637098831096894
2016-04-04,XLY,0.011682231779352126,0.03147045549586336
2016-04-05,XLY,-0.006988933936026731,0.02711944354085749
2016-04-06,XLY,-0.0039142837618104664,0.0450549111654015
2016-04-07,XLY,-0.014033323706632683,0.031221934918159944
2016-04-08,XLY,-0.019639770162912296,0.027066171912781822
2016-04-11,XLY,-0.01560725743669078,0.007753153591388395
2016-04-12,XLY,0.0003836742424119244,0.011621830778342446
2016-04-13,XLY,0.004943772836530025,0.02612174436309833
2016-04-14,XLY,0.01641252315025099,0.01785500013308261
2016-04-15,XLY,0.020803445206840854,0.019246130583539633
2016-04-18,XLY,0.03428694449807157,0.027532250800150537
2016-04-19,XLY,0.020852180029291123,0.021374886957066463
2016-04-20,XLY,0.007947343224679937,0.024358969192466162
2016-04-21,XLY,0.004415321666670025,0.02801842030010704
2016-04-22,XLY,-0.00037726520771552696,0.024629135022490756
2016-04-25,XLY,-0.008598852928667688,0.021181610817945895
2016-04-26,XLY,-0.0007523442758066157,0.013343491701018895
2016-04-27,XLY,-0.0030032728081961224,0.005935310203796673
2016-04-28,XLY,-0.01029895489983268,-0.003792970160056308
2016-04-29,XLY,-0.003272006203597133,-0.002895691469068762
2016-05-02,XLY,0.009553518413307316,0.01903290950065184
2016-05-03,XLY,-0.002131631210328222,0.018300250263456608
2016-05-04,XLY,-0.005648712512238974,0.004183730902290517
2016-05-05,XLY,-0.0012688137567054003,0.00910411333203931
2016-05-06,XLY,0.0010095810442469766,0.01810634067216621
2016-05-09,XLY,-0.010085961170541058,0.02474849674041435
2016-05-10,XLY,0.011938847120042118,0.03006237287310376
2016-05-11,XLY,-0.003914473190288148,-0.004667815606976267
2016-05-12,XLY,0.00444740746369976,-0.0027749684195026436
2016-05-13,XLY,-0.014757357166791496,-0.017360505120707193
2016-05-16,XLY,-0.011320911580176563,-0.020438752508311953
2016-05-17,XLY,-0.034897884618286024,-0.026190672378819557
2016-05-18,XLY,-0.020785450163350982,-0.03304099819320916
2016-05-19,XLY,-0.023529332111341117,-0.03051957530188487
2016-05-20,XLY,-0.005248970729274216,-0.022149442072906367
2016-05-23,XLY,-0.014885348124432096,-0.026650170655753813
2016-05-24,XLY,0.008364445465754988,-0.017305973137909603
2016-05-25,XLY,0.019803569700648227,-0.010921284993313796
2016-05-26,XLY,0.022800474087678824,0.0019035979694235206
2016-05-27,XLY,0.020849184784837105,0.0015149078928922144
2016-05-31,XLY,0.023375824292534375,-0.013323547724623852
2016-06-01,XLY,0.010592162601946953,-0.00477566696785503
2016-06-02,XLY,0.010660828386033883,0.005301774157913108
2016-06-03,XLY,0.0020262018131440573,0.005209079965249774
2016-06-06,XLY,-0.00012584608734345082,0.0003789075781621687
2016-06-07,XLY,0.002145402795595608,-0.001132187332496093
2016-06-08,XLY,0.003914712877250093,-0.012667264046740456
2016-06-09,XLY,-0.003893082185737695,0.005323363082003318
2016-06-10,XLY,-0.00783680982122148,-0.007084452442035594
2016-06-13,XLY,-0.015760912470046184,-0.0006400653269053036
2016-06-14,XLY,-0.019519123880156197,-0.009414885412974972
2016-06-15,XLY,-0.017862058441597273,0.004760973442514027
2016-06-16,XLY,-0.012480718772873156,0.013849523658723273
2016-06-17,XLY,-0.0036111730760010063,0.013169151107248256
2016-06-20,XLY,0.010876869961970792,0.015560490013626582
2016-06-21,XLY,0.011153586972271645,0.016768647089951072
2016-06-22,XLY,0.006890883411188042,0.0032926772813073324
2016-06-23,XLY,0.013541899848507732,0.007624412092616106
2016-06-24,XLY,-0.022584281392292405,-0.0317882333952062
2016-06-27,XLY,-0.04909074525073176,-0.05401710350074895
2016-06-28,XLY,-0.027915438225666778,-0.03419146586192534
2016-06-29,XLY,-0.010850241383021597,-0.01799484868370449
2016-06-30,XLY,-0.01327279272245696,-0.016237303154825078
2016-07-01,XLY,0.0354469753498452,0.0005047207498216633
2016-07-05,XLY,0.04627524284018425,-0.01011694233285032
2016-07-06,XLY,0.03461809104299518,-0.002896207361257952
2016-07-07,XLY,0.022583610978742952,0.00026661702638763884
2016-07-08,XLY,0.032795342332408106,0.01999646131512689
2016-07-11,XLY,0.028147493017973924,0.03679155866105188
2016-07-12,XLY,0.04064935870195785,0.04661680500460963
2016-07-13,XLY,0.026742200513394154,0.0441494241536009
2016-07-14,XLY,0.02650236040069287,0.04544993117603302
2016-07-15,XLY,0.004465477783652139,0.03749997830866603
2016-07-18,XLY,0.002466535212773291,0.043115712926468985
2016-07-19,XLY,-0.0033162705328898534,0.03192186064578606
2016-07-20,XLY,0.005802036475825334,0.03862324253175142
2016-07-21,XLY,-0.0009841222859362508,0.03727335087353034
2016-07-22,XLY,0.007656257056217308,0.0314752108370433
2016-07-25,XLY,0.005412880255670993,0.07299478963492767
2016-07-26,XLY,0.006038851593672678,0.09174821722839233
2016-07-27,XLY,-0.0012272087940128351,0.06713826733488237
2016-07-28,XLY,0.0033226010838927067,0.05213572299563829
2016-07-29,XLY,0.0002450392519268707,0.0456060754600105
2016-08-01,XLY,0.0002449602154572794,0.036516264202868465
2016-08-02,XLY,-0.013475626468904212,0.029400469355695957
2016-08-03,XLY,-0.00761841793468665,0.023574177939073904
2016-08-04,XLY,-0.009934793894714966,0.01867755384949521
2016-08-05,XLY,-0.0006125517728633456,0.01178379178674227
2016-08-08,XLY,-0.005504818580191695,0.0025900342247811015
2016-08-09,XLY,0.006581186716023035,-0.004299443049147089
2016-08-10,XLY,0.005819679657661947,0.0027162137153273758
2016-08-11,XLY,0.016352574712243495,0.008605137792731199
2016-08-12,XLY,0.005271215625845871,0.012595400057202388
2016-08-15,XLY,0.010578171176219842,0.010702669502411277
2016-08-16,XLY,0.007772247448691871,0.006778136732278339
2016-08-17,XLY,0.0033240359816264498,0.00024581578112381486
2016-08-18,XLY,-0.007191439283600776,0.0023382385818011553
2016-08-19,XLY,-0.006097132922865955,-0.0012254037441831178
2016-08-22,XLY,-0.009007024421908372,-0.003793102769666268
2016-08-23,XLY,0.0017137996102136732,0.0024499064951661875
2016-08-24,XLY,-0.0007364351552745507,0.0007373132297585627
2016-08-25,XLY,-0.0034374915229363756,-0.004415221679991643
2016-08-26,XLY,-0.006871386637804733,-0.0083313678988437
2016-08-29,XLY,-0.002456433806251823,-0.006483591063637384
2016-08-30,XLY,-0.012953785162501896,0.0029801719228068624
2016-08-31,XLY,-0.010804989828873568,-0.002476089208812926
2016-09-01,XLY,-0.005544050426360747,0.0
2016-09-02,XLY,-0.0007412167333625819,-0.008459039109447675
2016-09-06,XLY,-0.0023390771807918487,-0.003320965356127581
2016-09-07,XLY,0.0037145129388012066,0.00012375358728755614
2016-09-08,XLY,-0.002358764670167046,-0.010587079613037842
2016-09-09,XLY,-0.028369583479019744,-0.04400260234882103
2016-09-12,XLY,-0.01669136954051398,-0.0301216535969574
2016-09-13,XLY,-0.03245757913233893,-0.045764817099714805
2016-09-14,XLY,-0.03281121350699856,-0.040151698934175806
2016-09-15,XLY,-0.01729517931108937,-0.030920408913669872
2016-09-16,XLY,0.004836691112225289,-0.032420448636607535
2016-09-19,XLY,-0.009818466619533894,-0.03375303558778742
2016-09-20,XLY,0.005221536858167619,-0.03206401990932006
2016-09-21,XLY,0.014822547356026838,-0.02759081651664763
2016-09-22,XLY,0.014870026340399356,-0.015785359606751093
2016-09-23,XLY,0.014775260332971829,-0.014737376957779658
2016-09-26,XLY,0.004333886876049631,-0.02285106239670609
2016-09-27,XLY,0.013756528733301243,-0.01633226611156402
2016-09-28,XLY,0.006812318984277921,-0.008117826392085581
2016-09-29,XLY,-0.005634783681358946,-0.010641184260218761
2016-09-30,XLY,0.00464414309134753,-0.004643368999334929
2016-10-03,XLY,0.015230412230996526,-0.0072328256239468924
2016-10-04,XLY,0.0015074672981210124,-0.01253967325327987
2016-10-05,XLY,0.0028817268382472783,-0.008940795151548109
2016-10-06,XLY,0.00881557352846829,0.00044038455968120616
2016-10-07,XLY,-0.0037482712646303984,0.020579170311733508
2016-10-10,XLY,-0.0015002453844786823,0.008104423472438782
2016-10-11,XLY,-0.010161648792503475,0.01021524289680742
2016-10-12,XLY,-0.009620229264605484,0.014822547356026838
2016-10-13,XLY,-0.013982503551215664,0.003812846504872791
2016-10-14,XLY,-0.01065965329898566,0.004840049256596535
2016-10-17,XLY,-0.020408018891581947,-0.002676806158857903
2016-10-18,XLY,-0.0017746089511347929,0.0031843418675914226
2016-10-19,XLY,-0.002018248172076298,-0.002018248172076298
2016-10-20,XLY,-0.0002530605376329653,-0.01114547179497849
2016-10-21,XLY,0.008873531148864133,-0.0010038987345202255
2016-10-24,XLY,0.02453985151121474,0.017388111940506157
2016-10-25,XLY,0.005840504939309543,-0.004649127900446803
2016-10-26,XLY,-0.002907438785642702,-0.011652755719972041
2016-10-27,XLY,-0.009372018176268315,-0.01486199485170503
2016-10-28,XLY,-0.019475011030248512,-0.024987456593280277
2016-10-31,XLY,-0.02569899615729121,-0.023628284949628986
2016-11-01,XLY,-0.02108016483625863,-0.027097906444527475
2016-11-02,XLY,-0.022819608208314968,-0.03698160855256993
2016-11-03,XLY,-0.017131330895585495,-0.04019990827693287
2016-11-04,XLY,-0.016786463198969925,-0.03774768607409873
2016-11-07,XLY,0.0051219101872173045,-0.017152884867676077
2016-11-08,XLY,0.016376417714900615,-0.0010139095651667818
2016-11-09,XLY,0.024649761139109883,-0.003658400618910984
2016-11-10,XLY,0.031087616278961283,0.0036718336574359522
2016-11-11,XLY,0.03896809874545881,0.010521263432454964
2016-11-14,XLY,0.0156690192290172,0.01904403540440347
2016-11-15,XLY,0.015478081455725379,0.016251928284261474
2016-11-16,XLY,0.01899213996105642,0.01731745758474923
2016-11-17,XLY,0.027501091520017118,0.03153494539878232
2016-11-18,XLY,0.018564919140793945,0.02022847978381126
2016-11-21,XLY,0.025084601840900556,0.01958586359530501
2016-11-22,XLY,0.033233337287939424,0.043928302976631306
2016-11-23,XLY,0.02857873069204353,0.04944228844609988
2016-11-25,XLY,0.01878458381491699,0.060854245308039845
2016-11-28,XLY,0.013793083393068617,0.054843668361990616
2016-11-29,XLY,0.009910288901250341,0.05685024443369935
2016-11-30,XLY,-0.010278019766764013,0.055447800861786245
2016-12-01,XLY,-0.010751583978278578,0.062402735740556325
2016-12-02,XLY,-0.0185588635385453,0.05931344528846094
2016-12-05,XLY,0.00012170382901954824,0.07298364738537866
2016-12-06,XLY,-0.0002422480620154488,0.05121002119368767
2016-12-07,XLY,0.02773337646963059,0.06724134204715448
2016-12-08,XLY,0.02723149131056446,0.06507958914073453
2016-12-09,XLY,0.03524067179093571,0.06358018991171677
2016-12-12,XLY,0.015547001359270451,0.04879574928769381
2016-12-13,XLY,0.022297842734021467,0.058070805135364
2016-12-14,XLY,-0.003922969799719067,0.046851336238950436
2016-12-15,XLY,-0.006300351053214803,0.03864315761060011
2016-12-16,XLY,-0.013407722208624184,0.021234926988242808
2016-12-19,XLY,-0.0025008147265852543,0.02710478809263317
2016-12-20,XLY,-0.0034995437507447935,0.02856685015843352
2016-12-21,XLY,0.002799497972465037,0.016016379405373593
2016-12-22,XLY,-0.005631963531865791,0.004097718926616256
2016-12-23,XLY,-0.002902670507559768,-0.0005044887198903947
2016-12-27,XLY,-0.0016887479997876875,0.01141967106774211
2016-12-28,XLY,-0.016393271588918346,0.0017773712723836432
2016-12-29,XLY,-0.017239079542631708,0.008870381951993078
2016-12-30,XLY,-0.014885698017445326,-9.84510234992575e-05
2017-01-03,XLY,-0.006913377437707591,0.01135522517637888
2017-01-04,XLY,0.002416013817253315,0.013739898940752449
2017-01-05,XLY,0.008637634060739474,0.010675191722286037
2017-01-06,XLY,0.014983614288867075,-0.003645371389879748
2017-01-09,XLY,0.022727431897317407,-0.0044826779695035235
2017-01-10,XLY,0.020395916332111907,-0.003147026723920421
2017-01-11,XLY,0.009160099091346074,0.007364361766240446
2017-01-12,XLY,0.008925156035522352,-0.002545458980352855
2017-01-13,XLY,0.0076810546161036886,0.007961886971338705
2017-01-17,XLY,0.010210443431388105,0.012058318021920034
2017-01-18,XLY,0.004787520177533144,0.015237448687466681
2017-01-19,XLY,-0.00047760263900986644,0.009407583237904582
2017-01-20,XLY,0.0033471168762861936,0.0043077568816418665
2017-01-23,XLY,0.0003574703362028142,0.005507287832368535
2017-01-24,XLY,0.006896264354009141,0.02480942905622996
2017-01-25,XLY,0.014890015332112982,0.033353835566531265
2017-01-26,XLY,0.019596173827050478,0.030929089138583166
2017-01-27,XLY,0.013463969191422676,0.034793374404021415
2017-01-30,XLY,0.011548953390447592,0.03496163050515011
2017-01-31,XLY,0.0017715607376835862,0.042137891144467865
2017-02-01,XLY,-0.0062208702665013105,0.03407442219539636
2017-02-02,XLY,-0.008555316035700922,0.019645686902346693
2017-02-03,XLY,-0.006701735230601025,0.019056228402130504
2017-02-06,XLY,-0.008474853067845456,0.011041427969008089
2017-02-07,XLY,-0.007898529755918648,0.010930675911798415
2017-02-08,XLY,0.00011812460115612211,0.01352480470676487
2017-02-09,XLY,0.007210572030654561,0.017675903454979602
2017-02-10,XLY,0.014676971190707544,0.024865800126500304
2017-02-13,XLY,0.01887479705348638,0.022272498838471044
2017-02-14,XLY,0.02566604938702044,0.026397300986749972
2017-02-15,XLY,0.02468146260783155,0.033591737975356084
2017-02-16,XLY,0.013144045436021878,0.03154495035968541
2017-02-17,XLY,0.010264280631976597,0.0319313155875427
2017-02-21,XLY,0.014913157734341764,0.03714706055270112
2017-02-22,XLY,0.009151616552821817,0.02869633365931734
2017-02-23,XLY,-0.002881449832164207,0.015492791993014565
2017-02-24,XLY,0.006834077315561515,0.018633293224865177
2017-02-27,XLY,0.0047340456939417574,0.02304231537284185
2017-02-28,XLY,-0.008494737189586932,0.016596147323999944
2017-03-01,XLY,0.0026403797065237544,0.029588504013206673
2017-03-02,XLY,0.00705055873568039,0.029054196220507755
2017-03-03,XLY,0.0009202453691865564,0.028368705068944067
2017-03-06,XLY,-0.0034475559636552022,0.02639394016669727
2017-03-07,XLY,0.0008102085304173556,0.026115984392848235
2017-03-08,XLY,-0.00618267292737773,0.031369195321691024
2017-03-09,XLY,-0.0047056953481297015,0.02409081035785854
2017-03-10,XLY,-0.0017239339073227278,0.019246514975819418
2017-03-13,XLY,0.004151089246436923,0.01574651073915101
2017-03-14,XLY,0.007172595513776914,0.014330614799638042
2017-03-15,XLY,0.008294912626797935,0.013901467543316226
2017-03-16,XLY,0.009109987285422116,0.00852831082672667
2017-03-17,XLY,0.008881477146953864,0.01495827196333721
2017-03-20,XLY,0.003797738532243855,0.009244877750362646
2017-03-21,XLY,-0.008644349553814656,-0.009213370878984217
2017-03-22,XLY,-0.012708802766274174,-0.008061843881041586
2017-03-23,XLY,-0.010303818661068775,0.0010210098181475669
2017-03-24,XLY,-0.00915797528901463,-0.0011628213154715183
2017-03-27,XLY,-0.007114044343896397,-0.002656405214080393
2017-03-28,XLY,0.013248120243784856,0.012513727535810926
2017-03-29,XLY,0.018107782214122237,0.007240458952430862
2017-03-30,XLY,0.01841305807382887,0.012315478067895791
2017-03-31,XLY,0.01605848917387709,0.01394391751019608
2017-04-03,XLY,0.012365531569773713,0.013169236135387008
2017-04-04,XLY,0.0030965738765009743,0.014826829739745362
2017-04-05,XLY,-0.0052448120569305035,0.008190987171097897
2017-04-06,XLY,-0.004775812637131338,0.01224416165765918
2017-04-07,XLY,-0.007845369711265704,0.0077264063320199305
2017-04-10,XLY,-0.00022814330376508263,0.008750674282232973
2017-04-11,XLY,0.0005717968172620491,0.008175866791813702
2017-04-12,XLY,-0.0010313859975028539,-0.0011343501869877093
2017-04-13,XLY,-0.011083227975702825,-0.008011771303777837
2017-04-17,XLY,0.0020626308721232167,0.0009153669705899148
2017-04-18,XLY,-0.0014844628638051027,0.0034424094641132275
2017-04-19,XLY,0.00022828237096561566,0.017199039633431168
2017-04-20,XLY,0.014800699872406176,0.026697658551881887
2017-04-21,XLY,0.01964202125096226,0.022003420480601887
2017-04-24,XLY,0.01578235508975001,0.026109251879448347
2017-04-25,XLY,0.02367096750144082,0.034554730356046504
2017-04-26,XLY,0.027533642478714482,0.031540264855281386
2017-04-27,XLY,0.022272168903447076,0.03089718058474178
2017-04-28,XLY,0.020509521526899555,0.02410727490682385
2017-05-01,XLY,0.015312132806660994,0.025355512619593235
2017-05-02,XLY,0.008489478441708886,0.030593721240561367
2017-05-03,XLY,-0.002112691305531378,0.0261832863494047
2017-05-04,XLY,-0.008958335991030908,0.027048734856487844
2017-05-05,XLY,0.0012213024324048138,0.030278436388981644
2017-05-08,XLY,0.0017741342880903677,0.03529691807524826
2017-05-09,XLY,0.00642447355008402,0.03745143094050474
2017-05-10,XLY,0.008913919807597148,0.03473894143840828
2017-05-11,XLY,0.004464156625213711,0.03269875230337904
2017-05-12,XLY,-0.003216063595261387,0.0384746466727901
2017-05-15,XLY,-0.004870899647624216,0.02813343092651799
2017-05-16,XLY,-0.01397756726485766,0.02447117319215364
2017-05-17,XLY,-0.026615154595752033,0.006969331199364381
2017-05-18,XLY,-0.015109506030736575,0.0022610197306716096
2017-05-19,XLY,-0.007009188481607254,0.011331193349360946
2017-05-22,XLY,-0.0022246458064864028,0.009907479747725656
2017-05-23,XLY,-0.002567189773411638,-0.0017874945039492163
2017-05-24,XLY,0.01747192139641096,-0.002891021912306724
2017-05-25,XLY,0.020530032547049215,0.0005529859856601149
2017-05-26,XLY,0.01669476583722762,0.007550747069742014
2017-05-30,XLY,0.01237479258477836,0.006985775411894712
2017-05-31,XLY,0.018912395766872425,0.008529208486156348
2017-06-01,XLY,0.024866202676254057,0.02406682911328506
2017-06-02,XLY,0.019564626091686854,0.02934969142947974
2017-06-05,XLY,0.013775710743604508,0.020184520884019896
2017-06-06,XLY,0.00429471112386226,0.009519465325199317
2017-06-07,XLY,0.0034048446489711726,0.005503264636819161
2017-06-08,XLY,-0.01240354012175271,0.002429201595208985
2017-06-09,XLY,-0.0202735276079401,0.003999132662276361
2017-06-12,XLY,-0.018154068337127405,0.004895830272179991
2017-06-13,XLY,-0.003508676419802792,0.010901387393518869
2017-06-14,XLY,-0.00580132088489238,0.013841049006212192
2017-06-15,XLY,-0.003525114634598925,0.02620821400981832
2017-06-16,XLY,0.0006081402931097379,0.0200217294618823
2017-06-19,XLY,0.008824438792474965,0.020919287731448133
2017-06-20,XLY,-0.009974551786686381,0.003049529082300051
2017-06-21,XLY,-0.007883174707877916,0.008437613619686202
2017-06-22,XLY,-0.006043955840854931,0.002490423009346321
2017-06-23,XLY,-0.00698839227322412,-0.007482989049131139
2017-06-26,XLY,-0.01100841232665506,-0.006899001365061719
2017-06-27,XLY,-0.006354292866022182,-0.015507037595543505
2017-06-28,XLY,0.0021147341848046786,-0.008187362021582989
2017-06-29,XLY,-0.0052436722403617075,-0.02696206665525025
2017-06-30,XLY,0.00122856401085647,-0.0253326211993139
2017-07-03,XLY,-0.0033392004321667335,-0.023664874920800716
2017-07-05,XLY,0.0021319543522608786,-0.017627151141348607
2017-07-06,XLY,-0.01799418594695601,-0.029339172378799572
2017-07-07,XLY,0.00044871586976524824,-0.014299270546861975
2017-07-10,XLY,-0.0026774339215946963,-0.007827389898859116
2017-07-11,XLY,-0.003685706053332183,-0.00927771921286158
2017-07-12,XLY,0.006381603308559303,-0.00787699873876413
2017-07-13,XLY,0.016853329452504395,-0.007220875394600479
2017-07-14,XLY,0.011098704791436598,0.0001664321891867715
2017-07-17,XLY,0.01141052834509626,0.0028839296649867396
2017-07-18,XLY,0.018047024960531788,-0.00022062141484469056
2017-07-19,XLY,0.015240532028061526,0.017391507920825555
2017-07-20,XLY,0.01301456468123896,0.013690814527451245
2017-07-21,XLY,0.010422502026928626,0.016735774981751828
2017-07-24,XLY,0.00453461861201121,0.014521500009820665
2017-07-25,XLY,0.0070473129538761725,0.01803205335597058
2017-07-26,XLY,0.0017534704387784927,0.025693027743548313
2017-07-27,XLY,0.011200494115224835,0.022881529991744642
2017-07-28,XLY,0.0028530075637620556,0.025011353418096238
2017-07-31,XLY,0.005946348079601149,0.019301920327606803
2017-08-01,XLY,0.0006560108635398354,0.022112933391307488
2017-08-02,XLY,-0.0016406535706069425,0.021831722227752648
2017-08-03,XLY,-0.011619458854110531,0.029521603307703037
2017-08-04,XLY,-0.003939444669968983,0.020515456424577083
2017-08-07,XLY,-0.0013136401029276712,0.02069576992610167
2017-08-08,XLY,-0.002512877609985531,0.02331613114514597
2017-08-09,XLY,-0.0055881560491093385,0.009678201357649518
2017-08-10,XLY,-0.01779810419181327,-0.0055615286338683845
2017-08-11,XLY,-0.01285291670755584,-0.0036592357497094996
2017-08-14,XLY,-0.008110492375258516,0.0009955367215808142
2017-08-15,XLY,-0.0177461859985778,-0.012662334742869374
2017-08-16,XLY,-0.006941332923959265,-0.012382132918775435
2017-08-17,XLY,-0.007941949747124921,-0.02613375424630271
2017-08-18,XLY,-0.01791639220985619,-0.031603185419522006
2017-08-21,XLY,-0.02309418082958692,-0.026535923532351124
2017-08-22,XLY,-0.003456956941142786,-0.022961018012236045
2017-08-23,XLY,-0.016975222320113836,-0.03084654770902817
2017-08-24,XLY,-0.003157186884661156,-0.03996133935376711
2017-08-25,XLY,0.0043055758704184655,-0.0302005247000372
2017-08-28,XLY,0.0030543619880338824,-0.029334526633957303
2017-08-29,XLY,-0.00850465537070677,-0.03190547836091695
2017-08-30,XLY,0.007223137364889443,-0.022242057135323345
2017-08-31,XLY,0.014139325469062047,-0.014941189955820167
2017-09-01,XLY,0.016247551434219742,-0.010545757602832162
2017-09-05,XLY,0.011501507918474818,-0.01687894275902324
2017-09-06,XLY,0.01873568855127372,-0.011283036194332685
2017-09-07,XLY,0.0026892283327513145,-0.014103298154584776
2017-09-08,XLY,-0.005465532690541952,-0.0025727469099725564
2017-09-11,XLY,-0.004773873159062636,-0.002447831722419025
2017-09-12,XLY,0.003790892771691201,-0.005082767622217821
2017-09-13,XLY,0.0047638242210812365,0.011375088052547166
2017-09-14,XLY,0.008046792370033362,0.0007767323855059072
2017-09-15,XLY,0.00871482131737955,0.014174173700150394
2017-09-18,XLY,-4.471496533664521e-05,0.015705337971700484
2017-09-19,XLY,-0.005378608564070908,0.012959430287262652
2017-09-20,XLY,-0.009187061352346704,0.0055596996518181285
2017-09-21,XLY,-0.005473741119917719,0.012485913104523183
2017-09-22,XLY,-0.0010038100311519083,0.016364989706785904
2017-09-25,XLY,0.00033598151971481194,0.01169068519224381
2017-09-26,XLY,0.0013448518080874106,0.011233038853684985
2017-09-27,XLY,0.0034619179748938134,0.017696018762587862
2017-09-28,XLY,0.003915382989742255,0.009160875598327456
2017-09-29,XLY,0.006030859572068836,0.00823872869809894
2017-10-02,XLY,0.01007262161020317,0.0055434438278174625
2017-10-03,XLY,0.0142121415486256,0.013942953037280326
2017-10-04,XLY,0.013912001160773624,0.012877254181906217
2017-10-05,XLY,0.02083810641943229,0.02742689181108382
2017-10-06,XLY,0.018205817421364623,0.03223625993295154
2017-10-09,XLY,0.013074615994915995,0.023576964820663626
2017-10-10,XLY,0.00783403137753913,0.018026982815865678
2017-10-11,XLY,0.003183511876825529,0.011284180875111627
2017-10-12,XLY,-0.009060556959712196,0.00999064690457252
2017-10-13,XLY,-0.005451507296726832,0.017739597688503972
2017-10-16,XLY,-0.0009841387101552357,0.022615349316657873
2017-10-17,XLY,0.0005474641509619627,0.024092508832074477
2017-10-18,XLY,-0.0027357321288564718,0.017868801376977217
2017-10-19,XLY,0.003965747576119227,0.019576914948711055
2017-10-20,XLY,0.001535134871393229,0.02032617888832844
2017-10-23,XLY,-0.006568842526055274,0.015556741824794829
2017-10-24,XLY,-0.004705324787437681,0.017904889734217555
2017-10-25,XLY,-0.005815108257134827,0.00845858320926185
2017-10-26,XLY,-0.0023039946354316276,0.013260512232486699
2017-10-27,XLY,0.011383522849665484,0.025754901493546534
2017-10-30,XLY,0.013665184449836998,0.019168810238651135
2017-10-31,XLY,0.011323764202860964,0.015005995801472993
2017-11-01,XLY,0.015561183460801153,0.01009889523223384
2017-11-02,XLY,0.004399095853022006,-0.003056472960728862
2017-11-03,XLY,-0.007576121131665059,-0.0002181870395269181
2017-11-06,XLY,0.004240545034440268,0.010281597541578646
2017-11-07,XLY,-0.0018478827205137272,0.00525518311366735
2017-11-08,XLY,-0.0010867469124991036,0.005799199678643063
2017-11-09,XLY,0.007992832544930328,0.0141002427196677
2017-11-10,XLY,0.0073068765921056045,0.012607331543434963
2017-11-13,XLY,0.0033557626181581757,0.014670439217706166
2017-11-14,XLY,0.010237471685796917,0.014990783520260065
2017-11-15,XLY,0.004786780146877279,0.01338609221080711
2017-11-16,XLY,0.011622950189753123,0.02183474068216018
2017-11-17,XLY,0.012666387986173921,0.023861643170495217
2017-11-20,XLY,0.011221574351598429,0.032841210258364395
2017-11-21,XLY,0.016601832543104544,0.036719592939337575
2017-11-22,XLY,0.021979220404648503,0.04171722693446012
2017-11-24,XLY,0.016106286978265105,0.0406904494726783
2017-11-27,XLY,0.012400986475597398,0.02489165993107867
2017-11-28,XLY,0.021660180260800077,0.040987451518379014
2017-11-29,XLY,0.01972425631617991,0.04533103377804326
2017-11-30,XLY,0.023943555041127773,0.050315488683727816
2017-12-01,XLY,0.020923902313177978,0.057812336911120754
2017-12-04,XLY,0.03199568799633612,0.06575808606939382
2017-12-05,XLY,0.014830076877840659,0.05196447273201277
2017-12-06,XLY,0.003951723039153254,0.05140476520565507
2017-12-07,XLY,0.0014481138778539293,0.052980788740099705
2017-12-08,XLY,0.006624201434720867,0.05637606194336642
2017-12-11,XLY,-0.0027627726831828125,0.05510412312283974
2017-12-12,XLY,0.0033962875243711554,0.05200696091335866
2017-12-13,XLY,0.010772381657121466,0.051961472820022614
2017-12-14,XLY,0.011261796686774295,0.05976637565067722
2017-12-15,XLY,0.010832403764905907,0.05555054259457459
2017-12-18,XLY,0.017714082690200472,0.06036335119406577
2017-12-19,XLY,0.015958931794695097,0.05693538919542718
2017-12-20,XLY,0.013172366860526585,0.048412722803110375
2017-12-21,XLY,0.016627412893867488,0.054216687813937625
2017-12-22,XLY,0.01030967719264586,0.049528914067291874
2017-12-26,XLY,0.0035409767004301873,0.05108359961113407
2017-12-27,XLY,0.0028362761004212533,0.0374615456862788
2017-12-28,XLY,0.007510545680984748,0.035855397091517416
2017-12-29,XLY,-0.0048399468731568085,0.02458219487497426
2018-01-02,XLY,0.012224297396367101,0.04058555709380207
2018-01-03,XLY,0.01461680685855038,0.03338327667763075
2018-01-04,XLY,0.019999822784793286,0.042746580788838084
2018-01-05,XLY,0.02528460720204606,0.057866199691433806
2018-01-08,XLY,0.03252570962627077,0.05637770262230202
2018-01-09,XLY,0.019064068094807318,0.05344511834834864
2018-01-10,XLY,0.013710802331972749,0.05045395601193503
2018-01-11,XLY,0.02683707761714338,0.06710665070750776
2018-01-12,XLY,0.03193161988980853,0.08001128729353191
2018-01-16,XLY,0.02335649180043764,0.06901198415053633
2018-01-17,XLY,0.02624845065253334,0.06951104508112249
2018-01-18,XLY,0.02607099414234204,0.05907970939813034
2018-01-19,XLY,0.018420409941913407,0.06969205019489433
2018-01-22,XLY,0.016566598387377507,0.08362943607116335
2018-01-23,XLY,0.03250853869342718,0.08571142938112031
2018-01-24,XLY,0.03197154223846521,0.09244223583041489
2018-01-25,XLY,0.031044033485691847,0.08810486139886442
2018-01-26,XLY,0.03219676843479591,0.10100990933937504
2018-01-29,XLY,0.018076454088885363,0.09499361426137187
2018-01-30,XLY,0.004551320432481187,0.09595722473641755
2018-01-31,XLY,-0.002959033198296823,0.07605563884311506
2018-02-01,XLY,-0.0123217280994804,0.059215185366834344
2018-02-02,XLY,-0.03128433859179214,0.045652674361018386
2018-02-05,XLY,-0.0613617506970322,0.0024561783806054116
2018-02-06,XLY,-0.032544678637079216,0.026889344422391437
2018-02-07,XLY,-0.032371851729147805,0.02174314437049074
2018-02-08,XLY,-0.06050095851526083,-0.018327861270701074
2018-02-09,XLY,-0.04507989156034442,-0.027582089742832605
2018-02-12,XLY,0.0016661544592180277,-0.026944803455477784
2018-02-13,XLY,-0.018252938559636167,-0.014863730880889658
2018-02-14,XLY,0.00047938604316288824,-0.003912792147341082
2018-02-15,XLY,0.051318162194988526,0.005826843033961415
2018-02-16,XLY,0.039274004537758866,-0.007670461224508984
2018-02-20,XLY,0.02221153175776469,-0.021541486290703404
2018-02-21,XLY,0.015477326521007972,-0.03111353820872509
2018-02-22,XLY,0.000766269550221077,-0.034032976348245536
2018-02-23,XLY,0.0057926946675332935,-0.0188069006093472
2018-02-26,XLY,0.01918112234059266,-0.020183395270127913
2018-02-27,XLY,0.0006698440956878216,-0.038270726687391954
2018-02-28,XLY,-0.002396454240924384,-0.03781464414897784
2018-03-01,XLY,-0.014360831520145001,-0.04507942434382106
2018-03-02,XLY,-0.02700393824362668,-0.03339270621740131
2018-03-05,XLY,-0.02359550274486233,-0.012406449635830596
2018-03-06,XLY,0.004400469305285926,0.029109280574425078
2018-03-07,XLY,0.0021140315874568216,-0.003344728387128626
2018-03-08,XLY,0.0162214151586475,0.0028756816257906603
2018-03-09,XLY,0.030956024395600856,0.06070317131460934
2018-03-12,XLY,0.02215203485091588,0.05712587701169758
2018-03-13,XLY,0.007999762292777657,0.03561641328727383
2018-03-14,XLY,0.013615764949334253,0.029007913753794412
2018-03-15,XLY,0.009367457902285325,0.011785041726960932
2018-03-16,XLY,-0.007062626477901013,0.0018012233449360426
2018-03-19,XLY,-0.022649130136477402,-0.0058609270111072975
2018-03-20,XLY,-0.009848173214379363,0.003136289904975831
2018-03-21,XLY,-0.009389548970656025,0.0038097030178474434
2018-03-22,XLY,-0.02944261848001395,-0.01875645628928735
2018-03-23,XLY,-0.04753766930683334,-0.05131749998066082
2018-03-26,XLY,-0.007028278984402059,-0.03142634356531693
2018-03-27,XLY,-0.03225201712806769,-0.0298667169505068
2018-03-28,XLY,-0.04329094715226678,-0.03733919722304435
2018-03-29,XLY,-0.008807089984796512,-0.013227482604725394
2018-04-02,XLY,-0.01746853905302026,-0.042020374639271885
2018-04-03,XLY,-0.03354633916952687,-0.04129737349964768
2018-04-04,XLY,0.0038568734861286202,-0.030391766881094462
2018-04-05,XLY,0.02983287789571709,-0.010711641876981814
2018-04-06,XLY,-0.006022512286153137,-0.034826807273589
2018-04-09,XLY,0.0204208283395495,-0.05180983503531045
2018-04-10,XLY,0.019863182713351524,-0.04344414666169871
2018-04-11,XLY,-0.001576050598791956,-0.039602867285873256
2018-04-12,XLY,-0.010498918192162532,-0.034247557671366224
2018-04-13,XLY,0.005363770458456596,-0.03865519678881035
2018-04-16,XLY,0.015332389628934573,-0.030424061286655424
2018-04-17,XLY,0.021837517596762668,9.596221503671565e-05
2018-04-18,XLY,0.029797406650768687,-0.0011486623879400915
2018-04-19,XLY,0.022104694613083176,-0.0035436188741486685
2018-04-20,XLY,0.0173880187900588,0.00773092177343937
2018-04-23,XLY,0.011962960158042213,0.0301456607993158
2018-04-24,XLY,-0.022237347706373645,-0.01522222650673044
2018-04-25,XLY,-0.022803443688567238,0.008603587563088544
2018-04-26,XLY,-0.0038449059477158043,0.037541243186505424
2018-04-27,XLY,0.010972622248631492,0.027840657668442903
2018-04-30,XLY,0.004845093800833755,0.05354062877205856
2018-05-01,XLY,0.022349334122098385,0.04173323749837654
2018-05-02,XLY,0.01117767561853178,0.01595900593955424
2018-05-03,XLY,-0.009359486723802268,-0.0019444788015555714
2018-05-04,XLY,-0.0008642847807652787,0.03317461745835293
2018-05-07,XLY,0.006460697648086766,0.03912739409675692
2018-05-08,XLY,0.0008667703008642391,0.022329463993517207
2018-05-09,XLY,0.011248057982804704,0.029008340958444512
2018-05-10,XLY,0.019480099899926495,0.02829371403826597
2018-05-11,XLY,0.00836348717610269,0.03625731375526042
2018-05-14,XLY,0.006898555990613842,0.030495907836344482
2018-05-15,XLY,0.005292104191978231,0.005776085079180371
2018-05-16,XLY,0.010164023999328364,0.009390002070539305
2018-05-17,XLY,0.0031526403915100865,0.009226901874241022
2018-05-18,XLY,-0.0001906874960765359,0.01835257866999096
2018-05-21,XLY,0.003425763759783429,0.02180236242097977
2018-05-22,XLY,0.004785340067700705,0.03357298758304439
2018-05-23,XLY,0.003701620313586229,0.036768267410523636
2018-05-24,XLY,0.00923810269235159,0.022481589177296923
2018-05-25,XLY,0.012015131389387257,0.019402697979269634
2018-05-29,XLY,-0.0013278800266264268,0.015525216541505626
2018-05-30,XLY,0.012288168797970345,0.023401367809304796
2018-05-31,XLY,0.00018923265417414292,0.025501732113719644
2018-06-01,XLY,0.005379049675269032,0.037693850252337624
2018-06-04,XLY,0.015076060201303365,0.03566638511798392
2018-06-05,XLY,0.028962377296704256,0.038229553781010894
2018-06-06,XLY,0.029170875990467415,0.05234274276238837
2018-06-07,XLY,0.03715982210970803,0.051778725957611016
2018-06-08,XLY,0.031724991676264525,0.05015750588873358
2018-06-11,XLY,0.024412743446717622,0.05215019818440969
2018-06-12,XLY,0.023348136370697326,0.0551909848966774
2018-06-13,XLY,0.015452163409253483,0.06297832274829673
2018-06-14,XLY,0.023064884920805717,0.06521105055181642
2018-06-15,XLY,0.022602709905040763,0.07051895006707931
2018-06-18,XLY,0.01679932135191886,0.07002964874864226
2018-06-19,XLY,0.010673664776206682,0.06281279419056784
2018-06-20,XLY,0.013911793753467405,0.0726333426263559
2018-06-21,XLY,-0.0037168450801323694,0.05733796241925315
2018-06-22,XLY,-0.007046818221658424,0.05324521021095974
2018-06-25,XLY,-0.026983464262031687,0.028795429701652386
2018-06-26,XLY,-0.01878674488691401,0.04423261699882608
2018-06-27,XLY,-0.03606106497245132,0.021401883214781314
2018-06-28,XLY,-0.02152292147704593,0.034385221018592205
2018-06-29,XLY,-0.018145719628412382,0.028600425143652686
2018-07-02,XLY,0.0050505752782985525,0.018634444260537064
2018-07-03,XLY,-0.007111626476449029,0.007623259653194658
2018-07-05,XLY,0.010899608013357875,0.003268541166425054
2018-07-06,XLY,0.010906644370803686,0.008202275556379313
2018-07-09,XLY,0.021226013759645612,0.018133243253387388
2018-07-10,XLY,0.022019064943158195,0.01625426753215331
2018-07-11,XLY,0.024793252276658295,0.009046169753862188
2018-07-12,XLY,0.026498614433101864,0.014182454399476185
2018-07-13,XLY,0.020761615636769593,0.00593246709397266
2018-07-16,XLY,0.011198651160040374,0.006779027971308249
2018-07-17,XLY,0.010012342351038317,0.00947092668164462
2018-07-18,XLY,0.011738466428182104,0.010109256748130901
2018-07-19,XLY,0.002759302738717384,0.0030269862614291654
2018-07-20,XLY,-0.0039079954158076635,0.005739465407853528
2018-07-23,XLY,-0.007442316596123155,0.0063780226909839755
2018-07-24,XLY,-0.011329286320228449,0.02571159365177622
2018-07-25,XLY,-0.0034540563277438707,0.02589348159807847
2018-07-26,XLY,-0.0063914099543724845,0.03389975586830185
2018-07-27,XLY,-0.0045473617904786545,0.023187999153722716
2018-07-30,XLY,-0.011425356825694233,0.013266239776115851
2018-07-31,XLY,-0.0038495424151069324,0.016628514523680193
2018-08-01,XLY,-0.01599716568139864,0.01671257365926082
2018-08-02,XLY,-0.004020372731491029,0.018640313360480443
2018-08-03,XLY,0.0019705144516311,0.014143305518469207
2018-08-06,XLY,0.016794543530756822,0.008869309894771638
2018-08-07,XLY,0.016716056977931215,0.011353476811447383
2018-08-08,XLY,0.022850290574296883,0.014784932558443042
2018-08-09,XLY,0.019644842566271636,0.011839010149774287
2018-08-10,XLY,0.007688219381905448,0.0011546732176848096
2018-08-13,XLY,-0.004084889402505509,-0.006379024349341456
2018-08-14,XLY,0.0009723171854916224,0.002301447941823076
2018-08-15,XLY,-0.012273634935172084,-0.009299472128296848
2018-08-16,XLY,-0.011084726145999313,-0.0021303725774052262
2018-08-17,XLY,-0.0018632922733932133,0.0032097686274965564
2018-08-20,XLY,0.010343231923890084,0.011425577205233406
2018-08-21,XLY,0.008565826997838366,0.02247085380137981
2018-08-22,XLY,0.022081596065515186,0.016086396397068548
2018-08-23,XLY,0.016101699568527916,0.020459197444489874
2018-08-24,XLY,0.02115373460550618,0.029111142514319344
2018-08-27,XLY,0.02047483464689548,0.044063142609015005
2018-08-28,XLY,0.014447201690991562,0.041251036479109215
2018-08-29,XLY,0.024752450303267448,0.05816465980887631
2018-08-30,XLY,0.019873925975443907,0.0449407794110297
2018-08-31,XLY,0.017930431792785306,0.04550337016223405
2018-09-04,XLY,0.013318486696388465,0.04049386418844447
2018-09-05,XLY,0.00043151611892056074,0.024573523685191168
2018-09-06,XLY,-0.013400315476735702,0.020662485176536904
2018-09-07,XLY,-0.0078117565473638795,0.016803021164178533
2018-09-10,XLY,-0.008037666786107067,0.029187344360593004
2018-09-11,XLY,-0.001962992106240402,0.04271074100224981
2018-09-12,XLY,0.010784172837584816,0.03461672602631305
2018-09-13,XLY,0.015312703846979137,0.04916870116325334
2018-09-14,XLY,0.011594001671147103,0.04012129682470711
2018-09-17,XLY,-0.004654774112288207,0.026309023426833722
2018-09-18,XLY,0.0,0.03203615173105634
2018-09-19,XLY,-0.0014510862143859438,0.02434107948436104
2018-09-20,XLY,0.0036638875284911165,0.03026288834108981
2018-09-21,XLY,0.0029887927661951252,0.02669841441620857
2018-09-24,XLY,0.008982188500093358,0.014076029340133411
2018-09-25,XLY,0.0005014250676360632,0.01183645639387576
2018-09-26,XLY,0.002389069903192098,0.012165345043485098
2018-09-27,XLY,-0.0010133597339720968,0.004358526891104386
2018-09-28,XLY,0.002565416866907144,0.009274085383924824
2018-10-01,XLY,0.006026104430861823,0.0022167778175286035
2018-10-02,XLY,-0.011744558800379168,-0.01318993311231531
2018-10-03,XLY,-0.017362670616081766,-0.005837545575427594
2018-10-04,XLY,-0.03605510340718576,-0.018704048325359435
2018-10-05,XLY,-0.042484256716252444,-0.025995487831492525
2018-10-08,XLY,-0.03705265570292493,-0.027098154541252972
2018-10-09,XLY,-0.026717518675543617,-0.03766599544910132
2018-10-10,XLY,-0.05631466250196582,-0.0718329822104613
2018-10-11,XLY,-0.058184013283265945,-0.08973835205072234
2018-10-12,XLY,-0.03349957650902202,-0.06941344853979081
2018-10-15,XLY,-0.03821194872057365,-0.05989867063923793
2018-10-16,XLY,-0.01604273890424701,-0.053104468622789724
2018-10-17,XLY,0.009869149219807749,-0.06131064422723975
2018-10-18,XLY,0.008262344617854911,-0.08556783323441242
2018-10-19,XLY,-0.019727005217189286,-0.09048947278002595
2018-10-22,XLY,-0.013490140744271906,-0.08083686641439403
2018-10-23,XLY,-0.032699505377701055,-0.0845265254920542
2018-10-24,XLY,-0.05379493177761885,-0.11392427093766422
2018-10-25,XLY,-0.0061459018674333565,-0.09026595574670826
2018-10-26,XLY,-0.027553098922130426,-0.11781248503789565
2018-10-29,XLY,-0.03999221671888442,-0.12288184326345797
2018-10-30,XLY,-0.0257510904388063,-0.09750151925406303
2018-10-31,XLY,0.01718130156354647,-0.08277485861789846
2018-11-01,XLY,0.007495829564072132,-0.04916426360332171
2018-11-02,XLY,0.04409620493894639,-0.038043350329018844
2018-11-05,XLY,0.054829256999699316,-0.03918952676822629
2018-11-06,XLY,0.043828942029425555,-0.03208569719837662
2018-11-07,XLY,0.058455036797185,0.02877678840158704
2018-11-08,XLY,0.03757046092463301,0.04750724896479963
2018-11-09,XLY,0.01898689975048562,0.014196373139765184
2018-11-12,XLY,-0.002867335693954365,-0.0038808386189763677
2018-11-13,XLY,-0.007734631394253233,-0.023913049456358415
2018-11-14,XLY,-0.0411509001941025,-0.023198502279075384
2018-11-15,XLY,-0.04284301631284926,-0.005587301597003824
2018-11-16,XLY,-0.03317564599021183,0.0002823280031030162
2018-11-19,XLY,-0.03747327284386992,-0.02809758334808199
2018-11-20,XLY,-0.058834561204401226,-0.05028550257304221
2018-11-21,XLY,-0.0417951755068704,-0.010810722619879587
2018-11-23,XLY,-0.04466688446757816,-0.04412993509272589
2018-11-26,XLY,-0.019366677666560084,0.008703078280017484
2018-11-27,XLY,0.008191106633592904,0.020682738253623878
2018-11-28,XLY,0.062019026605841576,0.03527430845687962
2018-11-29,XLY,0.04615510257676947,0.017365742326113986
2018-11-30,XLY,0.058517934498010016,0.004277712188564875
2018-12-03,XLY,0.05464505289475552,0.01889433781625427
2018-12-04,XLY,0.013668584529255678,-0.019145497080869656
2018-12-06,XLY,-0.010676490847231213,-0.018784428618196625
2018-12-07,XLY,-0.035817256399981234,-0.07324689421963437
2018-12-10,XLY,-0.04204086011636021,-0.07277910310290814
2018-12-11,XLY,-0.059267494633367335,-0.05935294815618719
2018-12-12,XLY,-0.013861379244179406,-0.02996006319382727
2018-12-13,XLY,-0.02346076801149466,-0.03433544008622447
2018-12-14,XLY,-0.010060692297489293,-0.043197383057370975
2018-12-17,XLY,-0.03595931372486816,-0.06611069552047244
2018-12-18,XLY,-0.028795043369171935,-0.05509095276510012
2018-12-19,XLY,-0.05794609200583256,-0.05059268735460354
2018-12-20,XLY,-0.07447640131484745,-0.0503844470130248
2018-12-21,XLY,-0.0801580064071431,-0.08150407496755319
2018-12-24,XLY,-0.07409525199561606,-0.09487850146783627
2018-12-26,XLY,-0.026844276079433294,-0.06229614376870618
2018-12-27,XLY,-0.0018890573177567926,-0.060085115233710074
2018-12-28,XLY,0.021118779182131453,-0.0869558361327657
2018-12-31,XLY,0.05599417558549025,-0.07286563460402817
2019-01-02,XLY,0.08458337868788002,-0.07259036336819236
2019-01-03,XLY,0.0017447735019917587,-0.10933073217942679
2019-01-04,XLY,0.02940297629453048,-0.045495544984974545
2019-01-07,XLY,0.05257237628081923,-0.028583616663387712
2019-01-08,XLY,0.05292395778128878,0.012465730057431568
2019-01-09,XLY,0.050320830554604346,0.01682589502698617
2019-01-10,XLY,0.07049172200847731,0.013523050187028929
2019-01-11,XLY,0.03719126469462242,0.003919390252561605
2019-01-14,XLY,0.00804973040739232,0.002761580138259667
2019-01-15,XLY,0.00604303316988597,0.028935901546844
2019-01-16,XLY,-0.0013359566247402865,0.053345023911686384
2019-01-17,XLY,0.008326863967462517,0.05226246198235751
2019-01-18,XLY,0.021323177727274212,0.08839434042358629
2019-01-22,XLY,0.012218360015585183,0.0966913037940551
2019-01-23,XLY,0.005148818634030494,0.12436017608881533
2019-01-24,XLY,0.01165899913300894,0.15090237406060547
2019-01-25,XLY,0.01594691107342583,0.09853209677750852
2019-01-28,XLY,-0.0037446812548312947,0.08637086737595201
2019-01-29,XLY,0.004847413183885596,0.07921570158701385
2019-01-30,XLY,0.022576324773701417,0.08877882394506886
2019-01-31,XLY,0.027583719761531844,0.09041735827662545
2019-02-01,XLY,0.0014949614446260195,0.09825814819256196
2019-02-04,XLY,0.013908175182313576,0.07001857297644487
2019-02-05,XLY,0.03007954054715567,0.05615351408902969
2019-02-06,XLY,0.006029705981986266,0.040287697927368304
2019-02-07,XLY,-0.011215424723418077,0.026531925400781198
2019-02-08,XLY,-0.0005599738556868461,0.02536351265132608
2019-02-11,XLY,-0.0052830406509065675,0.02619994748178267
2019-02-12,XLY,0.0006428943364205075,0.048393226368426134
2019-02-13,XLY,0.011618455895259006,0.04605290227819503
2019-02-14,XLY,0.016270082286949705,0.04462926368244702
2019-02-15,XLY,0.027350106663684093,0.04470817126358129
2019-02-19,XLY,0.029724381669574917,0.03464126677462165
2019-02-20,XLY,0.016151136560350388,0.05246655328406247
2019-02-21,XLY,0.007291912741995699,0.04828320864669733
2019-02-22,XLY,0.01646682543902922,0.04959377846289681
2019-02-25,XLY,0.006178279342111237,0.03466299146084317
2019-02-26,XLY,0.003438475604218283,0.04210119233009957
2019-02-27,XLY,0.0007223932763025243,0.04814605105914649
2019-02-28,XLY,-0.002714940225312934,0.022356138185949392
2019-03-01,XLY,-8.996274674288873e-05,0.02132734680457582
2019-03-04,XLY,9.05585581010282e-05,0.03321207683048688
2019-03-05,XLY,0.0012624929980247224,0.029103880734594023
2019-03-06,XLY,-0.0027070008140696045,0.01478446828525537
2019-03-07,XLY,-0.009436534768809457,0.006638902330767804
2019-03-08,XLY,-0.02421230823171394,0.007902711264986317
2019-03-11,XLY,-0.007675083766460977,0.02585654043462271
2019-03-12,XLY,-0.007385498820035363,0.02692874152479474
2019-03-13,XLY,0.000814134462944871,0.01495812846085598
2019-03-14,XLY,0.01007609930050224,0.005104137775514106
2019-03-15,XLY,0.023682148778573886,0.015253751154080453
2019-03-18,XLY,0.019572869310681584,0.01809060966443976
2019-03-19,XLY,0.02180356721867982,0.0190294316116697
2019-03-20,XLY,0.01965221108066184,0.0184550925588991
2019-03-21,XLY,0.03671683291281691,0.034465148862060646
2019-03-22,XLY,0.009674559952017603,0.008469591708891944
2019-03-25,XLY,0.005910359822303368,0.01781951819599681
2019-03-26,XLY,0.005168159134796957,0.020785990153011635
2019-03-27,XLY,0.0016903110670984933,0.019440161754749496
2019-03-28,XLY,-0.005880841045490803,0.03118121912589511
2019-03-29,XLY,0.019521642264401118,0.028249078424190444
2019-04-01,XLY,0.024659471230036756,0.042823972687001
2019-04-02,XLY,0.02012221855104146,0.04001345923058164
2019-04-03,XLY,0.02940127158115602,0.05226147147112492
2019-04-04,XLY,0.03152042030774993,0.07381760170000295
2019-04-05,XLY,0.03223543102880244,0.08773162402647494
2019-04-08,XLY,0.02467419294480777,0.07681949240209507
2019-04-09,XLY,0.015641441953990087,0.06413997390614146
2019-04-10,XLY,0.013374856908064281,0.06546788395842906
2019-04-11,XLY,0.006505197674206098,0.07002135602810644
2019-04-12,XLY,0.006807456825702829,0.06980112078897704
2019-04-15,XLY,0.005256909098782403,0.06169972463204032
2019-04-16,XLY,0.018822467010209953,0.06103535771588109
2019-04-17,XLY,0.01592297424718425,0.0615710826426803
2019-04-18,XLY,0.014287029409097762,0.04687099519808058
2019-04-22,XLY,0.0042258499062926,0.06402793768129555
2019-04-23,XLY,0.014169933120988132,0.07041738680855958
2019-04-24,XLY,0.010665091952960726,0.06683780979920306
2019-04-25,XLY,0.0034366008987265495,0.06342176520064036
2019-04-26,XLY,0.01173792683797159,0.06542468355845976
2019-04-29,XLY,0.012034928363456432,0.05621439805467321
2019-04-30,XLY,-0.0014137852803612905,0.04317978457769711
2019-05-01,XLY,-0.014457851058665927,0.030674176604816195
2019-05-02,XLY,-0.008520099162121264,0.024247138038287375
2019-05-03,XLY,-0.004723589868899425,0.02798939646852938
2019-05-06,XLY,-0.007317881386838532,0.015742256905132423
2019-05-07,XLY,-0.02090446328346285,-0.003222021101534356
2019-05-08,XLY,-0.008515229188949758,0.00615995720484519
2019-05-09,XLY,-0.013310758737402728,-0.0027247818444052774
2019-05-10,XLY,-0.02339724056302095,-0.0025513195729338634
2019-05-13,XLY,-0.04666160627150551,-0.038201311407516036
2019-05-14,XLY,-0.022201354584235,-0.03044868557933067
2019-05-15,XLY,-0.01590130934480538,-0.028132252147269998
2019-05-16,XLY,-0.002732226565746454,-0.021037557450486966
2019-05-17,XLY,-0.011765589075655392,-0.02817143417148671
2019-05-20,XLY,0.011335567984813277,-0.0313919691417085
2019-05-21,XLY,0.00817724004826692,-0.03617772886470605
2019-05-22,XLY,-0.008900204186330085,-0.046946477004112364
2019-05-23,XLY,-0.03013697235384616,-0.05379225988710945
2019-05-24,XLY,-0.021395905988384256,-0.059998258472396815
2019-05-28,XLY,-0.020940119160385295,-0.06295204177791314
2019-05-29,XLY,-0.036327551928306834,-0.06987603690109145
2019-05-30,XLY,-0.019964924554984553,-0.0522720085429732
2019-05-31,XLY,-0.020656683191543457,-0.0653746729420438
2019-06-03,XLY,-0.030150733200289492,-0.08401325447780816
2019-06-04,XLY,0.002751116950011845,-0.05344735326184635
2019-06-05,XLY,0.016744509944728536,-0.034110158217744546
2019-06-06,XLY,0.015301032056286079,-0.029506820313708326
2019-06-07,XLY,0.043627124039907095,-0.01144119005067823
2019-06-10,XLY,0.06135795869348559,-0.0045186612229115575
2019-06-11,XLY,0.03734838208867086,0.029964662196552583
2019-06-12,XLY,0.031968376375420604,0.019399828844838707
2019-06-13,XLY,0.03592377182190076,0.02160176085459975
2019-06-14,XLY,0.023406458833286736,0.014469230821265722
2019-06-17,XLY,0.015245122414708101,0.022690125415674167
2019-06-18,XLY,0.019025770896853533,0.03779652087458274
2019-06-19,XLY,0.021163874785400827,0.03253102512900674
2019-06-20,XLY,0.019115645785149127,0.050479823168399385
2019-06-21,XLY,0.012170666223778603,0.05872269377662054
2019-06-24,XLY,0.006325738242148438,0.05166062736670707
2019-06-25,XLY,-0.010834397478104774,0.0485085140917938
2019-06-26,XLY,-0.009466335715448748,0.06131159177068257
2019-06-27,XLY,-0.010127101700627028,0.06102478698789837
2019-06-28,XLY,-0.0026775350974838075,0.0781591179347838
2019-07-01,XLY,0.011524230251626744,0.09685107057232933
2019-07-02,XLY,0.0235267124375651,0.0702321386141811
2019-07-03,XLY,0.02912294098801249,0.07423260803944554
2019-07-05,XLY,0.02389378173940826,0.07000450838511818
2019-07-08,XLY,0.022231641030453275,0.05605569176091674
2019-07-09,XLY,0.014386876880706057,0.048309218174380275
2019-07-10,XLY,0.01584916885087595,0.048051404196223
2019-07-11,XLY,0.009131235492361833,0.050460172786015
2019-07-12,XLY,0.019556247573377927,0.05309851084610906
2019-07-15,XLY,0.0215838648758766,0.05417495248486559
2019-07-16,XLY,0.01918328176741091,0.05237563392061784
2019-07-17,XLY,0.005799453732211024,0.034448352465207055
2019-07-18,XLY,0.002445599020225231,0.031204886068518345
2019-07-19,XLY,-0.015474022957464917,0.017355434195133634
2019-07-22,XLY,-0.018075354821746603,0.022673745363858577
2019-07-23,XLY,-0.010135086385121395,0.035161554926435246
2019-07-24,XLY,0.004467090183206679,0.05045032287456541
2019-07-25,XLY,0.00016245294574512847,0.04122903191268423
2019-07-26,XLY,0.011378666594902054,0.039458282227023966
2019-07-29,XLY,0.005890487067266914,0.03145956101120051
2019-07-30,XLY,-0.007638675472155909,0.015550849920382248
2019-07-31,XLY,-0.02393296978020698,0.0017422257595876012
2019-08-01,XLY,-0.031791121425039925,-0.020401593263467577
2019-08-02,XLY,-0.04411175618600105,-0.02958102721558553
2019-08-05,XLY,-0.06522950197985866,-0.056791113839771645
2019-08-06,XLY,-0.04454621508790779,-0.04344986568548448
2019-08-07,XLY,-0.02957244565341277,-0.04304862568402823
2019-08-08,XLY,0.002771547850646261,-0.02657516084521727
2019-08-09,XLY,0.001608833124133069,-0.046663470224909465
2019-08-12,XLY,0.01426948480192336,-0.06354434137175136
2019-08-13,XLY,0.015512532245452348,-0.04689503203689427
2019-08-14,XLY,-0.020230292070667066,-0.06781419990136273
2019-08-15,XLY,-0.04036541669490623,-0.06814679937331847
2019-08-16,XLY,-0.020289229115109664,-0.05132613229327909
2019-08-19,XLY,0.006691099308732129,-0.039924722260924805
2019-08-20,XLY,-0.009367957290691842,-0.04615639129823046
2019-08-21,XLY,0.04234183780164402,-0.032664913023494724
2019-08-22,XLY,0.04433206017916724,-0.026993894912986316
2019-08-23,XLY,0.00517721166729479,-0.057143101175359035
2019-08-26,XLY,0.00247104137069587,-0.04318842275223855
2019-08-27,XLY,-0.0027262126501190753,-0.04143460181493497
2019-08-28,XLY,-0.009361634106176964,-0.018223933228871725
2019-08-29,XLY,0.005264383855455357,0.010245210886242972
2019-08-30,XLY,0.026526002788293868,0.012531673880652239
2019-09-03,XLY,0.01232599391362954,0.03619576460417684
2019-09-04,XLY,0.027421806024742423,0.030767796567720218
2019-09-05,XLY,0.03417142930720063,0.04626538445308537
2019-09-06,XLY,0.021363385720828854,0.02897561384809788
2019-09-09,XLY,0.03144329064124207,0.0426914849866471
2019-09-10,XLY,0.03157286878739263,0.05387320976813603
2019-09-11,XLY,0.023364209071311537,0.03873742310030237
2019-09-12,XLY,0.008974468672407587,0.07745223374983556
2019-09-13,XLY,0.004476145797596365,0.07705732650659369
2019-09-16,XLY,-0.012161506789821974,0.0513416980013095
2019-09-17,XLY,-0.0021978668210188568,0.04456763105276473
2019-09-18,XLY,-0.004550025315657624,0.04378931525466112
2019-09-19,XLY,-0.011967258006374215,0.021313782361666034
2019-09-20,XLY,-0.02131430450203453,0.009353862508483912
2019-09-23,XLY,-0.005164362037795023,0.040525169798207195
2019-09-24,XLY,-0.021728953999405443,0.01935140954409076
2019-09-25,XLY,-0.012323531561103218,0.03374435161333533
2019-09-26,XLY,-0.013926275527286647,0.016607795439069983
2019-09-27,XLY,-0.005980632867540581,-0.0019368996488277057
2019-09-30,XLY,-0.000910577865022022,0.012714424950605485
2019-10-01,XLY,0.0014226794339797788,0.008372427427306706
2019-10-02,XLY,-0.025453935879634737,-0.019456776891521366
2019-10-03,XLY,-0.016487392511130072,-0.033190672889120365
2019-10-04,XLY,-0.0037604357297237323,-0.02648757326819884
2019-10-07,XLY,-0.01656969762537286,-0.03442674727259676
2019-10-08,XLY,-0.01871541720793901,-0.04078485709868096
2019-10-09,XLY,0.007742099259910207,-0.03442520530678439
2019-10-10,XLY,0.009567111920810722,-0.03262279625993325
2019-10-11,XLY,0.011491373801223226,-0.019688594848990437
2019-10-14,XLY,0.015416848510385606,-0.007469990257026882
2019-10-15,XLY,0.03524915283647623,-0.004785988066849045
2019-10-16,XLY,0.03073027371390169,-0.00020372923212363947
2019-10-17,XLY,0.026585164287139085,0.005123659794197932
2019-10-18,XLY,0.013102308789558537,0.014785188400956661
2019-10-21,XLY,0.017174096162292152,0.014816696396450224
2019-10-22,XLY,0.001891649328710443,0.0192437074848697
2019-10-23,XLY,-0.006798521028610893,0.005389078841020023
2019-10-24,XLY,-0.009884773587482076,0.009243239415867688
2019-10-25,XLY,-0.009085735227485126,0.011615218088979029
2019-10-28,XLY,-0.009461694155213918,0.006130971783761874
2019-10-29,XLY,-0.008783290661363852,0.00885611490075
2019-10-30,XLY,0.001979464094190586,0.03369070740904134
2019-10-31,XLY,-0.002887690989361369,0.023198735984399477
2019-11-01,XLY,0.004873965259781787,0.02038287975724895
2019-11-04,XLY,0.002223496175419948,0.025357971700334714
2019-11-05,XLY,0.009440958315058534,0.03780361098694618
2019-11-06,XLY,0.004279722349092241,0.030139176872717943
2019-11-07,XLY,0.0036407706868117895,0.017192374655826903
2019-11-08,XLY,-0.0025486651929694792,0.006219421924722024
2019-11-11,XLY,-0.005094087022186278,0.004646230225681558
2019-11-12,XLY,-0.007219678891887793,-0.004770011798770901
2019-11-13,XLY,-0.011391452790157963,-0.011958393923377386
2019-11-14,XLY,-0.0011541792890087388,-0.010293166481141647
2019-11-15,XLY,0.00024723652507607774,-0.006548314631147578
2019-11-18,XLY,0.005780627594769605,-0.006606912465173975
2019-11-19,XLY,-0.0046276000456508815,-0.011245914140380009
2019-11-20,XLY,-0.003813406143381326,-0.008988787284672117
2019-11-21,XLY,-0.013702141174927518,-0.014108959518723041
2019-11-22,XLY,-0.00873359796478912,-0.0061952756553822486
2019-11-25,XLY,-0.003448588541927866,-0.00057647677620698
2019-11-26,XLY,0.014528624881799068,0.012008084228852578
2019-11-27,XLY,0.02563014822692411,0.014403002670939413
2019-11-29,XLY,0.024771885559615514,0.013239342630108952
2019-12-02,XLY,0.00939243702706194,-0.0017265773465550138
2019-12-03,XLY,-0.009474990887573087,-0.01224228106187919
2019-12-04,XLY,-0.010719950455774119,-0.008204096080869916
2019-12-05,XLY,-0.02012142555324614,-0.01024411222136512
2019-12-06,XLY,-0.005798223334406605,0.0037100764060953306
2019-12-09,XLY,0.00370562709420863,0.004532869655943905
2019-12-10,XLY,0.012144404941453413,0.004872355888034807
2019-12-11,XLY,0.009099015497485485,0.00809841708198511
2019-12-12,XLY,0.018961456881717798,0.020144023855082738
2019-12-13,XLY,0.011746351902094831,0.016673431589666166
2019-12-16,XLY,0.01493146681479951,0.01928001561444681
2019-12-17,XLY,0.021202992511009544,0.020280793614467996
2019-12-18,XLY,0.01959169326424881,0.03262735846078346
2019-12-19,XLY,0.013895841378827045,0.03827916353490024
2019-12-20,XLY,0.014537858870629972,0.045783154882192756
2019-12-23,XLY,0.007757384364020403,0.03623704017524654
2019-12-24,XLY,0.005557762050173443,0.0295015989076286
2019-12-26,XLY,0.016848634188203038,0.03498875568794957
2019-12-27,XLY,0.013589712547981803,0.026090234117273292
2019-12-30,XLY,0.0055399380743617055,0.026156887808448603
2019-12-31,XLY,0.009335378932915805,0.036178464631754004
2020-01-02,XLY,0.019029840598909775,0.0591280791296902
2020-01-03,XLY,-0.0018247178292171151,0.04429498373930518
2020-01-06,XLY,0.0010312631386890647,0.04824049626008242
2020-01-07,XLY,0.00590868570424119,0.038240074166499216
2020-01-08,XLY,0.007494733073712512,0.040090159365931965
2020-01-09,XLY,0.0009456118767123822,0.047409438855315456
2020-01-10,XLY,0.004053183956528095,0.03907316062176158
2020-01-13,XLY,0.004438043395735836,0.03329976414787317
2020-01-14,XLY,0.00571510613576498,0.03205089340990108
2020-01-15,XLY,0.00039566665875323537,0.025194037612745745
2020-01-16,XLY,0.0040148950919325355,0.02978025483927671
2020-01-17,XLY,0.013059960969600715,0.032416625692562206
2020-01-21,XLY,0.006785507047200268,0.026053352348914816
2020-01-22,XLY,0.0066299357360404265,0.024006463066852834
2020-01-23,XLY,0.010442106369780602,0.027925211837472208
2020-01-24,XLY,-0.012466737978030773,0.011321569587271707
2020-01-27,XLY,-0.030627356327907806,-0.015786224055263087
2020-01-28,XLY,-0.01818178715781882,-0.006108826665649936
2020-01-29,XLY,-0.018268679115680087,-0.0002393942642602287
2020-01-30,XLY,-0.021373204931473877,-0.003348959496345061
2020-01-31,XLY,-0.005001885214660606,-0.01252837248644334
2020-02-03,XLY,0.017248464896958415,0.003020181518504028
2020-02-04,XLY,0.025782148578250785,0.018465517289861344
2020-02-05,XLY,0.03154668401091332,0.025241905461256486
2020-02-06,XLY,0.03096012141588389,0.01986387024788394
2020-02-07,XLY,0.023858765968544526,0.010076341789797993
2020-02-10,XLY,0.028127570896360643,0.02706979994925729
2020-02-11,XLY,0.017664118575530408,0.031876301148828556
2020-02-12,XLY,0.022917682906081538,0.04277848463685241
2020-02-13,XLY,0.023434489592590424,0.04335104028105197
2020-02-14,XLY,0.02634271625347373,0.03253896065056794
2020-02-18,XLY,0.014796737508921742,0.028830594770414608
2020-02-19,XLY,0.011393168871188797,0.03659879368234398
2020-02-20,XLY,0.0015135452780934422,0.03747836221932532
2020-02-21,XLY,-0.012055375782801248,0.020120841084453556
2020-02-24,XLY,-0.044574506030810035,-0.0010320821983043071
2020-02-25,XLY,-0.0700184359763949,-0.01297659688900954
2020-02-26,XLY,-0.08149994552709139,-0.0302522035035534
2020-02-27,XLY,-0.1189538789654142,-0.06892418806880618
2020-02-28,XLY,-0.1110515409584133,-0.0733598811232905
2020-03-02,XLY,-0.04776664636474337,-0.04396746445337674
2020-03-03,XLY,-0.045320792934600784,-0.07368676154016995
2020-03-04,XLY,-0.004444958042150171,-0.05882812489214928
2020-03-05,XLY,-0.0012011523038294447,-0.09848244147444307
2020-03-06,XLY,-0.010187314165755135,-0.11034372153263328
2020-03-09,XLY,-0.10333031846950269,-0.16273082023139007
2020-03-10,XLY,-0.03027975207121758,-0.12631007212865764
2020-03-11,XLY,-0.11393140561883774,-0.1805323335805502
2020-03-12,XLY,-0.17262101558867404,-0.2708145587211074
2020-03-13,XLY,-0.10771913681994294,-0.2243536052801729
2020-03-16,XLY,-0.1683886707578619,-0.3215886618628383
2020-03-17,XLY,-0.18161772619029926,-0.29541323562868027
2020-03-18,XLY,-0.18400657636084206,-0.33885234025308963
2020-03-19,XLY,-0.06061868199658327,-0.3160520053602791
2020-03-20,XLY,-0.14164214639892592,-0.32609363095360033
2020-03-23,XLY,-0.01550598346467702,-0.30094820856089144
2020-03-24,XLY,0.03691039594059875,-0.21440018912006487
2020-03-25,XLY,0.11941309261323618,-0.19423265914120658
2020-03-26,XLY,0.12643380019848882,-0.1255598085654437
2020-03-27,XLY,0.12203310853296423,-0.14939358921154167
2020-03-30,XLY,0.14360779007622426,-0.16045676062012593
2020-03-31,XLY,0.02444113948342741,-0.15699351208277246
2020-04-01,XLY,-0.03818508368962725,-0.2215407337100862
2020-04-02,XLY,-0.07294241717852268,-0.18836869699726844
2020-04-03,XLY,-0.05752139741965623,-0.1900706539135648
2020-04-06,XLY,0.0,-0.06370957257427945
2020-04-07,XLY,0.035787033351303954,-0.09955970179988005
2020-04-08,XLY,0.11835630108820583,-0.01746339830060517
2020-04-09,XLY,0.1342903609502697,0.11270116958134291
2020-04-13,XLY,0.15409549517848564,0.04758025001213917
2020-04-14,XLY,0.10709309455107752,0.24644846726887182
2020-04-15,XLY,0.06693591521664555,0.17391605903904206
2020-04-16,XLY,0.04676037621872253,0.2604027839547025
2020-04-17,XLY,0.058586588344397006,0.2539003196885483
2020-04-20,XLY,0.040412538661484865,0.26976834055194243
2020-04-21,XLY,-0.024724644677055152,0.23477690203287582
2020-04-22,XLY,0.018636235180046423,0.15322735646044205
2020-04-23,XLY,0.006290361875051609,0.1330322844565086
2020-04-24,XLY,-0.006021629772595349,0.10645631902383057
2020-04-27,XLY,0.030551575156708477,0.1662416674592091
2020-04-28,XLY,0.062176026150460695,0.1468533481187977
2020-04-29,XLY,0.06267564009603555,0.19626845503375479
2020-04-30,XLY,0.05635089872340049,0.24439707855605097
2020-05-01,XLY,-8.936530046899094e-05,0.1934074654297664
2020-05-04,XLY,-0.013117566563149885,0.22118784618187592
2020-05-05,XLY,-0.013414618886762764,0.131468747534776
2020-05-06,XLY,-0.034859073407268015,0.1146766738422218
2020-05-07,XLY,-0.013550761828156288,0.09762385112011573
2020-05-08,XLY,0.04472596791627681,0.09917514276953798
2020-05-11,XLY,0.03677450157861828,0.0970464973206342
2020-05-12,XLY,0.010418617385236084,0.032665719916065594
2020-05-13,XLY,-0.006799922556299798,0.03764147686412889
2020-05-14,XLY,-0.007563751761531123,0.04066004171626347
2020-05-15,XLY,-0.015180232020187479,0.022579939128513082
2020-05-18,XLY,0.02435890506571181,0.08011899803446698
2020-05-19,XLY,0.04351614618099542,0.1049221601454362
2020-05-20,XLY,0.0756648814055112,0.09573413707908163
2020-05-21,XLY,0.06360041936706451,0.09992751468427441
2020-05-22,XLY,0.04979242212363699,0.08000003145658585
2020-05-26,XLY,0.027534369751899712,0.0769566712210703
2020-05-27,XLY,0.04890299637322526,0.09111497153255699
2020-05-28,XLY,0.02281375025853416,0.05463219419509047
2020-05-29,XLY,0.022897668340013277,0.06509427073264074
2020-06-01,XLY,0.034149988730042935,0.11698183977700438
2020-06-02,XLY,0.02671541403714439,0.12042526761984429
2020-06-03,XLY,0.028500680549295776,0.1374712338758608
2020-06-04,XLY,0.03588163619275253,0.13193223165984636
2020-06-05,XLY,0.05684861284845821,0.14110626175022678
2020-06-08,XLY,0.0628538863657706,0.13636353059630024
2020-06-09,XLY,0.04563437586039987,0.1299999890256356
2020-06-10,XLY,0.01661119199998695,0.14444247863195714
2020-06-11,XLY,-0.03175216924907176,0.10349460572190705
2020-06-12,XLY,-0.04502885209881469,0.09802877373237462
2020-06-15,XLY,-0.05043159465472702,0.09568769913539388
2020-06-16,XLY,-0.022842642058839346,0.07793059472548625
2020-06-17,XLY,-0.01618689133489004,0.07896510917620403
2020-06-18,XLY,0.03440483390874638,0.06116707357730644
2020-06-19,XLY,0.016275700070230048,0.04917217067870605
2020-06-22,XLY,0.01706345715527191,0.06152787518779124
2020-06-23,XLY,0.003958646653204889,0.05319858189072768
2020-06-24,XLY,-0.015562775670682538,0.01265171412252708
2020-06-25,XLY,-0.010631349312789418,0.026467854458838147
2020-06-26,XLY,-0.026234545345497295,-0.001222069994782693
2020-06-29,XLY,-0.01783610983481676,0.008165506720692495
2020-06-30,XLY,-0.013060260080351882,0.012396931305223458
2020-07-01,XLY,0.019359817975132865,0.003651710204842784
2020-07-02,XLY,0.022017038274832368,0.012729253849942168
2020-07-06,XLY,0.07135361437637444,0.012485924910682566
2020-07-07,XLY,0.03489285198185543,-0.018356812818903556
2020-07-08,XLY,0.03273045450159895,-9.681477567080599e-05
2020-07-09,XLY,0.02124030633438756,0.008221813854119686
2020-07-10,XLY,0.029341309480395372,0.07662937442217843
2020-07-13,XLY,-0.007241168053446545,0.05254943710682913
2020-07-14,XLY,0.01862057541465867,0.05302782037562204
2020-07-15,XLY,0.022290983219191096,0.04608741063026578
2020-07-16,XLY,0.020722753909662606,0.046047198725914784
2020-07-17,XLY,0.003975671869447472,0.04495809001144502
2020-07-20,XLY,0.033126075614759554,0.07000124993006951
2020-07-21,XLY,0.024524459561874767,0.06075265115856765
2020-07-22,XLY,0.01876491282909165,0.06151498695192892
2020-07-23,XLY,0.006172521223958505,0.06914277645115274
2020-07-24,XLY,0.012702135993696295,0.06960260873784652
2020-07-27,XLY,0.0029413548390515576,0.10206056104660388
2020-07-28,XLY,-0.008517576297286333,0.0708168158604312
2020-07-29,XLY,-0.00698900595195695,0.06804499783933093
2020-07-30,XLY,0.007316968099321031,0.05651178420919267
2020-07-31,XLY,0.01077142290407962,0.057833392485127755
2020-08-03,XLY,0.0024194013302598627,0.03115056785156667
2020-08-04,XLY,0.020588007887413218,0.05601541146841482
2020-08-05,XLY,0.022653756635471645,0.05762372411418504
2020-08-06,XLY,0.028468530833428263,0.06398965627787057
2020-08-07,XLY,0.024671616659860396,0.05303444295039683
2020-08-10,XLY,0.0391342333298077,0.07931938784274584
2020-08-11,XLY,0.02880812261918253,0.06657695627979843
2020-08-12,XLY,0.029894604695286597,0.06549014433534284
2020-08-13,XLY,0.024470767628979262,0.06789654266172551
2020-08-14,XLY,0.022866535451707692,0.07284839917122476
2020-08-17,XLY,0.023792844235846156,0.06956884740411717
2020-08-18,XLY,0.03216184284576662,0.07452782259719126
2020-08-19,XLY,0.01385212172336292,0.06035203009680257
2020-08-20,XLY,0.012743482906435677,0.07487060239269883
2020-08-21,XLY,0.018037300394513345,0.07850042890760456
2020-08-24,XLY,0.02035190972283396,0.08813602187535197
2020-08-25,XLY,0.017425454265336038,0.10264381081402862
2020-08-26,XLY,0.03233765374237918,0.10234562703959527
2020-08-27,XLY,0.028329824623217315,0.09729264278823502
2020-08-28,XLY,0.029757927377775273,0.09875916669374418
2020-08-31,XLY,0.011388125299698793,0.09787165908314388
2020-09-01,XLY,0.018604277498597055,0.10050058747743518
2020-09-02,XLY,0.022612475050686642,0.10230112852368056
2020-09-03,XLY,-0.004480346606911545,0.062138858574615874
2020-09-04,XLY,-0.022387480192871623,0.04829752298020318
2020-09-08,XLY,-0.03238058984696435,0.022314435529330767
2020-09-09,XLY,-0.02433074919031064,0.0436587348923716
2020-09-10,XLY,-0.05144365401458184,0.0152444006223178
2020-09-11,XLY,-0.018874201246513622,0.01720016708523464
2020-09-14,XLY,0.0031258300282726026,0.028066014880145485
2020-09-15,XLY,0.024788448706170918,0.023308602296388425
2020-09-16,XLY,0.0002025802358955886,0.011343489163514464
2020-09-17,XLY,0.00047988727754155747,0.0018538026701706567
2020-09-18,XLY,-0.014924150913487644,-0.010589221066354293
2020-09-21,XLY,-0.03934720812380965,-0.029883790068480742
2020-09-22,XLY,-0.02702450300936332,-0.02420509394197179
2020-09-23,XLY,-0.037615273966192575,-0.04336821664491708
2020-09-24,XLY,-0.024309210381926016,-0.05312033881013045
2020-09-25,XLY,0.002339754108257708,-0.03559564925408931
2020-09-28,XLY,0.03830124634902132,-0.02183528468651552
2020-09-29,XLY,0.008927370857048755,-0.026579248423453383
2020-09-30,XLY,0.034123590920282165,-0.02879310754416664
2020-10-01,XLY,0.04807441844980831,-0.029544060476736522
2020-10-02,XLY,0.03022545101527574,-0.0019745930460423056
2020-10-05,XLY,0.022459732539892308,0.023037259584912206
2020-10-06,XLY,0.01138628755119031,0.01745003234958542
2020-10-07,XLY,0.026125944839598736,0.021432815812253203
2020-10-08,XLY,0.019543546793176825,0.043082042279924515
2020-10-09,XLY,0.034531443425456665,0.052350948413675935
2020-10-12,XLY,0.034613795741208486,0.05515024201300678
2020-10-13,XLY,0.05391640208956838,0.0463694031227746
2020-10-14,XLY,0.018962925419111487,0.04059136687456144
2020-10-15,XLY,0.016072862097779694,0.05933899279691324
2020-10-16,XLY,-0.0035203260442354667,0.06453358991060187
2020-10-19,XLY,-0.02869475680534639,0.06685055317824706
2020-10-20,XLY,-0.02072064170465371,0.053148780004493856
2020-10-21,XLY,-0.01516101298141459,0.06487033712235757
2020-10-22,XLY,-0.016791004963794487,0.06750175116260548
2020-10-23,XLY,0.0009159633426494285,0.06302145483985133
2020-10-26,XLY,-0.006093841088508856,0.02123477090150616
2020-10-27,XLY,-0.014456707209705932,0.028739774957269537
2020-10-28,XLY,-0.040370307846982034,-0.011838427468595758
2020-10-29,XLY,-0.03626531779788256,-0.0184013245657082
2020-10-30,XLY,-0.06549452945889289,-0.035745657543769904
2020-11-02,XLY,-0.040386759087654434,-0.04153642725589124
2020-11-03,XLY,-0.01880236106618738,-0.001966854119242689
2020-11-04,XLY,0.03477008892448019,-0.0035140974435521333
2020-11-05,XLY,0.04830319132595862,0.009287957631344046
2020-11-06,XLY,0.06847609851177294,-0.004106908158074907
2020-11-09,XLY,0.05743439916177229,-0.020395478646192733
2020-11-10,XLY,0.03098661162954519,-0.02368080682159246
2020-11-11,XLY,0.018364773588696925,-0.004099054807286562
2020-11-12,XLY,-0.014489041655890489,-0.021069866666003745
2020-11-13,XLY,0.004516825598985141,0.003925512380715368
2020-11-16,XLY,0.021016988426226568,0.029741026571331597
2020-11-17,XLY,0.020300860522261654,0.017216695630480228
2020-11-18,XLY,0.004508162790811898,0.015791050073738377
2020-11-19,XLY,0.023179004167573236,0.018726195581056926
2020-11-20,XLY,0.0015637111550490523,0.004575207837949513
2020-11-23,XLY,-0.0005145320882602444,0.03552149520608361
2020-11-24,XLY,0.01866932482129302,0.05140733249892282
2020-11-25,XLY,0.026928726080861498,0.08702869194904994
2020-11-27,XLY,0.024077509207636405,0.08251223516352169
2020-11-30,XLY,0.023228683448367482,0.09995093634465713
2020-12-01,XLY,0.019629128170870702,0.10028481719920368
2020-12-02,XLY,-0.0015856045588562573,0.06985603571158672
2020-12-03,XLY,0.0,0.050502622354388294
2020-12-04,XLY,-0.0012008737262745317,0.031392715016310246
2020-12-07,XLY,0.0026072262435306026,0.03214171924720821
2020-12-08,XLY,-0.00688021300844166,0.03336398376401695
2020-12-09,XLY,-0.0015879197125221456,0.03605340571263427
2020-12-10,XLY,-0.005257127519854188,0.026135254488665716
2020-12-11,XLY,-0.010947247470340482,0.03509940208065432
2020-12-14,XLY,-0.007230375725979066,0.020071461922586797
2020-12-15,XLY,0.00826261551626195,0.020455374259910508
2020-12-16,XLY,0.015840513089864228,0.03152419445074095
2020-12-17,XLY,0.023686461444639262,0.045726462503471454
2020-12-18,XLY,0.023608647777090486,0.03553405119044606
2020-12-21,XLY,0.010558389480156194,0.02923235160581439
2020-12-22,XLY,-0.007176999998892097,0.0136531230981769
2020-12-23,XLY,-0.011510179591823655,0.0009638465339878444
2020-12-24,XLY,-0.016155570541104725,0.0018535159671686507
2020-12-28,XLY,-8.788810087001497e-05,0.011098311172225817
2020-12-29,XLY,0.011653171034897047,0.01758892130027645
2020-12-30,XLY,0.022135463693371715,0.01614476908957041
2020-12-31,XLY,0.02050139583691646,0.023107246083813093
2021-01-04,XLY,0.009753818443185347,0.011625413268579354
2021-01-05,XLY,0.0058239973982836535,0.01820968636609699
2021-01-06,XLY,0.015776658676972533,0.030955141085359017
2021-01-07,XLY,0.029186981032690573,0.05304816286008096
2021-01-08,XLY,0.049819449247293424,0.07578614763491154
2021-01-11,XLY,0.039016870310662366,0.056650818920070733
2021-01-12,XLY,0.04707084623572544,0.07793813345339307
2021-01-13,XLY,0.036425777755758615,0.07629046840756781
2021-01-14,XLY,0.010339811756713946,0.05521762511251982
2021-01-15,XLY,-0.01771399776037952,0.040251555838055175
2021-01-19,XLY,0.0066407697700543444,0.039056228442053476
2021-01-20,XLY,0.010227640444408603,0.06384691011404287
2021-01-21,XLY,0.014985279621744008,0.08100530696977049
2021-01-22,XLY,0.018014296245381534,0.08199208520899082
2021-01-25,XLY,0.02973457456658246,0.08365606926614833
2021-01-26,XLY,0.023269572340590683,0.08069384821388437
2021-01-27,XLY,-0.026664065593605124,0.035571440728448644
2021-01-28,XLY,-0.028122574824476332,0.038502803548881914
2021-01-29,XLY,-0.04756045911260964,0.008214744018889109
2021-02-01,XLY,-0.0264161956033635,0.03383493925396164
2021-02-02,XLY,-0.005098813464434637,0.06479774795739068
2021-02-03,XLY,0.020802686114220093,0.050993127120807724
2021-02-04,XLY,0.02845415500466797,0.05146393566963803
2021-02-05,XLY,0.06308236451832472,0.04141942500902429
2021-02-08,XLY,0.04205286441846634,0.02618660814285656
2021-02-09,XLY,0.014727474357660197,0.03990566501915205
2021-02-10,XLY,0.01036757570861524,0.014152367772452878
2021-02-11,XLY,-0.0030482782734213565,0.01141712556504948
2021-02-12,XLY,-0.011089545815993751,0.019330867296071474
2021-02-16,XLY,-0.02095720907679499,0.02279845030217187
2021-02-17,XLY,-0.009811217330394473,0.02291001463387432
2021-02-18,XLY,0.0003517123697922564,0.004238071786236919
2021-02-19,XLY,-0.0027043516064068074,-0.006210318229750933
2021-02-22,XLY,-0.02512928205850451,-0.02386850746020952
2021-02-23,XLY,-0.02730297393538994,-0.03385490256927737
2021-02-24,XLY,-0.02274868655615514,-0.023092074311097943
2021-02-25,XLY,-0.05937520975197341,-0.029511608231028053
2021-02-26,XLY,-0.049935002870216794,-0.02851453619458122
2021-03-01,XLY,-0.00668519197846118,0.018023532719521285
2021-03-02,XLY,-0.011639893226607634,-0.019191499136530288
2021-03-03,XLY,-0.04487649641188396,-0.0621503589556448
2021-03-04,XLY,-0.028975318256428184,-0.07683610694588927
2021-03-05,XLY,-0.026869597077282648,-0.0807737649499417
2021-03-08,XLY,-0.04802019606568941,-0.0883699368694223
2021-03-09,XLY,-0.000551854675855612,-0.05929221963877751
2021-03-10,XLY,0.028706171539356395,-0.04923071652414335
2021-03-11,XLY,0.06706018609969511,-0.0250365716338784
2021-03-12,XLY,0.06344866850661335,-0.019461128942779404
2021-03-15,XLY,0.07642786602719953,-0.007691748721974867
2021-03-16,XLY,0.02651294951289862,-0.013680783719621004
2021-03-17,XLY,0.035659380224212445,-0.00557030730434116
2021-03-18,XLY,-0.004931577065878989,-0.030185774576761415
2021-03-19,XLY,-0.0019189219378921152,-0.018688896233551522
2021-03-22,XLY,-0.008663435010223819,0.009068623283855937
2021-03-23,XLY,-0.00769305879709925,0.006203759578282453
2021-03-24,XLY,-0.035909315522046015,-0.018962277249219173
2021-03-25,XLY,-0.0030724130964187024,0.02786420847043325
2021-03-26,XLY,-0.0007584085857026412,0.03210503698428213
2021-03-29,XLY,-0.012733232296030295,0.002924662006393186
2021-03-30,XLY,0.006396617171024355,0.024565897474577714
2021-03-31,XLY,0.029462245548169008,0.057393408534530455
2021-04-01,XLY,0.028720559731790996,0.088937350147823
2021-04-05,XLY,0.043418691167936174,0.10665300724706595
2021-04-06,XLY,0.053708765408434056,0.11009761239992577
2021-04-07,XLY,0.04035470625237991,0.06650050659473683
2021-04-08,XLY,0.03718676226187845,0.06611049508321432
2021-04-09,XLY,0.03872043412888737,0.0600165687177352
2021-04-12,XLY,0.022161710105503163,0.06368869874044503
2021-04-13,XLY,0.028502522259646,0.06067320471884252
2021-04-14,XLY,0.02144105545347097,0.06123103816149267
2021-04-15,XLY,0.023921416523920103,0.05402740431926234
2021-04-16,XLY,0.02210456174538855,0.08881735711939243
2021-04-19,XLY,0.004178255199038139,0.0701866662476176
2021-04-20,XLY,-0.01882866034744457,0.04979699726730935
2021-04-21,XLY,0.004118964678042625,0.07386350641785411
2021-04-22,XLY,-0.014062173393236344,0.07791259155379349
2021-04-23,XLY,-0.011396756456234947,0.07972573436177477
2021-04-26,XLY,0.004216918925529889,0.07551523664389181
2021-04-27,XLY,0.01583039766415939,0.08016975359232825
2021-04-28,XLY,0.0012925170920261575,0.06841723730841687
2021-04-29,XLY,0.012785276486637409,0.060450741915193174
2021-04-30,XLY,0.006185850800971782,0.05607372807223254
2021-05-03,XLY,-0.002967479428340969,0.027702183582693163
2021-05-04,XLY,-0.012220592659110796,0.012584761613338546
2021-05-05,XLY,-0.014142764428701216,0.0124497516850548
2021-05-06,XLY,-0.012287496139217424,0.009866781594747742
2021-05-07,XLY,-0.0072660115291784955,0.0093190137995387
2021-05-10,XLY,-0.020272953605827926,-0.014962490827025166
2021-05-11,XLY,-0.021111031386179424,-0.03626094105044764
2021-05-12,XLY,-0.05129247385187241,-0.059643535824012606
2021-05-13,XLY,-0.04663700145515903,-0.05972313158516185
2021-05-14,XLY,-0.038734318704809145,-0.05075883059614883
2021-05-17,XLY,-0.023099731944204116,-0.041720529423973085
2021-05-18,XLY,-0.019653228817928747,-0.037070859573001824
2021-05-19,XLY,0.006180614048205246,-0.05771280313167837
2021-05-20,XLY,0.009354651091078692,-0.03739079195872663
2021-05-21,XLY,-0.012826334611508838,-0.05213148888826802
2021-05-24,XLY,-0.0012321952780983692,-0.04692037636515822
2021-05-25,XLY,0.009816441286721878,-0.042771627987106764
2021-05-26,XLY,0.028089253826252047,-0.03249517540402469
2021-05-27,XLY,0.021723861373071474,-0.02889504827217859
2021-05-28,XLY,0.02545228354618767,-0.03398171575629183
2021-06-01,XLY,0.013452812020886329,-0.03122395235540687
2021-06-02,XLY,0.005563538489184339,-0.025537542339812647
2021-06-03,XLY,-0.01577794872533833,-0.03409991961953307
2021-06-04,XLY,-0.01184422204774449,-0.028459227460434944
2021-06-07,XLY,-0.010472081114452192,-0.03710150602830886
2021-06-08,XLY,-0.0005793159290558014,-0.011750442317620235
2021-06-09,XLY,-0.0014558714863966982,-0.005971262571874747
2021-06-10,XLY,0.015323899184251477,0.03372368069646203
2021-06-11,XLY,0.012746393845814552,0.03205643114472423
2021-06-14,XLY,0.013038465148082157,0.014759219440950933
2021-06-15,XLY,-0.00040619953965903566,0.011206735701867698
2021-06-16,XLY,0.005598961247669232,0.01963335341307415
2021-06-17,XLY,0.004643940383415313,0.032144942312301694
2021-06-18,XLY,-0.0060621850876370065,0.016292849029212242
2021-06-21,XLY,0.001310133809190761,0.029290716950657547
2021-06-22,XLY,0.016127445105898364,0.02878257785723992
2021-06-23,XLY,0.023496973536686117,0.03344688070792845
2021-06-24,XLY,0.02312488251748901,0.027160987155655514
2021-06-25,XLY,0.03504836058674621,0.029546521356639932
2021-06-28,XLY,0.02736235366100037,0.03120793676619371
2021-06-29,XLY,0.020301914909036656,0.03573528215851862
2021-06-30,XLY,0.013279624581346017,0.04137692669507631
2021-07-01,XLY,0.015553722018259997,0.05985957362661587
2021-07-02,XLY,0.018040796520951252,0.0606833295346374
2021-07-06,XLY,0.018992076338181674,0.061913157341985325
2021-07-07,XLY,0.0159184835326156,0.05283253985267278
2021-07-08,XLY,0.01260155365255633,0.056037348573716894
2021-07-09,XLY,0.016317462993667098,0.06089671863646373
2021-07-12,XLY,0.014353555853827249,0.06236656431100318
2021-07-13,XLY,0.0010475640366041095,0.04934374749553516
2021-07-14,XLY,-0.00022089232604449727,0.05302771659773953
2021-07-15,XLY,-0.003152780026448143,0.04684664133685268
2021-07-16,XLY,-0.0245494460149005,0.030068714215275794
2021-07-19,XLY,-0.042287785919803644,0.023646971878991785
2021-07-20,XLY,-0.012779554394604209,0.03457816616203857
2021-07-21,XLY,-0.0018762447132727456,0.034370229811089725
2021-07-22,XLY,0.007878824183394695,0.030872185508328043
2021-07-23,XLY,0.029548981751060355,0.036536413076468266
2021-07-26,XLY,0.04921276473281422,0.03765535058351266
2021-07-27,XLY,0.019752481159194923,0.02691484473548522
2021-07-28,XLY,0.007187491373867427,0.02107497956437987
2021-07-29,XLY,0.014148258801751412,0.031755900956141225
2021-07-30,XLY,-0.015496268130015145,0.0048448888207244245
2021-08-02,XLY,-0.019931976058135348,-0.0010490419888031788
2021-08-03,XLY,-0.0025717347386118306,0.005183372805490194
2021-08-04,XLY,-0.009057457756681098,-0.004027732075329027
2021-08-05,XLY,-0.010694018967187024,0.00801966982961888
2021-08-06,XLY,0.0032145876963898257,-0.008110076286872658
2021-08-09,XLY,-0.0010497042796934197,-0.016218409097615627
2021-08-10,XLY,-0.004498532747729156,-0.0003856375711016602
2021-08-11,XLY,0.008198669180589313,0.0043597704283020455
2021-08-12,XLY,-0.0009327254637628846,0.010264606287726297
2021-08-13,XLY,0.00303853006507393,0.019942842825809937
2021-08-16,XLY,-0.0002214911119434726,0.026992950036183627
2021-08-17,XLY,-0.027773024448410122,-0.01556734098410284
2021-08-18,XLY,-0.027143147689908775,-0.021064993523697506
2021-08-19,XLY,-0.033776344010527204,-0.0314891651831426
2021-08-20,XLY,-0.02170095511631165,-0.030828909883076516
2021-08-23,XLY,-0.0044820094943780475,-0.02556469741023648
2021-08-24,XLY,0.026922846072278794,-0.008645326546366405
2021-08-25,XLY,0.02722263366181754,-0.0015918543977793131
2021-08-26,XLY,0.02427112339047932,-0.021821837010483902
2021-08-27,XLY,0.023758658308892677,0.007814661103691556
2021-08-30,XLY,0.01834255977626742,0.012489864106088877
2021-08-31,XLY,0.013632778273909851,0.0074605131069680475
2021-09-01,XLY,0.009676767924020169,0.017283511956781572
2021-09-02,XLY,0.019034373491432,0.007572167353509407
2021-09-03,XLY,0.00923898354392394,0.013866680815026289
2021-09-07,XLY,0.004639363012516329,0.01825603985502977
2021-09-08,XLY,0.0033760574205081717,0.01542970141293476
2021-09-09,XLY,0.002123636016042596,0.011153736881887921
2021-09-10,XLY,-0.003975356616183645,0.004503634790349542
2021-09-13,XLY,-0.0009261840014839207,0.009859166277393472
2021-09-14,XLY,-0.007171596545387571,0.011177485182850777
2021-09-15,XLY,-0.0018994485619441281,0.04245301808440782
2021-09-16,XLY,0.003966888709215022,0.04348843184220974
2021-09-17,XLY,0.00661567122982798,0.04649590632492906
2021-09-20,XLY,-0.018768927300693905,0.012885781892390646
2021-09-21,XLY,-0.01401357669926706,0.0014959864575532222
2021-09-22,XLY,-0.006998791403925231,0.008018383096313197
2021-09-23,XLY,-0.0014854598174126599,0.014325753310650446
2021-09-24,XLY,0.005793287728137475,0.02761713591267978
2021-09-27,XLY,0.034791495045057186,0.023801443873175065
2021-09-28,XLY,0.013339723570754414,-0.0034240871784017024
2021-09-29,XLY,0.0007127693583874883,-0.004830063378348348
2021-09-30,XLY,-0.025840256284954122,-0.02135480652850752
2021-10-01,XLY,-0.022174069056688284,-0.013938382535273242
2021-10-04,XLY,-0.035074361208979,-0.021151304762795142
2021-10-05,XLY,-0.012177009331942212,-0.02010548772523435
2021-10-06,XLY,-0.01002760394631419,-0.018124102770927242
2021-10-07,XLY,0.022401963815812387,-0.001551573354825031
2021-10-08,XLY,0.010121683242113821,1.7647585540903066e-05
2021-10-11,XLY,0.014049215536931614,-0.00647906527047748
2021-10-12,XLY,0.017991213064668443,0.004729517966094887
2021-10-13,XLY,0.019760860032111527,0.0031841060106474472
2021-10-14,XLY,0.01466195342719434,0.009084704256146603
2021-10-15,XLY,0.03493377882123694,0.02815013960509849
2021-10-18,XLY,0.05184443770789904,0.06501872802171804
2021-10-19,XLY,0.04063709537880866,0.06041907120528833
2021-10-20,XLY,0.03479326172049202,0.04540472275213414
2021-10-21,XLY,0.03910593418551911,0.05010579424979156
2021-10-22,XLY,0.019787496777626146,0.04245541302802436
2021-10-25,XLY,0.0324587087002981,0.062617798793426
2021-10-26,XLY,0.035538129559864684,0.08364880602537683
2021-10-27,XLY,0.038606775262995496,0.08499107954667551
2021-10-28,XLY,0.03716926187162528,0.11802757046359713
2021-10-29,XLY,0.043579673976950506,0.11255515489736156
2021-11-01,XLY,0.037007042293142556,0.14199695428911063
2021-11-02,XLY,0.029864407937429505,0.12976853806032218
2021-11-03,XLY,0.04606067215179821,0.14646277257184437
2021-11-04,XLY,0.046254292769787986,0.1441108159327109
2021-11-05,XLY,0.050261103303330446,0.1567649955973094
2021-11-08,XLY,0.01674492773123415,0.14503279817949166
2021-11-09,XLY,0.004718539202875904,0.11503849996908366
2021-11-10,XLY,-0.016705317894918248,0.10546579270148126
2021-11-11,XLY,-0.032394760669000267,0.09105068553375184
2021-11-12,XLY,-0.035359284427427196,0.07819711360975345
2021-11-15,XLY,-0.022326757538651987,0.0642903916098041
2021-11-16,XLY,0.011789294905489855,0.08412819674232086
2021-11-17,XLY,0.02204666071552608,0.09184864625739242
2021-11-18,XLY,0.036433317103297336,0.08824446472045921
2021-11-19,XLY,0.037440373674536565,0.09686108132587035
2021-11-22,XLY,0.03570371785400317,0.06763544747874195
2021-11-23,XLY,0.012232239610195705,0.05972873551210167
2021-11-24,XLY,0.007878737537853953,0.05954540388364005
2021-11-26,XLY,-0.03059230348624542,0.01714599397670935
2021-11-29,XLY,-0.019771011552752293,0.030275938700354166
2021-11-30,XLY,-0.03058468281515314,-0.0019526254453146041
2021-12-01,XLY,-0.04112524829727637,-0.013319500795735073
2021-12-02,XLY,-0.02945799944876215,-0.016946776285198695
2021-12-03,XLY,-0.021659114059627838,-0.0488779642246745
2021-12-06,XLY,-0.025622592320630355,-0.044163784426713204
2021-12-07,XLY,0.010761033517090901,-0.0078264781168641
2021-12-08,XLY,0.03193015969073665,0.013403580584271158
2021-12-09,XLY,-0.00019618479828253932,-0.0004416971804892533
2021-12-10,XLY,0.02674656771439654,0.009255888677325963
2021-12-13,XLY,-0.010993624726055695,-0.02002051576416075
2021-12-14,XLY,-0.03915003750914681,-0.024899271165725545
2021-12-15,XLY,-0.029397442291851705,-0.027848869069555304
2021-12-16,XLY,-0.034091535671109785,-0.05534467026421286
2021-12-17,XLY,-0.04731928313879841,-0.07230054490261517
2021-12-20,XLY,-0.03791851498529297,-0.09120548862180466
2021-12-21,XLY,-0.007228887724108568,-0.06531972565314714
2021-12-22,XLY,-0.0017898626405969953,-0.041315741618862645
2021-12-23,XLY,0.0349095652071405,-0.030009464277687026
2021-12-27,XLY,0.05216453280039457,0.006895723297851042
2021-12-28,XLY,0.0698981484335306,-0.008070995155625593
2021-12-29,XLY,0.04496489115125235,0.007522837559873485
2021-12-30,XLY,0.022553725912318745,0.022350581908992417
2021-12-31,XLY,0.006151970812076968,0.005580272292959654
2022-01-03,XLY,0.02505259130287496,0.054970803296419124
2022-01-04,XLY,0.01836694848258391,0.03671093542753079
2022-01-05,XLY,-0.011085654666630251,-0.014253859938602398
2022-01-06,XLY,-0.010100938995282416,-0.01929033515927503
2022-01-07,XLY,-0.024261550372016383,-0.018624133109896635
2022-01-10,XLY,-0.05729668832549617,-0.03138271774180745
2022-01-11,XLY,-0.04238630108603636,0.0038040384768265323
2022-01-12,XLY,-0.009341642315481513,0.01632688799358073
2022-01-13,XLY,-0.026718083694348915,-0.0165830757859331
2022-01-14,XLY,-0.014838604674153766,0.0009371012565926318
2022-01-18,XLY,-0.02753933696961508,-0.011271890092506842
2022-01-19,XLY,-0.054203696551103686,-0.013187381977376789
2022-01-20,XLY,-0.07752249034981418,-0.05563459186723463
2022-01-21,XLY,-0.08620321422377519,-0.099745443577677
2022-01-24,XLY,-0.07088334735464308,-0.10138299973879172
2022-01-25,XLY,-0.0689833569424898,-0.12511560969209845
2022-01-26,XLY,-0.056465564919833344,-0.12973801530622808
2022-01-27,XLY,-0.06224781015417069,-0.15252585327006118
2022-01-28,XLY,-0.012858788455506143,-0.13092256083433929
2022-01-31,XLY,0.012925279569337977,-0.09533360504110977
2022-02-01,XLY,0.03660159661205675,-0.11525851108631513
2022-02-02,XLY,0.03543678597611866,-0.11515070895495783
2022-02-03,XLY,0.02868642936692334,-0.11844220068774902
2022-02-04,XLY,0.035373198522002935,-0.09099874583275991
2022-02-07,XLY,-0.005028557185427385,-0.07750152861016235
2022-02-08,XLY,0.0029021722415030204,-0.05876095891971811
2022-02-09,XLY,0.022274975105846195,-0.05540272867716578
2022-02-10,XLY,0.03636347239491289,-0.07777056043067421
2022-02-11,XLY,-0.02125829710447069,-0.08589955229536939
2022-02-14,XLY,-0.01363995948001473,-0.0763791253526066
2022-02-15,XLY,-0.0055733013668035625,-0.03750016033615666
2022-02-16,XLY,-0.015760496790175882,-0.017008265236494235
2022-02-17,XLY,-0.025293292878260654,-0.02555540828933689
2022-02-18,XLY,-0.0026594249591911368,-0.0023280007661885538
2022-02-22,XLY,-0.03724303511906135,-0.042937797482768936
2022-02-23,XLY,-0.0897771571586331,-0.058997122311307604
2022-02-24,XLY,-0.0716280660130848,-0.03280484106760562
2022-02-25,XLY,-0.02721938569645288,0.010843609637329221
2022-02-28,XLY,-0.014277756469562974,-0.003762106281060107
2022-03-01,XLY,-5.7060740477843375e-05,-0.05520415854745009
2022-03-02,XLY,0.05624285719514677,-0.041167241679705424
2022-03-03,XLY,0.009260587175509816,-0.05725586801787341
2022-03-04,XLY,-0.026051584552346685,-0.04294495993540792
2022-03-07,XLY,-0.08025724246046284,-0.11502191785297033
2022-03-08,XLY,-0.06415263321766906,-0.11134665546873779
2022-03-09,XLY,-0.05392093879823545,-0.09549343799534449
2022-03-10,XLY,-0.025119072717885382,-0.10096275859501691
2022-03-11,XLY,-0.028438272023507905,-0.10278770599177844
2022-03-14,XLY,0.004596310109638235,-0.09164418638478422
2022-03-15,XLY,0.03607912927014456,-0.06655263230293373
2022-03-16,XLY,0.03803555428659444,-0.05582787375191922
2022-03-17,XLY,0.04788522921172711,-0.04282662633720602
2022-03-18,XLY,0.09093104711279199,0.004196175355351439
2022-03-21,XLY,0.10013787245531125,0.0019813263710515283
2022-03-22,XLY,0.0909138712318669,0.05770274184568902
2022-03-23,XLY,0.041835593650188185,0.08069373933418578
2022-03-24,XLY,0.032741176698834806,0.06478052602917206
2022-03-25,XLY,0.009686128640992386,0.042293538524659446
2022-03-28,XLY,0.04536867852473048,0.0626116047695946
2022-03-29,XLY,0.037821784929573665,0.09776958701270622
2022-03-30,XLY,0.03489518348697551,0.05885189002025726
2022-03-31,XLY,0.007186552195657336,0.06259239732890176
2022-04-01,XLY,0.010198253868748175,0.08108714582418375
2022-04-04,XLY,0.006055995826849125,0.16233236679516394
2022-04-05,XLY,-0.03435490303707367,0.13272298124699966
2022-04-06,XLY,-0.044480994918831396,0.06941707725280777
2022-04-07,XLY,-0.020810931148317446,0.06728814872820554
2022-04-08,XLY,-0.03104241129814911,0.07818943854045401
2022-04-11,XLY,-0.06990875286048359,0.07612893830473544
2022-04-12,XLY,-0.04547198085700177,0.04356491022949349
2022-04-13,XLY,0.0038839888323793925,0.034233053776121514
2022-04-14,XLY,-0.015180679329218072,0.0030544951770801188
2022-04-18,XLY,-0.0030087025371574594,-0.014653134965695425
2022-04-19,XLY,0.04530249422103605,0.022490263700170043
2022-04-20,XLY,0.029568478173939372,-0.015117907257463425
2022-04-21,XLY,-0.00514018589388332,-0.012399931531243302
2022-04-22,XLY,-0.01446178628883854,-0.04279159412266942
2022-04-25,XLY,-0.01033861946462411,-0.03419517105915815
2022-04-26,XLY,-0.0868953047240908,-0.10687905631903749
2022-04-27,XLY,-0.07487909243037105,-0.12206986910678475
2022-04-28,XLY,-0.04666662973371605,-0.0902343379585534
2022-04-29,XLY,-0.07359820898301106,-0.11956769116093913
2022-05-02,XLY,-0.06680223912647287,-0.10781185736880639
2022-05-03,XLY,-0.01950868011147766,-0.1295739635544655
2022-05-04,XLY,0.009158732537447811,-0.08250882137224014
2022-05-05,XLY,-0.06654996445065287,-0.11124657379051839
2022-05-06,XLY,-0.029039706000538956,-0.12696654749269376
2022-05-09,XLY,-0.08380732673468372,-0.15639626647848015
2022-05-10,XLY,-0.08425849743524105,-0.14300317421807085
2022-05-11,XLY,-0.14225929518870217,-0.17554067095810733
2022-05-12,XLY,-0.08509205040187628,-0.19001838467672405
2022-05-13,XLY,-0.03686352340432342,-0.14618819335781885
2022-05-16,XLY,-0.015718849185627826,-0.16715095129222124
2022-05-17,XLY,0.012122531345932774,-0.1702059437711233
2022-05-18,XLY,-0.018894143273418096,-0.21434863877095767
2022-05-19,XLY,-0.02490617171863474,-0.2061111898134701
2022-05-20,XLY,-0.07819077361632143,-0.20139920501474673
2022-05-23,XLY,-0.050795026122764875,-0.2011970204448239
2022-05-24,XLY,-0.09797762288589396,-0.18027712376557392
2022-05-25,XLY,-0.0076327729618874685,-0.15724025218519588
2022-05-26,XLY,0.04030816771378953,-0.13368288654057814
2022-05-27,XLY,0.0950786522148439,-0.05599202126961755
2022-05-31,XLY,0.09246435476034831,-0.06486725726439224
2022-06-01,XLY,0.10963578125053841,-0.07230812172539913
2022-06-02,XLY,0.11220071545588661,-0.07118873943622561
2022-06-03,XLY,0.029193963016941327,-0.04482477982233213
2022-06-06,XLY,0.00500752456640452,-0.022889887734911518
2022-06-07,XLY,-0.002524002502801048,0.018096403268632377
2022-06-08,XLY,0.0020271704598229245,0.015103569339776302
2022-06-09,XLY,-0.04530162148525707,0.03380263922714333
2022-06-10,XLY,-0.05575158297008176,-0.014192968773373393
2022-06-13,XLY,-0.10826354052233855,-0.09532580978461758
2022-06-14,XLY,-0.10677887193291835,-0.07609201186445413
2022-06-15,XLY,-0.07622042386949146,-0.0734995853058843
2022-06-16,XLY,-0.10527020583238933,-0.05721282136489203
2022-06-17,XLY,-0.05793589117260922,-0.04758558057418916
2022-06-21,XLY,0.015914325362425208,-0.002969981944051958
2022-06-22,XLY,0.014760341458558424,-0.012283741321847397
2022-06-23,XLY,0.0025248747290465,0.029730232579506577
2022-06-24,XLY,0.09433203606943863,0.039657683834711355
2022-06-27,XLY,0.07117084270273821,-0.019330436960230735
2022-06-28,XLY,-0.00021482483578616485,-0.08973129077994324
2022-06-29,XLY,0.0009325596894276256,-0.09503924888930271
2022-06-30,XLY,-0.029027564704196207,-0.09894788135018706
2022-07-01,XLY,-0.04748621177781043,-0.10961370090668121
2022-07-05,XLY,-0.01588189470084167,-0.06228105975844611
2022-07-06,XLY,0.021698577836735344,-0.07461364922550595
2022-07-07,XLY,0.04887845678859337,-0.04840433407832445
2022-07-08,XLY,0.06466381812263045,-0.042623177045217675
2022-07-11,XLY,0.01678456160059638,-0.051709877011384076
2022-07-12,XLY,-0.011457229395907764,-0.01829300159160563
2022-07-13,XLY,-7.006564364919754e-05,0.0376625326346014
2022-07-14,XLY,-0.026033791292654707,0.037617666932830085
2022-07-15,XLY,-0.010452621085203062,0.0255365568450705
2022-07-18,XLY,0.02037060126752177,0.08145204203257284
2022-07-19,XLY,0.058021520717619124,0.1025440005861511
2022-07-20,XLY,0.06666178128423272,0.0894963657856398
2022-07-21,XLY,0.09197453045046555,0.11657109402551202
2022-07-22,XLY,0.06842017235878939,0.09294439713606795
2022-07-25,XLY,0.056175253239914014,0.04374435428489898
2022-07-26,XLY,-0.008216189007262065,0.020831829150120607
2022-07-27,XLY,0.012683326349077095,0.10355187409916744
2022-07-28,XLY,0.007067237115814029,0.12341451561187644
2022-07-29,XLY,0.05221334429462243,0.18439065562995616
2022-08-01,XLY,0.06661455542364192,0.16877354867416838
2022-08-02,XLY,0.09455797760014972,0.13539179532191992
2022-08-03,XLY,0.08033736639662292,0.16688850430881574
2022-08-04,XLY,0.0664112495043312,0.1421932346413246
2022-08-05,XLY,0.009089330898391035,0.12256653590371003
2022-08-08,XLY,0.008616538326210454,0.15938456903326048
2022-08-09,XLY,-0.0006150792359064239,0.14784455781371508
2022-08-10,XLY,0.003123565279089968,0.17061537664527426
2022-08-11,XLY,-0.0060423151951770615,0.1656377120214363
2022-08-12,XLY,0.034081776426253096,0.17308743607305788
2022-08-15,XLY,0.03653432321979588,0.1777504155074061
2022-08-16,XLY,0.06495500692414313,0.15536667740485255
2022-08-17,XLY,0.024610855231025353,0.124466295930306
2022-08-18,XLY,0.02955189045531026,0.09900412192087371
2022-08-19,XLY,-0.014007389499764877,0.08258489811654557
2022-08-22,XLY,-0.047930522337841897,0.06166113953989627
2022-08-23,XLY,-0.055674421037860466,0.10008077815044092
2022-08-24,XLY,-0.04131852249727974,0.06450356388398082
2022-08-25,XLY,-0.029580385932831077,0.05901087489159762
2022-08-26,XLY,-0.046857500948993214,-0.0193455720546718
2022-08-29,XLY,-0.02486523622527048,-0.029393814991717115
2022-08-30,XLY,-0.03844726684484345,-0.03359556956385834
2022-08-31,XLY,-0.05199944433806769,-0.06589367224049814
2022-09-01,XLY,-0.05463851080579063,-0.06119885904643485
2022-09-02,XLY,-0.026239779229983107,-0.053679151076772014
2022-09-06,XLY,-0.023043450810548594,-0.05986067737772194
2022-09-07,XLY,0.01827308181004028,-0.015330732724376905
2022-09-08,XLY,0.038004009358351354,-0.03341308394883091
2022-09-09,XLY,0.04811066900933647,-0.010050923742508266
2022-09-12,XLY,0.07145177111074585,-0.019480690277760115
2022-09-13,XLY,0.01830248960632841,-0.07639699780586173
2022-09-14,XLY,0.0006877416105890433,-0.07475296242859664
2022-09-15,XLY,-0.013629234421188463,-0.0694876288726396
2022-09-16,XLY,-0.039761608545132,-0.07669820489831003
2022-09-19,XLY,-0.03856755656689337,-0.043904522467644425
2022-09-20,XLY,-0.003486988007919467,-0.03328230639066165
2022-09-21,XLY,-0.0394198325195142,-0.058826771071934236
2022-09-22,XLY,-0.056753011934670305,-0.08446860399373834
2022-09-23,XLY,-0.07099820044078098,-0.1161050160653937
2022-09-26,XLY,-0.08602379312707631,-0.0831921576958079
2022-09-27,XLY,-0.06733307391122945,-0.07538357446711197
2022-09-28,XLY,-0.018903889562644327,-0.03969760335536887
2022-09-29,XLY,-0.030426225191857448,-0.06363427080340811
2022-09-30,XLY,-0.027113865383826763,-0.09036999692071757
2022-10-03,XLY,-0.023957643744514034,-0.08104349761948626
2022-10-04,XLY,0.0069601516639048455,-0.04698740506115906
2022-10-05,XLY,-0.025313806304731012,-0.08080307286703825
2022-10-06,XLY,0.00240889508259845,-0.09574401684885414
2022-10-07,XLY,-0.012635990308583422,-0.14309055929667724
2022-10-10,XLY,-0.01970685075877876,-0.15922789245062574
2022-10-11,XLY,-0.06051353255086689,-0.12075002723428585
2022-10-12,XLY,-0.05248785883038931,-0.12964832847607366
2022-10-13,XLY,-0.035287752283151064,-0.11559947591791231
2022-10-14,XLY,-0.038250698758268475,-0.14174223488897186
2022-10-17,XLY,0.0070111180358949365,-0.11936936825910283
2022-10-18,XLY,0.029284667487271765,-0.0918347227125389
2022-10-19,XLY,0.015107787408714657,-0.08024255605289954
2022-10-20,XLY,-0.015300322276726841,-0.0767329002256949
2022-10-21,XLY,0.052709044999805554,-0.027455369082840297
2022-10-24,XLY,0.015842411079141527,-0.021219658136899078
2022-10-25,XLY,0.02711953465006367,0.00013656633521552664
2022-10-26,XLY,0.030404163653471983,-0.03401726934592675
2022-10-27,XLY,0.046686270847474676,-0.003303283599894846
2022-10-28,XLY,0.01797775738072982,0.017620425564302877
2022-10-31,XLY,0.0072732935505464,0.010098887914357535
2022-11-01,XLY,-0.02729072185343595,-0.0338822088635955
2022-11-02,XLY,-0.05646904628532878,-0.06489430852562605
2022-11-03,XLY,-0.05848232812490817,-0.06384752111237901
2022-11-04,XLY,-0.05146252436236065,-0.02239589437360945
2022-11-07,XLY,-0.052002926604782895,-0.0231791476623443
2022-11-08,XLY,-0.044679784524185195,-0.01759962662429737
2022-11-09,XLY,-0.037469014670543976,-0.05007211676362733
2022-11-10,XLY,0.039087625270256554,0.008326014809455051
2022-11-11,XLY,0.055200022188521825,0.07259539738337417
2022-11-14,XLY,0.04577395904927273,0.014421580591350347
2022-11-15,XLY,0.06270211329996189,0.014295642275212517
2022-11-16,XLY,0.07944575576269575,0.010134721217823994
2022-11-17,XLY,-0.006281091117417814,0.017561648391196893
2022-11-18,XLY,-0.02825837024872202,-0.009901544526738415
2022-11-21,XLY,-0.02689286898729326,-0.028253926829090892
2022-11-22,XLY,-0.029155797543664375,-0.041277075686125264
2022-11-23,XLY,0.0001400864046752215,-0.01953402073119337
2022-11-25,XLY,0.012997167540848675,-0.01519003704531463
2022-11-28,XLY,0.005390706332417228,-0.022143874687235554
2022-11-29,XLY,0.016913000336499895,-0.018954219117442883
2022-11-30,XLY,0.04020782626551389,0.025250926969350385
2022-12-01,XLY,0.02525425106003576,0.06538837894773608
2022-12-02,XLY,0.02334708981473832,0.07040201125820134
2022-12-05,XLY,0.0,0.03090932137964919
2022-12-06,XLY,-0.012456215544155214,0.02197115409585182
2022-12-07,XLY,-0.05110497133330871,0.01835540793260093
2022-12-08,XLY,-0.04180641477089975,0.06058747826796829
2022-12-09,XLY,-0.04473825675958287,-0.01595008315433255
2022-12-12,XLY,-0.013897951099748118,-0.03659801680593777
2022-12-13,XLY,0.0017202202677002454,-0.021079879901753862
2022-12-14,XLY,0.00028825025166501206,-0.04145391602538884
2022-12-15,XLY,-0.02556386950004219,-0.04258759380647825
2022-12-16,XLY,-0.039589932032084274,-0.04893482545853278
2022-12-19,XLY,-0.05737486459843122,-0.06546462861030011
2022-12-20,XLY,-0.0683507908533929,-0.06278545635760668
2022-12-21,XLY,-0.04640627575203171,-0.05848587469752564
2022-12-22,XLY,-0.055384030326917966,-0.09573962613113329
2022-12-23,XLY,-0.030806277290623574,-0.09006024242815303
2022-12-27,XLY,-0.030974277963334962,-0.099266775268671
2022-12-28,XLY,-0.02779699010600223,-0.10399139361571974
2022-12-29,XLY,-0.018417375788530754,-0.11154878620315956
2022-12-30,XLY,0.004745371580181068,-0.1138281802696901
2023-01-03,XLY,-0.008035249191017058,-0.11796479038763785
2023-01-04,XLY,0.022932535639851093,-0.07861067849052183
2023-01-05,XLY,0.022018082779288184,-0.07271250909123761
2023-01-06,XLY,0.01976685466152639,-0.04519143588846297
2023-01-09,XLY,0.02872383789196764,-0.04859927108914297
2023-01-10,XLY,0.04790081663147361,-0.032427056782188934
2023-01-11,XLY,0.0608062958850728,-0.008808881080218156
2023-01-12,XLY,0.07253574971799459,-0.007158921080614999
2023-01-13,XLY,0.05777227539565333,0.009678987205354206
2023-01-17,XLY,0.05215638090606034,0.027283694015570514
2023-01-18,XLY,0.02556875824324334,0.03321759629741905
2023-01-19,XLY,-0.017948929101712974,0.032648359610486954
2023-01-20,XLY,0.004190582476656601,0.07014705917054909
2023-01-23,XLY,0.010379418458274392,0.06980451106325392
2023-01-24,XLY,0.008512512065097289,0.09677211916469086
2023-01-25,XLY,0.027033079079803235,0.09487775706835522
2023-01-26,XLY,0.0657379712125643,0.135710376639127
2023-01-27,XLY,0.06411010710121556,0.17131328555769998
2023-01-30,XLY,0.029897140688850854,0.12246140046048049
2023-01-31,XLY,0.05468433101105452,0.1512850932107801
2023-02-01,XLY,0.06922534359983268,0.18015387648250814
2023-02-02,XLY,0.07987008717548294,0.1989252670121211
2023-02-03,XLY,0.023395839202368762,0.1728923030230547
2023-02-06,XLY,0.03962307965740641,0.1443172256570462
2023-02-07,XLY,0.018695381704246117,0.14006185555304285
2023-02-08,XLY,-0.00877750438040259,0.11632231991429776
2023-02-09,XLY,-0.04002321142971699,0.08496756856235455
2023-02-10,XLY,-0.021143202002321004,0.07044786566335248
2023-02-13,XLY,-0.005359373787880761,0.07602026295036746
2023-02-14,XLY,0.004224846229167634,0.08812574096503245
2023-02-15,XLY,0.024702166908331824,0.11537904308216884
2023-02-16,XLY,0.0042026277116373745,0.10944055316351964
2023-02-17,XLY,0.016334907072448557,0.08339348233247779
2023-02-21,XLY,-0.0317988174242364,0.03110185345392935
2023-02-22,XLY,-0.038390642575957035,0.03751999310684373
2023-02-23,XLY,-0.05029256546726735,0.0314018030327059
2023-02-24,XLY,-0.044373445669337985,-0.0051861886387680745
2023-02-27,XLY,-0.032742387059441436,-0.015214133760129811
2023-02-28,XLY,0.0,0.0011697408580750857
2023-03-01,XLY,-0.01756910347506835,-0.03355756123410747
2023-03-02,XLY,-0.02004649156828242,-0.054712066511797164
2023-03-03,XLY,0.017030131855133135,-0.06307653693197712
2023-03-06,XLY,-0.0027465999589515455,-0.040370288992468084
2023-03-07,XLY,-0.01566582425665708,-0.05207414982412373
2023-03-08,XLY,-0.004940352375204293,-0.05598092438664404
2023-03-09,XLY,-0.02541370205113269,-0.070577320767791
2023-03-10,XLY,-0.0554298864896654,-0.07811322898890571
2023-03-13,XLY,-0.046474538450476444,-0.06520405745063595
2023-03-14,XLY,-0.016892258427946172,-0.06306537538772028
2023-03-15,XLY,-0.01657337733323616,-0.07553224285432092
2023-03-16,XLY,0.025646660694376155,-0.06972064848437809
2023-03-17,XLY,0.02272038762348627,-0.06111339507053115
2023-03-20,XLY,0.024996992784953376,-0.05723691736549541
2023-03-21,XLY,0.035740990714789644,0.0022933392306352385
2023-03-22,XLY,0.014178211121029793,-0.02499383045455239
2023-03-23,XLY,-0.004865131755157681,-0.025222519862785453
2023-03-24,XLY,0.004754886982619944,-0.012845655711038684
2023-03-27,XLY,0.002472981484358039,-0.022913331838438245
2023-03-28,XLY,-0.02564800360268349,-0.023413483944897617
2023-03-29,XLY,0.015472422086660664,0.007797983593472058
2023-03-30,XLY,0.025415286588090558,0.019999133177414974
2023-03-31,XLY,0.05622256673594683,0.025195481069526737
2023-04-03,XLY,0.04440716997943839,0.02328688162632586
2023-04-04,XLY,0.043966069527922924,0.035749049300352054
2023-04-05,XLY,0.0035319481305273737,0.016378742934337165
2023-04-06,XLY,-0.004943302568886532,0.04142339265205619
2023-04-10,XLY,-0.026548234923338465,0.05654237448497157
2023-04-11,XLY,-0.01599528384187121,0.05599604636331246
2023-04-12,XLY,-0.029676225180005233,0.02228055459746292
2023-04-13,XLY,0.01249148072212991,0.04641749032331033
2023-04-14,XLY,0.013592670057563927,0.02918398476914419
2023-04-17,XLY,0.016281085242081828,0.049890120447203756
2023-04-18,XLY,0.016323745363671316,0.04706049333196205
2023-04-19,XLY,0.031349992173635766,0.017946621245274352
2023-04-20,XLY,-0.0064755620288037274,0.025107163175514202
2023-04-21,XLY,0.0031994097138674515,0.037524459200580784
2023-04-24,XLY,-0.0039881722104134765,0.04075430873016206
2023-04-25,XLY,-0.025306934072444442,0.01804499603191867
2023-04-26,XLY,-0.029383979552418116,0.01404348961610169
2023-04-27,XLY,0.011800347650136711,0.021400248318230952
2023-04-28,XLY,0.003325186223080312,0.015173495903404666
2023-05-01,XLY,-0.0064473301275674855,-0.02099779470192009
2023-05-02,XLY,0.014678221121880553,-0.010933556099546937
2023-05-03,XLY,0.01183131801257753,-0.017170202586847427
2023-05-04,XLY,-0.021765657651647063,-0.004347791767493225
2023-05-05,XLY,-0.004531281706759427,0.015593846482492735
2023-05-08,XLY,0.008811650921421332,0.014563706610250193
2023-05-09,XLY,0.007505998052270035,0.012688616567362532
2023-05-10,XLY,0.020702807007939583,0.0338581399973934
2023-05-11,XLY,0.0334096660553822,0.016222492344344586
2023-05-12,XLY,0.004347741391777626,0.006330665185405149
2023-05-15,XLY,0.0022344071543463073,0.0005407655231794983
2023-05-16,XLY,-0.0015578872752199935,-0.005129058067962489
2023-05-17,XLY,0.014083577644494083,0.01654973514454605
2023-05-18,XLY,0.02508541791724883,0.04850451428142066
2023-05-19,XLY,0.025164207828452412,0.028364021348979973
2023-05-22,XLY,0.02067283733427505,0.02531391045979725
2023-05-23,XLY,0.015466183950458401,0.036488135847692504
2023-05-24,XLY,-0.008904081564023225,0.03799882977858049
2023-05-25,XLY,-0.028463021835565372,0.006780546935506004
2023-05-26,XLY,0.0027715473904312837,0.027796565987412425
2023-05-30,XLY,0.012642365973083214,0.04501385345422393
2023-05-31,XLY,0.012758909414412045,0.034527569657964774
2023-06-01,XLY,0.028494553962340907,0.05509300259994765
2023-06-02,XLY,0.057381555518552174,0.08823738310895801
2023-06-05,XLY,0.0361910649368109,0.06984137088190567
2023-06-06,XLY,0.040002629939547285,0.0773241515628651
2023-06-07,XLY,0.042345478511905954,0.0703014539998259
2023-06-08,XLY,0.04543692660210774,0.08066048054759478
2023-06-09,XLY,0.02675157862675981,0.08122604977443282
2023-06-12,XLY,0.041277603091773196,0.10917943302844146
2023-06-13,XLY,0.04122928329129194,0.11924061496668448
2023-06-14,XLY,0.04758591404040202,0.12298220667726012
2023-06-15,XLY,0.03903480687715888,0.10724981496464148
2023-06-16,XLY,0.03213390121767268,0.08866055583862242
2023-06-20,XLY,0.02229994808543423,0.10608043876630568
2023-06-21,XLY,-0.0003474634177481617,0.09619035490301453
2023-06-22,XLY,0.013148256180416817,0.12041886022293169
2023-06-23,XLY,-0.005084509734653686,0.11151703080383868
2023-06-26,XLY,-0.0163567703406573,0.10222627570084475
2023-06-27,XLY,-0.002689779622580324,0.10005646750932518
2023-06-28,XLY,0.013431943554749415,0.09704507652888528
2023-06-29,XLY,0.0017322678416393789,0.1082200465978842
2023-06-30,XLY,0.026352302382777193,0.10920185168521512
2023-07-03,XLY,0.05222540650688656,0.09685144871201978
2023-07-05,XLY,0.030508247102190245,0.09402339047923802
2023-07-06,XLY,0.0099103087188126,0.06530224061081502
2023-07-07,XLY,0.010078718070615666,0.07391407847409082
2023-07-10,XLY,0.0004712791370307112,0.06149358908098934
2023-07-11,XLY,-0.0032002809594473547,0.0648546724103074
2023-07-12,XLY,0.005351061736066143,0.05627699464256586
2023-07-13,XLY,0.03139060168578278,0.05523609117841066
2023-07-14,XLY,0.032768827990080185,0.05872460608988206
2023-07-17,XLY,0.033786522574847266,0.05613186288692473
2023-07-18,XLY,0.029420387639862877,0.06205513486138026
2023-07-19,XLY,0.023835682736691233,0.05786377079866001
2023-07-20,XLY,-0.02023296825932719,0.034244895105543405
2023-07-21,XLY,-0.02252479237001892,0.021446809830358404
2023-07-24,XLY,-0.020099159438219938,0.040193373520563735
2023-07-25,XLY,-0.026368192112507294,0.051245644611812136
2023-07-26,XLY,-0.030005098204495484,0.028889951694814675
2023-07-27,XLY,-0.006200836748894711,0.014208914460854372
2023-07-28,XLY,0.01041059364508956,0.03029592899240985
2023-07-31,XLY,0.00952939682133569,0.02314359943446509
2023-08-01,XLY,0.0004078983843982531,-0.0005236145141758186
2023-08-02,XLY,-0.017301685780289677,-0.018844901153101667
2023-08-03,XLY,-0.004650467103909706,-0.00041383818695794883
2023-08-04,XLY,-0.007003867595386737,0.01287142716549794
2023-08-07,XLY,-0.002474903342509993,0.020130651627199514
2023-08-08,XLY,0.0009315298691734419,0.0036192913009220895
2023-08-09,XLY,0.007113618134512167,-0.017124764513116064
2023-08-10,XLY,0.007155974688177302,-0.023901154964823368
2023-08-11,XLY,-0.010667495512066472,-0.029728048907054605
2023-08-14,XLY,-0.01771394276357896,-0.030689514932854434
2023-08-15,XLY,-0.023323506182774123,-0.04780264474610785
2023-08-16,XLY,-0.02383891502600477,-0.0628920514839133
2023-08-17,XLY,-0.042689271209709445,-0.04627338291648797
2023-08-18,XLY,-0.04159792505120896,-0.048660626956684716
2023-08-21,XLY,-0.03354080122843972,-0.04398588512099211
2023-08-22,XLY,-0.018758933030336267,-0.04036090309922635
2023-08-23,XLY,0.0015074605531479879,-0.032447902514464944
2023-08-24,XLY,-0.0011655243051429398,-0.0414411072610853
2023-08-25,XLY,0.012295837220603234,-0.046885599603999406
2023-08-28,XLY,0.00480149566561483,-0.04846315963410064
2023-08-29,XLY,0.02840307450942281,-0.01350659139538768
2023-08-30,XLY,0.024625057805079065,0.008832628966829459
2023-08-31,XLY,0.04832967593705306,0.0095807554836842
2023-09-01,XLY,0.030426136463455045,-0.010958897866528261
2023-09-05,XLY,0.027038323373682616,-0.020310562178027736
2023-09-06,XLY,-0.006904632121912946,-0.021229719224096555
2023-09-07,XLY,-0.008402651764800373,-0.006710125169766434
2023-09-08,XLY,-0.011481341880572815,-0.009101431401512983
2023-09-11,XLY,0.021335463549689182,0.021034634902673766
2023-09-12,XLY,0.011367287662497949,0.008693793607546851
2023-09-13,XLY,0.028523988987506854,0.03072892596352883
2023-09-14,XLY,0.03573316540676963,0.053907272130007344
2023-09-15,XLY,0.018014608758565087,0.0537322817910133
2023-09-18,XLY,-0.019437462880205536,0.044643306037128516
2023-09-19,XLY,-0.015431217690759946,0.027594772089094333
2023-09-20,XLY,-0.03289115581420543,0.015883959418783622
2023-09-21,XLY,-0.06843422929967757,-0.019693832668794542
2023-09-22,XLY,-0.061550550574513085,-0.009971618169556828
2023-09-25,XLY,-0.04539535429861685,-0.01489138216561059
2023-09-26,XLY,-0.05806736170211979,-0.03670022491974578
2023-09-27,XLY,-0.0522473757954679,-0.06378470437213701
2023-09-28,XLY,-0.014766365515708757,-0.057381428660292055
2023-09-29,XLY,0.00031066286512837493,-0.0553201253232809
2023-10-02,XLY,-0.005002679869361204,-0.0487620605714536
2023-10-03,XLY,-0.01119705643036406,-0.07256269657937953
2023-10-04,XLY,0.012187496365405837,-0.04578608783029181
2023-10-05,XLY,-0.003996701420026949,-0.05319310501584551
2023-10-06,XLY,-0.0022982688081494285,-0.04654430278523414
2023-10-09,XLY,-0.002048394147345589,-0.07054100921807105
2023-10-10,XLY,0.03403539986632387,-0.05177573509425781
2023-10-11,XLY,0.017655299905708466,-0.05586952238305176
2023-10-12,XLY,0.011599382185755625,-0.07525480306597487
2023-10-13,XLY,-0.01021126733187483,-0.07298019293432179
2023-10-16,XLY,0.004727102816622031,-0.04763581756020019
2023-10-17,XLY,-0.003814330821175882,-0.04058767570183164
2023-10-18,XLY,-0.03065207204581366,-0.05368363892186201
2023-10-19,XLY,-0.04499829729269533,-0.05199046012770148
2023-10-20,XLY,-0.04579474131685157,-0.05741627815218542
2023-10-23,XLY,-0.059861383767954024,-0.062067895165052955
2023-10-24,XLY,-0.05206292101904442,-0.03447180907014791
2023-10-25,XLY,-0.048887152823536284,-0.050328508169384834
2023-10-26,XLY,-0.03920038949056237,-0.0755013178723769
2023-10-27,XLY,-0.013843867581757152,-0.07075396461792727
2023-10-30,XLY,-0.005991919644554811,-0.06300039993241457
2023-10-31,XLY,-0.009055826995681526,-0.03238098056293148
2023-11-01,XLY,0.02387132015513105,-0.03936631548421787
2023-11-02,XLY,0.06727914642947708,-0.009342473320011702
2023-11-03,XLY,0.07106086375825615,-0.0024282506643529267
2023-11-06,XLY,0.06266565475568875,-0.0022388984875736373
2023-11-07,XLY,0.06646934524240167,-0.0020302764909693183
2023-11-08,XLY,0.05065611077603038,-0.008214617516052125
2023-11-09,XLY,0.004810176777528374,-0.015991130442858714
2023-11-10,XLY,0.007364736282293283,0.015285958533049815
2023-11-13,XLY,0.010410176988868702,0.0034047736400930617
2023-11-14,XLY,0.03292011387751881,0.03476995538692296
2023-11-15,XLY,0.03690180198694226,0.0609029231148448
2023-11-16,XLY,0.045792389246959164,0.0775572271935081
2023-11-17,XLY,0.03556397609629802,0.10185261978560312
2023-11-20,XLY,0.03646135164518771,0.10620949929957235
2023-11-21,XLY,0.00011952305178586364,0.09173241262216592
2023-11-22,XLY,0.0019673131794537557,0.11762768694931602
2023-11-24,XLY,0.013310769223248364,0.13644961012273327
2023-11-27,XLY,0.008196624862043311,0.12647891732838046
2023-11-28,XLY,0.008809212606999184,0.12268135040485051
2023-11-29,XLY,0.008653068189672153,0.11124246716637387
2023-11-30,XLY,0.0041646360127070015,0.09611645269362734
2023-12-01,XLY,0.016940146886353924,0.08284813519826195
2023-12-04,XLY,0.011453212145868141,0.06378708988432824
2023-12-05,XLY,0.007434716902657401,0.06433115943417977
2023-12-06,XLY,0.011655343163556209,0.05412723251186602
2023-12-07,XLY,0.021447898453861747,0.06564444405851799
2023-12-08,XLY,0.012274285299312737,0.09089193907339044
2023-12-11,XLY,0.018833767129817325,0.07589849949561533
2023-12-12,XLY,0.02020613957502282,0.07464988786204096
2023-12-13,XLY,0.03204865117501865,0.053237877609699114
2023-12-14,XLY,0.03735518516751335,0.06611039490022708
2023-12-15,XLY,0.034759424557351926,0.07938318038693604
2023-12-18,XLY,0.03842190541816204,0.07886774325074208
2023-12-19,XLY,0.043311964245742685,0.08175291206191782
2023-12-20,XLY,0.011042116067110364,0.06474059145569133
2023-12-21,XLY,0.012823928970382426,0.07766202018370971
2023-12-22,XLY,0.0032981324663501344,0.06871767476420976
2023-12-26,XLY,0.0013334675601230916,0.0715235022095555
2023-12-27,XLY,-0.003031585102366341,0.06905594494150336
2023-12-28,XLY,0.010218934296265303,0.06639352967305756
2023-12-29,XLY,-0.011061413278814602,0.06132153730824008
2024-01-02,XLY,-0.012981963264330654,0.03727207977792801
2024-01-03,XLY,-0.0370062496585406,0.020186028953934843
2024-01-04,XLY,-0.047053068771851225,0.011235333615816412
2024-01-05,XLY,-0.040573449400486794,0.01133876539062606
2024-01-08,XLY,-0.018175683753489436,0.020151193480013152
2024-01-09,XLY,-0.0126444292011616,0.01173800547547077
2024-01-10,XLY,0.015786311982580736,0.01713452902786461
2024-01-11,XLY,0.021641886507428154,0.012658455837746718
2024-01-12,XLY,0.007762751160242498,-0.012459794986716566
2024-01-16,XLY,-0.010253004537602584,-0.026667439367765278
2024-01-17,XLY,-0.015265223980100329,-0.03717369026244832
2024-01-18,XLY,-0.01752608441216774,-0.03766654170187167
2024-01-19,XLY,-0.006758429055696791,-0.03594082117761921
2024-01-22,XLY,0.00091957535627607,-0.022347034865227156
2024-01-23,XLY,-0.00034513688322479474,-0.03932302561705192
2024-01-24,XLY,0.004644787635706749,-0.035881357519823576
2024-01-25,XLY,-0.013393549828598195,-0.05181997013829198
2024-01-26,XLY,-0.01835420382085029,-0.050757650876950056
2024-01-29,XLY,0.0004020508620738994,-0.03184745588486049
2024-01-30,XLY,0.0022451061368566894,-0.026396776218494344
2024-01-31,XLY,-0.012251429151815652,-0.03516777222489553
2024-02-01,XLY,0.019368304201680786,0.0036873746847370104
2024-02-02,XLY,0.032851896016219184,0.028836683284206854
2024-02-05,XLY,0.0036168246435324125,0.012744729117867282
2024-02-06,XLY,0.010282211745041403,0.0018228332787817436
2024-02-07,XLY,0.04054522291832363,0.016808528984916027
2024-02-08,XLY,0.025371566233767906,0.013158459854493154
2024-02-09,XLY,0.014549867164121988,0.021694719201373225
2024-02-12,XLY,0.02820038375666023,0.03328339723577467
2024-02-13,XLY,0.0016488068076268014,0.013869857839292399
2024-02-14,XLY,0.0010122125183722464,0.033616137149779624
2024-02-15,XLY,0.008173290791004595,0.03966047582352816
2024-02-16,XLY,-0.004891751559889412,0.02361487095066539
2024-02-20,XLY,-0.013463131893150293,0.018435638260888787
2024-02-21,XLY,0.014020531937710023,0.028439805070715973
2024-02-22,XLY,0.02291742461351598,0.052415709576757896
2024-02-23,XLY,0.006663313250906411,0.06079588174869954
2024-02-26,XLY,0.01580834643928597,0.05923799959032916
2024-02-27,XLY,0.028872726793468972,0.04741953627361606
2024-02-28,XLY,0.025358163265128075,0.05215694554068606
2024-02-29,XLY,0.012629693794778296,0.07892578049330767
2024-03-01,XLY,0.020575003087565324,0.062051621409606295
2024-03-04,XLY,0.0036845865717194393,0.029325557517473788
2024-03-05,XLY,-0.012058157623439869,0.031060421665308535
2024-03-06,XLY,-0.01943528437847397,0.021207702262981076
2024-03-07,XLY,-0.018599859559616072,0.017599128975095857
2024-03-08,XLY,-0.02545681060674898,0.009404988896312583
2024-03-11,XLY,-0.014792996644194756,-0.0004446495725726196
2024-03-12,XLY,0.006213439392536602,0.009012318508239359
2024-03-13,XLY,0.0076832397908350725,0.0273599678069123
2024-03-14,XLY,-0.006299090713896893,0.010166676395808816
2024-03-15,XLY,-0.01253412728553982,-0.011327727695718881
2024-03-18,XLY,-0.002280384336346919,0.002178387754586897
2024-03-19,XLY,-0.002241997217648617,0.020489094978791922
2024-03-20,XLY,0.014747599200008787,0.02809659963601474
2024-03-21,XLY,0.027199300244604263,0.014395178101731743
2024-03-22,XLY,0.02846413289282612,0.010083468689164432
2024-03-25,XLY,0.017316445151635884,0.003666251032552248
2024-03-26,XLY,0.009857749197204502,0.0016290583844413842
2024-03-27,XLY,0.006548072617646117,0.00923627265335325
2024-03-28,XLY,-0.0023869243105457683,-0.0006476209498660346
2024-04-01,XLY,-0.0010946415234074358,-0.011363411479068386
2024-04-02,XLY,-0.012574148806657415,-0.012592187327534865
2024-04-03,XLY,-0.01310676151607637,0.0005659268471909229
2024-04-04,XLY,-0.03583434551607745,-0.0076422944354481714
2024-04-05,XLY,-0.02746212745695331,-0.009672001670872787
2024-04-08,XLY,-0.010848102627625034,0.003456560971995204
2024-04-09,XLY,0.008674814456318014,0.010928047453621303
2024-04-10,XLY,-0.0076127541861119585,-0.013182665301549434
2024-04-11,XLY,0.012257744289023487,-0.003137362122731413
2024-04-12,XLY,-0.009673357911547775,-0.013034815620673768
2024-04-15,XLY,-0.035338514078725236,-0.019717112345606247
2024-04-16,XLY,-0.04531652009855358,-0.03267782739639591
2024-04-17,XLY,-0.03505248209267797,-0.04563337493680264
2024-04-18,XLY,-0.048714196345945204,-0.0654806413403829
2024-04-19,XLY,-0.04149978225693818,-0.0790430407155307
2024-04-22,XLY,-0.02095764390269772,-0.06682358939294486
2024-04-23,XLY,-0.0036383002543532994,-0.052602787765492764
2024-04-24,XLY,0.010793356543708166,-0.044749178695919545
2024-04-25,XLY,0.017984331114750285,-0.0548627630224745
2024-04-26,XLY,0.03622777943287847,-0.043395472525190715
2024-04-29,XLY,0.055656572582542196,-0.013806660584244734
2024-04-30,XLY,0.017851005927418173,-0.023411019348622886
2024-05-01,XLY,0.0018944936781337685,-0.030228903567806276
2024-05-02,XLY,0.013651430032396883,-0.006353620476207689
2024-05-03,XLY,0.011369298757136992,-0.005200231832331759
2024-05-06,XLY,-0.0010555588808985883,-0.004043406381717074
2024-05-07,XLY,0.01651297398634055,-0.01582219080259306
2024-05-08,XLY,0.019080779758179567,-0.004143705687642774
2024-05-09,XLY,0.013241216949743118,-0.005388229937880906
2024-05-10,XLY,0.0010681338862963408,0.005589777338516955
2024-05-13,XLY,-0.010789214019726878,0.021302310866569973
2024-05-14,XLY,0.0008962288716503064,0.031818271189249625
2024-05-15,XLY,0.006184993664911875,0.03841467083817074
2024-05-16,XLY,-0.007092553890715614,0.03812905510545095
2024-05-17,XLY,0.0033687615910025226,0.05266263990269526
2024-05-20,XLY,-0.002811004769005976,0.040232242106295946
2024-05-21,XLY,-0.0009514612086176655,0.03460072420791005
2024-05-22,XLY,-0.012852583552957042,0.014122573009097028
2024-05-23,XLY,-0.022498420065824254,-0.003154802559762415
2024-05-24,XLY,-0.01768327780356871,-0.0021034616792589
2024-05-28,XLY,-0.01274162825920011,-0.02716658405132666
2024-05-29,XLY,-0.025488694654915545,-0.009452172874586773
2024-05-30,XLY,-0.009397146470351614,0.002693118876820444
2024-05-31,XLY,0.012544103228392167,-0.004243770003466207
2024-06-03,XLY,0.0019938212090073737,-0.011354045617173014
2024-06-04,XLY,0.005482177617867068,-0.020799734936533865
2024-06-05,XLY,0.018050263400020805,-0.007954150982733998
2024-06-06,XLY,0.019429690677611466,0.003036419020405079
2024-06-07,XLY,0.00960371044256414,-0.007818505915888174
2024-06-10,XLY,0.013303788412212914,0.0007297775880588109
2024-06-11,XLY,0.009598434327254823,-0.000618403567808401
2024-06-12,XLY,0.014172664851468175,0.005204888709492206
2024-06-13,XLY,0.007623714321795205,0.004470637603207317
2024-06-14,XLY,0.003771338700974347,0.003037443674811069
2024-06-17,XLY,0.018122794981291213,0.015445006044821463
2024-06-18,XLY,0.017383038907703652,0.01962004240839943
2024-06-20,XLY,0.008184429778471891,0.01439707700301529
2024-06-21,XLY,0.015911019105971924,0.03373900605679547
2024-06-24,XLY,0.019628279480517596,0.04626464441883926
2024-06-25,XLY,-0.001990890244175092,0.03166661382166591
2024-06-26,XLY,0.015893761112256488,0.04919408073620124
2024-06-27,XLY,0.020801873751848055,0.06258227201006683
2024-06-28,XLY,0.0009986692072991854,0.04458751121451132
2024-07-01,XLY,0.008708235257703478,0.04230103135191787
2024-07-02,XLY,0.03248318699882713,0.06305888400952009
2024-07-03,XLY,0.024218711721932573,0.06874515892842825
2024-07-05,XLY,0.02629436854556766,0.07118699447925869
2024-07-08,XLY,0.03832246028679398,0.06394652279370838
2024-07-09,XLY,0.03824713528351498,0.0718721105232567
2024-07-10,XLY,0.026101198622676458,0.07648467079934806
2024-07-11,XLY,0.0066570777119263624,0.06563148468287627
2024-07-12,XLY,0.011568880878266352,0.0684368320806934
2024-07-15,XLY,0.00992666079725879,0.0663781963042891
2024-07-16,XLY,0.024628808881906217,0.09414465380183223
2024-07-17,XLY,0.0,0.057323022434763615
2024-07-18,XLY,0.002539542778886128,0.05008404953532475
2024-07-19,XLY,-0.019217638465447107,0.03939712652461269
2024-07-22,XLY,-0.007267187688071108,0.04204857108145155
2024-07-23,XLY,-0.029121507060161256,0.04183214012318093
2024-07-24,XLY,-0.053016526266948194,0.0032648187832415854
2024-07-25,XLY,-0.04701856934390225,-0.014945619176074731
2024-07-26,XLY,-0.027687559159289,-0.009975605374286434
2024-07-29,XLY,-0.02222464969617266,0.017872888312266744
2024-07-30,XLY,-0.023276842946350573,0.008796737701960877
2024-07-31,XLY,0.03414242949273927,0.004877106170517065
2024-08-01,XLY,0.01273601260131274,-0.025989239979909984
2024-08-02,XLY,-0.03532117640292387,-0.06941361308119054
2024-08-05,XLY,-0.07799206835112327,-0.09615084684285591
2024-08-06,XLY,-0.06261174381607892,-0.08920122901158356
2024-08-07,XLY,-0.09301830464045224,-0.11177850429772396
2024-08-08,XLY,-0.04992082414817678,-0.08073229639029877
2024-08-09,XLY,-0.0103315354099206,-0.08956076237659694
2024-08-12,XLY,0.014429321970043985,-0.092121122065848
2024-08-13,XLY,0.028485678100049983,-0.08577283454004625
2024-08-14,XLY,0.04116440298866264,-0.07521539670544286
2024-08-15,XLY,0.05145032772837199,-0.03588408537845811
2024-08-16,XLY,0.05041858203649974,-0.024918951928893263
2024-08-19,XLY,0.0675497867303998,-0.02369913586466399
2024-08-20,XLY,0.040505617086387335,-0.020208493780082715
2024-08-21,XLY,0.05930520430832642,0.03447332536057135
2024-08-22,XLY,0.008812230930566267,0.020599033115900722
2024-08-23,XLY,0.025883449041443463,0.028804596828160722
2024-08-26,XLY,0.005556070688429893,0.004039691166884518
2024-08-27,XLY,0.00383339840296415,0.006986913653235227
2024-08-28,XLY,-0.01828836295022873,-0.017974243429708103
2024-08-29,XLY,0.00016287222089284015,0.007928273158894328
2024-08-30,XLY,-0.003992087501563768,0.06221624626809885
2024-09-03,XLY,-0.009977992390713508,0.07810503212351416
2024-09-04,XLY,-0.004786946342443588,0.06910505302234493
2024-09-05,XLY,0.016347926435215765,0.10044099732412914
2024-09-06,XLY,-0.010524208296394999,0.04972369820669442
2024-09-09,XLY,-0.011009060066686005,0.06148905557402995
2024-09-10,XLY,0.014250900516562304,0.07791541115863132
2024-09-11,XLY,0.02172620020810112,0.06207861393432057
2024-09-12,XLY,0.021642638266446745,0.07980780032010504
2024-09-13,XLY,0.055263336730070556,0.05353044571059806
2024-09-16,XLY,0.03831182352929341,0.04925470264687393
2024-09-17,XLY,0.03178763410782404,0.04180601754791757
2024-09-18,XLY,0.019571613889231676,0.04071058214801493
2024-09-19,XLY,0.03117497705365424,0.051133119320868836
2024-09-20,XLY,0.02187237448972823,0.06716951395646586
2024-09-23,XLY,0.0360653000575899,0.05966851239331605
2024-09-24,XLY,0.0398358552338014,0.07732157641194415
2024-09-25,XLY,0.03814273328635087,0.07628031706259986
2024-09-26,XLY,0.019345438108479662,0.09142818480223647
2024-09-27,XLY,0.02320608495415666,0.09175652354816122
2024-09-30,XLY,0.008556764063352151,0.07301943330787242
2024-10-01,XLY,-0.004241275038378012,0.0835641541869292
2024-10-02,XLY,-0.009114138854670606,0.07160064358772478
2024-10-03,XLY,-0.024733188176255028,0.04731230166434908
2024-10-04,XLY,-0.013294222491642693,0.08870017685091058
2024-10-07,XLY,-0.026351179226203447,0.05637378839691154
2024-10-08,XLY,-0.012878407916198764,0.05458084627894566
2024-10-09,XLY,0.002678535870386911,0.05162318841531155
2024-10-10,XLY,0.009407939414294963,0.034770195320041
2024-10-11,XLY,-0.008023364560089119,0.023408187175226525
2024-10-14,XLY,0.012045744180142703,0.029650797172480647
2024-10-15,XLY,0.004467219563122349,0.026656896680386843
2024-10-16,XLY,0.002570561892742518,0.03408768599114853
2024-10-17,XLY,0.006635535368074041,0.010145196235417764
2024-10-18,XLY,0.014904855586200139,0.016430196510071937
2024-10-21,XLY,0.002633793271575202,-0.0035737279718166537
2024-10-22,XLY,-0.003588255347076297,-0.01621685342707202
2024-10-23,XLY,-0.024382787131950634,-0.028193606023559026
2024-10-24,XLY,0.007296353529319566,-0.001795137680490333
2024-10-25,XLY,0.006516049956563963,-0.00014931352394331743
2024-10-28,XLY,0.01677089233028317,0.004541604252027653
2024-10-29,XLY,0.015571179337074303,0.0033573247530551686
2024-10-30,XLY,0.03035125979196418,0.010511887968754463
2024-10-31,XLY,-0.016435099234953898,0.006698120398985319
2024-11-01,XLY,-0.0035856016522077816,0.009688645705967502
2024-11-04,XLY,-0.00934019386942142,0.022092329067396888
2024-11-05,XLY,0.01348441515433696,0.030153751698951847
2024-11-06,XLY,0.047361971702520655,0.055544409847229304
2024-11-07,XLY,0.07730198959486256,0.0744099047373481
2024-11-08,XLY,0.07511626586222597,0.09431275664420036
2024-11-11,XLY,0.10060188565112083,0.11152756794843977
2024-11-12,XLY,0.0670183225904104,0.09430442999036925
2024-11-13,XLY,0.04278488263094049,0.09788357585153662
2024-11-14,XLY,0.014945122704699498,0.08327895676766994
2024-11-15,XLY,-0.0078095268253223216,0.06982116189479237
2024-11-18,XLY,-0.018454351584892392,0.08814908766764917
2024-11-19,XLY,-0.004433598798240124,0.09337603559072871
2024-11-20,XLY,-0.017217780306630348,0.10594651612219708
2024-11-21,XLY,-0.0013006443892541464,0.07403346818435885
2024-11-22,XLY,0.021832775471426258,0.08610123719755647
2024-11-25,XLY,0.02284011024441046,0.09464436992438041
2024-11-26,XLY,0.025792102438454645,0.1043800032180493
2024-11-27,XLY,0.025253947926617615,0.10047522247792418
2024-11-29,XLY,0.03395346938205335,0.1290567910647038
2024-12-02,XLY,0.028152274718874493,0.12069582640643661
2024-12-03,XLY,0.016974473364037346,0.12372115506826287
2024-12-04,XLY,0.02270150992639719,0.11442374439632763
2024-12-05,XLY,0.036175233536527074,0.08872118852917121
2024-12-06,XLY,0.04723351142556531,0.09754378932338792
2024-12-09,XLY,0.03487333267882531,0.0787467938291826
2024-12-10,XLY,0.03735447478401266,0.05914516758245436
2024-12-11,XLY,0.045854634845546416,0.0923197976856398
2024-12-12,XLY,0.028771998584643077,0.07409101501235216
2024-12-13,XLY,0.011554976364745562,0.09387774474907795
2024-12-16,XLY,0.028526933894659212,0.11825316035914968
2024-12-17,XLY,0.030072232797295984,0.11150819056632355
2024-12-18,XLY,-0.033316567777378236,0.060629858376951784
2024-12-19,XLY,-0.026560396041041656,0.06388039111627153
2024-12-20,XLY,-0.027941813014206174,0.06469761031801013
2024-12-23,XLY,-0.03802444737327049,0.052747795662344776
2024-12-24,XLY,-0.018860009068033312,0.06619316654727281
2024-12-26,XLY,0.023629833092559727,0.05839415445150942
2024-12-27,XLY,0.008082128277054679,0.04606162314966156
2024-12-30,XLY,-0.010622552466872603,0.01879614052711176
2024-12-31,XLY,-0.021032452178606054,0.0023864687511780946
2015-02-02,XLP,-0.021349453769080484,0.004963632763146375
2015-02-03,XLP,-0.0012226094545650934,0.021037371380731695
2015-02-04,XLP,0.010925479370752056,0.022731972874334483
2015-02-05,XLP,0.00797547474009419,0.010662526605351497
2015-02-06,XLP,0.021866024714607857,-0.008886823115529796
2015-02-09,XLP,0.0022639838890967656,-0.008348482725264672
2015-02-10,XLP,0.005099878518987966,0.006332161032132744
2015-02-11,XLP,0.009380213634962109,0.011236033504778309
2015-02-12,XLP,0.008926590353243835,0.01905749048892247
2015-02-13,XLP,0.008763048806509577,0.012684412032044179
2015-02-17,XLP,0.0166319978419307,0.004870738970473187
2015-02-18,XLP,0.010351056009924697,0.006266144116394923
2015-02-19,XLP,-0.0008082271371414596,-0.005028884103576048
2015-02-20,XLP,-0.0026139131653527548,-0.012148752761877102
2015-02-23,XLP,0.004848421320877039,0.0018126520820833658
2015-02-24,XLP,0.00807938649878115,0.005236562047717053
2015-02-25,XLP,-0.0008035770569544409,0.013447121402544449
2015-02-26,XLP,0.0070767132340285865,0.026798754484677056
2015-02-27,XLP,0.008266111646221264,0.02269941996066005
2015-03-02,XLP,0.007237385171746213,0.04331515729644275
2015-03-03,XLP,0.0,0.02716599497051142
2015-03-04,XLP,-0.0036186405325843163,0.01101589816722126
2015-03-05,XLP,-0.0016063938049670767,0.014070109267229514
2015-03-06,XLP,-0.024994711464437214,-0.01075237638990445
2015-03-09,XLP,-0.02135697349680521,-0.0008150986149022543
2015-03-10,XLP,-0.03165680504068635,-0.007597581763081673
2015-03-11,XLP,-0.03228440476441741,-0.02658842907317438
2015-03-12,XLP,-0.021515869711063784,-0.01696952692873477
2015-03-13,XLP,-0.009844427084461649,-0.02915726785628192
2015-03-16,XLP,-0.003263476627064943,-0.012727432877709166
2015-03-17,XLP,0.0039308922401093405,-0.019995979551353904
2015-03-18,XLP,0.01855720192468091,-0.01868230838510032
2015-03-19,XLP,-0.0006166875545853268,-0.01678108537870826
2015-03-20,XLP,0.019877956933774588,-0.007263972064119439
2015-03-23,XLP,0.009212368066644494,-0.00843981614361955
2015-03-24,XLP,0.010686516815799685,-0.01746145873213001
2015-03-25,XLP,0.0013870532649653544,-0.016530875252107058
2015-03-26,XLP,0.0015724321874643898,-0.02215496918046367
2015-03-27,XLP,-0.004699688545333425,-0.020030063111410867
2015-03-30,XLP,0.003672119567362797,-0.011949589976703034
2015-03-31,XLP,0.0,-0.01746145873213001
2015-04-01,XLP,0.003702012744484895,-0.009305091266314514
2015-04-02,XLP,0.01487292459848022,-0.006014822136136577
2015-04-06,XLP,0.01662901792737914,0.021805610955989874
2015-04-07,XLP,0.0018290806989149644,0.011459344368601743
2015-04-08,XLP,0.012925353244485072,0.027774247984357014
2015-04-09,XLP,0.014549040390857249,0.038640457924192795
2015-04-10,XLP,0.009566361071230434,0.0255598102326291
2015-04-13,XLP,-0.003029219611666245,0.028838664575055573
2015-04-14,XLP,0.0038548879745621267,0.018682854518078384
2015-04-15,XLP,-0.0006074553863789633,0.02312811461505926
2015-04-16,XLP,0.00020218978291897116,0.019923533454855535
2015-04-17,XLP,-0.010887227819304512,0.01502025729663048
2015-04-20,XLP,-0.002835452042924458,0.005925694252811642
2015-04-21,XLP,-0.003233876126629842,0.006119814305716842
2015-04-22,XLP,0.00020257343365193137,0.012515113404652833
2015-04-23,XLP,-0.006866099471814491,0.011517608219459019
2015-04-24,XLP,0.002650058611604722,0.01611235270096567
2015-04-27,XLP,-0.006297152983055887,0.004311175996295047
2015-04-28,XLP,-0.007096181058484197,-0.004674747399091128
2015-04-29,XLP,-0.016615791958545678,-0.004308627074562255
2015-04-30,XLP,-0.016469788208055225,-0.008811265882526675
2015-05-01,XLP,-0.0077254487913841485,-0.006513619276240057
2015-05-04,XLP,-0.0008177765882335652,-0.012924226897341629
2015-05-05,XLP,-0.009802350222428147,-0.016230667608373994
2015-05-06,XLP,0.002266029798498659,-0.014786592072076554
2015-05-07,XLP,0.008062944959869256,-0.015148016954834698
2015-05-08,XLP,0.007375838902821119,-0.008669251659513155
2015-05-11,XLP,0.0018416875252966758,-0.008101663866902364
2015-05-12,XLP,0.007630426263695922,-0.012530671895234491
2015-05-13,XLP,0.0041119992584623954,-0.0101340958940076
2015-05-14,XLP,0.017021506116346785,0.00141317158648957
2015-05-15,XLP,0.011795637191652109,0.014064477171267686
2015-05-18,XLP,0.012660120976264455,0.007312074143189795
2015-05-19,XLP,0.012279923003203796,0.0028384306817659244
2015-05-20,XLP,0.010442494568994487,0.0
2015-05-21,XLP,-0.0026213213464730822,0.005693336348681743
2015-05-22,XLP,-0.010049855642919714,0.0012199839225790488
2015-05-26,XLP,-0.014720478013105498,-0.0012266122786845912
2015-05-27,XLP,-0.005862979658604162,0.004083971018078225
2015-05-28,XLP,-0.005065708833698057,0.011745239582249711
2015-05-29,XLP,-0.013546258257058352,0.008682745880877585
2015-06-01,XLP,-0.009340628851238097,-0.00040975711188506736
2015-06-02,XLP,-0.004093061882477711,-0.004500557423461116
2015-06-03,XLP,-0.010982227987577864,0.0028875468980922303
2015-06-04,XLP,-0.01670070574305116,-0.007400879136785998
2015-06-05,XLP,-0.024594766482474606,-0.023995044942155097
2015-06-08,XLP,-0.025005008027084163,-0.03254034571408926
2015-06-09,XLP,-0.01767375939034488,-0.02389246012431845
2015-06-10,XLP,-0.007403031338606758,-0.012075148772060396
2015-06-11,XLP,-0.000621169591877635,-0.01207977874481203
2015-06-12,XLP,0.009875924499179511,-0.030852444734768336
2015-06-15,XLP,0.00294339156390766,-0.0410046938293297
2015-06-16,XLP,0.008995816710503757,-0.027424499105728528
2015-06-17,XLP,0.004557537957091906,-0.019611736157070347
2015-06-18,XLP,0.016165461173623497,-0.006484374291149564
2015-06-19,XLP,0.01875936969871428,-0.010076941007038487
2015-06-22,XLP,0.030239664878234374,-0.001974989871109889
2015-06-23,XLP,0.014750971510331556,0.001666950724199312
2015-06-24,XLP,0.004745426732835956,-0.009150042334751363
2015-06-25,XLP,-0.008167502290736262,-0.009581744936276837
2015-06-26,XLP,-0.004727050144742173,-0.0012267161024078765
2015-06-29,XLP,-0.02395033268190283,-0.016693318126230983
2015-06-30,XLP,-0.021381278165466422,-0.01572125516617706
2015-07-01,XLP,-0.004337326029734578,-0.0024928304929240364
2015-07-02,XLP,-0.0033107529301147354,0.0039051494180972757
2015-07-06,XLP,-0.006194133765490828,0.017614745613211635
2015-07-07,XLP,0.030201044206038308,0.03898335763889893
2015-07-08,XLP,0.020378388392381153,0.022406526327848786
2015-07-09,XLP,0.008297274640819863,0.013285142110652792
2015-07-10,XLP,0.020967208943857063,0.02559130457785841
2015-07-13,XLP,0.031373276277551154,0.03927683461900133
2015-07-14,XLP,0.012215074957419692,0.04858821153612136
2015-07-15,XLP,0.021000098256789723,0.034570358519752986
2015-07-16,XLP,0.030651835679770034,0.039606147306604944
2015-07-17,XLP,0.018097035823704255,0.027540796310216553
2015-07-20,XLP,0.010475323739643105,0.030825950810464908
2015-07-21,XLP,0.006435670964246798,0.0243602689936111
2015-07-22,XLP,0.011293011380995477,0.031044859997263696
2015-07-23,XLP,-0.002794487311990279,0.0318046278544053
2015-07-24,XLP,-0.007788816949367949,0.027933115212974258
2015-07-27,XLP,-0.010167164778166704,0.025191505163837613
2015-07-28,XLP,0.0033974550110902335,0.05306166411272306
2015-07-29,XLP,0.004585891321046143,0.058403131436784994
2015-07-30,XLP,0.005004264241696976,0.04148531221223917
2015-07-31,XLP,0.012680932423924318,0.04442610236198741
2015-08-03,XLP,0.014702468993225137,0.04674804891436901
2015-08-04,XLP,0.003385543901742283,0.02565111591606506
2015-08-05,XLP,0.008733848350469975,0.046324653702738194
2015-08-06,XLP,0.0045805136597369955,0.03764621429126125
2015-08-07,XLP,-0.0029816894559299145,0.01992692707757504
2015-08-10,XLP,-0.0005951643052491962,0.014303051960738333
2015-08-11,XLP,-0.0041680791919816995,0.009050493428531592
2015-08-12,XLP,-0.01219970521581204,0.01230137306762491
2015-08-13,XLP,-0.00872315502786658,-0.001995989439531276
2015-08-14,XLP,0.0,0.0017973642879631768
2015-08-17,XLP,-0.002780611283424106,0.0009969028301191063
2015-08-18,XLP,-0.004186034561650009,-0.0015988083710462009
2015-08-19,XLP,-0.013944597595625496,-0.012961400364468356
2015-08-20,XLP,-0.01899972082101331,-0.018214199054597646
2015-08-21,XLP,-0.048843445873764546,-0.03965391115707695
2015-08-24,XLP,-0.08285225528384454,-0.07250798394382252
2015-08-25,XLP,-0.08526773602040283,-0.0898225047136616
2015-08-26,XLP,-0.04949469585650601,-0.06609735170159425
2015-08-27,XLP,-0.026707393720565742,-0.04919322732297837
2015-08-28,XLP,-0.001467505128709523,-0.05307116454051719
2015-08-31,XLP,0.027361977718631136,-0.06093651976707981
2015-09-01,XLP,0.014004351925029024,-0.08019011550065935
2015-09-02,XLP,-0.0017005199729560605,-0.07575766420771612
2015-09-03,XLP,-0.009426502636806444,-0.06245046830930101
2015-09-04,XLP,-0.023509543514735887,-0.0725677141352582
2015-09-08,XLP,0.0038046558435254063,-0.05680234883480184
2015-09-09,XLP,0.007984385110178627,-0.06896537309926831
2015-09-10,XLP,-0.0038318707494217064,-0.0679282406758781
2015-09-11,XLP,-0.004017293148503853,-0.057999664657853334
2015-09-14,XLP,0.009243138840820952,-0.06399532875155056
2015-09-15,XLP,0.00042081413263383993,-0.053774352220443244
2015-09-16,XLP,0.0286873707346329,-0.03823043695935502
2015-09-17,XLP,0.02692845962638679,-0.029292863534814306
2015-09-18,XLP,0.00837443917820968,-0.03171377213949578
2015-09-21,XLP,0.01909920784938346,0.002865001428587588
2015-09-22,XLP,-0.003928817475679858,0.027651330277562947
2015-09-23,XLP,-0.01344697064455802,0.037283490834397304
2015-09-24,XLP,-0.011771621536315835,0.009231968775313515
2015-09-25,XLP,0.006145444410124767,0.0009700790506210755
2015-09-28,XLP,-0.015986862684434833,-0.011717353788346596
2015-09-29,XLP,-0.005529519177837727,-0.005249430382798792
2015-09-30,XLP,0.0019107543487248968,0.024912252893573905
2015-10-01,XLP,0.00021220943196587072,0.011165644692896493
2015-10-02,XLP,0.007582168614756579,0.018157265112576315
2015-10-05,XLP,0.04018838458049401,0.05274979642092248
2015-10-06,XLP,0.03357603019180955,0.024253413042803817
2015-10-07,XLP,0.03348137454966227,0.05083743315871092
2015-10-08,XLP,0.04577237106758125,0.061516688541414455
2015-10-09,XLP,0.03386231323864086,0.056880223028779264
2015-10-12,XLP,0.019112032262390555,0.06304412009835691
2015-10-13,XLP,0.019863270253666743,0.04415903851418945
2015-10-14,XLP,-0.0010253086268586786,0.02048496981486747
2015-10-15,XLP,-0.003850051388943232,0.029701518959772022
2015-10-16,XLP,0.003437663765554433,0.051705974162036705
2015-10-19,XLP,0.005243157044646729,0.04859057796790678
2015-10-20,XLP,0.01075253960605882,0.05954917524688974
2015-10-21,XLP,0.022783565205998224,0.057961634711418686
2015-10-22,XLP,0.0337672098522932,0.07715148586458964
2015-10-23,XLP,0.02236518795271647,0.0686601841899126
2015-10-26,XLP,0.015847660837791988,0.08251429316399728
2015-10-27,XLP,0.017864502318536424,0.08447411435790175
2015-10-28,XLP,0.011840028655627277,0.06844639219269433
2015-10-29,XLP,-0.007477573130899251,0.06887018252170218
2015-10-30,XLP,-0.01694912707728624,0.04264184068476973
2015-11-02,XLP,-0.009083725107094653,0.031237270865127842
2015-11-03,XLP,-0.015184523089477042,0.033312364964863894
2015-11-04,XLP,-0.01368479176162718,0.01968448755670904
2015-11-05,XLP,-0.01427434441786768,0.007497224585129469
2015-11-06,XLP,-0.014033664124758483,-0.005660867867528396
2015-11-09,XLP,-0.026504893415990383,-0.014922397996203984
2015-11-10,XLP,-0.019223011438227133,-0.006289353570100298
2015-11-11,XLP,-0.016489167636685842,0.0039000464830212245
2015-11-12,XLP,-0.029565289387982863,-0.018510939095150114
2015-11-13,XLP,-0.027449751255811727,-0.03626821554362336
2015-11-16,XLP,-0.004093686195461355,-0.024071940656400836
2015-11-17,XLP,-0.007145661676691395,-0.02388578045965939
2015-11-18,XLP,0.007973870294771812,-0.010636218974847345
2015-11-19,XLP,0.024455801304869684,-0.027351464838095474
2015-11-20,XLP,0.02613401524547987,-0.03271553329762866
2015-11-23,XLP,0.017676837056714412,-0.02231464527998761
2015-11-24,XLP,0.020769099731517304,-0.02110032244398774
2015-11-25,XLP,0.009533400663744418,-0.012891609280466843
2015-11-27,XLP,0.01072249640139833,-0.009515826578237019
2015-11-30,XLP,0.006927209778055277,-0.00922213087252255
2015-12-01,XLP,0.006665852985796583,-0.006775358829068212
2015-12-02,XLP,-0.0010075434195313537,-0.007008504074962563
2015-12-03,XLP,-0.008840589492447593,-0.008043511363787337
2015-12-04,XLP,0.009607247479142877,0.014481051940803846
2015-12-07,XLP,0.023472567757901297,0.028467132088687563
2015-12-08,XLP,0.012239111397174707,0.03275385915859297
2015-12-09,XLP,0.0076630441466443155,0.020212387999488657
2015-12-10,XLP,0.014190233089272475,0.022899341135820928
2015-12-11,XLP,-0.019031955431730196,0.025492475579642848
2015-12-14,XLP,-0.012060351999742758,0.04474134654484985
2015-12-15,XLP,-0.003171647861661242,0.0337100119957876
2015-12-16,XLP,0.025815550699880285,0.05408184486951573
2015-12-17,XLP,0.011393166172612323,0.02636926789053784
2015-12-18,XLP,0.00451568544353953,0.005532181780793843
2015-12-21,XLP,0.005954892124408584,0.024196306668592626
2015-12-22,XLP,0.012574054717546801,0.02852683694358893
2015-12-23,XLP,0.0006846071074015914,0.03334189589960235
2015-12-24,XLP,0.012741289008050716,0.029630653803332407
2015-12-28,XLP,0.029590259765889027,0.024303054427607274
2015-12-29,XLP,0.026853636338084685,0.04446447728678793
2015-12-30,XLP,0.010089284644957397,0.03202461262103484
2015-12-31,XLP,-0.008445075994388929,0.02564863058904554
2016-01-04,XLP,-0.020051434736784945,0.017984666491660528
2016-01-05,XLP,-0.012401391054874034,0.001974058939040013
2016-01-06,XLP,-0.024199505218676753,-0.004185372598037862
2016-01-07,XLP,-0.03251099154794257,-0.013600188018154324
2016-01-08,XLP,-0.029114248103419116,-0.01178509257085758
2016-01-11,XLP,-0.007421801823702334,-0.0037082264541485888
2016-01-12,XLP,-0.008371813419940866,0.012862472501094402
2016-01-13,XLP,-0.02320024991357761,-0.015414067906314832
2016-01-14,XLP,-0.0066797416913270125,-0.01707158114875096
2016-01-15,XLP,-0.014687880607362147,-0.050803895310337244
2016-01-19,XLP,-0.012126059960917868,-0.026876280481717196
2016-01-20,XLP,-0.029748600278529658,-0.021686524252117034
2016-01-21,XLP,-0.0077806381090121945,-0.02885782164075268
2016-01-22,XLP,0.004483107125121677,-0.024925646031194737
2016-01-25,XLP,0.011386861771327972,-0.040652306721640885
2016-01-26,XLP,0.008592444668120258,-0.030862825594072607
2016-01-27,XLP,0.020302651123841997,-0.030511581216091543
2016-01-28,XLP,0.026619887302682166,-0.029078888732884445
2016-01-29,XLP,0.029823455607604243,-0.0058755637315131
2016-02-01,XLP,0.04257933160853522,0.008714749554994627
2016-02-02,XLP,0.01987806436777695,0.008626146898320641
2016-02-03,XLP,0.01868015110890564,0.0
2016-02-04,XLP,-0.0008040710393568684,-0.005800440860143419
2016-02-05,XLP,-0.022261413225731275,0.004656190306561836
2016-02-08,XLP,-0.028077671622505518,0.009791714566889098
2016-02-09,XLP,-0.00894971896293073,0.0070735264803512
2016-02-10,XLP,-0.007972992826760117,0.00040218763300403637
2016-02-11,XLP,-0.006839647056674281,0.010851594673400022
2016-02-12,XLP,0.00886534988098342,0.020378684986772866
2016-02-16,XLP,0.019595948353761328,0.044927308402790356
2016-02-17,XLP,0.02327930068141626,0.04316699949672964
2016-02-18,XLP,0.019891566527640236,0.05158493416819643
2016-02-19,XLP,0.029775444861241063,0.04911291854820865
2016-02-22,XLP,0.02037180919661541,0.03651881995853801
2016-02-23,XLP,0.012086526458388036,0.04565017594820597
2016-02-24,XLP,0.004902513214543269,0.039350577171612056
2016-02-25,XLP,0.020882461511304795,0.05218252143062174
2016-02-26,XLP,0.004917673427227154,0.026935213616292586
2016-02-29,XLP,-0.0033275469677670477,0.003152287197257353
2016-03-01,XLP,0.006460342756003934,0.009424801145839101
2016-03-02,XLP,0.006245417916534546,0.02545764285670571
2016-03-03,XLP,0.0,0.032888017190917385
2016-03-04,XLP,0.01859464489789797,0.04687246908092235
2016-03-07,XLP,0.015710817675093525,0.04211150471552738
2016-03-08,XLP,0.008947504363056469,0.04787862591700898
2016-03-09,XLP,0.013576439624232828,0.04876586639430136
2016-03-10,XLP,0.008876907364840259,0.050431954879024854
2016-03-11,XLP,0.007877765358947242,0.062385828860501924
2016-03-14,XLP,0.01353453735927368,0.04693456062618373
2016-03-15,XLP,0.013109846244825585,0.04121260515021108
2016-03-16,XLP,0.007845086192266093,0.032947235723232327
2016-03-17,XLP,0.013580926235516655,0.04393234410063296
2016-03-18,XLP,0.008974013681869675,0.04092566896325467
2016-03-21,XLP,0.010125500695311818,0.03642151587899645
2016-03-22,XLP,0.0016975698886700918,0.03052467259507563
2016-03-23,XLP,-0.00039349224366247437,0.027503429855009642
2016-03-24,XLP,-0.007568396960911494,0.014839111043609465
2016-03-28,XLP,-0.0009499943562804036,0.03484775216040714
2016-03-29,XLP,0.005884898568035091,0.04600137006089966
2016-03-30,XLP,0.018522298985944374,0.04287502855711778
2016-03-31,XLP,0.012982114736067585,0.03438244660849277
2016-04-01,XLP,0.024846821520161377,0.04005463730738934
2016-04-04,XLP,0.0197718017273798,0.036043692179365205
2016-04-05,XLP,0.005472435921662688,0.035457659041056244
2016-04-06,XLP,0.006748750000588055,0.04060233745214603
2016-04-07,XLP,0.0011305223048996282,0.02168104797314996
2016-04-08,XLP,-0.00391611326857999,0.026866268797982817
2016-04-11,XLP,-0.011372097334171327,0.016255877124806695
2016-04-12,XLP,0.0015016419616418197,0.023164487727545202
2016-04-13,XLP,-0.013966338415683954,0.012791393602920698
2016-04-14,XLP,-0.007718386105638797,0.005903916244007323
2016-04-15,XLP,-0.0069278582337236605,0.006088668864519642
2016-04-18,XLP,0.005846057448765984,0.013105346127798123
2016-04-19,XLP,-0.0009371660411211513,0.011959020944960486
2016-04-20,XLP,-0.004532622158319066,0.0064922020351652066
2016-04-21,XLP,-0.01783347613851982,-0.01164593758642174
2016-04-22,XLP,-0.020361812819099656,-0.006880799954872452
2016-04-25,XLP,-0.019122697316882764,-0.0053230232420773405
2016-04-26,XLP,-0.02250959982766254,-0.016606940068708997
2016-04-27,XLP,-0.006639726987209271,-0.01837262709484
2016-04-28,XLP,0.012362752428494828,-0.01225024169395772
2016-04-29,XLP,0.006543526006021594,-0.024617454660235683
2016-05-02,XLP,0.011085317544831108,-0.013795748032778055
2016-05-03,XLP,0.01324096275179154,-0.009009003916798486
2016-05-04,XLP,0.011458853679422676,-0.013780054518651053
2016-05-05,XLP,0.010685021241711112,-0.0028234448824459024
2016-05-06,XLP,0.017972988548823787,-0.0031832681120325113
2016-05-09,XLP,0.011909380654707036,0.009428654720574192
2016-05-10,XLP,0.023863967353320747,0.013118631412116333
2016-05-11,XLP,0.012651053733214734,0.012842366253236426
2016-05-12,XLP,0.017934596699228367,0.022956084500802998
2016-05-13,XLP,0.0,0.0037707130874007344
2016-05-16,XLP,0.0009340960628065886,0.0044991980336888115
2016-05-17,XLP,-0.02830197175587168,-0.014631169273320532
2016-05-18,XLP,-0.03188507390886852,-0.014987497959812579
2016-05-19,XLP,-0.027633918510477806,0.012748627912099408
2016-05-20,XLP,-0.020285416964030967,0.003848990887227899
2016-05-23,XLP,-0.025569522590455418,-0.002102882368674397
2016-05-24,XLP,0.002284622057008301,0.01036289043608285
2016-05-25,XLP,0.015600688122063833,0.007066018300461163
2016-05-26,XLP,0.009727447657887911,0.01011231866014417
2016-05-27,XLP,0.016104548259612272,0.013384418112319496
2016-05-31,XLP,0.008619605632372851,-0.004536432503025045
2016-06-01,XLP,0.010446029261923506,0.007575895848210612
2016-06-02,XLP,0.00929277795281891,0.004909349989740575
2016-06-03,XLP,0.011711611775893527,0.011138327478918963
2016-06-06,XLP,0.011697782781492583,0.007137498187530955
2016-06-07,XLP,0.017090742168347717,0.0005607201822508401
2016-06-08,XLP,0.012782016603280821,-0.003329758428871732
2016-06-09,XLP,0.016347585304102186,0.008577621626275844
2016-06-10,XLP,0.010642371413073892,0.003894788941815497
2016-06-13,XLP,0.0011192773121169175,0.00826476433943446
2016-06-14,XLP,0.006160904356509622,0.005785578733051855
2016-06-15,XLP,-0.0027842708075987987,0.022843736246642043
2016-06-16,XLP,-0.0014796180182119478,0.04025388397921703
2016-06-17,XLP,-0.006250232395889621,0.025971835300649948
2016-06-20,XLP,0.00526613870010717,0.03456092619748685
2016-06-21,XLP,0.003963087680264543,0.036268485622005686
2016-06-22,XLP,0.007514643100694052,0.02818103679705186
2016-06-23,XLP,0.008438188427380311,0.032917518207181695
2016-06-24,XLP,-0.006919664226741173,0.009056906452924895
2016-06-27,XLP,-0.01211712739475157,0.005826636055953127
2016-06-28,XLP,-0.008553289282769438,0.018624837106663517
2016-06-29,XLP,0.0024158235468758615,0.02000988762264
2016-06-30,XLP,0.01865521167817552,0.042499100498486486
2016-07-01,XLP,0.03370981193358613,0.03099738389756901
2016-07-05,XLP,0.04170574489225887,0.03566045411749341
2016-07-06,XLP,0.036196453406501794,0.037759365807889855
2016-07-07,XLP,0.022246842787158494,0.029542260960551125
2016-07-08,XLP,0.009791638414480941,0.03577446334268397
2016-07-11,XLP,0.014756757287391897,0.03519463625186714
2016-07-12,XLP,0.003623368194061616,0.038250942542518374
2016-07-13,XLP,0.008325808036294902,0.03999225824094044
2016-07-14,XLP,0.010155892589311044,0.04290190290246332
2016-07-15,XLP,0.00017926973519233336,0.03749524301181584
2016-07-18,XLP,-0.0010770379521517492,0.04058358155281239
2016-07-19,XLP,0.003609836500514607,0.036540293736535556
2016-07-20,XLP,-0.0055643232761577455,0.030122937588272336
2016-07-21,XLP,-0.008258455428686862,0.026574800776846486
2016-07-22,XLP,-0.0035903056552016865,0.02512016089524516
2016-07-25,XLP,-0.003594535402308918,0.04406776539636614
2016-07-26,XLP,-0.010611446072339104,0.038120136249738756
2016-07-27,XLP,-0.021841478618137677,0.016316377452048725
2016-07-28,XLP,-0.014663438632809389,0.009083915499828565
2016-07-29,XLP,-0.014414497832139328,-0.008159427276815623
2016-08-01,XLP,-0.012265653165334789,-0.0023683819195818856
2016-08-02,XLP,-0.005998916889941364,-0.009420323454846558
2016-08-03,XLP,0.0035063012237113167,-0.015746593749548454
2016-08-04,XLP,0.001286412962026695,-0.011606618051574258
2016-08-05,XLP,-0.002011396881933525,-0.0197526400178607
2016-08-08,XLP,-0.004200063632358031,-0.02100528558345649
2016-08-09,XLP,0.00036589210380211235,-0.012635463430761273
2016-08-10,XLP,0.00956209826865484,-0.014539818258316961
2016-08-11,XLP,0.007339080668642861,-0.014362745379055686
2016-08-12,XLP,0.009159370040944248,-0.01095149817913943
2016-08-15,XLP,0.007702308899349974,-0.012401084368550475
2016-08-16,XLP,0.00018287913786863008,-0.016006949086990074
2016-08-17,XLP,-0.0007283975154692701,-0.00974754019492563
2016-08-18,XLP,0.002732558514676242,-0.0034393824646589133
2016-08-19,XLP,-0.003085940648578256,-0.010450859278290703
2016-08-22,XLP,0.0009098724199247954,-0.007936487937823422
2016-08-23,XLP,0.0032897634678852317,-0.0021815480020828115
2016-08-24,XLP,-0.0010937110071017608,0.011256752527758485
2016-08-25,XLP,-0.008356417965908913,0.002939482034079788
2016-08-26,XLP,-0.011106855471702537,-0.0071299148768302345
2016-08-29,XLP,-0.0067273525391265965,-0.0023739133572191484
2016-08-30,XLP,-0.010566459218128599,-0.006766631552582392
2016-08-31,XLP,-0.007664177553992957,0.0
2016-09-01,XLP,-0.0034803357829426007,-0.0018351363522055575
2016-09-02,XLP,0.009390414057197649,0.004213418065373897
2016-09-06,XLP,0.0056746006413264105,0.00751885959494758
2016-09-07,XLP,0.002762059412664053,-0.004387548712663114
2016-09-08,XLP,-0.004045640736092815,-0.013478852888875403
2016-09-09,XLP,-0.03143406827581108,-0.040255163602262445
2016-09-12,XLP,-0.020795218307517183,-0.02559436100814283
2016-09-13,XLP,-0.0349473333958733,-0.03512301845567389
2016-09-14,XLP,-0.029379532921402385,-0.03381487260533689
2016-09-15,XLP,-0.01606322667904525,-0.028618013473035386
2016-09-16,XLP,0.008103095878049249,-0.03511486426779831
2016-09-19,XLP,-0.012551067307303598,-0.03484578313778386
2016-09-20,XLP,0.0023977114465314475,-0.03368874183539705
2016-09-21,XLP,0.01095214112070031,-0.026435872441873065
2016-09-22,XLP,0.011668564131179782,-0.016207395667308777
2016-09-23,XLP,0.010418806508858625,-0.016846269236326816
2016-09-26,XLP,0.0039862398952112965,-0.020115005884970616
2016-09-27,XLP,0.00549056164501871,-0.021802470671473118
2016-09-28,XLP,0.0016941830589722873,-0.01437187722661526
2016-09-29,XLP,-0.016797292428678556,-0.025261881724346624
2016-09-30,XLP,-0.002437262657860151,-0.015817186448291776
2016-10-03,XLP,-0.0003782908136645835,-0.029598162433308706
2016-10-04,XLP,-0.012992253495944794,-0.039959308465497445
2016-10-05,XLP,-0.015601487308173678,-0.03242165076164716
2016-10-06,XLP,-0.003986428147390586,-0.025203930507252226
2016-10-07,XLP,-0.016538265269037233,-0.0006812077470573774
2016-10-10,XLP,-0.010213590572145326,-0.019111662376493865
2016-10-11,XLP,-0.006867449707282036,-0.01202525689765499
2016-10-12,XLP,-0.0003815736475960563,-0.0035145768670693522
2016-10-13,XLP,-0.002096167012940797,-0.011366623848881985
2016-10-14,XLP,0.0007642042738396082,-0.00795615048295506
2016-10-17,XLP,-0.004013185816482356,-0.010630506435071352
2016-10-18,XLP,0.004225922253622061,-0.01022335124499163
2016-10-19,XLP,-0.007068058562371249,-0.02127690762015455
2016-10-20,XLP,-0.007830852821446133,-0.030422048815465286
2016-10-21,XLP,-0.0026733826153531037,-0.02081025178602136
2016-10-24,XLP,0.008634104035464274,-0.006050309209379656
2016-10-25,XLP,0.009181213079906714,-0.006590377701242156
2016-10-26,XLP,0.013658943753502628,-0.009586525680653768
2016-10-27,XLP,0.009624767964031777,-0.004366132792898991
2016-10-28,XLP,0.008424432591865205,-0.010148605917920217
2016-10-31,XLP,0.0043750805283071514,-0.001323909280138813
2016-11-01,XLP,-0.003601161221065907,0.0028616265639764826
2016-11-02,XLP,-0.004744561954289739,0.0013367386493201572
2016-11-03,XLP,-0.0070539224125257816,-0.007432457654468427
2016-11-04,XLP,-0.020125252917804426,-0.013758898621030524
2016-11-07,XLP,-0.006060340829841859,0.002866642516611284
2016-11-08,XLP,0.002472961825007669,0.012293540057586316
2016-11-09,XLP,-0.00877194807238213,-0.007068058562371249
2016-11-10,XLP,-0.028609983369587866,-0.03380449138094799
2016-11-11,XLP,-0.020732674068290158,-0.03494381399051616
2016-11-14,XLP,-0.03868150632188283,-0.03204115113268746
2016-11-15,XLP,-0.03681210529088974,-0.02907417338162399
2016-11-16,XLP,-0.02327796525285286,-0.02327796525285286
2016-11-17,XLP,0.0017787701217979457,-0.024446435293749347
2016-11-18,XLP,-0.0007911726171075939,-0.03312250653665605
2016-11-21,XLP,0.00773024634570163,-0.032908558892768114
2016-11-22,XLP,0.006698064382771429,-0.031463192489524894
2016-11-23,XLP,0.0009847780830962716,-0.03549029461531372
2016-11-25,XLP,0.010655235750417491,-0.02345074208749931
2016-11-28,XLP,0.016435525620453806,-0.02544146936912617
2016-11-29,XLP,0.011014857158462288,-0.02651525894499429
2016-11-30,XLP,-0.010175825210168798,-0.03785401092751439
2016-12-01,XLP,-0.011216088925506185,-0.0417619012137701
2016-12-02,XLP,-0.012690318227982944,-0.02899406238970459
2016-12-05,XLP,-0.013637257640902178,-0.018988674088274315
2016-12-06,XLP,-0.01206204378681841,-0.03239344902932939
2016-12-07,XLP,0.018386185279032796,-0.022580936537925922
2016-12-08,XLP,0.0208955312248833,-0.013081812002909476
2016-12-09,XLP,0.02906843060871278,0.02866154605390503
2016-12-12,XLP,0.031996887945470176,0.03383479523012389
2016-12-13,XLP,0.033674772389965746,0.04043611759803123
2016-12-14,XLP,0.007959982626254192,0.02285266212086201
2016-12-15,XLP,0.016374275788875403,0.02698436495096379
2016-12-16,XLP,0.0076518517050443435,0.034692232031397374
2016-12-19,XLP,0.005530245529083988,0.040375271910908506
2016-12-20,XLP,-0.000986989088140322,0.031435964408361716
2016-12-21,XLP,0.00978647525393761,0.02599063307070426
2016-12-22,XLP,0.003980449530695873,0.030057845993409327
2016-12-23,XLP,0.00019242985671685808,0.023980583191596683
2016-12-27,XLP,-0.0019175884329344361,0.021589893456086973
2016-12-28,XLP,-0.006148015721944788,0.013926425140882603
2016-12-29,XLP,-0.0013449035391108755,0.035144221300462686
2016-12-30,XLP,-0.004811405210893738,0.03672987477285594
2017-01-03,XLP,-0.003073463714853175,0.033954629303601935
2017-01-04,XLP,-0.0028816252843186785,0.03272965456155541
2017-01-05,XLP,0.006573002678809781,0.03305168085800525
2017-01-06,XLP,0.0028858714186692502,0.019388842297061837
2017-01-09,XLP,-0.00019379024110033338,0.015313452686806395
2017-01-10,XLP,-0.008863129608429055,-0.0041570366621134225
2017-01-11,XLP,-0.006936399410970795,-0.006231277270912994
2017-01-12,XLP,-0.011138965166949344,-0.011735043308302773
2017-01-13,XLP,-0.011511496150762857,-0.00030341587830584604
2017-01-17,XLP,0.010638537898619127,0.009583701373942155
2017-01-18,XLP,0.019245651374349082,0.007300892779975143
2017-01-19,XLP,0.01358131682020014,0.001725621956283785
2017-01-20,XLP,0.02116903627450961,0.010182612624419773
2017-01-23,XLP,0.020186193587832912,0.009992387391992708
2017-01-24,XLP,0.012631502993900368,0.018283036684951792
2017-01-25,XLP,0.008964100509448958,0.01613490453202826
2017-01-26,XLP,0.008231294029593661,0.011911549970960555
2017-01-27,XLP,-0.0038037189297429608,0.012565430081924678
2017-01-30,XLP,-0.004185449420310183,0.007119594046005595
2017-01-31,XLP,-0.006047806639861708,0.01701794320594363
2017-02-01,XLP,-0.013610556252378947,0.005394787652843069
2017-02-02,XLP,-0.0001897909122765551,0.014643320200804055
2017-02-03,XLP,0.011836786508519603,0.017860550776801043
2017-02-06,XLP,0.007069263757845556,0.011320646742466911
2017-02-07,XLP,0.010458026247826435,0.027853131456662572
2017-02-08,XLP,0.02261411972330829,0.03732485034466371
2017-02-09,XLP,0.017470527521681767,0.03958062065583645
2017-02-10,XLP,0.011697758848145279,0.04136698865345001
2017-02-13,XLP,0.017263929633281272,0.04076072834269562
2017-02-14,XLP,0.009220836320731118,0.026411281624443506
2017-02-15,XLP,0.014242753478480585,0.032233211931368855
2017-02-16,XLP,0.011384935339799007,0.03732789994689978
2017-02-17,XLP,0.01566594613478811,0.035755051546546124
2017-02-21,XLP,0.024804422362697753,0.04547209492812043
2017-02-22,XLP,0.02479970720330882,0.038745069424567236
2017-02-23,XLP,0.017923117392872223,0.04139884504820013
2017-02-24,XLP,0.020114389743651317,0.04955393061558233
2017-02-27,XLP,0.010466576580289377,0.05059201785774192
2017-02-28,XLP,0.002729456680209408,0.052731821513690935
2017-03-01,XLP,0.0072781831909538575,0.05267160062438947
2017-03-02,XLP,0.00471976295761567,0.06075141757992464
2017-03-03,XLP,-0.0025324223154101766,0.04709474588752682
2017-03-06,XLP,-0.0023625431858405044,0.035848827419587614
2017-03-07,XLP,-0.00490023819634644,0.040219598126166156
2017-03-08,XLP,-0.011741323521632485,0.029544835882450826
2017-03-09,XLP,-0.009936898012166906,0.026986444516656993
2017-03-10,XLP,-0.0016323166381864151,0.027435711831742093
2017-03-13,XLP,0.0034607179111472153,0.027415153309534368
2017-03-14,XLP,0.0018239500012029453,0.02443119853772635
2017-03-15,XLP,0.011514942202181855,0.03188514117363539
2017-03-16,XLP,0.011313888116730508,0.02402077873889752
2017-03-17,XLP,0.00398218691083585,0.019915481071069552
2017-03-20,XLP,0.00526019314862447,0.016889026741772284
2017-03-21,XLP,0.007273646429478031,0.006906807142966542
2017-03-22,XLP,-0.002187174929880853,0.00471167255913052
2017-03-23,XLP,-0.005804359935147385,0.00015116678511928328
2017-03-24,XLP,-0.005092993369428589,-0.0052869869391897195
2017-03-27,XLP,-0.007986624732087555,-0.0016814617412000965
2017-03-28,XLP,-0.005269087934426486,-0.0011250592453786457
2017-03-29,XLP,-0.0014564401394189241,-0.00400069524737956
2017-03-30,XLP,-0.001277219866280488,-0.005818546949637793
2017-03-31,XLP,-0.002193757016325737,-0.00494925688398995
2017-04-03,XLP,-0.0029276251779707385,-0.0022469295116077648
2017-04-04,XLP,-0.0018263568611701642,0.001960483686513692
2017-04-05,XLP,-0.005469259638397395,0.0023204951613169378
2017-04-06,XLP,-0.003470738651787486,0.0006745095996367745
2017-04-07,XLP,0.002198580166993036,-0.001131087710125378
2017-04-10,XLP,0.006790202771610465,0.0010636173622020628
2017-04-11,XLP,0.004208673969812393,0.00434553265748705
2017-04-12,XLP,0.00989873468847402,0.0007189786163450673
2017-04-13,XLP,0.005315968864226361,-0.00526030942850364
2017-04-17,XLP,0.00968917553797577,0.004546835261777016
2017-04-18,XLP,0.011301366195322737,0.007079570828236292
2017-04-19,XLP,0.007106301451744956,0.00417867414650086
2017-04-20,XLP,0.0012705509121553327,0.004186775167000389
2017-04-21,XLP,0.0029176609822572086,0.003466484412566917
2017-04-24,XLP,0.004888653396991849,0.014625195955875414
2017-04-25,XLP,0.004326005363822993,0.019579198899690287
2017-04-26,XLP,0.0,0.009497806860459201
2017-04-27,XLP,0.0007254501732096852,0.006380996315562548
2017-04-28,XLP,0.0032729086468936686,0.00803822499320006
2017-05-01,XLP,-0.009549512052918763,0.007145452821487375
2017-05-02,XLP,-0.020100804095430025,0.0020183713756607435
2017-05-03,XLP,-0.011217620924653171,0.0
2017-05-04,XLP,-0.0023551834480619593,0.009532178045644546
2017-05-05,XLP,0.0007247431922010605,0.012282160655745056
2017-05-08,XLP,0.004184174580112998,0.009140848169171933
2017-05-09,XLP,0.007326215575641948,0.002551843667558007
2017-05-10,XLP,0.007136388737879695,0.002915444612217488
2017-05-11,XLP,0.0009080055989973967,0.0005447122650110714
2017-05-12,XLP,-0.004708394397876958,0.0021883350164046966
2017-05-15,XLP,-0.0010869872766166022,-0.0016294624830469617
2017-05-16,XLP,0.0016360982435199567,-0.007029802841114208
2017-05-17,XLP,-0.0005452958492400128,-0.004704312207940431
2017-05-18,XLP,-0.001269859204271917,-0.0019938562634052026
2017-05-19,XLP,0.007095957832261135,0.006363593391263356
2017-05-22,XLP,0.009430807565175225,0.0028832294286833537
2017-05-23,XLP,0.011436202453436017,0.0
2017-05-24,XLP,0.016905917809965088,0.012122074886484757
2017-05-25,XLP,0.02252499078368264,0.019746447689213964
2017-05-26,XLP,0.020776621289955388,0.023921228010259643
2017-05-30,XLP,0.014732188881370956,0.027469729153143163
2017-05-31,XLP,0.016510712631881308,0.03736253369767728
2017-06-01,XLP,0.02073674315692542,0.04483070517798504
2017-06-02,XLP,0.017409637443389192,0.039949134616342086
2017-06-05,XLP,0.01469072763504653,0.03821093958017152
2017-06-06,XLP,0.012570785599332224,0.03605081335120164
2017-06-07,XLP,0.009357568339241729,0.03945445706579642
2017-06-08,XLP,-0.006305077897705957,0.030886161796839673
2017-06-09,XLP,-0.010476816192779959,0.02812023974899147
2017-06-12,XLP,-0.011687011137449077,0.03093138833973086
2017-06-13,XLP,-0.007693869765651562,0.029198298778567944
2017-06-14,XLP,-0.0010493599101522033,0.036667605182169716
2017-06-15,XLP,0.004230027334980013,0.035811662240507136
2017-06-16,XLP,-0.005091702746645943,0.02418592902924277
2017-06-19,XLP,-0.00011449579895472795,0.02355028139080706
2017-06-20,XLP,-0.005606660007395514,0.01386635534308045
2017-06-21,XLP,-0.014698498138222216,0.009880945372299443
2017-06-22,XLP,-0.01899382488237722,-0.0007555083314223499
2017-06-23,XLP,-0.008221989281827935,-0.006610994886625199
2017-06-26,XLP,-0.009071698306270637,-0.006379142230937163
2017-06-27,XLP,-0.0137501960806089,-0.014591726650667103
2017-06-28,XLP,-0.007342594671163383,-0.013816788680187986
2017-06-29,XLP,-0.011357572725358533,-0.03217405828981579
2017-06-30,XLP,-0.009911826579021565,-0.0332874101323708
2017-07-03,XLP,-0.014719023298252254,-0.03517820499287572
2017-07-05,XLP,-0.00688029590612238,-0.03352102711406346
2017-07-06,XLP,-0.01605620064667279,-0.038647069936716405
2017-07-07,XLP,-0.006017743585808977,-0.03189420418689959
2017-07-10,XLP,-0.01474313963051721,-0.03745538582733088
2017-07-11,XLP,-0.016578577162502106,-0.03995350347207427
2017-07-12,XLP,-0.010391899215337008,-0.03614883384819312
2017-07-13,XLP,-0.004583989807377509,-0.04204866624389847
2017-07-14,XLP,0.003852503539023111,-0.03225814767093704
2017-07-17,XLP,0.012008090125571469,-0.020911837464069327
2017-07-18,XLP,0.014820277304035345,-0.025613785040590642
2017-07-19,XLP,0.01289597025097522,-0.018214500386608545
2017-07-20,XLP,0.012893867029798,-0.015222214681360868
2017-07-21,XLP,0.006579047842293129,-0.007031049363446229
2017-07-24,XLP,0.002190465775313788,-0.010632610278942911
2017-07-25,XLP,0.009127280722597275,-0.007718611129668096
2017-07-26,XLP,0.005274686119590255,0.0007242648245784356
2017-07-27,XLP,0.014911744062021004,0.006855471228951693
2017-07-28,XLP,0.004720145060440162,0.009117028159793872
2017-07-31,XLP,0.007650094677023711,0.006916525907125326
2017-08-01,XLP,-0.00036167306179057945,0.006740747946587078
2017-08-02,XLP,-0.000904390107195896,0.0067459295973542055
2017-08-03,XLP,-0.011467460415088171,0.011551062797551248
2017-08-04,XLP,-0.005782076353469279,0.009356283755755035
2017-08-07,XLP,0.0019885981884628645,0.02401609049250486
2017-08-08,XLP,-0.0007236078330415951,0.02297167734342298
2017-08-09,XLP,0.001629692536972538,0.01897570879411159
2017-08-10,XLP,-0.0016312581577219154,0.014551656326067253
2017-08-11,XLP,0.00181744036294762,0.007310063023755031
2017-08-14,XLP,-0.0007214763100523713,0.011135481155227112
2017-08-15,XLP,0.008149166579706435,0.01624698186774709
2017-08-16,XLP,0.009943642997592317,0.01600566069049192
2017-08-17,XLP,0.004902123368414113,0.006546832689049431
2017-08-18,XLP,0.001451596681425027,0.002178888116948885
2017-08-21,XLP,0.00018043351586327638,0.009107508424290423
2017-08-22,XLP,-0.004670293609189469,0.0023520614353771396
2017-08-23,XLP,-0.01092001576403967,-0.0003619142759841987
2017-08-24,XLP,-0.015537624398826222,-0.02365157181357358
2017-08-25,XLP,-0.009601700240387978,-0.012106732679978083
2017-08-28,XLP,-0.01606506993541168,-0.014641956593719807
2017-08-29,XLP,-0.01281378129921329,-0.010133850743707096
2017-08-30,XLP,-0.01013568564583145,-0.009598222102403686
2017-08-31,XLP,0.004037509129446448,-0.008337708043098746
2017-09-01,XLP,0.005487672111857966,-0.0009086760281197259
2017-09-05,XLP,0.009906590471083554,-0.006855383575409046
2017-09-06,XLP,0.010603104943141428,0.0010861977307485837
2017-09-07,XLP,0.012251063787068528,0.0009040873320955711
2017-09-08,XLP,0.006945690210369726,0.0001816254658839611
2017-09-11,XLP,0.008367953057298205,0.005624011602195944
2017-09-12,XLP,0.009082691413904387,0.0028886028735506386
2017-09-13,XLP,0.0054271174287832125,-0.0016167810792016013
2017-09-14,XLP,0.0019869848978615323,-0.006981354265306106
2017-09-15,XLP,0.008651616274531815,0.003913505240346948
2017-09-18,XLP,0.003916798556030665,0.00809948441262942
2017-09-19,XLP,-0.0013314671976092374,0.0013726084155427642
2017-09-20,XLP,-0.011466308583463092,-0.008433645141716739
2017-09-21,XLP,-0.01893921477739624,-0.015032486904767661
2017-09-22,XLP,-0.023542425628714336,-0.004249455844419492
2017-09-25,XLP,-0.017902275138460877,-0.00034944494953403904
2017-09-26,XLP,-0.01251582037495258,0.0049847591601468455
2017-09-27,XLP,-0.010622501660069839,-0.006232642815002576
2017-09-28,XLP,-0.0011094085181253543,-0.006050862245648991
2017-09-29,XLP,0.0011128796477253289,-0.007149946484856118
2017-10-02,XLP,-0.007917445976679982,-0.013676742846263634
2017-10-03,XLP,-0.009184378742475796,-0.01401316924061069
2017-10-04,XLP,0.0016658716281361396,-0.015020989781835081
2017-10-05,XLP,0.0061087918390703155,-0.012082079327036976
2017-10-06,XLP,-0.0031495941851829024,-0.017103912969663293
2017-10-09,XLP,-0.004083109981314892,-0.025855603761108292
2017-10-10,XLP,0.003522334555006168,-0.019446260783895997
2017-10-11,XLP,0.002402742983596884,-0.017983855310235386
2017-10-12,XLP,0.002207705550659078,-0.011864457849265486
2017-10-13,XLP,0.014123738934255448,-0.011771518847440987
2017-10-16,XLP,0.017331413639370963,-0.012838815786314406
2017-10-17,XLP,0.004803264103796057,-0.01342280703613552
2017-10-18,XLP,0.0014748477394184167,-0.005128021917432224
2017-10-19,XLP,-0.00807759082392201,-0.0009245070984378323
2017-10-20,XLP,-0.01227760108900644,-0.0003709001851366356
2017-10-23,XLP,-0.013372584984633673,-0.008285771640933026
2017-10-24,XLP,-0.013238001283115808,-0.014144324633975192
2017-10-25,XLP,-0.014727646536483174,-0.009255964598931854
2017-10-26,XLP,-0.008699034012593865,-0.008515537484033331
2017-10-27,XLP,-0.014842497498271823,-0.016302629381620637
2017-10-30,XLP,-0.022465804117580257,-0.0228287284836709
2017-10-31,XLP,-0.010806481387853006,-0.01575830715974691
2017-11-01,XLP,-0.004858190387006078,-0.01570889038104184
2017-11-02,XLP,-0.008028134122982089,-0.02244697566726661
2017-11-03,XLP,0.0007532558036340564,-0.012451275909201587
2017-11-06,XLP,-0.0015195711966334846,-0.020313441837852886
2017-11-07,XLP,0.00131853664441417,-0.017919763573330916
2017-11-08,XLP,0.009012731615471559,-0.009218332478465263
2017-11-09,XLP,0.011292816878228251,-0.013585361447502553
2017-11-10,XLP,0.02145317646682554,-0.005313905580804135
2017-11-13,XLP,0.03842540776291159,0.0
2017-11-14,XLP,0.03047378383746957,0.007170232637745633
2017-11-15,XLP,0.008559725991015732,-0.0022091025370947204
2017-11-16,XLP,0.022706177430719565,0.017027476164875655
2017-11-17,XLP,0.00884274283540809,0.01595534216950334
2017-11-20,XLP,0.0020148253288838625,0.015595968730787835
2017-11-21,XLP,0.0018260923369168847,0.02254588218190512
2017-11-22,XLP,0.011254637578274274,0.02410330386897841
2017-11-24,XLP,-0.00327579494108865,0.022591460600256186
2017-11-27,XLP,0.0007304214815864185,0.03201509930537516
2017-11-28,XLP,0.010054664276217151,0.04938267076238634
2017-11-29,XLP,0.012025683743178028,0.04614787309343993
2017-11-30,XLP,0.02262363837133563,0.05238493303570424
2017-12-01,XLP,0.025926550857286346,0.057594238504139694
2017-12-04,XLP,0.0350367556585951,0.0673695578616369
2017-12-05,XLP,0.0249776280097318,0.07723068948041223
2017-12-06,XLP,0.026107405730863897,0.07204654741348815
2017-12-07,XLP,0.006957875011855519,0.05024174885037458
2017-12-08,XLP,0.007118843160059729,0.053229161958229465
2017-12-11,XLP,-0.002468474344440752,0.04237258057672544
2017-12-12,XLP,-0.0007063871380075248,0.03663656486963651
2017-12-13,XLP,-0.0014039347620634635,0.0388827748847167
2017-12-14,XLP,0.003897994618004219,0.04538735621135492
2017-12-15,XLP,0.012595036129705584,0.04281625049458526
2017-12-18,XLP,0.012239959946541923,0.04588270739486511
2017-12-19,XLP,0.013306871235146955,0.04831877493551717
2017-12-20,XLP,0.0058393013675432925,0.04304442905385897
2017-12-21,XLP,0.009565902897074041,0.04364162193422949
2017-12-22,XLP,-0.00017618762338822425,0.04605919459551533
2017-12-26,XLP,0.0026383075512079746,0.04787667600525514
2017-12-27,XLP,0.0012298367523484455,0.03915963463743388
2017-12-28,XLP,0.001407868577564253,0.032101176194648584
2017-12-29,XLP,0.0019373412911309895,0.022530159391684013
2018-01-02,XLP,-0.005802574916321412,0.013707420753396482
2018-01-03,XLP,-0.008421125385161377,0.0038796877964768495
2018-01-04,XLP,-0.005439585756563892,0.008321555951318116
2018-01-05,XLP,0.0005272821779214176,0.006371632231956248
2018-01-08,XLP,0.003163827548104736,0.01867743818643719
2018-01-09,XLP,0.007958999366453723,0.014553073266799332
2018-01-10,XLP,0.0033615104257955775,0.00974677383885214
2018-01-11,XLP,-0.0008821865373412896,0.008144168323107381
2018-01-12,XLP,-0.004918398098878285,0.0028298035308318426
2018-01-16,XLP,-0.0028037388671554586,0.011877041398446364
2018-01-17,XLP,0.010001699607744552,0.01195472205580872
2018-01-18,XLP,0.011991239423776223,0.009498665924337901
2018-01-19,XLP,0.02472193315698279,0.019501071581365714
2018-01-22,XLP,0.03212722327965434,0.02903907128415395
2018-01-23,XLP,0.024073281043869077,0.026417630413489768
2018-01-24,XLP,0.01459344945910912,0.026903559844694946
2018-01-25,XLP,0.018121428956773045,0.025087727588495756
2018-01-26,XLP,0.011718144446119183,0.030180778218513282
2018-01-29,XLP,0.00017082271053503462,0.027767892406808103
2018-01-30,XLP,-0.003259913662164049,0.02109339116820763
2018-01-31,XLP,-0.009931494623589776,0.022638810974167756
2018-02-01,XLP,-0.01471844662105437,0.018577598257529804
2018-02-02,XLP,-0.038153585127272516,-0.0037048790504753404
2018-02-05,XLP,-0.06942544120502214,-0.044089381612651635
2018-02-06,XLP,-0.052849070463034664,-0.03592062629207682
2018-02-07,XLP,-0.052577063397213464,-0.038778892806050735
2018-02-08,XLP,-0.06895964093231122,-0.054840311327519764
2018-02-09,XLP,-0.0488756104189253,-0.051562712637857055
2018-02-12,XLP,-0.002940003859178919,-0.04218886605948302
2018-02-13,XLP,-0.00926973485924143,-0.04217188655990656
2018-02-14,XLP,-0.005476532520958255,-0.053509564477132954
2018-02-15,XLP,0.03320909248444193,-0.03502367793004468
2018-02-16,XLP,0.035188619997883475,-0.04187521034689945
2018-02-20,XLP,0.0014742923202539782,-0.07063469899423624
2018-02-21,XLP,-0.0150426552051941,-0.07875749436396196
2018-02-22,XLP,-0.011930663350477322,-0.07825328729378123
2018-02-23,XLP,-0.018598789637745528,-0.06982713111072392
2018-02-26,XLP,-0.016366589256346264,-0.06847222229025018
2018-02-27,XLP,-0.006808927986325708,-0.07712032920863665
2018-02-28,XLP,-0.005215383511229188,-0.08056484812462728
2018-03-01,XLP,-0.010031923195578218,-0.07834678557757613
2018-03-02,XLP,-0.011223491626163762,-0.06652765564293761
2018-03-05,XLP,-0.008776818116212115,-0.040021448791519476
2018-03-06,XLP,0.0051882383708874436,-0.003123627501343762
2018-03-07,XLP,0.006553026553904218,-0.022900990771728802
2018-03-08,XLP,0.01801506794244423,-0.009674746672312717
2018-03-09,XLP,0.01600277609642564,0.018656693062929275
2018-03-12,XLP,0.005349692730836519,0.014708645954002453
2018-03-13,XLP,0.003870741237140596,0.003685863293504177
2018-03-14,XLP,0.0027900413638608512,-0.011007142553178806
2018-03-15,XLP,-0.013272046744320032,-0.01743735343878705
2018-03-16,XLP,-0.019247116298862776,-0.03306068782202898
2018-03-19,XLP,-0.027042485384436765,-0.046291291119150535
2018-03-20,XLP,-0.02909753532774928,-0.026953476588356673
2018-03-21,XLP,-0.031317171058398485,-0.02734833745089016
2018-03-22,XLP,-0.03251852507764985,-0.03791047526876068
2018-03-23,XLP,-0.044882522967125804,-0.058957104861905196
2018-03-26,XLP,-0.021619536931187566,-0.05138443038228713
2018-03-27,XLP,-0.019398855467799292,-0.03928804695558197
2018-03-28,XLP,0.006547591296236499,-0.015847076963581563
2018-03-29,XLP,0.021941915155571312,-0.006837054151598521
2018-04-02,XLP,0.009437607112961155,-0.03929342959298454
2018-04-03,XLP,0.008335172486041431,-0.03500799668992738
2018-04-04,XLP,0.024631559565253314,-0.020705029004055797
2018-04-05,XLP,0.013200380655015165,-0.009347654880013767
2018-04-06,XLP,-0.00399041958810098,-0.02830533640879429
2018-04-09,XLP,0.020451575920592546,-0.035086756814073805
2018-04-10,XLP,0.009419001833905538,-0.031102041605988284
2018-04-11,XLP,-0.007950265374207288,-0.03223664542743776
2018-04-12,XLP,-0.011895320317291347,-0.023855266033174338
2018-04-13,XLP,0.0032431475087060235,-0.012041759329733392
2018-04-16,XLP,0.014697907725980786,-0.0016899615905615617
2018-04-17,XLP,0.014664226365329158,0.010430653561736891
2018-04-18,XLP,0.008967984733719847,0.005705801655207399
2018-04-19,XLP,-0.01872759221719633,-0.011168707831118563
2018-04-20,XLP,-0.03993174531566934,-0.019611880529876058
2018-04-23,XLP,-0.05135459411395915,-0.008454714357159165
2018-04-24,XLP,-0.059497293756013314,-0.02868791843418561
2018-04-25,XLP,-0.05068098466716486,-0.026377190496446934
2018-04-26,XLP,-0.016552981783719556,-0.03386268646264834
2018-04-27,XLP,0.00554572549833976,-0.03534137484470856
2018-04-30,XLP,0.0003965472790958824,-0.01733552104824654
2018-05-01,XLP,-0.001995398219853728,-0.038639181079687224
2018-05-02,XLP,-0.023306767499490677,-0.07192902641635524
2018-05-03,XLP,-0.03009930610771494,-0.0751511066455427
2018-05-04,XLP,-0.021272307540377677,-0.052079288415014524
2018-05-07,XLP,-0.021209137150593804,-0.05745354709561035
2018-05-08,XLP,-0.016596634090686457,-0.06341621916967732
2018-05-09,XLP,0.004486766866396152,-0.060294076859736756
2018-05-10,XLP,0.011433681823613151,-0.053315564059095766
2018-05-11,XLP,-0.0030185873506112237,-0.05799572869007663
2018-05-14,XLP,0.0028352415427743693,-0.06847270249923954
2018-05-15,XLP,0.003050084019280863,-0.07413662998826764
2018-05-16,XLP,0.008731007851559003,-0.060514786122253916
2018-05-17,XLP,0.006257193039807207,-0.029211444600999004
2018-05-18,XLP,0.0,-0.018815311605472007
2018-05-21,XLP,0.004644769141663341,-0.013483836067581634
2018-05-22,XLP,0.00668931670578532,-0.008980243084775297
2018-05-23,XLP,0.003220750485803503,-0.007171408015776537
2018-05-24,XLP,-0.0010026159605140972,-0.013861235699236252
2018-05-25,XLP,0.006862796123793924,-0.01753014923198637
2018-05-29,XLP,0.00040196734082420527,-0.01347849120856659
2018-05-30,XLP,0.016311297406507608,0.009198327452070831
2018-05-31,XLP,-0.003611652108272856,0.012849078491300014
2018-06-01,XLP,-0.0028116159867916934,0.013883304732505986
2018-06-04,XLP,0.003809120505548824,0.007647177474079614
2018-06-05,XLP,0.001406320398013694,0.009315586821454502
2018-06-06,XLP,-0.01129377022950151,0.014640287002885888
2018-06-07,XLP,0.011075290323051323,0.019492451138716005
2018-06-08,XLP,0.023560400361927414,0.02603939335021832
2018-06-11,XLP,0.023567460218875347,0.034517644118381874
2018-06-12,XLP,0.030296988555913895,0.03695479229958276
2018-06-13,XLP,0.0258515316040846,0.037705204388488456
2018-06-14,XLP,0.02131051656099836,0.03220616179942226
2018-06-15,XLP,0.021819052614346468,0.0419071864628584
2018-06-18,XLP,-0.00130237950920431,0.033170309536771914
2018-06-19,XLP,0.002051813131028535,0.034278445152772896
2018-06-20,XLP,0.0061680676947524216,0.037167895804246065
2018-06-21,XLP,0.006367287366431995,0.03544360954453829
2018-06-22,XLP,0.0017461964482932135,0.04477406824726726
2018-06-25,XLP,0.021657656687917637,0.04835173318996033
2018-06-26,XLP,0.011946764130531529,0.04621418184969528
2018-06-27,XLP,0.008804342867569925,0.029506884593491156
2018-06-28,XLP,0.006834750097754139,0.04629947757014263
2018-06-29,XLP,-0.0019368870684460804,0.045690539102007266
2018-07-02,XLP,-0.012719218656907727,0.031089972309578773
2018-07-03,XLP,-0.006193330204861791,0.03827448536897915
2018-07-05,XLP,0.009697490470273795,0.0513643855943009
2018-07-06,XLP,0.012800808497219096,0.04808510993743442
2018-07-09,XLP,0.009509210702747017,0.031335552249704746
2018-07-10,XLP,0.02752283330120764,0.035074414645273944
2018-07-11,XLP,0.02181114439594478,0.029722936081756135
2018-07-12,XLP,0.0065309305313281385,0.031563282559041506
2018-07-13,XLP,0.009957652580535381,0.036434620198883216
2018-07-16,XLP,0.009034891505661946,0.018432328510295415
2018-07-17,XLP,0.005699082786737808,0.042330899830521185
2018-07-18,XLP,0.0007620811494293278,0.028397588843771304
2018-07-19,XLP,0.0026716142810288,0.02797858028456046
2018-07-20,XLP,0.002275346316873872,0.03222042383060364
2018-07-23,XLP,0.0007620611402248123,0.01743180041553538
2018-07-24,XLP,-0.005855727851275971,0.014260781942801781
2018-07-25,XLP,0.009902933187692087,0.026320532136715924
2018-07-26,XLP,0.014655401871150886,0.033940849747601476
2018-07-27,XLP,0.009837539901958348,0.035298924015533695
2018-07-30,XLP,0.015038931586014881,0.03473705647935721
2018-07-31,XLP,0.017860801434306017,0.045676480167319955
2018-08-01,XLP,0.0016973115288136942,0.03446932794292179
2018-08-02,XLP,0.006565514265497674,0.03073367317331166
2018-08-03,XLP,0.017047165075549486,0.03963960814576728
2018-08-06,XLP,0.019129799712568785,0.04459806601555649
2018-08-07,XLP,0.008213407519291449,0.026025907224998424
2018-08-08,XLP,0.009036188289253122,0.021536115841382264
2018-08-09,XLP,-0.004099860394280341,0.019847257418849296
2018-08-10,XLP,-0.019340473628963073,0.009480430308932863
2018-08-13,XLP,-0.020242866354575617,0.014288421130591367
2018-08-14,XLP,-0.0074061451916184184,0.012655801140557754
2018-08-15,XLP,0.004290975275716757,0.02513826351152848
2018-08-16,XLP,0.021706551718706057,0.039208261026071556
2018-08-17,XLP,0.033433468663190746,0.04086253989524824
2018-08-20,XLP,0.032870107498761625,0.04683044176782758
2018-08-21,XLP,0.018466846147372262,0.037431275232629124
2018-08-22,XLP,0.007988008630328114,0.023194450526160315
2018-08-23,XLP,-0.008608055435253337,0.015381869358260136
2018-08-24,XLP,-0.017448028835272966,0.012738683080538937
2018-08-27,XLP,-0.01636659409424157,0.014441279836428622
2018-08-28,XLP,-0.012637505413598982,0.006346575516250175
2018-08-29,XLP,-0.005344672545980811,0.016001340448799306
2018-08-30,XLP,-0.006096393205435757,0.002609058154948274
2018-08-31,XLP,-0.005179768380571104,-0.009394091180326636
2018-09-04,XLP,-0.007025605912934885,-0.011593797505888404
2018-09-05,XLP,0.007791053679676363,0.005925003717082822
2018-09-06,XLP,0.009449878445856097,0.016417886216450794
2018-09-07,XLP,0.010594467592423662,0.017402375031881245
2018-09-10,XLP,0.014503749732557747,0.0247933987076272
2018-09-11,XLP,0.012102430171852863,0.021037035799994275
2018-09-12,XLP,0.012147900519076105,0.025741672346379918
2018-09-13,XLP,0.007892616661980378,0.02006301777180597
2018-09-14,XLP,0.007173050540153492,0.0029300996102208376
2018-09-17,XLP,0.007331139608385273,-0.001090700576346193
2018-09-18,XLP,0.006806269740840198,-0.004728201718947389
2018-09-19,XLP,-0.006546482831812472,0.0005496751840623482
2018-09-20,XLP,0.007466831666070428,0.019535597462831955
2018-09-21,XLP,0.011845153930950536,0.023621350350614412
2018-09-24,XLP,-0.0072289086127513835,0.009298545511170708
2018-09-25,XLP,-0.008945267430823911,0.0027809343978046908
2018-09-26,XLP,-0.006025271860093162,0.007250221508715571
2018-09-27,XLP,-0.019697294430370382,0.004823959648037501
2018-09-28,XLP,-0.019810803721856507,0.009496878604952519
2018-10-01,XLP,-0.005352726982753908,0.00912306972160759
2018-10-02,XLP,0.00631277318824397,0.01625104232614616
2018-10-03,XLP,-0.005563787946537002,-0.006097453227135952
2018-10-04,XLP,-0.006685016975474634,-0.011236995781200187
2018-10-05,XLP,-0.009086042188884313,-0.010162256518669754
2018-10-08,XLP,0.005381532858896199,4.923485737751143e-05
2018-10-09,XLP,-0.0025832288541135506,0.0015051867215405412
2018-10-10,XLP,-0.003916581945624831,-0.021872351368075527
2018-10-11,XLP,-0.026173069593889653,-0.04465612171416211
2018-10-12,XLP,-0.019835432642898,-0.036705873858735916
2018-10-15,XLP,-0.02731654634479519,-0.03434798614040402
2018-10-16,XLP,-0.01424325260633752,-0.01943350470529759
2018-10-17,XLP,0.002434067269871276,-0.013030342957435437
2018-10-18,XLP,0.02649254219119701,-0.02661473761205746
2018-10-19,XLP,0.044100866994679855,-0.0059978758927655695
2018-10-22,XLP,0.02998122608928422,0.0018456961925472637
2018-10-23,XLP,0.023081192365535852,0.012254022135729903
2018-10-24,XLP,0.02259984976529772,0.015393042138364565
2018-10-25,XLP,0.026370020802882754,0.019127506565236763
2018-10-26,XLP,-0.015725018053858508,-0.0018545129093151536
2018-10-29,XLP,0.0031319202893409503,0.010391748229139797
2018-10-30,XLP,0.018525157392516922,0.02453850799341839
2018-10-31,XLP,0.004748901765538216,0.025923062317084966
2018-11-01,XLP,0.009475474811291962,0.035707948802569556
2018-11-02,XLP,0.023778588783800014,0.031249958807631373
2018-11-05,XLP,0.024793602265329673,0.029900555685089314
2018-11-06,XLP,0.010985085471971967,0.038475771650678725
2018-11-07,XLP,0.026359224337002773,0.05710584011722353
2018-11-08,XLP,0.0196746586243286,0.08446903259221794
2018-11-09,XLP,0.03102884540412587,0.08476524224846083
2018-11-12,XLP,0.012903048255203942,0.07248602650019298
2018-11-13,XLP,0.00445331253442216,0.058172243384809086
2018-11-14,XLP,-0.007970560155866169,0.0461337544957261
2018-11-15,XLP,-0.010090280980108002,0.045820004739185904
2018-11-16,XLP,-0.013375597029672726,0.025050254557257512
2018-11-19,XLP,-0.009731050698726817,0.03113492139572216
2018-11-20,XLP,-0.023940536866774553,0.009537697973471815
2018-11-21,XLP,-0.02517408077327754,-0.0027396355529899497
2018-11-23,XLP,-0.020207472102959256,-0.0016401440027095093
2018-11-26,XLP,-0.02140559808561937,0.019134346793274526
2018-11-27,XLP,-0.011077359020274291,0.01652898192987018
2018-11-28,XLP,0.013989818295498724,0.0050423786793913905
2018-11-29,XLP,0.023809566814561034,0.01617896763233273
2018-11-30,XLP,0.026829943116492228,0.015523229363372693
2018-12-03,XLP,0.026431037390289847,0.021774762902375677
2018-12-04,XLP,0.00018071904289151952,-0.007885406556901287
2018-12-06,XLP,-0.006987764092195703,-0.012824824049109007
2018-12-07,XLP,-0.021109151628345812,-0.030818578782092265
2018-12-10,XLP,-0.027372976705311247,-0.031332859644786826
2018-12-11,XLP,-0.020245232232547372,-0.029039100117833505
2018-12-12,XLP,-0.004696658514854568,-0.025123903328109543
2018-12-13,XLP,0.0003607273116756904,-0.01684701053298343
2018-12-14,XLP,-0.004020477685649393,-0.026959473004934842
2018-12-17,XLP,-0.02704688889502993,-0.04792559389466833
2018-12-18,XLP,-0.04640191230431323,-0.061541094496155746
2018-12-19,XLP,-0.05444653398977162,-0.06914432408585336
2018-12-20,XLP,-0.07701999463805376,-0.0703122240350409
2018-12-21,XLP,-0.07084051865832108,-0.07254227287642201
2018-12-24,XLP,-0.07633476214271129,-0.10246505486156599
2018-12-26,XLP,-0.0391871849837474,-0.07859339782621166
2018-12-27,XLP,-0.020484410177468493,-0.07799901766897721
2018-12-28,XLP,-0.002682320618948242,-0.08559825893232043
2018-12-31,XLP,0.011956826260726361,-0.08327953903466645
2019-01-02,XLP,0.03591190294609903,-0.09452666509015384
2019-01-03,XLP,0.0019964159460947872,-0.10052786853117113
2019-01-04,XLP,0.013644509698456764,-0.0655876324323077
2019-01-07,XLP,0.012260218727727645,-0.0678740171091684
2019-01-08,XLP,0.0173296318633116,-0.047282043113609284
2019-01-09,XLP,0.013866852514313077,-0.05613418287419136
2019-01-10,XLP,0.025702072769936857,-0.05834555748204295
2019-01-11,XLP,0.0072180201029321545,-0.054401873687198066
2019-01-14,XLP,0.0037118530756716783,-0.06475147209987964
2019-01-15,XLP,0.004452506462611083,-0.03917709319686402
2019-01-16,XLP,0.008401787340390543,-0.021745276174489736
2019-01-17,XLP,0.006798926316897047,-0.005811049831760728
2019-01-18,XLP,0.015882424040198684,0.015930406114261775
2019-01-22,XLP,0.01148293039115944,0.02492785991985058
2019-01-23,XLP,0.013489957617493165,0.0480271542703421
2019-01-24,XLP,0.00639398688237236,0.06587281987695803
2019-01-25,XLP,-0.0019296631843482848,0.0327407012530625
2019-01-28,XLP,-0.009533199040930751,0.027288743330111
2019-01-29,XLP,0.0019241962144669333,0.02966190558791415
2019-01-30,XLP,-0.0032326308475736365,0.032296282068071225
2019-01-31,XLP,0.027917008471748606,0.057646694958652045
2019-02-01,XLP,0.028803540201631783,0.06037034928538709
2019-02-04,XLP,0.030991590435957228,0.0448693256750734
2019-02-05,XLP,0.028807422540292782,0.046493571097018016
2019-02-06,XLP,0.022129117367157614,0.0371663761715777
2019-02-07,XLP,0.002809484557684261,0.04611185816497643
2019-02-08,XLP,0.010710548583123591,0.044872118210000256
2019-02-11,XLP,0.00690814698942277,0.04454786904433883
2019-02-12,XLP,0.01456035271542988,0.0578044718244195
2019-02-13,XLP,0.016237103575176492,0.049334784138347576
2019-02-14,XLP,0.0056034007709240274,0.043208823471067914
2019-02-15,XLP,0.010410784644427906,0.04862056287229999
2019-02-19,XLP,0.012980022457574458,0.04156356956587781
2019-02-20,XLP,0.0033118661389599513,0.04925920818640761
2019-02-21,XLP,0.004407683880190749,0.03993129110915028
2019-02-22,XLP,0.010958264503669213,0.047940066651543045
2019-02-25,XLP,-0.00404796006855257,0.04639497857316921
2019-02-26,XLP,-0.008603429752896852,0.04254130432445802
2019-02-27,XLP,-0.008252334719475285,0.03860189615604015
2019-02-28,XLP,-0.006399441265674821,0.03662734542562096
2019-03-01,XLP,-0.003490730101987749,0.01592052870920524
2019-03-04,XLP,0.0003695858446299827,0.01747483405819783
2019-03-05,XLP,-0.0009232377436430017,0.010268949335042299
2019-03-06,XLP,-0.0009245175797740757,0.008586901407214853
2019-03-07,XLP,-0.012145771524153193,0.0018662898187933319
2019-03-08,XLP,-0.00977137298553532,0.0031751851083114957
2019-03-11,XLP,0.0048016377801829435,0.01152637725509531
2019-03-12,XLP,0.0059137517454095345,0.00927123505355909
2019-03-13,XLP,0.013140659812382882,0.007175567264104066
2019-03-14,XLP,0.018814951503830724,0.004407683880190749
2019-03-15,XLP,0.024012087661015258,0.021539420814367105
2019-03-18,XLP,0.012315996657917383,0.013433692809517339
2019-03-19,XLP,0.011205406925391737,0.007503116857539682
2019-03-20,XLP,0.0012540996058749698,0.005109876380537948
2019-03-21,XLP,0.013935938876860954,0.013935938876860954
2019-03-22,XLP,0.006947136124422437,0.017486310112156733
2019-03-25,XLP,0.007484384017689694,0.025168460735566
2019-03-26,XLP,0.016806637429644722,0.033326004140263654
2019-03-27,XLP,0.017611393936697528,0.03132207734900949
2019-03-28,XLP,0.01069817150055119,0.03138347742772418
2019-03-29,XLP,0.01869979280617806,0.040143955108875806
2019-04-01,XLP,0.013227338187293158,0.03834495306816521
2019-04-02,XLP,-0.0035931400062363394,0.030564575248433812
2019-04-03,XLP,-0.005047810649070783,0.02706569907872658
2019-04-04,XLP,-0.006099621083012541,0.03769604813631555
2019-04-05,XLP,-0.009267554305162684,0.040673170221996235
2019-04-08,XLP,-0.0017883821208467543,0.03153493838708843
2019-04-09,XLP,0.0052289744887732414,0.029863016907670792
2019-04-10,XLP,0.013046117649781808,0.02696985748814007
2019-04-11,XLP,0.01119099180172145,0.029930798085409105
2019-04-12,XLP,0.010973327725198656,0.02742226449376073
2019-04-15,XLP,0.0127193662852636,0.03194596603563449
2019-04-16,XLP,0.014170371378260604,0.03288268750628842
2019-04-17,XLP,0.016276046193677063,0.04237762096450659
2019-04-18,XLP,0.015173209652222575,0.03118758683138001
2019-04-22,XLP,0.012277518614541405,0.03286103426840281
2019-04-23,XLP,0.0031842375289079516,0.027541412582642533
2019-04-24,XLP,0.005129257098803963,0.02102068392059042
2019-04-25,XLP,-0.006159704817678913,0.018027990530985027
2019-04-26,XLP,0.0019343752868725694,0.02224612624117417
2019-04-29,XLP,0.00281263985201452,0.01675302939032597
2019-04-30,XLP,0.017633386435454756,0.03200970599537567
2019-05-01,XLP,0.002991110875841363,0.027767582811637492
2019-05-02,XLP,0.009031194716285551,0.03243352849971792
2019-05-03,XLP,0.007546710352803965,0.03628164704746184
2019-05-06,XLP,0.004732616919659094,0.031120900924842765
2019-05-07,XLP,-0.016634689166508454,0.016660723179624304
2019-05-08,XLP,-0.004561222198061654,0.017757876526364624
2019-05-09,XLP,-0.006317936211774122,0.012698890455079326
2019-05-10,XLP,-0.0017419670232292628,0.02302778305838782
2019-05-13,XLP,-0.009595297378158452,0.010142366016230309
2019-05-14,XLP,0.005110031893456046,0.009021774361979595
2019-05-15,XLP,0.013218046293995034,0.016802182707181368
2019-05-16,XLP,0.023313356232968152,0.01971143010439036
2019-05-17,XLP,0.007677609838194321,0.015474188472233363
2019-05-20,XLP,0.014796490876794799,0.012656025120706405
2019-05-21,XLP,0.007889214430438551,0.013754129560471062
2019-05-22,XLP,0.004522667719452089,0.016188548788383494
2019-05-23,XLP,-0.0036246846962851853,0.02231244055431958
2019-05-24,XLP,-0.003982743794393784,0.009477107380547967
2019-05-28,XLP,-0.01787873770473758,-0.008238454384442595
2019-05-29,XLP,-0.022960635425999354,-0.026685146357612544
2019-05-30,XLP,-0.023203553823060608,-0.010350787420819074
2019-05-31,XLP,-0.036722396792240874,-0.024043376831840435
2019-06-03,XLP,-0.02103614267435483,-0.019160508620834182
2019-06-04,XLP,0.004241706688375091,-0.008723026977725534
2019-06-05,XLP,0.02314409775121895,0.012687082599786015
2019-06-06,XLP,0.029427483734401072,0.02344023701256881
2019-06-07,XLP,0.05430667254354571,0.035499801613154025
2019-06-10,XLP,0.04155566006673639,0.023381620898733413
2019-06-11,XLP,0.03555070597293919,0.036462737414809876
2019-06-12,XLP,0.02540441668252491,0.033134457188698674
2019-06-13,XLP,0.017048337802008096,0.027309171703503887
2019-06-14,XLP,0.00784577351677651,0.019848018377359944
2019-06-17,XLP,0.004603509279183848,0.02025961244863894
2019-06-18,XLP,-0.004078708197744141,0.01718454648891976
2019-06-19,XLP,-0.0015271601246042987,0.023482224705878574
2019-06-20,XLP,0.005079353486390659,0.02787848528149528
2019-06-21,XLP,0.0013124094516978602,0.024901421052061945
2019-06-24,XLP,0.006766360114577319,0.03127034195157541
2019-06-25,XLP,0.011748384964322955,0.0478694043500254
2019-06-26,XLP,-0.006763054143368641,0.040449746309503265
2019-06-27,XLP,-0.013596614233632454,0.03798782438896309
2019-06-28,XLP,-0.011069520427424262,0.052195390467338454
2019-07-01,XLP,-0.00764373789768813,0.045378309013113904
2019-07-02,XLP,0.0015294018369840234,0.045039267690579976
2019-07-03,XLP,0.028620951429428,0.04601923650408235
2019-07-05,XLP,0.02219912930735135,0.03069936162281728
2019-07-08,XLP,0.024280846050721117,0.022229691630867077
2019-07-09,XLP,0.012153271087409268,0.01586800932333543
2019-07-10,XLP,0.009842375919429713,0.019095376910817752
2019-07-11,XLP,0.0,0.020104087212977184
2019-07-12,XLP,0.007239164702248058,0.02075852786282062
2019-07-15,XLP,0.008238110108967245,0.02262762762880377
2019-07-16,XLP,0.014544284547647335,0.02592024932630954
2019-07-17,XLP,0.006889570592396366,0.03031887649829379
2019-07-18,XLP,0.011062252646806714,0.032966241205398594
2019-07-19,XLP,0.0018386624732367185,0.017467282274727713
2019-07-22,XLP,-0.0063363513510615865,0.014816045508984521
2019-07-23,XLP,0.000500206460541941,0.019534881108073554
2019-07-24,XLP,-0.005006681682470093,0.013256273088468218
2019-07-25,XLP,-0.010278280138131146,0.02931040681669117
2019-07-26,XLP,0.007173638858081421,0.03889163388415118
2019-07-29,XLP,0.014935187612493461,0.041501434950202976
2019-07-30,XLP,0.010663159650849297,0.03834316733389431
2019-07-31,XLP,-0.003186658790992558,0.008484992278540826
2019-08-01,XLP,-0.008040333384856213,-0.007375451014780876
2019-08-02,XLP,-0.018883560544784017,-0.0028619360037055452
2019-08-05,XLP,-0.04613061842285637,-0.03009381313915238
2019-08-06,XLP,-0.04038942406820534,-0.015559092399482277
2019-08-07,XLP,-0.009086545855878758,-0.010418486111373748
2019-08-08,XLP,0.007261090484447896,-0.0001679143475149525
2019-08-09,XLP,0.0015196418124527877,-0.008524100642625987
2019-08-12,XLP,0.02132068245929286,-0.017508623454878136
2019-08-13,XLP,0.02370758478112056,-0.00666768397517814
2019-08-14,XLP,-0.004075228361449135,-0.021194804255027844
2019-08-15,XLP,-0.0020117684527355406,-0.013096718434107868
2019-08-16,XLP,0.015003476647613478,0.00450454005805323
2019-08-19,XLP,0.03207749195000953,0.02047331322417212
2019-08-20,XLP,0.009397524481206787,0.0021658909294612894
2019-08-21,XLP,0.028303359270626327,0.011573296349406181
2019-08-22,XLP,0.018477896382982806,0.015577568897826355
2019-08-23,XLP,-0.009799209765018246,-0.012423329022150154
2019-08-26,XLP,-0.007400257448863301,-0.0019840080927845394
2019-08-27,XLP,0.0006649641913576421,-0.007748243532321286
2019-08-28,XLP,0.007627334537928521,0.022547413996316434
2019-08-29,XLP,0.0028041036550165988,0.026680204796925233
2019-08-30,XLP,0.018450309871616,0.025156368940121965
2019-09-03,XLP,0.011762887617007278,0.058588902592144665
2019-09-04,XLP,0.02375819873856755,0.05858136245544188
2019-09-05,XLP,0.007733916917552985,0.03990485388096299
2019-09-06,XLP,0.010526364298010016,0.030008430238467554
2019-09-09,XLP,0.009552072882420548,0.033378372309469606
2019-09-10,XLP,-0.0024565765016897334,0.03394400613362292
2019-09-11,XLP,-0.007789880959169437,0.02601089927539335
2019-09-12,XLP,0.0024496077214994916,0.046717827015743785
2019-09-13,XLP,-0.006510324872567419,0.025365538779570818
2019-09-16,XLP,-0.01386622156327233,0.003986037768148432
2019-09-17,XLP,-0.0022977322683115364,-0.0004933857456235202
2019-09-18,XLP,-0.004252430475421232,0.012136283754301758
2019-09-19,XLP,-0.008470523942892272,0.00928541100624325
2019-09-20,XLP,-0.005949339189313507,0.000773109574740527
2019-09-23,XLP,0.007746514885123901,0.021776028187250107
2019-09-24,XLP,0.006412495441183719,0.013415481326193301
2019-09-25,XLP,0.005420475598542085,0.01694631090150822
2019-09-26,XLP,0.011204408024481971,0.01286837065841584
2019-09-27,XLP,0.013262685610188285,0.011210509608177155
2019-09-30,XLP,0.014200796262784143,0.017512637921791363
2019-10-01,XLP,0.0074001370832386115,0.009045604761044101
2019-10-02,XLP,-0.013475767353930967,-0.0200399076261224
2019-10-03,XLP,-0.012093567206077238,-0.007060135469457274
2019-10-04,XLP,0.00458112890162643,0.005261249175873894
2019-10-07,XLP,-0.008466106135373241,-0.0006476188449515696
2019-10-08,XLP,-0.015344506006891634,-0.003990929103404928
2019-10-09,XLP,0.012493766466189493,-6.686211439288492e-06
2019-10-10,XLP,0.007444433768605485,-0.002112692864497112
2019-10-11,XLP,-0.009120698831911245,0.0026199456446120983
2019-10-14,XLP,-0.0059114489805558446,0.007413783264898832
2019-10-15,XLP,-0.0006630510111735877,-0.0023590220577933696
2019-10-16,XLP,-0.007239337243265642,-0.003006328779666112
2019-10-17,XLP,-0.004597901953712791,0.0017847609396028918
2019-10-18,XLP,-0.0016432723327427512,0.0069631332585675665
2019-10-21,XLP,0.006607092538365222,0.00627473712568638
2019-10-22,XLP,0.011280709464900118,0.00246676242069066
2019-10-23,XLP,0.014915783957425655,0.006409395854802602
2019-10-24,XLP,0.013691857099588534,0.004249038742666578
2019-10-25,XLP,0.005762235503805391,-0.0004906858223399091
2019-10-28,XLP,0.0004924348829422609,-0.007326492329816969
2019-10-29,XLP,0.0001641909807768016,-0.004733748275474237
2019-10-30,XLP,0.00016314198945233116,0.020323221849300355
2019-10-31,XLP,-0.004719408739347508,0.011745185448388318
2019-11-01,XLP,0.0009822271524180248,-0.004071417846519099
2019-11-04,XLP,-0.006724733699661756,-0.005583118457663794
2019-11-05,XLP,-0.003444523755440798,0.007294469515663815
2019-11-06,XLP,-0.003918571133140425,0.0037839702192647984
2019-11-07,XLP,-0.005886320445724458,-0.0016424773771347434
2019-11-08,XLP,-0.006378024958333062,-0.001314767970997388
2019-11-11,XLP,0.0018162204744476274,0.0021471033149882413
2019-11-12,XLP,0.001810542902847656,0.009787760163970649
2019-11-13,XLP,0.005245240810088481,0.0164071731674047
2019-11-14,XLP,0.00838834288227397,0.011382324607989158
2019-11-15,XLP,0.00938127559556201,0.00971340753047878
2019-11-18,XLP,0.016152954869853797,0.011650670650304118
2019-11-19,XLP,0.011500009226892871,0.010006736174681174
2019-11-20,XLP,0.0061958830907240525,0.007674458660132943
2019-11-21,XLP,0.0014679424384840267,-0.0008137398460856815
2019-11-22,XLP,-0.000489080090159244,0.0034375334251355305
2019-11-25,XLP,-0.00454167177724174,0.006560419888441915
2019-11-26,XLP,0.00487255170981693,0.014761431549255244
2019-11-27,XLP,0.005023472097531512,0.012571290291846893
2019-11-29,XLP,0.00977208701606136,0.01373462327384889
2019-12-02,XLP,0.013702880101698511,0.016189388825500695
2019-12-03,XLP,0.010917331921041828,0.024438449857936195
2019-12-04,XLP,0.009374076771707207,0.02781421358845071
2019-12-05,XLP,0.006610885358139029,0.023275059116826924
2019-12-06,XLP,0.010806396697498055,0.03075680662433733
2019-12-09,XLP,0.009333863483336868,0.032258129970407
2019-12-10,XLP,0.007737052955778312,0.030492981941845354
2019-12-11,XLP,0.002562475980900647,0.028585664349041195
2019-12-12,XLP,0.002082321703124057,0.020055410711874
2019-12-13,XLP,0.0017551441008352153,0.023976467638944454
2019-12-16,XLP,0.0044642632884452915,0.027229677341155334
2019-12-17,XLP,0.006078170463533095,0.02027602141879048
2019-12-18,XLP,0.003034424273293812,0.01997708378139862
2019-12-19,XLP,0.009271053052801959,0.023172938632024742
2019-12-20,XLP,0.01333045988882886,0.036105601484739624
2019-12-23,XLP,0.005470872110590941,0.03335491284803482
2019-12-24,XLP,0.00835176565140272,0.033490904120706766
2019-12-26,XLP,0.010920530966128883,0.02611597197585369
2019-12-27,XLP,0.009947837421459438,0.02818623183289426
2019-12-30,XLP,-0.0028527507601653346,0.02315152471238724
2019-12-31,XLP,0.0023874484224277737,0.02182011587123478
2020-01-02,XLP,-0.006835385880912703,0.015341771850042596
2020-01-03,XLP,-0.0093693930331884,0.007061615241665153
2020-01-06,XLP,-0.011699582214039994,0.009483304087940514
2020-01-07,XLP,-0.014144689817225498,-0.00210429311205218
2020-01-08,XLP,-0.011432386110673876,0.0007969714647522164
2020-01-09,XLP,0.0035212786292813103,0.01109418388864869
2020-01-10,XLP,0.004488573638868898,0.008996356532125827
2020-01-13,XLP,0.008958551132500103,0.01641031861927722
2020-01-14,XLP,0.017088157215894517,0.013169646883442576
2020-01-15,XLP,0.02055912198829457,0.016833067950881464
2020-01-16,XLP,0.016108308021251405,0.021174328797805897
2020-01-17,XLP,0.018512590190528755,0.024566523057172773
2020-01-21,XLP,0.015379796348321761,0.022562273240963826
2020-01-22,XLP,0.015850444897313354,0.01568923197661931
2020-01-23,XLP,0.00771149498664081,0.019099010701060015
2020-01-24,XLP,-0.0018835772128389383,0.010808829638238926
2020-01-27,XLP,-0.006737922321254475,0.00666970571789971
2020-01-28,XLP,-0.008900745800091814,0.0034782677188471833
2020-01-29,XLP,-0.014666853040743,0.0036554461129960636
2020-01-30,XLP,-0.002030273662895099,0.014607637416418129
2020-01-31,XLP,-0.006447700218406127,0.011203402788766859
2020-02-03,XLP,-0.0033128291877063676,0.012824330157236608
2020-02-04,XLP,0.0014180247269488522,0.016797328657067956
2020-02-05,XLP,0.014568529975712119,0.032887098185021335
2020-02-06,XLP,0.004382087775005594,0.030838682982441634
2020-02-07,XLP,0.017094262172570263,0.024880289803775657
2020-02-10,XLP,0.021367576816544,0.029843403878723196
2020-02-11,XLP,0.011485255668271188,0.019343663607491957
2020-02-12,XLP,0.002965573349482664,0.018545141133252674
2020-02-13,XLP,0.007167502691835859,0.017312176873056417
2020-02-14,XLP,0.008247858497948624,0.016951981648202663
2020-02-18,XLP,0.000464980771553547,0.011595017265815022
2020-02-19,XLP,0.0031107622850523597,0.007026733355427028
2020-02-20,XLP,0.004357184999544295,0.007021393633356077
2020-02-21,XLP,0.000154566284623181,0.009683251702935047
2020-02-24,XLP,-0.025158276869459373,-0.006761937287198205
2020-02-25,XLP,-0.03934329349148469,-0.0216121611346628
2020-02-26,XLP,-0.04372792605135023,-0.02836013774934243
2020-02-27,XLP,-0.08335921617447162,-0.06318296259719336
2020-02-28,XLP,-0.10301630891666202,-0.09248809253799051
2020-03-02,XLP,-0.032773997761988416,-0.033079908446176476
2020-03-03,XLP,-0.028377854760427867,-0.0462169889275329
2020-03-04,XLP,0.025134056846786157,-0.005349325468093635
2020-03-05,XLP,0.04851284221563357,-0.03183997383916415
2020-03-06,XLP,0.06121742243615702,-0.04113438601795005
2020-03-09,XLP,-0.03650345245622011,-0.08403359982306535
2020-03-10,XLP,0.004812587767043963,-0.06167652344018959
2020-03-11,XLP,-0.089212138614155,-0.10437077000753725
2020-03-12,XLP,-0.1589556099853986,-0.18814206561481794
2020-03-13,XLP,-0.08011053505200205,-0.1242267306624335
2020-03-16,XLP,-0.103465867487186,-0.1855225527412474
2020-03-17,XLP,-0.05499605808601005,-0.11369273169798844
2020-03-18,XLP,-0.03178187325336557,-0.13552472176904817
2020-03-19,XLP,0.032969365497932834,-0.16501381392845393
2020-03-20,XLP,-0.10969792801238731,-0.22041774085075383
2020-03-23,XLP,-0.07317587295004513,-0.22564111573588885
2020-03-24,XLP,-0.10166520367044518,-0.17119127575836668
2020-03-25,XLP,-0.08050393344102402,-0.16877043717422158
2020-03-26,XLP,0.0033007960150084337,-0.08607349800554764
2020-03-27,XLP,0.06778696285941432,-0.07197000227430639
2020-03-30,XLP,0.1433270647100462,-0.08465501534359088
2020-03-31,XLP,0.06574046719214821,-0.09090689079712844
2020-04-01,XLP,0.050617778612212394,-0.14810697100531345
2020-04-02,XLP,0.021577544496863776,-0.1095514006436078
2020-04-03,XLP,0.034385962372775136,-0.09543399682919718
2020-04-06,XLP,0.03255405778637033,-0.019048713157498676
2020-04-07,XLP,0.04185792796080423,-0.05739052773776021
2020-04-08,XLP,0.07544381658972799,0.005901735486686821
2020-04-09,XLP,0.05844855537418647,0.12062341157448109
2020-04-13,XLP,0.04245701832927273,0.02509183383328506
2020-04-14,XLP,0.04772678443219602,0.14638015461550657
2020-04-15,XLP,0.04317197801787964,0.040528768257440895
2020-04-16,XLP,0.03472816401726253,0.07500038182437962
2020-04-17,XLP,0.04077067807656776,0.12908671533607396
2020-04-20,XLP,0.02790303846908504,0.18352528187954253
2020-04-21,XLP,-0.03491271652416461,0.19370749741914728
2020-04-22,XLP,-0.009966281568905888,0.14674236129057383
2020-04-23,XLP,-0.02517190970614236,0.13969010569096718
2020-04-24,XLP,-0.029586883184183677,0.09207583900713012
2020-04-27,XLP,-0.007249920674095911,0.1003550879884858
2020-04-28,XLP,0.01998284635666603,0.06492814568651384
2020-04-29,XLP,0.005971612558212103,0.08243075860260385
2020-04-30,XLP,0.0029264836302971275,0.08795549951451842
2020-05-01,XLP,-0.018565765398691814,0.04916226962527448
2020-05-04,XLP,-0.021908980030160174,0.040469872455403344
2020-05-05,XLP,-0.02651605785332778,0.00400598065378821
2020-05-06,XLP,-0.03307326335503258,0.004581539354689745
2020-05-07,XLP,-0.024202164457660436,-0.012849760056175885
2020-05-08,XLP,0.008677717277044916,-0.00017190461873395346
2020-05-11,XLP,0.007813637504584303,0.0058925293186502525
2020-05-12,XLP,-0.0015610755068807824,-0.043225136167642675
2020-05-13,XLP,0.00035064260253125923,-0.03665569089617571
2020-05-14,XLP,0.0007038135525418987,-0.045309633956565176
2020-05-15,XLP,-0.012560337737916538,-0.0514049467189277
2020-05-18,XLP,0.004479865279717332,-0.01702908297584471
2020-05-19,XLP,-0.0055604557539213895,-0.014125690156421511
2020-05-20,XLP,0.01543068399982217,-0.01194337878633045
2020-05-21,XLP,0.006679665988203798,-0.01411603914588544
2020-05-22,XLP,0.0013939111881460242,-0.021120702020401172
2020-05-26,XLP,-0.008919384968660737,-0.01868210208180321
2020-05-27,XLP,0.024812274776157217,-0.009457759291690238
2020-05-28,XLP,0.021757898538259823,0.003561774830572517
2020-05-29,XLP,0.03422363666773065,0.01664928782834596
2020-06-01,XLP,0.03775881714130214,0.03505725251991598
2020-06-02,XLP,0.03496024854954194,0.03837474713431921
2020-06-03,XLP,0.020971769055929457,0.03886219385446732
2020-06-04,XLP,0.007098191123809716,0.04525525027856303
2020-06-05,XLP,0.020091183596228523,0.06279696218703279
2020-06-08,XLP,0.023977414047357204,0.0507570759939755
2020-06-09,XLP,0.01287611371862174,0.04359073872542418
2020-06-10,XLP,0.008684037197770333,0.049522095025731794
2020-06-11,XLP,-0.024836524056476628,0.0189374602269905
2020-06-12,XLP,-0.038066649991100765,0.02162081164306051
2020-06-15,XLP,-0.03733451474495797,0.024394308944046372
2020-06-16,XLP,-0.014198358887702822,0.024185250939435576
2020-06-17,XLP,-0.01291394819285474,0.04176128861480399
2020-06-18,XLP,0.0313200419284807,0.03488169183981804
2020-06-19,XLP,0.025808567141341276,0.04103362406211786
2020-06-22,XLP,0.011221169588869317,0.034447283568466824
2020-06-23,XLP,-0.005878645852502418,0.027327558545386932
2020-06-24,XLP,-0.021112620938290028,-0.004923142979687767
2020-06-25,XLP,-0.01928151939566103,-0.006684849827574002
2020-06-26,XLP,-0.03429741547632448,-0.027938614348434143
2020-06-29,XLP,-0.013222568053358752,-0.01637141780614526
2020-06-30,XLP,-0.0044143073142642875,-0.011756615364734602
2020-07-01,XLP,0.013469009564745393,-0.012235609944734605
2020-07-02,XLP,0.01148839717091521,-0.0023547276831759056
2020-07-06,XLP,0.03763351458570585,-0.01122224345590872
2020-07-07,XLP,0.02765856852324511,-0.012835315634084243
2020-07-08,XLP,0.017564674781247458,-0.007182078172236928
2020-07-09,XLP,0.008690041212922273,-0.012229730450120102
2020-07-10,XLP,0.02203763867217101,0.04560009014344368
2020-07-13,XLP,0.015519510421505789,0.04385933103581552
2020-07-14,XLP,0.02106301312396197,0.04704839064754185
2020-07-15,XLP,0.024467882912898142,0.031759364231985554
2020-07-16,XLP,0.03479711876943026,0.03551440835881947
2020-07-17,XLP,0.021562379005026333,0.035707318920579434
2020-07-20,XLP,0.012790678254518406,0.03061237130066119
2020-07-21,XLP,0.006876317799964671,0.04254960224200999
2020-07-22,XLP,0.014068353430511271,0.05246156845757177
2020-07-23,XLP,0.015507420762964186,0.07425285940790505
2020-07-24,XLP,0.008767616164057968,0.0653291681700141
2020-07-27,XLP,0.024110201984349322,0.09294586206465016
2020-07-28,XLP,0.019024372593289707,0.07661912395610493
2020-07-29,XLP,0.012421196161853665,0.07025885152865441
2020-07-30,XLP,0.00884106263991824,0.0693473465897887
2020-07-31,XLP,0.009174437294178883,0.06289203793939846
2020-08-03,XLP,0.001441376943293271,0.05482445742657571
2020-08-04,XLP,0.01021232497934399,0.058341692116509636
2020-08-05,XLP,0.006692249100644254,0.058823401664247044
2020-08-06,XLP,0.006533047149551718,0.06706064226632602
2020-08-07,XLP,0.012918741443438853,0.0534086266711018
2020-08-10,XLP,0.020949813789675753,0.06046493675288023
2020-08-11,XLP,0.0014215695027923747,0.03798314576779771
2020-08-12,XLP,0.01646101042029202,0.050548018794061234
2020-08-13,XLP,0.015830302887970937,0.04750246765497357
2020-08-14,XLP,0.010234574911905714,0.04172768892498424
2020-08-17,XLP,0.010651619248831068,0.05822518759060902
2020-08-18,XLP,0.021766620966989336,0.05333347574329639
2020-08-19,XLP,0.0007785390685501881,0.03678012228011518
2020-08-20,XLP,-0.00046773808422084784,0.031023988058010987
2020-08-21,XLP,0.0021818641733835076,0.03492675668732348
2020-08-24,XLP,0.005114854464580931,0.038597070271294553
2020-08-25,XLP,-0.0010805598217300538,0.03255163881195444
2020-08-26,XLP,0.00809109156037846,0.03234583505339317
2020-08-27,XLP,0.016370691026902584,0.038719181855762175
2020-08-28,XLP,0.02286171239801371,0.04896330647259095
2020-08-31,XLP,0.011256838628689758,0.048776707326964486
2020-09-01,XLP,0.014526100632188177,0.03696080707259952
2020-09-02,XLP,0.0316405152698882,0.057929859063344136
2020-09-03,XLP,0.007669889649415618,0.03989237742514917
2020-09-04,XLP,-0.0034969883477883323,0.031963425341525964
2020-09-08,XLP,-0.02165295984381732,0.005012757276883439
2020-09-09,XLP,-0.008529991099122003,0.0266560776482907
2020-09-10,XLP,-0.03815078365463043,0.0010900521090275728
2020-09-11,XLP,-0.015831900414413846,0.007480188329165305
2020-09-14,XLP,-0.007171378519981397,0.01418309216843916
2020-09-15,XLP,0.01278042540222546,0.0071296859011318325
2020-09-16,XLP,-0.006145407183941631,-0.0013895178454471635
2020-09-17,XLP,-0.00015555216989016074,0.00015567011534955988
2020-09-18,XLP,-0.01484930108962379,-0.0070157317698819055
2020-09-21,XLP,-0.028674750257691062,-0.017043033304673938
2020-09-22,XLP,-0.021601485916185492,-0.019640209476090686
2020-09-23,XLP,-0.03198845946434514,-0.032287857914780616
2020-09-24,XLP,-0.018615220151686263,-0.026340416706869596
2020-09-25,XLP,-0.004311949732484277,-0.027222470394719478
2020-09-28,XLP,0.014642777151854913,-0.02494132450191644
2020-09-29,XLP,0.0020568264371356726,-0.028559132622420047
2020-09-30,XLP,0.029718760870922623,-0.017796242790795835
2020-10-01,XLP,0.027906204484469344,-0.029864849325984766
2020-10-02,XLP,0.016814590928430073,-0.018394420642957154
2020-10-05,XLP,0.012235323235199047,-0.009547565812520142
2020-10-06,XLP,0.012316328923992925,0.005170366206066479
2020-10-07,XLP,0.01092073303835317,0.0014726954088040145
2020-10-08,XLP,0.011945437648392065,0.020662930263696477
2020-10-09,XLP,0.025585311513580677,0.022914951533454353
2020-10-12,XLP,0.030528132205900116,0.028061716754761212
2020-10-13,XLP,0.03650000187076463,0.028711713142807627
2020-10-14,XLP,0.020215945500187127,0.028036113355480285
2020-10-15,XLP,0.014103821905497416,0.035219209051958744
2020-10-16,XLP,0.006540804774197495,0.04512501454938378
2020-10-19,XLP,-0.017894753365669924,0.03947138834969022
2020-10-20,XLP,-0.018209229359054113,0.032278413218567836
2020-10-21,XLP,-0.012252224019742464,0.0489961555957934
2020-10-22,XLP,-0.013303179040030866,0.040822645248421274
2020-10-23,XLP,-0.011787916454198633,0.03727785817675966
2020-10-26,XLP,-0.011636667401449863,0.01254887795488746
2020-10-27,XLP,-0.013182140142641852,0.016579846206160598
2020-10-28,XLP,-0.04287921887832258,-0.02496093303350233
2020-10-29,XLP,-0.04274539948801348,-0.0307167510669889
2020-10-30,XLP,-0.047866553619959396,-0.028704986365542084
2020-11-02,XLP,-0.020139271100379608,-0.019835744885544737
2020-11-03,XLP,-0.001398016902467325,0.002807740419918714
2020-11-04,XLP,0.029120077213079743,-0.007407557201359438
2020-11-05,XLP,0.03697190070423306,-0.0067453683050496815
2020-11-06,XLP,0.04545435411651155,-0.009887729732414252
2020-11-09,XLP,0.026719219978985853,-0.023458508300744585
2020-11-10,XLP,0.030020330785507587,-0.0034613037749128273
2020-11-11,XLP,0.038401771175021526,0.010285866637496532
2020-11-12,XLP,0.028090411087196454,0.006953667421128351
2020-11-13,XLP,0.03748663860321222,0.020553013099311013
2020-11-16,XLP,0.049430156635103195,0.04348499726139643
2020-11-17,XLP,0.021896731555883564,0.0372471070150302
2020-11-18,XLP,-0.0007485402301633526,0.02205203754620344
2020-11-19,XLP,0.004654225123732925,0.02527973637762182
2020-11-20,XLP,-0.015252470297524967,0.016975075809610107
2020-11-23,XLP,-0.023917719727771236,0.030519022674494467
2020-11-24,XLP,-0.010344136529499948,0.0402301408221557
2020-11-25,XLP,0.0028468498856912827,0.07088017154039883
2020-11-27,XLP,0.0,0.07106274112368038
2020-11-30,XLP,0.006165465816603044,0.0746867519108525
2020-12-01,XLP,0.014732339909783843,0.06719347796941655
2020-12-02,XLP,-0.00044824852097224976,0.04121950166256427
2020-12-03,XLP,0.0026893734507165146,0.04337695087092919
2020-12-04,XLP,0.010609484813310477,0.04383365091631952
2020-12-07,XLP,0.0068749499599878305,0.035028612480491494
2020-12-08,XLP,0.0035555949817347443,0.04311672062216276
2020-12-09,XLP,0.007917675866141893,0.018876529730145197
2020-12-10,XLP,0.0008942298807543825,0.005689703837447491
2020-12-11,XLP,-0.004583372660013296,0.01065953061494107
2020-12-14,XLP,-0.00460145624868169,-0.0069597667386875894
2020-12-15,XLP,-0.0076763634720693474,-0.01364624316700358
2020-12-16,XLP,-0.0017787852893969003,-0.00472901444862861
2020-12-17,XLP,0.009081186619142256,0.015582764275065664
2020-12-18,XLP,0.009060951877339463,0.01509259851131084
2020-12-21,XLP,0.002056738833580596,0.010495205784386785
2020-12-22,XLP,-0.007379035754010332,0.003066480135424321
2020-12-23,XLP,-0.006000791848093434,-0.0003610264426829879
2020-12-24,XLP,-0.0073974347791239126,0.0052083796528277215
2020-12-28,XLP,-0.0017220124907699752,0.013344596377386164
2020-12-29,XLP,0.006152594253017618,0.010482278831777103
2020-12-30,XLP,0.012241204372178238,0.0006039839115743462
2020-12-31,XLP,0.01596614428424359,0.016054798702031192
2021-01-04,XLP,0.0,0.002512249824132562
2021-01-05,XLP,-0.007880854471153942,-0.005195785125720276
2021-01-06,XLP,-0.004176247828634905,-0.0006085120610862527
2021-01-07,XLP,-0.006121297233064982,-0.009044447077630302
2021-01-08,XLP,-0.008154122735766878,-0.00014675077393089264
2021-01-11,XLP,-0.005845399888696146,-0.004238275057960594
2021-01-12,XLP,-0.009142589951740776,-0.009752197439686139
2021-01-13,XLP,-0.008386864287074358,-0.004409104894674054
2021-01-14,XLP,-0.010665256384830624,-0.01202921930310552
2021-01-15,XLP,-0.018983671860040463,-0.01737976634875127
2021-01-19,XLP,-0.014925558494754076,-0.02792814089021267
2021-01-20,XLP,-0.0098322473618776,-0.02829314781058412
2021-01-21,XLP,-0.014650550440208465,-0.02100858917361559
2021-01-22,XLP,-0.011995357274551921,-0.016623914499838244
2021-01-25,XLP,0.0013714815470859953,-0.010091888303475294
2021-01-26,XLP,0.014845489879659501,-0.00614528249079771
2021-01-27,XLP,-0.0041245911731420115,-0.030631777128065196
2021-01-28,XLP,0.0030659113547431005,-0.02401194677823304
2021-01-29,XLP,-0.015060561104656478,-0.043147141519138454
2021-02-01,XLP,-0.0238893297906283,-0.0489251282733183
2021-02-02,XLP,-0.026089542771664975,-0.03207449765207504
2021-02-03,XLP,-0.007823372012201735,-0.03057561283637511
2021-02-04,XLP,-0.004431599696217314,-0.02426221232129211
2021-02-05,XLP,0.02605716433348859,-0.012167452704241244
2021-02-08,XLP,0.028994712933210653,-0.013303339718708118
2021-02-09,XLP,0.02121413802020422,-0.005728880158736627
2021-02-10,XLP,0.018552757298643474,-0.0034793376678016186
2021-02-11,XLP,0.006753766601699462,-0.009363977157383352
2021-02-12,XLP,-0.0010644426580921351,-0.0025812167603378455
2021-02-16,XLP,-0.006665909007642634,-0.0009142539104809444
2021-02-17,XLP,-0.002122685320167239,0.007193520943286513
2021-02-18,XLP,-0.0016695153898587112,0.004735766338084257
2021-02-19,XLP,-0.009909929271878504,-0.004597921721825937
2021-02-22,XLP,-0.010503812002459756,-0.0010754593923024691
2021-02-23,XLP,-0.007320522737658486,-0.009586417783592927
2021-02-24,XLP,-0.011548492866357285,-0.019001450290048072
2021-02-25,XLP,-0.021742406533840297,-0.01303879568116073
2021-02-26,XLP,-0.02525434889240885,-0.03270180361860009
2021-03-01,XLP,-0.01630797949181717,-0.0023405898055364194
2021-03-02,XLP,-0.019357533594736465,-0.004988217352810631
2021-03-03,XLP,-0.02336683748876278,-0.016258929235888675
2021-03-04,XLP,-0.016164224118748516,-0.021335803701615808
2021-03-05,XLP,0.022116890001023792,-0.006907185998198062
2021-03-08,XLP,0.016265417664840243,-0.011861334405144697
2021-03-09,XLP,0.017076543650200948,-0.016512784695216554
2021-03-10,XLP,0.035259123168714934,-0.002729319515005213
2021-03-11,XLP,0.03649283370591494,-0.004098296529951528
2021-03-12,XLP,0.022411226624560632,0.008537813116839432
2021-03-15,XLP,0.022468543347831327,0.011417297753302469
2021-03-16,XLP,0.024645673197006834,0.014488407218445909
2021-03-17,XLP,0.009882875527368329,0.009268942856423656
2021-03-18,XLP,0.008230591931071007,0.005777725386078014
2021-03-19,XLP,0.0034769010929487365,0.022174072099600428
2021-03-22,XLP,0.009644176517132674,0.03201164096637754
2021-03-23,XLP,0.012662143379924995,0.0349100877164783
2021-03-24,XLP,0.010251081323140454,0.03152763034707862
2021-03-25,XLP,0.024253800794098,0.053067888111792305
2021-03-26,XLP,0.03872890799657891,0.0892705768812283
2021-03-29,XLP,0.03821931736401196,0.08921735569462541
2021-03-30,XLP,0.022835743427051414,0.07943829194949625
2021-03-31,XLP,0.023524020002641644,0.08105412296450965
2021-04-01,XLP,0.00875497480908094,0.07974064065005182
2021-04-05,XLP,0.003936919336022582,0.06989617134339432
2021-04-06,XLP,-0.001876491952470083,0.06977314114482502
2021-04-07,XLP,0.006420527376670204,0.068128905181019
2021-04-08,XLP,0.01068648872101119,0.055394510615012216
2021-04-09,XLP,0.0138274239676337,0.05612951355339191
2021-04-12,XLP,0.006390749831264753,0.053131638308256735
2021-04-13,XLP,-0.0031822251660044154,0.042935637551827055
2021-04-14,XLP,-0.001594971206408613,0.04077467775290455
2021-04-15,XLP,0.005359539134973668,0.05066732440967603
2021-04-16,XLP,0.012913592724497214,0.06103499389639411
2021-04-19,XLP,0.003608360134879751,0.05326960229731159
2021-04-20,XLP,0.014509657603841708,0.04796155038051064
2021-04-21,XLP,0.02047620414115503,0.048805664813965866
2021-04-22,XLP,0.004898314122209868,0.045100413671185446
2021-04-23,XLP,-0.0034379444961851746,0.03234883156799784
2021-04-26,XLP,-0.010785403980102637,0.0030621619515036613
2021-04-27,XLP,-0.016876430654060415,-0.007651194004738793
2021-04-28,XLP,-0.021061285996578638,0.0037940845833497328
2021-04-29,XLP,-0.0032975540811118753,0.0177134275111821
2021-04-30,XLP,0.00014403314210786888,0.02353648784668705
2021-05-03,XLP,0.01977029694393795,0.018881743509370885
2021-05-04,XLP,0.01527491870662856,0.009400986162808378
2021-05-05,XLP,0.013809889893613203,0.011164163175331199
2021-05-06,XLP,0.016110413641497345,0.02317506302624328
2021-05-07,XLP,0.015234018260167792,0.024956552591405723
2021-05-10,XLP,0.014682771844199749,0.027276683394473977
2021-05-11,XLP,0.011033115355103762,0.023795772354332945
2021-05-12,XLP,-0.0017205407345526336,0.011036988929224334
2021-05-13,XLP,-0.000566351302049739,0.017144162551966158
2021-05-14,XLP,0.003822359581657997,0.01575722991687667
2021-05-17,XLP,-0.005198097964082882,0.018262540599630173
2021-05-18,XLP,0.00042516745431631087,0.009582362592509774
2021-05-19,XLP,0.010629336495465047,0.001281202979015239
2021-05-20,XLP,0.005807537106915728,0.018064465470535085
2021-05-21,XLP,0.0015512111619482294,0.020842483667951717
2021-05-24,XLP,0.005931328680614412,0.0354701543349254
2021-05-25,XLP,0.009349832941160319,0.03651445331641767
2021-05-26,XLP,0.010517417458558054,0.03358063268975631
2021-05-27,XLP,-0.0049286880011353285,0.01639837195466276
2021-05-28,XLP,-0.0029569566925220503,0.017677317392182923
2021-06-01,XLP,-0.009265885968650966,0.0059869453300172015
2021-06-02,XLP,-0.005894638736380187,0.014902029079696177
2021-06-03,XLP,0.002390818792425975,0.021938873370626943
2021-06-04,XLP,0.012170591919636209,0.012457433715933108
2021-06-07,XLP,0.00833237270534437,0.010759062086021176
2021-06-08,XLP,0.0032593003928098607,-0.005338627025529785
2021-06-09,XLP,-0.00522365979830719,-0.0014169557674955646
2021-06-10,XLP,-0.005191594986736936,0.018385554468828058
2021-06-11,XLP,-0.0081094275579634,0.004816062386945541
2021-06-14,XLP,-0.007003021913706831,-0.00014112592287951475
2021-06-15,XLP,-0.0009885500482084142,-0.001129673764547312
2021-06-16,XLP,-0.00950923251572744,-0.011333063126082732
2021-06-17,XLP,-0.012129643568433823,-0.004548092610812904
2021-06-18,XLP,-0.0301662518882434,-0.03112226544784802
2021-06-21,XLP,-0.018489363758543265,-0.02014783796370867
2021-06-22,XLP,-0.01470744740490737,-0.02162357868018905
2021-06-23,XLP,-0.0076376924835743765,-0.02797249197286933
2021-06-24,XLP,-0.00629424147937474,-0.021109111418613935
2021-06-25,XLP,0.019369143348855422,-0.007464033611559118
2021-06-28,XLP,0.008677769934139379,-0.00871371571958024
2021-06-29,XLP,0.002743998144555615,-0.009763497077333372
2021-06-30,XLP,0.016857696776301667,-0.005725457752998042
2021-07-01,XLP,0.0088216221306876,-0.01482907106303022
2021-07-02,XLP,0.003587873026654309,-0.01588026034121559
2021-07-06,XLP,-0.001433789928115714,-0.018314779149317006
2021-07-07,XLP,0.008353863011142604,-0.004735064378904141
2021-07-08,XLP,-0.0031440315474495772,-0.003646878535134679
2021-07-09,XLP,0.005590487609482997,-0.004151442814551931
2021-07-12,XLP,0.0015730078843994022,-0.006273680632184364
2021-07-13,XLP,0.005456537355693181,-0.005997153352856444
2021-07-14,XLP,0.008998535427252374,0.005214567312761265
2021-07-15,XLP,0.01691766664417793,0.022936431812608626
2021-07-16,XLP,0.012687076480517812,0.02086570107879826
2021-07-19,XLP,0.01127916726773548,0.03619277705988311
2021-07-20,XLP,0.011853924938695304,0.02473233059567126
2021-07-21,XLP,0.0004247799608374514,0.020652759090291628
2021-07-22,XLP,-0.00535754452064563,0.025286829851244752
2021-07-23,XLP,0.005067677080998312,0.03253816333161197
2021-07-26,XLP,0.009741518463177723,0.026406258180169395
2021-07-27,XLP,0.011573861444344358,0.02767451757681627
2021-07-28,XLP,0.005235640149960696,0.023188901208506918
2021-07-29,XLP,0.01190642055218416,0.02029451055264775
2021-07-30,XLP,0.0015404393684748108,0.025085806134609756
2021-08-02,XLP,-0.004334309734849939,0.01830395026732856
2021-08-03,XLP,-0.001953493587187438,0.027139664502746408
2021-08-04,XLP,-0.006193902438575982,0.008427107069010287
2021-08-05,XLP,-0.006303297317627465,0.017060962653352885
2021-08-06,XLP,-0.007970923621240078,0.011261480690943237
2021-08-09,XLP,-0.00014060256758630096,0.016561714525410665
2021-08-10,XLP,0.0025162985514257663,0.024136018112504765
2021-08-11,XLP,0.01912216862277094,0.018545006925090313
2021-08-12,XLP,0.013673728031685428,0.013816566930641594
2021-08-13,XLP,0.022131313174082123,0.02069242239499025
2021-08-16,XLP,0.024298011752970528,0.029648564625178064
2021-08-17,XLP,0.017570607263196703,0.02992209071481633
2021-08-18,XLP,0.001528603397389805,0.019668823400199598
2021-08-19,XLP,0.01015111717013828,0.02962419515566239
2021-08-20,XLP,0.0034479019854718462,0.019047466335126106
2021-08-23,XLP,-0.005484657332773035,0.014122204892152102
2021-08-24,XLP,-0.013566622041164211,0.004325601620084107
2021-08-25,XLP,-0.0027753774687339083,0.011542783511408805
2021-08-26,XLP,-0.015280533139773511,0.001961216894746709
2021-08-27,XLP,-0.013469124237692864,0.0037755340571787865
2021-08-30,XLP,-0.005928615576823892,0.012498345627397711
2021-08-31,XLP,0.0038896760717972434,0.010205532911282678
2021-09-01,XLP,0.010854108458212997,0.02889505417888172
2021-09-02,XLP,0.019432468083746768,0.027911025070291196
2021-09-03,XLP,0.014628147404761593,0.026642197069846274
2021-09-07,XLP,-0.001525604501463107,0.011095836264239267
2021-09-08,XLP,0.004843738337282577,0.012550824007883987
2021-09-09,XLP,-0.006194650384115263,0.003335459200265456
2021-09-10,XLP,-0.01426250626605019,-0.00041758051500784266
2021-09-13,XLP,-0.010572550197228914,-0.006205995438738676
2021-09-14,XLP,-0.0036115224527851764,-0.016453971998319106
2021-09-15,XLP,-0.008538785781963876,-0.013429768644381168
2021-09-16,XLP,-0.006095051837729626,-0.004301949856416409
2021-09-17,XLP,-0.0072339800843891355,-0.017620786333702787
2021-09-20,XLP,-0.01960047661438502,-0.02903263190095484
2021-09-21,XLP,-0.016212472892022878,-0.02706346179677399
2021-09-22,XLP,-0.01697025526524898,-0.01683387407346082
2021-09-23,XLP,-0.010035485528277377,-0.01155094399012524
2021-09-24,XLP,-0.004202072834709081,-0.006568654747614033
2021-09-27,XLP,0.0012819668335062318,-0.014514253991166681
2021-09-28,XLP,-0.009411134612370198,-0.030471939364647427
2021-09-29,XLP,-0.00327009706272563,-0.023845846188490616
2021-09-30,XLP,-0.024791066633449432,-0.04640606242497003
2021-10-01,XLP,-0.0226567549681167,-0.04758437161568374
2021-10-04,XLP,-0.02133728136772861,-0.04944667479483045
2021-10-05,XLP,-0.004606574201390989,-0.03346359001839894
2021-10-06,XLP,-0.003994311614441415,-0.03243155841698553
2021-10-07,XLP,0.018739284228911357,-0.022481006179232987
2021-10-08,XLP,0.014923437519783533,-0.019385029328845005
2021-10-11,XLP,0.01787801935830169,-0.022113914317666294
2021-10-12,XLP,0.013159765034270743,-0.01719477482855236
2021-10-13,XLP,0.005299271861308741,-0.018926977827822045
2021-10-14,XLP,0.012120369792897545,-0.004565892005272132
2021-10-15,XLP,0.01084944186892467,-0.001522941049584281
2021-10-18,XLP,0.005140491382073842,0.0025636255759684534
2021-10-19,XLP,0.005138662120044435,0.004135041290266539
2021-10-20,XLP,0.009118149299709888,0.0071094977186028085
2021-10-21,XLP,-0.003381370682044804,0.0021249870915291957
2021-10-22,XLP,0.0067785503107071765,0.009487224772801728
2021-10-25,XLP,0.012075419097076656,0.013370893650582527
2021-10-26,XLP,0.015194277257393862,0.029076929016958575
2021-10-27,XLP,0.0033883488806476514,0.01383728237707027
2021-10-28,XLP,0.008199075337409933,0.03602566669519813
2021-10-29,XLP,-0.0005609090282383544,0.03230978410417307
2021-11-01,XLP,0.0016847585553889655,0.03720940790721383
2021-11-02,XLP,0.004896024680427935,0.038901090018561124
2021-11-03,XLP,0.02026137958221441,0.03852722574963807
2021-11-04,XLP,0.017666871189275124,0.03493505651498641
2021-11-05,XLP,0.024561299115053892,0.04211274899278861
2021-11-08,XLP,0.014854143953688226,0.034128103508891394
2021-11-09,XLP,0.011553534407166666,0.03725404992981174
2021-11-10,XLP,0.005241159254096184,0.03846719235815077
2021-11-11,XLP,0.003582389077578796,0.026204617114838458
2021-11-12,XLP,-0.0021915536408533276,0.0286684247270792
2021-11-15,XLP,0.010632559861651902,0.0397785597484146
2021-11-16,XLP,0.0008253561997799697,0.03280292870346879
2021-11-17,XLP,-0.004390374188723567,0.024565788969783675
2021-11-18,XLP,-0.0072765202417975905,0.022193834710232396
2021-11-19,XLP,-0.01084576525812897,0.010660912620774843
2021-11-22,XLP,-0.00778813124217026,0.01937129229234036
2021-11-23,XLP,0.005087481991451037,0.02252083001131333
2021-11-24,XLP,0.004271667692332004,0.025467751042808295
2021-11-26,XLP,-0.004840143636796523,0.00897361900986593
2021-11-29,XLP,0.0012490479176980873,0.012491191979775884
2021-11-30,XLP,-0.03208458506820788,-0.014994309415620966
2021-12-01,XLP,-0.04309182204544382,-0.026308672404320887
2021-12-02,XLP,-0.03004903083401811,-0.025099392295206524
2021-12-03,XLP,-0.005419731769900182,-0.013915770433598373
2021-12-06,XLP,0.009564867637572139,-0.002328570190816892
2021-12-07,XLP,0.03841221241740933,0.007870879275967857
2021-12-08,XLP,0.04017140101229111,0.0012380342996700655
2021-12-09,XLP,0.03211189966367045,0.0009603257272923216
2021-12-10,XLP,0.03660768197166586,0.01853370342534677
2021-12-13,XLP,0.03199235953705304,0.03185064893798106
2021-12-14,XLP,0.030414963307491716,0.027599224816190482
2021-12-15,XLP,0.04411812972369766,0.044548659069468144
2021-12-16,XLP,0.04865686350664089,0.05429265493133939
2021-12-17,XLP,0.01361343299039297,0.039966783093360325
2021-12-20,XLP,0.0008269077128166824,0.04402716778294602
2021-12-21,XLP,-0.0011771262014579342,0.034446012149622396
2021-12-22,XLP,-0.0049402097493518315,0.03412726575884406
2021-12-23,XLP,-0.009726771692278424,0.03959697815534402
2021-12-27,XLP,0.01823626196612671,0.06408220047759094
2021-12-28,XLP,0.023691467089682616,0.06742843380667218
2021-12-29,XLP,0.02975458539868825,0.10053575749026167
2021-12-30,XLP,0.020111784404802657,0.1024311785378147
2021-12-31,XLP,0.02471805536284366,0.0982965404245455
2022-01-03,XLP,0.013806464516573635,0.08465193617899569
2022-01-04,XLP,0.014905731420421509,0.07307541107940785
2022-01-05,XLP,0.009371444882515512,0.06975761109047163
2022-01-06,XLP,0.009792392306966491,0.07023382496971164
2022-01-07,XLP,0.004020264701788401,0.06840351670923117
2022-01-10,XLP,-0.003761419849890979,0.04241182430824897
2022-01-11,XLP,-0.011594940341358217,0.027752924626262665
2022-01-12,XLP,-0.010315880270054811,0.027471608387875435
2022-01-13,XLP,-0.005818236526431764,0.01904844015975038
2022-01-14,XLP,-0.005037675731744962,0.013697886539091098
2022-01-18,XLP,-0.011586986138377275,0.01649542065537557
2022-01-19,XLP,-0.004170970706987243,0.022620584435071533
2022-01-20,XLP,-0.011074946795759377,0.017289893579036653
2022-01-21,XLP,-0.012095410945898166,0.011720743181327542
2022-01-24,XLP,-0.01713594675430874,0.0061134493487480235
2022-01-25,XLP,-0.013830335732432752,-0.015516353953441309
2022-01-26,XLP,-0.02748677481077666,-0.02850411995598523
2022-01-27,XLP,-0.014492591174806613,-0.026421691866534314
2022-01-28,XLP,-0.0036860718479684307,-0.011881361198070484
2022-01-31,XLP,0.003434342838151805,-0.014783839726130732
2022-02-01,XLP,0.01375709048503393,-0.015564299915803548
2022-02-02,XLP,0.033781776931251395,-0.010435446307222374
2022-02-03,XLP,0.027138743381813546,-0.009284436299469845
2022-02-04,XLP,0.0027747251561833775,-0.01874840413226686
2022-02-07,XLP,0.0007893321388152685,-0.01795426076812201
2022-02-08,XLP,0.005533592452285907,-0.006379409744609932
2022-02-09,XLP,-0.0061191763691984535,-0.004953258738181976
2022-02-10,XLP,-0.01705047068623,-0.016026045472984474
2022-02-11,XLP,-0.008433742034094638,-0.02132989279730535
2022-02-14,XLP,-0.013020828918175908,-0.025833776787118734
2022-02-15,XLP,-0.015068159828201644,-0.00987892442921634
2022-02-16,XLP,-0.013492075195670306,-0.014267040897163352
2022-02-17,XLP,0.004899398248843001,-0.00013167672017855292
2022-02-18,XLP,0.010365672958495775,0.0009212351316065792
2022-02-22,XLP,0.005330638010307309,-0.0035660094836306166
2022-02-23,XLP,-0.004522772712779899,-0.0005340676141306622
2022-02-24,XLP,-0.02350294930805108,-0.010229061772934034
2022-02-25,XLP,0.00026350135895136795,0.014839443098675575
2022-02-28,XLP,-0.01486228156344438,-0.010306657319172241
2022-03-01,XLP,-0.012990631540325204,-0.019876396785886596
2022-03-02,XLP,0.005612027111093321,-0.008564308226783335
2022-03-03,XLP,0.03154770648023142,-0.012368021905250659
2022-03-04,XLP,-0.000526977095232084,-0.012494998857440986
2022-03-07,XLP,-0.005474151694076279,-0.018447926039346974
2022-03-08,XLP,-0.026591549360794997,-0.04669187869877156
2022-03-09,XLP,-0.030298420790272895,-0.04389394525076873
2022-03-10,XLP,-0.047192187579296885,-0.05318279400191617
2022-03-11,XLP,-0.05838926615399287,-0.05402537864624313
2022-03-14,XLP,-0.03584359723904462,-0.04558095926555927
2022-03-15,XLP,0.013107250746152932,-0.02145516523225688
2022-03-16,XLP,0.007399823159842445,-0.02208352782216294
2022-03-17,XLP,0.024073025402119752,-0.017129070867263008
2022-03-18,XLP,0.03849376693232309,-0.022400899369657612
2022-03-21,XLP,0.03432777012061439,-0.022945707099392254
2022-03-22,XLP,0.019173386240284085,-0.007981240070438544
2022-03-23,XLP,0.009865891492261358,-0.00794868741291499
2022-03-24,XLP,0.009964278039428676,0.01655660674456927
2022-03-25,XLP,0.016044942518750105,-0.006977040892856556
2022-03-28,XLP,0.018931663372416363,0.010570945806793075
2022-03-29,XLP,0.020402712430841685,0.025581585911523375
2022-03-30,XLP,0.02936396916506001,0.015482958844162509
2022-03-31,XLP,0.0197528627603889,0.004933173108293332
2022-04-01,XLP,0.021455418917732727,0.014863492505051035
2022-04-04,XLP,0.01406788324167807,0.030428260487607606
2022-04-05,XLP,0.006051319746765982,0.059974060566999166
2022-04-06,XLP,0.018141122535515253,0.06620942133133223
2022-04-07,XLP,0.03294213184968964,0.08945140947125019
2022-04-08,XLP,0.0270058879648285,0.1069019763889949
2022-04-11,XLP,0.026043796202293024,0.09656952033637967
2022-04-12,XLP,0.0253657117929329,0.07279960368939609
2022-04-13,XLP,0.018205140185212576,0.07764552698478089
2022-04-14,XLP,0.005740576115807139,0.06994858865806575
2022-04-18,XLP,-0.006732490438976835,0.05869655112501082
2022-04-19,XLP,0.012499922254664897,0.07342815900413147
2022-04-20,XLP,0.02741676768258583,0.08147673013692369
2022-04-21,XLP,0.02079666038460215,0.08930994134174952
2022-04-22,XLP,0.005073693281737457,0.06476753981011796
2022-04-25,XLP,0.017904829675999823,0.060634512760822545
2022-04-26,XLP,-0.012849531737638586,0.0399471798724933
2022-04-27,XLP,-0.023830248631426132,0.03459629997819125
2022-04-28,XLP,-0.008571504174753386,0.04916526028002388
2022-04-29,XLP,-0.020191891632789005,0.023059514839819828
2022-05-02,XLP,-0.037316354176138766,-0.000391519080639946
2022-05-03,XLP,-0.025012934148236576,-0.00013099093184487653
2022-05-04,XLP,-0.006738701032004357,0.02144338430218906
2022-05-05,XLP,-0.03971944910684644,-0.01045840127676767
2022-05-06,XLP,-0.011849669711281652,-0.02130374362434062
2022-05-09,XLP,0.0009135301610099233,-0.02578781179281242
2022-05-10,XLP,-0.003141170961529993,-0.028571437924250875
2022-05-11,XLP,-0.029314026163061335,-0.033027187463728125
2022-05-12,XLP,-0.010829907838123876,-0.038676082278448765
2022-05-13,XLP,0.0029979420509376187,-0.023972628380151906
2022-05-16,XLP,0.007954246046079305,-0.011382832720203684
2022-05-17,XLP,0.008009261916590793,-0.03287993772667219
2022-05-18,XLP,-0.05274953531745297,-0.10847722674762195
2022-05-19,XLP,-0.06938398034976945,-0.12360269912371036
2022-05-20,XLP,-0.08122155793004993,-0.10777397328303284
2022-05-23,XLP,-0.06649403776225926,-0.09335333410292446
2022-05-24,XLP,-0.04467897638031304,-0.06406352672818938
2022-05-25,XLP,0.021300564589834536,-0.06725985886079255
2022-05-26,XLP,0.05088588597418897,-0.07104389486994767
2022-05-27,XLP,0.06082040334943151,-0.03400312218478896
2022-05-31,XLP,0.0320121264485278,-0.02806040419522704
2022-06-01,XLP,0.0021820710673730037,-0.03795774731472601
2022-06-02,XLP,0.016493829026298368,-0.04544292771878855
2022-06-03,XLP,-0.004316127554573224,-0.03679543313938627
2022-06-06,XLP,-0.01533335903550248,-0.037408710289477676
2022-06-07,XLP,-0.003088519406116541,-0.03194660447272546
2022-06-08,XLP,-0.002313031505204677,-0.03715853169372463
2022-06-09,XLP,-0.031380100334640004,-0.04747467203723421
2022-06-10,XLP,-0.025738661206729407,-0.0513128345899847
2022-06-13,XLP,-0.04712247029161909,-0.08550997783444603
2022-06-14,XLP,-0.06330839975220826,-0.10038824903139709
2022-06-15,XLP,-0.05073004971370343,-0.09326579895223941
2022-06-16,XLP,-0.04361040328449972,-0.038284647791744675
2022-06-17,XLP,-0.042964029263038106,-0.024379848291121275
2022-06-21,XLP,0.00421590536444616,-0.00047129590158900836
2022-06-22,XLP,0.015477774560840318,-0.021392711137582454
2022-06-23,XLP,0.03414083516958888,-0.01845469662598409
2022-06-24,XLP,0.06249319279147647,0.0005047001366351722
2022-06-27,XLP,0.06342470750467166,-0.012739072516043004
2022-06-28,XLP,0.021956280887766244,-0.03708994109108443
2022-06-29,XLP,0.029105235753936087,-0.024149175280541058
2022-06-30,XLP,0.010216956125699506,-0.010585264593787835
2022-07-01,XLP,0.005078955401442764,-0.010730621108820504
2022-07-05,XLP,0.0013765519372532786,-0.007094550001917943
2022-07-06,XLP,0.017857305734724216,-0.004632636619166797
2022-07-07,XLP,0.012477574832959082,-0.008911928848376882
2022-07-08,XLP,0.009975285881614226,0.0016011652983556335
2022-07-11,XLP,-0.005735975804138871,0.01546019652280295
2022-07-12,XLP,-0.00219924534943583,0.01689533173086999
2022-07-13,XLP,-0.004386178782783912,0.04000931208209213
2022-07-14,XLP,-0.004518937285284519,0.053291612792191634
2022-07-15,XLP,0.0005484760716394366,0.055706566154972936
2022-07-18,XLP,-0.007829989631238266,0.053450557359837836
2022-07-19,XLP,0.005510407182233168,0.06840168011976355
2022-07-20,XLP,-0.0019271806937336544,0.03364726715599642
2022-07-21,XLP,0.0002754013671260047,0.037523141457207254
2022-07-22,XLP,0.0035648281157527606,0.024492934204889405
2022-07-25,XLP,0.01841337477989402,0.009745892551001445
2022-07-26,XLP,0.005480325329607627,0.01018611033616601
2022-07-27,XLP,0.019172343797743352,0.030831482353013584
2022-07-28,XLP,0.032315488976644824,0.040759654004981716
2022-07-29,XLP,0.017622558285124157,0.03200318934350843
2022-08-01,XLP,0.02528564638048114,0.030046410344632735
2022-08-02,XLP,0.01948488513955593,0.028453750662790656
2022-08-03,XLP,0.019217898922111676,0.032209418419623326
2022-08-04,XLP,-0.003463455628610279,0.024373334189056184
2022-08-05,XLP,0.002013937982838332,0.023868201747412776
2022-08-08,XLP,-0.010872634308416007,0.024724889576770215
2022-08-09,XLP,-0.004410825616629865,0.026174229415601324
2022-08-10,XLP,-0.003585345542750251,0.03303968774225652
2022-08-11,XLP,0.0006689707985279014,0.02971181314192428
2022-08-12,XLP,0.011655838726447598,0.03523444306356138
2022-08-15,XLP,0.02225234147262567,0.05579427596868669
2022-08-16,XLP,0.03530717797681082,0.05658334113716457
2022-08-17,XLP,0.024786939677773567,0.060689720919267165
2022-08-18,XLP,0.030723614954466294,0.06105606611175762
2022-08-19,XLP,0.0185406687131473,0.05068287804843541
2022-08-22,XLP,-0.0017049828521903398,0.03493747326375729
2022-08-23,XLP,-0.01711634115623406,0.03283821080222116
2022-08-24,XLP,-0.011833675327072912,0.028420629266162623
2022-08-25,XLP,-0.010627230306506363,0.016917783506029238
2022-08-26,XLP,-0.03198554450918001,-0.0005368829465229874
2022-08-29,XLP,-0.023643518537623587,-0.014452300686571773
2022-08-30,XLP,-0.029551661863713163,-0.01684062231146688
2022-08-31,XLP,-0.03789967777049996,-0.029212673903352138
2022-09-01,XLP,-0.03693999483691168,-0.01724342035893567
2022-09-02,XLP,-0.025386193122564515,-0.027867261700944113
2022-09-06,XLP,-0.029328465170462836,-0.03284133962726521
2022-09-07,XLP,-0.001495382724480021,-0.013961578330993873
2022-09-08,XLP,0.002051487409669539,-0.02372081771170076
2022-09-09,XLP,0.006256767096392224,-0.011755647941012026
2022-09-12,XLP,0.02356696961533955,-0.01642147169608066
2022-09-13,XLP,-0.004990067997061143,-0.05861553566390343
2022-09-14,XLP,-0.023008587253807056,-0.06950218147719045
2022-09-15,XLP,-0.028664979447153627,-0.07464261801433991
2022-09-16,XLP,-0.03582063171425953,-0.07555740330808347
2022-09-19,XLP,-0.03320229725658819,-0.0663883231747674
2022-09-20,XLP,-0.005271986807141027,-0.06197919274897001
2022-09-21,XLP,-0.008643238603649683,-0.061480679267483684
2022-09-22,XLP,-0.0016984897586777015,-0.06515163603151097
2022-09-23,XLP,-0.021010565545593662,-0.08525930504297585
2022-09-26,XLP,-0.02677337387317924,-0.06136139063282664
2022-09-27,XLP,-0.038336609275551714,-0.07609537377166442
2022-09-28,XLP,-0.023061721717021588,-0.05520426662529687
2022-09-29,XLP,-0.03782932442281939,-0.06508327547652604
2022-09-30,XLP,-0.03819533295554578,-0.08645165947249134
2022-10-03,XLP,-0.022324627836803446,-0.058412834638611244
2022-10-04,XLP,0.009966331723125776,-0.038693798332383844
2022-10-05,XLP,-0.00782026469866337,-0.06118893750204468
2022-10-06,XLP,-0.005890285764543313,-0.07249297114210218
2022-10-07,XLP,-0.003446934272726354,-0.09526133963823336
2022-10-10,XLP,-0.0167944226924579,-0.09554159133092599
2022-10-11,XLP,-0.023509004788769383,-0.056585447665294275
2022-10-12,XLP,-0.0125529001930349,-0.0511418536171635
2022-10-13,XLP,0.018664029168266483,-0.027299513446432
2022-10-14,XLP,0.015488771956487124,-0.04711511014198577
2022-10-17,XLP,0.022775078600025145,-0.043173646987371694
2022-10-18,XLP,0.027641543472826324,-0.025369775619261237
2022-10-19,XLP,0.01744273084038994,-0.026174167333966047
2022-10-20,XLP,-0.013087329910651424,-0.03839629156753055
2022-10-21,XLP,0.020435603084210108,-0.006774094764371297
2022-10-24,XLP,0.027688161428443436,0.010370132850942904
2022-10-25,XLP,0.027765559458165834,0.04162369856973025
2022-10-26,XLP,0.03937220768613425,0.03606085266596626
2022-10-27,XLP,0.0549581362464886,0.05433649331194523
2022-10-28,XLP,0.06181952667611523,0.09650815463448659
2022-10-31,XLP,0.03692110858148978,0.07159712524552164
2022-11-01,XLP,0.02026166925909667,0.05224174317716357
2022-11-02,XLP,-0.004053422060360967,0.03999429139369104
2022-11-03,XLP,-0.008240140774128046,0.05184427554652227
2022-11-04,XLP,-0.018039976899642873,0.08045141787690602
2022-11-07,XLP,-0.0034369422289849405,0.08615546176795918
2022-11-08,XLP,0.002620292690486359,0.08039800643243233
2022-11-09,XLP,0.009263109487384735,0.06297124431913015
2022-11-10,XLP,0.03647365498541233,0.07023400211877195
2022-11-11,XLP,0.02324283579057851,0.088701523141695
2022-11-14,XLP,0.006207831972028011,0.06856155887770976
2022-11-15,XLP,0.011691921726623367,0.06362957229564636
2022-11-16,XLP,0.027812310573910315,0.07380484186550218
2022-11-17,XLP,0.003940199201506678,0.08869910159535399
2022-11-18,XLP,0.015777831861092828,0.08373215260059785
2022-11-21,XLP,0.03358909893111406,0.07469718952264115
2022-11-22,XLP,0.03249502810287508,0.06852407636368474
2022-11-23,XLP,0.03098373300941959,0.06513847128419203
2022-11-25,XLP,0.03193927758206372,0.06494402555330847
2022-11-28,XLP,0.017139996918367872,0.0381305774316798
2022-11-29,XLP,0.003714045674559685,0.04028035984964906
2022-11-30,XLP,0.016460576655075387,0.06454317706474866
2022-12-01,XLP,0.008398991567463376,0.07845599765471123
2022-12-02,XLP,0.012328072685930724,0.08703001324159021
2022-12-05,XLP,0.0034227425186716953,0.06082101775392479
2022-12-06,XLP,0.0010572133826289853,0.04497166541271791
2022-12-07,XLP,-0.014509748976665127,0.046355165997601366
2022-12-08,XLP,-0.00468496613656455,0.0635516722404692
2022-12-09,XLP,-0.016841555823145504,0.031114231849133533
2022-12-12,XLP,0.006166241025735264,0.04311729190842084
2022-12-13,XLP,0.010957102398964746,0.0499038999569521
2022-12-14,XLP,0.006046873416225118,0.04051670338359692
2022-12-15,XLP,-0.016344129336726576,0.01785981291556915
2022-12-16,XLP,-0.01357209284332861,0.013127927909825088
2022-12-19,XLP,-0.02447948532975519,0.0017764569635621008
2022-12-20,XLP,-0.023867229468508278,-0.008459354189550017
2022-12-21,XLP,-0.01349078479693222,-0.00582638315778905
2022-12-22,XLP,0.0012800456084232081,-0.011465761031778987
2022-12-23,XLP,0.01147581423186228,-0.006962504417186932
2022-12-27,XLP,0.016962898128567216,0.001602033188352614
2022-12-28,XLP,0.005119614924605775,-0.007070832181784947
2022-12-29,XLP,-0.0005334457882645305,-0.022447793909192826
2022-12-30,XLP,-0.0032086222679953424,-0.022844713019063434
2023-01-03,XLP,-0.012104112615196727,-0.03092911836149259
2023-01-04,XLP,-0.012973509880904066,-0.014764468231440397
2023-01-05,XLP,-0.010589933085069392,-0.01862341009144375
2023-01-06,XLP,0.011478783429847983,0.003331402953149043
2023-01-09,XLP,0.006572614133991017,-0.011792529835125798
2023-01-10,XLP,0.009021330249233461,-0.005436818563507861
2023-01-11,XLP,0.0056333661176832805,-0.015286258043097578
2023-01-12,XLP,0.007857976535579292,-0.021631855815094525
2023-01-13,XLP,-0.013724041594020409,-0.016386147410620278
2023-01-17,XLP,-0.003331765063068426,0.0012800456084232081
2023-01-18,XLP,-0.02922361374126703,-0.021217420780493712
2023-01-19,XLP,-0.038943665881680634,-0.029886747875380926
2023-01-20,XLP,-0.023793224197781626,-0.02155768107005307
2023-01-23,XLP,-0.025287632757998724,-0.028148372124362386
2023-01-24,XLP,-0.021927937367693384,-0.021927937367693384
2023-01-25,XLP,0.007972470023075218,-0.024607528811079193
2023-01-26,XLP,0.014016050191924201,-0.032697839844020304
2023-01-27,XLP,0.0033046155159259794,-0.02332450782770068
2023-01-30,XLP,0.0013727007205441843,-0.026294891805537457
2023-01-31,XLP,0.008065592842085412,-0.010865447188086463
2023-02-01,XLP,0.01363715437512325,0.0008079409179106989
2023-02-02,XLP,0.008485142632402631,-0.011668008185040768
2023-02-03,XLP,0.0074116132556723,-0.005554657166055854
2023-02-06,XLP,0.007402238870405586,-0.030219197808132425
2023-02-07,XLP,-0.007593958410029189,-0.02478659525176874
2023-02-08,XLP,-0.023005473538927457,-0.03095816609341906
2023-02-09,XLP,-0.01886291037665233,-0.03574283958523872
2023-02-10,XLP,-0.005858189500379862,-0.019088287651258695
2023-02-13,XLP,0.004218439293715681,-0.012576799288408491
2023-02-14,XLP,-0.0006833123227193427,-0.0221951545659983
2023-02-15,XLP,0.008950524192920417,0.007147763505993998
2023-02-16,XLP,0.006085875583164091,0.00943667408760307
2023-02-17,XLP,0.009730157358179614,0.014596663550555666
2023-02-21,XLP,-0.005420121252457055,0.007549796474898951
2023-02-22,XLP,0.0021877509768770675,0.0019139451774650151
2023-02-23,XLP,-0.0009552338722547127,-0.0017726358886634985
2023-02-24,XLP,-0.0004126977327648662,-0.004926912478496859
2023-02-27,XLP,-0.014251158522638696,-0.0031566981803834437
2023-02-28,XLP,-0.018664933949871898,-0.012611442911284687
2023-03-01,XLP,-0.024423356154324782,-0.03037674234802623
2023-03-02,XLP,-0.009836095587259286,-0.02488903443023105
2023-03-03,XLP,-0.0023379348622202256,-0.015606051598927473
2023-03-06,XLP,0.001376743460843377,-0.009128258814757317
2023-03-07,XLP,-0.0002775725345756097,-0.02013868238851746
2023-03-08,XLP,0.008810745569411305,-0.01434864311570272
2023-03-09,XLP,-0.014072814008098677,-0.01597359629388484
2023-03-10,XLP,-0.01971331027754586,-0.01645927437993744
2023-03-13,XLP,-0.01732406247750662,-0.020556416650051257
2023-03-14,XLP,0.001527479924491315,-0.02276437306496193
2023-03-15,XLP,0.006377640483205438,-0.007384246543648998
2023-03-16,XLP,0.016512563318261453,-0.008598362338635646
2023-03-17,XLP,0.014062777357596312,-0.008661125186283924
2023-03-20,XLP,0.022943739483103798,-0.0077391722298337795
2023-03-21,XLP,0.012888402597865722,-0.004775127389032963
2023-03-22,XLP,-0.0029442400217944975,-0.012467221372379544
2023-03-23,XLP,-0.007503706306261182,-0.01509673610062201
2023-03-24,XLP,0.016790825899924977,0.008400437842957631
2023-03-27,XLP,0.008246118735586005,0.014906724996243348
2023-03-28,XLP,0.010866304823424766,0.025174096238014254
2023-03-29,XLP,0.02596142506964272,0.03853504822533371
2023-03-30,XLP,0.03289217323050897,0.027404521753600974
2023-03-31,XLP,0.023845454358519813,0.03486565294639088
2023-04-03,XLP,0.02371868425759338,0.03755053624127269
2023-04-04,XLP,0.01986674289136614,0.04583126046056796
2023-04-05,XLP,0.01894446696063179,0.04896735664388929
2023-04-06,XLP,0.01686669660901252,0.059645638096166964
2023-04-10,XLP,0.008700352974846615,0.06486129042935107
2023-04-11,XLP,0.006391590978136685,0.06259051943476734
2023-04-12,XLP,0.003869233713994946,0.04827660456390648
2023-04-13,XLP,0.0047809330363834945,0.04730307683236412
2023-04-14,XLP,-0.002388618785667096,0.039942433340970585
2023-04-17,XLP,0.003981031309445049,0.054274508874673
2023-04-18,XLP,0.004101463322526033,0.04301796305652661
2023-04-19,XLP,0.00797442935527748,0.04319094737556628
2023-04-20,XLP,0.004757964122405367,0.05539343889876247
2023-04-21,XLP,0.01848898137740851,0.06717769764430348
2023-04-24,XLP,0.016124523914375022,0.053583643870106945
2023-04-25,XLP,0.01172754554588451,0.04661945542305479
2023-04-26,XLP,0.004483206770051096,0.0366037359177136
2023-04-27,XLP,0.013286078056955919,0.0423544710135455
2023-04-28,XLP,0.011362115937847861,0.044932977849525324
2023-05-01,XLP,0.008064546733699718,0.0373443705616634
2023-05-02,XLP,0.006642261765043678,0.02916103028677086
2023-05-03,XLP,0.0063009780341709565,0.022815343826720902
2023-05-04,XLP,-0.007269896714635182,0.015537838637891932
2023-05-05,XLP,-0.0033571972634343084,0.024150889382747787
2023-05-08,XLP,-0.007096844281382686,0.02109858102062412
2023-05-09,XLP,-0.0075041809131204396,0.014950868909789694
2023-05-10,XLP,-0.0009132998047154395,0.017942549142890396
2023-05-11,XLP,0.0045766460675442655,0.01533136462950302
2023-05-12,XLP,-0.0007775386274364582,0.025804829191363732
2023-05-15,XLP,-0.0002597737433526204,0.01678547162238253
2023-05-16,XLP,-0.005605542950038678,0.005138977571386372
2023-05-17,XLP,-0.004569802710601478,0.005274263922254052
2023-05-18,XLP,-0.012366212020295309,-0.001973014884732227
2023-05-19,XLP,-0.01556027911134461,-0.00848900852155976
2023-05-22,XLP,-0.028077590892423565,-0.027445394863745642
2023-05-23,XLP,-0.027005478029308194,-0.0333418089664671
2023-05-24,XLP,-0.032791063397878184,-0.03202936072149987
2023-05-25,XLP,-0.0354555975227524,-0.0499806887112233
2023-05-26,XLP,-0.032797517751482874,-0.05178187216815866
2023-05-30,XLP,-0.029155952689932874,-0.06335477014850888
2023-05-31,XLP,-0.02088409922440504,-0.059774816332103686
2023-06-01,XLP,-0.015324045854683721,-0.05283068026210036
2023-06-02,XLP,0.005875939131904762,-0.03740043363895906
2023-06-05,XLP,-0.0012256999896921306,-0.049753939644252565
2023-06-06,XLP,0.005234796438937428,-0.051721840602051095
2023-06-07,XLP,0.0008256791492040616,-0.05188365542602302
2023-06-08,XLP,0.008538684744517466,-0.04386986657704173
2023-06-09,XLP,-0.006792529836578853,-0.04829453896982849
2023-06-12,XLP,-0.003408824708483582,-0.052256254522912715
2023-06-13,XLP,0.005755878112698065,-0.04601584706511597
2023-06-14,XLP,0.015261889288894936,-0.0319873723818499
2023-06-15,XLP,0.018434917109009685,-0.021773384181413058
2023-06-16,XLP,0.021337547481858232,-0.015816861144466232
2023-06-20,XLP,0.013846170690515747,-0.023945959555089935
2023-06-21,XLP,0.013269355165722141,-0.005432019650392084
2023-06-22,XLP,0.012958979131698412,0.007772460088125932
2023-06-23,XLP,-0.0037084771883217904,0.0076404878481108884
2023-06-26,XLP,-0.0035605539210021853,0.016727585793677724
2023-06-27,XLP,0.0070669084511321145,0.016283294380057045
2023-06-28,XLP,-0.0032503559911035707,0.02110661655991719
2023-06-29,XLP,-0.009963646876193555,0.019012529950656498
2023-06-30,XLP,0.0052861800256236435,0.02873138376494966
2023-07-03,XLP,0.01177588180468958,0.02269117855562275
2023-07-05,XLP,0.007017652819432341,0.02467115713294099
2023-07-06,XLP,0.011277264081481997,0.027244489733437183
2023-07-07,XLP,-0.0009519985384002227,0.01720254857665493
2023-07-10,XLP,-0.009842380187616184,0.009982297935388962
2023-07-11,XLP,-0.016053379049429606,0.013155417820398085
2023-07-12,XLP,-0.012061201727545101,0.015774990488199414
2023-07-13,XLP,-0.005374132479343929,0.015876679412701877
2023-07-14,XLP,0.01116241650666594,0.01309523970798021
2023-07-17,XLP,0.008441998146191176,7.23163670046656e-05
2023-07-18,XLP,0.005846384256109172,-0.002211642745625353
2023-07-19,XLP,0.013700415837110791,0.01562895833942668
2023-07-20,XLP,0.01810075869113703,0.020720515008123108
2023-07-21,XLP,0.01817467433234543,0.018311636510220497
2023-07-24,XLP,0.02511509988436922,0.029005275073426873
2023-07-25,XLP,0.02595285363799338,0.027341718034247453
2023-07-26,XLP,0.016860697136245717,0.025506013495331548
2023-07-27,XLP,-0.000663319757242542,0.0233697669771038
2023-07-28,XLP,0.0062142078373439436,0.03495152822388059
2023-07-31,XLP,-0.0022392757563592935,0.021302260896115754
2023-08-01,XLP,-0.00737806776524319,0.007893091305551936
2023-08-02,XLP,-0.005000425897254357,0.013267288622816897
2023-08-03,XLP,0.0010622358559218004,0.013032590985758707
2023-08-04,XLP,-0.019053707966994682,0.0161992842784644
2023-08-07,XLP,-0.006468797938901094,0.02478195656172577
2023-08-08,XLP,-0.00822942862573317,0.015907454494423323
2023-08-09,XLP,-0.010316254121230495,0.015056972693258341
2023-08-10,XLP,-0.009549319709221571,0.008780136997329047
2023-08-11,XLP,0.0020094851513428047,0.007000759748188923
2023-08-14,XLP,-0.011028303456625421,0.004996174327288383
2023-08-15,XLP,-0.01458771477487164,-0.004731038476651461
2023-08-16,XLP,-0.018308219424311267,-0.01699449724884594
2023-08-17,XLP,-0.025843482941033558,-0.034761799019824235
2023-08-18,XLP,-0.023796895622158698,-0.03451019500004704
2023-08-21,XLP,-0.025527379495157376,-0.04465239493153306
2023-08-22,XLP,-0.020508011973246254,-0.04980236636896662
2023-08-23,XLP,-0.011707207694457211,-0.044611266910354
2023-08-24,XLP,-0.01003426598353907,-0.043812998135977166
2023-08-25,XLP,-0.008216915319568474,-0.04835724881241987
2023-08-28,XLP,0.003033345228581119,-0.03960390413809656
2023-08-29,XLP,0.012340541278791584,-0.03092652346878577
2023-08-30,XLP,0.007300600759839737,-0.03279994298670208
2023-08-31,XLP,0.010274922738676917,-0.03501329404764775
2023-09-01,XLP,-0.0038663602655019114,-0.03362358860362569
2023-09-05,XLP,-0.016907601081920798,-0.04969456436419639
2023-09-06,XLP,-0.021503880577657286,-0.04389718389509023
2023-09-07,XLP,-0.020784953819954155,-0.04303081419947519
2023-09-08,XLP,-0.014568633571745204,-0.03990356394873529
2023-09-11,XLP,0.0024953284303366186,-0.03315502269540571
2023-09-12,XLP,0.002517076691272546,-0.03667877389487206
2023-09-13,XLP,0.006718868922039212,-0.023224329517658293
2023-09-14,XLP,0.014522988962782701,-0.011026415893705455
2023-09-15,XLP,0.004881482206630761,-0.009622054746157849
2023-09-18,XLP,-0.004081497645593513,-0.013628621453984135
2023-09-19,XLP,0.0021434191824645232,-0.0093246264837058
2023-09-20,XLP,5.777481563562503e-05,-0.0027155755663618164
2023-09-21,XLP,-0.02274019633589719,-0.02206700467982259
2023-09-22,XLP,-0.01991197081363638,-0.019503872547836476
2023-09-25,XLP,-0.02306422068745506,-0.028394911875376794
2023-09-26,XLP,-0.02802303218734936,-0.03999837072455992
2023-09-27,XLP,-0.03695400918520464,-0.05127698882864351
2023-09-28,XLP,-0.021412163066475753,-0.04994265481981908
2023-09-29,XLP,-0.018961969044061,-0.04787897968600263
2023-10-02,XLP,-0.022177591538191654,-0.04625525185858825
2023-10-03,XLP,-0.021911425364705472,-0.04488466571511007
2023-10-04,XLP,-0.005959274526530223,-0.036205364968751264
2023-10-05,XLP,-0.028546869759925264,-0.05747344724402459
2023-10-06,XLP,-0.031100181766761437,-0.06385171515093868
2023-10-09,XLP,-0.023558743743796073,-0.07104233445046793
2023-10-10,XLP,-0.006484929658897354,-0.05346103264618929
2023-10-11,XLP,-0.021055832460722956,-0.06279581540002677
2023-10-12,XLP,-0.012231570202791753,-0.0823293476969218
2023-10-13,XLP,0.001949878431640295,-0.06658279925827837
2023-10-16,XLP,0.011389178404711764,-0.056611833285774904
2023-10-17,XLP,0.005488868407293346,-0.05030120742158495
2023-10-18,XLP,0.0161312763407373,-0.047732532787903015
2023-10-19,XLP,0.01978263546981518,-0.04239937753482714
2023-10-20,XLP,0.007035907720033929,-0.04091815220845341
2023-10-23,XLP,-0.005185918169181236,-0.03934746505008069
2023-10-24,XLP,-0.0010327822391779096,-0.023929586862661667
2023-10-25,XLP,-0.001322836765798252,-0.012500148626354846
2023-10-26,XLP,-0.0004442508954717317,-0.02188115220140474
2023-10-27,XLP,-0.01025707931330222,-0.032408082808123795
2023-10-30,XLP,0.007149303425381337,-0.010535529728118997
2023-10-31,XLP,0.002215288740354371,0.00014734483337952575
2023-11-01,XLP,-0.002207789481110445,-0.00877334867757218
2023-11-02,XLP,0.01733342443976249,0.024313953977489255
2023-11-03,XLP,0.03259217979330664,0.031198301538982065
2023-11-06,XLP,0.018337829100228076,0.0319198355995034
2023-11-07,XLP,0.01724147017575972,0.02403213179382302
2023-11-08,XLP,0.014308859515386185,0.027035052214832378
2023-11-09,XLP,-0.0027670795356378175,0.034128612520125445
2023-11-10,XLP,0.0030548715098597246,0.032335551026207776
2023-11-13,XLP,0.004647130590130333,0.025040927834838023
2023-11-14,XLP,0.012458142157308894,0.031129933151472944
2023-11-15,XLP,0.02457830120976623,0.03557271937400541
2023-11-16,XLP,0.016063087075004923,0.030356738704138797
2023-11-17,XLP,0.0076852433718024304,0.033001199860306585
2023-11-20,XLP,0.0037582650278014107,0.034256874824738937
2023-11-21,XLP,-0.0034337629595436736,0.028651650535514772
2023-11-22,XLP,-0.004258376684401544,0.032528727613450936
2023-11-24,XLP,0.011928860715580303,0.04311112377831505
2023-11-27,XLP,0.010361413710590961,0.05452085672050977
2023-11-28,XLP,0.01569698365348926,0.04303461712139445
2023-11-29,XLP,0.0044507068721133525,0.030946034363724895
2023-11-30,XLP,0.007270551208713227,0.042337041357713545
2023-12-01,XLP,0.007669432311147251,0.033202260619694446
2023-12-04,XLP,0.011821468460275764,0.03330904751042407
2023-12-05,XLP,-0.0007091963793216527,0.023525662076566922
2023-12-06,XLP,0.004859923616173267,0.018397680114374593
2023-12-07,XLP,-0.0008494929163740395,0.026759821384373828
2023-12-08,XLP,-0.011839310483081289,0.023802802046467786
2023-12-11,XLP,-0.003659865370560844,0.026391780502143414
2023-12-12,XLP,0.007520320461374741,0.02645284265141168
2023-12-13,XLP,0.028449557863241992,0.03448290870660653
2023-12-14,XLP,0.009064963612281485,0.011213452969327964
2023-12-15,XLP,0.016117239484457535,0.023857366954139758
2023-12-18,XLP,0.01697639401700357,0.035855410853355085
2023-12-19,XLP,0.015668668764050597,0.03863253590839366
2023-12-20,XLP,-0.021824507195975285,0.01539244599187306
2023-12-21,XLP,-0.000339177441041838,0.015193548716009753
2023-12-22,XLP,0.00729814297177378,0.019172062818304525
2023-12-26,XLP,0.0011196668342987603,0.026380471116309145
2023-12-27,XLP,0.0037718122014158695,0.026438081001323832
2023-12-28,XLP,0.024077410042770975,0.03523294787301512
2023-12-29,XLP,0.019100125580947536,0.027116172257755755
2024-01-02,XLP,0.022746416263381697,0.034421151798243566
2024-01-03,XLP,0.010486605607748833,0.025026401049445424
2024-01-04,XLP,0.004453792611437635,0.03174133055861428
2024-01-05,XLP,0.0018090170235585123,0.03208982418848039
2024-01-08,XLP,0.007080414926384115,0.035268033796198583
2024-01-09,XLP,-0.0015100497845939032,0.045233973905321356
2024-01-10,XLP,0.004289713381570914,0.03320486121073074
2024-01-11,XLP,0.005542385779943704,0.02971584589241605
2024-01-12,XLP,0.01097047752216973,0.0145488754678893
2024-01-16,XLP,-0.0019300135555386788,0.023987542643859827
2024-01-17,XLP,-0.005224730736203442,0.023280451734957852
2024-01-18,XLP,-0.004409220644955858,0.01147798420679269
2024-01-19,XLP,-0.007165241998666971,0.006566131365260741
2024-01-22,XLP,-0.015109915359367343,0.021513148900592416
2024-01-23,XLP,0.0011051585523842444,0.02546702651607413
2024-01-24,XLP,-0.010504569400848651,0.005195272400645212
2024-01-25,XLP,0.000276881438735499,0.010626478736204037
2024-01-26,XLP,0.008049791835644804,0.010856020120994403
2024-01-29,XLP,0.018828525211712632,0.016277407130087962
2024-01-30,XLP,0.013520601354919615,0.019852643813317083
2024-01-31,XLP,0.018577980971694164,0.0010983707817464605
2024-02-01,XLP,0.029468873458664557,0.02961137414217596
2024-02-02,XLP,0.02120339435859875,0.027712381145554632
2024-02-05,XLP,0.009034810577268404,0.02360755750050414
2024-02-06,XLP,0.005717306348073992,0.018472247703145594
2024-02-07,XLP,0.012205115041263204,0.014849364629212491
2024-02-08,XLP,-0.00833235555038947,0.01667105864915519
2024-02-09,XLP,-0.014291535531475996,0.007441165544232797
2024-02-12,XLP,-0.0010851853327842331,0.011401199467919287
2024-02-13,XLP,-0.014076716808884338,0.006077245015319033
2024-02-14,XLP,-0.015038687841431586,0.00483736650212796
2024-02-15,XLP,-0.00840225648091375,0.012593475715736213
2024-02-16,XLP,0.0023253483167535727,0.017071379728431646
2024-02-20,XLP,0.005704104878754057,0.03277548819605358
2024-02-21,XLP,0.020318571215090397,0.0253860829669581
2024-02-22,XLP,0.02544709698418579,0.041346456543934984
2024-02-23,XLP,0.02200372219021096,0.03458784307651608
2024-02-26,XLP,0.01637540958288386,0.02547150797393849
2024-02-27,XLP,0.005941941008351437,0.01971249676769693
2024-02-28,XLP,0.003363877474010124,0.015110452356095205
2024-02-29,XLP,-0.0013412246758196522,0.020981992943003513
2024-03-01,XLP,-0.004279285054527682,0.0006718739548230435
2024-03-04,XLP,0.0005372570333399551,0.004718996648571672
2024-03-05,XLP,0.0028193443080146707,0.013431257942675412
2024-03-06,XLP,0.010191732508082474,0.019626668528026414
2024-03-07,XLP,0.017595569219869933,0.026419188001949312
2024-03-08,XLP,0.00940112523323644,0.01856637272849415
2024-03-11,XLP,0.014089949457726458,0.03364785152770966
2024-03-12,XLP,0.016867196930663075,0.03164452805657825
2024-03-13,XLP,0.010885376210772568,0.04544208051701948
2024-03-14,XLP,-0.0026399296822939844,0.03933982064491515
2024-03-15,XLP,0.004922601714914876,0.032253629046242516
2024-03-18,XLP,0.005896065089725289,0.037330152615868695
2024-03-19,XLP,0.004444622523438246,0.030352559500675946
2024-03-20,XLP,0.004980973506278463,0.02972682205638222
2024-03-21,XLP,0.013361689793941922,0.027090680754159324
2024-03-22,XLP,0.008829335488496737,0.018947113435752616
2024-03-25,XLP,-0.00039770129723615266,0.02021122834333222
2024-03-26,XLP,-0.003564796837166595,0.020615127078072337
2024-03-27,XLP,0.003817358741306842,0.030192218344527566
2024-03-28,XLP,0.004604570064294933,0.033205752806939604
2024-04-01,XLP,0.0014543397708652872,0.024814482043904462
2024-04-02,XLP,-0.000927909357183565,0.01871725178974004
2024-04-03,XLP,-0.012455150489360078,0.005069574893463047
2024-04-04,XLP,-0.02688182150637064,-0.007615343945890918
2024-04-05,XLP,-0.02658460719876332,-0.011652159134198703
2024-04-08,XLP,-0.02019816637134153,-0.00523678492650137
2024-04-09,XLP,-0.010350408241202369,-0.005834627499789136
2024-04-10,XLP,-0.0029518905206287194,-0.014519572892572108
2024-04-11,XLP,-0.0010778550825751854,-0.019359630144635265
2024-04-12,XLP,-0.012780756996381037,-0.02170135308005028
2024-04-15,XLP,-0.015359574739529869,-0.025313916263860925
2024-04-16,XLP,-0.01971046313430269,-0.03114253410543566
2024-04-17,XLP,-0.012515068299633114,-0.031159060009284922
2024-04-18,XLP,-0.005531019503293266,-0.029617023055128033
2024-04-19,XLP,0.014445240316330876,-0.020655294184594997
2024-04-22,XLP,0.028324989110206866,-0.006478081886364673
2024-04-23,XLP,0.030775726596935504,-0.000927909357183565
2024-04-24,XLP,0.03475057032885842,0.006095240344006436
2024-04-25,XLP,0.027536857696001116,-0.0066875550529427175
2024-04-26,XLP,0.015448672540372188,-0.010083856759632526
2024-04-29,XLP,0.009048516431329867,0.001055942045195657
2024-04-30,XLP,0.0018577573137370518,0.0018577573137370518
2024-05-01,XLP,-0.011984773728270004,0.006574452828113531
2024-05-02,XLP,-0.0013201681508845375,0.019404556832924413
2024-05-03,XLP,0.0038363345383158887,0.02085276242762779
2024-05-06,XLP,0.0011868553130334192,0.02290485301184142
2024-05-07,XLP,0.016556100622520775,0.029096180743432898
2024-05-08,XLP,0.01999478498312679,0.029740373428953637
2024-05-09,XLP,0.02022475952388425,0.04114397117344404
2024-05-10,XLP,0.02293110740245985,0.05778129241867447
2024-05-13,XLP,0.01949444271070888,0.05911334362645082
2024-05-14,XLP,0.00651473189116869,0.05662707546893886
2024-05-15,XLP,0.010193289841822217,0.05342044432611237
2024-05-16,XLP,0.01580719580722101,0.06348368680242866
2024-05-17,XLP,0.007601196405773614,0.050644878026487206
2024-05-20,XLP,0.003488132490220508,0.033532864168564824
2024-05-21,XLP,0.011391605116187753,0.03675680974357376
2024-05-22,XLP,0.006727096456994097,0.024891346450593765
2024-05-23,XLP,-0.01913266030919103,0.015181506011812118
2024-05-24,XLP,-0.01419257458566281,0.019976243251106363
2024-05-28,XLP,-0.01506360392262951,0.008835668340220648
2024-05-29,XLP,-0.02790237894432368,0.005959998819865975
2024-05-30,XLP,-0.021459825630134488,0.015062653083149247
2024-05-31,XLP,0.0057216204151460115,0.022339649486326607
2024-06-03,XLP,0.002723536941988236,0.01884555384213682
2024-06-04,XLP,0.019346427540208655,0.027133975082219042
2024-06-05,XLP,0.024489981792834126,0.013811180951219137
2024-06-06,XLP,0.02495090797248567,0.019994810996749157
2024-06-07,XLP,0.0041376671085679995,0.006219209095521094
2024-06-10,XLP,0.0037512982704361875,-0.0002576517562583591
2024-06-11,XLP,-0.005386019347164872,0.0020670724834790377
2024-06-12,XLP,-0.014137076015502181,-0.006990336502281647
2024-06-13,XLP,-0.015887436318143044,-0.006338966526517997
2024-06-14,XLP,-0.009142707783906356,-0.01849519769554686
2024-06-17,XLP,0.0010309770127721052,-0.00677662631471132
2024-06-18,XLP,0.0028363616995612517,0.0014162246787265964
2024-06-20,XLP,0.011732505092733492,-0.006655632348832374
2024-06-21,XLP,0.011196386852608153,-0.0019276819499647324
2024-06-24,XLP,0.020119823359702416,0.02078279603961053
2024-06-25,XLP,0.004047815927033183,0.011600981456646897
2024-06-26,XLP,0.000684304241394873,0.017427624808736386
2024-06-27,XLP,-0.0014079263645118134,0.02041789882139744
2024-06-28,XLP,-0.006589824832404667,0.013239131385167857
2024-07-01,XLP,-0.024001967986782113,-0.009385917709156533
2024-07-02,XLP,-0.010851466450733982,-0.002094205949879191
2024-07-03,XLP,-0.010485246942327664,-0.012347894968260054
2024-07-05,XLP,0.005980261031145906,0.0019817494172229555
2024-07-08,XLP,0.008879676369730971,-0.0026484595450917414
2024-07-09,XLP,0.01341415503235388,-0.00023436421951972264
2024-07-10,XLP,0.010840006253385326,0.004953219822524169
2024-07-11,XLP,0.008765104742481045,0.0017041772603350047
2024-07-12,XLP,0.0009047088495652833,0.01726946695562437
2024-07-15,XLP,-0.003365358101281246,0.01004207450576855
2024-07-16,XLP,0.0088241547504464,0.017894030137313832
2024-07-17,XLP,0.017312363531589936,0.021298400122626404
2024-07-18,XLP,0.016080819774525912,0.014933682577391139
2024-07-19,XLP,0.008263420519863951,0.013781396940572899
2024-07-22,XLP,0.014805289828864865,0.013646857806244972
2024-07-23,XLP,0.0015435403827743777,-0.0006417213610560024
2024-07-24,XLP,-0.01206489773098085,0.004908853310684913
2024-07-25,XLP,-0.008296143159952973,0.005825356891047795
2024-07-26,XLP,0.005122142730441537,0.020410793211564027
2024-07-29,XLP,0.004862994164859691,0.025332981302657043
2024-07-30,XLP,0.0016697121282474026,0.025644403413812578
2024-07-31,XLP,0.000771274166004865,0.016716781593796526
2024-08-01,XLP,0.011196894858055417,0.027864894904142457
2024-08-02,XLP,0.009810240772888834,0.024295713043142264
2024-08-05,XLP,-0.010443125877252601,0.005695053312758214
2024-08-06,XLP,0.0032055213680464156,0.015312568267929372
2024-08-07,XLP,0.006037284047279989,0.011886137541253339
2024-08-08,XLP,0.005854672856507204,0.024899357386499954
2024-08-09,XLP,-0.0013877609063026597,0.021949668587106563
2024-08-12,XLP,0.013513500929798195,0.022727358150948618
2024-08-13,XLP,0.011119615551350215,0.017622792691234013
2024-08-14,XLP,0.014683453974400962,0.009271250282305132
2024-08-15,XLP,0.01594344016004179,0.024760785458103562
2024-08-16,XLP,0.017182501613703494,0.03098981799890521
2024-08-19,XLP,0.025777774511007934,0.03378549943558107
2024-08-20,XLP,0.026166038761272548,0.04264059227025818
2024-08-21,XLP,0.028438458822660717,0.05064934608600313
2024-08-22,XLP,0.016440194413451792,0.05032167094447271
2024-08-23,XLP,0.01651979178659646,0.04268079527068136
2024-08-26,XLP,0.020302110305631338,0.049668992491961994
2024-08-27,XLP,0.01773848809546319,0.05936662270589843
2024-08-28,XLP,0.006606835591630444,0.05677574974500854
2024-08-29,XLP,0.0030634318948397077,0.04187351168535147
2024-08-30,XLP,0.008186565560943215,0.04100426745100205
2024-09-03,XLP,0.008129053553432186,0.06936936685262629
2024-09-04,XLP,0.010409269480939676,0.06697364853124754
2024-09-05,XLP,0.010818241657559291,0.06179783008260409
2024-09-06,XLP,0.013804034350055838,0.050107533357109935
2024-09-09,XLP,0.013574178310895801,0.056601355053875535
2024-09-10,XLP,0.006258262818786164,0.06171428443091176
2024-09-11,XLP,-0.007786424652613588,0.04702324267871938
2024-09-12,XLP,0.0021643121667445087,0.04869739215410562
2024-09-13,XLP,0.011326727447993123,0.0453355700699567
2024-09-16,XLP,0.007533194022355527,0.046578108035591814
2024-09-17,XLP,-0.0017940146563439896,0.033176561023666284
2024-09-18,XLP,0.003742557106025002,0.024143995473105972
2024-09-19,XLP,-0.008279126945970106,0.011256516512564207
2024-09-20,XLP,-0.010485114717580402,0.017644827885130665
2024-09-23,XLP,-0.008645365691087759,0.02066882115872426
2024-09-24,XLP,-0.0015518981879270033,0.011046792681627782
2024-09-25,XLP,-0.00024821895406512695,0.006044082540089146
2024-09-26,XLP,0.00798999992802063,0.012646069910302149
2024-09-27,XLP,0.004950883690872487,0.01955971730990691
2024-09-30,XLP,-0.0010831173723306886,0.01128437122137016
2024-10-01,XLP,-0.0020509641287251856,0.0008373118709035232
2024-10-02,XLP,-0.007982602756195,-0.012268332824536321
2024-10-03,XLP,-0.020152141265126433,-0.018380315702651306
2024-10-04,XLP,-0.018670007698217583,-0.013098690043811811
2024-10-07,XLP,-0.028192646297255264,-0.03038809623646954
2024-10-08,XLP,-0.020067652026128924,-0.02534677905235483
2024-10-09,XLP,-0.005730274898757659,-0.010221470863765902
2024-10-10,XLP,-0.00012320225407924656,-0.020620935485588632
2024-10-11,XLP,0.0020866136051564954,-0.022115637987678682
2024-10-14,XLP,0.01624089997432221,-0.022008128811483618
2024-10-15,XLP,0.01764134622821545,-0.00636999734141952
2024-10-16,XLP,0.010790951737349674,-0.0032711332283084094
2024-10-17,XLP,0.01071568153129232,-0.0018625143788483234
2024-10-18,XLP,0.007349356556634046,-0.004490788858870887
2024-10-21,XLP,-0.0051238380367293335,-0.01853406887275233
2024-10-22,XLP,-0.005818997901186118,-0.010616505789615371
2024-10-23,XLP,-0.007036289925529515,-0.010038679348481572
2024-10-24,XLP,-0.0038994977185770052,-0.013635799120880532
2024-10-25,XLP,-0.01434828390697196,-0.023608637723731896
2024-10-28,XLP,-0.004169329413404088,-0.021566365180109126
2024-10-29,XLP,-0.019509669366889915,-0.027925360422501266
2024-10-30,XLP,-0.0191815242086274,-0.021214389675462852
2024-10-31,XLP,-0.0198189846308241,-0.013300426874636506
2024-11-01,XLP,-0.011226230519957081,-0.016202322012831227
2024-11-04,XLP,-0.01034328430959841,-0.0035952970849183474
2024-11-05,XLP,0.005845008083839254,-0.002220484173673709
2024-11-06,XLP,-0.008968632199915727,-0.024402314890766164
2024-11-07,XLP,-0.0033700030601911957,-0.01650443858551509
2024-11-08,XLP,0.00835939658374607,-0.010044022675159914
2024-11-11,XLP,0.0021151721062349083,-0.017445302216788416
2024-11-12,XLP,-0.003091154654627948,-0.02254833815624291
2024-11-13,XLP,0.01646565221486118,-0.018925193592803646
2024-11-14,XLP,0.010269380197808431,-0.016938720341062585
2024-11-15,XLP,-0.010641054677887563,-0.02772380280330189
2024-11-18,XLP,-0.00024852296141664176,-0.012630367540930165
2024-11-19,XLP,0.0,-0.01682725803424079
2024-11-20,XLP,-0.008037561225812673,-0.019914476521393887
2024-11-21,XLP,0.005206408558490638,-0.007952012818391863
2024-11-22,XLP,0.02351191467363689,0.009622624235833044
2024-11-25,XLP,0.021982220480462722,0.013298986685257974
2024-11-26,XLP,0.024804726009436395,0.027608372027062122
2024-11-27,XLP,0.03216163266722072,0.03139031231132927
2024-11-29,XLP,0.026267023566703962,0.03869195493114974
2024-12-02,XLP,0.01564031038292879,0.03705566136501881
2024-12-03,XLP,0.004860772335996577,0.028866258597053163
2024-12-04,XLP,-0.002057320841401422,0.019535061231834572
2024-12-05,XLP,-0.00012072493682702135,0.04059854338441449
2024-12-06,XLP,-0.010093847810185741,0.031684335785157725
2024-12-09,XLP,-0.010467059683290536,0.017693434840113653
2024-12-10,XLP,-0.0006047178826189548,0.02607376217097257
2024-12-11,XLP,-0.005457253085312308,0.017115260946511057
2024-12-12,XLP,-0.006522831455560207,0.017064267956679258
2024-12-13,XLP,-0.004127225760132469,0.016982561044275535
2024-12-16,XLP,-0.0077810778374182155,0.020635319247286787
2024-12-17,XLP,-0.014157683306132096,0.011798389929646547
2024-12-18,XLP,-0.02170452911048648,-0.004960746843422625
2024-12-19,XLP,-0.031489296995256155,-0.006980919179778611
2024-12-20,XLP,-0.025597139547460235,-0.014181855512682584
2024-12-23,XLP,-0.025623927947278413,-0.028362426358707005
2024-12-24,XLP,-0.017518504242182265,-0.02730871866235718
2024-12-26,XLP,0.0008060611171147869,-0.028262370055287755
2024-12-27,XLP,0.0030344955527594752,-0.03500347108338364
2024-12-30,XLP,-0.012200903258579254,-0.051133622815288216
2024-12-31,XLP,-0.003928073810779642,-0.04708300798950793
2015-02-02,XLF,-0.021347813685123063,-0.054589949561872686
2015-02-03,XLF,0.005924478393399157,-0.018174217032472018
2015-02-04,XLF,0.02198316324074523,-0.005452682440386214
2015-02-05,XLF,0.02394213594717498,-0.005811231062580524
2015-02-06,XLF,0.04910969508575036,-0.012678523039824086
2015-02-09,XLF,0.027374070288922248,-0.004145528494743145
2015-02-10,XLF,0.018510633299464896,0.01212369549595782
2015-02-11,XLF,0.021087835560220203,0.015520167849168987
2015-02-12,XLF,0.02087639548073783,0.0404250800496635
2015-02-13,XLF,0.012013022355509495,0.05256376037402233
2015-02-17,XLF,0.02039976156264367,0.04342297462063738
2015-02-18,XLF,0.00619568481877919,0.04147057249106134
2015-02-19,XLF,0.002065148184188015,0.03454164771902435
2015-02-20,XLF,-0.0004093203711647009,0.017061596288305614
2015-02-23,XLF,-0.002046550709944306,0.02566269692111023
2015-02-24,XLF,-0.0004083182532854668,0.02553373947370563
2015-02-25,XLF,0.005747060221485523,0.036817135539405355
2015-02-26,XLF,0.00741929561139254,0.05344791014778805
2015-02-27,XLF,-0.0036824762824821944,0.041042702393218944
2015-03-02,XLF,0.006152123711721469,0.06605824455858778
2015-03-03,XLF,-0.0016327530693063252,0.0461932343586271
2015-03-04,XLF,-0.007755102234630384,0.022717445247757873
2015-03-05,XLF,-0.0012269169148763082,0.029523239650508515
2015-03-06,XLF,-0.004927538741906656,0.011690883476485503
2015-03-09,XLF,-0.0077452036210522435,0.008284845081065528
2015-03-10,XLF,-0.02616481105058166,-0.0083263579226599
2015-03-11,XLF,-0.013985734131253369,-0.009913143763289778
2015-03-12,XLF,0.0032774259380019544,0.011565694789827052
2015-03-13,XLF,0.0037144498521062275,-0.005316644576927376
2015-03-16,XLF,0.011503203745244717,0.0077769046029145805
2015-03-17,XLF,0.031066577167359055,0.0020401673143670696
2015-03-18,XLF,0.03045458990761718,0.013957385038946502
2015-03-19,XLF,-0.0008171846048643516,0.008656034698707682
2015-03-20,XLF,0.019828333745718574,0.014821656142670836
2015-03-23,XLF,0.0016943752482998509,0.011554654742693238
2015-03-24,XLF,-0.004032474373975914,-0.0015928661250510512
2015-03-25,XLF,-0.025525647341866575,-0.017570614433446874
2015-03-26,XLF,-0.017186381447039878,-0.015979849049948647
2015-03-27,XLF,-0.031565742145092335,-0.013579472380873314
2015-03-30,XLF,-0.011802590038693772,-0.006496466793287192
2015-03-31,XLF,-0.010668885667741268,-0.01062935973664858
2015-04-01,XLF,0.004587110789020743,-0.005350493388063371
2015-04-02,XLF,0.01043373930653746,-0.004491433022827618
2015-04-06,XLF,0.013371972922096909,0.004560929101001143
2015-04-07,XLF,-0.00659002490771643,-0.005339834305973845
2015-04-08,XLF,0.004147446690386358,0.02016646504902475
2015-04-09,XLF,0.006641459859405341,0.015457347873260252
2015-04-10,XLF,0.001239292409455084,-0.006513784304592596
2015-04-13,XLF,0.003299328770847154,0.004145457928756313
2015-04-14,XLF,0.008706755592278848,-0.008089717423382492
2015-04-15,XLF,0.008674508277568549,-0.001988881919150809
2015-04-16,XLF,0.008659961345325984,-0.006020081539452771
2015-04-17,XLF,-0.004538148858669988,-0.01021353437864625
2015-04-20,XLF,-0.004110122362812385,-0.019424873641578078
2015-04-21,XLF,-0.009042424022998818,-0.018721644548382543
2015-04-22,XLF,-0.005733153544144276,-0.003693050656027763
2015-04-23,XLF,-0.005723424293219814,0.01417851270527093
2015-04-24,XLF,0.006216645773195362,0.013355532186856145
2015-04-27,XLF,-0.0016507264463991866,0.010865174506589748
2015-04-28,XLF,0.009124935559510439,0.0020593529483439177
2015-04-29,XLF,0.0016475062269289964,0.008710184881334238
2015-04-30,XLF,-0.00781287232805472,0.0016601394351134502
2015-05-01,XLF,0.0024709609872195504,0.0053697285190212884
2015-05-04,XLF,0.016122437306640425,0.013608835012650866
2015-05-05,XLF,0.0012327627880233116,0.009950251744600624
2015-05-06,XLF,-0.003289652401676779,0.001239292409455084
2015-05-07,XLF,0.0116041772852713,0.006598299074856762
2015-05-08,XLF,0.017255521285861164,0.02145202952283154
2015-05-11,XLF,0.0036606727418926344,0.013973892011123201
2015-05-12,XLF,0.009031706906842851,0.010275603647053266
2015-05-13,XLF,0.014438841887458143,0.006961135538646079
2015-05-14,XLF,0.01638648958310096,0.014309034585290537
2015-05-15,XLF,-0.0024231762661200973,0.023622221222863393
2015-05-18,XLF,0.006891655077801984,0.025175446862716777
2015-05-19,XLF,0.016272918106578826,0.036084450737480456
2015-05-20,XLF,0.013013305894644,0.025946940155485043
2015-05-21,XLF,0.0016123119198143687,0.02179256954730624
2015-05-22,XLF,0.006477968747378826,0.02388806457221948
2015-05-26,XLF,-0.010466842303876511,0.016122437306640425
2015-05-27,XLF,-0.005204092190753018,0.021372612467422725
2015-05-28,XLF,-0.003612528410449123,0.02055929988504901
2015-05-29,XLF,-0.010060582711562627,0.019477790707399745
2015-06-01,XLF,-0.009654645254844163,0.011503403080653563
2015-06-02,XLF,0.0032540885056904223,0.0032540885056904223
2015-06-03,XLF,0.0008046833714938639,0.02093592221091667
2015-06-04,XLF,-0.006849650110037797,0.01691411974059487
2015-06-05,XLF,0.007723889615777413,0.015567301615489582
2015-06-08,XLF,0.0008130248750539693,-0.0048461184767717436
2015-06-09,XLF,0.0016222368891216643,0.0012164784259189876
2015-06-10,XLF,0.0072378420227556806,0.019120893914757797
2015-06-11,XLF,0.02028371623862224,0.02277325585642953
2015-06-12,XLF,0.01008458111181576,0.009270472361259774
2015-06-15,XLF,0.011769170441648491,0.009311757466351711
2015-06-16,XLF,0.014979334904297481,0.009258573395803715
2015-06-17,XLF,-0.0003993028625457473,0.002401951163381044
2015-06-18,XLF,0.004771662206962901,0.014452207456562949
2015-06-19,XLF,-0.0076609522641312155,-7.36936517583553e-05
2015-06-22,XLF,0.012026868122180234,0.014876280042990908
2015-06-23,XLF,0.008378443509653666,0.02847952231244455
2015-06-24,XLF,0.0011629770592649358,0.008817701961417068
2015-06-25,XLF,-0.013911033734583578,0.0039669878432486705
2015-06-26,XLF,0.006062799081840042,0.01621234700988161
2015-06-29,XLF,-0.033041779103281765,-0.009090154784259452
2015-06-30,XLF,-0.03138625851127663,-0.007031808227770275
2015-07-01,XLF,-0.008413640611373618,-0.00047442923145846194
2015-07-02,XLF,-0.006851888438083598,0.003964725137036718
2015-07-06,XLF,-0.014061821384720341,-0.0057568736618003324
2015-07-07,XLF,0.012350718795775872,0.0023333721013507613
2015-07-08,XLF,-0.009023768295535972,-0.01758583161950278
2015-07-09,XLF,-0.016161563412816604,-0.023694668878795233
2015-07-10,XLF,0.0,-0.015994561945717356
2015-07-13,XLF,0.016300093838693908,0.0003611593434791338
2015-07-14,XLF,0.016673715875620276,0.007192177555277901
2015-07-15,XLF,0.043460042757840656,0.009981085221680841
2015-07-16,XLF,0.045584922202903444,0.02121790892095987
2015-07-17,XLF,0.030438196930971717,0.009141506968646018
2015-07-20,XLF,0.01924581618224086,0.02748544326500002
2015-07-21,XLF,0.01559996547240261,0.010748205378398046
2015-07-22,XLF,0.014677190274882346,0.01628984274662426
2015-07-23,XLF,-0.003927037955474555,0.01602593258060736
2015-07-24,XLF,-0.010633909930489738,0.012495242551664454
2015-07-27,XLF,-0.01888240881314518,0.0020090634458596046
2015-07-28,XLF,-0.013784904270267129,0.030877153308140004
2015-07-29,XLF,-0.011337523226273905,0.03732539609191132
2015-07-30,XLF,-0.0027605378464209407,0.021818367051243293
2015-07-31,XLF,0.003582467146457491,0.023132865747488962
2015-08-03,XLF,0.009623081607119,0.02608003257902647
2015-08-04,XLF,0.003993480192229892,0.022366973800994172
2015-08-05,XLF,-0.001976831069866125,0.044701927147837495
2015-08-06,XLF,-0.005535902715590235,0.032854218933736856
2015-08-07,XLF,-0.00039618594922297135,0.02272751488189151
2015-08-10,XLF,0.010325478278055744,0.020047922805277008
2015-08-11,XLF,0.0027843514468230968,0.008399830500885663
2015-08-12,XLF,-0.010301277180973067,-0.009123377362768026
2015-08-13,XLF,-0.0031809498157847615,-0.015317895626184463
2015-08-14,XLF,0.001983775582410585,-0.005513984433535679
2015-08-17,XLF,-0.0055030338357311415,-0.004720403590421252
2015-08-18,XLF,0.002776734798366931,-0.004332489386656535
2015-08-19,XLF,0.002802301250156125,-0.020719725485883744
2015-08-20,XLF,-0.021938845026440168,-0.03312372387977858
2015-08-21,XLF,-0.06376257728496892,-0.05891759027775867
2015-08-24,XLF,-0.10553372425557206,-0.09262249304085168
2015-08-25,XLF,-0.11669273393638979,-0.1082266429338351
2015-08-26,XLF,-0.07504996624384908,-0.08382755060717195
2015-08-27,XLF,-0.03181030616245295,-0.061289007021406494
2015-08-28,XLF,-0.0004226198648421553,-0.0626732526763436
2015-08-31,XLF,0.03535155804299284,-0.0694995660480584
2015-09-01,XLF,0.015226054595219196,-0.09824957557087644
2015-09-02,XLF,-0.00820000613854932,-0.08954034538305655
2015-09-03,XLF,-0.02653726323592631,-0.08111295847604405
2015-09-04,XLF,-0.04147302135041098,-0.10119092935558549
2015-09-08,XLF,-0.008536278135450104,-0.0868710694944288
2015-09-09,XLF,0.010586408808301417,-0.09123360196998942
2015-09-10,XLF,0.001740599841250079,-0.07846258713015664
2015-09-11,XLF,0.0004329362088220101,-0.07778160858165539
2015-09-14,XLF,0.01854312151599591,-0.08633670647119396
2015-09-15,XLF,0.007318108815535851,-0.07509893073953089
2015-09-16,XLF,0.027935828728855583,-0.06843317354410827
2015-09-17,XLF,0.008688065077021356,-0.07305379263196854
2015-09-18,XLF,-0.015103658824195954,-0.07133667986485237
2015-09-21,XLF,-0.0016430206418966975,-0.025714948209845434
2015-09-22,XLF,-0.028176582546715512,0.004890337745643514
2015-09-23,XLF,-0.033939882028929946,0.018840886789564193
2015-09-24,XLF,-0.02713459052107048,-0.025035008719417107
2015-09-25,XLF,0.006619727963813382,-0.034475553050798746
2015-09-28,XLF,-0.027923206032106407,-0.05251968644292737
2015-09-29,XLF,-0.013698684880072642,-0.042716791247944585
2015-09-30,XLF,0.0008829066669693297,0.004446668390196251
2015-10-01,XLF,0.008451560071886188,-0.008666089375147346
2015-10-02,XLF,-0.004822094334800631,-0.012937464686611833
2015-10-05,XLF,0.040394673481355836,0.02840451381138176
2015-10-06,XLF,0.03360231158065097,-0.002030920967330929
2015-10-07,XLF,0.026037436174804807,0.019803824221919175
2015-10-08,XLF,0.03176058140434623,0.021042026403075287
2015-10-09,XLF,0.023788181376156237,0.0101056466238727
2015-10-12,XLF,0.003450903077648171,0.013166174621261684
2015-10-13,XLF,0.0004333185367870751,-0.008851812752841415
2015-10-14,XLF,-0.015483820698681261,-0.02327233218303204
2015-10-15,XLF,0.0008550259656141534,0.013113051723876668
2015-10-16,XLF,0.01333930995692767,0.03927663870844067
2015-10-19,XLF,0.011608294712457834,0.0266140542513551
2015-10-20,XLF,0.025563178951582,0.04595656728364039
2015-10-21,XLF,0.026648875706559716,0.0379854663100887
2015-10-22,XLF,0.020076128694726858,0.06227688811149523
2015-10-23,XLF,0.025052812427483362,0.05830773210970208
2015-10-26,XLF,0.021674414762677507,0.07899429301573835
2015-10-27,XLF,0.009717153445138349,0.07078868450709597
2015-10-28,XLF,0.04085079916659273,0.07943496180782428
2015-10-29,XLF,0.023032381379692213,0.07763594956593112
2015-10-30,XLF,-0.0024853253121062124,0.06079273575658162
2015-11-02,XLF,0.015390948531774251,0.05306290638679956
2015-11-03,XLF,0.02301237098504272,0.059817744879418155
2015-11-04,XLF,-0.0032706109228897162,0.048601651458539674
2015-11-05,XLF,0.0020465679707353246,0.04660075626715243
2015-11-06,XLF,0.026993456957193906,0.06411386517994755
2015-11-09,XLF,0.0020480094919059777,0.05159065179793809
2015-11-10,XLF,0.004907980358684894,0.06455801683289297
2015-11-11,XLF,0.004512508905492929,0.06989960946764717
2015-11-12,XLF,-0.014705663319917961,0.03032884000379199
2015-11-13,XLF,-0.0327537057987326,0.015711304782245472
2015-11-16,XLF,-0.010220527088909748,0.028899077335704293
2015-11-17,XLF,-0.016686585343624105,0.0207017959653093
2015-11-18,XLF,0.004083106396397751,0.046383187891026134
2015-11-19,XLF,0.021143998654508556,0.03140744304721821
2015-11-20,XLF,0.03135411629446905,0.021955183629237318
2015-11-23,XLF,0.01486990346433159,0.02204644865534844
2015-11-24,XLF,0.014072419773161426,0.0251044429320888
2015-11-25,XLF,-0.0028470187154849835,0.0024531049089679957
2015-11-27,XLF,-0.0020297166462874827,0.006140173982368546
2015-11-30,XLF,-0.004458531940612298,0.01993363067012499
2015-12-01,XLF,0.010581748446974126,0.017205726099518648
2015-12-02,XLF,0.001632693716127065,0.0036810439797216876
2015-12-03,XLF,-0.015497414443638502,-0.009843910998062921
2015-12-04,XLF,0.008136780703925428,0.012255266728378178
2015-12-07,XLF,-0.0004071469426397689,-0.00727861418770781
2015-12-08,XLF,-0.0237611652721591,-0.008993857260985116
2015-12-09,XLF,-0.02363470896148112,-0.024826796314896704
2015-12-10,XLF,-0.006627811667346162,-0.02082501491746447
2015-12-11,XLF,-0.053672913672953015,-0.027778257195742895
2015-12-14,XLF,-0.04277012216342846,-0.017558840427959188
2015-12-15,XLF,-0.007838270587096852,-0.006608648341736689
2015-12-16,XLF,0.020033164539034143,0.011588974687373854
2015-12-17,XLF,0.004586940132727202,-0.02033367970017863
2015-12-18,XLF,-0.000170482057146093,-0.048071576856591025
2015-12-21,XLF,0.007550180451652233,-0.04023385181572414
2015-12-22,XLF,-0.006286730741246638,-0.027317526768692035
2015-12-23,XLF,-0.010615245115884187,-0.013038230555148633
2015-12-24,XLF,0.002924106238395119,-0.01466376058678931
2015-12-28,XLF,0.02961389485065591,-0.017887859267706085
2015-12-29,XLF,0.03017447665793438,-0.0068453990700497735
2015-12-30,XLF,0.013473852897735394,-0.02453388327391004
2015-12-31,XLF,-0.008322899951736296,-0.022848004541113687
2016-01-04,XLF,-0.026655473796134643,-0.025831268324033818
2016-01-05,XLF,-0.02209284735340611,-0.04733712180150318
2016-01-06,XLF,-0.047029686946620464,-0.053167649144537865
2016-01-07,XLF,-0.06730392890137216,-0.06804218169224918
2016-01-08,XLF,-0.07259710414467824,-0.07184985107830288
2016-01-11,XLF,-0.0530595950572309,-0.07136545185125587
2016-01-12,XLF,-0.049445735653041556,-0.04308164223498612
2016-01-13,XLF,-0.05974040089433452,-0.06995359500507825
2016-01-14,XLF,-0.024053413678708613,-0.08327339746202966
2016-01-15,XLF,-0.030769517765011467,-0.11807630604600039
2016-01-19,XLF,-0.032535198048407654,-0.10568094873756695
2016-01-20,XLF,-0.05874433790612443,-0.09914159739843487
2016-01-21,XLF,-0.037753291054723026,-0.11177218789085064
2016-01-22,XLF,-0.0287536426871432,-0.10399971409161923
2016-01-25,XLF,-0.026610666270628025,-0.13233440012062947
2016-01-26,XLF,-0.00980807023821062,-0.11703437809103134
2016-01-27,XLF,0.0061931062520910185,-0.11963356463983688
2016-01-28,XLF,0.011004892754664652,-0.12830041486137567
2016-01-29,XLF,0.020676424465103427,-0.0976320054771489
2016-02-01,XLF,0.03740978684644114,-0.09232069089722927
2016-02-02,XLF,-0.008018893824651041,-0.10012827857357154
2016-02-03,XLF,-0.0033143384838676404,-0.10272810600798932
2016-02-04,XLF,0.004732624281346576,-0.08095247064403266
2016-02-05,XLF,-0.03545112575042697,-0.06681494621218054
2016-02-08,XLF,-0.05594063013703143,-0.07601845927069839
2016-02-09,XLF,-0.030432949924915076,-0.07862631498743378
2016-02-10,XLF,-0.03657956829348774,-0.09058313881555224
2016-02-11,XLF,-0.07395207878846766,-0.09484353590838002
2016-02-12,XLF,-0.02195698063836604,-0.06481036931531481
2016-02-16,XLF,0.01958814676523324,-0.02801176394587679
2016-02-17,XLF,0.034820972564844954,-0.014479068492183167
2016-02-18,XLF,0.03451717048170799,-0.0004762830026299181
2016-02-19,XLF,0.06714186513767251,0.003828174575845278
2016-02-22,XLF,0.04001917089365992,0.0014093098109160263
2016-02-23,XLF,0.005284155693381143,0.003837148576393501
2016-02-24,XLF,-0.010426374114937631,-0.015094455665348172
2016-02-25,XLF,0.009055797017637923,0.0023674328773677367
2016-02-26,XLF,0.016205350224958615,0.008991716084670864
2016-02-29,XLF,-0.010323428695214298,-0.029005365019828977
2016-03-01,XLF,0.04156684990148496,0.007859680825980986
2016-03-02,XLF,0.055555331615156245,0.04802631016643488
2016-03-03,XLF,0.04818176623417236,0.05415709965243276
2016-03-04,XLF,0.04502831130985707,0.04945821774205372
2016-03-07,XLF,0.055950470913228134,0.0630070382480501
2016-03-08,XLF,0.005045626979321982,0.07296743950537543
2016-03-09,XLF,-0.004537285958530091,0.07601750185750844
2016-03-10,XLF,-0.012167747263460593,0.0808680698657851
2016-03-11,XLF,0.009425527511963017,0.1439471875927414
2016-03-14,XLF,0.006735799022420608,0.09419240138905427
2016-03-15,XLF,0.0228205828377559,0.0763691058224103
2016-03-16,XLF,0.019142992235832157,0.05971537648988767
2016-03-17,XLF,0.03239068564170933,0.07864630919308602
2016-03-18,XLF,0.015157400677964228,0.08822124912107787
2016-03-21,XLF,0.016534799897788055,0.06948476040104823
2016-03-22,XLF,0.013851430663721853,0.08554218394856439
2016-03-23,XLF,0.008481526544628748,0.07996348389893959
2016-03-24,XLF,-0.009764946485279258,0.05852757485184079
2016-03-28,XLF,-0.0153981433977175,0.05437809596404586
2016-03-29,XLF,-0.011899486956720384,0.06778160773374542
2016-03-30,XLF,-0.0030947546827706507,0.03899495005414311
2016-03-31,XLF,0.0022274599055636113,0.025402484209531506
2016-04-01,XLF,0.01748098120579522,0.027523765618552076
2016-04-04,XLF,0.009383131406802026,0.018414001489541976
2016-04-05,XLF,-0.0066908119192764515,0.0044384760852038685
2016-04-06,XLF,-0.007095504444326495,0.026443704719115058
2016-04-07,XLF,-0.02355563245161596,0.005812137464755951
2016-04-08,XLF,-0.028634306798825615,0.01039557283714787
2016-04-11,XLF,-0.019919880888867203,-0.01119271439022862
2016-04-12,XLF,0.006735880428333063,0.004438557305352031
2016-04-13,XLF,0.024117730676671778,0.027745447425202574
2016-04-14,XLF,0.045971776051028534,0.03228998856153131
2016-04-15,XLF,0.038548513890440894,0.016422208380593162
2016-04-18,XLF,0.04200500404901519,0.014958014350681337
2016-04-19,XLF,0.04192656260313643,0.02952817106158001
2016-04-20,XLF,0.02660317623518793,0.04067194539268004
2016-04-21,XLF,0.015230750442633667,0.039198549677511796
2016-04-22,XLF,0.0283848506464921,0.05558089187933901
2016-04-25,XLF,0.01863912186508676,0.05004467900950882
2016-04-26,XLF,0.012414834547504361,0.054861908488504474
2016-04-27,XLF,0.0063722912151384925,0.05055461891453894
2016-04-28,XLF,0.004714837841233832,0.041777684301793405
2016-04-29,XLF,-0.010191611585105398,0.02687208973129729
2016-05-02,XLF,0.0008512342836677345,0.041169086682621314
2016-05-03,XLF,-0.01818224073083996,0.042658386490638245
2016-05-04,XLF,-0.027437976713675316,0.029031019919506518
2016-05-05,XLF,-0.017491790328274193,0.04824725452532541
2016-05-06,XLF,-0.007722092645005452,0.04897928293293563
2016-05-09,XLF,-0.019133009666410405,0.04200500404901519
2016-05-10,XLF,0.007752145658598497,0.04371091425470697
2016-05-11,XLF,0.004773874194468508,0.009594359691091237
2016-05-12,XLF,0.005645111159459537,0.007832860251375307
2016-05-13,XLF,-0.010808214987586329,-0.0008731653387781257
2016-05-16,XLF,-0.003034020814476124,-0.003034020814476124
2016-05-17,XLF,-0.02264964537836267,-0.020975883731404354
2016-05-18,XLF,0.0051837661543308045,-0.01147017245349835
2016-05-19,XLF,-0.004749937190178355,-0.01200223000567846
2016-05-20,XLF,0.014422829525608805,-0.01443796061868896
2016-05-23,XLF,0.008260949221856606,-0.013191381580740513
2016-05-24,XLF,0.029296205116906116,-0.004651282057133277
2016-05-25,XLF,0.022346818789872103,0.004221134954738304
2016-05-26,XLF,0.02603115706662562,0.008959415095956214
2016-05-27,XLF,0.02585108999204344,0.021450115181591123
2016-05-31,XLF,0.024148090470471173,0.009778604047209205
2016-06-01,XLF,0.011044765799790746,0.02497851757210312
2016-06-02,XLF,0.0025219157246496593,0.0351562902118534
2016-06-03,XLF,-0.005920184758959279,0.020842552836696226
2016-06-06,XLF,-0.006719541230200021,0.022482140837446263
2016-06-07,XLF,-0.006315889181254586,0.02297351646546053
2016-06-08,XLF,-0.0075631081014069235,0.009401467041576295
2016-06-09,XLF,-0.016771748136515385,0.012959169988830732
2016-06-10,XLF,-0.014887155355158721,0.0
2016-06-13,XLF,-0.027484444531987173,0.005244687854108143
2016-06-14,XLF,-0.03983031080038191,-0.014782666740024819
2016-06-15,XLF,-0.039373155708971375,-0.007870472117167404
2016-06-16,XLF,-0.029850489547980086,-0.022346086395443887
2016-06-17,XLF,-0.018527808914401644,-0.013843628088126114
2016-06-20,XLF,-0.006017348969005409,-0.015010555080546162
2016-06-21,XLF,0.014664143002721008,-0.008525816758877758
2016-06-22,XLF,0.012436409454417818,-0.02412148035723538
2016-06-23,XLF,0.0309778417205826,-0.014092377192721717
2016-06-24,XLF,-0.02344057276504441,-0.06139273151153812
2016-06-27,XLF,-0.05672862353303176,-0.09430095792770998
2016-06-28,XLF,-0.03804114342034448,-0.06873099650975034
2016-06-29,XLF,-0.015317353616913887,-0.04956667026499251
2016-06-30,XLF,-0.02014580949093836,-0.03638444156679077
2016-07-01,XLF,0.029891438566948203,-0.027579500989482697
2016-07-05,XLF,0.04428916295851626,-0.04778989037052983
2016-07-06,XLF,0.02090921945138402,-0.04321594649517291
2016-07-07,XLF,-0.0004445235545685877,-0.04274937027435188
2016-07-08,XLF,0.0026248303825027186,-0.01737477132402343
2016-07-11,XLF,0.013631620533912425,0.0005718345980842976
2016-07-12,XLF,0.04196387358852527,0.020208395352819375
2016-07-13,XLF,0.039180318073319675,0.03551608453442712
2016-07-14,XLF,0.047576756028626654,0.04389494771452718
2016-07-15,XLF,0.026178107603248568,0.039374330226796816
2016-07-18,XLF,0.023861323588752592,0.0437858680275891
2016-07-19,XLF,0.011568432248066474,0.03825816877480537
2016-07-20,XLF,0.013282534101063836,0.03410608276185223
2016-07-21,XLF,-0.0012733914551158465,0.029759154325442738
2016-07-22,XLF,0.006802369291159183,0.015001967943710781
2016-07-25,XLF,0.0012715328387631342,0.07019915725412762
2016-07-26,XLF,0.0016944991543359489,0.10256446056825341
2016-07-27,XLF,-0.00042362496455605747,0.07454492730022677
2016-07-28,XLF,0.006800140295482704,0.052889136264991254
2016-07-29,XLF,-0.0012665210754058132,0.03455846428852616
2016-08-01,XLF,-0.001693064705979741,0.03737850498031969
2016-08-02,XLF,-0.010993820463415349,0.04419647691272721
2016-08-03,XLF,-0.00042237030414071786,0.05209263563087907
2016-08-04,XLF,-0.005065732576190696,0.048021351644793375
2016-08-05,XLF,0.01564455595627634,0.04799286855110796
2016-08-08,XLF,0.019499731207313076,0.043384090988207724
2016-08-09,XLF,0.029072173130038514,0.03127715356439964
2016-08-10,XLF,0.010579681561550869,0.02313662239135117
2016-08-11,XLF,0.0152737954767721,0.015704681591875325
2016-08-12,XLF,-0.0066613609774952565,0.014455290011249122
2016-08-15,XLF,-0.001247153785010724,0.017796850570827916
2016-08-16,XLF,-0.004569878873325051,0.014824414406042985
2016-08-17,XLF,0.006700059098333266,0.016490133367197846
2016-08-18,XLF,0.003760812202255215,0.020824465303584727
2016-08-19,XLF,0.0062869644688756665,0.013935967486381706
2016-08-22,XLF,-0.00041627624839946087,0.01608118532225289
2016-08-23,XLF,0.003338666851565142,0.016490133367197846
2016-08-24,XLF,-0.0004160474924088664,0.01649783905719393
2016-08-25,XLF,0.002497539865008447,0.016461931362573567
2016-08-26,XLF,0.004164849087911815,0.019450012702178388
2016-08-29,XLF,0.012911232218960844,0.030945502904020872
2016-08-30,XLF,0.020798966321778245,0.04916642472721633
2016-08-31,XLF,0.022056050108264502,0.03935675976111286
2016-09-01,XLF,0.01578143518344155,0.03776017497344397
2016-09-02,XLF,0.01907886873023945,0.022897193293564877
2016-09-06,XLF,0.008634663634979,0.019958454835669714
2016-09-07,XLF,-0.0008153711625487059,0.018695279157363798
2016-09-08,XLF,-0.0024433164728122625,0.025962921267886907
2016-09-09,XLF,-0.017171286986556233,0.004596495772642983
2016-09-12,XLF,-0.010581599286495269,0.01886030133568828
2016-09-13,XLF,-0.02649793735873185,-0.005828455604532157
2016-09-14,XLF,-0.028548258098459733,-0.0058435219096990565
2016-09-15,XLF,-0.022040479024624915,-0.0033275572464895875
2016-09-16,XLF,-0.012773715764815119,-0.011951798056969776
2016-09-19,XLF,-0.01751352361542169,-0.005237568673293169
2016-09-20,XLF,0.0006961653522858935,-0.00472203724464515
2016-09-21,XLF,0.00944835920204734,0.00021025676946884175
2016-09-22,XLF,0.005613931814689721,0.0026848584097267647
2016-09-23,XLF,0.010024337029344244,-0.004533487179505191
2016-09-26,XLF,-0.012429085736849421,-0.021676127508080012
2016-09-27,XLF,-0.0051764628544275215,-0.022494852601964266
2016-09-28,XLF,-0.006687673823411844,-0.026721999536014396
2016-09-29,XLF,-0.022586817283754,-0.041111885580222385
2016-09-30,XLF,-0.004127573722375155,-0.02404432975127002
2016-10-03,XLF,0.007341903109302272,-0.03294370846762529
2016-10-04,XLF,0.0036419745530043013,-0.02733345219896821
2016-10-05,XLF,0.01501788959342143,-0.011299259909480108
2016-10-06,XLF,0.030987052686639593,-0.008977387183279784
2016-10-07,XLF,0.016580381771308828,0.009471309411934525
2016-10-10,XLF,0.026548733599675245,0.0033474318612474185
2016-10-11,XLF,0.012960224688419286,0.012090844609244034
2016-10-12,XLF,-0.004081244015480712,0.013602187983644765
2016-10-13,XLF,-0.015282639757670968,-0.0021292800953169877
2016-10-14,XLF,-0.010193693685302763,0.01210946675084168
2016-10-17,XLF,-0.0197771113435522,0.001035781789309409
2016-10-18,XLF,-0.0025587409797307448,0.00879887546540803
2016-10-19,XLF,0.007171884275766205,0.011316345478543877
2016-10-20,XLF,0.017071770543000575,0.009240333449852312
2016-10-21,XLF,0.011843311836395642,0.01393219671338164
2016-10-24,XLF,0.019658663853238556,0.033561026339205435
2016-10-25,XLF,0.010261571326622976,0.02445378403937104
2016-10-26,XLF,0.007629718104648298,0.02589324349933375
2016-10-27,XLF,0.010172725096842639,0.043066612919479885
2016-10-28,XLF,0.006106925956632425,0.024352295179794536
2016-10-31,XLF,0.001521910022574735,0.027589550309629063
2016-11-01,XLF,-0.0015236881652794798,0.01918100464891781
2016-11-02,XLF,-0.014133792383129617,-0.0035707825863192655
2016-11-03,XLF,-0.015608972965487466,-0.004075355086635923
2016-11-04,XLF,-0.014162962983503724,-0.00662608717519797
2016-11-07,XLF,0.012158167262860564,0.013184393392339455
2016-11-08,XLF,0.016785681919054163,0.02302995473455338
2016-11-09,XLF,0.06707581305974042,0.06762274627219877
2016-11-10,XLF,0.10537103972210349,0.11795151043324759
2016-11-11,XLF,0.11185235807521954,0.11585986104386947
2016-11-14,XLF,0.11111109840809785,0.14847392083971744
2016-11-15,XLF,0.10955479299434012,0.1380196872620445
2016-11-16,XLF,0.04894479202746371,0.11190288076553956
2016-11-17,XLF,0.025451111431510576,0.12716196841080363
2016-11-18,XLF,0.022611811783660007,0.1277353527472216
2016-11-21,XLF,0.0018015782150309079,0.1283609184353811
2016-11-22,XLF,0.003155835969032683,0.13001535753306825
2016-11-23,XLF,0.023787602304276456,0.1297328411823846
2016-11-25,XLF,0.01128150257854954,0.1283991546639669
2016-11-28,XLF,-0.0004510786820998147,0.12038454988146596
2016-11-29,XLF,-0.0013487794531958919,0.12512666686184293
2016-11-30,XLF,0.011685329122773869,0.14496452780030533
2016-12-01,XLF,0.023234593548989046,0.172554364512149
2016-12-02,XLF,0.010709705407418113,0.1585680343187572
2016-12-05,XLF,0.03476286128619144,0.1759877941741279
2016-12-06,XLF,0.04097282774035138,0.15715737505389105
2016-12-07,XLF,0.04309176437924456,0.17458682856427843
2016-12-08,XLF,0.03493485978854771,0.1372363350183925
2016-12-09,XLF,0.048565089131854755,0.09902824528149523
2016-12-12,XLF,0.026177749575613696,0.08537118205433103
2016-12-13,XLF,0.01989584506583042,0.062162011157663954
2016-12-14,XLF,-0.0004254281716141728,0.05816056462512109
2016-12-15,XLF,-0.0012658824441073024,0.08279933904982295
2016-12-16,XLF,-0.01195459188286141,0.058938645671304135
2016-12-19,XLF,-0.001865573072503346,0.05939157979588061
2016-12-20,XLF,0.007949172877412147,0.06868000998335089
2016-12-21,XLF,0.01010493462426032,0.06549069409553221
2016-12-22,XLF,-0.0009764300893716493,0.05660789284779999
2016-12-23,XLF,0.009417631618524824,0.05698693886654005
2016-12-27,XLF,0.010269856292847157,0.07075437354991032
2016-12-28,XLF,-0.012257117877137236,0.05700674210368373
2016-12-29,XLF,-0.01694916070787822,0.035333310602398305
2016-12-30,XLF,-0.012319410161339861,0.01989427782782971
2017-01-03,XLF,-0.0029684527400568594,0.04268250067594814
2017-01-04,XLF,0.0038118422722888123,0.038726804514654045
2017-01-05,XLF,0.0038509893446361243,0.019313122810345584
2017-01-06,XLF,0.014654890453914549,0.007107948434175171
2017-01-09,XLF,0.005591130477935247,-0.009023002647327028
2017-01-10,XLF,-0.0034029633627464806,-0.008994004189565308
2017-01-11,XLF,-0.005063284337975427,0.007103726212462247
2017-01-12,XLF,-0.0034102175868671036,-0.003979623814581945
2017-01-13,XLF,-0.0012740386774919843,0.0062529423048867105
2017-01-17,XLF,-0.018391317279133457,-0.026015425047699603
2017-01-18,XLF,-0.012377439003500412,-0.009418118332925274
2017-01-19,XLF,-0.022900732440785276,-0.014120456432435646
2017-01-20,XLF,-0.00983694027303128,-0.02155524328794156
2017-01-23,XLF,-0.021693153933724285,-0.025423885591262296
2017-01-24,XLF,0.014815025455630737,-0.01061975813840621
2017-01-25,XLF,0.023336677406418316,0.004241197826902132
2017-01-26,XLF,0.030381540583630295,0.005505684054155857
2017-01-27,XLF,0.021598208280778408,0.011981385490182905
2017-01-30,XLF,0.019999810176253296,0.011206554093412091
2017-01-31,XLF,0.0008586061056130578,0.002580935542922269
2017-02-01,XLF,-0.014358404300799377,-0.0072311157924466185
2017-02-02,XLF,-0.020640089516632543,-0.01898750816024275
2017-02-03,XLF,0.002959762688240941,0.011082940605336544
2017-02-06,XLF,0.006394242787369997,0.002973980496167039
2017-02-07,XLF,0.01029589767842598,0.007271619219833436
2017-02-08,XLF,0.0021425019543717116,-0.001706951849652416
2017-02-09,XLF,0.019785249027662433,0.0055132678708917915
2017-02-10,XLF,0.0025295076471447686,0.017109045791214195
2017-02-13,XLF,0.01863620839868907,0.02296891457820105
2017-02-14,XLF,0.03312058810494145,0.06013023921644445
2017-02-15,XLF,0.048311133436689024,0.0596373130161485
2017-02-16,XLF,0.031631888456022716,0.06163169479437802
2017-02-17,XLF,0.029016037518891702,0.05701935630005783
2017-02-21,XLF,0.022453094643510196,0.06913054594298207
2017-02-22,XLF,0.011509100443916509,0.056676692525089
2017-02-23,XLF,0.0036705602612236987,0.03927358327862973
2017-02-24,XLF,-0.0016348872633394906,0.028644249641597286
2017-02-27,XLF,0.003269366854054434,0.03805501199173578
2017-02-28,XLF,-0.0020332208328243118,0.0460362411828239
2017-03-01,XLF,0.02559912406128806,0.08279699415938535
2017-03-02,XLF,0.009752025261776875,0.06469594028468739
2017-03-03,XLF,0.022522424791083795,0.0739788316144212
2017-03-06,XLF,0.009368591257346237,0.04468809625358494
2017-03-07,XLF,0.00692723888030744,0.04659023206027291
2017-03-08,XLF,-0.02060204008639488,0.04968175117527429
2017-03-09,XLF,-0.0016095945377371246,0.06070963904018978
2017-03-10,XLF,-0.007208639658172866,0.04555042959626565
2017-03-13,XLF,0.0028249772216997204,0.04499599097886575
2017-03-14,XLF,0.0028329803265920717,0.0303533223579584
2017-03-15,XLF,0.00080866161122084,0.016851856992263103
2017-03-16,XLF,-0.0012093712662551992,0.010603449195244918
2017-03-17,XLF,-0.010200120493509712,0.0031540327637507026
2017-03-20,XLF,-0.02066704745458048,-0.005458640167529283
2017-03-21,XLF,-0.045439875611072766,-0.03806423912533863
2017-03-22,XLF,-0.04592438859394987,-0.040884993774644385
2017-03-23,XLF,-0.045439875611072766,-0.03884621870286231
2017-03-24,XLF,-0.037219043333143076,-0.03260081204054077
2017-03-27,XLF,-0.032989907650309735,-0.04140247475822012
2017-03-28,XLF,0.008485660080434387,-0.027925136375556048
2017-03-29,XLF,0.004251559942544336,-0.06084870923840824
2017-03-30,XLF,0.015273707479772414,-0.03359028891993188
2017-03-31,XLF,0.008071410042241656,-0.04627278596920681
2017-04-03,XLF,0.009808205274678627,-0.04098497325012229
2017-04-04,XLF,-0.00504836507229145,-0.039486233473284504
2017-04-05,XLF,-0.00635062884665305,-0.04718293515188832
2017-04-06,XLF,-0.012954477624376737,-0.04457176983762989
2017-04-07,XLF,-0.008849437532351456,-0.04784902207262043
2017-04-10,XLF,-0.009290578847441555,-0.05257124263077473
2017-04-11,XLF,-0.010993943510770987,-0.05272966578459348
2017-04-12,XLF,-0.011503823907830335,-0.058905002279445284
2017-04-13,XLF,-0.030482366143332884,-0.07257388047258473
2017-04-17,XLF,-0.009353875025408964,-0.047034965143839536
2017-04-18,XLF,-0.01619748210013261,-0.048247284431738646
2017-04-19,XLF,-0.016246343657229212,-0.023759079161201124
2017-04-20,XLF,0.008620599566577125,-0.005102122408163989
2017-04-21,XLF,0.011353413484543218,-0.017394978300378172
2017-04-24,XLF,0.016309000354465253,0.0059473395697282605
2017-04-25,XLF,0.03509492044181406,0.01876330887884725
2017-04-26,XLF,0.037375283194948095,0.004206843794757553
2017-04-27,XLF,0.01538466901431157,0.005927291962009695
2017-04-28,XLF,0.01597564616974667,-0.016715626046288956
2017-05-01,XLF,0.0,-0.0021070634990277837
2017-05-02,XLF,-0.010045638627318665,-0.0012666013574843538
2017-05-03,XLF,-0.001256709164807135,0.008033770328615963
2017-05-04,XLF,0.005050299872879416,0.01746909502215699
2017-05-05,XLF,0.013175086185312823,0.00931437075715813
2017-05-08,XLF,0.00591198646764135,0.01275477616498355
2017-05-09,XLF,0.0033823980976406265,0.011509016866227961
2017-05-10,XLF,-0.0012587656910884037,0.017956245462114717
2017-05-11,XLF,-0.009212484443596014,0.019827593868636972
2017-05-12,XLF,-0.011745279961313249,0.02882057640954927
2017-05-15,XLF,-0.003358259960179133,0.018884197802315317
2017-05-16,XLF,0.003371091531843007,0.03162869364669407
2017-05-17,XLF,-0.03149909774999915,0.0021731922667087566
2017-05-18,XLF,-0.021555592394045697,-0.010683892068240164
2017-05-19,XLF,-0.008913292672969364,0.008203842404514106
2017-05-22,XLF,-0.013900454917558314,-0.011401804378266878
2017-05-23,XLF,-0.009239569120191526,-0.012557332820156808
2017-05-24,XLF,0.022549870415918827,-0.01214913784093774
2017-05-25,XLF,0.020302451997642246,-0.005892366187270626
2017-05-26,XLF,0.01113500205042861,0.0034002272595958782
2017-05-30,XLF,0.001708343802786949,-0.009712938777330149
2017-05-31,XLF,-0.014412909780855632,-0.01691352341278829
2017-06-01,XLF,-0.0016965081048980757,-0.012584140274628397
2017-06-02,XLF,-0.0071973985454402145,-0.018006715584338195
2017-06-05,XLF,-0.0050825774886731345,-0.014681291057916379
2017-06-06,XLF,-0.002558532011942116,-0.01805188389879675
2017-06-07,XLF,0.013763336990861186,-0.0067425650029614426
2017-06-08,XLF,0.01274451909059704,0.0012603521791703098
2017-06-09,XLF,0.03582080091646822,0.02662685428247924
2017-06-12,XLF,0.0361855704908387,0.03310716138090597
2017-06-13,XLF,0.046173839209556755,0.030749956835183223
2017-06-14,XLF,0.03988135264901693,0.029399684474200827
2017-06-15,XLF,0.023909134681275868,0.05854276274675807
2017-06-16,XLF,0.0038246218708295476,0.05325689000982092
2017-06-19,XLF,0.012072890139380732,0.054983123991646066
2017-06-20,XLF,-0.0019191702102855368,0.04327375197983985
2017-06-21,XLF,-0.011738716557498585,0.026803071303917125
2017-06-22,XLF,-0.013858566100954817,0.0208527799959064
2017-06-23,XLF,-0.01646750018167431,0.015299316348823533
2017-06-26,XLF,-0.021190013918614192,0.021256325630451656
2017-06-27,XLF,-0.007808988310592735,0.03336150272665939
2017-06-28,XLF,0.016162475823497724,0.058657080103759585
2017-06-29,XLF,0.02960810747464304,0.05286449196579279
2017-06-30,XLF,0.032649310404091914,0.056048944014924995
2017-07-03,XLF,0.042048606578890535,0.06963523504984592
2017-07-05,XLF,0.038525280418216346,0.0759248325190367
2017-07-06,XLF,0.014681515847823956,0.05961591981738579
2017-07-07,XLF,0.01458079350168795,0.05477351056673152
2017-07-10,XLF,0.014187654703692099,0.03399333247139413
2017-07-11,XLF,-0.009189316660737301,0.022795576724218503
2017-07-12,XLF,-0.0075791155381592645,0.020643256296449586
2017-07-13,XLF,0.00602954258126287,0.02512167990140801
2017-07-14,XLF,-0.005189537700245106,0.024797697497887405
2017-07-17,XLF,-0.0071943302777239815,0.022643219310001905
2017-07-18,XLF,0.0,0.010594777005993095
2017-07-19,XLF,-0.002813000259925369,0.01972922049372583
2017-07-20,XLF,-0.009189316660737301,0.02776616790138786
2017-07-21,XLF,-0.004815617509989267,0.034195125266409665
2017-07-24,XLF,0.0028182560180316507,0.042695884382623284
2017-07-25,XLF,0.01693571904720481,0.04995856277919852
2017-07-26,XLF,0.009673390687928496,0.03769682199233593
2017-07-27,XLF,0.004435805513374191,0.015905589210847726
2017-07-28,XLF,0.004435805513374191,0.008910677920777932
2017-07-31,XLF,0.007225826889695641,0.017025057549110212
2017-08-01,XLF,0.0019822737399386448,0.009588095434560184
2017-08-02,XLF,0.010379075400490212,0.009573069928951128
2017-08-03,XLF,0.012444711215209736,0.013666086181814308
2017-08-04,XLF,0.01926902273097153,0.013572706376530075
2017-08-07,XLF,0.010362708284714639,0.013189410039656568
2017-08-08,XLF,0.00039597412314007485,0.019355042470362127
2017-08-09,XLF,-0.001185063949129317,0.01607763104116655
2017-08-10,XLF,-0.015464115904837983,-0.007990725823360467
2017-08-11,XLF,-0.025993971198769894,-0.0076241012213543735
2017-08-14,XLF,-0.011045427589928214,0.009259244114184995
2017-08-15,XLF,-0.007515887384997089,0.011693684765825996
2017-08-16,XLF,-0.009493724289839078,0.009270347905983467
2017-08-17,XLF,-0.008860346499492189,-0.007661357704536131
2017-08-18,XLF,-0.004448541660011185,-0.007258061286492867
2017-08-21,XLF,-0.020741771561758937,-0.014452106854740077
2017-08-22,XLF,-0.010761433156815992,-0.015860695954579174
2017-08-23,XLF,-0.011980853639089517,-0.012375252450662622
2017-08-24,XLF,0.005282597164888436,-0.006824764591110366
2017-08-25,XLF,0.007717554220088463,-0.00401451943385156
2017-08-28,XLF,0.004073296535564763,-0.01753678713759621
2017-08-29,XLF,-0.010072649451391302,-0.027700949051627233
2017-08-30,XLF,-0.00282973868779679,-0.02528659631850716
2017-08-31,XLF,-0.0016166416188642119,-0.020618493035191587
2017-09-01,XLF,-0.0016125350490279189,-0.024419072006987008
2017-09-05,XLF,-0.016633022007681908,-0.04378707497894152
2017-09-06,XLF,-0.010988824222266547,-0.03876599620576038
2017-09-07,XLF,-0.03202236617493004,-0.05537979049090014
2017-09-08,XLF,-0.02429190643552115,-0.029400067107584027
2017-09-11,XLF,-0.010092708315772358,-0.008492097901140472
2017-09-12,XLF,0.02351505708611268,-0.01037079574410571
2017-09-13,XLF,0.022633992370961087,-0.009565438470508614
2017-09-14,XLF,0.03852580355157009,-0.009584809113767356
2017-09-15,XLF,0.03208768063281653,0.01069938027738071
2017-09-18,XLF,0.02628531155230851,0.022116925938544085
2017-09-19,XLF,0.02197893278092522,0.032802348393092595
2017-09-20,XLF,0.026395412526534878,0.027636330036806767
2017-09-21,XLF,0.030894544403381685,0.033394566025837014
2017-09-22,XLF,0.026645197929403563,0.03217708954510323
2017-09-25,XLF,0.013567272066438596,0.0280502309580708
2017-09-26,XLF,0.005544928108047742,0.03431608703077371
2017-09-27,XLF,0.011811021531545007,0.05035360855646265
2017-09-28,XLF,0.010997675959151243,0.04772429056007943
2017-09-29,XLF,0.01690888106292121,0.05132967249179066
2017-10-02,XLF,0.02677194969777963,0.057278037920785785
2017-10-03,XLF,0.03072051323502767,0.0841230506317987
2017-10-04,XLF,0.013618630928052156,0.0764873165949016
2017-10-05,XLF,0.022532789180851776,0.10677396220968394
2017-10-06,XLF,0.018948414250621992,0.09792130423620704
2017-10-09,XLF,0.006518065731414113,0.0750193019164016
2017-10-10,XLF,0.007642508965191475,0.06731060105324271
2017-10-11,XLF,0.010364604299040403,0.06357180553196407
2017-10-12,XLF,-0.007598527591517579,0.05761850689126269
2017-10-13,XLF,-0.008349279396611342,0.054904997842901926
2017-10-16,XLF,0.001904890108521018,0.049481156387177094
2017-10-17,XLF,-0.007584544019525352,0.036435784380405956
2017-10-18,XLF,-0.00037970859799130174,0.03582688035965553
2017-10-19,XLF,0.008039753501030367,0.034171249399521875
2017-10-20,XLF,0.01951790260120556,0.047581514055140994
2017-10-23,XLF,0.012167434011584932,0.04803171765622105
2017-10-24,XLF,0.02445532435740505,0.05592711770802139
2017-10-25,XLF,0.012922600158417286,0.03696484288115953
2017-10-26,XLF,0.017850535667178535,0.04118118686499295
2017-10-27,XLF,0.005255101511297378,0.0355762260155732
2017-10-30,XLF,0.0018784973777372649,0.022622835381002737
2017-10-31,XLF,-0.007832923128390124,0.016430844553243507
2017-11-01,XLF,-0.0003749224218453362,0.022648982449963828
2017-11-02,XLF,0.00335801463465657,0.02165671319420759
2017-11-03,XLF,0.0,0.016318600168959696
2017-11-06,XLF,0.0029992355468200227,0.01904770223326424
2017-11-07,XLF,-0.008270473878404294,0.0003790737643278863
2017-11-08,XLF,-0.014639862273813531,-0.002659497467712546
2017-11-09,XLF,-0.02714745685224318,0.0015314963638579648
2017-11-10,XLF,-0.026138652555759534,-0.0019132938349974982
2017-11-13,XLF,-0.023551304486660984,-0.0068440534273087605
2017-11-14,XLF,-0.010234777332326805,-0.0022924262921686367
2017-11-15,XLF,-0.0026667605196475375,-0.0049413334133023845
2017-11-16,XLF,0.001146522144555684,-0.005317229880573038
2017-11-17,XLF,0.0030674315206191682,-0.01801796100542541
2017-11-20,XLF,0.00612546910466838,-0.012772532426583605
2017-11-21,XLF,0.009574742020639349,-0.016784487922954394
2017-11-22,XLF,0.0019098118548117604,-0.01575989984974424
2017-11-24,XLF,0.0011456382792183195,-0.021641899393593067
2017-11-27,XLF,0.001528982615620622,-0.021657815033733208
2017-11-28,XLF,0.022831045541487516,0.007873614902707216
2017-11-29,XLF,0.03717739324283209,0.027819734784395145
2017-11-30,XLF,0.049180645371387666,0.03303297069926514
2017-12-01,XLF,0.05186876928662576,0.025660149414544087
2017-12-04,XLF,0.0687022664988961,0.04555651048493159
2017-12-05,XLF,0.0360862270185216,0.04112140265666131
2017-12-06,XLF,0.01499636430846052,0.05193328069042136
2017-12-07,XLF,0.011627870885365876,0.06057156636600314
2017-12-08,XLF,0.015590914003304812,0.07071841044925664
2017-12-11,XLF,-0.0021428403986909483,0.07131888178248724
2017-12-12,XLF,0.013285706410465226,0.0803982234779872
2017-12-13,XLF,0.004324291047209217,0.06740681745806332
2017-12-14,XLF,-0.0053878892715683024,0.05767789786237243
2017-12-15,XLF,-0.0025292896264937914,0.06678715838020066
2017-12-18,XLF,0.008958723930929224,0.07761103383421819
2017-12-19,XLF,-0.005324179026107156,0.06810335581009497
2017-12-20,XLF,0.005364829972974938,0.06295574649368696
2017-12-21,XLF,0.020607943172089582,0.07741680049773159
2017-12-22,XLF,0.008629935055040061,0.07476217358745485
2017-12-26,XLF,-0.0032073930793221628,0.07251485509366407
2017-12-27,XLF,0.0021474454840260115,0.046504263048970707
2017-12-28,XLF,0.007888298838873098,0.03293869115762327
2017-12-29,XLF,-0.007820836772106876,0.01888126156493608
2018-01-02,XLF,-0.004634605447523921,0.017029030806263057
2018-01-03,XLF,0.0035752906093544645,0.0071555391284325864
2018-01-04,XLF,0.01178572104945319,0.021959411059134792
2018-01-05,XLF,0.010672452374056007,0.028538344426088047
2018-01-08,XLF,0.016481660312910318,0.023769852753096066
2018-01-09,XLF,0.023997119515427157,0.02544713983704594
2018-01-10,XLF,0.02707521488189868,0.03664585839433254
2018-01-11,XLF,0.022590884320430993,0.03134424109917955
2018-01-12,XLF,0.02886302806349783,0.053668705376258785
2018-01-16,XLF,0.027493817223254613,0.05761550921893277
2018-01-17,XLF,0.02728225437303755,0.05609481922303883
2018-01-18,XLF,0.017343041239353596,0.045260252231356546
2018-01-19,XLF,0.0196754815647735,0.057265506536791744
2018-01-22,XLF,0.0188161429375604,0.06776630168603481
2018-01-23,XLF,0.022641598355811254,0.05972290538128555
2018-01-24,XLF,0.021791011824694007,0.06987524007785861
2018-01-25,XLF,0.0211387363261899,0.07079017810217292
2018-01-26,XLF,0.021327034320490323,0.0774999718320235
2018-01-29,XLF,0.009066658251785986,0.06901466668226752
2018-01-30,XLF,-0.005031986764107987,0.06270160957371607
2018-01-31,XLF,-0.00899709399097992,0.06518618970167456
2018-02-01,XLF,0.0023371893783052933,0.06946915450772129
2018-02-02,XLF,-0.02684777035288033,0.036357282197493124
2018-02-05,XLF,-0.07221280331307334,-0.018655234454463487
2018-02-06,XLF,-0.04281862158059013,0.0007049130499452438
2018-02-07,XLF,-0.044720840447012744,-0.006295868735268995
2018-02-08,XLF,-0.09526965784729713,-0.05792567081779609
2018-02-09,XLF,-0.057220806665424506,-0.04452885557856856
2018-02-12,XLF,0.0068146902620351835,-0.039685264983570834
2018-02-13,XLF,-0.00704471665559625,-0.03293312930393699
2018-02-14,XLF,0.015839552099219834,-0.017364550661702727
2018-02-15,XLF,0.06848296032239132,-0.01056936816309495
2018-02-16,XLF,0.04696524368591515,-0.01895740592003392
2018-02-20,XLF,0.029212475935586735,-0.029885899477488542
2018-02-21,XLF,0.026250306668024415,-0.029520533668909166
2018-02-22,XLF,-0.005890572270103922,-0.04398536207088988
2018-02-23,XLF,0.003445852248011416,-0.027712857925780154
2018-02-26,XLF,0.020013732022658326,-0.02021890732926024
2018-02-27,XLF,0.013499632628021896,-0.025624049267223725
2018-02-28,XLF,-0.0020738816970949925,-0.026635234655678075
2018-03-01,XLF,-0.011153668792679095,-0.046065797017863286
2018-03-02,XLF,-0.023351606661934143,-0.05263150441517528
2018-03-05,XLF,-0.024357168327514,-0.01771133996263541
2018-03-06,XLF,-0.010928843993040616,0.03873727878338906
2018-03-07,XLF,0.0013853319119634389,0.01831608991942013
2018-03-08,XLF,0.02220649614679604,0.020767311244654918
2018-03-09,XLF,0.04430391547765078,0.09351989564689589
2018-03-12,XLF,0.02635256728739277,0.06936438051922411
2018-03-13,XLF,0.010704327422668358,0.04275024279629913
2018-03-14,XLF,0.0010380839754444704,0.026605331209800243
2018-03-15,XLF,-0.0017242301163623575,0.0031183284791802546
2018-03-16,XLF,-0.024407857644159203,-0.0015475610570353515
2018-03-19,XLF,-0.028232384891397566,-0.0074420521537371664
2018-03-20,XLF,-0.014875760014719686,-0.0019179086462410844
2018-03-21,XLF,-0.003989614307904343,-0.003645051067838301
2018-03-22,XLF,-0.04108163361993644,-0.032391644219965765
2018-03-23,XLF,-0.07100779968268756,-0.07563071182384273
2018-03-26,XLF,-0.03384522616067309,-0.059851284823163375
2018-03-27,XLF,-0.05499488368978345,-0.06937047388839368
2018-03-28,XLF,-0.05292488470999546,-0.05441599250409501
2018-03-29,XLF,-0.0032536616488485492,-0.02466130970604863
2018-04-02,XLF,0.005219749665474227,-0.0485887543591651
2018-04-03,XLF,-0.013000949704316422,-0.048908208113867646
2018-04-04,XLF,0.01731110090367549,-0.04279915353693464
2018-04-05,XLF,0.023529632577496518,-0.03350566368339092
2018-04-06,XLF,-0.014508587167841758,-0.05969301945267658
2018-04-09,XLF,0.013353225408736069,-0.07678632611531533
2018-04-10,XLF,0.014635914646168091,-0.05976569754842109
2018-04-11,XLF,-0.007965012415139583,-0.06048019774620028
2018-04-12,XLF,0.0014365795760984401,-0.03312091933924999
2018-04-13,XLF,0.010673268426711235,-0.048015430180189056
2018-04-16,XLF,0.009516642618832671,-0.0446831949370865
2018-04-17,XLF,-0.0054094286101098454,-0.037683333364447624
2018-04-18,XLF,0.0018247236837694025,-0.04455283091764495
2018-04-19,XLF,-0.00035870965595863336,-0.02959621136203272
2018-04-20,XLF,0.015295184418768093,0.007953735444399701
2018-04-23,XLF,0.00978986475705268,0.03840401141701788
2018-04-24,XLF,0.003263342140229275,-0.0007221810544133511
2018-04-25,XLF,0.007286087814924791,0.01841632859782405
2018-04-26,XLF,-0.007534965943950533,0.01691176717676779
2018-04-27,XLF,-0.006455974186978075,0.0047154161642832815
2018-04-30,XLF,-0.0143626405645636,0.018175168345866854
2018-05-01,XLF,-0.007589670358816747,0.004756417349968345
2018-05-02,XLF,-0.018083300591988816,-0.017016526103271756
2018-05-03,XLF,-0.02675338584240894,-0.0330461348642328
2018-05-04,XLF,-0.015523776763959773,0.003680423241698483
2018-05-07,XLF,0.0,0.004758402910481463
2018-05-08,XLF,0.006555287798201803,-0.0032455285347640084
2018-05-09,XLF,0.0331493586312781,0.023722709693922983
2018-05-10,XLF,0.05052008576835587,0.014347266769956235
2018-05-11,XLF,0.03630384836488809,0.0291336652774008
2018-05-14,XLF,0.02877969764611632,0.023930663760170168
2018-05-15,XLF,0.01989872467814502,0.022117686923174062
2018-05-16,XLF,0.0067735399109614125,0.02877969764611632
2018-05-17,XLF,-0.0035361229738655187,0.01112310971927255
2018-05-18,XLF,-0.010969840629731276,0.0025106477435994368
2018-05-21,XLF,-0.0031869154739547767,0.010772160531775876
2018-05-22,XLF,0.005320920724979583,0.024213933616710204
2018-05-23,XLF,-0.0028330154969982146,0.018444671508434984
2018-05-24,XLF,-0.008516748341937275,0.010122870076306967
2018-05-25,XLF,-0.0035776346071660914,0.005414964011036361
2018-05-29,XLF,-0.04369468373890306,-0.019307880944249844
2018-05-30,XLF,-0.0328156053892793,-0.0018204126360651385
2018-05-31,XLF,-0.03480099883355414,0.0011050634701226247
2018-06-01,XLF,-0.01646377451766956,0.02080235415785392
2018-06-04,XLF,-0.010053808371116024,0.011001272694810327
2018-06-05,XLF,0.019688014789840613,0.0
2018-06-06,XLF,0.019700508673608175,0.011215424846765076
2018-06-07,XLF,0.0316409753850575,-0.00035653556474046777
2018-06-08,XLF,0.021834077785676698,-0.007072167116712991
2018-06-11,XLF,0.016321897765184668,-0.00849279511078549
2018-06-12,XLF,0.01821473224963266,-0.010269414745116667
2018-06-13,XLF,-0.0035776346071660914,-0.012061059429693599
2018-06-14,XLF,-0.016048868677117634,-0.023017313468937317
2018-06-15,XLF,-0.017485879449324115,-0.02097242159233348
2018-06-18,XLF,-0.01717396517421721,-0.014712458007420048
2018-06-19,XLF,-0.017227825309591327,-0.024210561911882644
2018-06-20,XLF,-0.01622360011783086,-0.03323307590498159
2018-06-21,XLF,-0.009864856970239866,-0.02990681891843061
2018-06-22,XLF,-0.014561141968467584,-0.026940881518639492
2018-06-25,XLF,-0.023340712719682633,-0.03425468762007222
2018-06-26,XLF,-0.024131622664834484,-0.0042489157219570695
2018-06-27,XLF,-0.03372428875408706,-0.03414136705035842
2018-06-28,XLF,-0.022426168610218955,-0.01746924034427977
2018-06-29,XLF,-0.017731808154403006,-0.028195407443355247
2018-07-02,XLF,-0.0022406132874865925,-0.026632499070299298
2018-07-03,XLF,-0.007867924915891167,-0.03115798638112155
2018-07-05,XLF,0.006828603336223926,-0.04633361446699913
2018-07-06,XLF,0.0030085249470739317,-0.044738672201749985
2018-07-09,XLF,0.025949414640336066,-0.024281559449616297
2018-07-10,XLF,0.017215835617995223,-0.025776343106632682
2018-07-11,XLF,0.02152563350812553,-0.02800762905415144
2018-07-12,XLF,0.02110010392730799,-0.022714785214785205
2018-07-13,XLF,0.011623721316997182,-0.017872952736745162
2018-07-16,XLF,0.00659806944079766,-0.0003641901601103559
2018-07-17,XLF,0.01140545203098342,0.0025529271354476357
2018-07-18,XLF,0.03253239137111974,0.021206779163602585
2018-07-19,XLF,0.015129109400202179,0.00843105184646098
2018-07-20,XLF,0.021497355170338794,0.01323560554654013
2018-07-23,XLF,0.017480059649680912,0.03213862040672888
2018-07-24,XLF,0.019279473434958394,0.046303079251831525
2018-07-25,XLF,0.005370336063841519,0.05207938550278857
2018-07-26,XLF,0.020356361595985195,0.06487105802931814
2018-07-27,XLF,0.020682024276674316,0.05791638005302624
2018-07-30,XLF,0.007516401660742522,0.05866869911912209
2018-07-31,XLF,-0.002498181916125719,0.04603297921283134
2018-08-01,XLF,-0.0046297247824779175,0.05551324646954314
2018-08-02,XLF,-0.003918958116065907,0.05350391262143872
2018-08-03,XLF,-0.0003554875039631922,0.054368210933683825
2018-08-06,XLF,0.004262739763833956,0.036290399027421705
2018-08-07,XLF,0.016100199775327173,0.04488573804398577
2018-08-08,XLF,0.018604876487543942,0.052495311702350334
2018-08-09,XLF,0.012160461728385252,0.044280577908438534
2018-08-10,XLF,-0.005334445616843375,0.03669350466298593
2018-08-13,XLF,-0.02016259822992006,0.00874035316439481
2018-08-14,XLF,-0.015492982735457184,0.017096891536661163
2018-08-15,XLF,-0.025641219559374817,-0.006803024389398726
2018-08-16,XLF,-0.006714080941540024,0.021810116543266478
2018-08-17,XLF,0.007150660025212918,0.022133383097275416
2018-08-20,XLF,0.02021648811902077,0.011453276915963428
2018-08-21,XLF,0.014663845698884126,0.012491147238651523
2018-08-22,XLF,0.019106125859093437,0.006766447866644487
2018-08-23,XLF,0.0010675373951976042,0.002493810548211295
2018-08-24,XLF,0.002484957951290223,0.0039104414531414555
2018-08-27,XLF,0.012738836493104033,0.016696118437912855
2018-08-28,XLF,0.007754643702324149,0.022898040724623314
2018-08-29,XLF,0.010965852267413867,0.02254058147287341
2018-08-30,XLF,0.007818024169922166,0.0143063555133911
2018-08-31,XLF,0.003186925251059236,0.007467971263237727
2018-09-04,XLF,-0.005241018604278169,0.007074697806790375
2018-09-05,XLF,-0.0034976792257807032,0.003169049393823453
2018-09-06,XLF,-0.007697817275457486,-0.003863741140882726
2018-09-07,XLF,-0.0010578917069853366,0.0010599776850930276
2018-09-10,XLF,-0.0010588553220799435,0.011798593009649139
2018-09-11,XLF,-0.004917545428157144,0.022743529100277327
2018-09-12,XLF,-0.014741892800414269,0.003934376773855552
2018-09-13,XLF,-0.011636182620160418,0.010454316418473164
2018-09-14,XLF,-0.003529857267650205,0.004269123026597654
2018-09-17,XLF,-0.006714080941540024,-0.0021301328100339356
2018-09-18,XLF,-0.002824058189561107,-0.00035408784520418735
2018-09-19,XLF,0.023512641601403317,0.012689601903095982
2018-09-20,XLF,0.03389227179926135,0.025114933805932438
2018-09-21,XLF,0.02258238618225117,0.02585277998908908
2018-09-24,XLF,0.015513681795838119,0.010838611338489734
2018-09-25,XLF,0.006569760370167099,-0.006443408710413934
2018-09-26,XLF,-0.022134209253126147,-0.017345616282151033
2018-09-27,XLF,-0.03403579196407258,-0.02051653578728163
2018-09-28,XLF,-0.04036190427271513,-0.023189321210940084
2018-10-01,XLF,-0.025686331441862498,-0.018254872603188033
2018-10-02,XLF,-0.021900395366017955,-0.023082648866033728
2018-10-03,XLF,-0.0007152813584861972,-0.014601884125641895
2018-10-04,XLF,0.009687813508321153,-0.0033554953662449094
2018-10-05,XLF,0.015228428022897367,-0.007263822727842872
2018-10-08,XLF,0.018057112392761088,0.0005320281661971293
2018-10-09,XLF,0.014084680149929918,-0.0044273064950517416
2018-10-10,XLF,-0.026475577594157862,-0.02633723631765028
2018-10-11,XLF,-0.061833744794433376,-0.05397362161415631
2018-10-12,XLF,-0.0560712390368151,-0.059608321824518584
2018-10-15,XLF,-0.06669009073927568,-0.05988151195639513
2018-10-16,XLF,-0.04736464506599625,-0.048896281515001916
2018-10-17,XLF,-0.006982571996048015,-0.055347189632854454
2018-10-18,XLF,0.006439577687325393,-0.07909323368210652
2018-10-19,XLF,0.009080493811635115,-0.0720249910303633
2018-10-22,XLF,-0.007981838832489707,-0.08163264512659463
2018-10-23,XLF,-0.03214944058421898,-0.08548189878105361
2018-10-24,XLF,-0.06587732189954087,-0.09760457780069431
2018-10-25,XLF,-0.03537828536562215,-0.08037310642163364
2018-10-26,XLF,-0.05286833226414123,-0.08411877167454052
2018-10-29,XLF,-0.023754876538636616,-0.07981209678803147
2018-10-30,XLF,0.0011583947555984242,-0.0639220485791735
2018-10-31,XLF,0.04120444225748221,-0.05974933395954385
2018-11-01,XLF,0.0300427722811889,-0.061833744794433376
2018-11-02,XLF,0.044338931246687086,-0.05785693471859643
2018-11-05,XLF,0.05180540096849717,-0.04930814320480825
2018-11-06,XLF,0.039352042698556744,-0.04059833465734486
2018-11-07,XLF,0.03843245254618188,0.002940226945366442
2018-11-08,XLF,0.0367424583285374,0.0367424583285374
2018-11-09,XLF,0.02805150708167492,0.026106670550821498
2018-11-12,XLF,-0.008208951039355705,0.010262148224814194
2018-11-13,XLF,-0.007795018374176954,-0.0007476556451759819
2018-11-14,XLF,-0.03371186499284917,-0.024056160457609055
2018-11-15,XLF,-0.022287184029461282,0.007150762788785903
2018-11-16,XLF,-0.012168175665930314,0.004499473082460126
2018-11-19,XLF,0.007524541310357069,0.02605370278251118
2018-11-20,XLF,-0.020202137117146468,0.011587276521828116
2018-11-21,XLF,-0.006067938179873278,0.03843092068973375
2018-11-23,XLF,-0.028400382623640974,0.014436313137313972
2018-11-26,XLF,-0.009705011374207317,0.05027719815216969
2018-11-27,XLF,-0.00858882005968109,0.04199354005582556
2018-11-28,XLF,0.03321894450464047,0.04398179508583944
2018-11-29,XLF,0.023655185415898616,0.020928410904129446
2018-11-30,XLF,0.037307632744434605,0.021591101717084005
2018-12-03,XLF,0.022993009635273065,0.028809900447152925
2018-12-04,XLF,-0.022221992860162576,-0.031343282597495414
2018-12-06,XLF,-0.05395417475855013,-0.0497400512104611
2018-12-07,XLF,-0.06410716612597855,-0.07988277781498321
2018-12-10,XLF,-0.08194292798582115,-0.09535977030380571
2018-12-11,XLF,-0.09653665345844054,-0.09587016875096255
2018-12-12,XLF,-0.05007727914746751,-0.07223499795511601
2018-12-13,XLF,-0.04375022606372536,-0.08417526817722332
2018-12-14,XLF,-0.034647709866827414,-0.08077390640763071
2018-12-17,XLF,-0.03069469982155515,-0.10313892272269276
2018-12-18,XLF,-0.02487783695936463,-0.10750290181077449
2018-12-19,XLF,-0.04257881584566037,-0.11837197958521317
2018-12-20,XLF,-0.04411764042098654,-0.10652927631437392
2018-12-21,XLF,-0.05395609239550847,-0.1250626889310319
2018-12-24,XLF,-0.06462086267042289,-0.13657320797074335
2018-12-26,XLF,-0.018594489817723492,-0.11551448806171916
2018-12-27,XLF,0.005808976305636815,-0.10556851219980956
2018-12-28,XLF,0.014405384653887632,-0.12279820462270452
2018-12-31,XLF,0.04519525414464409,-0.10665198766924677
2019-01-02,XLF,0.07664757723345139,-0.10382770316915158
2019-01-03,XLF,0.006861045372349661,-0.12946227512895347
2019-01-04,XLF,0.027966072751526072,-0.05965851436074365
2019-01-07,XLF,0.029673471435954335,-0.04525616656522036
2019-01-08,XLF,0.02057068348215796,-0.025823514688275262
2019-01-09,XLF,0.01706931447710769,-0.0071757286380895735
2019-01-10,XLF,0.04088594029833725,0.00295211951455987
2019-01-11,XLF,0.009892710751394196,-0.00029340164435764926
2019-01-14,XLF,0.01564466851780355,0.01404519055384812
2019-01-15,XLF,0.023858478726899834,0.033217473514445484
2019-01-16,XLF,0.040523761055526686,0.06577075841277913
2019-01-17,XLF,0.04582630050772929,0.07567415088542906
2019-01-18,XLF,0.061224647126693066,0.10809463967236632
2019-01-22,XLF,0.04175093551103193,0.10513863481609009
2019-01-23,XLF,0.033748672468920216,0.1290038263887645
2019-01-24,XLF,0.014555320525231785,0.15598408202139624
2019-01-25,XLF,0.017214612374352622,0.11492288669829098
2019-01-28,XLF,-0.0030769992301378224,0.0983050055654826
2019-01-29,XLF,0.005058673468079755,0.09495590925472275
2019-01-30,XLF,0.009716322178466408,0.09068003015340764
2019-01-31,XLF,0.005816128981163127,0.07993317323974458
2019-02-01,XLF,0.0019232195479115255,0.10945510636504774
2019-02-04,XLF,0.009259573862348658,0.07831850804266516
2019-02-05,XLF,0.010065573921030024,0.07410484933367201
2019-02-06,XLF,0.0030791987675427013,0.07198694658287819
2019-02-07,XLF,-0.005397014349140972,0.05607822703791987
2019-02-08,XLF,-0.01458758562546103,0.050327219032270554
2019-02-11,XLF,-0.01567313560182204,0.051020434689965644
2019-02-12,XLF,0.0015332346756502524,0.05918116589325395
2019-02-13,XLF,0.005372330110710699,0.052631820439090315
2019-02-14,XLF,0.0031007672751834914,0.018095808566375826
2019-02-15,XLF,0.02960689576165687,0.03403801089796521
2019-02-19,XLF,0.027961092907770713,0.01807672639110325
2019-02-20,XLF,0.019517596464653453,0.03657582600815834
2019-02-21,XLF,0.011450308092142203,0.029926139153247933
2019-02-22,XLF,0.022410943935852412,0.025978845702180564
2019-02-25,XLF,0.005296704620760373,0.02192299654634766
2019-02-26,XLF,0.000755777875812047,0.02199083125777679
2019-02-27,XLF,-0.0018769340656731304,0.029422728086660133
2019-02-28,XLF,0.0007545906335453267,0.020785035491305726
2019-03-01,XLF,0.008692615028907946,0.028912994151294225
2019-03-04,XLF,-0.0018818786582958102,0.018041943302771646
2019-03-05,XLF,-0.0026425201582013225,0.00993859883235615
2019-03-06,XLF,-0.012786689750602154,0.0061325178080484655
2019-03-07,XLF,-0.020361814455187255,-0.003069746408186025
2019-03-08,XLF,-0.026976242888797297,0.006589364553818866
2019-03-11,XLF,-0.010558042276557433,0.022204915152628457
2019-03-12,XLF,-0.004541918227682573,0.021359445387235
2019-03-13,XLF,0.008762238532782574,0.013394719001377897
2019-03-14,XLF,0.02309462477141655,0.01450373476011002
2019-03-15,XLF,0.030648830853535758,0.03423323515651644
2019-03-18,XLF,0.030386033062769435,0.022978451132286803
2019-03-19,XLF,0.020009300980928568,0.013458720497676602
2019-03-20,XLF,-0.007800670811409782,-0.013759484011723777
2019-03-21,XLF,-0.014558394245321904,-0.01158348420311539
2019-03-22,XLF,-0.04844189496555418,-0.03743888575695342
2019-03-25,XLF,-0.06208181041628147,-0.04558515664178686
2019-03-26,XLF,-0.04346191562391988,-0.031320243629530786
2019-03-27,XLF,-0.02754378985783401,-0.03912077858972418
2019-03-28,XLF,-0.016116797246976122,-0.028246868594853147
2019-03-29,XLF,0.014601357418344119,-0.031800373515057156
2019-04-01,XLF,0.04399504716872871,-0.0017169830852363788
2019-04-02,XLF,0.03094390362056254,0.0013004460037677745
2019-04-03,XLF,0.03855217539788813,0.010848613293278575
2019-04-04,XLF,0.03588147155288968,0.027543718282350582
2019-04-05,XLF,0.034617132451547405,0.029487629539993954
2019-04-08,XLF,0.011010229609365485,0.0200440099268826
2019-04-09,XLF,0.003419656178066166,0.009308747055656763
2019-04-10,XLF,0.003409210264181173,0.005484513611964559
2019-04-11,XLF,0.003388590612364295,0.007751989226090883
2019-04-12,XLF,0.020300555903807194,0.01915101368316363
2019-04-15,XLF,0.012767205700388251,0.0026020233934356263
2019-04-16,XLF,0.03559244429801911,0.024728413171873243
2019-04-17,XLF,0.035107410464608746,0.04896711832922662
2019-04-18,XLF,0.02589110384302251,0.049117263356675656
2019-04-22,XLF,0.004421592514007644,0.07576960225550566
2019-04-23,XLF,0.0170560463530387,0.08719764826254672
2019-04-24,XLF,0.0018283508874192833,0.07324736259202891
2019-04-25,XLF,0.0010942896440928607,0.07985838460560513
2019-04-26,XLF,0.013167662071033481,0.08034335984112029
2019-04-29,XLF,0.02641236780049172,0.08829267434499011
2019-04-30,XLF,0.021509385895740918,0.0637814853967189
2019-05-01,XLF,0.01423327596055679,0.0558510357886266
2019-05-02,XLF,0.013478832895841286,0.05378780310540243
2019-05-03,XLF,0.013357262376898271,0.05685237126066456
2019-05-06,XLF,-0.003573976112266841,0.048120225647346304
2019-05-07,XLF,-0.021413400469081023,0.029665453375825823
2019-05-08,XLF,-0.015472897739750469,0.035971295044062934
2019-05-09,XLF,-0.018691485284138,0.030577488539092146
2019-05-10,XLF,-0.021018891656578775,0.031144379607408457
2019-05-13,XLF,-0.043041542792979004,-0.01694896832191717
2019-05-14,XLF,-0.01932889093601131,-0.0029661738221123946
2019-05-15,XLF,-0.020833341652475523,-0.020475133149643443
2019-05-16,XLF,-0.008791276164945905,-0.013129085058467882
2019-05-17,XLF,-0.021833952106031118,-0.016825061811829856
2019-05-20,XLF,0.008620307693920415,-0.012839587042085543
2019-05-21,XLF,0.011156547913226955,-0.008749532097270918
2019-05-22,XLF,0.008958553111620082,-0.013503669047943867
2019-05-23,XLF,-0.015151453977890528,-0.02914401196193883
2019-05-24,XLF,-0.0007440465303435451,-0.030324943180222608
2019-05-28,XLF,-0.013377667072446697,-0.05110797554655322
2019-05-29,XLF,-0.02537706168535414,-0.05424712002428067
2019-05-30,XLF,-0.022937523412936422,-0.04965793263762719
2019-05-31,XLF,-0.024015056914381994,-0.06506105951692764
2019-06-03,XLF,-0.025316499975554185,-0.06733161802122378
2019-06-04,XLF,0.012806007921403184,-0.03550939036550671
2019-06-05,XLF,0.021132130047961883,-0.013129085058467882
2019-06-06,XLF,0.028398168741892826,-0.007310170019573792
2019-06-07,XLF,0.042676044754258236,-0.006593317054941261
2019-06-10,XLF,0.04469049837187877,-0.00473074660874373
2019-06-11,XLF,0.01747871362024389,0.025487216711447713
2019-06-12,XLF,0.0011086863028226812,0.007437698608818044
2019-06-13,XLF,0.0007363760771501582,0.014557444898895433
2019-06-14,XLF,0.00442469141691082,0.006651956318567187
2019-06-17,XLF,-0.013162688315747295,0.004092133982026791
2019-06-18,XLF,-0.00036569618082693545,0.016350942106842625
2019-06-19,XLF,0.007751967372159996,0.004045639493837738
2019-06-20,XLF,0.00883009110983135,0.01442827003844216
2019-06-21,XLF,0.004357150626596029,0.02659245891612194
2019-06-24,XLF,0.009563884038118475,0.014449952682518363
2019-06-25,XLF,-0.007032020467942823,0.022887793837765624
2019-06-26,XLF,-0.007054423439731949,0.022921416280245355
2019-06-27,XLF,-0.002602484066180133,0.03554098215256385
2019-06-28,XLF,0.01396037704534936,0.06653702404831918
2019-07-01,XLF,0.03024709539753534,0.07228050659636587
2019-07-02,XLF,0.031088061640428766,0.04135183280398058
2019-07-03,XLF,0.04115680130288224,0.04298117591161388
2019-07-05,XLF,0.03491376961649939,0.04210183760143971
2019-07-08,XLF,0.01521742007177962,0.038450026173334484
2019-07-09,XLF,0.005012645450704456,0.031554771752142496
2019-07-10,XLF,0.003948463653572709,0.027504122367900008
2019-07-11,XLF,0.0017809271474367172,0.04368153398082675
2019-07-12,XLF,0.005681648426126618,0.04725152289869006
2019-07-15,XLF,0.004996466286887324,0.03904117017224862
2019-07-16,XLF,0.0007126091073783591,0.0460588131952826
2019-07-17,XLF,-0.0042905518396922915,0.023469841677675962
2019-07-18,XLF,-0.0024888500614677067,0.033075598795984984
2019-07-19,XLF,-0.013417901169459512,0.02415621279518798
2019-07-22,XLF,-0.005681880030791064,0.028655456131044144
2019-07-23,XLF,0.007119700875511281,0.043526274760882444
2019-07-24,XLF,0.02621199312127298,0.05773504058259871
2019-07-25,XLF,0.01140433892805559,0.05228037440130473
2019-07-26,XLF,0.026843167525825606,0.054391847570677276
2019-07-29,XLF,0.016785577773190008,0.0315216018001947
2019-07-30,XLF,0.003535107198617826,0.0164699873311982
2019-07-31,XLF,-0.011546671804741448,0.013998474145093143
2019-08-01,XLF,-0.02713174553492026,-0.016737757683969345
2019-08-02,XLF,-0.03799234016905639,-0.01988642570465915
2019-08-05,XLF,-0.06287300891689707,-0.0478229433219417
2019-08-06,XLF,-0.045086482379109505,-0.034200280412187145
2019-08-07,XLF,-0.053097067275293286,-0.04361811018450512
2019-08-08,XLF,-0.01267657712732706,-0.030928003960644213
2019-08-09,XLF,-0.015579752725292884,-0.040607284944416455
2019-08-12,XLF,-0.0011245620535231815,-0.05362226993106756
2019-08-13,XLF,-0.004795301537923846,-0.03951603091671263
2019-08-14,XLF,-0.02878516397168429,-0.06714525807325389
2019-08-15,XLF,-0.04218636679665455,-0.06949374007571796
2019-08-16,XLF,-0.022083142665267896,-0.049033719576800694
2019-08-19,XLF,0.007129564943012756,-0.041428520295300086
2019-08-20,XLF,-0.018532069063461276,-0.06397996880172996
2019-08-21,XLF,0.023864582989026717,-0.06927911802401576
2019-08-22,XLF,0.025660729073811117,-0.05637766002349265
2019-08-23,XLF,-0.017689224785942814,-0.0902754639973321
2019-08-26,XLF,-0.018256461846130723,-0.07446429549121436
2019-08-27,XLF,-0.01095183252744425,-0.0774922671529148
2019-08-28,XLF,-0.0063910568683756,-0.06442462632083734
2019-08-29,XLF,0.0018670548794312847,-0.02825060810468183
2019-08-30,XLF,0.031417576267491754,-0.024637832759219824
2019-09-03,XLF,0.011005700490003045,-0.0014993889099977897
2019-09-04,XLF,0.02710979112619394,-0.007746034261249868
2019-09-05,XLF,0.038592579937530624,0.026168160953365716
2019-09-06,XLF,0.022735718111419168,0.006603093900833024
2019-09-09,XLF,0.03491840165081572,0.02539566607453203
2019-09-10,XLF,0.049549401775691226,0.049155559572712226
2019-09-11,XLF,0.045353189053826126,0.04225376853547358
2019-09-12,XLF,0.029872363881734643,0.08814465189080312
2019-09-13,XLF,0.03826525903073841,0.09115279403024545
2019-09-16,XLF,0.01902379152236766,0.06849838165353628
2019-09-17,XLF,0.01645231627417454,0.05886733522707477
2019-09-18,XLF,0.014224441711401692,0.07703900779091799
2019-09-19,XLF,0.00424486746237851,0.06729317516561384
2019-09-20,XLF,-0.009366343886637818,0.053889118582704176
2019-09-23,XLF,-0.004106700233549532,0.08327263219541714
2019-09-24,XLF,-0.014706829544496647,0.06269581950040659
2019-09-25,XLF,-0.010055648057120337,0.07801492146677269
2019-09-26,XLF,-0.010125582524045051,0.0632817038797231
2019-09-27,XLF,-0.00035610420611986715,0.05155052170228003
2019-09-30,XLF,-0.004621509704447635,0.04542166240293133
2019-10-01,XLF,-0.016152315867372313,0.034149283674823616
2019-10-02,XLF,-0.044143890941403474,0.0032297980632687295
2019-10-03,XLF,-0.03576534845699675,-0.012843839791169653
2019-10-04,XLF,-0.021731481764021066,0.0058304921779326335
2019-10-07,XLF,-0.024285737460380985,-0.014383332301998841
2019-10-08,XLF,-0.02298413204449512,-0.03731996009363736
2019-10-09,XLF,0.006703914844919057,-0.03386207094895377
2019-10-10,XLF,0.012982148202388855,-0.029033496917493684
2019-10-11,XLF,0.00691913858370885,-0.024536394783630566
2019-10-14,XLF,0.01354325743914453,-0.019684195525458748
2019-10-15,XLF,0.04891709812294209,-0.006572627449168533
2019-10-16,XLF,0.03662603411201282,-0.012522585131739872
2019-10-17,XLF,0.026730294346793082,-0.00729318534642609
2019-10-18,XLF,0.01663671495264185,0.0010684666759872563
2019-10-21,XLF,0.02925241502223619,0.013153125416657918
2019-10-22,XLF,0.011747946758164929,0.020100549328889494
2019-10-23,XLF,0.018557994543482836,0.016019752394357933
2019-10-24,XLF,0.016405241049944008,0.019313552735993778
2019-10-25,XLF,0.018854455969848027,0.020306403405516482
2019-10-28,XLF,0.010175364407125631,0.028214229708841243
2019-10-29,XLF,0.015481742320851755,0.05290026076365195
2019-10-30,XLF,0.010511545245958098,0.074115319515627
2019-10-31,XLF,0.007017657566968261,0.06454040472396994
2019-11-01,XLF,0.016759988759207145,0.06045191879239842
2019-11-04,XLF,0.020145888841273774,0.07503657531395302
2019-11-05,XLF,0.021483323400361964,0.10082148391774548
2019-11-06,XLF,0.027392610340117862,0.09618938165495061
2019-11-07,XLF,0.040069407929171685,0.09300633818941484
2019-11-08,XLF,0.024725062707146694,0.07920449353154835
2019-11-11,XLF,0.013278876888105584,0.07475615436488892
2019-11-12,XLF,0.010854757889461775,0.06087567510961156
2019-11-13,XLF,-0.0006749514536458223,0.05674512407621268
2019-11-14,XLF,-0.006030082734839404,0.058131259516022604
2019-11-15,XLF,-0.003016051491419258,0.05834221938306361
2019-11-18,XLF,0.001680007640164627,0.04596475772396169
2019-11-19,XLF,0.002349143983255475,0.05102049203659109
2019-11-20,XLF,0.004052370876196809,0.041695664777668506
2019-11-21,XLF,0.0010112080725181993,0.04210526235901435
2019-11-22,XLF,0.005714309395289829,0.04469279987348451
2019-11-25,XLF,0.010063937833030057,0.04584938342986922
2019-11-26,XLF,0.00703048084089164,0.042273462298077824
2019-11-27,XLF,0.01580924892499036,0.04715685419374904
2019-11-29,XLF,0.01515141473820747,0.05052242474659163
2019-12-02,XLF,0.0013370357306985436,0.028846141704595984
2019-12-03,XLF,-0.018930681700795926,0.0057882434938967275
2019-12-04,XLF,-0.008643964652433334,0.011532996830751818
2019-12-05,XLF,-0.00794683393626694,0.011137574976660236
2019-12-06,XLF,0.006965190833057244,0.017085500106735374
2019-12-09,XLF,0.011014679163754204,0.015080619884875635
2019-12-10,XLF,0.025727907878903666,0.01814524540031126
2019-12-11,XLF,0.013749217265485836,0.014429398261306847
2019-12-12,XLF,0.02870459986020113,0.04086440741481234
2019-12-13,XLF,0.01152835420142484,0.035052272845239596
2019-12-16,XLF,0.01749719471044564,0.03596621057225757
2019-12-17,XLF,0.02112206824930296,0.037906887260982236
2019-12-18,XLF,0.019186317155258203,0.031469492076742434
2019-12-19,XLF,-0.00064882060275262,0.03599085397794344
2019-12-20,XLF,0.004108936724318335,0.03825534495456928
2019-12-23,XLF,-0.0017574651740540626,0.0282696849142825
2019-12-24,XLF,-0.003355398085891359,0.024117640213317193
2019-12-26,XLF,0.006395817445409291,0.030819426420704676
2019-12-27,XLF,0.004111888422258847,0.02406109599499806
2019-12-30,XLF,0.0,0.022759097688220153
2019-12-31,XLF,0.005553825680163937,0.03259989254464579
2020-01-02,XLF,0.01303777892003155,0.057488844308265064
2020-01-03,XLF,-0.0032416226864200315,0.036436822036581384
2020-01-06,XLF,-0.001300090262870146,0.030922292394364392
2020-01-07,XLF,-0.004889237238868471,0.010718736940076967
2020-01-08,XLF,-0.0016246371536485782,0.019690726199026454
2020-01-09,XLF,-0.005148076260492851,0.025656807241076995
2020-01-10,XLF,-0.0019511590185502525,0.02038507292204339
2020-01-13,XLF,0.005531928690964305,0.007699665329279792
2020-01-14,XLF,0.010153937702130245,0.009345420510115554
2020-01-15,XLF,-0.0019524989724887254,0.00019910265549039075
2020-01-16,XLF,0.0006469265109578792,0.005090736683847075
2020-01-17,XLF,0.01107834668425478,0.01226756594510836
2020-01-21,XLF,-0.004206873866841043,0.004111888422258847
2020-01-22,XLF,0.0006483952983944441,0.005866832168758274
2020-01-23,XLF,0.003586783057372145,0.005553825680163937
2020-01-24,XLF,-0.017776438623481994,-0.009452515975964748
2020-01-27,XLF,-0.035771630478896976,-0.03014590510925641
2020-01-28,XLF,-0.016249554665407007,-0.016249554665407007
2020-01-29,XLF,-0.020738621941225333,-0.01499345978680755
2020-01-30,XLF,-0.005848330190144857,-0.005848330190144857
2020-01-31,XLF,-0.014149331059379211,-0.036036049135704795
2020-02-03,XLF,0.008355451049282703,-0.018861857031692297
2020-02-04,XLF,0.006276598906091779,-0.00878628039106566
2020-02-05,XLF,0.02812707247905899,0.017687606706359604
2020-02-06,XLF,0.014052370457544816,0.009762354802978601
2020-02-07,XLF,0.03204266388542609,0.0
2020-02-10,XLF,0.027842079423074928,0.010426571988357392
2020-02-11,XLF,0.02166779801647345,0.0071198232312064125
2020-02-12,XLF,0.0022526531687099283,0.009727394854873062
2020-02-13,XLF,0.0032226113062079342,0.014998209344973867
2020-02-14,XLF,0.008085432996718156,0.0074336974298183645
2020-02-18,XLF,-0.0035471798726376402,-0.004189526468175608
2020-02-19,XLF,0.00032121156715692045,0.011699413592080266
2020-02-20,XLF,-0.002247590127686827,0.006805133815376951
2020-02-21,XLF,-0.011564120167413261,-0.0003249693803054621
2020-02-24,XLF,-0.04491487878198097,-0.020401288602321932
2020-02-25,XLF,-0.06925563926897549,-0.03877026242552195
2020-02-26,XLF,-0.08287811864890571,-0.056822109757940775
2020-02-27,XLF,-0.12037339615430276,-0.09563207491342629
2020-02-28,XLF,-0.13584680853682807,-0.131045700198562
2020-03-02,XLF,-0.0611354693518088,-0.06708945545651457
2020-03-03,XLF,-0.06467303082123876,-0.10838574215622365
2020-03-04,XLF,-0.026619919853129392,-0.08765584791041292
2020-03-05,XLF,-0.03219902086138182,-0.14869651152175678
2020-03-06,XLF,-0.039112347266901826,-0.17660321912980137
2020-03-09,XLF,-0.18389976590403512,-0.26228968972444067
2020-03-10,XLF,-0.10223040609616652,-0.2212187200658554
2020-03-11,XLF,-0.17812152519300173,-0.26606669831989405
2020-03-12,XLF,-0.22986791355984126,-0.34585742456979585
2020-03-13,XLF,-0.09784755674009427,-0.25955674317665334
2020-03-16,XLF,-0.12801423404547585,-0.3618865337177454
2020-03-17,XLF,-0.13167720083916934,-0.3213591980802085
2020-03-18,XLF,-0.1598076265883701,-0.3835528472915489
2020-03-19,XLF,-0.03730950263751154,-0.3688445800221394
2020-03-20,XLF,-0.17960943696960552,-0.3854404997315054
2020-03-23,XLF,-0.10458777138881725,-0.4017553113779775
2020-03-24,XLF,-0.04538306821760807,-0.3039528065448759
2020-03-25,XLF,0.07154229991652117,-0.2797585433060539
2020-03-26,XLF,0.11441864466820806,-0.20037506297375995
2020-03-27,XLF,0.12047351588996524,-0.20315327098023384
2020-03-30,XLF,0.21234417918541793,-0.22749401824907556
2020-03-31,XLF,0.048866646914922374,-0.2194593869833258
2020-04-01,XLF,-0.04119657731449944,-0.2905443742654482
2020-04-02,XLF,-0.07521912306657275,-0.23591950574473708
2020-04-03,XLF,-0.06520682614488937,-0.22479294975043795
2020-04-06,XLF,-0.01681430844315479,-0.06933389286312708
2020-04-07,XLF,0.021133383678245243,-0.11220419729053044
2020-04-08,XLF,0.13503878057262386,-0.020220539912263025
2020-04-09,XLF,0.16666673765532147,0.15749923063115934
2020-04-13,XLF,0.14714858898419814,-0.01427116835043496
2020-04-14,XLF,0.075059506431155,0.14740570873372527
2020-04-15,XLF,0.018344279289298493,0.0411816639387641
2020-04-16,XLF,-0.04146023881808414,0.11778873434659287
2020-04-17,XLF,-0.04234414178129098,0.151445788791444
2020-04-20,XLF,-0.023524254835580738,0.17327080392001104
2020-04-21,XLF,-0.05921336574224201,0.2055497125854837
2020-04-22,XLF,-0.006004445254862878,0.08413114326909144
2020-04-23,XLF,0.00752238984459308,0.05100580449131975
2020-04-24,XLF,-0.029030548690818003,0.003230420725741201
2020-04-27,XLF,0.02181806224816718,0.06996665459036921
2020-04-28,XLF,0.06716751440394964,0.061186676488742764
2020-04-29,XLF,0.08643135845666094,0.12295883770489513
2020-04-30,XLF,0.06346242296658122,0.1657292339087748
2020-05-01,XLF,0.014719524640627535,0.10079860106917438
2020-05-04,XLF,-0.027579863926567305,0.11303457165816799
2020-05-05,XLF,-0.04093310859561661,0.0351544125995491
2020-05-06,XLF,-0.08810958156936677,0.002822374395857974
2020-05-07,XLF,-0.042562736180043914,-0.016674472122022777
2020-05-08,XLF,0.01042582703129269,-0.04662119782760121
2020-05-11,XLF,0.0,-0.029738098144930114
2020-05-12,XLF,-0.022946139849538638,-0.05921336574224201
2020-05-13,XLF,-0.03095673939573862,-0.04572718357128425
2020-05-14,XLF,-0.028872454516569057,-0.00376119492229654
2020-05-15,XLF,-0.05563019113654799,-0.059847909397537036
2020-05-18,XLF,0.012351251646929517,0.005909113085977857
2020-05-19,XLF,0.014090878064851653,0.014090878064851653
2020-05-20,XLF,0.06824770149264836,0.025557647496993185
2020-05-21,XLF,0.03822544555752638,0.026598006862196488
2020-05-22,XLF,0.041329801469514926,0.008279290906826109
2020-05-26,XLF,0.04202451355226655,0.025800964934046933
2020-05-27,XLF,0.11440494151984648,0.0589789048225251
2020-05-28,XLF,0.072949767429898,0.012831441952296574
2020-05-29,XLF,0.06409100039972193,0.027204794959345024
2020-06-01,XLF,0.08029232751733151,0.07343591555215534
2020-06-02,XLF,0.03512563701781035,0.0919486730997261
2020-06-03,XLF,0.029093844620028175,0.1363010049690243
2020-06-04,XLF,0.06841201648668638,0.18667908049709103
2020-06-05,XLF,0.12088837753429083,0.20256643388170747
2020-06-08,XLF,0.12922275788473114,0.19964101524770927
2020-06-09,XLF,0.09635507484316763,0.1971634692211479
2020-06-10,XLF,0.017366962953323073,0.18318462223579135
2020-06-11,XLF,-0.08577064720757277,0.11955460797350215
2020-06-12,XLF,-0.09184448445723681,0.1245869245657163
2020-06-15,XLF,-0.09648443575590104,0.1477435201855546
2020-06-16,XLF,-0.062284926276629404,0.10890190432752611
2020-06-17,XLF,-0.04049252090820721,0.11949975957582559
2020-06-18,XLF,0.043666089379928996,0.09379236474680663
2020-06-19,XLF,0.006294568956392688,0.08999997963077178
2020-06-22,XLF,-0.0123657766417683,0.08856077927784933
2020-06-23,XLF,-0.02314789251134375,0.039546717137950216
2020-06-24,XLF,-0.04316961398226371,-0.03879519266953679
2020-06-25,XLF,-0.01655007311369583,0.00255394408231302
2020-06-26,XLF,-0.05237525760755979,-0.029302052627673714
2020-06-29,XLF,-0.03711510640107407,-0.02974527965061402
2020-06-30,XLF,-0.02854741423780638,-0.024398285319557345
2020-07-01,XLF,-0.0017406045278970383,-0.06759550170579931
2020-07-02,XLF,-0.026282269369036992,-0.0863032835618468
2020-07-06,XLF,0.03675820290600873,-0.10215943027610097
2020-07-07,XLF,0.004380473734618473,-0.13701270288493284
2020-07-08,XLF,0.0012963352573867049,-0.1089871849044074
2020-07-09,XLF,-0.011334119006354726,-0.09389969566884027
2020-07-10,XLF,0.02133242843534844,0.020737393087246536
2020-07-13,XLF,0.006407553634571572,-0.005023351325832759
2020-07-14,XLF,0.032708139680688975,-0.013615214346222815
2020-07-15,XLF,0.04229621461782718,-0.009614636285477984
2020-07-16,XLF,0.06481503729059357,0.005546335353890708
2020-07-17,XLF,0.020886680201869234,-0.0015415666078940626
2020-07-20,XLF,0.011884549473686334,0.0005037579847331219
2020-07-21,XLF,0.026604480421872134,0.025305742169323908
2020-07-22,XLF,0.006625108137839453,0.020570837903260752
2020-07-23,XLF,0.007453422256960218,0.058746786885010005
2020-07-24,XLF,0.01336068565788695,0.02882566260040753
2020-07-27,XLF,0.009647342393624525,0.06598732083948033
2020-07-28,XLF,-0.012340234569037323,0.0516866922909458
2020-07-29,XLF,0.006170509788392398,0.05704415768538862
2020-07-30,XLF,-0.012741443064576807,0.047079376083188906
2020-07-31,XLF,-0.009888442143356935,0.04614730482529272
2020-08-03,XLF,0.0012465129570837785,0.02947445687464234
2020-08-04,XLF,-0.0004167485032732232,0.04666352137166929
2020-08-05,XLF,-0.005314851877219362,0.050064888422205245
2020-08-06,XLF,0.01248939582930575,0.07231045923249435
2020-08-07,XLF,0.033707803698395544,0.05882335927846638
2020-08-10,XLF,0.03817420252323256,0.06196919868503259
2020-08-11,XLF,0.054583242517199704,0.0688342308736869
2020-08-12,XLF,0.03740231747692602,0.045134514999430664
2020-08-13,XLF,0.031250166200636365,0.03850931906064581
2020-08-14,XLF,0.013687887383576847,0.05135705558146153
2020-08-17,XLF,-0.010391537139340379,0.0385905258289454
2020-08-18,XLF,-0.028052188981227744,0.011929239401632152
2020-08-19,XLF,-0.02575277730312564,0.011517982564977824
2020-08-20,XLF,-0.02870832652392452,0.001232843272467754
2020-08-21,XLF,-0.03455161576335686,0.0016482629854004394
2020-08-24,XLF,0.005250541637931594,0.03406768362743562
2020-08-25,XLF,0.014634160637193583,0.03956646851610324
2020-08-26,XLF,0.010166762568674548,0.015535474143995476
2020-08-27,XLF,0.03694611145904547,0.05162370708566044
2020-08-28,XLF,0.043192347395584196,0.05534754587698765
2020-08-31,XLF,0.0068298111018954,0.03983400401396575
2020-09-01,XLF,0.006810743529105601,0.0470830594124374
2020-09-02,XLF,0.026167475187391043,0.04767772539108961
2020-09-03,XLF,-0.00633414836100199,0.03207260323860406
2020-09-04,XLF,-0.0027601893604282113,0.01811612821718822
2020-09-08,XLF,-0.016759736357118915,-0.015187761585084614
2020-09-09,XLF,-0.009549955136760713,-0.016594023725280183
2020-09-10,XLF,-0.03726958612076825,-0.027733798946087407
2020-09-11,XLF,-0.015538001069488883,-0.014752878276854453
2020-09-14,XLF,-0.00949020280560875,-0.005163214208211531
2020-09-15,XLF,0.0028409308491115226,-0.0020194259164597606
2020-09-16,XLF,0.004017500863832124,0.01585373148685587
2020-09-17,XLF,0.007742545228571318,0.00569341463202222
2020-09-18,XLF,-0.00121405586304546,0.01313642806874915
2020-09-21,XLF,-0.03945624147663329,-0.010217137504137663
2020-09-22,XLF,-0.0343778264040846,-0.04136120177278113
2020-09-23,XLF,-0.06652247315377957,-0.06540045102528991
2020-09-24,XLF,-0.054675269076826516,-0.05886147534616437
2020-09-25,XLF,-0.04298211790484552,-0.06495654118463967
2020-09-28,XLF,0.0050146650643472235,-0.046440194350374275
2020-09-29,XLF,0.0008424511489415476,-0.04706198207007062
2020-09-30,XLF,0.037499726174873516,-0.036912565368954375
2020-10-01,XLF,0.036989244425006174,-0.04893640543243161
2020-10-02,XLF,0.034482328324057177,-0.026548076736251036
2020-10-05,XLF,0.027027024657195975,-0.017957687227766583
2020-10-06,XLF,0.029473756739041734,-0.002253347901856384
2020-10-07,XLF,0.032821416875370435,0.004288236412619328
2020-10-08,XLF,0.04520944715223152,0.0325431081782368
2020-10-09,XLF,0.03827185039115544,0.026659973398549752
2020-10-12,XLF,0.03279337104403668,0.023964420734414515
2020-10-13,XLF,0.023312916982842102,0.018114643669283836
2020-10-14,XLF,-0.0032180738059208736,-0.0029492893459117653
2020-10-15,XLF,-0.009127061367077638,0.015258340247688906
2020-10-16,XLF,-0.009512476490244004,0.018129961186842625
2020-10-19,XLF,-0.035280189012792396,0.028416200368761357
2020-10-20,XLF,-0.008393119733755894,0.04551191259693743
2020-10-21,XLF,-0.004035642874114398,0.0637931192767709
2020-10-22,XLF,0.00800953306719343,0.08258046364262284
2020-10-23,XLF,0.010404060699186424,0.07492520918267132
2020-10-26,XLF,0.002844344421198075,0.02619534430864956
2020-10-27,XLF,-0.023377864785247282,0.020210598881690744
2020-10-28,XLF,-0.043355033635610885,-0.019110745637282767
2020-10-29,XLF,-0.05482714505103581,-0.013272632253352623
2020-10-30,XLF,-0.055049393815510994,-0.018106737825332564
2020-11-02,XLF,-0.014992092021357983,-0.015789745540263245
2020-11-03,XLF,0.025588475938637556,0.016360277660526723
2020-11-04,XLF,0.04023724608050938,-0.012067797978900008
2020-11-05,XLF,0.05758728050456474,-0.0015873695957759892
2020-11-06,XLF,0.04610225690488745,-0.010701525603672657
2020-11-09,XLF,0.11106590681816453,0.05880081101374324
2020-11-10,XLF,0.09255516892922833,0.08513208073867484
2020-11-11,XLF,0.10097716345689434,0.09120236321092223
2020-11-12,XLF,0.0568360259153704,0.06487764010982278
2020-11-13,XLF,0.08293256242931091,0.08163253595477538
2020-11-16,XLF,0.022953997690554617,0.12271408760244928
2020-11-17,XLF,0.016206101646047744,0.11205142227576692
2020-11-18,XLF,0.010724982320129417,0.10737445710081794
2020-11-19,XLF,0.031214760071278658,0.08939201875377534
2020-11-20,XLF,0.005549648382098926,0.07643591164442975
2020-11-23,XLF,0.0021717609107612112,0.12196111034684876
2020-11-24,XLF,0.038782173158846245,0.18283126241244863
2020-11-25,XLF,0.045005433250722815,0.20965704624074566
2020-11-27,XLF,0.03829354066685742,0.19672152072876536
2020-11-30,XLF,0.025754054870387177,0.16848276931186312
2020-12-01,XLF,0.02239084114617884,0.1645416793604948
2020-12-02,XLF,-0.0013956598569139222,0.1517099304581777
2020-12-03,XLF,0.002450882666272136,0.16571655004329644
2020-12-04,XLF,0.01791348952580507,0.15182831867500668
2020-12-07,XLF,0.03228127081942844,0.1530449055761136
2020-12-08,XLF,0.016248590102418525,0.06516079064541902
2020-12-09,XLF,0.002795515621582867,0.05709037530087202
2020-12-10,XLF,0.004191440828132276,0.0632396573146623
2020-12-11,XLF,-0.017943378513774588,0.07032746748994523
2020-12-14,XLF,-0.022585128281444766,0.04069567909310745
2020-12-15,XLF,-0.005561441007964074,0.03546881300195981
2020-12-16,XLF,-0.001394008204163022,0.038782173158846245
2020-12-17,XLF,-0.00034767602052077073,0.05159169207623471
2020-12-18,XLF,0.0010541006449011903,0.03902285135020911
2020-12-21,XLF,0.026450412672976542,0.06232696813214922
2020-12-22,XLF,-0.0006100098968135903,0.03259461814982667
2020-12-23,XLF,0.014133557761246252,0.014133557761246252
2020-12-24,XLF,0.012709923703330128,0.01909263661605265
2020-12-28,XLF,0.026536682839515935,0.027257735355326274
2020-12-29,XLF,0.009401040358136603,0.04539089242849004
2020-12-30,XLF,0.023910079397630346,0.03412901886920072
2020-12-31,XLF,0.019716473929913603,0.035574004681493854
2021-01-04,XLF,0.004490481392328105,0.021166094856567064
2021-01-05,XLF,0.004125216928827058,0.013342889125091295
2021-01-06,XLF,0.052086947266714034,0.06544809424126963
2021-01-07,XLF,0.06250009454071837,0.0811942973569999
2021-01-08,XLF,0.04884664646014314,0.08313041397899545
2021-01-11,XLF,0.06671240676643797,0.08474390287017552
2021-01-12,XLF,0.0729201845637042,0.10710117506362127
2021-01-13,XLF,0.026885211898999728,0.11937409965803503
2021-01-14,XLF,0.016806649767907578,0.10551380103166563
2021-01-15,XLF,0.0006469008254090802,0.08534407047640791
2021-01-19,XLF,0.0,0.08512117348155446
2021-01-20,XLF,-0.014358668409309772,0.09005564803375488
2021-01-21,XLF,-0.024265538297180367,0.06406687657680932
2021-01-22,XLF,-0.03560069814990807,0.06680750103420552
2021-01-25,XLF,-0.026502872088506324,0.04185422848742726
2021-01-26,XLF,-0.036750422348696965,0.0321242910648063
2021-01-27,XLF,-0.06118484654218703,-0.0030938225649820295
2021-01-28,XLF,-0.033377020712897054,0.018972096593506738
2021-01-29,XLF,-0.04581410498957417,-0.0058378263284483145
2021-02-01,XLF,-0.026228690559948586,-0.005088392452913926
2021-02-02,XLF,0.005354632243368851,0.03301221494365403
2021-02-03,XLF,0.041724261713532496,0.03423490833391085
2021-02-04,XLF,0.045362110625747576,0.012458926832113137
2021-02-05,XLF,0.06701197758766009,-0.0016161387442806818
2021-02-08,XLF,0.06682582634855327,0.011966240677226958
2021-02-09,XLF,0.04194402910195105,0.00902633411068221
2021-02-10,XLF,0.036080520107391933,-0.0012764629127020033
2021-02-11,XLF,0.01036280305192605,-0.003831365535671871
2021-02-12,XLF,0.020395062020129195,0.0019072576467322744
2021-02-16,XLF,0.024608765211799888,0.03619916220300334
2021-02-17,XLF,0.02939302044682912,0.03868466578058638
2021-02-18,XLF,0.023322742413057096,0.03690508517459157
2021-02-19,XLF,0.038782031824439844,0.0605365688762598
2021-02-22,XLF,0.037753515248180936,0.07811440404503678
2021-02-23,XLF,0.0265125258193748,0.09262923202134976
2021-02-24,XLF,0.041278837562435555,0.12282464116424596
2021-02-25,XLF,0.028410811799131075,0.1358619388230482
2021-02-26,XLF,-0.003085414610759063,0.09377119777470089
2021-03-01,XLF,0.01864890220418447,0.15094978858285857
2021-03-02,XLF,0.008812105153029215,0.13194708554416912
2021-03-03,XLF,-0.002682729784777682,0.11384815879103294
2021-03-04,XLF,0.004250295926224945,0.09500155666727128
2021-03-05,XLF,0.04333027303639492,0.09164526895903014
2021-03-08,XLF,0.024610064343341342,0.1052122766250343
2021-03-09,XLF,0.018975753221766256,0.08117614479526636
2021-03-10,XLF,0.031679679879478284,0.10287547104263872
2021-03-11,XLF,0.040507887029407996,0.09968070426001074
2021-03-12,XLF,0.031444544651414,0.11442301118091502
2021-03-15,XLF,0.012594965429861826,0.09676382089323399
2021-03-16,XLF,0.011232677285209602,0.06706157963836556
2021-03-17,XLF,-0.0023175668786449277,0.06890124716608637
2021-03-18,XLF,0.005810170623144151,0.08086138511351781
2021-03-19,XLF,-0.015818024191186386,0.0558471435095107
2021-03-22,XLF,-0.022879545547213165,0.03268295154103096
2021-03-23,XLF,-0.026396489665107326,0.012062564799342868
2021-03-24,XLF,-0.029398621918661716,-0.003651100832002596
2021-03-25,XLF,-0.018197740614126046,0.03187572302056729
2021-03-26,XLF,0.008834934942144379,0.06847216395712885
2021-03-29,XLF,0.013083560946149042,0.027040935902232333
2021-03-30,XLF,0.03467999324896209,0.038013800949845855
2021-03-31,XLF,0.023136945413934296,0.022143504084004118
2021-04-01,XLF,0.01861729667672174,0.0466379385232103
2021-04-05,XLF,0.010765101305644453,0.03512224551996246
2021-04-06,XLF,0.0176107572504256,0.020025023061299496
2021-04-07,XLF,0.015447671826521736,0.03441980259653943
2021-04-08,XLF,0.023494861309794945,0.014034340652496535
2021-04-09,XLF,0.01972725767521344,0.02573488210276942
2021-04-12,XLF,0.016119850648349088,0.01974291005242179
2021-04-13,XLF,0.00865299286831922,0.01605412572300624
2021-04-14,XLF,0.009758848339373793,0.03291217939422619
2021-04-15,XLF,0.008608419041012727,0.025139402303582914
2021-04-16,XLF,0.007112297107873422,0.02706280321085419
2021-04-19,XLF,0.0,0.03613247866522218
2021-04-20,XLF,-0.009436708662334259,0.030032596663881028
2021-04-21,XLF,-0.0017056525875237538,0.05910709967353189
2021-04-22,XLF,-0.011949044122810504,0.04356947066743566
2021-04-23,XLF,-0.000565017477905494,0.04550838517952416
2021-04-26,XLF,0.006232089088596737,0.033459203749366395
2021-04-27,XLF,0.033487362662205644,0.05077775695823683
2021-04-28,XLF,0.02334862921020142,0.04750822061842186
2021-04-29,XLF,0.05326811958115418,0.07430237853203492
2021-04-30,XLF,0.024872580806050815,0.051928806303562336
2021-05-03,XLF,0.025901120973255143,0.048935063386207345
2021-05-04,XLF,0.025978068310347657,0.05941778388864494
2021-05-05,XLF,0.0303283992257648,0.06285877457798783
2021-05-06,XLF,0.027337503743561475,0.07833577436282657
2021-05-07,XLF,0.04191953421383143,0.07482188363646469
2021-05-10,XLF,0.03594949232376665,0.06940509596598443
2021-05-11,XLF,0.00952902502976638,0.060337906128560714
2021-05-12,XLF,-0.008911794070819767,0.04320630394570024
2021-05-13,XLF,-0.007716994915314301,0.060881748035019445
2021-05-14,XLF,0.002647228452631545,0.07005662208978825
2021-05-17,XLF,0.005297778194759184,0.07507056696475733
2021-05-18,XLF,0.009169314571039422,0.08025452517671172
2021-05-19,XLF,0.01335161315395994,0.058940976372139575
2021-05-20,XLF,-0.0021452971187228,0.07140814467187728
2021-05-21,XLF,-0.007919835345046478,0.06218210128490487
2021-05-24,XLF,-0.0050066087852271846,0.06306300586014069
2021-05-25,XLF,-0.0010692565742537186,0.044134156748757425
2021-05-26,XLF,0.008066551181013848,0.04312738346029632
2021-05-27,XLF,0.019080697700234683,0.036631926188100516
2021-05-28,XLF,0.010909996584721915,0.04771122234313996
2021-06-01,XLF,0.012182528770925183,0.048847476152031
2021-06-02,XLF,0.024076874017588512,0.04219931821662892
2021-06-03,XLF,0.023472934642105203,0.03618675866636534
2021-06-04,XLF,0.014504350435010416,0.02368267009179914
2021-06-07,XLF,0.00605433022034263,0.011646655472381529
2021-06-08,XLF,-0.0026164242115020997,0.009801398593971111
2021-06-09,XLF,-0.013584128661241479,0.01833817859472031
2021-06-10,XLF,-0.027365224069963556,0.016893622391816798
2021-06-11,XLF,-0.02365459599745734,0.007240741784023896
2021-06-14,XLF,-0.027472618136585414,-0.018743536811246964
2021-06-15,XLF,-0.023084998777267107,-0.018708530010268065
2021-06-16,XLF,-0.014830163994771328,-0.005879348570499987
2021-06-17,XLF,-0.03269032490337187,-0.029309247930102145
2021-06-18,XLF,-0.062034256586917746,-0.053211546294829826
2021-06-21,XLF,-0.030071679336098667,-0.040653701798094466
2021-06-22,XLF,-0.03027713997032655,-0.04363106408235107
2021-06-23,XLF,-0.027345113070658233,-0.032028680492643735
2021-06-24,XLF,0.01480740950105175,-0.02281831851218985
2021-06-25,XLF,0.05240683616395225,-0.022249520249951305
2021-06-28,XLF,0.020885636240647987,-0.03118689168795541
2021-06-29,XLF,0.01556826779687448,-0.04043202088855702
2021-06-30,XLF,0.018035469780320668,-0.03773909753221949
2021-07-01,XLF,0.013428141135481964,-0.03240879020593557
2021-07-02,XLF,0.000270806140540536,-0.03596740599040593
2021-07-06,XLF,-0.0081833402290028,-0.044897524751014606
2021-07-07,XLF,-0.0032850308004378492,-0.04107527739381722
2021-07-08,XLF,-0.027528179576457146,-0.05134169194254823
2021-07-09,XLF,-0.007301095462433516,-0.012448703487608848
2021-07-12,XLF,0.0035191888646373126,-0.009136313016268716
2021-07-13,XLF,0.008526025779789448,-0.00954387347976926
2021-07-14,XLF,0.002472178988638163,-0.015988745229715495
2021-07-15,XLF,0.02634537689977856,-0.011692163982206849
2021-07-16,XLF,-0.01607195936952821,0.004517412794878162
2021-07-19,XLF,-0.05287294638043594,0.0005416626161509619
2021-07-20,XLF,-0.018816751428494594,0.0019492565403951279
2021-07-21,XLF,0.002739736956530514,0.017514619321676417
2021-07-22,XLF,-0.011469120767766183,0.004439320893215415
2021-07-23,XLF,0.003876077470412076,-0.006303077149335978
2021-07-26,XLF,0.03873534028246706,-0.012456068631558237
2021-07-27,XLF,0.013341103165917634,-0.005455333197008638
2021-07-28,XLF,-0.005191595741379729,-0.0032850308004378492
2021-07-29,XLF,0.01685068965093217,0.0032703638343545283
2021-07-30,XLF,0.007170488139077058,-0.01243889504741369
2021-08-02,XLF,0.0016448749256270379,-0.011099482713360032
2021-08-03,XLF,0.013165233186752445,0.01595195979945485
2021-08-04,XLF,0.006042482128489235,0.006042482128489235
2021-08-05,XLF,0.00815044520724828,0.04007894390433275
2021-08-06,XLF,0.03669223554167034,0.03132674464289731
2021-08-09,XLF,0.03914625641324654,0.02400859087324081
2021-08-10,XLF,0.038440344686581085,0.04608654248999322
2021-08-11,XLF,0.05924112242894242,0.06301360807446232
2021-08-12,XLF,0.0474262059539694,0.06144185634374977
2021-08-13,XLF,0.019017663379391703,0.06810673759563657
2021-08-16,XLF,0.013698398943800205,0.09598375962962713
2021-08-17,XLF,-0.003910231258468455,0.061979098919102915
2021-08-18,XLF,-0.027319613162460565,0.031147414835381193
2021-08-19,XLF,-0.036274715356600096,0.03480667789739522
2021-08-20,XLF,-0.02306912196423805,0.039437512670455366
2021-08-23,XLF,-0.012473696683079294,0.04195240950222123
2021-08-24,XLF,0.000523577766159633,0.048546362368813156
2021-08-25,XLF,0.024907340289315183,0.06234582444318559
2021-08-26,XLF,0.027496060624132124,0.0456400294246917
2021-08-27,XLF,0.03475705985704458,0.06790788370228551
2021-08-30,XLF,0.011842041161958639,0.052559923398630026
2021-08-31,XLF,0.004446613058045168,0.039523275984298056
2021-09-01,XLF,-0.012926521487038767,0.042315217244403014
2021-09-02,XLF,-0.0046765144252334245,0.03233608008726896
2021-09-03,XLF,-0.0238458903733324,0.005546905474823394
2021-09-07,XLF,-0.01586495105530661,-0.0031613881701813007
2021-09-08,XLF,-0.01692693634639919,-0.01590174448629844
2021-09-09,XLF,-0.008381428318641193,-0.024226774168715104
2021-09-10,XLF,-0.01905510764452123,-0.03318744633320181
2021-09-13,XLF,-0.0015761813902414046,-0.014774701916415278
2021-09-14,XLF,-0.008984995726665779,-0.025467513619777504
2021-09-15,XLF,0.0029138306839673334,-0.00915983460647618
2021-09-16,XLF,-0.0029053649424497507,0.000265104216270462
2021-09-17,XLF,0.0,0.0032034741358277774
2021-09-20,XLF,-0.034247850479932396,-0.02604834100561526
2021-09-21,XLF,-0.022452870272120173,-0.03531538179005633
2021-09-22,XLF,-0.015566079718704495,-0.025093770835167395
2021-09-23,XLF,0.011512832547359908,-0.012807354293638107
2021-09-24,XLF,0.021433240585402302,-0.0027160056159676316
2021-09-27,XLF,0.0599181245552558,-0.0023658152654445486
2021-09-28,XLF,0.04383577966867236,-0.004812728054681692
2021-09-29,XLF,0.027485836447396883,-0.0027321220373122124
2021-09-30,XLF,-0.012888096239369484,-0.012768924406973747
2021-10-01,XLF,-0.0018312439898251487,0.0001348692061893253
2021-10-04,XLF,-0.023748150514691035,-0.002265924660846186
2021-10-05,XLF,0.01207337216529547,0.023439353505112503
2021-10-06,XLF,0.01232600443112597,0.0269432085682777
2021-10-07,XLF,0.03463877146505334,0.03006092904430946
2021-10-08,XLF,0.022804697071626467,0.042813566695762306
2021-10-11,XLF,0.021417349223672888,0.02071172128293841
2021-10-12,XLF,-0.0012966819186939205,0.03137921604931759
2021-10-13,XLF,-0.008030862342790934,0.015736285470977718
2021-10-14,XLF,0.0025756515641068845,0.03572316084894167
2021-10-15,XLF,0.01255737803415835,0.05590857087190981
2021-10-18,XLF,0.023038809802139015,0.08125848336068531
2021-10-19,XLF,0.036354448722253796,0.0934249678273047
2021-10-20,XLF,0.050665937397838645,0.0840743035534759
2021-10-21,XLF,0.029026420464943747,0.053655932487759905
2021-10-22,XLF,0.028094378021179978,0.06279453446769234
2021-10-25,XLF,0.02656896246866247,0.0472378702739622
2021-10-26,XLF,0.017288831708849983,0.0656168621039166
2021-10-27,XLF,-0.007457026727713534,0.04720697291299003
2021-10-28,XLF,0.008986094492598573,0.07700472480330234
2021-10-29,XLF,-0.008862618251011867,0.05530791851263461
2021-11-01,XLF,-0.007148371227269745,0.0650446662530344
2021-11-02,XLF,-0.00541858135416684,0.04719950113571114
2021-11-03,XLF,0.015025999775308607,0.050000000000000044
2021-11-04,XLF,-0.010390561439563073,0.03013154971018195
2021-11-05,XLF,-0.005961484466527778,0.025627590245174137
2021-11-08,XLF,-0.0009927620101425338,0.04167736251783438
2021-11-09,XLF,-0.008915803938480127,0.039210401035852716
2021-11-10,XLF,-0.014310140075260103,0.043353380292995514
2021-11-11,XLF,0.0015000843965748967,0.029026420464943747
2021-11-12,XLF,0.0032486283868040644,0.016198682139692444
2021-11-15,XLF,-0.0022366033604018787,0.015941461330668094
2021-11-16,XLF,0.002249002651316223,0.005010968271720984
2021-11-17,XLF,-0.0075096018867941705,-0.014417261547091331
2021-11-18,XLF,-0.01522715306646194,-0.01522715306646194
2021-11-19,XLF,-0.028144425416973484,-0.03938940311855332
2021-11-22,XLF,-0.01444598748189807,-0.02464888350985084
2021-11-23,XLF,0.001994558698466209,-0.010098715082767273
2021-11-24,XLF,0.011349529595370722,0.004257413284029843
2021-11-26,XLF,-0.017237382153105663,-0.04082132913473746
2021-11-29,XLF,-0.0033317767490899097,-0.03402891015940124
2021-11-30,XLF,-0.04068720769586198,-0.0575965472366633
2021-12-01,XLF,-0.06593635827044941,-0.07033171763707602
2021-12-02,XLF,-0.03591007560015913,-0.04613827245281943
2021-12-03,XLF,-0.019086862693500906,-0.04925021668691154
2021-12-06,XLF,-0.007199738667710176,-0.03523220132118687
2021-12-07,XLF,0.0353001551456118,-0.02335998804290107
2021-12-08,XLF,0.041288876486679005,-0.023238141528290956
2021-12-09,XLF,0.00905307871640959,-0.023529456897603773
2021-12-10,XLF,0.02682124791870688,-0.025212185031220247
2021-12-13,XLF,0.0005181727362610911,-0.03785792700157009
2021-12-14,XLF,-0.01119564661757555,-0.03212936176745229
2021-12-15,XLF,-0.0030701175297744854,-0.02842199673769752
2021-12-16,XLF,0.011535622392698786,-0.004791642878387181
2021-12-17,XLF,-0.011779865630570874,-0.021799851113134094
2021-12-20,XLF,-0.02043963754843159,-0.03023014694275572
2021-12-21,XLF,-0.006069131477205336,-0.023902808108633766
2021-12-22,XLF,-0.0042332558294028155,-0.03446075967422946
2021-12-23,XLF,-0.011505786431508791,-0.027282187293537485
2021-12-27,XLF,0.021194909443445153,0.016454018823610417
2021-12-28,XLF,0.041954260475018934,0.013833697614384244
2021-12-29,XLF,0.019511004988399083,0.03734864900667745
2021-12-30,XLF,0.01294674870504764,0.047080509872059695
2021-12-31,XLF,0.005924720831831154,0.014926999474676128
2022-01-03,XLF,0.007903636888039411,0.044422450202811437
2022-01-04,XLF,0.03389424705802635,0.055798299277690866
2022-01-05,XLF,0.023220156843142492,0.025244748648131532
2022-01-06,XLF,0.04013293729221301,0.04591814136082939
2022-01-07,XLF,0.05428927854813348,0.060426529213241764
2022-01-10,XLF,0.03794591785081347,0.05573781307803327
2022-01-11,XLF,0.020211711351033612,0.07657993537668584
2022-01-12,XLF,0.03291793251825381,0.07098404499970323
2022-01-13,XLF,0.014008201464738246,0.06383567395203604
2022-01-14,XLF,-0.00825854512145352,0.039675643242417014
2022-01-18,XLF,-0.02705310116933679,0.03942107177159215
2022-01-19,XLF,-0.05170307783663208,0.042220039023909584
2022-01-20,XLF,-0.05842608844077368,0.01456818417021144
2022-01-21,XLF,-0.07416358509732379,-0.01087497430162876
2022-01-24,XLF,-0.061718989082721,-0.013137456772804867
2022-01-25,XLF,-0.03632256432233716,-0.01912296685841519
2022-01-26,XLF,-0.017324952109115666,-0.017074294322908745
2022-01-27,XLF,-0.019999835103469366,-0.02475109839849665
2022-01-28,XLF,0.013612487586897037,-0.010224891768208622
2022-01-31,XLF,0.01957720898791382,0.0002563180336732085
2022-02-01,XLF,0.029373177959722163,0.0017708755473173632
2022-02-02,XLF,0.03370492413027981,-0.01725428407803664
2022-02-03,XLF,0.0316586616504535,-0.016708212916374032
2022-02-04,XLF,0.0356404544577158,-0.014499871940762077
2022-02-07,XLF,0.029697515629229843,-0.023075102224240918
2022-02-08,XLF,0.02979807564483239,-0.006092993735398067
2022-02-09,XLF,0.0293455454101883,-0.008455878617968482
2022-02-10,XLF,0.031701911574393726,-0.017865810600929732
2022-02-11,XLF,0.0002495036655552063,-0.027871754360881518
2022-02-14,XLF,-0.013923549826678205,-0.028655472103231827
2022-02-15,XLF,-0.014222426736690386,0.007014090761231495
2022-02-16,XLF,-0.019737055558652683,0.0249679580864568
2022-02-17,XLF,-0.0356441745892383,0.005897482135680754
2022-02-18,XLF,-0.022188776081249473,0.026701795666890904
2022-02-22,XLF,-0.01613707952621546,0.018532670791733485
2022-02-23,XLF,-0.046268642635259205,-0.0033792635273681704
2022-02-24,XLF,-0.058414181348901306,-0.017889692042791006
2022-02-25,XLF,-0.0033139031034320476,0.023024353729316438
2022-02-28,XLF,-0.0178481934964696,-0.0051651536424
2022-03-01,XLF,-0.04920537354859755,-0.050179445247431786
2022-03-02,XLF,-0.007303034929755592,-0.0388885181724008
2022-03-03,XLF,0.0015843215935589239,-0.0484070806250807
2022-03-04,XLF,-0.0478261121686584,-0.05579518454464116
2022-03-07,XLF,-0.06879570224580511,-0.10548638719514702
2022-03-08,XLF,-0.03881379837265797,-0.11337611541938541
2022-03-09,XLF,-0.028639282340706895,-0.09342815759870537
2022-03-10,XLF,-0.03373771873695108,-0.10672528850109009
2022-03-11,XLF,-0.022293698553567665,-0.10521150773286769
2022-03-14,XLF,0.027599715120179225,-0.08102735335449385
2022-03-15,XLF,0.048233033053862506,-0.057488449756022963
2022-03-16,XLF,0.03949120254485705,-0.04403033685235569
2022-03-17,XLF,0.06137481925083854,-0.032811256576853465
2022-03-18,XLF,0.07142850671251155,-0.005862905753734826
2022-03-21,XLF,0.057022619815052744,-0.00658240493226292
2022-03-22,XLF,0.05923813212544493,0.014718771499519168
2022-03-23,XLF,0.011227491515689358,0.013600734593640196
2022-03-24,XLF,0.006750862358859466,0.03412570815899496
2022-03-25,XLF,0.017298280277169953,0.014696562423726078
2022-03-28,XLF,0.015460113949262055,0.027107966005721407
2022-03-29,XLF,0.0015213470647434946,0.06885596810429995
2022-03-30,XLF,0.013174677666144108,0.03450965771957404
2022-03-31,XLF,-0.01793953400021997,0.013967524213196691
2022-04-01,XLF,-0.03289482434148838,0.030608284667334118
2022-04-04,XLF,-0.034509141646628994,0.06492566036482494
2022-04-05,XLF,-0.042784900872811615,0.06444003225330985
2022-04-06,XLF,-0.04258005492160666,0.01966258432158252
2022-04-07,XLF,-0.021137931548108613,0.027189374293884905
2022-04-08,XLF,-0.008634071458593184,0.045007010367189126
2022-04-11,XLF,-0.00867275441944848,0.027335650354912255
2022-04-12,XLF,-0.013223824975164833,0.002032974013576494
2022-04-13,XLF,-0.006391355217733152,-0.025344749371044806
2022-04-14,XLF,-0.016528839669653128,-0.04820511331816024
2022-04-18,XLF,-0.02058602507244356,-0.044738437106454865
2022-04-19,XLF,-0.0026513801437917373,-0.03066237769838065
2022-04-20,XLF,0.015277123836856532,-0.03955387840426394
2022-04-21,XLF,-0.0008043198181629796,-0.03694141598612988
2022-04-22,XLF,-0.019517334537000774,-0.07303939598194764
2022-04-25,XLF,-0.023713347595076373,-0.08324910059384083
2022-04-26,XLF,-0.06113752802920336,-0.103780932656243
2022-04-27,XLF,-0.06837370572303081,-0.1065823372239314
2022-04-28,XLF,-0.041308986047454255,-0.0887300770971372
2022-04-29,XLF,-0.04589480080078856,-0.0994261938381874
2022-05-02,XLF,-0.047198390375621346,-0.09680792269152849
2022-05-03,XLF,-0.009909409253463397,-0.08094617556707784
2022-05-04,XLF,0.02125246465127195,-0.04681299855696852
2022-05-05,XLF,-0.020984992303760275,-0.06817595019806144
2022-05-06,XLF,0.00666534825659304,-0.07384658837129865
2022-05-09,XLF,-0.017670849937548305,-0.1050409539987398
2022-05-10,XLF,-0.03889022492257599,-0.10896061979263172
2022-05-11,XLF,-0.0760267659937568,-0.10747817121358305
2022-05-12,XLF,-0.05544430695335123,-0.11417869019137039
2022-05-13,XLF,-0.03483070723461412,-0.09108180356436213
2022-05-16,XLF,-0.01946336560526518,-0.10401510152833315
2022-05-17,XLF,0.01576892845337574,-0.0925037660617718
2022-05-18,XLF,-0.0030026889788860034,-0.12354780538649035
2022-05-19,XLF,-0.0021182161808059874,-0.11534350447148967
2022-05-20,XLF,-0.01819253968647616,-0.08985370419187866
2022-05-23,XLF,0.022255656183339356,-0.061827150805265574
2022-05-24,XLF,-0.006444100859031021,-0.039637578883241154
2022-05-25,XLF,0.029818808744239922,-0.03117058790332572
2022-05-26,XLF,0.06064295336257919,-0.021264761562484358
2022-05-27,XLF,0.0804982450730698,0.030715979963022555
2022-05-31,XLF,0.04354206978336217,0.027520133230238608
2022-06-01,XLF,0.028891814902805013,-0.002001388900957579
2022-06-02,XLF,0.03480552710264284,-0.018313232860021067
2022-06-03,XLF,-0.0031446773448113863,-0.003429544760001124
2022-06-06,XLF,-0.016868114697407788,0.0066202699313173685
2022-06-07,XLF,-0.006484253948437102,0.039221356389903095
2022-06-08,XLF,-0.008023257209459622,0.030050299371641165
2022-06-09,XLF,-0.04607099871981324,0.013513641826433886
2022-06-10,XLF,-0.06710638452716311,-0.015733829242466135
2022-06-13,XLF,-0.09751216697435883,-0.0587531608189793
2022-06-14,XLF,-0.1120885758971446,-0.058947435370585444
2022-06-15,XLF,-0.08607748066268983,-0.07322803614474716
2022-06-16,XLF,-0.08622225942605688,-0.07108455014738313
2022-06-17,XLF,-0.04918533578535966,-0.062158740823129666
2022-06-21,XLF,-0.0004032833077272091,-0.04169881766647232
2022-06-22,XLF,0.00597323171186237,-0.07393646205347637
2022-06-23,XLF,-0.008967578873104953,-0.07558189331259335
2022-06-24,XLF,0.054227805823608755,-0.04906718718031755
2022-06-27,XLF,0.047585161551479516,-0.07370469592080597
2022-06-28,XLF,0.016889737795237503,-0.09811363185869271
2022-06-29,XLF,0.013414320336341268,-0.10067252862055454
2022-06-30,XLF,0.008335986319626842,-0.09405048239554525
2022-07-01,XLF,-0.014223701403248135,-0.09412251492293922
2022-07-05,XLF,-0.014272559502581883,-0.08404491756865173
2022-07-06,XLF,-0.006894237960780147,-0.08896399120441012
2022-07-07,XLF,0.013236758221345513,-0.08282112759527738
2022-07-08,XLF,0.020031681741490504,-0.0684285526539904
2022-07-11,XLF,-0.0018821323880903185,-0.052159539641480124
2022-07-12,XLF,-0.004721430035255603,-0.022792685603114426
2022-07-13,XLF,-0.011044587322150634,-0.0016774087443843788
2022-07-14,XLF,-0.04385712990738688,-0.01234062808074421
2022-07-15,XLF,-0.009351483541829464,0.009779114489142371
2022-07-18,XLF,-0.005028184455848628,0.032061191484896945
2022-07-19,XLF,0.031309378985308944,0.059936396104055545
2022-07-20,XLF,0.044352288846847054,0.043021116191084285
2022-07-21,XLF,0.07156813275262586,0.05206011015041234
2022-07-22,XLF,0.030522222557819223,0.05001591791776083
2022-07-25,XLF,0.04106105495002277,0.01917128996692119
2022-07-26,XLF,-0.00337306074371424,0.008377366371862704
2022-07-27,XLF,0.008249140748304296,0.03415847863906252
2022-07-28,XLF,0.009107456943498127,0.04758900777446251
2022-07-29,XLF,0.02931301963725752,0.07186004447184513
2022-08-01,XLF,0.014259884737188866,0.04861981015446948
2022-08-02,XLF,0.017230549234243275,0.04060434972999638
2022-08-03,XLF,0.0169699813520634,0.059009190095819175
2022-08-04,XLF,0.006317571251929666,0.04043523630586687
2022-08-05,XLF,-0.000593299118720858,0.0501870971528815
2022-08-08,XLF,0.007179098763283376,0.05813951398709705
2022-08-09,XLF,0.023593415188299716,0.07020867558482413
2022-08-10,XLF,0.030989018572452842,0.10402029409970748
2022-08-11,XLF,0.04663685436798115,0.13890705768197797
2022-08-12,XLF,0.055506369188325966,0.11894294643207148
2022-08-15,XLF,0.055836072607875264,0.12286785541591683
2022-08-16,XLF,0.058215252563103226,0.09812939454063807
2022-08-17,XLF,0.029768987837886396,0.0886037910280908
2022-08-18,XLF,0.018851571090648722,0.08287770938536032
2022-08-19,XLF,-0.0168735563001311,0.0674805215732206
2022-08-22,XLF,-0.03825613872337719,0.03731789969124044
2022-08-23,XLF,-0.049148330571883614,0.04769209713138589
2022-08-24,XLF,-0.03929277847949331,0.03727291316022496
2022-08-25,XLF,-0.025511582292026547,0.045727864093328296
2022-08-26,XLF,-0.03546862202843082,0.00029674043536154215
2022-08-29,XLF,-0.020766039853569396,0.001495701576165187
2022-08-30,XLF,-0.022026526574797978,0.007259445838538214
2022-08-31,XLF,-0.03447270015288806,-0.015196777276922702
2022-09-01,XLF,-0.04631749123508766,-0.008968538954162386
2022-09-02,XLF,-0.024614276163888227,-0.023745628921543527
2022-09-06,XLF,-0.020011785237830648,-0.025541747356809585
2022-09-07,XLF,0.004805077824315607,-0.01122907704629561
2022-09-08,XLF,0.030257171778428793,-0.015895839117845423
2022-09-09,XLF,0.03650080588691118,-0.018566082642313964
2022-09-12,XLF,0.053207481982367355,-0.025871905701056686
2022-09-13,XLF,0.016458112996005303,-0.06188467852912616
2022-09-14,XLF,-0.006276276659359148,-0.07148841343134482
2022-09-15,XLF,-0.020264282091551067,-0.06371039723876903
2022-09-16,XLF,-0.03783478401453133,-0.0731706130078621
2022-09-19,XLF,-0.03478767237245173,-0.043622057639709166
2022-09-20,XLF,-0.012222428117935058,-0.0364905754034921
2022-09-21,XLF,-0.029810320408044544,-0.05260474621424227
2022-09-22,XLF,-0.049281612221199755,-0.07344535182906364
2022-09-23,XLF,-0.05585796211045435,-0.10203285097134362
2022-09-26,XLF,-0.08117853553176935,-0.08894557330772768
2022-09-27,XLF,-0.07140654966213877,-0.08631790008045925
2022-09-28,XLF,-0.033032136624781994,-0.06326624472079578
2022-09-29,XLF,-0.028843047502404295,-0.06804293510638826
2022-09-30,XLF,-0.022222101540331995,-0.07934514495799172
2022-10-03,XLF,0.020288074975598924,-0.04700474438762525
2022-10-04,XLF,0.06276680597665418,-0.009140117827652339
2022-10-05,XLF,0.03416053198446822,-0.03589949924921865
2022-10-06,XLF,0.032636876195694775,-0.06589028584096146
2022-10-07,XLF,0.01745710002836609,-0.0962604046057246
2022-10-10,XLF,-0.013790897991687756,-0.10762825812189125
2022-10-11,XLF,-0.061224337232991366,-0.08486623235871449
2022-10-12,XLF,-0.056092152188771505,-0.08423034756769199
2022-10-13,XLF,-0.0031602807075129524,-0.04958281276247911
2022-10-14,XLF,0.0038846367139571125,-0.05707431495829218
2022-10-17,XLF,0.03382100968441959,-0.044197189783240054
2022-10-18,XLF,0.0638998236804591,-0.014342214530619568
2022-10-19,XLF,0.04886080197802256,-0.00997205775136567
2022-10-20,XLF,-0.008877844134336788,-0.009191845139953414
2022-10-21,XLF,0.03805249965719626,0.03671516050324253
2022-10-24,XLF,0.026109027178828237,0.0674085550819441
2022-10-25,XLF,0.021981340356251877,0.08478458938092426
2022-10-26,XLF,0.041548676253233996,0.06638734518382905
2022-10-27,XLF,0.06717868699774199,0.08877287347929252
2022-10-28,XLF,0.062130711545719475,0.1261524859890908
2022-10-31,XLF,0.04169206684771276,0.08980105833426832
2022-11-01,XLF,0.0321113988680648,0.053494081410988104
2022-11-02,XLF,0.01662111274684186,0.048301357430083014
2022-11-03,XLF,-0.001798477031234036,0.052465552535766014
2022-11-04,XLF,-0.008189326820804421,0.09776624016887325
2022-11-07,XLF,0.007945778413232185,0.11382096740072489
2022-11-08,XLF,0.011153882505313684,0.13471692211887798
2022-11-09,XLF,0.0068376266586998025,0.11819098992074539
2022-11-10,XLF,0.0684683108344395,0.1280911759088652
2022-11-11,XLF,0.0578000574072175,0.15672374036062897
2022-11-14,XLF,0.03240890900070448,0.11229959442138959
2022-11-15,XLF,0.028737012951399743,0.09721354494423262
2022-11-16,XLF,0.04133419251916903,0.11016686806809317
2022-11-17,XLF,-0.014052639098047437,0.1222012454889354
2022-11-18,XLF,-0.013939027544005111,0.09878848773025117
2022-11-21,XLF,0.0033932766239781476,0.08767577817975192
2022-11-22,XLF,0.011286728300263116,0.08573165898175072
2022-11-23,XLF,0.020414379509033687,0.08764022427288198
2022-11-25,XLF,0.029361240447632886,0.08243397301919053
2022-11-28,XLF,0.003392661544302511,0.03802318602896171
2022-11-29,XLF,0.006200961448496578,0.050617978747363956
2022-11-30,XLF,0.013114020349553002,0.0657473284939476
2022-12-01,XLF,0.0030559219721557618,0.07312739648336297
2022-12-02,XLF,-0.004984648511334289,0.07897893896587815
2022-12-05,XLF,-0.012679606773050911,0.03332368558171184
2022-12-06,XLF,-0.027170852406848023,0.014014656939031145
2022-12-07,XLF,-0.04736988757104443,0.004063787846567468
2022-12-08,XLF,-0.040997120418376776,0.022143229589822733
2022-12-09,XLF,-0.03896475172363645,-0.029510953222163683
2022-12-12,XLF,-0.001426989749700458,-0.02453291049781381
2022-12-13,XLF,0.010077974114391042,-0.007918411519076796
2022-12-14,XLF,0.001445319263554401,-0.022573341950434256
2022-12-15,XLF,-0.019064114511324615,-0.03714198456468121
2022-12-16,XLF,-0.024037064188660473,-0.039338836102188246
2022-12-19,XLF,-0.03945599354904783,-0.04977573143602532
2022-12-20,XLF,-0.03790449700373877,-0.04875061741063047
2022-12-21,XLF,-0.010577924394936433,-0.04370591871153051
2022-12-22,XLF,0.0003442233089192559,-0.05608008574825829
2022-12-23,XLF,0.013735119814636043,-0.053922061742172844
2022-12-27,XLF,0.016167595681113367,-0.03767772343642417
2022-12-28,XLF,0.00834814029426445,-0.04672070228472447
2022-12-29,XLF,0.00675259942891171,-0.0497105628609571
2022-12-30,XLF,0.013033345339726443,-0.046690889788920775
2023-01-03,XLF,0.010898590797485674,-0.03882000097932925
2023-01-04,XLF,0.02740106897921124,0.0013881435310958423
2023-01-05,XLF,0.02335886975671886,0.002793581057840333
2023-01-06,XLF,0.031787850351403746,0.029252679255886038
2023-01-09,XLF,0.030701930968088487,0.024582471673798567
2023-01-10,XLF,0.03292542746581861,0.03308100628013122
2023-01-11,XLF,0.026097074256353103,0.028989802172504797
2023-01-12,XLF,0.03582769535182995,0.028357602680598948
2023-01-13,XLF,0.020915596461366315,0.049263592069817674
2023-01-17,XLF,0.017872279787285672,0.06316234496116957
2023-01-18,XLF,-0.006770197372018005,0.05135841364029181
2023-01-19,XLF,-0.02738953216343909,0.041916087309586514
2023-01-20,XLF,-0.013946624067500246,0.05396551863209087
2023-01-23,XLF,-0.009966810463026943,0.04991166695632865
2023-01-24,XLF,-0.0027873516715444246,0.05983411801481031
2023-01-25,XLF,0.024141156308508327,0.06215065493354088
2023-01-26,XLF,0.04166650712401454,0.0680611111758842
2023-01-27,XLF,0.025459310120157452,0.0718507928338028
2023-01-30,XLF,0.008668794834043148,0.05191000886590702
2023-01-31,XLF,0.02180003669979058,0.0690058186782132
2023-02-01,XLF,0.013865736155399544,0.06526823310990859
2023-02-02,XLF,0.01131051988625309,0.05133376850265736
2023-02-03,XLF,0.009379466382726687,0.05720897456987428
2023-02-06,XLF,0.014139409296303862,0.033917383947502655
2023-02-07,XLF,0.012035000548912933,0.049645170720352905
2023-02-08,XLF,0.006017279383909724,0.03751754114195105
2023-02-09,XLF,-0.00791054279739134,0.016489739519512714
2023-02-10,XLF,-0.002733045182425786,0.0178522735067419
2023-02-13,XLF,0.00902131543243656,0.021871624270607626
2023-02-14,XLF,-0.007837960124523868,0.023132385474710748
2023-02-15,XLF,-0.0008153707318465653,0.04373789123343075
2023-02-16,XLF,0.000275113151108064,0.04540247389737173
2023-02-17,XLF,-0.002740535188921145,0.029419743707220336
2023-02-21,XLF,-0.03440796058434714,-0.0033555277455746824
2023-02-22,XLF,-0.0302368005825282,-0.005030534631985328
2023-02-23,XLF,-0.030476371925677093,-0.0119247324121311
2023-02-24,XLF,-0.019791155757900913,-0.016275608653338547
2023-02-27,XLF,-0.020335091884238543,-0.016551521178040707
2023-02-28,XLF,0.002244625678191392,-0.009703114496348086
2023-03-01,XLF,0.0,-0.026258142853892608
2023-03-02,XLF,-0.005613026746108196,-0.030907999308170786
2023-03-03,XLF,0.009254171125677058,-0.018275865145401693
2023-03-06,XLF,0.010378652270296218,-0.015578004404698587
2023-03-07,XLF,-0.017637234762658216,-0.04073268632334537
2023-03-08,XLF,-0.017977635141342763,-0.055135167461765056
2023-03-09,XLF,-0.053344675407768216,-0.08809110810057152
2023-03-10,XLF,-0.08502382337181158,-0.09458346836415255
2023-03-13,XLF,-0.12187680903050091,-0.13318717735830599
2023-03-14,XLF,-0.08036467494150024,-0.12571112786358773
2023-03-15,XLF,-0.10154469676057198,-0.1443748243533315
2023-03-16,XLF,-0.045617318142850194,-0.12897974171419002
2023-03-17,XLF,-0.059216429424382655,-0.14843327971323295
2023-03-20,XLF,-0.009652038937773333,-0.1391946210423589
2023-03-21,XLF,-0.004691046888634087,-0.09880414655280245
2023-03-22,XLF,-0.0011158483243313144,-0.11868131494208023
2023-03-23,XLF,-0.026432091215461084,-0.125346358961271
2023-03-24,XLF,0.005287497192025148,-0.126645936773789
2023-03-27,XLF,0.00802027762955615,-0.11427951548167081
2023-03-28,XLF,-0.01720905577270848,-0.11629645991489257
2023-03-29,XLF,0.020820112340101282,-0.10033216091174402
2023-03-30,XLF,0.025475682179694425,-0.0980010163647489
2023-03-31,XLF,0.03743158226101895,-0.10226272666646918
2023-04-03,XLF,0.025143445967966027,-0.10133636768423016
2023-04-04,XLF,0.015918440339123707,-0.08611079945755018
2023-04-05,XLF,0.0,-0.0838621692513638
2023-04-06,XLF,0.005974850237058238,-0.04147975624887057
2023-04-10,XLF,-0.0027993711522237286,-0.021587450716686885
2023-04-11,XLF,0.004035900478640997,0.027521603550168194
2023-04-12,XLF,0.011281894114677726,0.00496313761841094
2023-04-13,XLF,0.02165053009478579,0.041757666797148874
2023-04-14,XLF,0.027821235309219094,0.03227717741491953
2023-04-17,XLF,0.03742960307268173,0.07892418021636027
2023-04-18,XLF,0.0315400064692033,0.07025983113705636
2023-04-19,XLF,0.03625656229907204,0.046307925765458835
2023-04-20,XLF,0.023955654117318037,0.0679052734469261
2023-04-21,XLF,0.010340751161236561,0.07126754017403325
2023-04-24,XLF,-0.0036079294717801247,0.0693771690899625
2023-04-25,XLF,-0.023681081258814074,0.036601092554467085
2023-04-26,XLF,-0.0352873197785617,0.027061278221024443
2023-04-27,XLF,-0.0167968228164862,0.028553263294477826
2023-04-28,XLF,-0.0015053354684116949,0.04308170514200005
2023-05-01,XLF,-0.001810315018940356,0.02892689772700363
2023-05-02,XLF,-0.007368789259165398,0.0037254801800350457
2023-05-03,XLF,-0.0092992359066697,0.001567008434836925
2023-05-04,XLF,-0.03752273879736168,-0.010040872143294743
2023-05-05,XLF,-0.025324092358789407,0.01062825523286448
2023-05-08,XLF,-0.021160912977833735,0.00998117735582893
2023-05-09,XLF,-0.0021653118605848842,-0.0024738149148123556
2023-05-10,XLF,0.00375462193262166,-0.005887952961121545
2023-05-11,XLF,0.015213847889156362,-0.016277889709354842
2023-05-12,XLF,-0.013300269337304993,-0.029805385429330866
2023-05-15,XLF,-0.006794384466986103,-0.03307272709261966
2023-05-16,XLF,-0.012399001966996392,-0.04496398610246444
2023-05-17,XLF,0.013092365604797873,-0.028110062650507417
2023-05-18,XLF,0.022166900481895402,-0.017996359150831642
2023-05-19,XLF,0.021943481472426862,-0.01866369244179722
2023-05-22,XLF,0.015547207895547643,-0.01448403566823131
2023-05-23,XLF,0.013182454274995203,-0.00890404364045394
2023-05-24,XLF,-0.019692282852419196,-0.012399001966996392
2023-05-25,XLF,-0.027183911265681537,-0.028370775051471453
2023-05-26,XLF,-0.01503066235153272,-0.03195659706460385
2023-05-30,XLF,-0.017146421300976544,-0.02962542392243095
2023-05-31,XLF,-0.01610903250708773,-0.01763076877954106
2023-06-01,XLF,0.007532749942098738,0.0043803189194011605
2023-06-02,XLF,0.02982722553213235,0.03961960381733376
2023-06-05,XLF,0.01619444216950372,0.00927941085820061
2023-06-06,XLF,0.02928357281580629,0.02038284318342254
2023-06-07,XLF,0.044395561215585744,0.02820845652748738
2023-06-08,XLF,0.032398851845973464,0.033042404400193126
2023-06-09,XLF,0.01067093254072149,0.03496747671668854
2023-06-12,XLF,0.01562969072347742,0.038871405402161274
2023-06-13,XLF,0.009080004696512267,0.03669160553345985
2023-06-14,XLF,0.0012058658986271453,0.042372719440580964
2023-06-15,XLF,0.015389405350040741,0.035384677959832356
2023-06-16,XLF,0.012971331140133602,0.025656751438722925
2023-06-20,XLF,0.005699433996943837,0.022358284338009904
2023-06-21,XLF,-0.0015387230538927987,0.019249933644356565
2023-06-22,XLF,-0.005494267179089851,0.023157912817957538
2023-06-23,XLF,-0.022677524769120883,0.032231715184480425
2023-06-26,XLF,-0.022734309120914675,0.03034804358926091
2023-06-27,XLF,-0.007534700635477565,0.030138789036547653
2023-06-28,XLF,-0.008750731666779643,0.027956526658832637
2023-06-29,XLF,0.016423315706857622,0.05698862231462476
2023-06-30,XLF,0.029627291121183452,0.054867888687338384
2023-07-03,XLF,0.03764924971105055,0.03817402362731226
2023-07-05,XLF,0.027330815635381756,0.041427977207963096
2023-07-06,XLF,0.021004632986348915,0.01968826079287278
2023-07-07,XLF,0.005086761601197587,0.01720584700208483
2023-07-10,XLF,0.0008897041015976104,0.022672978652310327
2023-07-11,XLF,0.007079864462872676,0.034485232869149396
2023-07-12,XLF,0.01566640914442785,0.04146562832352818
2023-07-13,XLF,0.028026102494060012,0.03883353512402299
2023-07-14,XLF,0.019648774918217038,0.0359434868116717
2023-07-17,XLF,0.024896683694488386,0.03224845443742663
2023-07-18,XLF,0.024311592364777423,0.04606634322551928
2023-07-19,XLF,0.022118921478771814,0.05846905028932414
2023-07-20,XLF,0.02610202154936503,0.06759191874155057
2023-07-21,XLF,0.02948885853957517,0.07238424330059501
2023-07-24,XLF,0.029496856167994023,0.08735505993203918
2023-07-25,XLF,0.011438116891428152,0.08264454816149813
2023-07-26,XLF,0.013098029469854389,0.08047395691270975
2023-07-27,XLF,-0.0070658953702997795,0.06940651540455622
2023-07-28,XLF,-0.0017014139841526887,0.053261625554262615
2023-07-31,XLF,-0.007584361570260989,0.048057073960420915
2023-08-01,XLF,-0.0011306730286532174,0.04218302231935467
2023-08-02,XLF,-0.01545853052223356,0.03547114627665171
2023-08-03,XLF,-0.0022774774085445593,0.0450206901651129
2023-08-04,XLF,-0.008238728466959722,0.039297430753671314
2023-08-07,XLF,0.001981200615045031,0.04920000772968036
2023-08-08,XLF,-0.0070762340499991305,0.02753349346568834
2023-08-09,XLF,-0.0059946194813143006,0.013387743755224779
2023-08-10,XLF,-0.005706119767801998,0.0107308310814056
2023-08-11,XLF,0.0002865647316614428,0.019562110322169035
2023-08-14,XLF,-0.015536684541575196,0.007807845045640693
2023-08-15,XLF,-0.024800507912066783,-0.021733085517761874
2023-08-16,XLF,-0.018954575875856472,-0.027334894225220174
2023-08-17,XLF,-0.02467712563595248,-0.0392876354632018
2023-08-18,XLF,-0.026918829423473456,-0.0363016718848429
2023-08-21,XLF,-0.026111957020022447,-0.04662942481952859
2023-08-22,XLF,-0.017246259903951122,-0.04947672728173336
2023-08-23,XLF,-0.0061477593383248985,-0.045812580157175486
2023-08-24,XLF,-0.004707254656122095,-0.03700553508308091
2023-08-25,XLF,0.0002944077477853302,-0.03437502379255142
2023-08-28,XLF,0.007071284797055988,-0.03255038226336915
2023-08-29,XLF,0.02587762411567751,-0.023775652777807688
2023-08-30,XLF,0.016495042132448567,-0.014844156793247354
2023-08-31,XLF,0.01625771709491275,-0.019115501222136677
2023-09-01,XLF,0.020594121439167834,-0.006302017915279956
2023-09-05,XLF,0.004681088554375767,-0.02994354138328692
2023-09-06,XLF,-0.004929415099337531,-0.021664939951119844
2023-09-07,XLF,-0.008113801390480346,-0.016944471823276297
2023-09-08,XLF,-0.002327161000867717,-0.01578211222881276
2023-09-11,XLF,-0.006630136727256097,-0.01317316117036571
2023-09-12,XLF,0.010192170758813512,-0.004591207918901108
2023-09-13,XLF,0.010780977200519404,0.014030950640167905
2023-09-14,XLF,0.022787326234703587,0.024882956975988968
2023-09-15,XLF,0.015451975622214231,0.024712969263274598
2023-09-18,XLF,0.013506409328543745,0.027823121331895573
2023-09-19,XLF,0.005628467201174825,0.027850608737444382
2023-09-20,XLF,-0.0013206079293437423,0.030463453873172508
2023-09-21,XLF,-0.026803128652161168,0.003582671970139728
2023-09-22,XLF,-0.029271821451823055,-0.0005777105870963251
2023-09-25,XLF,-0.029623270276092684,-0.0029179094799637317
2023-09-26,XLF,-0.04146263633522118,-0.021684733132896872
2023-09-27,XLF,-0.03624264351694273,-0.031934500849171266
2023-09-28,XLF,-0.012971581821306755,-0.025509642281990152
2023-09-29,XLF,-0.014557174826882457,-0.030882119906150307
2023-10-02,XLF,-0.025192715403199006,-0.047649927858347096
2023-10-03,XLF,-0.02763601838792651,-0.05315374301355813
2023-10-04,XLF,-0.01895313476379057,-0.04557763268617088
2023-10-05,XLF,-0.02150542430469593,-0.038666401013377705
2023-10-06,XLF,-0.0039191006951783125,-0.03242849579359586
2023-10-09,XLF,0.005168733918081925,-0.03633827474129203
2023-10-10,XLF,0.028730257439847362,-0.03577812034124794
2023-10-11,XLF,0.022692189475028712,-0.03433055970691801
2023-10-12,XLF,0.011599462064151078,-0.0491820472793959
2023-10-13,XLF,0.00514508653486323,-0.04224939566611441
2023-10-16,XLF,0.015124007975942044,-0.03480023029581014
2023-10-17,XLF,0.012612597745255805,-0.029081560229203496
2023-10-18,XLF,-0.0062965769225097334,-0.03914205499829815
2023-10-19,XLF,-0.013276947427414587,-0.035966904157912594
2023-10-20,XLF,-0.03041236764181543,-0.043374694000782754
2023-10-23,XLF,-0.04648387278590094,-0.05157088148833311
2023-10-24,XLF,-0.04448395928813764,-0.03214190850428145
2023-10-25,XLF,-0.031382088753067805,-0.0342961229485258
2023-10-26,XLF,-0.020489396387253556,-0.04330957222754095
2023-10-27,XLF,-0.023291908470752354,-0.05185399592620976
2023-10-30,XLF,0.00031247740574302796,-0.02675585608230069
2023-10-31,XLF,0.004345122071647944,-0.0003089671835393437
2023-11-01,XLF,0.014641740973471595,-0.0012266510423847299
2023-11-02,XLF,0.04089930836348632,0.017704573250910682
2023-11-03,XLF,0.07408567618766404,0.022396918383814857
2023-11-06,XLF,0.052171406562488754,0.018753991524417257
2023-11-07,XLF,0.03924603720799569,0.009909970833752668
2023-11-08,XLF,0.03377329372907267,0.0095952870929219
2023-11-09,XLF,0.005698626557005593,0.01176812556896989
2023-11-10,XLF,0.003848506578805422,0.021078084546521048
2023-11-13,XLF,0.0053441489319565605,0.008939160666981083
2023-11-14,XLF,0.025869545241834713,0.023131536010233766
2023-11-15,XLF,0.03029409187090426,0.04677113444081615
2023-11-16,XLF,0.03877130034937082,0.0651374655828374
2023-11-17,XLF,0.032438810688895314,0.08726700717678226
2023-11-20,XLF,0.03809823988634409,0.09843760052694317
2023-11-21,XLF,0.018261399018303592,0.09031696470670525
2023-11-22,XLF,0.01671968599821283,0.09875401514162352
2023-11-24,XLF,0.015791101413202835,0.10458953208904109
2023-11-27,XLF,0.007140641565795303,0.12114438352490686
2023-11-28,XLF,0.0028450841323768294,0.10121864197020969
2023-11-29,XLF,0.010531769991194428,0.09703318907332092
2023-11-30,XLF,0.017862155069844787,0.1022413967226472
2023-12-01,XLF,0.022329071745919693,0.08488302559858085
2023-12-04,XLF,0.024674216564034346,0.06956806920757375
2023-12-05,XLF,0.0198580714211396,0.06739901256387548
2023-12-06,XLF,0.0076058704433232815,0.0636336746119408
2023-12-07,XLF,0.0011142364701521856,0.06741928910283868
2023-12-08,XLF,-0.001105808743749992,0.0775428382286869
2023-12-11,XLF,0.006088791225650869,0.07195501993619335
2023-12-12,XLF,0.01835872020101692,0.08121690819324323
2023-12-13,XLF,0.03997763650797759,0.07826111045382533
2023-12-14,XLF,0.045353409297779645,0.08302124783384501
2023-12-15,XLF,0.03376648769781565,0.07235122384008585
2023-12-18,XLF,0.03093860044276253,0.07039738970411347
2023-12-19,XLF,0.0313030949473081,0.07413951867516255
2023-12-20,XLF,-0.0031537437499973286,0.05558410861113816
2023-12-21,XLF,-0.0033413500012189346,0.06165200659641057
2023-12-22,XLF,0.004682031985249191,0.06062359186908606
2023-12-26,XLF,0.0053633387867837445,0.06850845763558899
2023-12-27,XLF,0.0010644200919733837,0.07223226336171029
2023-12-28,XLF,0.022222401200154396,0.06779594092584018
2023-12-29,XLF,0.009125080054357193,0.05253905041096418
2024-01-02,XLF,0.011247695177050154,0.04912712782032691
2024-01-03,XLF,-0.0013335760130929186,0.04138808524417925
2024-01-04,XLF,-0.0005316441532682292,0.05079544632580246
2024-01-05,XLF,0.0007952455034223593,0.060578478345163944
2024-01-08,XLF,0.010372451110463032,0.06227283711683751
2024-01-09,XLF,-0.0002645562611788277,0.05001068566713118
2024-01-10,XLF,0.009882402448411653,0.045314797838421406
2024-01-11,XLF,0.002128129458748962,0.034047879378286794
2024-01-12,XLF,-0.003973487827768962,0.01575672936401884
2024-01-16,XLF,-0.017109876897462684,-0.0012014402443794037
2024-01-17,XLF,-0.012715287011384802,0.002798514723068246
2024-01-18,XLF,-0.012694900660086161,0.0010728377791917598
2024-01-19,XLF,0.006902258918231707,0.009582101204496984
2024-01-22,XLF,0.01356379618094583,0.03279140605242503
2024-01-23,XLF,0.022227964566083003,0.024422773786965113
2024-01-24,XLF,0.028172744292733087,0.02624518806028764
2024-01-25,XLF,0.031609807898646425,0.027207297135152686
2024-01-26,XLF,0.018982103033315045,0.027652238979420263
2024-01-29,XLF,0.016793253709672662,0.02730612529182208
2024-01-30,XLF,0.028032729991893213,0.043617051659595285
2024-01-31,XLF,0.011482254049640428,0.02648322560090266
2024-02-01,XLF,0.008050059901607565,0.03685910784363644
2024-02-02,XLF,0.008538239636029843,0.0369778832870471
2024-02-05,XLF,0.0,0.026489813883022517
2024-02-06,XLF,-0.010448604627725344,0.022110914216866506
2024-02-07,XLF,0.009288120351760965,0.03629148273951266
2024-02-08,XLF,0.0038637614757095484,0.03067969260255743
2024-02-09,XLF,0.002565302371738243,0.03743025921445153
2024-02-12,XLF,0.013161363501101642,0.04414873172962319
2024-02-13,XLF,-0.00257521206082989,0.037225563570664866
2024-02-14,XLF,-0.0005115281737056998,0.049101010907543596
2024-02-15,XLF,0.02052860113296795,0.06536277956132963
2024-02-16,XLF,0.014073720463478878,0.044819150384310946
2024-02-20,XLF,0.00662272309829115,0.03699820732908243
2024-02-21,XLF,0.023495906162068536,0.03851210774873293
2024-02-22,XLF,0.02557551288702342,0.046450913335500665
2024-02-23,XLF,0.013326774548513942,0.0464815484218295
2024-02-26,XLF,0.011859717964488148,0.03751617195694745
2024-02-27,XLF,0.01745937637836459,0.037677566688298025
2024-02-28,XLF,0.018163650187742242,0.028542426268815424
2024-02-29,XLF,0.005985261802954334,0.040763880731505386
2024-03-01,XLF,-0.0002482752246398823,0.037866842726473005
2024-03-04,XLF,0.007231841367488334,0.036172237461099765
2024-03-05,XLF,0.0047252260690886505,0.04258082777772221
2024-03-06,XLF,0.006194216218105453,0.04584101976560717
2024-03-07,XLF,0.0052055644944235535,0.03655400587842106
2024-03-08,XLF,0.00819059290061408,0.04234023348158322
2024-03-11,XLF,0.0074278356204702245,0.041197767413261976
2024-03-12,XLF,0.01138601722345367,0.04075393024844187
2024-03-13,XLF,0.013543189872212258,0.06274182884763779
2024-03-14,XLF,0.00690513496488987,0.04424571228951635
2024-03-15,XLF,0.004185283290210284,0.025647611915493362
2024-03-18,XLF,0.008205219296989918,0.035172297874599856
2024-03-19,XLF,0.008924029856029358,0.043133266615349664
2024-03-20,XLF,0.013519916928479425,0.052383310578205444
2024-03-21,XLF,0.03006992681229148,0.048821945255047794
2024-03-22,XLF,0.019268061950167725,0.031661138241120046
2024-03-25,XLF,0.009542403911892094,0.032801594436035586
2024-03-26,XLF,0.00803508048489432,0.03347116433476738
2024-03-27,XLF,0.007940345156572715,0.04181640849741619
2024-03-28,XLF,0.005250639877276253,0.048056041790681236
2024-04-01,XLF,0.0113472301805424,0.043626741308701034
2024-04-02,XLF,0.00993710743574705,0.03557553683332726
2024-04-03,XLF,0.006038753523615492,0.03482227278968941
2024-04-04,XLF,-0.016949133374943415,0.017853717234635136
2024-04-05,XLF,-0.013057896057381613,0.029014036004578747
2024-04-08,XLF,-0.0033421224569726293,0.03168867103525064
2024-04-09,XLF,-0.003839802067018727,0.0239930794755967
2024-04-10,XLF,-0.018247507897073745,0.004502067354992922
2024-04-11,XLF,-0.014084631261282121,-0.009891603064311694
2024-04-12,XLF,-0.03632432245581785,-0.015164622848245268
2024-04-15,XLF,-0.04526947810922666,-0.019120594857770068
2024-04-16,XLF,-0.04625361901009428,-0.03131855001747341
2024-04-17,XLF,-0.029346949210207307,-0.03360117575759325
2024-04-18,XLF,-0.018965237609252394,-0.04162637585598583
2024-04-19,XLF,0.007987949144142581,-0.03627689128653255
2024-04-22,XLF,0.0253386204493653,-0.013278671587672486
2024-04-23,XLF,0.03889862658878007,-0.003150512460588728
2024-04-24,XLF,0.03602927609935813,-0.006763262820658311
2024-04-25,XLF,0.026361822669155544,-0.024110797428495756
2024-04-26,XLF,0.010896475805379335,-0.03086428836336308
2024-04-29,XLF,-0.0026914348736317706,-0.026975500745861414
2024-04-30,XLF,-0.018721232629199114,-0.03143747349720882
2024-05-01,XLF,-0.01848251147182589,-0.030972490497303995
2024-05-02,XLF,-0.010273987154111985,-0.017484280588264012
2024-05-03,XLF,-0.006614586965000724,-0.024537229341770828
2024-05-06,XLF,0.007605536786615907,-0.016287439282124172
2024-05-07,XLF,0.02106037626077728,-0.007227130942283111
2024-05-08,XLF,0.024776953523661938,0.011494309468668806
2024-05-09,XLF,0.029906083382891024,0.026354744561886134
2024-05-10,XLF,0.031566288261013264,0.0441837779169012
2024-05-13,XLF,0.014365735393985002,0.04515807569735086
2024-05-14,XLF,0.016015663617322984,0.057590157595183156
2024-05-15,XLF,0.01982587514609424,0.0627361326684528
2024-05-16,XLF,0.012238936849177762,0.059000430253490777
2024-05-17,XLF,0.01577799519687706,0.05225355665224973
2024-05-20,XLF,0.0060009709125183885,0.025446635812659046
2024-05-21,XLF,0.0074037198211793775,0.025528604562659263
2024-05-22,XLF,-0.005689922393557922,0.019941492895998003
2024-05-23,XLF,-0.01944045118805615,0.011741630627415178
2024-05-24,XLF,-0.020710741696224888,0.01935324704789876
2024-05-28,XLF,-0.018134117888862655,0.009568252833081159
2024-05-29,XLF,-0.03224270637960147,0.011397392752141355
2024-05-30,XLF,-0.021459287256968662,0.016848183633757507
2024-05-31,XLF,0.006769708594044133,0.02916444896738546
2024-06-03,XLF,-0.005527360577167961,0.020468894342665633
2024-06-04,XLF,0.000972009167508503,0.002921803757483632
2024-06-05,XLF,0.012003953123819855,0.0024266766599916334
2024-06-06,XLF,0.006091726125981856,-0.001692474872255434
2024-06-07,XLF,-0.003842379486098224,-0.004559711664790189
2024-06-10,XLF,-0.0014501003765204912,-0.012192310265842221
2024-06-11,XLF,-0.008254534113891432,-0.01944326704955457
2024-06-12,XLF,-0.0121034374014507,-0.025316337541738787
2024-06-13,XLF,-0.012351479310194202,-0.033190886390607854
2024-06-14,XLF,-0.020009399124157,-0.03627286919215178
2024-06-17,XLF,-0.007502555930719468,-0.034831811745328345
2024-06-18,XLF,0.010281630592083868,-0.015270875777943838
2024-06-20,XLF,0.016662400705150793,-0.0163583747945657
2024-06-21,XLF,0.013486968015437695,-0.014544396894356493
2024-06-24,XLF,0.027175084751885903,0.009542458145083144
2024-06-25,XLF,0.010569481739321374,-0.004002640154310733
2024-06-26,XLF,-0.002122120299015706,0.0007878147733497709
2024-06-27,XLF,-0.00862320616683554,0.007648805238053447
2024-06-28,XLF,-0.0013848019655821053,0.005671945412347057
2024-07-01,XLF,-0.00937709683735588,-0.00664881728489608
2024-07-02,XLF,0.009689940202535663,0.011237991714011963
2024-07-03,XLF,0.01292065112842411,0.012734257998589626
2024-07-05,XLF,0.013912494996049185,0.009549133721319158
2024-07-08,XLF,0.007784219964879435,0.007363733076794388
2024-07-09,XLF,0.013349322756008863,0.010494451414160944
2024-07-10,XLF,0.005518201707008563,0.018294836652118063
2024-07-11,XLF,0.016606304480934142,0.038121238623762155
2024-07-12,XLF,0.02022145495765182,0.042582518302522576
2024-07-15,XLF,0.037895164238668455,0.058613388556062684
2024-07-16,XLF,0.04167671677420315,0.07410065109492803
2024-07-17,XLF,0.04557377793615158,0.07275075192728742
2024-07-18,XLF,0.024857932396812776,0.05309920914789279
2024-07-19,XLF,0.011090060734753271,0.03686810982715727
2024-07-22,XLF,0.0020929950779684514,0.046712088706031496
2024-07-23,XLF,-0.00735804495766279,0.037989906533467455
2024-07-24,XLF,-0.02829740179119611,0.03149235328588862
2024-07-25,XLF,-0.01270492380288435,0.0419307663682702
2024-07-26,XLF,0.01306901771582436,0.059555724985260516
2024-07-29,XLF,0.006033720393637365,0.054487913717522485
2024-07-30,XLF,0.015751690673935892,0.06432023638640327
2024-07-31,XLF,0.02724284711924252,0.049424283219636544
2024-08-01,XLF,0.008890828686727303,0.037785529542140095
2024-08-02,XLF,-0.031098949853593294,0.012518002977028653
2024-08-05,XLF,-0.0579007745724921,-0.014241117239792711
2024-08-06,XLF,-0.05359177782169733,-0.005987964735259643
2024-08-07,XLF,-0.05006859666268093,-0.0085897198452064
2024-08-08,XLF,-0.020871798673742004,-0.0004733647389348894
2024-08-09,XLF,0.008083883390292979,0.00047207935460957806
2024-08-12,XLF,0.03281112136830733,-0.019069774885065005
2024-08-13,XLF,0.024819280327661897,-0.022074044458211595
2024-08-14,XLF,0.036100908792374486,-0.017571869216090108
2024-08-15,XLF,0.029133122725189864,0.0036961561955715094
2024-08-16,XLF,0.03231123394303426,0.021470398011411262
2024-08-19,XLF,0.043385435257822236,0.021350628051707954
2024-08-20,XLF,0.03150712782187348,0.016214948904056392
2024-08-21,XLF,0.01742152163270072,0.028651694005400907
2024-08-22,XLF,0.013809000515567105,0.030650533428560944
2024-08-23,XLF,0.015078768095182049,0.0234968152485453
2024-08-26,XLF,0.012724369128930713,0.028143142208381988
2024-08-27,XLF,0.02119895188377874,0.021664694469682333
2024-08-28,XLF,0.025342547227191092,0.02674878788290136
2024-08-29,XLF,0.02860374007503297,0.05078861186092598
2024-08-30,XLF,0.029484669437483735,0.08749420836859412
2024-09-03,XLF,0.018622475671820515,0.1116554229052309
2024-09-04,XLF,0.014508978530345384,0.09518068556221948
2024-09-05,XLF,0.0008907069400805323,0.08182897895951169
2024-09-06,XLF,-0.022511603107214118,0.04902879346121325
2024-09-09,XLF,-0.017271578985736946,0.06014140674289381
2024-09-10,XLF,-0.020043946412053426,0.05476542481127278
2024-09-11,XLF,-0.025742575114016897,0.04114738567327625
2024-09-12,XLF,-0.01268064437737404,0.030894463402336925
2024-09-13,XLF,0.004967332795316581,0.024395819462628365
2024-09-16,XLF,0.003114481310225292,0.030157536190364098
2024-09-17,XLF,0.018880538214169462,0.02999325791417773
2024-09-18,XLF,0.020550931010233864,0.03008879445302215
2024-09-19,XLF,0.02951761753886073,0.043150738734937466
2024-09-20,XLF,0.02583682729156833,0.036549248225137276
2024-09-23,XLF,0.011417156352715674,0.026441532024319647
2024-09-24,XLF,-0.0023511291301117065,0.014660693556250326
2024-09-25,XLF,-0.005256658445632945,0.0034028801162788724
2024-09-26,XLF,-0.011090370347420664,0.006085052750286479
2024-09-27,XLF,-0.0075832752684055205,8.270422149947443e-05
2024-09-30,XLF,-0.0026408087903719846,-0.005588983891212984
2024-10-01,XLF,0.0004437015508425013,-0.0034473768998118937
2024-10-02,XLF,0.007590932867742151,-0.0034394318686656877
2024-10-03,XLF,-0.0028877105125473257,0.0022870263566141524
2024-10-04,XLF,0.011074333578851236,0.03444496825612431
2024-10-07,XLF,-0.005074980976601862,0.006752606277530493
2024-10-08,XLF,0.005989356754695807,0.023026827186992227
2024-10-09,XLF,0.014181115459542815,0.0373982099533019
2024-10-10,XLF,0.0164848045599848,0.03189462082066341
2024-10-11,XLF,0.01883884429592464,0.04872335801631511
2024-10-14,XLF,0.03792414909507036,0.041688522784561366
2024-10-15,XLF,0.03417868748234887,0.038387231592291515
2024-10-16,XLF,0.03736080306860279,0.05448557977778856
2024-10-17,XLF,0.043392420253436814,0.0458014583941142
2024-10-18,XLF,0.02386592745756788,0.04670848719355081
2024-10-21,XLF,0.009401858588699907,0.039612907853983303
2024-10-22,XLF,0.005330555863949815,0.0463825933351385
2024-10-23,XLF,-0.007792619736561313,0.05179731386994124
2024-10-24,XLF,-0.009661675537487091,0.047312345810948786
2024-10-25,XLF,-0.020789707085017928,0.032779576158995516
2024-10-28,XLF,-0.0006352120454582444,0.04170347290049725
2024-10-29,XLF,-0.004878091746680968,0.04081643117806366
2024-10-30,XLF,0.0004244769510846069,0.044316441586131905
2024-10-31,XLF,-0.014209992189901266,0.03542003888778633
2024-11-01,XLF,0.00021450727938399083,0.021686616492000654
2024-11-04,XLF,-0.019699276299257162,0.026391586140140033
2024-11-05,XLF,-0.00447580829001093,0.029988965002218926
2024-11-06,XLF,0.0513472339320431,0.08258691221423375
2024-11-07,XLF,0.048838234537961656,0.06837615350521165
2024-11-08,XLF,0.0546741007642062,0.05762203663933807
2024-11-11,XLF,0.07800345756449545,0.06602556616382382
2024-11-12,XLF,0.06486853462972553,0.060554479726135924
2024-11-13,XLF,0.004439951147253485,0.048230800701662524
2024-11-14,XLF,0.018256504686486208,0.042638365625050856
2024-11-15,XLF,0.013823863304644135,0.04724889299166235
2024-11-18,XLF,0.0026057491554345447,0.05884822014978197
2024-11-19,XLF,-0.0010053969589026712,0.0538704859785919
2024-11-20,XLF,-0.004621141642324966,0.05158135129043817
2024-11-21,XLF,0.010676750360695708,0.06405086942709914
2024-11-22,XLF,0.01724494037511093,0.087926306961009
2024-11-25,XLF,0.020791814989127744,0.08155061042021505
2024-11-26,XLF,0.02958356169524845,0.09036663701220649
2024-11-27,XLF,0.034719463542657314,0.08763001780483903
2024-11-29,XLF,0.02332077648873887,0.10456116748894284
2024-12-02,XLF,0.001971321652811664,0.0898371816377801
2024-12-03,XLF,-0.011946768034578503,0.09010383275621181
2024-12-04,XLF,-0.017592006812111483,0.07600087333512096
2024-12-05,XLF,-0.016582179476763104,0.017356309242376078
2024-12-06,XLF,-0.018309258751351365,0.033846245836346434
2024-12-09,XLF,-0.022034284614917965,0.010571320772329917
2024-12-10,XLF,-0.01486615359525345,-0.003808221385566579
2024-12-11,XLF,-0.009152333405362145,0.0012061770316260656
2024-12-12,XLF,-0.01646493981925612,-0.0038174032274544967
2024-12-13,XLF,-0.017063590159779984,-0.002014607780924327
2024-12-16,XLF,-0.005230289667456756,-0.008421702801260866
2024-12-17,XLF,-0.012072503287867797,-0.018392572633065707
2024-12-18,XLF,-0.043574296999180806,-0.04145696202841043
2024-12-19,XLF,-0.03590175781304017,-0.03512327755253597
2024-12-20,XLF,-0.020791359993546532,-0.033087564038267514
2024-12-23,XLF,-0.01665345636607607,-0.041464791229893105
2024-12-24,XLF,0.0020146615140443913,-0.036448941272881896
2024-12-26,XLF,0.03546996890333842,-0.035976712675273914
2024-12-27,XLF,0.024223952795996206,-0.044910349668661365
2024-12-30,XLF,-0.0004967879601406322,-0.055592236853532206
2024-12-31,XLF,-0.0018587940173421247,-0.04512886887779277
2015-02-02,XLV,-0.023137926777960116,0.015008095787074849
2015-02-03,XLV,-0.009463985029574462,0.027094010177144634
2015-02-04,XLV,-0.007595157248484585,0.017634280523928236
2015-02-05,XLV,0.0007102509016159164,0.011055102748815049
2015-02-06,XLV,0.007362665481170927,-0.01496327782726059
2015-02-09,XLV,-0.010048962659554683,-0.017803763187474342
2015-02-10,XLV,-0.00014247069017125913,-0.001708545160017616
2015-02-11,XLV,0.013574066197722168,0.0037181914190766996
2015-02-12,XLV,0.00028429138898800055,0.008880119932081376
2015-02-13,XLV,0.013471167164986086,0.023889036274231445
2015-02-17,XLV,0.03291740458321368,0.01222070341101178
2015-02-18,XLV,0.016970953066898442,0.013357432309061279
2015-02-19,XLV,0.017666025790610496,0.013047373495478354
2015-02-20,XLV,0.024701524903658623,0.011633142652442752
2015-02-23,XLV,0.025310721002799852,0.02213146336625904
2015-02-24,XLV,0.016706745334599038,0.015566259360533463
2015-02-25,XLV,0.015145338297612554,0.022457265574817198
2015-02-26,XLV,0.01623975248868481,0.04026939164177379
2015-02-27,XLV,0.0008309927410246054,0.026573207384356534
2015-03-02,XLV,0.005240760296677305,0.05225945643283336
2015-03-03,XLV,-0.0026236360153670812,0.036893345450061066
2015-03-04,XLV,0.0026247238829055775,0.034935548112936976
2015-03-05,XLV,0.003444045138850216,0.05184102436360116
2015-03-06,XLV,-0.011488800163062196,0.01405887672048145
2015-03-09,XLV,-0.01426797371859767,0.02966476891205705
2015-03-10,XLV,-0.016336603150851614,0.030307552478397115
2015-03-11,XLV,-0.021630875016707685,0.012693265729858405
2015-03-12,XLV,-0.012218445547231838,0.02507472984257464
2015-03-13,XLV,0.005601191306723985,0.019448993914792156
2015-03-16,XLV,0.021572907614614945,0.037895961843956716
2015-03-17,XLV,0.030119348365461818,0.027516566054296643
2015-03-18,XLV,0.04407771873605637,0.03968601214615464
2015-03-19,XLV,0.0364138375606029,0.04395902743945501
2015-03-20,XLV,0.04594797951546781,0.04058654104618897
2015-03-23,XLV,0.02042096808645688,0.03294618934833382
2015-03-24,XLV,0.014443039214112163,0.02522879177705084
2015-03-25,XLV,-0.016814961882928636,0.006953086339269721
2015-03-26,XLV,-0.02477073910130434,0.0018299207889298508
2015-03-27,XLV,-0.024833509800427755,0.013902579297422779
2015-03-30,XLV,-0.012183825000275372,0.015041365256093231
2015-03-31,XLV,-0.020799084225540332,0.00654578155002139
2015-04-01,XLV,-0.012656627239955975,-0.008394234856847649
2015-04-02,XLV,-0.007308024232026589,-0.008904852971825306
2015-04-06,XLV,-0.012869308915260946,0.012486610125978181
2015-04-07,XLV,-0.02046612091506972,0.008658924973515836
2015-04-08,XLV,0.005240870409072063,0.028625199222588327
2015-04-09,XLV,0.023129319045788854,0.036971532876323376
2015-04-10,XLV,0.028753945476189147,0.03220498322869969
2015-04-13,XLV,0.02163618118536914,0.02863139265605552
2015-04-14,XLV,0.02089373461404831,0.007988337584680094
2015-04-15,XLV,0.014956258974114789,0.013484103318746943
2015-04-16,XLV,0.006809453649619934,-4.307751217114131e-05
2015-04-17,XLV,-0.010397102701516614,-0.014415858810526205
2015-04-20,XLV,0.0010863601407402612,-0.015487503233593825
2015-04-21,XLV,0.006099310412530423,-0.006158827518433663
2015-04-22,XLV,0.005137342059365446,0.004187202682570668
2015-04-23,XLV,0.009468447222521492,0.02668869307285382
2015-04-24,XLV,0.015009162037572965,0.02578642107639273
2015-04-27,XLV,-0.009493029898076988,0.0
2015-04-28,XLV,-0.011181557744666448,-0.005150447123716484
2015-04-29,XLV,-0.021789006349682172,0.0031720206982590593
2015-04-30,XLV,-0.03912635226199401,-0.000835842097626216
2015-05-01,XLV,-0.02298679865336206,0.009584946406383965
2015-05-04,XLV,0.0013694770403540613,0.014424418249997073
2015-05-05,XLV,-0.016076125736095626,-0.0006918114050505908
2015-05-06,XLV,-0.010861918629541112,-0.012897627775315001
2015-05-07,XLV,0.007948712640912792,-0.015660867177663573
2015-05-08,XLV,0.010593943496017166,-0.008236676253255193
2015-05-11,XLV,0.004785137859712352,-0.002307673014332434
2015-05-12,XLV,0.011077409056155396,-0.010300582797525326
2015-05-13,XLV,0.016124556315495475,-0.011761392526806635
2015-05-14,XLV,0.02531816598899228,0.002434761332531288
2015-05-15,XLV,0.011027809102672759,0.013235008803356818
2015-05-18,XLV,0.016464731355380957,0.013018560139246294
2015-05-19,XLV,0.027800783468328705,0.011047146013611897
2015-05-20,XLV,0.028043846388639215,0.01075999932006333
2015-05-21,XLV,0.014168205716148297,0.007101773260285604
2015-05-22,XLV,0.009695830444482967,0.007930964480552527
2015-05-26,XLV,-0.006425812218087024,0.01615548752250051
2015-05-27,XLV,0.00039938039090037236,0.022888424401805274
2015-05-28,XLV,-0.00026614400029356666,0.03299901367876967
2015-05-29,XLV,-0.0029273777354319463,0.04504229907419055
2015-06-01,XLV,0.0034677780489655863,0.035222701146699675
2015-06-02,XLV,0.007141067634379938,0.022012300205853874
2015-06-03,XLV,-0.0025307865950394692,0.0369701750071032
2015-06-04,XLV,-0.010115797343454691,0.033778219906017704
2015-06-05,XLV,-0.00800632784083155,0.0285000961051749
2015-06-08,XLV,-0.016879621369521147,0.0070795896494719734
2015-06-09,XLV,-0.010702482113139511,0.006259143121061683
2015-06-10,XLV,-0.0004001724896233183,0.025198663115353126
2015-06-11,XLV,0.013445964017043677,0.031053091022027246
2015-06-12,XLV,0.0013454050304040344,0.004452939068771533
2015-06-15,XLV,0.007570973566922268,0.00363625358938946
2015-06-16,XLV,0.012846984165495456,0.002677719117821775
2015-06-17,XLV,0.0014686027683057379,-0.0010668514520496553
2015-06-18,XLV,0.008756935630459095,0.011709724468797589
2015-06-19,XLV,0.020564083691365642,0.010787547464028657
2015-06-22,XLV,0.027275022823067818,0.02110994640656494
2015-06-23,XLV,0.02420992319386306,0.0335941516138456
2015-06-24,XLV,0.012948239531550332,0.011463615497216084
2015-06-25,XLV,0.004368959269147377,0.016400351902757127
2015-06-26,XLV,0.0036977979509456027,0.01750385371295793
2015-06-29,XLV,-0.02844040397928671,-0.011359219772490659
2015-06-30,XLV,-0.026945605381093363,-0.0013878255976693676
2015-07-01,XLV,-0.006474544418372807,0.007464527111302521
2015-07-02,XLV,-0.01655736712380973,0.009786231004587309
2015-07-06,XLV,-0.015527632484912957,0.009789130650617706
2015-07-07,XLV,0.014029697634932115,0.019723660738472093
2015-07-08,XLV,-0.00685617474075173,0.002494696393050111
2015-07-09,XLV,-0.012102616593138715,-0.0043299900447861805
2015-07-10,XLV,0.005879249177452195,0.0022468409135047995
2015-07-13,XLV,0.014837691229017569,0.023395188942335166
2015-07-14,XLV,0.020087375994242596,0.03239102813719685
2015-07-15,XLV,0.0392528013316904,0.02863062025606622
2015-07-16,XLV,0.03850294674185606,0.032489921763632745
2015-07-17,XLV,0.02244924989184316,0.01585079071404838
2015-07-20,XLV,0.017122908772210454,0.019944468000016258
2015-07-21,XLV,0.0026084019439227557,0.0076015632672064015
2015-07-22,XLV,0.0035170041423819853,0.007848386383094264
2015-07-23,XLV,-0.004796567427490683,0.014402784006896097
2015-07-24,XLV,-0.02754312272533288,-0.016426106563834475
2015-07-27,XLV,-0.031597872498924096,-0.01592252691936058
2015-07-28,XLV,-0.009755508514005529,0.026979612701757194
2015-07-29,XLV,-0.01025290746817431,0.025137973428744242
2015-07-30,XLV,-0.008075663595649485,0.012768019903136363
2015-07-31,XLV,0.02324652464716581,0.02338309785167003
2015-08-03,XLV,0.02340161222784043,0.022991102380932604
2015-08-04,XLV,0.004728754040719485,0.017559889125195793
2015-08-05,XLV,0.01140796076282724,0.04399048842241049
2015-08-06,XLV,-0.009192970954893354,0.015750916812431903
2015-08-07,XLV,-0.01658174462296602,0.0005312481539097025
2015-08-10,XLV,-0.007839465555454783,0.00013175273486454309
2015-08-11,XLV,-0.01568838710511833,-0.0181272317915524
2015-08-12,XLV,-0.02320730050760389,-0.01875435300843442
2015-08-13,XLV,-0.0037107235722789733,-0.025537915788501175
2015-08-14,XLV,0.0007969963810758873,-0.020656851140763877
2015-08-17,XLV,0.002765296896196201,-0.013986013571253397
2015-08-18,XLV,0.0098286744870002,-0.011056286669463455
2015-08-19,XLV,0.005043871180705706,-0.01726137219325563
2015-08-20,XLV,-0.01609730632521822,-0.03660313242561042
2015-08-21,XLV,-0.048819456233281544,-0.04208384902703455
2015-08-24,XLV,-0.09837147324722162,-0.08197399334978528
2015-08-25,XLV,-0.10614201463882389,-0.1073161801620216
2015-08-26,XLV,-0.06458051117182795,-0.07120427853631262
2015-08-27,XLV,-0.023661202913327517,-0.05174043595476563
2015-08-28,XLV,0.0013944974615942574,-0.0625407079250182
2015-08-31,XLV,0.02680284512369102,-0.07892297191718456
2015-09-01,XLV,0.010005726993196573,-0.10262768254168986
2015-09-02,XLV,-0.01101192960657249,-0.09179290257193706
2015-09-03,XLV,-0.03683688865680679,-0.07819726213794498
2015-09-04,XLV,-0.043454035301420224,-0.08815715185222461
2015-09-08,XLV,0.0015605967861413994,-0.07019637860409955
2015-09-09,XLV,0.012674875218289694,-0.07676960456272697
2015-09-10,XLV,0.0018557897580595561,-0.06848961982362778
2015-09-11,XLV,0.015528132322695898,-0.060396779429840675
2015-09-14,XLV,0.025189009094402914,-0.06593318193124786
2015-09-15,XLV,0.011614327567968763,-0.06199120757362542
2015-09-16,XLV,0.03035534854545685,-0.0580032039971774
2015-09-17,XLV,0.02978049000144889,-0.0455628423338863
2015-09-18,XLV,0.007603685485474854,-0.03776290681296679
2015-09-21,XLV,-0.0026467736486200932,-0.020591242394971343
2015-09-22,XLV,-0.022793889428984082,0.016635894418331132
2015-09-23,XLV,-0.026504014578678792,0.025923708471380813
2015-09-24,XLV,-0.04511946567814695,-0.025706141497485624
2015-09-25,XLV,-0.05683289798026592,-0.07045548804864199
2015-09-28,XLV,-0.08117790266373714,-0.10135075527847193
2015-09-29,XLV,-0.06701198469955694,-0.07625002217218257
2015-09-30,XLV,-0.046638640530281106,-0.031613390616863746
2015-10-01,XLV,-0.02705058035831609,-0.04150649277965457
2015-10-02,XLV,0.021083109562489932,-0.014557150744280878
2015-10-05,XLV,0.06501801808963958,0.0005558257439945979
2015-10-06,XLV,0.030518134532806718,-0.0495421774973166
2015-10-07,XLV,0.025668318245556376,-0.019188202093572304
2015-10-08,XLV,0.018385537627180204,-0.02569218480188895
2015-10-09,XLV,0.002195714634346535,-0.02749459211700256
2015-10-12,XLV,0.002191009595947646,-0.0218895791272139
2015-10-13,XLV,0.01346125245260854,-0.04780690728974557
2015-10-14,XLV,-0.004416651349965606,-0.05228822703387748
2015-10-15,XLV,0.014824777171529746,-0.03984225662159124
2015-10-16,XLV,0.0192871300490709,-0.01621812182965543
2015-10-19,XLV,0.020256081765702483,0.0005713915265264102
2015-10-20,XLV,0.0169715231767118,-0.009059348507298615
2015-10-21,XLV,0.009759603378334036,-0.016985094629758835
2015-10-22,XLV,-0.018224048007835836,-0.012798199685311262
2015-10-23,XLV,-0.0061639776224069465,0.03663270972264687
2015-10-26,XLV,-0.005856270294211652,0.08259452824745828
2015-10-27,XLV,0.028587933269856203,0.09247876714014924
2015-10-28,XLV,0.046565816242113645,0.07911841254947305
2015-10-29,XLV,0.05760177481974482,0.07309419692399755
2015-10-30,XLV,0.028991884347091768,0.04466192356309606
2015-11-02,XLV,0.046838963965957436,0.06411545635502747
2015-11-03,XLV,0.02426643621138669,0.08585118102997047
2015-11-04,XLV,0.011333374581129041,0.06403643977526907
2015-11-05,XLV,0.0036220179534620645,0.05753756664726217
2015-11-06,XLV,0.005747219079288435,0.04836391650800653
2015-11-09,XLV,-0.02278330503262771,0.03759800214352471
2015-11-10,XLV,-0.012672462231119508,0.057850776588900255
2015-11-11,XLV,-0.018124318925382688,0.04938627731087397
2015-11-12,XLV,-0.03206109848521799,0.008678319250524424
2015-11-13,XLV,-0.030383014524513974,-0.0027231479349396626
2015-11-16,XLV,-0.010673828699585663,0.0061423569591119165
2015-11-17,XLV,-0.013114026867240614,0.026555876237428944
2015-11-18,XLV,0.01620428925910522,0.05608387632576184
2015-11-19,XLV,0.016776549461260615,0.044637993915864094
2015-11-20,XLV,0.0280291519395226,0.03158836406901755
2015-11-23,XLV,0.012776454225901013,0.02499996557751971
2015-11-24,XLV,0.011591869879678418,0.009593389918319817
2015-11-25,XLV,-0.002357396226255082,0.006715728557068479
2015-11-27,XLV,0.016640743267998248,0.004179051005869683
2015-11-30,XLV,-0.005732434453716961,-0.003223575432202419
2015-12-01,XLV,0.013596856179178385,-0.007548650312823479
2015-12-02,XLV,0.001956806891633356,-0.012396644604399376
2015-12-03,XLV,-0.025295464386440147,-0.029745866831997647
2015-12-04,XLV,-0.004300100555126307,-0.0037474644587195405
2015-12-07,XLV,0.003796616704394795,-0.005156779346780382
2015-12-08,XLV,-0.01064863102237601,0.004775201358468539
2015-12-09,XLV,-0.012273670741639209,-0.011997741709414922
2015-12-10,XLV,0.017396507775317538,0.005354532927551503
2015-12-11,XLV,-0.020618683196249044,0.008029658277552087
2015-12-14,XLV,-0.008685682181095333,0.017105046004314062
2015-12-15,XLV,0.0019569072165210866,0.017603175176982067
2015-12-16,XLV,0.025275207774314357,0.026434915712499008
2015-12-17,XLV,0.006727280972102401,-0.004021291737464128
2015-12-18,XLV,0.006950250619017551,-0.0017121091435470248
2015-12-21,XLV,0.009486993949384237,-0.0012400781782035963
2015-12-22,XLV,0.003255651328897491,0.008036997746810659
2015-12-23,XLV,0.0010553540489093294,0.015743798019011157
2015-12-24,XLV,0.012904244353277416,0.01121489506216955
2015-12-28,XLV,0.02298208659355172,0.004514757422231286
2015-12-29,XLV,0.026149488365270646,0.03078589535813059
2015-12-30,XLV,0.014941815240623546,0.009374579336696609
2015-12-31,XLV,-0.004835874344865987,0.008857649044886173
2016-01-04,XLV,-0.023740356693366493,0.012828253782894095
2016-01-05,XLV,-0.01442254672836829,-0.0056973020224897475
2016-01-06,XLV,-0.03425142419062399,-0.008285150756128568
2016-01-07,XLV,-0.04980750348754559,-0.030576818782533044
2016-01-08,XLV,-0.05567113876752616,-0.03546826013683091
2016-01-11,XLV,-0.049766722503698846,-0.05403340410765667
2016-01-12,XLV,-0.04221215670828704,-0.027619763277718645
2016-01-13,XLV,-0.06298756617807033,-0.06260897492947826
2016-01-14,XLV,-0.017955204537187575,-0.04984238058664625
2016-01-15,XLV,-0.016906558208299116,-0.07515092467919549
2016-01-19,XLV,-0.005207594181682151,-0.06524795390184124
2016-01-20,XLV,-0.01586587387142968,-0.049652578225098054
2016-01-21,XLV,0.011203329550753649,-0.06101521730964177
2016-01-22,XLV,0.0004421571183443884,-0.05250696857854198
2016-01-25,XLV,0.005233867982630258,-0.0712905040419286
2016-01-26,XLV,0.01301244363858256,-0.06514810290023954
2016-01-27,XLV,-0.0004476354078454259,-0.07141872270478866
2016-01-28,XLV,-0.02081141551222132,-0.10398709871904244
2016-01-29,XLV,-0.02033874398757285,-0.08544292954832722
2016-02-01,XLV,-0.009669615498966277,-0.07580145976781039
2016-02-02,XLV,-0.03130087930987402,-0.07238794832411488
2016-02-03,XLV,-0.013739515065479768,-0.07077519092364593
2016-02-04,XLV,0.004281472547512655,-0.06823662135265152
2016-02-05,XLV,-0.031141870877663957,-0.06747732116847105
2016-02-08,XLV,-0.045816357763863946,-0.06615675378476371
2016-02-09,XLV,-0.024691123735777754,-0.04790929853256076
2016-02-10,XLV,-0.022410947114100743,-0.05156449062763613
2016-02-11,XLV,-0.03288668659706939,-0.038304364056714224
2016-02-12,XLV,-0.0004657792329213484,-0.05086984479742418
2016-02-16,XLV,0.03243062925114337,-0.019291219606968224
2016-02-17,XLV,0.037818296318584244,-0.006730304776609963
2016-02-18,XLV,0.022304742440395264,-0.01477848050605124
2016-02-19,XLV,0.03794059906291891,-0.012876129540998926
2016-02-22,XLV,0.03883801239207019,-0.014443286984170967
2016-02-23,XLV,0.012046670010711802,-0.012644632199972361
2016-02-24,XLV,0.002710226630453727,-0.016831740363160597
2016-02-25,XLV,0.021515424938438388,0.00686968966853696
2016-02-26,XLV,0.020779751765895638,0.02905209007969778
2016-02-29,XLV,-0.009570994617037587,-0.003610738885455045
2016-03-01,XLV,0.019285574807695438,0.01622357483717507
2016-03-02,XLV,0.017570222338323394,0.0327693327954095
2016-03-03,XLV,0.002224980278415334,0.023167784054514362
2016-03-04,XLV,0.0016348270835453427,0.02634016506580017
2016-03-07,XLV,0.025970072305626868,0.05512410077653396
2016-03-08,XLV,-0.00783447417172034,0.05667499719922975
2016-03-09,XLV,-0.007674084100735001,0.050788933660063984
2016-03-10,XLV,-0.004291859059324388,0.04213164941221881
2016-03-11,XLV,0.017504518737974317,0.07981737118496124
2016-03-14,XLV,0.005151149930389343,0.061053419862793445
2016-03-15,XLV,0.0017878181388086833,0.025312606904989154
2016-03-16,XLV,-0.0023796160350884055,0.010088628406908384
2016-03-17,XLV,-0.014566253373947347,0.004545565646484784
2016-03-18,XLV,-0.022018073528378035,0.017439604792812036
2016-03-21,XLV,-0.012134841657378659,0.008990518366922329
2016-03-22,XLV,0.013438467789760322,0.026722648409404748
2016-03-23,XLV,0.008674128221153765,0.01609641512106963
2016-03-24,XLV,0.020087024972130108,0.003140894882740719
2016-03-28,XLV,0.005385637991587311,0.002095862905718171
2016-03-29,XLV,0.011155791870352871,0.03010574311128056
2016-03-30,XLV,0.0013250400629563064,0.008631067153144434
2016-03-31,XLV,0.005340113295319249,0.003884019669304406
2016-04-01,XLV,0.01721337492313446,0.018142987140092437
2016-04-04,XLV,0.03229226754307568,0.0327674144742931
2016-04-05,XLV,0.007207874117074464,0.011267914768016363
2016-04-06,XLV,0.034122747857018076,0.051284592727215195
2016-04-07,XLV,0.025965992200555954,0.03791591834114172
2016-04-08,XLV,0.011670137208891429,0.03446463190025972
2016-04-11,XLV,-0.007928501195528237,0.006952891044387233
2016-04-12,XLV,0.013290474714510392,0.019456770745177376
2016-04-13,XLV,-0.003982156640982781,0.0452295324873242
2016-04-14,XLV,0.007621583173394564,0.048321082497601475
2016-04-15,XLV,0.009661202077330566,0.05989753986702606
2016-04-18,XLV,0.026881714770409237,0.057301248070340094
2016-04-19,XLV,0.022196579686608597,0.05488609998395044
2016-04-20,XLV,0.01813504986977077,0.050073444029860914
2016-04-21,XLV,0.02354802088734509,0.06377960852153475
2016-04-22,XLV,0.026420828177802225,0.06647852979372093
2016-04-25,XLV,0.01301807524957499,0.06532780537705629
2016-04-26,XLV,0.005640072832718168,0.04913183798891696
2016-04-27,XLV,-0.0008415751324581944,0.047801349565915974
2016-04-28,XLV,-0.011433434881651605,0.0460310294314914
2016-04-29,XLV,-0.02894091653228892,0.018088917438525254
2016-05-02,XLV,-0.0195557315262882,0.011820560579785422
2016-05-03,XLV,-0.01892873377571569,0.021907321400029156
2016-05-04,XLV,-0.027231666419951783,-0.01436461498177033
2016-05-05,XLV,-0.018476691277859114,0.0007191708484275416
2016-05-06,XLV,-0.008740377309573888,-0.002451096412033893
2016-05-09,XLV,-0.003134402303774042,0.016710095088110055
2016-05-10,XLV,0.008432315627869169,0.017007849369993888
2016-05-11,XLV,0.005915793072103881,-0.004569841181886969
2016-05-12,XLV,-0.004167152221721038,-0.010988809316901493
2016-05-13,XLV,-0.000578265011229484,-0.012567726769328491
2016-05-16,XLV,0.00157212883613278,-0.00834879061581173
2016-05-17,XLV,-0.017148748822131687,-0.022137759923374856
2016-05-18,XLV,-0.00100379948562912,-0.023281885184181617
2016-05-19,XLV,-0.003607653046423409,-0.03722818926094651
2016-05-20,XLV,0.007954680228927646,-0.03033243881179737
2016-05-23,XLV,-0.009560692594396403,-0.030451320655429104
2016-05-24,XLV,0.015284731923857597,-0.012759506014825672
2016-05-25,XLV,0.01737510493300709,-0.0054743373830379305
2016-05-26,XLV,0.02621282487993737,-0.0005642366682562239
2016-05-27,XLV,0.021380614189038694,0.019916981435173176
2016-05-31,XLV,0.027949959466387675,0.016526443858408735
2016-06-01,XLV,0.01704310144806742,0.0234385293354038
2016-06-02,XLV,0.023712043006065997,0.04660879960253417
2016-06-03,XLV,0.020180724123370686,0.038798662945672024
2016-06-06,XLV,0.021073127549631643,0.050592396014729646
2016-06-07,XLV,0.012333585379342926,0.03229950147971916
2016-06-08,XLV,0.012148749241706946,0.027210266211716183
2016-06-09,XLV,-0.002343880222070882,0.03801499203826042
2016-06-10,XLV,-0.007054922718048751,0.035786297831213565
2016-06-13,XLV,-0.020225480137727292,0.029939238201430962
2016-06-14,XLV,-0.012598628364723474,0.017693997619470103
2016-06-15,XLV,-0.022764358172479238,0.02134120762446967
2016-06-16,XLV,-0.017688952938110236,0.020678149896902198
2016-06-17,XLV,-0.020033342013258126,0.018711193213737376
2016-06-20,XLV,-0.005984947466704527,0.015695572477898212
2016-06-21,XLV,-0.01089645916343518,0.016321473720865676
2016-06-22,XLV,-0.0012196614878412504,0.004738360592315027
2016-06-23,XLV,0.008262729166531368,0.01153618957824043
2016-06-24,XLV,-0.010704991087917781,-0.017936752946805634
2016-06-27,XLV,-0.030070754415242318,-0.03546941593417319
2016-06-28,XLV,-0.007828646571518716,-0.01905239373373213
2016-06-29,XLV,0.008231935588467465,-0.003966202988202605
2016-06-30,XLV,0.004623134081060298,-0.007325679175893107
2016-07-01,XLV,0.04111977087066143,0.002219938659490772
2016-07-05,XLV,0.05425554941910282,-0.004124490793222524
2016-07-06,XLV,0.04576126656584378,0.01333890920880787
2016-07-07,XLV,0.024634277951296246,0.00832053705631064
2016-07-08,XLV,0.02761153175294706,0.0224801503557559
2016-07-11,XLV,0.01843126333843892,0.027944185055995607
2016-07-12,XLV,0.024413533691597378,0.041248092108827406
2016-07-13,XLV,0.012619799383068342,0.03921978683366478
2016-07-14,XLV,0.018546386163110995,0.05094533514161248
2016-07-15,XLV,0.005292345202865478,0.04640121003317477
2016-07-18,XLV,0.008437030664970813,0.057808419519938425
2016-07-19,XLV,0.0013544634517150822,0.04893625296366633
2016-07-20,XLV,0.010837485431155258,0.062054954575094357
2016-07-21,XLV,0.009441601343471717,0.062163421849223965
2016-07-22,XLV,0.012283754802912217,0.050574334725546954
2016-07-25,XLV,0.010794705263123872,0.08079707266422531
2016-07-26,XLV,0.011223547153168312,0.09359424235113578
2016-07-27,XLV,0.006700680052152075,0.07760765449329621
2016-07-28,XLV,0.002805842766990141,0.05644708107970842
2016-07-29,XLV,0.0028006519739784963,0.04866849276128837
2016-08-01,XLV,0.010278533991068262,0.04878046951305026
2016-08-02,XLV,0.008157422624979205,0.04577600124915304
2016-08-03,XLV,0.000798818425918224,0.03127597265595683
2016-08-04,XLV,0.0002669218187676403,0.03132316827121717
2016-08-05,XLV,0.0006645940432055131,0.021169380811461913
2016-08-08,XLV,-0.014138201204294876,0.0152404363811669
2016-08-09,XLV,-0.007958498704191186,0.012728903102002143
2016-08-10,XLV,-0.00851304899076255,0.009753779652234229
2016-08-11,XLV,-0.0013324507198988478,0.011194968599367083
2016-08-12,XLV,-0.006245683861779816,0.009449126447691913
2016-08-15,XLV,0.0040210916153062826,0.010794705263123872
2016-08-16,XLV,-0.007353564565214632,0.003921960122622359
2016-08-17,XLV,-0.002012222288639509,-0.003082152062303445
2016-08-18,XLV,-0.0073363920331519505,-0.005612167606487084
2016-08-19,XLV,-0.005616248941303303,-0.008400753151064255
2016-08-22,XLV,-0.005339621710070852,-0.005339621710070852
2016-08-23,XLV,0.004579097081827133,-0.0026745133854727543
2016-08-24,XLV,-0.013174230397351772,-0.022763923760567684
2016-08-25,XLV,-0.021902413543184118,-0.03011301152528989
2016-08-26,XLV,-0.017348127167522764,-0.028324467981433843
2016-08-29,XLV,-0.017179315192745404,-0.03237299294117868
2016-08-30,XLV,-0.021453484715819204,-0.031967272541941205
2016-08-31,XLV,-0.008854386257311386,-0.032189854021569264
2016-09-01,XLV,-0.003022406625738827,-0.03330243705717262
2016-09-02,XLV,-0.005748236309935484,-0.0345515198649784
2016-09-06,XLV,-0.004369931491613577,-0.02278540003741536
2016-09-07,XLV,-0.0009592415941689358,-0.025137407116407218
2016-09-08,XLV,0.002886426561892863,-0.021062599056223652
2016-09-09,XLV,-0.014607064302726624,-0.04615209519293351
2016-09-12,XLV,-0.0011007859449008173,-0.02955316786425133
2016-09-13,XLV,-0.01796703456096793,-0.04418646233054435
2016-09-14,XLV,-0.01796703456096793,-0.03556073057801856
2016-09-15,XLV,-0.00863392462429291,-0.027557901122099993
2016-09-16,XLV,0.012295184835804163,-0.027288163530458376
2016-09-19,XLV,-0.006088431117076354,-0.030013983616904327
2016-09-20,XLV,0.010461069730450134,-0.029002872923521994
2016-09-21,XLV,0.020556443551220882,-0.02022178872564906
2016-09-22,XLV,0.0177495824828644,0.0029151757156211655
2016-09-23,XLV,0.013867175891909334,0.008284465940197716
2016-09-26,XLV,0.005706436906097956,-0.007256580528911094
2016-09-27,XLV,0.009712787744430296,-0.0024342881382277692
2016-09-28,XLV,-0.0017866505132245747,-0.0005301998890658854
2016-09-29,XLV,-0.026725513302176096,-0.015168165694483426
2016-09-30,XLV,-0.01367750748978569,-0.002491476022432937
2016-10-03,XLV,-0.002905820095293943,-0.0044184764434724855
2016-10-04,XLV,-0.011817772576742325,-0.009896608862481004
2016-10-05,XLV,-0.006468345855903501,-0.00604167005576095
2016-10-06,XLV,0.007565263416927426,-0.010573560203454124
2016-10-07,XLV,-0.0033285832280373073,0.008925676061736665
2016-10-10,XLV,0.0020815277505858987,-0.0012467323147273834
2016-10-11,XLV,-0.021137743397379727,-0.013093374838496374
2016-10-12,XLV,-0.029505499808735625,-0.017720253210720016
2016-10-13,XLV,-0.025444937387858024,-0.027351681748237433
2016-10-14,XLV,-0.03130631707613607,-0.034530694622222136
2016-10-17,XLV,-0.038919637392758055,-0.03423787114083032
2016-10-18,XLV,-0.002415069379395285,-0.025669363537791257
2016-10-19,XLV,-0.0014274225433629217,-0.03887959873961189
2016-10-20,XLV,0.002853815427844797,-0.04158734740165826
2016-10-21,XLV,0.0012923539852291999,-0.04650524598375683
2016-10-24,XLV,0.002738425349099405,-0.03708800021883796
2016-10-25,XLV,-0.011962297659885657,-0.046584914983402115
2016-10-26,XLV,-0.014293859345233861,-0.05092204795895827
2016-10-27,XLV,-0.014369270463673978,-0.029419783536733135
2016-10-28,XLV,-0.02768581966098549,-0.060047319969991686
2016-10-31,XLV,-0.031906005016269945,-0.06509400669151566
2016-11-01,XLV,-0.03430394656679192,-0.06827995957282329
2016-11-02,XLV,-0.03349753553380397,-0.07674186746629941
2016-11-03,XLV,-0.047055376877794375,-0.08203544507793137
2016-11-04,XLV,-0.019179571200950152,-0.07499625737858984
2016-11-07,XLV,0.01217341766445057,-0.05567863668119244
2016-11-08,XLV,0.020447438540178053,-0.028697528914490067
2016-11-09,XLV,0.06196573606567135,0.010277237121424587
2016-11-10,XLV,0.0839135443262009,0.020972803347280244
2016-11-11,XLV,0.0603187762090136,0.012496368722762163
2016-11-14,XLV,0.03065430504628819,0.012682098520254481
2016-11-15,XLV,0.030715521759311137,0.0035602007822985726
2016-11-16,XLV,-0.008618504323374188,0.0030018658598505166
2016-11-17,XLV,-0.015511136322773567,0.002276044174890801
2016-11-18,XLV,-0.011207343437578898,-0.00014319473775448177
2016-11-21,XLV,-0.004554087484509695,0.00531726935530652
2016-11-22,XLV,-0.02171152293987144,-0.00634218903165451
2016-11-23,XLV,-0.013681095235391072,0.0036253818552931527
2016-11-25,XLV,-0.013768346843784585,0.0028871161824339797
2016-11-28,XLV,-0.010617070793190742,0.01740905849260188
2016-11-29,XLV,-0.007719855881123783,0.030433377430301833
2016-11-30,XLV,-0.00275571420202525,0.02611952332602452
2016-12-01,XLV,-0.013870734025382525,0.024006039828438297
2016-12-02,XLV,-0.015400221684258586,0.03620127372533388
2016-12-05,XLV,-0.009715718493799153,0.027225951768657275
2016-12-06,XLV,-0.0133987437213412,0.004399885377372126
2016-12-07,XLV,-0.012509244531465069,-0.007020347133408045
2016-12-08,XLV,-0.0033700533709716263,-0.038994338364501835
2016-12-09,XLV,0.006431590733859904,-0.03787003890229823
2016-12-12,XLV,0.013032947371474757,-0.018584074067606537
2016-12-13,XLV,0.018399997113530464,-0.007542261880711831
2016-12-14,XLV,0.02194742593817378,-0.015467431281236621
2016-12-15,XLV,0.02660974977977215,-0.004845474591780641
2016-12-16,XLV,0.015036312062346235,-0.008016359078404034
2016-12-19,XLV,0.0059841447956279215,-0.0015208402029814883
2016-12-20,XLV,-0.0028142202378559356,-0.005807617445959812
2016-12-21,XLV,-0.0032859620306530113,0.0030757338867222206
2016-12-22,XLV,-0.008414090953422382,0.0004687124538347298
2016-12-23,XLV,-0.0017248268616327778,0.004097402189725319
2016-12-27,XLV,0.0044735465460052914,0.013708517891703353
2016-12-28,XLV,-0.0024550513399974605,-0.0005326670184555571
2016-12-29,XLV,0.004938306573237128,0.010814745927799407
2016-12-30,XLV,0.0,0.014541142803469187
2017-01-03,XLV,0.005470873778905538,0.025381799359979862
2017-01-04,XLV,0.011350820079206736,0.03527336547412596
2017-01-05,XLV,0.024322765428491655,0.037680761057064416
2017-01-06,XLV,0.025437730988011165,0.04965800821256727
2017-01-09,XLV,0.033507328594771124,0.05208127630003068
2017-01-10,XLV,0.023768975345435983,0.043045631450396415
2017-01-11,XLV,0.00553997276050322,0.027615887933005068
2017-01-12,XLV,0.0014135863475881472,0.020372756637200062
2017-01-13,XLV,-0.00042294328304726125,0.026681055970459333
2017-01-17,XLV,-0.009684041996490533,0.014886988225200515
2017-01-18,XLV,-0.014405954554633227,0.012790923111497099
2017-01-19,XLV,-0.01073756746367549,0.010534607596727863
2017-01-20,XLV,-0.014255490258602066,0.00866544946592862
2017-01-23,XLV,-0.01931768401213474,0.010167327231867196
2017-01-24,XLV,-0.02111667446781862,0.0018859092385092868
2017-01-25,XLV,-0.010642751618437085,0.003743324323391528
2017-01-26,XLV,-0.011996198715670814,-0.006034517217415436
2017-01-27,XLV,-0.0012887403429331368,0.009844762345665226
2017-01-30,XLV,-0.0020131015268651797,0.0031797486959042054
2017-01-31,XLV,0.020992955528776447,0.022918455576061092
2017-02-01,XLV,0.02022338975665594,0.018470493270601684
2017-02-02,XLV,0.02789891091382679,0.010229108390042096
2017-02-03,XLV,0.02394251917794077,0.009469890579186568
2017-02-06,XLV,0.0301112844902498,0.007751858816501533
2017-02-07,XLV,0.014889478028196956,0.004491355524820495
2017-02-08,XLV,0.004639788808051604,-0.0005596908019536162
2017-02-09,XLV,0.00857764374351122,0.013280944947391182
2017-02-10,XLV,0.006161369217653423,0.014255869039713431
2017-02-13,XLV,0.011188561313761447,0.019458325328971293
2017-02-14,XLV,0.018164009354764588,0.0327380243020674
2017-02-15,XLV,0.03078665040545059,0.04526780915454354
2017-02-16,XLV,0.02565539823307983,0.05055750317683971
2017-02-17,XLV,0.02504858055159631,0.05469675823812681
2017-02-21,XLV,0.023374787218484405,0.06383884949604623
2017-02-22,XLV,0.013860134833833193,0.06963913395672394
2017-02-23,XLV,0.010317737469390798,0.06741281748543915
2017-02-24,XLV,0.016585075238177094,0.0809483496123855
2017-02-27,XLV,0.020091832101863494,0.0772758773065807
2017-02-28,XLV,0.013514981493816913,0.08039154973777785
2017-03-01,XLV,0.02517606402290684,0.07402155062539872
2017-03-02,XLV,0.014511987924837433,0.06143724038898868
2017-03-03,XLV,0.013639925466535363,0.06595346380917544
2017-03-06,XLV,0.004923980690757279,0.05726673387310166
2017-03-07,XLV,-0.00013318717934129864,0.04867082974364689
2017-03-08,XLV,-0.006073263726407485,0.0518374242825157
2017-03-09,XLV,0.002516482909741047,0.05919389309345857
2017-03-10,XLV,0.002374700669346419,0.059397648600764574
2017-03-13,XLV,0.005430473963721205,0.05649871468495782
2017-03-14,XLV,0.008802560540980275,0.046196385801252404
2017-03-15,XLV,0.01740151135524659,0.05104970842881795
2017-03-16,XLV,0.0021141226774994415,0.02973118492096405
2017-03-17,XLV,-0.007205533665245567,0.025455650105082217
2017-03-20,XLV,-0.007875896366014157,0.02256406202058181
2017-03-21,XLV,-0.012031310832437248,0.01000071997204266
2017-03-22,XLV,-0.024023567004185176,0.011776388171897745
2017-03-23,XLV,-0.017545474562632446,0.0013325759711646512
2017-03-24,XLV,-0.011575931435971465,-0.002951085455034752
2017-03-27,XLV,-0.007461937645374506,-0.0050564852968698615
2017-03-28,XLV,0.0010741725513629952,-0.0023969517134742047
2017-03-29,XLV,0.001073943923229459,-0.012010702531374928
2017-03-30,XLV,0.004309742798933813,-0.008737132927501778
2017-03-31,XLV,0.0009425544497363436,-0.015440629001819639
2017-04-03,XLV,-0.0009391263976662456,-0.010861362566916832
2017-04-04,XLV,-0.0021458605208000137,-0.004405068229493048
2017-04-05,XLV,-0.005498805153321684,-0.011439675612252453
2017-04-06,XLV,-0.0038890953409864704,-0.015070806209006249
2017-04-07,XLV,0.0006726876929916692,-0.017112391890798828
2017-04-10,XLV,-0.0020155971938776718,-0.018186778764042066
2017-04-11,XLV,-0.0028239403707653876,-0.01587935054669065
2017-04-12,XLV,0.000269560668399782,-0.028085971631436002
2017-04-13,XLV,-0.004038913919859666,-0.0211183263846636
2017-04-17,XLV,-0.0021505666147396685,-0.012107867145928597
2017-04-18,XLV,-0.011175620450263879,-0.021452209691967927
2017-04-19,XLV,-0.006875760131983655,-0.010743880203096245
2017-04-20,XLV,-0.0006740505384081885,-0.004833645200712833
2017-04-21,XLV,-0.004054750731233403,-0.007676663711795206
2017-04-24,XLV,0.0021552015191748097,0.0016158761875064709
2017-04-25,XLV,0.017565219269862542,0.003222178148634125
2017-04-26,XLV,0.02009203884890809,0.008049473112949457
2017-04-27,XLV,0.015920018042923534,0.009924818501653832
2017-04-28,XLV,0.02470149355293816,0.012471712111561173
2017-05-01,XLV,0.01693285970198599,0.017616937921306253
2017-05-02,XLV,0.01538871468811398,0.01961802822279224
2017-05-03,XLV,0.004923986039651496,0.015191554122877537
2017-05-04,XLV,0.009429325747575268,0.025084468353036682
2017-05-05,XLV,0.006224740436103771,0.02275166445155774
2017-05-08,XLV,-0.002246388974778024,0.014648432937862
2017-05-09,XLV,-0.0038217188983911132,0.0177727546434574
2017-05-10,XLV,-0.0018535892324442749,0.016179436122895963
2017-05-11,XLV,-0.007893620983300265,0.016718772692048356
2017-05-12,XLV,-0.009082300583542868,0.017572614610307458
2017-05-15,XLV,0.003575799174410532,0.020471203267729
2017-05-16,XLV,-0.001454959230719366,0.02777799354227639
2017-05-17,XLV,-0.011676249049635823,0.011267504739464584
2017-05-18,XLV,-0.007824163635605008,0.009444215059768446
2017-05-19,XLV,-0.003320913061650277,0.018322387870118195
2017-05-22,XLV,-0.007126704963260733,0.011019654982202809
2017-05-23,XLV,0.0,0.010036481278066667
2017-05-24,XLV,0.01584136380034784,0.007053601105174501
2017-05-25,XLV,0.016172120452294658,0.009694710486792824
2017-05-26,XLV,0.011461872203997636,0.005165187542633065
2017-05-30,XLV,0.007311149182608112,0.0014538922508355867
2017-05-31,XLV,0.007948692484250897,0.0026356763068111633
2017-06-01,XLV,0.016519104200715562,0.018673291411659854
2017-06-02,XLV,0.01828226776650066,0.018549979994774812
2017-06-05,XLV,0.017261536054729465,0.016190361434757383
2017-06-06,XLV,0.016231065560350366,0.01999987249948476
2017-06-07,XLV,0.014984494980624152,0.021563795227960147
2017-06-08,XLV,0.001040108849894139,0.021626498394211158
2017-06-09,XLV,0.0012916243474241362,0.027980048831877546
2017-06-12,XLV,0.002850157413295751,0.028427148416918513
2017-06-13,XLV,0.007401766951806721,0.023888454356820743
2017-06-14,XLV,0.00945354229369677,0.03272376274324351
2017-06-15,XLV,0.011298620810520577,0.04537553389368609
2017-06-16,XLV,0.006173034687906309,0.04248235788713273
2017-06-19,XLV,0.01797613206228621,0.050402586322210174
2017-06-20,XLV,0.019241226505543718,0.05108006151469269
2017-06-21,XLV,0.027282604643844577,0.06089915686847114
2017-06-22,XLV,0.039039660163986634,0.06924828835195895
2017-06-23,XLV,0.03578318907527933,0.06260118682102989
2017-06-26,XLV,0.02407696721888075,0.06350335541146856
2017-06-27,XLV,0.011427071904974495,0.05537482615789657
2017-06-28,XLV,0.004012344579667149,0.05675602120665357
2017-06-29,XLV,-0.01538658644208546,0.03568757614544649
2017-06-30,XLV,-0.015285409768730163,0.027572536006950088
2017-07-03,XLV,-0.01256411794023471,0.032321911921522783
2017-07-05,XLV,0.0023849955693691083,0.04099542544390222
2017-07-06,XLV,-0.015734244220472315,0.024773057156296074
2017-07-07,XLV,-0.001638090613565124,0.03291668026802674
2017-07-10,XLV,-0.0021453245638094476,0.02404537746196156
2017-07-11,XLV,-0.005039130544192805,0.024200773616094517
2017-07-12,XLV,-0.0041325690895306355,0.029076455824763814
2017-07-13,XLV,0.009769155658269746,0.0250934602842674
2017-07-14,XLV,0.011487129510879823,0.03310921863104799
2017-07-17,XLV,0.00973815412626644,0.027673823022605015
2017-07-18,XLV,0.011648834458967583,0.01783478634379021
2017-07-19,XLV,0.01295289468765981,0.02272744437201424
2017-07-20,XLV,0.018720944253681537,0.016550044835142996
2017-07-21,XLV,0.010732346034759033,0.0049634718392705945
2017-07-24,XLV,0.014027849762466182,0.006088810870870098
2017-07-25,XLV,0.00600702304573697,-0.0001250139011703677
2017-07-26,XLV,-0.005462793892172302,0.005648873150890132
2017-07-27,XLV,-0.01874711887271141,-0.006493629595598516
2017-07-28,XLV,-0.012717574307160917,0.0076876473020062175
2017-07-31,XLV,-0.013216412155813817,0.008202718158041522
2017-08-01,XLV,-0.008335228473244749,0.004157148489161155
2017-08-02,XLV,-0.00724002540491997,-0.004007487967473966
2017-08-03,XLV,0.0012570443021915345,0.01065717880093664
2017-08-04,XLV,-0.006002738449636058,0.0032822291185992114
2017-08-07,XLV,-0.003003666431113272,0.007335475036345018
2017-08-08,XLV,-0.005394616743861214,0.003798376582099472
2017-08-09,XLV,-0.0020113597508584213,-0.0018860122045409877
2017-08-10,XLV,-0.01606829468247406,-0.015202993816202048
2017-08-11,XLV,-0.011072224359429783,-0.019094129589419362
2017-08-14,XLV,-0.006528683718918682,-0.008892655752966272
2017-08-15,XLV,-0.0018917217994257607,-0.00963710411754748
2017-08-16,XLV,-0.00025234614239821873,-0.01489780737666746
2017-08-17,XLV,-0.00025485394829927177,-0.033546888054038715
2017-08-18,XLV,-0.007633930951475243,-0.036918422028522024
2017-08-21,XLV,-0.00985721301096465,-0.032237834229172924
2017-08-22,XLV,0.0021485309153403964,-0.013435593941634405
2017-08-23,XLV,-0.008191571905755812,-0.017600697914954666
2017-08-24,XLV,0.007274139575017324,-0.007918095836209504
2017-08-25,XLV,0.012179450844557627,-0.01263168740637377
2017-08-28,XLV,0.013018615196535244,-0.00650851809306463
2017-08-29,XLV,0.0027738914090420508,-0.002383610879227338
2017-08-30,XLV,0.015629078709432864,0.005029738944079654
2017-08-31,XLV,0.029899758619836403,0.02046214750127695
2017-09-01,XLV,0.028879244619347766,0.02201766837658159
2017-09-05,XLV,0.01902495285008521,0.015442661542371283
2017-09-06,XLV,0.022007271635997583,0.025101232256359518
2017-09-07,XLV,0.02802466596232267,0.03527767751169697
2017-09-08,XLV,0.01537739048192166,0.05307531693070677
2017-09-11,XLV,0.024005954355406534,0.05826957605286487
2017-09-12,XLV,0.030662381646214376,0.05345623453744941
2017-09-13,XLV,0.021902176649993388,0.04953861560784856
2017-09-14,XLV,0.012048096442683232,0.04801526542471923
2017-09-15,XLV,0.004288833823124172,0.057861382118242544
2017-09-18,XLV,-0.0036791632201083058,0.06248698180765233
2017-09-19,XLV,-0.013656919422769587,0.04941356063068869
2017-09-20,XLV,-0.009008715277005752,0.03785376015831221
2017-09-21,XLV,-0.015388388040650791,0.04041059807346725
2017-09-22,XLV,-0.012229250383419155,0.03737849444465691
2017-09-25,XLV,-0.014896656899965222,0.03406513232970365
2017-09-26,XLV,-0.008666823448213568,0.026949024401402122
2017-09-27,XLV,-0.009999638632260832,0.024633375884811404
2017-09-28,XLV,-0.004045168226107898,0.020256296222577408
2017-09-29,XLV,0.0018388015424724014,0.00911376949258802
2017-10-02,XLV,0.014999257263323074,0.020115185300348948
2017-10-03,XLV,0.016377359920915158,0.02428084344271353
2017-10-04,XLV,0.02168020410487026,0.024305467935560765
2017-10-05,XLV,0.021538619311403107,0.013819262022624956
2017-10-06,XLV,0.014192926394405836,0.007936612081574035
2017-10-09,XLV,-0.002301778800171572,-0.00609259012194141
2017-10-10,XLV,0.000242407641563247,-0.005950779624019353
2017-10-11,XLV,-0.002652238421399278,-0.00030669377059944214
2017-10-12,XLV,-0.0044579832599963565,-0.002715704647316075
2017-10-13,XLV,-0.005670180432002958,-0.0020585753086631575
2017-10-16,XLV,-0.0037632486616702154,-0.0061764718800519924
2017-10-17,XLV,0.007267145514654461,0.015136761666350251
2017-10-18,XLV,0.0067692222804764945,0.015609791879150015
2017-10-19,XLV,0.014038661636814442,0.027090093035182727
2017-10-20,XLV,0.017714338516341632,0.028193330590148058
2017-10-23,XLV,0.01961966010367644,0.028645385321565797
2017-10-24,XLV,-0.0006016074064933985,0.023395637177013207
2017-10-25,XLV,-0.00348219333676969,0.02229583111553257
2017-10-26,XLV,-0.019453370384356017,0.011200203972610456
2017-10-27,XLV,-0.020743807945225012,0.005016659426261283
2017-10-30,XLV,-0.02880357901571784,-0.015746356918637683
2017-10-31,XLV,-0.02406420128772102,-0.017325180634951587
2017-11-01,XLV,-0.020243314562443326,-0.019652949126165886
2017-11-02,XLV,-0.014849015877499983,-0.024819172514499277
2017-11-03,XLV,-0.006452823861556656,-0.015442291147731546
2017-11-06,XLV,0.0012306948756242164,-0.012261485430834718
2017-11-07,XLV,0.005178129192807468,-0.012476146794003773
2017-11-08,XLV,0.00504246475050385,-0.012089409253188133
2017-11-09,XLV,0.009760228481428879,-0.010891756837187794
2017-11-10,XLV,-0.005023712246965073,-0.014802176346202955
2017-11-13,XLV,-0.0009834761653257917,-0.009505425334987994
2017-11-14,XLV,-0.007114197224472596,-0.02657560299016748
2017-11-15,XLV,-0.01223648568053326,-0.03073910549319847
2017-11-16,XLV,-0.002079803770941746,-0.026613945354351354
2017-11-17,XLV,0.0004924892931781333,-0.031473778319198065
2017-11-20,XLV,-0.004674859124120911,-0.033105979964134113
2017-11-21,XLV,0.008153192382122088,-0.018048337218747434
2017-11-22,XLV,0.010653726705862399,-0.01698983336420723
2017-11-24,XLV,0.002574345240335285,-0.0047470901154738065
2017-11-27,XLV,0.007385553964454505,-0.003652637304498163
2017-11-28,XLV,0.019035679379679538,0.014521350476994987
2017-11-29,XLV,0.015194588914558382,0.021452452042979298
2017-11-30,XLV,0.02316788022797711,0.026565517121339255
2017-12-01,XLV,0.01871113700565119,0.02915719496512925
2017-12-04,XLV,0.005376855440969663,0.008210382447030096
2017-12-05,XLV,-0.0036390233863796695,0.00958699002151131
2017-12-06,XLV,-0.009414575493725819,0.006623484369390642
2017-12-07,XLV,-0.016533303717924275,0.004527702111621457
2017-12-08,XLV,-0.00348125037032887,0.015661354222065604
2017-12-11,XLV,0.013125570038946544,0.026601066787800942
2017-12-12,XLV,0.018869895404637793,0.029650427579241967
2017-12-13,XLV,0.023272700151634185,0.03743081833509443
2017-12-14,XLV,0.012669344105152858,0.029856230247260696
2017-12-15,XLV,0.012464140421856396,0.030463862589374724
2017-12-18,XLV,0.008574514886848572,0.03489399870389143
2017-12-19,XLV,0.0033979129506893635,0.03800160135876052
2017-12-20,XLV,-0.0032950702551235445,0.025650088416251604
2017-12-21,XLV,0.004601360489205675,0.023688868577029565
2017-12-22,XLV,-0.009556499126663454,0.017995563552766436
2017-12-26,XLV,-0.009672908607005426,0.017369724633407913
2017-12-27,XLV,-0.006815051700918895,0.011669745859559377
2017-12-28,XLV,-0.0021591691932884016,0.008117603775353643
2017-12-29,XLV,-0.006010909051623381,-0.005504778292950707
2018-01-02,XLV,0.008442419371754939,0.007734058976102132
2018-01-03,XLV,0.0178464641876086,0.0299880799776735
2018-01-04,XLV,0.017575851806254983,0.033210580856450234
2018-01-05,XLV,0.024763020087864795,0.04290010199118299
2018-01-08,XLV,0.02733408612828092,0.038854537335871075
2018-01-09,XLV,0.02786734442273775,0.03943546618570459
2018-01-10,XLV,0.0163488048412761,0.03326496245260824
2018-01-11,XLV,0.01928310253949994,0.03362960391891434
2018-01-12,XLV,0.01841594057061746,0.03795018486582791
2018-01-16,XLV,0.02719554258423984,0.053756348364401685
2018-01-17,XLV,0.02501751736743829,0.052323256179134914
2018-01-18,XLV,0.027042545058927336,0.05218509995426568
2018-01-19,XLV,0.026462284317146922,0.05738888897666783
2018-01-22,XLV,0.025339720811500266,0.06776992970124684
2018-01-23,XLV,0.015358117604672428,0.06503943192773387
2018-01-24,XLV,0.008627672500692851,0.07164351693196602
2018-01-25,XLV,0.017024249090907828,0.08054982084800777
2018-01-26,XLV,0.03505200894687177,0.10196242466999683
2018-01-29,XLV,0.025500091595583196,0.0973675629472679
2018-01-30,XLV,0.00880472797035381,0.08091409069534583
2018-01-31,XLV,-0.008441427218062292,0.05370152600488498
2018-02-01,XLV,-0.016515899008265444,0.04407060055140688
2018-02-02,XLV,-0.05079721977387608,0.02791924095368148
2018-02-05,XLV,-0.09037125295205295,-0.02592398264996376
2018-02-06,XLV,-0.0605348342377825,-0.011537581492240156
2018-02-07,XLV,-0.04812708285936429,-0.024202927745408442
2018-02-08,XLV,-0.08147046795005153,-0.056416777799663254
2018-02-09,XLV,-0.05512743855754143,-0.04712176260348222
2018-02-12,XLV,-0.0020474369215325305,-0.04549642300072587
2018-02-13,XLV,-0.012267747283356667,-0.04951280366528443
2018-02-14,XLV,0.00011934634761834317,-0.04790551035885782
2018-02-15,XLV,0.047560141960046876,-0.037566477693882105
2018-02-16,XLV,0.04031668202638383,-0.034260545712156976
2018-02-20,XLV,0.019307803568837212,-0.05111162200981989
2018-02-21,XLV,0.014349582176992781,-0.05045690407127801
2018-02-22,XLV,0.0014308297646625778,-0.05469897290068937
2018-02-23,XLV,0.006249940261056075,-0.04776245483680386
2018-02-26,XLV,0.011708040343499704,-0.05604127876234544
2018-02-27,XLV,0.01231195158575682,-0.06331451978154112
2018-02-28,XLV,0.00023764066908471548,-0.05852072293888522
2018-03-01,XLV,-0.01416816807492749,-0.06015855356745525
2018-03-02,XLV,-0.01980554380530053,-0.050947583384208794
2018-03-05,XLV,-0.023260921342192487,-0.02865711007185956
2018-03-06,XLV,-0.014384696327484958,0.014932242442079469
2018-03-07,XLV,0.006774134168378909,0.008932548586459754
2018-03-08,XLV,0.02995147050984115,0.016933103535583083
2018-03-09,XLV,0.03431384166820717,0.06868425752585994
2018-03-12,XLV,0.020615962111983466,0.049208219816653465
2018-03-13,XLV,0.023374832979413007,0.04078705994857623
2018-03-14,XLV,0.013222058507998957,0.03496945752540892
2018-03-15,XLV,0.0048077971067883585,0.02170037536039926
2018-03-16,XLV,-0.009478776756603469,0.010495145457575461
2018-03-19,XLV,-0.021300446022611386,-0.012935546930000874
2018-03-20,XLV,-0.02115284550420571,-0.0005261918924311937
2018-03-21,XLV,-0.020572312626313538,-0.0006623356506353373
2018-03-22,XLV,-0.047195362725808154,-0.027910039700954736
2018-03-23,XLV,-0.0669866947419504,-0.06305046302314343
2018-03-26,XLV,-0.032020433384895464,-0.05559886508416845
2018-03-27,XLV,-0.044811427078263466,-0.05692513168155833
2018-03-28,XLV,-0.0355734116701365,-0.03644116654789198
2018-03-29,XLV,0.0004919502097613382,-0.013454274184117931
2018-04-02,XLV,-0.0015062753575819654,-0.04555853477283778
2018-04-03,XLV,-0.006886264943227305,-0.03976634192118633
2018-04-04,XLV,0.019287913415242608,-0.024705875465938054
2018-04-05,XLV,0.01312045261855932,-0.030367260797797724
2018-04-06,XLV,-0.018673483353802256,-0.06003000301765771
2018-04-09,XLV,0.014078858337675193,-0.06423092062014568
2018-04-10,XLV,0.015725759811872297,-0.04436722709024066
2018-04-11,XLV,-0.006714688186138185,-0.05338171569289407
2018-04-12,XLV,0.000732917645070108,-0.04231911257946552
2018-04-13,XLV,0.024912456514014636,-0.041222648320814126
2018-04-16,XLV,0.022933738995333464,-0.03361004212320706
2018-04-17,XLV,0.013775329734045494,-0.010118145528822842
2018-04-18,XLV,0.022984509449350377,-0.010697597924261948
2018-04-19,XLV,0.007569471947283191,-0.014802176340601547
2018-04-20,XLV,0.00268677971408926,0.008972183393513244
2018-04-23,XLV,-0.0013333927701876247,0.034391873143603036
2018-04-24,XLV,-0.0164742708286596,0.00577977706358257
2018-04-25,XLV,-0.012856163372080731,0.02239892357912132
2018-04-26,XLV,0.008118320079204544,0.02983056144600771
2018-04-27,XLV,0.017663840211243453,0.02628962342304697
2018-04-30,XLV,-0.0018201094771613802,0.03406675596480002
2018-05-01,XLV,0.005257306725709565,0.018078226249003126
2018-05-02,XLV,-0.013023383147468426,-0.010010991608113584
2018-05-03,XLV,-0.034134579213220384,-0.018203880891711766
2018-05-04,XLV,-0.03040447236237942,0.014021135730348577
2018-05-07,XLV,-0.016776180871281743,0.002603551661068737
2018-05-08,XLV,-0.023716638966466697,-0.021455522894756385
2018-05-09,XLV,-0.004439587356346197,-0.007743440897669429
2018-05-10,XLV,0.018043553049791772,-0.0012208134218735234
2018-05-11,XLV,0.02506168849256807,0.014168781882386572
2018-05-14,XLV,0.033382921620294104,0.012845063122045586
2018-05-15,XLV,0.027781116684868046,-0.007936466880801518
2018-05-16,XLV,0.027623154003104666,-0.003244129870677792
2018-05-17,XLV,0.014423313736021681,0.005573233755301832
2018-05-18,XLV,0.0020475990381307874,0.013522281798158176
2018-05-21,XLV,-0.0035896809959090614,0.010556741500136635
2018-05-22,XLV,0.007515125227079311,0.01626117666076965
2018-05-23,XLV,0.005182949898115741,0.014970634155421658
2018-05-24,XLV,0.0008438717687284658,-0.001682849549261567
2018-05-25,XLV,-0.003125005605805309,-0.007181960227451878
2018-05-29,XLV,-0.014289325663838448,-0.0020670857261049225
2018-05-30,XLV,0.002406400139252751,0.013379063133498681
2018-05-31,XLV,-0.011751742737029613,0.016278342617570107
2018-06-01,XLV,0.0036117319454360697,0.037331684965537626
2018-06-04,XLV,0.008801261923149895,0.032962779668409325
2018-06-05,XLV,0.017176692410814765,0.03239372484742242
2018-06-06,XLV,0.013441930900656818,0.05194954197425483
2018-06-07,XLV,0.025967640935705694,0.047318355036486626
2018-06-08,XLV,0.02015364920818885,0.03948175958353617
2018-06-11,XLV,0.01828627909990388,0.026135145977475016
2018-06-12,XLV,0.01976037522212537,0.0187842185127709
2018-06-13,XLV,0.008645436660469352,0.03236388359792519
2018-06-14,XLV,0.012536977375437797,0.03194304004097592
2018-06-15,XLV,0.008661764104673342,0.03357788723791266
2018-06-18,XLV,-0.0028921369055402435,0.021076667050411446
2018-06-19,XLV,0.00028683685859820507,0.022747781653006394
2018-06-20,XLV,0.002172314402359987,0.02688930084057639
2018-06-21,XLV,-0.00872284679492119,0.017667041711459275
2018-06-22,XLV,-0.006201571809976492,0.026302012454503254
2018-06-25,XLV,-0.0057893734959730825,0.018347614861935257
2018-06-26,XLV,-0.011431118853187705,0.02571338276822943
2018-06-27,XLV,-0.02187179343707335,0.002018133593637117
2018-06-28,XLV,-0.014902397315189053,0.014422596502023266
2018-06-29,XLV,-0.01730820210853634,0.004909107472823804
2018-07-02,XLV,-0.005110128879982412,0.004304579649256013
2018-07-03,XLV,0.00035763536915789373,0.008753171212180222
2018-07-05,XLV,0.01935558837617335,0.007865130689033606
2018-07-06,XLV,0.032656702561808304,0.021036387222288733
2018-07-09,XLV,0.03810224199944301,0.022589487655016782
2018-07-10,XLV,0.03881985582163572,0.024556217682170756
2018-07-11,XLV,0.0281223955629879,0.01702493263921978
2018-07-12,XLV,0.028894735316421505,0.028098764128960063
2018-07-13,XLV,0.016161261968833385,0.02469109468502051
2018-07-16,XLV,0.0026542693747733104,0.016499040711792423
2018-07-17,XLV,0.004369249726714486,0.032017495542303376
2018-07-18,XLV,0.013212367052121587,0.0301667495561333
2018-07-19,XLV,-0.00355322187759588,0.022225106786002646
2018-07-20,XLV,-0.007322414729536764,0.026138732473777182
2018-07-23,XLV,0.0008058227059148937,0.02366650002873416
2018-07-24,XLV,0.00435064297830845,0.042543106642783046
2018-07-25,XLV,0.016358153807608966,0.059125363604647596
2018-07-26,XLV,0.019210981809210104,0.06516001453267517
2018-07-27,XLV,0.013831079738434449,0.056069303457821684
2018-07-30,XLV,0.012307097321506477,0.05451665058448696
2018-07-31,XLV,0.013678356280148352,0.06223152267410015
2018-08-01,XLV,0.001125240110291248,0.05993806260529788
2018-08-02,XLV,0.007674604963387788,0.05295414976517154
2018-08-03,XLV,0.021032346394947776,0.04418139754501693
2018-08-06,XLV,0.022270680556568667,0.03843476146910696
2018-08-07,XLV,0.011806851554119646,0.034609731952367495
2018-08-08,XLV,0.013153953551398256,0.044506416047986885
2018-08-09,XLV,0.008288634385713589,0.031866200978266424
2018-08-10,XLV,-0.002004463561782077,0.02551476127192598
2018-08-13,XLV,-0.0034455010496431404,0.03211731602538004
2018-08-14,XLV,0.0011114980065165536,0.031253892817588724
2018-08-15,XLV,-0.002108409294820923,0.02871244262879502
2018-08-16,XLV,0.008776096912518128,0.04463377433986371
2018-08-17,XLV,0.01628924903318074,0.049907484635634214
2018-08-20,XLV,0.019294982252951787,0.051184932634221525
2018-08-21,XLV,0.014542671073283664,0.0417189318177944
2018-08-22,XLV,0.017235457950133704,0.029600410796319476
2018-08-23,XLV,0.007047064841915862,0.03216644547558345
2018-08-24,XLV,0.008782475763209341,0.044679229942635734
2018-08-27,XLV,0.009082026324295,0.04783600220795625
2018-08-28,XLV,0.009628913789039073,0.037557472830176186
2018-08-29,XLV,0.015194519141736196,0.04406986465684537
2018-08-30,XLV,0.014762689844441956,0.03942680843488722
2018-08-31,XLV,0.009685608707157733,0.03306970431703271
2018-09-04,XLV,-0.0019521754017552961,0.02300737214726567
2018-09-05,XLV,0.0015176099250495678,0.027006368609445497
2018-09-06,XLV,-0.004952898161700303,0.025410490974109745
2018-09-07,XLV,-0.0026940214816684183,0.02810498396214922
2018-09-10,XLV,-0.005065837312653199,0.029900739767448226
2018-09-11,XLV,0.002064522897919696,0.028663655998276028
2018-09-12,XLV,0.003029768667427213,0.028974257490349098
2018-09-13,XLV,0.01547416793052947,0.04347794370461733
2018-09-14,XLV,0.010588860842375869,0.029952481773345863
2018-09-17,XLV,0.009533233706644495,0.023054238941724092
2018-09-18,XLV,0.01626355288170278,0.02560436376764308
2018-09-19,XLV,0.009817547529726411,0.02418192038279443
2018-09-20,XLV,0.007139984237972241,0.03312202849584289
2018-09-21,XLV,0.011841062389675416,0.034855519421050474
2018-09-24,XLV,0.01757968012967903,0.03197590187123178
2018-09-25,XLV,0.008610978673519343,0.02512560335612557
2018-09-26,XLV,0.012264134986319286,0.02685512622070485
2018-09-27,XLV,0.007616071019531434,0.025409751144816806
2018-09-28,XLV,0.009334820772513241,0.029320175715576546
2018-10-01,XLV,0.012280262724974289,0.03462783668835612
2018-10-02,XLV,0.014229628908628111,0.04174643203610384
2018-10-03,XLV,0.010065717550609143,0.03561949346478066
2018-10-04,XLV,-0.004849086165908845,0.02551673083710826
2018-10-05,XLV,-0.009038149210914392,0.02277239719054336
2018-10-08,XLV,-0.014327756158336369,0.024996406370384916
2018-10-09,XLV,-0.011516989080084028,0.02762709009610176
2018-10-10,XLV,-0.033042787927079265,-0.0016251068006865044
2018-10-11,XLV,-0.049894258230695154,-0.040498158378086346
2018-10-12,XLV,-0.03415018240517953,-0.022506014519013795
2018-10-15,XLV,-0.040424069310395994,-0.0257261001848601
2018-10-16,XLV,-0.015782480626980067,-0.0047772720108244515
2018-10-17,XLV,0.013343483665435585,0.001860875515156346
2018-10-18,XLV,0.029657257089144018,-0.019045961953425783
2018-10-19,XLV,0.004831413342676116,-0.02927772011434915
2018-10-22,XLV,0.0035377925396142818,-0.039170398307435295
2018-10-23,XLV,-0.028518979756008367,-0.04141436926605924
2018-10-24,XLV,-0.06551765308340152,-0.07512153214044825
2018-10-25,XLV,-0.0425550222306087,-0.06788950259598281
2018-10-26,XLV,-0.044694707656683264,-0.08124032552391436
2018-10-29,XLV,-0.034376244703066994,-0.08345551884092783
2018-10-30,XLV,-0.018721758464075533,-0.07255793434038149
2018-10-31,XLV,0.016152796622291188,-0.06954782711538376
2018-11-01,XLV,0.015833440003768295,-0.04851716470472378
2018-11-02,XLV,0.021048001735021638,-0.053346272662731176
2018-11-05,XLV,0.027498976990335322,-0.044562203469772244
2018-11-06,XLV,0.021788256262762484,-0.04130935930485913
2018-11-07,XLV,0.05039422550449335,0.010739231584949938
2018-11-08,XLV,0.037853832634348494,0.039358109191149016
2018-11-09,XLV,0.04133990142012989,0.020643459414032783
2018-11-12,XLV,0.018211916685147322,0.013820917099642172
2018-11-13,XLV,0.005966240304029258,-0.020124717908786893
2018-11-14,XLV,-0.030588957245691106,-0.03308030471635015
2018-11-15,XLV,-0.022527559626222438,-0.013318363544160494
2018-11-16,XLV,-0.009790315721113774,0.005791642545931008
2018-11-19,XLV,-0.008943135089974463,0.001212098986612009
2018-11-20,XLV,-0.011312520299186835,-0.002769582849319163
2018-11-21,XLV,-0.008968137908188178,0.025432132850900402
2018-11-23,XLV,-0.016242648424234063,0.013797488174855488
2018-11-26,XLV,-0.016623108069372172,0.0353467810802901
2018-11-27,XLV,0.006382423616156263,0.0434729398533944
2018-11-28,XLV,0.04032458902499303,0.05723665314505366
2018-11-29,XLV,0.04971519037244376,0.05930101272920196
2018-11-30,XLV,0.06950080272376913,0.06735728979184485
2018-12-03,XLV,0.05413763583167386,0.06889980316238442
2018-12-04,XLV,0.020011183487996353,0.03586873773361532
2018-12-06,XLV,-0.007688448059806063,0.026737328032704122
2018-12-07,XLV,-0.03618566584980165,-0.028013030290731433
2018-12-10,XLV,-0.05173710603021253,-0.024780483829118682
2018-12-11,XLV,-0.04422999932056826,-0.01893477412944944
2018-12-12,XLV,-0.014043517268338412,0.003053962040139302
2018-12-13,XLV,-0.009361977817666789,0.011092614435738612
2018-12-14,XLV,-0.017668030827940995,-0.015057770281579175
2018-12-17,XLV,-0.040919571648377784,-0.043130105081659265
2018-12-18,XLV,-0.05219876371047383,-0.060951585584691825
2018-12-19,XLV,-0.07252368595493708,-0.06129625408957318
2018-12-20,XLV,-0.08646522572784776,-0.06576316352635103
2018-12-21,XLV,-0.06637478437915889,-0.0721116678792093
2018-12-24,XLV,-0.07023427513930625,-0.09564606554545507
2018-12-26,XLV,-0.021147046735263575,-0.0652715949991668
2018-12-27,XLV,0.0027726273933625922,-0.06466329345432487
2018-12-28,XLV,0.018275606813530354,-0.08556368694568728
2018-12-31,XLV,0.04632325125713854,-0.07510994851496822
2019-01-02,XLV,0.0557623047348792,-0.10726313462862558
2019-01-03,XLV,-0.008905230954228127,-0.12117317399076999
2019-01-04,XLV,0.009512346574398034,-0.07429058744902906
2019-01-07,XLV,0.012199112270169676,-0.06723687485906915
2019-01-08,XLV,0.005201559425109359,-0.03539417384858967
2019-01-09,XLV,0.025234711792792686,-0.0347984417652607
2019-01-10,XLV,0.04852016565382744,-0.035889755345764995
2019-01-11,XLV,0.021521171442063558,-0.04089908623139915
2019-01-14,XLV,0.006373681757382732,-0.052420521486075455
2019-01-15,XLV,0.016559456730287803,-0.0017843200015044136
2019-01-16,XLV,0.010188589240789359,0.016635906252370214
2019-01-17,XLV,0.017139108732650454,0.03464122795053037
2019-01-18,XLV,0.025851739948394847,0.06083069322222112
2019-01-22,XLV,0.03017036796732242,0.06856173136564325
2019-01-23,XLV,0.013122368358825298,0.08321263921785604
2019-01-24,XLV,0.006460387857215144,0.10049633058869545
2019-01-25,XLV,-0.0011231266161326747,0.05580638174747432
2019-01-28,XLV,-0.02408949225864776,0.03241332298951538
2019-01-29,XLV,-0.012519050486613392,0.036246322746138704
2019-01-30,XLV,-0.00011185817738967874,0.03514040400516061
2019-01-31,XLV,0.020943037317609825,0.06420172539712832
2019-02-01,XLV,0.020580316444373636,0.08721713083530824
2019-02-04,XLV,0.02934809698577512,0.052699051109326156
2019-02-05,XLV,0.022865866679941282,0.047166491415296274
2019-02-06,XLV,0.013623622440776417,0.04381330908658576
2019-02-07,XLV,-0.009925915084308734,0.027704717094293452
2019-02-08,XLV,-0.008925838097765926,0.027651009531560522
2019-02-11,XLV,-0.00729363511887271,0.023004786934874177
2019-02-12,XLV,0.007747024661430624,0.04859550202677276
2019-02-13,XLV,0.005398336333152232,0.032352960222860716
2019-02-14,XLV,0.018937496666597164,0.03660532587832388
2019-02-15,XLV,0.032355255115492865,0.04302441131825563
2019-02-19,XLV,0.031169864692447424,0.028308152771107098
2019-02-20,XLV,0.01603331824230736,0.034205603797774264
2019-02-21,XLV,0.004931108190127542,0.02400621757141863
2019-02-22,XLV,0.011806899497173395,0.042111973241416356
2019-02-25,XLV,-0.0018312198747375552,0.04228502233659581
2019-02-26,XLV,-0.003023076226560395,0.05050564647941824
2019-02-27,XLV,-0.006485426469828637,0.04052472091334258
2019-02-28,XLV,-0.0006546584166969849,0.023450324570290615
2019-03-01,XLV,0.004321998190115917,0.025146302043947744
2019-03-04,XLV,-0.010681888350547175,0.01035796348787521
2019-03-05,XLV,-0.007687818263410029,0.01270848320128981
2019-03-06,XLV,-0.017623701836065653,-0.00066386338927793
2019-03-07,XLV,-0.022476439997194952,-0.012999714478901025
2019-03-08,XLV,-0.03819253699908731,-0.004121631910385726
2019-03-11,XLV,-0.01385110258643718,0.005336865784286937
2019-03-12,XLV,-0.006110807183461464,0.01391514402944094
2019-03-13,XLV,0.019490264521092815,0.010981364694219176
2019-03-14,XLV,0.02589555091943274,0.007122416141317256
2019-03-15,XLV,0.03280245143020477,0.009429551129584324
2019-03-18,XLV,0.019598316386758352,-0.007086203440186067
2019-03-19,XLV,0.020254709704968565,0.003182633974432747
2019-03-20,XLV,0.0024157226991536884,-0.0025685210023325133
2019-03-21,XLV,0.007983006478831767,0.010180969263305029
2019-03-22,XLV,-0.014892592688271034,-0.017207207747563902
2019-03-25,XLV,-0.013935986062320493,-0.019127242582157145
2019-03-26,XLV,-0.015014503186071226,-0.008883433951014874
2019-03-27,XLV,-0.016423795197510804,-0.012546071491253752
2019-03-28,XLV,-0.01776811210754392,-0.007118040916171964
2019-03-29,XLV,0.012469520887906427,-0.009234339885930143
2019-04-01,XLV,0.014574316735876724,0.005913361884011703
2019-04-02,XLV,0.00537353176690214,0.0041621787384835685
2019-04-03,XLV,0.012496200321442608,0.017729512078218157
2019-04-04,XLV,0.007831523169920196,0.02366610698213467
2019-04-05,XLV,0.002724758685085815,0.03291489790655522
2019-04-08,XLV,0.0009794374558889096,0.021041136636545277
2019-04-09,XLV,0.0006544224413265187,0.010997334778808154
2019-04-10,XLV,0.002293244188318111,0.0005621925641907666
2019-04-11,XLV,-0.007989327261286983,-0.010145133647317284
2019-04-12,XLV,-0.02380413856948993,-0.02369785514162448
2019-04-15,XLV,-0.019678280958317584,-0.018291040508027545
2019-04-16,XLV,-0.03727919091947118,-0.046014526707778614
2019-04-17,XLV,-0.06527176488224606,-0.06700013656732529
2019-04-18,XLV,-0.05207442916897942,-0.0691224621881209
2019-04-22,XLV,-0.0427568441548295,-0.05131304539373238
2019-04-23,XLV,-0.031495753603895005,-0.03577325350687821
2019-04-24,XLV,-0.012341628825351614,-0.0434257745684733
2019-04-25,XLV,0.027395692602409483,-0.025433884828625297
2019-04-26,XLV,0.03596372328631481,-0.01819990586502096
2019-04-29,XLV,0.03350013760749526,-0.03160729493153447
2019-04-30,XLV,0.022099814891538783,-0.028621203151691477
2019-05-01,XLV,0.021437643650291882,-0.02814139031072105
2019-05-02,XLV,0.015317972380956668,-0.02271782186160687
2019-05-03,XLV,0.012919915455521735,-0.013242942414139702
2019-05-06,XLV,0.019920996823047155,-0.0149998346856548
2019-05-07,XLV,-0.004257400811109591,-0.03370317932895972
2019-05-08,XLV,-0.00033683151237740017,-0.02910411896877796
2019-05-09,XLV,-0.006705415980509111,-0.03149193089717217
2019-05-10,XLV,-0.013864148766798978,-0.019086651299465407
2019-05-13,XLV,-0.037298804484541814,-0.028616208901490636
2019-05-14,XLV,-0.013501461450292629,-0.027614728021058355
2019-05-15,XLV,-0.01268661494937573,-0.004302711864970665
2019-05-16,XLV,-0.0028127437026577162,0.03322427615425516
2019-05-17,XLV,-0.005286230491662547,0.029329775112576506
2019-05-20,XLV,0.013296849928617016,0.028265524366980488
2019-05-21,XLV,0.017678473998429478,0.02175655234179974
2019-05-22,XLV,0.020468616344136104,0.028774588031197146
2019-05-23,XLV,0.009026460646380796,0.014750832545394
2019-05-24,XLV,0.012664033525309648,0.006179288389153159
2019-05-28,XLV,-0.0013573106304842764,-0.006415373086497422
2019-05-29,XLV,-0.02017269687942036,-0.02050176260614578
2019-05-30,XLV,-0.020392099841548106,-0.013355616779427204
2019-05-31,XLV,-0.02404130648624314,-0.024586460879262972
2019-06-03,XLV,-0.023113218743372466,-0.029614057929217563
2019-06-04,XLV,0.007476088995755026,-0.018538928870787674
2019-06-05,XLV,0.024934228070109477,0.008213639405479478
2019-06-06,XLV,0.024570322122510424,0.011227166712588721
2019-06-07,XLV,0.0427361817520624,0.023965101366207886
2019-06-10,XLV,0.04331955814026989,0.026656348656977302
2019-06-11,XLV,0.024623023202443584,0.04458955129631881
2019-06-12,XLV,0.021872433354860554,0.04436619496210703
2019-06-13,XLV,0.015432634733698603,0.040027494569625954
2019-06-14,XLV,0.0026370560833739454,0.029561246679025155
2019-06-17,XLV,0.004162995069235675,0.03640901088943327
2019-06-18,XLV,0.014375425825015942,0.04570143584598241
2019-06-19,XLV,0.018565158110734226,0.04527613158370292
2019-06-20,XLV,0.02427272298662775,0.04390451286994379
2019-06-21,XLV,0.0315610649008915,0.05255445464190678
2019-06-24,XLV,0.02157736341573835,0.045531340812923426
2019-06-25,XLV,0.008829420945688726,0.05636819378570834
2019-06-26,XLV,-0.012745716066704715,0.05319920715889581
2019-06-27,XLV,-0.010205799444450436,0.054759391594644935
2019-06-28,XLV,-0.011629171939613658,0.06594072559322472
2019-07-01,XLV,-0.0015011193333576145,0.06866209425076653
2019-07-02,XLV,0.007968954076514878,0.05688497726159358
2019-07-03,XLV,0.029556063594763593,0.057948500700736094
2019-07-05,XLV,0.015379829448923354,0.045298100113191575
2019-07-08,XLV,0.0044256138894074315,0.02677761298616943
2019-07-09,XLV,0.00042958883690125127,0.02473031509406165
2019-07-10,XLV,-0.001495621246812573,0.029943944003743672
2019-07-11,XLV,-0.009745754291921926,0.025214068178695426
2019-07-12,XLV,-0.013973235518879634,0.015027357125640961
2019-07-15,XLV,-0.004406114129517635,0.019564863910948027
2019-07-16,XLV,-0.010307090641275884,0.009963852316225319
2019-07-17,XLV,-0.013481766075265078,0.0016592031038848987
2019-07-18,XLV,-0.008129838082558183,-0.0016551855253122971
2019-07-19,XLV,-0.007356083457562113,-0.016315959057253804
2019-07-22,XLV,-0.011550418486019676,-0.02304526862308498
2019-07-23,XLV,-0.00043396971957376795,-0.011797251251717156
2019-07-24,XLV,-0.00010863222048462795,-0.0072153231795940576
2019-07-25,XLV,-0.010569823897518482,0.0005451499903854629
2019-07-26,XLV,0.0033780264084901646,-0.0028159883573010136
2019-07-29,XLV,0.009610183806628925,-0.002051236324084882
2019-07-30,XLV,-0.0009765522857505538,-0.011278093335383876
2019-07-31,XLV,-0.011389421712321268,-0.026282079922013257
2019-08-01,XLV,-0.005231957853949032,-0.033262611790687346
2019-08-02,XLV,-0.011078190891128159,-0.028799875467936054
2019-08-05,XLV,-0.03829085453922365,-0.044492255616577214
2019-08-06,XLV,-0.02161891478134914,-0.03306857092599835
2019-08-07,XLV,-0.011520729495771431,-0.03605832904064221
2019-08-08,XLV,0.00032849915956445486,-0.023427604758846976
2019-08-09,XLV,0.003844101625058105,-0.01125045320440532
2019-08-12,XLV,0.01799577167837474,-0.022992349196883977
2019-08-13,XLV,0.018099047308938188,-0.005315732340470891
2019-08-14,XLV,-0.010545148836113794,-0.03318891656438838
2019-08-15,XLV,-0.020155627683083543,-0.03526791874928714
2019-08-16,XLV,-0.009299777576561752,-0.013186521765591097
2019-08-19,XLV,0.010053951790391258,-0.0016380632063865974
2019-08-20,XLV,-0.011451715936782847,-0.01627966918439161
2019-08-21,XLV,0.024343998782944798,-0.009545273429657497
2019-08-22,XLV,0.015763326637460384,-0.009592094689048314
2019-08-23,XLV,-0.01976842053048189,-0.03595084907936885
2019-08-26,XLV,-0.01892350855633873,-0.029853856616827823
2019-08-27,XLV,-0.016327984054310685,-0.031395946557473575
2019-08-28,XLV,-0.016427743091489644,-0.014592993263508713
2019-08-29,XLV,-0.004072419401808358,-0.00843763857379698
2019-08-30,XLV,0.020730237793097128,-0.0049424433766174225
2019-09-03,XLV,0.004236736489688031,0.013046825589233313
2019-09-04,XLV,0.010878942295619476,0.0007771571221759643
2019-09-05,XLV,0.013472932695122175,0.010322986850417326
2019-09-06,XLV,0.008619837941455488,-0.00021895894119261516
2019-09-09,XLV,-0.001876417261557184,-0.010612891145069248
2019-09-10,XLV,0.006883296263086036,0.001988373032661084
2019-09-11,XLV,0.01619907649883734,-0.0010904876722808154
2019-09-12,XLV,0.005933020089586627,0.027148689233154943
2019-09-13,XLV,0.002629496900717676,0.023029769347343798
2019-09-16,XLV,0.009731428705730627,0.008393090417748272
2019-09-17,XLV,0.008380232011472977,0.00032801839990281856
2019-09-18,XLV,-0.0016377990453547708,0.008826291400712227
2019-09-19,XLV,0.0033856868317683197,0.006132992675389248
2019-09-20,XLV,0.009530259111001138,0.01675211246931041
2019-09-23,XLV,0.006352751728246675,0.035264709503483704
2019-09-24,XLV,-0.004411035907507133,0.015125267272441123
2019-09-25,XLV,-0.009134230379429953,0.016204002389169192
2019-09-26,XLV,-0.019237212086914868,0.00325908135027686
2019-09-27,XLV,-0.029021770798948188,-0.00871892200344171
2019-09-30,XLV,-0.015080388817903523,-0.0010558349292266733
2019-10-01,XLV,-0.015660982804191925,-0.004988194904731014
2019-10-02,XLV,-0.02526889986887515,-0.020134257661903465
2019-10-03,XLV,-0.011033095849584451,-0.020999973718835774
2019-10-04,XLV,0.00895561589128513,-0.008388916271297786
2019-10-07,XLV,-0.003328202125291835,-0.002508813341566052
2019-10-08,XLV,-0.012661373172160206,-0.024302426143773537
2019-10-09,XLV,0.009209643019645108,-0.02687378988841116
2019-10-10,XLV,0.005183674202489108,-0.021729256512532102
2019-10-11,XLV,-0.0021081022031679275,-0.013074451452736113
2019-10-14,XLV,0.0007788812060687267,-0.011352835598554156
2019-10-15,XLV,0.03881089068742449,0.00514194305190796
2019-10-16,XLV,0.029968679626426242,0.0039337594913957386
2019-10-17,XLV,0.03251099504364441,0.006667039440920952
2019-10-18,XLV,0.020235869181420618,-0.0026085540752905922
2019-10-21,XLV,0.019577358058935346,0.00163909941300866
2019-10-22,XLV,0.003495424354720278,0.013124268205423562
2019-10-23,XLV,0.011047629510074097,0.024381786957474283
2019-10-24,XLV,-0.0015198339022048923,0.024852375246542602
2019-10-25,XLV,0.003269173839511863,0.03056079101881015
2019-10-28,XLV,0.014728502368850371,0.031954010989361015
2019-10-29,XLV,0.02688883463868108,0.056918379691415444
2019-10-30,XLV,0.026290340748693186,0.07856734339543969
2019-10-31,XLV,0.030339419748312224,0.06772612633213027
2019-11-01,XLV,0.0305239110407991,0.052590936805327226
2019-11-04,XLV,0.016879823012224904,0.05287740085481385
2019-11-05,XLV,-0.004452258069087556,0.06570600776316993
2019-11-06,XLV,-0.0066412989444508685,0.06162704909407246
2019-11-07,XLV,-0.0032719132860679068,0.058744432830012405
2019-11-08,XLV,0.0027401870556804653,0.05770498307039995
2019-11-11,XLV,0.001691627787888006,0.05383766317324601
2019-11-12,XLV,0.014907687311498163,0.04118394347709731
2019-11-13,XLV,0.012628798338082392,0.0437541881343948
2019-11-14,XLV,0.010482933384847293,0.036156695014879725
2019-11-15,XLV,0.02449295269576246,0.062118411947468255
2019-11-18,XLV,0.025226915885889323,0.059677060028482165
2019-11-19,XLV,0.026020621648793263,0.06455512502615468
2019-11-20,XLV,0.023475019950022213,0.05658359442612659
2019-11-21,XLV,0.02598762464987847,0.06470211665602821
2019-11-22,XLV,0.008208636530173452,0.06734761105542231
2019-11-25,XLV,0.02347383213774612,0.06880977416516898
2019-11-26,XLV,0.015747947318150324,0.05300558987264137
2019-11-27,XLV,0.02232237182461483,0.052498502028866634
2019-11-29,XLV,0.016137278940904887,0.05002632236060345
2019-12-02,XLV,0.008039856464959083,0.04406013399521025
2019-12-03,XLV,-0.0058346083725902,0.044935363709487586
2019-12-04,XLV,0.004228229131853389,0.0621870697358573
2019-12-05,XLV,-0.000901543455441689,0.058579974962837955
2019-12-06,XLV,0.00924697210327352,0.06321463255336801
2019-12-09,XLV,0.006663241899904637,0.04814484628579674
2019-12-10,XLV,0.011130414697037683,0.05478162972417877
2019-12-11,XLV,0.002706727284254251,0.049417729094017204
2019-12-12,XLV,0.012030109033654979,0.05795411827188546
2019-12-13,XLV,0.004680717894983477,0.05710963047343531
2019-12-16,XLV,0.022665602608740842,0.04627530919329481
2019-12-17,XLV,0.019313418626705214,0.0486976612097334
2019-12-18,XLV,0.01979612297117228,0.04305128856719742
2019-12-19,XLV,0.014363621609104538,0.048535772723539594
2019-12-20,XLV,0.02225416296665772,0.05326291906530978
2019-12-23,XLV,0.015364428698754873,0.05370128075556213
2019-12-24,XLV,0.015179115021049627,0.04019851822480058
2019-12-26,XLV,0.013096565569737262,0.040328637582307314
2019-12-27,XLV,0.009433402536277224,0.03531631695809767
2019-12-30,XLV,-0.00368059079573102,0.03272098269405399
2019-12-31,XLV,-0.005689952581107605,0.039349549240596415
2020-01-02,XLV,-0.0017956805715549917,0.04442446166362468
2020-01-03,XLV,-0.00982138947820932,0.025773957517404966
2020-01-06,XLV,-0.0039501417811492745,0.03215720529119315
2020-01-07,XLV,9.833040969242646e-05,0.0233595533301183
2020-01-08,XLV,0.004614036035461622,0.0372338057596977
2020-01-09,XLV,0.006266426092401023,0.03940031383254805
2020-01-10,XLV,0.015408707615690354,0.03876814642463833
2020-01-13,XLV,0.005595276420487849,0.025594397735136054
2020-01-14,XLV,0.013671419919965677,0.03251740880054821
2020-01-15,XLV,0.015831029191722523,0.030301871627959498
2020-01-16,XLV,0.016736510408910776,0.0367726242904034
2020-01-17,XLV,0.016439991913987484,0.03534957877282885
2020-01-21,XLV,0.021085510788902972,0.03239070996295612
2020-01-22,XLV,0.016204365089975026,0.02640687205372627
2020-01-23,XLV,0.002405084322320006,0.01715187701644516
2020-01-24,XLV,-0.019427911622634575,0.0014294840490711724
2020-01-27,XLV,-0.02689263281231613,-0.005517996054096308
2020-01-28,XLV,-0.023135554985992512,-0.0009189557313697971
2020-01-29,XLV,-0.027021826102626934,0.0023607638479699045
2020-01-30,XLV,-0.02917468553505176,-0.00687235995807145
2020-01-31,XLV,-0.03240296838746293,-0.029276694885494448
2020-02-03,XLV,-0.016129018808850093,-0.011853038833477325
2020-02-04,XLV,-0.0037190329518600462,-0.0006871435900389633
2020-02-05,XLV,0.018253370035660854,0.02055687400417927
2020-02-06,XLV,0.02659159411607237,0.014853914618596864
2020-02-07,XLV,0.0393386930227968,0.0026274007196538385
2020-02-10,XLV,0.03548587275760773,0.007685093521531794
2020-02-11,XLV,0.023673865425137608,0.01727850008562193
2020-02-12,XLV,0.005589616036972389,0.012420173743069363
2020-02-13,XLV,0.0,-0.0009618869133217745
2020-02-14,XLV,0.008637078464557524,-0.005359636545691049
2020-02-18,XLV,-0.0002896588753149576,-0.008900459835588737
2020-02-19,XLV,-0.0016314449377163864,-0.0053537578437184985
2020-02-20,XLV,-0.009296394782629558,-0.012985625156954894
2020-02-21,XLV,-0.0040440923137916585,-0.007389401456366462
2020-02-24,XLV,-0.03617808505490083,-0.02235012484131582
2020-02-25,XLV,-0.06208961460768747,-0.0447482127648291
2020-02-26,XLV,-0.06651292615785986,-0.04952072435676169
2020-02-27,XLV,-0.09238663266805947,-0.07929338561831334
2020-02-28,XLV,-0.10461195430754289,-0.08451947974447527
2020-03-02,XLV,-0.03214529664944199,-0.02208977602432094
2020-03-03,XLV,-0.026665384067128373,-0.05497809243029861
2020-03-04,XLV,0.02955096239803323,-0.017780239366353756
2020-03-05,XLV,0.04103599058190377,-0.058693297224656105
2020-03-06,XLV,0.04902271341929554,-0.06451614746771928
2020-03-09,XLV,-0.050025750631566,-0.10617247562567511
2020-03-10,XLV,0.007616032572749454,-0.08041311788846128
2020-03-11,XLV,-0.08370802608753602,-0.12081365590684845
2020-03-12,XLV,-0.13197492271860367,-0.18746394116302934
2020-03-13,XLV,-0.06680395337546485,-0.12701016713578595
2020-03-16,XLV,-0.11270378673035653,-0.2137015437695048
2020-03-17,XLV,-0.08828494571640733,-0.16135587514320326
2020-03-18,XLV,-0.08349726185312623,-0.19290657982267467
2020-03-19,XLV,-0.02984210983716551,-0.20431472705750187
2020-03-20,XLV,-0.12761958932747464,-0.23532836842515137
2020-03-23,XLV,-0.08245045693353925,-0.25145114668901214
2020-03-24,XLV,-0.07011993535371674,-0.1685362853607062
2020-03-25,XLV,-0.025422675455385235,-0.15737992722650573
2020-03-26,XLV,0.06105200830480251,-0.06979834451312028
2020-03-27,XLV,0.07981408185145433,-0.07782642426470732
2020-03-30,XLV,0.1923077836374465,-0.07785680934764105
2020-03-31,XLV,0.10215255041224469,-0.058494541687872936
2020-04-01,XLV,0.04629186331463497,-0.14367859561317364
2020-04-02,XLV,0.00829007479924515,-0.0990579525833819
2020-04-03,XLV,0.021060862258347024,-0.1024070934336534
2020-04-06,XLV,0.02652610806642075,-0.003547663308091753
2020-04-07,XLV,0.02257818636476827,-0.04451406796781621
2020-04-08,XLV,0.10679472827671854,0.03435590736321226
2020-04-09,XLV,0.08290517988033508,0.12397076473306656
2020-04-13,XLV,0.08319925264845818,0.041873215271357234
2020-04-14,XLV,0.06339645971685792,0.19421662266550554
2020-04-15,XLV,0.06668184412870692,0.11789258193174468
2020-04-16,XLV,0.04686702903263962,0.181483754094532
2020-04-17,XLV,0.06274370128143181,0.23123551615299753
2020-04-20,XLV,0.06361709087096634,0.2702648348431116
2020-04-21,XLV,-0.0018532940364104356,0.2991161045504407
2020-04-22,XLV,0.018629454391121847,0.2245862171850863
2020-04-23,XLV,0.002329519000219493,0.21512784375677652
2020-04-24,XLV,-0.004861988579450749,0.15474948781481124
2020-04-27,XLV,0.016003091497680977,0.19519926708914137
2020-04-28,XLV,0.026717593130950457,0.11869215178022396
2020-04-29,XLV,0.017984142672906822,0.13106788163212202
2020-04-30,XLV,0.007780951274966474,0.17040257813192383
2020-05-01,XLV,-0.024528748582787863,0.1171635584892321
2020-05-04,XLV,-0.03740890569884392,0.1267576820745695
2020-05-05,XLV,0.0037172105457961013,0.09383537079182336
2020-05-06,XLV,-0.012775555258177862,0.09196331028644411
2020-05-07,XLV,-0.008322416478871997,0.04866961395444802
2020-05-08,XLV,0.016150467684445502,0.04829701947154508
2020-05-11,XLV,0.034158671984105604,0.07574504440716723
2020-05-12,XLV,-0.0032030973522334527,0.025329452293056054
2020-05-13,XLV,-0.004145204309470185,0.01945758733252645
2020-05-14,XLV,0.006875531298810911,0.008609255449560038
2020-05-15,XLV,0.010159807749616112,-0.0035720612815516306
2020-05-18,XLV,0.0012854226562313276,0.012702635849473731
2020-05-19,XLV,0.004519031143041197,0.03187531639003072
2020-05-20,XLV,0.016751171633742734,0.017577777554877105
2020-05-21,XLV,-0.001707102927621773,0.00454734351342112
2020-05-22,XLV,-0.007966360986030319,-0.006680457667382456
2020-05-26,XLV,-0.017876646174641353,-0.021067044508558785
2020-05-27,XLV,0.004398492172084101,0.009444095265982222
2020-05-28,XLV,0.01627552009487232,0.015869837035223044
2020-05-29,XLV,0.03621356102619666,0.03288872321366032
2020-06-01,XLV,0.023790067392768455,0.04252245231193541
2020-06-02,XLV,0.03157677963193728,0.049089807375150674
2020-06-03,XLV,0.019010452708849268,0.024824595706511632
2020-06-04,XLV,-0.002063402241075374,0.026892814837019774
2020-06-05,XLV,0.0019415357176468806,0.043579214413174805
2020-06-08,XLV,0.018923617545680393,0.04536757327177798
2020-06-09,XLV,0.0025345848603506305,0.01700913313449126
2020-06-10,XLV,0.002930596318948764,0.031130755085678752
2020-06-11,XLV,-0.04528883894215119,-0.015533152245142401
2020-06-12,XLV,-0.054355432600179165,-0.01988380481527241
2020-06-15,XLV,-0.058698983057067666,-0.025891198352062106
2020-06-16,XLV,-0.02537932295167744,-0.010074342967668626
2020-06-17,XLV,-0.024834610005680657,0.0009994771070480635
2020-06-18,XLV,0.02908121774320005,-0.0035946151038033225
2020-06-19,XLV,0.032274967148488765,0.013479527053734675
2020-06-22,XLV,0.026000327603662,0.007461753621361922
2020-06-23,XLV,0.005639074325063831,0.013628193964773327
2020-06-24,XLV,-0.019633526383309508,-0.022951213973493978
2020-06-25,XLV,-0.006632419459099315,-0.026054660511886207
2020-06-26,XLV,-0.0280588861584129,-0.049382813129050684
2020-06-29,XLV,-0.015509252603637336,-0.03121078589695392
2020-06-30,XLV,-0.0029890625107255042,-0.020336231016215178
2020-07-01,XLV,0.03161115951307103,-0.010869389637528815
2020-07-02,XLV,0.029277475110260465,0.004532755061759319
2020-07-06,XLV,0.05250729115945352,-0.001407283143995186
2020-07-07,XLV,0.03404818420273292,-0.016830397815824627
2020-07-08,XLV,0.016788244744264658,-0.006407739795502687
2020-07-09,XLV,0.0010910010163456274,-0.01268367273065829
2020-07-10,XLV,-0.008759806673284687,0.042968054575934334
2020-07-13,XLV,-0.013154053429648704,0.04210102704198082
2020-07-14,XLV,0.015235107284370164,0.06039224284902356
2020-07-15,XLV,0.028304815885543677,0.04832139339501129
2020-07-16,XLV,0.03476969793213702,0.0476633278975529
2020-07-17,XLV,0.05143492389259441,0.06562341064814481
2020-07-20,XLV,0.04532008825810041,0.05527032256773179
2020-07-21,XLV,0.024300558811090944,0.05863549716991745
2020-07-22,XLV,0.02026185857837981,0.06356481218722498
2020-07-23,XLV,0.01732708924735471,0.08716108982112525
2020-07-24,XLV,-0.007460445309785513,0.06473515563721266
2020-07-27,XLV,0.0001888022114699961,0.08593982177232795
2020-07-28,XLV,-0.0002837480279392901,0.07500767704949896
2020-07-29,XLV,0.0012178455098470486,0.06805254564184127
2020-07-30,XLV,-0.001223346476026066,0.05255851986473381
2020-07-31,XLV,0.004091185404502706,0.03868122097113891
2020-08-03,XLV,0.0068940662469896274,0.03887770852336825
2020-08-04,XLV,0.0035926198218465544,0.043345742897396455
2020-08-05,XLV,-0.0022456316662522458,0.04805902166203002
2020-08-06,XLV,-0.0006592456671695723,0.050718290498243945
2020-08-07,XLV,0.008339079077899658,0.05659846408623137
2020-08-10,XLV,-0.005346203771358193,0.047097229503000326
2020-08-11,XLV,-0.007253630753222495,0.020234318827932363
2020-08-12,XLV,0.0047824908204934236,0.024084821975274062
2020-08-13,XLV,0.008862041530725007,0.024411327220031698
2020-08-14,XLV,0.003664894057597179,0.008593838211575111
2020-08-17,XLV,0.013012848293166401,0.014735064229258521
2020-08-18,XLV,0.01916845330592709,0.01512258661303334
2020-08-19,XLV,-0.0009333613846211897,0.0028101826461304213
2020-08-20,XLV,-0.0028033547607604348,0.004140703266492407
2020-08-21,XLV,0.000187158164934198,0.016365141335202615
2020-08-24,XLV,-0.01023943316197351,0.004155165646039016
2020-08-25,XLV,-0.0032588090170188044,0.012101677829557511
2020-08-26,XLV,-0.001214432732058457,0.0003740361082416044
2020-08-27,XLV,0.009839560992451757,0.01526302540565605
2020-08-28,XLV,0.011046872577634259,0.023405854449276342
2020-08-31,XLV,0.018151066981455966,0.01538154567559702
2020-09-01,XLV,0.002241830422399449,0.01073943563030988
2020-09-02,XLV,0.02356913760647461,0.026256583705289493
2020-09-03,XLV,-0.012063609241388495,0.0036769586761775663
2020-09-04,XLV,-0.021296409101666303,-0.006672452274851803
2020-09-08,XLV,-0.03971923811829936,-0.01970779382835086
2020-09-09,XLV,-0.01388724108110495,0.003985594199408915
2020-09-10,XLV,-0.04806292452206584,-0.027718237621121133
2020-09-11,XLV,-0.017565470477544642,-0.02261472818082111
2020-09-14,XLV,0.0036896711306464436,-0.006647930395728974
2020-09-15,XLV,0.0218354890747392,-0.011170127193026014
2020-09-16,XLV,0.0023627403658690316,-0.012569758978309808
2020-09-17,XLV,0.014590206176213316,-0.01261085534742834
2020-09-18,XLV,0.009082960479891655,-0.0109645591716524
2020-09-21,XLV,-0.023562267520869096,-0.03023505702929774
2020-09-22,XLV,-0.026928340262149186,-0.027843341340033745
2020-09-23,XLV,-0.0353116921290042,-0.04432322355169105
2020-09-24,XLV,-0.036961574861684054,-0.04795011258929449
2020-09-25,XLV,-0.01999576473922493,-0.04018523508603844
2020-09-28,XLV,0.007462634512429789,-0.033672947514073015
2020-09-29,XLV,0.008352847750159098,-0.037198931465726615
2020-09-30,XLV,0.03513244557480899,-0.012960735866449191
2020-10-01,XLV,0.036788703312217175,-0.03565422989865252
2020-10-02,XLV,0.011065846338910834,-0.01771415984470015
2020-10-05,XLV,0.022607056374578605,0.009675321340888665
2020-10-06,XLV,0.01030580138024395,0.012957401342906794
2020-10-07,XLV,0.013177891538940667,0.014129825880520253
2020-10-08,XLV,0.02159434623416523,0.03491103763948811
2020-10-09,XLV,0.040322635072704616,0.04016518446444706
2020-10-12,XLV,0.026340634351894376,0.03246136689551826
2020-10-13,XLV,0.03222455942816849,0.023256207579424926
2020-10-14,XLV,0.007204964916829537,0.01902889499291316
2020-10-15,XLV,-0.004935311655762775,0.014994450827463313
2020-10-16,XLV,-0.004060510378104176,0.026616862547477416
2020-10-19,XLV,-0.026489523685330862,0.029366157851168806
2020-10-20,XLV,-0.01773327963875193,0.03292548811781315
2020-10-21,XLV,-0.016908292749600373,0.03846895203589229
2020-10-22,XLV,0.005240471997248308,0.05947330261286843
2020-10-23,XLV,-0.0009267538026683786,0.04659286619644343
2020-10-26,XLV,0.0038603859771377813,0.025685591835742372
2020-10-27,XLV,-0.004325481973958323,0.019938199047303762
2020-10-28,XLV,-0.03109038907076256,-0.02796733637263571
2020-10-29,XLV,-0.053342046461760106,-0.032629478623988795
2020-10-30,XLV,-0.057132327698184326,-0.02400166797094072
2020-11-02,XLV,-0.02935681363519016,-0.02643471423177446
2020-11-03,XLV,-0.008404976535171915,0.001049029942512325
2020-11-04,XLV,0.06954060849256782,0.026106486543587826
2020-11-05,XLV,0.08053886412892974,0.023186402912855453
2020-11-06,XLV,0.08125125694287294,0.014396291787707405
2020-11-09,XLV,0.07208439715388693,0.01695686358737558
2020-11-10,XLV,0.05971443172956703,0.02770864557479613
2020-11-11,XLV,0.013405080259305535,0.032422955178905255
2020-11-12,XLV,0.007644851174645195,0.03612209614494222
2020-11-13,XLV,0.02001487529322521,0.03891784375230212
2020-11-16,XLV,0.00883273899539505,0.05385550858869492
2020-11-17,XLV,-0.0006292190335824843,0.045603979493778146
2020-11-18,XLV,-0.017997053719983502,0.031279560508564286
2020-11-19,XLV,-0.015083150751311725,0.015174118829963446
2020-11-20,XLV,-0.029611081001658768,0.009089540896142445
2020-11-23,XLV,-0.030465333453958965,0.017820270009656802
2020-11-24,XLV,-0.02122290899230639,0.027859207870398972
2020-11-25,XLV,-0.006322634899506019,0.05764164666025495
2020-11-27,XLV,0.0035762811694801666,0.07621201840324932
2020-11-30,XLV,0.008639454552656911,0.07948077341490611
2020-12-01,XLV,0.019719763141669677,0.06928216180250701
2020-12-02,XLV,0.024347502076432104,0.06180949596672636
2020-12-03,XLV,0.026834963189798167,0.015411114541077575
2020-12-04,XLV,0.028326222725762795,0.024208454203856977
2020-12-07,XLV,0.019227296464949584,0.017558373420413664
2020-12-08,XLV,0.01843490971307782,0.01577290445056878
2020-12-09,XLV,0.007354978365701648,0.009346527528483195
2020-12-10,XLV,0.00691546081577088,0.008908648902735905
2020-12-11,XLV,-0.007641807986151883,0.008670513896049448
2020-12-14,XLV,-0.009030050687040436,-0.011416603663228497
2020-12-15,XLV,-0.005856362945097282,0.0009827502801929011
2020-12-16,XLV,-0.005342352827475305,0.004586347103713528
2020-12-17,XLV,0.007045910416910939,0.03463776021302856
2020-12-18,XLV,0.011819400743613206,0.03622188583389452
2020-12-21,XLV,0.009286974542722204,0.02821077780012704
2020-12-22,XLV,-0.004569888497439556,0.02771814676132056
2020-12-23,XLV,-0.0009103697800384447,0.025434505234023685
2020-12-24,XLV,-0.008683042917727701,0.03218005376732025
2020-12-28,XLV,-0.0069843756376102295,0.02531769856121846
2020-12-29,XLV,0.007808810421422452,0.027364016111005363
2020-12-30,XLV,0.010713776799355701,0.018641520095809216
2020-12-31,XLV,0.02060276224161628,0.021685791607094718
2021-01-04,XLV,0.013277268124268327,0.018551785424929523
2021-01-05,XLV,0.018076170957305404,0.015097634872177634
2021-01-06,XLV,0.027164422641613672,0.035364506142541385
2021-01-07,XLV,0.04070893158830802,0.04092006071263077
2021-01-08,XLV,0.03482013196058431,0.049541669420616774
2021-01-11,XLV,0.044178738530588735,0.056245692733158936
2021-01-12,XLV,0.025402124297559947,0.04889875404266775
2021-01-13,XLV,0.014306749828224108,0.05974677419939378
2021-01-14,XLV,-0.001882894572670879,0.04508048862797587
2021-01-15,XLV,-0.003577713892508938,0.051403679026629456
2021-01-19,XLV,-0.0007629868890910441,0.04805528745059773
2021-01-20,XLV,0.015772303183773317,0.05299651540333028
2021-01-21,XLV,0.008206598878950588,0.05861238462191598
2021-01-22,XLV,0.008404028621898485,0.05870152287821573
2021-01-25,XLV,0.011883219875479023,0.06486716300734763
2021-01-26,XLV,0.0005937695078142013,0.05786306108325423
2021-01-27,XLV,-0.035105607225015656,0.023176683626361605
2021-01-28,XLV,-0.01636425617364301,0.03322075536921476
2021-01-29,XLV,-0.021770265424780555,0.024675168670559078
2021-02-01,XLV,-0.024417104958146196,0.0178947462771748
2021-02-02,XLV,-0.01797822153387596,0.0252322807375871
2021-02-03,XLV,0.005597484776425965,0.01063547982767088
2021-02-04,XLV,-0.004740939152954482,0.0011272742409127456
2021-02-05,XLV,0.005563399533090374,-0.009928891017614183
2021-02-08,XLV,0.0029447981175927396,-0.01345923868361254
2021-02-09,XLV,0.0015543179645429728,-0.016618726469800893
2021-02-10,XLV,0.010523556752118468,-0.004028823955331662
2021-02-11,XLV,0.008228014445259335,-0.004872476609419141
2021-02-12,XLV,0.013918985188561495,0.005745607028896815
2021-02-16,XLV,0.0026766413832377545,-0.007266907880392526
2021-02-17,XLV,0.0048284707885493106,-0.011115993184521833
2021-02-18,XLV,-0.0032704272407587665,-0.022700341732078355
2021-02-19,XLV,-0.01718073435199663,-0.029930469754569367
2021-02-22,XLV,-0.02677345443438761,-0.029339138813048615
2021-02-23,XLV,-0.018687621082997374,-0.0372591884887612
2021-02-24,XLV,-0.015445414552043069,-0.02696747365792551
2021-02-25,XLV,-0.019169510713582194,-0.0065593611321626
2021-02-26,XLV,-0.015733037652598814,-0.029307956941228896
2021-03-01,XLV,-0.000525738399582254,-0.008258987424333286
2021-03-02,XLV,-0.0017551642106533594,-0.014895558153970478
2021-03-03,XLV,-0.021178161245156146,-0.030138121692099173
2021-03-04,XLV,-0.02456190759269683,-0.03635415127099084
2021-03-05,XLV,0.003641061337258833,-0.0211328581143565
2021-03-08,XLV,-0.011746132913456497,-0.025330584544634882
2021-03-09,XLV,-0.003077029486904803,-0.02081026964393029
2021-03-10,XLV,0.01202045022311693,-0.02000317193565615
2021-03-11,XLV,0.03203950331706662,-0.015836319251886777
2021-03-12,XLV,0.01397972263995495,-0.015548646923200904
2021-03-15,XLV,0.023505355382494875,-0.016115309981527548
2021-03-16,XLV,0.016931432596474894,-0.006889385693631178
2021-03-17,XLV,0.010909384486068596,-0.014072531723376636
2021-03-18,XLV,0.002711035640978965,-0.009930265406556504
2021-03-19,XLV,0.004101317688486983,0.00576874647739678
2021-03-22,XLV,0.005905668637269379,0.016921693601997356
2021-03-23,XLV,-0.00366462726947836,0.008314228298612614
2021-03-24,XLV,-0.0011578237352994902,0.00023498199899885108
2021-03-25,XLV,0.005133595601615193,0.014601771762057014
2021-03-26,XLV,0.02047555630785225,0.04276833454896933
2021-03-29,XLV,0.01642592282903843,0.03416927336295372
2021-03-30,XLV,0.017554459088957586,0.02781862964188475
2021-03-31,XLV,0.020722141004442474,0.04305191395435193
2021-04-01,XLV,0.013408915031263735,0.05409711668390216
2021-04-05,XLV,0.001538329741838984,0.040583627278385936
2021-04-06,XLV,-0.006974307632629961,0.039162803110361466
2021-04-07,XLV,-0.00017144401411961496,0.030814262170452578
2021-04-08,XLV,-0.0005995476819339318,0.030044950541645132
2021-04-09,XLV,0.013402973056329204,0.03506227087645408
2021-04-12,XLV,0.007423367659555424,0.033855252445143647
2021-04-13,XLV,0.01550309949588824,0.03103812978588727
2021-04-14,XLV,0.017683792760870176,0.03157689332029068
2021-04-15,XLV,0.0335133007939179,0.0530767377746848
2021-04-16,XLV,0.029928147321931498,0.06315750910745299
2021-04-19,XLV,0.02913511594056506,0.059630862292109565
2021-04-20,XLV,0.028846227941608182,0.05455185686670849
2021-04-21,XLV,0.04107984000024656,0.07790402352432735
2021-04-22,XLV,0.018991611479758586,0.07432023550485334
2021-04-23,XLV,0.018109914073950906,0.07688291882890996
2021-04-26,XLV,0.014402003457437695,0.05332426924901279
2021-04-27,XLV,0.00467293155931392,0.042358013233982694
2021-04-28,XLV,-0.010046988279040825,0.04866557745658784
2021-04-29,XLV,-0.00960364426505822,0.042402043997280536
2021-04-30,XLV,-0.019000577455955625,0.04244348539810794
2021-05-03,XLV,-0.004461946271881456,0.04701374057551355
2021-05-04,XLV,0.0023663639086264343,0.05216271809192441
2021-05-05,XLV,0.00720250372198139,0.056399708587887565
2021-05-06,XLV,0.012572772005098098,0.056141134202913
2021-05-07,XLV,0.022582805674442152,0.051886379255954296
2021-05-10,XLV,0.012386974190679023,0.05217241011577878
2021-05-11,XLV,0.00040696298178444223,0.036521611693282274
2021-05-12,XLV,-0.01080792725315205,0.026824073273576055
2021-05-13,XLV,-0.003164913395596769,0.018659883884320827
2021-05-14,XLV,-0.004997143886722677,0.016216475283082676
2021-05-17,XLV,-0.008130289480104191,0.01407281480698197
2021-05-18,XLV,0.003010733531665366,0.01049337970154629
2021-05-19,XLV,0.010843729931969692,-0.0029980061744795394
2021-05-20,XLV,0.012293459953144348,0.011963912907256624
2021-05-21,XLV,0.0073716224694275745,0.005498154310011216
2021-05-24,XLV,0.010225675162763403,0.009897841793419682
2021-05-25,XLV,0.00689614556922824,0.012729473626353682
2021-05-26,XLV,0.002763017162092929,0.009903213190996851
2021-05-27,XLV,-0.009811734898529711,0.011751290747988863
2021-05-28,XLV,-0.0061113788884604725,0.018709237897137188
2021-06-01,XLV,-0.023377215905068582,-0.009290264485351751
2021-06-02,XLV,-0.022399456278786145,-0.012292391577225281
2021-06-03,XLV,-0.013696312955191026,-0.011051641504233212
2021-06-04,XLV,-0.008365895366471587,-0.009170389476315877
2021-06-07,XLV,-0.008656962881614438,-0.012412193679089634
2021-06-08,XLV,0.004770879652456594,-0.01674328314123552
2021-06-09,XLV,0.016483918183698876,0.00358047972494302
2021-06-10,XLV,0.03073142750678448,0.03047747891091368
2021-06-11,XLV,0.020148923692067333,0.014002992391762392
2021-06-14,XLV,0.017383508584655427,0.009801671680632174
2021-06-15,XLV,0.020875959111890108,0.01201108697054476
2021-06-16,XLV,0.007216493942806768,0.007788629159355853
2021-06-17,XLV,-0.0021524740043193935,0.01722884801859914
2021-06-18,XLV,-0.00650323251106788,-0.004825443392719508
2021-06-21,XLV,0.004546420015707708,0.006969654084574506
2021-06-22,XLV,0.006398167255639686,0.008176814557252055
2021-06-23,XLV,0.006084233846344711,0.006975997781428989
2021-06-24,XLV,0.0035813492741518793,0.01805898536650652
2021-06-25,XLV,0.019803730667813157,0.02493915678731118
2021-06-28,XLV,0.009219288989289254,0.02250209605224507
2021-06-29,XLV,0.008159205837122041,0.04073215704195632
2021-06-30,XLV,0.011727834438766349,0.042128763236195965
2021-07-01,XLV,0.015504064583739652,0.04819950610071744
2021-07-02,XLV,0.020604472361739568,0.054882524136646405
2021-07-06,XLV,0.01811110147969819,0.050111511655004826
2021-07-07,XLV,0.023407021509078696,0.060035296201493615
2021-07-08,XLV,0.01842007164503423,0.04411376386040877
2021-07-09,XLV,0.012906208603375102,0.03007219848976561
2021-07-12,XLV,0.005222583404045578,0.039447978107655546
2021-07-13,XLV,0.005227343482271163,0.03756429735097977
2021-07-14,XLV,-0.0020156637289958645,0.03626558355219034
2021-07-15,XLV,0.0,0.036632908753475135
2021-07-16,XLV,-0.0006993515378567183,0.031572248361824595
2021-07-19,XLV,-0.013104871433404996,0.03254100019431605
2021-07-20,XLV,-0.00015514049622222803,0.03270820386259965
2021-07-21,XLV,0.0024082047099980297,0.03215720875557726
2021-07-22,XLV,0.013331259901422143,0.04409998302673568
2021-07-23,XLV,0.022235967464856232,0.050747162725502504
2021-07-26,XLV,0.0264006598361044,0.039220324496432646
2021-07-27,XLV,0.018786023500110716,0.042497597824138866
2021-07-28,XLV,0.02077078235587626,0.04506898850448704
2021-07-29,XLV,0.015771723546419647,0.048273264026763574
2021-07-30,XLV,0.005095998144484248,0.03997788403729863
2021-08-02,XLV,0.013013779359125843,0.031491177055921415
2021-08-03,XLV,0.02232530718825365,0.04681274508215494
2021-08-04,XLV,0.014349663056632433,0.035819917277222224
2021-08-05,XLV,0.0077254459220978955,0.03726514416909188
2021-08-06,XLV,0.005977938860070919,0.03286444426717816
2021-08-09,XLV,0.00846349005490521,0.03481677545692752
2021-08-10,XLV,-0.007676653868338268,0.03337492031872391
2021-08-11,XLV,-0.013323791789999873,0.02408307547820554
2021-08-12,XLV,-0.0014278209817677467,0.03578411523259084
2021-08-13,XLV,0.00564176605854283,0.03941854278829626
2021-08-16,XLV,0.013188807671973057,0.06238722285212961
2021-08-17,XLV,0.02756481063993621,0.062024467320228815
2021-08-18,XLV,0.022075827452835206,0.04417596726739115
2021-08-19,XLV,0.018666114199951345,0.04123717639645408
2021-08-20,XLV,0.01810163309395474,0.035214715155563736
2021-08-23,XLV,0.007026096299745488,0.04233336907474472
2021-08-24,XLV,-0.00825969694226425,0.03383089557547292
2021-08-25,XLV,0.004305027868741318,0.02733267059826927
2021-08-26,XLV,-0.004137812653531192,0.0208285070314298
2021-08-27,XLV,-0.010873396587941953,0.01876678137644716
2021-08-30,XLV,-0.00565496258086684,0.023124298991798575
2021-08-31,XLV,-0.0034638362471201,0.007751512558686002
2021-09-01,XLV,-0.000443594715481499,0.012350068870894404
2021-09-02,XLV,0.01424545180104242,0.027433290004979627
2021-09-03,XLV,0.016489390565019857,0.029411863547115225
2021-09-07,XLV,0.004874458659128722,0.019483091087818316
2021-09-08,XLV,0.005768794212543282,0.021406004003795998
2021-09-09,XLV,-0.0061366190507765594,0.019724255819963954
2021-09-10,XLV,-0.02567659216901308,0.0024836716569256456
2021-09-13,XLV,-0.03273652699968488,-0.009873567418694162
2021-09-14,XLV,-0.027195605960378844,-0.0211522046536331
2021-09-15,XLV,-0.020442643273563044,-0.026313712705504422
2021-09-16,XLV,-0.011531229158260214,-0.013805478347073685
2021-09-17,XLV,-0.0014265685250134386,-0.01728982043314964
2021-09-20,XLV,-0.005725623100896637,-0.03304610285871146
2021-09-21,XLV,-0.004058824893617641,-0.03192695092046871
2021-09-22,XLV,-0.00883121116086516,-0.026874822863002135
2021-09-23,XLV,0.0008801319992519652,-0.01716861350023502
2021-09-24,XLV,-0.004172605975252819,-0.017324154251494472
2021-09-27,XLV,-0.008005884820060927,-0.030242870522743215
2021-09-28,XLV,-0.026494084881973468,-0.05221547442789776
2021-09-29,XLV,-0.02044539643972587,-0.04345744612502167
2021-09-30,XLV,-0.03939032585456992,-0.05546367075032399
2021-10-01,XLV,-0.035232532855360654,-0.06526207729746358
2021-10-04,XLV,-0.03620297971761688,-0.08051275255489998
2021-10-05,XLV,-0.013529484695844363,-0.06957383454048771
2021-10-06,XLV,-0.023044759743481413,-0.07086075257666924
2021-10-07,XLV,0.0021995255894722288,-0.04754126249027235
2021-10-08,XLV,-0.0030629279340439464,-0.04356717664969578
2021-10-11,XLV,0.0044661249221040755,-0.04514765817465072
2021-10-12,XLV,-0.006342206199934974,-0.049628870378335854
2021-10-13,XLV,-0.002938689101477876,-0.05425773214636509
2021-10-14,XLV,-0.0018810314946281492,-0.03824262266010825
2021-10-15,XLV,0.008114035928030061,-0.034429193436969374
2021-10-18,XLV,0.009130665616569056,-0.030880407200179483
2021-10-19,XLV,0.027365608923737517,-0.019642285416095584
2021-10-20,XLV,0.04038561622582715,-0.007296574295776459
2021-10-21,XLV,0.0298412958614096,-0.010413502958089516
2021-10-22,XLV,0.028912931101571893,-0.0023489063184100045
2021-10-25,XLV,0.03721465951334513,0.013297390671763942
2021-10-26,XLV,0.028811096277671755,0.036052148653927585
2021-10-27,XLV,0.006278219099829174,0.019785759447435547
2021-10-28,XLV,0.010599593118355344,0.041084363589876105
2021-10-29,XLV,0.0163286566430767,0.05096972106740316
2021-11-01,XLV,0.013881526893539275,0.0659542248330669
2021-11-02,XLV,0.01524745050756482,0.06627546003183982
2021-11-03,XLV,0.029369314903958443,0.07449771012599404
2021-11-04,XLV,0.013807893194607512,0.05314313002503379
2021-11-05,XLV,-0.007173523807517235,0.04663633642396481
2021-11-08,XLV,-7.488047035297818e-05,0.06113524312429619
2021-11-09,XLV,-0.009962798491050084,0.06239027064885061
2021-11-10,XLV,-0.01293529355092704,0.06372472307639265
2021-11-11,XLV,-0.009005602178161931,0.04562579701514524
2021-11-12,XLV,0.007150271934341923,0.04563574484445887
2021-11-15,XLV,-0.005013172609140137,0.04626251580986218
2021-11-16,XLV,0.0028537279464184717,0.037042737463574005
2021-11-17,XLV,0.0014227728104818649,0.023887821089408012
2021-11-18,XLV,0.004731514404720638,0.020131154924137418
2021-11-19,XLV,-0.006277732551415949,0.009873131033232285
2021-11-22,XLV,-0.004587036805469791,0.004096173910911771
2021-11-23,XLV,-0.007713075755027776,0.00022633114231251916
2021-11-24,XLV,-0.009496582022038846,0.00783696513106591
2021-11-26,XLV,-0.013529684366730632,-0.004225700032030266
2021-11-29,XLV,-0.004813002621582241,-0.01113424044772049
2021-11-30,XLV,-0.01994403100342601,-0.029402920770109198
2021-12-01,XLV,-0.02271515755727671,-0.03717460019349783
2021-12-02,XLV,-0.017590270710993727,-0.038140319760510244
2021-12-03,XLV,-0.012123807114821639,-0.029696127808275796
2021-12-06,XLV,-0.009219197017340974,-0.013171752783396773
2021-12-07,XLV,0.023664495186456858,-0.006359826617139852
2021-12-08,XLV,0.03320447894057965,0.004806197182924299
2021-12-09,XLV,0.030584767371788057,0.004268441903875653
2021-12-10,XLV,0.03229252886832157,0.01073975816318895
2021-12-13,XLV,0.03615271943348275,0.015245490629147707
2021-12-14,XLV,0.018825206308095366,0.017446288507621865
2021-12-15,XLV,0.03191364556014231,0.03392269193604025
2021-12-16,XLV,0.035642396475632276,0.03858530494493739
2021-12-17,XLV,0.024817911826914507,0.030946271228429634
2021-12-20,XLV,0.009089372068920909,0.03094543434670216
2021-12-21,XLV,0.017420785391644822,0.03994125073990884
2021-12-22,XLV,0.008641447348386455,0.05096344107750306
2021-12-23,XLV,0.006806243005383905,0.055679516025132436
2021-12-27,XLV,0.024586611204450826,0.07078107636083142
2021-12-28,XLV,0.028119208160827247,0.06506094473671431
2021-12-29,XLV,0.029679595480235355,0.09259707635005765
2021-12-30,XLV,0.019894923961120803,0.09678594435631838
2021-12-31,XLV,0.011414287019759328,0.08684728295053179
2022-01-03,XLV,-0.009447775922138302,0.0736816863578269
2022-01-04,XLV,-0.01994292528448738,0.05353324443718943
2022-01-05,XLV,-0.03243612188752332,0.03271869775561376
2022-01-06,XLV,-0.04558649601328424,0.013146320610069928
2022-01-07,XLV,-0.04641905283974712,0.005639608023267684
2022-01-10,XLV,-0.02660666643814369,0.012420962703174387
2022-01-11,XLV,-0.005741484463446134,0.010936303149638338
2022-01-12,XLV,-0.0014639413740562546,0.012152871504798712
2022-01-13,XLV,-0.005479709651166176,-0.023566964857763772
2022-01-14,XLV,-0.0020840123754586326,-0.03099385844956748
2022-01-18,XLV,-0.026081000998495862,-0.03786223954041634
2022-01-19,XLV,-0.037716206809363384,-0.0359549437386103
2022-01-20,XLV,-0.04126982827395742,-0.0462338589463106
2022-01-21,XLV,-0.03596437049693202,-0.06674840878732535
2022-01-24,XLV,-0.03751803398229536,-0.0736539997818596
2022-01-25,XLV,-0.03010824983702287,-0.08922343295795432
2022-01-26,XLV,-0.031219085436079874,-0.09159517313517729
2022-01-27,XLV,-0.022325603183051324,-0.09440495786051217
2022-01-28,XLV,0.007801010667936037,-0.07781490550153303
2022-01-31,XLV,0.016971519826805448,-0.06856417610707544
2022-02-01,XLV,0.026284840041805868,-0.056368598545392556
2022-02-02,XLV,0.045554489349451055,-0.030886292871334264
2022-02-03,XLV,0.03839829721695298,-0.028107217520119465
2022-02-04,XLV,0.013948421675162637,-0.020290348833857275
2022-02-07,XLV,0.006401056391465598,-0.016970714527960062
2022-02-08,XLV,0.011931997556789531,-0.01900827126366067
2022-02-09,XLV,0.006223969281149655,-0.01922344557890343
2022-02-10,XLV,-0.005271882589804711,-0.03181355396307817
2022-02-11,XLV,-0.015494923991001164,-0.030156414154447475
2022-02-14,XLV,-0.02385107038296319,-0.03841305611312795
2022-02-15,XLV,-0.02087867969767676,-0.013768170011334013
2022-02-16,XLV,-0.026904066409089156,-0.008203522056615342
2022-02-17,XLV,-0.027331885583175453,-0.01773813671136104
2022-02-18,XLV,-0.021036533077757325,-0.015138642063394547
2022-02-22,XLV,-0.013419076087361592,-0.014336508093295786
2022-02-23,XLV,-0.02930123582205124,-0.012947559970390543
2022-02-24,XLV,-0.02688217796790815,-0.003763581624845691
2022-02-25,XLV,0.019304140124741798,0.024086942643148035
2022-02-28,XLV,0.019214195262144296,-0.003985245352288502
2022-03-01,XLV,0.016117706425483824,-0.015164036379168189
2022-03-02,XLV,0.036665272034139385,-0.0029639469159710163
2022-03-03,XLV,0.037777544368801985,-0.011173693572471777
2022-03-04,XLV,0.011989149589139547,-0.0019582303164608073
2022-03-07,XLV,0.0019237516405161692,-0.01579723550706491
2022-03-08,XLV,-0.013076442082226025,-0.03422417235223696
2022-03-09,XLV,-0.009375640687352083,-0.023957930293089125
2022-03-10,XLV,-0.014788325446799422,-0.031822684671588664
2022-03-11,XLV,-0.027014689329120545,-0.023773466998913362
2022-03-14,XLV,-0.0027646639204830237,-0.0030708845115892114
2022-03-15,XLV,0.0383378466111397,0.02730389058797522
2022-03-16,XLV,0.03131704883025388,0.028073647250877576
2022-03-17,XLV,0.04803301917626279,0.04273562333904013
2022-03-18,XLV,0.06243199879745909,0.0663188104580863
2022-03-21,XLV,0.054182947368514256,0.07352900163590426
2022-03-22,XLV,0.033794692631769596,0.0764664956200376
2022-03-23,XLV,0.0031944518144704226,0.06249005050724321
2022-03-24,XLV,-0.0006381952754488385,0.07085712623637175
2022-03-25,XLV,-0.0021527219150664356,0.04387226608944306
2022-03-28,XLV,0.005862219453840245,0.0594654874835443
2022-03-29,XLV,0.011575862194310504,0.07165490429329813
2022-03-30,XLV,0.03207984905440031,0.05779039824265042
2022-03-31,XLV,0.009952788056654338,0.04214544448498403
2022-04-01,XLV,0.013209031041727659,0.045130580387368724
2022-04-04,XLV,-0.002476784322272607,0.054812223229282475
2022-04-05,XLV,-0.006228569280321561,0.07909069444468586
2022-04-06,XLV,0.006939492112362666,0.07521172516577046
2022-04-07,XLV,0.036426052350213345,0.09631941733959404
2022-04-08,XLV,0.0344753444362047,0.11117999960509772
2022-04-11,XLV,0.02242204699982886,0.08145312691620221
2022-04-12,XLV,0.010348951315416022,0.05000328656489472
2022-04-13,XLV,7.193880969480482e-05,0.0426367680405062
2022-04-14,XLV,-0.023524429583499984,0.02146507678430165
2022-04-18,XLV,-0.0400477460654034,0.003998134803268938
2022-04-19,XLV,-0.011215326693001515,0.01436309462598584
2022-04-20,XLV,0.011902111344099797,0.027767457277628083
2022-04-21,XLV,-0.004163335426304315,0.03498969673266994
2022-04-22,XLV,-0.035848383172966125,-0.014523868474858315
2022-04-25,XLV,-0.01852526379700492,-0.012475329495799437
2022-04-26,XLV,-0.04493583003844093,-0.03686426602777515
2022-04-27,XLV,-0.05966642076413431,-0.04461515162332386
2022-04-28,XLV,-0.0360413511084966,-0.03332356445759477
2022-04-29,XLV,-0.025285918026164977,-0.04890854878973672
2022-05-02,XLV,-0.03782419929613723,-0.062214892044259895
2022-05-03,XLV,-0.01747338106613472,-0.05134388713831928
2022-05-04,XLV,0.00651974518592735,-0.03235926852294613
2022-05-05,XLV,-0.02647132595454904,-0.06539843168692983
2022-05-06,XLV,-0.003914551233235031,-0.08592769079014972
2022-05-09,XLV,-0.02363285029042017,-0.11489183592494756
2022-05-10,XLV,-0.023250531039829547,-0.0937212698195844
2022-05-11,XLV,-0.05076447854829702,-0.0908893871511719
2022-05-12,XLV,-0.022582370068786828,-0.08656966126075216
2022-05-13,XLV,-0.009092170214843764,-0.072417748454781
2022-05-16,XLV,0.024758721208481216,-0.05513810022208199
2022-05-17,XLV,0.03515403877640422,-0.05122104627107771
2022-05-18,XLV,0.015155034907295972,-0.08796690354239722
2022-05-19,XLV,0.007622770954899494,-0.07575886514610164
2022-05-20,XLV,0.009175596298209854,-0.029101486237807284
2022-05-23,XLV,0.01057485629666921,-0.0271235281284119
2022-05-24,XLV,-0.00015204803845247916,-0.00673198347681192
2022-05-25,XLV,0.026027776041102513,-0.0048517778183553295
2022-05-26,XLV,0.028154882920250923,-0.01420767696981906
2022-05-27,XLV,0.03267077185160594,0.02862832920812841
2022-05-31,XLV,0.010006188518172587,0.021238797042305357
2022-06-01,XLV,-0.007463270980208714,0.0033875613768585833
2022-06-02,XLV,0.0006857450780872743,-0.010619866187503102
2022-06-03,XLV,-0.015246747667083782,-0.002841701421246845
2022-06-06,XLV,-0.03118943975664079,0.0004623490244966
2022-06-07,XLV,-0.0052935091219616925,0.040420973254394976
2022-06-08,XLV,0.0012276645213684656,0.028533330820893932
2022-06-09,XLV,-0.029080409980897004,0.011981254583876666
2022-06-10,XLV,-0.03335403350274169,-0.013830917549281563
2022-06-13,XLV,-0.06276944496465409,-0.053732492081029926
2022-06-14,XLV,-0.0836312558833674,-0.0696256192975897
2022-06-15,XLV,-0.06697835860052836,-0.07294584128665926
2022-06-16,XLV,-0.05943247765367521,-0.06237306760557626
2022-06-17,XLV,-0.044625169130369624,-0.06496642641139327
2022-06-21,XLV,0.011731331655400856,-0.05133607134293372
2022-06-22,XLV,0.035631944526522075,-0.046557092707204095
2022-06-23,XLV,0.0482671479658876,-0.02805179821809256
2022-06-24,XLV,0.0815726788742348,-0.01161382105327824
2022-06-27,XLV,0.08622447387346055,-0.012156272953200986
2022-06-28,XLV,0.0393146675609406,-0.04523265060419812
2022-06-29,XLV,0.03403075634703345,-0.023877970482409916
2022-06-30,XLV,0.009048515732680729,-0.011882521117739464
2022-07-01,XLV,0.0037149841775736547,-0.008621814748218215
2022-07-05,XLV,-0.005783425904527517,-0.00266325222133712
2022-07-06,XLV,0.01867854399121538,0.003912481185750272
2022-07-07,XLV,0.014160057356487732,-0.004787862026861767
2022-07-08,XLV,0.01949491941607495,0.006145540323496901
2022-07-11,XLV,0.005629273302504512,0.0268192487321115
2022-07-12,XLV,-0.0013959497349332883,0.030309493163117374
2022-07-13,XLV,-0.017719573309227687,0.052167553737234584
2022-07-14,XLV,-0.02470269565033567,0.05921084896554407
2022-07-15,XLV,-0.004130556747466652,0.07391892600696925
2022-07-18,XLV,-0.022697439718297074,0.0669229554397961
2022-07-19,XLV,0.006757049835909967,0.08572186773086243
2022-07-20,XLV,0.006588049152230768,0.04681870785273934
2022-07-21,XLV,0.025485811783970247,0.04883371263564018
2022-07-22,XLV,-0.002841560521419484,0.021559554223929966
2022-07-25,XLV,0.02400914692653755,0.010139112032143016
2022-07-26,XLV,0.012035129853809279,0.011566851809055034
2022-07-27,XLV,0.028518187767541336,0.03594427551820134
2022-07-28,XLV,0.018946150363896352,0.0335331587596297
2022-07-29,XLV,0.019794887419670504,0.03243916853277695
2022-08-01,XLV,0.006972835414422729,0.013417814659283822
2022-08-02,XLV,-0.001752981392145414,0.015667632436747292
2022-08-03,XLV,0.0011361947703170117,0.0181045984564574
2022-08-04,XLV,-0.010087443659966389,0.008822467251145216
2022-08-05,XLV,-0.007175147010956784,0.005430479541556066
2022-08-08,XLV,0.002587075824529217,0.010352055535380211
2022-08-09,XLV,0.0031309114327295884,0.020271846052053233
2022-08-10,XLV,0.0048428425145543574,0.04148987487885991
2022-08-11,XLV,0.003269773823904476,0.03775647080499178
2022-08-12,XLV,0.016508282174838573,0.02626746560979143
2022-08-15,XLV,0.019201498479684442,0.05366789246604187
2022-08-16,XLV,0.0195643909948775,0.03325111409830939
2022-08-17,XLV,0.0027112348821487497,0.03747863829356879
2022-08-18,XLV,0.004775465731191586,0.016798310894916568
2022-08-19,XLV,-0.005238812534198556,0.02380023307163115
2022-08-22,XLV,-0.023158954796056896,0.005133644033947338
2022-08-23,XLV,-0.034196871195049994,-0.013950079992283593
2022-08-24,XLV,-0.027337656926387344,-0.018863822523362828
2022-08-25,XLV,-0.012221107391866437,-0.014303249310172128
2022-08-26,XLV,-0.042356319688807376,-0.0385950790723073
2022-08-29,XLV,-0.036438284377757535,-0.038198187266497485
2022-08-30,XLV,-0.029300432293503986,-0.04116094188454611
2022-08-31,XLV,-0.03667654907656459,-0.0559211691177931
2022-09-01,XLV,-0.031541017967651075,-0.03566545787125197
2022-09-02,XLV,-0.018068855230112257,-0.04914403406423273
2022-09-06,XLV,-0.010205818511727194,-0.050470666395156294
2022-09-07,XLV,0.0126633623282697,-0.03204938312980976
2022-09-08,XLV,0.03687073771927296,-0.025830037867036637
2022-09-09,XLV,0.029098663982562334,-0.010838943991631322
2022-09-12,XLV,0.05104392053461182,-0.016838918259832192
2022-09-13,XLV,0.015346576332966766,-0.054062067764298116
2022-09-14,XLV,-0.00039330615242005873,-0.05099675461086439
2022-09-15,XLV,-0.011982050620949702,-0.04010509222388203
2022-09-16,XLV,-0.023371487927985046,-0.038548488416732196
2022-09-19,XLV,-0.035066756305182745,-0.046319032515872105
2022-09-20,XLV,-0.013796882963285517,-0.04499617222846408
2022-09-21,XLV,-0.03069142575311301,-0.047552285441408326
2022-09-22,XLV,-0.030970124476404792,-0.04368987899881305
2022-09-23,XLV,-0.033195797654059445,-0.05896413791935473
2022-09-26,XLV,-0.03722474053379998,-0.04120868774580222
2022-09-27,XLV,-0.0287705563473315,-0.03739654523971525
2022-09-28,XLV,0.009208686643129349,-0.009767245104446376
2022-09-29,XLV,-0.004539467318086632,-0.011786766378005686
2022-09-30,XLV,-0.013199814289530098,-0.0411422882230289
2022-10-03,XLV,0.016781758646060352,-0.007179350771232107
2022-10-04,XLV,0.043567753668319886,0.014899808207709198
2022-10-05,XLV,0.0246287016722031,0.0019330606265339778
2022-10-06,XLV,0.020113911293188957,-0.027757240830961427
2022-10-07,XLV,0.012467926022114773,-0.0566378980260821
2022-10-10,XLV,-0.014158544929910866,-0.06876988265012507
2022-10-11,XLV,-0.03139083793634134,-0.03181704087977921
2022-10-12,XLV,-0.0393253843031367,-0.03708962345329747
2022-10-13,XLV,-0.004230992346292317,-0.020129939840965227
2022-10-14,XLV,0.010439064124553754,-0.023979017951495818
2022-10-17,XLV,0.033155558256791284,-0.0029304327083213844
2022-10-18,XLV,0.03338770555054671,0.014505378653286716
2022-10-19,XLV,0.023953883244046015,0.017194983596472646
2022-10-20,XLV,-0.007856134716100582,0.003242617712749807
2022-10-21,XLV,0.021307342219945458,0.03104371361656444
2022-10-24,XLV,0.024545131382049945,0.06103969828252498
2022-10-25,XLV,0.026621389149432684,0.07236547238066926
2022-10-26,XLV,0.05271623131638714,0.06104682194859978
2022-10-27,XLV,0.0561571031232837,0.06441368800293135
2022-10-28,XLV,0.049944815000463105,0.09701945421821634
2022-10-31,XLV,0.029229674336588962,0.07402944027603997
2022-11-01,XLV,0.02208395296234733,0.050288816589410645
2022-11-02,XLV,-0.006316767066070428,0.029001466196932446
2022-11-03,XLV,-0.005278890903604672,0.03791817026143285
2022-11-04,XLV,-0.01542991826276241,0.06679185181751346
2022-11-07,XLV,-0.0040678291237724595,0.08502281633414155
2022-11-08,XLV,0.0003008992252915288,0.08465301468169195
2022-11-09,XLV,0.006663154080750466,0.07826088520525776
2022-11-10,XLV,0.03660954117551474,0.08048741222381772
2022-11-11,XLV,0.017735562820424988,0.07449528058617116
2022-11-14,XLV,0.007865963413455246,0.058463614090517924
2022-11-15,XLV,0.0015807430598564487,0.05126814125220336
2022-11-16,XLV,0.012020725222147144,0.06569483341079407
2022-11-17,XLV,-0.013503321651441302,0.07433738236260967
2022-11-18,XLV,0.010816686517743035,0.06345828949025933
2022-11-21,XLV,0.010356592953019383,0.043805351409599735
2022-11-22,XLV,0.02043869626748096,0.04493701653315996
2022-11-23,XLV,0.024958619828272077,0.0375950071986364
2022-11-25,XLV,0.03151302370523168,0.04926908930807161
2022-11-28,XLV,0.011518224330421267,0.02453712353842108
2022-11-29,XLV,0.008542098191244296,0.022824803309757113
2022-11-30,XLV,0.02371129378682446,0.046600743530422095
2022-12-01,XLV,0.02259074840430686,0.06777997231475297
2022-12-02,XLV,0.019176386735857864,0.07506543228589835
2022-12-05,XLV,0.01704364147951254,0.05832889530412322
2022-12-06,XLV,0.011857421011677527,0.03918007459607309
2022-12-07,XLV,-0.0035966302167171893,0.04252281336451191
2022-12-08,XLV,0.00251031237488486,0.06337500210824332
2022-12-09,XLV,-0.01287732866537139,0.023742710465648242
2022-12-12,XLV,0.007295543476284472,0.047472466047767004
2022-12-13,XLV,0.018123328377224635,0.04975613299585113
2022-12-14,XLV,0.011406268136289865,0.05274998088589733
2022-12-15,XLV,-0.016026582884612894,0.03390445316211421
2022-12-16,XLV,-0.01775640124756328,0.019329052184660522
2022-12-19,XLV,-0.031739369335395784,0.003373177458340315
2022-12-20,XLV,-0.03493134143976895,0.002702164910591165
2022-12-21,XLV,-0.02376074253436178,0.007151006127289694
2022-12-22,XLV,-0.006905353810225834,0.0017623709326843873
2022-12-23,XLV,0.008342415547392346,-0.0035678705970161317
2022-12-27,XLV,0.009518390032314583,0.0013894464233312753
2022-12-28,XLV,0.0031984289795194965,-0.0026105619421322723
2022-12-29,XLV,0.0009542260064585584,-0.015237927012951125
2022-12-30,XLV,-0.0012496230559437826,-0.021592414034032337
2023-01-03,XLV,-0.004702316177567223,-0.026913688947075798
2023-01-04,XLV,0.0005160227383613769,-0.014883781496191184
2023-01-05,XLV,-0.003262464420135891,-0.017514256594347244
2023-01-06,XLV,-0.0049140395996403186,-0.01653994468394937
2023-01-09,XLV,-0.01803469533565405,-0.04164347101528343
2023-01-10,XLV,-0.006939546916045147,-0.021060339301608444
2023-01-11,XLV,-0.0039757676568336064,-0.025906913160923417
2023-01-12,XLV,0.003124371911670254,-0.031988201432500696
2023-01-13,XLV,-0.001621583343446864,-0.029207823004023914
2023-01-17,XLV,0.010644600687739203,-0.01566664840228371
2023-01-18,XLV,-0.011894079532331125,-0.015217736470596654
2023-01-19,XLV,-0.01507983155399828,-0.009147024274751225
2023-01-20,XLV,-0.006970459670363582,-0.003942048227696393
2023-01-23,XLV,-0.007973614173318655,-0.013508781408504533
2023-01-24,XLV,-0.009939063961456163,-0.018673594509982294
2023-01-25,XLV,0.004514136649082623,-0.0189565667536139
2023-01-26,XLV,0.003977732805194423,-0.014585237937000395
2023-01-27,XLV,-0.007841137934287312,-0.01490303868678744
2023-01-30,XLV,-0.020168106271262642,-0.03432591246881056
2023-01-31,XLV,-0.0008990395381097693,-0.018329127192299954
2023-02-01,XLV,0.0035201578840990955,-0.010851851637371679
2023-02-02,XLV,-0.0051580735752001505,-0.02017369243615741
2023-02-03,XLV,-0.0012795269359867634,-0.012943259286112063
2023-02-06,XLV,0.0022028409726086995,-0.027419386373406684
2023-02-07,XLV,-0.004199010184800955,-0.004497590524542461
2023-02-08,XLV,-0.011792044860179485,-0.015685232466774335
2023-02-09,XLV,-0.01375133295397668,-0.029790281810610386
2023-02-10,XLV,-0.0015076451572422211,-0.01750108262187544
2023-02-13,XLV,0.012429055951314272,-0.013731811442742381
2023-02-14,XLV,0.0,-0.01498270628663867
2023-02-15,XLV,-0.002039200683170095,-0.005868164698484057
2023-02-16,XLV,-0.003276042889673314,-0.018162790730139378
2023-02-17,XLV,-0.003773491619651348,-0.014338016951467858
2023-02-21,XLV,-0.024777652978709708,-0.030438311541757357
2023-02-22,XLV,-0.022289453295105788,-0.027270179345028622
2023-02-23,XLV,-0.014757008301379493,-0.024940129939185374
2023-02-24,XLV,-0.017658053004388052,-0.03932144680938021
2023-02-27,XLV,-0.02932060726852015,-0.035676833897304805
2023-02-28,XLV,-0.023871524329199034,-0.034102911855649176
2023-03-01,XLV,-0.022180980009887108,-0.04799038576814252
2023-03-02,XLV,-0.01881862915890231,-0.04664537882764952
2023-03-03,XLV,0.005135981909563325,-0.0293808943789996
2023-03-06,XLV,0.007727202404806732,-0.026980308704927514
2023-03-07,XLV,-0.0011009127871923763,-0.03728698398763486
2023-03-08,XLV,-0.004804650438415048,-0.048569392366954456
2023-03-09,XLV,-0.020901938867088132,-0.05543397388469684
2023-03-10,XLV,-0.038863500020848374,-0.054095096743051796
2023-03-13,XLV,-0.02943228014342858,-0.0541925548298019
2023-03-14,XLV,-0.004723252193923,-0.05359701599334299
2023-03-15,XLV,-0.00023739520432242145,-0.0487952574304521
2023-03-16,XLV,0.01942917044093817,-0.03511424387751694
2023-03-17,XLV,0.013773656423781588,-0.037914694872899335
2023-03-20,XLV,0.017119179665101347,-0.03435726246969495
2023-03-21,XLV,0.014222929301955345,-0.01574896261232983
2023-03-22,XLV,-0.00023232994411592767,-0.027336104300097586
2023-03-23,XLV,-0.011374711736149123,-0.0318018328212899
2023-03-24,XLV,0.015386349263831312,-0.005551693439240113
2023-03-27,XLV,0.006773813277189289,0.0015498715709785227
2023-03-28,XLV,-0.00532385720596984,0.00295304338602409
2023-03-29,XLV,0.012718746025812022,0.007379628152197837
2023-03-30,XLV,0.020149801704733017,0.006650959354798092
2023-03-31,XLV,0.016967834292647588,0.0061543500987513156
2023-04-03,XLV,0.02417452603513026,0.017896373709976654
2023-04-04,XLV,0.03053893810191366,0.03472130220989911
2023-04-05,XLV,0.0454472422701484,0.058246759929891256
2023-04-06,XLV,0.04239210770463031,0.07172617013515992
2023-04-10,XLV,0.030665665592789715,0.07894013280746748
2023-04-11,XLV,0.02268746194788207,0.07255767697409543
2023-04-12,XLV,0.022836771329638905,0.06337357756155027
2023-04-13,XLV,0.018544955995511758,0.07812784190449862
2023-04-14,XLV,0.007864077464888597,0.05956778467605295
2023-04-17,XLV,0.007719414459281149,0.07249671756597276
2023-04-18,XLV,-0.0025398590781655628,0.05182711427546982
2023-04-19,XLV,0.0002238879410176864,0.04869612326197337
2023-04-20,XLV,-0.01665900057160208,0.060413675419901613
2023-04-21,XLV,-0.00200639565928451,0.06960835922896624
2023-04-24,XLV,0.004388002149367409,0.06087976881787727
2023-04-25,XLV,0.000524213506309712,0.045297843841842544
2023-04-26,XLV,-0.01672234547401963,0.036678593190151654
2023-04-27,XLV,-0.007496569109777695,0.03924630125325801
2023-04-28,XLV,-0.005733355654775729,0.04247034339177613
2023-05-01,XLV,-0.00614584305740673,0.036768059620395865
2023-05-02,XLV,0.00022464857962223306,0.02085400675341642
2023-05-03,XLV,0.013286688009314318,0.019323559145244973
2023-05-04,XLV,0.0,-0.005931376320267745
2023-05-05,XLV,0.0004491439087850324,0.0005242316091327304
2023-05-08,XLV,-0.006854490604521812,-0.0009742469645116492
2023-05-09,XLV,-0.00920388162943464,-0.01098016261211432
2023-05-10,XLV,-0.005095221685964657,-0.008512493813306099
2023-05-11,XLV,-0.00022645825854694657,-0.024251700643916352
2023-05-12,XLV,-0.0104795607951651,-0.017685817727302156
2023-05-15,XLV,-0.010052258886201315,-0.01859260291947551
2023-05-16,XLV,-0.0117057661942227,-0.020068509698402348
2023-05-17,XLV,-0.013254910111847651,-0.021873562299022598
2023-05-18,XLV,-0.012616131788881435,-0.020240048184034576
2023-05-19,XLV,-0.0066572465923530055,-0.022263599399768297
2023-05-22,XLV,-0.003940764366904603,-0.026730805536525737
2023-05-23,XLV,-0.0065719948277990214,-0.027018664341801113
2023-05-24,XLV,-0.014577979357853765,-0.019740430135713916
2023-05-25,XLV,-0.022264736355192438,-0.03481859610482063
2023-05-26,XLV,-0.028786972879305872,-0.04493393723532102
2023-05-30,XLV,-0.03575778235227922,-0.0557294147416052
2023-05-31,XLV,-0.016692510789590886,-0.04347504775724065
2023-06-01,XLV,-0.00340787451804081,-0.03589084923801944
2023-06-02,XLV,0.019798237859247614,-0.01570970509318126
2023-06-05,XLV,0.025562632669568375,-0.02095966430093088
2023-06-06,XLV,0.023354663537465514,-0.02700692101641189
2023-06-07,XLV,0.010639323596411288,-0.024318209555037718
2023-06-08,XLV,0.010491856935905375,-0.020786242786679288
2023-06-09,XLV,0.0007670530057177771,-0.014731580093400809
2023-06-12,XLV,0.0007647278634965726,-0.009834464954952993
2023-06-13,XLV,0.014263878269845875,-0.0031072420961589797
2023-06-14,XLV,0.007817624308444904,-0.005043973250080769
2023-06-15,XLV,0.01692054946340371,0.009158902569625482
2023-06-16,XLV,0.013725092586993615,0.011553208786372782
2023-06-20,XLV,0.008949329149581908,0.005722192972758888
2023-06-21,XLV,0.004040002973634271,0.004880203709955122
2023-06-22,XLV,0.021391796046650313,0.02296282957453366
2023-06-23,XLV,0.0024455690298108568,0.02659251481784941
2023-06-26,XLV,-0.0031747275503823946,0.031303503554590106
2023-06-27,XLV,-0.004333868417977005,0.031044165760489406
2023-06-28,XLV,-0.0076782612514150195,0.03414313616353404
2023-06-29,XLV,-0.008003649063549334,0.03200210027528927
2023-06-30,XLV,0.0055303133716611,0.03579976876756952
2023-07-03,XLV,0.0029714524065476144,0.014286879925822893
2023-07-05,XLV,0.004734595303940159,0.010104804549391666
2023-07-06,XLV,-7.651995363811004e-05,0.010464935005245257
2023-07-07,XLV,-0.018115354839560616,0.0026396087851856542
2023-07-10,XLV,-0.02041737035004587,0.004116415501711934
2023-07-11,XLV,-0.012078342208543202,0.001267950301635512
2023-07-12,XLV,-0.014213073603310145,-0.005012783832752055
2023-07-13,XLV,-0.0058996174385662625,-0.00962303797397046
2023-07-14,XLV,0.020930240802031985,0.01568485462547553
2023-07-17,XLV,0.008306504916239632,-0.004389168870867266
2023-07-18,XLV,0.01553252389186044,0.0030531710199239726
2023-07-19,XLV,0.02297621150693452,0.008819990742767292
2023-07-20,XLV,0.039537897637055286,0.025391799055388686
2023-07-21,XLV,0.034472121464127925,0.028692094816288316
2023-07-24,XLV,0.036918383016497414,0.029848607268800897
2023-07-25,XLV,0.028848346511583634,0.03527631671197318
2023-07-26,XLV,0.023439708893196798,0.03696048796087892
2023-07-27,XLV,-0.0006673610711276368,0.03263634411385774
2023-07-28,XLV,-0.00770698204993947,0.0289997360806995
2023-07-31,XLV,-0.013167725528327234,0.010698364791035253
2023-08-01,XLV,-0.01788366319827195,0.013749475428350921
2023-08-02,XLV,-0.01656974229808117,0.014972834287231285
2023-08-03,XLV,-0.014244401077347257,0.018004955553256652
2023-08-04,XLV,-0.02063767378365977,0.02635638531583928
2023-08-07,XLV,-0.001639806022071033,0.030072384895724502
2023-08-08,XLV,0.011315337836976802,0.03775475022665953
2023-08-09,XLV,0.010333992692539429,0.04024665846220232
2023-08-10,XLV,0.014750925374460877,0.03915207035906665
2023-08-11,XLV,0.024698006878116185,0.030144176700613423
2023-08-14,XLV,0.016053125451133354,0.03798622840496879
2023-08-15,XLV,0.004593858994922151,0.02657672176290138
2023-08-16,XLV,-0.002742148818121737,0.014094106635159864
2023-08-17,XLV,-0.010012526293792678,-0.010379962799081266
2023-08-18,XLV,-0.01577338383471638,-0.019891115324198516
2023-08-21,XLV,-0.017710228862505062,-0.01669864143245059
2023-08-22,XLV,-0.01755423663964495,-0.01972340775009518
2023-08-23,XLV,-0.007060611452195387,-0.016127698170710136
2023-08-24,XLV,-0.007791212572443418,-0.01743457696169126
2023-08-25,XLV,-0.0008987508150730683,-0.01316648076413185
2023-08-28,XLV,0.00037409237735008816,-0.003205276563272741
2023-08-29,XLV,0.012912787967723549,0.011015354116654441
2023-08-30,XLV,0.009131963276625799,0.009585560117495229
2023-08-31,XLV,0.00581390805680404,0.0025588179745084094
2023-09-01,XLV,0.0011994524829557207,0.00883723286342497
2023-09-05,XLV,-0.011441578128681296,-0.012991679081254648
2023-09-06,XLV,-0.025570496105596918,-0.025859538481237454
2023-09-07,XLV,-0.02047210921028908,-0.021197721321663865
2023-09-08,XLV,-0.00863311319588278,-0.020544264252199573
2023-09-11,XLV,-0.004492287917737814,-0.019901240355660543
2023-09-12,XLV,0.004614562219544149,-0.024103260558769324
2023-09-13,XLV,0.010268475784224185,-0.020356942811776135
2023-09-14,XLV,0.008935496898847317,-0.009736185848344237
2023-09-15,XLV,0.000984753273439054,-0.009663976535606023
2023-09-18,XLV,-0.007376312166100463,-0.011539386091730552
2023-09-19,XLV,-0.005274320931255572,-0.011748289186071514
2023-09-20,XLV,-0.005348124281705613,-0.00818565186354625
2023-09-21,XLV,-0.017150043325341424,-0.019798430739180195
2023-09-22,XLV,-0.011394178593359339,-0.013260142067542224
2023-09-25,XLV,-0.004488106690499816,-0.015090514583516512
2023-09-26,XLV,-0.013757875815457288,-0.02570900833116696
2023-09-27,XLV,-0.018773293697295523,-0.03921172913782267
2023-09-28,XLV,-0.0053671349684749625,-0.03388186023096684
2023-09-29,XLV,-0.010833520264230012,-0.029591871948046355
2023-10-02,XLV,-0.017576233445331102,-0.03356071162578378
2023-10-03,XLV,-0.017957522757337085,-0.03213091118835465
2023-10-04,XLV,-0.00883034845964481,-0.02270593015857203
2023-10-05,XLV,-0.008171351580244068,-0.021749500151145407
2023-10-06,XLV,0.00986466182212209,-0.011485163455678404
2023-10-09,XLV,0.014779085296667827,-0.01485205473716189
2023-10-10,XLV,0.028723910362578264,-0.008903403150359646
2023-10-11,XLV,0.01984996264520067,-0.013437175848261651
2023-10-12,XLV,0.00559605260101903,-0.024987381129274344
2023-10-13,XLV,0.0013846553685523677,-0.011090243200507666
2023-10-16,XLV,0.0054422266988554124,-0.002130056079603926
2023-10-17,XLV,-0.0006864628274770856,-0.004332283042411178
2023-10-18,XLV,-0.004980821635670929,-0.01307286030768251
2023-10-19,XLV,-0.006260640739486623,-0.014184811661708707
2023-10-20,XLV,-0.016360662679623994,-0.016058254174697972
2023-10-23,XLV,-0.02980854419826151,-0.0275104696394195
2023-10-24,XLV,-0.025498245487121096,-0.016184856341172726
2023-10-25,XLV,-0.025721983453499853,-0.02006191845464289
2023-10-26,XLV,-0.025744713483206172,-0.034381737691034364
2023-10-27,XLV,-0.038419472291438495,-0.04349849841463116
2023-10-30,XLV,-0.026952608139198753,-0.03679203074670234
2023-10-31,XLV,-0.024363463792486773,-0.022602360620072037
2023-11-01,XLV,-0.01351666191419465,-0.024695128328487415
2023-11-02,XLV,0.012134652802477053,-0.014612346377603447
2023-11-03,XLV,0.03467604632210586,-0.019998194435456584
2023-11-06,XLV,0.035774630493480064,-0.016863480044974843
2023-11-07,XLV,0.030592658049481525,-0.02082685063204015
2023-11-08,XLV,0.027003214628775973,-0.01785431667636983
2023-11-09,XLV,-0.00993839291701304,-0.02983461259448561
2023-11-10,XLV,-0.008947663156389729,-0.030109884040271373
2023-11-13,XLV,-0.009823712761538594,-0.03179074507959834
2023-11-14,XLV,-0.0038178157972664772,-0.023895093616005614
2023-11-15,XLV,-0.0016385491998007762,-0.014555286349358876
2023-11-16,XLV,0.02382081631413757,-0.0004667626002287095
2023-11-17,XLV,0.015680759836257385,0.0014836663804567163
2023-11-20,XLV,0.01598420352618546,0.013908443353684685
2023-11-21,XLV,0.015251053423116723,0.01692124192550759
2023-11-22,XLV,0.01930286234857892,0.03098561216733886
2023-11-24,XLV,0.020387609415735808,0.04686250591296415
2023-11-27,XLV,0.016062281977133663,0.058226274454843185
2023-11-28,XLV,0.00472758357733305,0.04691897720551386
2023-11-29,XLV,-0.0010015455882046442,0.04127173515981153
2023-11-30,XLV,0.006746980778017608,0.052163389083783374
2023-12-01,XLV,0.005338439647482041,0.03983310452407096
2023-12-04,XLV,0.013583030421347786,0.036653161099199805
2023-12-05,XLV,0.017510032903535366,0.028457862919653465
2023-12-06,XLV,0.017967462358331687,0.028515716260029578
2023-12-07,XLV,0.004112475195666043,0.028711857834895937
2023-12-08,XLV,0.0018203951898803084,0.05218301997898522
2023-12-11,XLV,0.006511160849313358,0.05282328469068176
2023-12-12,XLV,0.012129337360778258,0.05125964812129058
2023-12-13,XLV,0.02999774848930903,0.0634288474869038
2023-12-14,XLV,0.026241871166991837,0.05743984909472766
2023-12-15,XLV,0.01582492173202854,0.04396562063060583
2023-12-18,XLV,0.010824444984552928,0.047789378806230465
2023-12-19,XLV,0.013279912148282724,0.04846146248761163
2023-12-20,XLV,-0.019458251825874795,0.027072444453827504
2023-12-21,XLV,-0.00264926487121786,0.03466638798511701
2023-12-22,XLV,0.010916227491660546,0.034275384275954
2023-12-26,XLV,0.011511207141557511,0.043096194186101
2023-12-27,XLV,0.008984352714010102,0.05290352068076065
2023-12-28,XLV,0.02644460281378036,0.05528988824023151
2023-12-29,XLV,0.01510976828373134,0.0432610948054315
2024-01-02,XLV,0.02784767620855355,0.05743251064836641
2024-01-03,XLV,0.023869609032123984,0.05368229387211909
2024-01-04,XLV,0.02465241754801739,0.060294348972420586
2024-01-05,XLV,0.021139296658350126,0.05857801363495496
2024-01-08,XLV,0.029109962154739488,0.06923319081711155
2024-01-09,XLV,0.011168697750613354,0.06729974742509715
2024-01-10,XLV,0.0174663353546034,0.06515089337851965
2024-01-11,XLV,0.0117062585981762,0.05985113682097065
2024-01-12,XLV,0.010063190105476849,0.03809031330007806
2024-01-16,XLV,-0.004774007130520008,0.036917995491537736
2024-01-17,XLV,-0.006627292132193485,0.04370981408741126
2024-01-18,XLV,-0.011278895073188244,0.041859616118686604
2024-01-19,XLV,-0.01000898584004617,0.035491860857523205
2024-01-22,XLV,-0.003202407143268693,0.05530022295557924
2024-01-23,XLV,0.0020763669330223777,0.04183110427593251
2024-01-24,XLV,-0.005093442740252141,0.027180798638909875
2024-01-25,XLV,-0.006457313873848403,0.02335198488814938
2024-01-26,XLV,-0.001362358811979325,0.02487332594864755
2024-01-29,XLV,0.0012849873409326307,0.029433315238212687
2024-01-30,XLV,0.004286767553135062,0.030723203283313127
2024-01-31,XLV,0.012185927357020843,0.011529211282365504
2024-02-01,XLV,0.02686308532020476,0.026343947804227108
2024-02-02,XLV,0.019530365630358038,0.019750169749889857
2024-02-05,XLV,0.015543547181453787,0.02379211530193115
2024-02-06,XLV,0.024258085047534017,0.025863720334178275
2024-02-07,XLV,0.028422718138800374,0.028789383272991298
2024-02-08,XLV,0.01350226868812121,0.022345293804123534
2024-02-09,XLV,0.01422617665802317,0.022290123266482054
2024-02-12,XLV,0.012427423207350463,0.026188483402605378
2024-02-13,XLV,-0.007778875441313615,0.022766348072490006
2024-02-14,XLV,-0.0018699615308032103,0.03371632678237679
2024-02-15,XLV,0.007146769443860057,0.04139757387617915
2024-02-16,XLV,0.01117965874992799,0.04417006134664203
2024-02-20,XLV,0.006449319627062744,0.03612479437249605
2024-02-21,XLV,0.018129573567610358,0.03915100703292662
2024-02-22,XLV,0.02123517746525394,0.06107198583345941
2024-02-23,XLV,0.018670478994984974,0.0677356697585978
2024-02-26,XLV,0.010163731836979162,0.05622167875382522
2024-02-27,XLV,0.011093601916774443,0.04627470063191419
2024-02-28,XLV,0.003850293231717483,0.038699380321016275
2024-02-29,XLV,-0.015901309700854016,0.031628205203754645
2024-03-01,XLV,-0.010280023506541669,0.029114141000773586
2024-03-04,XLV,-0.006662188653828616,0.029086495154080794
2024-03-05,XLV,-0.011653148173504602,0.01825501169817878
2024-03-06,XLV,6.842342726631756e-05,0.014168662036296853
2024-03-07,XLV,0.01298150052414826,0.016138858913551157
2024-03-08,XLV,0.0006148569930253256,0.016028213099014588
2024-03-11,XLV,0.0015738605025683583,0.016248798802265485
2024-03-12,XLV,0.013789987475514298,0.019625418961964014
2024-03-13,XLV,0.0030133663864149174,0.025199623969976326
2024-03-14,XLV,-0.005180385780469421,0.01276870613793224
2024-03-15,XLV,-0.007307261207862292,0.001446720727989792
2024-03-18,XLV,-0.006881015671045265,-0.0019024155017912658
2024-03-19,XLV,-0.004921307658657947,0.008105931210350859
2024-03-20,XLV,-0.0033101864675014747,0.003610982900467574
2024-03-21,XLV,0.0015478959896739752,-0.006755359451822374
2024-03-22,XLV,0.004163491488662352,-0.0128149815255022
2024-03-25,XLV,0.0028999983800725992,-0.00907938552089238
2024-03-26,XLV,-6.861100766297756e-05,-0.0030232985990614747
2024-03-27,XLV,0.015538110202153455,0.015296013583575574
2024-03-28,XLV,0.014350219630226313,0.023777319508808903
2024-04-01,XLV,0.007082037194100721,0.0045026099353107085
2024-04-02,XLV,-0.007229195476838868,-0.009645012584569401
2024-04-03,XLV,-0.011936524699917683,-0.003309149456010796
2024-04-04,XLV,-0.038995519895193786,-0.02436273875881645
2024-04-05,XLV,-0.03052847102167089,-0.020196358211894472
2024-04-08,XLV,-0.025329572418922086,-0.021542623028650065
2024-04-09,XLV,-0.006380608385584408,-0.017510381526676277
2024-04-10,XLV,-0.016941081227781263,-0.03352189113072901
2024-04-11,XLV,-0.006621887224458889,-0.033735009118626924
2024-04-12,XLV,-0.03009350132530586,-0.044733431054259976
2024-04-15,XLV,-0.02892956704636207,-0.042854861778933606
2024-04-16,XLV,-0.03203743306219098,-0.04239754944390517
2024-04-17,XLV,-0.022247222231862485,-0.05034982371537844
2024-04-18,XLV,-0.018296619401561465,-0.04826396816462153
2024-04-19,XLV,0.000288017052800571,-0.04593509123859385
2024-04-22,XLV,0.006131466116057416,-0.040979034423409
2024-04-23,XLV,0.0188924064269409,-0.027127463532338192
2024-04-24,XLV,0.017480411265807794,-0.03368324810920753
2024-04-25,XLV,0.01076366237963744,-0.052738457087446844
2024-04-26,XLV,0.007268853581847923,-0.052595594408115565
2024-04-29,XLV,0.006810859463163732,-0.04123727071376204
2024-04-30,XLV,-0.006864931312545286,-0.026770500374431072
2024-05-01,XLV,-0.0019877592560666457,-0.02395344941777655
2024-05-02,XLV,0.004002226329025582,-0.010355604277359487
2024-05-03,XLV,0.006215901672689483,-0.016687597596663606
2024-05-06,XLV,0.006907461017346739,-0.009526381281982688
2024-05-07,XLV,0.015962699895210042,-0.004885695265337664
2024-05-08,XLV,0.010670080611370869,0.003460756135976739
2024-05-09,XLV,0.020074099441292237,0.016240042689563916
2024-05-10,XLV,0.019598072867611283,0.033690806162469444
2024-05-13,XLV,0.014497801457683313,0.03476871964367434
2024-05-14,XLV,0.010450878270471753,0.03879443022227247
2024-05-15,XLV,0.028997739015997892,0.0560530971971962
2024-05-16,XLV,0.019050874305334364,0.0549014340518994
2024-05-17,XLV,0.018942851639019764,0.052968584835728194
2024-05-20,XLV,0.017776116841696554,0.04674480897977462
2024-05-21,XLV,0.015202129867237568,0.03503207149624887
2024-05-22,XLV,0.002120397416491393,0.04011078516940736
2024-05-23,XLV,-0.007669541080174813,0.035663294130894974
2024-05-24,XLV,-0.012917906210378027,0.03186595288671801
2024-05-28,XLV,-0.022808154861549967,0.01595099184909432
2024-05-29,XLV,-0.03206864369056406,0.008765099908493834
2024-05-30,XLV,-0.033308203939313774,0.007469169183751845
2024-05-31,XLV,-0.00835002390096573,0.022921517441916173
2024-06-03,XLV,0.0020082370977598796,0.02755102821814548
2024-06-04,XLV,0.017242676162356307,0.02637903264138064
2024-06-05,XLV,0.02988125700684896,0.022585050834598164
2024-06-06,XLV,0.03276151246686343,0.029490634867260557
2024-06-07,XLV,0.018997844037127454,0.021842257796184317
2024-06-10,XLV,0.015617344338371808,0.023539249653506733
2024-06-11,XLV,0.008475093681371781,0.02028579027806532
2024-06-12,XLV,0.0017835467486260193,0.013813636176581934
2024-06-13,XLV,-0.002324634044342022,-0.0018467417904125538
2024-06-14,XLV,-0.0037560968375414117,-0.0010271861871843369
2024-06-17,XLV,-0.008437260835164717,-0.003964373078795269
2024-06-18,XLV,-0.003006162975253357,-0.0005477353234347726
2024-06-20,XLV,0.002396511843962834,0.0010255324189960557
2024-06-21,XLV,0.006030367670268877,0.0020477498878048728
2024-06-24,XLV,0.012245352997468428,0.019021012066432696
2024-06-25,XLV,0.0101183222841843,0.019280810310552843
2024-06-26,XLV,0.005225401733378154,0.028124425383933893
2024-06-27,XLV,0.0002837842680871727,0.03448411004565455
2024-06-28,XLV,-0.0033301463923414154,0.03312223012376325
2024-07-01,XLV,-0.014684871193796134,0.012511313427583826
2024-07-02,XLV,-0.015208294321209515,0.0017675010923652312
2024-07-03,XLV,-0.01923196002122829,-0.008740390894527827
2024-07-05,XLV,-0.01000875682334057,-0.005584184406817405
2024-07-08,XLV,-0.01029183248632426,-0.009946152281465004
2024-07-09,XLV,0.0001381417558841136,-0.006228335571064059
2024-07-10,XLV,0.013296726259044211,-0.000521471016349695
2024-07-11,XLV,0.028262255964910388,0.010708988543180142
2024-07-12,XLV,0.026729479980634352,0.019178281118946705
2024-07-15,XLV,0.024263485986999234,0.016438853742429815
2024-07-16,XLV,0.03387349684022589,0.03130787802304935
2024-07-17,XLV,0.02884057678563745,0.0370539610136118
2024-07-18,XLV,-0.0015609320158225248,0.012174100830711021
2024-07-19,XLV,-0.0026978291814302446,0.01399865243075138
2024-07-22,XLV,0.006565267209100556,0.016979287402873355
2024-07-23,XLV,-0.008207487094377464,0.010469871652158291
2024-07-24,XLV,-0.004450677392595748,0.02209646693643763
2024-07-25,XLV,0.013594374048985225,0.020600924321064307
2024-07-26,XLV,0.014134059797468845,0.02803882877217223
2024-07-29,XLV,0.008942869067066761,0.029502393696310802
2024-07-30,XLV,0.010428528191934072,0.03622440714253883
2024-07-31,XLV,-0.001601163946524653,0.03621904717437996
2024-08-01,XLV,0.01368024847882543,0.05484982828955953
2024-08-02,XLV,0.006001549663297245,0.04466444727359731
2024-08-05,XLV,-0.02145929927521606,0.01788590494935982
2024-08-06,XLV,-0.01777872633911859,0.017661075494172618
2024-08-07,XLV,-0.024193156081470546,-0.0021189136132645503
2024-08-08,XLV,-0.012701666372975429,0.01282670997171631
2024-08-09,XLV,-0.005833348247698211,0.01153280976236326
2024-08-12,XLV,0.017571298008788316,0.011235385908618722
2024-08-13,XLV,0.025150877003692118,0.009075237177296192
2024-08-14,XLV,0.039380896874865234,0.008104231059317568
2024-08-15,XLV,0.02325108255473718,0.03799626902754105
2024-08-16,XLV,0.01926935705222932,0.03381344873386838
2024-08-19,XLV,0.029382056775677734,0.03415803757782254
2024-08-20,XLV,0.021161288193901617,0.03895578527984789
2024-08-21,XLV,0.019240815240252118,0.03209449796114461
2024-08-22,XLV,0.013554989988848964,0.03795593681129428
2024-08-23,XLV,0.01687704661341516,0.03660966352680339
2024-08-26,XLV,0.01020794296290184,0.03545472778459069
2024-08-27,XLV,0.007706224611493395,0.03615662336460779
2024-08-28,XLV,0.007176148251601733,0.04116804181901035
2024-08-29,XLV,0.008657513173511822,0.03281291667550179
2024-08-30,XLV,0.01125751111018114,0.04202554030034067
2024-09-03,XLV,0.009847583088156586,0.06858248560942082
2024-09-04,XLV,0.006554894923921362,0.06182644290350914
2024-09-05,XLV,-0.008408719276457144,0.05800974698014372
2024-09-06,XLV,-0.013899515184700006,0.03155984687599278
2024-09-09,XLV,-0.013803924073747087,0.0336712633116647
2024-09-10,XLV,-0.007393316529609395,0.04236638664129555
2024-09-11,XLV,-0.008619066321074675,0.026848353724679752
2024-09-12,XLV,0.008803723291987753,0.026884537941707087
2024-09-13,XLV,0.014355223133275974,0.02259175337569408
2024-09-16,XLV,0.014255423531282174,0.028586484728948536
2024-09-17,XLV,-0.0007704071985777938,0.01183358813922708
2024-09-18,XLV,0.0005151262145657309,0.0060872088552821335
2024-09-19,XLV,0.0005132751952416914,0.008016552065991833
2024-09-20,XLV,-0.005635165096495309,0.0032305006266057923
2024-09-23,XLV,-0.014399387545540931,-0.003050100611980411
2024-09-24,XLV,-0.0061385858139840765,-0.004539245772003597
2024-09-25,XLV,-0.014166299695240081,-0.015750174295610875
2024-09-26,XLV,-0.014423573027483982,-0.013601192364440573
2024-09-27,XLV,-0.01087896537113342,-0.016200863235603324
2024-09-30,XLV,-0.0024610757578535924,-0.016574592294438695
2024-10-01,XLV,-0.005710879490346321,-0.019876054170021473
2024-10-02,XLV,0.0020315130916925828,-0.020173318827933606
2024-10-03,XLV,-0.010320282942388737,-0.015502746116928812
2024-10-04,XLV,-0.009018252799744775,-0.011330992675161466
2024-10-07,XLV,-0.0198024443512983,-0.022556260031293518
2024-10-08,XLV,-0.009268373469760949,-0.021727530930596983
2024-10-09,XLV,0.0028779206295561632,-0.008810325870714286
2024-10-10,XLV,0.008249777126347446,-0.016043345310092327
2024-10-11,XLV,0.014837699949034056,-0.010860733476397266
2024-10-14,XLV,0.02497182244320384,-0.012228805241851881
2024-10-15,XLV,0.0069834059517044356,-0.014136340687758597
2024-10-16,XLV,-0.0003914714216629589,-0.009708473426983333
2024-10-17,XLV,-0.0024874371911040027,-0.018994401527491322
2024-10-18,XLV,-0.004938667361218951,-0.01016789596362111
2024-10-21,XLV,-0.02203706557677687,-0.01988330368550073
2024-10-22,XLV,-0.011383817201910729,-0.019339362896117596
2024-10-23,XLV,-0.018789161190317483,-0.014352238968454056
2024-10-24,XLV,-0.01955510457091625,-0.02410213445928322
2024-10-25,XLV,-0.029647992749900376,-0.02895041621202743
2024-10-28,XLV,-0.016652285260977062,-0.03382666071838569
2024-10-29,XLV,-0.0179339636636191,-0.031394908175132574
2024-10-30,XLV,-0.015159597278091907,-0.03126226547385169
2024-10-31,XLV,-0.017000199831417206,-0.030689029716037153
2024-11-01,XLV,-0.005720378167029194,-0.02571887355392022
2024-11-04,XLV,-0.01370875800024629,-0.027820160032476227
2024-11-05,XLV,-0.003706247747461311,-0.025957004355651403
2024-11-06,XLV,-0.000540144435004275,-0.03456397203154171
2024-11-07,XLV,0.015251691794110345,-0.023957530384791315
2024-11-08,XLV,0.016515285335309438,-0.02410833052824035
2024-11-11,XLV,0.017237713047826952,-0.03515591802079454
2024-11-12,XLV,-0.004261165957146207,-0.03683374417291163
2024-11-13,XLV,-0.008173276262008144,-0.04207974899892464
2024-11-14,XLV,-0.030782568845279634,-0.05164364804135657
2024-11-15,XLV,-0.05553320985939603,-0.0737281789990577
2024-11-18,XLV,-0.049296634616347035,-0.06204981444504354
2024-11-19,XLV,-0.040823029824594737,-0.06551510372342506
2024-11-20,XLV,-0.026901875681112353,-0.04999989540777372
2024-11-21,XLV,-0.0033906053563945715,-0.03600818950840845
2024-11-22,XLV,0.016356391488270505,-0.02981363618991939
2024-11-25,XLV,0.024305845704676088,-0.022982568990149388
2024-11-26,XLV,0.035124920739529664,-0.015026924463100721
2024-11-27,XLV,0.028485304353436325,-0.007899001699235297
2024-11-29,XLV,0.02346734381826132,0.003676844671975932
2024-12-02,XLV,0.020740784065232498,-0.0039936774936127906
2024-12-03,XLV,0.009835808740385366,0.00034061500622395435
2024-12-04,XLV,0.003899682297932694,-0.007507419003800031
2024-12-05,XLV,-0.01258914002416922,-0.019859282530899747
2024-12-06,XLV,-0.021233360797885625,-0.032392243180036195
2024-12-09,XLV,-0.01664949637799018,-0.03648933471345939
2024-12-10,XLV,-0.018526018497090013,-0.03482905354781418
2024-12-11,XLV,-0.03134802522438496,-0.03450597118045007
2024-12-12,XLV,-0.028187601501297732,-0.03963779285956415
2024-12-13,XLV,-0.022802819745369907,-0.024425746831171824
2024-12-16,XLV,-0.03724939642936653,-0.017836853307183542
2024-12-17,XLV,-0.03393490494462603,-0.019233552673138754
2024-12-18,XLV,-0.03391013929843034,-0.027547552940201392
2024-12-19,XLV,-0.033543555305618034,-0.0461925461202124
2024-12-20,XLV,-0.02120733743795289,-0.04186642638706861
2024-12-23,XLV,0.0004895014086574445,-0.03316993412345326
2024-12-24,XLV,0.005321488868807567,-0.03741095572787878
2024-12-26,XLV,0.021206388264087828,-0.04062337663455784
2024-12-27,XLV,0.024208237661906606,-0.050159056943317015
2024-12-30,XLV,-0.0010043691368341046,-0.0647759700356434
2024-12-31,XLV,-0.008504579705957527,-0.06087069559285707
2015-02-02,XLE,0.0012858903375492226,-0.02099839727899877
2015-02-03,XLE,0.02934016545558471,0.04918688858978615
2015-02-04,XLE,0.053851080077047975,0.04725759874559943
2015-02-05,XLE,0.06542046747201002,0.06004256921827511
2015-02-06,XLE,0.05651889636131058,0.03702743142764664
2015-02-09,XLE,0.026200932394343734,0.046359085770405706
2015-02-10,XLE,-0.0016256518045826285,0.07686056179131961
2015-02-11,XLE,0.008008084634458568,0.07788475646508886
2015-02-12,XLE,0.006766746731417861,0.08861779394497304
2015-02-13,XLE,0.027812645864691454,0.125995511727645
2015-02-17,XLE,0.029912569166552494,0.09384516139802379
2015-02-18,XLE,0.018156984963247247,0.07952727584547747
2015-02-19,XLE,0.02055462913916073,0.05309023821489256
2015-02-20,XLE,0.002489713286591977,0.04312936237199949
2015-02-23,XLE,-0.022306765923508776,0.04630786718402424
2015-02-24,XLE,-0.022603094980571115,0.03433642521255642
2015-02-25,XLE,-0.005411186398866952,0.040664281877989206
2015-02-26,XLE,-0.019275779750049016,0.0632280317894598
2015-02-27,XLE,-0.01887295689987256,0.05500634000959237
2015-03-02,XLE,-0.021692714699906523,0.03864975556315464
2015-03-03,XLE,-0.02076335203565971,0.01155937946065655
2015-03-04,XLE,-0.027451752078929137,-0.016752422590519234
2015-03-05,XLE,-0.014992826939363546,-0.006228434253545356
2015-03-06,XLE,-0.02834708407071873,-0.03784466518977414
2015-03-09,XLE,-0.02854591515363425,-0.04497633573659654
2015-03-10,XLE,-0.045581432784505216,-0.059198814655495036
2015-03-11,XLE,-0.04144946369174285,-0.055972847906972545
2015-03-12,XLE,-0.04182645973574184,-0.05535914455434077
2015-03-13,XLE,-0.02800224507103155,-0.07107298849038901
2015-03-16,XLE,-0.00773996661913845,-0.07801113676288596
2015-03-17,XLE,0.002394511573896807,-0.08433592044157079
2015-03-18,XLE,0.028518455322918967,-0.046365774047443464
2015-03-19,XLE,0.01868897144714743,-0.057086025632366644
2015-03-20,XLE,0.03755297682710301,-0.03858266745988348
2015-03-23,XLE,0.020105288000275223,-0.03801552257447749
2015-03-24,XLE,0.017216712556735514,-0.047031149749548806
2015-03-25,XLE,0.001341521286990499,-0.03989112534938455
2015-03-26,XLE,0.01629339154765863,-0.022888166559673517
2015-03-27,XLE,-0.006630876594687751,-0.0265865164267175
2015-03-30,XLE,0.01826705914996052,0.00127753262669561
2015-03-31,XLE,0.019046313449252228,-0.008289369379219869
2015-04-01,XLE,0.005705110830698912,-0.007158355121113735
2015-04-02,XLE,0.008958128134467724,0.000870809278157747
2015-04-06,XLE,0.03560216466186783,0.0374786039060373
2015-04-07,XLE,0.014479816412508617,0.04562414562057615
2015-04-08,XLE,0.012245505795626777,0.05179704521504225
2015-04-09,XLE,0.02875179343544798,0.06555427604297925
2015-04-10,XLE,0.031137056747711167,0.07708566047351995
2015-04-13,XLE,0.0027804112501137457,0.07033500418333527
2015-04-14,XLE,0.020209795813267206,0.07507705663232578
2015-04-15,XLE,0.05310051060292453,0.10500206513246857
2015-04-16,XLE,0.034089558932175024,0.07132598897860909
2015-04-17,XLE,0.022086489258163144,0.08067794213948298
2015-04-20,XLE,0.036299224818853615,0.06904163922659023
2015-04-21,XLE,0.007180598675428085,0.06145587740632408
2015-04-22,XLE,-0.009794387110286573,0.07565991950595952
2015-04-23,XLE,-0.0007268902079027306,0.06911301474027609
2015-04-24,XLE,0.0008549152477967947,0.06426140245098155
2015-04-27,XLE,-0.004013334627957388,0.07185857936387308
2015-04-28,XLE,0.011678453599575755,0.05458782248642313
2015-04-29,XLE,0.012822218340753366,0.06909004181242828
2015-04-30,XLE,0.0027895079918827115,0.06601358837043558
2015-05-01,XLE,0.0108562427453327,0.06626355701165387
2015-05-04,XLE,0.009402955280835235,0.04474213609458033
2015-05-05,XLE,-0.008019872203721135,0.031198596559463887
2015-05-06,XLE,-0.019532015691386073,0.03552799428469644
2015-05-07,XLE,-0.027092374733679203,0.008146722446698229
2015-05-08,XLE,-0.01339488844474046,0.020214595847057426
2015-05-11,XLE,-0.02951867556734955,0.011091481796782876
2015-05-12,XLE,-0.01286112011489926,-0.0022285301276270264
2015-05-13,XLE,-0.011559676934435825,-0.0280532438179234
2015-05-14,XLE,-0.0011187992613015396,-0.026178342156154888
2015-05-15,XLE,-0.013331332037625154,-0.015138359718661842
2015-05-18,XLE,0.006482413087268268,-0.018000042768831048
2015-05-19,XLE,-0.012408670192900706,-0.021634795119409467
2015-05-20,XLE,-0.00796196183117881,-0.02625460747129904
2015-05-21,XLE,0.0017422872665622258,-0.023772054547560817
2015-05-22,XLE,-0.005826410261809967,-0.02171292022728033
2015-05-26,XLE,-0.02241776506245774,-0.03614601854130017
2015-05-27,XLE,-0.01005120121918679,-0.042648920816266145
2015-05-28,XLE,-0.01580158443425561,-0.05377404332498392
2015-05-29,XLE,-0.026090330666935113,-0.05188693342713113
2015-06-01,XLE,-0.02506215842491999,-0.05647405272572603
2015-06-02,XLE,-0.002533717680575198,-0.04754405309136234
2015-06-03,XLE,-0.007615260616786967,-0.042258433821065755
2015-06-04,XLE,-0.017201645990864267,-0.051525059845082044
2015-06-05,XLE,-0.00918506632606586,-0.034435992919021885
2015-06-08,XLE,-0.012278053263722222,-0.055405983079848786
2015-06-09,XLE,-0.0191795638492398,-0.03739697638442685
2015-06-10,XLE,-0.00025586083115569647,-0.03002856321774272
2015-06-11,XLE,0.008945970689764549,-0.03184851241035014
2015-06-12,XLE,-0.009269678517463298,-0.042315003586148814
2015-06-15,XLE,-0.005955874520306215,-0.04834503823673775
2015-06-16,XLE,0.001942599843816728,-0.0417388684015878
2015-06-17,XLE,-0.01266462908389776,-0.030279955474604825
2015-06-18,XLE,-0.008866649899645918,-0.03273141716358707
2015-06-19,XLE,-0.006962056633105229,-0.050636524662277305
2015-06-22,XLE,0.007560690875856979,-0.035530474107507204
2015-06-23,XLE,0.0029999943187741795,-0.016823469986116835
2015-06-24,XLE,-0.00079178836654481,-0.021209750778360625
2015-06-25,XLE,-0.010323950369627855,-0.027348007421006515
2015-06-26,XLE,0.0022394258662121747,-0.023020784758803314
2015-06-29,XLE,-0.028630866149109258,-0.03906086312311574
2015-06-30,XLE,-0.02503591047266185,-0.03900329522851276
2015-07-01,XLE,-0.03145793645469264,-0.0447258103259901
2015-07-02,XLE,-0.017143162624613906,-0.027290127834126765
2015-07-06,XLE,-0.03325433344395956,-0.046753949148117036
2015-07-07,XLE,-0.00562714005087428,-0.032590294332662806
2015-07-08,XLE,-0.03246412088413342,-0.05201935307594463
2015-07-09,XLE,-0.014959368291569186,-0.05877528621117967
2015-07-10,XLE,-0.01395405804843175,-0.04936770648910416
2015-07-13,XLE,0.006254317257557762,-0.031817303579587564
2015-07-14,XLE,0.004311637103135091,-0.02259789043130067
2015-07-15,XLE,0.007013475581123307,-0.04722158116498598
2015-07-16,XLE,0.00328356080985559,-0.04357191063042842
2015-07-17,XLE,-0.01428762641273007,-0.054567163590593215
2015-07-20,XLE,-0.03418458266623303,-0.058358463294761465
2015-07-21,XLE,-0.040649415367053576,-0.06936495862983327
2015-07-22,XLE,-0.03140775228278492,-0.07990648504175535
2015-07-23,XLE,-0.03354674917368927,-0.07492449982796845
2015-07-24,XLE,-0.04044719950474085,-0.08334376062182747
2015-07-27,XLE,-0.041550035711608646,-0.09950030508171437
2015-07-28,XLE,-0.014543531161114287,-0.055868372087728324
2015-07-29,XLE,0.0070491238260368405,-0.049627183165357525
2015-07-30,XLE,0.0008466876685839786,-0.044069653721109936
2015-07-31,XLE,-0.0018703118052226797,-0.06909961695379097
2015-08-03,XLE,-0.00861203286747736,-0.07654661113834393
2015-08-04,XLE,-0.03944939686197413,-0.0879817408942386
2015-08-05,XLE,-0.05949888622567012,-0.0761823803882018
2015-08-06,XLE,-0.03778394927133233,-0.06621971423365325
2015-08-07,XLE,-0.03387157927718243,-0.08790323182844728
2015-08-10,XLE,0.018403887825212628,-0.06539678358332535
2015-08-11,XLE,0.02378494926606267,-0.07029797063634968
2015-08-12,XLE,0.05031292525850062,-0.036460176563300695
2015-08-13,XLE,0.01816826943818506,-0.05236615575882786
2015-08-14,XLE,0.03446205603277441,-0.042794304519240156
2015-08-17,XLE,0.004626167546618598,-0.02784027813779233
2015-08-18,XLE,-0.0010096846451215225,-0.03188329858013883
2015-08-19,XLE,-0.0459187347102924,-0.05089546600428718
2015-08-20,XLE,-0.05310093636805424,-0.0715395710959531
2015-08-21,XLE,-0.08422241776047057,-0.08646244681810145
2015-08-24,XLE,-0.13527139185047055,-0.12290223328549976
2015-08-25,XLE,-0.14459083957480834,-0.159642337392213
2015-08-26,XLE,-0.09001778640744018,-0.14237724422532894
2015-08-27,XLE,-0.022948371634126774,-0.09361365220967077
2015-08-28,XLE,0.035432858308803494,-0.05232074443719248
2015-08-31,XLE,0.10550903177030246,-0.021937389806117813
2015-09-01,XLE,0.0822359096074583,-0.05318341749325761
2015-09-02,XLE,0.05582742752288272,-0.03721365689745626
2015-09-03,XLE,0.008866091527494069,-0.049670340235298704
2015-09-04,XLE,-0.029809890722525156,-0.04833661778979936
2015-09-08,XLE,-0.024687761094756122,-0.06332208120809779
2015-09-09,XLE,-0.008113743028590026,-0.0826839594249481
2015-09-10,XLE,-0.011440785818483401,-0.09382119568994263
2015-09-11,XLE,-0.0229723641662124,-0.08806985189690719
2015-09-14,XLE,-0.015206258591776156,-0.09402946462610973
2015-09-15,XLE,-0.019601539314281324,-0.08591113848398746
2015-09-16,XLE,0.027528684840965045,-0.05647879637274644
2015-09-17,XLE,0.020957365439929987,-0.030302807188050673
2015-09-18,XLE,0.003083904475037036,-0.033959913257128105
2015-09-21,XLE,0.01763951781009676,0.006741633174087269
2015-09-22,XLE,-0.004201312991593875,0.0526406545685294
2015-09-23,XLE,-0.044133523629350635,0.05432619852222076
2015-09-24,XLE,-0.039381646707636886,0.023656184304631456
2015-09-25,XLE,-0.01156907352447134,-0.022708861814421666
2015-09-28,XLE,-0.05641363469882654,-0.08255984845248576
2015-09-29,XLE,-0.04777795689054265,-0.09331574329319026
2015-09-30,XLE,-0.01258474563857126,-0.03804913304776347
2015-10-01,XLE,-0.014939706795233487,-0.04495466326561337
2015-10-02,XLE,0.023729221059749506,-0.008310910590206388
2015-10-05,XLE,0.09853063410099994,0.03880270659507068
2015-10-06,XLE,0.12460259021246256,0.0454697715491339
2015-10-07,XLE,0.11258146368019872,0.07900346034636518
2015-10-08,XLE,0.13160459311071593,0.09324122841989002
2015-10-09,XLE,0.07971844134341444,0.09592089173715856
2015-10-12,XLE,0.03450876356716881,0.09124424577798274
2015-10-13,XLE,0.0014870361287928624,0.0679580444655834
2015-10-14,XLE,-0.002496662385125581,0.04747397213546689
2015-10-15,XLE,-0.003602825770198992,0.06694217371135269
2015-10-16,XLE,0.004206914998106992,0.09714783864397503
2015-10-19,XLE,-0.002791996998319224,0.06933494235864357
2015-10-20,XLE,0.010543497548772374,0.08377132001629928
2015-10-21,XLE,-0.010453462295963667,0.08438183374454922
2015-10-22,XLE,-0.010413792361417262,0.09911626801007256
2015-10-23,XLE,-0.014011487488942542,0.09443678506358122
2015-10-26,XLE,-0.018715060049348087,0.11205747908895769
2015-10-27,XLE,-0.03321069928093767,0.10035104123029792
2015-10-28,XLE,0.0005951672316208967,0.09885604611228826
2015-10-29,XLE,-0.012130995713682924,0.1022501878961628
2015-10-30,XLE,-0.0033695907372167655,0.0654662957466765
2015-11-02,XLE,0.045502470039337606,0.05837634847998996
2015-11-03,XLE,0.08527158838234694,0.06186819476253147
2015-11-04,XLE,0.052193052557222064,0.0392126196812046
2015-11-05,XLE,0.03802379400082789,0.01109692285082109
2015-11-06,XLE,0.02601808133354022,0.012474773633935676
2015-11-09,XLE,-0.007325887131765296,0.015576513035387762
2015-11-10,XLE,-0.029972333356960368,0.02851209260734766
2015-11-11,XLE,-0.04197261306347555,-0.0019139656362402446
2015-11-12,XLE,-0.0557301668749145,-0.04179944774367972
2015-11-13,XLE,-0.05472768998778388,-0.046945053048305097
2015-11-16,XLE,-0.01345625794436911,0.004715817059133487
2015-11-17,XLE,-0.026421966797707364,-0.009110659091537077
2015-11-18,XLE,0.011063496880352908,0.019788678592787212
2015-11-19,XLE,0.020679486134366876,-0.011692321758955848
2015-11-20,XLE,0.013943585748142917,-0.019923723181946795
2015-11-23,XLE,-0.011734163321216129,0.011863401898622783
2015-11-24,XLE,0.02061381654477268,0.04605558961600176
2015-11-25,XLE,-0.004084985543719943,0.015018750683199134
2015-11-27,XLE,0.002218452518056191,0.0026634985010345336
2015-11-30,XLE,0.01674154810463313,-0.00014663240135226463
2015-12-01,XLE,0.01751274829598204,-0.015225749847103898
2015-12-02,XLE,-0.03458309923433989,-0.06946818089935125
2015-12-03,XLE,-0.04614675409908087,-0.07984668057213584
2015-12-04,XLE,-0.04530042413398527,-0.07782227894237581
2015-12-07,XLE,-0.0849754752990215,-0.10830971782824683
2015-12-08,XLE,-0.10151669986313883,-0.10866697670736603
2015-12-09,XLE,-0.06065620395689464,-0.09890272066378536
2015-12-10,XLE,-0.035325192207694034,-0.07346205477804402
2015-12-11,XLE,-0.06553317566545391,-0.08739593679825475
2015-12-14,XLE,-0.023457295192641725,-0.07881186111207783
2015-12-15,XLE,0.011525863205947173,-0.08609586442523198
2015-12-16,XLE,-0.00817184565096618,-0.08201128109546085
2015-12-17,XLE,-0.03868834235450791,-0.11905460859678407
2015-12-18,XLE,-0.018814095971711686,-0.12270771095460764
2015-12-21,XLE,-0.02298397732769264,-0.11236129481000456
2015-12-22,XLE,-0.035799942449202815,-0.1083508228125517
2015-12-23,XLE,0.012807304768374772,-0.08903282992084316
2015-12-24,XLE,0.028944900247068528,-0.08983773241397486
2015-12-28,XLE,0.028235992272551913,-0.09993324801271741
2015-12-29,XLE,0.034324866498077755,-0.09701065432443012
2015-12-30,XLE,0.008565591291965768,-0.11619124072786347
2015-12-31,XLE,-0.029132838234105618,-0.08388996486882405
2016-01-04,XLE,-0.020626725249975664,-0.06548664127288006
2016-01-05,XLE,0.0013237629322564448,-0.05597713692018558
2016-01-06,XLE,-0.043864159796296875,-0.05644006972966342
2016-01-07,XLE,-0.05445474397728667,-0.0698979275031667
2016-01-08,XLE,-0.07078904743377001,-0.09377218225577211
2016-01-11,XLE,-0.09038177806778003,-0.11882183211289465
2016-01-12,XLE,-0.09169044164053886,-0.08240189216360938
2016-01-13,XLE,-0.07800658634334667,-0.10914695607582581
2016-01-14,XLE,-0.014265416032547051,-0.09361311180506726
2016-01-15,XLE,-0.030329895128415107,-0.11401786769570244
2016-01-19,XLE,-0.0304466078930844,-0.11126711620451091
2016-01-20,XLE,-0.058384476981214295,-0.11940783221188567
2016-01-21,XLE,-0.005218085917161219,-0.09294783745972646
2016-01-22,XLE,-0.004109111380679709,-0.0638224542215432
2016-01-25,XLE,-0.022262982191408653,-0.14469660339879686
2016-01-26,XLE,0.03704416458295112,-0.10427152047521349
2016-01-27,XLE,0.060266344390387916,-0.09197670023592464
2016-01-28,XLE,0.059572559674347714,-0.07080684923015301
2016-01-29,XLE,0.04431227462671017,-0.030641427064774907
2016-02-01,XLE,0.07715481507949717,-0.0510605278613937
2016-02-02,XLE,0.0032641491460698724,-0.08242108086346311
2016-02-03,XLE,0.04390591195974247,-0.05336223316509836
2016-02-04,XLE,0.012552933376302589,-0.015979517842642954
2016-02-05,XLE,-0.038996204182908056,-0.014793567875281743
2016-02-08,XLE,-0.02777783411916035,-0.00713612302513289
2016-02-09,XLE,-0.01843509140642774,-0.009844739063773478
2016-02-10,XLE,-0.056020864650266455,-0.016187496429966308
2016-02-11,XLE,-0.05954232487384559,0.003726926048141843
2016-02-12,XLE,-0.011798794136258728,-0.012328267583125996
2016-02-16,XLE,0.003234612407709836,0.027231222027216173
2016-02-17,XLE,0.06168260440442075,0.0842421105980613
2016-02-18,XLE,0.052689859629074576,0.09986445737875282
2016-02-19,XLE,0.05477168029960788,0.06425611620196503
2016-02-22,XLE,0.053907337676698086,0.04520936771808315
2016-02-23,XLE,0.007880840485737117,0.058900960659612034
2016-02-24,XLE,-0.014220863232795478,0.03064390923200233
2016-02-25,XLE,-0.0008782892007027643,0.036436235213543666
2016-02-26,XLE,0.0073927741709760575,0.011845683941301699
2016-02-29,XLE,-0.028836024200718402,-0.028001767518643805
2016-03-01,XLE,0.031810740972436635,0.014325303604554973
2016-03-02,XLE,0.04644585261045231,0.07500407071460757
2016-03-03,XLE,0.06134674227443915,0.05375226753337947
2016-03-04,XLE,0.06517590330747258,0.06443189770444802
2016-03-07,XLE,0.1026863514337899,0.11530171809951617
2016-03-08,XLE,0.02945256038950661,0.07403412255831565
2016-03-09,XLE,0.021183446239688042,0.11839405834808892
2016-03-10,XLE,0.006790022034451226,0.12386728574856698
2016-03-11,XLE,0.02296599304870517,0.15781673334941404
2016-03-14,XLE,-0.007052211767884731,0.12065879663689905
2016-03-15,XLE,0.034465491046979047,0.10746900301519213
2016-03-16,XLE,0.035561689924289874,0.09087785394575243
2016-03-17,XLE,0.04885693509350819,0.11977519874415354
2016-03-18,XLE,0.025389463763972886,0.12556404530019472
2016-03-21,XLE,0.028599320252060245,0.09374784219295074
2016-03-22,XLE,0.024894317330230287,0.12616357233522435
2016-03-23,XLE,-0.014636268083878301,0.0904181607593515
2016-03-24,XLE,-0.023188274113144725,0.09477107009868235
2016-03-28,XLE,-0.03118606037398619,0.08245975649970272
2016-03-29,XLE,-0.023233628244092697,0.10005739304261718
2016-03-30,XLE,-0.015893087645072135,0.07409751805153864
2016-03-31,XLE,0.005687575589186977,0.04794719548735027
2016-04-01,XLE,-0.012613285202122682,0.018481865826449617
2016-04-04,XLE,-0.014631713202453822,0.0013571584537726
2016-04-05,XLE,-0.025890154772381546,-0.028212568800817905
2016-04-06,XLE,-0.006782907311871367,0.03629060258885741
2016-04-07,XLE,-0.01211862931695784,0.013772320432331453
2016-04-08,XLE,0.021454212734633993,0.03331635164602198
2016-04-11,XLE,0.02474845717388585,0.0031019703278380995
2016-04-12,XLE,0.062458686279210696,0.03981700722936132
2016-04-13,XLE,0.044878181086479785,0.04672166377842335
2016-04-14,XLE,0.05348385118269938,0.031317379488570385
2016-04-15,XLE,0.018759063432103318,0.003664430686276976
2016-04-18,XLE,0.03992900792048881,0.0173254882266205
2016-04-19,XLE,0.030018690039128382,0.04125185636359885
2016-04-20,XLE,0.03439147056082548,0.0564210794767972
2016-04-21,XLE,0.025927950968644975,0.07377336070567675
2016-04-22,XLE,0.05508353768391672,0.08408794664556507
2016-04-25,XLE,0.02631990611557855,0.0777109585858966
2016-04-26,XLE,0.022312906148522993,0.08980534352141767
2016-04-27,XLE,0.032495786831675755,0.10836566635818334
2016-04-28,XLE,0.02315355608448666,0.09242180086709584
2016-04-29,XLE,0.0068614676836453725,0.10546998931532459
2016-05-02,XLE,0.017197279938384824,0.11252276973127073
2016-05-03,XLE,-0.022419917831175695,0.09368774218553133
2016-05-04,XLE,-0.054495464282240946,0.05512155649596839
2016-05-05,XLE,-0.03239159770364719,0.07000348902202469
2016-05-06,XLE,-0.03303691096364847,0.04649690840624432
2016-05-09,XLE,-0.046121969253388184,0.0355819726518094
2016-05-10,XLE,-0.005923579910025345,0.023295502675541258
2016-05-11,XLE,0.011712564906219969,0.021630803985588143
2016-05-12,XLE,0.00626724485717034,0.02204648099444384
2016-05-13,XLE,-0.00428987847772766,0.022820410874616837
2016-05-16,XLE,0.027518541525453744,0.02322338358177345
2016-05-17,XLE,0.014514950957814854,0.007892960343071076
2016-05-18,XLE,0.0016757640982094646,-0.010681308447277882
2016-05-19,XLE,-0.000911108120586035,-0.004691035874505145
2016-05-20,XLE,0.01800307533543033,-0.013126177599273037
2016-05-23,XLE,-0.001512947043452173,-0.004525494730356683
2016-05-24,XLE,-0.0012047588277511734,-0.01529298285566405
2016-05-25,XLE,0.024482529977127854,-0.01835946547951528
2016-05-26,XLE,0.020069581138163928,-0.007691082046420994
2016-05-27,XLE,0.014661046658312582,-0.005481431461997421
2016-05-31,XLE,0.013335208312680091,-0.00830508981652045
2016-06-01,XLE,0.008594792977636878,0.015947837129522302
2016-06-02,XLE,-0.008460582289901986,0.029434812028886315
2016-06-03,XLE,-0.00819794942586094,0.017120166891583466
2016-06-06,XLE,0.013108923748061496,0.041979417873230895
2016-06-07,XLE,0.04007786796578783,0.08131217473248253
2016-06-08,XLE,0.03737483049570267,0.060198888169304965
2016-06-09,XLE,0.03083813104704336,0.048895402188651405
2016-06-10,XLE,0.012473538125152617,0.02339339706654009
2016-06-13,XLE,-0.012351226444292984,0.03354347002062341
2016-06-14,XLE,-0.034795209710457575,0.015736114406983193
2016-06-15,XLE,-0.034875683035598626,0.008584177911603152
2016-06-16,XLE,-0.032093803371371465,0.013533915645516759
2016-06-17,XLE,-0.0005870758276618204,0.023725311985933306
2016-06-20,XLE,0.011080479070320504,0.02651519639479405
2016-06-21,XLE,0.02367869489290575,0.041362946943470646
2016-06-22,XLE,0.020412703666800702,0.030413507627885306
2016-06-23,XLE,0.042226743142770085,0.03108849693273852
2016-06-24,XLE,-0.0016443841443668505,0.0019335280779102515
2016-06-27,XLE,-0.04194463028395379,-0.030751797124686342
2016-06-28,XLE,-0.026805439762199068,0.00011205264060665243
2016-06-29,XLE,-0.0027984479026400555,0.018773799213332998
2016-06-30,XLE,-0.011158153356984002,0.02828332908237674
2016-07-01,XLE,0.027253813290748496,0.037747438398695765
2016-07-05,XLE,0.03991358037049464,-0.005107599693410125
2016-07-06,XLE,0.016104900547186496,-0.022939734529709543
2016-07-07,XLE,-0.01299894544852942,-0.03069673119745786
2016-07-08,XLE,-0.007766582791678633,-0.010225707854424448
2016-07-11,XLE,-0.011078852360876468,0.013607120677106677
2016-07-12,XLE,0.03421584878504169,0.04180100839747736
2016-07-13,XLE,0.020885668229168264,0.033425063830843094
2016-07-14,XLE,0.036665884275121075,0.04115460839747587
2016-07-15,XLE,0.022448955084330535,0.04554934589582338
2016-07-18,XLE,0.0212263615442434,0.03573036414518338
2016-07-19,XLE,-0.009062031438258678,0.021046490637635085
2016-07-20,XLE,-0.0018864093284748362,0.007616556148082099
2016-07-21,XLE,-0.016745753733751645,0.003240831918112086
2016-07-22,XLE,-0.013145235543789213,-0.009999157803202263
2016-07-25,XLE,-0.03348732998957593,0.002695335972934476
2016-07-26,XLE,-0.022354520938038025,0.04192462882372272
2016-07-27,XLE,-0.03052727252900911,0.003763081757374609
2016-07-28,XLE,-0.02070218356353648,-0.014771332845472163
2016-07-29,XLE,-0.013758341814522068,-0.012602393873330286
2016-08-01,XLE,-0.02688176180852042,-0.05014602412711899
2016-08-02,XLE,-0.023756513716181038,-0.02186859438314792
2016-08-03,XLE,0.004947859269096355,-0.007258443806136716
2016-08-04,XLE,0.003298566308797657,0.0014969129811783777
2016-08-05,XLE,0.0022261971290928884,-0.0026583153921991842
2016-08-08,XLE,0.050184402552952534,0.008697035699981814
2016-08-09,XLE,0.035285206891989995,-0.02085722644725141
2016-08-10,XLE,0.004625829579079532,-0.023070025873842437
2016-08-11,XLE,0.02092015302370176,-0.013714643104661417
2016-08-12,XLE,0.017325699199243427,-0.00765576453594452
2016-08-15,XLE,0.011983073878858663,-0.00043284697764200963
2016-08-16,XLE,0.018950926469829987,0.0068222915162721165
2016-08-17,XLE,0.03326849753040828,0.011338765439127929
2016-08-18,XLE,0.039227387242654954,0.042431048138577454
2016-08-19,XLE,0.02489040377486429,0.03059145154843468
2016-08-22,XLE,0.005054025115665439,0.0394266124909588
2016-08-23,XLE,0.010524783716710173,0.040682844820029596
2016-08-24,XLE,0.003449988419377492,0.04678331190943874
2016-08-25,XLE,-0.019436113580552417,0.043778738940320805
2016-08-26,XLE,-0.014628461904362622,0.029682203476253166
2016-08-29,XLE,0.0035922289120990936,0.0719771039941115
2016-08-30,XLE,-0.006848213284202154,0.05870721931455791
2016-08-31,XLE,-0.01862171105461652,0.02223255272708391
2016-09-01,XLE,-0.018816704179992927,0.020771181751198853
2016-09-02,XLE,-0.004323881949687025,0.022952684852511673
2016-09-06,XLE,0.003864979597511642,0.02469649236271909
2016-09-07,XLE,0.013072740604810784,0.035992224199717926
2016-09-08,XLE,0.04860589602820675,0.06698339853624913
2016-09-09,XLE,0.02034809983866981,0.020199212039385017
2016-09-12,XLE,0.018963469690949974,0.024599514105898557
2016-09-13,XLE,-0.024814589398577946,-0.012563455417837655
2016-09-14,XLE,-0.04183203396951196,-0.025807292090198164
2016-09-15,XLE,-0.04774510522842268,-0.016673627111858602
2016-09-16,XLE,-0.026432123401392227,-0.04425807790914049
2016-09-19,XLE,-0.03654712717097386,-0.03682057932372029
2016-09-20,XLE,-0.015436214409433546,-0.03269452380691851
2016-09-21,XLE,0.019444369823185426,-0.017208397849779455
2016-09-22,XLE,0.008103186834416132,-0.012113745929343334
2016-09-23,XLE,0.0028171640689014232,-0.022568119051719737
2016-09-26,XLE,-0.0010382025788560068,-0.023536394021108742
2016-09-27,XLE,-0.00044797121008877117,-0.03658864294268027
2016-09-28,XLE,0.019132268492668247,0.00850106534774464
2016-09-29,XLE,0.01619259709343468,0.022931431706896044
2016-09-30,XLE,0.043908951186705014,0.039917713687153356
2016-10-03,XLE,0.04781684099313255,0.027598224375472213
2016-10-04,XLE,0.04410218184958792,0.0020270856799131654
2016-10-05,XLE,0.016194046005779228,0.0116082852895949
2016-10-06,XLE,0.019523390172514477,-0.005439007049236277
2016-10-07,XLE,0.0,0.019179350509475945
2016-10-10,XLE,0.016439806362564147,0.025053175379793124
2016-10-11,XLE,0.01517756189202668,0.04312000849454045
2016-10-12,XLE,-0.004371963312366667,0.05115763278165675
2016-10-13,XLE,-0.01140545426189643,0.03251511589325817
2016-10-14,XLE,-0.01147143904927439,0.03484094014043215
2016-10-17,XLE,-0.031511365123464086,0.030410909030116562
2016-10-18,XLE,-0.016361211677104692,0.04213999767976939
2016-10-19,XLE,0.0018414209342658694,0.03300708466762603
2016-10-20,XLE,0.006267121841237344,0.030634589292432235
2016-10-21,XLE,0.005587169358064248,0.03769940226128421
2016-10-24,XLE,0.007486324455684423,0.03920380348652941
2016-10-25,XLE,-0.0011469111299347023,0.04141127798788058
2016-10-26,XLE,-0.012865610582376896,0.0005735754944273808
2016-10-27,XLE,-0.015428112685337947,-0.0014355097509914927
2016-10-28,XLE,-0.011682396644884019,-0.017561268077983416
2016-10-31,XLE,-0.01943403377611208,-0.027494270178478053
2016-11-01,XLE,-0.014786101775181915,-0.017325236286561574
2016-11-02,XLE,-0.0279289832778592,-0.042871214745688
2016-11-03,XLE,-0.02041421326342907,-0.0405520940306634
2016-11-04,XLE,-0.02306474959685445,-0.04022097142401593
2016-11-07,XLE,0.008889414577820443,-0.03471830767395723
2016-11-08,XLE,0.010053995337327981,-0.022284762326641783
2016-11-09,XLE,0.03801367720514448,-0.002124555224408131
2016-11-10,XLE,0.038303426527052986,0.007691224513470818
2016-11-11,XLE,0.024937357198137722,-0.004871057952265501
2016-11-14,XLE,0.008955786620236328,0.005614845769555954
2016-11-15,XLE,0.03606441941673477,0.029825157466662366
2016-11-16,XLE,0.012349269712235378,0.008341696273930665
2016-11-17,XLE,0.0012722075189766091,0.002689241222464389
2016-11-18,XLE,0.02404258898455458,0.013392423094017447
2016-11-21,XLE,0.042519210631538185,0.04058265582655829
2016-11-22,XLE,0.013366955251539858,0.04478906446990405
2016-11-23,XLE,0.024677606897085536,0.046691481270435986
2016-11-25,XLE,0.026538914442476136,0.045428514128092345
2016-11-28,XLE,0.008154113489115211,0.03373220961828882
2016-11-29,XLE,-0.027327396874499477,0.03220617018535865
2016-11-30,XLE,0.02267118426686432,0.08451136529408587
2016-12-01,XLE,0.020935871485801227,0.09930741810507993
2016-12-02,XLE,0.029015259597241272,0.09818038238356963
2016-12-05,XLE,0.05271214905336774,0.11391461766159572
2016-12-06,XLE,0.06381471083543544,0.08840086196938679
2016-12-07,XLE,0.020421548740598094,0.0956431756211018
2016-12-08,XLE,0.02345538909584466,0.0838894766415772
2016-12-09,XLE,0.02365340688209061,0.08268552436365084
2016-12-12,XLE,0.019472669884755156,0.10797552778788178
2016-12-13,XLE,0.03291303069609697,0.11424449699121775
2016-12-14,XLE,0.004213287901586815,0.06196044873040507
2016-12-15,XLE,0.0010477034528149076,0.0717892567820464
2016-12-16,XLE,0.004105609282924139,0.08574930966748351
2016-12-19,XLE,-0.005162918515522974,0.07637626821138421
2016-12-20,XLE,-0.018479441362786453,0.04904913980697434
2016-12-21,XLE,0.0031782373316209256,0.05128315616806889
2016-12-22,XLE,0.005023877023389245,0.051231906457867904
2016-12-23,XLE,-0.002090883385835407,0.055468155401752206
2016-12-27,XLE,0.004726942763439768,0.07271717959897073
2016-12-28,XLE,-0.0039476711541648335,0.07426469648763834
2016-12-29,XLE,-0.0074892968599361565,0.020278854611199826
2016-12-30,XLE,-0.014394478044401748,0.014853137007435846
2017-01-03,XLE,-0.002357997361843056,0.023288386109982184
2017-01-04,XLE,-0.006664793713328732,0.012211877522637415
2017-01-05,XLE,0.0017174573253744274,0.011557453849196264
2017-01-06,XLE,0.004633376122676891,0.0044928897862728245
2017-01-09,XLE,-0.0070367031447284845,-0.01538266593420845
2017-01-10,XLE,-0.027044516862461454,-0.02739145944995658
2017-01-11,XLE,-0.01447167589774423,-0.021490713032993103
2017-01-12,XLE,-0.01609103046993776,-0.036433443610949245
2017-01-13,XLE,-0.019897453925066477,-0.019624565164909957
2017-01-17,XLE,0.0006686785313387844,-0.015755469853982795
2017-01-18,XLE,0.007555960357335856,-0.024049339963874483
2017-01-19,XLE,-0.00867737997225726,-0.02494749328184609
2017-01-20,XLE,-0.0008038053210985829,-0.019081130811385627
2017-01-23,XLE,-0.008469979421829033,-0.0310080114357264
2017-01-24,XLE,-0.0037410535214025264,-0.024339181289149248
2017-01-25,XLE,0.00374987545909522,-0.018337103894559115
2017-01-26,XLE,0.010099322752284534,-0.019733785604456933
2017-01-27,XLE,-0.004158828937938841,-0.019289080382388635
2017-01-30,XLE,-0.011932104760113416,-0.03534554174989002
2017-01-31,XLE,-0.022264226535342324,-0.03212952446872552
2017-02-01,XLE,-0.0345559523709702,-0.05001934830623156
2017-02-02,XLE,-0.029862419803130758,-0.04262620798725014
2017-02-03,XLE,-0.011181526706517952,-0.0319175659893246
2017-02-06,XLE,-0.0012350702453971518,-0.04098045602460054
2017-02-07,XLE,-0.015775228296139532,-0.04064722146772248
2017-02-08,XLE,-0.006080539449135003,-0.02955040263465447
2017-02-09,XLE,-0.0005496831483173814,-0.029101938146467998
2017-02-10,XLE,-0.0016349723012736295,-0.017694038801840506
2017-02-13,XLE,0.00879325397773112,-0.012906914414630433
2017-02-14,XLE,0.026620449736800333,-0.01576695455426802
2017-02-15,XLE,0.020160858297186834,-0.017409719028136594
2017-02-16,XLE,-0.004949557808571425,-0.025450921574732832
2017-02-17,XLE,-0.017876698474488584,-0.034478334827771295
2017-02-21,XLE,-0.01307537265201486,-0.017491699261858007
2017-02-22,XLE,-0.031224389998688706,-0.042918538041333054
2017-02-23,XLE,-0.023306500408871722,-0.04389573174522565
2017-02-24,XLE,-0.01906899845903054,-0.05359266953496822
2017-02-27,XLE,-0.0051411467088896545,-0.03543074482797759
2017-02-28,XLE,-0.014904864032984855,-0.02044773161121738
2017-03-01,XLE,0.020319311053479616,-0.001234562148274776
2017-03-02,XLE,0.00641931305575838,-0.00331686416239807
2017-03-03,XLE,0.014086807567973425,-0.010718471275534935
2017-03-06,XLE,0.007681748735925531,-0.017030061552896658
2017-03-07,XLE,0.0018217944294398603,-0.017449670068217404
2017-03-08,XLE,-0.0434005675305702,-0.02926803054849947
2017-03-09,XLE,-0.027870426675848603,-0.02516733997321674
2017-03-10,XLE,-0.027503842676453227,-0.03739838892013991
2017-03-13,XLE,-0.029522212127199743,-0.044487271746183166
2017-03-14,XLE,-0.031883678621551725,-0.05706842583253835
2017-03-15,XLE,0.01608017235857262,-0.039234502792993786
2017-03-16,XLE,0.002282638373342749,-0.04225118762641478
2017-03-17,XLE,0.0029810643941285964,-0.029726386189934395
2017-03-20,XLE,0.0014011321289915113,-0.025731772832620625
2017-03-21,XLE,0.005707489856772607,-0.039122826318648496
2017-03-22,XLE,-0.017598307659334345,-0.02572108478514812
2017-03-23,XLE,-0.014616996359367529,-0.033730231782015174
2017-03-24,XLE,-0.017765414065390117,-0.028436964672481135
2017-03-27,XLE,-0.020946717945943605,-0.04121021564644389
2017-03-28,XLE,0.0,-0.02458438926499229
2017-03-29,XLE,0.015193443390314698,-0.03061565527136867
2017-03-30,XLE,0.019032306834510182,-0.021620413918797987
2017-03-31,XLE,0.019545206077239197,-0.02320745356543119
2017-04-03,XLE,0.022567318451972573,-0.02704688263388111
2017-04-04,XLE,0.015604754368522933,-0.011164722851792042
2017-04-05,XLE,-0.0012831487102454853,0.012064661127529686
2017-04-06,XLE,0.006986073269156456,0.013460185338994624
2017-04-07,XLE,0.006580589984984675,0.011027560652796753
2017-04-10,XLE,0.015907250171510068,0.018498453401764037
2017-04-11,XLE,0.008678546058291214,0.03026558649980604
2017-04-12,XLE,0.007563886658003449,0.003582031472819436
2017-04-13,XLE,-0.018689106694597224,-0.007745438533659388
2017-04-17,XLE,-0.012791337399220004,-0.0048713765025103495
2017-04-18,XLE,-0.029341496826550517,-0.01276905672992057
2017-04-19,XLE,-0.043723640511004636,-0.020372589146036124
2017-04-20,XLE,-0.03498577251893975,-0.014180302857437432
2017-04-21,XLE,-0.0219302626174831,-0.01510970377572518
2017-04-24,XLE,-0.01828383931456512,-0.0053966072487958705
2017-04-25,XLE,-0.000581286358001698,0.007766479593991127
2017-04-26,XLE,0.010914696889052333,-0.009680252892357966
2017-04-27,XLE,-0.004990372152846145,-0.03378011711499462
2017-04-28,XLE,0.0007374783719087397,-0.03279157598238325
2017-05-01,XLE,-0.00791875519759866,-0.03218869934978319
2017-05-02,XLE,-0.021229660637233527,-0.03539657347560865
2017-05-03,XLE,-0.015173959326556519,-0.039692684236047104
2017-05-04,XLE,-0.022569428445544548,-0.054373768545164625
2017-05-05,XLE,-0.007812107235600663,-0.0470052033842675
2017-05-08,XLE,0.002069178893210566,-0.03652634968790747
2017-05-09,XLE,-0.0011888979888067253,-0.051629357613162674
2017-05-10,XLE,0.009185004965160504,-0.039210512591472124
2017-05-11,XLE,0.02595800241360746,-0.03711038843275294
2017-05-12,XLE,0.0065365559584324995,-0.022507436760536237
2017-05-15,XLE,0.007228251092000093,-0.016988083126745934
2017-05-16,XLE,0.010560628368814662,-0.01264344858294375
2017-05-17,XLE,-0.012477640159055059,-0.00781704734073796
2017-05-18,XLE,-0.010738515180822583,-0.012916514876283647
2017-05-19,XLE,0.004870663219469051,0.004277673433817464
2017-05-22,XLE,-0.005125961040421179,-0.00381283791613396
2017-05-23,XLE,0.002207882221540558,-0.009887942975106867
2017-05-24,XLE,0.00683778274457536,-0.011818418303148115
2017-05-25,XLE,-0.011152174937311465,-0.019029233383635935
2017-05-26,XLE,-0.02159180941723904,-0.01813060613496853
2017-05-30,XLE,-0.03253345595164858,-0.028529411299803242
2017-05-31,XLE,-0.03891885887078306,-0.02778211870334113
2017-06-01,XLE,-0.027757015597325463,-0.02444434809652174
2017-06-02,XLE,-0.021203227179670714,-0.01765808381850109
2017-06-05,XLE,-0.021018068113417998,-0.03119922841615863
2017-06-06,XLE,0.003956395045874084,-0.026699822060408107
2017-06-07,XLE,-0.005959469005755835,-0.032425673863405446
2017-06-08,XLE,-0.01503402235565554,-0.04785631802293033
2017-06-09,XLE,0.02043326815303126,-0.02294794756259244
2017-06-12,XLE,0.0257628631778668,-0.01269372937726898
2017-06-13,XLE,0.02136956234133902,-0.013034855117355804
2017-06-14,XLE,0.017217222811892308,-0.026052231536623283
2017-06-15,XLE,0.012488273885588486,-0.02378482527595216
2017-06-16,XLE,0.005065044591559209,-0.007339434799917499
2017-06-19,XLE,-0.008319097121256225,-0.025652942506934173
2017-06-20,XLE,-0.028227104624736432,-0.03595235284248721
2017-06-21,XLE,-0.026288028334509717,-0.05374461850416279
2017-06-22,XLE,-0.019487656075222626,-0.04930958536898489
2017-06-23,XLE,-0.028959278078083073,-0.025215197500992326
2017-06-26,XLE,-0.024893881121402672,-0.028941308119109443
2017-06-27,XLE,-0.01383787994377117,-0.017322844490467282
2017-06-28,XLE,0.007813645105797518,-0.007733016063750653
2017-06-29,XLE,0.010633403204713732,-0.011770200920567242
2017-06-30,XLE,0.008387777338849434,0.004254517046817785
2017-07-03,XLE,0.030043758308932134,0.021707257248367418
2017-07-05,XLE,0.01075798345500778,-0.010665418347443612
2017-07-06,XLE,-0.005892197964399992,-0.0076658650460293964
2017-07-07,XLE,-0.00959310554240933,-0.006311254874510341
2017-07-10,XLE,-0.010782414486644298,-0.026466247624383432
2017-07-11,XLE,-0.024180126139183522,-0.028038270168976753
2017-07-12,XLE,-0.001234215470483524,-0.03256023476821446
2017-07-13,XLE,0.014038268654800845,-0.010767055876062193
2017-07-14,XLE,0.02171518309373832,0.0027443323050300172
2017-07-17,XLE,0.01712867951273389,-0.014781077758712291
2017-07-18,XLE,0.00681426433507637,-0.013205829475043451
2017-07-19,XLE,0.018687178148479866,0.014144857469011507
2017-07-20,XLE,0.011536918534817753,0.027660820787377638
2017-07-21,XLE,-0.004434279959187881,0.018139026391173818
2017-07-24,XLE,-0.005052231176051136,0.00947503679040107
2017-07-25,XLE,0.012305576415168717,0.02443951715245496
2017-07-26,XLE,-0.0012127327875371963,0.02712824813357506
2017-07-27,XLE,0.012013163965455043,0.03194304202856224
2017-07-28,XLE,0.020888005727064174,0.028469786283957133
2017-07-31,XLE,0.025081011290622124,0.02618626964775239
2017-08-01,XLE,0.01215658449314172,0.006649663508611514
2017-08-02,XLE,0.007285910518219918,0.023599941406019287
2017-08-03,XLE,-0.01682933153101962,0.02058964669186003
2017-08-04,XLE,-0.012486938551107163,0.025464738729611636
2017-08-07,XLE,-0.022215841959971838,0.0143255562314486
2017-08-08,XLE,-0.024320895856166813,0.006504446351194293
2017-08-09,XLE,-0.019740597012310457,0.004633401547252669
2017-08-10,XLE,-0.016353426044037667,-0.0099983990593141
2017-08-11,XLE,-0.025899032586293558,-0.022324214640243256
2017-08-14,XLE,-0.02133848890990997,-0.0240355998276246
2017-08-15,XLE,-0.02277269371862234,-0.02307340717149209
2017-08-16,XLE,-0.03305146496508793,-0.046391456856380686
2017-08-17,XLE,-0.036513665441126,-0.05702600051475393
2017-08-18,XLE,-0.02533614366210457,-0.04285047985796686
2017-08-21,XLE,-0.027450800908108808,-0.046006810134579745
2017-08-22,XLE,-0.017320256289591995,-0.05166384910747468
2017-08-23,XLE,-0.003497680165407524,-0.04857304788351913
2017-08-24,XLE,0.011450032819713574,-0.05755071506160203
2017-08-25,XLE,0.010911434287300459,-0.052204170480898426
2017-08-28,XLE,0.011612708726291165,-0.058541106237910756
2017-08-29,XLE,0.00368545802451381,-0.059600837901560566
2017-08-30,XLE,-0.00015971373876133566,-0.05560577565172509
2017-08-31,XLE,0.003985930625593159,-0.037597588341646615
2017-09-01,XLE,0.009206320505230181,-0.031383402366594315
2017-09-05,XLE,0.019292007605760997,-0.0185752980242353
2017-09-06,XLE,0.03719664788467214,-0.0003077298063495215
2017-09-07,XLE,0.038614890338245944,0.0006146340122119565
2017-09-08,XLE,0.022709386567751677,0.0006215709164909544
2017-09-11,XLE,0.022491420967670095,0.01673460392573589
2017-09-12,XLE,0.023150541602699137,0.02603934454344281
2017-09-13,XLE,0.019393547815396373,0.042827849248519456
2017-09-14,XLE,0.022430623067996702,0.058028433402739
2017-09-15,XLE,0.03582345089380912,0.07574674538590531
2017-09-18,XLE,0.030468171115281217,0.07494767658005075
2017-09-19,XLE,0.028348623586657684,0.08490773391435646
2017-09-20,XLE,0.022500773487824866,0.08508625449543028
2017-09-21,XLE,0.017888445636244032,0.08073498282876668
2017-09-22,XLE,0.02065630815185049,0.08553825302772444
2017-09-25,XLE,0.03100410203498072,0.09631311550882393
2017-09-26,XLE,0.026359385366489185,0.10072286098668126
2017-09-27,XLE,0.02378813450762718,0.1068192962128307
2017-09-28,XLE,0.02437916489261638,0.10725924369395634
2017-09-29,XLE,0.0190476972347442,0.10182346511453266
2017-10-02,XLE,0.004254078707011333,0.09093343493781791
2017-10-03,XLE,0.003668719480638849,0.08385143427600039
2017-10-04,XLE,-0.0013155707366373504,0.06572191434511354
2017-10-05,XLE,0.0023363592024401303,0.06858298426282317
2017-10-06,XLE,-0.005987445546156156,0.07090672237916995
2017-10-09,XLE,-0.003651732612748426,0.06304034972385919
2017-10-10,XLE,-0.0017546097124758742,0.05746872432646577
2017-10-11,XLE,0.0013173037428928502,0.04682415942170626
2017-10-12,XLE,-0.006846480365038432,0.03798431688022119
2017-10-13,XLE,0.001028570363379222,0.03493334155615013
2017-10-16,XLE,0.0011731770240417383,0.0328193670318806
2017-10-17,XLE,0.000879291343380384,0.029221533578949188
2017-10-18,XLE,-0.008476071172715427,0.015110433413759061
2017-10-19,XLE,-0.007920184004029607,0.011666155080054974
2017-10-20,XLE,-0.005430171183699484,0.008481962171583257
2017-10-23,XLE,-0.012740451729985725,-0.011002206753760624
2017-10-24,XLE,-0.011415578018345363,-0.008658770630424195
2017-10-25,XLE,-0.011348602325450319,-0.019728481937144493
2017-10-26,XLE,-0.006209430837652907,-0.01854282231063953
2017-10-27,XLE,-0.0063448649543674795,-0.016647323739692688
2017-10-30,XLE,0.004004938521333878,-0.011247562086707075
2017-10-31,XLE,0.0053292857125355475,-0.007018600185907498
2017-11-01,XLE,0.02385213958180077,0.004975207113278701
2017-11-02,XLE,0.01874468634640003,-0.0024762890541498717
2017-11-03,XLE,0.019898795412089276,0.00896131089027552
2017-11-06,XLE,0.03781939190381434,0.02990740030037542
2017-11-07,XLE,0.033132341951323196,0.02768438410574836
2017-11-08,XLE,0.016598771280130986,0.02031249924417966
2017-11-09,XLE,0.022634205352117798,0.027134121055069738
2017-11-10,XLE,0.014269116352134015,0.022306782771130518
2017-11-13,XLE,-0.014092285046044206,0.014203811035509606
2017-11-14,XLE,-0.028791353527569674,-0.0027808864458046534
2017-11-15,XLE,-0.035089899857716156,-0.007074053183421469
2017-11-16,XLE,-0.04183929741857417,-0.00798349567523271
2017-11-17,XLE,-0.032012583502676994,-0.00501697030154491
2017-11-20,XLE,-0.028732164915803438,-0.0022243475844434535
2017-11-21,XLE,-0.010566929011456061,-0.001924824999203656
2017-11-22,XLE,0.004749498141358277,0.009093649290424777
2017-11-24,XLE,0.011624511147313,0.009818610055322363
2017-11-27,XLE,-0.003559180061522671,-0.002227562692494911
2017-11-28,XLE,0.0065406271663730475,0.0002956085383352125
2017-11-29,XLE,0.009789731521909317,0.0025034357657425232
2017-11-30,XLE,0.0208304179311396,0.006115484758922207
2017-12-01,XLE,0.026517372698592556,0.01752319338592745
2017-12-04,XLE,0.03661251980462077,0.01412356312375218
2017-12-05,XLE,0.024220840932527077,-0.012811268173720136
2017-12-06,XLE,0.005434714345252001,-0.024373050150090503
2017-12-07,XLE,-0.006512158781514343,-0.0167571226640848
2017-12-08,XLE,-0.005740314693580939,-0.010709513965917128
2017-12-11,XLE,0.0018667109601604448,0.0017229375455531937
2017-12-12,XLE,0.0034607215305675343,0.0047645455046554375
2017-12-13,XLE,0.015193717602407952,0.01981212153401435
2017-12-14,XLE,0.008594042569606053,0.027756791367163247
2017-12-15,XLE,-0.0014782028977012862,0.030962876383475946
2017-12-18,XLE,-0.0009873149634350709,0.03382947385955615
2017-12-19,XLE,0.003187092947417147,0.03778462241990166
2017-12-20,XLE,0.0188270306502627,0.050108578405981596
2017-12-21,XLE,0.04416854354159949,0.06807847522393762
2017-12-22,XLE,0.047292928853098326,0.06731313688902518
2017-12-26,XLE,0.048375437778441555,0.08771279293103129
2017-12-27,XLE,0.04340327977933023,0.07579152744770079
2017-12-28,XLE,0.030427984928257823,0.07157087522757766
2017-12-29,XLE,0.006126639186362359,0.05269414761585178
2018-01-02,XLE,0.020564150709347917,0.061123322468998875
2018-01-03,XLE,0.026859506003822142,0.07747899999675245
2018-01-04,XLE,0.036484131141894194,0.08867228829402163
2018-01-05,XLE,0.03449713218999051,0.10254498034030601
2018-01-08,XLE,0.04373050369391729,0.10593099114244886
2018-01-09,XLE,0.02423430263032711,0.09311372295947007
2018-01-10,XLE,0.00791425917820443,0.08398296518007031
2018-01-11,XLE,0.02239989243819296,0.10921972985102357
2018-01-12,XLE,0.03267964348283647,0.12153546409901206
2018-01-16,XLE,0.01352469901251907,0.11133749320050312
2018-01-17,XLE,0.024989945087538823,0.12208925045216001
2018-01-18,XLE,0.01783358982400607,0.104404668011717
2018-01-19,XLE,-0.003912390637850205,0.10136986084862709
2018-01-22,XLE,0.007879037781226783,0.10948379890566695
2018-01-23,XLE,0.019230696156678384,0.08479545171688052
2018-01-24,XLE,0.007651227302942765,0.07961638927493953
2018-01-25,XLE,0.007975587040568666,0.06184569330278
2018-01-26,XLE,0.014794474548251557,0.07117168489209513
2018-01-29,XLE,-0.021658263116456467,0.053401424206365844
2018-01-30,XLE,-0.039917806081919416,0.035150801770774676
2018-01-31,XLE,-0.036679488341468724,0.019060498831359407
2018-02-01,XLE,-0.019068621986744083,0.014352745510893827
2018-02-02,XLE,-0.06515309531469293,-0.033866989449516605
2018-02-05,XLE,-0.09064715798139777,-0.07402973958889969
2018-02-06,XLE,-0.0645723462962664,-0.07226177418118362
2018-02-07,XLE,-0.08082821659156902,-0.08547130895109034
2018-02-08,XLE,-0.11769355650989333,-0.11205744418592778
2018-02-09,XLE,-0.07990610875471194,-0.13054266954389604
2018-02-12,XLE,-0.023912181085065654,-0.12477378868775313
2018-02-13,XLE,-0.035586442713882116,-0.11721606442944243
2018-02-14,XLE,-0.004941832168404825,-0.11217739441645336
2018-02-15,XLE,0.02353134640686938,-0.10708680793146019
2018-02-16,XLE,0.02174886419748412,-0.10814366978164536
2018-02-20,XLE,-0.00014776675660466143,-0.13174413876076962
2018-02-21,XLE,-0.012892806702515025,-0.14503911998034347
2018-02-22,XLE,-0.016359762842957815,-0.13333302769150257
2018-02-23,XLE,0.00746774362335878,-0.1075366800241595
2018-02-26,XLE,0.016001427540952795,-0.10708293414126269
2018-02-27,XLE,0.008265726320275224,-0.10518728419697854
2018-02-28,XLE,0.0019515821679034762,-0.10775409454114915
2018-03-01,XLE,-0.010395245748424209,-0.10968598117702877
2018-03-02,XLE,-0.026889528515803063,-0.11465223607893826
2018-03-05,XLE,-0.02239556690891986,-0.06624317030816051
2018-03-06,XLE,-0.008929966827219471,-0.024776712672125778
2018-03-07,XLE,0.006742590159387163,-0.039731239113819705
2018-03-08,XLE,0.007953394952660453,-0.023691703721712032
2018-03-09,XLE,0.022404776446248498,0.025929017437861468
2018-03-12,XLE,0.011380357130996499,0.02639885437026157
2018-03-13,XLE,0.0035451746678918372,0.0026563238024988056
2018-03-14,XLE,0.005209186373456909,0.0008890610647780406
2018-03-15,XLE,0.00029763983360897583,-0.018550959040593562
2018-03-16,XLE,-0.009653176441727473,-0.007333241739369334
2018-03-19,XLE,-0.024670091317435472,-0.020231354315117467
2018-03-20,XLE,-0.009334332398450829,-0.0065560056083627805
2018-03-21,XLE,0.0226279150891473,0.03690571875282056
2018-03-22,XLE,0.006970105885185651,0.004726939142103204
2018-03-23,XLE,-0.008022772946236545,-0.02259618287495324
2018-03-26,XLE,0.025652852061803344,-0.01092412021544642
2018-03-27,XLE,0.007481838509996397,-0.007328370092317016
2018-03-28,XLE,-0.037328762286355066,-0.003744961902899857
2018-03-29,XLE,0.003423345428943181,0.01875669269496738
2018-04-02,XLE,-0.010633424440413486,-0.006268357165058247
2018-04-03,XLE,-0.007356351359887436,0.004291569123641148
2018-04-04,XLE,0.000742417497582748,0.0023596450745393405
2018-04-05,XLE,0.03892714975781697,0.0281043210839218
2018-04-06,XLE,-0.0008899086027377434,0.009818606144826658
2018-04-09,XLE,0.024372013055014685,-0.004356291306104376
2018-04-10,XLE,0.03616417598549937,0.028901677626115063
2018-04-11,XLE,0.048382535103799196,0.047144037274410744
2018-04-12,XLE,0.029742317765221626,0.053196231042076825
2018-04-13,XLE,0.060282392046710154,0.0703743012275948
2018-04-16,XLE,0.06605590800326677,0.071757724335203
2018-04-17,XLE,0.035903281724203095,0.09280215333919895
2018-04-18,XLE,0.041336257114429564,0.10070338369049425
2018-04-19,XLE,0.042758039508999035,0.07392808361188252
2018-04-20,XLE,0.026466322219551808,0.09109810306988941
2018-04-23,XLE,0.022317542825440073,0.10453818229353984
2018-04-24,XLE,0.007456155543685172,0.07341412248774137
2018-04-25,XLE,-0.00027163851955525065,0.09223248319821753
2018-04-26,XLE,0.013034612353331365,0.1301120021628117
2018-04-27,XLE,0.007094263031377501,0.09508976944957648
2018-04-30,XLE,0.0008134802944821384,0.11731761477195946
2018-05-01,XLE,0.005483044552692329,0.08729824788929452
2018-05-02,XLE,0.001631235907050499,0.09320255933520483
2018-05-03,XLE,-0.015011392379213118,0.0714393667788662
2018-05-04,XLE,0.0004066125101460649,0.09651084108003993
2018-05-07,XLE,0.0018965041333232069,0.09280280794482154
2018-05-08,XLE,0.0159487885807299,0.06608524341082611
2018-05-09,XLE,0.03244658932127731,0.07658532647262639
2018-05-10,XLE,0.04259065093927483,0.08480796368187304
2018-05-11,XLE,0.03899778775097995,0.07449896996585958
2018-05-14,XLE,0.044760239205959174,0.07097283966262391
2018-05-15,XLE,0.03689755006143658,0.06710848063867902
2018-05-16,XLE,0.019723952108919418,0.0542414483245075
2018-05-17,XLE,0.027407885248962538,0.06883880405508802
2018-05-18,XLE,0.017985382935903127,0.06562117210015006
2018-05-21,XLE,0.021356815862173528,0.06996638869128846
2018-05-22,XLE,0.0075052927216960885,0.06716052727026867
2018-05-23,XLE,0.0038684464373839322,0.058607283414678024
2018-05-24,XLE,-0.027311729782288352,0.02626993666362276
2018-05-25,XLE,-0.04519298272013961,0.010295272480876694
2018-05-29,XLE,-0.057787723366290566,0.007316035265363174
2018-05-30,XLE,-0.016182787939613474,0.044165687773473294
2018-05-31,XLE,-0.023507008681262653,0.032039093586463396
2018-06-01,XLE,-0.002481468228685668,0.039324995742349156
2018-06-04,XLE,0.015285795296512195,0.025321530643771517
2018-06-05,XLE,0.01600547399872565,0.021501324392396937
2018-06-06,XLE,-0.009138487018793384,0.01838163972383322
2018-06-07,XLE,0.013549004547592336,0.013148967489356123
2018-06-08,XLE,0.006808187522139297,0.003654611967891963
2018-06-11,XLE,0.020866190793151107,0.007428598661636698
2018-06-12,XLE,0.015488743805478489,-0.007118516023105648
2018-06-13,XLE,0.0068510995857464785,-0.01112827039361397
2018-06-14,XLE,-0.009604069689836625,-0.01598995284537108
2018-06-15,XLE,-0.028985867212897753,-0.051435338729543534
2018-06-18,XLE,-0.024372181192408138,-0.03448970604863044
2018-06-19,XLE,-0.019100315780102406,-0.046447706643450104
2018-06-20,XLE,-0.011029983254220999,-0.029320740989497995
2018-06-21,XLE,-0.027942521184172953,-0.04717163990846285
2018-06-22,XLE,0.013213110969377384,-0.011915553185055439
2018-06-25,XLE,-0.01695398815502369,-0.005934155607525304
2018-06-26,XLE,-0.0022739335245983705,0.009734220645359892
2018-06-27,XLE,0.006660479835353117,-0.006782523559101805
2018-06-28,XLE,0.024294141001311997,-0.0005289179765540775
2018-06-29,XLE,0.010512218558860198,0.0009552451135592666
2018-07-02,XLE,0.01602398812572514,-0.0052113913558284874
2018-07-03,XLE,0.009655238299298041,0.0034231815230607587
2018-07-05,XLE,-0.0047639878396217306,-0.0023976231683727756
2018-07-06,XLE,0.0026497852376208275,-0.011276750067623298
2018-07-09,XLE,0.011324738447995308,0.005445539685144496
2018-07-10,XLE,0.03408169660924054,0.007666530120934878
2018-07-11,XLE,0.005844137803197258,-0.006106831781743871
2018-07-12,XLE,0.008642471636499893,-0.0006227062850753251
2018-07-13,XLE,0.007797629638878645,0.006095559518952909
2018-07-16,XLE,-0.018489441401552176,0.016314160602495464
2018-07-17,XLE,-0.02959775908579465,0.0022693491035454816
2018-07-18,XLE,-0.007923345705739604,0.005218193984905861
2018-07-19,XLE,-0.009359168363995973,0.0010656911739155284
2018-07-20,XLE,-0.017964954220425322,0.016422506264178516
2018-07-23,XLE,-0.010878250118152244,-0.007850934732699266
2018-07-24,XLE,0.005593898732593416,0.02525815699474321
2018-07-25,XLE,0.01331068446192063,0.020919840030594106
2018-07-26,XLE,0.024084902729108792,0.01839327311127037
2018-07-27,XLE,0.023233859525198186,0.015370372983162683
2018-07-30,XLE,0.03621217047494674,0.017381994471584727
2018-07-31,XLE,0.021457106155391648,0.03074065410399629
2018-08-01,XLE,-0.001050994795719129,0.010094158784086149
2018-08-02,XLE,-0.017281694314273288,0.00558430326612358
2018-08-03,XLE,-0.01813898772484257,-0.005682146518206643
2018-08-06,XLE,-0.02252101364744985,-0.016666474296318623
2018-08-07,XLE,-0.01348557707470821,-0.01667293318964347
2018-08-08,XLE,-0.0068376229961901736,-0.0026411866090233493
2018-08-09,XLE,-0.010577505061555192,-0.013577399141020519
2018-08-10,XLE,0.0006646508273544516,-0.012719718320540752
2018-08-13,XLE,-0.015757490304643684,-0.01392944912563776
2018-08-14,XLE,-0.02063607123271438,-0.007591884260966686
2018-08-15,XLE,-0.04792803188093553,-0.042858871564179335
2018-08-16,XLE,-0.03207276557944183,-0.03619427997675395
2018-08-17,XLE,-0.03559593586000431,-0.030444870385343825
2018-08-20,XLE,-0.01654787800199442,-0.019581587592252925
2018-08-21,XLE,-0.013957888829597587,-0.02688730031150055
2018-08-22,XLE,0.033931200738063216,-0.023381386011012917
2018-08-23,XLE,0.02167607012275541,-0.038461325060999196
2018-08-24,XLE,0.02658075715849506,-0.027273550614745345
2018-08-27,XLE,0.02722281461835996,-0.02808692100620369
2018-08-28,XLE,0.01769422626650652,-0.03047208736247986
2018-08-29,XLE,0.011835907710627813,-0.01078255584171317
2018-08-30,XLE,0.013783611462952372,-0.008065541466874437
2018-08-31,XLE,-0.0013418572145001972,-0.010632689111012228
2018-09-04,XLE,-0.01078681002339632,-0.016419533642358486
2018-09-05,XLE,-0.00789090717456209,-0.024973750486572466
2018-09-06,XLE,-0.032168008622930566,-0.0360123268332615
2018-09-07,XLE,-0.02959230329064988,-0.02712861480711326
2018-09-10,XLE,-0.022434369586648573,-0.033470925369559756
2018-09-11,XLE,-0.011039489734133157,-0.011704706599524606
2018-09-12,XLE,-0.00458329110190403,-0.008992069371454692
2018-09-13,XLE,0.01455853658464168,0.02725629545199504
2018-09-14,XLE,0.02005536852470069,0.025265788645928433
2018-09-17,XLE,0.02212459746499973,0.024376791926759234
2018-09-18,XLE,0.019193978149734336,0.024213166189631874
2018-09-19,XLE,0.017063511816049592,0.022185558552114903
2018-09-20,XLE,0.0169216588701806,0.010356564643926092
2018-09-21,XLE,0.018265156256209503,0.021842890334365483
2018-09-24,XLE,0.03151316028995321,0.029298605686719048
2018-09-25,XLE,0.03135204121044488,0.028330294607739503
2018-09-26,XLE,0.018272175138579483,0.022766058053209415
2018-09-27,XLE,0.018000863296576908,0.01651250682737282
2018-09-28,XLE,0.008522041501465072,0.016539492453052418
2018-10-01,XLE,0.007742785600726609,0.038661980181211586
2018-10-02,XLE,0.0023473476770223822,0.041983824902675826
2018-10-03,XLE,0.02027655658587335,0.05180391899405867
2018-10-04,XLE,0.016062976253357064,0.0671694387950692
2018-10-05,XLE,0.018748532845548116,0.06717838288774458
2018-10-08,XLE,0.004037319902445047,0.06678810958682302
2018-10-09,XLE,0.011968410786870498,0.06622529859044812
2018-10-10,XLE,-0.027616331127735427,0.02746613005706733
2018-10-11,XLE,-0.05662822324061867,-0.007708778471820388
2018-10-12,XLE,-0.05391378808702085,-0.01020789179128101
2018-10-15,XLE,-0.061089626996138735,-0.02006230515106444
2018-10-16,XLE,-0.061704971131390285,-0.018406781467081745
2018-10-17,XLE,-0.03742546912479838,-0.02758016914412975
2018-10-18,XLE,-0.008653538008302153,-0.03266452912381157
2018-10-19,XLE,-0.0201371647452101,-0.04753639510946717
2018-10-22,XLE,-0.022793414028012382,-0.07165356089164121
2018-10-23,XLE,-0.056171989170877845,-0.10170810947933251
2018-10-24,XLE,-0.08768785274082969,-0.1287688639780583
2018-10-25,XLE,-0.07191376682442574,-0.11810415319750833
2018-10-26,XLE,-0.07059955262038886,-0.12226003590346657
2018-10-29,XLE,-0.07774943071683271,-0.1504101600198371
2018-10-30,XLE,-0.031063862482406557,-0.13165084261296445
2018-10-31,XLE,0.01496150527091289,-0.1333074747745695
2018-11-01,XLE,0.011197617911443913,-0.12232706005979832
2018-11-02,XLE,0.016244933778984283,-0.12441710301468001
2018-11-05,XLE,0.05288196132129119,-0.10907911558121197
2018-11-06,XLE,0.03385769563781671,-0.11286810013452653
2018-11-07,XLE,0.04437178813702114,-0.06914394872094831
2018-11-08,XLE,0.013140541143767281,-0.057417171867480854
2018-11-09,XLE,0.013914005549869435,-0.06164390613167381
2018-11-12,XLE,-0.02343887558794322,-0.07335276543310953
2018-11-13,XLE,-0.05028270887108277,-0.10206866828421957
2018-11-14,XLE,-0.06715163864791152,-0.09789059004001333
2018-11-15,XLE,-0.03249778762169642,-0.08008853964553941
2018-11-16,XLE,-0.019270123651762616,-0.06081359267922093
2018-11-19,XLE,0.0011926455949138326,-0.05060771219993543
2018-11-20,XLE,-0.008849463292116333,-0.05704735275328654
2018-11-21,XLE,0.008406036436003239,-0.0028713557499683295
2018-11-23,XLE,-0.037355372676002974,-0.0458345428808159
2018-11-26,XLE,-0.034385325871942984,-0.024218054545290135
2018-11-27,XLE,-0.036777779447466075,-0.008430270375416216
2018-11-28,XLE,0.01293100954859816,-0.014232269859174806
2018-11-29,XLE,0.003789081950460682,-0.013847479731671886
2018-11-30,XLE,0.0344236800029567,-0.023918444820379636
2018-12-03,XLE,0.04177608070394845,0.00029653971053678063
2018-12-04,XLE,0.014685319443829004,-0.04440261604222995
2018-12-06,XLE,-0.020820555244176697,-0.06636715794622505
2018-12-07,XLE,-0.0326138928175449,-0.08654153769099904
2018-12-10,XLE,-0.0459838716134241,-0.08088018547678477
2018-12-11,XLE,-0.06644007539026664,-0.07897833831272083
2018-12-12,XLE,-0.03503961233625441,-0.05575432092946164
2018-12-13,XLE,-0.013813659036172488,-0.03051574936136625
2018-12-14,XLE,-0.030903289808831835,-0.051046635878882696
2018-12-17,XLE,-0.0334550965067556,-0.081789621707131
2018-12-18,XLE,-0.056585559855166,-0.11402195826097328
2018-12-19,XLE,-0.07136070280870754,-0.12418089800595522
2018-12-20,XLE,-0.09993686378520072,-0.11961200360239632
2018-12-21,XLE,-0.08785878656168034,-0.14163596629685193
2018-12-24,XLE,-0.10853635092909675,-0.14968499151843706
2018-12-26,XLE,-0.030158832519426193,-0.11014403427719865
2018-12-27,XLE,-0.013469114182735775,-0.10298726911611744
2018-12-28,XLE,0.0068827604708305845,-0.12486883337371735
2018-12-31,XLE,0.022099399858673152,-0.12597837585211358
2019-01-02,XLE,0.08618144460249733,-0.1071391711788261
2019-01-03,XLE,0.012414768605832016,-0.13522364516085728
2019-01-04,XLE,0.04139854568478096,-0.07937196340316066
2019-01-07,XLE,0.06503094971694146,-0.04813996810226473
2019-01-08,XLE,0.06765453998473925,-0.03538706196208807
2019-01-09,XLE,0.06361135039804888,-0.004569332107558943
2019-01-10,XLE,0.07737491775422156,-0.0020047673317798997
2019-01-11,XLE,0.03574394666848124,-0.011840353004481607
2019-01-14,XLE,0.018104001768157074,-0.01733326923679701
2019-01-15,XLE,0.013882328497569763,0.00919134430229862
2019-01-16,XLE,-0.0032154549789702447,0.026574038939187083
2019-01-17,XLE,0.0030457181711025516,0.06107644984674132
2019-01-18,XLE,0.029511674405232835,0.09549735385415148
2019-01-22,XLE,0.009537749101529158,0.10218841276362767
2019-01-23,XLE,-0.004349104824606376,0.10158630106213118
2019-01-24,XLE,0.0022581221283444197,0.15416054212106833
2019-01-25,XLE,0.005753508307260846,0.1003671506210313
2019-01-28,XLE,-0.02412308672539598,0.08366660542416171
2019-01-29,XLE,0.000640601678441044,0.0953554076097951
2019-01-30,XLE,0.025238363372407147,0.10496937633518333
2019-01-31,XLE,0.026392274156057827,0.09062944267323614
2019-02-01,XLE,0.031145498234668167,0.12072509109153406
2019-02-04,XLE,0.043980905044349594,0.08635377702888958
2019-02-05,XLE,0.04240643602748273,0.07208670971807973
2019-02-06,XLE,0.020356664411258718,0.05601842626929887
2019-02-07,XLE,-0.008623634107617018,0.016559529012159624
2019-02-08,XLE,-0.03005050463655845,0.008977208056151875
2019-02-11,XLE,-0.027675130709082785,0.019835836502749116
2019-02-12,XLE,-0.01688653216106939,0.03524088028777195
2019-02-13,XLE,0.002783769220563448,0.0444586201930568
2019-02-14,XLE,0.02910004622860085,0.04951613016679257
2019-02-15,XLE,0.05052408194609903,0.05673633414276402
2019-02-19,XLE,0.04870324310118268,0.038847033754243254
2019-02-20,XLE,0.03997485932074163,0.06645292838086858
2019-02-21,XLE,0.011258371740679785,0.060831189651956
2019-02-22,XLE,0.010603931912713582,0.05825545768593399
2019-02-25,XLE,-0.0037810895010678136,0.046718416380332695
2019-02-26,XLE,-0.009951773642058348,0.05393277495866222
2019-02-27,XLE,-0.010360169494909144,0.054728634351035366
2019-02-28,XLE,-0.004880069840195067,0.029667145779973092
2019-03-01,XLE,0.010492587494640881,0.041862183293084776
2019-03-04,XLE,0.010627346161411033,0.025890388054612634
2019-03-05,XLE,0.0105087293563777,0.020141521846394506
2019-03-06,XLE,-0.006068840170397771,0.0056803360127930524
2019-03-07,XLE,-0.001992574184793816,0.007113976365598518
2019-03-08,XLE,-0.03837459335059901,0.010596157171859355
2019-03-11,XLE,-0.025086474159216277,0.0311407141561868
2019-03-12,XLE,-0.015523778117184084,0.032890449408672806
2019-03-13,XLE,0.007174543344602657,0.03029372123328522
2019-03-14,XLE,0.014281402006810495,0.01866125807235086
2019-03-15,XLE,0.033236149759307665,0.01465789086734981
2019-03-18,XLE,0.031447271203919325,0.012415892335754908
2019-03-19,XLE,0.022037723890796057,0.0066270042423508535
2019-03-20,XLE,0.02067386001608429,0.011172395156129333
2019-03-21,XLE,0.026764057467250302,0.03428045270241831
2019-03-22,XLE,-0.0006104377607228928,0.003398535623480914
2019-03-25,XLE,-0.013851283523353297,0.002181972501849705
2019-03-26,XLE,0.0030196678333516136,0.01981565801241092
2019-03-27,XLE,-0.012720924742899875,0.008760274640254417
2019-03-28,XLE,-0.015901138632290812,0.022825676575361165
2019-03-29,XLE,0.009928372822425535,0.0028382819582049024
2019-04-01,XLE,0.0227484396737776,0.014201775301805775
2019-04-02,XLE,0.001354775486291926,0.010577394929436101
2019-04-03,XLE,-0.0012126025230675408,0.013688965701392997
2019-04-04,XLE,0.003322126230915101,0.028272541907102156
2019-04-05,XLE,0.02253472565851844,0.06635802302159544
2019-04-08,XLE,0.013733186130534536,0.05458583741492906
2019-04-09,XLE,0.008266616219843481,0.034998538070381446
2019-04-10,XLE,0.021854546176805822,0.028463919045679464
2019-04-11,XLE,0.014147979893692542,0.028137279350644917
2019-04-12,XLE,-0.0007396976207915129,0.03129303090806368
2019-04-15,XLE,-0.011043962700292953,0.01114139314647522
2019-04-16,XLE,0.007752002017062498,0.020531654012221123
2019-04-17,XLE,0.00267334350712356,0.010326017724918035
2019-04-18,XLE,-0.0028196160757745226,-0.0014859601935512945
2019-04-22,XLE,0.01554171192144671,0.047960804948130376
2019-04-23,XLE,0.019952276777092104,0.0458016614046175
2019-04-24,XLE,-0.004437672007896909,0.0129441144985043
2019-04-25,XLE,-0.006221118080005694,0.01697755521445088
2019-04-26,XLE,-0.014436630697284736,0.0
2019-04-29,XLE,-0.03570898961718838,0.0006048058842871296
2019-04-30,XLE,-0.03489048502597525,-0.013136471252719217
2019-05-01,XLE,-0.0372956755800562,-0.026153663720365983
2019-05-02,XLE,-0.05112537893920388,-0.03384424476207526
2019-05-03,XLE,-0.029749557520008185,-0.03296217923067302
2019-05-06,XLE,-0.02796258308661459,-0.04880950596909517
2019-05-07,XLE,-0.03569820711534333,-0.061257653272738355
2019-05-08,XLE,-0.016052069430142257,-0.04964215629008406
2019-05-09,XLE,0.0014137722053628732,-0.05317084216081147
2019-05-10,XLE,-0.0031127839001583446,-0.04942112973390178
2019-05-13,XLE,-0.021147657948516585,-0.06823573336957622
2019-05-14,XLE,-0.00047059209176814054,-0.051221139652815384
2019-05-15,XLE,0.0047059209176818495,-0.05251475496473679
2019-05-16,XLE,0.010196079210458286,-0.04606708742677068
2019-05-17,XLE,-0.004683878953737564,-0.051198269486129155
2019-05-20,XLE,0.013185176938812493,-0.07039786522896452
2019-05-21,XLE,0.01255478229485596,-0.05810242865435422
2019-05-22,XLE,-0.008274852818269784,-0.056166633002039945
2019-05-23,XLE,-0.0467392675991708,-0.08496064522528146
2019-05-24,XLE,-0.033411872959836386,-0.06946573280344648
2019-05-28,XLE,-0.04390077254153513,-0.07829496144998038
2019-05-29,XLE,-0.06091111736713506,-0.08349723621427774
2019-05-30,XLE,-0.05824918473888008,-0.07670941088112693
2019-05-31,XLE,-0.04267788663379324,-0.07681437622720688
2019-06-03,XLE,-0.03407944219408365,-0.0736183782296499
2019-06-04,XLE,-0.007051722119208348,-0.05846687090663594
2019-06-05,XLE,-0.011718374402702292,-0.06070604872668628
2019-06-06,XLE,0.019558744822486762,-0.043293892997705585
2019-06-07,XLE,0.04253897184143085,-0.038901782919054995
2019-06-10,XLE,0.03242544452937146,-0.04059361759905933
2019-06-11,XLE,0.016845547331257427,-0.02192217472050706
2019-06-12,XLE,0.0136941694246977,-0.04739490979632777
2019-06-13,XLE,0.006886256584786032,-0.04121772284223546
2019-06-14,XLE,-0.004243718569593269,-0.05263977318354274
2019-06-17,XLE,0.0011393189471309295,-0.03498051326573026
2019-06-18,XLE,0.012993448936174268,-0.022107259256023193
2019-06-19,XLE,0.026359187154506136,-0.03440781362486767
2019-06-20,XLE,0.0369646185935828,0.002518995482323927
2019-06-21,XLE,0.05130599500056232,0.04479860758436027
2019-06-24,XLE,0.03324085561234935,0.0315640470457339
2019-06-25,XLE,0.011069362953842754,0.0341158762876963
2019-06-26,XLE,0.02775545109236144,0.05676113457644649
2019-06-27,XLE,-0.001965151664064302,0.0624348579222338
2019-06-28,XLE,0.0023592977855708686,0.09395112053051391
2019-07-01,XLE,0.012382919610478993,0.08118396826087815
2019-07-02,XLE,0.004160722727244881,0.04579318867748583
2019-07-03,XLE,-0.00709230788630455,0.061707748146783814
2019-07-05,XLE,0.0017467443979133357,0.043873798800831976
2019-07-08,XLE,-0.008318463056322112,0.04058568346159008
2019-07-09,XLE,-0.008467995848333465,0.03835924674932989
2019-07-10,XLE,0.020557658455509165,0.04961097648168611
2019-07-11,XLE,0.018571434618982918,0.06681602478753623
2019-07-12,XLE,0.02139800084296306,0.0589186258673875
2019-07-15,XLE,0.01076305300661029,0.05626806673989959
2019-07-16,XLE,-0.0007908128095134304,0.03635735738285906
2019-07-17,XLE,-0.024671960804327875,0.010584043445910574
2019-07-18,XLE,-0.0264921429275754,0.011881410698665329
2019-07-19,XLE,-0.02607065650886331,-0.005451195142692655
2019-07-22,XLE,-0.012684255728378835,-0.00802421233877526
2019-07-23,XLE,0.0006331012899987165,0.0036512502674244107
2019-07-24,XLE,0.016490385931611007,0.01600246429933372
2019-07-25,XLE,0.004802351778692593,-0.010717170013055721
2019-07-26,XLE,-0.004939557043001641,-0.00841521119856048
2019-07-29,XLE,-0.01348145390859734,-0.023700868577394618
2019-07-30,XLE,-0.005061771244401325,-0.013642982426432138
2019-07-31,XLE,-0.012442721294672943,-0.0007967787504332691
2019-08-01,XLE,-0.023737292236835406,-0.02730138761371459
2019-08-02,XLE,-0.032826450137030894,-0.04263768708165261
2019-08-05,XLE,-0.05787771023799537,-0.0724913806268026
2019-08-06,XLE,-0.06947527695217504,-0.07433185539059017
2019-08-07,XLE,-0.07352465044638012,-0.09291048280085745
2019-08-08,XLE,-0.024804447477455027,-0.06872377478484015
2019-08-09,XLE,-0.021522869905306274,-0.08286766996601325
2019-08-12,XLE,-0.003412824004778159,-0.0854996203681806
2019-08-13,XLE,0.007004906105685604,-0.06710989550807644
2019-08-14,XLE,-0.025133490781112933,-0.09333972197679674
2019-08-15,XLE,-0.05823259136737946,-0.09908729449853682
2019-08-16,XLE,-0.03519479478367016,-0.09145971234716777
2019-08-19,XLE,-0.0020549395691602523,-0.07565422519522791
2019-08-20,XLE,-0.01951133472161759,-0.08589055046700245
2019-08-21,XLE,0.027017565665437004,-0.08394998663215458
2019-08-22,XLE,0.02878449197259747,-0.07758474251151193
2019-08-23,XLE,-0.01859007510114108,-0.10392332266444393
2019-08-26,XLE,-0.0356895463847815,-0.09646271027456732
2019-08-27,XLE,-0.03357003730406316,-0.11208280506308066
2019-08-28,XLE,-0.02596299116575318,-0.09649127781921041
2019-08-29,XLE,-0.007253901265982576,-0.06201052134567475
2019-08-30,XLE,0.02716246869721939,-0.048344185834695685
2019-09-03,XLE,0.01779339098898447,-0.02389074965315363
2019-09-04,XLE,0.03849630480642019,-0.009055102914572677
2019-09-05,XLE,0.03654031749987885,0.010845262320693827
2019-09-06,XLE,0.026965659385023155,-0.012215569532979864
2019-09-09,XLE,0.04749479043231797,0.01878161171361259
2019-09-10,XLE,0.06503499188627071,0.043150596921038176
2019-09-11,XLE,0.05137940467219426,0.034611698159176196
2019-09-12,XLE,0.03201608275916845,0.07010401735078453
2019-09-13,XLE,0.03472822406698106,0.08528753504238806
2019-09-16,XLE,0.04849664508338125,0.1071552020854325
2019-09-17,XLE,0.02183195862456966,0.0681195386968747
2019-09-18,XLE,0.015906739461431396,0.07198485215239248
2019-09-19,XLE,0.01963718106645218,0.062414003593473044
2019-09-20,XLE,0.012450370134453825,0.0680563083227761
2019-09-23,XLE,-0.02010688827939089,0.10544404392584483
2019-09-24,XLE,-0.021979505463437188,0.08330548066143706
2019-09-25,XLE,-0.015614288843578183,0.09190175363690756
2019-09-26,XLE,-0.02596777976011999,0.06240878051707388
2019-09-27,XLE,-0.02692548173722209,0.0468924320368056
2019-09-30,XLE,-0.03425767251622558,0.03934298265205993
2019-10-01,XLE,-0.0414388553474353,0.02026064498434388
2019-10-02,XLE,-0.06652366753164163,-0.01851894928914133
2019-10-03,XLE,-0.043930248913169434,-0.020070053047849035
2019-10-04,XLE,-0.037732809129428,-0.01906141601368372
2019-10-07,XLE,-0.039358137014743666,-0.04683403845525835
2019-10-08,XLE,-0.03337369821465597,-0.0740109182969847
2019-10-09,XLE,0.0,-0.06648252158137813
2019-10-10,XLE,0.0017538878802247915,-0.04880490662018355
2019-10-11,XLE,0.008887903912814465,-0.043558444771778615
2019-10-14,XLE,0.017408093300462335,-0.07509597853122596
2019-10-15,XLE,0.03935621307040971,-0.058130353841282845
2019-10-16,XLE,0.015600363628480274,-0.06676405056815948
2019-10-17,XLE,0.0036765436316714695,-0.06369420282974192
2019-10-18,XLE,-0.014855824802579187,-0.0693540593750629
2019-10-21,XLE,0.0032837303319868116,-0.05301798149304082
2019-10-22,XLE,0.012048014390332096,-0.025360602835691526
2019-10-23,XLE,0.03490990451134568,-0.01886514974048603
2019-10-24,XLE,0.0298270537418992,-0.010060426682969026
2019-10-25,XLE,0.043661513416677344,-0.0018448406379747428
2019-10-28,XLE,0.01946605703104365,-0.000337877907905515
2019-10-29,XLE,0.01054423465332932,0.02749441615159176
2019-10-30,XLE,-0.0182155292641919,0.0319093545043303
2019-10-31,XLE,-0.01829257321387079,0.016485491869263402
2019-11-01,XLE,-0.004032300893662022,0.03311253553341831
2019-11-04,XLE,0.034302083511195125,0.07631434307266383
2019-11-05,XLE,0.03147095502629349,0.09642231413998892
2019-11-06,XLE,0.03143798078480953,0.06435050096290262
2019-11-07,XLE,0.051414699730969016,0.06687660626518377
2019-11-08,XLE,0.023785274469581008,0.048367610164595565
2019-11-11,XLE,-0.014049966271953762,0.04303491376009738
2019-11-12,XLE,-0.02039497891705211,0.03339046868829132
2019-11-13,XLE,-0.004330528738786921,0.043462899859700865
2019-11-14,XLE,-0.021660585046425096,0.03994403518129497
2019-11-15,XLE,-0.010050906869058962,0.0534808925224719
2019-11-18,XLE,-0.016570085542300217,0.02239446828871161
2019-11-19,XLE,-0.026149316285679403,-0.005612381857000082
2019-11-20,XLE,-0.012044031944744238,-0.0038790866076464647
2019-11-21,XLE,0.006876833666585647,0.016768353025053973
2019-11-22,XLE,-0.004161094491017647,0.005208341495445135
2019-11-25,XLE,0.009098775101085366,0.011997406392166399
2019-11-26,XLE,0.014879508515629691,-0.00134642050459155
2019-11-27,XLE,0.007280805473050211,0.02198955666757696
2019-11-29,XLE,-0.01899051441095645,0.016045485394529546
2019-12-02,XLE,-0.015711312344094064,-0.006579028457344482
2019-12-03,XLE,-0.03139088376278398,-0.052278895047530805
2019-12-04,XLE,-0.007751984694087444,-0.0393214395385425
2019-12-05,XLE,-0.01496070324155252,-0.02398409507053345
2019-12-06,XLE,0.014093986838396688,-0.02001977206849237
2019-12-09,XLE,0.012905628892136312,-0.017135996162495948
2019-12-10,XLE,0.03033961990434131,-0.009610457276590934
2019-12-11,XLE,0.013417040330328867,-0.006162685471561513
2019-12-12,XLE,0.03703078147619965,0.01656078230469915
2019-12-13,XLE,0.00987956969579229,0.011573279955012117
2019-12-16,XLE,0.02464346109480897,0.017310063381566376
2019-12-17,XLE,0.023255709108954914,0.030497180261569
2019-12-18,XLE,0.028825242888761426,0.04994013313398393
2019-12-19,XLE,0.009873185609749813,0.03911258070822132
2019-12-20,XLE,0.02733680407071426,0.03212868323519147
2019-12-23,XLE,0.024130378585946577,0.046211525364891815
2019-12-24,XLE,0.022965003965268238,0.044657448907193587
2019-12-26,XLE,0.018803627593228622,0.053999817138042694
2019-12-27,XLE,0.014857802535387377,0.046929023678924375
2019-12-30,XLE,0.0020430545220730956,0.05425828557389778
2019-12-31,XLE,-0.002492265532700322,0.060262199015682416
2020-01-02,XLE,0.006966648676890008,0.08602654332627968
2020-01-03,XLE,0.004298807245658898,0.06680058096415653
2020-01-06,XLE,0.016380030758058606,0.08023888670222656
2020-01-07,XLE,0.016917820538876693,0.05719396028891621
2020-01-08,XLE,-0.005496268403403115,0.04099995430491954
2020-01-09,XLE,-0.007098008198304306,0.04656551799714981
2020-01-10,XLE,-0.00976808833749454,0.04239413450801566
2020-01-13,XLE,-0.01708544688103597,0.02386789432924341
2020-01-14,XLE,-0.014330507050058894,0.031849604702482326
2020-01-15,XLE,-0.005191837797420384,0.010688391343985915
2020-01-16,XLE,-0.010806338748942657,0.01172753522988379
2020-01-17,XLE,-0.011536512043380798,0.0015000595516299065
2020-01-21,XLE,-0.02958394193046432,-0.01613602563471439
2020-01-22,XLE,-0.03910433471070218,-0.034883391249708184
2020-01-23,XLE,-0.035690312063945906,-0.048347136618289155
2020-01-24,XLE,-0.04840332725506147,-0.058856801046653806
2020-01-27,XLE,-0.06884300012962896,-0.0846579600181514
2020-01-28,XLE,-0.04753703772362006,-0.07662532311437154
2020-01-29,XLE,-0.04834767823964947,-0.0834171672146855
2020-01-30,XLE,-0.037011081332933404,-0.08127914181660523
2020-01-31,XLE,-0.05616384528089846,-0.11786057750042855
2020-02-03,XLE,-0.04196169802287997,-0.12682089495105886
2020-02-04,XLE,-0.042856884123428696,-0.13044167672533236
2020-02-05,XLE,0.0036549282250117887,-0.09537146594211554
2020-02-06,XLE,-0.014503005985955442,-0.08959955069832026
2020-02-07,XLE,0.010104776530504678,-0.1025768388118603
2020-02-10,XLE,0.018391948565845695,-0.10198958469756336
2020-02-11,XLE,0.026072120742044458,-0.0922613262362122
2020-02-12,XLE,0.002184771417383269,-0.080214060486818
2020-02-13,XLE,0.009381572621321332,-0.07626266837549678
2020-02-14,XLE,0.011115284533948389,-0.08268895109528651
2020-02-18,XLE,0.0078196174828713,-0.08440471067206956
2020-02-19,XLE,0.009942813910837955,-0.055287530690263154
2020-02-20,XLE,-0.004541986349959504,-0.0471303832395108
2020-02-21,XLE,-0.013304016668797769,-0.05481825375229399
2020-02-24,XLE,-0.053865727473393465,-0.0879545433544121
2020-02-25,XLE,-0.08812106337329795,-0.10336059447654777
2020-02-26,XLE,-0.12725593241602995,-0.13435772747304986
2020-02-27,XLE,-0.17302420646404248,-0.1719663899950563
2020-02-28,XLE,-0.1638349992618644,-0.17929699892826612
2020-03-02,XLE,-0.08791657640593253,-0.11863776523977765
2020-03-03,XLE,-0.07495937280371368,-0.13424350953128383
2020-03-04,XLE,-0.02360562778601727,-0.11694685024007334
2020-03-05,XLE,-0.006179821432479415,-0.18008023772635706
2020-03-06,XLE,-0.061188031845514246,-0.2181753933432422
2020-03-09,XLE,-0.2794052646256411,-0.37124840800431935
2020-03-10,XLE,-0.22141945595644574,-0.3381122461664976
2020-03-11,XLE,-0.27963224804952,-0.3800406428689326
2020-03-12,XLE,-0.345547263794451,-0.4645710579596206
2020-03-13,XLE,-0.2425881763961727,-0.4133405868224669
2020-03-16,XLE,-0.1806130506533269,-0.4904726921424485
2020-03-17,XLE,-0.21237666766067242,-0.4827266414887027
2020-03-18,XLE,-0.2877930917824565,-0.5628075858542281
2020-03-19,XLE,-0.13098080299533876,-0.5325789507094527
2020-03-20,XLE,-0.19664489438245347,-0.5223494948833027
2020-03-23,XLE,-0.13349797786804052,-0.5333575207977618
2020-03-24,XLE,-0.0013569437391550698,-0.43350874012182206
2020-03-25,XLE,0.22105368694847205,-0.3883253647585112
2020-03-26,XLE,0.21319929052872189,-0.31427873728588673
2020-03-27,XLE,0.12002844439854221,-0.3601954736926686
2020-03-30,XLE,0.21425525847867077,-0.37875958542469557
2020-03-31,XLE,0.06252275969125143,-0.3493152202286841
2020-04-01,XLE,-0.0356145053532414,-0.3958484783841413
2020-04-02,XLE,-0.00789737692032777,-0.31546382523570726
2020-04-03,XLE,0.052947389545416446,-0.28241167704863634
2020-04-06,XLE,0.09748440766319844,-0.053834790990510695
2020-04-07,XLE,0.1039229601736662,-0.07741610842908664
2020-04-08,XLE,0.23895733170425792,0.039077547738015195
2020-04-09,XLE,0.12470978368746088,0.17640967858002754
2020-04-13,XLE,0.13308726801075377,0.0735113541542427
2020-04-14,XLE,0.07099648498760902,0.23670460442981422
2020-04-15,XLE,-0.0006235080302866569,0.17062130494209593
2020-04-16,XLE,-0.10315617992866877,0.30845442035373627
2020-04-17,XLE,0.0011795754505727896,0.35531797987470615
2020-04-20,XLE,-0.026923005379799303,0.3003081637080922
2020-04-21,XLE,-0.039536292104390025,0.3708102919595282
2020-04-22,XLE,0.04366807978432985,0.22340017469107187
2020-04-23,XLE,0.1254481163312695,0.20600558225461452
2020-04-24,XLE,0.01973493334213816,0.1391904863896023
2020-04-27,XLE,0.07540292892786193,0.24849972762201755
2020-04-28,XLE,0.1197773732774019,0.2641512871974374
2020-04-29,XLE,0.16138659037916647,0.3372330565103465
2020-04-30,XLE,0.10017356089094598,0.37581440538921873
2020-05-01,XLE,0.035528523540127255,0.18905465519291287
2020-05-04,XLE,0.048628748416647216,0.24337903277391737
2020-05-05,XLE,0.0259809478033719,0.18178912315236073
2020-05-06,XLE,-0.06973715004406,0.12687051459542809
2020-05-07,XLE,-0.023947303785608498,0.08386893197004186
2020-05-08,XLE,0.08172926789577462,0.14361521550284384
2020-05-11,XLE,0.027231083198035355,0.1272190825199131
2020-05-12,XLE,0.008351464619734017,0.11266358938250032
2020-05-13,XLE,-0.011618485899340447,0.11447286819407432
2020-05-14,XLE,-0.025882998063022855,0.17725643068969976
2020-05-15,XLE,-0.07194421729781308,0.06008825984686594
2020-05-18,XLE,0.02178480542505601,0.18364254552494708
2020-05-19,XLE,0.010953713666689069,0.17115449391889315
2020-05-20,XLE,0.10131541184218484,0.17603112483399208
2020-05-21,XLE,0.0716856988978607,0.12101914108524947
2020-05-22,XLE,0.06918611402549235,0.11149634087256644
2020-05-26,XLE,0.015926347668565155,0.11817962911736335
2020-05-27,XLE,0.05866803676175669,0.10724136637352166
2020-05-28,XLE,-0.010419127700965425,0.0020590180777697586
2020-05-29,XLE,0.0010329795054928592,0.02000008978082568
2020-06-01,XLE,0.024947903819415584,0.10013951212628469
2020-06-02,XLE,0.02503137941447564,0.09301715158769919
2020-06-03,XLE,0.041687182072048135,0.12419157615028675
2020-06-04,XLE,0.07190516212567899,0.15463305267218175
2020-06-05,XLE,0.15686268099353917,0.208951159147567
2020-06-08,XLE,0.1881340385784005,0.20835521450290928
2020-06-09,XLE,0.11248125883409066,0.18372693020535835
2020-06-10,XLE,0.027558613691676337,0.14560525575126126
2020-06-11,XLE,-0.0694776854767869,0.08704159807677292
2020-06-12,XLE,-0.11195364266123842,0.10213113101061544
2020-06-15,XLE,-0.14767414709539461,0.10975267651925025
2020-06-16,XLE,-0.0889132135426387,0.055484441692394526
2020-06-17,XLE,-0.07439392446292281,0.04888994476771957
2020-06-18,XLE,0.034500631500486545,0.02109278376180912
2020-06-19,XLE,-0.006277822948771439,0.02195274979421291
2020-06-22,XLE,-0.004673689525828584,0.033090518637624244
2020-06-23,XLE,-0.03154481299924272,0.006164851124695669
2020-06-24,XLE,-0.05301376868334462,-0.061760342836300275
2020-06-25,XLE,-0.04666538776520701,-0.016307691152349313
2020-06-26,XLE,-0.06549971437010293,-0.04597035648643144
2020-06-29,XLE,-0.057325126964527295,-0.04983612351242195
2020-06-30,XLE,-0.03665046667893879,-0.054381690901293966
2020-07-01,XLE,-0.004850684626334867,-0.1036766425159874
2020-07-02,XLE,-0.012691710534309952,-0.09394263119048507
2020-07-06,XLE,0.025746158370526295,-0.15409818478610693
2020-07-07,XLE,-0.01999970737179224,-0.21628297248624362
2020-07-08,XLE,-0.042800486397913784,-0.1863724639540223
2020-07-09,XLE,-0.06742457267453361,-0.18652899504741793
2020-07-10,XLE,-0.0482056793177581,-0.0732299006853333
2020-07-13,XLE,-0.05607487563526736,-0.10087128951362079
2020-07-14,XLE,0.009101066320945206,-0.07212753729936772
2020-07-15,XLE,0.03174144625674358,-0.07862427242690107
2020-07-16,XLE,0.08042946518543936,-0.05046210687974906
2020-07-17,XLE,0.03235769908418984,-0.07514967301586861
2020-07-20,XLE,0.020650957864915664,-0.07650588786803336
2020-07-21,XLE,0.045640506598135566,-0.02522316375366651
2020-07-22,XLE,0.01096853012491783,-0.03817762814396053
2020-07-23,XLE,0.013705973202337685,0.016437411872043395
2020-07-24,XLE,0.022349810640451828,-0.008196550792893942
2020-07-27,XLE,0.040742531647308455,0.02848507913913223
2020-07-28,XLE,-0.0352846624119465,-0.002432130577209146
2020-07-29,XLE,-0.002910822244570066,-0.0044914698878080195
2020-07-30,XLE,-0.040296750933844994,-0.01976691178276635
2020-07-31,XLE,-0.03945638718945654,-0.03508308553256778
2020-08-03,XLE,-0.037017097530869236,-0.03444576557913659
2020-08-04,XLE,0.003521859885163847,0.021511086491715403
2020-08-05,XLE,-0.006634719191862204,0.033121722806148
2020-08-06,XLE,0.025690804946607138,0.0781069668244061
2020-08-07,XLE,0.03191791075723782,0.046145185776932385
2020-08-10,XLE,0.06001101355148575,0.08430011687230898
2020-08-11,XLE,0.031317806273811755,0.04400105000973853
2020-08-12,XLE,0.030724077519796333,0.03210299302064068
2020-08-13,XLE,0.018852558182845813,0.016662425950467297
2020-08-14,XLE,0.02716504551408505,0.04088318255983836
2020-08-17,XLE,-0.009391958858675498,0.05238368367489232
2020-08-18,XLE,-0.018586383262989892,-0.020125138704988332
2020-08-19,XLE,-0.0393990329386108,-0.019317512207747023
2020-08-20,XLE,-0.041501402863426295,-0.03870596129901416
2020-08-21,XLE,-0.05655927857946674,-0.03945638718945654
2020-08-24,XLE,-0.025019851367106716,-0.014114279826615395
2020-08-25,XLE,-0.02640722023903419,-0.011108196526391612
2020-08-26,XLE,-0.035887542597746735,-0.05175161426869146
2020-08-27,XLE,-0.012686125750995925,-0.011049569160186845
2020-08-28,XLE,0.011379305946612517,0.011379305946612517
2020-08-31,XLE,-0.037006887345080286,-0.014103826809906739
2020-09-01,XLE,-0.029863146963932774,-0.04400649296784609
2020-09-02,XLE,-0.013713834190760776,-0.058509208378132116
2020-09-03,XLE,-0.022905157543400723,-0.05790481813950332
2020-09-04,XLE,-0.043084347449269034,-0.062130157411438236
2020-09-08,XLE,-0.057503798898479785,-0.12340212881471435
2020-09-09,XLE,-0.044620036783204364,-0.11439806815341025
2020-09-10,XLE,-0.07519859842596022,-0.15526179833105447
2020-09-11,XLE,-0.0674672446881619,-0.13772153914667595
2020-09-14,XLE,-0.05735605544094158,-0.13930353085740577
2020-09-15,XLE,-0.02886885450984411,-0.14063740710444161
2020-09-16,XLE,0.0032515507417729683,-0.09469208872502544
2020-09-17,XLE,0.04295783787997953,-0.08283839117667491
2020-09-18,XLE,0.030349546095185254,-0.07308344174729642
2020-09-21,XLE,-0.011379018154252685,-0.0980857948194982
2020-09-22,XLE,-0.014387655285583056,-0.13126602492234918
2020-09-23,XLE,-0.09525604763787776,-0.15871206650411407
2020-09-24,XLE,-0.09688596182621112,-0.14086627774293692
2020-09-25,XLE,-0.08727997868985105,-0.1431141373915613
2020-09-28,XLE,-0.03378170711670936,-0.13835887432850524
2020-09-29,XLE,-0.050568712571557595,-0.14350039937786818
2020-09-30,XLE,-0.008606299318717259,-0.14027845131661298
2020-10-01,XLE,-0.038741760084576415,-0.16266759249207485
2020-10-02,XLE,-0.02882690078835437,-0.1483073467384044
2020-10-05,XLE,-0.022661116384128155,-0.11996906561557474
2020-10-06,XLE,-0.009986620783811406,-0.10031885230071413
2020-10-07,XLE,0.007011546043768746,-0.09381653453167083
2020-10-08,XLE,0.07785053967755928,-0.024094053289914652
2020-10-09,XLE,0.05049446834436688,-0.040571587556024524
2020-10-12,XLE,0.022524166246273847,-0.04539470852561511
2020-10-13,XLE,0.02185605152818293,-0.05332598023275381
2020-10-14,XLE,0.011936405412551698,-0.08597196982919286
2020-10-15,XLE,-0.012783606916531909,-0.07625187355780116
2020-10-16,XLE,-0.019486877489924948,-0.08697766493370185
2020-10-19,XLE,-0.04276003974475395,-0.07569599669596716
2020-10-20,XLE,-0.016123611289503348,-0.054993354284208595
2020-10-21,XLE,-0.03899092850753083,-0.029129483209892615
2020-10-22,XLE,-0.011330404931436555,0.01125843194921905
2020-10-23,XLE,0.006624851634153162,0.0069582688188598585
2020-10-26,XLE,-0.008460396961607497,-0.0514731181625645
2020-10-27,XLE,-0.03277584331853933,-0.03728340527252538
2020-10-28,XLE,-0.055233574004364905,-0.07479151055529554
2020-10-29,XLE,-0.06483285133370453,-0.016189796766884146
2020-10-30,XLE,-0.0549523972501641,-0.0201298833453345
2020-11-02,XLE,0.013652169957906635,-0.016230349414996792
2020-11-03,XLE,0.021092404778058516,-0.007061294860179368
2020-11-04,XLE,0.06712377271808956,-0.01956240950178212
2020-11-05,XLE,0.03536375704735217,-0.05496969130277163
2020-11-06,XLE,0.007311915269313296,-0.06040928946708879
2020-11-09,XLE,0.11313120444857283,0.07094260674118025
2020-11-10,XLE,0.1557741380728339,0.12306706446165294
2020-11-11,XLE,0.14237413747957395,0.10681515242189032
2020-11-12,XLE,0.10551237377644918,0.05827122318686162
2020-11-13,XLE,0.1711029058185347,0.12222609379089411
2020-11-16,XLE,0.09225637021891697,0.22199650340547472
2020-11-17,XLE,0.06885403873431972,0.2200666479989568
2020-11-18,XLE,0.04854951773454785,0.2076373977312218
2020-11-19,XLE,0.10125425721461845,0.1787817645402876
2020-11-20,XLE,0.05696567920864748,0.17834808421802673
2020-11-23,XLE,0.061755693340198814,0.30853244868560314
2020-11-24,XLE,0.10498906801192254,0.39384474526600566
2020-11-25,XLE,0.11151889147067107,0.42078692118017247
2020-11-27,XLE,0.08083366472879217,0.3623949646868838
2020-11-30,XLE,0.026528623790747607,0.27994403003526935
2020-12-01,XLE,-0.03677621993409752,0.2434339992723329
2020-12-02,XLE,-0.054080807779483764,0.29122936313428816
2020-12-03,XLE,-0.02133627912396363,0.3030096886629172
2020-12-04,XLE,0.04420441996747981,0.3740280497402222
2020-12-07,XLE,0.07943460305397232,0.37158694844092666
2020-12-08,XLE,0.09044170555552489,0.21808847465015302
2020-12-09,XLE,0.05848413443323364,0.18253709766418358
2020-12-10,XLE,0.07967825232147963,0.23149778803416599
2020-12-11,XLE,0.012059968341432414,0.257877177593246
2020-12-14,XLE,0.0,0.17119250718814083
2020-12-15,XLE,0.004717878928347519,0.12046521491312445
2020-12-16,XLE,-0.0024778411861450245,0.10361837612203328
2020-12-17,XLE,-0.036779095317627575,0.13128125419147918
2020-12-18,XLE,-0.04182865713927819,0.09444468115548643
2020-12-21,XLE,-0.02621055336147815,0.07902737611670951
2020-12-22,XLE,-0.06101271616997517,-0.009091643796635629
2020-12-23,XLE,-0.035456798822300795,-0.036653273594382196
2020-12-24,XLE,-0.03594057020738539,-0.01879997792220267
2020-12-28,XLE,-0.02572009105562889,-0.013450913773694784
2020-12-29,XLE,-0.013112845577543553,0.037358561739257334
2020-12-30,XLE,0.019471574055197616,0.04877280082721325
2020-12-31,XLE,-0.010960177691885398,0.007261807288923894
2021-01-04,XLE,-0.004197639240778983,-0.001616921604644328
2021-01-05,XLE,0.04699048787158144,-0.0108186775061625
2021-01-06,XLE,0.08610150023234531,0.04376558523901686
2021-01-07,XLE,0.08503401464483695,0.04357175329435048
2021-01-08,XLE,0.09287612916777,0.03998949932101015
2021-01-11,XLE,0.108272103934131,0.024823934766072586
2021-01-12,XLE,0.09783119950215258,0.07301360766022658
2021-01-13,XLE,0.05700982962389145,0.10327048342077472
2021-01-14,XLE,0.07258250485170237,0.11406080116223616
2021-01-15,XLE,0.03210990652013068,0.07604974530337882
2021-01-19,XLE,0.036605681997118555,0.10290205357977289
2021-01-20,XLE,0.005282584413731195,0.1257713984633011
2021-01-21,XLE,-0.021064890339050346,0.10910034546114833
2021-01-22,XLE,-0.0541814584059791,0.12216574212209763
2021-01-25,XLE,-0.0259652494779401,0.08663857039909595
2021-01-26,XLE,-0.06558140800457979,0.06899237968821303
2021-01-27,XLE,-0.08156277073696383,0.06124570002525176
2021-01-28,XLE,-0.038307153626303325,0.08078604869954242
2021-01-29,XLE,-0.06536735273587058,0.028780757522040012
2021-02-01,XLE,-0.048991003983208214,0.04485485069420303
2021-02-02,XLE,-0.01766891601796383,0.05453098374564669
2021-02-03,XLE,0.038308374975145165,0.052445376540739774
2021-02-04,XLE,0.03762031424601542,0.032542132797369394
2021-02-05,XLE,0.08240093615365973,0.02628419018110284
2021-02-08,XLE,0.11969689855555976,0.07049710807933152
2021-02-09,XLE,0.09592821089886572,0.042785657286989576
2021-02-10,XLE,0.07115470754397468,0.02687172675155347
2021-02-11,XLE,0.04312755803942436,0.01898120847276008
2021-02-12,XLE,0.04957717258866534,0.004271889323480105
2021-02-16,XLE,0.032702065606004194,0.07111129130240301
2021-02-17,XLE,0.05926622926044045,0.06558130087919944
2021-02-18,XLE,0.0158802571828649,0.037696991910538324
2021-02-19,XLE,0.049069079981414854,0.09198420645174976
2021-02-22,XLE,0.06962154324630632,0.13572614709655983
2021-02-23,XLE,0.0607119814003827,0.1664271520998093
2021-02-24,XLE,0.08220328282320555,0.23411027114082028
2021-02-25,XLE,0.08586536711001225,0.22686579895508774
2021-02-26,XLE,0.042659094769404104,0.18391986432541318
2021-03-01,XLE,0.03390539798896253,0.25635820400407905
2021-03-02,XLE,0.011529390490700786,0.2406563462145117
2021-03-03,XLE,-0.008749222460613937,0.245316152349355
2021-03-04,XLE,0.03487426184733722,0.2228080488224733
2021-03-05,XLE,0.09968809479155083,0.2547389079713023
2021-03-08,XLE,0.07388656358013246,0.24647545032436535
2021-03-09,XLE,0.06085898384108823,0.17546224557646717
2021-03-10,XLE,0.072016190363285,0.21814464137616407
2021-03-11,XLE,0.04741375246687296,0.19570586577593985
2021-03-12,XLE,0.011709258461274574,0.21694701703794728
2021-03-15,XLE,-0.0016966203913586497,0.18558281101802154
2021-03-16,XLE,-0.012854632456844484,0.12360781399403264
2021-03-17,XLE,-0.029753045656013333,0.11577344353822361
2021-03-18,XLE,-0.07369978022903756,0.09026885641140092
2021-03-19,XLE,-0.0754153155948527,0.07254192803561521
2021-03-22,XLE,-0.0737344359907377,0.026685128082181153
2021-03-23,XLE,-0.060496232055238575,-0.004787545111075153
2021-03-24,XLE,-0.04435439547072928,-0.014710079065629933
2021-03-25,XLE,0.0042835269356060746,0.008356178942357184
2021-03-26,XLE,0.028973647355680754,0.05846425276401446
2021-03-29,XLE,0.026575995645109263,0.019406910559764068
2021-03-30,XLE,0.03282458920093645,0.01616414169604763
2021-03-31,XLE,0.0006116131256117541,-0.005405534581410798
2021-04-01,XLE,0.0223530257207043,-0.0038442074057856157
2021-04-05,XLE,-0.026174721071005158,-0.06268036267168087
2021-04-06,XLE,-0.017058313626056143,-0.06692421550900907
2021-04-07,XLE,-0.0050606307166621844,-0.04697822648702166
2021-04-08,XLE,-0.011210827613467256,-0.08262184175762965
2021-04-09,XLE,-0.04213853005576451,-0.08901401233230655
2021-04-12,XLE,-0.026471048361575544,-0.09805332288231217
2021-04-13,XLE,-0.02286609377874138,-0.08671050832506344
2021-04-14,XLE,0.0008138381644295922,-0.03378224690691478
2021-04-15,XLE,0.005772218223068171,-0.04903235095577374
2021-04-16,XLE,0.004357550098732288,-0.01224717945718412
2021-04-19,XLE,0.011294506085688383,-0.013466549104474868
2021-04-20,XLE,-0.016506945916066385,-0.030284719273915628
2021-04-21,XLE,-0.03090079605390028,-0.003345290025327685
2021-04-22,XLE,-0.034433408666422416,-0.039159928111179854
2021-04-23,XLE,-0.017768326941953072,-0.033936055438472223
2021-04-26,XLE,-0.010134258827691256,-0.050961442917867306
2021-04-27,XLE,0.029105777560583412,-0.02789505870251463
2021-04-28,XLE,0.05118542910403079,0.014372546826976196
2021-04-29,XLE,0.07556770741494012,0.0328168689604551
2021-04-30,XLE,0.03891422206512907,-0.018286691408005096
2021-05-03,XLE,0.06038435363176764,0.0333944483654538
2021-05-04,XLE,0.04830722539907706,0.036749837691402165
2021-05-05,XLE,0.04609868297120867,0.06653110534985962
2021-05-06,XLE,0.03986599576358163,0.08616798390986902
2021-05-07,XLE,0.08584747775019519,0.11288631337313948
2021-05-10,XLE,0.05714283632285566,0.12215002578689682
2021-05-11,XLE,0.029342348826238762,0.09214357037452303
2021-05-12,XLE,0.0019074551778899274,0.0676965334421955
2021-05-13,XLE,-0.015372969742474263,0.06333256872758697
2021-05-14,XLE,-0.002610445730699351,0.10516537057796338
2021-05-17,XLE,0.020130462422476292,0.13195455707972115
2021-05-18,XLE,0.022766246058065764,0.13575543313707605
2021-05-19,XLE,-0.007425792683366961,0.09355991215430537
2021-05-20,XLE,0.0032766040862879375,0.10486081244168277
2021-05-21,XLE,-0.024864529829364046,0.09718102441109067
2021-05-24,XLE,-0.03745646747679621,0.10071042234160044
2021-05-25,XLE,-0.03460525098381362,0.06544181873722832
2021-05-26,XLE,-0.0011507514556868825,0.03911400049040559
2021-05-27,XLE,0.001152875398779285,0.028419291194552
2021-05-28,XLE,0.0009584817436480986,0.057096562033220666
2021-06-01,XLE,0.029233076525972734,0.06837447239839056
2021-06-02,XLE,0.07014166610909545,0.08763314362515517
2021-06-03,XLE,0.06356817053121966,0.05646684625964182
2021-06-04,XLE,0.06985222823303183,0.05807543926311376
2021-06-07,XLE,0.06320648009148,0.035055049503653235
2021-06-08,XLE,0.03264444842315273,0.0436158008663603
2021-06-09,XLE,0.007423256260866706,0.06447279121230554
2021-06-10,XLE,0.003430708126537896,0.05807304873911945
2021-06-11,XLE,-0.006636775197233491,0.06746331162177333
2021-06-14,XLE,-0.006665635700799033,0.030846719030086955
2021-06-15,XLE,0.0035723279163870636,0.026676466692974188
2021-06-16,XLE,0.004493332946724271,0.04545474197751953
2021-06-17,XLE,-0.028432508946327317,0.0356801231961148
2021-06-18,XLE,-0.05399058132890111,0.006532338905401502
2021-06-21,XLE,-0.009383712346837658,0.047211983547614356
2021-06-22,XLE,-0.021422745613462135,0.04377849309944115
2021-06-23,XLE,-0.013458490896879782,0.06835519863825401
2021-06-24,XLE,0.030053745317694558,0.06803523294828961
2021-06-25,XLE,0.06710367084391256,0.07283750570185155
2021-06-28,XLE,-0.011096474877466789,0.0345999768909675
2021-06-29,XLE,-0.022414052995500033,-0.008598528446342901
2021-06-30,XLE,-0.013008522556260504,-0.014656181202112206
2021-07-01,XLE,-0.004359640047077562,-0.00017787929483337184
2021-07-02,XLE,-0.01174542899351283,-0.00898783871475417
2021-07-06,XLE,-0.010473196259807471,-0.03709728312179794
2021-07-07,XLE,-0.021800448511284598,-0.060868940611740974
2021-07-08,XLE,-0.039354151431631124,-0.06040838043192265
2021-07-09,XLE,-0.035760099242747256,-0.03922774673337803
2021-07-12,XLE,-0.03510694730782615,-0.037390628440620466
2021-07-13,XLE,-0.010206191692294309,-0.04052937115378252
2021-07-14,XLE,-0.023823125369129117,-0.08650528026636706
2021-07-15,XLE,-0.03188408360107298,-0.09443540142725282
2021-07-16,XLE,-0.07890231776554146,-0.08913677764237249
2021-07-19,XLE,-0.11010039547894734,-0.09448502081269894
2021-07-20,XLE,-0.09127344452564667,-0.1198444337152812
2021-07-21,XLE,-0.030702741881041384,-0.09516808900382934
2021-07-22,XLE,-0.027943932933172655,-0.10773185513113148
2021-07-23,XLE,-0.0032869962862431823,-0.11861956479906532
2021-07-26,XLE,0.05877335770708725,-0.10155389662375347
2021-07-27,XLE,0.03509136130766666,-0.07873579158767341
2021-07-28,XLE,0.009340092882478723,-0.06577715454444677
2021-07-29,XLE,0.030595373053058594,-0.0683127031591727
2021-07-30,XLE,0.017930900107098635,-0.09888709233995296
2021-08-02,XLE,-0.014078886492837284,-0.10367529920479801
2021-08-03,XLE,0.012180360972385174,-0.0576449920334261
2021-08-04,XLE,-0.024139921906398465,-0.06801145273925235
2021-08-05,XLE,-0.022514305126122403,-0.05198049196294874
2021-08-06,XLE,0.0024297158932511387,-0.0631974933789754
2021-08-09,XLE,-0.004284026284596454,-0.0750427524301096
2021-08-10,XLE,-0.003810885233287764,-0.05155619958135993
2021-08-11,XLE,0.03195224510436767,-0.014760850464761277
2021-08-12,XLE,0.01936383254014795,-0.0017963937313640876
2021-08-13,XLE,-0.0018178931183471247,0.015201229822403795
2021-08-16,XLE,-0.006146234826482799,0.03300668800344564
2021-08-17,XLE,-0.033420386798926005,0.00882541203284859
2021-08-18,XLE,-0.06092708839224037,-0.04548229241925561
2021-08-19,XLE,-0.08438297824838181,-0.05975360471611646
2021-08-20,XLE,-0.07142843253966968,-0.054204175373062546
2021-08-23,XLE,-0.018552828268450172,-0.04243766152525397
2021-08-24,XLE,0.008123149876294589,-0.01745846785063565
2021-08-25,XLE,0.03743888665494888,-0.01890968680632743
2021-08-26,XLE,0.048919136124351725,-0.043036226949534684
2021-08-27,XLE,0.07452586469938094,-0.0016197797125532265
2021-08-30,XLE,0.023524256731637605,-0.005916125200768563
2021-08-31,XLE,0.0,-0.029282161525587602
2021-09-01,XLE,-0.02214478186285529,-0.016903853578669414
2021-09-02,XLE,0.018113442168517846,-0.0032614429854211924
2021-09-03,XLE,-0.013993092030779586,-0.01797624474244497
2021-09-07,XLE,-0.008208403084210336,-0.009834069472140938
2021-09-08,XLE,-0.01425618551335417,-0.03946038889204162
2021-09-09,XLE,0.0025160399707040426,-0.044946449512210496
2021-09-10,XLE,-0.022699120870051104,-0.04439078870821256
2021-09-13,XLE,0.01110673889389635,-0.005260833820447619
2021-09-14,XLE,0.002483100412089101,-0.001236754599720613
2021-09-15,XLE,0.05344808668536816,0.04686525733363345
2021-09-16,XLE,0.03932273209959081,0.05700936862822159
2021-09-17,XLE,0.03201491029597503,0.07709111019217296
2021-09-20,XLE,-0.027381738483067686,0.041924513280654496
2021-09-21,XLE,-0.010830634843788545,0.006621684640382819
2021-09-22,XLE,-0.017051650783852623,0.020722990712098266
2021-09-23,XLE,0.02905533241765701,0.04846766512625167
2021-09-24,XLE,0.04457398846016858,0.07262926012157878
2021-09-27,XLE,0.11579196699401817,0.08193859294206729
2021-09-28,XLE,0.11700099309227507,0.0985547377274687
2021-09-29,XLE,0.08358960983049535,0.10604482725073883
2021-09-30,XLE,0.031077047893882215,0.10553272603076613
2021-10-01,XLE,0.057760344739990144,0.11439909245064817
2021-10-04,XLE,0.03813309749687943,0.13913630190045878
2021-10-05,XLE,0.040650535070489324,0.15267318172023026
2021-10-06,XLE,0.029684053982228287,0.15534757091295237
2021-10-07,XLE,0.0535611313105222,0.16182311613868672
2021-10-08,XLE,0.050705562265306314,0.19810116825405344
2021-10-11,XLE,0.02997087293132461,0.1603890728091546
2021-10-12,XLE,0.024890878727391152,0.17843805009094238
2021-10-13,XLE,0.034888413212513125,0.13499262990084282
2021-10-14,XLE,0.03954062424725513,0.16206669027226717
2021-10-15,XLE,0.013434811959704751,0.17653090090532264
2021-10-18,XLE,0.01792019441900461,0.21443686318758282
2021-10-19,XLE,0.028540966463332484,0.22534305413541622
2021-10-20,XLE,0.03779253635670199,0.1983202180157948
2021-10-21,XLE,0.006310302460882378,0.1363817335460673
2021-10-22,XLE,0.010814518899916914,0.13850673069373265
2021-10-25,XLE,0.02492610327345801,0.1155377334466543
2021-10-26,XLE,0.019303783092347038,0.11816983009878235
2021-10-27,XLE,-0.01795190271185032,0.08602747697850166
2021-10-28,XLE,0.007664359546866839,0.11057788947340463
2021-10-29,XLE,-0.008282909292898433,0.0674219243788936
2021-11-01,XLE,-0.005782420123430998,0.06834781424706438
2021-11-02,XLE,-0.020798128486450462,0.05214378257015051
2021-11-03,XLE,-0.000174181308496002,0.054535424815115086
2021-11-04,XLE,-0.005877377520183691,0.047922679700678206
2021-11-05,XLE,0.013746293794973052,0.02987464672940332
2021-11-08,XLE,0.005644908766819556,0.0431154593061549
2021-11-09,XLE,0.019340293117876328,0.04644560117358454
2021-11-10,XLE,0.0006967678896985241,0.019694662501721583
2021-11-11,XLE,0.003129874706746305,0.011218341901441775
2021-11-12,XLE,-0.012186833848987999,0.0038373692306878926
2021-11-15,XLE,-0.012927414840015472,0.011504318985782858
2021-11-16,XLE,-0.015415745534238967,0.0017236995559180013
2021-11-17,XLE,-0.004176044443780169,-0.02154203590937065
2021-11-18,XLE,-0.013867143097058277,-0.0090575143538415
2021-11-19,XLE,-0.05004334818284861,-0.05660042627688022
2021-11-22,XLE,-0.04118551020575112,-0.0537415385992267
2021-11-23,XLE,-0.01324873805614446,-0.030267383431934247
2021-11-24,XLE,0.01188178411614782,0.008182586087911448
2021-11-26,XLE,-0.023027059244248416,-0.03923961867928516
2021-11-29,XLE,0.022498651638897638,-0.02731857590473097
2021-11-30,XLE,-0.01887135561418163,-0.06619908935022956
2021-12-01,XLE,-0.05823869056046538,-0.06734588101455585
2021-12-02,XLE,-0.04023494835278607,-0.03221301779060737
2021-12-03,XLE,-0.007916631384479511,-0.04121043623837395
2021-12-06,XLE,0.0010731510688404278,-0.03947835452988513
2021-12-07,XLE,0.04909322436334573,-0.025854752779196133
2021-12-08,XLE,0.06017408319376627,-0.029984655558061735
2021-12-09,XLE,0.02231029957606867,-0.011310287536216324
2021-12-10,XLE,0.038085046965444125,-0.007800351257177374
2021-12-13,XLE,-0.005539518319545023,-0.033014692504425125
2021-12-14,XLE,-0.03230316578161008,-0.04497674641457716
2021-12-15,XLE,-0.03684954371536808,-0.051101297461550454
2021-12-16,XLE,-0.02323127214351095,-0.03022900051782551
2021-12-17,XLE,-0.05013982006829676,-0.044296181507529675
2021-12-20,XLE,-0.03510538113531769,-0.01780895166226748
2021-12-21,XLE,-0.0035015318947111407,-0.007441773844049204
2021-12-22,XLE,0.007805467959183687,-0.030854747453024967
2021-12-23,XLE,0.0019975488848402723,-0.0397018903650862
2021-12-27,XLE,0.04517923892028497,0.02242523613035874
2021-12-28,XLE,0.05753641628464323,0.015847600093234604
2021-12-29,XLE,0.021643371258603716,0.03354492618570859
2021-12-30,XLE,0.008930241834856467,0.038267280917747115
2021-12-31,XLE,0.010928927097425767,0.011490401740267941
2022-01-03,XLE,0.019964550497878708,0.05115913579188103
2022-01-04,XLE,0.056011279832681504,0.0715965393178799
2022-01-05,XLE,0.06265720893645077,0.046907882983853844
2022-01-06,XLE,0.09302735626366188,0.07044169363001695
2022-01-07,XLE,0.10522517935063758,0.09352772943637255
2022-01-10,XLE,0.06868225040583842,0.08214169355058454
2022-01-11,XLE,0.06807427142253797,0.15092023672653943
2022-01-12,XLE,0.07028207947377108,0.1578902672782445
2022-01-13,XLE,0.04164622288992925,0.15768158517498843
2022-01-14,XLE,0.05167914604415147,0.177392637449602
2022-01-18,XLE,0.05919872148582317,0.20670717911103176
2022-01-19,XLE,0.016922432410397814,0.21297868571328493
2022-01-20,XLE,0.00568275368799509,0.1685620296827961
2022-01-21,XLE,-0.009202013266131903,0.13814483086006302
2022-01-24,XLE,-0.025422373817130195,0.14517298267632706
2022-01-25,XLE,0.008337042912131887,0.16417118072746195
2022-01-26,XLE,0.013996915596202086,0.16303952001796107
2022-01-27,XLE,0.03453147830292691,0.18330352652031778
2022-01-28,XLE,0.050920603837502076,0.18551293568794502
2022-01-31,XLE,0.04851281853963263,0.18774774328490085
2022-02-01,XLE,0.045322592472189616,0.1931144431690437
2022-02-02,XLE,0.05046006992041452,0.15692568711183452
2022-02-03,XLE,0.02928226644063736,0.1461394374607472
2022-02-04,XLE,0.04982473249135566,0.1386547586768896
2022-02-07,XLE,0.05855578625399316,0.1375937408547505
2022-02-08,XLE,0.00014644187751300386,0.11659865655580104
2022-02-09,XLE,0.00525627775250781,0.08888196352986721
2022-02-10,XLE,0.008549506326553047,0.08003150384501767
2022-02-11,XLE,0.021915978815236103,0.11708703653493546
2022-02-14,XLE,-0.014760826864195775,0.06572610174885707
2022-02-15,XLE,-0.0036615567459914455,0.05033186374292131
2022-02-16,XLE,-0.003921336019686139,0.06656324700621385
2022-02-17,XLE,0.00073066951532752,0.07471331886415777
2022-02-18,XLE,-0.03351786884149588,0.089671834436033
2022-02-22,XLE,-0.026181611289538553,0.06489585573249768
2022-02-23,XLE,-0.005732826107708089,0.03567601840419643
2022-02-24,XLE,-0.021435048314650818,0.029294464532308107
2022-02-25,XLE,0.0059882105292250465,0.04506141296891619
2022-02-28,XLE,0.03717810051486592,0.07542259548245411
2022-03-01,XLE,0.06482459355465964,0.08146250261177634
2022-03-02,XLE,0.07806063907698402,0.06811194775476825
2022-03-03,XLE,0.08955454765165771,0.06760123189529677
2022-03-04,XLE,0.09218950080613797,0.1089330304789693
2022-03-07,XLE,0.08160965702649903,0.10798253142497982
2022-03-08,XLE,0.08766996222456491,0.11120669750020618
2022-03-09,XLE,0.030855446830990507,0.10090780016303658
2022-03-10,XLE,0.05949117954697947,0.125199726178715
2022-03-11,XLE,0.021533986236493163,0.12320988904208385
2022-03-14,XLE,-0.023447578799273727,0.0587984199695164
2022-03-15,XLE,-0.0737683724598015,0.04465475594454116
2022-03-16,XLE,-0.04895553652920592,0.05086005184880715
2022-03-17,XLE,-0.04543710470180384,0.07830229403560374
2022-03-18,XLE,-0.03864679477187283,0.07901302505049057
2022-03-21,XLE,0.03096191945652671,0.12943717858586012
2022-03-22,XLE,0.062278793213411676,0.13954984454433195
2022-03-23,XLE,0.0855406519718529,0.14732874198128365
2022-03-24,XLE,0.05202340327385335,0.15924778133081707
2022-03-25,XLE,0.0761132920367733,0.15422849530890037
2022-03-28,XLE,0.008800728810354652,0.09853558259408635
2022-03-29,XLE,0.013629680694505097,0.08476227169489348
2022-03-30,XLE,0.008065548555876711,0.07283629114734391
2022-03-31,XLE,-0.00804566273021512,0.055404584506512755
2022-04-01,XLE,-0.021460025938321747,0.03412340168732175
2022-04-04,XLE,0.004687788539958548,0.020409976870119362
2022-04-05,XLE,-0.00848585992051809,-0.011136495108831745
2022-04-06,XLE,-0.014066388772630667,0.026085046199592288
2022-04-07,XLE,0.012558908016394588,0.008653336840757753
2022-04-08,XLE,0.03205276557680392,0.04477181477935788
2022-04-11,XLE,-0.0002592048073210007,0.04463975466299086
2022-04-12,XLE,0.03252133887988795,0.10234053737856752
2022-04-13,XLE,0.04175362880051625,0.12395146745859442
2022-04-14,XLE,0.0316534482666051,0.09011223690222936
2022-04-18,XLE,0.018735079459296866,0.10713283313339117
2022-04-19,XLE,0.04174199156666769,0.05556284665296829
2022-04-20,XLE,0.02869190985873571,0.06748699113195
2022-04-21,XLE,-0.018595089982620716,0.016130982088457202
2022-04-22,XLE,-0.04571061515092256,-0.011160271974402947
2022-04-25,XLE,-0.09059478691398504,-0.06438069534058954
2022-04-26,XLE,-0.08188156089555243,-0.03932294508893186
2022-04-27,XLE,-0.07202172285169639,-0.022715338968641863
2022-04-28,XLE,-0.012546337319840783,-0.004645817463508672
2022-04-29,XLE,-0.013779582607004626,-0.016876188079060217
2022-05-02,XLE,0.03623769073846472,-0.009213712909100114
2022-05-03,XLE,0.06383851520310468,0.017236661322907132
2022-05-04,XLE,0.09203853937406947,0.07636640834977437
2022-05-05,XLE,0.04395173567422228,0.05392666872976304
2022-05-06,XLE,0.10339344414090523,0.07131778730528682
2022-05-09,XLE,-0.003798228574194651,-0.043631210316350755
2022-05-10,XLE,-0.022168478499024813,-0.005056033472910726
2022-05-11,XLE,-0.04856285202424626,-0.008160948181288208
2022-05-12,XLE,-0.0299304907375888,-0.018595089982620716
2022-05-13,XLE,-0.025807791035682204,0.011647315744726772
2022-05-16,XLE,0.09006042584059104,0.023327645393860452
2022-05-17,XLE,0.0927689622395127,0.04367865996567355
2022-05-18,XLE,0.05065586850868309,0.013016152282679494
2022-05-19,XLE,0.04237586669522253,0.04237586669522253
2022-05-20,XLE,0.012255109068325387,0.07309709213606275
2022-05-23,XLE,0.01230243558577615,0.1391149434025527
2022-05-24,XLE,0.004530560647787452,0.14190834730875057
2022-05-25,XLE,0.05225136406388842,0.14867734979085956
2022-05-26,XLE,0.0677967040401648,0.12718759056209938
2022-05-27,XLE,0.08267085290858467,0.17804389719271763
2022-05-31,XLE,0.038961312591751396,0.14210896531565775
2022-06-01,XLE,0.05186955924906145,0.12906104904197968
2022-06-02,XLE,0.027328790702399575,0.08061141628231239
2022-06-03,XLE,0.029560986295752656,0.11164944491418405
2022-06-06,XLE,0.009940557005170936,0.07826842367519271
2022-06-07,XLE,0.05596307112003407,0.21062311387213617
2022-06-08,XLE,0.041300044159325644,0.20234549037782834
2022-06-09,XLE,0.021507677309773765,0.16019524807234076
2022-06-10,XLE,-0.00893755868795032,0.13570625840773043
2022-06-13,XLE,-0.05961314454523958,0.04085153108960626
2022-06-14,XLE,-0.08514335202046375,0.016041475929681193
2022-06-15,XLE,-0.10728215898834315,-0.017765596013570528
2022-06-16,XLE,-0.13851947713975754,-0.04870315877261133
2022-06-17,XLE,-0.17157037805022812,-0.09739592371645023
2022-06-21,XLE,-0.08067065068292911,-0.054699401129229996
2022-06-22,XLE,-0.11914865568097821,-0.11589514309658344
2022-06-23,XLE,-0.13264876145532545,-0.15190014100772453
2022-06-24,XLE,-0.0687825825462417,-0.15812493290728513
2022-06-27,XLE,0.013966235450935782,-0.142898593085117
2022-06-28,XLE,-0.009942453897230585,-0.13556184806011773
2022-06-29,XLE,-0.00449718704623292,-0.15287618381294232
2022-06-30,XLE,0.012029388824658538,-0.18402241569669464
2022-07-01,XLE,0.01382883820366776,-0.16918786964037102
2022-07-05,XLE,-0.054145918120711234,-0.21258393130094477
2022-07-06,XLE,-0.09474103059990258,-0.22516193145492613
2022-07-07,XLE,-0.028336749354794133,-0.22050391396526192
2022-07-08,XLE,-0.007831075561005152,-0.22252226269888875
2022-07-11,XLE,-0.03182705615105719,-0.21256604927917022
2022-07-12,XLE,-0.011477695782288966,-0.21460211368926418
2022-07-13,XLE,0.00408709174071431,-0.17267569372906533
2022-07-14,XLE,-0.04916882910505538,-0.18985211745543862
2022-07-15,XLE,-0.033262869542080686,-0.15805805348122537
2022-07-18,XLE,-0.0015652212540845367,-0.08738338070062346
2022-07-19,XLE,0.04963736442449851,-0.004884729409451838
2022-07-20,XLE,0.0614915419219666,-0.0447408709561703
2022-07-21,XLE,0.06297242876450526,-0.022349380606812574
2022-07-22,XLE,0.037323376200709024,0.006934703861459557
2022-07-25,XLE,0.05131097897808745,0.030311346721501264
2022-07-26,XLE,0.010646997823846815,-0.008142258046947348
2022-07-27,XLE,0.023554934371315506,-0.012420844641929385
2022-07-28,XLE,0.047672217012122875,0.028884477828697186
2022-07-29,XLE,0.10217835787031371,0.09662985150418257
2022-08-01,XLE,0.04121494082947197,0.058142683939961026
2022-08-02,XLE,0.04829677098976881,0.09928295293151179
2022-08-03,XLE,-0.004281461052532576,0.08626471198596919
2022-08-04,XLE,-0.04656728502923513,0.009580346314533639
2022-08-05,XLE,-0.06809477765559913,0.030021259911319875
2022-08-08,XLE,-0.04348963610819523,0.04539633140458599
2022-08-09,XLE,-0.024406482178346067,0.08490553885937735
2022-08-10,XLE,0.011690497658023213,0.0944904043654613
2022-08-11,XLE,0.0867983497357585,0.15394855352456593
2022-08-12,XLE,0.07375475678174359,0.14404442797415284
2022-08-15,XLE,0.04737273362015881,0.09663609145805307
2022-08-16,XLE,0.026890044433651727,0.06139390113694598
2022-08-17,XLE,0.0280249448185661,0.05998342249152633
2022-08-18,XLE,0.020544420923340745,0.10788927959387107
2022-08-19,XLE,0.012616145997051742,0.11679528880147161
2022-08-22,XLE,0.03080338173403141,0.07524435130065621
2022-08-23,XLE,0.0704790525637482,0.12423026054845643
2022-08-24,XLE,0.07467702214188887,0.11292495375701517
2022-08-25,XLE,0.05460499927281792,0.11522053742400384
2022-08-26,XLE,0.04253732698255153,0.05636330713616555
2022-08-29,XLE,0.060269720042308794,0.09492188656303147
2022-08-30,XLE,-0.011317975182625117,0.06029731381368619
2022-08-31,XLE,-0.0322192451393829,0.08169860228644987
2022-09-01,XLE,-0.06323066355039286,0.09572955325923771
2022-09-02,XLE,-0.034766048314377684,0.09414316489999242
2022-09-06,XLE,-0.057914249751614744,0.07840996387028154
2022-09-07,XLE,-0.036188991523993574,0.04749181359155519
2022-09-08,XLE,-0.02310575375890478,0.044494480462996755
2022-09-09,XLE,0.02649015472114935,0.034925751342078204
2022-09-12,XLE,0.026513601533027842,0.046004996672190934
2022-09-13,XLE,0.009972354753184476,0.039901284077500376
2022-09-14,XLE,0.050702462219135214,0.07178196308450557
2022-09-15,XLE,0.019201531185768284,0.03552971079981915
2022-09-16,XLE,-0.026799052937331647,-0.013084878329553629
2022-09-19,XLE,-0.043780604712418625,-0.012251316217327002
2022-09-20,XLE,-0.02586405679778303,-0.017266303009269013
2022-09-21,XLE,-0.06650910774796004,-0.06537292941580708
2022-09-22,XLE,-0.04522332329570611,-0.08000301901358353
2022-09-23,XLE,-0.09168240080027268,-0.14998281389930457
2022-09-26,XLE,-0.11450303355740588,-0.16103870771826978
2022-09-27,XLE,-0.09831403541620554,-0.16425305302057847
2022-09-28,XLE,-0.0443595347245902,-0.09660798297910445
2022-09-29,XLE,-0.04095101342337937,-0.08830365985563737
2022-09-30,XLE,0.021850251663979137,-0.0727810553367444
2022-10-03,XLE,0.10676394683693724,-0.03802377706708682
2022-10-04,XLE,0.14154191095722912,0.012689308462655147
2022-10-05,XLE,0.11570253743134473,0.045761831750778637
2022-10-06,XLE,0.13553689390934753,0.05975118008889213
2022-10-07,XLE,0.13579572138893004,0.0259536394924047
2022-10-10,XLE,0.05296372344439204,-0.013236586391376592
2022-10-11,XLE,0.001512351781133292,0.004206547009791173
2022-10-12,XLE,-0.010864174961269568,-0.01551530577161131
2022-10-13,XLE,0.011523831456778044,0.051768017682631395
2022-10-14,XLE,-0.018582003264174474,0.03461609717240388
2022-10-17,XLE,0.014478271796647846,0.04688322307954529
2022-10-18,XLE,0.03158018454694145,0.06342403472177893
2022-10-19,XLE,0.05354462449681452,0.11109660106214325
2022-10-20,XLE,0.013191002921779882,0.11611638478152742
2022-10-21,XLE,0.082835271655461,0.23339986325030937
2022-10-24,XLE,0.07455696951483737,0.2704003585101047
2022-10-25,XLE,0.06634972645313209,0.25762402107776516
2022-10-26,XLE,0.04987556572329832,0.22066113250778852
2022-10-27,XLE,0.05266898274976728,0.22506891289483955
2022-10-28,XLE,0.02668782023250027,0.23923893448522038
2022-10-31,XLE,0.03045560307455686,0.1828097322070934
2022-11-01,XLE,0.03934578939053068,0.14503569110966907
2022-11-02,XLE,0.0006770644585469832,0.09481475375035076
2022-11-03,XLE,0.01551586947316741,0.09558476603955124
2022-11-04,XLE,0.024313817386497405,0.11760375543962986
2022-11-07,XLE,0.03322227718380932,0.16063387349044334
2022-11-08,XLE,0.024320394203867446,0.17111227675729324
2022-11-09,XLE,-0.0016915646490200942,0.10496736256912453
2022-11-10,XLE,0.001993058387934399,0.08526195459598185
2022-11-11,XLE,0.01870471782791472,0.16006454142393878
2022-11-14,XLE,0.0011829670969021322,0.14542311795048168
2022-11-15,XLE,0.010743551522724104,0.14745726951065397
2022-11-16,XLE,0.04100311715490368,0.09181371348012557
2022-11-17,XLE,0.020552410361983187,0.09314699838742313
2022-11-18,XLE,-0.016106261313961756,0.05406636508407936
2022-11-21,XLE,-0.029108524607496133,0.03492096974414505
2022-11-22,XLE,-0.0091412540680047,0.06622437543040882
2022-11-23,XLE,0.0005423757955673736,0.040509868480448574
2022-11-25,XLE,-0.0053053465711490055,0.032943396762211696
2022-11-28,XLE,-0.024882715659563348,0.001120604705938888
2022-11-29,XLE,0.003429650163434994,0.0077779028215283486
2022-11-30,XLE,-0.022205562037666327,0.0030812406783926605
2022-12-01,XLE,-0.014748864362583047,0.02446989740591632
2022-12-02,XLE,-0.01698045793204217,-0.00011060842004917415
2022-12-05,XLE,-0.01925015433056354,-0.04145696182543246
2022-12-06,XLE,-0.05931627328851374,-0.08248177158205716
2022-12-07,XLE,-0.06615472617535212,-0.08551788954887496
2022-12-08,XLE,-0.06725365089547608,-0.042810295160031986
2022-12-09,XLE,-0.08448678911623009,-0.08640889300495891
2022-12-12,XLE,-0.031724340241370164,-0.08890782927314711
2022-12-13,XLE,0.013361276870842875,-0.07132115301768893
2022-12-14,XLE,0.009515852573485084,-0.08662866460591812
2022-12-15,XLE,0.007906610096294564,-0.07324213085832021
2022-12-16,XLE,0.02031927342677875,-0.08661759549642556
2022-12-19,XLE,-0.005893676509984513,-0.07945090756307127
2022-12-20,XLE,-0.009682397164858858,-0.0527396389226491
2022-12-21,XLE,0.015355071689144406,-0.06404800731151172
2022-12-22,XLE,-0.0020026166173532367,-0.07559944405428021
2022-12-23,XLE,0.042634790583793825,-0.042596369891290675
2022-12-27,XLE,0.053898166738788555,-0.005078654134873295
2022-12-28,XLE,0.014985266471297054,-0.04183087489073711
2022-12-29,XLE,0.006484425977119956,-0.036585740796059696
2022-12-30,XLE,0.036742681692567114,-0.027288092685889387
2023-01-03,XLE,-0.030553711718249832,-0.05581592646283606
2023-01-04,XLE,-0.04091339681615502,-0.027054923073111525
2023-01-05,XLE,-0.0010460280196171734,0.017522495794631388
2023-01-06,XLE,0.00736319638920091,0.039260030330090734
2023-01-09,XLE,-0.0025150490882849263,0.04022437616609542
2023-01-10,XLE,0.04111384619816638,0.07371810765069076
2023-01-11,XLE,0.04443630370382179,0.049472998325354345
2023-01-12,XLE,0.04526930398279494,0.04956154852328054
2023-01-13,XLE,0.02729546829637841,0.05756350117537545
2023-01-17,XLE,0.03312327633187917,0.06624959580563461
2023-01-18,XLE,0.007055696322409322,0.05976037571316439
2023-01-19,XLE,0.0164511316873428,0.07306229888782023
2023-01-20,XLE,0.007348215312916961,0.06761098635342888
2023-01-23,XLE,0.00722642794882522,0.04909694876084125
2023-01-24,XLE,0.001220370702441187,0.06969300055221783
2023-01-25,XLE,0.02000244000627327,0.03675628207662296
2023-01-26,XLE,0.03929007766716608,0.05818857566078428
2023-01-27,XLE,0.008288984493897145,0.060567510509048406
2023-01-30,XLE,-0.01611471921707719,0.025541001290696697
2023-01-31,XLE,-0.00354575583613026,0.02812409402540772
2023-02-01,XLE,-0.023265958662725295,0.04455003388512169
2023-02-02,XLE,-0.07475010521184111,0.020855535929629854
2023-02-03,XLE,-0.05776623799770386,0.0003489082717962333
2023-02-06,XLE,-0.04004940469930507,-0.02272715717329077
2023-02-07,XLE,-0.017569192780171883,0.012607541289045177
2023-02-08,XLE,-0.00680602286167209,-0.003527994308441973
2023-02-09,XLE,0.007660951279669037,-0.015089520724208438
2023-02-10,XLE,0.049441642687174436,0.004341940930425725
2023-02-13,XLE,0.051536812709430224,0.00033379101503494546
2023-02-14,XLE,0.018789037032902467,-0.0014420490602509162
2023-02-15,XLE,0.010507154693680132,-0.0001128091718693991
2023-02-16,XLE,0.009215459581142005,-0.022100668687780822
2023-02-17,XLE,-0.06340756864608943,-0.06620268337445556
2023-02-21,XLE,-0.06568132062921306,-0.07207503634066015
2023-02-22,XLE,-0.07221437787396023,-0.07468152181966015
2023-02-23,XLE,-0.041930462038575644,-0.06082434574924933
2023-02-24,XLE,-0.033671994005424644,-0.09075287910812357
2023-02-27,XLE,0.004971110027113701,-0.06927543565245253
2023-02-28,XLE,-0.004520067435422326,-0.06113985208363648
2023-03-01,XLE,0.02191349851702107,-0.05103977546588567
2023-03-02,XLE,0.015571537602230512,-0.02348026904013667
2023-03-03,XLE,0.030711183031745914,0.012884390391901146
2023-03-06,XLE,0.02814734316735601,0.015588728237689642
2023-03-07,XLE,0.024973047080834476,0.00245403388823906
2023-03-08,XLE,-0.005155643926302966,-0.03904914567184592
2023-03-09,XLE,-0.02776164266487824,-0.04408407522841551
2023-03-10,XLE,-0.05305978363621178,-0.04815110422691393
2023-03-13,XLE,-0.07273775348402478,-0.10264940195183725
2023-03-14,XLE,-0.04698058785368531,-0.09146485169809826
2023-03-15,XLE,-0.08881037497001276,-0.14053997756236336
2023-03-16,XLE,-0.06571083488994989,-0.11618449496186356
2023-03-17,XLE,-0.0684981069393299,-0.12144721931991898
2023-03-20,XLE,-0.030130720938120303,-0.07076680479189923
2023-03-21,XLE,-0.006373171519957865,-0.03379337489237266
2023-03-22,XLE,0.027677493795378094,-0.04800451654763771
2023-03-23,XLE,0.00255459720754736,-0.0751471969929487
2023-03-24,XLE,0.02251388473015603,-0.0703649163214739
2023-03-27,XLE,0.02380977046132049,-0.053347887517504966
2023-03-28,XLE,0.004851114922740818,-0.02469776363658127
2023-03-29,XLE,0.040925361561904294,-0.030293420865851628
2023-03-30,XLE,0.06018822915318722,-0.03451601473352106
2023-03-31,XLE,0.06342279477272683,-0.040861149971876065
2023-04-03,XLE,0.08837194341375243,0.00210306066180177
2023-04-04,XLE,0.05236466022631325,0.0013664354508708954
2023-04-05,XLE,0.05360197150112822,0.026979504196602333
2023-04-06,XLE,0.03306585298475806,0.025888897776372044
2023-04-10,XLE,0.03416637180887405,0.047488666606020136
2023-04-11,XLE,-0.0012705402208232908,0.07933850663958641
2023-04-12,XLE,0.017880253650109923,0.06951769116425166
2023-04-13,XLE,0.009039340213295777,0.13726352107335926
2023-04-14,XLE,0.026476896003350125,0.12711491341093462
2023-04-17,XLE,0.006303916178844737,0.13160472910594478
2023-04-18,XLE,0.0008093671013831294,0.1137708050336097
2023-04-19,XLE,-0.003351550395604974,0.07277009655011923
2023-04-20,XLE,-0.018261303657340355,0.0864260561484369
2023-04-21,XLE,-0.025793952213088778,0.09524425727453756
2023-04-24,XLE,0.0009280849190820284,0.1077159648431576
2023-04-25,XLE,-0.021723918652915897,0.06423612091151742
2023-04-26,XLE,-0.03142392599828714,0.03404318609214285
2023-04-27,XLE,-0.019302759801325453,0.02356525673079113
2023-04-28,XLE,0.0017650665775974517,0.03488928299431859
2023-05-01,XLE,-0.024455272864398636,0.01617764258816501
2023-05-02,XLE,-0.0490195941064957,-0.07010861098041121
2023-05-03,XLE,-0.054351796391241436,-0.07081535674941297
2023-05-04,XLE,-0.06823340632764241,-0.09479676532249126
2023-05-05,XLE,-0.057558841617289636,-0.05589537022727609
2023-05-08,XLE,-0.04680981070157686,-0.06339000580222998
2023-05-09,XLE,-0.0031052135510484247,-0.07181682827062452
2023-05-10,XLE,0.004557698869435356,-0.08297701649934541
2023-05-11,XLE,0.003712728714046598,-0.09957523704983884
2023-05-12,XLE,-0.021313989730108784,-0.09985115399364597
2023-05-15,XLE,-0.016328267314138167,-0.08445474470391023
2023-05-16,XLE,-0.040867121917602556,-0.1104689602707718
2023-05-17,XLE,-0.01121601866147326,-0.09021316697514792
2023-05-18,XLE,0.008035834226822303,-0.0754561978046443
2023-05-19,XLE,0.01426404650544466,-0.06283828448649753
2023-05-22,XLE,0.004941904095861593,-0.08078331899582447
2023-05-23,XLE,0.0413092962481485,-0.05315385029566999
2023-05-24,XLE,0.026127799189147982,-0.03615463383684059
2023-05-25,XLE,0.0006328659974061956,-0.05666205979792438
2023-05-26,XLE,-0.010924203279271794,-0.07470922938608804
2023-05-30,XLE,-0.017021925318389863,-0.07377917365022324
2023-05-31,XLE,-0.04453599203025127,-0.048689740061232833
2023-06-01,XLE,-0.03688969703909162,-0.0183565103065243
2023-06-02,XLE,0.010368987986258293,0.02291647548180209
2023-06-05,XLE,0.007617200168274385,-0.0107192503906679
2023-06-06,XLE,0.02629559171249074,-0.0027422001324527434
2023-06-07,XLE,0.07233321127548975,0.0232991483416658
2023-06-08,XLE,0.05468130825854178,0.030623767174928984
2023-06-09,XLE,0.01789739206066887,0.037372529909857954
2023-06-12,XLE,0.014867086741468194,0.025853503360664165
2023-06-13,XLE,0.01149848147949295,0.02546888020796989
2023-06-14,XLE,-0.024716811572882302,0.04052991917526261
2023-06-15,XLE,-0.009782351257887734,0.03211809933265575
2023-06-16,XLE,-0.005778913606746983,0.02315573381632552
2023-06-20,XLE,-0.018619607889337364,-0.007405895097178483
2023-06-21,XLE,-0.015499095758703119,0.004610351823634229
2023-06-22,XLE,-0.01864763128571756,-0.019382133070493746
2023-06-23,XLE,-0.03628804647213646,-0.030662115805332846
2023-06-26,XLE,-0.01751609909767926,0.0045982605103096486
2023-06-27,XLE,0.007274223554584847,0.010857266587377179
2023-06-28,XLE,0.009496031950276151,0.0317118865043009
2023-06-29,XLE,0.03503587479472969,0.062284568827901676
2023-06-30,XLE,0.04924995087251505,0.056034520909288066
2023-07-03,XLE,0.03314264188726623,0.02724184257433837
2023-07-05,XLE,0.025085393597980676,0.0283816302640032
2023-07-06,XLE,-0.008026938844562848,-0.0027917818701602704
2023-07-07,XLE,0.0017360158301316098,-0.007651072944238391
2023-07-10,XLE,0.0030800804357620226,0.004367085945320648
2023-07-11,XLE,0.022738557788173797,0.032127450928302714
2023-07-12,XLE,0.0379432856755515,0.05176512490104468
2023-07-13,XLE,0.057782176577594546,0.04283802574925777
2023-07-14,XLE,0.008169252957417994,0.025810439813262365
2023-07-17,XLE,-0.0015965339832114678,0.012669872158726836
2023-07-18,XLE,-0.013219611900376016,0.024403063397165248
2023-07-19,XLE,-0.01655147597337192,0.05398158351423232
2023-07-20,XLE,-0.0011952821592743357,0.057989419384806506
2023-07-21,XLE,0.03499088134111816,0.08187893058457618
2023-07-24,XLE,0.05375812820137682,0.10729051877538476
2023-07-25,XLE,0.04871515545790417,0.09346017466083656
2023-07-26,XLE,0.04298337406174646,0.09134656925234586
2023-07-27,XLE,0.024293787809372747,0.07349801836296965
2023-07-28,XLE,0.018386516567800992,0.06447606531960037
2023-07-31,XLE,0.0212469827788222,0.07773853162310429
2023-08-01,XLE,0.01114865955564337,0.07018212689979197
2023-08-02,XLE,-0.002437865294657726,0.062044216146234454
2023-08-03,XLE,0.014137217768616317,0.0974837283934622
2023-08-04,XLE,0.012463734796251957,0.0758756754907961
2023-08-07,XLE,-0.005258432718223793,0.06877938957873964
2023-08-08,XLE,0.004364205661612219,0.05095541144111637
2023-08-09,XLE,0.030489973659726388,0.054417839034128335
2023-08-10,XLE,0.02004618234167932,0.05833139574340618
2023-08-11,XLE,0.03428436480756458,0.10374462063058676
2023-08-14,XLE,0.028728831071411776,0.10124234293880718
2023-08-15,XLE,0.002401249779342862,0.06759217207363122
2023-08-16,XLE,-0.01863351268376212,0.052185554786071675
2023-08-17,XLE,-0.006776699778796136,0.05241733727533493
2023-08-18,XLE,-0.01212459297097046,0.053499297451466976
2023-08-21,XLE,-0.014186562377181744,0.0302359438036488
2023-08-22,XLE,-0.0010266281373717545,0.016955029552209178
2023-08-23,XLE,0.0051781296509876285,0.014046756936162197
2023-08-24,XLE,-0.013531933491098491,0.01355305305791532
2023-08-25,XLE,-0.013737370795147252,0.02026781586986348
2023-08-28,XLE,-0.0007932558312393478,0.008001708198556168
2023-08-29,XLE,0.009706546816651729,0.015504635696429903
2023-08-30,XLE,0.01728693062583897,0.03409750328923544
2023-08-31,XLE,0.02501429749418449,0.024423867353105866
2023-09-01,XLE,0.035963199403494794,0.04394841459646148
2023-09-05,XLE,0.03447492207348635,0.048264718029287224
2023-09-06,XLE,0.03211947601578302,0.043567768124672224
2023-09-07,XLE,0.025995949321528267,0.029587746312806917
2023-09-08,XLE,0.0352003886994916,0.03964311031728096
2023-09-11,XLE,0.0011020201697644616,0.010456023861472596
2023-09-12,XLE,0.019293991517866038,0.038650707878576496
2023-09-13,XLE,0.011176629155078555,0.05270353393861127
2023-09-14,XLE,0.024021021848749324,0.074338190358894
2023-09-15,XLE,-0.00043468069445629087,0.04628153336380647
2023-09-18,XLE,0.0214631488056114,0.04481150610606033
2023-09-19,XLE,-0.011364259436590807,0.04162427958618209
2023-09-20,XLE,-0.013143534661533285,0.0399349149967414
2023-09-21,XLE,-0.03793980427753796,0.028253579340874246
2023-09-22,XLE,-0.022181824654575744,0.03710716503176137
2023-09-25,XLE,-0.018239040391605954,0.040042597651260836
2023-09-26,XLE,-0.014684839377345438,0.02714298150851402
2023-09-27,XLE,0.019358112492035007,0.04987542708102888
2023-09-28,XLE,0.034656594237653104,0.04581049297369488
2023-09-29,XLE,0.012092696389274682,0.024033118043006896
2023-10-02,XLE,-0.0203473282872062,-0.016489668676608504
2023-10-03,XLE,-0.015348710233561547,-0.02232752100968005
2023-10-04,XLE,-0.06945166745742826,-0.05344308410983578
2023-10-05,XLE,-0.07620571823962652,-0.05836494398153402
2023-10-06,XLE,-0.05155429948143897,-0.061785700045320247
2023-10-09,XLE,0.0,-0.0175723237911255
2023-10-10,XLE,0.0019203371340144049,-0.0389917453570513
2023-10-11,XLE,0.021107705076085503,-0.04414665821922348
2023-10-12,XLE,0.028631970775940596,-0.054124961541021976
2023-10-13,XLE,0.04502494113363409,-0.019116285204799133
2023-10-16,XLE,0.01806074060075802,-0.020844708105837828
2023-10-17,XLE,0.027395752487654024,-0.0013148843242599684
2023-10-18,XLE,0.05025116393332585,0.01725642990088949
2023-10-19,XLE,0.047227908501164206,0.029609937749269122
2023-10-20,XLE,0.007478698695445818,0.010637226296519975
2023-10-23,XLE,-0.015411621354962879,-0.01802479325280104
2023-10-24,XLE,-0.03928447330530238,-0.02624831601874189
2023-10-25,XLE,-0.04969542644649316,-0.051654736480962526
2023-10-26,XLE,-0.05544681245265948,-0.060053979216112885
2023-10-27,XLE,-0.062375501676573575,-0.06372388055571443
2023-10-30,XLE,-0.043806424566712354,-0.04153950574666343
2023-10-31,XLE,-0.026956052462896785,-0.0377271706750365
2023-11-01,XLE,-0.027462967653671178,-0.00886299403442603
2023-11-02,XLE,0.009802835611857352,0.027458359344832095
2023-11-03,XLE,0.024223216682634385,0.011081328362871234
2023-11-06,XLE,0.009303768756885544,-0.03262221094552009
2023-11-07,XLE,-0.01631645580026475,-0.05524230604486069
2023-11-08,XLE,-0.026356169834064747,-0.05493374899603465
2023-11-09,XLE,-0.05778889089377792,-0.05886390096499927
2023-11-10,XLE,-0.03772489296216042,-0.06898069588759514
2023-11-13,XLE,-0.019719794081376696,-0.068521886330834
2023-11-14,XLE,0.011455533584548983,-0.0699003814900564
2023-11-15,XLE,0.022356560608190135,-0.08003464780294345
2023-11-16,XLE,0.005454462769827861,-0.09640539259226966
2023-11-17,XLE,0.015345827634144715,-0.06171061770196773
2023-11-20,XLE,0.009522531656423583,-0.04493272123734904
2023-11-21,XLE,-0.0016514421322439965,-0.03346663292989838
2023-11-22,XLE,-0.00023632419106267566,-0.0321545663090439
2023-11-24,XLE,0.023869923660991832,-0.02052806141139829
2023-11-27,XLE,-0.0007086129153219822,0.0
2023-11-28,XLE,-0.0018865023558177763,-0.003062176338781586
2023-11-29,XLE,-0.007090611664029578,-0.013734110640170272
2023-11-30,XLE,0.0,-0.004824082270732499
2023-12-01,XLE,0.0010596212163378471,-0.029008660644699313
2023-12-04,XLE,0.0,-0.023650329623547517
2023-12-05,XLE,-0.01771985509019236,-0.029754707942747816
2023-12-06,XLE,-0.02511304626707922,-0.02255379372955768
2023-12-07,XLE,-0.03818888323732239,-0.01691847557501447
2023-12-08,XLE,-0.03281574330374459,-0.0032726978737165346
2023-12-11,XLE,-0.0271770103958604,-0.012948170135624992
2023-12-12,XLE,-0.023451837696827016,-0.033448547444739685
2023-12-13,XLE,0.005127623637148027,-0.02866893311664287
2023-12-14,XLE,0.04179480194554497,0.0017730227362005024
2023-12-15,XLE,0.025173236527985532,0.016274920538621673
2023-12-18,XLE,0.0322912542114735,0.003525048994016844
2023-12-19,XLE,0.05921509139182235,0.014128811442565725
2023-12-20,XLE,0.034989027636987524,0.006979965568669311
2023-12-21,XLE,0.009366783442394722,0.011395430905656978
2023-12-22,XLE,0.017748819489877166,0.01019922233580206
2023-12-26,XLE,0.018175281154597656,0.022488947779334856
2023-12-27,XLE,0.0016433717533157477,0.017715324442626912
2023-12-28,XLE,-0.004383717926640274,0.009725218856124318
2023-12-29,XLE,-0.010503998768844891,0.0007717345446085488
2024-01-02,XLE,-0.0028241431098711134,0.006279999525371727
2024-01-03,XLE,0.004783623165072637,0.02738014959596291
2024-01-04,XLE,-0.008437870387118296,0.027332151294428897
2024-01-05,XLE,0.007735430052350223,0.04374755838351607
2024-01-08,XLE,-0.0016699320335495926,0.0387699792134395
2024-01-09,XLE,-0.02808587405360996,0.011201060630148696
2024-01-10,XLE,-0.0530654060822342,3.989950186378266e-05
2024-01-11,XLE,-0.033683914434383566,0.016567970056084347
2024-01-12,XLE,-0.023618450494912846,0.01389697624561892
2024-01-16,XLE,-0.035722858787703315,-0.03852261111065747
2024-01-17,XLE,-0.02816913977233193,-0.041414307748072754
2024-01-18,XLE,-0.020110268101803275,-0.0507244684942042
2024-01-19,XLE,-0.019447239439413733,-0.05892718349947357
2024-01-22,XLE,-0.02672961754048131,-0.04656390406562616
2024-01-23,XLE,-0.0008672444749487918,-0.04827108570007277
2024-01-24,XLE,0.021864354685462883,-0.03753801422760972
2024-01-25,XLE,0.04655224850931794,-0.02426776573706424
2024-01-26,XLE,0.05089186404663981,-0.0126568055806775
2024-01-29,XLE,0.0454827387401735,0.001189914969430994
2024-01-30,XLE,0.05406744162421573,0.013835791723996405
2024-01-31,XLE,0.01980671363093167,-0.015694987074493016
2024-02-01,XLE,-0.0027502500967949706,-0.031583811521429195
2024-02-02,XLE,-0.00866473629057074,-0.012882706206699734
2024-02-05,XLE,-0.009746825192328945,-0.016178788283351175
2024-02-06,XLE,-0.016705759665060937,-0.0014335672787528786
2024-02-07,XLE,0.004076159461979811,0.016877078677146606
2024-02-08,XLE,0.014508437130881457,0.03752297167734464
2024-02-09,XLE,-0.002514396725727508,0.01895777583536562
2024-02-12,XLE,0.011043257118523497,0.018747028577592584
2024-02-13,XLE,-0.002393137058746553,0.033081345403542795
2024-02-14,XLE,-0.0053730127662176,0.04072984975471905
2024-02-15,XLE,0.011937241106093621,0.07145538866861556
2024-02-16,XLE,0.027127686570064036,0.06735688797409667
2024-02-20,XLE,0.00664850541229689,0.05368476447345971
2024-02-21,XLE,0.03597990017435215,0.07118048443995129
2024-02-22,XLE,0.03877529352037978,0.057952995617646774
2024-02-23,XLE,0.003970850083096611,0.027860748395465373
2024-02-26,XLE,0.008063500476404029,0.023857503859232798
2024-02-27,XLE,0.012972911061831738,0.020919890553490195
2024-02-28,XLE,-0.007640376952923744,0.008470824330026216
2024-02-29,XLE,-0.004506954882733227,0.03272986451380966
2024-03-01,XLE,0.013727436244785451,0.044844224216368245
2024-03-04,XLE,-0.0005794809371066911,0.032208008140989675
2024-03-05,XLE,0.011177368091471074,0.042492075991185096
2024-03-06,XLE,0.016332107180934585,0.04235460341220376
2024-03-07,XLE,0.019967452862973634,0.04907465382715359
2024-03-08,XLE,0.011819900818025308,0.04207529540782318
2024-03-11,XLE,0.03329076425293076,0.06925954429713221
2024-03-12,XLE,0.0240644624770443,0.05591831004253445
2024-03-13,XLE,0.03719007285232934,0.08371332156195166
2024-03-14,XLE,0.03903929448029797,0.09591817049050388
2024-03-15,XLE,0.038448627703092875,0.0693762582516666
2024-03-18,XLE,0.03139368803734044,0.07370053332363113
2024-03-19,XLE,0.044804833535250665,0.09594217665773974
2024-03-20,XLE,0.026935559828372035,0.07425225758182097
2024-03-21,XLE,0.02254742051245917,0.07879760456183038
2024-03-22,XLE,0.01732974341759097,0.08360543967385858
2024-03-25,XLE,0.02326094768448428,0.08988751674755435
2024-03-26,XLE,0.0039053946451677035,0.08613196991870486
2024-03-27,XLE,0.014665956972870653,0.09839938027972006
2024-03-28,XLE,0.019546332238461472,0.10486371185957277
2024-04-01,XLE,0.029328883961560415,0.10028232244158741
2024-04-02,XLE,0.0340980000843254,0.12770398434714614
2024-04-03,XLE,0.0492759493886028,0.12705464922417997
2024-04-04,XLE,0.03897200464251904,0.12286741505466936
2024-04-05,XLE,0.03887300679808625,0.12534285600959305
2024-04-08,XLE,0.024708298055779787,0.11429753961001965
2024-04-09,XLE,0.01088759149582752,0.10325380240976179
2024-04-10,XLE,0.007106160714255516,0.10839085065971599
2024-04-11,XLE,0.007007481315704611,0.09019158308765252
2024-04-12,XLE,-0.019881871234350146,0.061527643960368916
2024-04-15,XLE,-0.022880966507948353,0.04848839497683577
2024-04-16,XLE,-0.031695567137927316,0.035768940450054076
2024-04-17,XLE,-0.03742720294012125,0.021154235805997512
2024-04-18,XLE,-0.03970535138928322,0.01944579986545958
2024-04-19,XLE,-0.01206690445463865,0.02559379669567452
2024-04-22,XLE,0.0037802274106357725,0.03452388604277057
2024-04-23,XLE,0.018220284562863842,0.030666661981926246
2024-04-24,XLE,0.021884603706255445,0.039442358956945034
2024-04-25,XLE,0.029731445214036256,0.03458225793309677
2024-04-26,XLE,0.008107927900278922,0.01408754517733457
2024-04-29,XLE,0.008368907216417032,0.013458124718461528
2024-04-30,XLE,-0.027049404428511448,-0.0302778435610348
2024-05-01,XLE,-0.04324778681927921,-0.05221426452658162
2024-05-02,XLE,-0.04211943494417236,-0.04616656329766444
2024-05-03,XLE,-0.033110617086119176,-0.05617869136941056
2024-05-06,XLE,-0.03205719461154455,-0.04268414509285856
2024-05-07,XLE,-0.0033148458898425437,-0.043901928300211335
2024-05-08,XLE,0.011626774649983407,-0.047959923156227324
2024-05-09,XLE,0.01933883504648981,-0.03448635463341576
2024-05-10,XLE,0.013611383892759177,-0.023925795563700003
2024-05-13,XLE,0.00300122219334531,-0.01732650825009152
2024-05-14,XLE,0.005256990146395246,-0.007415191727613846
2024-05-15,XLE,0.008700172556898034,-0.0023372853184245868
2024-05-16,XLE,-0.007419208414021883,-0.0020247433519515745
2024-05-17,XLE,0.012042979698288603,-0.00010532016943354261
2024-05-20,XLE,0.008121123903601868,-0.013076888863712721
2024-05-21,XLE,0.0019209332945160362,-0.02330417832406817
2024-05-22,XLE,-0.01948660412092862,-0.042727864999169696
2024-05-23,XLE,-0.025734063383888395,-0.055779734942621007
2024-05-24,XLE,-0.03780521048999308,-0.04564439544124188
2024-05-28,XLE,-0.02151782245603928,-0.04232799331461534
2024-05-29,XLE,-0.0340859928507119,-0.030367853028722247
2024-05-30,XLE,-0.012380750812713393,-0.011844055113932939
2024-05-31,XLE,0.021481804768963997,0.006914489797616108
2024-06-03,XLE,-0.006676312440591747,-0.019552758448554308
2024-06-04,XLE,-0.0262158930002091,-0.03654867349877433
2024-06-05,XLE,-0.008822324992811326,-0.03572584272585877
2024-06-06,XLE,-0.006487727347902927,-0.02953828117280266
2024-06-07,XLE,-0.03444183267993317,-0.04621066519783401
2024-06-10,XLE,-0.0009916695067989645,-0.033678017548189665
2024-06-11,XLE,0.006674598795927578,-0.03302014383980034
2024-06-12,XLE,-0.00400533290946159,-0.04461055464194952
2024-06-13,XLE,-0.01826226380298346,-0.0554786081851919
2024-06-14,XLE,-0.02166931581222653,-0.05990385830756162
2024-06-17,XLE,-0.026469626028691517,-0.07045074189095923
2024-06-18,XLE,-0.020444156364984423,-0.060419679421731654
2024-06-20,XLE,0.008378076498687825,-0.03845329586091362
2024-06-21,XLE,0.011837647572315202,-0.025304185345884855
2024-06-24,XLE,0.045127506464671674,0.008472429834337492
2024-06-25,XLE,0.0448025049801235,0.009354242989943584
2024-06-26,XLE,0.03020636195991644,-0.01075191143317289
2024-06-27,XLE,0.013949023552016548,0.009364534052978435
2024-06-28,XLE,0.02375483102733722,0.010358546429110715
2024-07-01,XLE,-0.0008764045263925935,-0.013601030064375519
2024-07-02,XLE,-0.003934768016299772,0.012140031279965768
2024-07-03,XLE,0.010376457184891441,0.026421536168376836
2024-07-05,XLE,-0.007709435226746275,0.010497843941307483
2024-07-08,XLE,-0.01755353232240231,-0.00089489344965199
2024-07-09,XLE,-0.026754319837838825,-0.005747588391508129
2024-07-10,XLE,-0.019422855715534038,-0.006533428006030517
2024-07-11,XLE,-0.013547521002359897,0.005802739098533571
2024-07-12,XLE,0.00466165355212067,0.019291034730652523
2024-07-15,XLE,0.026130517735305503,0.044283215828993194
2024-07-16,XLE,0.039882755834832695,0.05680620519148194
2024-07-17,XLE,0.043195999998181245,0.06455882810140001
2024-07-18,XLE,0.03433394231044429,0.06204859996329182
2024-07-19,XLE,0.020437505616660134,0.03148097446694642
2024-07-22,XLE,-0.0010883217399563216,0.030942762611510854
2024-07-23,XLE,-0.021343186206447262,-0.010407259236256738
2024-07-24,XLE,-0.030894575859181317,-0.012569619892242923
2024-07-25,XLE,-0.015954804336515638,0.014460656568601404
2024-07-26,XLE,-0.001948816620235938,0.01530824852915802
2024-07-29,XLE,-0.004248689598559063,0.0027426251939037805
2024-07-30,XLE,0.02756528151722315,0.017763115451473466
2024-07-31,XLE,0.031768833365852345,0.02282446831800722
2024-08-01,XLE,-0.012622221703440628,-0.008630988846685894
2024-08-02,XLE,-0.04111066467775615,-0.01886777306828058
2024-08-05,XLE,-0.05415753128627909,-0.03461756818171913
2024-08-06,XLE,-0.0629172902207602,-0.02005399296329924
2024-08-07,XLE,-0.06308333888416728,-0.02271708926750149
2024-08-08,XLE,-0.01686129504812417,-0.011961278920337381
2024-08-09,XLE,0.011425495719978196,-0.012262341771782537
2024-08-12,XLE,0.039329052543393805,-0.022200401545264703
2024-08-13,XLE,0.022993832365501232,-0.035969472880679976
2024-08-14,XLE,0.024848230043779118,-0.039905577362278954
2024-08-15,XLE,0.015244673692345723,-0.030196140777081326
2024-08-16,XLE,0.011855228296287601,-0.020569600625000795
2024-08-19,XLE,0.01368958179555868,-0.00773483020646637
2024-08-20,XLE,-0.0033717417935149596,-0.01826661648984973
2024-08-21,XLE,-0.007485911025856051,-0.016714572557206653
2024-08-22,XLE,-0.016672038337217976,-0.030902994796502603
2024-08-23,XLE,-0.0008842512110621703,-0.019524896965277705
2024-08-26,XLE,0.0013174040902608208,-0.0021882234970089787
2024-08-27,XLE,0.018831744196627698,-0.026610616912967067
2024-08-28,XLE,0.01058186343186196,-0.03690595469054769
2024-08-29,XLE,0.021109436193549103,0.0022041394403218284
2024-08-30,XLE,0.009846225826210642,0.03257909525444558
2024-09-03,XLE,-0.02401293055361009,0.02961267211084273
2024-09-04,XLE,-0.02844488265996825,0.009197402143354072
2024-09-05,XLE,-0.029742597754970235,-0.0026336756497506997
2024-09-06,XLE,-0.054211638169076815,-0.0358705170621576
2024-09-09,XLE,-0.05094212596294101,-0.03109292274691766
2024-09-10,XLE,-0.04347850698201372,-0.05242074399090979
2024-09-11,XLE,-0.03907505314967119,-0.05203440203184939
2024-09-12,XLE,-0.022847301373329243,-0.04905022344959542
2024-09-13,XLE,-0.004883326535187971,-0.05498511963511876
2024-09-16,XLE,-0.0006924913469069649,-0.043108054976998544
2024-09-17,XLE,0.030537825226082393,-0.036671301299907144
2024-09-18,XLE,0.04220511585336473,-0.008682938979331478
2024-09-19,XLE,0.04523546739761142,0.001463299318676059
2024-09-20,XLE,0.037037205833412745,-0.0033685309350784953
2024-09-23,XLE,0.037957494072617726,-0.005907807420456379
2024-09-24,XLE,0.021588552298824615,-0.01716921460377685
2024-09-25,XLE,-0.00034342284698374304,-0.027340259333284544
2024-09-26,XLE,-0.03152344531123463,-0.04026208972550993
2024-09-27,XLE,-0.009575941177957015,-0.03331832049199224
2024-09-30,XLE,-0.014811575045301506,-0.03018093604704164
2024-10-01,XLE,0.010123636730248853,0.01720672159930925
2024-10-02,XLE,0.04084427631853327,0.04202767893414028
2024-10-03,XLE,0.08039800812945641,0.06868437611262501
2024-10-04,XLE,0.06870061623798462,0.09230917643799663
2024-10-07,XLE,0.06503418261720828,0.08833242136231689
2024-10-08,XLE,0.01414266600235714,0.07848359294404572
2024-10-09,XLE,0.009920539553110563,0.09515853364805626
2024-10-10,XLE,-0.000866680495838712,0.09272396188263166
2024-10-11,XLE,-0.003970936828655014,0.09331067874974419
2024-10-14,XLE,-0.007913760840015605,0.08046783349052378
2024-10-15,XLE,-0.0141649294864431,0.03170104276808883
2024-10-16,XLE,-0.015389544547389833,0.03463754514878015
2024-10-17,XLE,-0.017346024216276623,0.02729918671009246
2024-10-18,XLE,-0.026613567655862536,0.0262059789616782
2024-10-21,XLE,-0.02910413378005694,0.010659645611822643
2024-10-22,XLE,0.00556894555150933,0.015522861298896462
2024-10-23,XLE,-0.004434134940729639,0.03040368682651784
2024-10-24,XLE,-0.0092674377586065,0.050906963633072566
2024-10-25,XLE,-0.006309469959557057,0.029590460855640988
2024-10-28,XLE,-0.009659153752895278,0.015945278436493293
2024-10-29,XLE,-0.027026916032531156,-0.021826265351199803
2024-10-30,XLE,-0.019708266465541247,-0.02954146034969274
2024-10-31,XLE,-0.013474347417777977,-0.040403008613199454
2024-11-01,XLE,-0.01938286738762529,-0.05526952062271406
2024-11-04,XLE,0.004148025581027115,-0.04213455108695374
2024-11-05,XLE,0.02652552921954765,-0.009882589214832316
2024-11-06,XLE,0.06269870856370274,0.021174435423751747
2024-11-07,XLE,0.0512472171095788,0.009648709586345783
2024-11-08,XLE,0.06497789602456217,0.010128233642132
2024-11-11,XLE,0.05258449266606302,0.016276889839917486
2024-11-12,XLE,0.04003549024657338,0.044553270144043644
2024-11-13,XLE,0.01015412617553646,0.047666682570511654
2024-11-14,XLE,0.018683648386928597,0.046668162361298116
2024-11-15,XLE,0.010453368474790725,0.048594311939538226
2024-11-18,XLE,0.018137383388979078,0.06572654124979471
2024-11-19,XLE,0.01706117683702235,0.0564910371401699
2024-11-20,XLE,0.01936292402368811,0.07270910989268775
2024-11-21,XLE,0.023716649775458398,0.08151449284663048
2024-11-22,XLE,0.026812945809659317,0.0835468205157075
2024-11-25,XLE,-0.006667182226713919,0.06894626451799923
2024-11-26,XLE,-0.0016775821049345163,0.08401630431690754
2024-11-27,XLE,-0.012663387380619007,0.08041814763519883
2024-11-29,XLE,-0.016371444709516014,0.07833844496586839
2024-12-02,XLE,-0.028271767062296393,0.07372490464247128
2024-12-03,XLE,-0.008809569114124227,0.055152508922547305
2024-12-04,XLE,-0.031400866407095496,0.022845728893095663
2024-12-05,XLE,-0.026598105553541695,-0.01036760162827155
2024-12-06,XLE,-0.047210379007162184,-0.0226564583866673
2024-12-09,XLE,-0.038616102892138016,-0.030719945362003398
2024-12-10,XLE,-0.045074775536937506,-0.04274502099729316
2024-12-11,XLE,-0.019841681478641626,-0.036041789784574174
2024-12-12,XLE,-0.03153702278972381,-0.05121177646480912
2024-12-13,XLE,-0.019775595985993544,-0.05955495397234234
2024-12-16,XLE,-0.039727170514348376,-0.07885575953279889
2024-12-17,XLE,-0.04033231808169602,-0.09771836130162626
2024-12-18,XLE,-0.0702432765817258,-0.11878788862112244
2024-12-19,XLE,-0.0708151348871483,-0.13514643633858325
2024-12-20,XLE,-0.0569380409263851,-0.13364899584035228
2024-12-23,XLE,-0.030092669138311656,-0.12990525172461687
2024-12-24,XLE,-0.014547237598521612,-0.1048761126078267
2024-12-26,XLE,0.01462792762330789,-0.10439513093365194
2024-12-27,XLE,0.023396539912353465,-0.10355988700363905
2024-12-30,XLE,0.013303076759786592,-0.10751255303924323
2024-12-31,XLE,0.020612511805427225,-0.08613380115407188
