ticker,date,predicted_signal,confidence,signal_label
AAPL,2023-02-21T00:00:00.000000,1,50.83,BUY
AAPL,2023-02-22T00:00:00.000000,1,49.72,BUY
AAPL,2023-02-23T00:00:00.000000,1,49.72,BUY
AAPL,2023-02-24T00:00:00.000000,1,49.72,BUY
AAPL,2023-02-27T00:00:00.000000,1,49.72,BUY
AAPL,2023-02-28T00:00:00.000000,1,49.72,BUY
AAPL,2023-03-01T00:00:00.000000,1,49.72,BUY
AAPL,2023-03-02T00:00:00.000000,1,49.72,BUY
AAPL,2023-03-03T00:00:00.000000,1,50.83,BUY
AAPL,2023-03-06T00:00:00.000000,1,50.83,BUY
AAPL,2023-03-07T00:00:00.000000,1,50.83,BUY
AAPL,2023-03-08T00:00:00.000000,1,50.83,BUY
AAPL,2023-03-09T00:00:00.000000,1,50.83,BUY
AAPL,2023-03-10T00:00:00.000000,1,50.83,BUY
AAPL,2023-03-13T00:00:00.000000,1,50.83,BUY
AAPL,2023-03-14T00:00:00.000000,1,50.83,BUY
AAPL,2023-03-15T00:00:00.000000,1,50.83,BUY
AAPL,2023-03-16T00:00:00.000000,1,50.83,BUY
AAPL,2023-03-17T00:00:00.000000,1,50.83,BUY
AAPL,2023-03-20T00:00:00.000000,1,50.83,BUY
AAPL,2023-03-21T00:00:00.000000,1,50.83,BUY
AAPL,2023-03-22T00:00:00.000000,1,49.72,BUY
AAPL,2023-03-23T00:00:00.000000,1,49.72,BUY
AAPL,2023-03-24T00:00:00.000000,1,48.51,BUY
AAPL,2023-03-27T00:00:00.000000,0,48.51,SELL
AAPL,2023-03-28T00:00:00.000000,0,48.51,SELL
AAPL,2023-03-29T00:00:00.000000,0,48.51,SELL
AAPL,2023-03-30T00:00:00.000000,0,48.51,SELL
AAPL,2023-03-31T00:00:00.000000,1,49.72,BUY
AAPL,2023-04-03T00:00:00.000000,1,49.72,BUY
AAPL,2023-04-04T00:00:00.000000,1,49.72,BUY
AAPL,2023-04-05T00:00:00.000000,1,49.72,BUY
AAPL,2023-04-06T00:00:00.000000,1,49.72,BUY
AAPL,2023-04-10T00:00:00.000000,1,49.72,BUY
AAPL,2023-04-11T00:00:00.000000,1,49.72,BUY
AAPL,2023-04-12T00:00:00.000000,1,49.72,BUY
AAPL,2023-04-13T00:00:00.000000,1,49.72,BUY
AAPL,2023-04-14T00:00:00.000000,1,49.72,BUY
AAPL,2023-04-17T00:00:00.000000,1,49.72,BUY
AAPL,2023-04-18T00:00:00.000000,1,49.72,BUY
AAPL,2023-04-19T00:00:00.000000,1,49.72,BUY
AAPL,2023-04-20T00:00:00.000000,1,49.72,BUY
AAPL,2023-04-21T00:00:00.000000,1,49.72,BUY
AAPL,2023-04-24T00:00:00.000000,1,49.72,BUY
AAPL,2023-04-25T00:00:00.000000,1,49.72,BUY
AAPL,2023-04-26T00:00:00.000000,1,49.72,BUY
AAPL,2023-04-27T00:00:00.000000,1,49.72,BUY
AAPL,2023-04-28T00:00:00.000000,1,49.72,BUY
AAPL,2023-05-01T00:00:00.000000,1,49.72,BUY
AAPL,2023-05-02T00:00:00.000000,1,49.72,BUY
AAPL,2023-05-03T00:00:00.000000,1,49.72,BUY
AAPL,2023-05-04T00:00:00.000000,1,49.72,BUY
AAPL,2023-05-05T00:00:00.000000,1,49.72,BUY
AAPL,2023-05-08T00:00:00.000000,1,49.72,BUY
AAPL,2023-05-09T00:00:00.000000,1,49.72,BUY
AAPL,2023-05-10T00:00:00.000000,1,49.72,BUY
AAPL,2023-05-11T00:00:00.000000,1,49.72,BUY
AAPL,2023-05-12T00:00:00.000000,1,49.72,BUY
AAPL,2023-05-15T00:00:00.000000,1,49.72,BUY
AAPL,2023-05-16T00:00:00.000000,1,49.72,BUY
AAPL,2023-05-17T00:00:00.000000,1,49.72,BUY
AAPL,2023-05-18T00:00:00.000000,1,49.72,BUY
AAPL,2023-05-19T00:00:00.000000,1,49.72,BUY
AAPL,2023-05-22T00:00:00.000000,1,49.72,BUY
AAPL,2023-05-23T00:00:00.000000,1,49.72,BUY
AAPL,2023-05-24T00:00:00.000000,1,49.72,BUY
AAPL,2023-05-25T00:00:00.000000,1,49.72,BUY
AAPL,2023-05-26T00:00:00.000000,1,49.72,BUY
AAPL,2023-05-30T00:00:00.000000,1,49.72,BUY
AAPL,2023-05-31T00:00:00.000000,1,49.72,BUY
AAPL,2023-06-01T00:00:00.000000,1,49.72,BUY
AAPL,2023-06-02T00:00:00.000000,1,49.72,BUY
AAPL,2023-06-05T00:00:00.000000,1,49.72,BUY
AAPL,2023-06-06T00:00:00.000000,1,49.72,BUY
AAPL,2023-06-07T00:00:00.000000,1,48.51,BUY
AAPL,2023-06-08T00:00:00.000000,0,48.51,SELL
AAPL,2023-06-09T00:00:00.000000,0,48.51,SELL
AAPL,2023-06-12T00:00:00.000000,0,48.51,SELL
AAPL,2023-06-13T00:00:00.000000,0,48.51,SELL
AAPL,2023-06-14T00:00:00.000000,0,48.51,SELL
AAPL,2023-06-15T00:00:00.000000,0,48.51,SELL
AAPL,2023-06-16T00:00:00.000000,0,48.51,SELL
AAPL,2023-06-20T00:00:00.000000,0,48.51,SELL
AAPL,2023-06-21T00:00:00.000000,0,48.51,SELL
AAPL,2023-06-22T00:00:00.000000,0,48.51,SELL
AAPL,2023-06-23T00:00:00.000000,0,44.85,SELL
AAPL,2023-06-26T00:00:00.000000,0,48.51,SELL
AAPL,2023-06-27T00:00:00.000000,0,48.51,SELL
AAPL,2023-06-28T00:00:00.000000,0,48.51,SELL
AAPL,2023-06-29T00:00:00.000000,0,48.51,SELL
AAPL,2023-06-30T00:00:00.000000,0,48.51,SELL
AAPL,2023-07-03T00:00:00.000000,1,48.51,BUY
AAPL,2023-07-05T00:00:00.000000,1,48.51,BUY
AAPL,2023-07-06T00:00:00.000000,1,48.51,BUY
AAPL,2023-07-07T00:00:00.000000,1,48.51,BUY
AAPL,2023-07-10T00:00:00.000000,1,49.72,BUY
AAPL,2023-07-11T00:00:00.000000,1,49.72,BUY
AAPL,2023-07-12T00:00:00.000000,1,48.51,BUY
AAPL,2023-07-13T00:00:00.000000,1,49.72,BUY
AAPL,2023-07-14T00:00:00.000000,1,49.72,BUY
AAPL,2023-07-17T00:00:00.000000,1,49.72,BUY
AAPL,2023-07-18T00:00:00.000000,1,49.72,BUY
AAPL,2023-07-19T00:00:00.000000,1,49.72,BUY
AAPL,2023-07-20T00:00:00.000000,1,49.72,BUY
AAPL,2023-07-21T00:00:00.000000,1,49.72,BUY
AAPL,2023-07-24T00:00:00.000000,1,48.51,BUY
AAPL,2023-07-25T00:00:00.000000,1,48.51,BUY
AAPL,2023-07-26T00:00:00.000000,0,48.51,SELL
AAPL,2023-07-27T00:00:00.000000,0,48.51,SELL
AAPL,2023-07-28T00:00:00.000000,0,48.51,SELL
AAPL,2023-07-31T00:00:00.000000,0,48.51,SELL
AAPL,2023-08-01T00:00:00.000000,0,48.51,SELL
AAPL,2023-08-02T00:00:00.000000,0,48.51,SELL
AAPL,2023-08-03T00:00:00.000000,0,48.51,SELL
AAPL,2023-08-04T00:00:00.000000,0,48.51,SELL
AAPL,2023-08-07T00:00:00.000000,0,48.51,SELL
AAPL,2023-08-08T00:00:00.000000,0,48.51,SELL
AAPL,2023-08-09T00:00:00.000000,0,48.51,SELL
AAPL,2023-08-10T00:00:00.000000,0,48.51,SELL
AAPL,2023-08-11T00:00:00.000000,0,48.51,SELL
AAPL,2023-08-14T00:00:00.000000,0,48.51,SELL
AAPL,2023-08-15T00:00:00.000000,0,48.51,SELL
AAPL,2023-08-16T00:00:00.000000,0,48.51,SELL
AAPL,2023-08-17T00:00:00.000000,0,48.51,SELL
AAPL,2023-08-18T00:00:00.000000,0,45.45,SELL
AAPL,2023-08-21T00:00:00.000000,0,48.51,SELL
AAPL,2023-08-22T00:00:00.000000,0,48.51,SELL
AAPL,2023-08-23T00:00:00.000000,1,49.72,BUY
AAPL,2023-08-24T00:00:00.000000,1,49.72,BUY
AAPL,2023-08-25T00:00:00.000000,1,49.72,BUY
AAPL,2023-08-28T00:00:00.000000,1,49.72,BUY
AAPL,2023-08-29T00:00:00.000000,1,50.83,BUY
AAPL,2023-08-30T00:00:00.000000,1,49.72,BUY
AAPL,2023-08-31T00:00:00.000000,1,49.72,BUY
AAPL,2023-09-01T00:00:00.000000,1,49.72,BUY
AAPL,2023-09-05T00:00:00.000000,1,49.72,BUY
AAPL,2023-09-06T00:00:00.000000,1,49.72,BUY
AAPL,2023-09-07T00:00:00.000000,1,49.72,BUY
AAPL,2023-09-08T00:00:00.000000,1,49.72,BUY
AAPL,2023-09-11T00:00:00.000000,1,49.72,BUY
AAPL,2023-09-12T00:00:00.000000,1,49.72,BUY
AAPL,2023-09-13T00:00:00.000000,1,49.72,BUY
AAPL,2023-09-14T00:00:00.000000,1,49.72,BUY
AAPL,2023-09-15T00:00:00.000000,1,49.72,BUY
AAPL,2023-09-18T00:00:00.000000,1,49.72,BUY
AAPL,2023-09-19T00:00:00.000000,1,49.72,BUY
AAPL,2023-09-20T00:00:00.000000,1,49.72,BUY
AAPL,2023-09-21T00:00:00.000000,1,49.72,BUY
AAPL,2023-09-22T00:00:00.000000,1,49.72,BUY
AAPL,2023-09-25T00:00:00.000000,1,49.72,BUY
AAPL,2023-09-26T00:00:00.000000,1,49.72,BUY
AAPL,2023-09-27T00:00:00.000000,1,50.83,BUY
AAPL,2023-09-28T00:00:00.000000,1,50.83,BUY
AAPL,2023-09-29T00:00:00.000000,1,50.83,BUY
AAPL,2023-10-02T00:00:00.000000,1,50.83,BUY
AAPL,2023-10-03T00:00:00.000000,1,50.83,BUY
AAPL,2023-10-04T00:00:00.000000,1,50.83,BUY
AAPL,2023-10-05T00:00:00.000000,1,50.83,BUY
AAPL,2023-10-06T00:00:00.000000,1,50.83,BUY
AAPL,2023-10-09T00:00:00.000000,1,50.83,BUY
AAPL,2023-10-10T00:00:00.000000,1,50.83,BUY
AAPL,2023-10-11T00:00:00.000000,1,50.83,BUY
AAPL,2023-10-12T00:00:00.000000,1,49.72,BUY
AAPL,2023-10-13T00:00:00.000000,1,49.72,BUY
AAPL,2023-10-16T00:00:00.000000,1,49.72,BUY
AAPL,2023-10-17T00:00:00.000000,1,49.72,BUY
AAPL,2023-10-18T00:00:00.000000,1,49.72,BUY
AAPL,2023-10-19T00:00:00.000000,1,49.72,BUY
AAPL,2023-10-20T00:00:00.000000,1,49.72,BUY
AAPL,2023-10-23T00:00:00.000000,1,49.72,BUY
AAPL,2023-10-24T00:00:00.000000,1,49.72,BUY
AAPL,2023-10-25T00:00:00.000000,1,49.72,BUY
AAPL,2023-10-26T00:00:00.000000,1,49.72,BUY
AAPL,2023-10-27T00:00:00.000000,1,49.72,BUY
AAPL,2023-10-30T00:00:00.000000,1,49.72,BUY
AAPL,2023-10-31T00:00:00.000000,1,50.83,BUY
AAPL,2023-11-01T00:00:00.000000,1,50.83,BUY
AAPL,2023-11-02T00:00:00.000000,1,50.83,BUY
AAPL,2023-11-03T00:00:00.000000,1,50.83,BUY
AAPL,2023-11-06T00:00:00.000000,1,50.83,BUY
AAPL,2023-11-07T00:00:00.000000,1,49.72,BUY
AAPL,2023-11-08T00:00:00.000000,1,49.72,BUY
AAPL,2023-11-09T00:00:00.000000,1,49.72,BUY
AAPL,2023-11-10T00:00:00.000000,1,49.72,BUY
AAPL,2023-11-13T00:00:00.000000,1,49.72,BUY
AAPL,2023-11-14T00:00:00.000000,1,49.72,BUY
AAPL,2023-11-15T00:00:00.000000,1,49.72,BUY
AAPL,2023-11-16T00:00:00.000000,1,50.83,BUY
AAPL,2023-11-17T00:00:00.000000,1,50.83,BUY
AAPL,2023-11-20T00:00:00.000000,1,50.83,BUY
AAPL,2023-11-21T00:00:00.000000,1,50.83,BUY
AAPL,2023-11-22T00:00:00.000000,1,50.83,BUY
AAPL,2023-11-24T00:00:00.000000,1,50.83,BUY
AAPL,2023-11-27T00:00:00.000000,1,50.83,BUY
AAPL,2023-11-28T00:00:00.000000,1,50.83,BUY
AAPL,2023-11-29T00:00:00.000000,1,50.83,BUY
AAPL,2023-11-30T00:00:00.000000,1,50.83,BUY
AAPL,2023-12-01T00:00:00.000000,1,50.83,BUY
AAPL,2023-12-04T00:00:00.000000,1,50.83,BUY
AAPL,2023-12-05T00:00:00.000000,1,50.83,BUY
AAPL,2023-12-06T00:00:00.000000,1,50.83,BUY
AAPL,2023-12-07T00:00:00.000000,1,49.72,BUY
AAPL,2023-12-08T00:00:00.000000,1,49.72,BUY
AAPL,2023-12-11T00:00:00.000000,1,49.72,BUY
AAPL,2023-12-12T00:00:00.000000,1,48.51,BUY
AAPL,2023-12-13T00:00:00.000000,1,48.51,BUY
AAPL,2023-12-14T00:00:00.000000,0,48.51,SELL
AAPL,2023-12-15T00:00:00.000000,0,48.51,SELL
AAPL,2023-12-18T00:00:00.000000,0,48.51,SELL
AAPL,2023-12-19T00:00:00.000000,0,48.51,SELL
AAPL,2023-12-20T00:00:00.000000,0,48.51,SELL
AAPL,2023-12-21T00:00:00.000000,1,48.51,BUY
AAPL,2023-12-22T00:00:00.000000,1,48.51,BUY
AAPL,2023-12-26T00:00:00.000000,1,49.72,BUY
AAPL,2023-12-27T00:00:00.000000,1,49.72,BUY
AAPL,2023-12-28T00:00:00.000000,1,49.72,BUY
AAPL,2023-12-29T00:00:00.000000,1,49.72,BUY
AAPL,2024-01-02T00:00:00.000000,1,49.72,BUY
AAPL,2024-01-03T00:00:00.000000,1,49.72,BUY
AAPL,2024-01-04T00:00:00.000000,1,49.72,BUY
AAPL,2024-01-05T00:00:00.000000,1,49.72,BUY
AAPL,2024-01-08T00:00:00.000000,1,48.51,BUY
AAPL,2024-01-09T00:00:00.000000,1,48.51,BUY
AAPL,2024-01-10T00:00:00.000000,0,48.51,SELL
AAPL,2024-01-11T00:00:00.000000,0,48.51,SELL
AAPL,2024-01-12T00:00:00.000000,0,48.51,SELL
AAPL,2024-01-16T00:00:00.000000,0,44.85,SELL
AAPL,2024-01-17T00:00:00.000000,0,38.31,SELL
AAPL,2024-01-18T00:00:00.000000,0,38.31,SELL
AAPL,2024-01-19T00:00:00.000000,0,44.85,SELL
AAPL,2024-01-22T00:00:00.000000,0,48.51,SELL
AAPL,2024-01-23T00:00:00.000000,0,48.51,SELL
AAPL,2024-01-24T00:00:00.000000,1,48.51,BUY
AAPL,2024-01-25T00:00:00.000000,1,49.72,BUY
AAPL,2024-01-26T00:00:00.000000,1,49.72,BUY
AAPL,2024-01-29T00:00:00.000000,1,49.72,BUY
AAPL,2024-01-30T00:00:00.000000,1,49.72,BUY
AAPL,2024-01-31T00:00:00.000000,1,49.72,BUY
AAPL,2024-02-01T00:00:00.000000,1,50.83,BUY
AAPL,2024-02-02T00:00:00.000000,1,50.83,BUY
AAPL,2024-02-05T00:00:00.000000,1,50.83,BUY
AAPL,2024-02-06T00:00:00.000000,1,50.83,BUY
AAPL,2024-02-07T00:00:00.000000,1,50.83,BUY
AAPL,2024-02-08T00:00:00.000000,1,49.72,BUY
AAPL,2024-02-09T00:00:00.000000,1,49.72,BUY
AAPL,2024-02-12T00:00:00.000000,1,49.72,BUY
AAPL,2024-02-13T00:00:00.000000,1,49.72,BUY
AAPL,2024-02-14T00:00:00.000000,1,49.72,BUY
AAPL,2024-02-15T00:00:00.000000,1,49.72,BUY
AAPL,2024-02-16T00:00:00.000000,1,49.72,BUY
AAPL,2024-02-20T00:00:00.000000,1,49.72,BUY
AAPL,2024-02-21T00:00:00.000000,1,49.72,BUY
AAPL,2024-02-22T00:00:00.000000,1,49.72,BUY
AAPL,2024-02-23T00:00:00.000000,1,48.51,BUY
AAPL,2024-02-26T00:00:00.000000,0,48.51,SELL
AAPL,2024-02-27T00:00:00.000000,0,48.51,SELL
AAPL,2024-02-28T00:00:00.000000,0,48.51,SELL
AAPL,2024-02-29T00:00:00.000000,0,48.51,SELL
AAPL,2024-03-01T00:00:00.000000,0,48.51,SELL
AAPL,2024-03-04T00:00:00.000000,0,48.51,SELL
AAPL,2024-03-05T00:00:00.000000,0,48.51,SELL
AAPL,2024-03-06T00:00:00.000000,0,48.51,SELL
AAPL,2024-03-07T00:00:00.000000,0,48.51,SELL
AAPL,2024-03-08T00:00:00.000000,0,48.51,SELL
AAPL,2024-03-11T00:00:00.000000,0,48.51,SELL
AAPL,2024-03-12T00:00:00.000000,0,44.85,SELL
AAPL,2024-03-13T00:00:00.000000,0,44.85,SELL
AAPL,2024-03-14T00:00:00.000000,0,38.31,SELL
AAPL,2024-03-15T00:00:00.000000,0,38.31,SELL
AAPL,2024-03-18T00:00:00.000000,0,38.31,SELL
AAPL,2024-03-19T00:00:00.000000,0,38.31,SELL
AAPL,2024-03-20T00:00:00.000000,0,44.85,SELL
AAPL,2024-03-21T00:00:00.000000,0,44.85,SELL
AAPL,2024-03-22T00:00:00.000000,0,48.51,SELL
AAPL,2024-03-25T00:00:00.000000,0,48.51,SELL
AAPL,2024-03-26T00:00:00.000000,0,44.85,SELL
AAPL,2024-03-27T00:00:00.000000,0,48.51,SELL
AAPL,2024-03-28T00:00:00.000000,0,45.45,SELL
AAPL,2024-04-01T00:00:00.000000,0,44.85,SELL
AAPL,2024-04-02T00:00:00.000000,0,48.51,SELL
AAPL,2024-04-03T00:00:00.000000,0,44.85,SELL
AAPL,2024-04-04T00:00:00.000000,0,44.85,SELL
AAPL,2024-04-05T00:00:00.000000,0,48.51,SELL
AAPL,2024-04-08T00:00:00.000000,0,48.51,SELL
AAPL,2024-04-09T00:00:00.000000,0,48.51,SELL
AAPL,2024-04-10T00:00:00.000000,0,48.51,SELL
AAPL,2024-04-11T00:00:00.000000,0,48.51,SELL
AAPL,2024-04-12T00:00:00.000000,1,49.72,BUY
AAPL,2024-04-15T00:00:00.000000,1,49.72,BUY
AAPL,2024-04-16T00:00:00.000000,1,50.83,BUY
AAPL,2024-04-17T00:00:00.000000,1,50.83,BUY
AAPL,2024-04-18T00:00:00.000000,1,50.83,BUY
AAPL,2024-04-19T00:00:00.000000,1,50.83,BUY
AAPL,2024-04-22T00:00:00.000000,1,50.83,BUY
AAPL,2024-04-23T00:00:00.000000,1,50.83,BUY
AAPL,2024-04-24T00:00:00.000000,1,50.83,BUY
AAPL,2024-04-25T00:00:00.000000,1,50.83,BUY
AAPL,2024-04-26T00:00:00.000000,1,50.83,BUY
AAPL,2024-04-29T00:00:00.000000,1,50.83,BUY
AAPL,2024-04-30T00:00:00.000000,1,50.83,BUY
AAPL,2024-05-01T00:00:00.000000,1,50.83,BUY
AAPL,2024-05-02T00:00:00.000000,1,50.83,BUY
AAPL,2024-05-03T00:00:00.000000,1,50.83,BUY
AAPL,2024-05-06T00:00:00.000000,1,50.83,BUY
AAPL,2024-05-07T00:00:00.000000,1,50.83,BUY
AAPL,2024-05-08T00:00:00.000000,1,50.83,BUY
AAPL,2024-05-09T00:00:00.000000,1,50.83,BUY
AAPL,2024-05-10T00:00:00.000000,1,50.83,BUY
AAPL,2024-05-13T00:00:00.000000,1,49.72,BUY
AAPL,2024-05-14T00:00:00.000000,1,49.72,BUY
AAPL,2024-05-15T00:00:00.000000,1,49.72,BUY
AAPL,2024-05-16T00:00:00.000000,1,49.72,BUY
AAPL,2024-05-17T00:00:00.000000,1,49.72,BUY
AAPL,2024-05-20T00:00:00.000000,1,49.72,BUY
AAPL,2024-05-21T00:00:00.000000,1,49.72,BUY
AAPL,2024-05-22T00:00:00.000000,1,49.72,BUY
AAPL,2024-05-23T00:00:00.000000,1,49.72,BUY
AAPL,2024-05-24T00:00:00.000000,1,49.72,BUY
AAPL,2024-05-28T00:00:00.000000,1,49.72,BUY
AAPL,2024-05-29T00:00:00.000000,1,49.72,BUY
AAPL,2024-05-30T00:00:00.000000,1,49.72,BUY
AAPL,2024-05-31T00:00:00.000000,1,49.72,BUY
AAPL,2024-06-03T00:00:00.000000,1,49.72,BUY
AAPL,2024-06-04T00:00:00.000000,1,49.72,BUY
AAPL,2024-06-05T00:00:00.000000,1,49.72,BUY
AAPL,2024-06-06T00:00:00.000000,1,49.72,BUY
AAPL,2024-06-07T00:00:00.000000,1,49.72,BUY
AAPL,2024-06-10T00:00:00.000000,1,49.72,BUY
AAPL,2024-06-11T00:00:00.000000,1,49.72,BUY
AAPL,2024-06-12T00:00:00.000000,1,48.51,BUY
AAPL,2024-06-13T00:00:00.000000,1,48.51,BUY
AAPL,2024-06-14T00:00:00.000000,1,48.51,BUY
AAPL,2024-06-17T00:00:00.000000,1,49.72,BUY
AAPL,2024-06-18T00:00:00.000000,1,49.72,BUY
AAPL,2024-06-20T00:00:00.000000,1,49.72,BUY
AAPL,2024-06-21T00:00:00.000000,1,49.72,BUY
AAPL,2024-06-24T00:00:00.000000,1,49.72,BUY
AAPL,2024-06-25T00:00:00.000000,1,50.83,BUY
AAPL,2024-06-26T00:00:00.000000,1,50.83,BUY
AAPL,2024-06-27T00:00:00.000000,1,50.83,BUY
AAPL,2024-06-28T00:00:00.000000,1,50.83,BUY
AAPL,2024-07-01T00:00:00.000000,1,50.83,BUY
AAPL,2024-07-02T00:00:00.000000,1,50.83,BUY
AAPL,2024-07-03T00:00:00.000000,1,50.83,BUY
AAPL,2024-07-05T00:00:00.000000,1,49.72,BUY
AAPL,2024-07-08T00:00:00.000000,1,49.72,BUY
AAPL,2024-07-09T00:00:00.000000,1,49.72,BUY
AAPL,2024-07-10T00:00:00.000000,1,48.51,BUY
AAPL,2024-07-11T00:00:00.000000,0,48.51,SELL
AAPL,2024-07-12T00:00:00.000000,0,48.51,SELL
AAPL,2024-07-15T00:00:00.000000,0,48.51,SELL
AAPL,2024-07-16T00:00:00.000000,0,45.45,SELL
AAPL,2024-07-17T00:00:00.000000,0,48.51,SELL
AAPL,2024-07-18T00:00:00.000000,0,48.51,SELL
AAPL,2024-07-19T00:00:00.000000,0,48.51,SELL
AAPL,2024-07-22T00:00:00.000000,0,48.51,SELL
AAPL,2024-07-23T00:00:00.000000,1,48.51,BUY
AAPL,2024-07-24T00:00:00.000000,1,49.72,BUY
AAPL,2024-07-25T00:00:00.000000,1,49.72,BUY
AAPL,2024-07-26T00:00:00.000000,1,49.72,BUY
AAPL,2024-07-29T00:00:00.000000,1,49.72,BUY
AAPL,2024-07-30T00:00:00.000000,1,48.51,BUY
AAPL,2024-07-31T00:00:00.000000,1,48.51,BUY
AAPL,2024-08-01T00:00:00.000000,1,49.72,BUY
AAPL,2024-08-02T00:00:00.000000,1,49.72,BUY
AAPL,2024-08-05T00:00:00.000000,1,49.72,BUY
AAPL,2024-08-06T00:00:00.000000,1,49.72,BUY
AAPL,2024-08-07T00:00:00.000000,1,49.72,BUY
AAPL,2024-08-08T00:00:00.000000,1,49.72,BUY
AAPL,2024-08-09T00:00:00.000000,1,49.72,BUY
AAPL,2024-08-12T00:00:00.000000,1,49.72,BUY
AAPL,2024-08-13T00:00:00.000000,1,50.83,BUY
AAPL,2024-08-14T00:00:00.000000,1,50.83,BUY
AAPL,2024-08-15T00:00:00.000000,1,50.83,BUY
AAPL,2024-08-16T00:00:00.000000,1,49.72,BUY
AAPL,2024-08-19T00:00:00.000000,1,49.72,BUY
AAPL,2024-08-20T00:00:00.000000,1,49.72,BUY
AAPL,2024-08-21T00:00:00.000000,1,49.72,BUY
AAPL,2024-08-22T00:00:00.000000,1,49.72,BUY
AAPL,2024-08-23T00:00:00.000000,1,49.72,BUY
AAPL,2024-08-26T00:00:00.000000,1,49.72,BUY
AAPL,2024-08-27T00:00:00.000000,1,49.72,BUY
AAPL,2024-08-28T00:00:00.000000,1,49.72,BUY
AAPL,2024-08-29T00:00:00.000000,1,49.72,BUY
AAPL,2024-08-30T00:00:00.000000,1,49.72,BUY
AAPL,2024-09-03T00:00:00.000000,1,49.72,BUY
AAPL,2024-09-04T00:00:00.000000,1,49.72,BUY
AAPL,2024-09-05T00:00:00.000000,1,49.72,BUY
AAPL,2024-09-06T00:00:00.000000,1,49.72,BUY
AAPL,2024-09-09T00:00:00.000000,1,49.72,BUY
AAPL,2024-09-10T00:00:00.000000,1,49.72,BUY
AAPL,2024-09-11T00:00:00.000000,1,49.72,BUY
AAPL,2024-09-12T00:00:00.000000,1,49.72,BUY
AAPL,2024-09-13T00:00:00.000000,1,49.72,BUY
AAPL,2024-09-16T00:00:00.000000,1,50.83,BUY
AAPL,2024-09-17T00:00:00.000000,1,50.83,BUY
AAPL,2024-09-18T00:00:00.000000,1,49.72,BUY
AAPL,2024-09-19T00:00:00.000000,1,49.72,BUY
AAPL,2024-09-20T00:00:00.000000,1,49.72,BUY
AAPL,2024-09-23T00:00:00.000000,1,49.72,BUY
AAPL,2024-09-24T00:00:00.000000,1,49.72,BUY
AAPL,2024-09-25T00:00:00.000000,1,49.72,BUY
AAPL,2024-09-26T00:00:00.000000,1,49.72,BUY
AAPL,2024-09-27T00:00:00.000000,1,49.72,BUY
AAPL,2024-09-30T00:00:00.000000,1,49.72,BUY
AAPL,2024-10-01T00:00:00.000000,1,49.72,BUY
AAPL,2024-10-02T00:00:00.000000,1,49.72,BUY
AAPL,2024-10-03T00:00:00.000000,1,49.72,BUY
AAPL,2024-10-04T00:00:00.000000,1,49.72,BUY
AAPL,2024-10-07T00:00:00.000000,1,49.72,BUY
AAPL,2024-10-08T00:00:00.000000,1,49.72,BUY
AAPL,2024-10-09T00:00:00.000000,1,49.72,BUY
AAPL,2024-10-10T00:00:00.000000,1,49.72,BUY
AAPL,2024-10-11T00:00:00.000000,1,49.72,BUY
AAPL,2024-10-14T00:00:00.000000,1,49.72,BUY
AAPL,2024-10-15T00:00:00.000000,1,49.72,BUY
AAPL,2024-10-16T00:00:00.000000,1,48.51,BUY
AAPL,2024-10-17T00:00:00.000000,0,48.51,SELL
AAPL,2024-10-18T00:00:00.000000,0,48.51,SELL
AAPL,2024-10-21T00:00:00.000000,0,48.51,SELL
AAPL,2024-10-22T00:00:00.000000,0,48.51,SELL
AAPL,2024-10-23T00:00:00.000000,0,48.51,SELL
AAPL,2024-10-24T00:00:00.000000,0,48.51,SELL
AAPL,2024-10-25T00:00:00.000000,1,48.51,BUY
AAPL,2024-10-28T00:00:00.000000,1,49.72,BUY
AAPL,2024-10-29T00:00:00.000000,1,49.72,BUY
AAPL,2024-10-30T00:00:00.000000,1,49.72,BUY
AAPL,2024-10-31T00:00:00.000000,1,49.72,BUY
AAPL,2024-11-01T00:00:00.000000,1,49.72,BUY
AAPL,2024-11-04T00:00:00.000000,1,49.72,BUY
AAPL,2024-11-05T00:00:00.000000,1,49.72,BUY
AAPL,2024-11-06T00:00:00.000000,1,49.72,BUY
AAPL,2024-11-07T00:00:00.000000,1,49.72,BUY
AAPL,2024-11-08T00:00:00.000000,1,49.72,BUY
AAPL,2024-11-11T00:00:00.000000,1,49.72,BUY
AAPL,2024-11-12T00:00:00.000000,1,49.72,BUY
AAPL,2024-11-13T00:00:00.000000,1,49.72,BUY
AAPL,2024-11-14T00:00:00.000000,1,48.51,BUY
AAPL,2024-11-15T00:00:00.000000,1,48.51,BUY
AAPL,2024-11-18T00:00:00.000000,0,48.51,SELL
AAPL,2024-11-19T00:00:00.000000,0,48.51,SELL
AAPL,2024-11-20T00:00:00.000000,0,48.51,SELL
AAPL,2024-11-21T00:00:00.000000,1,48.51,BUY
AAPL,2024-11-22T00:00:00.000000,1,49.72,BUY
AAPL,2024-11-25T00:00:00.000000,1,49.72,BUY
AAPL,2024-11-26T00:00:00.000000,1,49.72,BUY
AAPL,2024-11-27T00:00:00.000000,1,49.72,BUY
AAPL,2024-11-29T00:00:00.000000,1,49.72,BUY
AAPL,2024-12-02T00:00:00.000000,1,49.72,BUY
AAPL,2024-12-03T00:00:00.000000,1,49.72,BUY
AAPL,2024-12-04T00:00:00.000000,1,49.72,BUY
AAPL,2024-12-05T00:00:00.000000,1,49.72,BUY
AAPL,2024-12-06T00:00:00.000000,1,49.72,BUY
AAPL,2024-12-09T00:00:00.000000,1,50.83,BUY
AAPL,2024-12-10T00:00:00.000000,1,50.83,BUY
AAPL,2024-12-11T00:00:00.000000,1,50.83,BUY
AAPL,2024-12-12T00:00:00.000000,1,50.83,BUY
AAPL,2024-12-13T00:00:00.000000,1,50.83,BUY
AAPL,2024-12-16T00:00:00.000000,1,50.83,BUY
AAPL,2024-12-17T00:00:00.000000,1,50.83,BUY
AAPL,2024-12-18T00:00:00.000000,1,50.83,BUY
AAPL,2024-12-19T00:00:00.000000,1,50.83,BUY
AAPL,2024-12-20T00:00:00.000000,1,50.83,BUY
ABBV,2023-02-21T00:00:00.000000,0,48.51,SELL
ABBV,2023-02-22T00:00:00.000000,0,48.51,SELL
ABBV,2023-02-23T00:00:00.000000,1,49.72,BUY
ABBV,2023-02-24T00:00:00.000000,1,49.72,BUY
ABBV,2023-02-27T00:00:00.000000,1,49.72,BUY
ABBV,2023-02-28T00:00:00.000000,1,49.72,BUY
ABBV,2023-03-01T00:00:00.000000,1,49.72,BUY
ABBV,2023-03-02T00:00:00.000000,1,49.72,BUY
ABBV,2023-03-03T00:00:00.000000,1,49.72,BUY
ABBV,2023-03-06T00:00:00.000000,1,49.72,BUY
ABBV,2023-03-07T00:00:00.000000,1,49.72,BUY
ABBV,2023-03-08T00:00:00.000000,1,49.72,BUY
ABBV,2023-03-09T00:00:00.000000,1,49.72,BUY
ABBV,2023-03-10T00:00:00.000000,1,49.72,BUY
ABBV,2023-03-13T00:00:00.000000,1,49.72,BUY
ABBV,2023-03-14T00:00:00.000000,1,49.72,BUY
ABBV,2023-03-15T00:00:00.000000,1,49.72,BUY
ABBV,2023-03-16T00:00:00.000000,1,49.72,BUY
ABBV,2023-03-17T00:00:00.000000,1,49.72,BUY
ABBV,2023-03-20T00:00:00.000000,1,49.72,BUY
ABBV,2023-03-21T00:00:00.000000,1,49.72,BUY
ABBV,2023-03-22T00:00:00.000000,1,49.72,BUY
ABBV,2023-03-23T00:00:00.000000,1,49.72,BUY
ABBV,2023-03-24T00:00:00.000000,1,49.72,BUY
ABBV,2023-03-27T00:00:00.000000,1,49.72,BUY
ABBV,2023-03-28T00:00:00.000000,1,49.72,BUY
ABBV,2023-03-29T00:00:00.000000,1,49.72,BUY
ABBV,2023-03-30T00:00:00.000000,1,49.72,BUY
ABBV,2023-03-31T00:00:00.000000,1,49.72,BUY
ABBV,2023-04-03T00:00:00.000000,1,49.72,BUY
ABBV,2023-04-04T00:00:00.000000,1,49.72,BUY
ABBV,2023-04-05T00:00:00.000000,1,49.72,BUY
ABBV,2023-04-06T00:00:00.000000,1,49.72,BUY
ABBV,2023-04-10T00:00:00.000000,1,49.72,BUY
ABBV,2023-04-11T00:00:00.000000,1,49.72,BUY
ABBV,2023-04-12T00:00:00.000000,1,49.72,BUY
ABBV,2023-04-13T00:00:00.000000,1,49.72,BUY
ABBV,2023-04-14T00:00:00.000000,1,49.72,BUY
ABBV,2023-04-17T00:00:00.000000,1,49.72,BUY
ABBV,2023-04-18T00:00:00.000000,1,49.72,BUY
ABBV,2023-04-19T00:00:00.000000,1,49.72,BUY
ABBV,2023-04-20T00:00:00.000000,1,49.72,BUY
ABBV,2023-04-21T00:00:00.000000,1,49.72,BUY
ABBV,2023-04-24T00:00:00.000000,1,49.72,BUY
ABBV,2023-04-25T00:00:00.000000,1,48.51,BUY
ABBV,2023-04-26T00:00:00.000000,0,48.51,SELL
ABBV,2023-04-27T00:00:00.000000,0,48.51,SELL
ABBV,2023-04-28T00:00:00.000000,0,48.51,SELL
ABBV,2023-05-01T00:00:00.000000,0,48.51,SELL
ABBV,2023-05-02T00:00:00.000000,0,48.51,SELL
ABBV,2023-05-03T00:00:00.000000,0,48.51,SELL
ABBV,2023-05-04T00:00:00.000000,0,48.51,SELL
ABBV,2023-05-05T00:00:00.000000,0,48.51,SELL
ABBV,2023-05-08T00:00:00.000000,0,48.51,SELL
ABBV,2023-05-09T00:00:00.000000,0,48.51,SELL
ABBV,2023-05-10T00:00:00.000000,0,48.51,SELL
ABBV,2023-05-11T00:00:00.000000,0,48.51,SELL
ABBV,2023-05-12T00:00:00.000000,0,44.85,SELL
ABBV,2023-05-15T00:00:00.000000,0,48.51,SELL
ABBV,2023-05-16T00:00:00.000000,0,48.51,SELL
ABBV,2023-05-17T00:00:00.000000,0,48.51,SELL
ABBV,2023-05-18T00:00:00.000000,1,48.51,BUY
ABBV,2023-05-19T00:00:00.000000,0,48.51,SELL
ABBV,2023-05-22T00:00:00.000000,0,44.85,SELL
ABBV,2023-05-23T00:00:00.000000,0,44.85,SELL
ABBV,2023-05-24T00:00:00.000000,0,38.31,SELL
ABBV,2023-05-25T00:00:00.000000,0,44.85,SELL
ABBV,2023-05-26T00:00:00.000000,0,44.85,SELL
ABBV,2023-05-30T00:00:00.000000,0,44.85,SELL
ABBV,2023-05-31T00:00:00.000000,0,38.31,SELL
ABBV,2023-06-01T00:00:00.000000,0,35.29,SELL
ABBV,2023-06-02T00:00:00.000000,0,38.31,SELL
ABBV,2023-06-05T00:00:00.000000,0,38.31,SELL
ABBV,2023-06-06T00:00:00.000000,0,38.31,SELL
ABBV,2023-06-07T00:00:00.000000,0,38.31,SELL
ABBV,2023-06-08T00:00:00.000000,0,38.31,SELL
ABBV,2023-06-09T00:00:00.000000,0,36.84,SELL
ABBV,2023-06-12T00:00:00.000000,0,32.82,SELL
ABBV,2023-06-13T00:00:00.000000,0,37.5,SELL
ABBV,2023-06-14T00:00:00.000000,0,38.31,SELL
ABBV,2023-06-15T00:00:00.000000,0,38.31,SELL
ABBV,2023-06-16T00:00:00.000000,0,44.85,SELL
ABBV,2023-06-20T00:00:00.000000,0,48.51,SELL
ABBV,2023-06-21T00:00:00.000000,0,48.51,SELL
ABBV,2023-06-22T00:00:00.000000,0,48.51,SELL
ABBV,2023-06-23T00:00:00.000000,0,48.51,SELL
ABBV,2023-06-26T00:00:00.000000,0,48.51,SELL
ABBV,2023-06-27T00:00:00.000000,0,48.51,SELL
ABBV,2023-06-28T00:00:00.000000,0,48.51,SELL
ABBV,2023-06-29T00:00:00.000000,1,48.51,BUY
ABBV,2023-06-30T00:00:00.000000,1,48.51,BUY
ABBV,2023-07-03T00:00:00.000000,1,48.51,BUY
ABBV,2023-07-05T00:00:00.000000,1,49.72,BUY
ABBV,2023-07-06T00:00:00.000000,1,48.51,BUY
ABBV,2023-07-07T00:00:00.000000,1,48.51,BUY
ABBV,2023-07-10T00:00:00.000000,1,48.51,BUY
ABBV,2023-07-11T00:00:00.000000,0,48.51,SELL
ABBV,2023-07-12T00:00:00.000000,0,48.51,SELL
ABBV,2023-07-13T00:00:00.000000,0,48.51,SELL
ABBV,2023-07-14T00:00:00.000000,0,48.51,SELL
ABBV,2023-07-17T00:00:00.000000,0,48.51,SELL
ABBV,2023-07-18T00:00:00.000000,0,48.51,SELL
ABBV,2023-07-19T00:00:00.000000,0,48.51,SELL
ABBV,2023-07-20T00:00:00.000000,0,48.51,SELL
ABBV,2023-07-21T00:00:00.000000,0,48.51,SELL
ABBV,2023-07-24T00:00:00.000000,0,48.51,SELL
ABBV,2023-07-25T00:00:00.000000,0,44.85,SELL
ABBV,2023-07-26T00:00:00.000000,0,44.85,SELL
ABBV,2023-07-27T00:00:00.000000,0,44.85,SELL
ABBV,2023-07-28T00:00:00.000000,0,48.51,SELL
ABBV,2023-07-31T00:00:00.000000,0,48.51,SELL
ABBV,2023-08-01T00:00:00.000000,0,45.45,SELL
ABBV,2023-08-02T00:00:00.000000,0,48.51,SELL
ABBV,2023-08-03T00:00:00.000000,0,48.51,SELL
ABBV,2023-08-04T00:00:00.000000,0,48.51,SELL
ABBV,2023-08-07T00:00:00.000000,1,48.51,BUY
ABBV,2023-08-08T00:00:00.000000,1,48.51,BUY
ABBV,2023-08-09T00:00:00.000000,1,48.51,BUY
ABBV,2023-08-10T00:00:00.000000,1,49.72,BUY
ABBV,2023-08-11T00:00:00.000000,1,49.72,BUY
ABBV,2023-08-14T00:00:00.000000,1,49.72,BUY
ABBV,2023-08-15T00:00:00.000000,1,49.72,BUY
ABBV,2023-08-16T00:00:00.000000,1,49.72,BUY
ABBV,2023-08-17T00:00:00.000000,1,49.72,BUY
ABBV,2023-08-18T00:00:00.000000,1,50.83,BUY
ABBV,2023-08-21T00:00:00.000000,1,50.83,BUY
ABBV,2023-08-22T00:00:00.000000,1,50.83,BUY
ABBV,2023-08-23T00:00:00.000000,1,50.83,BUY
ABBV,2023-08-24T00:00:00.000000,1,50.83,BUY
ABBV,2023-08-25T00:00:00.000000,1,50.83,BUY
ABBV,2023-08-28T00:00:00.000000,1,50.83,BUY
ABBV,2023-08-29T00:00:00.000000,1,50.83,BUY
ABBV,2023-08-30T00:00:00.000000,1,50.83,BUY
ABBV,2023-08-31T00:00:00.000000,1,49.72,BUY
ABBV,2023-09-01T00:00:00.000000,1,49.72,BUY
ABBV,2023-09-05T00:00:00.000000,1,48.51,BUY
ABBV,2023-09-06T00:00:00.000000,1,48.51,BUY
ABBV,2023-09-07T00:00:00.000000,0,48.51,SELL
ABBV,2023-09-08T00:00:00.000000,0,48.51,SELL
ABBV,2023-09-11T00:00:00.000000,0,45.45,SELL
ABBV,2023-09-12T00:00:00.000000,0,44.85,SELL
ABBV,2023-09-13T00:00:00.000000,0,44.85,SELL
ABBV,2023-09-14T00:00:00.000000,0,44.85,SELL
ABBV,2023-09-15T00:00:00.000000,0,44.85,SELL
ABBV,2023-09-18T00:00:00.000000,0,44.85,SELL
ABBV,2023-09-19T00:00:00.000000,0,45.45,SELL
ABBV,2023-09-20T00:00:00.000000,0,44.85,SELL
ABBV,2023-09-21T00:00:00.000000,0,48.51,SELL
ABBV,2023-09-22T00:00:00.000000,0,48.51,SELL
ABBV,2023-09-25T00:00:00.000000,0,48.51,SELL
ABBV,2023-09-26T00:00:00.000000,1,48.51,BUY
ABBV,2023-09-27T00:00:00.000000,1,49.72,BUY
ABBV,2023-09-28T00:00:00.000000,1,50.83,BUY
ABBV,2023-09-29T00:00:00.000000,1,50.83,BUY
ABBV,2023-10-02T00:00:00.000000,1,50.83,BUY
ABBV,2023-10-03T00:00:00.000000,1,50.83,BUY
ABBV,2023-10-04T00:00:00.000000,1,50.83,BUY
ABBV,2023-10-05T00:00:00.000000,1,50.83,BUY
ABBV,2023-10-06T00:00:00.000000,1,50.83,BUY
ABBV,2023-10-09T00:00:00.000000,1,50.83,BUY
ABBV,2023-10-10T00:00:00.000000,1,50.83,BUY
ABBV,2023-10-11T00:00:00.000000,1,50.83,BUY
ABBV,2023-10-12T00:00:00.000000,1,49.72,BUY
ABBV,2023-10-13T00:00:00.000000,1,49.72,BUY
ABBV,2023-10-16T00:00:00.000000,1,49.72,BUY
ABBV,2023-10-17T00:00:00.000000,1,49.72,BUY
ABBV,2023-10-18T00:00:00.000000,1,49.72,BUY
ABBV,2023-10-19T00:00:00.000000,1,49.72,BUY
ABBV,2023-10-20T00:00:00.000000,1,48.51,BUY
ABBV,2023-10-23T00:00:00.000000,1,48.51,BUY
ABBV,2023-10-24T00:00:00.000000,1,48.51,BUY
ABBV,2023-10-25T00:00:00.000000,1,49.72,BUY
ABBV,2023-10-26T00:00:00.000000,1,49.72,BUY
ABBV,2023-10-27T00:00:00.000000,1,49.72,BUY
ABBV,2023-10-30T00:00:00.000000,1,49.72,BUY
ABBV,2023-10-31T00:00:00.000000,1,49.72,BUY
ABBV,2023-11-01T00:00:00.000000,1,50.83,BUY
ABBV,2023-11-02T00:00:00.000000,1,50.83,BUY
ABBV,2023-11-03T00:00:00.000000,1,50.83,BUY
ABBV,2023-11-06T00:00:00.000000,1,50.83,BUY
ABBV,2023-11-07T00:00:00.000000,1,49.72,BUY
ABBV,2023-11-08T00:00:00.000000,1,49.72,BUY
ABBV,2023-11-09T00:00:00.000000,1,48.51,BUY
ABBV,2023-11-10T00:00:00.000000,0,48.51,SELL
ABBV,2023-11-13T00:00:00.000000,0,44.85,SELL
ABBV,2023-11-14T00:00:00.000000,0,38.31,SELL
ABBV,2023-11-15T00:00:00.000000,0,38.31,SELL
ABBV,2023-11-16T00:00:00.000000,0,36.84,SELL
ABBV,2023-11-17T00:00:00.000000,0,36.44,SELL
ABBV,2023-11-20T00:00:00.000000,0,32.82,SELL
ABBV,2023-11-21T00:00:00.000000,0,32.82,SELL
ABBV,2023-11-22T00:00:00.000000,0,32.82,SELL
ABBV,2023-11-24T00:00:00.000000,0,32.82,SELL
ABBV,2023-11-27T00:00:00.000000,0,32.82,SELL
ABBV,2023-11-28T00:00:00.000000,0,32.82,SELL
ABBV,2023-11-29T00:00:00.000000,0,32.82,SELL
ABBV,2023-11-30T00:00:00.000000,0,32.82,SELL
ABBV,2023-12-01T00:00:00.000000,0,36.84,SELL
ABBV,2023-12-04T00:00:00.000000,0,38.1,SELL
ABBV,2023-12-05T00:00:00.000000,0,38.31,SELL
ABBV,2023-12-06T00:00:00.000000,0,44.85,SELL
ABBV,2023-12-07T00:00:00.000000,0,44.85,SELL
ABBV,2023-12-08T00:00:00.000000,0,44.85,SELL
ABBV,2023-12-11T00:00:00.000000,0,48.51,SELL
ABBV,2023-12-12T00:00:00.000000,0,48.51,SELL
ABBV,2023-12-13T00:00:00.000000,0,48.51,SELL
ABBV,2023-12-14T00:00:00.000000,0,48.51,SELL
ABBV,2023-12-15T00:00:00.000000,1,48.51,BUY
ABBV,2023-12-18T00:00:00.000000,1,49.72,BUY
ABBV,2023-12-19T00:00:00.000000,1,49.72,BUY
ABBV,2023-12-20T00:00:00.000000,1,49.72,BUY
ABBV,2023-12-21T00:00:00.000000,1,49.72,BUY
ABBV,2023-12-22T00:00:00.000000,1,49.72,BUY
ABBV,2023-12-26T00:00:00.000000,1,49.72,BUY
ABBV,2023-12-27T00:00:00.000000,1,49.72,BUY
ABBV,2023-12-28T00:00:00.000000,1,49.72,BUY
ABBV,2023-12-29T00:00:00.000000,1,49.72,BUY
ABBV,2024-01-02T00:00:00.000000,1,49.72,BUY
ABBV,2024-01-03T00:00:00.000000,1,49.72,BUY
ABBV,2024-01-04T00:00:00.000000,1,49.72,BUY
ABBV,2024-01-05T00:00:00.000000,1,49.72,BUY
ABBV,2024-01-08T00:00:00.000000,1,48.51,BUY
ABBV,2024-01-09T00:00:00.000000,1,49.72,BUY
ABBV,2024-01-10T00:00:00.000000,1,49.72,BUY
ABBV,2024-01-11T00:00:00.000000,1,49.72,BUY
ABBV,2024-01-12T00:00:00.000000,1,49.72,BUY
ABBV,2024-01-16T00:00:00.000000,1,49.72,BUY
ABBV,2024-01-17T00:00:00.000000,1,49.72,BUY
ABBV,2024-01-18T00:00:00.000000,1,49.72,BUY
ABBV,2024-01-19T00:00:00.000000,1,49.72,BUY
ABBV,2024-01-22T00:00:00.000000,1,49.72,BUY
ABBV,2024-01-23T00:00:00.000000,1,49.72,BUY
ABBV,2024-01-24T00:00:00.000000,1,48.51,BUY
ABBV,2024-01-25T00:00:00.000000,1,48.51,BUY
ABBV,2024-01-26T00:00:00.000000,1,49.72,BUY
ABBV,2024-01-29T00:00:00.000000,1,49.72,BUY
ABBV,2024-01-30T00:00:00.000000,1,49.72,BUY
ABBV,2024-01-31T00:00:00.000000,1,49.72,BUY
ABBV,2024-02-01T00:00:00.000000,1,49.72,BUY
ABBV,2024-02-02T00:00:00.000000,1,49.72,BUY
ABBV,2024-02-05T00:00:00.000000,1,49.72,BUY
ABBV,2024-02-06T00:00:00.000000,1,48.51,BUY
ABBV,2024-02-07T00:00:00.000000,1,48.51,BUY
ABBV,2024-02-08T00:00:00.000000,0,48.51,SELL
ABBV,2024-02-09T00:00:00.000000,0,48.51,SELL
ABBV,2024-02-12T00:00:00.000000,0,48.51,SELL
ABBV,2024-02-13T00:00:00.000000,0,48.51,SELL
ABBV,2024-02-14T00:00:00.000000,0,48.51,SELL
ABBV,2024-02-15T00:00:00.000000,0,48.51,SELL
ABBV,2024-02-16T00:00:00.000000,0,48.51,SELL
ABBV,2024-02-20T00:00:00.000000,0,48.51,SELL
ABBV,2024-02-21T00:00:00.000000,0,48.51,SELL
ABBV,2024-02-22T00:00:00.000000,0,48.51,SELL
ABBV,2024-02-23T00:00:00.000000,0,48.51,SELL
ABBV,2024-02-26T00:00:00.000000,1,48.51,BUY
ABBV,2024-02-27T00:00:00.000000,1,48.51,BUY
ABBV,2024-02-28T00:00:00.000000,0,48.51,SELL
ABBV,2024-02-29T00:00:00.000000,0,48.51,SELL
ABBV,2024-03-01T00:00:00.000000,0,48.51,SELL
ABBV,2024-03-04T00:00:00.000000,0,48.51,SELL
ABBV,2024-03-05T00:00:00.000000,0,48.51,SELL
ABBV,2024-03-06T00:00:00.000000,0,48.51,SELL
ABBV,2024-03-07T00:00:00.000000,0,48.51,SELL
ABBV,2024-03-08T00:00:00.000000,0,48.51,SELL
ABBV,2024-03-11T00:00:00.000000,0,44.85,SELL
ABBV,2024-03-12T00:00:00.000000,0,44.85,SELL
ABBV,2024-03-13T00:00:00.000000,0,40.62,SELL
ABBV,2024-03-14T00:00:00.000000,0,38.31,SELL
ABBV,2024-03-15T00:00:00.000000,0,38.31,SELL
ABBV,2024-03-18T00:00:00.000000,0,38.31,SELL
ABBV,2024-03-19T00:00:00.000000,0,38.31,SELL
ABBV,2024-03-20T00:00:00.000000,0,40.62,SELL
ABBV,2024-03-21T00:00:00.000000,0,44.85,SELL
ABBV,2024-03-22T00:00:00.000000,0,44.85,SELL
ABBV,2024-03-25T00:00:00.000000,0,38.31,SELL
ABBV,2024-03-26T00:00:00.000000,0,38.1,SELL
ABBV,2024-03-27T00:00:00.000000,0,36.84,SELL
ABBV,2024-03-28T00:00:00.000000,0,32.82,SELL
ABBV,2024-04-01T00:00:00.000000,0,32.82,SELL
ABBV,2024-04-02T00:00:00.000000,0,32.82,SELL
ABBV,2024-04-03T00:00:00.000000,0,32.82,SELL
ABBV,2024-04-04T00:00:00.000000,0,32.82,SELL
ABBV,2024-04-05T00:00:00.000000,0,32.82,SELL
ABBV,2024-04-08T00:00:00.000000,0,32.82,SELL
ABBV,2024-04-09T00:00:00.000000,0,38.1,SELL
ABBV,2024-04-10T00:00:00.000000,0,36.84,SELL
ABBV,2024-04-11T00:00:00.000000,0,36.84,SELL
ABBV,2024-04-12T00:00:00.000000,0,38.31,SELL
ABBV,2024-04-15T00:00:00.000000,0,38.31,SELL
ABBV,2024-04-16T00:00:00.000000,0,38.31,SELL
ABBV,2024-04-17T00:00:00.000000,0,38.31,SELL
ABBV,2024-04-18T00:00:00.000000,0,38.31,SELL
ABBV,2024-04-19T00:00:00.000000,0,38.31,SELL
ABBV,2024-04-22T00:00:00.000000,0,48.51,SELL
ABBV,2024-04-23T00:00:00.000000,1,48.51,BUY
ABBV,2024-04-24T00:00:00.000000,1,49.72,BUY
ABBV,2024-04-25T00:00:00.000000,1,50.83,BUY
ABBV,2024-04-26T00:00:00.000000,1,50.83,BUY
ABBV,2024-04-29T00:00:00.000000,1,50.83,BUY
ABBV,2024-04-30T00:00:00.000000,1,50.83,BUY
ABBV,2024-05-01T00:00:00.000000,1,49.72,BUY
ABBV,2024-05-02T00:00:00.000000,1,49.72,BUY
ABBV,2024-05-03T00:00:00.000000,1,49.72,BUY
ABBV,2024-05-06T00:00:00.000000,1,49.72,BUY
ABBV,2024-05-07T00:00:00.000000,1,48.51,BUY
ABBV,2024-05-08T00:00:00.000000,1,48.51,BUY
ABBV,2024-05-09T00:00:00.000000,0,48.51,SELL
ABBV,2024-05-10T00:00:00.000000,0,48.51,SELL
ABBV,2024-05-13T00:00:00.000000,0,48.51,SELL
ABBV,2024-05-14T00:00:00.000000,1,48.51,BUY
ABBV,2024-05-15T00:00:00.000000,1,49.72,BUY
ABBV,2024-05-16T00:00:00.000000,0,48.51,SELL
ABBV,2024-05-17T00:00:00.000000,0,48.51,SELL
ABBV,2024-05-20T00:00:00.000000,0,48.51,SELL
ABBV,2024-05-21T00:00:00.000000,0,48.51,SELL
ABBV,2024-05-22T00:00:00.000000,0,48.51,SELL
ABBV,2024-05-23T00:00:00.000000,0,48.51,SELL
ABBV,2024-05-24T00:00:00.000000,0,48.51,SELL
ABBV,2024-05-28T00:00:00.000000,0,48.51,SELL
ABBV,2024-05-29T00:00:00.000000,0,48.51,SELL
ABBV,2024-05-30T00:00:00.000000,0,48.51,SELL
ABBV,2024-05-31T00:00:00.000000,0,48.51,SELL
ABBV,2024-06-03T00:00:00.000000,0,48.51,SELL
ABBV,2024-06-04T00:00:00.000000,0,48.51,SELL
ABBV,2024-06-05T00:00:00.000000,0,48.51,SELL
ABBV,2024-06-06T00:00:00.000000,0,48.51,SELL
ABBV,2024-06-07T00:00:00.000000,0,48.51,SELL
ABBV,2024-06-10T00:00:00.000000,1,48.51,BUY
ABBV,2024-06-11T00:00:00.000000,1,49.72,BUY
ABBV,2024-06-12T00:00:00.000000,1,49.72,BUY
ABBV,2024-06-13T00:00:00.000000,1,49.72,BUY
ABBV,2024-06-14T00:00:00.000000,1,49.72,BUY
ABBV,2024-06-17T00:00:00.000000,1,49.72,BUY
ABBV,2024-06-18T00:00:00.000000,1,49.72,BUY
ABBV,2024-06-20T00:00:00.000000,1,49.72,BUY
ABBV,2024-06-21T00:00:00.000000,1,49.72,BUY
ABBV,2024-06-24T00:00:00.000000,1,49.72,BUY
ABBV,2024-06-25T00:00:00.000000,1,49.72,BUY
ABBV,2024-06-26T00:00:00.000000,1,49.72,BUY
ABBV,2024-06-27T00:00:00.000000,1,49.72,BUY
ABBV,2024-06-28T00:00:00.000000,1,49.72,BUY
ABBV,2024-07-01T00:00:00.000000,1,49.72,BUY
ABBV,2024-07-02T00:00:00.000000,1,49.72,BUY
ABBV,2024-07-03T00:00:00.000000,1,49.72,BUY
ABBV,2024-07-05T00:00:00.000000,1,49.72,BUY
ABBV,2024-07-08T00:00:00.000000,1,49.72,BUY
ABBV,2024-07-09T00:00:00.000000,1,49.72,BUY
ABBV,2024-07-10T00:00:00.000000,1,49.72,BUY
ABBV,2024-07-11T00:00:00.000000,1,49.72,BUY
ABBV,2024-07-12T00:00:00.000000,1,49.72,BUY
ABBV,2024-07-15T00:00:00.000000,1,48.51,BUY
ABBV,2024-07-16T00:00:00.000000,1,48.51,BUY
ABBV,2024-07-17T00:00:00.000000,1,48.51,BUY
ABBV,2024-07-18T00:00:00.000000,1,48.51,BUY
ABBV,2024-07-19T00:00:00.000000,0,48.51,SELL
ABBV,2024-07-22T00:00:00.000000,0,48.51,SELL
ABBV,2024-07-23T00:00:00.000000,0,48.51,SELL
ABBV,2024-07-24T00:00:00.000000,0,48.51,SELL
ABBV,2024-07-25T00:00:00.000000,0,48.51,SELL
ABBV,2024-07-26T00:00:00.000000,1,48.51,BUY
ABBV,2024-07-29T00:00:00.000000,1,48.51,BUY
ABBV,2024-07-30T00:00:00.000000,1,48.51,BUY
ABBV,2024-07-31T00:00:00.000000,1,49.72,BUY
ABBV,2024-08-01T00:00:00.000000,1,49.72,BUY
ABBV,2024-08-02T00:00:00.000000,1,50.83,BUY
ABBV,2024-08-05T00:00:00.000000,1,50.83,BUY
ABBV,2024-08-06T00:00:00.000000,1,50.83,BUY
ABBV,2024-08-07T00:00:00.000000,1,50.83,BUY
ABBV,2024-08-08T00:00:00.000000,1,50.83,BUY
ABBV,2024-08-09T00:00:00.000000,1,50.83,BUY
ABBV,2024-08-12T00:00:00.000000,1,50.83,BUY
ABBV,2024-08-13T00:00:00.000000,1,49.72,BUY
ABBV,2024-08-14T00:00:00.000000,1,49.72,BUY
ABBV,2024-08-15T00:00:00.000000,1,49.72,BUY
ABBV,2024-08-16T00:00:00.000000,1,49.72,BUY
ABBV,2024-08-19T00:00:00.000000,1,49.72,BUY
ABBV,2024-08-20T00:00:00.000000,1,49.72,BUY
ABBV,2024-08-21T00:00:00.000000,1,49.72,BUY
ABBV,2024-08-22T00:00:00.000000,1,49.72,BUY
ABBV,2024-08-23T00:00:00.000000,1,49.72,BUY
ABBV,2024-08-26T00:00:00.000000,1,49.72,BUY
ABBV,2024-08-27T00:00:00.000000,1,49.72,BUY
ABBV,2024-08-28T00:00:00.000000,1,49.72,BUY
ABBV,2024-08-29T00:00:00.000000,1,49.72,BUY
ABBV,2024-08-30T00:00:00.000000,1,49.72,BUY
ABBV,2024-09-03T00:00:00.000000,1,49.72,BUY
ABBV,2024-09-04T00:00:00.000000,1,49.72,BUY
ABBV,2024-09-05T00:00:00.000000,1,49.72,BUY
ABBV,2024-09-06T00:00:00.000000,1,49.72,BUY
ABBV,2024-09-09T00:00:00.000000,1,49.72,BUY
ABBV,2024-09-10T00:00:00.000000,1,49.72,BUY
ABBV,2024-09-11T00:00:00.000000,1,49.72,BUY
ABBV,2024-09-12T00:00:00.000000,1,49.72,BUY
ABBV,2024-09-13T00:00:00.000000,1,49.72,BUY
ABBV,2024-09-16T00:00:00.000000,1,49.72,BUY
ABBV,2024-09-17T00:00:00.000000,1,49.72,BUY
ABBV,2024-09-18T00:00:00.000000,1,49.72,BUY
ABBV,2024-09-19T00:00:00.000000,1,48.51,BUY
ABBV,2024-09-20T00:00:00.000000,0,48.51,SELL
ABBV,2024-09-23T00:00:00.000000,0,48.51,SELL
ABBV,2024-09-24T00:00:00.000000,0,48.51,SELL
ABBV,2024-09-25T00:00:00.000000,0,48.51,SELL
ABBV,2024-09-26T00:00:00.000000,0,48.51,SELL
ABBV,2024-09-27T00:00:00.000000,0,48.51,SELL
ABBV,2024-09-30T00:00:00.000000,0,48.51,SELL
ABBV,2024-10-01T00:00:00.000000,0,48.51,SELL
ABBV,2024-10-02T00:00:00.000000,0,45.45,SELL
ABBV,2024-10-03T00:00:00.000000,0,45.45,SELL
ABBV,2024-10-04T00:00:00.000000,0,48.51,SELL
ABBV,2024-10-07T00:00:00.000000,0,48.51,SELL
ABBV,2024-10-08T00:00:00.000000,0,48.51,SELL
ABBV,2024-10-09T00:00:00.000000,0,48.51,SELL
ABBV,2024-10-10T00:00:00.000000,0,48.51,SELL
ABBV,2024-10-11T00:00:00.000000,1,48.51,BUY
ABBV,2024-10-14T00:00:00.000000,1,48.51,BUY
ABBV,2024-10-15T00:00:00.000000,1,49.72,BUY
ABBV,2024-10-16T00:00:00.000000,1,48.51,BUY
ABBV,2024-10-17T00:00:00.000000,1,48.51,BUY
ABBV,2024-10-18T00:00:00.000000,1,48.51,BUY
ABBV,2024-10-21T00:00:00.000000,1,48.51,BUY
ABBV,2024-10-22T00:00:00.000000,0,48.51,SELL
ABBV,2024-10-23T00:00:00.000000,0,48.51,SELL
ABBV,2024-10-24T00:00:00.000000,0,48.51,SELL
ABBV,2024-10-25T00:00:00.000000,0,48.51,SELL
ABBV,2024-10-28T00:00:00.000000,0,48.51,SELL
ABBV,2024-10-29T00:00:00.000000,0,48.51,SELL
ABBV,2024-10-30T00:00:00.000000,0,48.51,SELL
ABBV,2024-10-31T00:00:00.000000,0,48.51,SELL
ABBV,2024-11-01T00:00:00.000000,0,48.51,SELL
ABBV,2024-11-04T00:00:00.000000,1,48.51,BUY
ABBV,2024-11-05T00:00:00.000000,1,49.72,BUY
ABBV,2024-11-06T00:00:00.000000,1,49.72,BUY
ABBV,2024-11-07T00:00:00.000000,1,49.72,BUY
ABBV,2024-11-08T00:00:00.000000,1,49.72,BUY
ABBV,2024-11-11T00:00:00.000000,1,49.72,BUY
ABBV,2024-11-12T00:00:00.000000,1,49.72,BUY
ABBV,2024-11-13T00:00:00.000000,1,49.72,BUY
ABBV,2024-11-14T00:00:00.000000,1,50.83,BUY
ABBV,2024-11-15T00:00:00.000000,1,49.72,BUY
ABBV,2024-11-18T00:00:00.000000,1,49.72,BUY
ABBV,2024-11-19T00:00:00.000000,0,48.51,SELL
ABBV,2024-11-20T00:00:00.000000,0,48.51,SELL
ABBV,2024-11-21T00:00:00.000000,0,44.85,SELL
ABBV,2024-11-22T00:00:00.000000,0,38.31,SELL
ABBV,2024-11-25T00:00:00.000000,0,36.84,SELL
ABBV,2024-11-26T00:00:00.000000,0,36.84,SELL
ABBV,2024-11-27T00:00:00.000000,0,38.31,SELL
ABBV,2024-11-29T00:00:00.000000,0,38.31,SELL
ABBV,2024-12-02T00:00:00.000000,0,45.45,SELL
ABBV,2024-12-03T00:00:00.000000,0,48.51,SELL
ABBV,2024-12-04T00:00:00.000000,0,48.51,SELL
ABBV,2024-12-05T00:00:00.000000,1,48.51,BUY
ABBV,2024-12-06T00:00:00.000000,1,48.51,BUY
ABBV,2024-12-09T00:00:00.000000,1,49.72,BUY
ABBV,2024-12-10T00:00:00.000000,1,48.51,BUY
ABBV,2024-12-11T00:00:00.000000,1,48.51,BUY
ABBV,2024-12-12T00:00:00.000000,1,48.51,BUY
ABBV,2024-12-13T00:00:00.000000,1,48.51,BUY
ABBV,2024-12-16T00:00:00.000000,0,48.51,SELL
ABBV,2024-12-17T00:00:00.000000,1,48.51,BUY
ABBV,2024-12-18T00:00:00.000000,0,48.51,SELL
ABBV,2024-12-19T00:00:00.000000,0,48.51,SELL
ABBV,2024-12-20T00:00:00.000000,1,48.51,BUY
ADBE,2023-02-21T00:00:00.000000,1,49.72,BUY
ADBE,2023-02-22T00:00:00.000000,1,49.72,BUY
ADBE,2023-02-23T00:00:00.000000,1,49.72,BUY
ADBE,2023-02-24T00:00:00.000000,1,49.72,BUY
ADBE,2023-02-27T00:00:00.000000,1,49.72,BUY
ADBE,2023-02-28T00:00:00.000000,1,49.72,BUY
ADBE,2023-03-01T00:00:00.000000,1,50.83,BUY
ADBE,2023-03-02T00:00:00.000000,1,50.83,BUY
ADBE,2023-03-03T00:00:00.000000,1,50.83,BUY
ADBE,2023-03-06T00:00:00.000000,1,50.83,BUY
ADBE,2023-03-07T00:00:00.000000,1,50.83,BUY
ADBE,2023-03-08T00:00:00.000000,1,50.83,BUY
ADBE,2023-03-09T00:00:00.000000,1,50.83,BUY
ADBE,2023-03-10T00:00:00.000000,1,50.83,BUY
ADBE,2023-03-13T00:00:00.000000,1,50.83,BUY
ADBE,2023-03-14T00:00:00.000000,1,50.83,BUY
ADBE,2023-03-15T00:00:00.000000,1,50.83,BUY
ADBE,2023-03-16T00:00:00.000000,1,50.83,BUY
ADBE,2023-03-17T00:00:00.000000,1,52.76,BUY
ADBE,2023-03-20T00:00:00.000000,1,52.76,BUY
ADBE,2023-03-21T00:00:00.000000,1,50.83,BUY
ADBE,2023-03-22T00:00:00.000000,1,50.83,BUY
ADBE,2023-03-23T00:00:00.000000,1,50.83,BUY
ADBE,2023-03-24T00:00:00.000000,1,50.83,BUY
ADBE,2023-03-27T00:00:00.000000,1,50.83,BUY
ADBE,2023-03-28T00:00:00.000000,1,50.83,BUY
ADBE,2023-03-29T00:00:00.000000,1,50.83,BUY
ADBE,2023-03-30T00:00:00.000000,1,50.83,BUY
ADBE,2023-03-31T00:00:00.000000,1,50.83,BUY
ADBE,2023-04-03T00:00:00.000000,1,50.83,BUY
ADBE,2023-04-04T00:00:00.000000,1,50.83,BUY
ADBE,2023-04-05T00:00:00.000000,1,49.72,BUY
ADBE,2023-04-06T00:00:00.000000,1,49.72,BUY
ADBE,2023-04-10T00:00:00.000000,1,49.72,BUY
ADBE,2023-04-11T00:00:00.000000,1,49.72,BUY
ADBE,2023-04-12T00:00:00.000000,1,49.72,BUY
ADBE,2023-04-13T00:00:00.000000,1,49.72,BUY
ADBE,2023-04-14T00:00:00.000000,1,49.72,BUY
ADBE,2023-04-17T00:00:00.000000,1,49.72,BUY
ADBE,2023-04-18T00:00:00.000000,1,49.72,BUY
ADBE,2023-04-19T00:00:00.000000,1,49.72,BUY
ADBE,2023-04-20T00:00:00.000000,1,50.83,BUY
ADBE,2023-04-21T00:00:00.000000,1,50.83,BUY
ADBE,2023-04-24T00:00:00.000000,1,50.83,BUY
ADBE,2023-04-25T00:00:00.000000,1,49.72,BUY
ADBE,2023-04-26T00:00:00.000000,1,49.72,BUY
ADBE,2023-04-27T00:00:00.000000,1,50.83,BUY
ADBE,2023-04-28T00:00:00.000000,1,50.83,BUY
ADBE,2023-05-01T00:00:00.000000,1,50.83,BUY
ADBE,2023-05-02T00:00:00.000000,1,50.83,BUY
ADBE,2023-05-03T00:00:00.000000,1,50.83,BUY
ADBE,2023-05-04T00:00:00.000000,1,50.83,BUY
ADBE,2023-05-05T00:00:00.000000,1,50.83,BUY
ADBE,2023-05-08T00:00:00.000000,1,50.83,BUY
ADBE,2023-05-09T00:00:00.000000,1,50.83,BUY
ADBE,2023-05-10T00:00:00.000000,1,50.83,BUY
ADBE,2023-05-11T00:00:00.000000,1,50.83,BUY
ADBE,2023-05-12T00:00:00.000000,1,50.83,BUY
ADBE,2023-05-15T00:00:00.000000,1,50.83,BUY
ADBE,2023-05-16T00:00:00.000000,1,50.83,BUY
ADBE,2023-05-17T00:00:00.000000,1,50.83,BUY
ADBE,2023-05-18T00:00:00.000000,1,50.83,BUY
ADBE,2023-05-19T00:00:00.000000,1,50.83,BUY
ADBE,2023-05-22T00:00:00.000000,1,50.83,BUY
ADBE,2023-05-23T00:00:00.000000,1,50.83,BUY
ADBE,2023-05-24T00:00:00.000000,1,50.83,BUY
ADBE,2023-05-25T00:00:00.000000,1,50.83,BUY
ADBE,2023-05-26T00:00:00.000000,1,50.83,BUY
ADBE,2023-05-30T00:00:00.000000,1,50.83,BUY
ADBE,2023-05-31T00:00:00.000000,1,50.83,BUY
ADBE,2023-06-01T00:00:00.000000,1,50.83,BUY
ADBE,2023-06-02T00:00:00.000000,1,50.83,BUY
ADBE,2023-06-05T00:00:00.000000,1,50.83,BUY
ADBE,2023-06-06T00:00:00.000000,1,50.83,BUY
ADBE,2023-06-07T00:00:00.000000,1,50.83,BUY
ADBE,2023-06-08T00:00:00.000000,1,50.83,BUY
ADBE,2023-06-09T00:00:00.000000,1,50.83,BUY
ADBE,2023-06-12T00:00:00.000000,1,50.83,BUY
ADBE,2023-06-13T00:00:00.000000,1,50.83,BUY
ADBE,2023-06-14T00:00:00.000000,1,50.83,BUY
ADBE,2023-06-15T00:00:00.000000,1,49.72,BUY
ADBE,2023-06-16T00:00:00.000000,1,49.72,BUY
ADBE,2023-06-20T00:00:00.000000,1,49.72,BUY
ADBE,2023-06-21T00:00:00.000000,1,49.72,BUY
ADBE,2023-06-22T00:00:00.000000,1,48.51,BUY
ADBE,2023-06-23T00:00:00.000000,1,48.51,BUY
ADBE,2023-06-26T00:00:00.000000,1,49.72,BUY
ADBE,2023-06-27T00:00:00.000000,1,49.72,BUY
ADBE,2023-06-28T00:00:00.000000,1,49.72,BUY
ADBE,2023-06-29T00:00:00.000000,1,49.72,BUY
ADBE,2023-06-30T00:00:00.000000,1,49.72,BUY
ADBE,2023-07-03T00:00:00.000000,1,49.72,BUY
ADBE,2023-07-05T00:00:00.000000,1,49.72,BUY
ADBE,2023-07-06T00:00:00.000000,1,49.72,BUY
ADBE,2023-07-07T00:00:00.000000,1,49.72,BUY
ADBE,2023-07-10T00:00:00.000000,1,49.72,BUY
ADBE,2023-07-11T00:00:00.000000,1,49.72,BUY
ADBE,2023-07-12T00:00:00.000000,1,49.72,BUY
ADBE,2023-07-13T00:00:00.000000,1,49.72,BUY
ADBE,2023-07-14T00:00:00.000000,1,49.72,BUY
ADBE,2023-07-17T00:00:00.000000,1,49.72,BUY
ADBE,2023-07-18T00:00:00.000000,1,48.51,BUY
ADBE,2023-07-19T00:00:00.000000,0,48.51,SELL
ADBE,2023-07-20T00:00:00.000000,0,48.51,SELL
ADBE,2023-07-21T00:00:00.000000,0,48.51,SELL
ADBE,2023-07-24T00:00:00.000000,0,48.51,SELL
ADBE,2023-07-25T00:00:00.000000,1,48.51,BUY
ADBE,2023-07-26T00:00:00.000000,1,48.51,BUY
ADBE,2023-07-27T00:00:00.000000,1,49.72,BUY
ADBE,2023-07-28T00:00:00.000000,1,49.72,BUY
ADBE,2023-07-31T00:00:00.000000,1,49.72,BUY
ADBE,2023-08-01T00:00:00.000000,1,49.72,BUY
ADBE,2023-08-02T00:00:00.000000,1,49.72,BUY
ADBE,2023-08-03T00:00:00.000000,1,49.72,BUY
ADBE,2023-08-04T00:00:00.000000,1,49.72,BUY
ADBE,2023-08-07T00:00:00.000000,1,49.72,BUY
ADBE,2023-08-08T00:00:00.000000,1,49.72,BUY
ADBE,2023-08-09T00:00:00.000000,1,49.72,BUY
ADBE,2023-08-10T00:00:00.000000,1,49.72,BUY
ADBE,2023-08-11T00:00:00.000000,1,49.72,BUY
ADBE,2023-08-14T00:00:00.000000,1,49.72,BUY
ADBE,2023-08-15T00:00:00.000000,1,49.72,BUY
ADBE,2023-08-16T00:00:00.000000,1,49.72,BUY
ADBE,2023-08-17T00:00:00.000000,1,49.72,BUY
ADBE,2023-08-18T00:00:00.000000,1,49.72,BUY
ADBE,2023-08-21T00:00:00.000000,1,50.83,BUY
ADBE,2023-08-22T00:00:00.000000,1,50.83,BUY
ADBE,2023-08-23T00:00:00.000000,1,50.83,BUY
ADBE,2023-08-24T00:00:00.000000,1,50.83,BUY
ADBE,2023-08-25T00:00:00.000000,1,50.83,BUY
ADBE,2023-08-28T00:00:00.000000,1,50.83,BUY
ADBE,2023-08-29T00:00:00.000000,1,50.83,BUY
ADBE,2023-08-30T00:00:00.000000,1,50.83,BUY
ADBE,2023-08-31T00:00:00.000000,1,50.83,BUY
ADBE,2023-09-01T00:00:00.000000,1,50.83,BUY
ADBE,2023-09-05T00:00:00.000000,1,50.83,BUY
ADBE,2023-09-06T00:00:00.000000,1,50.83,BUY
ADBE,2023-09-07T00:00:00.000000,1,50.83,BUY
ADBE,2023-09-08T00:00:00.000000,1,50.83,BUY
ADBE,2023-09-11T00:00:00.000000,1,50.83,BUY
ADBE,2023-09-12T00:00:00.000000,1,49.72,BUY
ADBE,2023-09-13T00:00:00.000000,1,49.72,BUY
ADBE,2023-09-14T00:00:00.000000,1,49.72,BUY
ADBE,2023-09-15T00:00:00.000000,1,50.83,BUY
ADBE,2023-09-18T00:00:00.000000,1,49.72,BUY
ADBE,2023-09-19T00:00:00.000000,1,49.72,BUY
ADBE,2023-09-20T00:00:00.000000,1,49.72,BUY
ADBE,2023-09-21T00:00:00.000000,1,49.72,BUY
ADBE,2023-09-22T00:00:00.000000,1,49.72,BUY
ADBE,2023-09-25T00:00:00.000000,1,49.72,BUY
ADBE,2023-09-26T00:00:00.000000,1,50.83,BUY
ADBE,2023-09-27T00:00:00.000000,1,50.83,BUY
ADBE,2023-09-28T00:00:00.000000,1,50.83,BUY
ADBE,2023-09-29T00:00:00.000000,1,50.83,BUY
ADBE,2023-10-02T00:00:00.000000,1,50.83,BUY
ADBE,2023-10-03T00:00:00.000000,1,50.83,BUY
ADBE,2023-10-04T00:00:00.000000,1,52.76,BUY
ADBE,2023-10-05T00:00:00.000000,1,52.76,BUY
ADBE,2023-10-06T00:00:00.000000,1,52.76,BUY
ADBE,2023-10-09T00:00:00.000000,1,52.76,BUY
ADBE,2023-10-10T00:00:00.000000,1,52.76,BUY
ADBE,2023-10-11T00:00:00.000000,1,50.83,BUY
ADBE,2023-10-12T00:00:00.000000,1,50.83,BUY
ADBE,2023-10-13T00:00:00.000000,1,50.83,BUY
ADBE,2023-10-16T00:00:00.000000,1,50.83,BUY
ADBE,2023-10-17T00:00:00.000000,1,50.83,BUY
ADBE,2023-10-18T00:00:00.000000,1,50.83,BUY
ADBE,2023-10-19T00:00:00.000000,1,50.83,BUY
ADBE,2023-10-20T00:00:00.000000,1,50.83,BUY
ADBE,2023-10-23T00:00:00.000000,1,50.83,BUY
ADBE,2023-10-24T00:00:00.000000,1,50.83,BUY
ADBE,2023-10-25T00:00:00.000000,1,50.83,BUY
ADBE,2023-10-26T00:00:00.000000,1,50.83,BUY
ADBE,2023-10-27T00:00:00.000000,1,50.83,BUY
ADBE,2023-10-30T00:00:00.000000,1,50.83,BUY
ADBE,2023-10-31T00:00:00.000000,1,50.83,BUY
ADBE,2023-11-01T00:00:00.000000,1,50.83,BUY
ADBE,2023-11-02T00:00:00.000000,1,50.83,BUY
ADBE,2023-11-03T00:00:00.000000,1,50.83,BUY
ADBE,2023-11-06T00:00:00.000000,1,50.83,BUY
ADBE,2023-11-07T00:00:00.000000,1,50.83,BUY
ADBE,2023-11-08T00:00:00.000000,1,50.83,BUY
ADBE,2023-11-09T00:00:00.000000,1,50.83,BUY
ADBE,2023-11-10T00:00:00.000000,1,50.83,BUY
ADBE,2023-11-13T00:00:00.000000,1,50.83,BUY
ADBE,2023-11-14T00:00:00.000000,1,50.83,BUY
ADBE,2023-11-15T00:00:00.000000,1,50.83,BUY
ADBE,2023-11-16T00:00:00.000000,1,50.83,BUY
ADBE,2023-11-17T00:00:00.000000,1,50.83,BUY
ADBE,2023-11-20T00:00:00.000000,1,50.83,BUY
ADBE,2023-11-21T00:00:00.000000,1,49.72,BUY
ADBE,2023-11-22T00:00:00.000000,1,49.72,BUY
ADBE,2023-11-24T00:00:00.000000,1,49.72,BUY
ADBE,2023-11-27T00:00:00.000000,1,49.72,BUY
ADBE,2023-11-28T00:00:00.000000,1,49.72,BUY
ADBE,2023-11-29T00:00:00.000000,1,49.72,BUY
ADBE,2023-11-30T00:00:00.000000,1,49.72,BUY
ADBE,2023-12-01T00:00:00.000000,1,49.72,BUY
ADBE,2023-12-04T00:00:00.000000,1,49.72,BUY
ADBE,2023-12-05T00:00:00.000000,1,49.72,BUY
ADBE,2023-12-06T00:00:00.000000,1,49.72,BUY
ADBE,2023-12-07T00:00:00.000000,1,49.72,BUY
ADBE,2023-12-08T00:00:00.000000,1,49.72,BUY
ADBE,2023-12-11T00:00:00.000000,1,49.72,BUY
ADBE,2023-12-12T00:00:00.000000,1,49.72,BUY
ADBE,2023-12-13T00:00:00.000000,1,49.72,BUY
ADBE,2023-12-14T00:00:00.000000,1,49.72,BUY
ADBE,2023-12-15T00:00:00.000000,1,49.72,BUY
ADBE,2023-12-18T00:00:00.000000,1,49.72,BUY
ADBE,2023-12-19T00:00:00.000000,1,49.72,BUY
ADBE,2023-12-20T00:00:00.000000,1,49.72,BUY
ADBE,2023-12-21T00:00:00.000000,1,49.72,BUY
ADBE,2023-12-22T00:00:00.000000,1,49.72,BUY
ADBE,2023-12-26T00:00:00.000000,1,49.72,BUY
ADBE,2023-12-27T00:00:00.000000,1,49.72,BUY
ADBE,2023-12-28T00:00:00.000000,1,49.72,BUY
ADBE,2023-12-29T00:00:00.000000,1,49.72,BUY
ADBE,2024-01-02T00:00:00.000000,1,49.72,BUY
ADBE,2024-01-03T00:00:00.000000,1,49.72,BUY
ADBE,2024-01-04T00:00:00.000000,1,49.72,BUY
ADBE,2024-01-05T00:00:00.000000,1,49.72,BUY
ADBE,2024-01-08T00:00:00.000000,1,49.72,BUY
ADBE,2024-01-09T00:00:00.000000,1,49.72,BUY
ADBE,2024-01-10T00:00:00.000000,1,49.72,BUY
ADBE,2024-01-11T00:00:00.000000,1,49.72,BUY
ADBE,2024-01-12T00:00:00.000000,1,50.83,BUY
ADBE,2024-01-16T00:00:00.000000,1,50.83,BUY
ADBE,2024-01-17T00:00:00.000000,1,50.83,BUY
ADBE,2024-01-18T00:00:00.000000,1,50.83,BUY
ADBE,2024-01-19T00:00:00.000000,1,50.83,BUY
ADBE,2024-01-22T00:00:00.000000,1,50.83,BUY
ADBE,2024-01-23T00:00:00.000000,1,50.83,BUY
ADBE,2024-01-24T00:00:00.000000,1,50.83,BUY
ADBE,2024-01-25T00:00:00.000000,1,50.83,BUY
ADBE,2024-01-26T00:00:00.000000,1,49.72,BUY
ADBE,2024-01-29T00:00:00.000000,1,49.72,BUY
ADBE,2024-01-30T00:00:00.000000,1,49.72,BUY
ADBE,2024-01-31T00:00:00.000000,1,49.72,BUY
ADBE,2024-02-01T00:00:00.000000,1,50.83,BUY
ADBE,2024-02-02T00:00:00.000000,1,50.83,BUY
ADBE,2024-02-05T00:00:00.000000,1,50.83,BUY
ADBE,2024-02-06T00:00:00.000000,1,50.83,BUY
ADBE,2024-02-07T00:00:00.000000,1,50.83,BUY
ADBE,2024-02-08T00:00:00.000000,1,50.83,BUY
ADBE,2024-02-09T00:00:00.000000,1,49.72,BUY
ADBE,2024-02-12T00:00:00.000000,1,49.72,BUY
ADBE,2024-02-13T00:00:00.000000,1,49.72,BUY
ADBE,2024-02-14T00:00:00.000000,1,49.72,BUY
ADBE,2024-02-15T00:00:00.000000,1,49.72,BUY
ADBE,2024-02-16T00:00:00.000000,1,49.72,BUY
ADBE,2024-02-20T00:00:00.000000,1,49.72,BUY
ADBE,2024-02-21T00:00:00.000000,1,49.72,BUY
ADBE,2024-02-22T00:00:00.000000,1,50.83,BUY
ADBE,2024-02-23T00:00:00.000000,1,50.83,BUY
ADBE,2024-02-26T00:00:00.000000,1,50.83,BUY
ADBE,2024-02-27T00:00:00.000000,1,50.83,BUY
ADBE,2024-02-28T00:00:00.000000,1,50.83,BUY
ADBE,2024-02-29T00:00:00.000000,1,50.83,BUY
ADBE,2024-03-01T00:00:00.000000,1,50.83,BUY
ADBE,2024-03-04T00:00:00.000000,1,50.83,BUY
ADBE,2024-03-05T00:00:00.000000,1,50.83,BUY
ADBE,2024-03-06T00:00:00.000000,1,50.83,BUY
ADBE,2024-03-07T00:00:00.000000,1,50.83,BUY
ADBE,2024-03-08T00:00:00.000000,1,50.83,BUY
ADBE,2024-03-11T00:00:00.000000,1,50.83,BUY
ADBE,2024-03-12T00:00:00.000000,1,50.83,BUY
ADBE,2024-03-13T00:00:00.000000,1,50.83,BUY
ADBE,2024-03-14T00:00:00.000000,1,50.83,BUY
ADBE,2024-03-15T00:00:00.000000,1,50.83,BUY
ADBE,2024-03-18T00:00:00.000000,1,50.83,BUY
ADBE,2024-03-19T00:00:00.000000,1,50.83,BUY
ADBE,2024-03-20T00:00:00.000000,1,50.83,BUY
ADBE,2024-03-21T00:00:00.000000,1,50.83,BUY
ADBE,2024-03-22T00:00:00.000000,1,50.83,BUY
ADBE,2024-03-25T00:00:00.000000,1,50.83,BUY
ADBE,2024-03-26T00:00:00.000000,1,50.83,BUY
ADBE,2024-03-27T00:00:00.000000,1,50.83,BUY
ADBE,2024-03-28T00:00:00.000000,1,50.83,BUY
ADBE,2024-04-01T00:00:00.000000,1,50.83,BUY
ADBE,2024-04-02T00:00:00.000000,1,50.83,BUY
ADBE,2024-04-03T00:00:00.000000,1,50.83,BUY
ADBE,2024-04-04T00:00:00.000000,1,50.83,BUY
ADBE,2024-04-05T00:00:00.000000,1,50.83,BUY
ADBE,2024-04-08T00:00:00.000000,1,50.83,BUY
ADBE,2024-04-09T00:00:00.000000,1,50.83,BUY
ADBE,2024-04-10T00:00:00.000000,1,50.83,BUY
ADBE,2024-04-11T00:00:00.000000,1,50.83,BUY
ADBE,2024-04-12T00:00:00.000000,1,50.83,BUY
ADBE,2024-04-15T00:00:00.000000,1,50.83,BUY
ADBE,2024-04-16T00:00:00.000000,1,50.83,BUY
ADBE,2024-04-17T00:00:00.000000,1,50.83,BUY
ADBE,2024-04-18T00:00:00.000000,1,50.83,BUY
ADBE,2024-04-19T00:00:00.000000,1,52.76,BUY
ADBE,2024-04-22T00:00:00.000000,1,52.76,BUY
ADBE,2024-04-23T00:00:00.000000,1,53.54,BUY
ADBE,2024-04-24T00:00:00.000000,1,53.54,BUY
ADBE,2024-04-25T00:00:00.000000,1,55.0,BUY
ADBE,2024-04-26T00:00:00.000000,1,57.89,BUY
ADBE,2024-04-29T00:00:00.000000,1,57.89,BUY
ADBE,2024-04-30T00:00:00.000000,1,53.54,BUY
ADBE,2024-05-01T00:00:00.000000,1,55.0,BUY
ADBE,2024-05-02T00:00:00.000000,1,53.54,BUY
ADBE,2024-05-03T00:00:00.000000,1,52.76,BUY
ADBE,2024-05-06T00:00:00.000000,1,50.83,BUY
ADBE,2024-05-07T00:00:00.000000,1,50.83,BUY
ADBE,2024-05-08T00:00:00.000000,1,50.83,BUY
ADBE,2024-05-09T00:00:00.000000,1,50.83,BUY
ADBE,2024-05-10T00:00:00.000000,1,50.83,BUY
ADBE,2024-05-13T00:00:00.000000,1,50.83,BUY
ADBE,2024-05-14T00:00:00.000000,1,50.83,BUY
ADBE,2024-05-15T00:00:00.000000,1,50.83,BUY
ADBE,2024-05-16T00:00:00.000000,1,50.83,BUY
ADBE,2024-05-17T00:00:00.000000,1,50.83,BUY
ADBE,2024-05-20T00:00:00.000000,1,50.83,BUY
ADBE,2024-05-21T00:00:00.000000,1,50.83,BUY
ADBE,2024-05-22T00:00:00.000000,1,50.83,BUY
ADBE,2024-05-23T00:00:00.000000,1,49.72,BUY
ADBE,2024-05-24T00:00:00.000000,1,49.72,BUY
ADBE,2024-05-28T00:00:00.000000,1,49.72,BUY
ADBE,2024-05-29T00:00:00.000000,1,49.72,BUY
ADBE,2024-05-30T00:00:00.000000,1,49.72,BUY
ADBE,2024-05-31T00:00:00.000000,1,49.72,BUY
ADBE,2024-06-03T00:00:00.000000,1,50.83,BUY
ADBE,2024-06-04T00:00:00.000000,1,50.83,BUY
ADBE,2024-06-05T00:00:00.000000,1,50.83,BUY
ADBE,2024-06-06T00:00:00.000000,1,50.83,BUY
ADBE,2024-06-07T00:00:00.000000,1,50.83,BUY
ADBE,2024-06-10T00:00:00.000000,1,50.83,BUY
ADBE,2024-06-11T00:00:00.000000,1,50.83,BUY
ADBE,2024-06-12T00:00:00.000000,1,50.83,BUY
ADBE,2024-06-13T00:00:00.000000,1,50.83,BUY
ADBE,2024-06-14T00:00:00.000000,1,50.83,BUY
ADBE,2024-06-17T00:00:00.000000,1,50.83,BUY
ADBE,2024-06-18T00:00:00.000000,1,50.83,BUY
ADBE,2024-06-20T00:00:00.000000,1,50.83,BUY
ADBE,2024-06-21T00:00:00.000000,1,50.83,BUY
ADBE,2024-06-24T00:00:00.000000,1,50.83,BUY
ADBE,2024-06-25T00:00:00.000000,1,50.83,BUY
ADBE,2024-06-26T00:00:00.000000,1,50.83,BUY
ADBE,2024-06-27T00:00:00.000000,1,50.83,BUY
ADBE,2024-06-28T00:00:00.000000,1,50.83,BUY
ADBE,2024-07-01T00:00:00.000000,1,50.83,BUY
ADBE,2024-07-02T00:00:00.000000,1,50.83,BUY
ADBE,2024-07-03T00:00:00.000000,1,50.83,BUY
ADBE,2024-07-05T00:00:00.000000,1,50.83,BUY
ADBE,2024-07-08T00:00:00.000000,1,49.72,BUY
ADBE,2024-07-09T00:00:00.000000,1,49.72,BUY
ADBE,2024-07-10T00:00:00.000000,1,49.72,BUY
ADBE,2024-07-11T00:00:00.000000,1,49.72,BUY
ADBE,2024-07-12T00:00:00.000000,1,49.72,BUY
ADBE,2024-07-15T00:00:00.000000,1,49.72,BUY
ADBE,2024-07-16T00:00:00.000000,1,49.72,BUY
ADBE,2024-07-17T00:00:00.000000,1,49.72,BUY
ADBE,2024-07-18T00:00:00.000000,1,49.72,BUY
ADBE,2024-07-19T00:00:00.000000,1,49.72,BUY
ADBE,2024-07-22T00:00:00.000000,1,49.72,BUY
ADBE,2024-07-23T00:00:00.000000,1,49.72,BUY
ADBE,2024-07-24T00:00:00.000000,1,49.72,BUY
ADBE,2024-07-25T00:00:00.000000,1,49.72,BUY
ADBE,2024-07-26T00:00:00.000000,1,49.72,BUY
ADBE,2024-07-29T00:00:00.000000,1,49.72,BUY
ADBE,2024-07-30T00:00:00.000000,1,50.83,BUY
ADBE,2024-07-31T00:00:00.000000,1,50.83,BUY
ADBE,2024-08-01T00:00:00.000000,1,50.83,BUY
ADBE,2024-08-02T00:00:00.000000,1,50.83,BUY
ADBE,2024-08-05T00:00:00.000000,1,50.83,BUY
ADBE,2024-08-06T00:00:00.000000,1,50.83,BUY
ADBE,2024-08-07T00:00:00.000000,1,50.83,BUY
ADBE,2024-08-08T00:00:00.000000,1,50.83,BUY
ADBE,2024-08-09T00:00:00.000000,1,50.83,BUY
ADBE,2024-08-12T00:00:00.000000,1,50.83,BUY
ADBE,2024-08-13T00:00:00.000000,1,50.83,BUY
ADBE,2024-08-14T00:00:00.000000,1,50.83,BUY
ADBE,2024-08-15T00:00:00.000000,1,50.83,BUY
ADBE,2024-08-16T00:00:00.000000,1,50.83,BUY
ADBE,2024-08-19T00:00:00.000000,1,50.83,BUY
ADBE,2024-08-20T00:00:00.000000,1,50.83,BUY
ADBE,2024-08-21T00:00:00.000000,1,50.83,BUY
ADBE,2024-08-22T00:00:00.000000,1,50.83,BUY
ADBE,2024-08-23T00:00:00.000000,1,49.72,BUY
ADBE,2024-08-26T00:00:00.000000,1,49.72,BUY
ADBE,2024-08-27T00:00:00.000000,1,49.72,BUY
ADBE,2024-08-28T00:00:00.000000,1,49.72,BUY
ADBE,2024-08-29T00:00:00.000000,1,49.72,BUY
ADBE,2024-08-30T00:00:00.000000,1,49.72,BUY
ADBE,2024-09-03T00:00:00.000000,1,49.72,BUY
ADBE,2024-09-04T00:00:00.000000,1,49.72,BUY
ADBE,2024-09-05T00:00:00.000000,1,49.72,BUY
ADBE,2024-09-06T00:00:00.000000,1,49.72,BUY
ADBE,2024-09-09T00:00:00.000000,1,49.72,BUY
ADBE,2024-09-10T00:00:00.000000,1,49.72,BUY
ADBE,2024-09-11T00:00:00.000000,1,49.72,BUY
ADBE,2024-09-12T00:00:00.000000,1,49.72,BUY
ADBE,2024-09-13T00:00:00.000000,1,49.72,BUY
ADBE,2024-09-16T00:00:00.000000,1,49.72,BUY
ADBE,2024-09-17T00:00:00.000000,1,49.72,BUY
ADBE,2024-09-18T00:00:00.000000,1,49.72,BUY
ADBE,2024-09-19T00:00:00.000000,1,49.72,BUY
ADBE,2024-09-20T00:00:00.000000,1,50.83,BUY
ADBE,2024-09-23T00:00:00.000000,1,50.83,BUY
ADBE,2024-09-24T00:00:00.000000,1,50.83,BUY
ADBE,2024-09-25T00:00:00.000000,1,50.83,BUY
ADBE,2024-09-26T00:00:00.000000,1,50.83,BUY
ADBE,2024-09-27T00:00:00.000000,1,50.83,BUY
ADBE,2024-09-30T00:00:00.000000,1,50.83,BUY
ADBE,2024-10-01T00:00:00.000000,1,50.83,BUY
ADBE,2024-10-02T00:00:00.000000,1,50.83,BUY
ADBE,2024-10-03T00:00:00.000000,1,50.83,BUY
ADBE,2024-10-04T00:00:00.000000,1,50.83,BUY
ADBE,2024-10-07T00:00:00.000000,1,50.83,BUY
ADBE,2024-10-08T00:00:00.000000,1,50.83,BUY
ADBE,2024-10-09T00:00:00.000000,1,50.83,BUY
ADBE,2024-10-10T00:00:00.000000,1,50.83,BUY
ADBE,2024-10-11T00:00:00.000000,1,50.83,BUY
ADBE,2024-10-14T00:00:00.000000,1,50.83,BUY
ADBE,2024-10-15T00:00:00.000000,1,50.83,BUY
ADBE,2024-10-16T00:00:00.000000,1,50.83,BUY
ADBE,2024-10-17T00:00:00.000000,1,50.83,BUY
ADBE,2024-10-18T00:00:00.000000,1,50.83,BUY
ADBE,2024-10-21T00:00:00.000000,1,50.83,BUY
ADBE,2024-10-22T00:00:00.000000,1,50.83,BUY
ADBE,2024-10-23T00:00:00.000000,1,50.83,BUY
ADBE,2024-10-24T00:00:00.000000,1,50.83,BUY
ADBE,2024-10-25T00:00:00.000000,1,50.83,BUY
ADBE,2024-10-28T00:00:00.000000,1,50.83,BUY
ADBE,2024-10-29T00:00:00.000000,1,50.83,BUY
ADBE,2024-10-30T00:00:00.000000,1,50.83,BUY
ADBE,2024-10-31T00:00:00.000000,1,50.83,BUY
ADBE,2024-11-01T00:00:00.000000,1,50.83,BUY
ADBE,2024-11-04T00:00:00.000000,1,50.83,BUY
ADBE,2024-11-05T00:00:00.000000,1,50.83,BUY
ADBE,2024-11-06T00:00:00.000000,1,50.83,BUY
ADBE,2024-11-07T00:00:00.000000,1,50.83,BUY
ADBE,2024-11-08T00:00:00.000000,1,50.83,BUY
ADBE,2024-11-11T00:00:00.000000,1,50.83,BUY
ADBE,2024-11-12T00:00:00.000000,1,50.83,BUY
ADBE,2024-11-13T00:00:00.000000,1,50.83,BUY
ADBE,2024-11-14T00:00:00.000000,1,50.83,BUY
ADBE,2024-11-15T00:00:00.000000,1,49.72,BUY
ADBE,2024-11-18T00:00:00.000000,1,49.72,BUY
ADBE,2024-11-19T00:00:00.000000,1,49.72,BUY
ADBE,2024-11-20T00:00:00.000000,1,50.83,BUY
ADBE,2024-11-21T00:00:00.000000,1,50.83,BUY
ADBE,2024-11-22T00:00:00.000000,1,50.83,BUY
ADBE,2024-11-25T00:00:00.000000,1,50.83,BUY
ADBE,2024-11-26T00:00:00.000000,1,50.83,BUY
ADBE,2024-11-27T00:00:00.000000,1,50.83,BUY
ADBE,2024-11-29T00:00:00.000000,1,50.83,BUY
ADBE,2024-12-02T00:00:00.000000,1,49.72,BUY
ADBE,2024-12-03T00:00:00.000000,1,49.72,BUY
ADBE,2024-12-04T00:00:00.000000,1,49.72,BUY
ADBE,2024-12-05T00:00:00.000000,1,49.72,BUY
ADBE,2024-12-06T00:00:00.000000,1,49.72,BUY
ADBE,2024-12-09T00:00:00.000000,1,49.72,BUY
ADBE,2024-12-10T00:00:00.000000,1,49.72,BUY
ADBE,2024-12-11T00:00:00.000000,1,49.72,BUY
ADBE,2024-12-12T00:00:00.000000,1,49.72,BUY
ADBE,2024-12-13T00:00:00.000000,1,49.72,BUY
ADBE,2024-12-16T00:00:00.000000,1,49.72,BUY
ADBE,2024-12-17T00:00:00.000000,1,49.72,BUY
ADBE,2024-12-18T00:00:00.000000,1,49.72,BUY
ADBE,2024-12-19T00:00:00.000000,1,49.72,BUY
ADBE,2024-12-20T00:00:00.000000,1,49.72,BUY
AMD,2023-02-21T00:00:00.000000,1,49.72,BUY
AMD,2023-02-22T00:00:00.000000,1,49.72,BUY
AMD,2023-02-23T00:00:00.000000,1,49.72,BUY
AMD,2023-02-24T00:00:00.000000,1,49.72,BUY
AMD,2023-02-27T00:00:00.000000,1,49.72,BUY
AMD,2023-02-28T00:00:00.000000,1,49.72,BUY
AMD,2023-03-01T00:00:00.000000,1,48.51,BUY
AMD,2023-03-02T00:00:00.000000,1,48.51,BUY
AMD,2023-03-03T00:00:00.000000,1,49.72,BUY
AMD,2023-03-06T00:00:00.000000,1,49.72,BUY
AMD,2023-03-07T00:00:00.000000,1,49.72,BUY
AMD,2023-03-08T00:00:00.000000,1,49.72,BUY
AMD,2023-03-09T00:00:00.000000,1,49.72,BUY
AMD,2023-03-10T00:00:00.000000,1,49.72,BUY
AMD,2023-03-13T00:00:00.000000,1,49.72,BUY
AMD,2023-03-14T00:00:00.000000,1,49.72,BUY
AMD,2023-03-15T00:00:00.000000,1,49.72,BUY
AMD,2023-03-16T00:00:00.000000,1,49.72,BUY
AMD,2023-03-17T00:00:00.000000,1,49.72,BUY
AMD,2023-03-20T00:00:00.000000,1,49.72,BUY
AMD,2023-03-21T00:00:00.000000,1,49.72,BUY
AMD,2023-03-22T00:00:00.000000,1,49.72,BUY
AMD,2023-03-23T00:00:00.000000,1,50.83,BUY
AMD,2023-03-24T00:00:00.000000,1,50.83,BUY
AMD,2023-03-27T00:00:00.000000,1,50.83,BUY
AMD,2023-03-28T00:00:00.000000,1,50.83,BUY
AMD,2023-03-29T00:00:00.000000,1,50.83,BUY
AMD,2023-03-30T00:00:00.000000,1,50.83,BUY
AMD,2023-03-31T00:00:00.000000,1,50.83,BUY
AMD,2023-04-03T00:00:00.000000,1,49.72,BUY
AMD,2023-04-04T00:00:00.000000,1,49.72,BUY
AMD,2023-04-05T00:00:00.000000,1,49.72,BUY
AMD,2023-04-06T00:00:00.000000,1,49.72,BUY
AMD,2023-04-10T00:00:00.000000,1,49.72,BUY
AMD,2023-04-11T00:00:00.000000,1,49.72,BUY
AMD,2023-04-12T00:00:00.000000,1,49.72,BUY
AMD,2023-04-13T00:00:00.000000,1,49.72,BUY
AMD,2023-04-14T00:00:00.000000,1,49.72,BUY
AMD,2023-04-17T00:00:00.000000,1,48.51,BUY
AMD,2023-04-18T00:00:00.000000,1,48.51,BUY
AMD,2023-04-19T00:00:00.000000,0,48.51,SELL
AMD,2023-04-20T00:00:00.000000,0,48.51,SELL
AMD,2023-04-21T00:00:00.000000,0,48.51,SELL
AMD,2023-04-24T00:00:00.000000,0,48.51,SELL
AMD,2023-04-25T00:00:00.000000,0,44.85,SELL
AMD,2023-04-26T00:00:00.000000,0,44.85,SELL
AMD,2023-04-27T00:00:00.000000,0,44.85,SELL
AMD,2023-04-28T00:00:00.000000,0,38.31,SELL
AMD,2023-05-01T00:00:00.000000,0,38.31,SELL
AMD,2023-05-02T00:00:00.000000,0,44.85,SELL
AMD,2023-05-03T00:00:00.000000,0,44.85,SELL
AMD,2023-05-04T00:00:00.000000,0,48.51,SELL
AMD,2023-05-05T00:00:00.000000,0,48.51,SELL
AMD,2023-05-08T00:00:00.000000,0,48.51,SELL
AMD,2023-05-09T00:00:00.000000,0,48.51,SELL
AMD,2023-05-10T00:00:00.000000,0,48.51,SELL
AMD,2023-05-11T00:00:00.000000,1,48.51,BUY
AMD,2023-05-12T00:00:00.000000,1,49.72,BUY
AMD,2023-05-15T00:00:00.000000,1,49.72,BUY
AMD,2023-05-16T00:00:00.000000,1,50.83,BUY
AMD,2023-05-17T00:00:00.000000,1,50.83,BUY
AMD,2023-05-18T00:00:00.000000,1,50.83,BUY
AMD,2023-05-19T00:00:00.000000,1,50.83,BUY
AMD,2023-05-22T00:00:00.000000,1,50.83,BUY
AMD,2023-05-23T00:00:00.000000,1,50.83,BUY
AMD,2023-05-24T00:00:00.000000,1,50.83,BUY
AMD,2023-05-25T00:00:00.000000,1,50.83,BUY
AMD,2023-05-26T00:00:00.000000,1,50.83,BUY
AMD,2023-05-30T00:00:00.000000,1,50.83,BUY
AMD,2023-05-31T00:00:00.000000,1,50.83,BUY
AMD,2023-06-01T00:00:00.000000,1,50.83,BUY
AMD,2023-06-02T00:00:00.000000,1,50.83,BUY
AMD,2023-06-05T00:00:00.000000,1,50.83,BUY
AMD,2023-06-06T00:00:00.000000,1,50.83,BUY
AMD,2023-06-07T00:00:00.000000,1,49.72,BUY
AMD,2023-06-08T00:00:00.000000,1,49.72,BUY
AMD,2023-06-09T00:00:00.000000,1,49.72,BUY
AMD,2023-06-12T00:00:00.000000,1,49.72,BUY
AMD,2023-06-13T00:00:00.000000,1,48.51,BUY
AMD,2023-06-14T00:00:00.000000,1,48.51,BUY
AMD,2023-06-15T00:00:00.000000,1,49.72,BUY
AMD,2023-06-16T00:00:00.000000,1,48.51,BUY
AMD,2023-06-20T00:00:00.000000,1,48.51,BUY
AMD,2023-06-21T00:00:00.000000,0,48.51,SELL
AMD,2023-06-22T00:00:00.000000,0,48.51,SELL
AMD,2023-06-23T00:00:00.000000,0,48.51,SELL
AMD,2023-06-26T00:00:00.000000,1,48.51,BUY
AMD,2023-06-27T00:00:00.000000,1,48.51,BUY
AMD,2023-06-28T00:00:00.000000,1,48.51,BUY
AMD,2023-06-29T00:00:00.000000,0,48.51,SELL
AMD,2023-06-30T00:00:00.000000,0,48.51,SELL
AMD,2023-07-03T00:00:00.000000,0,48.51,SELL
AMD,2023-07-05T00:00:00.000000,0,48.51,SELL
AMD,2023-07-06T00:00:00.000000,0,44.85,SELL
AMD,2023-07-07T00:00:00.000000,0,44.85,SELL
AMD,2023-07-10T00:00:00.000000,0,48.51,SELL
AMD,2023-07-11T00:00:00.000000,0,48.51,SELL
AMD,2023-07-12T00:00:00.000000,0,48.51,SELL
AMD,2023-07-13T00:00:00.000000,1,48.51,BUY
AMD,2023-07-14T00:00:00.000000,0,48.51,SELL
AMD,2023-07-17T00:00:00.000000,0,48.51,SELL
AMD,2023-07-18T00:00:00.000000,0,48.51,SELL
AMD,2023-07-19T00:00:00.000000,0,48.51,SELL
AMD,2023-07-20T00:00:00.000000,0,48.51,SELL
AMD,2023-07-21T00:00:00.000000,0,48.51,SELL
AMD,2023-07-24T00:00:00.000000,0,48.51,SELL
AMD,2023-07-25T00:00:00.000000,0,48.51,SELL
AMD,2023-07-26T00:00:00.000000,0,48.51,SELL
AMD,2023-07-27T00:00:00.000000,0,48.51,SELL
AMD,2023-07-28T00:00:00.000000,0,48.51,SELL
AMD,2023-07-31T00:00:00.000000,0,48.51,SELL
AMD,2023-08-01T00:00:00.000000,0,48.51,SELL
AMD,2023-08-02T00:00:00.000000,0,48.51,SELL
AMD,2023-08-03T00:00:00.000000,0,48.51,SELL
AMD,2023-08-04T00:00:00.000000,0,48.51,SELL
AMD,2023-08-07T00:00:00.000000,0,48.51,SELL
AMD,2023-08-08T00:00:00.000000,1,48.51,BUY
AMD,2023-08-09T00:00:00.000000,1,49.72,BUY
AMD,2023-08-10T00:00:00.000000,1,49.72,BUY
AMD,2023-08-11T00:00:00.000000,1,49.72,BUY
AMD,2023-08-14T00:00:00.000000,1,49.72,BUY
AMD,2023-08-15T00:00:00.000000,1,49.72,BUY
AMD,2023-08-16T00:00:00.000000,1,49.72,BUY
AMD,2023-08-17T00:00:00.000000,1,49.72,BUY
AMD,2023-08-18T00:00:00.000000,1,49.72,BUY
AMD,2023-08-21T00:00:00.000000,1,49.72,BUY
AMD,2023-08-22T00:00:00.000000,1,50.83,BUY
AMD,2023-08-23T00:00:00.000000,1,50.83,BUY
AMD,2023-08-24T00:00:00.000000,1,50.83,BUY
AMD,2023-08-25T00:00:00.000000,1,50.83,BUY
AMD,2023-08-28T00:00:00.000000,1,50.83,BUY
AMD,2023-08-29T00:00:00.000000,1,50.83,BUY
AMD,2023-08-30T00:00:00.000000,1,50.83,BUY
AMD,2023-08-31T00:00:00.000000,1,50.83,BUY
AMD,2023-09-01T00:00:00.000000,1,50.83,BUY
AMD,2023-09-05T00:00:00.000000,1,49.72,BUY
AMD,2023-09-06T00:00:00.000000,1,49.72,BUY
AMD,2023-09-07T00:00:00.000000,1,49.72,BUY
AMD,2023-09-08T00:00:00.000000,1,49.72,BUY
AMD,2023-09-11T00:00:00.000000,1,49.72,BUY
AMD,2023-09-12T00:00:00.000000,1,49.72,BUY
AMD,2023-09-13T00:00:00.000000,1,49.72,BUY
AMD,2023-09-14T00:00:00.000000,1,49.72,BUY
AMD,2023-09-15T00:00:00.000000,1,49.72,BUY
AMD,2023-09-18T00:00:00.000000,1,49.72,BUY
AMD,2023-09-19T00:00:00.000000,1,49.72,BUY
AMD,2023-09-20T00:00:00.000000,1,50.83,BUY
AMD,2023-09-21T00:00:00.000000,1,49.72,BUY
AMD,2023-09-22T00:00:00.000000,1,49.72,BUY
AMD,2023-09-25T00:00:00.000000,1,49.72,BUY
AMD,2023-09-26T00:00:00.000000,1,49.72,BUY
AMD,2023-09-27T00:00:00.000000,1,50.83,BUY
AMD,2023-09-28T00:00:00.000000,1,50.83,BUY
AMD,2023-09-29T00:00:00.000000,1,50.83,BUY
AMD,2023-10-02T00:00:00.000000,1,50.83,BUY
AMD,2023-10-03T00:00:00.000000,1,50.83,BUY
AMD,2023-10-04T00:00:00.000000,1,50.83,BUY
AMD,2023-10-05T00:00:00.000000,1,50.83,BUY
AMD,2023-10-06T00:00:00.000000,1,50.83,BUY
AMD,2023-10-09T00:00:00.000000,1,50.83,BUY
AMD,2023-10-10T00:00:00.000000,1,50.83,BUY
AMD,2023-10-11T00:00:00.000000,1,50.83,BUY
AMD,2023-10-12T00:00:00.000000,1,50.83,BUY
AMD,2023-10-13T00:00:00.000000,1,50.83,BUY
AMD,2023-10-16T00:00:00.000000,1,50.83,BUY
AMD,2023-10-17T00:00:00.000000,1,50.83,BUY
AMD,2023-10-18T00:00:00.000000,1,49.72,BUY
AMD,2023-10-19T00:00:00.000000,1,49.72,BUY
AMD,2023-10-20T00:00:00.000000,1,49.72,BUY
AMD,2023-10-23T00:00:00.000000,1,49.72,BUY
AMD,2023-10-24T00:00:00.000000,1,50.83,BUY
AMD,2023-10-25T00:00:00.000000,1,50.83,BUY
AMD,2023-10-26T00:00:00.000000,1,50.83,BUY
AMD,2023-10-27T00:00:00.000000,1,49.72,BUY
AMD,2023-10-30T00:00:00.000000,1,49.72,BUY
AMD,2023-10-31T00:00:00.000000,1,50.83,BUY
AMD,2023-11-01T00:00:00.000000,1,50.83,BUY
AMD,2023-11-02T00:00:00.000000,1,50.83,BUY
AMD,2023-11-03T00:00:00.000000,1,50.83,BUY
AMD,2023-11-06T00:00:00.000000,1,50.83,BUY
AMD,2023-11-07T00:00:00.000000,1,49.72,BUY
AMD,2023-11-08T00:00:00.000000,1,50.83,BUY
AMD,2023-11-09T00:00:00.000000,1,49.72,BUY
AMD,2023-11-10T00:00:00.000000,1,49.72,BUY
AMD,2023-11-13T00:00:00.000000,1,50.83,BUY
AMD,2023-11-14T00:00:00.000000,1,50.83,BUY
AMD,2023-11-15T00:00:00.000000,1,50.83,BUY
AMD,2023-11-16T00:00:00.000000,1,50.83,BUY
AMD,2023-11-17T00:00:00.000000,1,50.83,BUY
AMD,2023-11-20T00:00:00.000000,1,50.83,BUY
AMD,2023-11-21T00:00:00.000000,1,49.72,BUY
AMD,2023-11-22T00:00:00.000000,1,49.72,BUY
AMD,2023-11-24T00:00:00.000000,1,49.72,BUY
AMD,2023-11-27T00:00:00.000000,1,49.72,BUY
AMD,2023-11-28T00:00:00.000000,1,49.72,BUY
AMD,2023-11-29T00:00:00.000000,1,49.72,BUY
AMD,2023-11-30T00:00:00.000000,1,49.72,BUY
AMD,2023-12-01T00:00:00.000000,1,49.72,BUY
AMD,2023-12-04T00:00:00.000000,1,49.72,BUY
AMD,2023-12-05T00:00:00.000000,1,49.72,BUY
AMD,2023-12-06T00:00:00.000000,1,49.72,BUY
AMD,2023-12-07T00:00:00.000000,1,48.51,BUY
AMD,2023-12-08T00:00:00.000000,0,48.51,SELL
AMD,2023-12-11T00:00:00.000000,0,48.51,SELL
AMD,2023-12-12T00:00:00.000000,0,48.51,SELL
AMD,2023-12-13T00:00:00.000000,0,44.85,SELL
AMD,2023-12-14T00:00:00.000000,0,44.85,SELL
AMD,2023-12-15T00:00:00.000000,0,48.51,SELL
AMD,2023-12-18T00:00:00.000000,0,48.51,SELL
AMD,2023-12-19T00:00:00.000000,1,48.51,BUY
AMD,2023-12-20T00:00:00.000000,1,48.51,BUY
AMD,2023-12-21T00:00:00.000000,1,48.51,BUY
AMD,2023-12-22T00:00:00.000000,1,49.72,BUY
AMD,2023-12-26T00:00:00.000000,1,49.72,BUY
AMD,2023-12-27T00:00:00.000000,1,49.72,BUY
AMD,2023-12-28T00:00:00.000000,1,49.72,BUY
AMD,2023-12-29T00:00:00.000000,1,49.72,BUY
AMD,2024-01-02T00:00:00.000000,1,49.72,BUY
AMD,2024-01-03T00:00:00.000000,1,49.72,BUY
AMD,2024-01-04T00:00:00.000000,1,49.72,BUY
AMD,2024-01-05T00:00:00.000000,1,49.72,BUY
AMD,2024-01-08T00:00:00.000000,1,49.72,BUY
AMD,2024-01-09T00:00:00.000000,1,49.72,BUY
AMD,2024-01-10T00:00:00.000000,1,49.72,BUY
AMD,2024-01-11T00:00:00.000000,1,49.72,BUY
AMD,2024-01-12T00:00:00.000000,1,49.72,BUY
AMD,2024-01-16T00:00:00.000000,1,49.72,BUY
AMD,2024-01-17T00:00:00.000000,1,48.51,BUY
AMD,2024-01-18T00:00:00.000000,0,48.51,SELL
AMD,2024-01-19T00:00:00.000000,0,48.51,SELL
AMD,2024-01-22T00:00:00.000000,1,48.51,BUY
AMD,2024-01-23T00:00:00.000000,1,49.72,BUY
AMD,2024-01-24T00:00:00.000000,1,50.83,BUY
AMD,2024-01-25T00:00:00.000000,1,50.83,BUY
AMD,2024-01-26T00:00:00.000000,1,50.83,BUY
AMD,2024-01-29T00:00:00.000000,1,50.83,BUY
AMD,2024-01-30T00:00:00.000000,1,50.83,BUY
AMD,2024-01-31T00:00:00.000000,1,50.83,BUY
AMD,2024-02-01T00:00:00.000000,1,50.21,BUY
AMD,2024-02-02T00:00:00.000000,1,49.72,BUY
AMD,2024-02-05T00:00:00.000000,1,49.72,BUY
AMD,2024-02-06T00:00:00.000000,1,49.72,BUY
AMD,2024-02-07T00:00:00.000000,1,48.51,BUY
AMD,2024-02-08T00:00:00.000000,1,48.51,BUY
AMD,2024-02-09T00:00:00.000000,1,48.51,BUY
AMD,2024-02-12T00:00:00.000000,1,48.51,BUY
AMD,2024-02-13T00:00:00.000000,1,49.72,BUY
AMD,2024-02-14T00:00:00.000000,1,49.72,BUY
AMD,2024-02-15T00:00:00.000000,1,49.72,BUY
AMD,2024-02-16T00:00:00.000000,1,49.72,BUY
AMD,2024-02-20T00:00:00.000000,1,49.72,BUY
AMD,2024-02-21T00:00:00.000000,1,49.72,BUY
AMD,2024-02-22T00:00:00.000000,1,49.72,BUY
AMD,2024-02-23T00:00:00.000000,1,49.72,BUY
AMD,2024-02-26T00:00:00.000000,1,48.51,BUY
AMD,2024-02-27T00:00:00.000000,1,48.51,BUY
AMD,2024-02-28T00:00:00.000000,1,48.51,BUY
AMD,2024-02-29T00:00:00.000000,1,48.51,BUY
AMD,2024-03-01T00:00:00.000000,1,49.72,BUY
AMD,2024-03-04T00:00:00.000000,1,48.51,BUY
AMD,2024-03-05T00:00:00.000000,1,48.51,BUY
AMD,2024-03-06T00:00:00.000000,1,49.72,BUY
AMD,2024-03-07T00:00:00.000000,1,49.72,BUY
AMD,2024-03-08T00:00:00.000000,1,50.83,BUY
AMD,2024-03-11T00:00:00.000000,1,50.83,BUY
AMD,2024-03-12T00:00:00.000000,1,50.83,BUY
AMD,2024-03-13T00:00:00.000000,1,50.83,BUY
AMD,2024-03-14T00:00:00.000000,1,50.83,BUY
AMD,2024-03-15T00:00:00.000000,1,50.83,BUY
AMD,2024-03-18T00:00:00.000000,1,50.83,BUY
AMD,2024-03-19T00:00:00.000000,1,49.72,BUY
AMD,2024-03-20T00:00:00.000000,1,49.72,BUY
AMD,2024-03-21T00:00:00.000000,1,49.72,BUY
AMD,2024-03-22T00:00:00.000000,1,49.72,BUY
AMD,2024-03-25T00:00:00.000000,1,49.72,BUY
AMD,2024-03-26T00:00:00.000000,1,49.72,BUY
AMD,2024-03-27T00:00:00.000000,1,49.72,BUY
AMD,2024-03-28T00:00:00.000000,1,49.72,BUY
AMD,2024-04-01T00:00:00.000000,1,49.72,BUY
AMD,2024-04-02T00:00:00.000000,1,48.51,BUY
AMD,2024-04-03T00:00:00.000000,1,48.51,BUY
AMD,2024-04-04T00:00:00.000000,1,48.51,BUY
AMD,2024-04-05T00:00:00.000000,1,49.72,BUY
AMD,2024-04-08T00:00:00.000000,1,49.72,BUY
AMD,2024-04-09T00:00:00.000000,1,49.72,BUY
AMD,2024-04-10T00:00:00.000000,1,49.72,BUY
AMD,2024-04-11T00:00:00.000000,1,49.72,BUY
AMD,2024-04-12T00:00:00.000000,1,49.72,BUY
AMD,2024-04-15T00:00:00.000000,1,49.72,BUY
AMD,2024-04-16T00:00:00.000000,1,49.72,BUY
AMD,2024-04-17T00:00:00.000000,1,49.72,BUY
AMD,2024-04-18T00:00:00.000000,1,49.72,BUY
AMD,2024-04-19T00:00:00.000000,1,49.72,BUY
AMD,2024-04-22T00:00:00.000000,1,50.83,BUY
AMD,2024-04-23T00:00:00.000000,1,50.83,BUY
AMD,2024-04-24T00:00:00.000000,1,50.83,BUY
AMD,2024-04-25T00:00:00.000000,1,50.83,BUY
AMD,2024-04-26T00:00:00.000000,1,50.83,BUY
AMD,2024-04-29T00:00:00.000000,1,50.83,BUY
AMD,2024-04-30T00:00:00.000000,1,50.83,BUY
AMD,2024-05-01T00:00:00.000000,1,50.83,BUY
AMD,2024-05-02T00:00:00.000000,1,50.83,BUY
AMD,2024-05-03T00:00:00.000000,1,50.83,BUY
AMD,2024-05-06T00:00:00.000000,1,50.83,BUY
AMD,2024-05-07T00:00:00.000000,1,50.83,BUY
AMD,2024-05-08T00:00:00.000000,1,50.83,BUY
AMD,2024-05-09T00:00:00.000000,1,50.83,BUY
AMD,2024-05-10T00:00:00.000000,1,50.83,BUY
AMD,2024-05-13T00:00:00.000000,1,50.83,BUY
AMD,2024-05-14T00:00:00.000000,1,50.83,BUY
AMD,2024-05-15T00:00:00.000000,1,50.83,BUY
AMD,2024-05-16T00:00:00.000000,1,50.83,BUY
AMD,2024-05-17T00:00:00.000000,1,50.83,BUY
AMD,2024-05-20T00:00:00.000000,1,50.83,BUY
AMD,2024-05-21T00:00:00.000000,1,50.83,BUY
AMD,2024-05-22T00:00:00.000000,1,50.83,BUY
AMD,2024-05-23T00:00:00.000000,1,50.83,BUY
AMD,2024-05-24T00:00:00.000000,1,50.83,BUY
AMD,2024-05-28T00:00:00.000000,1,50.83,BUY
AMD,2024-05-29T00:00:00.000000,1,50.83,BUY
AMD,2024-05-30T00:00:00.000000,1,50.83,BUY
AMD,2024-05-31T00:00:00.000000,1,50.83,BUY
AMD,2024-06-03T00:00:00.000000,1,50.83,BUY
AMD,2024-06-04T00:00:00.000000,1,50.83,BUY
AMD,2024-06-05T00:00:00.000000,1,50.83,BUY
AMD,2024-06-06T00:00:00.000000,1,50.83,BUY
AMD,2024-06-07T00:00:00.000000,1,50.83,BUY
AMD,2024-06-10T00:00:00.000000,1,50.83,BUY
AMD,2024-06-11T00:00:00.000000,1,50.83,BUY
AMD,2024-06-12T00:00:00.000000,1,50.83,BUY
AMD,2024-06-13T00:00:00.000000,1,49.72,BUY
AMD,2024-06-14T00:00:00.000000,1,49.72,BUY
AMD,2024-06-17T00:00:00.000000,1,49.72,BUY
AMD,2024-06-18T00:00:00.000000,1,49.72,BUY
AMD,2024-06-20T00:00:00.000000,1,49.72,BUY
AMD,2024-06-21T00:00:00.000000,1,49.72,BUY
AMD,2024-06-24T00:00:00.000000,1,49.72,BUY
AMD,2024-06-25T00:00:00.000000,1,50.83,BUY
AMD,2024-06-26T00:00:00.000000,1,49.72,BUY
AMD,2024-06-27T00:00:00.000000,1,49.72,BUY
AMD,2024-06-28T00:00:00.000000,1,49.72,BUY
AMD,2024-07-01T00:00:00.000000,1,49.72,BUY
AMD,2024-07-02T00:00:00.000000,1,49.72,BUY
AMD,2024-07-03T00:00:00.000000,1,49.72,BUY
AMD,2024-07-05T00:00:00.000000,1,49.72,BUY
AMD,2024-07-08T00:00:00.000000,1,49.72,BUY
AMD,2024-07-09T00:00:00.000000,1,49.72,BUY
AMD,2024-07-10T00:00:00.000000,1,49.72,BUY
AMD,2024-07-11T00:00:00.000000,1,49.72,BUY
AMD,2024-07-12T00:00:00.000000,1,49.72,BUY
AMD,2024-07-15T00:00:00.000000,1,49.72,BUY
AMD,2024-07-16T00:00:00.000000,1,50.83,BUY
AMD,2024-07-17T00:00:00.000000,1,50.83,BUY
AMD,2024-07-18T00:00:00.000000,1,50.83,BUY
AMD,2024-07-19T00:00:00.000000,1,50.83,BUY
AMD,2024-07-22T00:00:00.000000,1,50.83,BUY
AMD,2024-07-23T00:00:00.000000,1,50.83,BUY
AMD,2024-07-24T00:00:00.000000,1,49.72,BUY
AMD,2024-07-25T00:00:00.000000,1,49.72,BUY
AMD,2024-07-26T00:00:00.000000,1,49.72,BUY
AMD,2024-07-29T00:00:00.000000,1,49.72,BUY
AMD,2024-07-30T00:00:00.000000,1,48.51,BUY
AMD,2024-07-31T00:00:00.000000,1,49.72,BUY
AMD,2024-08-01T00:00:00.000000,1,49.72,BUY
AMD,2024-08-02T00:00:00.000000,1,49.72,BUY
AMD,2024-08-05T00:00:00.000000,1,49.72,BUY
AMD,2024-08-06T00:00:00.000000,1,49.72,BUY
AMD,2024-08-07T00:00:00.000000,1,49.72,BUY
AMD,2024-08-08T00:00:00.000000,1,49.72,BUY
AMD,2024-08-09T00:00:00.000000,1,49.72,BUY
AMD,2024-08-12T00:00:00.000000,1,49.72,BUY
AMD,2024-08-13T00:00:00.000000,1,50.83,BUY
AMD,2024-08-14T00:00:00.000000,1,50.83,BUY
AMD,2024-08-15T00:00:00.000000,1,50.83,BUY
AMD,2024-08-16T00:00:00.000000,1,50.83,BUY
AMD,2024-08-19T00:00:00.000000,1,50.83,BUY
AMD,2024-08-20T00:00:00.000000,1,50.83,BUY
AMD,2024-08-21T00:00:00.000000,1,50.83,BUY
AMD,2024-08-22T00:00:00.000000,1,50.83,BUY
AMD,2024-08-23T00:00:00.000000,1,50.83,BUY
AMD,2024-08-26T00:00:00.000000,1,50.83,BUY
AMD,2024-08-27T00:00:00.000000,1,50.83,BUY
AMD,2024-08-28T00:00:00.000000,1,50.83,BUY
AMD,2024-08-29T00:00:00.000000,1,50.83,BUY
AMD,2024-08-30T00:00:00.000000,1,50.83,BUY
AMD,2024-09-03T00:00:00.000000,1,50.83,BUY
AMD,2024-09-04T00:00:00.000000,1,49.72,BUY
AMD,2024-09-05T00:00:00.000000,1,49.72,BUY
AMD,2024-09-06T00:00:00.000000,1,49.72,BUY
AMD,2024-09-09T00:00:00.000000,1,49.72,BUY
AMD,2024-09-10T00:00:00.000000,1,49.72,BUY
AMD,2024-09-11T00:00:00.000000,1,49.72,BUY
AMD,2024-09-12T00:00:00.000000,1,49.72,BUY
AMD,2024-09-13T00:00:00.000000,1,49.72,BUY
AMD,2024-09-16T00:00:00.000000,1,49.72,BUY
AMD,2024-09-17T00:00:00.000000,1,50.83,BUY
AMD,2024-09-18T00:00:00.000000,1,50.83,BUY
AMD,2024-09-19T00:00:00.000000,1,50.83,BUY
AMD,2024-09-20T00:00:00.000000,1,50.83,BUY
AMD,2024-09-23T00:00:00.000000,1,50.83,BUY
AMD,2024-09-24T00:00:00.000000,1,50.83,BUY
AMD,2024-09-25T00:00:00.000000,1,50.83,BUY
AMD,2024-09-26T00:00:00.000000,1,50.83,BUY
AMD,2024-09-27T00:00:00.000000,1,50.83,BUY
AMD,2024-09-30T00:00:00.000000,1,50.83,BUY
AMD,2024-10-01T00:00:00.000000,1,49.72,BUY
AMD,2024-10-02T00:00:00.000000,1,49.72,BUY
AMD,2024-10-03T00:00:00.000000,1,49.72,BUY
AMD,2024-10-04T00:00:00.000000,1,49.72,BUY
AMD,2024-10-07T00:00:00.000000,1,49.72,BUY
AMD,2024-10-08T00:00:00.000000,1,49.72,BUY
AMD,2024-10-09T00:00:00.000000,1,49.72,BUY
AMD,2024-10-10T00:00:00.000000,1,49.72,BUY
AMD,2024-10-11T00:00:00.000000,1,49.72,BUY
AMD,2024-10-14T00:00:00.000000,1,49.72,BUY
AMD,2024-10-15T00:00:00.000000,1,49.72,BUY
AMD,2024-10-16T00:00:00.000000,1,49.72,BUY
AMD,2024-10-17T00:00:00.000000,1,49.72,BUY
AMD,2024-10-18T00:00:00.000000,1,49.72,BUY
AMD,2024-10-21T00:00:00.000000,1,49.72,BUY
AMD,2024-10-22T00:00:00.000000,1,49.72,BUY
AMD,2024-10-23T00:00:00.000000,1,49.72,BUY
AMD,2024-10-24T00:00:00.000000,1,49.72,BUY
AMD,2024-10-25T00:00:00.000000,1,48.51,BUY
AMD,2024-10-28T00:00:00.000000,1,48.51,BUY
AMD,2024-10-29T00:00:00.000000,0,48.51,SELL
AMD,2024-10-30T00:00:00.000000,0,48.51,SELL
AMD,2024-10-31T00:00:00.000000,0,48.51,SELL
AMD,2024-11-01T00:00:00.000000,1,48.51,BUY
AMD,2024-11-04T00:00:00.000000,1,49.72,BUY
AMD,2024-11-05T00:00:00.000000,1,49.72,BUY
AMD,2024-11-06T00:00:00.000000,1,49.72,BUY
AMD,2024-11-07T00:00:00.000000,1,49.72,BUY
AMD,2024-11-08T00:00:00.000000,1,49.72,BUY
AMD,2024-11-11T00:00:00.000000,0,48.51,SELL
AMD,2024-11-12T00:00:00.000000,1,48.51,BUY
AMD,2024-11-13T00:00:00.000000,0,48.51,SELL
AMD,2024-11-14T00:00:00.000000,0,48.51,SELL
AMD,2024-11-15T00:00:00.000000,0,48.51,SELL
AMD,2024-11-18T00:00:00.000000,0,48.51,SELL
AMD,2024-11-19T00:00:00.000000,0,48.51,SELL
AMD,2024-11-20T00:00:00.000000,0,48.51,SELL
AMD,2024-11-21T00:00:00.000000,1,48.51,BUY
AMD,2024-11-22T00:00:00.000000,1,49.72,BUY
AMD,2024-11-25T00:00:00.000000,1,48.51,BUY
AMD,2024-11-26T00:00:00.000000,1,49.72,BUY
AMD,2024-11-27T00:00:00.000000,1,49.72,BUY
AMD,2024-11-29T00:00:00.000000,1,49.72,BUY
AMD,2024-12-02T00:00:00.000000,1,49.72,BUY
AMD,2024-12-03T00:00:00.000000,1,49.72,BUY
AMD,2024-12-04T00:00:00.000000,1,49.72,BUY
AMD,2024-12-05T00:00:00.000000,1,49.72,BUY
AMD,2024-12-06T00:00:00.000000,1,49.72,BUY
AMD,2024-12-09T00:00:00.000000,1,49.72,BUY
AMD,2024-12-10T00:00:00.000000,1,49.72,BUY
AMD,2024-12-11T00:00:00.000000,1,49.72,BUY
AMD,2024-12-12T00:00:00.000000,1,49.72,BUY
AMD,2024-12-13T00:00:00.000000,1,49.72,BUY
AMD,2024-12-16T00:00:00.000000,1,49.72,BUY
AMD,2024-12-17T00:00:00.000000,1,49.72,BUY
AMD,2024-12-18T00:00:00.000000,1,49.72,BUY
AMD,2024-12-19T00:00:00.000000,1,49.72,BUY
AMD,2024-12-20T00:00:00.000000,1,49.72,BUY
AMZN,2023-02-21T00:00:00.000000,1,49.72,BUY
AMZN,2023-02-22T00:00:00.000000,1,49.72,BUY
AMZN,2023-02-23T00:00:00.000000,1,49.72,BUY
AMZN,2023-02-24T00:00:00.000000,1,49.72,BUY
AMZN,2023-02-27T00:00:00.000000,1,49.72,BUY
AMZN,2023-02-28T00:00:00.000000,1,49.72,BUY
AMZN,2023-03-01T00:00:00.000000,1,49.72,BUY
AMZN,2023-03-02T00:00:00.000000,1,49.72,BUY
AMZN,2023-03-03T00:00:00.000000,1,49.72,BUY
AMZN,2023-03-06T00:00:00.000000,1,49.72,BUY
AMZN,2023-03-07T00:00:00.000000,1,48.51,BUY
AMZN,2023-03-08T00:00:00.000000,1,48.51,BUY
AMZN,2023-03-09T00:00:00.000000,0,48.51,SELL
AMZN,2023-03-10T00:00:00.000000,1,48.51,BUY
AMZN,2023-03-13T00:00:00.000000,1,49.72,BUY
AMZN,2023-03-14T00:00:00.000000,1,49.72,BUY
AMZN,2023-03-15T00:00:00.000000,1,49.72,BUY
AMZN,2023-03-16T00:00:00.000000,1,49.72,BUY
AMZN,2023-03-17T00:00:00.000000,1,49.72,BUY
AMZN,2023-03-20T00:00:00.000000,1,50.83,BUY
AMZN,2023-03-21T00:00:00.000000,1,50.83,BUY
AMZN,2023-03-22T00:00:00.000000,1,50.83,BUY
AMZN,2023-03-23T00:00:00.000000,1,50.83,BUY
AMZN,2023-03-24T00:00:00.000000,1,50.83,BUY
AMZN,2023-03-27T00:00:00.000000,1,50.83,BUY
AMZN,2023-03-28T00:00:00.000000,1,50.83,BUY
AMZN,2023-03-29T00:00:00.000000,1,50.83,BUY
AMZN,2023-03-30T00:00:00.000000,1,49.72,BUY
AMZN,2023-03-31T00:00:00.000000,1,49.72,BUY
AMZN,2023-04-03T00:00:00.000000,1,49.72,BUY
AMZN,2023-04-04T00:00:00.000000,1,49.72,BUY
AMZN,2023-04-05T00:00:00.000000,1,49.72,BUY
AMZN,2023-04-06T00:00:00.000000,1,49.72,BUY
AMZN,2023-04-10T00:00:00.000000,1,49.72,BUY
AMZN,2023-04-11T00:00:00.000000,1,49.72,BUY
AMZN,2023-04-12T00:00:00.000000,1,49.72,BUY
AMZN,2023-04-13T00:00:00.000000,1,49.72,BUY
AMZN,2023-04-14T00:00:00.000000,1,49.72,BUY
AMZN,2023-04-17T00:00:00.000000,1,49.72,BUY
AMZN,2023-04-18T00:00:00.000000,1,49.72,BUY
AMZN,2023-04-19T00:00:00.000000,1,49.72,BUY
AMZN,2023-04-20T00:00:00.000000,1,49.72,BUY
AMZN,2023-04-21T00:00:00.000000,1,49.72,BUY
AMZN,2023-04-24T00:00:00.000000,1,49.72,BUY
AMZN,2023-04-25T00:00:00.000000,1,49.72,BUY
AMZN,2023-04-26T00:00:00.000000,1,49.72,BUY
AMZN,2023-04-27T00:00:00.000000,1,49.72,BUY
AMZN,2023-04-28T00:00:00.000000,1,49.72,BUY
AMZN,2023-05-01T00:00:00.000000,1,49.72,BUY
AMZN,2023-05-02T00:00:00.000000,1,49.72,BUY
AMZN,2023-05-03T00:00:00.000000,1,49.72,BUY
AMZN,2023-05-04T00:00:00.000000,1,49.72,BUY
AMZN,2023-05-05T00:00:00.000000,1,49.72,BUY
AMZN,2023-05-08T00:00:00.000000,1,49.72,BUY
AMZN,2023-05-09T00:00:00.000000,1,49.72,BUY
AMZN,2023-05-10T00:00:00.000000,1,49.72,BUY
AMZN,2023-05-11T00:00:00.000000,1,48.51,BUY
AMZN,2023-05-12T00:00:00.000000,1,48.51,BUY
AMZN,2023-05-15T00:00:00.000000,0,48.51,SELL
AMZN,2023-05-16T00:00:00.000000,0,48.51,SELL
AMZN,2023-05-17T00:00:00.000000,1,48.51,BUY
AMZN,2023-05-18T00:00:00.000000,1,48.51,BUY
AMZN,2023-05-19T00:00:00.000000,1,48.51,BUY
AMZN,2023-05-22T00:00:00.000000,1,49.72,BUY
AMZN,2023-05-23T00:00:00.000000,1,49.72,BUY
AMZN,2023-05-24T00:00:00.000000,1,49.72,BUY
AMZN,2023-05-25T00:00:00.000000,1,49.72,BUY
AMZN,2023-05-26T00:00:00.000000,1,49.72,BUY
AMZN,2023-05-30T00:00:00.000000,1,49.72,BUY
AMZN,2023-05-31T00:00:00.000000,1,49.72,BUY
AMZN,2023-06-01T00:00:00.000000,1,49.72,BUY
AMZN,2023-06-02T00:00:00.000000,1,49.72,BUY
AMZN,2023-06-05T00:00:00.000000,1,49.72,BUY
AMZN,2023-06-06T00:00:00.000000,1,49.72,BUY
AMZN,2023-06-07T00:00:00.000000,1,48.51,BUY
AMZN,2023-06-08T00:00:00.000000,1,48.51,BUY
AMZN,2023-06-09T00:00:00.000000,0,48.51,SELL
AMZN,2023-06-12T00:00:00.000000,0,48.51,SELL
AMZN,2023-06-13T00:00:00.000000,0,48.51,SELL
AMZN,2023-06-14T00:00:00.000000,0,48.51,SELL
AMZN,2023-06-15T00:00:00.000000,0,48.51,SELL
AMZN,2023-06-16T00:00:00.000000,0,48.51,SELL
AMZN,2023-06-20T00:00:00.000000,0,48.51,SELL
AMZN,2023-06-21T00:00:00.000000,0,44.85,SELL
AMZN,2023-06-22T00:00:00.000000,0,44.85,SELL
AMZN,2023-06-23T00:00:00.000000,0,38.31,SELL
AMZN,2023-06-26T00:00:00.000000,0,38.31,SELL
AMZN,2023-06-27T00:00:00.000000,0,38.31,SELL
AMZN,2023-06-28T00:00:00.000000,0,38.31,SELL
AMZN,2023-06-29T00:00:00.000000,0,44.85,SELL
AMZN,2023-06-30T00:00:00.000000,0,48.51,SELL
AMZN,2023-07-03T00:00:00.000000,0,48.51,SELL
AMZN,2023-07-05T00:00:00.000000,0,48.51,SELL
AMZN,2023-07-06T00:00:00.000000,0,48.51,SELL
AMZN,2023-07-07T00:00:00.000000,0,48.51,SELL
AMZN,2023-07-10T00:00:00.000000,0,48.51,SELL
AMZN,2023-07-11T00:00:00.000000,0,48.51,SELL
AMZN,2023-07-12T00:00:00.000000,0,48.51,SELL
AMZN,2023-07-13T00:00:00.000000,0,44.85,SELL
AMZN,2023-07-14T00:00:00.000000,0,38.31,SELL
AMZN,2023-07-17T00:00:00.000000,0,38.31,SELL
AMZN,2023-07-18T00:00:00.000000,0,38.31,SELL
AMZN,2023-07-19T00:00:00.000000,0,38.31,SELL
AMZN,2023-07-20T00:00:00.000000,0,38.31,SELL
AMZN,2023-07-21T00:00:00.000000,0,38.31,SELL
AMZN,2023-07-24T00:00:00.000000,0,38.31,SELL
AMZN,2023-07-25T00:00:00.000000,0,38.1,SELL
AMZN,2023-07-26T00:00:00.000000,0,38.1,SELL
AMZN,2023-07-27T00:00:00.000000,0,38.31,SELL
AMZN,2023-07-28T00:00:00.000000,0,44.85,SELL
AMZN,2023-07-31T00:00:00.000000,0,40.62,SELL
AMZN,2023-08-01T00:00:00.000000,0,38.31,SELL
AMZN,2023-08-02T00:00:00.000000,0,38.31,SELL
AMZN,2023-08-03T00:00:00.000000,0,38.31,SELL
AMZN,2023-08-04T00:00:00.000000,0,38.31,SELL
AMZN,2023-08-07T00:00:00.000000,0,44.85,SELL
AMZN,2023-08-08T00:00:00.000000,0,48.51,SELL
AMZN,2023-08-09T00:00:00.000000,0,48.51,SELL
AMZN,2023-08-10T00:00:00.000000,1,49.72,BUY
AMZN,2023-08-11T00:00:00.000000,1,49.72,BUY
AMZN,2023-08-14T00:00:00.000000,1,49.72,BUY
AMZN,2023-08-15T00:00:00.000000,1,49.72,BUY
AMZN,2023-08-16T00:00:00.000000,1,49.72,BUY
AMZN,2023-08-17T00:00:00.000000,1,49.72,BUY
AMZN,2023-08-18T00:00:00.000000,1,50.83,BUY
AMZN,2023-08-21T00:00:00.000000,1,50.83,BUY
AMZN,2023-08-22T00:00:00.000000,1,50.83,BUY
AMZN,2023-08-23T00:00:00.000000,1,50.83,BUY
AMZN,2023-08-24T00:00:00.000000,1,49.72,BUY
AMZN,2023-08-25T00:00:00.000000,1,49.72,BUY
AMZN,2023-08-28T00:00:00.000000,1,49.72,BUY
AMZN,2023-08-29T00:00:00.000000,1,50.83,BUY
AMZN,2023-08-30T00:00:00.000000,1,50.83,BUY
AMZN,2023-08-31T00:00:00.000000,1,49.72,BUY
AMZN,2023-09-01T00:00:00.000000,1,49.72,BUY
AMZN,2023-09-05T00:00:00.000000,1,48.51,BUY
AMZN,2023-09-06T00:00:00.000000,1,48.51,BUY
AMZN,2023-09-07T00:00:00.000000,0,48.51,SELL
AMZN,2023-09-08T00:00:00.000000,0,48.51,SELL
AMZN,2023-09-11T00:00:00.000000,0,48.51,SELL
AMZN,2023-09-12T00:00:00.000000,0,48.51,SELL
AMZN,2023-09-13T00:00:00.000000,0,48.51,SELL
AMZN,2023-09-14T00:00:00.000000,1,48.51,BUY
AMZN,2023-09-15T00:00:00.000000,1,49.72,BUY
AMZN,2023-09-18T00:00:00.000000,1,49.72,BUY
AMZN,2023-09-19T00:00:00.000000,1,49.72,BUY
AMZN,2023-09-20T00:00:00.000000,1,49.72,BUY
AMZN,2023-09-21T00:00:00.000000,1,49.72,BUY
AMZN,2023-09-22T00:00:00.000000,1,49.72,BUY
AMZN,2023-09-25T00:00:00.000000,1,49.72,BUY
AMZN,2023-09-26T00:00:00.000000,1,49.72,BUY
AMZN,2023-09-27T00:00:00.000000,1,49.72,BUY
AMZN,2023-09-28T00:00:00.000000,1,49.72,BUY
AMZN,2023-09-29T00:00:00.000000,1,50.83,BUY
AMZN,2023-10-02T00:00:00.000000,1,50.83,BUY
AMZN,2023-10-03T00:00:00.000000,1,49.72,BUY
AMZN,2023-10-04T00:00:00.000000,1,50.83,BUY
AMZN,2023-10-05T00:00:00.000000,1,50.83,BUY
AMZN,2023-10-06T00:00:00.000000,1,50.83,BUY
AMZN,2023-10-09T00:00:00.000000,1,50.83,BUY
AMZN,2023-10-10T00:00:00.000000,1,50.83,BUY
AMZN,2023-10-11T00:00:00.000000,1,49.72,BUY
AMZN,2023-10-12T00:00:00.000000,1,49.72,BUY
AMZN,2023-10-13T00:00:00.000000,1,49.72,BUY
AMZN,2023-10-16T00:00:00.000000,1,49.72,BUY
AMZN,2023-10-17T00:00:00.000000,1,49.72,BUY
AMZN,2023-10-18T00:00:00.000000,1,49.72,BUY
AMZN,2023-10-19T00:00:00.000000,1,48.51,BUY
AMZN,2023-10-20T00:00:00.000000,1,48.51,BUY
AMZN,2023-10-23T00:00:00.000000,1,49.72,BUY
AMZN,2023-10-24T00:00:00.000000,1,49.72,BUY
AMZN,2023-10-25T00:00:00.000000,1,49.72,BUY
AMZN,2023-10-26T00:00:00.000000,1,49.72,BUY
AMZN,2023-10-27T00:00:00.000000,1,49.72,BUY
AMZN,2023-10-30T00:00:00.000000,1,49.72,BUY
AMZN,2023-10-31T00:00:00.000000,1,50.83,BUY
AMZN,2023-11-01T00:00:00.000000,1,50.83,BUY
AMZN,2023-11-02T00:00:00.000000,1,50.83,BUY
AMZN,2023-11-03T00:00:00.000000,1,50.83,BUY
AMZN,2023-11-06T00:00:00.000000,1,50.83,BUY
AMZN,2023-11-07T00:00:00.000000,1,50.83,BUY
AMZN,2023-11-08T00:00:00.000000,1,50.83,BUY
AMZN,2023-11-09T00:00:00.000000,1,50.83,BUY
AMZN,2023-11-10T00:00:00.000000,1,50.83,BUY
AMZN,2023-11-13T00:00:00.000000,1,49.72,BUY
AMZN,2023-11-14T00:00:00.000000,1,49.72,BUY
AMZN,2023-11-15T00:00:00.000000,1,49.72,BUY
AMZN,2023-11-16T00:00:00.000000,1,49.72,BUY
AMZN,2023-11-17T00:00:00.000000,1,49.72,BUY
AMZN,2023-11-20T00:00:00.000000,1,49.72,BUY
AMZN,2023-11-21T00:00:00.000000,1,49.72,BUY
AMZN,2023-11-22T00:00:00.000000,1,49.72,BUY
AMZN,2023-11-24T00:00:00.000000,1,49.72,BUY
AMZN,2023-11-27T00:00:00.000000,1,49.72,BUY
AMZN,2023-11-28T00:00:00.000000,1,49.72,BUY
AMZN,2023-11-29T00:00:00.000000,1,49.72,BUY
AMZN,2023-11-30T00:00:00.000000,1,49.72,BUY
AMZN,2023-12-01T00:00:00.000000,1,49.72,BUY
AMZN,2023-12-04T00:00:00.000000,1,49.72,BUY
AMZN,2023-12-05T00:00:00.000000,1,49.72,BUY
AMZN,2023-12-06T00:00:00.000000,1,49.72,BUY
AMZN,2023-12-07T00:00:00.000000,1,49.72,BUY
AMZN,2023-12-08T00:00:00.000000,1,49.72,BUY
AMZN,2023-12-11T00:00:00.000000,1,49.72,BUY
AMZN,2023-12-12T00:00:00.000000,1,49.72,BUY
AMZN,2023-12-13T00:00:00.000000,1,49.72,BUY
AMZN,2023-12-14T00:00:00.000000,1,49.72,BUY
AMZN,2023-12-15T00:00:00.000000,1,49.72,BUY
AMZN,2023-12-18T00:00:00.000000,1,49.72,BUY
AMZN,2023-12-19T00:00:00.000000,1,49.72,BUY
AMZN,2023-12-20T00:00:00.000000,1,49.72,BUY
AMZN,2023-12-21T00:00:00.000000,1,49.72,BUY
AMZN,2023-12-22T00:00:00.000000,1,49.72,BUY
AMZN,2023-12-26T00:00:00.000000,1,49.72,BUY
AMZN,2023-12-27T00:00:00.000000,1,49.72,BUY
AMZN,2023-12-28T00:00:00.000000,1,49.72,BUY
AMZN,2023-12-29T00:00:00.000000,1,49.72,BUY
AMZN,2024-01-02T00:00:00.000000,1,49.72,BUY
AMZN,2024-01-03T00:00:00.000000,1,49.72,BUY
AMZN,2024-01-04T00:00:00.000000,1,49.72,BUY
AMZN,2024-01-05T00:00:00.000000,1,49.72,BUY
AMZN,2024-01-08T00:00:00.000000,1,49.72,BUY
AMZN,2024-01-09T00:00:00.000000,1,49.72,BUY
AMZN,2024-01-10T00:00:00.000000,1,49.72,BUY
AMZN,2024-01-11T00:00:00.000000,1,48.51,BUY
AMZN,2024-01-12T00:00:00.000000,0,48.51,SELL
AMZN,2024-01-16T00:00:00.000000,0,48.51,SELL
AMZN,2024-01-17T00:00:00.000000,0,48.51,SELL
AMZN,2024-01-18T00:00:00.000000,0,48.51,SELL
AMZN,2024-01-19T00:00:00.000000,0,48.51,SELL
AMZN,2024-01-22T00:00:00.000000,0,48.51,SELL
AMZN,2024-01-23T00:00:00.000000,0,48.51,SELL
AMZN,2024-01-24T00:00:00.000000,0,48.51,SELL
AMZN,2024-01-25T00:00:00.000000,0,48.51,SELL
AMZN,2024-01-26T00:00:00.000000,0,48.51,SELL
AMZN,2024-01-29T00:00:00.000000,0,48.51,SELL
AMZN,2024-01-30T00:00:00.000000,0,48.51,SELL
AMZN,2024-01-31T00:00:00.000000,0,44.85,SELL
AMZN,2024-02-01T00:00:00.000000,0,44.85,SELL
AMZN,2024-02-02T00:00:00.000000,0,48.51,SELL
AMZN,2024-02-05T00:00:00.000000,0,48.51,SELL
AMZN,2024-02-06T00:00:00.000000,0,48.51,SELL
AMZN,2024-02-07T00:00:00.000000,0,48.51,SELL
AMZN,2024-02-08T00:00:00.000000,1,48.51,BUY
AMZN,2024-02-09T00:00:00.000000,1,49.72,BUY
AMZN,2024-02-12T00:00:00.000000,1,49.72,BUY
AMZN,2024-02-13T00:00:00.000000,1,49.72,BUY
AMZN,2024-02-14T00:00:00.000000,1,49.72,BUY
AMZN,2024-02-15T00:00:00.000000,1,49.72,BUY
AMZN,2024-02-16T00:00:00.000000,1,49.72,BUY
AMZN,2024-02-20T00:00:00.000000,1,49.72,BUY
AMZN,2024-02-21T00:00:00.000000,1,49.72,BUY
AMZN,2024-02-22T00:00:00.000000,1,49.72,BUY
AMZN,2024-02-23T00:00:00.000000,1,49.72,BUY
AMZN,2024-02-26T00:00:00.000000,1,49.72,BUY
AMZN,2024-02-27T00:00:00.000000,1,49.72,BUY
AMZN,2024-02-28T00:00:00.000000,1,49.72,BUY
AMZN,2024-02-29T00:00:00.000000,1,49.72,BUY
AMZN,2024-03-01T00:00:00.000000,1,49.72,BUY
AMZN,2024-03-04T00:00:00.000000,1,49.72,BUY
AMZN,2024-03-05T00:00:00.000000,1,49.72,BUY
AMZN,2024-03-06T00:00:00.000000,1,49.72,BUY
AMZN,2024-03-07T00:00:00.000000,1,49.72,BUY
AMZN,2024-03-08T00:00:00.000000,1,49.72,BUY
AMZN,2024-03-11T00:00:00.000000,1,49.72,BUY
AMZN,2024-03-12T00:00:00.000000,1,49.72,BUY
AMZN,2024-03-13T00:00:00.000000,1,49.72,BUY
AMZN,2024-03-14T00:00:00.000000,1,48.51,BUY
AMZN,2024-03-15T00:00:00.000000,0,48.51,SELL
AMZN,2024-03-18T00:00:00.000000,0,48.51,SELL
AMZN,2024-03-19T00:00:00.000000,0,48.51,SELL
AMZN,2024-03-20T00:00:00.000000,0,48.51,SELL
AMZN,2024-03-21T00:00:00.000000,0,48.51,SELL
AMZN,2024-03-22T00:00:00.000000,0,48.51,SELL
AMZN,2024-03-25T00:00:00.000000,0,44.85,SELL
AMZN,2024-03-26T00:00:00.000000,0,38.31,SELL
AMZN,2024-03-27T00:00:00.000000,0,38.31,SELL
AMZN,2024-03-28T00:00:00.000000,0,38.31,SELL
AMZN,2024-04-01T00:00:00.000000,0,38.31,SELL
AMZN,2024-04-02T00:00:00.000000,0,36.84,SELL
AMZN,2024-04-03T00:00:00.000000,0,32.82,SELL
AMZN,2024-04-04T00:00:00.000000,0,36.84,SELL
AMZN,2024-04-05T00:00:00.000000,0,38.31,SELL
AMZN,2024-04-08T00:00:00.000000,0,38.31,SELL
AMZN,2024-04-09T00:00:00.000000,0,44.85,SELL
AMZN,2024-04-10T00:00:00.000000,0,48.51,SELL
AMZN,2024-04-11T00:00:00.000000,0,45.45,SELL
AMZN,2024-04-12T00:00:00.000000,0,48.51,SELL
AMZN,2024-04-15T00:00:00.000000,0,48.51,SELL
AMZN,2024-04-16T00:00:00.000000,1,48.51,BUY
AMZN,2024-04-17T00:00:00.000000,1,49.72,BUY
AMZN,2024-04-18T00:00:00.000000,1,49.72,BUY
AMZN,2024-04-19T00:00:00.000000,1,49.72,BUY
AMZN,2024-04-22T00:00:00.000000,1,49.72,BUY
AMZN,2024-04-23T00:00:00.000000,1,49.72,BUY
AMZN,2024-04-24T00:00:00.000000,1,49.72,BUY
AMZN,2024-04-25T00:00:00.000000,1,49.72,BUY
AMZN,2024-04-26T00:00:00.000000,1,50.83,BUY
AMZN,2024-04-29T00:00:00.000000,1,50.83,BUY
AMZN,2024-04-30T00:00:00.000000,1,49.72,BUY
AMZN,2024-05-01T00:00:00.000000,1,50.83,BUY
AMZN,2024-05-02T00:00:00.000000,1,49.72,BUY
AMZN,2024-05-03T00:00:00.000000,1,49.72,BUY
AMZN,2024-05-06T00:00:00.000000,1,49.72,BUY
AMZN,2024-05-07T00:00:00.000000,1,49.72,BUY
AMZN,2024-05-08T00:00:00.000000,1,49.72,BUY
AMZN,2024-05-09T00:00:00.000000,1,49.72,BUY
AMZN,2024-05-10T00:00:00.000000,1,49.72,BUY
AMZN,2024-05-13T00:00:00.000000,1,49.72,BUY
AMZN,2024-05-14T00:00:00.000000,1,49.72,BUY
AMZN,2024-05-15T00:00:00.000000,1,49.72,BUY
AMZN,2024-05-16T00:00:00.000000,1,48.51,BUY
AMZN,2024-05-17T00:00:00.000000,1,48.51,BUY
AMZN,2024-05-20T00:00:00.000000,0,48.51,SELL
AMZN,2024-05-21T00:00:00.000000,0,48.51,SELL
AMZN,2024-05-22T00:00:00.000000,0,48.51,SELL
AMZN,2024-05-23T00:00:00.000000,0,48.51,SELL
AMZN,2024-05-24T00:00:00.000000,0,48.51,SELL
AMZN,2024-05-28T00:00:00.000000,0,48.51,SELL
AMZN,2024-05-29T00:00:00.000000,0,48.51,SELL
AMZN,2024-05-30T00:00:00.000000,0,48.51,SELL
AMZN,2024-05-31T00:00:00.000000,1,48.51,BUY
AMZN,2024-06-03T00:00:00.000000,1,49.72,BUY
AMZN,2024-06-04T00:00:00.000000,1,49.72,BUY
AMZN,2024-06-05T00:00:00.000000,1,49.72,BUY
AMZN,2024-06-06T00:00:00.000000,1,50.83,BUY
AMZN,2024-06-07T00:00:00.000000,1,49.72,BUY
AMZN,2024-06-10T00:00:00.000000,1,49.72,BUY
AMZN,2024-06-11T00:00:00.000000,1,49.72,BUY
AMZN,2024-06-12T00:00:00.000000,1,49.72,BUY
AMZN,2024-06-13T00:00:00.000000,1,49.72,BUY
AMZN,2024-06-14T00:00:00.000000,1,49.72,BUY
AMZN,2024-06-17T00:00:00.000000,1,49.72,BUY
AMZN,2024-06-18T00:00:00.000000,1,49.72,BUY
AMZN,2024-06-20T00:00:00.000000,1,49.72,BUY
AMZN,2024-06-21T00:00:00.000000,1,49.72,BUY
AMZN,2024-06-24T00:00:00.000000,1,50.83,BUY
AMZN,2024-06-25T00:00:00.000000,1,50.83,BUY
AMZN,2024-06-26T00:00:00.000000,1,50.83,BUY
AMZN,2024-06-27T00:00:00.000000,1,50.83,BUY
AMZN,2024-06-28T00:00:00.000000,1,50.83,BUY
AMZN,2024-07-01T00:00:00.000000,1,50.83,BUY
AMZN,2024-07-02T00:00:00.000000,1,50.83,BUY
AMZN,2024-07-03T00:00:00.000000,1,50.83,BUY
AMZN,2024-07-05T00:00:00.000000,1,50.83,BUY
AMZN,2024-07-08T00:00:00.000000,1,50.83,BUY
AMZN,2024-07-09T00:00:00.000000,1,50.83,BUY
AMZN,2024-07-10T00:00:00.000000,1,50.83,BUY
AMZN,2024-07-11T00:00:00.000000,1,49.72,BUY
AMZN,2024-07-12T00:00:00.000000,1,49.72,BUY
AMZN,2024-07-15T00:00:00.000000,1,49.72,BUY
AMZN,2024-07-16T00:00:00.000000,1,49.72,BUY
AMZN,2024-07-17T00:00:00.000000,1,49.72,BUY
AMZN,2024-07-18T00:00:00.000000,1,49.72,BUY
AMZN,2024-07-19T00:00:00.000000,1,49.72,BUY
AMZN,2024-07-22T00:00:00.000000,1,49.72,BUY
AMZN,2024-07-23T00:00:00.000000,1,49.72,BUY
AMZN,2024-07-24T00:00:00.000000,1,49.72,BUY
AMZN,2024-07-25T00:00:00.000000,1,49.72,BUY
AMZN,2024-07-26T00:00:00.000000,1,48.51,BUY
AMZN,2024-07-29T00:00:00.000000,0,48.51,SELL
AMZN,2024-07-30T00:00:00.000000,1,48.51,BUY
AMZN,2024-07-31T00:00:00.000000,1,49.72,BUY
AMZN,2024-08-01T00:00:00.000000,1,49.72,BUY
AMZN,2024-08-02T00:00:00.000000,1,50.83,BUY
AMZN,2024-08-05T00:00:00.000000,1,50.83,BUY
AMZN,2024-08-06T00:00:00.000000,1,50.83,BUY
AMZN,2024-08-07T00:00:00.000000,1,50.83,BUY
AMZN,2024-08-08T00:00:00.000000,1,50.83,BUY
AMZN,2024-08-09T00:00:00.000000,1,50.83,BUY
AMZN,2024-08-12T00:00:00.000000,1,50.83,BUY
AMZN,2024-08-13T00:00:00.000000,1,50.83,BUY
AMZN,2024-08-14T00:00:00.000000,1,50.83,BUY
AMZN,2024-08-15T00:00:00.000000,1,50.83,BUY
AMZN,2024-08-16T00:00:00.000000,1,49.72,BUY
AMZN,2024-08-19T00:00:00.000000,1,49.72,BUY
AMZN,2024-08-20T00:00:00.000000,1,49.72,BUY
AMZN,2024-08-21T00:00:00.000000,1,49.72,BUY
AMZN,2024-08-22T00:00:00.000000,1,49.72,BUY
AMZN,2024-08-23T00:00:00.000000,1,49.72,BUY
AMZN,2024-08-26T00:00:00.000000,1,49.72,BUY
AMZN,2024-08-27T00:00:00.000000,1,50.83,BUY
AMZN,2024-08-28T00:00:00.000000,1,50.83,BUY
AMZN,2024-08-29T00:00:00.000000,1,50.83,BUY
AMZN,2024-08-30T00:00:00.000000,1,50.83,BUY
AMZN,2024-09-03T00:00:00.000000,1,50.83,BUY
AMZN,2024-09-04T00:00:00.000000,1,50.83,BUY
AMZN,2024-09-05T00:00:00.000000,1,50.83,BUY
AMZN,2024-09-06T00:00:00.000000,1,50.83,BUY
AMZN,2024-09-09T00:00:00.000000,1,50.83,BUY
AMZN,2024-09-10T00:00:00.000000,1,50.83,BUY
AMZN,2024-09-11T00:00:00.000000,1,50.83,BUY
AMZN,2024-09-12T00:00:00.000000,1,50.83,BUY
AMZN,2024-09-13T00:00:00.000000,1,50.83,BUY
AMZN,2024-09-16T00:00:00.000000,1,50.83,BUY
AMZN,2024-09-17T00:00:00.000000,1,50.83,BUY
AMZN,2024-09-18T00:00:00.000000,1,50.83,BUY
AMZN,2024-09-19T00:00:00.000000,1,50.83,BUY
AMZN,2024-09-20T00:00:00.000000,1,50.83,BUY
AMZN,2024-09-23T00:00:00.000000,1,49.72,BUY
AMZN,2024-09-24T00:00:00.000000,1,49.72,BUY
AMZN,2024-09-25T00:00:00.000000,1,49.72,BUY
AMZN,2024-09-26T00:00:00.000000,1,49.72,BUY
AMZN,2024-09-27T00:00:00.000000,1,49.72,BUY
AMZN,2024-09-30T00:00:00.000000,1,49.72,BUY
AMZN,2024-10-01T00:00:00.000000,1,49.72,BUY
AMZN,2024-10-02T00:00:00.000000,1,49.72,BUY
AMZN,2024-10-03T00:00:00.000000,1,49.72,BUY
AMZN,2024-10-04T00:00:00.000000,1,49.72,BUY
AMZN,2024-10-07T00:00:00.000000,1,50.83,BUY
AMZN,2024-10-08T00:00:00.000000,1,50.83,BUY
AMZN,2024-10-09T00:00:00.000000,1,50.83,BUY
AMZN,2024-10-10T00:00:00.000000,1,49.72,BUY
AMZN,2024-10-11T00:00:00.000000,1,49.72,BUY
AMZN,2024-10-14T00:00:00.000000,1,49.72,BUY
AMZN,2024-10-15T00:00:00.000000,1,49.72,BUY
AMZN,2024-10-16T00:00:00.000000,1,49.72,BUY
AMZN,2024-10-17T00:00:00.000000,1,48.51,BUY
AMZN,2024-10-18T00:00:00.000000,1,48.51,BUY
AMZN,2024-10-21T00:00:00.000000,1,48.51,BUY
AMZN,2024-10-22T00:00:00.000000,1,48.51,BUY
AMZN,2024-10-23T00:00:00.000000,0,48.51,SELL
AMZN,2024-10-24T00:00:00.000000,0,48.51,SELL
AMZN,2024-10-25T00:00:00.000000,0,48.51,SELL
AMZN,2024-10-28T00:00:00.000000,0,48.51,SELL
AMZN,2024-10-29T00:00:00.000000,0,48.51,SELL
AMZN,2024-10-30T00:00:00.000000,1,48.51,BUY
AMZN,2024-10-31T00:00:00.000000,1,48.51,BUY
AMZN,2024-11-01T00:00:00.000000,1,48.51,BUY
AMZN,2024-11-04T00:00:00.000000,1,49.72,BUY
AMZN,2024-11-05T00:00:00.000000,1,49.72,BUY
AMZN,2024-11-06T00:00:00.000000,1,49.72,BUY
AMZN,2024-11-07T00:00:00.000000,1,49.72,BUY
AMZN,2024-11-08T00:00:00.000000,1,49.72,BUY
AMZN,2024-11-11T00:00:00.000000,1,49.72,BUY
AMZN,2024-11-12T00:00:00.000000,1,48.51,BUY
AMZN,2024-11-13T00:00:00.000000,1,49.72,BUY
AMZN,2024-11-14T00:00:00.000000,1,48.51,BUY
AMZN,2024-11-15T00:00:00.000000,0,48.51,SELL
AMZN,2024-11-18T00:00:00.000000,0,48.51,SELL
AMZN,2024-11-19T00:00:00.000000,0,48.51,SELL
AMZN,2024-11-20T00:00:00.000000,0,48.51,SELL
AMZN,2024-11-21T00:00:00.000000,1,48.51,BUY
AMZN,2024-11-22T00:00:00.000000,1,48.51,BUY
AMZN,2024-11-25T00:00:00.000000,1,49.72,BUY
AMZN,2024-11-26T00:00:00.000000,1,49.72,BUY
AMZN,2024-11-27T00:00:00.000000,1,49.72,BUY
AMZN,2024-11-29T00:00:00.000000,1,49.72,BUY
AMZN,2024-12-02T00:00:00.000000,1,49.72,BUY
AMZN,2024-12-03T00:00:00.000000,1,48.51,BUY
AMZN,2024-12-04T00:00:00.000000,0,48.51,SELL
AMZN,2024-12-05T00:00:00.000000,1,48.51,BUY
AMZN,2024-12-06T00:00:00.000000,1,48.51,BUY
AMZN,2024-12-09T00:00:00.000000,1,48.51,BUY
AMZN,2024-12-10T00:00:00.000000,1,48.51,BUY
AMZN,2024-12-11T00:00:00.000000,1,49.72,BUY
AMZN,2024-12-12T00:00:00.000000,1,49.72,BUY
AMZN,2024-12-13T00:00:00.000000,1,49.72,BUY
AMZN,2024-12-16T00:00:00.000000,1,49.72,BUY
AMZN,2024-12-17T00:00:00.000000,1,49.72,BUY
AMZN,2024-12-18T00:00:00.000000,1,49.72,BUY
AMZN,2024-12-19T00:00:00.000000,1,49.72,BUY
AMZN,2024-12-20T00:00:00.000000,1,50.83,BUY
BAC,2023-02-21T00:00:00.000000,1,49.72,BUY
BAC,2023-02-22T00:00:00.000000,1,49.72,BUY
BAC,2023-02-23T00:00:00.000000,1,49.72,BUY
BAC,2023-02-24T00:00:00.000000,1,49.72,BUY
BAC,2023-02-27T00:00:00.000000,1,49.72,BUY
BAC,2023-02-28T00:00:00.000000,1,49.72,BUY
BAC,2023-03-01T00:00:00.000000,1,49.72,BUY
BAC,2023-03-02T00:00:00.000000,1,49.72,BUY
BAC,2023-03-03T00:00:00.000000,1,49.72,BUY
BAC,2023-03-06T00:00:00.000000,1,49.72,BUY
BAC,2023-03-07T00:00:00.000000,1,49.72,BUY
BAC,2023-03-08T00:00:00.000000,1,49.72,BUY
BAC,2023-03-09T00:00:00.000000,1,49.72,BUY
BAC,2023-03-10T00:00:00.000000,1,49.72,BUY
BAC,2023-03-13T00:00:00.000000,1,49.72,BUY
BAC,2023-03-14T00:00:00.000000,1,48.51,BUY
BAC,2023-03-15T00:00:00.000000,0,48.51,SELL
BAC,2023-03-16T00:00:00.000000,0,38.31,SELL
BAC,2023-03-17T00:00:00.000000,0,38.31,SELL
BAC,2023-03-20T00:00:00.000000,0,38.1,SELL
BAC,2023-03-21T00:00:00.000000,0,32.82,SELL
BAC,2023-03-22T00:00:00.000000,0,32.16,SELL
BAC,2023-03-23T00:00:00.000000,0,7.69,SELL
BAC,2023-03-24T00:00:00.000000,0,7.69,SELL
BAC,2023-03-27T00:00:00.000000,0,7.69,SELL
BAC,2023-03-28T00:00:00.000000,0,7.69,SELL
BAC,2023-03-29T00:00:00.000000,0,7.69,SELL
BAC,2023-03-30T00:00:00.000000,0,32.82,SELL
BAC,2023-03-31T00:00:00.000000,0,36.84,SELL
BAC,2023-04-03T00:00:00.000000,0,38.1,SELL
BAC,2023-04-04T00:00:00.000000,0,38.1,SELL
BAC,2023-04-05T00:00:00.000000,0,36.84,SELL
BAC,2023-04-06T00:00:00.000000,0,32.82,SELL
BAC,2023-04-10T00:00:00.000000,0,32.82,SELL
BAC,2023-04-11T00:00:00.000000,0,35.71,SELL
BAC,2023-04-12T00:00:00.000000,0,36.84,SELL
BAC,2023-04-13T00:00:00.000000,0,37.5,SELL
BAC,2023-04-14T00:00:00.000000,0,38.31,SELL
BAC,2023-04-17T00:00:00.000000,0,38.31,SELL
BAC,2023-04-18T00:00:00.000000,0,38.31,SELL
BAC,2023-04-19T00:00:00.000000,0,44.85,SELL
BAC,2023-04-20T00:00:00.000000,0,48.51,SELL
BAC,2023-04-21T00:00:00.000000,0,48.51,SELL
BAC,2023-04-24T00:00:00.000000,1,48.51,BUY
BAC,2023-04-25T00:00:00.000000,1,49.72,BUY
BAC,2023-04-26T00:00:00.000000,1,49.72,BUY
BAC,2023-04-27T00:00:00.000000,1,49.72,BUY
BAC,2023-04-28T00:00:00.000000,1,49.72,BUY
BAC,2023-05-01T00:00:00.000000,1,49.72,BUY
BAC,2023-05-02T00:00:00.000000,1,49.72,BUY
BAC,2023-05-03T00:00:00.000000,1,49.72,BUY
BAC,2023-05-04T00:00:00.000000,1,49.72,BUY
BAC,2023-05-05T00:00:00.000000,1,49.72,BUY
BAC,2023-05-08T00:00:00.000000,1,49.72,BUY
BAC,2023-05-09T00:00:00.000000,1,49.72,BUY
BAC,2023-05-10T00:00:00.000000,1,48.51,BUY
BAC,2023-05-11T00:00:00.000000,0,48.51,SELL
BAC,2023-05-12T00:00:00.000000,0,48.51,SELL
BAC,2023-05-15T00:00:00.000000,1,49.72,BUY
BAC,2023-05-16T00:00:00.000000,1,48.51,BUY
BAC,2023-05-17T00:00:00.000000,1,49.72,BUY
BAC,2023-05-18T00:00:00.000000,1,48.51,BUY
BAC,2023-05-19T00:00:00.000000,0,48.51,SELL
BAC,2023-05-22T00:00:00.000000,1,48.51,BUY
BAC,2023-05-23T00:00:00.000000,1,48.51,BUY
BAC,2023-05-24T00:00:00.000000,1,49.72,BUY
BAC,2023-05-25T00:00:00.000000,1,49.72,BUY
BAC,2023-05-26T00:00:00.000000,1,49.72,BUY
BAC,2023-05-30T00:00:00.000000,1,48.51,BUY
BAC,2023-05-31T00:00:00.000000,1,48.51,BUY
BAC,2023-06-01T00:00:00.000000,0,48.51,SELL
BAC,2023-06-02T00:00:00.000000,0,48.51,SELL
BAC,2023-06-05T00:00:00.000000,1,48.51,BUY
BAC,2023-06-06T00:00:00.000000,0,48.51,SELL
BAC,2023-06-07T00:00:00.000000,0,48.51,SELL
BAC,2023-06-08T00:00:00.000000,0,48.51,SELL
BAC,2023-06-09T00:00:00.000000,0,48.51,SELL
BAC,2023-06-12T00:00:00.000000,0,48.51,SELL
BAC,2023-06-13T00:00:00.000000,0,48.51,SELL
BAC,2023-06-14T00:00:00.000000,1,48.51,BUY
BAC,2023-06-15T00:00:00.000000,1,48.51,BUY
BAC,2023-06-16T00:00:00.000000,1,48.51,BUY
BAC,2023-06-20T00:00:00.000000,1,48.51,BUY
BAC,2023-06-21T00:00:00.000000,1,48.51,BUY
BAC,2023-06-22T00:00:00.000000,1,48.51,BUY
BAC,2023-06-23T00:00:00.000000,1,48.51,BUY
BAC,2023-06-26T00:00:00.000000,0,48.51,SELL
BAC,2023-06-27T00:00:00.000000,0,48.51,SELL
BAC,2023-06-28T00:00:00.000000,0,48.51,SELL
BAC,2023-06-29T00:00:00.000000,0,48.51,SELL
BAC,2023-06-30T00:00:00.000000,0,48.51,SELL
BAC,2023-07-03T00:00:00.000000,0,48.51,SELL
BAC,2023-07-05T00:00:00.000000,0,48.51,SELL
BAC,2023-07-06T00:00:00.000000,0,48.51,SELL
BAC,2023-07-07T00:00:00.000000,0,48.51,SELL
BAC,2023-07-10T00:00:00.000000,0,48.51,SELL
BAC,2023-07-11T00:00:00.000000,0,48.51,SELL
BAC,2023-07-12T00:00:00.000000,0,48.51,SELL
BAC,2023-07-13T00:00:00.000000,0,48.51,SELL
BAC,2023-07-14T00:00:00.000000,0,48.51,SELL
BAC,2023-07-17T00:00:00.000000,0,44.85,SELL
BAC,2023-07-18T00:00:00.000000,0,38.31,SELL
BAC,2023-07-19T00:00:00.000000,0,38.31,SELL
BAC,2023-07-20T00:00:00.000000,0,36.84,SELL
BAC,2023-07-21T00:00:00.000000,0,32.82,SELL
BAC,2023-07-24T00:00:00.000000,0,32.82,SELL
BAC,2023-07-25T00:00:00.000000,0,32.82,SELL
BAC,2023-07-26T00:00:00.000000,0,32.82,SELL
BAC,2023-07-27T00:00:00.000000,0,35.94,SELL
BAC,2023-07-28T00:00:00.000000,0,38.31,SELL
BAC,2023-07-31T00:00:00.000000,0,38.31,SELL
BAC,2023-08-01T00:00:00.000000,0,38.31,SELL
BAC,2023-08-02T00:00:00.000000,0,44.85,SELL
BAC,2023-08-03T00:00:00.000000,0,44.85,SELL
BAC,2023-08-04T00:00:00.000000,0,48.51,SELL
BAC,2023-08-07T00:00:00.000000,0,48.51,SELL
BAC,2023-08-08T00:00:00.000000,0,48.51,SELL
BAC,2023-08-09T00:00:00.000000,0,48.51,SELL
BAC,2023-08-10T00:00:00.000000,0,48.51,SELL
BAC,2023-08-11T00:00:00.000000,0,48.51,SELL
BAC,2023-08-14T00:00:00.000000,0,48.51,SELL
BAC,2023-08-15T00:00:00.000000,0,48.51,SELL
BAC,2023-08-16T00:00:00.000000,0,48.51,SELL
BAC,2023-08-17T00:00:00.000000,1,48.51,BUY
BAC,2023-08-18T00:00:00.000000,1,48.51,BUY
BAC,2023-08-21T00:00:00.000000,1,48.51,BUY
BAC,2023-08-22T00:00:00.000000,1,49.72,BUY
BAC,2023-08-23T00:00:00.000000,1,49.72,BUY
BAC,2023-08-24T00:00:00.000000,1,48.51,BUY
BAC,2023-08-25T00:00:00.000000,0,48.51,SELL
BAC,2023-08-28T00:00:00.000000,0,48.51,SELL
BAC,2023-08-29T00:00:00.000000,0,48.51,SELL
BAC,2023-08-30T00:00:00.000000,0,45.45,SELL
BAC,2023-08-31T00:00:00.000000,0,40.62,SELL
BAC,2023-09-01T00:00:00.000000,0,38.31,SELL
BAC,2023-09-05T00:00:00.000000,0,38.31,SELL
BAC,2023-09-06T00:00:00.000000,0,38.31,SELL
BAC,2023-09-07T00:00:00.000000,0,35.29,SELL
BAC,2023-09-08T00:00:00.000000,0,38.31,SELL
BAC,2023-09-11T00:00:00.000000,0,38.31,SELL
BAC,2023-09-12T00:00:00.000000,0,38.31,SELL
BAC,2023-09-13T00:00:00.000000,0,38.31,SELL
BAC,2023-09-14T00:00:00.000000,0,38.31,SELL
BAC,2023-09-15T00:00:00.000000,0,38.31,SELL
BAC,2023-09-18T00:00:00.000000,0,44.85,SELL
BAC,2023-09-19T00:00:00.000000,0,48.51,SELL
BAC,2023-09-20T00:00:00.000000,0,48.51,SELL
BAC,2023-09-21T00:00:00.000000,0,48.51,SELL
BAC,2023-09-22T00:00:00.000000,0,48.51,SELL
BAC,2023-09-25T00:00:00.000000,1,49.72,BUY
BAC,2023-09-26T00:00:00.000000,1,49.72,BUY
BAC,2023-09-27T00:00:00.000000,1,49.72,BUY
BAC,2023-09-28T00:00:00.000000,1,50.83,BUY
BAC,2023-09-29T00:00:00.000000,1,50.83,BUY
BAC,2023-10-02T00:00:00.000000,1,49.72,BUY
BAC,2023-10-03T00:00:00.000000,1,50.83,BUY
BAC,2023-10-04T00:00:00.000000,1,50.83,BUY
BAC,2023-10-05T00:00:00.000000,1,50.83,BUY
BAC,2023-10-06T00:00:00.000000,1,49.72,BUY
BAC,2023-10-09T00:00:00.000000,0,48.51,SELL
BAC,2023-10-10T00:00:00.000000,0,48.51,SELL
BAC,2023-10-11T00:00:00.000000,0,44.85,SELL
BAC,2023-10-12T00:00:00.000000,0,38.31,SELL
BAC,2023-10-13T00:00:00.000000,0,38.31,SELL
BAC,2023-10-16T00:00:00.000000,0,32.82,SELL
BAC,2023-10-17T00:00:00.000000,0,32.82,SELL
BAC,2023-10-18T00:00:00.000000,0,32.82,SELL
BAC,2023-10-19T00:00:00.000000,0,38.1,SELL
BAC,2023-10-20T00:00:00.000000,0,40.62,SELL
BAC,2023-10-23T00:00:00.000000,0,48.51,SELL
BAC,2023-10-24T00:00:00.000000,0,48.51,SELL
BAC,2023-10-25T00:00:00.000000,1,49.72,BUY
BAC,2023-10-26T00:00:00.000000,1,49.72,BUY
BAC,2023-10-27T00:00:00.000000,1,49.72,BUY
BAC,2023-10-30T00:00:00.000000,1,49.72,BUY
BAC,2023-10-31T00:00:00.000000,1,49.72,BUY
BAC,2023-11-01T00:00:00.000000,1,50.83,BUY
BAC,2023-11-02T00:00:00.000000,1,50.83,BUY
BAC,2023-11-03T00:00:00.000000,1,49.72,BUY
BAC,2023-11-06T00:00:00.000000,1,49.72,BUY
BAC,2023-11-07T00:00:00.000000,1,49.72,BUY
BAC,2023-11-08T00:00:00.000000,1,48.51,BUY
BAC,2023-11-09T00:00:00.000000,1,49.72,BUY
BAC,2023-11-10T00:00:00.000000,1,49.72,BUY
BAC,2023-11-13T00:00:00.000000,1,48.51,BUY
BAC,2023-11-14T00:00:00.000000,0,48.51,SELL
BAC,2023-11-15T00:00:00.000000,0,48.51,SELL
BAC,2023-11-16T00:00:00.000000,0,44.85,SELL
BAC,2023-11-17T00:00:00.000000,0,44.85,SELL
BAC,2023-11-20T00:00:00.000000,0,38.31,SELL
BAC,2023-11-21T00:00:00.000000,0,38.31,SELL
BAC,2023-11-22T00:00:00.000000,0,38.31,SELL
BAC,2023-11-24T00:00:00.000000,0,38.31,SELL
BAC,2023-11-27T00:00:00.000000,0,44.85,SELL
BAC,2023-11-28T00:00:00.000000,0,44.85,SELL
BAC,2023-11-29T00:00:00.000000,0,48.51,SELL
BAC,2023-11-30T00:00:00.000000,0,48.51,SELL
BAC,2023-12-01T00:00:00.000000,0,48.51,SELL
BAC,2023-12-04T00:00:00.000000,0,48.51,SELL
BAC,2023-12-05T00:00:00.000000,0,48.51,SELL
BAC,2023-12-06T00:00:00.000000,0,48.51,SELL
BAC,2023-12-07T00:00:00.000000,0,48.51,SELL
BAC,2023-12-08T00:00:00.000000,0,45.45,SELL
BAC,2023-12-11T00:00:00.000000,0,44.85,SELL
BAC,2023-12-12T00:00:00.000000,0,40.62,SELL
BAC,2023-12-13T00:00:00.000000,0,38.31,SELL
BAC,2023-12-14T00:00:00.000000,0,38.31,SELL
BAC,2023-12-15T00:00:00.000000,0,38.31,SELL
BAC,2023-12-18T00:00:00.000000,0,38.31,SELL
BAC,2023-12-19T00:00:00.000000,0,37.93,SELL
BAC,2023-12-20T00:00:00.000000,0,32.82,SELL
BAC,2023-12-21T00:00:00.000000,0,32.82,SELL
BAC,2023-12-22T00:00:00.000000,0,32.82,SELL
BAC,2023-12-26T00:00:00.000000,0,32.82,SELL
BAC,2023-12-27T00:00:00.000000,0,32.82,SELL
BAC,2023-12-28T00:00:00.000000,0,32.82,SELL
BAC,2023-12-29T00:00:00.000000,0,32.82,SELL
BAC,2024-01-02T00:00:00.000000,0,32.82,SELL
BAC,2024-01-03T00:00:00.000000,0,36.84,SELL
BAC,2024-01-04T00:00:00.000000,0,36.84,SELL
BAC,2024-01-05T00:00:00.000000,0,37.5,SELL
BAC,2024-01-08T00:00:00.000000,0,36.84,SELL
BAC,2024-01-09T00:00:00.000000,0,36.84,SELL
BAC,2024-01-10T00:00:00.000000,0,38.1,SELL
BAC,2024-01-11T00:00:00.000000,0,38.31,SELL
BAC,2024-01-12T00:00:00.000000,0,38.31,SELL
BAC,2024-01-16T00:00:00.000000,0,44.85,SELL
BAC,2024-01-17T00:00:00.000000,0,44.85,SELL
BAC,2024-01-18T00:00:00.000000,0,48.51,SELL
BAC,2024-01-19T00:00:00.000000,0,48.51,SELL
BAC,2024-01-22T00:00:00.000000,0,45.45,SELL
BAC,2024-01-23T00:00:00.000000,0,48.51,SELL
BAC,2024-01-24T00:00:00.000000,0,48.51,SELL
BAC,2024-01-25T00:00:00.000000,0,44.85,SELL
BAC,2024-01-26T00:00:00.000000,0,44.85,SELL
BAC,2024-01-29T00:00:00.000000,0,44.85,SELL
BAC,2024-01-30T00:00:00.000000,0,44.85,SELL
BAC,2024-01-31T00:00:00.000000,0,48.51,SELL
BAC,2024-02-01T00:00:00.000000,0,48.51,SELL
BAC,2024-02-02T00:00:00.000000,0,48.51,SELL
BAC,2024-02-05T00:00:00.000000,1,48.51,BUY
BAC,2024-02-06T00:00:00.000000,1,48.51,BUY
BAC,2024-02-07T00:00:00.000000,1,49.72,BUY
BAC,2024-02-08T00:00:00.000000,1,48.51,BUY
BAC,2024-02-09T00:00:00.000000,1,49.72,BUY
BAC,2024-02-12T00:00:00.000000,1,48.51,BUY
BAC,2024-02-13T00:00:00.000000,1,49.72,BUY
BAC,2024-02-14T00:00:00.000000,1,49.72,BUY
BAC,2024-02-15T00:00:00.000000,1,48.51,BUY
BAC,2024-02-16T00:00:00.000000,1,48.51,BUY
BAC,2024-02-20T00:00:00.000000,1,48.51,BUY
BAC,2024-02-21T00:00:00.000000,0,48.51,SELL
BAC,2024-02-22T00:00:00.000000,0,48.51,SELL
BAC,2024-02-23T00:00:00.000000,1,48.51,BUY
BAC,2024-02-26T00:00:00.000000,1,48.51,BUY
BAC,2024-02-27T00:00:00.000000,0,48.51,SELL
BAC,2024-02-28T00:00:00.000000,0,48.51,SELL
BAC,2024-02-29T00:00:00.000000,0,48.51,SELL
BAC,2024-03-01T00:00:00.000000,0,48.51,SELL
BAC,2024-03-04T00:00:00.000000,0,48.51,SELL
BAC,2024-03-05T00:00:00.000000,0,48.51,SELL
BAC,2024-03-06T00:00:00.000000,0,48.51,SELL
BAC,2024-03-07T00:00:00.000000,0,48.51,SELL
BAC,2024-03-08T00:00:00.000000,0,48.51,SELL
BAC,2024-03-11T00:00:00.000000,0,48.51,SELL
BAC,2024-03-12T00:00:00.000000,0,48.51,SELL
BAC,2024-03-13T00:00:00.000000,0,48.51,SELL
BAC,2024-03-14T00:00:00.000000,0,48.51,SELL
BAC,2024-03-15T00:00:00.000000,0,48.51,SELL
BAC,2024-03-18T00:00:00.000000,0,48.51,SELL
BAC,2024-03-19T00:00:00.000000,0,48.51,SELL
BAC,2024-03-20T00:00:00.000000,0,48.51,SELL
BAC,2024-03-21T00:00:00.000000,0,48.51,SELL
BAC,2024-03-22T00:00:00.000000,0,48.51,SELL
BAC,2024-03-25T00:00:00.000000,0,44.85,SELL
BAC,2024-03-26T00:00:00.000000,0,38.31,SELL
BAC,2024-03-27T00:00:00.000000,0,38.31,SELL
BAC,2024-03-28T00:00:00.000000,0,38.31,SELL
BAC,2024-04-01T00:00:00.000000,0,37.5,SELL
BAC,2024-04-02T00:00:00.000000,0,32.82,SELL
BAC,2024-04-03T00:00:00.000000,0,35.29,SELL
BAC,2024-04-04T00:00:00.000000,0,35.29,SELL
BAC,2024-04-05T00:00:00.000000,0,38.31,SELL
BAC,2024-04-08T00:00:00.000000,0,40.62,SELL
BAC,2024-04-09T00:00:00.000000,0,38.31,SELL
BAC,2024-04-10T00:00:00.000000,0,38.31,SELL
BAC,2024-04-11T00:00:00.000000,0,38.31,SELL
BAC,2024-04-12T00:00:00.000000,0,44.85,SELL
BAC,2024-04-15T00:00:00.000000,0,48.51,SELL
BAC,2024-04-16T00:00:00.000000,0,45.45,SELL
BAC,2024-04-17T00:00:00.000000,0,44.85,SELL
BAC,2024-04-18T00:00:00.000000,0,44.85,SELL
BAC,2024-04-19T00:00:00.000000,0,38.31,SELL
BAC,2024-04-22T00:00:00.000000,0,40.62,SELL
BAC,2024-04-23T00:00:00.000000,0,44.85,SELL
BAC,2024-04-24T00:00:00.000000,0,48.51,SELL
BAC,2024-04-25T00:00:00.000000,0,48.51,SELL
BAC,2024-04-26T00:00:00.000000,0,48.51,SELL
BAC,2024-04-29T00:00:00.000000,0,48.51,SELL
BAC,2024-04-30T00:00:00.000000,0,48.51,SELL
BAC,2024-05-01T00:00:00.000000,0,48.51,SELL
BAC,2024-05-02T00:00:00.000000,0,48.51,SELL
BAC,2024-05-03T00:00:00.000000,1,48.51,BUY
BAC,2024-05-06T00:00:00.000000,1,49.72,BUY
BAC,2024-05-07T00:00:00.000000,1,49.72,BUY
BAC,2024-05-08T00:00:00.000000,1,49.72,BUY
BAC,2024-05-09T00:00:00.000000,0,48.51,SELL
BAC,2024-05-10T00:00:00.000000,0,48.51,SELL
BAC,2024-05-13T00:00:00.000000,0,44.85,SELL
BAC,2024-05-14T00:00:00.000000,0,44.85,SELL
BAC,2024-05-15T00:00:00.000000,0,38.31,SELL
BAC,2024-05-16T00:00:00.000000,0,38.31,SELL
BAC,2024-05-17T00:00:00.000000,0,38.31,SELL
BAC,2024-05-20T00:00:00.000000,0,38.31,SELL
BAC,2024-05-21T00:00:00.000000,0,38.31,SELL
BAC,2024-05-22T00:00:00.000000,0,38.31,SELL
BAC,2024-05-23T00:00:00.000000,0,38.31,SELL
BAC,2024-05-24T00:00:00.000000,0,38.31,SELL
BAC,2024-05-28T00:00:00.000000,0,38.31,SELL
BAC,2024-05-29T00:00:00.000000,0,38.1,SELL
BAC,2024-05-30T00:00:00.000000,0,37.93,SELL
BAC,2024-05-31T00:00:00.000000,0,38.1,SELL
BAC,2024-06-03T00:00:00.000000,0,38.31,SELL
BAC,2024-06-04T00:00:00.000000,0,38.31,SELL
BAC,2024-06-05T00:00:00.000000,0,38.31,SELL
BAC,2024-06-06T00:00:00.000000,0,38.31,SELL
BAC,2024-06-07T00:00:00.000000,0,44.85,SELL
BAC,2024-06-10T00:00:00.000000,0,44.85,SELL
BAC,2024-06-11T00:00:00.000000,0,44.85,SELL
BAC,2024-06-12T00:00:00.000000,0,44.85,SELL
BAC,2024-06-13T00:00:00.000000,0,48.51,SELL
BAC,2024-06-14T00:00:00.000000,0,48.51,SELL
BAC,2024-06-17T00:00:00.000000,0,48.51,SELL
BAC,2024-06-18T00:00:00.000000,0,48.51,SELL
BAC,2024-06-20T00:00:00.000000,0,48.51,SELL
BAC,2024-06-21T00:00:00.000000,1,48.51,BUY
BAC,2024-06-24T00:00:00.000000,1,48.51,BUY
BAC,2024-06-25T00:00:00.000000,1,49.72,BUY
BAC,2024-06-26T00:00:00.000000,1,49.72,BUY
BAC,2024-06-27T00:00:00.000000,1,49.72,BUY
BAC,2024-06-28T00:00:00.000000,1,49.72,BUY
BAC,2024-07-01T00:00:00.000000,1,49.72,BUY
BAC,2024-07-02T00:00:00.000000,1,49.72,BUY
BAC,2024-07-03T00:00:00.000000,1,49.72,BUY
BAC,2024-07-05T00:00:00.000000,1,48.51,BUY
BAC,2024-07-08T00:00:00.000000,0,48.51,SELL
BAC,2024-07-09T00:00:00.000000,0,48.51,SELL
BAC,2024-07-10T00:00:00.000000,0,48.51,SELL
BAC,2024-07-11T00:00:00.000000,0,48.51,SELL
BAC,2024-07-12T00:00:00.000000,0,48.51,SELL
BAC,2024-07-15T00:00:00.000000,0,44.85,SELL
BAC,2024-07-16T00:00:00.000000,0,44.85,SELL
BAC,2024-07-17T00:00:00.000000,0,44.85,SELL
BAC,2024-07-18T00:00:00.000000,0,44.85,SELL
BAC,2024-07-19T00:00:00.000000,0,38.31,SELL
BAC,2024-07-22T00:00:00.000000,0,38.31,SELL
BAC,2024-07-23T00:00:00.000000,0,38.31,SELL
BAC,2024-07-24T00:00:00.000000,0,38.31,SELL
BAC,2024-07-25T00:00:00.000000,0,40.62,SELL
BAC,2024-07-26T00:00:00.000000,0,44.85,SELL
BAC,2024-07-29T00:00:00.000000,0,48.51,SELL
BAC,2024-07-30T00:00:00.000000,0,48.51,SELL
BAC,2024-07-31T00:00:00.000000,1,48.51,BUY
BAC,2024-08-01T00:00:00.000000,1,49.72,BUY
BAC,2024-08-02T00:00:00.000000,1,49.72,BUY
BAC,2024-08-05T00:00:00.000000,1,49.72,BUY
BAC,2024-08-06T00:00:00.000000,1,49.72,BUY
BAC,2024-08-07T00:00:00.000000,1,49.72,BUY
BAC,2024-08-08T00:00:00.000000,1,48.51,BUY
BAC,2024-08-09T00:00:00.000000,0,48.51,SELL
BAC,2024-08-12T00:00:00.000000,0,48.51,SELL
BAC,2024-08-13T00:00:00.000000,0,48.51,SELL
BAC,2024-08-14T00:00:00.000000,0,44.85,SELL
BAC,2024-08-15T00:00:00.000000,0,40.62,SELL
BAC,2024-08-16T00:00:00.000000,0,38.31,SELL
BAC,2024-08-19T00:00:00.000000,0,38.31,SELL
BAC,2024-08-20T00:00:00.000000,0,38.31,SELL
BAC,2024-08-21T00:00:00.000000,0,38.31,SELL
BAC,2024-08-22T00:00:00.000000,0,32.82,SELL
BAC,2024-08-23T00:00:00.000000,0,32.82,SELL
BAC,2024-08-26T00:00:00.000000,0,32.82,SELL
BAC,2024-08-27T00:00:00.000000,0,32.82,SELL
BAC,2024-08-28T00:00:00.000000,0,32.82,SELL
BAC,2024-08-29T00:00:00.000000,0,32.82,SELL
BAC,2024-08-30T00:00:00.000000,0,36.84,SELL
BAC,2024-09-03T00:00:00.000000,0,38.31,SELL
BAC,2024-09-04T00:00:00.000000,0,44.85,SELL
BAC,2024-09-05T00:00:00.000000,0,48.51,SELL
BAC,2024-09-06T00:00:00.000000,0,48.51,SELL
BAC,2024-09-09T00:00:00.000000,0,48.51,SELL
BAC,2024-09-10T00:00:00.000000,0,48.51,SELL
BAC,2024-09-11T00:00:00.000000,1,48.51,BUY
BAC,2024-09-12T00:00:00.000000,1,48.51,BUY
BAC,2024-09-13T00:00:00.000000,1,48.51,BUY
BAC,2024-09-16T00:00:00.000000,1,49.72,BUY
BAC,2024-09-17T00:00:00.000000,1,49.72,BUY
BAC,2024-09-18T00:00:00.000000,1,49.72,BUY
BAC,2024-09-19T00:00:00.000000,1,48.51,BUY
BAC,2024-09-20T00:00:00.000000,0,48.51,SELL
BAC,2024-09-23T00:00:00.000000,0,48.51,SELL
BAC,2024-09-24T00:00:00.000000,0,48.51,SELL
BAC,2024-09-25T00:00:00.000000,0,48.51,SELL
BAC,2024-09-26T00:00:00.000000,0,48.51,SELL
BAC,2024-09-27T00:00:00.000000,0,48.51,SELL
BAC,2024-09-30T00:00:00.000000,0,48.51,SELL
BAC,2024-10-01T00:00:00.000000,0,48.51,SELL
BAC,2024-10-02T00:00:00.000000,0,48.51,SELL
BAC,2024-10-03T00:00:00.000000,0,44.85,SELL
BAC,2024-10-04T00:00:00.000000,0,44.85,SELL
BAC,2024-10-07T00:00:00.000000,0,38.31,SELL
BAC,2024-10-08T00:00:00.000000,0,38.31,SELL
BAC,2024-10-09T00:00:00.000000,0,38.31,SELL
BAC,2024-10-10T00:00:00.000000,0,38.31,SELL
BAC,2024-10-11T00:00:00.000000,0,38.31,SELL
BAC,2024-10-14T00:00:00.000000,0,38.31,SELL
BAC,2024-10-15T00:00:00.000000,0,38.31,SELL
BAC,2024-10-16T00:00:00.000000,0,38.31,SELL
BAC,2024-10-17T00:00:00.000000,0,38.1,SELL
BAC,2024-10-18T00:00:00.000000,0,38.31,SELL
BAC,2024-10-21T00:00:00.000000,0,38.31,SELL
BAC,2024-10-22T00:00:00.000000,0,38.31,SELL
BAC,2024-10-23T00:00:00.000000,0,38.31,SELL
BAC,2024-10-24T00:00:00.000000,0,38.31,SELL
BAC,2024-10-25T00:00:00.000000,0,38.31,SELL
BAC,2024-10-28T00:00:00.000000,0,44.85,SELL
BAC,2024-10-29T00:00:00.000000,0,45.45,SELL
BAC,2024-10-30T00:00:00.000000,0,44.85,SELL
BAC,2024-10-31T00:00:00.000000,0,48.51,SELL
BAC,2024-11-01T00:00:00.000000,0,48.51,SELL
BAC,2024-11-04T00:00:00.000000,0,48.51,SELL
BAC,2024-11-05T00:00:00.000000,0,48.51,SELL
BAC,2024-11-06T00:00:00.000000,0,48.51,SELL
BAC,2024-11-07T00:00:00.000000,0,48.51,SELL
BAC,2024-11-08T00:00:00.000000,0,48.51,SELL
BAC,2024-11-11T00:00:00.000000,0,38.31,SELL
BAC,2024-11-12T00:00:00.000000,0,38.31,SELL
BAC,2024-11-13T00:00:00.000000,0,38.31,SELL
BAC,2024-11-14T00:00:00.000000,0,38.31,SELL
BAC,2024-11-15T00:00:00.000000,0,38.1,SELL
BAC,2024-11-18T00:00:00.000000,0,35.29,SELL
BAC,2024-11-19T00:00:00.000000,0,32.82,SELL
BAC,2024-11-20T00:00:00.000000,0,35.29,SELL
BAC,2024-11-21T00:00:00.000000,0,38.31,SELL
BAC,2024-11-22T00:00:00.000000,0,38.31,SELL
BAC,2024-11-25T00:00:00.000000,0,38.31,SELL
BAC,2024-11-26T00:00:00.000000,0,38.31,SELL
BAC,2024-11-27T00:00:00.000000,0,38.31,SELL
BAC,2024-11-29T00:00:00.000000,0,38.31,SELL
BAC,2024-12-02T00:00:00.000000,0,38.31,SELL
BAC,2024-12-03T00:00:00.000000,0,38.31,SELL
BAC,2024-12-04T00:00:00.000000,0,38.31,SELL
BAC,2024-12-05T00:00:00.000000,0,38.31,SELL
BAC,2024-12-06T00:00:00.000000,0,37.5,SELL
BAC,2024-12-09T00:00:00.000000,0,32.82,SELL
BAC,2024-12-10T00:00:00.000000,0,38.1,SELL
BAC,2024-12-11T00:00:00.000000,0,38.31,SELL
BAC,2024-12-12T00:00:00.000000,0,38.31,SELL
BAC,2024-12-13T00:00:00.000000,0,38.31,SELL
BAC,2024-12-16T00:00:00.000000,0,38.31,SELL
BAC,2024-12-17T00:00:00.000000,0,38.31,SELL
BAC,2024-12-18T00:00:00.000000,0,38.31,SELL
BAC,2024-12-19T00:00:00.000000,0,38.31,SELL
BAC,2024-12-20T00:00:00.000000,0,44.85,SELL
C,2023-02-21T00:00:00.000000,1,49.72,BUY
C,2023-02-22T00:00:00.000000,1,49.72,BUY
C,2023-02-23T00:00:00.000000,1,49.72,BUY
C,2023-02-24T00:00:00.000000,1,49.72,BUY
C,2023-02-27T00:00:00.000000,1,49.72,BUY
C,2023-02-28T00:00:00.000000,1,49.72,BUY
C,2023-03-01T00:00:00.000000,1,49.72,BUY
C,2023-03-02T00:00:00.000000,1,49.72,BUY
C,2023-03-03T00:00:00.000000,1,49.72,BUY
C,2023-03-06T00:00:00.000000,1,49.72,BUY
C,2023-03-07T00:00:00.000000,1,49.72,BUY
C,2023-03-08T00:00:00.000000,1,49.72,BUY
C,2023-03-09T00:00:00.000000,1,49.72,BUY
C,2023-03-10T00:00:00.000000,1,49.72,BUY
C,2023-03-13T00:00:00.000000,1,49.72,BUY
C,2023-03-14T00:00:00.000000,1,49.72,BUY
C,2023-03-15T00:00:00.000000,1,49.72,BUY
C,2023-03-16T00:00:00.000000,1,48.51,BUY
C,2023-03-17T00:00:00.000000,0,48.51,SELL
C,2023-03-20T00:00:00.000000,1,48.51,BUY
C,2023-03-21T00:00:00.000000,0,48.51,SELL
C,2023-03-22T00:00:00.000000,0,44.85,SELL
C,2023-03-23T00:00:00.000000,0,38.31,SELL
C,2023-03-24T00:00:00.000000,0,38.31,SELL
C,2023-03-27T00:00:00.000000,0,38.1,SELL
C,2023-03-28T00:00:00.000000,0,36.84,SELL
C,2023-03-29T00:00:00.000000,0,36.84,SELL
C,2023-03-30T00:00:00.000000,0,38.31,SELL
C,2023-03-31T00:00:00.000000,0,44.85,SELL
C,2023-04-03T00:00:00.000000,0,44.85,SELL
C,2023-04-04T00:00:00.000000,0,44.85,SELL
C,2023-04-05T00:00:00.000000,0,44.85,SELL
C,2023-04-06T00:00:00.000000,0,38.31,SELL
C,2023-04-10T00:00:00.000000,0,38.31,SELL
C,2023-04-11T00:00:00.000000,0,38.31,SELL
C,2023-04-12T00:00:00.000000,0,38.31,SELL
C,2023-04-13T00:00:00.000000,0,40.62,SELL
C,2023-04-14T00:00:00.000000,0,44.85,SELL
C,2023-04-17T00:00:00.000000,0,44.85,SELL
C,2023-04-18T00:00:00.000000,0,48.51,SELL
C,2023-04-19T00:00:00.000000,0,48.51,SELL
C,2023-04-20T00:00:00.000000,0,48.51,SELL
C,2023-04-21T00:00:00.000000,0,48.51,SELL
C,2023-04-24T00:00:00.000000,1,48.51,BUY
C,2023-04-25T00:00:00.000000,1,49.72,BUY
C,2023-04-26T00:00:00.000000,1,49.72,BUY
C,2023-04-27T00:00:00.000000,1,49.72,BUY
C,2023-04-28T00:00:00.000000,1,49.72,BUY
C,2023-05-01T00:00:00.000000,1,49.72,BUY
C,2023-05-02T00:00:00.000000,1,49.72,BUY
C,2023-05-03T00:00:00.000000,1,49.72,BUY
C,2023-05-04T00:00:00.000000,1,49.72,BUY
C,2023-05-05T00:00:00.000000,1,49.72,BUY
C,2023-05-08T00:00:00.000000,1,49.72,BUY
C,2023-05-09T00:00:00.000000,1,49.72,BUY
C,2023-05-10T00:00:00.000000,0,48.51,SELL
C,2023-05-11T00:00:00.000000,0,48.51,SELL
C,2023-05-12T00:00:00.000000,0,48.51,SELL
C,2023-05-15T00:00:00.000000,1,48.51,BUY
C,2023-05-16T00:00:00.000000,0,48.51,SELL
C,2023-05-17T00:00:00.000000,1,48.51,BUY
C,2023-05-18T00:00:00.000000,0,48.51,SELL
C,2023-05-19T00:00:00.000000,0,48.51,SELL
C,2023-05-22T00:00:00.000000,1,48.51,BUY
C,2023-05-23T00:00:00.000000,0,48.51,SELL
C,2023-05-24T00:00:00.000000,1,48.51,BUY
C,2023-05-25T00:00:00.000000,1,48.51,BUY
C,2023-05-26T00:00:00.000000,1,49.72,BUY
C,2023-05-30T00:00:00.000000,0,48.51,SELL
C,2023-05-31T00:00:00.000000,0,48.51,SELL
C,2023-06-01T00:00:00.000000,0,44.85,SELL
C,2023-06-02T00:00:00.000000,0,44.85,SELL
C,2023-06-05T00:00:00.000000,0,44.85,SELL
C,2023-06-06T00:00:00.000000,0,38.31,SELL
C,2023-06-07T00:00:00.000000,0,38.31,SELL
C,2023-06-08T00:00:00.000000,0,38.1,SELL
C,2023-06-09T00:00:00.000000,0,38.31,SELL
C,2023-06-12T00:00:00.000000,0,38.31,SELL
C,2023-06-13T00:00:00.000000,0,44.85,SELL
C,2023-06-14T00:00:00.000000,0,45.45,SELL
C,2023-06-15T00:00:00.000000,0,48.51,SELL
C,2023-06-16T00:00:00.000000,0,48.51,SELL
C,2023-06-20T00:00:00.000000,0,48.51,SELL
C,2023-06-21T00:00:00.000000,0,48.51,SELL
C,2023-06-22T00:00:00.000000,0,48.51,SELL
C,2023-06-23T00:00:00.000000,0,48.51,SELL
C,2023-06-26T00:00:00.000000,0,48.51,SELL
C,2023-06-27T00:00:00.000000,0,48.51,SELL
C,2023-06-28T00:00:00.000000,0,48.51,SELL
C,2023-06-29T00:00:00.000000,0,48.51,SELL
C,2023-06-30T00:00:00.000000,0,48.51,SELL
C,2023-07-03T00:00:00.000000,1,48.51,BUY
C,2023-07-05T00:00:00.000000,0,48.51,SELL
C,2023-07-06T00:00:00.000000,0,48.51,SELL
C,2023-07-07T00:00:00.000000,0,48.51,SELL
C,2023-07-10T00:00:00.000000,0,48.51,SELL
C,2023-07-11T00:00:00.000000,0,44.85,SELL
C,2023-07-12T00:00:00.000000,0,38.31,SELL
C,2023-07-13T00:00:00.000000,0,44.85,SELL
C,2023-07-14T00:00:00.000000,0,44.85,SELL
C,2023-07-17T00:00:00.000000,0,44.85,SELL
C,2023-07-18T00:00:00.000000,0,38.31,SELL
C,2023-07-19T00:00:00.000000,0,38.31,SELL
C,2023-07-20T00:00:00.000000,0,38.31,SELL
C,2023-07-21T00:00:00.000000,0,38.31,SELL
C,2023-07-24T00:00:00.000000,0,36.84,SELL
C,2023-07-25T00:00:00.000000,0,32.82,SELL
C,2023-07-26T00:00:00.000000,0,32.82,SELL
C,2023-07-27T00:00:00.000000,0,32.82,SELL
C,2023-07-28T00:00:00.000000,0,32.82,SELL
C,2023-07-31T00:00:00.000000,0,32.82,SELL
C,2023-08-01T00:00:00.000000,0,32.82,SELL
C,2023-08-02T00:00:00.000000,0,32.82,SELL
C,2023-08-03T00:00:00.000000,0,32.82,SELL
C,2023-08-04T00:00:00.000000,0,36.84,SELL
C,2023-08-07T00:00:00.000000,0,37.14,SELL
C,2023-08-08T00:00:00.000000,0,38.31,SELL
C,2023-08-09T00:00:00.000000,0,38.31,SELL
C,2023-08-10T00:00:00.000000,0,38.31,SELL
C,2023-08-11T00:00:00.000000,0,38.31,SELL
C,2023-08-14T00:00:00.000000,0,38.31,SELL
C,2023-08-15T00:00:00.000000,0,38.31,SELL
C,2023-08-16T00:00:00.000000,0,38.31,SELL
C,2023-08-17T00:00:00.000000,0,38.31,SELL
C,2023-08-18T00:00:00.000000,0,44.85,SELL
C,2023-08-21T00:00:00.000000,0,44.85,SELL
C,2023-08-22T00:00:00.000000,0,44.85,SELL
C,2023-08-23T00:00:00.000000,0,48.51,SELL
C,2023-08-24T00:00:00.000000,0,48.51,SELL
C,2023-08-25T00:00:00.000000,0,48.51,SELL
C,2023-08-28T00:00:00.000000,0,48.51,SELL
C,2023-08-29T00:00:00.000000,0,48.51,SELL
C,2023-08-30T00:00:00.000000,0,44.85,SELL
C,2023-08-31T00:00:00.000000,0,38.31,SELL
C,2023-09-01T00:00:00.000000,0,38.31,SELL
C,2023-09-05T00:00:00.000000,0,32.82,SELL
C,2023-09-06T00:00:00.000000,0,32.82,SELL
C,2023-09-07T00:00:00.000000,0,32.82,SELL
C,2023-09-08T00:00:00.000000,0,32.82,SELL
C,2023-09-11T00:00:00.000000,0,32.82,SELL
C,2023-09-12T00:00:00.000000,0,32.82,SELL
C,2023-09-13T00:00:00.000000,0,32.82,SELL
C,2023-09-14T00:00:00.000000,0,32.82,SELL
C,2023-09-15T00:00:00.000000,0,36.84,SELL
C,2023-09-18T00:00:00.000000,0,38.31,SELL
C,2023-09-19T00:00:00.000000,0,44.85,SELL
C,2023-09-20T00:00:00.000000,0,48.51,SELL
C,2023-09-21T00:00:00.000000,0,48.51,SELL
C,2023-09-22T00:00:00.000000,1,48.51,BUY
C,2023-09-25T00:00:00.000000,1,49.72,BUY
C,2023-09-26T00:00:00.000000,1,49.72,BUY
C,2023-09-27T00:00:00.000000,1,50.83,BUY
C,2023-09-28T00:00:00.000000,1,50.83,BUY
C,2023-09-29T00:00:00.000000,1,50.83,BUY
C,2023-10-02T00:00:00.000000,1,50.83,BUY
C,2023-10-03T00:00:00.000000,1,50.83,BUY
C,2023-10-04T00:00:00.000000,1,50.83,BUY
C,2023-10-05T00:00:00.000000,1,50.83,BUY
C,2023-10-06T00:00:00.000000,1,49.72,BUY
C,2023-10-09T00:00:00.000000,1,49.72,BUY
C,2023-10-10T00:00:00.000000,1,49.72,BUY
C,2023-10-11T00:00:00.000000,1,48.51,BUY
C,2023-10-12T00:00:00.000000,1,48.51,BUY
C,2023-10-13T00:00:00.000000,1,48.51,BUY
C,2023-10-16T00:00:00.000000,1,48.51,BUY
C,2023-10-17T00:00:00.000000,0,48.51,SELL
C,2023-10-18T00:00:00.000000,0,48.51,SELL
C,2023-10-19T00:00:00.000000,0,48.51,SELL
C,2023-10-20T00:00:00.000000,1,48.51,BUY
C,2023-10-23T00:00:00.000000,1,49.72,BUY
C,2023-10-24T00:00:00.000000,1,49.72,BUY
C,2023-10-25T00:00:00.000000,1,49.72,BUY
C,2023-10-26T00:00:00.000000,1,49.72,BUY
C,2023-10-27T00:00:00.000000,1,49.72,BUY
C,2023-10-30T00:00:00.000000,1,49.72,BUY
C,2023-10-31T00:00:00.000000,1,49.72,BUY
C,2023-11-01T00:00:00.000000,1,49.72,BUY
C,2023-11-02T00:00:00.000000,1,49.72,BUY
C,2023-11-03T00:00:00.000000,1,49.72,BUY
C,2023-11-06T00:00:00.000000,1,49.72,BUY
C,2023-11-07T00:00:00.000000,0,48.51,SELL
C,2023-11-08T00:00:00.000000,0,48.51,SELL
C,2023-11-09T00:00:00.000000,0,48.51,SELL
C,2023-11-10T00:00:00.000000,0,48.51,SELL
C,2023-11-13T00:00:00.000000,0,44.85,SELL
C,2023-11-14T00:00:00.000000,0,44.85,SELL
C,2023-11-15T00:00:00.000000,0,38.31,SELL
C,2023-11-16T00:00:00.000000,0,38.31,SELL
C,2023-11-17T00:00:00.000000,0,38.31,SELL
C,2023-11-20T00:00:00.000000,0,38.31,SELL
C,2023-11-21T00:00:00.000000,0,38.31,SELL
C,2023-11-22T00:00:00.000000,0,38.31,SELL
C,2023-11-24T00:00:00.000000,0,38.31,SELL
C,2023-11-27T00:00:00.000000,0,38.31,SELL
C,2023-11-28T00:00:00.000000,0,38.31,SELL
C,2023-11-29T00:00:00.000000,0,44.85,SELL
C,2023-11-30T00:00:00.000000,0,48.51,SELL
C,2023-12-01T00:00:00.000000,0,48.51,SELL
C,2023-12-04T00:00:00.000000,0,48.51,SELL
C,2023-12-05T00:00:00.000000,0,48.51,SELL
C,2023-12-06T00:00:00.000000,0,48.51,SELL
C,2023-12-07T00:00:00.000000,0,48.51,SELL
C,2023-12-08T00:00:00.000000,0,44.85,SELL
C,2023-12-11T00:00:00.000000,0,38.31,SELL
C,2023-12-12T00:00:00.000000,0,38.31,SELL
C,2023-12-13T00:00:00.000000,0,38.31,SELL
C,2023-12-14T00:00:00.000000,0,38.1,SELL
C,2023-12-15T00:00:00.000000,0,32.82,SELL
C,2023-12-18T00:00:00.000000,0,32.82,SELL
C,2023-12-19T00:00:00.000000,0,32.82,SELL
C,2023-12-20T00:00:00.000000,0,32.82,SELL
C,2023-12-21T00:00:00.000000,0,32.82,SELL
C,2023-12-22T00:00:00.000000,0,32.82,SELL
C,2023-12-26T00:00:00.000000,0,29.5,SELL
C,2023-12-27T00:00:00.000000,0,7.69,SELL
C,2023-12-28T00:00:00.000000,0,7.69,SELL
C,2023-12-29T00:00:00.000000,0,7.69,SELL
C,2024-01-02T00:00:00.000000,0,7.69,SELL
C,2024-01-03T00:00:00.000000,0,7.69,SELL
C,2024-01-04T00:00:00.000000,0,7.69,SELL
C,2024-01-05T00:00:00.000000,0,7.69,SELL
C,2024-01-08T00:00:00.000000,0,7.69,SELL
C,2024-01-09T00:00:00.000000,0,32.82,SELL
C,2024-01-10T00:00:00.000000,0,32.82,SELL
C,2024-01-11T00:00:00.000000,0,32.82,SELL
C,2024-01-12T00:00:00.000000,0,32.82,SELL
C,2024-01-16T00:00:00.000000,0,32.82,SELL
C,2024-01-17T00:00:00.000000,0,36.84,SELL
C,2024-01-18T00:00:00.000000,0,38.31,SELL
C,2024-01-19T00:00:00.000000,0,38.31,SELL
C,2024-01-22T00:00:00.000000,0,44.85,SELL
C,2024-01-23T00:00:00.000000,0,44.85,SELL
C,2024-01-24T00:00:00.000000,0,48.51,SELL
C,2024-01-25T00:00:00.000000,0,48.51,SELL
C,2024-01-26T00:00:00.000000,0,48.51,SELL
C,2024-01-29T00:00:00.000000,0,48.51,SELL
C,2024-01-30T00:00:00.000000,0,48.51,SELL
C,2024-01-31T00:00:00.000000,0,48.51,SELL
C,2024-02-01T00:00:00.000000,0,48.51,SELL
C,2024-02-02T00:00:00.000000,0,44.85,SELL
C,2024-02-05T00:00:00.000000,0,45.45,SELL
C,2024-02-06T00:00:00.000000,0,48.51,SELL
C,2024-02-07T00:00:00.000000,0,48.51,SELL
C,2024-02-08T00:00:00.000000,0,48.51,SELL
C,2024-02-09T00:00:00.000000,0,48.51,SELL
C,2024-02-12T00:00:00.000000,0,48.51,SELL
C,2024-02-13T00:00:00.000000,0,48.51,SELL
C,2024-02-14T00:00:00.000000,0,48.51,SELL
C,2024-02-15T00:00:00.000000,1,48.51,BUY
C,2024-02-16T00:00:00.000000,1,48.51,BUY
C,2024-02-20T00:00:00.000000,1,48.51,BUY
C,2024-02-21T00:00:00.000000,0,48.51,SELL
C,2024-02-22T00:00:00.000000,0,48.51,SELL
C,2024-02-23T00:00:00.000000,0,48.51,SELL
C,2024-02-26T00:00:00.000000,0,48.51,SELL
C,2024-02-27T00:00:00.000000,0,48.51,SELL
C,2024-02-28T00:00:00.000000,0,48.51,SELL
C,2024-02-29T00:00:00.000000,0,48.51,SELL
C,2024-03-01T00:00:00.000000,0,48.51,SELL
C,2024-03-04T00:00:00.000000,0,48.51,SELL
C,2024-03-05T00:00:00.000000,0,48.51,SELL
C,2024-03-06T00:00:00.000000,0,48.51,SELL
C,2024-03-07T00:00:00.000000,0,48.51,SELL
C,2024-03-08T00:00:00.000000,0,45.45,SELL
C,2024-03-11T00:00:00.000000,0,44.85,SELL
C,2024-03-12T00:00:00.000000,0,38.31,SELL
C,2024-03-13T00:00:00.000000,0,38.31,SELL
C,2024-03-14T00:00:00.000000,0,38.31,SELL
C,2024-03-15T00:00:00.000000,0,38.31,SELL
C,2024-03-18T00:00:00.000000,0,38.31,SELL
C,2024-03-19T00:00:00.000000,0,38.31,SELL
C,2024-03-20T00:00:00.000000,0,38.31,SELL
C,2024-03-21T00:00:00.000000,0,38.31,SELL
C,2024-03-22T00:00:00.000000,0,38.31,SELL
C,2024-03-25T00:00:00.000000,0,38.1,SELL
C,2024-03-26T00:00:00.000000,0,38.1,SELL
C,2024-03-27T00:00:00.000000,0,38.1,SELL
C,2024-03-28T00:00:00.000000,0,38.1,SELL
C,2024-04-01T00:00:00.000000,0,38.31,SELL
C,2024-04-02T00:00:00.000000,0,38.31,SELL
C,2024-04-03T00:00:00.000000,0,38.31,SELL
C,2024-04-04T00:00:00.000000,0,44.85,SELL
C,2024-04-05T00:00:00.000000,0,48.51,SELL
C,2024-04-08T00:00:00.000000,0,48.51,SELL
C,2024-04-09T00:00:00.000000,0,48.51,SELL
C,2024-04-10T00:00:00.000000,0,48.51,SELL
C,2024-04-11T00:00:00.000000,0,48.51,SELL
C,2024-04-12T00:00:00.000000,0,48.51,SELL
C,2024-04-15T00:00:00.000000,1,48.51,BUY
C,2024-04-16T00:00:00.000000,1,48.51,BUY
C,2024-04-17T00:00:00.000000,0,48.51,SELL
C,2024-04-18T00:00:00.000000,0,48.51,SELL
C,2024-04-19T00:00:00.000000,0,48.51,SELL
C,2024-04-22T00:00:00.000000,0,48.51,SELL
C,2024-04-23T00:00:00.000000,0,48.51,SELL
C,2024-04-24T00:00:00.000000,0,48.51,SELL
C,2024-04-25T00:00:00.000000,0,48.51,SELL
C,2024-04-26T00:00:00.000000,1,49.72,BUY
C,2024-04-29T00:00:00.000000,1,49.72,BUY
C,2024-04-30T00:00:00.000000,1,49.72,BUY
C,2024-05-01T00:00:00.000000,1,48.51,BUY
C,2024-05-02T00:00:00.000000,1,48.51,BUY
C,2024-05-03T00:00:00.000000,0,48.51,SELL
C,2024-05-06T00:00:00.000000,0,48.51,SELL
C,2024-05-07T00:00:00.000000,1,48.51,BUY
C,2024-05-08T00:00:00.000000,0,48.51,SELL
C,2024-05-09T00:00:00.000000,0,48.51,SELL
C,2024-05-10T00:00:00.000000,0,44.85,SELL
C,2024-05-13T00:00:00.000000,0,38.31,SELL
C,2024-05-14T00:00:00.000000,0,38.31,SELL
C,2024-05-15T00:00:00.000000,0,37.5,SELL
C,2024-05-16T00:00:00.000000,0,32.82,SELL
C,2024-05-17T00:00:00.000000,0,36.84,SELL
C,2024-05-20T00:00:00.000000,0,38.31,SELL
C,2024-05-21T00:00:00.000000,0,38.31,SELL
C,2024-05-22T00:00:00.000000,0,38.31,SELL
C,2024-05-23T00:00:00.000000,0,38.31,SELL
C,2024-05-24T00:00:00.000000,0,40.62,SELL
C,2024-05-28T00:00:00.000000,0,38.31,SELL
C,2024-05-29T00:00:00.000000,0,38.31,SELL
C,2024-05-30T00:00:00.000000,0,38.31,SELL
C,2024-05-31T00:00:00.000000,0,44.85,SELL
C,2024-06-03T00:00:00.000000,0,44.85,SELL
C,2024-06-04T00:00:00.000000,0,45.45,SELL
C,2024-06-05T00:00:00.000000,0,44.85,SELL
C,2024-06-06T00:00:00.000000,0,48.51,SELL
C,2024-06-07T00:00:00.000000,0,48.51,SELL
C,2024-06-10T00:00:00.000000,0,48.51,SELL
C,2024-06-11T00:00:00.000000,0,48.51,SELL
C,2024-06-12T00:00:00.000000,0,44.85,SELL
C,2024-06-13T00:00:00.000000,0,48.51,SELL
C,2024-06-14T00:00:00.000000,0,44.85,SELL
C,2024-06-17T00:00:00.000000,0,44.85,SELL
C,2024-06-18T00:00:00.000000,0,40.54,SELL
C,2024-06-20T00:00:00.000000,0,38.31,SELL
C,2024-06-21T00:00:00.000000,0,38.31,SELL
C,2024-06-24T00:00:00.000000,0,43.64,SELL
C,2024-06-25T00:00:00.000000,0,38.31,SELL
C,2024-06-26T00:00:00.000000,0,38.31,SELL
C,2024-06-27T00:00:00.000000,0,38.31,SELL
C,2024-06-28T00:00:00.000000,0,38.31,SELL
C,2024-07-01T00:00:00.000000,0,38.31,SELL
C,2024-07-02T00:00:00.000000,0,45.45,SELL
C,2024-07-03T00:00:00.000000,0,48.51,SELL
C,2024-07-05T00:00:00.000000,0,48.51,SELL
C,2024-07-08T00:00:00.000000,0,48.51,SELL
C,2024-07-09T00:00:00.000000,0,48.51,SELL
C,2024-07-10T00:00:00.000000,0,48.51,SELL
C,2024-07-11T00:00:00.000000,0,48.51,SELL
C,2024-07-12T00:00:00.000000,0,48.51,SELL
C,2024-07-15T00:00:00.000000,0,48.51,SELL
C,2024-07-16T00:00:00.000000,0,48.51,SELL
C,2024-07-17T00:00:00.000000,0,48.51,SELL
C,2024-07-18T00:00:00.000000,1,48.51,BUY
C,2024-07-19T00:00:00.000000,1,48.51,BUY
C,2024-07-22T00:00:00.000000,1,49.72,BUY
C,2024-07-23T00:00:00.000000,1,49.72,BUY
C,2024-07-24T00:00:00.000000,1,49.72,BUY
C,2024-07-25T00:00:00.000000,1,49.72,BUY
C,2024-07-26T00:00:00.000000,1,49.72,BUY
C,2024-07-29T00:00:00.000000,1,49.72,BUY
C,2024-07-30T00:00:00.000000,1,49.72,BUY
C,2024-07-31T00:00:00.000000,1,49.72,BUY
C,2024-08-01T00:00:00.000000,1,49.72,BUY
C,2024-08-02T00:00:00.000000,1,49.72,BUY
C,2024-08-05T00:00:00.000000,1,49.72,BUY
C,2024-08-06T00:00:00.000000,1,49.72,BUY
C,2024-08-07T00:00:00.000000,1,49.72,BUY
C,2024-08-08T00:00:00.000000,1,49.72,BUY
C,2024-08-09T00:00:00.000000,1,48.51,BUY
C,2024-08-12T00:00:00.000000,1,49.72,BUY
C,2024-08-13T00:00:00.000000,1,48.51,BUY
C,2024-08-14T00:00:00.000000,1,48.51,BUY
C,2024-08-15T00:00:00.000000,0,48.51,SELL
C,2024-08-16T00:00:00.000000,0,48.51,SELL
C,2024-08-19T00:00:00.000000,0,48.51,SELL
C,2024-08-20T00:00:00.000000,0,48.51,SELL
C,2024-08-21T00:00:00.000000,0,44.85,SELL
C,2024-08-22T00:00:00.000000,0,38.31,SELL
C,2024-08-23T00:00:00.000000,0,38.31,SELL
C,2024-08-26T00:00:00.000000,0,38.31,SELL
C,2024-08-27T00:00:00.000000,0,38.31,SELL
C,2024-08-28T00:00:00.000000,0,38.31,SELL
C,2024-08-29T00:00:00.000000,0,44.85,SELL
C,2024-08-30T00:00:00.000000,0,44.85,SELL
C,2024-09-03T00:00:00.000000,0,48.51,SELL
C,2024-09-04T00:00:00.000000,0,48.51,SELL
C,2024-09-05T00:00:00.000000,0,48.51,SELL
C,2024-09-06T00:00:00.000000,0,48.51,SELL
C,2024-09-09T00:00:00.000000,0,48.51,SELL
C,2024-09-10T00:00:00.000000,1,48.51,BUY
C,2024-09-11T00:00:00.000000,1,48.51,BUY
C,2024-09-12T00:00:00.000000,0,48.51,SELL
C,2024-09-13T00:00:00.000000,0,48.51,SELL
C,2024-09-16T00:00:00.000000,1,48.51,BUY
C,2024-09-17T00:00:00.000000,1,49.72,BUY
C,2024-09-18T00:00:00.000000,0,48.51,SELL
C,2024-09-19T00:00:00.000000,0,48.51,SELL
C,2024-09-20T00:00:00.000000,0,44.85,SELL
C,2024-09-23T00:00:00.000000,0,38.31,SELL
C,2024-09-24T00:00:00.000000,0,38.31,SELL
C,2024-09-25T00:00:00.000000,0,38.31,SELL
C,2024-09-26T00:00:00.000000,0,40.62,SELL
C,2024-09-27T00:00:00.000000,0,45.45,SELL
C,2024-09-30T00:00:00.000000,0,48.51,SELL
C,2024-10-01T00:00:00.000000,0,48.51,SELL
C,2024-10-02T00:00:00.000000,0,48.51,SELL
C,2024-10-03T00:00:00.000000,0,48.51,SELL
C,2024-10-04T00:00:00.000000,0,48.51,SELL
C,2024-10-07T00:00:00.000000,0,48.51,SELL
C,2024-10-08T00:00:00.000000,0,48.51,SELL
C,2024-10-09T00:00:00.000000,0,44.85,SELL
C,2024-10-10T00:00:00.000000,0,45.45,SELL
C,2024-10-11T00:00:00.000000,0,48.51,SELL
C,2024-10-14T00:00:00.000000,0,48.51,SELL
C,2024-10-15T00:00:00.000000,0,48.51,SELL
C,2024-10-16T00:00:00.000000,0,48.51,SELL
C,2024-10-17T00:00:00.000000,0,48.51,SELL
C,2024-10-18T00:00:00.000000,0,48.51,SELL
C,2024-10-21T00:00:00.000000,0,48.51,SELL
C,2024-10-22T00:00:00.000000,0,45.45,SELL
C,2024-10-23T00:00:00.000000,0,44.85,SELL
C,2024-10-24T00:00:00.000000,0,48.51,SELL
C,2024-10-25T00:00:00.000000,0,44.85,SELL
C,2024-10-28T00:00:00.000000,0,48.51,SELL
C,2024-10-29T00:00:00.000000,0,48.51,SELL
C,2024-10-30T00:00:00.000000,0,44.85,SELL
C,2024-10-31T00:00:00.000000,0,48.51,SELL
C,2024-11-01T00:00:00.000000,0,48.51,SELL
C,2024-11-04T00:00:00.000000,0,48.51,SELL
C,2024-11-05T00:00:00.000000,0,48.51,SELL
C,2024-11-06T00:00:00.000000,1,48.51,BUY
C,2024-11-07T00:00:00.000000,0,48.51,SELL
C,2024-11-08T00:00:00.000000,0,48.51,SELL
C,2024-11-11T00:00:00.000000,0,44.85,SELL
C,2024-11-12T00:00:00.000000,0,44.85,SELL
C,2024-11-13T00:00:00.000000,0,44.85,SELL
C,2024-11-14T00:00:00.000000,0,44.85,SELL
C,2024-11-15T00:00:00.000000,0,38.31,SELL
C,2024-11-18T00:00:00.000000,0,37.93,SELL
C,2024-11-19T00:00:00.000000,0,32.82,SELL
C,2024-11-20T00:00:00.000000,0,35.29,SELL
C,2024-11-21T00:00:00.000000,0,37.93,SELL
C,2024-11-22T00:00:00.000000,0,38.1,SELL
C,2024-11-25T00:00:00.000000,0,37.5,SELL
C,2024-11-26T00:00:00.000000,0,37.93,SELL
C,2024-11-27T00:00:00.000000,0,36.84,SELL
C,2024-11-29T00:00:00.000000,0,32.82,SELL
C,2024-12-02T00:00:00.000000,0,32.82,SELL
C,2024-12-03T00:00:00.000000,0,32.82,SELL
C,2024-12-04T00:00:00.000000,0,32.82,SELL
C,2024-12-05T00:00:00.000000,0,32.82,SELL
C,2024-12-06T00:00:00.000000,0,32.82,SELL
C,2024-12-09T00:00:00.000000,0,32.82,SELL
C,2024-12-10T00:00:00.000000,0,32.82,SELL
C,2024-12-11T00:00:00.000000,0,32.82,SELL
C,2024-12-12T00:00:00.000000,0,32.82,SELL
C,2024-12-13T00:00:00.000000,0,38.1,SELL
C,2024-12-16T00:00:00.000000,0,38.31,SELL
C,2024-12-17T00:00:00.000000,0,40.62,SELL
C,2024-12-18T00:00:00.000000,0,38.31,SELL
C,2024-12-19T00:00:00.000000,0,48.51,SELL
C,2024-12-20T00:00:00.000000,0,48.51,SELL
COP,2023-02-21T00:00:00.000000,0,48.51,SELL
COP,2023-02-22T00:00:00.000000,1,48.51,BUY
COP,2023-02-23T00:00:00.000000,1,49.72,BUY
COP,2023-02-24T00:00:00.000000,1,49.72,BUY
COP,2023-02-27T00:00:00.000000,1,49.72,BUY
COP,2023-02-28T00:00:00.000000,1,49.72,BUY
COP,2023-03-01T00:00:00.000000,1,48.51,BUY
COP,2023-03-02T00:00:00.000000,1,48.51,BUY
COP,2023-03-03T00:00:00.000000,1,49.72,BUY
COP,2023-03-06T00:00:00.000000,1,49.72,BUY
COP,2023-03-07T00:00:00.000000,1,49.72,BUY
COP,2023-03-08T00:00:00.000000,1,49.72,BUY
COP,2023-03-09T00:00:00.000000,1,49.72,BUY
COP,2023-03-10T00:00:00.000000,1,49.72,BUY
COP,2023-03-13T00:00:00.000000,1,50.83,BUY
COP,2023-03-14T00:00:00.000000,1,50.83,BUY
COP,2023-03-15T00:00:00.000000,1,50.83,BUY
COP,2023-03-16T00:00:00.000000,1,49.72,BUY
COP,2023-03-17T00:00:00.000000,1,49.72,BUY
COP,2023-03-20T00:00:00.000000,1,49.72,BUY
COP,2023-03-21T00:00:00.000000,1,50.83,BUY
COP,2023-03-22T00:00:00.000000,1,49.72,BUY
COP,2023-03-23T00:00:00.000000,1,49.72,BUY
COP,2023-03-24T00:00:00.000000,1,49.72,BUY
COP,2023-03-27T00:00:00.000000,0,48.51,SELL
COP,2023-03-28T00:00:00.000000,0,48.51,SELL
COP,2023-03-29T00:00:00.000000,0,48.51,SELL
COP,2023-03-30T00:00:00.000000,0,48.51,SELL
COP,2023-03-31T00:00:00.000000,1,49.72,BUY
COP,2023-04-03T00:00:00.000000,1,49.72,BUY
COP,2023-04-04T00:00:00.000000,1,50.83,BUY
COP,2023-04-05T00:00:00.000000,1,50.83,BUY
COP,2023-04-06T00:00:00.000000,1,49.72,BUY
COP,2023-04-10T00:00:00.000000,1,49.72,BUY
COP,2023-04-11T00:00:00.000000,1,49.72,BUY
COP,2023-04-12T00:00:00.000000,1,49.72,BUY
COP,2023-04-13T00:00:00.000000,1,49.72,BUY
COP,2023-04-14T00:00:00.000000,1,49.72,BUY
COP,2023-04-17T00:00:00.000000,1,49.72,BUY
COP,2023-04-18T00:00:00.000000,1,49.72,BUY
COP,2023-04-19T00:00:00.000000,1,49.72,BUY
COP,2023-04-20T00:00:00.000000,1,49.72,BUY
COP,2023-04-21T00:00:00.000000,1,49.72,BUY
COP,2023-04-24T00:00:00.000000,1,49.72,BUY
COP,2023-04-25T00:00:00.000000,0,48.51,SELL
COP,2023-04-26T00:00:00.000000,0,48.51,SELL
COP,2023-04-27T00:00:00.000000,0,48.51,SELL
COP,2023-04-28T00:00:00.000000,0,48.51,SELL
COP,2023-05-01T00:00:00.000000,0,45.45,SELL
COP,2023-05-02T00:00:00.000000,0,44.85,SELL
COP,2023-05-03T00:00:00.000000,0,38.31,SELL
COP,2023-05-04T00:00:00.000000,0,38.31,SELL
COP,2023-05-05T00:00:00.000000,0,44.85,SELL
COP,2023-05-08T00:00:00.000000,0,44.85,SELL
COP,2023-05-09T00:00:00.000000,0,48.51,SELL
COP,2023-05-10T00:00:00.000000,0,48.51,SELL
COP,2023-05-11T00:00:00.000000,0,48.51,SELL
COP,2023-05-12T00:00:00.000000,0,48.51,SELL
COP,2023-05-15T00:00:00.000000,1,48.51,BUY
COP,2023-05-16T00:00:00.000000,1,49.72,BUY
COP,2023-05-17T00:00:00.000000,1,49.72,BUY
COP,2023-05-18T00:00:00.000000,1,49.72,BUY
COP,2023-05-19T00:00:00.000000,1,49.72,BUY
COP,2023-05-22T00:00:00.000000,1,49.72,BUY
COP,2023-05-23T00:00:00.000000,1,48.51,BUY
COP,2023-05-24T00:00:00.000000,1,49.72,BUY
COP,2023-05-25T00:00:00.000000,1,48.51,BUY
COP,2023-05-26T00:00:00.000000,1,49.72,BUY
COP,2023-05-30T00:00:00.000000,1,48.51,BUY
COP,2023-05-31T00:00:00.000000,1,49.72,BUY
COP,2023-06-01T00:00:00.000000,1,48.51,BUY
COP,2023-06-02T00:00:00.000000,1,49.72,BUY
COP,2023-06-05T00:00:00.000000,1,49.72,BUY
COP,2023-06-06T00:00:00.000000,1,48.51,BUY
COP,2023-06-07T00:00:00.000000,1,48.51,BUY
COP,2023-06-08T00:00:00.000000,0,48.51,SELL
COP,2023-06-09T00:00:00.000000,0,48.51,SELL
COP,2023-06-12T00:00:00.000000,0,44.85,SELL
COP,2023-06-13T00:00:00.000000,0,40.62,SELL
COP,2023-06-14T00:00:00.000000,0,44.85,SELL
COP,2023-06-15T00:00:00.000000,0,38.31,SELL
COP,2023-06-16T00:00:00.000000,0,38.31,SELL
COP,2023-06-20T00:00:00.000000,0,44.85,SELL
COP,2023-06-21T00:00:00.000000,0,44.85,SELL
COP,2023-06-22T00:00:00.000000,0,44.85,SELL
COP,2023-06-23T00:00:00.000000,0,44.85,SELL
COP,2023-06-26T00:00:00.000000,0,45.45,SELL
COP,2023-06-27T00:00:00.000000,0,44.85,SELL
COP,2023-06-28T00:00:00.000000,0,44.85,SELL
COP,2023-06-29T00:00:00.000000,0,44.85,SELL
COP,2023-06-30T00:00:00.000000,0,38.31,SELL
COP,2023-07-03T00:00:00.000000,0,40.62,SELL
COP,2023-07-05T00:00:00.000000,0,44.85,SELL
COP,2023-07-06T00:00:00.000000,0,44.85,SELL
COP,2023-07-07T00:00:00.000000,0,44.85,SELL
COP,2023-07-10T00:00:00.000000,0,44.85,SELL
COP,2023-07-11T00:00:00.000000,0,44.85,SELL
COP,2023-07-12T00:00:00.000000,0,44.85,SELL
COP,2023-07-13T00:00:00.000000,0,44.85,SELL
COP,2023-07-14T00:00:00.000000,0,44.85,SELL
COP,2023-07-17T00:00:00.000000,0,48.51,SELL
COP,2023-07-18T00:00:00.000000,0,48.51,SELL
COP,2023-07-19T00:00:00.000000,0,48.51,SELL
COP,2023-07-20T00:00:00.000000,0,48.51,SELL
COP,2023-07-21T00:00:00.000000,0,48.51,SELL
COP,2023-07-24T00:00:00.000000,0,48.51,SELL
COP,2023-07-25T00:00:00.000000,0,48.51,SELL
COP,2023-07-26T00:00:00.000000,0,48.51,SELL
COP,2023-07-27T00:00:00.000000,1,48.51,BUY
COP,2023-07-28T00:00:00.000000,1,48.51,BUY
COP,2023-07-31T00:00:00.000000,1,48.51,BUY
COP,2023-08-01T00:00:00.000000,0,48.51,SELL
COP,2023-08-02T00:00:00.000000,1,48.51,BUY
COP,2023-08-03T00:00:00.000000,1,48.51,BUY
COP,2023-08-04T00:00:00.000000,1,49.72,BUY
COP,2023-08-07T00:00:00.000000,1,49.72,BUY
COP,2023-08-08T00:00:00.000000,1,49.72,BUY
COP,2023-08-09T00:00:00.000000,1,49.72,BUY
COP,2023-08-10T00:00:00.000000,1,49.72,BUY
COP,2023-08-11T00:00:00.000000,1,48.51,BUY
COP,2023-08-14T00:00:00.000000,1,48.51,BUY
COP,2023-08-15T00:00:00.000000,1,48.51,BUY
COP,2023-08-16T00:00:00.000000,1,48.51,BUY
COP,2023-08-17T00:00:00.000000,1,48.51,BUY
COP,2023-08-18T00:00:00.000000,1,49.72,BUY
COP,2023-08-21T00:00:00.000000,1,49.72,BUY
COP,2023-08-22T00:00:00.000000,1,50.83,BUY
COP,2023-08-23T00:00:00.000000,1,50.83,BUY
COP,2023-08-24T00:00:00.000000,1,50.83,BUY
COP,2023-08-25T00:00:00.000000,1,50.83,BUY
COP,2023-08-28T00:00:00.000000,1,50.83,BUY
COP,2023-08-29T00:00:00.000000,1,50.83,BUY
COP,2023-08-30T00:00:00.000000,1,50.83,BUY
COP,2023-08-31T00:00:00.000000,1,49.72,BUY
COP,2023-09-01T00:00:00.000000,0,48.51,SELL
COP,2023-09-05T00:00:00.000000,0,48.51,SELL
COP,2023-09-06T00:00:00.000000,0,44.85,SELL
COP,2023-09-07T00:00:00.000000,0,38.31,SELL
COP,2023-09-08T00:00:00.000000,0,38.31,SELL
COP,2023-09-11T00:00:00.000000,0,38.31,SELL
COP,2023-09-12T00:00:00.000000,0,44.85,SELL
COP,2023-09-13T00:00:00.000000,0,44.85,SELL
COP,2023-09-14T00:00:00.000000,0,48.51,SELL
COP,2023-09-15T00:00:00.000000,0,48.51,SELL
COP,2023-09-18T00:00:00.000000,0,48.51,SELL
COP,2023-09-19T00:00:00.000000,0,48.51,SELL
COP,2023-09-20T00:00:00.000000,0,48.51,SELL
COP,2023-09-21T00:00:00.000000,1,48.51,BUY
COP,2023-09-22T00:00:00.000000,0,48.51,SELL
COP,2023-09-25T00:00:00.000000,0,48.51,SELL
COP,2023-09-26T00:00:00.000000,0,48.51,SELL
COP,2023-09-27T00:00:00.000000,1,49.72,BUY
COP,2023-09-28T00:00:00.000000,1,49.72,BUY
COP,2023-09-29T00:00:00.000000,1,50.83,BUY
COP,2023-10-02T00:00:00.000000,1,50.83,BUY
COP,2023-10-03T00:00:00.000000,1,50.83,BUY
COP,2023-10-04T00:00:00.000000,1,50.83,BUY
COP,2023-10-05T00:00:00.000000,1,50.83,BUY
COP,2023-10-06T00:00:00.000000,1,50.83,BUY
COP,2023-10-09T00:00:00.000000,1,50.83,BUY
COP,2023-10-10T00:00:00.000000,1,50.83,BUY
COP,2023-10-11T00:00:00.000000,1,50.83,BUY
COP,2023-10-12T00:00:00.000000,1,49.72,BUY
COP,2023-10-13T00:00:00.000000,1,49.72,BUY
COP,2023-10-16T00:00:00.000000,0,48.51,SELL
COP,2023-10-17T00:00:00.000000,0,48.51,SELL
COP,2023-10-18T00:00:00.000000,0,48.51,SELL
COP,2023-10-19T00:00:00.000000,1,49.72,BUY
COP,2023-10-20T00:00:00.000000,1,49.72,BUY
COP,2023-10-23T00:00:00.000000,1,49.72,BUY
COP,2023-10-24T00:00:00.000000,1,49.72,BUY
COP,2023-10-25T00:00:00.000000,1,49.72,BUY
COP,2023-10-26T00:00:00.000000,1,49.72,BUY
COP,2023-10-27T00:00:00.000000,1,49.72,BUY
COP,2023-10-30T00:00:00.000000,1,50.83,BUY
COP,2023-10-31T00:00:00.000000,1,50.83,BUY
COP,2023-11-01T00:00:00.000000,1,50.83,BUY
COP,2023-11-02T00:00:00.000000,1,50.83,BUY
COP,2023-11-03T00:00:00.000000,1,50.83,BUY
COP,2023-11-06T00:00:00.000000,1,49.72,BUY
COP,2023-11-07T00:00:00.000000,1,49.72,BUY
COP,2023-11-08T00:00:00.000000,0,48.51,SELL
COP,2023-11-09T00:00:00.000000,0,48.51,SELL
COP,2023-11-10T00:00:00.000000,0,48.51,SELL
COP,2023-11-13T00:00:00.000000,0,44.85,SELL
COP,2023-11-14T00:00:00.000000,0,44.85,SELL
COP,2023-11-15T00:00:00.000000,0,38.31,SELL
COP,2023-11-16T00:00:00.000000,0,38.31,SELL
COP,2023-11-17T00:00:00.000000,0,38.31,SELL
COP,2023-11-20T00:00:00.000000,0,37.93,SELL
COP,2023-11-21T00:00:00.000000,0,35.29,SELL
COP,2023-11-22T00:00:00.000000,0,36.84,SELL
COP,2023-11-24T00:00:00.000000,0,32.82,SELL
COP,2023-11-27T00:00:00.000000,0,32.82,SELL
COP,2023-11-28T00:00:00.000000,0,36.84,SELL
COP,2023-11-29T00:00:00.000000,0,36.84,SELL
COP,2023-11-30T00:00:00.000000,0,36.84,SELL
COP,2023-12-01T00:00:00.000000,0,36.11,SELL
COP,2023-12-04T00:00:00.000000,0,38.31,SELL
COP,2023-12-05T00:00:00.000000,0,38.31,SELL
COP,2023-12-06T00:00:00.000000,0,38.31,SELL
COP,2023-12-07T00:00:00.000000,0,38.31,SELL
COP,2023-12-08T00:00:00.000000,0,44.85,SELL
COP,2023-12-11T00:00:00.000000,0,44.85,SELL
COP,2023-12-12T00:00:00.000000,0,44.85,SELL
COP,2023-12-13T00:00:00.000000,0,38.31,SELL
COP,2023-12-14T00:00:00.000000,0,38.31,SELL
COP,2023-12-15T00:00:00.000000,0,38.31,SELL
COP,2023-12-18T00:00:00.000000,0,38.31,SELL
COP,2023-12-19T00:00:00.000000,0,38.1,SELL
COP,2023-12-20T00:00:00.000000,0,38.1,SELL
COP,2023-12-21T00:00:00.000000,0,38.1,SELL
COP,2023-12-22T00:00:00.000000,0,38.1,SELL
COP,2023-12-26T00:00:00.000000,0,38.1,SELL
COP,2023-12-27T00:00:00.000000,0,38.1,SELL
COP,2023-12-28T00:00:00.000000,0,38.31,SELL
COP,2023-12-29T00:00:00.000000,0,38.31,SELL
COP,2024-01-02T00:00:00.000000,0,38.31,SELL
COP,2024-01-03T00:00:00.000000,0,38.31,SELL
COP,2024-01-04T00:00:00.000000,0,38.31,SELL
COP,2024-01-05T00:00:00.000000,0,40.62,SELL
COP,2024-01-08T00:00:00.000000,0,38.31,SELL
COP,2024-01-09T00:00:00.000000,0,48.51,SELL
COP,2024-01-10T00:00:00.000000,0,48.51,SELL
COP,2024-01-11T00:00:00.000000,0,48.51,SELL
COP,2024-01-12T00:00:00.000000,0,48.51,SELL
COP,2024-01-16T00:00:00.000000,0,48.51,SELL
COP,2024-01-17T00:00:00.000000,0,48.51,SELL
COP,2024-01-18T00:00:00.000000,0,48.51,SELL
COP,2024-01-19T00:00:00.000000,0,48.51,SELL
COP,2024-01-22T00:00:00.000000,0,38.31,SELL
COP,2024-01-23T00:00:00.000000,0,32.82,SELL
COP,2024-01-24T00:00:00.000000,0,32.82,SELL
COP,2024-01-25T00:00:00.000000,0,32.82,SELL
COP,2024-01-26T00:00:00.000000,0,32.82,SELL
COP,2024-01-29T00:00:00.000000,0,32.82,SELL
COP,2024-01-30T00:00:00.000000,0,32.82,SELL
COP,2024-01-31T00:00:00.000000,0,32.82,SELL
COP,2024-02-01T00:00:00.000000,0,32.82,SELL
COP,2024-02-02T00:00:00.000000,0,36.84,SELL
COP,2024-02-05T00:00:00.000000,0,38.31,SELL
COP,2024-02-06T00:00:00.000000,0,44.85,SELL
COP,2024-02-07T00:00:00.000000,0,44.85,SELL
COP,2024-02-08T00:00:00.000000,0,48.51,SELL
COP,2024-02-09T00:00:00.000000,0,48.51,SELL
COP,2024-02-12T00:00:00.000000,1,48.51,BUY
COP,2024-02-13T00:00:00.000000,1,48.51,BUY
COP,2024-02-14T00:00:00.000000,1,49.72,BUY
COP,2024-02-15T00:00:00.000000,1,48.51,BUY
COP,2024-02-16T00:00:00.000000,1,48.51,BUY
COP,2024-02-20T00:00:00.000000,1,48.51,BUY
COP,2024-02-21T00:00:00.000000,0,48.51,SELL
COP,2024-02-22T00:00:00.000000,1,48.51,BUY
COP,2024-02-23T00:00:00.000000,1,48.51,BUY
COP,2024-02-26T00:00:00.000000,1,48.51,BUY
COP,2024-02-27T00:00:00.000000,0,48.51,SELL
COP,2024-02-28T00:00:00.000000,0,48.51,SELL
COP,2024-02-29T00:00:00.000000,0,48.51,SELL
COP,2024-03-01T00:00:00.000000,0,44.85,SELL
COP,2024-03-04T00:00:00.000000,0,48.51,SELL
COP,2024-03-05T00:00:00.000000,0,44.85,SELL
COP,2024-03-06T00:00:00.000000,0,44.85,SELL
COP,2024-03-07T00:00:00.000000,0,44.85,SELL
COP,2024-03-08T00:00:00.000000,0,44.85,SELL
COP,2024-03-11T00:00:00.000000,0,38.31,SELL
COP,2024-03-12T00:00:00.000000,0,38.31,SELL
COP,2024-03-13T00:00:00.000000,0,38.1,SELL
COP,2024-03-14T00:00:00.000000,0,36.84,SELL
COP,2024-03-15T00:00:00.000000,0,32.82,SELL
COP,2024-03-18T00:00:00.000000,0,32.82,SELL
COP,2024-03-19T00:00:00.000000,0,32.82,SELL
COP,2024-03-20T00:00:00.000000,0,32.82,SELL
COP,2024-03-21T00:00:00.000000,0,32.82,SELL
COP,2024-03-22T00:00:00.000000,0,36.84,SELL
COP,2024-03-25T00:00:00.000000,0,38.31,SELL
COP,2024-03-26T00:00:00.000000,0,38.31,SELL
COP,2024-03-27T00:00:00.000000,0,38.31,SELL
COP,2024-03-28T00:00:00.000000,0,44.85,SELL
COP,2024-04-01T00:00:00.000000,0,44.85,SELL
COP,2024-04-02T00:00:00.000000,0,48.51,SELL
COP,2024-04-03T00:00:00.000000,0,48.51,SELL
COP,2024-04-04T00:00:00.000000,0,48.51,SELL
COP,2024-04-05T00:00:00.000000,0,48.51,SELL
COP,2024-04-08T00:00:00.000000,0,48.51,SELL
COP,2024-04-09T00:00:00.000000,0,48.51,SELL
COP,2024-04-10T00:00:00.000000,1,48.51,BUY
COP,2024-04-11T00:00:00.000000,1,49.72,BUY
COP,2024-04-12T00:00:00.000000,1,49.72,BUY
COP,2024-04-15T00:00:00.000000,1,49.72,BUY
COP,2024-04-16T00:00:00.000000,1,49.72,BUY
COP,2024-04-17T00:00:00.000000,1,49.72,BUY
COP,2024-04-18T00:00:00.000000,1,49.72,BUY
COP,2024-04-19T00:00:00.000000,1,49.72,BUY
COP,2024-04-22T00:00:00.000000,1,49.72,BUY
COP,2024-04-23T00:00:00.000000,1,49.72,BUY
COP,2024-04-24T00:00:00.000000,1,49.72,BUY
COP,2024-04-25T00:00:00.000000,1,49.72,BUY
COP,2024-04-26T00:00:00.000000,1,49.72,BUY
COP,2024-04-29T00:00:00.000000,1,49.72,BUY
COP,2024-04-30T00:00:00.000000,1,48.51,BUY
COP,2024-05-01T00:00:00.000000,0,48.51,SELL
COP,2024-05-02T00:00:00.000000,0,48.51,SELL
COP,2024-05-03T00:00:00.000000,0,48.51,SELL
COP,2024-05-06T00:00:00.000000,0,48.51,SELL
COP,2024-05-07T00:00:00.000000,0,44.85,SELL
COP,2024-05-08T00:00:00.000000,0,48.51,SELL
COP,2024-05-09T00:00:00.000000,0,45.45,SELL
COP,2024-05-10T00:00:00.000000,0,44.85,SELL
COP,2024-05-13T00:00:00.000000,0,40.62,SELL
COP,2024-05-14T00:00:00.000000,0,44.85,SELL
COP,2024-05-15T00:00:00.000000,0,38.31,SELL
COP,2024-05-16T00:00:00.000000,0,38.1,SELL
COP,2024-05-17T00:00:00.000000,0,36.84,SELL
COP,2024-05-20T00:00:00.000000,0,38.31,SELL
COP,2024-05-21T00:00:00.000000,0,38.31,SELL
COP,2024-05-22T00:00:00.000000,0,38.31,SELL
COP,2024-05-23T00:00:00.000000,0,38.1,SELL
COP,2024-05-24T00:00:00.000000,0,38.31,SELL
COP,2024-05-28T00:00:00.000000,0,38.1,SELL
COP,2024-05-29T00:00:00.000000,0,36.84,SELL
COP,2024-05-30T00:00:00.000000,0,37.93,SELL
COP,2024-05-31T00:00:00.000000,0,38.31,SELL
COP,2024-06-03T00:00:00.000000,0,44.85,SELL
COP,2024-06-04T00:00:00.000000,0,48.51,SELL
COP,2024-06-05T00:00:00.000000,0,48.51,SELL
COP,2024-06-06T00:00:00.000000,0,44.85,SELL
COP,2024-06-07T00:00:00.000000,0,44.85,SELL
COP,2024-06-10T00:00:00.000000,0,38.31,SELL
COP,2024-06-11T00:00:00.000000,0,38.31,SELL
COP,2024-06-12T00:00:00.000000,0,38.1,SELL
COP,2024-06-13T00:00:00.000000,0,37.93,SELL
COP,2024-06-14T00:00:00.000000,0,36.84,SELL
COP,2024-06-17T00:00:00.000000,0,38.31,SELL
COP,2024-06-18T00:00:00.000000,0,38.1,SELL
COP,2024-06-20T00:00:00.000000,0,38.31,SELL
COP,2024-06-21T00:00:00.000000,0,38.31,SELL
COP,2024-06-24T00:00:00.000000,0,44.85,SELL
COP,2024-06-25T00:00:00.000000,0,48.51,SELL
COP,2024-06-26T00:00:00.000000,0,48.51,SELL
COP,2024-06-27T00:00:00.000000,0,48.51,SELL
COP,2024-06-28T00:00:00.000000,0,48.51,SELL
COP,2024-07-01T00:00:00.000000,0,48.51,SELL
COP,2024-07-02T00:00:00.000000,0,48.51,SELL
COP,2024-07-03T00:00:00.000000,1,48.51,BUY
COP,2024-07-05T00:00:00.000000,1,48.51,BUY
COP,2024-07-08T00:00:00.000000,1,49.72,BUY
COP,2024-07-09T00:00:00.000000,1,49.72,BUY
COP,2024-07-10T00:00:00.000000,1,49.72,BUY
COP,2024-07-11T00:00:00.000000,1,49.72,BUY
COP,2024-07-12T00:00:00.000000,1,48.51,BUY
COP,2024-07-15T00:00:00.000000,0,48.51,SELL
COP,2024-07-16T00:00:00.000000,0,48.51,SELL
COP,2024-07-17T00:00:00.000000,0,48.51,SELL
COP,2024-07-18T00:00:00.000000,0,48.51,SELL
COP,2024-07-19T00:00:00.000000,0,48.51,SELL
COP,2024-07-22T00:00:00.000000,0,48.51,SELL
COP,2024-07-23T00:00:00.000000,0,48.51,SELL
COP,2024-07-24T00:00:00.000000,0,48.51,SELL
COP,2024-07-25T00:00:00.000000,0,48.51,SELL
COP,2024-07-26T00:00:00.000000,0,48.51,SELL
COP,2024-07-29T00:00:00.000000,0,48.51,SELL
COP,2024-07-30T00:00:00.000000,1,48.51,BUY
COP,2024-07-31T00:00:00.000000,1,49.72,BUY
COP,2024-08-01T00:00:00.000000,1,49.72,BUY
COP,2024-08-02T00:00:00.000000,1,49.72,BUY
COP,2024-08-05T00:00:00.000000,1,48.51,BUY
COP,2024-08-06T00:00:00.000000,0,48.51,SELL
COP,2024-08-07T00:00:00.000000,1,48.51,BUY
COP,2024-08-08T00:00:00.000000,1,48.51,BUY
COP,2024-08-09T00:00:00.000000,1,49.72,BUY
COP,2024-08-12T00:00:00.000000,1,49.72,BUY
COP,2024-08-13T00:00:00.000000,1,49.72,BUY
COP,2024-08-14T00:00:00.000000,1,49.72,BUY
COP,2024-08-15T00:00:00.000000,1,49.72,BUY
COP,2024-08-16T00:00:00.000000,1,48.51,BUY
COP,2024-08-19T00:00:00.000000,0,48.51,SELL
COP,2024-08-20T00:00:00.000000,0,48.51,SELL
COP,2024-08-21T00:00:00.000000,0,48.51,SELL
COP,2024-08-22T00:00:00.000000,0,44.85,SELL
COP,2024-08-23T00:00:00.000000,0,44.85,SELL
COP,2024-08-26T00:00:00.000000,0,44.85,SELL
COP,2024-08-27T00:00:00.000000,0,44.85,SELL
COP,2024-08-28T00:00:00.000000,0,44.85,SELL
COP,2024-08-29T00:00:00.000000,0,48.51,SELL
COP,2024-08-30T00:00:00.000000,0,48.51,SELL
COP,2024-09-03T00:00:00.000000,0,48.51,SELL
COP,2024-09-04T00:00:00.000000,0,48.51,SELL
COP,2024-09-05T00:00:00.000000,0,48.51,SELL
COP,2024-09-06T00:00:00.000000,0,48.51,SELL
COP,2024-09-09T00:00:00.000000,0,48.51,SELL
COP,2024-09-10T00:00:00.000000,1,48.51,BUY
COP,2024-09-11T00:00:00.000000,1,48.51,BUY
COP,2024-09-12T00:00:00.000000,0,48.51,SELL
COP,2024-09-13T00:00:00.000000,1,49.72,BUY
COP,2024-09-16T00:00:00.000000,1,49.72,BUY
COP,2024-09-17T00:00:00.000000,1,49.72,BUY
COP,2024-09-18T00:00:00.000000,0,48.51,SELL
COP,2024-09-19T00:00:00.000000,0,48.51,SELL
COP,2024-09-20T00:00:00.000000,0,48.51,SELL
COP,2024-09-23T00:00:00.000000,0,48.51,SELL
COP,2024-09-24T00:00:00.000000,0,44.85,SELL
COP,2024-09-25T00:00:00.000000,0,45.45,SELL
COP,2024-09-26T00:00:00.000000,0,48.51,SELL
COP,2024-09-27T00:00:00.000000,0,48.51,SELL
COP,2024-09-30T00:00:00.000000,0,48.51,SELL
COP,2024-10-01T00:00:00.000000,0,48.51,SELL
COP,2024-10-02T00:00:00.000000,0,48.51,SELL
COP,2024-10-03T00:00:00.000000,0,48.51,SELL
COP,2024-10-04T00:00:00.000000,0,48.51,SELL
COP,2024-10-07T00:00:00.000000,0,48.51,SELL
COP,2024-10-08T00:00:00.000000,0,48.51,SELL
COP,2024-10-09T00:00:00.000000,0,48.51,SELL
COP,2024-10-10T00:00:00.000000,0,44.85,SELL
COP,2024-10-11T00:00:00.000000,0,44.85,SELL
COP,2024-10-14T00:00:00.000000,0,48.51,SELL
COP,2024-10-15T00:00:00.000000,0,48.51,SELL
COP,2024-10-16T00:00:00.000000,0,48.51,SELL
COP,2024-10-17T00:00:00.000000,0,48.51,SELL
COP,2024-10-18T00:00:00.000000,0,48.51,SELL
COP,2024-10-21T00:00:00.000000,0,48.51,SELL
COP,2024-10-22T00:00:00.000000,0,44.85,SELL
COP,2024-10-23T00:00:00.000000,0,38.31,SELL
COP,2024-10-24T00:00:00.000000,0,38.31,SELL
COP,2024-10-25T00:00:00.000000,0,38.31,SELL
COP,2024-10-28T00:00:00.000000,0,38.31,SELL
COP,2024-10-29T00:00:00.000000,0,38.31,SELL
COP,2024-10-30T00:00:00.000000,0,38.31,SELL
COP,2024-10-31T00:00:00.000000,0,38.31,SELL
COP,2024-11-01T00:00:00.000000,0,48.51,SELL
COP,2024-11-04T00:00:00.000000,0,48.51,SELL
COP,2024-11-05T00:00:00.000000,1,48.51,BUY
COP,2024-11-06T00:00:00.000000,1,49.72,BUY
COP,2024-11-07T00:00:00.000000,1,49.72,BUY
COP,2024-11-08T00:00:00.000000,1,49.72,BUY
COP,2024-11-11T00:00:00.000000,1,48.51,BUY
COP,2024-11-12T00:00:00.000000,1,48.51,BUY
COP,2024-11-13T00:00:00.000000,0,48.51,SELL
COP,2024-11-14T00:00:00.000000,0,48.51,SELL
COP,2024-11-15T00:00:00.000000,0,48.51,SELL
COP,2024-11-18T00:00:00.000000,0,48.51,SELL
COP,2024-11-19T00:00:00.000000,0,38.31,SELL
COP,2024-11-20T00:00:00.000000,0,38.31,SELL
COP,2024-11-21T00:00:00.000000,0,38.31,SELL
COP,2024-11-22T00:00:00.000000,0,38.31,SELL
COP,2024-11-25T00:00:00.000000,0,44.85,SELL
COP,2024-11-26T00:00:00.000000,0,48.51,SELL
COP,2024-11-27T00:00:00.000000,0,48.51,SELL
COP,2024-11-29T00:00:00.000000,0,48.51,SELL
COP,2024-12-02T00:00:00.000000,1,48.51,BUY
COP,2024-12-03T00:00:00.000000,0,48.51,SELL
COP,2024-12-04T00:00:00.000000,0,48.51,SELL
COP,2024-12-05T00:00:00.000000,0,48.51,SELL
COP,2024-12-06T00:00:00.000000,0,44.85,SELL
COP,2024-12-09T00:00:00.000000,0,38.31,SELL
COP,2024-12-10T00:00:00.000000,0,32.82,SELL
COP,2024-12-11T00:00:00.000000,0,32.82,SELL
COP,2024-12-12T00:00:00.000000,0,37.93,SELL
COP,2024-12-13T00:00:00.000000,0,38.1,SELL
COP,2024-12-16T00:00:00.000000,0,44.85,SELL
COP,2024-12-17T00:00:00.000000,0,48.51,SELL
COP,2024-12-18T00:00:00.000000,0,44.85,SELL
COP,2024-12-19T00:00:00.000000,0,48.51,SELL
COP,2024-12-20T00:00:00.000000,0,48.51,SELL
COST,2023-02-21T00:00:00.000000,1,49.72,BUY
COST,2023-02-22T00:00:00.000000,1,49.72,BUY
COST,2023-02-23T00:00:00.000000,1,49.72,BUY
COST,2023-02-24T00:00:00.000000,1,50.83,BUY
COST,2023-02-27T00:00:00.000000,1,50.83,BUY
COST,2023-02-28T00:00:00.000000,1,50.83,BUY
COST,2023-03-01T00:00:00.000000,1,50.83,BUY
COST,2023-03-02T00:00:00.000000,1,50.83,BUY
COST,2023-03-03T00:00:00.000000,1,50.83,BUY
COST,2023-03-06T00:00:00.000000,1,50.83,BUY
COST,2023-03-07T00:00:00.000000,1,50.83,BUY
COST,2023-03-08T00:00:00.000000,1,50.83,BUY
COST,2023-03-09T00:00:00.000000,1,50.83,BUY
COST,2023-03-10T00:00:00.000000,1,50.83,BUY
COST,2023-03-13T00:00:00.000000,1,50.83,BUY
COST,2023-03-14T00:00:00.000000,1,50.83,BUY
COST,2023-03-15T00:00:00.000000,1,50.83,BUY
COST,2023-03-16T00:00:00.000000,1,50.83,BUY
COST,2023-03-17T00:00:00.000000,1,50.83,BUY
COST,2023-03-20T00:00:00.000000,1,50.83,BUY
COST,2023-03-21T00:00:00.000000,1,50.83,BUY
COST,2023-03-22T00:00:00.000000,1,50.83,BUY
COST,2023-03-23T00:00:00.000000,1,50.83,BUY
COST,2023-03-24T00:00:00.000000,1,50.83,BUY
COST,2023-03-27T00:00:00.000000,1,50.83,BUY
COST,2023-03-28T00:00:00.000000,1,49.72,BUY
COST,2023-03-29T00:00:00.000000,1,49.72,BUY
COST,2023-03-30T00:00:00.000000,1,49.72,BUY
COST,2023-03-31T00:00:00.000000,1,49.72,BUY
COST,2023-04-03T00:00:00.000000,1,49.72,BUY
COST,2023-04-04T00:00:00.000000,1,49.72,BUY
COST,2023-04-05T00:00:00.000000,1,49.72,BUY
COST,2023-04-06T00:00:00.000000,1,49.72,BUY
COST,2023-04-10T00:00:00.000000,1,49.72,BUY
COST,2023-04-11T00:00:00.000000,1,49.72,BUY
COST,2023-04-12T00:00:00.000000,1,49.72,BUY
COST,2023-04-13T00:00:00.000000,1,49.72,BUY
COST,2023-04-14T00:00:00.000000,1,49.72,BUY
COST,2023-04-17T00:00:00.000000,1,49.72,BUY
COST,2023-04-18T00:00:00.000000,1,49.72,BUY
COST,2023-04-19T00:00:00.000000,1,49.72,BUY
COST,2023-04-20T00:00:00.000000,1,49.72,BUY
COST,2023-04-21T00:00:00.000000,1,49.72,BUY
COST,2023-04-24T00:00:00.000000,1,49.72,BUY
COST,2023-04-25T00:00:00.000000,1,49.72,BUY
COST,2023-04-26T00:00:00.000000,1,49.72,BUY
COST,2023-04-27T00:00:00.000000,1,49.72,BUY
COST,2023-04-28T00:00:00.000000,1,49.72,BUY
COST,2023-05-01T00:00:00.000000,1,49.72,BUY
COST,2023-05-02T00:00:00.000000,1,49.72,BUY
COST,2023-05-03T00:00:00.000000,1,49.72,BUY
COST,2023-05-04T00:00:00.000000,1,49.72,BUY
COST,2023-05-05T00:00:00.000000,1,49.72,BUY
COST,2023-05-08T00:00:00.000000,1,49.72,BUY
COST,2023-05-09T00:00:00.000000,1,49.72,BUY
COST,2023-05-10T00:00:00.000000,1,49.72,BUY
COST,2023-05-11T00:00:00.000000,1,49.72,BUY
COST,2023-05-12T00:00:00.000000,1,49.72,BUY
COST,2023-05-15T00:00:00.000000,1,49.72,BUY
COST,2023-05-16T00:00:00.000000,1,49.72,BUY
COST,2023-05-17T00:00:00.000000,1,49.72,BUY
COST,2023-05-18T00:00:00.000000,1,49.72,BUY
COST,2023-05-19T00:00:00.000000,1,49.72,BUY
COST,2023-05-22T00:00:00.000000,1,49.72,BUY
COST,2023-05-23T00:00:00.000000,1,49.72,BUY
COST,2023-05-24T00:00:00.000000,1,49.72,BUY
COST,2023-05-25T00:00:00.000000,1,49.72,BUY
COST,2023-05-26T00:00:00.000000,1,49.72,BUY
COST,2023-05-30T00:00:00.000000,1,49.72,BUY
COST,2023-05-31T00:00:00.000000,1,49.72,BUY
COST,2023-06-01T00:00:00.000000,1,49.72,BUY
COST,2023-06-02T00:00:00.000000,1,49.72,BUY
COST,2023-06-05T00:00:00.000000,1,50.83,BUY
COST,2023-06-06T00:00:00.000000,1,50.83,BUY
COST,2023-06-07T00:00:00.000000,1,50.83,BUY
COST,2023-06-08T00:00:00.000000,1,50.83,BUY
COST,2023-06-09T00:00:00.000000,1,49.72,BUY
COST,2023-06-12T00:00:00.000000,1,49.72,BUY
COST,2023-06-13T00:00:00.000000,1,49.72,BUY
COST,2023-06-14T00:00:00.000000,1,49.72,BUY
COST,2023-06-15T00:00:00.000000,1,50.83,BUY
COST,2023-06-16T00:00:00.000000,1,50.83,BUY
COST,2023-06-20T00:00:00.000000,1,50.83,BUY
COST,2023-06-21T00:00:00.000000,1,50.83,BUY
COST,2023-06-22T00:00:00.000000,1,50.83,BUY
COST,2023-06-23T00:00:00.000000,1,50.83,BUY
COST,2023-06-26T00:00:00.000000,1,50.83,BUY
COST,2023-06-27T00:00:00.000000,1,50.83,BUY
COST,2023-06-28T00:00:00.000000,1,50.83,BUY
COST,2023-06-29T00:00:00.000000,1,50.83,BUY
COST,2023-06-30T00:00:00.000000,1,50.83,BUY
COST,2023-07-03T00:00:00.000000,1,50.83,BUY
COST,2023-07-05T00:00:00.000000,1,50.83,BUY
COST,2023-07-06T00:00:00.000000,1,50.83,BUY
COST,2023-07-07T00:00:00.000000,1,50.83,BUY
COST,2023-07-10T00:00:00.000000,1,50.83,BUY
COST,2023-07-11T00:00:00.000000,1,49.72,BUY
COST,2023-07-12T00:00:00.000000,1,49.72,BUY
COST,2023-07-13T00:00:00.000000,1,49.72,BUY
COST,2023-07-14T00:00:00.000000,1,49.72,BUY
COST,2023-07-17T00:00:00.000000,1,49.72,BUY
COST,2023-07-18T00:00:00.000000,1,49.72,BUY
COST,2023-07-19T00:00:00.000000,1,49.72,BUY
COST,2023-07-20T00:00:00.000000,1,49.72,BUY
COST,2023-07-21T00:00:00.000000,1,49.72,BUY
COST,2023-07-24T00:00:00.000000,1,49.72,BUY
COST,2023-07-25T00:00:00.000000,1,49.72,BUY
COST,2023-07-26T00:00:00.000000,1,49.72,BUY
COST,2023-07-27T00:00:00.000000,1,49.72,BUY
COST,2023-07-28T00:00:00.000000,1,49.72,BUY
COST,2023-07-31T00:00:00.000000,1,50.83,BUY
COST,2023-08-01T00:00:00.000000,1,50.83,BUY
COST,2023-08-02T00:00:00.000000,1,50.83,BUY
COST,2023-08-03T00:00:00.000000,1,50.83,BUY
COST,2023-08-04T00:00:00.000000,1,50.83,BUY
COST,2023-08-07T00:00:00.000000,1,50.83,BUY
COST,2023-08-08T00:00:00.000000,1,50.83,BUY
COST,2023-08-09T00:00:00.000000,1,50.83,BUY
COST,2023-08-10T00:00:00.000000,1,50.83,BUY
COST,2023-08-11T00:00:00.000000,1,49.72,BUY
COST,2023-08-14T00:00:00.000000,1,50.83,BUY
COST,2023-08-15T00:00:00.000000,1,50.83,BUY
COST,2023-08-16T00:00:00.000000,1,50.83,BUY
COST,2023-08-17T00:00:00.000000,1,50.83,BUY
COST,2023-08-18T00:00:00.000000,1,50.83,BUY
COST,2023-08-21T00:00:00.000000,1,50.83,BUY
COST,2023-08-22T00:00:00.000000,1,50.83,BUY
COST,2023-08-23T00:00:00.000000,1,50.83,BUY
COST,2023-08-24T00:00:00.000000,1,50.83,BUY
COST,2023-08-25T00:00:00.000000,1,50.83,BUY
COST,2023-08-28T00:00:00.000000,1,50.83,BUY
COST,2023-08-29T00:00:00.000000,1,50.83,BUY
COST,2023-08-30T00:00:00.000000,1,50.83,BUY
COST,2023-08-31T00:00:00.000000,1,50.83,BUY
COST,2023-09-01T00:00:00.000000,1,50.83,BUY
COST,2023-09-05T00:00:00.000000,1,50.83,BUY
COST,2023-09-06T00:00:00.000000,1,50.83,BUY
COST,2023-09-07T00:00:00.000000,1,50.83,BUY
COST,2023-09-08T00:00:00.000000,1,50.83,BUY
COST,2023-09-11T00:00:00.000000,1,50.83,BUY
COST,2023-09-12T00:00:00.000000,1,50.83,BUY
COST,2023-09-13T00:00:00.000000,1,50.83,BUY
COST,2023-09-14T00:00:00.000000,1,50.83,BUY
COST,2023-09-15T00:00:00.000000,1,50.83,BUY
COST,2023-09-18T00:00:00.000000,1,50.83,BUY
COST,2023-09-19T00:00:00.000000,1,49.72,BUY
COST,2023-09-20T00:00:00.000000,1,49.72,BUY
COST,2023-09-21T00:00:00.000000,1,49.72,BUY
COST,2023-09-22T00:00:00.000000,1,49.72,BUY
COST,2023-09-25T00:00:00.000000,1,49.72,BUY
COST,2023-09-26T00:00:00.000000,1,50.83,BUY
COST,2023-09-27T00:00:00.000000,1,50.83,BUY
COST,2023-09-28T00:00:00.000000,1,50.83,BUY
COST,2023-09-29T00:00:00.000000,1,50.83,BUY
COST,2023-10-02T00:00:00.000000,1,50.83,BUY
COST,2023-10-03T00:00:00.000000,1,50.83,BUY
COST,2023-10-04T00:00:00.000000,1,50.83,BUY
COST,2023-10-05T00:00:00.000000,1,50.83,BUY
COST,2023-10-06T00:00:00.000000,1,50.83,BUY
COST,2023-10-09T00:00:00.000000,1,50.83,BUY
COST,2023-10-10T00:00:00.000000,1,50.83,BUY
COST,2023-10-11T00:00:00.000000,1,50.83,BUY
COST,2023-10-12T00:00:00.000000,1,50.83,BUY
COST,2023-10-13T00:00:00.000000,1,50.83,BUY
COST,2023-10-16T00:00:00.000000,1,49.72,BUY
COST,2023-10-17T00:00:00.000000,1,49.72,BUY
COST,2023-10-18T00:00:00.000000,1,49.72,BUY
COST,2023-10-19T00:00:00.000000,1,49.72,BUY
COST,2023-10-20T00:00:00.000000,1,49.72,BUY
COST,2023-10-23T00:00:00.000000,1,49.72,BUY
COST,2023-10-24T00:00:00.000000,1,49.72,BUY
COST,2023-10-25T00:00:00.000000,1,49.72,BUY
COST,2023-10-26T00:00:00.000000,1,50.83,BUY
COST,2023-10-27T00:00:00.000000,1,50.83,BUY
COST,2023-10-30T00:00:00.000000,1,50.83,BUY
COST,2023-10-31T00:00:00.000000,1,50.83,BUY
COST,2023-11-01T00:00:00.000000,1,50.83,BUY
COST,2023-11-02T00:00:00.000000,1,50.83,BUY
COST,2023-11-03T00:00:00.000000,1,50.83,BUY
COST,2023-11-06T00:00:00.000000,1,50.83,BUY
COST,2023-11-07T00:00:00.000000,1,50.83,BUY
COST,2023-11-08T00:00:00.000000,1,50.83,BUY
COST,2023-11-09T00:00:00.000000,1,50.83,BUY
COST,2023-11-10T00:00:00.000000,1,50.83,BUY
COST,2023-11-13T00:00:00.000000,1,49.72,BUY
COST,2023-11-14T00:00:00.000000,1,49.72,BUY
COST,2023-11-15T00:00:00.000000,1,49.72,BUY
COST,2023-11-16T00:00:00.000000,1,49.72,BUY
COST,2023-11-17T00:00:00.000000,1,49.72,BUY
COST,2023-11-20T00:00:00.000000,1,49.72,BUY
COST,2023-11-21T00:00:00.000000,1,49.72,BUY
COST,2023-11-22T00:00:00.000000,1,49.72,BUY
COST,2023-11-24T00:00:00.000000,1,49.72,BUY
COST,2023-11-27T00:00:00.000000,1,49.72,BUY
COST,2023-11-28T00:00:00.000000,1,49.72,BUY
COST,2023-11-29T00:00:00.000000,1,49.72,BUY
COST,2023-11-30T00:00:00.000000,1,49.72,BUY
COST,2023-12-01T00:00:00.000000,1,49.72,BUY
COST,2023-12-04T00:00:00.000000,1,49.72,BUY
COST,2023-12-05T00:00:00.000000,1,49.72,BUY
COST,2023-12-06T00:00:00.000000,1,49.72,BUY
COST,2023-12-07T00:00:00.000000,1,49.72,BUY
COST,2023-12-08T00:00:00.000000,1,49.72,BUY
COST,2023-12-11T00:00:00.000000,1,49.72,BUY
COST,2023-12-12T00:00:00.000000,1,49.72,BUY
COST,2023-12-13T00:00:00.000000,1,49.72,BUY
COST,2023-12-14T00:00:00.000000,1,49.72,BUY
COST,2023-12-15T00:00:00.000000,1,49.72,BUY
COST,2023-12-18T00:00:00.000000,1,50.83,BUY
COST,2023-12-19T00:00:00.000000,1,50.83,BUY
COST,2023-12-20T00:00:00.000000,1,50.83,BUY
COST,2023-12-21T00:00:00.000000,1,50.83,BUY
COST,2023-12-22T00:00:00.000000,1,50.83,BUY
COST,2023-12-26T00:00:00.000000,1,50.83,BUY
COST,2023-12-27T00:00:00.000000,1,50.83,BUY
COST,2023-12-28T00:00:00.000000,1,50.83,BUY
COST,2023-12-29T00:00:00.000000,1,50.83,BUY
COST,2024-01-02T00:00:00.000000,1,50.83,BUY
COST,2024-01-03T00:00:00.000000,1,50.83,BUY
COST,2024-01-04T00:00:00.000000,1,50.83,BUY
COST,2024-01-05T00:00:00.000000,1,50.83,BUY
COST,2024-01-08T00:00:00.000000,1,49.72,BUY
COST,2024-01-09T00:00:00.000000,1,49.72,BUY
COST,2024-01-10T00:00:00.000000,1,49.72,BUY
COST,2024-01-11T00:00:00.000000,1,50.83,BUY
COST,2024-01-12T00:00:00.000000,1,49.72,BUY
COST,2024-01-16T00:00:00.000000,1,49.72,BUY
COST,2024-01-17T00:00:00.000000,1,49.72,BUY
COST,2024-01-18T00:00:00.000000,1,49.72,BUY
COST,2024-01-19T00:00:00.000000,1,49.72,BUY
COST,2024-01-22T00:00:00.000000,1,49.72,BUY
COST,2024-01-23T00:00:00.000000,1,49.72,BUY
COST,2024-01-24T00:00:00.000000,1,49.72,BUY
COST,2024-01-25T00:00:00.000000,1,49.72,BUY
COST,2024-01-26T00:00:00.000000,1,49.72,BUY
COST,2024-01-29T00:00:00.000000,1,49.72,BUY
COST,2024-01-30T00:00:00.000000,1,49.72,BUY
COST,2024-01-31T00:00:00.000000,1,49.72,BUY
COST,2024-02-01T00:00:00.000000,1,49.72,BUY
COST,2024-02-02T00:00:00.000000,1,49.72,BUY
COST,2024-02-05T00:00:00.000000,1,50.83,BUY
COST,2024-02-06T00:00:00.000000,1,50.83,BUY
COST,2024-02-07T00:00:00.000000,1,50.83,BUY
COST,2024-02-08T00:00:00.000000,1,50.83,BUY
COST,2024-02-09T00:00:00.000000,1,50.83,BUY
COST,2024-02-12T00:00:00.000000,1,50.83,BUY
COST,2024-02-13T00:00:00.000000,1,50.83,BUY
COST,2024-02-14T00:00:00.000000,1,50.83,BUY
COST,2024-02-15T00:00:00.000000,1,50.83,BUY
COST,2024-02-16T00:00:00.000000,1,50.83,BUY
COST,2024-02-20T00:00:00.000000,1,50.83,BUY
COST,2024-02-21T00:00:00.000000,1,50.83,BUY
COST,2024-02-22T00:00:00.000000,1,50.83,BUY
COST,2024-02-23T00:00:00.000000,1,50.83,BUY
COST,2024-02-26T00:00:00.000000,1,50.83,BUY
COST,2024-02-27T00:00:00.000000,1,50.83,BUY
COST,2024-02-28T00:00:00.000000,1,50.83,BUY
COST,2024-02-29T00:00:00.000000,1,50.83,BUY
COST,2024-03-01T00:00:00.000000,1,50.83,BUY
COST,2024-03-04T00:00:00.000000,1,50.83,BUY
COST,2024-03-05T00:00:00.000000,1,50.83,BUY
COST,2024-03-06T00:00:00.000000,1,50.83,BUY
COST,2024-03-07T00:00:00.000000,1,50.83,BUY
COST,2024-03-08T00:00:00.000000,1,50.83,BUY
COST,2024-03-11T00:00:00.000000,1,50.83,BUY
COST,2024-03-12T00:00:00.000000,1,50.83,BUY
COST,2024-03-13T00:00:00.000000,1,50.83,BUY
COST,2024-03-14T00:00:00.000000,1,50.83,BUY
COST,2024-03-15T00:00:00.000000,1,50.83,BUY
COST,2024-03-18T00:00:00.000000,1,50.83,BUY
COST,2024-03-19T00:00:00.000000,1,50.83,BUY
COST,2024-03-20T00:00:00.000000,1,49.72,BUY
COST,2024-03-21T00:00:00.000000,1,49.72,BUY
COST,2024-03-22T00:00:00.000000,1,49.72,BUY
COST,2024-03-25T00:00:00.000000,1,49.72,BUY
COST,2024-03-26T00:00:00.000000,1,49.72,BUY
COST,2024-03-27T00:00:00.000000,1,50.83,BUY
COST,2024-03-28T00:00:00.000000,1,50.83,BUY
COST,2024-04-01T00:00:00.000000,1,50.83,BUY
COST,2024-04-02T00:00:00.000000,1,50.83,BUY
COST,2024-04-03T00:00:00.000000,1,50.83,BUY
COST,2024-04-04T00:00:00.000000,1,50.83,BUY
COST,2024-04-05T00:00:00.000000,1,50.83,BUY
COST,2024-04-08T00:00:00.000000,1,50.83,BUY
COST,2024-04-09T00:00:00.000000,1,50.83,BUY
COST,2024-04-10T00:00:00.000000,1,50.83,BUY
COST,2024-04-11T00:00:00.000000,1,50.83,BUY
COST,2024-04-12T00:00:00.000000,1,50.83,BUY
COST,2024-04-15T00:00:00.000000,1,50.83,BUY
COST,2024-04-16T00:00:00.000000,1,50.83,BUY
COST,2024-04-17T00:00:00.000000,1,50.83,BUY
COST,2024-04-18T00:00:00.000000,1,50.83,BUY
COST,2024-04-19T00:00:00.000000,1,50.83,BUY
COST,2024-04-22T00:00:00.000000,1,50.83,BUY
COST,2024-04-23T00:00:00.000000,1,50.83,BUY
COST,2024-04-24T00:00:00.000000,1,50.83,BUY
COST,2024-04-25T00:00:00.000000,1,50.83,BUY
COST,2024-04-26T00:00:00.000000,1,50.83,BUY
COST,2024-04-29T00:00:00.000000,1,50.83,BUY
COST,2024-04-30T00:00:00.000000,1,50.83,BUY
COST,2024-05-01T00:00:00.000000,1,50.83,BUY
COST,2024-05-02T00:00:00.000000,1,50.83,BUY
COST,2024-05-03T00:00:00.000000,1,50.83,BUY
COST,2024-05-06T00:00:00.000000,1,50.83,BUY
COST,2024-05-07T00:00:00.000000,1,50.83,BUY
COST,2024-05-08T00:00:00.000000,1,50.83,BUY
COST,2024-05-09T00:00:00.000000,1,50.83,BUY
COST,2024-05-10T00:00:00.000000,1,50.83,BUY
COST,2024-05-13T00:00:00.000000,1,50.83,BUY
COST,2024-05-14T00:00:00.000000,1,50.83,BUY
COST,2024-05-15T00:00:00.000000,1,50.83,BUY
COST,2024-05-16T00:00:00.000000,1,50.83,BUY
COST,2024-05-17T00:00:00.000000,1,50.83,BUY
COST,2024-05-20T00:00:00.000000,1,50.83,BUY
COST,2024-05-21T00:00:00.000000,1,50.83,BUY
COST,2024-05-22T00:00:00.000000,1,50.83,BUY
COST,2024-05-23T00:00:00.000000,1,50.83,BUY
COST,2024-05-24T00:00:00.000000,1,50.83,BUY
COST,2024-05-28T00:00:00.000000,1,50.83,BUY
COST,2024-05-29T00:00:00.000000,1,50.83,BUY
COST,2024-05-30T00:00:00.000000,1,50.83,BUY
COST,2024-05-31T00:00:00.000000,1,50.83,BUY
COST,2024-06-03T00:00:00.000000,1,50.83,BUY
COST,2024-06-04T00:00:00.000000,1,50.83,BUY
COST,2024-06-05T00:00:00.000000,1,50.83,BUY
COST,2024-06-06T00:00:00.000000,1,50.83,BUY
COST,2024-06-07T00:00:00.000000,1,50.83,BUY
COST,2024-06-10T00:00:00.000000,1,50.83,BUY
COST,2024-06-11T00:00:00.000000,1,49.72,BUY
COST,2024-06-12T00:00:00.000000,1,49.72,BUY
COST,2024-06-13T00:00:00.000000,1,50.83,BUY
COST,2024-06-14T00:00:00.000000,1,49.72,BUY
COST,2024-06-17T00:00:00.000000,1,49.72,BUY
COST,2024-06-18T00:00:00.000000,1,49.72,BUY
COST,2024-06-20T00:00:00.000000,1,50.83,BUY
COST,2024-06-21T00:00:00.000000,1,50.83,BUY
COST,2024-06-24T00:00:00.000000,1,50.83,BUY
COST,2024-06-25T00:00:00.000000,1,50.83,BUY
COST,2024-06-26T00:00:00.000000,1,50.83,BUY
COST,2024-06-27T00:00:00.000000,1,49.72,BUY
COST,2024-06-28T00:00:00.000000,1,49.72,BUY
COST,2024-07-01T00:00:00.000000,1,49.72,BUY
COST,2024-07-02T00:00:00.000000,1,49.72,BUY
COST,2024-07-03T00:00:00.000000,1,49.72,BUY
COST,2024-07-05T00:00:00.000000,1,49.72,BUY
COST,2024-07-08T00:00:00.000000,1,49.72,BUY
COST,2024-07-09T00:00:00.000000,1,49.72,BUY
COST,2024-07-10T00:00:00.000000,1,49.72,BUY
COST,2024-07-11T00:00:00.000000,1,49.72,BUY
COST,2024-07-12T00:00:00.000000,1,49.72,BUY
COST,2024-07-15T00:00:00.000000,1,49.72,BUY
COST,2024-07-16T00:00:00.000000,1,49.72,BUY
COST,2024-07-17T00:00:00.000000,1,49.72,BUY
COST,2024-07-18T00:00:00.000000,1,50.83,BUY
COST,2024-07-19T00:00:00.000000,1,50.83,BUY
COST,2024-07-22T00:00:00.000000,1,50.83,BUY
COST,2024-07-23T00:00:00.000000,1,50.83,BUY
COST,2024-07-24T00:00:00.000000,1,50.83,BUY
COST,2024-07-25T00:00:00.000000,1,50.83,BUY
COST,2024-07-26T00:00:00.000000,1,50.83,BUY
COST,2024-07-29T00:00:00.000000,1,50.83,BUY
COST,2024-07-30T00:00:00.000000,1,50.83,BUY
COST,2024-07-31T00:00:00.000000,1,50.83,BUY
COST,2024-08-01T00:00:00.000000,1,50.83,BUY
COST,2024-08-02T00:00:00.000000,1,50.83,BUY
COST,2024-08-05T00:00:00.000000,1,50.83,BUY
COST,2024-08-06T00:00:00.000000,1,52.76,BUY
COST,2024-08-07T00:00:00.000000,1,52.76,BUY
COST,2024-08-08T00:00:00.000000,1,53.54,BUY
COST,2024-08-09T00:00:00.000000,1,53.54,BUY
COST,2024-08-12T00:00:00.000000,1,53.54,BUY
COST,2024-08-13T00:00:00.000000,1,53.54,BUY
COST,2024-08-14T00:00:00.000000,1,52.76,BUY
COST,2024-08-15T00:00:00.000000,1,52.76,BUY
COST,2024-08-16T00:00:00.000000,1,50.83,BUY
COST,2024-08-19T00:00:00.000000,1,50.83,BUY
COST,2024-08-20T00:00:00.000000,1,50.83,BUY
COST,2024-08-21T00:00:00.000000,1,50.83,BUY
COST,2024-08-22T00:00:00.000000,1,50.83,BUY
COST,2024-08-23T00:00:00.000000,1,50.83,BUY
COST,2024-08-26T00:00:00.000000,1,49.72,BUY
COST,2024-08-27T00:00:00.000000,1,49.72,BUY
COST,2024-08-28T00:00:00.000000,1,49.72,BUY
COST,2024-08-29T00:00:00.000000,1,49.72,BUY
COST,2024-08-30T00:00:00.000000,1,49.72,BUY
COST,2024-09-03T00:00:00.000000,1,49.72,BUY
COST,2024-09-04T00:00:00.000000,1,49.72,BUY
COST,2024-09-05T00:00:00.000000,1,49.72,BUY
COST,2024-09-06T00:00:00.000000,1,49.72,BUY
COST,2024-09-09T00:00:00.000000,1,49.72,BUY
COST,2024-09-10T00:00:00.000000,1,49.72,BUY
COST,2024-09-11T00:00:00.000000,1,49.72,BUY
COST,2024-09-12T00:00:00.000000,1,49.72,BUY
COST,2024-09-13T00:00:00.000000,1,49.72,BUY
COST,2024-09-16T00:00:00.000000,1,49.72,BUY
COST,2024-09-17T00:00:00.000000,1,49.72,BUY
COST,2024-09-18T00:00:00.000000,1,49.72,BUY
COST,2024-09-19T00:00:00.000000,1,49.72,BUY
COST,2024-09-20T00:00:00.000000,1,50.83,BUY
COST,2024-09-23T00:00:00.000000,1,49.72,BUY
COST,2024-09-24T00:00:00.000000,1,49.72,BUY
COST,2024-09-25T00:00:00.000000,1,49.72,BUY
COST,2024-09-26T00:00:00.000000,1,49.72,BUY
COST,2024-09-27T00:00:00.000000,1,49.72,BUY
COST,2024-09-30T00:00:00.000000,1,49.72,BUY
COST,2024-10-01T00:00:00.000000,1,49.72,BUY
COST,2024-10-02T00:00:00.000000,1,49.72,BUY
COST,2024-10-03T00:00:00.000000,1,49.72,BUY
COST,2024-10-04T00:00:00.000000,1,49.72,BUY
COST,2024-10-07T00:00:00.000000,1,49.72,BUY
COST,2024-10-08T00:00:00.000000,1,49.72,BUY
COST,2024-10-09T00:00:00.000000,1,49.72,BUY
COST,2024-10-10T00:00:00.000000,1,49.72,BUY
COST,2024-10-11T00:00:00.000000,1,49.72,BUY
COST,2024-10-14T00:00:00.000000,1,49.72,BUY
COST,2024-10-15T00:00:00.000000,1,49.72,BUY
COST,2024-10-16T00:00:00.000000,1,49.72,BUY
COST,2024-10-17T00:00:00.000000,1,49.72,BUY
COST,2024-10-18T00:00:00.000000,1,49.72,BUY
COST,2024-10-21T00:00:00.000000,1,49.72,BUY
COST,2024-10-22T00:00:00.000000,1,49.72,BUY
COST,2024-10-23T00:00:00.000000,1,49.72,BUY
COST,2024-10-24T00:00:00.000000,1,49.72,BUY
COST,2024-10-25T00:00:00.000000,1,49.72,BUY
COST,2024-10-28T00:00:00.000000,1,49.72,BUY
COST,2024-10-29T00:00:00.000000,1,49.72,BUY
COST,2024-10-30T00:00:00.000000,1,49.72,BUY
COST,2024-10-31T00:00:00.000000,1,49.72,BUY
COST,2024-11-01T00:00:00.000000,1,50.83,BUY
COST,2024-11-04T00:00:00.000000,1,50.83,BUY
COST,2024-11-05T00:00:00.000000,1,50.83,BUY
COST,2024-11-06T00:00:00.000000,1,50.83,BUY
COST,2024-11-07T00:00:00.000000,1,50.83,BUY
COST,2024-11-08T00:00:00.000000,1,50.83,BUY
COST,2024-11-11T00:00:00.000000,1,49.72,BUY
COST,2024-11-12T00:00:00.000000,1,49.72,BUY
COST,2024-11-13T00:00:00.000000,1,49.72,BUY
COST,2024-11-14T00:00:00.000000,1,49.72,BUY
COST,2024-11-15T00:00:00.000000,1,49.72,BUY
COST,2024-11-18T00:00:00.000000,1,49.72,BUY
COST,2024-11-19T00:00:00.000000,1,49.72,BUY
COST,2024-11-20T00:00:00.000000,1,50.83,BUY
COST,2024-11-21T00:00:00.000000,1,50.83,BUY
COST,2024-11-22T00:00:00.000000,1,50.83,BUY
COST,2024-11-25T00:00:00.000000,1,50.83,BUY
COST,2024-11-26T00:00:00.000000,1,50.83,BUY
COST,2024-11-27T00:00:00.000000,1,50.83,BUY
COST,2024-11-29T00:00:00.000000,1,50.83,BUY
COST,2024-12-02T00:00:00.000000,1,50.83,BUY
COST,2024-12-03T00:00:00.000000,1,50.83,BUY
COST,2024-12-04T00:00:00.000000,1,50.83,BUY
COST,2024-12-05T00:00:00.000000,1,49.72,BUY
COST,2024-12-06T00:00:00.000000,1,49.72,BUY
COST,2024-12-09T00:00:00.000000,1,49.72,BUY
COST,2024-12-10T00:00:00.000000,1,49.72,BUY
COST,2024-12-11T00:00:00.000000,1,49.72,BUY
COST,2024-12-12T00:00:00.000000,1,49.72,BUY
COST,2024-12-13T00:00:00.000000,1,49.72,BUY
COST,2024-12-16T00:00:00.000000,1,49.72,BUY
COST,2024-12-17T00:00:00.000000,1,49.72,BUY
COST,2024-12-18T00:00:00.000000,1,49.72,BUY
COST,2024-12-19T00:00:00.000000,1,50.83,BUY
COST,2024-12-20T00:00:00.000000,1,50.83,BUY
CRM,2023-02-21T00:00:00.000000,1,49.72,BUY
CRM,2023-02-22T00:00:00.000000,1,49.72,BUY
CRM,2023-02-23T00:00:00.000000,1,49.72,BUY
CRM,2023-02-24T00:00:00.000000,1,49.72,BUY
CRM,2023-02-27T00:00:00.000000,1,49.72,BUY
CRM,2023-02-28T00:00:00.000000,1,48.51,BUY
CRM,2023-03-01T00:00:00.000000,1,48.51,BUY
CRM,2023-03-02T00:00:00.000000,1,48.51,BUY
CRM,2023-03-03T00:00:00.000000,1,49.72,BUY
CRM,2023-03-06T00:00:00.000000,1,49.72,BUY
CRM,2023-03-07T00:00:00.000000,1,49.72,BUY
CRM,2023-03-08T00:00:00.000000,1,49.72,BUY
CRM,2023-03-09T00:00:00.000000,1,49.72,BUY
CRM,2023-03-10T00:00:00.000000,1,50.83,BUY
CRM,2023-03-13T00:00:00.000000,1,50.83,BUY
CRM,2023-03-14T00:00:00.000000,1,50.83,BUY
CRM,2023-03-15T00:00:00.000000,1,50.83,BUY
CRM,2023-03-16T00:00:00.000000,1,50.83,BUY
CRM,2023-03-17T00:00:00.000000,1,50.83,BUY
CRM,2023-03-20T00:00:00.000000,1,50.83,BUY
CRM,2023-03-21T00:00:00.000000,1,50.83,BUY
CRM,2023-03-22T00:00:00.000000,1,50.83,BUY
CRM,2023-03-23T00:00:00.000000,1,49.72,BUY
CRM,2023-03-24T00:00:00.000000,1,49.72,BUY
CRM,2023-03-27T00:00:00.000000,1,49.72,BUY
CRM,2023-03-28T00:00:00.000000,1,49.72,BUY
CRM,2023-03-29T00:00:00.000000,1,49.72,BUY
CRM,2023-03-30T00:00:00.000000,1,49.72,BUY
CRM,2023-03-31T00:00:00.000000,1,49.72,BUY
CRM,2023-04-03T00:00:00.000000,1,48.51,BUY
CRM,2023-04-04T00:00:00.000000,1,48.51,BUY
CRM,2023-04-05T00:00:00.000000,1,48.51,BUY
CRM,2023-04-06T00:00:00.000000,0,48.51,SELL
CRM,2023-04-10T00:00:00.000000,0,48.51,SELL
CRM,2023-04-11T00:00:00.000000,0,48.51,SELL
CRM,2023-04-12T00:00:00.000000,0,48.51,SELL
CRM,2023-04-13T00:00:00.000000,0,48.51,SELL
CRM,2023-04-14T00:00:00.000000,0,48.51,SELL
CRM,2023-04-17T00:00:00.000000,1,48.51,BUY
CRM,2023-04-18T00:00:00.000000,1,48.51,BUY
CRM,2023-04-19T00:00:00.000000,1,48.51,BUY
CRM,2023-04-20T00:00:00.000000,1,49.72,BUY
CRM,2023-04-21T00:00:00.000000,1,49.72,BUY
CRM,2023-04-24T00:00:00.000000,1,49.72,BUY
CRM,2023-04-25T00:00:00.000000,1,49.72,BUY
CRM,2023-04-26T00:00:00.000000,1,48.51,BUY
CRM,2023-04-27T00:00:00.000000,1,48.51,BUY
CRM,2023-04-28T00:00:00.000000,1,48.51,BUY
CRM,2023-05-01T00:00:00.000000,1,49.72,BUY
CRM,2023-05-02T00:00:00.000000,1,49.72,BUY
CRM,2023-05-03T00:00:00.000000,1,49.72,BUY
CRM,2023-05-04T00:00:00.000000,1,49.72,BUY
CRM,2023-05-05T00:00:00.000000,1,49.72,BUY
CRM,2023-05-08T00:00:00.000000,1,49.72,BUY
CRM,2023-05-09T00:00:00.000000,1,49.72,BUY
CRM,2023-05-10T00:00:00.000000,1,48.51,BUY
CRM,2023-05-11T00:00:00.000000,0,48.51,SELL
CRM,2023-05-12T00:00:00.000000,0,48.51,SELL
CRM,2023-05-15T00:00:00.000000,1,49.72,BUY
CRM,2023-05-16T00:00:00.000000,1,49.72,BUY
CRM,2023-05-17T00:00:00.000000,1,49.72,BUY
CRM,2023-05-18T00:00:00.000000,1,48.51,BUY
CRM,2023-05-19T00:00:00.000000,0,48.51,SELL
CRM,2023-05-22T00:00:00.000000,1,48.51,BUY
CRM,2023-05-23T00:00:00.000000,1,48.51,BUY
CRM,2023-05-24T00:00:00.000000,1,49.72,BUY
CRM,2023-05-25T00:00:00.000000,1,49.72,BUY
CRM,2023-05-26T00:00:00.000000,1,49.72,BUY
CRM,2023-05-30T00:00:00.000000,1,49.72,BUY
CRM,2023-05-31T00:00:00.000000,1,48.51,BUY
CRM,2023-06-01T00:00:00.000000,1,48.51,BUY
CRM,2023-06-02T00:00:00.000000,1,49.72,BUY
CRM,2023-06-05T00:00:00.000000,1,49.72,BUY
CRM,2023-06-06T00:00:00.000000,1,49.72,BUY
CRM,2023-06-07T00:00:00.000000,1,49.72,BUY
CRM,2023-06-08T00:00:00.000000,1,49.72,BUY
CRM,2023-06-09T00:00:00.000000,1,49.72,BUY
CRM,2023-06-12T00:00:00.000000,1,49.72,BUY
CRM,2023-06-13T00:00:00.000000,1,49.72,BUY
CRM,2023-06-14T00:00:00.000000,1,49.72,BUY
CRM,2023-06-15T00:00:00.000000,1,49.72,BUY
CRM,2023-06-16T00:00:00.000000,1,49.72,BUY
CRM,2023-06-20T00:00:00.000000,1,49.72,BUY
CRM,2023-06-21T00:00:00.000000,1,49.72,BUY
CRM,2023-06-22T00:00:00.000000,1,49.72,BUY
CRM,2023-06-23T00:00:00.000000,1,49.72,BUY
CRM,2023-06-26T00:00:00.000000,1,49.72,BUY
CRM,2023-06-27T00:00:00.000000,1,49.72,BUY
CRM,2023-06-28T00:00:00.000000,1,49.72,BUY
CRM,2023-06-29T00:00:00.000000,1,49.72,BUY
CRM,2023-06-30T00:00:00.000000,1,49.72,BUY
CRM,2023-07-03T00:00:00.000000,1,49.72,BUY
CRM,2023-07-05T00:00:00.000000,1,49.72,BUY
CRM,2023-07-06T00:00:00.000000,1,49.72,BUY
CRM,2023-07-07T00:00:00.000000,1,49.72,BUY
CRM,2023-07-10T00:00:00.000000,1,49.72,BUY
CRM,2023-07-11T00:00:00.000000,1,48.51,BUY
CRM,2023-07-12T00:00:00.000000,0,48.51,SELL
CRM,2023-07-13T00:00:00.000000,0,48.51,SELL
CRM,2023-07-14T00:00:00.000000,0,48.51,SELL
CRM,2023-07-17T00:00:00.000000,0,48.51,SELL
CRM,2023-07-18T00:00:00.000000,0,48.51,SELL
CRM,2023-07-19T00:00:00.000000,1,49.72,BUY
CRM,2023-07-20T00:00:00.000000,1,49.72,BUY
CRM,2023-07-21T00:00:00.000000,1,49.72,BUY
CRM,2023-07-24T00:00:00.000000,1,49.72,BUY
CRM,2023-07-25T00:00:00.000000,1,49.72,BUY
CRM,2023-07-26T00:00:00.000000,1,49.72,BUY
CRM,2023-07-27T00:00:00.000000,1,50.83,BUY
CRM,2023-07-28T00:00:00.000000,1,50.83,BUY
CRM,2023-07-31T00:00:00.000000,1,49.72,BUY
CRM,2023-08-01T00:00:00.000000,1,49.72,BUY
CRM,2023-08-02T00:00:00.000000,1,49.72,BUY
CRM,2023-08-03T00:00:00.000000,1,49.72,BUY
CRM,2023-08-04T00:00:00.000000,1,49.72,BUY
CRM,2023-08-07T00:00:00.000000,1,48.51,BUY
CRM,2023-08-08T00:00:00.000000,1,48.51,BUY
CRM,2023-08-09T00:00:00.000000,1,48.51,BUY
CRM,2023-08-10T00:00:00.000000,1,48.51,BUY
CRM,2023-08-11T00:00:00.000000,0,48.51,SELL
CRM,2023-08-14T00:00:00.000000,0,48.51,SELL
CRM,2023-08-15T00:00:00.000000,1,49.72,BUY
CRM,2023-08-16T00:00:00.000000,1,49.72,BUY
CRM,2023-08-17T00:00:00.000000,1,49.72,BUY
CRM,2023-08-18T00:00:00.000000,1,49.72,BUY
CRM,2023-08-21T00:00:00.000000,1,49.72,BUY
CRM,2023-08-22T00:00:00.000000,1,50.83,BUY
CRM,2023-08-23T00:00:00.000000,1,50.83,BUY
CRM,2023-08-24T00:00:00.000000,1,50.83,BUY
CRM,2023-08-25T00:00:00.000000,1,50.83,BUY
CRM,2023-08-28T00:00:00.000000,1,50.83,BUY
CRM,2023-08-29T00:00:00.000000,1,50.83,BUY
CRM,2023-08-30T00:00:00.000000,1,50.83,BUY
CRM,2023-08-31T00:00:00.000000,1,50.83,BUY
CRM,2023-09-01T00:00:00.000000,1,50.83,BUY
CRM,2023-09-05T00:00:00.000000,1,50.83,BUY
CRM,2023-09-06T00:00:00.000000,1,50.83,BUY
CRM,2023-09-07T00:00:00.000000,1,50.83,BUY
CRM,2023-09-08T00:00:00.000000,1,49.72,BUY
CRM,2023-09-11T00:00:00.000000,1,49.72,BUY
CRM,2023-09-12T00:00:00.000000,1,49.72,BUY
CRM,2023-09-13T00:00:00.000000,1,49.72,BUY
CRM,2023-09-14T00:00:00.000000,1,49.72,BUY
CRM,2023-09-15T00:00:00.000000,1,50.83,BUY
CRM,2023-09-18T00:00:00.000000,1,49.72,BUY
CRM,2023-09-19T00:00:00.000000,1,49.72,BUY
CRM,2023-09-20T00:00:00.000000,1,49.72,BUY
CRM,2023-09-21T00:00:00.000000,1,49.72,BUY
CRM,2023-09-22T00:00:00.000000,1,49.72,BUY
CRM,2023-09-25T00:00:00.000000,1,49.72,BUY
CRM,2023-09-26T00:00:00.000000,1,49.72,BUY
CRM,2023-09-27T00:00:00.000000,1,49.72,BUY
CRM,2023-09-28T00:00:00.000000,1,50.83,BUY
CRM,2023-09-29T00:00:00.000000,1,50.83,BUY
CRM,2023-10-02T00:00:00.000000,1,50.83,BUY
CRM,2023-10-03T00:00:00.000000,1,50.83,BUY
CRM,2023-10-04T00:00:00.000000,1,50.83,BUY
CRM,2023-10-05T00:00:00.000000,1,50.83,BUY
CRM,2023-10-06T00:00:00.000000,1,50.83,BUY
CRM,2023-10-09T00:00:00.000000,1,50.83,BUY
CRM,2023-10-10T00:00:00.000000,1,50.83,BUY
CRM,2023-10-11T00:00:00.000000,1,50.83,BUY
CRM,2023-10-12T00:00:00.000000,1,50.83,BUY
CRM,2023-10-13T00:00:00.000000,1,50.83,BUY
CRM,2023-10-16T00:00:00.000000,1,50.83,BUY
CRM,2023-10-17T00:00:00.000000,1,50.83,BUY
CRM,2023-10-18T00:00:00.000000,1,50.83,BUY
CRM,2023-10-19T00:00:00.000000,1,50.83,BUY
CRM,2023-10-20T00:00:00.000000,1,50.83,BUY
CRM,2023-10-23T00:00:00.000000,1,50.83,BUY
CRM,2023-10-24T00:00:00.000000,1,50.83,BUY
CRM,2023-10-25T00:00:00.000000,1,50.83,BUY
CRM,2023-10-26T00:00:00.000000,1,50.83,BUY
CRM,2023-10-27T00:00:00.000000,1,50.83,BUY
CRM,2023-10-30T00:00:00.000000,1,50.83,BUY
CRM,2023-10-31T00:00:00.000000,1,50.83,BUY
CRM,2023-11-01T00:00:00.000000,1,50.83,BUY
CRM,2023-11-02T00:00:00.000000,1,50.83,BUY
CRM,2023-11-03T00:00:00.000000,1,50.83,BUY
CRM,2023-11-06T00:00:00.000000,1,50.83,BUY
CRM,2023-11-07T00:00:00.000000,1,50.83,BUY
CRM,2023-11-08T00:00:00.000000,1,50.83,BUY
CRM,2023-11-09T00:00:00.000000,1,49.72,BUY
CRM,2023-11-10T00:00:00.000000,1,49.72,BUY
CRM,2023-11-13T00:00:00.000000,1,49.72,BUY
CRM,2023-11-14T00:00:00.000000,1,49.72,BUY
CRM,2023-11-15T00:00:00.000000,1,49.72,BUY
CRM,2023-11-16T00:00:00.000000,1,48.51,BUY
CRM,2023-11-17T00:00:00.000000,1,48.51,BUY
CRM,2023-11-20T00:00:00.000000,1,48.51,BUY
CRM,2023-11-21T00:00:00.000000,1,49.72,BUY
CRM,2023-11-22T00:00:00.000000,1,49.72,BUY
CRM,2023-11-24T00:00:00.000000,1,49.72,BUY
CRM,2023-11-27T00:00:00.000000,1,49.72,BUY
CRM,2023-11-28T00:00:00.000000,1,49.72,BUY
CRM,2023-11-29T00:00:00.000000,1,49.72,BUY
CRM,2023-11-30T00:00:00.000000,1,49.72,BUY
CRM,2023-12-01T00:00:00.000000,1,49.72,BUY
CRM,2023-12-04T00:00:00.000000,1,49.72,BUY
CRM,2023-12-05T00:00:00.000000,1,49.72,BUY
CRM,2023-12-06T00:00:00.000000,1,49.72,BUY
CRM,2023-12-07T00:00:00.000000,1,49.72,BUY
CRM,2023-12-08T00:00:00.000000,1,49.72,BUY
CRM,2023-12-11T00:00:00.000000,1,50.83,BUY
CRM,2023-12-12T00:00:00.000000,1,50.83,BUY
CRM,2023-12-13T00:00:00.000000,1,50.83,BUY
CRM,2023-12-14T00:00:00.000000,1,50.83,BUY
CRM,2023-12-15T00:00:00.000000,1,49.72,BUY
CRM,2023-12-18T00:00:00.000000,1,49.72,BUY
CRM,2023-12-19T00:00:00.000000,1,49.72,BUY
CRM,2023-12-20T00:00:00.000000,1,49.72,BUY
CRM,2023-12-21T00:00:00.000000,1,49.72,BUY
CRM,2023-12-22T00:00:00.000000,1,49.72,BUY
CRM,2023-12-26T00:00:00.000000,1,49.72,BUY
CRM,2023-12-27T00:00:00.000000,1,49.72,BUY
CRM,2023-12-28T00:00:00.000000,1,49.72,BUY
CRM,2023-12-29T00:00:00.000000,1,49.72,BUY
CRM,2024-01-02T00:00:00.000000,1,49.72,BUY
CRM,2024-01-03T00:00:00.000000,1,49.72,BUY
CRM,2024-01-04T00:00:00.000000,1,49.72,BUY
CRM,2024-01-05T00:00:00.000000,1,49.72,BUY
CRM,2024-01-08T00:00:00.000000,1,49.72,BUY
CRM,2024-01-09T00:00:00.000000,1,49.72,BUY
CRM,2024-01-10T00:00:00.000000,1,48.51,BUY
CRM,2024-01-11T00:00:00.000000,1,48.51,BUY
CRM,2024-01-12T00:00:00.000000,1,48.51,BUY
CRM,2024-01-16T00:00:00.000000,1,48.51,BUY
CRM,2024-01-17T00:00:00.000000,1,49.72,BUY
CRM,2024-01-18T00:00:00.000000,1,48.51,BUY
CRM,2024-01-19T00:00:00.000000,1,48.51,BUY
CRM,2024-01-22T00:00:00.000000,1,48.51,BUY
CRM,2024-01-23T00:00:00.000000,1,48.51,BUY
CRM,2024-01-24T00:00:00.000000,1,48.51,BUY
CRM,2024-01-25T00:00:00.000000,1,48.51,BUY
CRM,2024-01-26T00:00:00.000000,1,48.51,BUY
CRM,2024-01-29T00:00:00.000000,1,48.51,BUY
CRM,2024-01-30T00:00:00.000000,0,48.51,SELL
CRM,2024-01-31T00:00:00.000000,0,48.51,SELL
CRM,2024-02-01T00:00:00.000000,0,48.51,SELL
CRM,2024-02-02T00:00:00.000000,0,48.51,SELL
CRM,2024-02-05T00:00:00.000000,1,48.51,BUY
CRM,2024-02-06T00:00:00.000000,1,48.51,BUY
CRM,2024-02-07T00:00:00.000000,0,48.51,SELL
CRM,2024-02-08T00:00:00.000000,0,48.51,SELL
CRM,2024-02-09T00:00:00.000000,0,48.51,SELL
CRM,2024-02-12T00:00:00.000000,0,48.51,SELL
CRM,2024-02-13T00:00:00.000000,1,48.51,BUY
CRM,2024-02-14T00:00:00.000000,1,48.51,BUY
CRM,2024-02-15T00:00:00.000000,0,48.51,SELL
CRM,2024-02-16T00:00:00.000000,0,48.51,SELL
CRM,2024-02-20T00:00:00.000000,0,48.51,SELL
CRM,2024-02-21T00:00:00.000000,0,48.51,SELL
CRM,2024-02-22T00:00:00.000000,0,48.51,SELL
CRM,2024-02-23T00:00:00.000000,0,48.51,SELL
CRM,2024-02-26T00:00:00.000000,0,48.51,SELL
CRM,2024-02-27T00:00:00.000000,0,48.51,SELL
CRM,2024-02-28T00:00:00.000000,0,48.51,SELL
CRM,2024-02-29T00:00:00.000000,0,48.51,SELL
CRM,2024-03-01T00:00:00.000000,0,48.51,SELL
CRM,2024-03-04T00:00:00.000000,0,48.51,SELL
CRM,2024-03-05T00:00:00.000000,1,48.51,BUY
CRM,2024-03-06T00:00:00.000000,1,49.72,BUY
CRM,2024-03-07T00:00:00.000000,1,49.72,BUY
CRM,2024-03-08T00:00:00.000000,1,49.72,BUY
CRM,2024-03-11T00:00:00.000000,1,49.72,BUY
CRM,2024-03-12T00:00:00.000000,1,49.72,BUY
CRM,2024-03-13T00:00:00.000000,1,49.72,BUY
CRM,2024-03-14T00:00:00.000000,1,49.72,BUY
CRM,2024-03-15T00:00:00.000000,1,49.72,BUY
CRM,2024-03-18T00:00:00.000000,1,49.72,BUY
CRM,2024-03-19T00:00:00.000000,1,49.72,BUY
CRM,2024-03-20T00:00:00.000000,1,49.72,BUY
CRM,2024-03-21T00:00:00.000000,1,49.72,BUY
CRM,2024-03-22T00:00:00.000000,1,49.72,BUY
CRM,2024-03-25T00:00:00.000000,1,49.72,BUY
CRM,2024-03-26T00:00:00.000000,1,49.72,BUY
CRM,2024-03-27T00:00:00.000000,1,49.72,BUY
CRM,2024-03-28T00:00:00.000000,1,48.51,BUY
CRM,2024-04-01T00:00:00.000000,1,48.51,BUY
CRM,2024-04-02T00:00:00.000000,0,48.51,SELL
CRM,2024-04-03T00:00:00.000000,0,48.51,SELL
CRM,2024-04-04T00:00:00.000000,0,48.51,SELL
CRM,2024-04-05T00:00:00.000000,0,48.51,SELL
CRM,2024-04-08T00:00:00.000000,1,48.51,BUY
CRM,2024-04-09T00:00:00.000000,0,48.51,SELL
CRM,2024-04-10T00:00:00.000000,1,48.51,BUY
CRM,2024-04-11T00:00:00.000000,1,48.51,BUY
CRM,2024-04-12T00:00:00.000000,1,48.51,BUY
CRM,2024-04-15T00:00:00.000000,1,49.72,BUY
CRM,2024-04-16T00:00:00.000000,1,49.72,BUY
CRM,2024-04-17T00:00:00.000000,1,50.83,BUY
CRM,2024-04-18T00:00:00.000000,1,50.83,BUY
CRM,2024-04-19T00:00:00.000000,1,50.83,BUY
CRM,2024-04-22T00:00:00.000000,1,50.83,BUY
CRM,2024-04-23T00:00:00.000000,1,50.83,BUY
CRM,2024-04-24T00:00:00.000000,1,50.83,BUY
CRM,2024-04-25T00:00:00.000000,1,50.83,BUY
CRM,2024-04-26T00:00:00.000000,1,50.83,BUY
CRM,2024-04-29T00:00:00.000000,1,50.83,BUY
CRM,2024-04-30T00:00:00.000000,1,50.83,BUY
CRM,2024-05-01T00:00:00.000000,1,50.83,BUY
CRM,2024-05-02T00:00:00.000000,1,50.83,BUY
CRM,2024-05-03T00:00:00.000000,1,50.83,BUY
CRM,2024-05-06T00:00:00.000000,1,50.83,BUY
CRM,2024-05-07T00:00:00.000000,1,50.83,BUY
CRM,2024-05-08T00:00:00.000000,1,50.83,BUY
CRM,2024-05-09T00:00:00.000000,1,50.83,BUY
CRM,2024-05-10T00:00:00.000000,1,50.83,BUY
CRM,2024-05-13T00:00:00.000000,1,50.83,BUY
CRM,2024-05-14T00:00:00.000000,1,49.72,BUY
CRM,2024-05-15T00:00:00.000000,1,49.72,BUY
CRM,2024-05-16T00:00:00.000000,1,49.72,BUY
CRM,2024-05-17T00:00:00.000000,1,49.72,BUY
CRM,2024-05-20T00:00:00.000000,1,49.72,BUY
CRM,2024-05-21T00:00:00.000000,1,49.72,BUY
CRM,2024-05-22T00:00:00.000000,1,49.72,BUY
CRM,2024-05-23T00:00:00.000000,1,49.72,BUY
CRM,2024-05-24T00:00:00.000000,1,49.72,BUY
CRM,2024-05-28T00:00:00.000000,1,49.72,BUY
CRM,2024-05-29T00:00:00.000000,1,49.72,BUY
CRM,2024-05-30T00:00:00.000000,1,49.72,BUY
CRM,2024-05-31T00:00:00.000000,1,49.72,BUY
CRM,2024-06-03T00:00:00.000000,1,49.72,BUY
CRM,2024-06-04T00:00:00.000000,1,49.72,BUY
CRM,2024-06-05T00:00:00.000000,1,50.83,BUY
CRM,2024-06-06T00:00:00.000000,1,50.83,BUY
CRM,2024-06-07T00:00:00.000000,1,50.83,BUY
CRM,2024-06-10T00:00:00.000000,1,50.83,BUY
CRM,2024-06-11T00:00:00.000000,1,50.83,BUY
CRM,2024-06-12T00:00:00.000000,1,50.83,BUY
CRM,2024-06-13T00:00:00.000000,1,50.83,BUY
CRM,2024-06-14T00:00:00.000000,1,50.83,BUY
CRM,2024-06-17T00:00:00.000000,1,50.83,BUY
CRM,2024-06-18T00:00:00.000000,1,50.83,BUY
CRM,2024-06-20T00:00:00.000000,1,50.83,BUY
CRM,2024-06-21T00:00:00.000000,1,50.83,BUY
CRM,2024-06-24T00:00:00.000000,1,50.83,BUY
CRM,2024-06-25T00:00:00.000000,1,50.83,BUY
CRM,2024-06-26T00:00:00.000000,1,50.83,BUY
CRM,2024-06-27T00:00:00.000000,1,50.83,BUY
CRM,2024-06-28T00:00:00.000000,1,50.83,BUY
CRM,2024-07-01T00:00:00.000000,1,50.83,BUY
CRM,2024-07-02T00:00:00.000000,1,50.83,BUY
CRM,2024-07-03T00:00:00.000000,1,50.83,BUY
CRM,2024-07-05T00:00:00.000000,1,50.83,BUY
CRM,2024-07-08T00:00:00.000000,1,50.83,BUY
CRM,2024-07-09T00:00:00.000000,1,50.83,BUY
CRM,2024-07-10T00:00:00.000000,1,50.83,BUY
CRM,2024-07-11T00:00:00.000000,1,50.83,BUY
CRM,2024-07-12T00:00:00.000000,1,50.83,BUY
CRM,2024-07-15T00:00:00.000000,1,50.83,BUY
CRM,2024-07-16T00:00:00.000000,1,50.83,BUY
CRM,2024-07-17T00:00:00.000000,1,49.72,BUY
CRM,2024-07-18T00:00:00.000000,1,49.72,BUY
CRM,2024-07-19T00:00:00.000000,1,49.72,BUY
CRM,2024-07-22T00:00:00.000000,1,49.72,BUY
CRM,2024-07-23T00:00:00.000000,1,49.72,BUY
CRM,2024-07-24T00:00:00.000000,1,49.72,BUY
CRM,2024-07-25T00:00:00.000000,1,49.72,BUY
CRM,2024-07-26T00:00:00.000000,1,49.72,BUY
CRM,2024-07-29T00:00:00.000000,1,50.83,BUY
CRM,2024-07-30T00:00:00.000000,1,50.83,BUY
CRM,2024-07-31T00:00:00.000000,1,50.83,BUY
CRM,2024-08-01T00:00:00.000000,1,50.83,BUY
CRM,2024-08-02T00:00:00.000000,1,50.83,BUY
CRM,2024-08-05T00:00:00.000000,1,50.83,BUY
CRM,2024-08-06T00:00:00.000000,1,50.83,BUY
CRM,2024-08-07T00:00:00.000000,1,50.83,BUY
CRM,2024-08-08T00:00:00.000000,1,50.83,BUY
CRM,2024-08-09T00:00:00.000000,1,50.83,BUY
CRM,2024-08-12T00:00:00.000000,1,50.83,BUY
CRM,2024-08-13T00:00:00.000000,1,50.83,BUY
CRM,2024-08-14T00:00:00.000000,1,50.83,BUY
CRM,2024-08-15T00:00:00.000000,1,50.83,BUY
CRM,2024-08-16T00:00:00.000000,1,50.83,BUY
CRM,2024-08-19T00:00:00.000000,1,50.83,BUY
CRM,2024-08-20T00:00:00.000000,1,49.72,BUY
CRM,2024-08-21T00:00:00.000000,1,49.72,BUY
CRM,2024-08-22T00:00:00.000000,1,49.72,BUY
CRM,2024-08-23T00:00:00.000000,1,49.72,BUY
CRM,2024-08-26T00:00:00.000000,1,49.72,BUY
CRM,2024-08-27T00:00:00.000000,1,49.72,BUY
CRM,2024-08-28T00:00:00.000000,1,49.72,BUY
CRM,2024-08-29T00:00:00.000000,1,49.72,BUY
CRM,2024-08-30T00:00:00.000000,1,49.72,BUY
CRM,2024-09-03T00:00:00.000000,1,49.72,BUY
CRM,2024-09-04T00:00:00.000000,1,49.72,BUY
CRM,2024-09-05T00:00:00.000000,1,49.72,BUY
CRM,2024-09-06T00:00:00.000000,1,49.72,BUY
CRM,2024-09-09T00:00:00.000000,1,49.72,BUY
CRM,2024-09-10T00:00:00.000000,1,49.72,BUY
CRM,2024-09-11T00:00:00.000000,1,50.83,BUY
CRM,2024-09-12T00:00:00.000000,1,50.83,BUY
CRM,2024-09-13T00:00:00.000000,1,50.83,BUY
CRM,2024-09-16T00:00:00.000000,1,50.83,BUY
CRM,2024-09-17T00:00:00.000000,1,50.83,BUY
CRM,2024-09-18T00:00:00.000000,1,50.83,BUY
CRM,2024-09-19T00:00:00.000000,1,50.83,BUY
CRM,2024-09-20T00:00:00.000000,1,50.83,BUY
CRM,2024-09-23T00:00:00.000000,1,50.83,BUY
CRM,2024-09-24T00:00:00.000000,1,49.72,BUY
CRM,2024-09-25T00:00:00.000000,1,49.72,BUY
CRM,2024-09-26T00:00:00.000000,1,49.72,BUY
CRM,2024-09-27T00:00:00.000000,1,49.72,BUY
CRM,2024-09-30T00:00:00.000000,1,49.72,BUY
CRM,2024-10-01T00:00:00.000000,1,49.72,BUY
CRM,2024-10-02T00:00:00.000000,1,49.72,BUY
CRM,2024-10-03T00:00:00.000000,1,49.72,BUY
CRM,2024-10-04T00:00:00.000000,1,49.72,BUY
CRM,2024-10-07T00:00:00.000000,1,49.72,BUY
CRM,2024-10-08T00:00:00.000000,1,49.72,BUY
CRM,2024-10-09T00:00:00.000000,1,50.83,BUY
CRM,2024-10-10T00:00:00.000000,1,50.83,BUY
CRM,2024-10-11T00:00:00.000000,1,50.83,BUY
CRM,2024-10-14T00:00:00.000000,1,50.83,BUY
CRM,2024-10-15T00:00:00.000000,1,49.72,BUY
CRM,2024-10-16T00:00:00.000000,1,49.72,BUY
CRM,2024-10-17T00:00:00.000000,1,49.72,BUY
CRM,2024-10-18T00:00:00.000000,1,49.72,BUY
CRM,2024-10-21T00:00:00.000000,1,49.72,BUY
CRM,2024-10-22T00:00:00.000000,1,49.72,BUY
CRM,2024-10-23T00:00:00.000000,1,49.72,BUY
CRM,2024-10-24T00:00:00.000000,1,49.72,BUY
CRM,2024-10-25T00:00:00.000000,1,49.72,BUY
CRM,2024-10-28T00:00:00.000000,1,49.72,BUY
CRM,2024-10-29T00:00:00.000000,1,49.72,BUY
CRM,2024-10-30T00:00:00.000000,1,49.72,BUY
CRM,2024-10-31T00:00:00.000000,1,49.72,BUY
CRM,2024-11-01T00:00:00.000000,1,49.72,BUY
CRM,2024-11-04T00:00:00.000000,1,49.72,BUY
CRM,2024-11-05T00:00:00.000000,1,49.72,BUY
CRM,2024-11-06T00:00:00.000000,1,49.72,BUY
CRM,2024-11-07T00:00:00.000000,1,49.72,BUY
CRM,2024-11-08T00:00:00.000000,1,48.51,BUY
CRM,2024-11-11T00:00:00.000000,0,48.51,SELL
CRM,2024-11-12T00:00:00.000000,0,48.51,SELL
CRM,2024-11-13T00:00:00.000000,0,48.51,SELL
CRM,2024-11-14T00:00:00.000000,0,48.51,SELL
CRM,2024-11-15T00:00:00.000000,0,48.51,SELL
CRM,2024-11-18T00:00:00.000000,0,48.51,SELL
CRM,2024-11-19T00:00:00.000000,1,48.51,BUY
CRM,2024-11-20T00:00:00.000000,1,49.72,BUY
CRM,2024-11-21T00:00:00.000000,1,49.72,BUY
CRM,2024-11-22T00:00:00.000000,1,50.83,BUY
CRM,2024-11-25T00:00:00.000000,1,50.83,BUY
CRM,2024-11-26T00:00:00.000000,1,50.83,BUY
CRM,2024-11-27T00:00:00.000000,1,49.72,BUY
CRM,2024-11-29T00:00:00.000000,1,49.72,BUY
CRM,2024-12-02T00:00:00.000000,1,49.72,BUY
CRM,2024-12-03T00:00:00.000000,1,49.72,BUY
CRM,2024-12-04T00:00:00.000000,1,49.72,BUY
CRM,2024-12-05T00:00:00.000000,1,49.72,BUY
CRM,2024-12-06T00:00:00.000000,1,49.72,BUY
CRM,2024-12-09T00:00:00.000000,1,49.72,BUY
CRM,2024-12-10T00:00:00.000000,1,49.72,BUY
CRM,2024-12-11T00:00:00.000000,1,49.72,BUY
CRM,2024-12-12T00:00:00.000000,1,49.72,BUY
CRM,2024-12-13T00:00:00.000000,1,49.72,BUY
CRM,2024-12-16T00:00:00.000000,1,49.72,BUY
CRM,2024-12-17T00:00:00.000000,1,50.83,BUY
CRM,2024-12-18T00:00:00.000000,1,50.83,BUY
CRM,2024-12-19T00:00:00.000000,1,50.83,BUY
CRM,2024-12-20T00:00:00.000000,1,50.83,BUY
CVS,2023-02-21T00:00:00.000000,0,48.51,SELL
CVS,2023-02-22T00:00:00.000000,0,48.51,SELL
CVS,2023-02-23T00:00:00.000000,1,48.51,BUY
CVS,2023-02-24T00:00:00.000000,1,48.51,BUY
CVS,2023-02-27T00:00:00.000000,1,49.72,BUY
CVS,2023-02-28T00:00:00.000000,1,48.51,BUY
CVS,2023-03-01T00:00:00.000000,1,48.51,BUY
CVS,2023-03-02T00:00:00.000000,1,48.51,BUY
CVS,2023-03-03T00:00:00.000000,1,49.72,BUY
CVS,2023-03-06T00:00:00.000000,1,49.72,BUY
CVS,2023-03-07T00:00:00.000000,1,49.72,BUY
CVS,2023-03-08T00:00:00.000000,1,49.72,BUY
CVS,2023-03-09T00:00:00.000000,1,49.72,BUY
CVS,2023-03-10T00:00:00.000000,0,48.51,SELL
CVS,2023-03-13T00:00:00.000000,0,48.51,SELL
CVS,2023-03-14T00:00:00.000000,0,44.85,SELL
CVS,2023-03-15T00:00:00.000000,0,38.31,SELL
CVS,2023-03-16T00:00:00.000000,0,38.31,SELL
CVS,2023-03-17T00:00:00.000000,0,32.82,SELL
CVS,2023-03-20T00:00:00.000000,0,38.31,SELL
CVS,2023-03-21T00:00:00.000000,0,44.85,SELL
CVS,2023-03-22T00:00:00.000000,0,38.31,SELL
CVS,2023-03-23T00:00:00.000000,0,38.1,SELL
CVS,2023-03-24T00:00:00.000000,0,32.82,SELL
CVS,2023-03-27T00:00:00.000000,0,32.82,SELL
CVS,2023-03-28T00:00:00.000000,0,32.82,SELL
CVS,2023-03-29T00:00:00.000000,0,32.82,SELL
CVS,2023-03-30T00:00:00.000000,0,32.82,SELL
CVS,2023-03-31T00:00:00.000000,0,32.82,SELL
CVS,2023-04-03T00:00:00.000000,0,32.82,SELL
CVS,2023-04-04T00:00:00.000000,0,32.82,SELL
CVS,2023-04-05T00:00:00.000000,0,37.5,SELL
CVS,2023-04-06T00:00:00.000000,0,32.82,SELL
CVS,2023-04-10T00:00:00.000000,0,36.84,SELL
CVS,2023-04-11T00:00:00.000000,0,38.31,SELL
CVS,2023-04-12T00:00:00.000000,0,38.31,SELL
CVS,2023-04-13T00:00:00.000000,0,44.85,SELL
CVS,2023-04-14T00:00:00.000000,0,48.51,SELL
CVS,2023-04-17T00:00:00.000000,0,48.51,SELL
CVS,2023-04-18T00:00:00.000000,0,48.51,SELL
CVS,2023-04-19T00:00:00.000000,0,48.51,SELL
CVS,2023-04-20T00:00:00.000000,0,48.51,SELL
CVS,2023-04-21T00:00:00.000000,0,48.51,SELL
CVS,2023-04-24T00:00:00.000000,0,48.51,SELL
CVS,2023-04-25T00:00:00.000000,0,44.85,SELL
CVS,2023-04-26T00:00:00.000000,0,44.85,SELL
CVS,2023-04-27T00:00:00.000000,0,40.62,SELL
CVS,2023-04-28T00:00:00.000000,0,44.85,SELL
CVS,2023-05-01T00:00:00.000000,0,44.85,SELL
CVS,2023-05-02T00:00:00.000000,0,48.51,SELL
CVS,2023-05-03T00:00:00.000000,0,44.85,SELL
CVS,2023-05-04T00:00:00.000000,0,44.85,SELL
CVS,2023-05-05T00:00:00.000000,0,45.45,SELL
CVS,2023-05-08T00:00:00.000000,0,48.51,SELL
CVS,2023-05-09T00:00:00.000000,0,48.51,SELL
CVS,2023-05-10T00:00:00.000000,0,48.51,SELL
CVS,2023-05-11T00:00:00.000000,0,48.51,SELL
CVS,2023-05-12T00:00:00.000000,0,48.51,SELL
CVS,2023-05-15T00:00:00.000000,0,48.51,SELL
CVS,2023-05-16T00:00:00.000000,1,48.51,BUY
CVS,2023-05-17T00:00:00.000000,0,48.51,SELL
CVS,2023-05-18T00:00:00.000000,0,48.51,SELL
CVS,2023-05-19T00:00:00.000000,0,48.51,SELL
CVS,2023-05-22T00:00:00.000000,0,48.51,SELL
CVS,2023-05-23T00:00:00.000000,0,48.51,SELL
CVS,2023-05-24T00:00:00.000000,0,48.51,SELL
CVS,2023-05-25T00:00:00.000000,0,48.51,SELL
CVS,2023-05-26T00:00:00.000000,0,44.85,SELL
CVS,2023-05-30T00:00:00.000000,0,40.62,SELL
CVS,2023-05-31T00:00:00.000000,0,44.85,SELL
CVS,2023-06-01T00:00:00.000000,0,38.31,SELL
CVS,2023-06-02T00:00:00.000000,0,44.85,SELL
CVS,2023-06-05T00:00:00.000000,0,48.51,SELL
CVS,2023-06-06T00:00:00.000000,0,48.51,SELL
CVS,2023-06-07T00:00:00.000000,0,48.51,SELL
CVS,2023-06-08T00:00:00.000000,0,48.51,SELL
CVS,2023-06-09T00:00:00.000000,0,48.51,SELL
CVS,2023-06-12T00:00:00.000000,1,48.51,BUY
CVS,2023-06-13T00:00:00.000000,1,49.72,BUY
CVS,2023-06-14T00:00:00.000000,1,49.72,BUY
CVS,2023-06-15T00:00:00.000000,1,49.72,BUY
CVS,2023-06-16T00:00:00.000000,1,49.72,BUY
CVS,2023-06-20T00:00:00.000000,1,49.72,BUY
CVS,2023-06-21T00:00:00.000000,1,49.72,BUY
CVS,2023-06-22T00:00:00.000000,1,48.51,BUY
CVS,2023-06-23T00:00:00.000000,1,48.51,BUY
CVS,2023-06-26T00:00:00.000000,0,48.51,SELL
CVS,2023-06-27T00:00:00.000000,0,48.51,SELL
CVS,2023-06-28T00:00:00.000000,0,48.51,SELL
CVS,2023-06-29T00:00:00.000000,0,48.51,SELL
CVS,2023-06-30T00:00:00.000000,0,48.51,SELL
CVS,2023-07-03T00:00:00.000000,0,48.51,SELL
CVS,2023-07-05T00:00:00.000000,0,48.51,SELL
CVS,2023-07-06T00:00:00.000000,0,48.51,SELL
CVS,2023-07-07T00:00:00.000000,0,48.51,SELL
CVS,2023-07-10T00:00:00.000000,0,45.45,SELL
CVS,2023-07-11T00:00:00.000000,0,44.85,SELL
CVS,2023-07-12T00:00:00.000000,0,44.85,SELL
CVS,2023-07-13T00:00:00.000000,0,44.85,SELL
CVS,2023-07-14T00:00:00.000000,0,44.85,SELL
CVS,2023-07-17T00:00:00.000000,0,48.51,SELL
CVS,2023-07-18T00:00:00.000000,0,48.51,SELL
CVS,2023-07-19T00:00:00.000000,0,48.51,SELL
CVS,2023-07-20T00:00:00.000000,0,48.51,SELL
CVS,2023-07-21T00:00:00.000000,0,44.85,SELL
CVS,2023-07-24T00:00:00.000000,0,38.31,SELL
CVS,2023-07-25T00:00:00.000000,0,38.31,SELL
CVS,2023-07-26T00:00:00.000000,0,38.31,SELL
CVS,2023-07-27T00:00:00.000000,0,38.31,SELL
CVS,2023-07-28T00:00:00.000000,0,38.31,SELL
CVS,2023-07-31T00:00:00.000000,0,38.31,SELL
CVS,2023-08-01T00:00:00.000000,0,38.31,SELL
CVS,2023-08-02T00:00:00.000000,0,38.31,SELL
CVS,2023-08-03T00:00:00.000000,0,44.85,SELL
CVS,2023-08-04T00:00:00.000000,0,45.45,SELL
CVS,2023-08-07T00:00:00.000000,0,48.51,SELL
CVS,2023-08-08T00:00:00.000000,0,48.51,SELL
CVS,2023-08-09T00:00:00.000000,0,48.51,SELL
CVS,2023-08-10T00:00:00.000000,0,44.85,SELL
CVS,2023-08-11T00:00:00.000000,0,44.85,SELL
CVS,2023-08-14T00:00:00.000000,0,44.85,SELL
CVS,2023-08-15T00:00:00.000000,0,44.85,SELL
CVS,2023-08-16T00:00:00.000000,0,48.51,SELL
CVS,2023-08-17T00:00:00.000000,0,48.51,SELL
CVS,2023-08-18T00:00:00.000000,0,48.51,SELL
CVS,2023-08-21T00:00:00.000000,0,48.51,SELL
CVS,2023-08-22T00:00:00.000000,0,48.51,SELL
CVS,2023-08-23T00:00:00.000000,1,49.72,BUY
CVS,2023-08-24T00:00:00.000000,1,49.72,BUY
CVS,2023-08-25T00:00:00.000000,0,48.51,SELL
CVS,2023-08-28T00:00:00.000000,1,48.51,BUY
CVS,2023-08-29T00:00:00.000000,0,48.51,SELL
CVS,2023-08-30T00:00:00.000000,0,48.51,SELL
CVS,2023-08-31T00:00:00.000000,0,38.31,SELL
CVS,2023-09-01T00:00:00.000000,0,38.31,SELL
CVS,2023-09-05T00:00:00.000000,0,38.31,SELL
CVS,2023-09-06T00:00:00.000000,0,44.85,SELL
CVS,2023-09-07T00:00:00.000000,0,44.85,SELL
CVS,2023-09-08T00:00:00.000000,0,44.85,SELL
CVS,2023-09-11T00:00:00.000000,0,38.31,SELL
CVS,2023-09-12T00:00:00.000000,0,38.31,SELL
CVS,2023-09-13T00:00:00.000000,0,38.31,SELL
CVS,2023-09-14T00:00:00.000000,0,44.85,SELL
CVS,2023-09-15T00:00:00.000000,0,48.51,SELL
CVS,2023-09-18T00:00:00.000000,0,48.51,SELL
CVS,2023-09-19T00:00:00.000000,1,48.51,BUY
CVS,2023-09-20T00:00:00.000000,1,49.72,BUY
CVS,2023-09-21T00:00:00.000000,1,49.72,BUY
CVS,2023-09-22T00:00:00.000000,1,49.72,BUY
CVS,2023-09-25T00:00:00.000000,1,49.72,BUY
CVS,2023-09-26T00:00:00.000000,1,49.72,BUY
CVS,2023-09-27T00:00:00.000000,1,50.83,BUY
CVS,2023-09-28T00:00:00.000000,1,49.72,BUY
CVS,2023-09-29T00:00:00.000000,1,49.72,BUY
CVS,2023-10-02T00:00:00.000000,1,49.72,BUY
CVS,2023-10-03T00:00:00.000000,1,50.83,BUY
CVS,2023-10-04T00:00:00.000000,1,50.83,BUY
CVS,2023-10-05T00:00:00.000000,1,50.83,BUY
CVS,2023-10-06T00:00:00.000000,1,50.83,BUY
CVS,2023-10-09T00:00:00.000000,1,50.83,BUY
CVS,2023-10-10T00:00:00.000000,1,50.83,BUY
CVS,2023-10-11T00:00:00.000000,1,49.72,BUY
CVS,2023-10-12T00:00:00.000000,1,49.72,BUY
CVS,2023-10-13T00:00:00.000000,1,49.72,BUY
CVS,2023-10-16T00:00:00.000000,1,48.51,BUY
CVS,2023-10-17T00:00:00.000000,1,49.72,BUY
CVS,2023-10-18T00:00:00.000000,1,49.72,BUY
CVS,2023-10-19T00:00:00.000000,1,49.72,BUY
CVS,2023-10-20T00:00:00.000000,1,49.72,BUY
CVS,2023-10-23T00:00:00.000000,1,49.72,BUY
CVS,2023-10-24T00:00:00.000000,1,49.72,BUY
CVS,2023-10-25T00:00:00.000000,1,49.72,BUY
CVS,2023-10-26T00:00:00.000000,1,49.72,BUY
CVS,2023-10-27T00:00:00.000000,1,49.72,BUY
CVS,2023-10-30T00:00:00.000000,1,49.72,BUY
CVS,2023-10-31T00:00:00.000000,1,49.72,BUY
CVS,2023-11-01T00:00:00.000000,1,50.83,BUY
CVS,2023-11-02T00:00:00.000000,1,50.83,BUY
CVS,2023-11-03T00:00:00.000000,1,50.83,BUY
CVS,2023-11-06T00:00:00.000000,1,49.72,BUY
CVS,2023-11-07T00:00:00.000000,1,49.72,BUY
CVS,2023-11-08T00:00:00.000000,1,48.51,BUY
CVS,2023-11-09T00:00:00.000000,0,48.51,SELL
CVS,2023-11-10T00:00:00.000000,0,48.51,SELL
CVS,2023-11-13T00:00:00.000000,0,44.85,SELL
CVS,2023-11-14T00:00:00.000000,0,38.31,SELL
CVS,2023-11-15T00:00:00.000000,0,38.31,SELL
CVS,2023-11-16T00:00:00.000000,0,38.31,SELL
CVS,2023-11-17T00:00:00.000000,0,38.31,SELL
CVS,2023-11-20T00:00:00.000000,0,35.29,SELL
CVS,2023-11-21T00:00:00.000000,0,36.84,SELL
CVS,2023-11-22T00:00:00.000000,0,36.84,SELL
CVS,2023-11-24T00:00:00.000000,0,38.1,SELL
CVS,2023-11-27T00:00:00.000000,0,38.31,SELL
CVS,2023-11-28T00:00:00.000000,0,38.31,SELL
CVS,2023-11-29T00:00:00.000000,0,38.31,SELL
CVS,2023-11-30T00:00:00.000000,0,44.85,SELL
CVS,2023-12-01T00:00:00.000000,0,44.85,SELL
CVS,2023-12-04T00:00:00.000000,0,44.85,SELL
CVS,2023-12-05T00:00:00.000000,0,44.85,SELL
CVS,2023-12-06T00:00:00.000000,0,44.85,SELL
CVS,2023-12-07T00:00:00.000000,0,44.85,SELL
CVS,2023-12-08T00:00:00.000000,0,44.85,SELL
CVS,2023-12-11T00:00:00.000000,0,44.85,SELL
CVS,2023-12-12T00:00:00.000000,0,48.51,SELL
CVS,2023-12-13T00:00:00.000000,0,48.51,SELL
CVS,2023-12-14T00:00:00.000000,0,48.51,SELL
CVS,2023-12-15T00:00:00.000000,0,48.51,SELL
CVS,2023-12-18T00:00:00.000000,0,48.51,SELL
CVS,2023-12-19T00:00:00.000000,0,48.51,SELL
CVS,2023-12-20T00:00:00.000000,0,48.51,SELL
CVS,2023-12-21T00:00:00.000000,0,48.51,SELL
CVS,2023-12-22T00:00:00.000000,0,48.51,SELL
CVS,2023-12-26T00:00:00.000000,0,44.85,SELL
CVS,2023-12-27T00:00:00.000000,0,38.31,SELL
CVS,2023-12-28T00:00:00.000000,0,38.31,SELL
CVS,2023-12-29T00:00:00.000000,0,40.62,SELL
CVS,2024-01-02T00:00:00.000000,0,44.85,SELL
CVS,2024-01-03T00:00:00.000000,0,44.85,SELL
CVS,2024-01-04T00:00:00.000000,0,38.31,SELL
CVS,2024-01-05T00:00:00.000000,0,44.85,SELL
CVS,2024-01-08T00:00:00.000000,0,44.85,SELL
CVS,2024-01-09T00:00:00.000000,0,44.85,SELL
CVS,2024-01-10T00:00:00.000000,0,44.85,SELL
CVS,2024-01-11T00:00:00.000000,0,48.51,SELL
CVS,2024-01-12T00:00:00.000000,0,48.51,SELL
CVS,2024-01-16T00:00:00.000000,0,48.51,SELL
CVS,2024-01-17T00:00:00.000000,0,48.51,SELL
CVS,2024-01-18T00:00:00.000000,0,48.51,SELL
CVS,2024-01-19T00:00:00.000000,0,48.51,SELL
CVS,2024-01-22T00:00:00.000000,0,48.51,SELL
CVS,2024-01-23T00:00:00.000000,0,48.51,SELL
CVS,2024-01-24T00:00:00.000000,0,44.85,SELL
CVS,2024-01-25T00:00:00.000000,0,38.31,SELL
CVS,2024-01-26T00:00:00.000000,0,38.31,SELL
CVS,2024-01-29T00:00:00.000000,0,37.5,SELL
CVS,2024-01-30T00:00:00.000000,0,32.82,SELL
CVS,2024-01-31T00:00:00.000000,0,32.82,SELL
CVS,2024-02-01T00:00:00.000000,0,32.82,SELL
CVS,2024-02-02T00:00:00.000000,0,32.82,SELL
CVS,2024-02-05T00:00:00.000000,0,32.82,SELL
CVS,2024-02-06T00:00:00.000000,0,36.84,SELL
CVS,2024-02-07T00:00:00.000000,0,38.31,SELL
CVS,2024-02-08T00:00:00.000000,0,38.31,SELL
CVS,2024-02-09T00:00:00.000000,0,44.85,SELL
CVS,2024-02-12T00:00:00.000000,0,48.51,SELL
CVS,2024-02-13T00:00:00.000000,0,48.51,SELL
CVS,2024-02-14T00:00:00.000000,1,49.72,BUY
CVS,2024-02-15T00:00:00.000000,1,49.72,BUY
CVS,2024-02-16T00:00:00.000000,1,49.72,BUY
CVS,2024-02-20T00:00:00.000000,1,48.51,BUY
CVS,2024-02-21T00:00:00.000000,1,48.51,BUY
CVS,2024-02-22T00:00:00.000000,1,48.51,BUY
CVS,2024-02-23T00:00:00.000000,0,48.51,SELL
CVS,2024-02-26T00:00:00.000000,0,48.51,SELL
CVS,2024-02-27T00:00:00.000000,0,48.51,SELL
CVS,2024-02-28T00:00:00.000000,0,48.51,SELL
CVS,2024-02-29T00:00:00.000000,0,48.51,SELL
CVS,2024-03-01T00:00:00.000000,0,48.51,SELL
CVS,2024-03-04T00:00:00.000000,0,44.85,SELL
CVS,2024-03-05T00:00:00.000000,0,44.85,SELL
CVS,2024-03-06T00:00:00.000000,0,38.31,SELL
CVS,2024-03-07T00:00:00.000000,0,38.31,SELL
CVS,2024-03-08T00:00:00.000000,0,38.31,SELL
CVS,2024-03-11T00:00:00.000000,0,38.31,SELL
CVS,2024-03-12T00:00:00.000000,0,38.31,SELL
CVS,2024-03-13T00:00:00.000000,0,38.1,SELL
CVS,2024-03-14T00:00:00.000000,0,37.93,SELL
CVS,2024-03-15T00:00:00.000000,0,36.84,SELL
CVS,2024-03-18T00:00:00.000000,0,36.84,SELL
CVS,2024-03-19T00:00:00.000000,0,32.82,SELL
CVS,2024-03-20T00:00:00.000000,0,32.82,SELL
CVS,2024-03-21T00:00:00.000000,0,36.84,SELL
CVS,2024-03-22T00:00:00.000000,0,38.31,SELL
CVS,2024-03-25T00:00:00.000000,0,38.31,SELL
CVS,2024-03-26T00:00:00.000000,0,38.31,SELL
CVS,2024-03-27T00:00:00.000000,0,38.31,SELL
CVS,2024-03-28T00:00:00.000000,0,38.31,SELL
CVS,2024-04-01T00:00:00.000000,0,38.31,SELL
CVS,2024-04-02T00:00:00.000000,0,38.31,SELL
CVS,2024-04-03T00:00:00.000000,0,44.85,SELL
CVS,2024-04-04T00:00:00.000000,0,44.85,SELL
CVS,2024-04-05T00:00:00.000000,0,48.51,SELL
CVS,2024-04-08T00:00:00.000000,0,48.51,SELL
CVS,2024-04-09T00:00:00.000000,0,48.51,SELL
CVS,2024-04-10T00:00:00.000000,0,48.51,SELL
CVS,2024-04-11T00:00:00.000000,0,48.51,SELL
CVS,2024-04-12T00:00:00.000000,0,48.51,SELL
CVS,2024-04-15T00:00:00.000000,0,48.51,SELL
CVS,2024-04-16T00:00:00.000000,0,48.51,SELL
CVS,2024-04-17T00:00:00.000000,0,48.51,SELL
CVS,2024-04-18T00:00:00.000000,0,48.51,SELL
CVS,2024-04-19T00:00:00.000000,0,44.85,SELL
CVS,2024-04-22T00:00:00.000000,0,48.51,SELL
CVS,2024-04-23T00:00:00.000000,1,48.51,BUY
CVS,2024-04-24T00:00:00.000000,1,49.72,BUY
CVS,2024-04-25T00:00:00.000000,1,49.72,BUY
CVS,2024-04-26T00:00:00.000000,1,49.72,BUY
CVS,2024-04-29T00:00:00.000000,1,48.51,BUY
CVS,2024-04-30T00:00:00.000000,0,48.51,SELL
CVS,2024-05-01T00:00:00.000000,0,48.51,SELL
CVS,2024-05-02T00:00:00.000000,0,48.51,SELL
CVS,2024-05-03T00:00:00.000000,0,48.51,SELL
CVS,2024-05-06T00:00:00.000000,0,44.85,SELL
CVS,2024-05-07T00:00:00.000000,0,38.31,SELL
CVS,2024-05-08T00:00:00.000000,0,32.82,SELL
CVS,2024-05-09T00:00:00.000000,0,32.82,SELL
CVS,2024-05-10T00:00:00.000000,0,32.82,SELL
CVS,2024-05-13T00:00:00.000000,0,38.31,SELL
CVS,2024-05-14T00:00:00.000000,0,38.31,SELL
CVS,2024-05-15T00:00:00.000000,0,38.31,SELL
CVS,2024-05-16T00:00:00.000000,0,32.82,SELL
CVS,2024-05-17T00:00:00.000000,0,32.82,SELL
CVS,2024-05-20T00:00:00.000000,0,32.82,SELL
CVS,2024-05-21T00:00:00.000000,0,32.82,SELL
CVS,2024-05-22T00:00:00.000000,0,32.82,SELL
CVS,2024-05-23T00:00:00.000000,0,32.82,SELL
CVS,2024-05-24T00:00:00.000000,0,37.93,SELL
CVS,2024-05-28T00:00:00.000000,0,38.31,SELL
CVS,2024-05-29T00:00:00.000000,0,38.31,SELL
CVS,2024-05-30T00:00:00.000000,0,38.31,SELL
CVS,2024-05-31T00:00:00.000000,0,44.85,SELL
CVS,2024-06-03T00:00:00.000000,0,48.51,SELL
CVS,2024-06-04T00:00:00.000000,0,48.51,SELL
CVS,2024-06-05T00:00:00.000000,1,48.51,BUY
CVS,2024-06-06T00:00:00.000000,1,49.72,BUY
CVS,2024-06-07T00:00:00.000000,1,49.72,BUY
CVS,2024-06-10T00:00:00.000000,1,49.72,BUY
CVS,2024-06-11T00:00:00.000000,1,49.72,BUY
CVS,2024-06-12T00:00:00.000000,1,49.72,BUY
CVS,2024-06-13T00:00:00.000000,1,50.83,BUY
CVS,2024-06-14T00:00:00.000000,1,50.83,BUY
CVS,2024-06-17T00:00:00.000000,1,50.83,BUY
CVS,2024-06-18T00:00:00.000000,1,50.83,BUY
CVS,2024-06-20T00:00:00.000000,1,50.83,BUY
CVS,2024-06-21T00:00:00.000000,1,50.83,BUY
CVS,2024-06-24T00:00:00.000000,1,50.83,BUY
CVS,2024-06-25T00:00:00.000000,1,50.83,BUY
CVS,2024-06-26T00:00:00.000000,1,50.83,BUY
CVS,2024-06-27T00:00:00.000000,1,50.83,BUY
CVS,2024-06-28T00:00:00.000000,1,50.83,BUY
CVS,2024-07-01T00:00:00.000000,1,50.83,BUY
CVS,2024-07-02T00:00:00.000000,1,50.83,BUY
CVS,2024-07-03T00:00:00.000000,1,50.83,BUY
CVS,2024-07-05T00:00:00.000000,1,50.83,BUY
CVS,2024-07-08T00:00:00.000000,1,50.83,BUY
CVS,2024-07-09T00:00:00.000000,1,50.83,BUY
CVS,2024-07-10T00:00:00.000000,1,49.72,BUY
CVS,2024-07-11T00:00:00.000000,1,49.72,BUY
CVS,2024-07-12T00:00:00.000000,1,48.51,BUY
CVS,2024-07-15T00:00:00.000000,0,48.51,SELL
CVS,2024-07-16T00:00:00.000000,0,48.51,SELL
CVS,2024-07-17T00:00:00.000000,0,48.51,SELL
CVS,2024-07-18T00:00:00.000000,0,48.51,SELL
CVS,2024-07-19T00:00:00.000000,0,48.51,SELL
CVS,2024-07-22T00:00:00.000000,0,48.51,SELL
CVS,2024-07-23T00:00:00.000000,1,48.51,BUY
CVS,2024-07-24T00:00:00.000000,1,48.51,BUY
CVS,2024-07-25T00:00:00.000000,1,49.72,BUY
CVS,2024-07-26T00:00:00.000000,1,49.72,BUY
CVS,2024-07-29T00:00:00.000000,1,49.72,BUY
CVS,2024-07-30T00:00:00.000000,1,49.72,BUY
CVS,2024-07-31T00:00:00.000000,1,49.72,BUY
CVS,2024-08-01T00:00:00.000000,1,49.72,BUY
CVS,2024-08-02T00:00:00.000000,1,49.72,BUY
CVS,2024-08-05T00:00:00.000000,1,49.72,BUY
CVS,2024-08-06T00:00:00.000000,1,49.72,BUY
CVS,2024-08-07T00:00:00.000000,1,49.72,BUY
CVS,2024-08-08T00:00:00.000000,1,49.72,BUY
CVS,2024-08-09T00:00:00.000000,1,49.72,BUY
CVS,2024-08-12T00:00:00.000000,1,50.83,BUY
CVS,2024-08-13T00:00:00.000000,1,50.83,BUY
CVS,2024-08-14T00:00:00.000000,1,50.83,BUY
CVS,2024-08-15T00:00:00.000000,1,50.83,BUY
CVS,2024-08-16T00:00:00.000000,1,49.72,BUY
CVS,2024-08-19T00:00:00.000000,1,48.51,BUY
CVS,2024-08-20T00:00:00.000000,0,48.51,SELL
CVS,2024-08-21T00:00:00.000000,0,44.85,SELL
CVS,2024-08-22T00:00:00.000000,0,38.31,SELL
CVS,2024-08-23T00:00:00.000000,0,38.31,SELL
CVS,2024-08-26T00:00:00.000000,0,37.5,SELL
CVS,2024-08-27T00:00:00.000000,0,32.82,SELL
CVS,2024-08-28T00:00:00.000000,0,35.29,SELL
CVS,2024-08-29T00:00:00.000000,0,36.84,SELL
CVS,2024-08-30T00:00:00.000000,0,38.31,SELL
CVS,2024-09-03T00:00:00.000000,0,38.31,SELL
CVS,2024-09-04T00:00:00.000000,0,44.85,SELL
CVS,2024-09-05T00:00:00.000000,0,44.85,SELL
CVS,2024-09-06T00:00:00.000000,0,44.85,SELL
CVS,2024-09-09T00:00:00.000000,0,48.51,SELL
CVS,2024-09-10T00:00:00.000000,0,48.51,SELL
CVS,2024-09-11T00:00:00.000000,0,48.51,SELL
CVS,2024-09-12T00:00:00.000000,0,48.51,SELL
CVS,2024-09-13T00:00:00.000000,0,48.51,SELL
CVS,2024-09-16T00:00:00.000000,0,48.51,SELL
CVS,2024-09-17T00:00:00.000000,0,48.51,SELL
CVS,2024-09-18T00:00:00.000000,0,48.51,SELL
CVS,2024-09-19T00:00:00.000000,0,48.51,SELL
CVS,2024-09-20T00:00:00.000000,0,48.51,SELL
CVS,2024-09-23T00:00:00.000000,0,44.85,SELL
CVS,2024-09-24T00:00:00.000000,0,44.85,SELL
CVS,2024-09-25T00:00:00.000000,0,40.62,SELL
CVS,2024-09-26T00:00:00.000000,0,44.85,SELL
CVS,2024-09-27T00:00:00.000000,0,44.85,SELL
CVS,2024-09-30T00:00:00.000000,0,44.85,SELL
CVS,2024-10-01T00:00:00.000000,0,44.85,SELL
CVS,2024-10-02T00:00:00.000000,0,44.85,SELL
CVS,2024-10-03T00:00:00.000000,0,44.85,SELL
CVS,2024-10-04T00:00:00.000000,0,48.51,SELL
CVS,2024-10-07T00:00:00.000000,0,48.51,SELL
CVS,2024-10-08T00:00:00.000000,0,48.51,SELL
CVS,2024-10-09T00:00:00.000000,0,48.51,SELL
CVS,2024-10-10T00:00:00.000000,0,48.51,SELL
CVS,2024-10-11T00:00:00.000000,0,48.51,SELL
CVS,2024-10-14T00:00:00.000000,0,48.51,SELL
CVS,2024-10-15T00:00:00.000000,0,48.51,SELL
CVS,2024-10-16T00:00:00.000000,0,48.51,SELL
CVS,2024-10-17T00:00:00.000000,0,44.85,SELL
CVS,2024-10-18T00:00:00.000000,0,44.85,SELL
CVS,2024-10-21T00:00:00.000000,0,44.85,SELL
CVS,2024-10-22T00:00:00.000000,0,48.51,SELL
CVS,2024-10-23T00:00:00.000000,0,48.51,SELL
CVS,2024-10-24T00:00:00.000000,0,48.51,SELL
CVS,2024-10-25T00:00:00.000000,0,48.51,SELL
CVS,2024-10-28T00:00:00.000000,0,48.51,SELL
CVS,2024-10-29T00:00:00.000000,0,48.51,SELL
CVS,2024-10-30T00:00:00.000000,0,48.51,SELL
CVS,2024-10-31T00:00:00.000000,0,40.62,SELL
CVS,2024-11-01T00:00:00.000000,0,38.31,SELL
CVS,2024-11-04T00:00:00.000000,0,38.31,SELL
CVS,2024-11-05T00:00:00.000000,0,44.85,SELL
CVS,2024-11-06T00:00:00.000000,0,45.45,SELL
CVS,2024-11-07T00:00:00.000000,0,48.51,SELL
CVS,2024-11-08T00:00:00.000000,0,48.51,SELL
CVS,2024-11-11T00:00:00.000000,0,48.51,SELL
CVS,2024-11-12T00:00:00.000000,0,48.51,SELL
CVS,2024-11-13T00:00:00.000000,0,44.85,SELL
CVS,2024-11-14T00:00:00.000000,0,38.31,SELL
CVS,2024-11-15T00:00:00.000000,0,38.1,SELL
CVS,2024-11-18T00:00:00.000000,0,32.82,SELL
CVS,2024-11-19T00:00:00.000000,0,32.82,SELL
CVS,2024-11-20T00:00:00.000000,0,38.1,SELL
CVS,2024-11-21T00:00:00.000000,0,32.82,SELL
CVS,2024-11-22T00:00:00.000000,0,32.82,SELL
CVS,2024-11-25T00:00:00.000000,0,35.29,SELL
CVS,2024-11-26T00:00:00.000000,0,38.1,SELL
CVS,2024-11-27T00:00:00.000000,0,38.31,SELL
CVS,2024-11-29T00:00:00.000000,0,44.85,SELL
CVS,2024-12-02T00:00:00.000000,0,48.51,SELL
CVS,2024-12-03T00:00:00.000000,0,45.45,SELL
CVS,2024-12-04T00:00:00.000000,0,48.51,SELL
CVS,2024-12-05T00:00:00.000000,0,48.51,SELL
CVS,2024-12-06T00:00:00.000000,0,48.51,SELL
CVS,2024-12-09T00:00:00.000000,0,48.51,SELL
CVS,2024-12-10T00:00:00.000000,0,48.51,SELL
CVS,2024-12-11T00:00:00.000000,0,48.51,SELL
CVS,2024-12-12T00:00:00.000000,0,48.51,SELL
CVS,2024-12-13T00:00:00.000000,0,48.51,SELL
CVS,2024-12-16T00:00:00.000000,0,48.51,SELL
CVS,2024-12-17T00:00:00.000000,0,48.51,SELL
CVS,2024-12-18T00:00:00.000000,0,44.85,SELL
CVS,2024-12-19T00:00:00.000000,0,44.85,SELL
CVS,2024-12-20T00:00:00.000000,0,38.31,SELL
CVX,2023-02-21T00:00:00.000000,0,48.51,SELL
CVX,2023-02-22T00:00:00.000000,1,49.72,BUY
CVX,2023-02-23T00:00:00.000000,1,49.72,BUY
CVX,2023-02-24T00:00:00.000000,1,49.72,BUY
CVX,2023-02-27T00:00:00.000000,1,49.72,BUY
CVX,2023-02-28T00:00:00.000000,1,49.72,BUY
CVX,2023-03-01T00:00:00.000000,1,49.72,BUY
CVX,2023-03-02T00:00:00.000000,1,49.72,BUY
CVX,2023-03-03T00:00:00.000000,1,50.83,BUY
CVX,2023-03-06T00:00:00.000000,1,50.83,BUY
CVX,2023-03-07T00:00:00.000000,1,50.83,BUY
CVX,2023-03-08T00:00:00.000000,1,50.83,BUY
CVX,2023-03-09T00:00:00.000000,1,50.83,BUY
CVX,2023-03-10T00:00:00.000000,1,50.83,BUY
CVX,2023-03-13T00:00:00.000000,1,50.83,BUY
CVX,2023-03-14T00:00:00.000000,1,50.83,BUY
CVX,2023-03-15T00:00:00.000000,1,50.83,BUY
CVX,2023-03-16T00:00:00.000000,1,50.83,BUY
CVX,2023-03-17T00:00:00.000000,1,49.72,BUY
CVX,2023-03-20T00:00:00.000000,1,50.83,BUY
CVX,2023-03-21T00:00:00.000000,1,50.83,BUY
CVX,2023-03-22T00:00:00.000000,1,49.72,BUY
CVX,2023-03-23T00:00:00.000000,1,49.72,BUY
CVX,2023-03-24T00:00:00.000000,1,49.72,BUY
CVX,2023-03-27T00:00:00.000000,1,49.72,BUY
CVX,2023-03-28T00:00:00.000000,1,49.72,BUY
CVX,2023-03-29T00:00:00.000000,1,48.51,BUY
CVX,2023-03-30T00:00:00.000000,1,48.51,BUY
CVX,2023-03-31T00:00:00.000000,1,49.72,BUY
CVX,2023-04-03T00:00:00.000000,1,49.72,BUY
CVX,2023-04-04T00:00:00.000000,1,49.72,BUY
CVX,2023-04-05T00:00:00.000000,1,49.72,BUY
CVX,2023-04-06T00:00:00.000000,1,49.72,BUY
CVX,2023-04-10T00:00:00.000000,1,49.72,BUY
CVX,2023-04-11T00:00:00.000000,1,49.72,BUY
CVX,2023-04-12T00:00:00.000000,1,49.72,BUY
CVX,2023-04-13T00:00:00.000000,1,49.72,BUY
CVX,2023-04-14T00:00:00.000000,1,49.72,BUY
CVX,2023-04-17T00:00:00.000000,1,48.51,BUY
CVX,2023-04-18T00:00:00.000000,1,48.51,BUY
CVX,2023-04-19T00:00:00.000000,1,49.72,BUY
CVX,2023-04-20T00:00:00.000000,1,49.72,BUY
CVX,2023-04-21T00:00:00.000000,1,49.72,BUY
CVX,2023-04-24T00:00:00.000000,1,49.72,BUY
CVX,2023-04-25T00:00:00.000000,1,48.51,BUY
CVX,2023-04-26T00:00:00.000000,1,48.51,BUY
CVX,2023-04-27T00:00:00.000000,1,48.51,BUY
CVX,2023-04-28T00:00:00.000000,1,48.51,BUY
CVX,2023-05-01T00:00:00.000000,0,48.51,SELL
CVX,2023-05-02T00:00:00.000000,0,48.51,SELL
CVX,2023-05-03T00:00:00.000000,0,48.51,SELL
CVX,2023-05-04T00:00:00.000000,0,48.51,SELL
CVX,2023-05-05T00:00:00.000000,0,48.51,SELL
CVX,2023-05-08T00:00:00.000000,0,48.51,SELL
CVX,2023-05-09T00:00:00.000000,1,48.51,BUY
CVX,2023-05-10T00:00:00.000000,0,48.51,SELL
CVX,2023-05-11T00:00:00.000000,0,48.51,SELL
CVX,2023-05-12T00:00:00.000000,0,48.51,SELL
CVX,2023-05-15T00:00:00.000000,1,48.51,BUY
CVX,2023-05-16T00:00:00.000000,1,48.51,BUY
CVX,2023-05-17T00:00:00.000000,1,48.51,BUY
CVX,2023-05-18T00:00:00.000000,1,48.51,BUY
CVX,2023-05-19T00:00:00.000000,1,48.51,BUY
CVX,2023-05-22T00:00:00.000000,1,49.72,BUY
CVX,2023-05-23T00:00:00.000000,1,48.51,BUY
CVX,2023-05-24T00:00:00.000000,1,48.51,BUY
CVX,2023-05-25T00:00:00.000000,0,48.51,SELL
CVX,2023-05-26T00:00:00.000000,1,49.72,BUY
CVX,2023-05-30T00:00:00.000000,1,49.72,BUY
CVX,2023-05-31T00:00:00.000000,1,49.72,BUY
CVX,2023-06-01T00:00:00.000000,1,48.51,BUY
CVX,2023-06-02T00:00:00.000000,1,48.51,BUY
CVX,2023-06-05T00:00:00.000000,1,49.72,BUY
CVX,2023-06-06T00:00:00.000000,1,49.72,BUY
CVX,2023-06-07T00:00:00.000000,1,48.51,BUY
CVX,2023-06-08T00:00:00.000000,1,48.51,BUY
CVX,2023-06-09T00:00:00.000000,0,48.51,SELL
CVX,2023-06-12T00:00:00.000000,0,48.51,SELL
CVX,2023-06-13T00:00:00.000000,0,48.51,SELL
CVX,2023-06-14T00:00:00.000000,0,48.51,SELL
CVX,2023-06-15T00:00:00.000000,0,48.51,SELL
CVX,2023-06-16T00:00:00.000000,0,48.51,SELL
CVX,2023-06-20T00:00:00.000000,0,48.51,SELL
CVX,2023-06-21T00:00:00.000000,0,48.51,SELL
CVX,2023-06-22T00:00:00.000000,0,48.51,SELL
CVX,2023-06-23T00:00:00.000000,1,48.51,BUY
CVX,2023-06-26T00:00:00.000000,1,48.51,BUY
CVX,2023-06-27T00:00:00.000000,0,48.51,SELL
CVX,2023-06-28T00:00:00.000000,0,48.51,SELL
CVX,2023-06-29T00:00:00.000000,0,48.51,SELL
CVX,2023-06-30T00:00:00.000000,0,48.51,SELL
CVX,2023-07-03T00:00:00.000000,0,48.51,SELL
CVX,2023-07-05T00:00:00.000000,0,48.51,SELL
CVX,2023-07-06T00:00:00.000000,0,48.51,SELL
CVX,2023-07-07T00:00:00.000000,0,48.51,SELL
CVX,2023-07-10T00:00:00.000000,0,48.51,SELL
CVX,2023-07-11T00:00:00.000000,0,48.51,SELL
CVX,2023-07-12T00:00:00.000000,0,48.51,SELL
CVX,2023-07-13T00:00:00.000000,0,48.51,SELL
CVX,2023-07-14T00:00:00.000000,0,48.51,SELL
CVX,2023-07-17T00:00:00.000000,0,48.51,SELL
CVX,2023-07-18T00:00:00.000000,0,48.51,SELL
CVX,2023-07-19T00:00:00.000000,0,48.51,SELL
CVX,2023-07-20T00:00:00.000000,0,44.85,SELL
CVX,2023-07-21T00:00:00.000000,0,44.85,SELL
CVX,2023-07-24T00:00:00.000000,0,44.85,SELL
CVX,2023-07-25T00:00:00.000000,0,44.85,SELL
CVX,2023-07-26T00:00:00.000000,0,48.51,SELL
CVX,2023-07-27T00:00:00.000000,0,48.51,SELL
CVX,2023-07-28T00:00:00.000000,0,48.51,SELL
CVX,2023-07-31T00:00:00.000000,0,48.51,SELL
CVX,2023-08-01T00:00:00.000000,0,48.51,SELL
CVX,2023-08-02T00:00:00.000000,0,48.51,SELL
CVX,2023-08-03T00:00:00.000000,0,48.51,SELL
CVX,2023-08-04T00:00:00.000000,0,48.51,SELL
CVX,2023-08-07T00:00:00.000000,0,48.51,SELL
CVX,2023-08-08T00:00:00.000000,0,48.51,SELL
CVX,2023-08-09T00:00:00.000000,0,48.51,SELL
CVX,2023-08-10T00:00:00.000000,0,48.51,SELL
CVX,2023-08-11T00:00:00.000000,0,48.51,SELL
CVX,2023-08-14T00:00:00.000000,1,48.51,BUY
CVX,2023-08-15T00:00:00.000000,1,49.72,BUY
CVX,2023-08-16T00:00:00.000000,1,49.72,BUY
CVX,2023-08-17T00:00:00.000000,1,49.72,BUY
CVX,2023-08-18T00:00:00.000000,1,49.72,BUY
CVX,2023-08-21T00:00:00.000000,1,49.72,BUY
CVX,2023-08-22T00:00:00.000000,1,49.72,BUY
CVX,2023-08-23T00:00:00.000000,1,50.83,BUY
CVX,2023-08-24T00:00:00.000000,1,50.83,BUY
CVX,2023-08-25T00:00:00.000000,1,50.83,BUY
CVX,2023-08-28T00:00:00.000000,1,50.83,BUY
CVX,2023-08-29T00:00:00.000000,1,50.83,BUY
CVX,2023-08-30T00:00:00.000000,1,50.83,BUY
CVX,2023-08-31T00:00:00.000000,1,49.72,BUY
CVX,2023-09-01T00:00:00.000000,1,49.72,BUY
CVX,2023-09-05T00:00:00.000000,1,48.51,BUY
CVX,2023-09-06T00:00:00.000000,0,48.51,SELL
CVX,2023-09-07T00:00:00.000000,0,48.51,SELL
CVX,2023-09-08T00:00:00.000000,0,48.51,SELL
CVX,2023-09-11T00:00:00.000000,0,48.51,SELL
CVX,2023-09-12T00:00:00.000000,0,48.51,SELL
CVX,2023-09-13T00:00:00.000000,0,48.51,SELL
CVX,2023-09-14T00:00:00.000000,0,48.51,SELL
CVX,2023-09-15T00:00:00.000000,0,48.51,SELL
CVX,2023-09-18T00:00:00.000000,0,48.51,SELL
CVX,2023-09-19T00:00:00.000000,1,48.51,BUY
CVX,2023-09-20T00:00:00.000000,1,48.51,BUY
CVX,2023-09-21T00:00:00.000000,1,48.51,BUY
CVX,2023-09-22T00:00:00.000000,1,48.51,BUY
CVX,2023-09-25T00:00:00.000000,0,48.51,SELL
CVX,2023-09-26T00:00:00.000000,0,48.51,SELL
CVX,2023-09-27T00:00:00.000000,1,49.72,BUY
CVX,2023-09-28T00:00:00.000000,1,49.72,BUY
CVX,2023-09-29T00:00:00.000000,1,49.72,BUY
CVX,2023-10-02T00:00:00.000000,1,50.83,BUY
CVX,2023-10-03T00:00:00.000000,1,50.83,BUY
CVX,2023-10-04T00:00:00.000000,1,50.83,BUY
CVX,2023-10-05T00:00:00.000000,1,50.83,BUY
CVX,2023-10-06T00:00:00.000000,1,50.83,BUY
CVX,2023-10-09T00:00:00.000000,1,50.83,BUY
CVX,2023-10-10T00:00:00.000000,1,50.83,BUY
CVX,2023-10-11T00:00:00.000000,1,49.72,BUY
CVX,2023-10-12T00:00:00.000000,1,49.72,BUY
CVX,2023-10-13T00:00:00.000000,1,49.72,BUY
CVX,2023-10-16T00:00:00.000000,1,49.72,BUY
CVX,2023-10-17T00:00:00.000000,0,48.51,SELL
CVX,2023-10-18T00:00:00.000000,0,48.51,SELL
CVX,2023-10-19T00:00:00.000000,0,48.51,SELL
CVX,2023-10-20T00:00:00.000000,0,48.51,SELL
CVX,2023-10-23T00:00:00.000000,1,48.51,BUY
CVX,2023-10-24T00:00:00.000000,1,49.72,BUY
CVX,2023-10-25T00:00:00.000000,1,49.72,BUY
CVX,2023-10-26T00:00:00.000000,1,49.72,BUY
CVX,2023-10-27T00:00:00.000000,1,49.72,BUY
CVX,2023-10-30T00:00:00.000000,1,49.72,BUY
CVX,2023-10-31T00:00:00.000000,1,50.83,BUY
CVX,2023-11-01T00:00:00.000000,1,50.83,BUY
CVX,2023-11-02T00:00:00.000000,1,50.83,BUY
CVX,2023-11-03T00:00:00.000000,1,50.83,BUY
CVX,2023-11-06T00:00:00.000000,1,49.72,BUY
CVX,2023-11-07T00:00:00.000000,0,48.51,SELL
CVX,2023-11-08T00:00:00.000000,0,44.85,SELL
CVX,2023-11-09T00:00:00.000000,0,38.31,SELL
CVX,2023-11-10T00:00:00.000000,0,38.1,SELL
CVX,2023-11-13T00:00:00.000000,0,32.82,SELL
CVX,2023-11-14T00:00:00.000000,0,35.29,SELL
CVX,2023-11-15T00:00:00.000000,0,32.82,SELL
CVX,2023-11-16T00:00:00.000000,0,32.82,SELL
CVX,2023-11-17T00:00:00.000000,0,32.82,SELL
CVX,2023-11-20T00:00:00.000000,0,32.82,SELL
CVX,2023-11-21T00:00:00.000000,0,32.82,SELL
CVX,2023-11-22T00:00:00.000000,0,32.82,SELL
CVX,2023-11-24T00:00:00.000000,0,32.82,SELL
CVX,2023-11-27T00:00:00.000000,0,32.82,SELL
CVX,2023-11-28T00:00:00.000000,0,36.84,SELL
CVX,2023-11-29T00:00:00.000000,0,38.31,SELL
CVX,2023-11-30T00:00:00.000000,0,38.31,SELL
CVX,2023-12-01T00:00:00.000000,0,44.85,SELL
CVX,2023-12-04T00:00:00.000000,0,44.85,SELL
CVX,2023-12-05T00:00:00.000000,0,48.51,SELL
CVX,2023-12-06T00:00:00.000000,0,48.51,SELL
CVX,2023-12-07T00:00:00.000000,0,48.51,SELL
CVX,2023-12-08T00:00:00.000000,0,48.51,SELL
CVX,2023-12-11T00:00:00.000000,0,48.51,SELL
CVX,2023-12-12T00:00:00.000000,0,48.51,SELL
CVX,2023-12-13T00:00:00.000000,0,48.51,SELL
CVX,2023-12-14T00:00:00.000000,0,48.51,SELL
CVX,2023-12-15T00:00:00.000000,0,48.51,SELL
CVX,2023-12-18T00:00:00.000000,0,48.51,SELL
CVX,2023-12-19T00:00:00.000000,0,48.51,SELL
CVX,2023-12-20T00:00:00.000000,0,48.51,SELL
CVX,2023-12-21T00:00:00.000000,0,48.51,SELL
CVX,2023-12-22T00:00:00.000000,0,48.51,SELL
CVX,2023-12-26T00:00:00.000000,0,48.51,SELL
CVX,2023-12-27T00:00:00.000000,0,48.51,SELL
CVX,2023-12-28T00:00:00.000000,0,48.51,SELL
CVX,2023-12-29T00:00:00.000000,0,48.51,SELL
CVX,2024-01-02T00:00:00.000000,0,48.51,SELL
CVX,2024-01-03T00:00:00.000000,0,48.51,SELL
CVX,2024-01-04T00:00:00.000000,0,48.51,SELL
CVX,2024-01-05T00:00:00.000000,1,48.51,BUY
CVX,2024-01-08T00:00:00.000000,0,48.51,SELL
CVX,2024-01-09T00:00:00.000000,1,48.51,BUY
CVX,2024-01-10T00:00:00.000000,1,48.51,BUY
CVX,2024-01-11T00:00:00.000000,1,48.51,BUY
CVX,2024-01-12T00:00:00.000000,1,48.51,BUY
CVX,2024-01-16T00:00:00.000000,1,48.51,BUY
CVX,2024-01-17T00:00:00.000000,1,48.51,BUY
CVX,2024-01-18T00:00:00.000000,0,48.51,SELL
CVX,2024-01-19T00:00:00.000000,0,48.51,SELL
CVX,2024-01-22T00:00:00.000000,0,48.51,SELL
CVX,2024-01-23T00:00:00.000000,0,38.31,SELL
CVX,2024-01-24T00:00:00.000000,0,38.31,SELL
CVX,2024-01-25T00:00:00.000000,0,36.84,SELL
CVX,2024-01-26T00:00:00.000000,0,35.29,SELL
CVX,2024-01-29T00:00:00.000000,0,36.64,SELL
CVX,2024-01-30T00:00:00.000000,0,35.29,SELL
CVX,2024-01-31T00:00:00.000000,0,35.29,SELL
CVX,2024-02-01T00:00:00.000000,0,38.31,SELL
CVX,2024-02-02T00:00:00.000000,0,38.31,SELL
CVX,2024-02-05T00:00:00.000000,0,48.51,SELL
CVX,2024-02-06T00:00:00.000000,0,48.51,SELL
CVX,2024-02-07T00:00:00.000000,0,48.51,SELL
CVX,2024-02-08T00:00:00.000000,0,48.51,SELL
CVX,2024-02-09T00:00:00.000000,1,48.51,BUY
CVX,2024-02-12T00:00:00.000000,1,49.72,BUY
CVX,2024-02-13T00:00:00.000000,1,49.72,BUY
CVX,2024-02-14T00:00:00.000000,1,49.72,BUY
CVX,2024-02-15T00:00:00.000000,1,49.72,BUY
CVX,2024-02-16T00:00:00.000000,1,49.72,BUY
CVX,2024-02-20T00:00:00.000000,1,49.72,BUY
CVX,2024-02-21T00:00:00.000000,1,49.72,BUY
CVX,2024-02-22T00:00:00.000000,1,49.72,BUY
CVX,2024-02-23T00:00:00.000000,1,49.72,BUY
CVX,2024-02-26T00:00:00.000000,1,49.72,BUY
CVX,2024-02-27T00:00:00.000000,1,49.72,BUY
CVX,2024-02-28T00:00:00.000000,1,49.72,BUY
CVX,2024-02-29T00:00:00.000000,1,49.72,BUY
CVX,2024-03-01T00:00:00.000000,1,48.51,BUY
CVX,2024-03-04T00:00:00.000000,1,48.51,BUY
CVX,2024-03-05T00:00:00.000000,0,48.51,SELL
CVX,2024-03-06T00:00:00.000000,0,48.51,SELL
CVX,2024-03-07T00:00:00.000000,0,48.51,SELL
CVX,2024-03-08T00:00:00.000000,0,48.51,SELL
CVX,2024-03-11T00:00:00.000000,0,48.51,SELL
CVX,2024-03-12T00:00:00.000000,0,44.85,SELL
CVX,2024-03-13T00:00:00.000000,0,38.31,SELL
CVX,2024-03-14T00:00:00.000000,0,38.31,SELL
CVX,2024-03-15T00:00:00.000000,0,38.31,SELL
CVX,2024-03-18T00:00:00.000000,0,37.93,SELL
CVX,2024-03-19T00:00:00.000000,0,36.84,SELL
CVX,2024-03-20T00:00:00.000000,0,36.84,SELL
CVX,2024-03-21T00:00:00.000000,0,36.84,SELL
CVX,2024-03-22T00:00:00.000000,0,37.93,SELL
CVX,2024-03-25T00:00:00.000000,0,38.31,SELL
CVX,2024-03-26T00:00:00.000000,0,38.31,SELL
CVX,2024-03-27T00:00:00.000000,0,38.31,SELL
CVX,2024-03-28T00:00:00.000000,0,38.31,SELL
CVX,2024-04-01T00:00:00.000000,0,40.62,SELL
CVX,2024-04-02T00:00:00.000000,0,38.31,SELL
CVX,2024-04-03T00:00:00.000000,0,38.31,SELL
CVX,2024-04-04T00:00:00.000000,0,38.31,SELL
CVX,2024-04-05T00:00:00.000000,0,38.31,SELL
CVX,2024-04-08T00:00:00.000000,0,44.85,SELL
CVX,2024-04-09T00:00:00.000000,0,44.85,SELL
CVX,2024-04-10T00:00:00.000000,0,48.51,SELL
CVX,2024-04-11T00:00:00.000000,0,48.51,SELL
CVX,2024-04-12T00:00:00.000000,0,48.51,SELL
CVX,2024-04-15T00:00:00.000000,1,48.51,BUY
CVX,2024-04-16T00:00:00.000000,1,49.72,BUY
CVX,2024-04-17T00:00:00.000000,1,49.72,BUY
CVX,2024-04-18T00:00:00.000000,1,49.72,BUY
CVX,2024-04-19T00:00:00.000000,1,48.51,BUY
CVX,2024-04-22T00:00:00.000000,1,48.51,BUY
CVX,2024-04-23T00:00:00.000000,1,48.51,BUY
CVX,2024-04-24T00:00:00.000000,1,48.51,BUY
CVX,2024-04-25T00:00:00.000000,1,49.72,BUY
CVX,2024-04-26T00:00:00.000000,1,49.72,BUY
CVX,2024-04-29T00:00:00.000000,1,48.51,BUY
CVX,2024-04-30T00:00:00.000000,0,48.51,SELL
CVX,2024-05-01T00:00:00.000000,0,48.51,SELL
CVX,2024-05-02T00:00:00.000000,0,48.51,SELL
CVX,2024-05-03T00:00:00.000000,0,48.51,SELL
CVX,2024-05-06T00:00:00.000000,1,48.51,BUY
CVX,2024-05-07T00:00:00.000000,1,48.51,BUY
CVX,2024-05-08T00:00:00.000000,1,49.72,BUY
CVX,2024-05-09T00:00:00.000000,1,49.72,BUY
CVX,2024-05-10T00:00:00.000000,1,48.51,BUY
CVX,2024-05-13T00:00:00.000000,1,48.51,BUY
CVX,2024-05-14T00:00:00.000000,1,48.51,BUY
CVX,2024-05-15T00:00:00.000000,1,48.51,BUY
CVX,2024-05-16T00:00:00.000000,1,48.51,BUY
CVX,2024-05-17T00:00:00.000000,1,48.51,BUY
CVX,2024-05-20T00:00:00.000000,1,48.51,BUY
CVX,2024-05-21T00:00:00.000000,1,48.51,BUY
CVX,2024-05-22T00:00:00.000000,1,49.72,BUY
CVX,2024-05-23T00:00:00.000000,1,49.72,BUY
CVX,2024-05-24T00:00:00.000000,1,49.72,BUY
CVX,2024-05-28T00:00:00.000000,1,49.72,BUY
CVX,2024-05-29T00:00:00.000000,1,48.51,BUY
CVX,2024-05-30T00:00:00.000000,0,48.51,SELL
CVX,2024-05-31T00:00:00.000000,0,48.51,SELL
CVX,2024-06-03T00:00:00.000000,0,48.51,SELL
CVX,2024-06-04T00:00:00.000000,1,49.72,BUY
CVX,2024-06-05T00:00:00.000000,1,48.51,BUY
CVX,2024-06-06T00:00:00.000000,1,48.51,BUY
CVX,2024-06-07T00:00:00.000000,1,48.51,BUY
CVX,2024-06-10T00:00:00.000000,0,48.51,SELL
CVX,2024-06-11T00:00:00.000000,0,48.51,SELL
CVX,2024-06-12T00:00:00.000000,0,48.51,SELL
CVX,2024-06-13T00:00:00.000000,0,48.51,SELL
CVX,2024-06-14T00:00:00.000000,0,48.51,SELL
CVX,2024-06-17T00:00:00.000000,0,48.51,SELL
CVX,2024-06-18T00:00:00.000000,0,44.85,SELL
CVX,2024-06-20T00:00:00.000000,0,44.85,SELL
CVX,2024-06-21T00:00:00.000000,0,44.85,SELL
CVX,2024-06-24T00:00:00.000000,0,48.51,SELL
CVX,2024-06-25T00:00:00.000000,0,48.51,SELL
CVX,2024-06-26T00:00:00.000000,0,48.51,SELL
CVX,2024-06-27T00:00:00.000000,0,48.51,SELL
CVX,2024-06-28T00:00:00.000000,1,48.51,BUY
CVX,2024-07-01T00:00:00.000000,1,48.51,BUY
CVX,2024-07-02T00:00:00.000000,1,48.51,BUY
CVX,2024-07-03T00:00:00.000000,1,48.51,BUY
CVX,2024-07-05T00:00:00.000000,0,48.51,SELL
CVX,2024-07-08T00:00:00.000000,0,48.51,SELL
CVX,2024-07-09T00:00:00.000000,0,48.51,SELL
CVX,2024-07-10T00:00:00.000000,0,48.51,SELL
CVX,2024-07-11T00:00:00.000000,0,48.51,SELL
CVX,2024-07-12T00:00:00.000000,0,44.85,SELL
CVX,2024-07-15T00:00:00.000000,0,38.31,SELL
CVX,2024-07-16T00:00:00.000000,0,38.31,SELL
CVX,2024-07-17T00:00:00.000000,0,37.93,SELL
CVX,2024-07-18T00:00:00.000000,0,36.84,SELL
CVX,2024-07-19T00:00:00.000000,0,32.82,SELL
CVX,2024-07-22T00:00:00.000000,0,32.82,SELL
CVX,2024-07-23T00:00:00.000000,0,36.84,SELL
CVX,2024-07-24T00:00:00.000000,0,38.31,SELL
CVX,2024-07-25T00:00:00.000000,0,43.2,SELL
CVX,2024-07-26T00:00:00.000000,0,44.85,SELL
CVX,2024-07-29T00:00:00.000000,0,48.51,SELL
CVX,2024-07-30T00:00:00.000000,0,48.51,SELL
CVX,2024-07-31T00:00:00.000000,0,48.51,SELL
CVX,2024-08-01T00:00:00.000000,1,49.72,BUY
CVX,2024-08-02T00:00:00.000000,1,49.72,BUY
CVX,2024-08-05T00:00:00.000000,1,49.72,BUY
CVX,2024-08-06T00:00:00.000000,1,49.72,BUY
CVX,2024-08-07T00:00:00.000000,1,49.72,BUY
CVX,2024-08-08T00:00:00.000000,1,49.72,BUY
CVX,2024-08-09T00:00:00.000000,1,49.72,BUY
CVX,2024-08-12T00:00:00.000000,1,49.72,BUY
CVX,2024-08-13T00:00:00.000000,1,49.72,BUY
CVX,2024-08-14T00:00:00.000000,1,49.72,BUY
CVX,2024-08-15T00:00:00.000000,1,49.72,BUY
CVX,2024-08-16T00:00:00.000000,1,48.51,BUY
CVX,2024-08-19T00:00:00.000000,0,48.51,SELL
CVX,2024-08-20T00:00:00.000000,0,44.85,SELL
CVX,2024-08-21T00:00:00.000000,0,38.31,SELL
CVX,2024-08-22T00:00:00.000000,0,38.1,SELL
CVX,2024-08-23T00:00:00.000000,0,38.1,SELL
CVX,2024-08-26T00:00:00.000000,0,37.5,SELL
CVX,2024-08-27T00:00:00.000000,0,38.31,SELL
CVX,2024-08-28T00:00:00.000000,0,38.31,SELL
CVX,2024-08-29T00:00:00.000000,0,44.85,SELL
CVX,2024-08-30T00:00:00.000000,0,44.85,SELL
CVX,2024-09-03T00:00:00.000000,0,48.51,SELL
CVX,2024-09-04T00:00:00.000000,0,48.51,SELL
CVX,2024-09-05T00:00:00.000000,0,48.51,SELL
CVX,2024-09-06T00:00:00.000000,0,48.51,SELL
CVX,2024-09-09T00:00:00.000000,0,48.51,SELL
CVX,2024-09-10T00:00:00.000000,0,48.51,SELL
CVX,2024-09-11T00:00:00.000000,0,48.51,SELL
CVX,2024-09-12T00:00:00.000000,0,48.51,SELL
CVX,2024-09-13T00:00:00.000000,0,48.51,SELL
CVX,2024-09-16T00:00:00.000000,0,48.51,SELL
CVX,2024-09-17T00:00:00.000000,1,49.72,BUY
CVX,2024-09-18T00:00:00.000000,1,48.51,BUY
CVX,2024-09-19T00:00:00.000000,1,48.51,BUY
CVX,2024-09-20T00:00:00.000000,1,48.51,BUY
CVX,2024-09-23T00:00:00.000000,0,48.51,SELL
CVX,2024-09-24T00:00:00.000000,0,48.51,SELL
CVX,2024-09-25T00:00:00.000000,0,48.51,SELL
CVX,2024-09-26T00:00:00.000000,0,48.51,SELL
CVX,2024-09-27T00:00:00.000000,1,48.51,BUY
CVX,2024-09-30T00:00:00.000000,1,48.51,BUY
CVX,2024-10-01T00:00:00.000000,0,48.51,SELL
CVX,2024-10-02T00:00:00.000000,0,48.51,SELL
CVX,2024-10-03T00:00:00.000000,0,48.51,SELL
CVX,2024-10-04T00:00:00.000000,0,48.51,SELL
CVX,2024-10-07T00:00:00.000000,0,48.51,SELL
CVX,2024-10-08T00:00:00.000000,0,48.51,SELL
CVX,2024-10-09T00:00:00.000000,1,48.51,BUY
CVX,2024-10-10T00:00:00.000000,1,48.51,BUY
CVX,2024-10-11T00:00:00.000000,1,49.72,BUY
CVX,2024-10-14T00:00:00.000000,1,49.72,BUY
CVX,2024-10-15T00:00:00.000000,1,49.72,BUY
CVX,2024-10-16T00:00:00.000000,1,49.72,BUY
CVX,2024-10-17T00:00:00.000000,1,49.72,BUY
CVX,2024-10-18T00:00:00.000000,1,49.72,BUY
CVX,2024-10-21T00:00:00.000000,1,49.72,BUY
CVX,2024-10-22T00:00:00.000000,1,48.51,BUY
CVX,2024-10-23T00:00:00.000000,1,48.51,BUY
CVX,2024-10-24T00:00:00.000000,1,48.51,BUY
CVX,2024-10-25T00:00:00.000000,1,48.51,BUY
CVX,2024-10-28T00:00:00.000000,1,48.51,BUY
CVX,2024-10-29T00:00:00.000000,1,48.51,BUY
CVX,2024-10-30T00:00:00.000000,1,48.51,BUY
CVX,2024-10-31T00:00:00.000000,0,48.51,SELL
CVX,2024-11-01T00:00:00.000000,0,48.51,SELL
CVX,2024-11-04T00:00:00.000000,1,48.51,BUY
CVX,2024-11-05T00:00:00.000000,0,48.51,SELL
CVX,2024-11-06T00:00:00.000000,1,48.51,BUY
CVX,2024-11-07T00:00:00.000000,0,48.51,SELL
CVX,2024-11-08T00:00:00.000000,0,48.51,SELL
CVX,2024-11-11T00:00:00.000000,0,48.51,SELL
CVX,2024-11-12T00:00:00.000000,0,48.51,SELL
CVX,2024-11-13T00:00:00.000000,0,44.85,SELL
CVX,2024-11-14T00:00:00.000000,0,38.31,SELL
CVX,2024-11-15T00:00:00.000000,0,38.31,SELL
CVX,2024-11-18T00:00:00.000000,0,37.5,SELL
CVX,2024-11-19T00:00:00.000000,0,35.29,SELL
CVX,2024-11-20T00:00:00.000000,0,32.82,SELL
CVX,2024-11-21T00:00:00.000000,0,35.29,SELL
CVX,2024-11-22T00:00:00.000000,0,36.84,SELL
CVX,2024-11-25T00:00:00.000000,0,38.31,SELL
CVX,2024-11-26T00:00:00.000000,0,38.31,SELL
CVX,2024-11-27T00:00:00.000000,0,40.62,SELL
CVX,2024-11-29T00:00:00.000000,0,48.51,SELL
CVX,2024-12-02T00:00:00.000000,0,48.51,SELL
CVX,2024-12-03T00:00:00.000000,0,48.51,SELL
CVX,2024-12-04T00:00:00.000000,0,48.51,SELL
CVX,2024-12-05T00:00:00.000000,0,48.51,SELL
CVX,2024-12-06T00:00:00.000000,0,48.51,SELL
CVX,2024-12-09T00:00:00.000000,0,48.51,SELL
CVX,2024-12-10T00:00:00.000000,0,48.51,SELL
CVX,2024-12-11T00:00:00.000000,0,48.51,SELL
CVX,2024-12-12T00:00:00.000000,0,48.51,SELL
CVX,2024-12-13T00:00:00.000000,0,48.51,SELL
CVX,2024-12-16T00:00:00.000000,0,48.51,SELL
CVX,2024-12-17T00:00:00.000000,1,48.51,BUY
CVX,2024-12-18T00:00:00.000000,0,48.51,SELL
CVX,2024-12-19T00:00:00.000000,1,48.51,BUY
CVX,2024-12-20T00:00:00.000000,1,49.72,BUY
DIA,2023-02-21T00:00:00.000000,1,49.72,BUY
DIA,2023-02-22T00:00:00.000000,1,49.72,BUY
DIA,2023-02-23T00:00:00.000000,1,49.72,BUY
DIA,2023-02-24T00:00:00.000000,1,49.72,BUY
DIA,2023-02-27T00:00:00.000000,1,49.72,BUY
DIA,2023-02-28T00:00:00.000000,1,49.72,BUY
DIA,2023-03-01T00:00:00.000000,1,50.83,BUY
DIA,2023-03-02T00:00:00.000000,1,50.83,BUY
DIA,2023-03-03T00:00:00.000000,1,50.83,BUY
DIA,2023-03-06T00:00:00.000000,1,50.83,BUY
DIA,2023-03-07T00:00:00.000000,1,50.83,BUY
DIA,2023-03-08T00:00:00.000000,1,50.83,BUY
DIA,2023-03-09T00:00:00.000000,1,50.83,BUY
DIA,2023-03-10T00:00:00.000000,1,50.83,BUY
DIA,2023-03-13T00:00:00.000000,1,50.83,BUY
DIA,2023-03-14T00:00:00.000000,1,50.83,BUY
DIA,2023-03-15T00:00:00.000000,1,50.83,BUY
DIA,2023-03-16T00:00:00.000000,1,50.83,BUY
DIA,2023-03-17T00:00:00.000000,1,50.83,BUY
DIA,2023-03-20T00:00:00.000000,1,50.83,BUY
DIA,2023-03-21T00:00:00.000000,1,50.83,BUY
DIA,2023-03-22T00:00:00.000000,1,50.83,BUY
DIA,2023-03-23T00:00:00.000000,1,50.83,BUY
DIA,2023-03-24T00:00:00.000000,1,50.83,BUY
DIA,2023-03-27T00:00:00.000000,1,50.83,BUY
DIA,2023-03-28T00:00:00.000000,1,49.72,BUY
DIA,2023-03-29T00:00:00.000000,1,49.72,BUY
DIA,2023-03-30T00:00:00.000000,1,49.72,BUY
DIA,2023-03-31T00:00:00.000000,1,49.72,BUY
DIA,2023-04-03T00:00:00.000000,1,49.72,BUY
DIA,2023-04-04T00:00:00.000000,1,49.72,BUY
DIA,2023-04-05T00:00:00.000000,1,49.72,BUY
DIA,2023-04-06T00:00:00.000000,1,48.51,BUY
DIA,2023-04-10T00:00:00.000000,1,48.51,BUY
DIA,2023-04-11T00:00:00.000000,1,49.72,BUY
DIA,2023-04-12T00:00:00.000000,1,49.72,BUY
DIA,2023-04-13T00:00:00.000000,1,49.72,BUY
DIA,2023-04-14T00:00:00.000000,1,49.72,BUY
DIA,2023-04-17T00:00:00.000000,1,49.72,BUY
DIA,2023-04-18T00:00:00.000000,1,49.72,BUY
DIA,2023-04-19T00:00:00.000000,1,50.83,BUY
DIA,2023-04-20T00:00:00.000000,1,50.83,BUY
DIA,2023-04-21T00:00:00.000000,1,50.83,BUY
DIA,2023-04-24T00:00:00.000000,1,50.83,BUY
DIA,2023-04-25T00:00:00.000000,1,50.83,BUY
DIA,2023-04-26T00:00:00.000000,1,50.83,BUY
DIA,2023-04-27T00:00:00.000000,1,50.83,BUY
DIA,2023-04-28T00:00:00.000000,1,50.83,BUY
DIA,2023-05-01T00:00:00.000000,1,50.83,BUY
DIA,2023-05-02T00:00:00.000000,1,50.83,BUY
DIA,2023-05-03T00:00:00.000000,1,50.83,BUY
DIA,2023-05-04T00:00:00.000000,1,50.83,BUY
DIA,2023-05-05T00:00:00.000000,1,50.83,BUY
DIA,2023-05-08T00:00:00.000000,1,50.83,BUY
DIA,2023-05-09T00:00:00.000000,1,50.83,BUY
DIA,2023-05-10T00:00:00.000000,1,50.83,BUY
DIA,2023-05-11T00:00:00.000000,1,49.72,BUY
DIA,2023-05-12T00:00:00.000000,1,49.72,BUY
DIA,2023-05-15T00:00:00.000000,1,50.83,BUY
DIA,2023-05-16T00:00:00.000000,1,50.83,BUY
DIA,2023-05-17T00:00:00.000000,1,50.83,BUY
DIA,2023-05-18T00:00:00.000000,1,49.72,BUY
DIA,2023-05-19T00:00:00.000000,1,49.72,BUY
DIA,2023-05-22T00:00:00.000000,1,49.72,BUY
DIA,2023-05-23T00:00:00.000000,1,49.72,BUY
DIA,2023-05-24T00:00:00.000000,1,49.72,BUY
DIA,2023-05-25T00:00:00.000000,1,49.72,BUY
DIA,2023-05-26T00:00:00.000000,1,49.72,BUY
DIA,2023-05-30T00:00:00.000000,1,49.72,BUY
DIA,2023-05-31T00:00:00.000000,1,49.72,BUY
DIA,2023-06-01T00:00:00.000000,1,49.72,BUY
DIA,2023-06-02T00:00:00.000000,1,49.72,BUY
DIA,2023-06-05T00:00:00.000000,1,49.72,BUY
DIA,2023-06-06T00:00:00.000000,1,49.72,BUY
DIA,2023-06-07T00:00:00.000000,1,48.51,BUY
DIA,2023-06-08T00:00:00.000000,1,48.51,BUY
DIA,2023-06-09T00:00:00.000000,1,48.51,BUY
DIA,2023-06-12T00:00:00.000000,1,49.72,BUY
DIA,2023-06-13T00:00:00.000000,1,49.72,BUY
DIA,2023-06-14T00:00:00.000000,1,49.72,BUY
DIA,2023-06-15T00:00:00.000000,1,49.72,BUY
DIA,2023-06-16T00:00:00.000000,1,49.72,BUY
DIA,2023-06-20T00:00:00.000000,1,49.72,BUY
DIA,2023-06-21T00:00:00.000000,1,49.72,BUY
DIA,2023-06-22T00:00:00.000000,1,49.72,BUY
DIA,2023-06-23T00:00:00.000000,1,49.72,BUY
DIA,2023-06-26T00:00:00.000000,1,49.72,BUY
DIA,2023-06-27T00:00:00.000000,1,49.72,BUY
DIA,2023-06-28T00:00:00.000000,1,49.72,BUY
DIA,2023-06-29T00:00:00.000000,1,49.72,BUY
DIA,2023-06-30T00:00:00.000000,1,49.72,BUY
DIA,2023-07-03T00:00:00.000000,1,49.72,BUY
DIA,2023-07-05T00:00:00.000000,1,49.72,BUY
DIA,2023-07-06T00:00:00.000000,1,49.72,BUY
DIA,2023-07-07T00:00:00.000000,1,49.72,BUY
DIA,2023-07-10T00:00:00.000000,1,49.72,BUY
DIA,2023-07-11T00:00:00.000000,1,49.72,BUY
DIA,2023-07-12T00:00:00.000000,1,49.72,BUY
DIA,2023-07-13T00:00:00.000000,1,49.72,BUY
DIA,2023-07-14T00:00:00.000000,1,48.51,BUY
DIA,2023-07-17T00:00:00.000000,1,48.51,BUY
DIA,2023-07-18T00:00:00.000000,0,48.51,SELL
DIA,2023-07-19T00:00:00.000000,0,48.51,SELL
DIA,2023-07-20T00:00:00.000000,0,48.51,SELL
DIA,2023-07-21T00:00:00.000000,0,48.51,SELL
DIA,2023-07-24T00:00:00.000000,0,48.51,SELL
DIA,2023-07-25T00:00:00.000000,0,48.51,SELL
DIA,2023-07-26T00:00:00.000000,0,48.51,SELL
DIA,2023-07-27T00:00:00.000000,0,48.51,SELL
DIA,2023-07-28T00:00:00.000000,0,48.51,SELL
DIA,2023-07-31T00:00:00.000000,0,48.51,SELL
DIA,2023-08-01T00:00:00.000000,0,48.51,SELL
DIA,2023-08-02T00:00:00.000000,0,48.51,SELL
DIA,2023-08-03T00:00:00.000000,0,48.51,SELL
DIA,2023-08-04T00:00:00.000000,0,48.51,SELL
DIA,2023-08-07T00:00:00.000000,0,48.51,SELL
DIA,2023-08-08T00:00:00.000000,0,48.51,SELL
DIA,2023-08-09T00:00:00.000000,0,48.51,SELL
DIA,2023-08-10T00:00:00.000000,0,48.51,SELL
DIA,2023-08-11T00:00:00.000000,0,48.51,SELL
DIA,2023-08-14T00:00:00.000000,0,48.51,SELL
DIA,2023-08-15T00:00:00.000000,1,49.72,BUY
DIA,2023-08-16T00:00:00.000000,1,49.72,BUY
DIA,2023-08-17T00:00:00.000000,1,49.72,BUY
DIA,2023-08-18T00:00:00.000000,1,49.72,BUY
DIA,2023-08-21T00:00:00.000000,1,49.72,BUY
DIA,2023-08-22T00:00:00.000000,1,50.83,BUY
DIA,2023-08-23T00:00:00.000000,1,50.83,BUY
DIA,2023-08-24T00:00:00.000000,1,50.83,BUY
DIA,2023-08-25T00:00:00.000000,1,50.83,BUY
DIA,2023-08-28T00:00:00.000000,1,50.83,BUY
DIA,2023-08-29T00:00:00.000000,1,50.83,BUY
DIA,2023-08-30T00:00:00.000000,1,50.83,BUY
DIA,2023-08-31T00:00:00.000000,1,50.83,BUY
DIA,2023-09-01T00:00:00.000000,1,49.72,BUY
DIA,2023-09-05T00:00:00.000000,1,49.72,BUY
DIA,2023-09-06T00:00:00.000000,1,49.72,BUY
DIA,2023-09-07T00:00:00.000000,1,49.72,BUY
DIA,2023-09-08T00:00:00.000000,1,49.72,BUY
DIA,2023-09-11T00:00:00.000000,1,49.72,BUY
DIA,2023-09-12T00:00:00.000000,1,49.72,BUY
DIA,2023-09-13T00:00:00.000000,1,48.51,BUY
DIA,2023-09-14T00:00:00.000000,1,49.72,BUY
DIA,2023-09-15T00:00:00.000000,1,49.72,BUY
DIA,2023-09-18T00:00:00.000000,1,48.51,BUY
DIA,2023-09-19T00:00:00.000000,1,48.51,BUY
DIA,2023-09-20T00:00:00.000000,0,48.51,SELL
DIA,2023-09-21T00:00:00.000000,0,48.51,SELL
DIA,2023-09-22T00:00:00.000000,1,48.51,BUY
DIA,2023-09-25T00:00:00.000000,1,49.72,BUY
DIA,2023-09-26T00:00:00.000000,1,49.72,BUY
DIA,2023-09-27T00:00:00.000000,1,49.72,BUY
DIA,2023-09-28T00:00:00.000000,1,49.72,BUY
DIA,2023-09-29T00:00:00.000000,1,50.83,BUY
DIA,2023-10-02T00:00:00.000000,1,50.83,BUY
DIA,2023-10-03T00:00:00.000000,1,50.83,BUY
DIA,2023-10-04T00:00:00.000000,1,50.83,BUY
DIA,2023-10-05T00:00:00.000000,1,50.83,BUY
DIA,2023-10-06T00:00:00.000000,1,50.83,BUY
DIA,2023-10-09T00:00:00.000000,1,50.83,BUY
DIA,2023-10-10T00:00:00.000000,1,50.83,BUY
DIA,2023-10-11T00:00:00.000000,1,49.72,BUY
DIA,2023-10-12T00:00:00.000000,1,49.72,BUY
DIA,2023-10-13T00:00:00.000000,1,49.72,BUY
DIA,2023-10-16T00:00:00.000000,1,48.51,BUY
DIA,2023-10-17T00:00:00.000000,1,49.72,BUY
DIA,2023-10-18T00:00:00.000000,0,48.51,SELL
DIA,2023-10-19T00:00:00.000000,1,48.51,BUY
DIA,2023-10-20T00:00:00.000000,1,49.72,BUY
DIA,2023-10-23T00:00:00.000000,1,49.72,BUY
DIA,2023-10-24T00:00:00.000000,1,49.72,BUY
DIA,2023-10-25T00:00:00.000000,1,49.72,BUY
DIA,2023-10-26T00:00:00.000000,1,50.83,BUY
DIA,2023-10-27T00:00:00.000000,1,50.83,BUY
DIA,2023-10-30T00:00:00.000000,1,50.83,BUY
DIA,2023-10-31T00:00:00.000000,1,50.83,BUY
DIA,2023-11-01T00:00:00.000000,1,50.83,BUY
DIA,2023-11-02T00:00:00.000000,1,50.83,BUY
DIA,2023-11-03T00:00:00.000000,1,50.83,BUY
DIA,2023-11-06T00:00:00.000000,1,50.83,BUY
DIA,2023-11-07T00:00:00.000000,1,50.83,BUY
DIA,2023-11-08T00:00:00.000000,1,49.72,BUY
DIA,2023-11-09T00:00:00.000000,1,49.72,BUY
DIA,2023-11-10T00:00:00.000000,1,48.51,BUY
DIA,2023-11-13T00:00:00.000000,0,48.51,SELL
DIA,2023-11-14T00:00:00.000000,0,48.51,SELL
DIA,2023-11-15T00:00:00.000000,0,48.51,SELL
DIA,2023-11-16T00:00:00.000000,0,48.51,SELL
DIA,2023-11-17T00:00:00.000000,0,48.51,SELL
DIA,2023-11-20T00:00:00.000000,0,48.51,SELL
DIA,2023-11-21T00:00:00.000000,0,48.51,SELL
DIA,2023-11-22T00:00:00.000000,0,48.51,SELL
DIA,2023-11-24T00:00:00.000000,0,48.51,SELL
DIA,2023-11-27T00:00:00.000000,0,48.51,SELL
DIA,2023-11-28T00:00:00.000000,1,49.72,BUY
DIA,2023-11-29T00:00:00.000000,1,49.72,BUY
DIA,2023-11-30T00:00:00.000000,1,49.72,BUY
DIA,2023-12-01T00:00:00.000000,1,50.83,BUY
DIA,2023-12-04T00:00:00.000000,1,50.83,BUY
DIA,2023-12-05T00:00:00.000000,1,50.83,BUY
DIA,2023-12-06T00:00:00.000000,1,50.83,BUY
DIA,2023-12-07T00:00:00.000000,1,50.83,BUY
DIA,2023-12-08T00:00:00.000000,1,50.83,BUY
DIA,2023-12-11T00:00:00.000000,1,50.83,BUY
DIA,2023-12-12T00:00:00.000000,1,50.83,BUY
DIA,2023-12-13T00:00:00.000000,1,50.83,BUY
DIA,2023-12-14T00:00:00.000000,1,50.83,BUY
DIA,2023-12-15T00:00:00.000000,1,50.83,BUY
DIA,2023-12-18T00:00:00.000000,1,50.83,BUY
DIA,2023-12-19T00:00:00.000000,1,50.83,BUY
DIA,2023-12-20T00:00:00.000000,1,50.83,BUY
DIA,2023-12-21T00:00:00.000000,1,50.83,BUY
DIA,2023-12-22T00:00:00.000000,1,50.83,BUY
DIA,2023-12-26T00:00:00.000000,1,50.83,BUY
DIA,2023-12-27T00:00:00.000000,1,50.83,BUY
DIA,2023-12-28T00:00:00.000000,1,50.83,BUY
DIA,2023-12-29T00:00:00.000000,1,50.83,BUY
DIA,2024-01-02T00:00:00.000000,1,50.83,BUY
DIA,2024-01-03T00:00:00.000000,1,50.83,BUY
DIA,2024-01-04T00:00:00.000000,1,50.83,BUY
DIA,2024-01-05T00:00:00.000000,1,50.83,BUY
DIA,2024-01-08T00:00:00.000000,1,50.83,BUY
DIA,2024-01-09T00:00:00.000000,1,50.83,BUY
DIA,2024-01-10T00:00:00.000000,1,50.83,BUY
DIA,2024-01-11T00:00:00.000000,1,50.83,BUY
DIA,2024-01-12T00:00:00.000000,1,50.83,BUY
DIA,2024-01-16T00:00:00.000000,1,50.83,BUY
DIA,2024-01-17T00:00:00.000000,1,49.72,BUY
DIA,2024-01-18T00:00:00.000000,1,49.72,BUY
DIA,2024-01-19T00:00:00.000000,1,49.72,BUY
DIA,2024-01-22T00:00:00.000000,1,49.72,BUY
DIA,2024-01-23T00:00:00.000000,1,49.72,BUY
DIA,2024-01-24T00:00:00.000000,1,48.51,BUY
DIA,2024-01-25T00:00:00.000000,1,48.51,BUY
DIA,2024-01-26T00:00:00.000000,1,48.51,BUY
DIA,2024-01-29T00:00:00.000000,1,48.51,BUY
DIA,2024-01-30T00:00:00.000000,0,48.51,SELL
DIA,2024-01-31T00:00:00.000000,0,48.51,SELL
DIA,2024-02-01T00:00:00.000000,0,48.51,SELL
DIA,2024-02-02T00:00:00.000000,0,48.51,SELL
DIA,2024-02-05T00:00:00.000000,1,48.51,BUY
DIA,2024-02-06T00:00:00.000000,1,48.51,BUY
DIA,2024-02-07T00:00:00.000000,1,49.72,BUY
DIA,2024-02-08T00:00:00.000000,1,49.72,BUY
DIA,2024-02-09T00:00:00.000000,1,49.72,BUY
DIA,2024-02-12T00:00:00.000000,1,49.72,BUY
DIA,2024-02-13T00:00:00.000000,1,49.72,BUY
DIA,2024-02-14T00:00:00.000000,1,49.72,BUY
DIA,2024-02-15T00:00:00.000000,1,49.72,BUY
DIA,2024-02-16T00:00:00.000000,1,49.72,BUY
DIA,2024-02-20T00:00:00.000000,1,49.72,BUY
DIA,2024-02-21T00:00:00.000000,1,49.72,BUY
DIA,2024-02-22T00:00:00.000000,1,49.72,BUY
DIA,2024-02-23T00:00:00.000000,1,49.72,BUY
DIA,2024-02-26T00:00:00.000000,1,49.72,BUY
DIA,2024-02-27T00:00:00.000000,1,49.72,BUY
DIA,2024-02-28T00:00:00.000000,1,49.72,BUY
DIA,2024-02-29T00:00:00.000000,1,49.72,BUY
DIA,2024-03-01T00:00:00.000000,1,49.72,BUY
DIA,2024-03-04T00:00:00.000000,1,49.72,BUY
DIA,2024-03-05T00:00:00.000000,1,49.72,BUY
DIA,2024-03-06T00:00:00.000000,1,49.72,BUY
DIA,2024-03-07T00:00:00.000000,1,49.72,BUY
DIA,2024-03-08T00:00:00.000000,1,49.72,BUY
DIA,2024-03-11T00:00:00.000000,1,49.72,BUY
DIA,2024-03-12T00:00:00.000000,1,49.72,BUY
DIA,2024-03-13T00:00:00.000000,1,49.72,BUY
DIA,2024-03-14T00:00:00.000000,1,49.72,BUY
DIA,2024-03-15T00:00:00.000000,1,49.72,BUY
DIA,2024-03-18T00:00:00.000000,1,49.72,BUY
DIA,2024-03-19T00:00:00.000000,1,48.51,BUY
DIA,2024-03-20T00:00:00.000000,0,48.51,SELL
DIA,2024-03-21T00:00:00.000000,0,48.51,SELL
DIA,2024-03-22T00:00:00.000000,0,48.51,SELL
DIA,2024-03-25T00:00:00.000000,0,48.51,SELL
DIA,2024-03-26T00:00:00.000000,0,48.51,SELL
DIA,2024-03-27T00:00:00.000000,0,48.51,SELL
DIA,2024-03-28T00:00:00.000000,0,48.51,SELL
DIA,2024-04-01T00:00:00.000000,0,48.51,SELL
DIA,2024-04-02T00:00:00.000000,0,48.51,SELL
DIA,2024-04-03T00:00:00.000000,0,48.51,SELL
DIA,2024-04-04T00:00:00.000000,0,48.51,SELL
DIA,2024-04-05T00:00:00.000000,1,48.51,BUY
DIA,2024-04-08T00:00:00.000000,1,48.51,BUY
DIA,2024-04-09T00:00:00.000000,1,48.51,BUY
DIA,2024-04-10T00:00:00.000000,0,48.51,SELL
DIA,2024-04-11T00:00:00.000000,0,48.51,SELL
DIA,2024-04-12T00:00:00.000000,0,48.51,SELL
DIA,2024-04-15T00:00:00.000000,1,48.51,BUY
DIA,2024-04-16T00:00:00.000000,1,49.72,BUY
DIA,2024-04-17T00:00:00.000000,1,49.72,BUY
DIA,2024-04-18T00:00:00.000000,1,49.72,BUY
DIA,2024-04-19T00:00:00.000000,1,49.72,BUY
DIA,2024-04-22T00:00:00.000000,1,50.83,BUY
DIA,2024-04-23T00:00:00.000000,1,50.83,BUY
DIA,2024-04-24T00:00:00.000000,1,50.83,BUY
DIA,2024-04-25T00:00:00.000000,1,50.83,BUY
DIA,2024-04-26T00:00:00.000000,1,50.83,BUY
DIA,2024-04-29T00:00:00.000000,1,50.83,BUY
DIA,2024-04-30T00:00:00.000000,1,50.83,BUY
DIA,2024-05-01T00:00:00.000000,1,50.83,BUY
DIA,2024-05-02T00:00:00.000000,1,50.83,BUY
DIA,2024-05-03T00:00:00.000000,1,49.72,BUY
DIA,2024-05-06T00:00:00.000000,1,49.72,BUY
DIA,2024-05-07T00:00:00.000000,1,49.72,BUY
DIA,2024-05-08T00:00:00.000000,1,49.72,BUY
DIA,2024-05-09T00:00:00.000000,0,48.51,SELL
DIA,2024-05-10T00:00:00.000000,0,48.51,SELL
DIA,2024-05-13T00:00:00.000000,0,48.51,SELL
DIA,2024-05-14T00:00:00.000000,0,48.51,SELL
DIA,2024-05-15T00:00:00.000000,0,48.51,SELL
DIA,2024-05-16T00:00:00.000000,0,48.51,SELL
DIA,2024-05-17T00:00:00.000000,1,48.51,BUY
DIA,2024-05-20T00:00:00.000000,1,48.51,BUY
DIA,2024-05-21T00:00:00.000000,1,49.72,BUY
DIA,2024-05-22T00:00:00.000000,1,49.72,BUY
DIA,2024-05-23T00:00:00.000000,1,49.72,BUY
DIA,2024-05-24T00:00:00.000000,1,49.72,BUY
DIA,2024-05-28T00:00:00.000000,1,49.72,BUY
DIA,2024-05-29T00:00:00.000000,1,49.72,BUY
DIA,2024-05-30T00:00:00.000000,1,49.72,BUY
DIA,2024-05-31T00:00:00.000000,1,50.83,BUY
DIA,2024-06-03T00:00:00.000000,1,49.72,BUY
DIA,2024-06-04T00:00:00.000000,1,49.72,BUY
DIA,2024-06-05T00:00:00.000000,1,49.72,BUY
DIA,2024-06-06T00:00:00.000000,1,49.72,BUY
DIA,2024-06-07T00:00:00.000000,1,49.72,BUY
DIA,2024-06-10T00:00:00.000000,1,49.72,BUY
DIA,2024-06-11T00:00:00.000000,1,49.72,BUY
DIA,2024-06-12T00:00:00.000000,1,49.72,BUY
DIA,2024-06-13T00:00:00.000000,1,49.72,BUY
DIA,2024-06-14T00:00:00.000000,1,49.72,BUY
DIA,2024-06-17T00:00:00.000000,1,49.72,BUY
DIA,2024-06-18T00:00:00.000000,1,49.72,BUY
DIA,2024-06-20T00:00:00.000000,1,49.72,BUY
DIA,2024-06-21T00:00:00.000000,1,49.72,BUY
DIA,2024-06-24T00:00:00.000000,1,49.72,BUY
DIA,2024-06-25T00:00:00.000000,1,49.72,BUY
DIA,2024-06-26T00:00:00.000000,1,49.72,BUY
DIA,2024-06-27T00:00:00.000000,1,49.72,BUY
DIA,2024-06-28T00:00:00.000000,1,49.72,BUY
DIA,2024-07-01T00:00:00.000000,1,49.72,BUY
DIA,2024-07-02T00:00:00.000000,1,49.72,BUY
DIA,2024-07-03T00:00:00.000000,1,50.83,BUY
DIA,2024-07-05T00:00:00.000000,1,50.83,BUY
DIA,2024-07-08T00:00:00.000000,1,49.72,BUY
DIA,2024-07-09T00:00:00.000000,1,49.72,BUY
DIA,2024-07-10T00:00:00.000000,1,49.72,BUY
DIA,2024-07-11T00:00:00.000000,1,49.72,BUY
DIA,2024-07-12T00:00:00.000000,1,49.72,BUY
DIA,2024-07-15T00:00:00.000000,1,49.72,BUY
DIA,2024-07-16T00:00:00.000000,1,48.51,BUY
DIA,2024-07-17T00:00:00.000000,1,48.51,BUY
DIA,2024-07-18T00:00:00.000000,1,48.51,BUY
DIA,2024-07-19T00:00:00.000000,1,48.51,BUY
DIA,2024-07-22T00:00:00.000000,1,49.72,BUY
DIA,2024-07-23T00:00:00.000000,1,49.72,BUY
DIA,2024-07-24T00:00:00.000000,1,49.72,BUY
DIA,2024-07-25T00:00:00.000000,1,49.72,BUY
DIA,2024-07-26T00:00:00.000000,1,49.72,BUY
DIA,2024-07-29T00:00:00.000000,1,49.72,BUY
DIA,2024-07-30T00:00:00.000000,1,50.83,BUY
DIA,2024-07-31T00:00:00.000000,1,50.83,BUY
DIA,2024-08-01T00:00:00.000000,1,50.83,BUY
DIA,2024-08-02T00:00:00.000000,1,50.83,BUY
DIA,2024-08-05T00:00:00.000000,1,50.83,BUY
DIA,2024-08-06T00:00:00.000000,1,50.83,BUY
DIA,2024-08-07T00:00:00.000000,1,50.83,BUY
DIA,2024-08-08T00:00:00.000000,1,50.83,BUY
DIA,2024-08-09T00:00:00.000000,1,50.83,BUY
DIA,2024-08-12T00:00:00.000000,1,50.83,BUY
DIA,2024-08-13T00:00:00.000000,1,50.83,BUY
DIA,2024-08-14T00:00:00.000000,1,50.83,BUY
DIA,2024-08-15T00:00:00.000000,1,50.83,BUY
DIA,2024-08-16T00:00:00.000000,1,50.83,BUY
DIA,2024-08-19T00:00:00.000000,1,50.83,BUY
DIA,2024-08-20T00:00:00.000000,1,49.72,BUY
DIA,2024-08-21T00:00:00.000000,1,49.72,BUY
DIA,2024-08-22T00:00:00.000000,1,48.51,BUY
DIA,2024-08-23T00:00:00.000000,1,48.51,BUY
DIA,2024-08-26T00:00:00.000000,0,48.51,SELL
DIA,2024-08-27T00:00:00.000000,0,48.51,SELL
DIA,2024-08-28T00:00:00.000000,0,48.51,SELL
DIA,2024-08-29T00:00:00.000000,1,48.51,BUY
DIA,2024-08-30T00:00:00.000000,1,49.72,BUY
DIA,2024-09-03T00:00:00.000000,1,49.72,BUY
DIA,2024-09-04T00:00:00.000000,1,49.72,BUY
DIA,2024-09-05T00:00:00.000000,1,49.72,BUY
DIA,2024-09-06T00:00:00.000000,1,49.72,BUY
DIA,2024-09-09T00:00:00.000000,1,49.72,BUY
DIA,2024-09-10T00:00:00.000000,1,50.83,BUY
DIA,2024-09-11T00:00:00.000000,1,50.83,BUY
DIA,2024-09-12T00:00:00.000000,1,50.83,BUY
DIA,2024-09-13T00:00:00.000000,1,50.83,BUY
DIA,2024-09-16T00:00:00.000000,1,50.83,BUY
DIA,2024-09-17T00:00:00.000000,1,50.83,BUY
DIA,2024-09-18T00:00:00.000000,1,49.72,BUY
DIA,2024-09-19T00:00:00.000000,1,49.72,BUY
DIA,2024-09-20T00:00:00.000000,1,49.72,BUY
DIA,2024-09-23T00:00:00.000000,1,49.72,BUY
DIA,2024-09-24T00:00:00.000000,1,49.72,BUY
DIA,2024-09-25T00:00:00.000000,1,49.72,BUY
DIA,2024-09-26T00:00:00.000000,1,49.72,BUY
DIA,2024-09-27T00:00:00.000000,1,49.72,BUY
DIA,2024-09-30T00:00:00.000000,1,49.72,BUY
DIA,2024-10-01T00:00:00.000000,1,49.72,BUY
DIA,2024-10-02T00:00:00.000000,1,49.72,BUY
DIA,2024-10-03T00:00:00.000000,1,49.72,BUY
DIA,2024-10-04T00:00:00.000000,1,49.72,BUY
DIA,2024-10-07T00:00:00.000000,1,49.72,BUY
DIA,2024-10-08T00:00:00.000000,1,49.72,BUY
DIA,2024-10-09T00:00:00.000000,1,49.72,BUY
DIA,2024-10-10T00:00:00.000000,1,49.72,BUY
DIA,2024-10-11T00:00:00.000000,1,49.72,BUY
DIA,2024-10-14T00:00:00.000000,1,49.72,BUY
DIA,2024-10-15T00:00:00.000000,1,49.72,BUY
DIA,2024-10-16T00:00:00.000000,1,49.72,BUY
DIA,2024-10-17T00:00:00.000000,1,49.72,BUY
DIA,2024-10-18T00:00:00.000000,1,49.72,BUY
DIA,2024-10-21T00:00:00.000000,1,49.72,BUY
DIA,2024-10-22T00:00:00.000000,1,49.72,BUY
DIA,2024-10-23T00:00:00.000000,1,50.83,BUY
DIA,2024-10-24T00:00:00.000000,1,50.83,BUY
DIA,2024-10-25T00:00:00.000000,1,50.83,BUY
DIA,2024-10-28T00:00:00.000000,1,50.83,BUY
DIA,2024-10-29T00:00:00.000000,1,50.83,BUY
DIA,2024-10-30T00:00:00.000000,1,50.83,BUY
DIA,2024-10-31T00:00:00.000000,1,50.83,BUY
DIA,2024-11-01T00:00:00.000000,1,50.83,BUY
DIA,2024-11-04T00:00:00.000000,1,50.83,BUY
DIA,2024-11-05T00:00:00.000000,1,50.83,BUY
DIA,2024-11-06T00:00:00.000000,1,50.83,BUY
DIA,2024-11-07T00:00:00.000000,1,50.83,BUY
DIA,2024-11-08T00:00:00.000000,1,50.83,BUY
DIA,2024-11-11T00:00:00.000000,1,49.72,BUY
DIA,2024-11-12T00:00:00.000000,1,48.51,BUY
DIA,2024-11-13T00:00:00.000000,1,48.51,BUY
DIA,2024-11-14T00:00:00.000000,1,48.51,BUY
DIA,2024-11-15T00:00:00.000000,0,48.51,SELL
DIA,2024-11-18T00:00:00.000000,0,48.51,SELL
DIA,2024-11-19T00:00:00.000000,0,48.51,SELL
DIA,2024-11-20T00:00:00.000000,1,48.51,BUY
DIA,2024-11-21T00:00:00.000000,1,49.72,BUY
DIA,2024-11-22T00:00:00.000000,1,49.72,BUY
DIA,2024-11-25T00:00:00.000000,1,49.72,BUY
DIA,2024-11-26T00:00:00.000000,1,49.72,BUY
DIA,2024-11-27T00:00:00.000000,1,49.72,BUY
DIA,2024-11-29T00:00:00.000000,1,49.72,BUY
DIA,2024-12-02T00:00:00.000000,1,49.72,BUY
DIA,2024-12-03T00:00:00.000000,1,49.72,BUY
DIA,2024-12-04T00:00:00.000000,1,49.72,BUY
DIA,2024-12-05T00:00:00.000000,1,49.72,BUY
DIA,2024-12-06T00:00:00.000000,1,49.72,BUY
DIA,2024-12-09T00:00:00.000000,1,50.83,BUY
DIA,2024-12-10T00:00:00.000000,1,50.83,BUY
DIA,2024-12-11T00:00:00.000000,1,50.83,BUY
DIA,2024-12-12T00:00:00.000000,1,50.83,BUY
DIA,2024-12-13T00:00:00.000000,1,50.83,BUY
DIA,2024-12-16T00:00:00.000000,1,50.83,BUY
DIA,2024-12-17T00:00:00.000000,1,50.83,BUY
DIA,2024-12-18T00:00:00.000000,1,50.83,BUY
DIA,2024-12-19T00:00:00.000000,1,50.83,BUY
DIA,2024-12-20T00:00:00.000000,1,50.83,BUY
GLD,2023-02-21T00:00:00.000000,0,38.31,SELL
GLD,2023-02-22T00:00:00.000000,0,38.31,SELL
GLD,2023-02-23T00:00:00.000000,0,38.31,SELL
GLD,2023-02-24T00:00:00.000000,0,40.62,SELL
GLD,2023-02-27T00:00:00.000000,0,38.31,SELL
GLD,2023-02-28T00:00:00.000000,0,44.85,SELL
GLD,2023-03-01T00:00:00.000000,0,48.51,SELL
GLD,2023-03-02T00:00:00.000000,0,48.51,SELL
GLD,2023-03-03T00:00:00.000000,1,49.72,BUY
GLD,2023-03-06T00:00:00.000000,1,49.72,BUY
GLD,2023-03-07T00:00:00.000000,1,50.83,BUY
GLD,2023-03-08T00:00:00.000000,1,49.72,BUY
GLD,2023-03-09T00:00:00.000000,1,49.72,BUY
GLD,2023-03-10T00:00:00.000000,1,49.72,BUY
GLD,2023-03-13T00:00:00.000000,1,49.72,BUY
GLD,2023-03-14T00:00:00.000000,1,49.72,BUY
GLD,2023-03-15T00:00:00.000000,1,50.83,BUY
GLD,2023-03-16T00:00:00.000000,1,50.83,BUY
GLD,2023-03-17T00:00:00.000000,1,50.83,BUY
GLD,2023-03-20T00:00:00.000000,1,50.83,BUY
GLD,2023-03-21T00:00:00.000000,1,50.83,BUY
GLD,2023-03-22T00:00:00.000000,1,50.83,BUY
GLD,2023-03-23T00:00:00.000000,1,49.72,BUY
GLD,2023-03-24T00:00:00.000000,1,49.72,BUY
GLD,2023-03-27T00:00:00.000000,1,50.83,BUY
GLD,2023-03-28T00:00:00.000000,1,50.83,BUY
GLD,2023-03-29T00:00:00.000000,1,49.72,BUY
GLD,2023-03-30T00:00:00.000000,1,49.72,BUY
GLD,2023-03-31T00:00:00.000000,1,49.72,BUY
GLD,2023-04-03T00:00:00.000000,1,49.72,BUY
GLD,2023-04-04T00:00:00.000000,1,49.72,BUY
GLD,2023-04-05T00:00:00.000000,1,49.72,BUY
GLD,2023-04-06T00:00:00.000000,1,49.72,BUY
GLD,2023-04-10T00:00:00.000000,1,49.72,BUY
GLD,2023-04-11T00:00:00.000000,1,49.72,BUY
GLD,2023-04-12T00:00:00.000000,1,49.72,BUY
GLD,2023-04-13T00:00:00.000000,1,49.72,BUY
GLD,2023-04-14T00:00:00.000000,1,49.72,BUY
GLD,2023-04-17T00:00:00.000000,1,49.72,BUY
GLD,2023-04-18T00:00:00.000000,1,49.72,BUY
GLD,2023-04-19T00:00:00.000000,1,49.72,BUY
GLD,2023-04-20T00:00:00.000000,1,49.72,BUY
GLD,2023-04-21T00:00:00.000000,1,49.72,BUY
GLD,2023-04-24T00:00:00.000000,1,49.72,BUY
GLD,2023-04-25T00:00:00.000000,1,49.72,BUY
GLD,2023-04-26T00:00:00.000000,1,49.72,BUY
GLD,2023-04-27T00:00:00.000000,1,49.72,BUY
GLD,2023-04-28T00:00:00.000000,1,49.72,BUY
GLD,2023-05-01T00:00:00.000000,1,49.72,BUY
GLD,2023-05-02T00:00:00.000000,1,49.72,BUY
GLD,2023-05-03T00:00:00.000000,1,49.72,BUY
GLD,2023-05-04T00:00:00.000000,1,49.72,BUY
GLD,2023-05-05T00:00:00.000000,1,49.72,BUY
GLD,2023-05-08T00:00:00.000000,1,49.72,BUY
GLD,2023-05-09T00:00:00.000000,1,49.72,BUY
GLD,2023-05-10T00:00:00.000000,1,49.72,BUY
GLD,2023-05-11T00:00:00.000000,1,49.72,BUY
GLD,2023-05-12T00:00:00.000000,1,49.72,BUY
GLD,2023-05-15T00:00:00.000000,1,50.83,BUY
GLD,2023-05-16T00:00:00.000000,1,50.83,BUY
GLD,2023-05-17T00:00:00.000000,1,50.83,BUY
GLD,2023-05-18T00:00:00.000000,1,50.83,BUY
GLD,2023-05-19T00:00:00.000000,1,49.72,BUY
GLD,2023-05-22T00:00:00.000000,1,49.72,BUY
GLD,2023-05-23T00:00:00.000000,1,49.72,BUY
GLD,2023-05-24T00:00:00.000000,1,49.72,BUY
GLD,2023-05-25T00:00:00.000000,1,49.72,BUY
GLD,2023-05-26T00:00:00.000000,1,49.72,BUY
GLD,2023-05-30T00:00:00.000000,1,48.51,BUY
GLD,2023-05-31T00:00:00.000000,1,48.51,BUY
GLD,2023-06-01T00:00:00.000000,0,48.51,SELL
GLD,2023-06-02T00:00:00.000000,0,48.51,SELL
GLD,2023-06-05T00:00:00.000000,0,48.51,SELL
GLD,2023-06-06T00:00:00.000000,0,48.51,SELL
GLD,2023-06-07T00:00:00.000000,0,48.51,SELL
GLD,2023-06-08T00:00:00.000000,0,48.51,SELL
GLD,2023-06-09T00:00:00.000000,0,45.45,SELL
GLD,2023-06-12T00:00:00.000000,0,44.85,SELL
GLD,2023-06-13T00:00:00.000000,0,40.62,SELL
GLD,2023-06-14T00:00:00.000000,0,38.31,SELL
GLD,2023-06-15T00:00:00.000000,0,38.31,SELL
GLD,2023-06-16T00:00:00.000000,0,38.31,SELL
GLD,2023-06-20T00:00:00.000000,0,36.84,SELL
GLD,2023-06-21T00:00:00.000000,0,38.1,SELL
GLD,2023-06-22T00:00:00.000000,0,38.31,SELL
GLD,2023-06-23T00:00:00.000000,0,36.84,SELL
GLD,2023-06-26T00:00:00.000000,0,38.1,SELL
GLD,2023-06-27T00:00:00.000000,0,38.31,SELL
GLD,2023-06-28T00:00:00.000000,0,44.85,SELL
GLD,2023-06-29T00:00:00.000000,0,44.85,SELL
GLD,2023-06-30T00:00:00.000000,0,40.62,SELL
GLD,2023-07-03T00:00:00.000000,0,48.51,SELL
GLD,2023-07-05T00:00:00.000000,0,48.51,SELL
GLD,2023-07-06T00:00:00.000000,0,48.51,SELL
GLD,2023-07-07T00:00:00.000000,0,48.51,SELL
GLD,2023-07-10T00:00:00.000000,0,48.51,SELL
GLD,2023-07-11T00:00:00.000000,0,48.51,SELL
GLD,2023-07-12T00:00:00.000000,0,44.85,SELL
GLD,2023-07-13T00:00:00.000000,0,44.85,SELL
GLD,2023-07-14T00:00:00.000000,0,44.85,SELL
GLD,2023-07-17T00:00:00.000000,0,48.51,SELL
GLD,2023-07-18T00:00:00.000000,0,48.51,SELL
GLD,2023-07-19T00:00:00.000000,0,44.85,SELL
GLD,2023-07-20T00:00:00.000000,0,38.31,SELL
GLD,2023-07-21T00:00:00.000000,0,38.1,SELL
GLD,2023-07-24T00:00:00.000000,0,32.82,SELL
GLD,2023-07-25T00:00:00.000000,0,32.82,SELL
GLD,2023-07-26T00:00:00.000000,0,32.82,SELL
GLD,2023-07-27T00:00:00.000000,0,37.93,SELL
GLD,2023-07-28T00:00:00.000000,0,38.31,SELL
GLD,2023-07-31T00:00:00.000000,0,38.31,SELL
GLD,2023-08-01T00:00:00.000000,0,38.31,SELL
GLD,2023-08-02T00:00:00.000000,0,44.85,SELL
GLD,2023-08-03T00:00:00.000000,0,48.51,SELL
GLD,2023-08-04T00:00:00.000000,0,48.51,SELL
GLD,2023-08-07T00:00:00.000000,0,48.51,SELL
GLD,2023-08-08T00:00:00.000000,0,48.51,SELL
GLD,2023-08-09T00:00:00.000000,0,48.51,SELL
GLD,2023-08-10T00:00:00.000000,0,48.51,SELL
GLD,2023-08-11T00:00:00.000000,0,48.51,SELL
GLD,2023-08-14T00:00:00.000000,1,49.72,BUY
GLD,2023-08-15T00:00:00.000000,1,49.72,BUY
GLD,2023-08-16T00:00:00.000000,1,49.72,BUY
GLD,2023-08-17T00:00:00.000000,1,49.72,BUY
GLD,2023-08-18T00:00:00.000000,1,50.83,BUY
GLD,2023-08-21T00:00:00.000000,1,50.83,BUY
GLD,2023-08-22T00:00:00.000000,1,50.83,BUY
GLD,2023-08-23T00:00:00.000000,1,50.83,BUY
GLD,2023-08-24T00:00:00.000000,1,50.83,BUY
GLD,2023-08-25T00:00:00.000000,1,50.83,BUY
GLD,2023-08-28T00:00:00.000000,1,49.72,BUY
GLD,2023-08-29T00:00:00.000000,1,50.83,BUY
GLD,2023-08-30T00:00:00.000000,1,49.72,BUY
GLD,2023-08-31T00:00:00.000000,1,49.72,BUY
GLD,2023-09-01T00:00:00.000000,1,49.72,BUY
GLD,2023-09-05T00:00:00.000000,0,48.51,SELL
GLD,2023-09-06T00:00:00.000000,1,48.51,BUY
GLD,2023-09-07T00:00:00.000000,1,48.51,BUY
GLD,2023-09-08T00:00:00.000000,1,49.72,BUY
GLD,2023-09-11T00:00:00.000000,1,48.51,BUY
GLD,2023-09-12T00:00:00.000000,1,48.51,BUY
GLD,2023-09-13T00:00:00.000000,1,48.51,BUY
GLD,2023-09-14T00:00:00.000000,1,49.72,BUY
GLD,2023-09-15T00:00:00.000000,1,48.51,BUY
GLD,2023-09-18T00:00:00.000000,0,48.51,SELL
GLD,2023-09-19T00:00:00.000000,0,48.51,SELL
GLD,2023-09-20T00:00:00.000000,0,48.51,SELL
GLD,2023-09-21T00:00:00.000000,0,48.51,SELL
GLD,2023-09-22T00:00:00.000000,0,48.51,SELL
GLD,2023-09-25T00:00:00.000000,0,48.51,SELL
GLD,2023-09-26T00:00:00.000000,1,48.51,BUY
GLD,2023-09-27T00:00:00.000000,1,49.72,BUY
GLD,2023-09-28T00:00:00.000000,1,49.72,BUY
GLD,2023-09-29T00:00:00.000000,1,50.83,BUY
GLD,2023-10-02T00:00:00.000000,1,50.83,BUY
GLD,2023-10-03T00:00:00.000000,1,50.83,BUY
GLD,2023-10-04T00:00:00.000000,1,50.83,BUY
GLD,2023-10-05T00:00:00.000000,1,50.83,BUY
GLD,2023-10-06T00:00:00.000000,1,50.83,BUY
GLD,2023-10-09T00:00:00.000000,1,49.72,BUY
GLD,2023-10-10T00:00:00.000000,1,48.51,BUY
GLD,2023-10-11T00:00:00.000000,0,48.51,SELL
GLD,2023-10-12T00:00:00.000000,0,45.45,SELL
GLD,2023-10-13T00:00:00.000000,0,48.51,SELL
GLD,2023-10-16T00:00:00.000000,0,48.51,SELL
GLD,2023-10-17T00:00:00.000000,0,48.51,SELL
GLD,2023-10-18T00:00:00.000000,1,48.51,BUY
GLD,2023-10-19T00:00:00.000000,1,49.72,BUY
GLD,2023-10-20T00:00:00.000000,1,49.72,BUY
GLD,2023-10-23T00:00:00.000000,1,50.83,BUY
GLD,2023-10-24T00:00:00.000000,1,50.83,BUY
GLD,2023-10-25T00:00:00.000000,1,50.83,BUY
GLD,2023-10-26T00:00:00.000000,1,50.83,BUY
GLD,2023-10-27T00:00:00.000000,1,50.83,BUY
GLD,2023-10-30T00:00:00.000000,1,50.83,BUY
GLD,2023-10-31T00:00:00.000000,1,50.83,BUY
GLD,2023-11-01T00:00:00.000000,1,50.83,BUY
GLD,2023-11-02T00:00:00.000000,1,50.83,BUY
GLD,2023-11-03T00:00:00.000000,1,50.83,BUY
GLD,2023-11-06T00:00:00.000000,1,50.83,BUY
GLD,2023-11-07T00:00:00.000000,1,50.83,BUY
GLD,2023-11-08T00:00:00.000000,1,50.83,BUY
GLD,2023-11-09T00:00:00.000000,1,49.72,BUY
GLD,2023-11-10T00:00:00.000000,1,49.72,BUY
GLD,2023-11-13T00:00:00.000000,1,49.72,BUY
GLD,2023-11-14T00:00:00.000000,1,48.51,BUY
GLD,2023-11-15T00:00:00.000000,0,48.51,SELL
GLD,2023-11-16T00:00:00.000000,0,48.51,SELL
GLD,2023-11-17T00:00:00.000000,0,44.85,SELL
GLD,2023-11-20T00:00:00.000000,0,38.31,SELL
GLD,2023-11-21T00:00:00.000000,0,38.31,SELL
GLD,2023-11-22T00:00:00.000000,0,38.31,SELL
GLD,2023-11-24T00:00:00.000000,0,38.31,SELL
GLD,2023-11-27T00:00:00.000000,0,36.84,SELL
GLD,2023-11-28T00:00:00.000000,0,32.82,SELL
GLD,2023-11-29T00:00:00.000000,0,32.82,SELL
GLD,2023-11-30T00:00:00.000000,0,32.82,SELL
GLD,2023-12-01T00:00:00.000000,0,32.82,SELL
GLD,2023-12-04T00:00:00.000000,0,36.33,SELL
GLD,2023-12-05T00:00:00.000000,0,36.84,SELL
GLD,2023-12-06T00:00:00.000000,0,38.31,SELL
GLD,2023-12-07T00:00:00.000000,0,38.31,SELL
GLD,2023-12-08T00:00:00.000000,0,38.31,SELL
GLD,2023-12-11T00:00:00.000000,0,38.31,SELL
GLD,2023-12-12T00:00:00.000000,0,44.85,SELL
GLD,2023-12-13T00:00:00.000000,0,48.51,SELL
GLD,2023-12-14T00:00:00.000000,0,48.51,SELL
GLD,2023-12-15T00:00:00.000000,0,48.51,SELL
GLD,2023-12-18T00:00:00.000000,0,48.51,SELL
GLD,2023-12-19T00:00:00.000000,0,48.51,SELL
GLD,2023-12-20T00:00:00.000000,0,44.85,SELL
GLD,2023-12-21T00:00:00.000000,0,44.85,SELL
GLD,2023-12-22T00:00:00.000000,0,44.85,SELL
GLD,2023-12-26T00:00:00.000000,0,38.31,SELL
GLD,2023-12-27T00:00:00.000000,0,38.31,SELL
GLD,2023-12-28T00:00:00.000000,0,38.31,SELL
GLD,2023-12-29T00:00:00.000000,0,38.1,SELL
GLD,2024-01-02T00:00:00.000000,0,37.93,SELL
GLD,2024-01-03T00:00:00.000000,0,36.84,SELL
GLD,2024-01-04T00:00:00.000000,0,36.84,SELL
GLD,2024-01-05T00:00:00.000000,0,38.31,SELL
GLD,2024-01-08T00:00:00.000000,0,37.93,SELL
GLD,2024-01-09T00:00:00.000000,0,38.31,SELL
GLD,2024-01-10T00:00:00.000000,0,38.31,SELL
GLD,2024-01-11T00:00:00.000000,0,44.85,SELL
GLD,2024-01-12T00:00:00.000000,0,48.51,SELL
GLD,2024-01-16T00:00:00.000000,0,48.51,SELL
GLD,2024-01-17T00:00:00.000000,0,48.51,SELL
GLD,2024-01-18T00:00:00.000000,0,48.51,SELL
GLD,2024-01-19T00:00:00.000000,0,48.51,SELL
GLD,2024-01-22T00:00:00.000000,0,48.51,SELL
GLD,2024-01-23T00:00:00.000000,0,44.85,SELL
GLD,2024-01-24T00:00:00.000000,0,44.85,SELL
GLD,2024-01-25T00:00:00.000000,0,38.31,SELL
GLD,2024-01-26T00:00:00.000000,0,38.31,SELL
GLD,2024-01-29T00:00:00.000000,0,40.62,SELL
GLD,2024-01-30T00:00:00.000000,0,38.31,SELL
GLD,2024-01-31T00:00:00.000000,0,37.5,SELL
GLD,2024-02-01T00:00:00.000000,0,32.82,SELL
GLD,2024-02-02T00:00:00.000000,0,36.84,SELL
GLD,2024-02-05T00:00:00.000000,0,36.84,SELL
GLD,2024-02-06T00:00:00.000000,0,36.45,SELL
GLD,2024-02-07T00:00:00.000000,0,37.5,SELL
GLD,2024-02-08T00:00:00.000000,0,32.82,SELL
GLD,2024-02-09T00:00:00.000000,0,36.84,SELL
GLD,2024-02-12T00:00:00.000000,0,37.5,SELL
GLD,2024-02-13T00:00:00.000000,0,38.31,SELL
GLD,2024-02-14T00:00:00.000000,0,38.31,SELL
GLD,2024-02-15T00:00:00.000000,0,38.31,SELL
GLD,2024-02-16T00:00:00.000000,0,38.31,SELL
GLD,2024-02-20T00:00:00.000000,0,44.85,SELL
GLD,2024-02-21T00:00:00.000000,0,44.85,SELL
GLD,2024-02-22T00:00:00.000000,0,48.51,SELL
GLD,2024-02-23T00:00:00.000000,0,44.85,SELL
GLD,2024-02-26T00:00:00.000000,0,48.51,SELL
GLD,2024-02-27T00:00:00.000000,0,48.51,SELL
GLD,2024-02-28T00:00:00.000000,0,48.51,SELL
GLD,2024-02-29T00:00:00.000000,0,44.85,SELL
GLD,2024-03-01T00:00:00.000000,0,45.45,SELL
GLD,2024-03-04T00:00:00.000000,0,48.51,SELL
GLD,2024-03-05T00:00:00.000000,0,48.51,SELL
GLD,2024-03-06T00:00:00.000000,0,48.51,SELL
GLD,2024-03-07T00:00:00.000000,0,48.51,SELL
GLD,2024-03-08T00:00:00.000000,0,48.51,SELL
GLD,2024-03-11T00:00:00.000000,0,48.51,SELL
GLD,2024-03-12T00:00:00.000000,1,48.51,BUY
GLD,2024-03-13T00:00:00.000000,1,48.51,BUY
GLD,2024-03-14T00:00:00.000000,1,49.72,BUY
GLD,2024-03-15T00:00:00.000000,1,49.72,BUY
GLD,2024-03-18T00:00:00.000000,1,49.72,BUY
GLD,2024-03-19T00:00:00.000000,1,49.72,BUY
GLD,2024-03-20T00:00:00.000000,1,49.72,BUY
GLD,2024-03-21T00:00:00.000000,1,49.72,BUY
GLD,2024-03-22T00:00:00.000000,1,49.72,BUY
GLD,2024-03-25T00:00:00.000000,1,49.72,BUY
GLD,2024-03-26T00:00:00.000000,1,49.72,BUY
GLD,2024-03-27T00:00:00.000000,1,49.72,BUY
GLD,2024-03-28T00:00:00.000000,1,49.72,BUY
GLD,2024-04-01T00:00:00.000000,1,49.72,BUY
GLD,2024-04-02T00:00:00.000000,1,49.72,BUY
GLD,2024-04-03T00:00:00.000000,1,49.72,BUY
GLD,2024-04-04T00:00:00.000000,1,49.72,BUY
GLD,2024-04-05T00:00:00.000000,1,49.72,BUY
GLD,2024-04-08T00:00:00.000000,1,49.72,BUY
GLD,2024-04-09T00:00:00.000000,1,49.72,BUY
GLD,2024-04-10T00:00:00.000000,1,49.72,BUY
GLD,2024-04-11T00:00:00.000000,1,49.72,BUY
GLD,2024-04-12T00:00:00.000000,1,50.83,BUY
GLD,2024-04-15T00:00:00.000000,1,50.83,BUY
GLD,2024-04-16T00:00:00.000000,1,50.83,BUY
GLD,2024-04-17T00:00:00.000000,1,50.83,BUY
GLD,2024-04-18T00:00:00.000000,1,50.83,BUY
GLD,2024-04-19T00:00:00.000000,1,50.83,BUY
GLD,2024-04-22T00:00:00.000000,1,50.83,BUY
GLD,2024-04-23T00:00:00.000000,1,50.83,BUY
GLD,2024-04-24T00:00:00.000000,1,50.83,BUY
GLD,2024-04-25T00:00:00.000000,1,50.83,BUY
GLD,2024-04-26T00:00:00.000000,1,50.83,BUY
GLD,2024-04-29T00:00:00.000000,1,50.83,BUY
GLD,2024-04-30T00:00:00.000000,1,50.83,BUY
GLD,2024-05-01T00:00:00.000000,1,50.83,BUY
GLD,2024-05-02T00:00:00.000000,1,49.72,BUY
GLD,2024-05-03T00:00:00.000000,1,49.72,BUY
GLD,2024-05-06T00:00:00.000000,1,49.72,BUY
GLD,2024-05-07T00:00:00.000000,0,48.51,SELL
GLD,2024-05-08T00:00:00.000000,0,48.51,SELL
GLD,2024-05-09T00:00:00.000000,0,48.51,SELL
GLD,2024-05-10T00:00:00.000000,0,48.51,SELL
GLD,2024-05-13T00:00:00.000000,0,48.51,SELL
GLD,2024-05-14T00:00:00.000000,0,48.51,SELL
GLD,2024-05-15T00:00:00.000000,0,44.85,SELL
GLD,2024-05-16T00:00:00.000000,0,38.31,SELL
GLD,2024-05-17T00:00:00.000000,0,40.62,SELL
GLD,2024-05-20T00:00:00.000000,0,38.31,SELL
GLD,2024-05-21T00:00:00.000000,0,38.31,SELL
GLD,2024-05-22T00:00:00.000000,0,38.31,SELL
GLD,2024-05-23T00:00:00.000000,0,38.31,SELL
GLD,2024-05-24T00:00:00.000000,0,44.85,SELL
GLD,2024-05-28T00:00:00.000000,0,45.45,SELL
GLD,2024-05-29T00:00:00.000000,0,45.45,SELL
GLD,2024-05-30T00:00:00.000000,0,48.51,SELL
GLD,2024-05-31T00:00:00.000000,0,48.51,SELL
GLD,2024-06-03T00:00:00.000000,1,49.72,BUY
GLD,2024-06-04T00:00:00.000000,1,49.72,BUY
GLD,2024-06-05T00:00:00.000000,1,49.72,BUY
GLD,2024-06-06T00:00:00.000000,1,49.72,BUY
GLD,2024-06-07T00:00:00.000000,1,49.72,BUY
GLD,2024-06-10T00:00:00.000000,1,48.51,BUY
GLD,2024-06-11T00:00:00.000000,1,48.51,BUY
GLD,2024-06-12T00:00:00.000000,1,48.51,BUY
GLD,2024-06-13T00:00:00.000000,1,48.51,BUY
GLD,2024-06-14T00:00:00.000000,0,48.51,SELL
GLD,2024-06-17T00:00:00.000000,0,48.51,SELL
GLD,2024-06-18T00:00:00.000000,0,48.51,SELL
GLD,2024-06-20T00:00:00.000000,0,48.51,SELL
GLD,2024-06-21T00:00:00.000000,0,48.51,SELL
GLD,2024-06-24T00:00:00.000000,0,48.51,SELL
GLD,2024-06-25T00:00:00.000000,0,48.51,SELL
GLD,2024-06-26T00:00:00.000000,0,48.51,SELL
GLD,2024-06-27T00:00:00.000000,0,48.51,SELL
GLD,2024-06-28T00:00:00.000000,0,48.51,SELL
GLD,2024-07-01T00:00:00.000000,0,48.51,SELL
GLD,2024-07-02T00:00:00.000000,0,44.85,SELL
GLD,2024-07-03T00:00:00.000000,0,44.85,SELL
GLD,2024-07-05T00:00:00.000000,0,48.51,SELL
GLD,2024-07-08T00:00:00.000000,0,48.51,SELL
GLD,2024-07-09T00:00:00.000000,0,44.85,SELL
GLD,2024-07-10T00:00:00.000000,0,44.85,SELL
GLD,2024-07-11T00:00:00.000000,0,38.31,SELL
GLD,2024-07-12T00:00:00.000000,0,38.31,SELL
GLD,2024-07-15T00:00:00.000000,0,38.31,SELL
GLD,2024-07-16T00:00:00.000000,0,38.31,SELL
GLD,2024-07-17T00:00:00.000000,0,38.31,SELL
GLD,2024-07-18T00:00:00.000000,0,38.31,SELL
GLD,2024-07-19T00:00:00.000000,0,44.85,SELL
GLD,2024-07-22T00:00:00.000000,0,48.51,SELL
GLD,2024-07-23T00:00:00.000000,0,48.51,SELL
GLD,2024-07-24T00:00:00.000000,0,48.51,SELL
GLD,2024-07-25T00:00:00.000000,0,48.51,SELL
GLD,2024-07-26T00:00:00.000000,0,48.51,SELL
GLD,2024-07-29T00:00:00.000000,1,48.51,BUY
GLD,2024-07-30T00:00:00.000000,1,48.51,BUY
GLD,2024-07-31T00:00:00.000000,1,49.72,BUY
GLD,2024-08-01T00:00:00.000000,1,49.72,BUY
GLD,2024-08-02T00:00:00.000000,1,48.51,BUY
GLD,2024-08-05T00:00:00.000000,1,48.51,BUY
GLD,2024-08-06T00:00:00.000000,1,49.72,BUY
GLD,2024-08-07T00:00:00.000000,1,49.72,BUY
GLD,2024-08-08T00:00:00.000000,1,49.72,BUY
GLD,2024-08-09T00:00:00.000000,1,49.72,BUY
GLD,2024-08-12T00:00:00.000000,1,49.72,BUY
GLD,2024-08-13T00:00:00.000000,1,49.72,BUY
GLD,2024-08-14T00:00:00.000000,1,50.83,BUY
GLD,2024-08-15T00:00:00.000000,1,50.83,BUY
GLD,2024-08-16T00:00:00.000000,1,50.83,BUY
GLD,2024-08-19T00:00:00.000000,1,49.72,BUY
GLD,2024-08-20T00:00:00.000000,1,48.51,BUY
GLD,2024-08-21T00:00:00.000000,0,48.51,SELL
GLD,2024-08-22T00:00:00.000000,0,48.51,SELL
GLD,2024-08-23T00:00:00.000000,0,48.51,SELL
GLD,2024-08-26T00:00:00.000000,0,48.51,SELL
GLD,2024-08-27T00:00:00.000000,1,48.51,BUY
GLD,2024-08-28T00:00:00.000000,1,49.72,BUY
GLD,2024-08-29T00:00:00.000000,1,49.72,BUY
GLD,2024-08-30T00:00:00.000000,1,49.72,BUY
GLD,2024-09-03T00:00:00.000000,1,49.72,BUY
GLD,2024-09-04T00:00:00.000000,1,49.72,BUY
GLD,2024-09-05T00:00:00.000000,1,49.72,BUY
GLD,2024-09-06T00:00:00.000000,1,49.72,BUY
GLD,2024-09-09T00:00:00.000000,1,49.72,BUY
GLD,2024-09-10T00:00:00.000000,1,49.72,BUY
GLD,2024-09-11T00:00:00.000000,1,49.72,BUY
GLD,2024-09-12T00:00:00.000000,1,50.83,BUY
GLD,2024-09-13T00:00:00.000000,1,50.83,BUY
GLD,2024-09-16T00:00:00.000000,1,50.83,BUY
GLD,2024-09-17T00:00:00.000000,1,50.83,BUY
GLD,2024-09-18T00:00:00.000000,1,50.83,BUY
GLD,2024-09-19T00:00:00.000000,1,50.83,BUY
GLD,2024-09-20T00:00:00.000000,1,50.83,BUY
GLD,2024-09-23T00:00:00.000000,1,50.83,BUY
GLD,2024-09-24T00:00:00.000000,1,50.83,BUY
GLD,2024-09-25T00:00:00.000000,1,50.83,BUY
GLD,2024-09-26T00:00:00.000000,1,50.83,BUY
GLD,2024-09-27T00:00:00.000000,1,50.83,BUY
GLD,2024-09-30T00:00:00.000000,1,49.72,BUY
GLD,2024-10-01T00:00:00.000000,1,49.72,BUY
GLD,2024-10-02T00:00:00.000000,1,49.72,BUY
GLD,2024-10-03T00:00:00.000000,1,49.72,BUY
GLD,2024-10-04T00:00:00.000000,1,49.72,BUY
GLD,2024-10-07T00:00:00.000000,1,49.72,BUY
GLD,2024-10-08T00:00:00.000000,1,49.72,BUY
GLD,2024-10-09T00:00:00.000000,1,49.72,BUY
GLD,2024-10-10T00:00:00.000000,1,49.72,BUY
GLD,2024-10-11T00:00:00.000000,1,49.72,BUY
GLD,2024-10-14T00:00:00.000000,1,49.72,BUY
GLD,2024-10-15T00:00:00.000000,1,48.51,BUY
GLD,2024-10-16T00:00:00.000000,0,48.51,SELL
GLD,2024-10-17T00:00:00.000000,0,48.51,SELL
GLD,2024-10-18T00:00:00.000000,0,48.51,SELL
GLD,2024-10-21T00:00:00.000000,0,48.51,SELL
GLD,2024-10-22T00:00:00.000000,0,48.51,SELL
GLD,2024-10-23T00:00:00.000000,0,44.85,SELL
GLD,2024-10-24T00:00:00.000000,0,44.85,SELL
GLD,2024-10-25T00:00:00.000000,0,48.51,SELL
GLD,2024-10-28T00:00:00.000000,0,48.51,SELL
GLD,2024-10-29T00:00:00.000000,0,48.51,SELL
GLD,2024-10-30T00:00:00.000000,0,48.51,SELL
GLD,2024-10-31T00:00:00.000000,1,48.51,BUY
GLD,2024-11-01T00:00:00.000000,1,48.51,BUY
GLD,2024-11-04T00:00:00.000000,1,49.72,BUY
GLD,2024-11-05T00:00:00.000000,1,49.72,BUY
GLD,2024-11-06T00:00:00.000000,1,49.72,BUY
GLD,2024-11-07T00:00:00.000000,1,49.72,BUY
GLD,2024-11-08T00:00:00.000000,1,49.72,BUY
GLD,2024-11-11T00:00:00.000000,1,49.72,BUY
GLD,2024-11-12T00:00:00.000000,1,49.72,BUY
GLD,2024-11-13T00:00:00.000000,1,49.72,BUY
GLD,2024-11-14T00:00:00.000000,1,48.51,BUY
GLD,2024-11-15T00:00:00.000000,0,48.51,SELL
GLD,2024-11-18T00:00:00.000000,0,45.45,SELL
GLD,2024-11-19T00:00:00.000000,0,38.31,SELL
GLD,2024-11-20T00:00:00.000000,0,35.29,SELL
GLD,2024-11-21T00:00:00.000000,0,36.84,SELL
GLD,2024-11-22T00:00:00.000000,0,38.31,SELL
GLD,2024-11-25T00:00:00.000000,0,38.31,SELL
GLD,2024-11-26T00:00:00.000000,0,48.51,SELL
GLD,2024-11-27T00:00:00.000000,0,48.51,SELL
GLD,2024-11-29T00:00:00.000000,0,48.51,SELL
GLD,2024-12-02T00:00:00.000000,0,48.51,SELL
GLD,2024-12-03T00:00:00.000000,0,48.51,SELL
GLD,2024-12-04T00:00:00.000000,0,48.51,SELL
GLD,2024-12-05T00:00:00.000000,0,48.51,SELL
GLD,2024-12-06T00:00:00.000000,0,48.51,SELL
GLD,2024-12-09T00:00:00.000000,0,48.51,SELL
GLD,2024-12-10T00:00:00.000000,0,48.51,SELL
GLD,2024-12-11T00:00:00.000000,0,48.51,SELL
GLD,2024-12-12T00:00:00.000000,0,48.51,SELL
GLD,2024-12-13T00:00:00.000000,0,48.51,SELL
GLD,2024-12-16T00:00:00.000000,1,49.72,BUY
GLD,2024-12-17T00:00:00.000000,1,49.72,BUY
GLD,2024-12-18T00:00:00.000000,1,49.72,BUY
GLD,2024-12-19T00:00:00.000000,1,49.72,BUY
GLD,2024-12-20T00:00:00.000000,1,49.72,BUY
GOOGL,2023-02-21T00:00:00.000000,1,49.72,BUY
GOOGL,2023-02-22T00:00:00.000000,1,49.72,BUY
GOOGL,2023-02-23T00:00:00.000000,1,49.72,BUY
GOOGL,2023-02-24T00:00:00.000000,1,48.51,BUY
GOOGL,2023-02-27T00:00:00.000000,0,48.51,SELL
GOOGL,2023-02-28T00:00:00.000000,0,48.51,SELL
GOOGL,2023-03-01T00:00:00.000000,0,48.51,SELL
GOOGL,2023-03-02T00:00:00.000000,1,49.72,BUY
GOOGL,2023-03-03T00:00:00.000000,1,49.72,BUY
GOOGL,2023-03-06T00:00:00.000000,1,49.72,BUY
GOOGL,2023-03-07T00:00:00.000000,1,49.72,BUY
GOOGL,2023-03-08T00:00:00.000000,1,49.72,BUY
GOOGL,2023-03-09T00:00:00.000000,1,49.72,BUY
GOOGL,2023-03-10T00:00:00.000000,1,49.72,BUY
GOOGL,2023-03-13T00:00:00.000000,1,50.83,BUY
GOOGL,2023-03-14T00:00:00.000000,1,50.83,BUY
GOOGL,2023-03-15T00:00:00.000000,1,50.83,BUY
GOOGL,2023-03-16T00:00:00.000000,1,50.83,BUY
GOOGL,2023-03-17T00:00:00.000000,1,50.83,BUY
GOOGL,2023-03-20T00:00:00.000000,1,50.83,BUY
GOOGL,2023-03-21T00:00:00.000000,1,50.83,BUY
GOOGL,2023-03-22T00:00:00.000000,1,50.83,BUY
GOOGL,2023-03-23T00:00:00.000000,1,50.83,BUY
GOOGL,2023-03-24T00:00:00.000000,1,50.83,BUY
GOOGL,2023-03-27T00:00:00.000000,1,49.72,BUY
GOOGL,2023-03-28T00:00:00.000000,1,49.72,BUY
GOOGL,2023-03-29T00:00:00.000000,1,49.72,BUY
GOOGL,2023-03-30T00:00:00.000000,1,49.72,BUY
GOOGL,2023-03-31T00:00:00.000000,1,49.72,BUY
GOOGL,2023-04-03T00:00:00.000000,1,49.72,BUY
GOOGL,2023-04-04T00:00:00.000000,1,49.72,BUY
GOOGL,2023-04-05T00:00:00.000000,1,49.72,BUY
GOOGL,2023-04-06T00:00:00.000000,1,49.72,BUY
GOOGL,2023-04-10T00:00:00.000000,1,49.72,BUY
GOOGL,2023-04-11T00:00:00.000000,1,49.72,BUY
GOOGL,2023-04-12T00:00:00.000000,1,49.72,BUY
GOOGL,2023-04-13T00:00:00.000000,1,49.72,BUY
GOOGL,2023-04-14T00:00:00.000000,1,49.72,BUY
GOOGL,2023-04-17T00:00:00.000000,1,48.51,BUY
GOOGL,2023-04-18T00:00:00.000000,1,49.72,BUY
GOOGL,2023-04-19T00:00:00.000000,1,49.72,BUY
GOOGL,2023-04-20T00:00:00.000000,1,49.72,BUY
GOOGL,2023-04-21T00:00:00.000000,1,49.72,BUY
GOOGL,2023-04-24T00:00:00.000000,1,49.72,BUY
GOOGL,2023-04-25T00:00:00.000000,1,49.72,BUY
GOOGL,2023-04-26T00:00:00.000000,1,48.51,BUY
GOOGL,2023-04-27T00:00:00.000000,1,48.51,BUY
GOOGL,2023-04-28T00:00:00.000000,1,48.51,BUY
GOOGL,2023-05-01T00:00:00.000000,1,49.72,BUY
GOOGL,2023-05-02T00:00:00.000000,1,49.72,BUY
GOOGL,2023-05-03T00:00:00.000000,1,48.51,BUY
GOOGL,2023-05-04T00:00:00.000000,1,48.51,BUY
GOOGL,2023-05-05T00:00:00.000000,1,49.72,BUY
GOOGL,2023-05-08T00:00:00.000000,1,49.72,BUY
GOOGL,2023-05-09T00:00:00.000000,1,49.72,BUY
GOOGL,2023-05-10T00:00:00.000000,0,48.51,SELL
GOOGL,2023-05-11T00:00:00.000000,0,48.51,SELL
GOOGL,2023-05-12T00:00:00.000000,0,48.51,SELL
GOOGL,2023-05-15T00:00:00.000000,1,48.51,BUY
GOOGL,2023-05-16T00:00:00.000000,1,48.51,BUY
GOOGL,2023-05-17T00:00:00.000000,1,49.72,BUY
GOOGL,2023-05-18T00:00:00.000000,1,49.72,BUY
GOOGL,2023-05-19T00:00:00.000000,1,49.72,BUY
GOOGL,2023-05-22T00:00:00.000000,1,49.72,BUY
GOOGL,2023-05-23T00:00:00.000000,1,49.72,BUY
GOOGL,2023-05-24T00:00:00.000000,1,49.72,BUY
GOOGL,2023-05-25T00:00:00.000000,1,49.72,BUY
GOOGL,2023-05-26T00:00:00.000000,1,49.72,BUY
GOOGL,2023-05-30T00:00:00.000000,1,49.72,BUY
GOOGL,2023-05-31T00:00:00.000000,1,49.72,BUY
GOOGL,2023-06-01T00:00:00.000000,1,49.72,BUY
GOOGL,2023-06-02T00:00:00.000000,1,49.72,BUY
GOOGL,2023-06-05T00:00:00.000000,1,49.72,BUY
GOOGL,2023-06-06T00:00:00.000000,1,48.51,BUY
GOOGL,2023-06-07T00:00:00.000000,0,48.51,SELL
GOOGL,2023-06-08T00:00:00.000000,0,48.51,SELL
GOOGL,2023-06-09T00:00:00.000000,0,48.51,SELL
GOOGL,2023-06-12T00:00:00.000000,0,48.51,SELL
GOOGL,2023-06-13T00:00:00.000000,0,48.51,SELL
GOOGL,2023-06-14T00:00:00.000000,0,48.51,SELL
GOOGL,2023-06-15T00:00:00.000000,0,44.85,SELL
GOOGL,2023-06-16T00:00:00.000000,0,38.31,SELL
GOOGL,2023-06-20T00:00:00.000000,0,38.31,SELL
GOOGL,2023-06-21T00:00:00.000000,0,36.84,SELL
GOOGL,2023-06-22T00:00:00.000000,0,32.82,SELL
GOOGL,2023-06-23T00:00:00.000000,0,32.82,SELL
GOOGL,2023-06-26T00:00:00.000000,0,32.82,SELL
GOOGL,2023-06-27T00:00:00.000000,0,32.82,SELL
GOOGL,2023-06-28T00:00:00.000000,0,32.82,SELL
GOOGL,2023-06-29T00:00:00.000000,0,36.84,SELL
GOOGL,2023-06-30T00:00:00.000000,0,38.31,SELL
GOOGL,2023-07-03T00:00:00.000000,0,45.45,SELL
GOOGL,2023-07-05T00:00:00.000000,0,44.85,SELL
GOOGL,2023-07-06T00:00:00.000000,0,44.85,SELL
GOOGL,2023-07-07T00:00:00.000000,0,44.85,SELL
GOOGL,2023-07-10T00:00:00.000000,0,44.85,SELL
GOOGL,2023-07-11T00:00:00.000000,0,48.51,SELL
GOOGL,2023-07-12T00:00:00.000000,0,44.85,SELL
GOOGL,2023-07-13T00:00:00.000000,0,48.51,SELL
GOOGL,2023-07-14T00:00:00.000000,0,48.51,SELL
GOOGL,2023-07-17T00:00:00.000000,0,48.51,SELL
GOOGL,2023-07-18T00:00:00.000000,0,48.51,SELL
GOOGL,2023-07-19T00:00:00.000000,0,48.51,SELL
GOOGL,2023-07-20T00:00:00.000000,0,48.51,SELL
GOOGL,2023-07-21T00:00:00.000000,0,48.51,SELL
GOOGL,2023-07-24T00:00:00.000000,0,48.51,SELL
GOOGL,2023-07-25T00:00:00.000000,0,48.51,SELL
GOOGL,2023-07-26T00:00:00.000000,0,48.51,SELL
GOOGL,2023-07-27T00:00:00.000000,0,48.51,SELL
GOOGL,2023-07-28T00:00:00.000000,0,48.51,SELL
GOOGL,2023-07-31T00:00:00.000000,0,48.51,SELL
GOOGL,2023-08-01T00:00:00.000000,0,48.51,SELL
GOOGL,2023-08-02T00:00:00.000000,0,48.51,SELL
GOOGL,2023-08-03T00:00:00.000000,0,48.51,SELL
GOOGL,2023-08-04T00:00:00.000000,0,48.51,SELL
GOOGL,2023-08-07T00:00:00.000000,1,49.72,BUY
GOOGL,2023-08-08T00:00:00.000000,1,49.72,BUY
GOOGL,2023-08-09T00:00:00.000000,1,49.72,BUY
GOOGL,2023-08-10T00:00:00.000000,1,49.72,BUY
GOOGL,2023-08-11T00:00:00.000000,1,49.72,BUY
GOOGL,2023-08-14T00:00:00.000000,1,49.72,BUY
GOOGL,2023-08-15T00:00:00.000000,1,49.72,BUY
GOOGL,2023-08-16T00:00:00.000000,1,48.51,BUY
GOOGL,2023-08-17T00:00:00.000000,1,48.51,BUY
GOOGL,2023-08-18T00:00:00.000000,1,48.51,BUY
GOOGL,2023-08-21T00:00:00.000000,1,48.51,BUY
GOOGL,2023-08-22T00:00:00.000000,1,49.72,BUY
GOOGL,2023-08-23T00:00:00.000000,1,50.83,BUY
GOOGL,2023-08-24T00:00:00.000000,1,49.72,BUY
GOOGL,2023-08-25T00:00:00.000000,1,49.72,BUY
GOOGL,2023-08-28T00:00:00.000000,1,49.72,BUY
GOOGL,2023-08-29T00:00:00.000000,1,50.83,BUY
GOOGL,2023-08-30T00:00:00.000000,1,49.72,BUY
GOOGL,2023-08-31T00:00:00.000000,1,49.72,BUY
GOOGL,2023-09-01T00:00:00.000000,1,48.51,BUY
GOOGL,2023-09-05T00:00:00.000000,0,48.51,SELL
GOOGL,2023-09-06T00:00:00.000000,0,48.51,SELL
GOOGL,2023-09-07T00:00:00.000000,0,48.51,SELL
GOOGL,2023-09-08T00:00:00.000000,1,48.51,BUY
GOOGL,2023-09-11T00:00:00.000000,0,48.51,SELL
GOOGL,2023-09-12T00:00:00.000000,0,48.51,SELL
GOOGL,2023-09-13T00:00:00.000000,0,48.51,SELL
GOOGL,2023-09-14T00:00:00.000000,0,48.51,SELL
GOOGL,2023-09-15T00:00:00.000000,0,48.51,SELL
GOOGL,2023-09-18T00:00:00.000000,0,48.51,SELL
GOOGL,2023-09-19T00:00:00.000000,0,48.51,SELL
GOOGL,2023-09-20T00:00:00.000000,0,48.51,SELL
GOOGL,2023-09-21T00:00:00.000000,0,48.51,SELL
GOOGL,2023-09-22T00:00:00.000000,0,48.51,SELL
GOOGL,2023-09-25T00:00:00.000000,0,48.51,SELL
GOOGL,2023-09-26T00:00:00.000000,0,48.51,SELL
GOOGL,2023-09-27T00:00:00.000000,0,48.51,SELL
GOOGL,2023-09-28T00:00:00.000000,0,48.51,SELL
GOOGL,2023-09-29T00:00:00.000000,1,49.72,BUY
GOOGL,2023-10-02T00:00:00.000000,1,49.72,BUY
GOOGL,2023-10-03T00:00:00.000000,1,50.83,BUY
GOOGL,2023-10-04T00:00:00.000000,1,50.83,BUY
GOOGL,2023-10-05T00:00:00.000000,1,50.83,BUY
GOOGL,2023-10-06T00:00:00.000000,1,50.83,BUY
GOOGL,2023-10-09T00:00:00.000000,1,50.83,BUY
GOOGL,2023-10-10T00:00:00.000000,1,50.83,BUY
GOOGL,2023-10-11T00:00:00.000000,1,50.83,BUY
GOOGL,2023-10-12T00:00:00.000000,1,50.83,BUY
GOOGL,2023-10-13T00:00:00.000000,1,50.83,BUY
GOOGL,2023-10-16T00:00:00.000000,1,49.72,BUY
GOOGL,2023-10-17T00:00:00.000000,1,49.72,BUY
GOOGL,2023-10-18T00:00:00.000000,1,49.72,BUY
GOOGL,2023-10-19T00:00:00.000000,1,49.72,BUY
GOOGL,2023-10-20T00:00:00.000000,1,49.72,BUY
GOOGL,2023-10-23T00:00:00.000000,1,49.72,BUY
GOOGL,2023-10-24T00:00:00.000000,1,49.72,BUY
GOOGL,2023-10-25T00:00:00.000000,1,49.72,BUY
GOOGL,2023-10-26T00:00:00.000000,1,49.72,BUY
GOOGL,2023-10-27T00:00:00.000000,1,49.72,BUY
GOOGL,2023-10-30T00:00:00.000000,1,49.72,BUY
GOOGL,2023-10-31T00:00:00.000000,1,49.72,BUY
GOOGL,2023-11-01T00:00:00.000000,1,50.83,BUY
GOOGL,2023-11-02T00:00:00.000000,1,50.83,BUY
GOOGL,2023-11-03T00:00:00.000000,1,49.72,BUY
GOOGL,2023-11-06T00:00:00.000000,1,49.72,BUY
GOOGL,2023-11-07T00:00:00.000000,1,49.72,BUY
GOOGL,2023-11-08T00:00:00.000000,1,48.51,BUY
GOOGL,2023-11-09T00:00:00.000000,0,48.51,SELL
GOOGL,2023-11-10T00:00:00.000000,0,48.51,SELL
GOOGL,2023-11-13T00:00:00.000000,0,48.51,SELL
GOOGL,2023-11-14T00:00:00.000000,0,48.51,SELL
GOOGL,2023-11-15T00:00:00.000000,0,48.51,SELL
GOOGL,2023-11-16T00:00:00.000000,0,48.51,SELL
GOOGL,2023-11-17T00:00:00.000000,0,48.51,SELL
GOOGL,2023-11-20T00:00:00.000000,0,48.51,SELL
GOOGL,2023-11-21T00:00:00.000000,0,48.51,SELL
GOOGL,2023-11-22T00:00:00.000000,0,48.51,SELL
GOOGL,2023-11-24T00:00:00.000000,1,48.51,BUY
GOOGL,2023-11-27T00:00:00.000000,1,48.51,BUY
GOOGL,2023-11-28T00:00:00.000000,1,49.72,BUY
GOOGL,2023-11-29T00:00:00.000000,1,49.72,BUY
GOOGL,2023-11-30T00:00:00.000000,1,49.72,BUY
GOOGL,2023-12-01T00:00:00.000000,1,49.72,BUY
GOOGL,2023-12-04T00:00:00.000000,1,49.72,BUY
GOOGL,2023-12-05T00:00:00.000000,1,49.72,BUY
GOOGL,2023-12-06T00:00:00.000000,1,49.72,BUY
GOOGL,2023-12-07T00:00:00.000000,1,49.72,BUY
GOOGL,2023-12-08T00:00:00.000000,1,49.72,BUY
GOOGL,2023-12-11T00:00:00.000000,1,49.72,BUY
GOOGL,2023-12-12T00:00:00.000000,1,49.72,BUY
GOOGL,2023-12-13T00:00:00.000000,1,48.51,BUY
GOOGL,2023-12-14T00:00:00.000000,1,48.51,BUY
GOOGL,2023-12-15T00:00:00.000000,1,48.51,BUY
GOOGL,2023-12-18T00:00:00.000000,1,48.51,BUY
GOOGL,2023-12-19T00:00:00.000000,1,48.51,BUY
GOOGL,2023-12-20T00:00:00.000000,1,48.51,BUY
GOOGL,2023-12-21T00:00:00.000000,0,48.51,SELL
GOOGL,2023-12-22T00:00:00.000000,0,48.51,SELL
GOOGL,2023-12-26T00:00:00.000000,0,48.51,SELL
GOOGL,2023-12-27T00:00:00.000000,0,48.51,SELL
GOOGL,2023-12-28T00:00:00.000000,0,48.51,SELL
GOOGL,2023-12-29T00:00:00.000000,0,48.51,SELL
GOOGL,2024-01-02T00:00:00.000000,0,48.51,SELL
GOOGL,2024-01-03T00:00:00.000000,0,48.51,SELL
GOOGL,2024-01-04T00:00:00.000000,0,48.51,SELL
GOOGL,2024-01-05T00:00:00.000000,0,48.51,SELL
GOOGL,2024-01-08T00:00:00.000000,0,48.51,SELL
GOOGL,2024-01-09T00:00:00.000000,0,48.51,SELL
GOOGL,2024-01-10T00:00:00.000000,0,48.51,SELL
GOOGL,2024-01-11T00:00:00.000000,0,48.51,SELL
GOOGL,2024-01-12T00:00:00.000000,0,48.51,SELL
GOOGL,2024-01-16T00:00:00.000000,0,48.51,SELL
GOOGL,2024-01-17T00:00:00.000000,0,48.51,SELL
GOOGL,2024-01-18T00:00:00.000000,0,48.51,SELL
GOOGL,2024-01-19T00:00:00.000000,0,48.51,SELL
GOOGL,2024-01-22T00:00:00.000000,0,48.51,SELL
GOOGL,2024-01-23T00:00:00.000000,0,44.85,SELL
GOOGL,2024-01-24T00:00:00.000000,0,44.85,SELL
GOOGL,2024-01-25T00:00:00.000000,0,44.85,SELL
GOOGL,2024-01-26T00:00:00.000000,0,44.85,SELL
GOOGL,2024-01-29T00:00:00.000000,0,44.85,SELL
GOOGL,2024-01-30T00:00:00.000000,0,40.62,SELL
GOOGL,2024-01-31T00:00:00.000000,0,38.31,SELL
GOOGL,2024-02-01T00:00:00.000000,0,44.85,SELL
GOOGL,2024-02-02T00:00:00.000000,0,44.85,SELL
GOOGL,2024-02-05T00:00:00.000000,0,48.51,SELL
GOOGL,2024-02-06T00:00:00.000000,0,48.51,SELL
GOOGL,2024-02-07T00:00:00.000000,0,48.51,SELL
GOOGL,2024-02-08T00:00:00.000000,0,48.51,SELL
GOOGL,2024-02-09T00:00:00.000000,0,48.51,SELL
GOOGL,2024-02-12T00:00:00.000000,0,48.51,SELL
GOOGL,2024-02-13T00:00:00.000000,0,48.51,SELL
GOOGL,2024-02-14T00:00:00.000000,0,48.51,SELL
GOOGL,2024-02-15T00:00:00.000000,0,48.51,SELL
GOOGL,2024-02-16T00:00:00.000000,0,48.51,SELL
GOOGL,2024-02-20T00:00:00.000000,0,48.51,SELL
GOOGL,2024-02-21T00:00:00.000000,0,48.51,SELL
GOOGL,2024-02-22T00:00:00.000000,0,48.51,SELL
GOOGL,2024-02-23T00:00:00.000000,0,48.51,SELL
GOOGL,2024-02-26T00:00:00.000000,0,48.51,SELL
GOOGL,2024-02-27T00:00:00.000000,0,48.51,SELL
GOOGL,2024-02-28T00:00:00.000000,0,44.85,SELL
GOOGL,2024-02-29T00:00:00.000000,0,44.85,SELL
GOOGL,2024-03-01T00:00:00.000000,0,44.85,SELL
GOOGL,2024-03-04T00:00:00.000000,0,44.85,SELL
GOOGL,2024-03-05T00:00:00.000000,0,44.85,SELL
GOOGL,2024-03-06T00:00:00.000000,0,44.85,SELL
GOOGL,2024-03-07T00:00:00.000000,0,48.51,SELL
GOOGL,2024-03-08T00:00:00.000000,0,44.85,SELL
GOOGL,2024-03-11T00:00:00.000000,0,44.85,SELL
GOOGL,2024-03-12T00:00:00.000000,0,38.31,SELL
GOOGL,2024-03-13T00:00:00.000000,0,38.31,SELL
GOOGL,2024-03-14T00:00:00.000000,0,38.31,SELL
GOOGL,2024-03-15T00:00:00.000000,0,44.85,SELL
GOOGL,2024-03-18T00:00:00.000000,0,44.85,SELL
GOOGL,2024-03-19T00:00:00.000000,0,48.51,SELL
GOOGL,2024-03-20T00:00:00.000000,1,49.72,BUY
GOOGL,2024-03-21T00:00:00.000000,1,49.72,BUY
GOOGL,2024-03-22T00:00:00.000000,1,49.72,BUY
GOOGL,2024-03-25T00:00:00.000000,1,49.72,BUY
GOOGL,2024-03-26T00:00:00.000000,1,49.72,BUY
GOOGL,2024-03-27T00:00:00.000000,1,49.72,BUY
GOOGL,2024-03-28T00:00:00.000000,1,49.72,BUY
GOOGL,2024-04-01T00:00:00.000000,1,49.72,BUY
GOOGL,2024-04-02T00:00:00.000000,1,49.72,BUY
GOOGL,2024-04-03T00:00:00.000000,1,48.51,BUY
GOOGL,2024-04-04T00:00:00.000000,0,48.51,SELL
GOOGL,2024-04-05T00:00:00.000000,1,48.51,BUY
GOOGL,2024-04-08T00:00:00.000000,0,48.51,SELL
GOOGL,2024-04-09T00:00:00.000000,0,48.51,SELL
GOOGL,2024-04-10T00:00:00.000000,1,48.51,BUY
GOOGL,2024-04-11T00:00:00.000000,0,48.51,SELL
GOOGL,2024-04-12T00:00:00.000000,0,48.51,SELL
GOOGL,2024-04-15T00:00:00.000000,0,48.51,SELL
GOOGL,2024-04-16T00:00:00.000000,1,48.51,BUY
GOOGL,2024-04-17T00:00:00.000000,1,49.72,BUY
GOOGL,2024-04-18T00:00:00.000000,1,49.72,BUY
GOOGL,2024-04-19T00:00:00.000000,1,49.72,BUY
GOOGL,2024-04-22T00:00:00.000000,1,49.72,BUY
GOOGL,2024-04-23T00:00:00.000000,1,49.72,BUY
GOOGL,2024-04-24T00:00:00.000000,1,49.72,BUY
GOOGL,2024-04-25T00:00:00.000000,1,50.83,BUY
GOOGL,2024-04-26T00:00:00.000000,1,50.83,BUY
GOOGL,2024-04-29T00:00:00.000000,1,49.72,BUY
GOOGL,2024-04-30T00:00:00.000000,1,49.72,BUY
GOOGL,2024-05-01T00:00:00.000000,1,49.72,BUY
GOOGL,2024-05-02T00:00:00.000000,1,49.72,BUY
GOOGL,2024-05-03T00:00:00.000000,1,49.72,BUY
GOOGL,2024-05-06T00:00:00.000000,1,49.72,BUY
GOOGL,2024-05-07T00:00:00.000000,1,49.72,BUY
GOOGL,2024-05-08T00:00:00.000000,1,49.72,BUY
GOOGL,2024-05-09T00:00:00.000000,1,48.51,BUY
GOOGL,2024-05-10T00:00:00.000000,0,48.51,SELL
GOOGL,2024-05-13T00:00:00.000000,0,48.51,SELL
GOOGL,2024-05-14T00:00:00.000000,0,48.51,SELL
GOOGL,2024-05-15T00:00:00.000000,0,48.51,SELL
GOOGL,2024-05-16T00:00:00.000000,0,48.51,SELL
GOOGL,2024-05-17T00:00:00.000000,1,48.51,BUY
GOOGL,2024-05-20T00:00:00.000000,1,49.72,BUY
GOOGL,2024-05-21T00:00:00.000000,1,49.72,BUY
GOOGL,2024-05-22T00:00:00.000000,1,49.72,BUY
GOOGL,2024-05-23T00:00:00.000000,1,49.72,BUY
GOOGL,2024-05-24T00:00:00.000000,1,49.72,BUY
GOOGL,2024-05-28T00:00:00.000000,1,49.72,BUY
GOOGL,2024-05-29T00:00:00.000000,1,49.72,BUY
GOOGL,2024-05-30T00:00:00.000000,1,49.72,BUY
GOOGL,2024-05-31T00:00:00.000000,1,50.83,BUY
GOOGL,2024-06-03T00:00:00.000000,1,50.83,BUY
GOOGL,2024-06-04T00:00:00.000000,1,50.83,BUY
GOOGL,2024-06-05T00:00:00.000000,1,50.83,BUY
GOOGL,2024-06-06T00:00:00.000000,1,50.83,BUY
GOOGL,2024-06-07T00:00:00.000000,1,50.83,BUY
GOOGL,2024-06-10T00:00:00.000000,1,50.83,BUY
GOOGL,2024-06-11T00:00:00.000000,1,50.83,BUY
GOOGL,2024-06-12T00:00:00.000000,1,50.83,BUY
GOOGL,2024-06-13T00:00:00.000000,1,50.83,BUY
GOOGL,2024-06-14T00:00:00.000000,1,50.83,BUY
GOOGL,2024-06-17T00:00:00.000000,1,50.83,BUY
GOOGL,2024-06-18T00:00:00.000000,1,50.83,BUY
GOOGL,2024-06-20T00:00:00.000000,1,50.83,BUY
GOOGL,2024-06-21T00:00:00.000000,1,50.83,BUY
GOOGL,2024-06-24T00:00:00.000000,1,49.72,BUY
GOOGL,2024-06-25T00:00:00.000000,1,49.72,BUY
GOOGL,2024-06-26T00:00:00.000000,1,49.72,BUY
GOOGL,2024-06-27T00:00:00.000000,1,49.72,BUY
GOOGL,2024-06-28T00:00:00.000000,1,48.51,BUY
GOOGL,2024-07-01T00:00:00.000000,0,48.51,SELL
GOOGL,2024-07-02T00:00:00.000000,0,48.51,SELL
GOOGL,2024-07-03T00:00:00.000000,0,48.51,SELL
GOOGL,2024-07-05T00:00:00.000000,0,48.51,SELL
GOOGL,2024-07-08T00:00:00.000000,0,48.51,SELL
GOOGL,2024-07-09T00:00:00.000000,0,48.51,SELL
GOOGL,2024-07-10T00:00:00.000000,0,48.51,SELL
GOOGL,2024-07-11T00:00:00.000000,0,48.51,SELL
GOOGL,2024-07-12T00:00:00.000000,0,48.51,SELL
GOOGL,2024-07-15T00:00:00.000000,0,48.51,SELL
GOOGL,2024-07-16T00:00:00.000000,0,48.51,SELL
GOOGL,2024-07-17T00:00:00.000000,0,48.51,SELL
GOOGL,2024-07-18T00:00:00.000000,0,48.51,SELL
GOOGL,2024-07-19T00:00:00.000000,0,48.51,SELL
GOOGL,2024-07-22T00:00:00.000000,1,49.72,BUY
GOOGL,2024-07-23T00:00:00.000000,1,49.72,BUY
GOOGL,2024-07-24T00:00:00.000000,0,48.51,SELL
GOOGL,2024-07-25T00:00:00.000000,1,48.51,BUY
GOOGL,2024-07-26T00:00:00.000000,0,48.51,SELL
GOOGL,2024-07-29T00:00:00.000000,0,48.51,SELL
GOOGL,2024-07-30T00:00:00.000000,1,48.51,BUY
GOOGL,2024-07-31T00:00:00.000000,1,48.51,BUY
GOOGL,2024-08-01T00:00:00.000000,1,49.72,BUY
GOOGL,2024-08-02T00:00:00.000000,1,49.72,BUY
GOOGL,2024-08-05T00:00:00.000000,1,49.72,BUY
GOOGL,2024-08-06T00:00:00.000000,1,49.72,BUY
GOOGL,2024-08-07T00:00:00.000000,1,49.72,BUY
GOOGL,2024-08-08T00:00:00.000000,1,48.51,BUY
GOOGL,2024-08-09T00:00:00.000000,0,48.51,SELL
GOOGL,2024-08-12T00:00:00.000000,1,49.72,BUY
GOOGL,2024-08-13T00:00:00.000000,1,49.72,BUY
GOOGL,2024-08-14T00:00:00.000000,1,50.83,BUY
GOOGL,2024-08-15T00:00:00.000000,1,50.83,BUY
GOOGL,2024-08-16T00:00:00.000000,1,50.83,BUY
GOOGL,2024-08-19T00:00:00.000000,1,49.72,BUY
GOOGL,2024-08-20T00:00:00.000000,1,49.72,BUY
GOOGL,2024-08-21T00:00:00.000000,1,49.72,BUY
GOOGL,2024-08-22T00:00:00.000000,1,48.51,BUY
GOOGL,2024-08-23T00:00:00.000000,1,48.51,BUY
GOOGL,2024-08-26T00:00:00.000000,1,49.72,BUY
GOOGL,2024-08-27T00:00:00.000000,1,48.51,BUY
GOOGL,2024-08-28T00:00:00.000000,1,48.51,BUY
GOOGL,2024-08-29T00:00:00.000000,1,48.51,BUY
GOOGL,2024-08-30T00:00:00.000000,1,49.72,BUY
GOOGL,2024-09-03T00:00:00.000000,1,48.51,BUY
GOOGL,2024-09-04T00:00:00.000000,1,49.72,BUY
GOOGL,2024-09-05T00:00:00.000000,1,49.72,BUY
GOOGL,2024-09-06T00:00:00.000000,1,49.72,BUY
GOOGL,2024-09-09T00:00:00.000000,1,48.51,BUY
GOOGL,2024-09-10T00:00:00.000000,1,48.51,BUY
GOOGL,2024-09-11T00:00:00.000000,1,49.72,BUY
GOOGL,2024-09-12T00:00:00.000000,1,49.72,BUY
GOOGL,2024-09-13T00:00:00.000000,1,49.72,BUY
GOOGL,2024-09-16T00:00:00.000000,1,49.72,BUY
GOOGL,2024-09-17T00:00:00.000000,1,49.72,BUY
GOOGL,2024-09-18T00:00:00.000000,1,49.72,BUY
GOOGL,2024-09-19T00:00:00.000000,1,49.72,BUY
GOOGL,2024-09-20T00:00:00.000000,1,49.72,BUY
GOOGL,2024-09-23T00:00:00.000000,1,49.72,BUY
GOOGL,2024-09-24T00:00:00.000000,1,49.72,BUY
GOOGL,2024-09-25T00:00:00.000000,1,49.72,BUY
GOOGL,2024-09-26T00:00:00.000000,1,49.72,BUY
GOOGL,2024-09-27T00:00:00.000000,1,49.72,BUY
GOOGL,2024-09-30T00:00:00.000000,1,49.72,BUY
GOOGL,2024-10-01T00:00:00.000000,1,49.72,BUY
GOOGL,2024-10-02T00:00:00.000000,1,49.72,BUY
GOOGL,2024-10-03T00:00:00.000000,1,49.72,BUY
GOOGL,2024-10-04T00:00:00.000000,1,49.72,BUY
GOOGL,2024-10-07T00:00:00.000000,1,49.72,BUY
GOOGL,2024-10-08T00:00:00.000000,1,49.72,BUY
GOOGL,2024-10-09T00:00:00.000000,1,49.72,BUY
GOOGL,2024-10-10T00:00:00.000000,1,48.51,BUY
GOOGL,2024-10-11T00:00:00.000000,1,48.51,BUY
GOOGL,2024-10-14T00:00:00.000000,1,49.72,BUY
GOOGL,2024-10-15T00:00:00.000000,1,49.72,BUY
GOOGL,2024-10-16T00:00:00.000000,1,49.72,BUY
GOOGL,2024-10-17T00:00:00.000000,1,48.51,BUY
GOOGL,2024-10-18T00:00:00.000000,1,48.51,BUY
GOOGL,2024-10-21T00:00:00.000000,0,48.51,SELL
GOOGL,2024-10-22T00:00:00.000000,0,48.51,SELL
GOOGL,2024-10-23T00:00:00.000000,0,48.51,SELL
GOOGL,2024-10-24T00:00:00.000000,0,48.51,SELL
GOOGL,2024-10-25T00:00:00.000000,0,48.51,SELL
GOOGL,2024-10-28T00:00:00.000000,0,48.51,SELL
GOOGL,2024-10-29T00:00:00.000000,0,48.51,SELL
GOOGL,2024-10-30T00:00:00.000000,0,48.51,SELL
GOOGL,2024-10-31T00:00:00.000000,0,48.51,SELL
GOOGL,2024-11-01T00:00:00.000000,0,48.51,SELL
GOOGL,2024-11-04T00:00:00.000000,0,48.51,SELL
GOOGL,2024-11-05T00:00:00.000000,1,48.51,BUY
GOOGL,2024-11-06T00:00:00.000000,1,49.72,BUY
GOOGL,2024-11-07T00:00:00.000000,1,49.72,BUY
GOOGL,2024-11-08T00:00:00.000000,1,49.72,BUY
GOOGL,2024-11-11T00:00:00.000000,1,48.51,BUY
GOOGL,2024-11-12T00:00:00.000000,1,48.51,BUY
GOOGL,2024-11-13T00:00:00.000000,1,48.51,BUY
GOOGL,2024-11-14T00:00:00.000000,0,48.51,SELL
GOOGL,2024-11-15T00:00:00.000000,0,44.85,SELL
GOOGL,2024-11-18T00:00:00.000000,0,44.85,SELL
GOOGL,2024-11-19T00:00:00.000000,0,38.31,SELL
GOOGL,2024-11-20T00:00:00.000000,0,38.31,SELL
GOOGL,2024-11-21T00:00:00.000000,0,44.85,SELL
GOOGL,2024-11-22T00:00:00.000000,0,48.51,SELL
GOOGL,2024-11-25T00:00:00.000000,0,48.51,SELL
GOOGL,2024-11-26T00:00:00.000000,0,48.51,SELL
GOOGL,2024-11-27T00:00:00.000000,0,48.51,SELL
GOOGL,2024-11-29T00:00:00.000000,0,48.51,SELL
GOOGL,2024-12-02T00:00:00.000000,0,48.51,SELL
GOOGL,2024-12-03T00:00:00.000000,0,48.51,SELL
GOOGL,2024-12-04T00:00:00.000000,0,48.51,SELL
GOOGL,2024-12-05T00:00:00.000000,0,48.51,SELL
GOOGL,2024-12-06T00:00:00.000000,0,48.51,SELL
GOOGL,2024-12-09T00:00:00.000000,0,48.51,SELL
GOOGL,2024-12-10T00:00:00.000000,0,48.51,SELL
GOOGL,2024-12-11T00:00:00.000000,0,48.51,SELL
GOOGL,2024-12-12T00:00:00.000000,1,48.51,BUY
GOOGL,2024-12-13T00:00:00.000000,1,49.72,BUY
GOOGL,2024-12-16T00:00:00.000000,1,50.83,BUY
GOOGL,2024-12-17T00:00:00.000000,1,50.83,BUY
GOOGL,2024-12-18T00:00:00.000000,1,50.83,BUY
GOOGL,2024-12-19T00:00:00.000000,1,50.83,BUY
GOOGL,2024-12-20T00:00:00.000000,1,50.83,BUY
GS,2023-02-21T00:00:00.000000,1,49.72,BUY
GS,2023-02-22T00:00:00.000000,1,49.72,BUY
GS,2023-02-23T00:00:00.000000,1,49.72,BUY
GS,2023-02-24T00:00:00.000000,1,49.72,BUY
GS,2023-02-27T00:00:00.000000,1,49.72,BUY
GS,2023-02-28T00:00:00.000000,1,49.72,BUY
GS,2023-03-01T00:00:00.000000,1,49.72,BUY
GS,2023-03-02T00:00:00.000000,1,50.83,BUY
GS,2023-03-03T00:00:00.000000,1,50.83,BUY
GS,2023-03-06T00:00:00.000000,1,50.83,BUY
GS,2023-03-07T00:00:00.000000,1,50.83,BUY
GS,2023-03-08T00:00:00.000000,1,50.83,BUY
GS,2023-03-09T00:00:00.000000,1,50.83,BUY
GS,2023-03-10T00:00:00.000000,1,50.83,BUY
GS,2023-03-13T00:00:00.000000,1,50.83,BUY
GS,2023-03-14T00:00:00.000000,1,50.83,BUY
GS,2023-03-15T00:00:00.000000,1,50.83,BUY
GS,2023-03-16T00:00:00.000000,1,50.83,BUY
GS,2023-03-17T00:00:00.000000,1,50.83,BUY
GS,2023-03-20T00:00:00.000000,1,50.83,BUY
GS,2023-03-21T00:00:00.000000,1,50.83,BUY
GS,2023-03-22T00:00:00.000000,1,50.83,BUY
GS,2023-03-23T00:00:00.000000,1,50.83,BUY
GS,2023-03-24T00:00:00.000000,1,50.83,BUY
GS,2023-03-27T00:00:00.000000,1,50.83,BUY
GS,2023-03-28T00:00:00.000000,1,50.83,BUY
GS,2023-03-29T00:00:00.000000,1,50.83,BUY
GS,2023-03-30T00:00:00.000000,1,50.83,BUY
GS,2023-03-31T00:00:00.000000,1,50.83,BUY
GS,2023-04-03T00:00:00.000000,1,50.83,BUY
GS,2023-04-04T00:00:00.000000,1,50.83,BUY
GS,2023-04-05T00:00:00.000000,1,50.83,BUY
GS,2023-04-06T00:00:00.000000,1,50.83,BUY
GS,2023-04-10T00:00:00.000000,1,50.83,BUY
GS,2023-04-11T00:00:00.000000,1,50.83,BUY
GS,2023-04-12T00:00:00.000000,1,49.72,BUY
GS,2023-04-13T00:00:00.000000,1,49.72,BUY
GS,2023-04-14T00:00:00.000000,1,49.72,BUY
GS,2023-04-17T00:00:00.000000,1,49.72,BUY
GS,2023-04-18T00:00:00.000000,1,49.72,BUY
GS,2023-04-19T00:00:00.000000,1,49.72,BUY
GS,2023-04-20T00:00:00.000000,1,49.72,BUY
GS,2023-04-21T00:00:00.000000,1,49.72,BUY
GS,2023-04-24T00:00:00.000000,1,50.83,BUY
GS,2023-04-25T00:00:00.000000,1,50.83,BUY
GS,2023-04-26T00:00:00.000000,1,50.83,BUY
GS,2023-04-27T00:00:00.000000,1,50.83,BUY
GS,2023-04-28T00:00:00.000000,1,50.83,BUY
GS,2023-05-01T00:00:00.000000,1,50.83,BUY
GS,2023-05-02T00:00:00.000000,1,50.83,BUY
GS,2023-05-03T00:00:00.000000,1,50.83,BUY
GS,2023-05-04T00:00:00.000000,1,50.83,BUY
GS,2023-05-05T00:00:00.000000,1,50.83,BUY
GS,2023-05-08T00:00:00.000000,1,50.83,BUY
GS,2023-05-09T00:00:00.000000,1,50.83,BUY
GS,2023-05-10T00:00:00.000000,1,50.83,BUY
GS,2023-05-11T00:00:00.000000,1,50.83,BUY
GS,2023-05-12T00:00:00.000000,1,50.83,BUY
GS,2023-05-15T00:00:00.000000,1,50.83,BUY
GS,2023-05-16T00:00:00.000000,1,50.83,BUY
GS,2023-05-17T00:00:00.000000,1,50.83,BUY
GS,2023-05-18T00:00:00.000000,1,50.83,BUY
GS,2023-05-19T00:00:00.000000,1,50.83,BUY
GS,2023-05-22T00:00:00.000000,1,50.83,BUY
GS,2023-05-23T00:00:00.000000,1,50.83,BUY
GS,2023-05-24T00:00:00.000000,1,50.83,BUY
GS,2023-05-25T00:00:00.000000,1,50.83,BUY
GS,2023-05-26T00:00:00.000000,1,50.83,BUY
GS,2023-05-30T00:00:00.000000,1,50.83,BUY
GS,2023-05-31T00:00:00.000000,1,50.83,BUY
GS,2023-06-01T00:00:00.000000,1,50.83,BUY
GS,2023-06-02T00:00:00.000000,1,50.83,BUY
GS,2023-06-05T00:00:00.000000,1,50.83,BUY
GS,2023-06-06T00:00:00.000000,1,50.83,BUY
GS,2023-06-07T00:00:00.000000,1,50.83,BUY
GS,2023-06-08T00:00:00.000000,1,49.72,BUY
GS,2023-06-09T00:00:00.000000,1,49.72,BUY
GS,2023-06-12T00:00:00.000000,1,49.72,BUY
GS,2023-06-13T00:00:00.000000,1,49.72,BUY
GS,2023-06-14T00:00:00.000000,1,49.72,BUY
GS,2023-06-15T00:00:00.000000,1,49.72,BUY
GS,2023-06-16T00:00:00.000000,1,49.72,BUY
GS,2023-06-20T00:00:00.000000,1,49.72,BUY
GS,2023-06-21T00:00:00.000000,1,49.72,BUY
GS,2023-06-22T00:00:00.000000,1,49.72,BUY
GS,2023-06-23T00:00:00.000000,1,49.72,BUY
GS,2023-06-26T00:00:00.000000,1,49.72,BUY
GS,2023-06-27T00:00:00.000000,1,49.72,BUY
GS,2023-06-28T00:00:00.000000,1,49.72,BUY
GS,2023-06-29T00:00:00.000000,1,49.72,BUY
GS,2023-06-30T00:00:00.000000,1,49.72,BUY
GS,2023-07-03T00:00:00.000000,1,49.72,BUY
GS,2023-07-05T00:00:00.000000,1,50.0,BUY
GS,2023-07-06T00:00:00.000000,1,50.83,BUY
GS,2023-07-07T00:00:00.000000,1,50.83,BUY
GS,2023-07-10T00:00:00.000000,1,50.83,BUY
GS,2023-07-11T00:00:00.000000,1,50.83,BUY
GS,2023-07-12T00:00:00.000000,1,50.83,BUY
GS,2023-07-13T00:00:00.000000,1,50.83,BUY
GS,2023-07-14T00:00:00.000000,1,50.83,BUY
GS,2023-07-17T00:00:00.000000,1,50.83,BUY
GS,2023-07-18T00:00:00.000000,1,50.83,BUY
GS,2023-07-19T00:00:00.000000,1,49.72,BUY
GS,2023-07-20T00:00:00.000000,1,49.72,BUY
GS,2023-07-21T00:00:00.000000,1,49.72,BUY
GS,2023-07-24T00:00:00.000000,1,48.51,BUY
GS,2023-07-25T00:00:00.000000,0,48.51,SELL
GS,2023-07-26T00:00:00.000000,1,48.51,BUY
GS,2023-07-27T00:00:00.000000,1,48.51,BUY
GS,2023-07-28T00:00:00.000000,1,49.72,BUY
GS,2023-07-31T00:00:00.000000,1,49.72,BUY
GS,2023-08-01T00:00:00.000000,1,49.72,BUY
GS,2023-08-02T00:00:00.000000,1,50.83,BUY
GS,2023-08-03T00:00:00.000000,1,50.83,BUY
GS,2023-08-04T00:00:00.000000,1,50.83,BUY
GS,2023-08-07T00:00:00.000000,1,50.83,BUY
GS,2023-08-08T00:00:00.000000,1,50.83,BUY
GS,2023-08-09T00:00:00.000000,1,49.72,BUY
GS,2023-08-10T00:00:00.000000,1,49.72,BUY
GS,2023-08-11T00:00:00.000000,1,49.72,BUY
GS,2023-08-14T00:00:00.000000,1,49.72,BUY
GS,2023-08-15T00:00:00.000000,1,49.72,BUY
GS,2023-08-16T00:00:00.000000,1,49.72,BUY
GS,2023-08-17T00:00:00.000000,1,49.72,BUY
GS,2023-08-18T00:00:00.000000,1,49.72,BUY
GS,2023-08-21T00:00:00.000000,1,50.83,BUY
GS,2023-08-22T00:00:00.000000,1,50.83,BUY
GS,2023-08-23T00:00:00.000000,1,50.83,BUY
GS,2023-08-24T00:00:00.000000,1,50.83,BUY
GS,2023-08-25T00:00:00.000000,1,50.83,BUY
GS,2023-08-28T00:00:00.000000,1,50.83,BUY
GS,2023-08-29T00:00:00.000000,1,50.83,BUY
GS,2023-08-30T00:00:00.000000,1,50.83,BUY
GS,2023-08-31T00:00:00.000000,1,50.83,BUY
GS,2023-09-01T00:00:00.000000,1,50.83,BUY
GS,2023-09-05T00:00:00.000000,1,50.83,BUY
GS,2023-09-06T00:00:00.000000,1,50.83,BUY
GS,2023-09-07T00:00:00.000000,1,50.83,BUY
GS,2023-09-08T00:00:00.000000,1,50.83,BUY
GS,2023-09-11T00:00:00.000000,1,50.83,BUY
GS,2023-09-12T00:00:00.000000,1,50.83,BUY
GS,2023-09-13T00:00:00.000000,1,50.83,BUY
GS,2023-09-14T00:00:00.000000,1,50.83,BUY
GS,2023-09-15T00:00:00.000000,1,50.83,BUY
GS,2023-09-18T00:00:00.000000,1,50.83,BUY
GS,2023-09-19T00:00:00.000000,1,50.83,BUY
GS,2023-09-20T00:00:00.000000,1,49.72,BUY
GS,2023-09-21T00:00:00.000000,1,49.72,BUY
GS,2023-09-22T00:00:00.000000,1,50.83,BUY
GS,2023-09-25T00:00:00.000000,1,50.83,BUY
GS,2023-09-26T00:00:00.000000,1,50.83,BUY
GS,2023-09-27T00:00:00.000000,1,50.83,BUY
GS,2023-09-28T00:00:00.000000,1,50.83,BUY
GS,2023-09-29T00:00:00.000000,1,50.83,BUY
GS,2023-10-02T00:00:00.000000,1,50.83,BUY
GS,2023-10-03T00:00:00.000000,1,50.83,BUY
GS,2023-10-04T00:00:00.000000,1,50.83,BUY
GS,2023-10-05T00:00:00.000000,1,50.83,BUY
GS,2023-10-06T00:00:00.000000,1,50.83,BUY
GS,2023-10-09T00:00:00.000000,1,50.83,BUY
GS,2023-10-10T00:00:00.000000,1,50.83,BUY
GS,2023-10-11T00:00:00.000000,1,50.83,BUY
GS,2023-10-12T00:00:00.000000,1,50.83,BUY
GS,2023-10-13T00:00:00.000000,1,50.83,BUY
GS,2023-10-16T00:00:00.000000,1,50.83,BUY
GS,2023-10-17T00:00:00.000000,1,50.83,BUY
GS,2023-10-18T00:00:00.000000,1,49.72,BUY
GS,2023-10-19T00:00:00.000000,1,50.83,BUY
GS,2023-10-20T00:00:00.000000,1,50.83,BUY
GS,2023-10-23T00:00:00.000000,1,50.83,BUY
GS,2023-10-24T00:00:00.000000,1,50.83,BUY
GS,2023-10-25T00:00:00.000000,1,50.83,BUY
GS,2023-10-26T00:00:00.000000,1,50.83,BUY
GS,2023-10-27T00:00:00.000000,1,50.83,BUY
GS,2023-10-30T00:00:00.000000,1,50.83,BUY
GS,2023-10-31T00:00:00.000000,1,50.83,BUY
GS,2023-11-01T00:00:00.000000,1,53.54,BUY
GS,2023-11-02T00:00:00.000000,1,53.54,BUY
GS,2023-11-03T00:00:00.000000,1,52.76,BUY
GS,2023-11-06T00:00:00.000000,1,50.83,BUY
GS,2023-11-07T00:00:00.000000,1,50.83,BUY
GS,2023-11-08T00:00:00.000000,1,50.83,BUY
GS,2023-11-09T00:00:00.000000,1,50.83,BUY
GS,2023-11-10T00:00:00.000000,1,50.83,BUY
GS,2023-11-13T00:00:00.000000,1,50.83,BUY
GS,2023-11-14T00:00:00.000000,1,50.83,BUY
GS,2023-11-15T00:00:00.000000,1,50.83,BUY
GS,2023-11-16T00:00:00.000000,1,50.83,BUY
GS,2023-11-17T00:00:00.000000,1,50.83,BUY
GS,2023-11-20T00:00:00.000000,1,50.83,BUY
GS,2023-11-21T00:00:00.000000,1,50.83,BUY
GS,2023-11-22T00:00:00.000000,1,50.83,BUY
GS,2023-11-24T00:00:00.000000,1,49.72,BUY
GS,2023-11-27T00:00:00.000000,1,49.72,BUY
GS,2023-11-28T00:00:00.000000,1,49.72,BUY
GS,2023-11-29T00:00:00.000000,1,49.72,BUY
GS,2023-11-30T00:00:00.000000,1,49.72,BUY
GS,2023-12-01T00:00:00.000000,1,49.72,BUY
GS,2023-12-04T00:00:00.000000,1,49.72,BUY
GS,2023-12-05T00:00:00.000000,1,49.72,BUY
GS,2023-12-06T00:00:00.000000,1,49.72,BUY
GS,2023-12-07T00:00:00.000000,1,49.72,BUY
GS,2023-12-08T00:00:00.000000,1,49.72,BUY
GS,2023-12-11T00:00:00.000000,1,49.72,BUY
GS,2023-12-12T00:00:00.000000,1,49.72,BUY
GS,2023-12-13T00:00:00.000000,1,49.72,BUY
GS,2023-12-14T00:00:00.000000,1,48.51,BUY
GS,2023-12-15T00:00:00.000000,1,48.51,BUY
GS,2023-12-18T00:00:00.000000,1,48.51,BUY
GS,2023-12-19T00:00:00.000000,1,48.51,BUY
GS,2023-12-20T00:00:00.000000,1,48.51,BUY
GS,2023-12-21T00:00:00.000000,0,48.51,SELL
GS,2023-12-22T00:00:00.000000,1,48.51,BUY
GS,2023-12-26T00:00:00.000000,1,48.51,BUY
GS,2023-12-27T00:00:00.000000,1,49.72,BUY
GS,2023-12-28T00:00:00.000000,1,49.72,BUY
GS,2023-12-29T00:00:00.000000,1,50.83,BUY
GS,2024-01-02T00:00:00.000000,1,50.83,BUY
GS,2024-01-03T00:00:00.000000,1,49.72,BUY
GS,2024-01-04T00:00:00.000000,1,49.72,BUY
GS,2024-01-05T00:00:00.000000,1,49.72,BUY
GS,2024-01-08T00:00:00.000000,1,49.72,BUY
GS,2024-01-09T00:00:00.000000,1,49.72,BUY
GS,2024-01-10T00:00:00.000000,1,49.72,BUY
GS,2024-01-11T00:00:00.000000,1,49.72,BUY
GS,2024-01-12T00:00:00.000000,1,49.72,BUY
GS,2024-01-16T00:00:00.000000,1,49.72,BUY
GS,2024-01-17T00:00:00.000000,1,49.72,BUY
GS,2024-01-18T00:00:00.000000,1,49.72,BUY
GS,2024-01-19T00:00:00.000000,1,49.72,BUY
GS,2024-01-22T00:00:00.000000,1,49.72,BUY
GS,2024-01-23T00:00:00.000000,1,49.72,BUY
GS,2024-01-24T00:00:00.000000,1,49.72,BUY
GS,2024-01-25T00:00:00.000000,1,48.51,BUY
GS,2024-01-26T00:00:00.000000,1,48.51,BUY
GS,2024-01-29T00:00:00.000000,1,48.51,BUY
GS,2024-01-30T00:00:00.000000,0,48.51,SELL
GS,2024-01-31T00:00:00.000000,0,48.51,SELL
GS,2024-02-01T00:00:00.000000,0,48.51,SELL
GS,2024-02-02T00:00:00.000000,0,48.51,SELL
GS,2024-02-05T00:00:00.000000,0,48.51,SELL
GS,2024-02-06T00:00:00.000000,0,48.51,SELL
GS,2024-02-07T00:00:00.000000,0,48.51,SELL
GS,2024-02-08T00:00:00.000000,0,48.51,SELL
GS,2024-02-09T00:00:00.000000,0,48.51,SELL
GS,2024-02-12T00:00:00.000000,0,48.51,SELL
GS,2024-02-13T00:00:00.000000,0,48.51,SELL
GS,2024-02-14T00:00:00.000000,0,48.51,SELL
GS,2024-02-15T00:00:00.000000,0,48.51,SELL
GS,2024-02-16T00:00:00.000000,0,48.51,SELL
GS,2024-02-20T00:00:00.000000,0,48.51,SELL
GS,2024-02-21T00:00:00.000000,0,48.51,SELL
GS,2024-02-22T00:00:00.000000,0,48.51,SELL
GS,2024-02-23T00:00:00.000000,0,48.51,SELL
GS,2024-02-26T00:00:00.000000,0,48.51,SELL
GS,2024-02-27T00:00:00.000000,0,48.51,SELL
GS,2024-02-28T00:00:00.000000,1,48.51,BUY
GS,2024-02-29T00:00:00.000000,0,48.51,SELL
GS,2024-03-01T00:00:00.000000,0,48.51,SELL
GS,2024-03-04T00:00:00.000000,1,48.51,BUY
GS,2024-03-05T00:00:00.000000,0,48.51,SELL
GS,2024-03-06T00:00:00.000000,1,48.51,BUY
GS,2024-03-07T00:00:00.000000,1,48.51,BUY
GS,2024-03-08T00:00:00.000000,1,48.51,BUY
GS,2024-03-11T00:00:00.000000,1,48.51,BUY
GS,2024-03-12T00:00:00.000000,1,48.51,BUY
GS,2024-03-13T00:00:00.000000,1,48.51,BUY
GS,2024-03-14T00:00:00.000000,1,48.51,BUY
GS,2024-03-15T00:00:00.000000,1,48.51,BUY
GS,2024-03-18T00:00:00.000000,1,48.51,BUY
GS,2024-03-19T00:00:00.000000,1,49.72,BUY
GS,2024-03-20T00:00:00.000000,1,48.51,BUY
GS,2024-03-21T00:00:00.000000,1,48.51,BUY
GS,2024-03-22T00:00:00.000000,0,48.51,SELL
GS,2024-03-25T00:00:00.000000,0,48.51,SELL
GS,2024-03-26T00:00:00.000000,0,48.51,SELL
GS,2024-03-27T00:00:00.000000,0,48.51,SELL
GS,2024-03-28T00:00:00.000000,1,48.51,BUY
GS,2024-04-01T00:00:00.000000,1,48.51,BUY
GS,2024-04-02T00:00:00.000000,1,48.51,BUY
GS,2024-04-03T00:00:00.000000,1,48.51,BUY
GS,2024-04-04T00:00:00.000000,1,49.72,BUY
GS,2024-04-05T00:00:00.000000,1,49.72,BUY
GS,2024-04-08T00:00:00.000000,1,50.83,BUY
GS,2024-04-09T00:00:00.000000,1,50.83,BUY
GS,2024-04-10T00:00:00.000000,1,50.83,BUY
GS,2024-04-11T00:00:00.000000,1,49.72,BUY
GS,2024-04-12T00:00:00.000000,1,49.72,BUY
GS,2024-04-15T00:00:00.000000,1,49.72,BUY
GS,2024-04-16T00:00:00.000000,1,49.72,BUY
GS,2024-04-17T00:00:00.000000,1,49.72,BUY
GS,2024-04-18T00:00:00.000000,1,49.72,BUY
GS,2024-04-19T00:00:00.000000,1,50.83,BUY
GS,2024-04-22T00:00:00.000000,1,50.83,BUY
GS,2024-04-23T00:00:00.000000,1,50.83,BUY
GS,2024-04-24T00:00:00.000000,1,50.83,BUY
GS,2024-04-25T00:00:00.000000,1,50.83,BUY
GS,2024-04-26T00:00:00.000000,1,50.83,BUY
GS,2024-04-29T00:00:00.000000,1,50.83,BUY
GS,2024-04-30T00:00:00.000000,1,50.83,BUY
GS,2024-05-01T00:00:00.000000,1,50.83,BUY
GS,2024-05-02T00:00:00.000000,1,50.83,BUY
GS,2024-05-03T00:00:00.000000,1,50.83,BUY
GS,2024-05-06T00:00:00.000000,1,50.83,BUY
GS,2024-05-07T00:00:00.000000,1,50.83,BUY
GS,2024-05-08T00:00:00.000000,1,50.83,BUY
GS,2024-05-09T00:00:00.000000,1,50.83,BUY
GS,2024-05-10T00:00:00.000000,1,50.83,BUY
GS,2024-05-13T00:00:00.000000,1,50.83,BUY
GS,2024-05-14T00:00:00.000000,1,50.83,BUY
GS,2024-05-15T00:00:00.000000,1,50.83,BUY
GS,2024-05-16T00:00:00.000000,1,50.83,BUY
GS,2024-05-17T00:00:00.000000,1,50.83,BUY
GS,2024-05-20T00:00:00.000000,1,50.83,BUY
GS,2024-05-21T00:00:00.000000,1,50.83,BUY
GS,2024-05-22T00:00:00.000000,1,50.83,BUY
GS,2024-05-23T00:00:00.000000,1,50.83,BUY
GS,2024-05-24T00:00:00.000000,1,50.83,BUY
GS,2024-05-28T00:00:00.000000,1,50.83,BUY
GS,2024-05-29T00:00:00.000000,1,50.83,BUY
GS,2024-05-30T00:00:00.000000,1,50.83,BUY
GS,2024-05-31T00:00:00.000000,1,50.83,BUY
GS,2024-06-03T00:00:00.000000,1,50.83,BUY
GS,2024-06-04T00:00:00.000000,1,50.83,BUY
GS,2024-06-05T00:00:00.000000,1,49.72,BUY
GS,2024-06-06T00:00:00.000000,1,50.83,BUY
GS,2024-06-07T00:00:00.000000,1,50.83,BUY
GS,2024-06-10T00:00:00.000000,1,49.72,BUY
GS,2024-06-11T00:00:00.000000,1,50.83,BUY
GS,2024-06-12T00:00:00.000000,1,49.72,BUY
GS,2024-06-13T00:00:00.000000,1,50.83,BUY
GS,2024-06-14T00:00:00.000000,1,49.72,BUY
GS,2024-06-17T00:00:00.000000,1,50.83,BUY
GS,2024-06-18T00:00:00.000000,1,50.83,BUY
GS,2024-06-20T00:00:00.000000,1,49.72,BUY
GS,2024-06-21T00:00:00.000000,1,49.72,BUY
GS,2024-06-24T00:00:00.000000,1,49.72,BUY
GS,2024-06-25T00:00:00.000000,1,49.72,BUY
GS,2024-06-26T00:00:00.000000,1,49.72,BUY
GS,2024-06-27T00:00:00.000000,1,49.72,BUY
GS,2024-06-28T00:00:00.000000,1,49.72,BUY
GS,2024-07-01T00:00:00.000000,1,49.72,BUY
GS,2024-07-02T00:00:00.000000,1,49.72,BUY
GS,2024-07-03T00:00:00.000000,1,49.72,BUY
GS,2024-07-05T00:00:00.000000,1,49.72,BUY
GS,2024-07-08T00:00:00.000000,1,49.72,BUY
GS,2024-07-09T00:00:00.000000,1,48.51,BUY
GS,2024-07-10T00:00:00.000000,1,48.51,BUY
GS,2024-07-11T00:00:00.000000,0,48.51,SELL
GS,2024-07-12T00:00:00.000000,0,48.51,SELL
GS,2024-07-15T00:00:00.000000,0,48.51,SELL
GS,2024-07-16T00:00:00.000000,1,48.51,BUY
GS,2024-07-17T00:00:00.000000,1,49.72,BUY
GS,2024-07-18T00:00:00.000000,1,49.72,BUY
GS,2024-07-19T00:00:00.000000,1,49.72,BUY
GS,2024-07-22T00:00:00.000000,1,49.72,BUY
GS,2024-07-23T00:00:00.000000,1,49.72,BUY
GS,2024-07-24T00:00:00.000000,1,49.72,BUY
GS,2024-07-25T00:00:00.000000,1,50.83,BUY
GS,2024-07-26T00:00:00.000000,1,50.83,BUY
GS,2024-07-29T00:00:00.000000,1,50.83,BUY
GS,2024-07-30T00:00:00.000000,1,50.83,BUY
GS,2024-07-31T00:00:00.000000,1,50.83,BUY
GS,2024-08-01T00:00:00.000000,1,50.83,BUY
GS,2024-08-02T00:00:00.000000,1,50.83,BUY
GS,2024-08-05T00:00:00.000000,1,50.83,BUY
GS,2024-08-06T00:00:00.000000,1,50.83,BUY
GS,2024-08-07T00:00:00.000000,1,50.83,BUY
GS,2024-08-08T00:00:00.000000,1,50.83,BUY
GS,2024-08-09T00:00:00.000000,1,50.83,BUY
GS,2024-08-12T00:00:00.000000,1,50.83,BUY
GS,2024-08-13T00:00:00.000000,1,50.83,BUY
GS,2024-08-14T00:00:00.000000,1,50.83,BUY
GS,2024-08-15T00:00:00.000000,1,50.83,BUY
GS,2024-08-16T00:00:00.000000,1,50.83,BUY
GS,2024-08-19T00:00:00.000000,1,50.83,BUY
GS,2024-08-20T00:00:00.000000,1,50.83,BUY
GS,2024-08-21T00:00:00.000000,1,50.83,BUY
GS,2024-08-22T00:00:00.000000,1,50.83,BUY
GS,2024-08-23T00:00:00.000000,1,50.83,BUY
GS,2024-08-26T00:00:00.000000,1,50.83,BUY
GS,2024-08-27T00:00:00.000000,1,49.72,BUY
GS,2024-08-28T00:00:00.000000,1,49.72,BUY
GS,2024-08-29T00:00:00.000000,1,49.72,BUY
GS,2024-08-30T00:00:00.000000,1,49.72,BUY
GS,2024-09-03T00:00:00.000000,1,49.72,BUY
GS,2024-09-04T00:00:00.000000,1,49.72,BUY
GS,2024-09-05T00:00:00.000000,1,49.72,BUY
GS,2024-09-06T00:00:00.000000,1,49.72,BUY
GS,2024-09-09T00:00:00.000000,1,49.72,BUY
GS,2024-09-10T00:00:00.000000,1,50.83,BUY
GS,2024-09-11T00:00:00.000000,1,50.83,BUY
GS,2024-09-12T00:00:00.000000,1,50.83,BUY
GS,2024-09-13T00:00:00.000000,1,50.83,BUY
GS,2024-09-16T00:00:00.000000,1,50.83,BUY
GS,2024-09-17T00:00:00.000000,1,50.83,BUY
GS,2024-09-18T00:00:00.000000,1,50.83,BUY
GS,2024-09-19T00:00:00.000000,1,50.83,BUY
GS,2024-09-20T00:00:00.000000,1,50.83,BUY
GS,2024-09-23T00:00:00.000000,1,50.83,BUY
GS,2024-09-24T00:00:00.000000,1,50.83,BUY
GS,2024-09-25T00:00:00.000000,1,50.83,BUY
GS,2024-09-26T00:00:00.000000,1,50.83,BUY
GS,2024-09-27T00:00:00.000000,1,50.83,BUY
GS,2024-09-30T00:00:00.000000,1,50.83,BUY
GS,2024-10-01T00:00:00.000000,1,50.83,BUY
GS,2024-10-02T00:00:00.000000,1,50.83,BUY
GS,2024-10-03T00:00:00.000000,1,49.72,BUY
GS,2024-10-04T00:00:00.000000,1,49.72,BUY
GS,2024-10-07T00:00:00.000000,1,49.72,BUY
GS,2024-10-08T00:00:00.000000,1,49.72,BUY
GS,2024-10-09T00:00:00.000000,1,49.72,BUY
GS,2024-10-10T00:00:00.000000,1,49.72,BUY
GS,2024-10-11T00:00:00.000000,1,49.72,BUY
GS,2024-10-14T00:00:00.000000,1,49.72,BUY
GS,2024-10-15T00:00:00.000000,1,49.72,BUY
GS,2024-10-16T00:00:00.000000,1,49.72,BUY
GS,2024-10-17T00:00:00.000000,1,49.72,BUY
GS,2024-10-18T00:00:00.000000,1,49.72,BUY
GS,2024-10-21T00:00:00.000000,1,49.72,BUY
GS,2024-10-22T00:00:00.000000,1,50.83,BUY
GS,2024-10-23T00:00:00.000000,1,50.83,BUY
GS,2024-10-24T00:00:00.000000,1,50.83,BUY
GS,2024-10-25T00:00:00.000000,1,50.83,BUY
GS,2024-10-28T00:00:00.000000,1,50.83,BUY
GS,2024-10-29T00:00:00.000000,1,50.83,BUY
GS,2024-10-30T00:00:00.000000,1,50.83,BUY
GS,2024-10-31T00:00:00.000000,1,50.83,BUY
GS,2024-11-01T00:00:00.000000,1,50.83,BUY
GS,2024-11-04T00:00:00.000000,1,50.83,BUY
GS,2024-11-05T00:00:00.000000,1,50.83,BUY
GS,2024-11-06T00:00:00.000000,1,50.83,BUY
GS,2024-11-07T00:00:00.000000,1,50.83,BUY
GS,2024-11-08T00:00:00.000000,1,50.83,BUY
GS,2024-11-11T00:00:00.000000,1,50.83,BUY
GS,2024-11-12T00:00:00.000000,1,50.83,BUY
GS,2024-11-13T00:00:00.000000,1,50.83,BUY
GS,2024-11-14T00:00:00.000000,1,50.83,BUY
GS,2024-11-15T00:00:00.000000,1,50.83,BUY
GS,2024-11-18T00:00:00.000000,1,50.83,BUY
GS,2024-11-19T00:00:00.000000,1,50.83,BUY
GS,2024-11-20T00:00:00.000000,1,50.83,BUY
GS,2024-11-21T00:00:00.000000,1,50.83,BUY
GS,2024-11-22T00:00:00.000000,1,50.83,BUY
GS,2024-11-25T00:00:00.000000,1,50.83,BUY
GS,2024-11-26T00:00:00.000000,1,50.83,BUY
GS,2024-11-27T00:00:00.000000,1,50.83,BUY
GS,2024-11-29T00:00:00.000000,1,50.83,BUY
GS,2024-12-02T00:00:00.000000,1,50.83,BUY
GS,2024-12-03T00:00:00.000000,1,50.83,BUY
GS,2024-12-04T00:00:00.000000,1,50.83,BUY
GS,2024-12-05T00:00:00.000000,1,50.83,BUY
GS,2024-12-06T00:00:00.000000,1,50.83,BUY
GS,2024-12-09T00:00:00.000000,1,50.83,BUY
GS,2024-12-10T00:00:00.000000,1,50.83,BUY
GS,2024-12-11T00:00:00.000000,1,50.83,BUY
GS,2024-12-12T00:00:00.000000,1,50.83,BUY
GS,2024-12-13T00:00:00.000000,1,50.83,BUY
GS,2024-12-16T00:00:00.000000,1,50.83,BUY
GS,2024-12-17T00:00:00.000000,1,49.72,BUY
GS,2024-12-18T00:00:00.000000,1,49.72,BUY
GS,2024-12-19T00:00:00.000000,1,50.83,BUY
GS,2024-12-20T00:00:00.000000,1,50.83,BUY
INTC,2023-02-21T00:00:00.000000,1,49.72,BUY
INTC,2023-02-22T00:00:00.000000,1,49.72,BUY
INTC,2023-02-23T00:00:00.000000,1,49.72,BUY
INTC,2023-02-24T00:00:00.000000,1,49.72,BUY
INTC,2023-02-27T00:00:00.000000,1,48.51,BUY
INTC,2023-02-28T00:00:00.000000,0,48.51,SELL
INTC,2023-03-01T00:00:00.000000,0,48.51,SELL
INTC,2023-03-02T00:00:00.000000,0,48.51,SELL
INTC,2023-03-03T00:00:00.000000,1,48.51,BUY
INTC,2023-03-06T00:00:00.000000,0,48.51,SELL
INTC,2023-03-07T00:00:00.000000,0,48.51,SELL
INTC,2023-03-08T00:00:00.000000,0,48.51,SELL
INTC,2023-03-09T00:00:00.000000,0,48.51,SELL
INTC,2023-03-10T00:00:00.000000,0,48.51,SELL
INTC,2023-03-13T00:00:00.000000,1,49.72,BUY
INTC,2023-03-14T00:00:00.000000,1,49.72,BUY
INTC,2023-03-15T00:00:00.000000,1,49.72,BUY
INTC,2023-03-16T00:00:00.000000,1,49.72,BUY
INTC,2023-03-17T00:00:00.000000,1,49.72,BUY
INTC,2023-03-20T00:00:00.000000,1,50.83,BUY
INTC,2023-03-21T00:00:00.000000,1,50.83,BUY
INTC,2023-03-22T00:00:00.000000,1,50.83,BUY
INTC,2023-03-23T00:00:00.000000,1,50.83,BUY
INTC,2023-03-24T00:00:00.000000,1,50.83,BUY
INTC,2023-03-27T00:00:00.000000,1,50.83,BUY
INTC,2023-03-28T00:00:00.000000,1,49.72,BUY
INTC,2023-03-29T00:00:00.000000,1,49.72,BUY
INTC,2023-03-30T00:00:00.000000,1,49.72,BUY
INTC,2023-03-31T00:00:00.000000,1,49.72,BUY
INTC,2023-04-03T00:00:00.000000,1,49.72,BUY
INTC,2023-04-04T00:00:00.000000,1,49.72,BUY
INTC,2023-04-05T00:00:00.000000,1,49.72,BUY
INTC,2023-04-06T00:00:00.000000,1,48.51,BUY
INTC,2023-04-10T00:00:00.000000,1,49.72,BUY
INTC,2023-04-11T00:00:00.000000,1,49.72,BUY
INTC,2023-04-12T00:00:00.000000,1,49.72,BUY
INTC,2023-04-13T00:00:00.000000,1,48.51,BUY
INTC,2023-04-14T00:00:00.000000,1,48.51,BUY
INTC,2023-04-17T00:00:00.000000,0,48.51,SELL
INTC,2023-04-18T00:00:00.000000,0,48.51,SELL
INTC,2023-04-19T00:00:00.000000,0,48.51,SELL
INTC,2023-04-20T00:00:00.000000,0,48.51,SELL
INTC,2023-04-21T00:00:00.000000,0,44.85,SELL
INTC,2023-04-24T00:00:00.000000,0,44.85,SELL
INTC,2023-04-25T00:00:00.000000,0,44.85,SELL
INTC,2023-04-26T00:00:00.000000,0,38.31,SELL
INTC,2023-04-27T00:00:00.000000,0,38.31,SELL
INTC,2023-04-28T00:00:00.000000,0,38.31,SELL
INTC,2023-05-01T00:00:00.000000,0,40.62,SELL
INTC,2023-05-02T00:00:00.000000,0,44.85,SELL
INTC,2023-05-03T00:00:00.000000,0,44.85,SELL
INTC,2023-05-04T00:00:00.000000,0,44.85,SELL
INTC,2023-05-05T00:00:00.000000,0,48.51,SELL
INTC,2023-05-08T00:00:00.000000,0,48.51,SELL
INTC,2023-05-09T00:00:00.000000,0,48.51,SELL
INTC,2023-05-10T00:00:00.000000,0,48.51,SELL
INTC,2023-05-11T00:00:00.000000,0,48.51,SELL
INTC,2023-05-12T00:00:00.000000,1,48.51,BUY
INTC,2023-05-15T00:00:00.000000,0,48.51,SELL
INTC,2023-05-16T00:00:00.000000,0,48.51,SELL
INTC,2023-05-17T00:00:00.000000,0,48.51,SELL
INTC,2023-05-18T00:00:00.000000,0,48.51,SELL
INTC,2023-05-19T00:00:00.000000,0,44.85,SELL
INTC,2023-05-22T00:00:00.000000,0,44.85,SELL
INTC,2023-05-23T00:00:00.000000,0,44.85,SELL
INTC,2023-05-24T00:00:00.000000,0,44.85,SELL
INTC,2023-05-25T00:00:00.000000,0,44.85,SELL
INTC,2023-05-26T00:00:00.000000,0,44.85,SELL
INTC,2023-05-30T00:00:00.000000,0,48.51,SELL
INTC,2023-05-31T00:00:00.000000,0,48.51,SELL
INTC,2023-06-01T00:00:00.000000,0,48.51,SELL
INTC,2023-06-02T00:00:00.000000,0,48.51,SELL
INTC,2023-06-05T00:00:00.000000,0,48.51,SELL
INTC,2023-06-06T00:00:00.000000,0,48.51,SELL
INTC,2023-06-07T00:00:00.000000,0,48.51,SELL
INTC,2023-06-08T00:00:00.000000,0,48.51,SELL
INTC,2023-06-09T00:00:00.000000,0,48.51,SELL
INTC,2023-06-12T00:00:00.000000,0,48.51,SELL
INTC,2023-06-13T00:00:00.000000,1,48.51,BUY
INTC,2023-06-14T00:00:00.000000,1,49.72,BUY
INTC,2023-06-15T00:00:00.000000,1,49.72,BUY
INTC,2023-06-16T00:00:00.000000,1,49.72,BUY
INTC,2023-06-20T00:00:00.000000,1,49.72,BUY
INTC,2023-06-21T00:00:00.000000,1,49.72,BUY
INTC,2023-06-22T00:00:00.000000,1,49.72,BUY
INTC,2023-06-23T00:00:00.000000,1,49.72,BUY
INTC,2023-06-26T00:00:00.000000,1,49.72,BUY
INTC,2023-06-27T00:00:00.000000,1,49.72,BUY
INTC,2023-06-28T00:00:00.000000,1,49.72,BUY
INTC,2023-06-29T00:00:00.000000,1,49.72,BUY
INTC,2023-06-30T00:00:00.000000,1,49.72,BUY
INTC,2023-07-03T00:00:00.000000,1,49.72,BUY
INTC,2023-07-05T00:00:00.000000,1,49.72,BUY
INTC,2023-07-06T00:00:00.000000,1,48.51,BUY
INTC,2023-07-07T00:00:00.000000,1,48.51,BUY
INTC,2023-07-10T00:00:00.000000,0,48.51,SELL
INTC,2023-07-11T00:00:00.000000,0,48.51,SELL
INTC,2023-07-12T00:00:00.000000,0,48.51,SELL
INTC,2023-07-13T00:00:00.000000,0,48.51,SELL
INTC,2023-07-14T00:00:00.000000,0,48.51,SELL
INTC,2023-07-17T00:00:00.000000,0,48.51,SELL
INTC,2023-07-18T00:00:00.000000,0,44.85,SELL
INTC,2023-07-19T00:00:00.000000,0,44.85,SELL
INTC,2023-07-20T00:00:00.000000,0,44.85,SELL
INTC,2023-07-21T00:00:00.000000,0,44.85,SELL
INTC,2023-07-24T00:00:00.000000,0,38.31,SELL
INTC,2023-07-25T00:00:00.000000,0,38.31,SELL
INTC,2023-07-26T00:00:00.000000,0,38.31,SELL
INTC,2023-07-27T00:00:00.000000,0,44.85,SELL
INTC,2023-07-28T00:00:00.000000,0,44.85,SELL
INTC,2023-07-31T00:00:00.000000,0,44.85,SELL
INTC,2023-08-01T00:00:00.000000,0,44.85,SELL
INTC,2023-08-02T00:00:00.000000,0,48.51,SELL
INTC,2023-08-03T00:00:00.000000,0,48.51,SELL
INTC,2023-08-04T00:00:00.000000,0,48.51,SELL
INTC,2023-08-07T00:00:00.000000,0,48.51,SELL
INTC,2023-08-08T00:00:00.000000,0,48.51,SELL
INTC,2023-08-09T00:00:00.000000,1,48.51,BUY
INTC,2023-08-10T00:00:00.000000,1,48.51,BUY
INTC,2023-08-11T00:00:00.000000,0,48.51,SELL
INTC,2023-08-14T00:00:00.000000,0,48.51,SELL
INTC,2023-08-15T00:00:00.000000,0,48.51,SELL
INTC,2023-08-16T00:00:00.000000,0,48.51,SELL
INTC,2023-08-17T00:00:00.000000,0,48.51,SELL
INTC,2023-08-18T00:00:00.000000,0,48.51,SELL
INTC,2023-08-21T00:00:00.000000,0,48.51,SELL
INTC,2023-08-22T00:00:00.000000,0,48.51,SELL
INTC,2023-08-23T00:00:00.000000,0,48.51,SELL
INTC,2023-08-24T00:00:00.000000,0,48.51,SELL
INTC,2023-08-25T00:00:00.000000,0,48.51,SELL
INTC,2023-08-28T00:00:00.000000,0,48.51,SELL
INTC,2023-08-29T00:00:00.000000,1,49.72,BUY
INTC,2023-08-30T00:00:00.000000,0,48.51,SELL
INTC,2023-08-31T00:00:00.000000,0,48.51,SELL
INTC,2023-09-01T00:00:00.000000,0,44.85,SELL
INTC,2023-09-05T00:00:00.000000,0,44.85,SELL
INTC,2023-09-06T00:00:00.000000,0,45.45,SELL
INTC,2023-09-07T00:00:00.000000,0,45.45,SELL
INTC,2023-09-08T00:00:00.000000,0,48.51,SELL
INTC,2023-09-11T00:00:00.000000,0,48.51,SELL
INTC,2023-09-12T00:00:00.000000,1,48.51,BUY
INTC,2023-09-13T00:00:00.000000,1,49.72,BUY
INTC,2023-09-14T00:00:00.000000,1,49.72,BUY
INTC,2023-09-15T00:00:00.000000,1,49.72,BUY
INTC,2023-09-18T00:00:00.000000,1,49.72,BUY
INTC,2023-09-19T00:00:00.000000,1,49.72,BUY
INTC,2023-09-20T00:00:00.000000,1,49.72,BUY
INTC,2023-09-21T00:00:00.000000,1,49.72,BUY
INTC,2023-09-22T00:00:00.000000,1,49.72,BUY
INTC,2023-09-25T00:00:00.000000,1,48.51,BUY
INTC,2023-09-26T00:00:00.000000,1,48.51,BUY
INTC,2023-09-27T00:00:00.000000,1,48.51,BUY
INTC,2023-09-28T00:00:00.000000,0,48.51,SELL
INTC,2023-09-29T00:00:00.000000,0,48.51,SELL
INTC,2023-10-02T00:00:00.000000,0,48.51,SELL
INTC,2023-10-03T00:00:00.000000,1,48.51,BUY
INTC,2023-10-04T00:00:00.000000,1,49.72,BUY
INTC,2023-10-05T00:00:00.000000,1,49.72,BUY
INTC,2023-10-06T00:00:00.000000,1,49.72,BUY
INTC,2023-10-09T00:00:00.000000,1,49.72,BUY
INTC,2023-10-10T00:00:00.000000,1,50.83,BUY
INTC,2023-10-11T00:00:00.000000,1,49.72,BUY
INTC,2023-10-12T00:00:00.000000,1,49.72,BUY
INTC,2023-10-13T00:00:00.000000,0,48.51,SELL
INTC,2023-10-16T00:00:00.000000,0,48.51,SELL
INTC,2023-10-17T00:00:00.000000,0,48.51,SELL
INTC,2023-10-18T00:00:00.000000,0,44.85,SELL
INTC,2023-10-19T00:00:00.000000,0,44.85,SELL
INTC,2023-10-20T00:00:00.000000,0,44.85,SELL
INTC,2023-10-23T00:00:00.000000,0,44.85,SELL
INTC,2023-10-24T00:00:00.000000,0,48.51,SELL
INTC,2023-10-25T00:00:00.000000,0,48.51,SELL
INTC,2023-10-26T00:00:00.000000,0,48.51,SELL
INTC,2023-10-27T00:00:00.000000,0,48.51,SELL
INTC,2023-10-30T00:00:00.000000,0,48.51,SELL
INTC,2023-10-31T00:00:00.000000,1,48.51,BUY
INTC,2023-11-01T00:00:00.000000,1,49.72,BUY
INTC,2023-11-02T00:00:00.000000,1,49.72,BUY
INTC,2023-11-03T00:00:00.000000,1,49.72,BUY
INTC,2023-11-06T00:00:00.000000,1,49.72,BUY
INTC,2023-11-07T00:00:00.000000,1,48.51,BUY
INTC,2023-11-08T00:00:00.000000,1,48.51,BUY
INTC,2023-11-09T00:00:00.000000,1,48.51,BUY
INTC,2023-11-10T00:00:00.000000,0,48.51,SELL
INTC,2023-11-13T00:00:00.000000,0,48.51,SELL
INTC,2023-11-14T00:00:00.000000,0,48.51,SELL
INTC,2023-11-15T00:00:00.000000,0,48.51,SELL
INTC,2023-11-16T00:00:00.000000,0,44.85,SELL
INTC,2023-11-17T00:00:00.000000,0,38.31,SELL
INTC,2023-11-20T00:00:00.000000,0,44.85,SELL
INTC,2023-11-21T00:00:00.000000,0,44.85,SELL
INTC,2023-11-22T00:00:00.000000,0,48.51,SELL
INTC,2023-11-24T00:00:00.000000,0,48.51,SELL
INTC,2023-11-27T00:00:00.000000,0,48.51,SELL
INTC,2023-11-28T00:00:00.000000,1,48.51,BUY
INTC,2023-11-29T00:00:00.000000,1,48.51,BUY
INTC,2023-11-30T00:00:00.000000,1,49.72,BUY
INTC,2023-12-01T00:00:00.000000,1,49.72,BUY
INTC,2023-12-04T00:00:00.000000,1,49.72,BUY
INTC,2023-12-05T00:00:00.000000,1,49.72,BUY
INTC,2023-12-06T00:00:00.000000,1,49.72,BUY
INTC,2023-12-07T00:00:00.000000,1,49.72,BUY
INTC,2023-12-08T00:00:00.000000,1,49.72,BUY
INTC,2023-12-11T00:00:00.000000,1,49.72,BUY
INTC,2023-12-12T00:00:00.000000,1,48.51,BUY
INTC,2023-12-13T00:00:00.000000,0,48.51,SELL
INTC,2023-12-14T00:00:00.000000,0,48.51,SELL
INTC,2023-12-15T00:00:00.000000,0,48.51,SELL
INTC,2023-12-18T00:00:00.000000,0,48.51,SELL
INTC,2023-12-19T00:00:00.000000,0,38.31,SELL
INTC,2023-12-20T00:00:00.000000,0,38.31,SELL
INTC,2023-12-21T00:00:00.000000,0,36.84,SELL
INTC,2023-12-22T00:00:00.000000,0,32.82,SELL
INTC,2023-12-26T00:00:00.000000,0,32.82,SELL
INTC,2023-12-27T00:00:00.000000,0,32.82,SELL
INTC,2023-12-28T00:00:00.000000,0,32.82,SELL
INTC,2023-12-29T00:00:00.000000,0,32.82,SELL
INTC,2024-01-02T00:00:00.000000,0,32.82,SELL
INTC,2024-01-03T00:00:00.000000,0,32.82,SELL
INTC,2024-01-04T00:00:00.000000,0,32.82,SELL
INTC,2024-01-05T00:00:00.000000,0,38.31,SELL
INTC,2024-01-08T00:00:00.000000,0,38.31,SELL
INTC,2024-01-09T00:00:00.000000,0,40.62,SELL
INTC,2024-01-10T00:00:00.000000,0,45.45,SELL
INTC,2024-01-11T00:00:00.000000,0,44.85,SELL
INTC,2024-01-12T00:00:00.000000,0,44.85,SELL
INTC,2024-01-16T00:00:00.000000,0,44.85,SELL
INTC,2024-01-17T00:00:00.000000,0,44.85,SELL
INTC,2024-01-18T00:00:00.000000,0,44.85,SELL
INTC,2024-01-19T00:00:00.000000,0,44.85,SELL
INTC,2024-01-22T00:00:00.000000,0,44.85,SELL
INTC,2024-01-23T00:00:00.000000,0,44.85,SELL
INTC,2024-01-24T00:00:00.000000,0,48.51,SELL
INTC,2024-01-25T00:00:00.000000,0,48.51,SELL
INTC,2024-01-26T00:00:00.000000,0,48.51,SELL
INTC,2024-01-29T00:00:00.000000,0,48.51,SELL
INTC,2024-01-30T00:00:00.000000,0,48.51,SELL
INTC,2024-01-31T00:00:00.000000,0,48.51,SELL
INTC,2024-02-01T00:00:00.000000,0,48.51,SELL
INTC,2024-02-02T00:00:00.000000,0,48.51,SELL
INTC,2024-02-05T00:00:00.000000,0,48.51,SELL
INTC,2024-02-06T00:00:00.000000,0,44.85,SELL
INTC,2024-02-07T00:00:00.000000,0,44.85,SELL
INTC,2024-02-08T00:00:00.000000,0,38.31,SELL
INTC,2024-02-09T00:00:00.000000,0,38.31,SELL
INTC,2024-02-12T00:00:00.000000,0,32.82,SELL
INTC,2024-02-13T00:00:00.000000,0,32.82,SELL
INTC,2024-02-14T00:00:00.000000,0,32.82,SELL
INTC,2024-02-15T00:00:00.000000,0,32.82,SELL
INTC,2024-02-16T00:00:00.000000,0,32.82,SELL
INTC,2024-02-20T00:00:00.000000,0,36.84,SELL
INTC,2024-02-21T00:00:00.000000,0,38.31,SELL
INTC,2024-02-22T00:00:00.000000,0,38.31,SELL
INTC,2024-02-23T00:00:00.000000,0,38.31,SELL
INTC,2024-02-26T00:00:00.000000,0,40.62,SELL
INTC,2024-02-27T00:00:00.000000,0,44.85,SELL
INTC,2024-02-28T00:00:00.000000,0,44.85,SELL
INTC,2024-02-29T00:00:00.000000,0,48.51,SELL
INTC,2024-03-01T00:00:00.000000,0,48.51,SELL
INTC,2024-03-04T00:00:00.000000,0,48.51,SELL
INTC,2024-03-05T00:00:00.000000,0,48.51,SELL
INTC,2024-03-06T00:00:00.000000,0,48.51,SELL
INTC,2024-03-07T00:00:00.000000,0,48.51,SELL
INTC,2024-03-08T00:00:00.000000,0,48.51,SELL
INTC,2024-03-11T00:00:00.000000,0,48.51,SELL
INTC,2024-03-12T00:00:00.000000,0,48.51,SELL
INTC,2024-03-13T00:00:00.000000,0,48.51,SELL
INTC,2024-03-14T00:00:00.000000,0,48.51,SELL
INTC,2024-03-15T00:00:00.000000,0,48.51,SELL
INTC,2024-03-18T00:00:00.000000,0,48.51,SELL
INTC,2024-03-19T00:00:00.000000,0,48.51,SELL
INTC,2024-03-20T00:00:00.000000,0,48.51,SELL
INTC,2024-03-21T00:00:00.000000,0,44.85,SELL
INTC,2024-03-22T00:00:00.000000,0,44.85,SELL
INTC,2024-03-25T00:00:00.000000,0,38.31,SELL
INTC,2024-03-26T00:00:00.000000,0,38.31,SELL
INTC,2024-03-27T00:00:00.000000,0,38.31,SELL
INTC,2024-03-28T00:00:00.000000,0,36.49,SELL
INTC,2024-04-01T00:00:00.000000,0,32.82,SELL
INTC,2024-04-02T00:00:00.000000,0,32.82,SELL
INTC,2024-04-03T00:00:00.000000,0,32.82,SELL
INTC,2024-04-04T00:00:00.000000,0,35.29,SELL
INTC,2024-04-05T00:00:00.000000,0,38.1,SELL
INTC,2024-04-08T00:00:00.000000,0,38.1,SELL
INTC,2024-04-09T00:00:00.000000,0,38.31,SELL
INTC,2024-04-10T00:00:00.000000,0,38.31,SELL
INTC,2024-04-11T00:00:00.000000,0,38.31,SELL
INTC,2024-04-12T00:00:00.000000,0,44.85,SELL
INTC,2024-04-15T00:00:00.000000,0,40.62,SELL
INTC,2024-04-16T00:00:00.000000,0,38.31,SELL
INTC,2024-04-17T00:00:00.000000,0,38.31,SELL
INTC,2024-04-18T00:00:00.000000,0,38.1,SELL
INTC,2024-04-19T00:00:00.000000,0,32.82,SELL
INTC,2024-04-22T00:00:00.000000,0,32.82,SELL
INTC,2024-04-23T00:00:00.000000,0,32.82,SELL
INTC,2024-04-24T00:00:00.000000,0,38.31,SELL
INTC,2024-04-25T00:00:00.000000,0,38.31,SELL
INTC,2024-04-26T00:00:00.000000,0,44.85,SELL
INTC,2024-04-29T00:00:00.000000,0,38.31,SELL
INTC,2024-04-30T00:00:00.000000,0,38.31,SELL
INTC,2024-05-01T00:00:00.000000,0,38.1,SELL
INTC,2024-05-02T00:00:00.000000,0,36.84,SELL
INTC,2024-05-03T00:00:00.000000,0,32.82,SELL
INTC,2024-05-06T00:00:00.000000,0,32.82,SELL
INTC,2024-05-07T00:00:00.000000,0,32.82,SELL
INTC,2024-05-08T00:00:00.000000,0,32.82,SELL
INTC,2024-05-09T00:00:00.000000,0,32.82,SELL
INTC,2024-05-10T00:00:00.000000,0,32.82,SELL
INTC,2024-05-13T00:00:00.000000,0,32.82,SELL
INTC,2024-05-14T00:00:00.000000,0,32.82,SELL
INTC,2024-05-15T00:00:00.000000,0,32.82,SELL
INTC,2024-05-16T00:00:00.000000,0,32.82,SELL
INTC,2024-05-17T00:00:00.000000,0,32.82,SELL
INTC,2024-05-20T00:00:00.000000,0,36.84,SELL
INTC,2024-05-21T00:00:00.000000,0,38.1,SELL
INTC,2024-05-22T00:00:00.000000,0,38.31,SELL
INTC,2024-05-23T00:00:00.000000,0,38.31,SELL
INTC,2024-05-24T00:00:00.000000,0,44.85,SELL
INTC,2024-05-28T00:00:00.000000,0,44.85,SELL
INTC,2024-05-29T00:00:00.000000,0,48.51,SELL
INTC,2024-05-30T00:00:00.000000,0,48.51,SELL
INTC,2024-05-31T00:00:00.000000,1,48.51,BUY
INTC,2024-06-03T00:00:00.000000,1,49.72,BUY
INTC,2024-06-04T00:00:00.000000,1,49.72,BUY
INTC,2024-06-05T00:00:00.000000,1,49.72,BUY
INTC,2024-06-06T00:00:00.000000,1,49.72,BUY
INTC,2024-06-07T00:00:00.000000,1,48.51,BUY
INTC,2024-06-10T00:00:00.000000,1,48.51,BUY
INTC,2024-06-11T00:00:00.000000,1,48.51,BUY
INTC,2024-06-12T00:00:00.000000,1,48.51,BUY
INTC,2024-06-13T00:00:00.000000,0,48.51,SELL
INTC,2024-06-14T00:00:00.000000,0,48.51,SELL
INTC,2024-06-17T00:00:00.000000,1,48.51,BUY
INTC,2024-06-18T00:00:00.000000,1,49.72,BUY
INTC,2024-06-20T00:00:00.000000,1,49.72,BUY
INTC,2024-06-21T00:00:00.000000,1,49.72,BUY
INTC,2024-06-24T00:00:00.000000,1,49.72,BUY
INTC,2024-06-25T00:00:00.000000,1,49.72,BUY
INTC,2024-06-26T00:00:00.000000,1,49.72,BUY
INTC,2024-06-27T00:00:00.000000,1,49.72,BUY
INTC,2024-06-28T00:00:00.000000,1,49.72,BUY
INTC,2024-07-01T00:00:00.000000,1,49.72,BUY
INTC,2024-07-02T00:00:00.000000,1,49.72,BUY
INTC,2024-07-03T00:00:00.000000,1,49.72,BUY
INTC,2024-07-05T00:00:00.000000,1,49.72,BUY
INTC,2024-07-08T00:00:00.000000,1,49.72,BUY
INTC,2024-07-09T00:00:00.000000,1,49.72,BUY
INTC,2024-07-10T00:00:00.000000,1,49.72,BUY
INTC,2024-07-11T00:00:00.000000,1,49.72,BUY
INTC,2024-07-12T00:00:00.000000,1,49.72,BUY
INTC,2024-07-15T00:00:00.000000,1,49.72,BUY
INTC,2024-07-16T00:00:00.000000,1,49.72,BUY
INTC,2024-07-17T00:00:00.000000,1,49.72,BUY
INTC,2024-07-18T00:00:00.000000,1,48.51,BUY
INTC,2024-07-19T00:00:00.000000,1,49.72,BUY
INTC,2024-07-22T00:00:00.000000,1,49.72,BUY
INTC,2024-07-23T00:00:00.000000,1,49.72,BUY
INTC,2024-07-24T00:00:00.000000,1,49.72,BUY
INTC,2024-07-25T00:00:00.000000,1,48.51,BUY
INTC,2024-07-26T00:00:00.000000,0,48.51,SELL
INTC,2024-07-29T00:00:00.000000,0,48.51,SELL
INTC,2024-07-30T00:00:00.000000,0,48.51,SELL
INTC,2024-07-31T00:00:00.000000,0,48.51,SELL
INTC,2024-08-01T00:00:00.000000,0,44.85,SELL
INTC,2024-08-02T00:00:00.000000,0,38.31,SELL
INTC,2024-08-05T00:00:00.000000,0,38.31,SELL
INTC,2024-08-06T00:00:00.000000,0,38.31,SELL
INTC,2024-08-07T00:00:00.000000,0,38.31,SELL
INTC,2024-08-08T00:00:00.000000,0,38.31,SELL
INTC,2024-08-09T00:00:00.000000,0,38.1,SELL
INTC,2024-08-12T00:00:00.000000,0,38.31,SELL
INTC,2024-08-13T00:00:00.000000,0,38.31,SELL
INTC,2024-08-14T00:00:00.000000,0,38.31,SELL
INTC,2024-08-15T00:00:00.000000,0,44.85,SELL
INTC,2024-08-16T00:00:00.000000,0,44.85,SELL
INTC,2024-08-19T00:00:00.000000,0,38.31,SELL
INTC,2024-08-20T00:00:00.000000,0,38.31,SELL
INTC,2024-08-21T00:00:00.000000,0,37.93,SELL
INTC,2024-08-22T00:00:00.000000,0,38.1,SELL
INTC,2024-08-23T00:00:00.000000,0,44.85,SELL
INTC,2024-08-26T00:00:00.000000,0,38.31,SELL
INTC,2024-08-27T00:00:00.000000,0,38.31,SELL
INTC,2024-08-28T00:00:00.000000,0,38.31,SELL
INTC,2024-08-29T00:00:00.000000,0,38.31,SELL
INTC,2024-08-30T00:00:00.000000,0,38.31,SELL
INTC,2024-09-03T00:00:00.000000,0,38.31,SELL
INTC,2024-09-04T00:00:00.000000,0,40.62,SELL
INTC,2024-09-05T00:00:00.000000,0,48.51,SELL
INTC,2024-09-06T00:00:00.000000,0,48.51,SELL
INTC,2024-09-09T00:00:00.000000,1,48.51,BUY
INTC,2024-09-10T00:00:00.000000,1,49.72,BUY
INTC,2024-09-11T00:00:00.000000,1,49.72,BUY
INTC,2024-09-12T00:00:00.000000,1,50.83,BUY
INTC,2024-09-13T00:00:00.000000,1,50.83,BUY
INTC,2024-09-16T00:00:00.000000,1,50.83,BUY
INTC,2024-09-17T00:00:00.000000,1,50.83,BUY
INTC,2024-09-18T00:00:00.000000,1,50.83,BUY
INTC,2024-09-19T00:00:00.000000,1,50.83,BUY
INTC,2024-09-20T00:00:00.000000,1,50.83,BUY
INTC,2024-09-23T00:00:00.000000,1,50.83,BUY
INTC,2024-09-24T00:00:00.000000,1,50.83,BUY
INTC,2024-09-25T00:00:00.000000,1,50.83,BUY
INTC,2024-09-26T00:00:00.000000,1,50.83,BUY
INTC,2024-09-27T00:00:00.000000,1,50.83,BUY
INTC,2024-09-30T00:00:00.000000,1,50.83,BUY
INTC,2024-10-01T00:00:00.000000,1,50.83,BUY
INTC,2024-10-02T00:00:00.000000,1,50.83,BUY
INTC,2024-10-03T00:00:00.000000,1,50.83,BUY
INTC,2024-10-04T00:00:00.000000,1,50.83,BUY
INTC,2024-10-07T00:00:00.000000,1,50.83,BUY
INTC,2024-10-08T00:00:00.000000,1,50.83,BUY
INTC,2024-10-09T00:00:00.000000,1,49.72,BUY
INTC,2024-10-10T00:00:00.000000,1,49.72,BUY
INTC,2024-10-11T00:00:00.000000,1,49.72,BUY
INTC,2024-10-14T00:00:00.000000,1,48.51,BUY
INTC,2024-10-15T00:00:00.000000,0,48.51,SELL
INTC,2024-10-16T00:00:00.000000,0,48.51,SELL
INTC,2024-10-17T00:00:00.000000,0,48.51,SELL
INTC,2024-10-18T00:00:00.000000,0,44.85,SELL
INTC,2024-10-21T00:00:00.000000,0,44.85,SELL
INTC,2024-10-22T00:00:00.000000,0,44.85,SELL
INTC,2024-10-23T00:00:00.000000,0,44.85,SELL
INTC,2024-10-24T00:00:00.000000,0,43.03,SELL
INTC,2024-10-25T00:00:00.000000,0,38.31,SELL
INTC,2024-10-28T00:00:00.000000,0,38.31,SELL
INTC,2024-10-29T00:00:00.000000,0,38.31,SELL
INTC,2024-10-30T00:00:00.000000,0,38.31,SELL
INTC,2024-10-31T00:00:00.000000,0,38.31,SELL
INTC,2024-11-01T00:00:00.000000,0,38.31,SELL
INTC,2024-11-04T00:00:00.000000,0,38.31,SELL
INTC,2024-11-05T00:00:00.000000,0,48.51,SELL
INTC,2024-11-06T00:00:00.000000,0,48.51,SELL
INTC,2024-11-07T00:00:00.000000,0,48.51,SELL
INTC,2024-11-08T00:00:00.000000,0,48.51,SELL
INTC,2024-11-11T00:00:00.000000,1,48.51,BUY
INTC,2024-11-12T00:00:00.000000,1,49.72,BUY
INTC,2024-11-13T00:00:00.000000,1,49.72,BUY
INTC,2024-11-14T00:00:00.000000,1,49.72,BUY
INTC,2024-11-15T00:00:00.000000,1,48.51,BUY
INTC,2024-11-18T00:00:00.000000,1,48.51,BUY
INTC,2024-11-19T00:00:00.000000,0,48.51,SELL
INTC,2024-11-20T00:00:00.000000,1,48.51,BUY
INTC,2024-11-21T00:00:00.000000,1,49.72,BUY
INTC,2024-11-22T00:00:00.000000,0,48.51,SELL
INTC,2024-11-25T00:00:00.000000,0,48.51,SELL
INTC,2024-11-26T00:00:00.000000,0,48.51,SELL
INTC,2024-11-27T00:00:00.000000,0,48.51,SELL
INTC,2024-11-29T00:00:00.000000,0,48.51,SELL
INTC,2024-12-02T00:00:00.000000,0,44.85,SELL
INTC,2024-12-03T00:00:00.000000,0,44.85,SELL
INTC,2024-12-04T00:00:00.000000,0,44.85,SELL
INTC,2024-12-05T00:00:00.000000,0,44.85,SELL
INTC,2024-12-06T00:00:00.000000,0,44.85,SELL
INTC,2024-12-09T00:00:00.000000,0,44.85,SELL
INTC,2024-12-10T00:00:00.000000,0,38.31,SELL
INTC,2024-12-11T00:00:00.000000,0,38.31,SELL
INTC,2024-12-12T00:00:00.000000,0,38.31,SELL
INTC,2024-12-13T00:00:00.000000,0,37.5,SELL
INTC,2024-12-16T00:00:00.000000,0,32.82,SELL
INTC,2024-12-17T00:00:00.000000,0,32.82,SELL
INTC,2024-12-18T00:00:00.000000,0,32.82,SELL
INTC,2024-12-19T00:00:00.000000,0,32.82,SELL
INTC,2024-12-20T00:00:00.000000,0,32.82,SELL
IWM,2023-02-21T00:00:00.000000,1,49.72,BUY
IWM,2023-02-22T00:00:00.000000,1,49.72,BUY
IWM,2023-02-23T00:00:00.000000,1,49.72,BUY
IWM,2023-02-24T00:00:00.000000,1,49.72,BUY
IWM,2023-02-27T00:00:00.000000,1,49.72,BUY
IWM,2023-02-28T00:00:00.000000,1,49.72,BUY
IWM,2023-03-01T00:00:00.000000,1,49.72,BUY
IWM,2023-03-02T00:00:00.000000,1,50.83,BUY
IWM,2023-03-03T00:00:00.000000,1,50.83,BUY
IWM,2023-03-06T00:00:00.000000,1,50.83,BUY
IWM,2023-03-07T00:00:00.000000,1,50.83,BUY
IWM,2023-03-08T00:00:00.000000,1,50.83,BUY
IWM,2023-03-09T00:00:00.000000,1,49.72,BUY
IWM,2023-03-10T00:00:00.000000,1,49.72,BUY
IWM,2023-03-13T00:00:00.000000,1,50.83,BUY
IWM,2023-03-14T00:00:00.000000,1,49.72,BUY
IWM,2023-03-15T00:00:00.000000,1,49.72,BUY
IWM,2023-03-16T00:00:00.000000,1,48.51,BUY
IWM,2023-03-17T00:00:00.000000,1,48.51,BUY
IWM,2023-03-20T00:00:00.000000,1,49.72,BUY
IWM,2023-03-21T00:00:00.000000,1,49.72,BUY
IWM,2023-03-22T00:00:00.000000,1,48.51,BUY
IWM,2023-03-23T00:00:00.000000,1,49.72,BUY
IWM,2023-03-24T00:00:00.000000,1,48.51,BUY
IWM,2023-03-27T00:00:00.000000,1,48.51,BUY
IWM,2023-03-28T00:00:00.000000,1,48.51,BUY
IWM,2023-03-29T00:00:00.000000,1,49.72,BUY
IWM,2023-03-30T00:00:00.000000,1,49.72,BUY
IWM,2023-03-31T00:00:00.000000,1,49.72,BUY
IWM,2023-04-03T00:00:00.000000,1,49.72,BUY
IWM,2023-04-04T00:00:00.000000,1,49.72,BUY
IWM,2023-04-05T00:00:00.000000,1,49.72,BUY
IWM,2023-04-06T00:00:00.000000,0,48.51,SELL
IWM,2023-04-10T00:00:00.000000,0,48.51,SELL
IWM,2023-04-11T00:00:00.000000,0,48.51,SELL
IWM,2023-04-12T00:00:00.000000,0,48.51,SELL
IWM,2023-04-13T00:00:00.000000,0,48.51,SELL
IWM,2023-04-14T00:00:00.000000,0,48.51,SELL
IWM,2023-04-17T00:00:00.000000,0,48.51,SELL
IWM,2023-04-18T00:00:00.000000,0,48.51,SELL
IWM,2023-04-19T00:00:00.000000,0,48.51,SELL
IWM,2023-04-20T00:00:00.000000,0,48.51,SELL
IWM,2023-04-21T00:00:00.000000,0,48.51,SELL
IWM,2023-04-24T00:00:00.000000,0,48.51,SELL
IWM,2023-04-25T00:00:00.000000,1,48.51,BUY
IWM,2023-04-26T00:00:00.000000,1,48.51,BUY
IWM,2023-04-27T00:00:00.000000,1,48.51,BUY
IWM,2023-04-28T00:00:00.000000,1,48.51,BUY
IWM,2023-05-01T00:00:00.000000,1,49.72,BUY
IWM,2023-05-02T00:00:00.000000,1,49.72,BUY
IWM,2023-05-03T00:00:00.000000,1,49.72,BUY
IWM,2023-05-04T00:00:00.000000,1,49.72,BUY
IWM,2023-05-05T00:00:00.000000,1,49.72,BUY
IWM,2023-05-08T00:00:00.000000,1,49.72,BUY
IWM,2023-05-09T00:00:00.000000,1,49.72,BUY
IWM,2023-05-10T00:00:00.000000,1,49.72,BUY
IWM,2023-05-11T00:00:00.000000,1,49.72,BUY
IWM,2023-05-12T00:00:00.000000,1,49.72,BUY
IWM,2023-05-15T00:00:00.000000,1,49.72,BUY
IWM,2023-05-16T00:00:00.000000,1,49.72,BUY
IWM,2023-05-17T00:00:00.000000,1,49.72,BUY
IWM,2023-05-18T00:00:00.000000,1,49.72,BUY
IWM,2023-05-19T00:00:00.000000,1,49.72,BUY
IWM,2023-05-22T00:00:00.000000,1,49.72,BUY
IWM,2023-05-23T00:00:00.000000,1,49.72,BUY
IWM,2023-05-24T00:00:00.000000,1,49.72,BUY
IWM,2023-05-25T00:00:00.000000,1,49.72,BUY
IWM,2023-05-26T00:00:00.000000,1,49.72,BUY
IWM,2023-05-30T00:00:00.000000,1,49.72,BUY
IWM,2023-05-31T00:00:00.000000,1,49.72,BUY
IWM,2023-06-01T00:00:00.000000,0,48.51,SELL
IWM,2023-06-02T00:00:00.000000,1,48.51,BUY
IWM,2023-06-05T00:00:00.000000,1,48.51,BUY
IWM,2023-06-06T00:00:00.000000,0,48.51,SELL
IWM,2023-06-07T00:00:00.000000,1,48.51,BUY
IWM,2023-06-08T00:00:00.000000,0,48.51,SELL
IWM,2023-06-09T00:00:00.000000,0,48.51,SELL
IWM,2023-06-12T00:00:00.000000,0,48.51,SELL
IWM,2023-06-13T00:00:00.000000,1,48.51,BUY
IWM,2023-06-14T00:00:00.000000,1,49.72,BUY
IWM,2023-06-15T00:00:00.000000,1,49.72,BUY
IWM,2023-06-16T00:00:00.000000,1,49.72,BUY
IWM,2023-06-20T00:00:00.000000,1,49.72,BUY
IWM,2023-06-21T00:00:00.000000,1,49.72,BUY
IWM,2023-06-22T00:00:00.000000,1,49.72,BUY
IWM,2023-06-23T00:00:00.000000,1,49.72,BUY
IWM,2023-06-26T00:00:00.000000,1,49.72,BUY
IWM,2023-06-27T00:00:00.000000,1,49.72,BUY
IWM,2023-06-28T00:00:00.000000,1,49.72,BUY
IWM,2023-06-29T00:00:00.000000,1,49.72,BUY
IWM,2023-06-30T00:00:00.000000,1,49.72,BUY
IWM,2023-07-03T00:00:00.000000,1,49.72,BUY
IWM,2023-07-05T00:00:00.000000,1,49.72,BUY
IWM,2023-07-06T00:00:00.000000,1,49.72,BUY
IWM,2023-07-07T00:00:00.000000,1,49.72,BUY
IWM,2023-07-10T00:00:00.000000,1,49.72,BUY
IWM,2023-07-11T00:00:00.000000,1,48.51,BUY
IWM,2023-07-12T00:00:00.000000,0,48.51,SELL
IWM,2023-07-13T00:00:00.000000,0,48.51,SELL
IWM,2023-07-14T00:00:00.000000,0,48.51,SELL
IWM,2023-07-17T00:00:00.000000,0,48.51,SELL
IWM,2023-07-18T00:00:00.000000,0,48.51,SELL
IWM,2023-07-19T00:00:00.000000,0,48.51,SELL
IWM,2023-07-20T00:00:00.000000,0,48.51,SELL
IWM,2023-07-21T00:00:00.000000,0,48.51,SELL
IWM,2023-07-24T00:00:00.000000,0,48.51,SELL
IWM,2023-07-25T00:00:00.000000,0,48.51,SELL
IWM,2023-07-26T00:00:00.000000,0,48.51,SELL
IWM,2023-07-27T00:00:00.000000,0,48.51,SELL
IWM,2023-07-28T00:00:00.000000,0,48.51,SELL
IWM,2023-07-31T00:00:00.000000,0,48.51,SELL
IWM,2023-08-01T00:00:00.000000,0,48.51,SELL
IWM,2023-08-02T00:00:00.000000,0,48.51,SELL
IWM,2023-08-03T00:00:00.000000,0,48.51,SELL
IWM,2023-08-04T00:00:00.000000,0,48.51,SELL
IWM,2023-08-07T00:00:00.000000,0,48.51,SELL
IWM,2023-08-08T00:00:00.000000,0,48.51,SELL
IWM,2023-08-09T00:00:00.000000,0,48.51,SELL
IWM,2023-08-10T00:00:00.000000,0,48.51,SELL
IWM,2023-08-11T00:00:00.000000,0,48.51,SELL
IWM,2023-08-14T00:00:00.000000,0,48.51,SELL
IWM,2023-08-15T00:00:00.000000,1,48.51,BUY
IWM,2023-08-16T00:00:00.000000,1,49.72,BUY
IWM,2023-08-17T00:00:00.000000,1,49.72,BUY
IWM,2023-08-18T00:00:00.000000,1,49.72,BUY
IWM,2023-08-21T00:00:00.000000,1,49.72,BUY
IWM,2023-08-22T00:00:00.000000,1,49.72,BUY
IWM,2023-08-23T00:00:00.000000,1,50.83,BUY
IWM,2023-08-24T00:00:00.000000,1,50.83,BUY
IWM,2023-08-25T00:00:00.000000,1,50.83,BUY
IWM,2023-08-28T00:00:00.000000,1,50.83,BUY
IWM,2023-08-29T00:00:00.000000,1,50.83,BUY
IWM,2023-08-30T00:00:00.000000,1,50.83,BUY
IWM,2023-08-31T00:00:00.000000,1,49.72,BUY
IWM,2023-09-01T00:00:00.000000,1,49.72,BUY
IWM,2023-09-05T00:00:00.000000,1,49.72,BUY
IWM,2023-09-06T00:00:00.000000,1,49.72,BUY
IWM,2023-09-07T00:00:00.000000,1,49.72,BUY
IWM,2023-09-08T00:00:00.000000,1,49.72,BUY
IWM,2023-09-11T00:00:00.000000,1,49.72,BUY
IWM,2023-09-12T00:00:00.000000,1,49.72,BUY
IWM,2023-09-13T00:00:00.000000,1,49.72,BUY
IWM,2023-09-14T00:00:00.000000,1,49.72,BUY
IWM,2023-09-15T00:00:00.000000,1,49.72,BUY
IWM,2023-09-18T00:00:00.000000,1,49.72,BUY
IWM,2023-09-19T00:00:00.000000,1,49.72,BUY
IWM,2023-09-20T00:00:00.000000,1,49.72,BUY
IWM,2023-09-21T00:00:00.000000,1,49.72,BUY
IWM,2023-09-22T00:00:00.000000,1,49.72,BUY
IWM,2023-09-25T00:00:00.000000,1,50.83,BUY
IWM,2023-09-26T00:00:00.000000,1,50.83,BUY
IWM,2023-09-27T00:00:00.000000,1,50.83,BUY
IWM,2023-09-28T00:00:00.000000,1,50.83,BUY
IWM,2023-09-29T00:00:00.000000,1,50.83,BUY
IWM,2023-10-02T00:00:00.000000,1,50.83,BUY
IWM,2023-10-03T00:00:00.000000,1,50.83,BUY
IWM,2023-10-04T00:00:00.000000,1,50.83,BUY
IWM,2023-10-05T00:00:00.000000,1,50.83,BUY
IWM,2023-10-06T00:00:00.000000,1,50.83,BUY
IWM,2023-10-09T00:00:00.000000,1,50.83,BUY
IWM,2023-10-10T00:00:00.000000,1,50.83,BUY
IWM,2023-10-11T00:00:00.000000,1,49.72,BUY
IWM,2023-10-12T00:00:00.000000,1,49.72,BUY
IWM,2023-10-13T00:00:00.000000,1,48.51,BUY
IWM,2023-10-16T00:00:00.000000,0,48.51,SELL
IWM,2023-10-17T00:00:00.000000,0,48.51,SELL
IWM,2023-10-18T00:00:00.000000,0,40.62,SELL
IWM,2023-10-19T00:00:00.000000,0,48.51,SELL
IWM,2023-10-20T00:00:00.000000,0,48.51,SELL
IWM,2023-10-23T00:00:00.000000,0,48.51,SELL
IWM,2023-10-24T00:00:00.000000,1,49.72,BUY
IWM,2023-10-25T00:00:00.000000,1,49.72,BUY
IWM,2023-10-26T00:00:00.000000,1,49.72,BUY
IWM,2023-10-27T00:00:00.000000,1,49.72,BUY
IWM,2023-10-30T00:00:00.000000,1,49.72,BUY
IWM,2023-10-31T00:00:00.000000,1,50.83,BUY
IWM,2023-11-01T00:00:00.000000,1,50.83,BUY
IWM,2023-11-02T00:00:00.000000,1,50.83,BUY
IWM,2023-11-03T00:00:00.000000,1,50.83,BUY
IWM,2023-11-06T00:00:00.000000,1,50.83,BUY
IWM,2023-11-07T00:00:00.000000,1,50.83,BUY
IWM,2023-11-08T00:00:00.000000,1,49.72,BUY
IWM,2023-11-09T00:00:00.000000,1,49.72,BUY
IWM,2023-11-10T00:00:00.000000,1,49.72,BUY
IWM,2023-11-13T00:00:00.000000,1,48.51,BUY
IWM,2023-11-14T00:00:00.000000,0,48.51,SELL
IWM,2023-11-15T00:00:00.000000,0,48.51,SELL
IWM,2023-11-16T00:00:00.000000,0,48.51,SELL
IWM,2023-11-17T00:00:00.000000,1,48.51,BUY
IWM,2023-11-20T00:00:00.000000,0,48.51,SELL
IWM,2023-11-21T00:00:00.000000,0,48.51,SELL
IWM,2023-11-22T00:00:00.000000,0,48.51,SELL
IWM,2023-11-24T00:00:00.000000,0,48.51,SELL
IWM,2023-11-27T00:00:00.000000,0,48.51,SELL
IWM,2023-11-28T00:00:00.000000,0,48.51,SELL
IWM,2023-11-29T00:00:00.000000,0,48.51,SELL
IWM,2023-11-30T00:00:00.000000,1,48.51,BUY
IWM,2023-12-01T00:00:00.000000,1,48.51,BUY
IWM,2023-12-04T00:00:00.000000,1,48.51,BUY
IWM,2023-12-05T00:00:00.000000,1,48.51,BUY
IWM,2023-12-06T00:00:00.000000,1,48.51,BUY
IWM,2023-12-07T00:00:00.000000,1,48.51,BUY
IWM,2023-12-08T00:00:00.000000,1,48.51,BUY
IWM,2023-12-11T00:00:00.000000,1,48.51,BUY
IWM,2023-12-12T00:00:00.000000,1,48.51,BUY
IWM,2023-12-13T00:00:00.000000,0,48.51,SELL
IWM,2023-12-14T00:00:00.000000,0,48.51,SELL
IWM,2023-12-15T00:00:00.000000,0,48.51,SELL
IWM,2023-12-18T00:00:00.000000,0,48.51,SELL
IWM,2023-12-19T00:00:00.000000,0,48.51,SELL
IWM,2023-12-20T00:00:00.000000,0,48.51,SELL
IWM,2023-12-21T00:00:00.000000,0,48.51,SELL
IWM,2023-12-22T00:00:00.000000,0,48.51,SELL
IWM,2023-12-26T00:00:00.000000,0,48.51,SELL
IWM,2023-12-27T00:00:00.000000,0,48.51,SELL
IWM,2023-12-28T00:00:00.000000,0,48.51,SELL
IWM,2023-12-29T00:00:00.000000,1,48.51,BUY
IWM,2024-01-02T00:00:00.000000,1,48.51,BUY
IWM,2024-01-03T00:00:00.000000,1,48.51,BUY
IWM,2024-01-04T00:00:00.000000,1,48.51,BUY
IWM,2024-01-05T00:00:00.000000,1,49.72,BUY
IWM,2024-01-08T00:00:00.000000,1,48.51,BUY
IWM,2024-01-09T00:00:00.000000,1,48.51,BUY
IWM,2024-01-10T00:00:00.000000,0,48.51,SELL
IWM,2024-01-11T00:00:00.000000,0,48.51,SELL
IWM,2024-01-12T00:00:00.000000,0,48.51,SELL
IWM,2024-01-16T00:00:00.000000,0,48.51,SELL
IWM,2024-01-17T00:00:00.000000,0,48.51,SELL
IWM,2024-01-18T00:00:00.000000,0,48.51,SELL
IWM,2024-01-19T00:00:00.000000,0,44.85,SELL
IWM,2024-01-22T00:00:00.000000,0,38.31,SELL
IWM,2024-01-23T00:00:00.000000,0,38.31,SELL
IWM,2024-01-24T00:00:00.000000,0,38.31,SELL
IWM,2024-01-25T00:00:00.000000,0,44.85,SELL
IWM,2024-01-26T00:00:00.000000,0,48.51,SELL
IWM,2024-01-29T00:00:00.000000,0,48.51,SELL
IWM,2024-01-30T00:00:00.000000,0,48.51,SELL
IWM,2024-01-31T00:00:00.000000,0,48.51,SELL
IWM,2024-02-01T00:00:00.000000,0,48.51,SELL
IWM,2024-02-02T00:00:00.000000,0,48.51,SELL
IWM,2024-02-05T00:00:00.000000,0,48.51,SELL
IWM,2024-02-06T00:00:00.000000,0,48.51,SELL
IWM,2024-02-07T00:00:00.000000,0,48.51,SELL
IWM,2024-02-08T00:00:00.000000,0,48.51,SELL
IWM,2024-02-09T00:00:00.000000,0,48.51,SELL
IWM,2024-02-12T00:00:00.000000,0,48.51,SELL
IWM,2024-02-13T00:00:00.000000,1,48.51,BUY
IWM,2024-02-14T00:00:00.000000,1,48.51,BUY
IWM,2024-02-15T00:00:00.000000,1,49.72,BUY
IWM,2024-02-16T00:00:00.000000,1,49.72,BUY
IWM,2024-02-20T00:00:00.000000,1,49.72,BUY
IWM,2024-02-21T00:00:00.000000,1,49.72,BUY
IWM,2024-02-22T00:00:00.000000,1,49.72,BUY
IWM,2024-02-23T00:00:00.000000,1,49.72,BUY
IWM,2024-02-26T00:00:00.000000,1,49.72,BUY
IWM,2024-02-27T00:00:00.000000,1,49.72,BUY
IWM,2024-02-28T00:00:00.000000,1,49.72,BUY
IWM,2024-02-29T00:00:00.000000,1,49.72,BUY
IWM,2024-03-01T00:00:00.000000,1,49.72,BUY
IWM,2024-03-04T00:00:00.000000,1,49.72,BUY
IWM,2024-03-05T00:00:00.000000,1,49.72,BUY
IWM,2024-03-06T00:00:00.000000,1,49.72,BUY
IWM,2024-03-07T00:00:00.000000,1,49.72,BUY
IWM,2024-03-08T00:00:00.000000,1,50.83,BUY
IWM,2024-03-11T00:00:00.000000,1,50.83,BUY
IWM,2024-03-12T00:00:00.000000,1,50.83,BUY
IWM,2024-03-13T00:00:00.000000,1,50.83,BUY
IWM,2024-03-14T00:00:00.000000,1,49.72,BUY
IWM,2024-03-15T00:00:00.000000,1,49.72,BUY
IWM,2024-03-18T00:00:00.000000,1,49.72,BUY
IWM,2024-03-19T00:00:00.000000,1,49.72,BUY
IWM,2024-03-20T00:00:00.000000,1,48.51,BUY
IWM,2024-03-21T00:00:00.000000,0,48.51,SELL
IWM,2024-03-22T00:00:00.000000,0,48.51,SELL
IWM,2024-03-25T00:00:00.000000,0,48.51,SELL
IWM,2024-03-26T00:00:00.000000,0,48.51,SELL
IWM,2024-03-27T00:00:00.000000,0,48.51,SELL
IWM,2024-03-28T00:00:00.000000,0,48.51,SELL
IWM,2024-04-01T00:00:00.000000,0,48.51,SELL
IWM,2024-04-02T00:00:00.000000,0,48.51,SELL
IWM,2024-04-03T00:00:00.000000,0,48.51,SELL
IWM,2024-04-04T00:00:00.000000,0,48.51,SELL
IWM,2024-04-05T00:00:00.000000,0,48.51,SELL
IWM,2024-04-08T00:00:00.000000,1,48.51,BUY
IWM,2024-04-09T00:00:00.000000,0,48.51,SELL
IWM,2024-04-10T00:00:00.000000,0,48.51,SELL
IWM,2024-04-11T00:00:00.000000,0,48.51,SELL
IWM,2024-04-12T00:00:00.000000,0,48.51,SELL
IWM,2024-04-15T00:00:00.000000,0,48.51,SELL
IWM,2024-04-16T00:00:00.000000,0,48.51,SELL
IWM,2024-04-17T00:00:00.000000,0,48.51,SELL
IWM,2024-04-18T00:00:00.000000,0,48.51,SELL
IWM,2024-04-19T00:00:00.000000,0,48.51,SELL
IWM,2024-04-22T00:00:00.000000,1,48.51,BUY
IWM,2024-04-23T00:00:00.000000,1,49.72,BUY
IWM,2024-04-24T00:00:00.000000,1,49.72,BUY
IWM,2024-04-25T00:00:00.000000,1,49.72,BUY
IWM,2024-04-26T00:00:00.000000,1,50.83,BUY
IWM,2024-04-29T00:00:00.000000,1,50.83,BUY
IWM,2024-04-30T00:00:00.000000,1,50.83,BUY
IWM,2024-05-01T00:00:00.000000,1,50.83,BUY
IWM,2024-05-02T00:00:00.000000,1,50.83,BUY
IWM,2024-05-03T00:00:00.000000,1,50.83,BUY
IWM,2024-05-06T00:00:00.000000,1,50.83,BUY
IWM,2024-05-07T00:00:00.000000,1,49.72,BUY
IWM,2024-05-08T00:00:00.000000,1,49.72,BUY
IWM,2024-05-09T00:00:00.000000,1,49.72,BUY
IWM,2024-05-10T00:00:00.000000,1,49.72,BUY
IWM,2024-05-13T00:00:00.000000,1,49.72,BUY
IWM,2024-05-14T00:00:00.000000,1,49.72,BUY
IWM,2024-05-15T00:00:00.000000,1,48.51,BUY
IWM,2024-05-16T00:00:00.000000,0,48.51,SELL
IWM,2024-05-17T00:00:00.000000,1,48.51,BUY
IWM,2024-05-20T00:00:00.000000,0,48.51,SELL
IWM,2024-05-21T00:00:00.000000,0,48.51,SELL
IWM,2024-05-22T00:00:00.000000,0,48.51,SELL
IWM,2024-05-23T00:00:00.000000,1,48.51,BUY
IWM,2024-05-24T00:00:00.000000,1,48.51,BUY
IWM,2024-05-28T00:00:00.000000,1,48.51,BUY
IWM,2024-05-29T00:00:00.000000,0,48.51,SELL
IWM,2024-05-30T00:00:00.000000,0,48.51,SELL
IWM,2024-05-31T00:00:00.000000,1,48.51,BUY
IWM,2024-06-03T00:00:00.000000,1,48.51,BUY
IWM,2024-06-04T00:00:00.000000,1,48.51,BUY
IWM,2024-06-05T00:00:00.000000,1,49.72,BUY
IWM,2024-06-06T00:00:00.000000,1,49.72,BUY
IWM,2024-06-07T00:00:00.000000,1,49.72,BUY
IWM,2024-06-10T00:00:00.000000,1,48.51,BUY
IWM,2024-06-11T00:00:00.000000,1,49.72,BUY
IWM,2024-06-12T00:00:00.000000,1,48.51,BUY
IWM,2024-06-13T00:00:00.000000,0,48.51,SELL
IWM,2024-06-14T00:00:00.000000,0,48.51,SELL
IWM,2024-06-17T00:00:00.000000,1,48.51,BUY
IWM,2024-06-18T00:00:00.000000,0,48.51,SELL
IWM,2024-06-20T00:00:00.000000,0,48.51,SELL
IWM,2024-06-21T00:00:00.000000,0,48.51,SELL
IWM,2024-06-24T00:00:00.000000,0,48.51,SELL
IWM,2024-06-25T00:00:00.000000,0,48.51,SELL
IWM,2024-06-26T00:00:00.000000,0,48.51,SELL
IWM,2024-06-27T00:00:00.000000,0,48.51,SELL
IWM,2024-06-28T00:00:00.000000,0,48.51,SELL
IWM,2024-07-01T00:00:00.000000,0,48.51,SELL
IWM,2024-07-02T00:00:00.000000,0,44.85,SELL
IWM,2024-07-03T00:00:00.000000,0,48.51,SELL
IWM,2024-07-05T00:00:00.000000,0,48.51,SELL
IWM,2024-07-08T00:00:00.000000,0,48.51,SELL
IWM,2024-07-09T00:00:00.000000,0,48.51,SELL
IWM,2024-07-10T00:00:00.000000,0,48.51,SELL
IWM,2024-07-11T00:00:00.000000,0,48.51,SELL
IWM,2024-07-12T00:00:00.000000,0,48.51,SELL
IWM,2024-07-15T00:00:00.000000,0,48.51,SELL
IWM,2024-07-16T00:00:00.000000,0,44.85,SELL
IWM,2024-07-17T00:00:00.000000,0,44.85,SELL
IWM,2024-07-18T00:00:00.000000,0,48.51,SELL
IWM,2024-07-19T00:00:00.000000,0,48.51,SELL
IWM,2024-07-22T00:00:00.000000,0,48.51,SELL
IWM,2024-07-23T00:00:00.000000,0,48.51,SELL
IWM,2024-07-24T00:00:00.000000,1,48.51,BUY
IWM,2024-07-25T00:00:00.000000,1,49.72,BUY
IWM,2024-07-26T00:00:00.000000,1,49.72,BUY
IWM,2024-07-29T00:00:00.000000,1,50.83,BUY
IWM,2024-07-30T00:00:00.000000,1,50.83,BUY
IWM,2024-07-31T00:00:00.000000,1,50.83,BUY
IWM,2024-08-01T00:00:00.000000,1,50.83,BUY
IWM,2024-08-02T00:00:00.000000,1,50.83,BUY
IWM,2024-08-05T00:00:00.000000,1,50.83,BUY
IWM,2024-08-06T00:00:00.000000,1,50.83,BUY
IWM,2024-08-07T00:00:00.000000,1,50.83,BUY
IWM,2024-08-08T00:00:00.000000,1,50.83,BUY
IWM,2024-08-09T00:00:00.000000,1,50.83,BUY
IWM,2024-08-12T00:00:00.000000,1,50.83,BUY
IWM,2024-08-13T00:00:00.000000,1,49.72,BUY
IWM,2024-08-14T00:00:00.000000,1,49.72,BUY
IWM,2024-08-15T00:00:00.000000,1,49.72,BUY
IWM,2024-08-16T00:00:00.000000,1,49.72,BUY
IWM,2024-08-19T00:00:00.000000,1,49.72,BUY
IWM,2024-08-20T00:00:00.000000,1,49.72,BUY
IWM,2024-08-21T00:00:00.000000,1,49.72,BUY
IWM,2024-08-22T00:00:00.000000,1,48.51,BUY
IWM,2024-08-23T00:00:00.000000,1,49.72,BUY
IWM,2024-08-26T00:00:00.000000,1,48.51,BUY
IWM,2024-08-27T00:00:00.000000,1,48.51,BUY
IWM,2024-08-28T00:00:00.000000,1,49.72,BUY
IWM,2024-08-29T00:00:00.000000,1,48.51,BUY
IWM,2024-08-30T00:00:00.000000,1,49.72,BUY
IWM,2024-09-03T00:00:00.000000,1,49.72,BUY
IWM,2024-09-04T00:00:00.000000,1,49.72,BUY
IWM,2024-09-05T00:00:00.000000,1,49.72,BUY
IWM,2024-09-06T00:00:00.000000,1,49.72,BUY
IWM,2024-09-09T00:00:00.000000,1,49.72,BUY
IWM,2024-09-10T00:00:00.000000,1,49.72,BUY
IWM,2024-09-11T00:00:00.000000,1,49.72,BUY
IWM,2024-09-12T00:00:00.000000,1,49.72,BUY
IWM,2024-09-13T00:00:00.000000,1,49.72,BUY
IWM,2024-09-16T00:00:00.000000,1,49.72,BUY
IWM,2024-09-17T00:00:00.000000,1,49.72,BUY
IWM,2024-09-18T00:00:00.000000,1,49.72,BUY
IWM,2024-09-19T00:00:00.000000,1,49.72,BUY
IWM,2024-09-20T00:00:00.000000,1,49.72,BUY
IWM,2024-09-23T00:00:00.000000,1,49.72,BUY
IWM,2024-09-24T00:00:00.000000,1,49.72,BUY
IWM,2024-09-25T00:00:00.000000,1,49.72,BUY
IWM,2024-09-26T00:00:00.000000,1,49.72,BUY
IWM,2024-09-27T00:00:00.000000,1,49.72,BUY
IWM,2024-09-30T00:00:00.000000,1,49.72,BUY
IWM,2024-10-01T00:00:00.000000,1,49.72,BUY
IWM,2024-10-02T00:00:00.000000,1,49.72,BUY
IWM,2024-10-03T00:00:00.000000,1,49.72,BUY
IWM,2024-10-04T00:00:00.000000,1,49.72,BUY
IWM,2024-10-07T00:00:00.000000,1,48.51,BUY
IWM,2024-10-08T00:00:00.000000,1,48.51,BUY
IWM,2024-10-09T00:00:00.000000,1,48.51,BUY
IWM,2024-10-10T00:00:00.000000,0,48.51,SELL
IWM,2024-10-11T00:00:00.000000,0,48.51,SELL
IWM,2024-10-14T00:00:00.000000,0,48.51,SELL
IWM,2024-10-15T00:00:00.000000,0,48.51,SELL
IWM,2024-10-16T00:00:00.000000,0,44.85,SELL
IWM,2024-10-17T00:00:00.000000,0,38.31,SELL
IWM,2024-10-18T00:00:00.000000,0,38.31,SELL
IWM,2024-10-21T00:00:00.000000,0,38.31,SELL
IWM,2024-10-22T00:00:00.000000,0,38.31,SELL
IWM,2024-10-23T00:00:00.000000,0,38.31,SELL
IWM,2024-10-24T00:00:00.000000,0,44.85,SELL
IWM,2024-10-25T00:00:00.000000,0,48.51,SELL
IWM,2024-10-28T00:00:00.000000,0,48.51,SELL
IWM,2024-10-29T00:00:00.000000,1,48.51,BUY
IWM,2024-10-30T00:00:00.000000,1,48.51,BUY
IWM,2024-10-31T00:00:00.000000,1,49.72,BUY
IWM,2024-11-01T00:00:00.000000,1,49.72,BUY
IWM,2024-11-04T00:00:00.000000,1,49.72,BUY
IWM,2024-11-05T00:00:00.000000,1,49.72,BUY
IWM,2024-11-06T00:00:00.000000,1,49.72,BUY
IWM,2024-11-07T00:00:00.000000,1,49.72,BUY
IWM,2024-11-08T00:00:00.000000,1,49.72,BUY
IWM,2024-11-11T00:00:00.000000,0,48.51,SELL
IWM,2024-11-12T00:00:00.000000,0,48.51,SELL
IWM,2024-11-13T00:00:00.000000,0,48.51,SELL
IWM,2024-11-14T00:00:00.000000,0,48.51,SELL
IWM,2024-11-15T00:00:00.000000,0,48.51,SELL
IWM,2024-11-18T00:00:00.000000,0,48.51,SELL
IWM,2024-11-19T00:00:00.000000,0,48.51,SELL
IWM,2024-11-20T00:00:00.000000,0,48.51,SELL
IWM,2024-11-21T00:00:00.000000,1,48.51,BUY
IWM,2024-11-22T00:00:00.000000,1,49.72,BUY
IWM,2024-11-25T00:00:00.000000,1,49.72,BUY
IWM,2024-11-26T00:00:00.000000,1,49.72,BUY
IWM,2024-11-27T00:00:00.000000,1,49.72,BUY
IWM,2024-11-29T00:00:00.000000,1,49.72,BUY
IWM,2024-12-02T00:00:00.000000,1,49.72,BUY
IWM,2024-12-03T00:00:00.000000,1,49.72,BUY
IWM,2024-12-04T00:00:00.000000,1,49.72,BUY
IWM,2024-12-05T00:00:00.000000,1,49.72,BUY
IWM,2024-12-06T00:00:00.000000,1,49.72,BUY
IWM,2024-12-09T00:00:00.000000,1,49.72,BUY
IWM,2024-12-10T00:00:00.000000,1,49.72,BUY
IWM,2024-12-11T00:00:00.000000,1,49.72,BUY
IWM,2024-12-12T00:00:00.000000,1,49.72,BUY
IWM,2024-12-13T00:00:00.000000,1,49.72,BUY
IWM,2024-12-16T00:00:00.000000,1,49.72,BUY
IWM,2024-12-17T00:00:00.000000,1,49.72,BUY
IWM,2024-12-18T00:00:00.000000,1,49.72,BUY
IWM,2024-12-19T00:00:00.000000,1,49.72,BUY
IWM,2024-12-20T00:00:00.000000,1,49.72,BUY
JNJ,2023-02-21T00:00:00.000000,0,36.84,SELL
JNJ,2023-02-22T00:00:00.000000,0,38.1,SELL
JNJ,2023-02-23T00:00:00.000000,0,40.62,SELL
JNJ,2023-02-24T00:00:00.000000,0,44.85,SELL
JNJ,2023-02-27T00:00:00.000000,0,44.85,SELL
JNJ,2023-02-28T00:00:00.000000,0,48.51,SELL
JNJ,2023-03-01T00:00:00.000000,1,49.72,BUY
JNJ,2023-03-02T00:00:00.000000,1,49.72,BUY
JNJ,2023-03-03T00:00:00.000000,1,49.72,BUY
JNJ,2023-03-06T00:00:00.000000,1,49.72,BUY
JNJ,2023-03-07T00:00:00.000000,1,49.72,BUY
JNJ,2023-03-08T00:00:00.000000,1,49.72,BUY
JNJ,2023-03-09T00:00:00.000000,1,49.72,BUY
JNJ,2023-03-10T00:00:00.000000,1,49.72,BUY
JNJ,2023-03-13T00:00:00.000000,1,49.72,BUY
JNJ,2023-03-14T00:00:00.000000,1,49.72,BUY
JNJ,2023-03-15T00:00:00.000000,1,49.72,BUY
JNJ,2023-03-16T00:00:00.000000,1,49.72,BUY
JNJ,2023-03-17T00:00:00.000000,1,49.72,BUY
JNJ,2023-03-20T00:00:00.000000,1,50.83,BUY
JNJ,2023-03-21T00:00:00.000000,1,50.83,BUY
JNJ,2023-03-22T00:00:00.000000,1,50.83,BUY
JNJ,2023-03-23T00:00:00.000000,1,49.72,BUY
JNJ,2023-03-24T00:00:00.000000,1,49.72,BUY
JNJ,2023-03-27T00:00:00.000000,0,48.51,SELL
JNJ,2023-03-28T00:00:00.000000,0,48.51,SELL
JNJ,2023-03-29T00:00:00.000000,0,48.51,SELL
JNJ,2023-03-30T00:00:00.000000,0,48.51,SELL
JNJ,2023-03-31T00:00:00.000000,0,48.51,SELL
JNJ,2023-04-03T00:00:00.000000,0,44.85,SELL
JNJ,2023-04-04T00:00:00.000000,0,44.85,SELL
JNJ,2023-04-05T00:00:00.000000,0,44.85,SELL
JNJ,2023-04-06T00:00:00.000000,0,44.85,SELL
JNJ,2023-04-10T00:00:00.000000,0,44.85,SELL
JNJ,2023-04-11T00:00:00.000000,0,48.51,SELL
JNJ,2023-04-12T00:00:00.000000,0,48.51,SELL
JNJ,2023-04-13T00:00:00.000000,0,48.51,SELL
JNJ,2023-04-14T00:00:00.000000,0,48.51,SELL
JNJ,2023-04-17T00:00:00.000000,0,48.51,SELL
JNJ,2023-04-18T00:00:00.000000,0,48.51,SELL
JNJ,2023-04-19T00:00:00.000000,1,48.51,BUY
JNJ,2023-04-20T00:00:00.000000,1,49.72,BUY
JNJ,2023-04-21T00:00:00.000000,1,49.72,BUY
JNJ,2023-04-24T00:00:00.000000,1,49.72,BUY
JNJ,2023-04-25T00:00:00.000000,1,49.72,BUY
JNJ,2023-04-26T00:00:00.000000,1,49.72,BUY
JNJ,2023-04-27T00:00:00.000000,1,49.72,BUY
JNJ,2023-04-28T00:00:00.000000,1,49.72,BUY
JNJ,2023-05-01T00:00:00.000000,1,49.72,BUY
JNJ,2023-05-02T00:00:00.000000,1,49.72,BUY
JNJ,2023-05-03T00:00:00.000000,1,49.72,BUY
JNJ,2023-05-04T00:00:00.000000,1,49.72,BUY
JNJ,2023-05-05T00:00:00.000000,1,49.72,BUY
JNJ,2023-05-08T00:00:00.000000,1,49.72,BUY
JNJ,2023-05-09T00:00:00.000000,1,49.72,BUY
JNJ,2023-05-10T00:00:00.000000,1,49.72,BUY
JNJ,2023-05-11T00:00:00.000000,1,49.72,BUY
JNJ,2023-05-12T00:00:00.000000,1,49.72,BUY
JNJ,2023-05-15T00:00:00.000000,1,49.72,BUY
JNJ,2023-05-16T00:00:00.000000,1,49.72,BUY
JNJ,2023-05-17T00:00:00.000000,1,49.72,BUY
JNJ,2023-05-18T00:00:00.000000,1,49.72,BUY
JNJ,2023-05-19T00:00:00.000000,1,49.72,BUY
JNJ,2023-05-22T00:00:00.000000,1,49.72,BUY
JNJ,2023-05-23T00:00:00.000000,1,49.72,BUY
JNJ,2023-05-24T00:00:00.000000,1,49.72,BUY
JNJ,2023-05-25T00:00:00.000000,1,49.72,BUY
JNJ,2023-05-26T00:00:00.000000,1,49.72,BUY
JNJ,2023-05-30T00:00:00.000000,1,49.72,BUY
JNJ,2023-05-31T00:00:00.000000,1,49.72,BUY
JNJ,2023-06-01T00:00:00.000000,0,48.51,SELL
JNJ,2023-06-02T00:00:00.000000,0,48.51,SELL
JNJ,2023-06-05T00:00:00.000000,0,48.51,SELL
JNJ,2023-06-06T00:00:00.000000,0,48.51,SELL
JNJ,2023-06-07T00:00:00.000000,0,44.85,SELL
JNJ,2023-06-08T00:00:00.000000,0,40.62,SELL
JNJ,2023-06-09T00:00:00.000000,0,38.31,SELL
JNJ,2023-06-12T00:00:00.000000,0,38.31,SELL
JNJ,2023-06-13T00:00:00.000000,0,38.31,SELL
JNJ,2023-06-14T00:00:00.000000,0,38.31,SELL
JNJ,2023-06-15T00:00:00.000000,0,44.85,SELL
JNJ,2023-06-16T00:00:00.000000,0,44.85,SELL
JNJ,2023-06-20T00:00:00.000000,0,48.51,SELL
JNJ,2023-06-21T00:00:00.000000,0,48.51,SELL
JNJ,2023-06-22T00:00:00.000000,0,48.51,SELL
JNJ,2023-06-23T00:00:00.000000,0,48.51,SELL
JNJ,2023-06-26T00:00:00.000000,0,48.51,SELL
JNJ,2023-06-27T00:00:00.000000,0,48.51,SELL
JNJ,2023-06-28T00:00:00.000000,1,48.51,BUY
JNJ,2023-06-29T00:00:00.000000,1,49.72,BUY
JNJ,2023-06-30T00:00:00.000000,1,49.72,BUY
JNJ,2023-07-03T00:00:00.000000,1,49.72,BUY
JNJ,2023-07-05T00:00:00.000000,1,49.72,BUY
JNJ,2023-07-06T00:00:00.000000,1,49.72,BUY
JNJ,2023-07-07T00:00:00.000000,1,49.72,BUY
JNJ,2023-07-10T00:00:00.000000,1,49.72,BUY
JNJ,2023-07-11T00:00:00.000000,1,49.72,BUY
JNJ,2023-07-12T00:00:00.000000,1,49.72,BUY
JNJ,2023-07-13T00:00:00.000000,1,49.72,BUY
JNJ,2023-07-14T00:00:00.000000,1,48.51,BUY
JNJ,2023-07-17T00:00:00.000000,0,48.51,SELL
JNJ,2023-07-18T00:00:00.000000,0,48.51,SELL
JNJ,2023-07-19T00:00:00.000000,0,44.85,SELL
JNJ,2023-07-20T00:00:00.000000,0,38.31,SELL
JNJ,2023-07-21T00:00:00.000000,0,38.31,SELL
JNJ,2023-07-24T00:00:00.000000,0,38.31,SELL
JNJ,2023-07-25T00:00:00.000000,0,38.31,SELL
JNJ,2023-07-26T00:00:00.000000,0,38.31,SELL
JNJ,2023-07-27T00:00:00.000000,0,40.62,SELL
JNJ,2023-07-28T00:00:00.000000,0,48.51,SELL
JNJ,2023-07-31T00:00:00.000000,0,48.51,SELL
JNJ,2023-08-01T00:00:00.000000,0,48.51,SELL
JNJ,2023-08-02T00:00:00.000000,0,48.51,SELL
JNJ,2023-08-03T00:00:00.000000,0,48.51,SELL
JNJ,2023-08-04T00:00:00.000000,1,48.51,BUY
JNJ,2023-08-07T00:00:00.000000,1,48.51,BUY
JNJ,2023-08-08T00:00:00.000000,0,48.51,SELL
JNJ,2023-08-09T00:00:00.000000,0,48.51,SELL
JNJ,2023-08-10T00:00:00.000000,0,48.51,SELL
JNJ,2023-08-11T00:00:00.000000,0,48.51,SELL
JNJ,2023-08-14T00:00:00.000000,1,48.51,BUY
JNJ,2023-08-15T00:00:00.000000,1,48.51,BUY
JNJ,2023-08-16T00:00:00.000000,1,49.72,BUY
JNJ,2023-08-17T00:00:00.000000,1,49.72,BUY
JNJ,2023-08-18T00:00:00.000000,1,49.72,BUY
JNJ,2023-08-21T00:00:00.000000,1,49.72,BUY
JNJ,2023-08-22T00:00:00.000000,1,50.83,BUY
JNJ,2023-08-23T00:00:00.000000,1,50.83,BUY
JNJ,2023-08-24T00:00:00.000000,1,50.83,BUY
JNJ,2023-08-25T00:00:00.000000,1,50.83,BUY
JNJ,2023-08-28T00:00:00.000000,1,50.83,BUY
JNJ,2023-08-29T00:00:00.000000,1,50.83,BUY
JNJ,2023-08-30T00:00:00.000000,1,50.83,BUY
JNJ,2023-08-31T00:00:00.000000,1,50.83,BUY
JNJ,2023-09-01T00:00:00.000000,1,50.83,BUY
JNJ,2023-09-05T00:00:00.000000,1,49.72,BUY
JNJ,2023-09-06T00:00:00.000000,1,49.72,BUY
JNJ,2023-09-07T00:00:00.000000,1,49.72,BUY
JNJ,2023-09-08T00:00:00.000000,1,49.72,BUY
JNJ,2023-09-11T00:00:00.000000,1,48.51,BUY
JNJ,2023-09-12T00:00:00.000000,0,48.51,SELL
JNJ,2023-09-13T00:00:00.000000,0,48.51,SELL
JNJ,2023-09-14T00:00:00.000000,0,48.51,SELL
JNJ,2023-09-15T00:00:00.000000,0,48.51,SELL
JNJ,2023-09-18T00:00:00.000000,0,48.51,SELL
JNJ,2023-09-19T00:00:00.000000,0,48.51,SELL
JNJ,2023-09-20T00:00:00.000000,0,48.51,SELL
JNJ,2023-09-21T00:00:00.000000,0,48.51,SELL
JNJ,2023-09-22T00:00:00.000000,0,48.51,SELL
JNJ,2023-09-25T00:00:00.000000,1,48.51,BUY
JNJ,2023-09-26T00:00:00.000000,1,49.72,BUY
JNJ,2023-09-27T00:00:00.000000,1,49.72,BUY
JNJ,2023-09-28T00:00:00.000000,1,49.72,BUY
JNJ,2023-09-29T00:00:00.000000,1,49.72,BUY
JNJ,2023-10-02T00:00:00.000000,1,49.72,BUY
JNJ,2023-10-03T00:00:00.000000,1,50.83,BUY
JNJ,2023-10-04T00:00:00.000000,1,50.83,BUY
JNJ,2023-10-05T00:00:00.000000,1,50.83,BUY
JNJ,2023-10-06T00:00:00.000000,1,50.83,BUY
JNJ,2023-10-09T00:00:00.000000,1,50.83,BUY
JNJ,2023-10-10T00:00:00.000000,1,50.83,BUY
JNJ,2023-10-11T00:00:00.000000,1,49.72,BUY
JNJ,2023-10-12T00:00:00.000000,1,49.72,BUY
JNJ,2023-10-13T00:00:00.000000,1,49.72,BUY
JNJ,2023-10-16T00:00:00.000000,1,48.51,BUY
JNJ,2023-10-17T00:00:00.000000,1,48.51,BUY
JNJ,2023-10-18T00:00:00.000000,1,48.51,BUY
JNJ,2023-10-19T00:00:00.000000,1,48.51,BUY
JNJ,2023-10-20T00:00:00.000000,0,48.51,SELL
JNJ,2023-10-23T00:00:00.000000,0,48.51,SELL
JNJ,2023-10-24T00:00:00.000000,0,48.51,SELL
JNJ,2023-10-25T00:00:00.000000,0,48.51,SELL
JNJ,2023-10-26T00:00:00.000000,0,48.51,SELL
JNJ,2023-10-27T00:00:00.000000,0,48.51,SELL
JNJ,2023-10-30T00:00:00.000000,1,48.51,BUY
JNJ,2023-10-31T00:00:00.000000,1,49.72,BUY
JNJ,2023-11-01T00:00:00.000000,1,49.72,BUY
JNJ,2023-11-02T00:00:00.000000,1,49.72,BUY
JNJ,2023-11-03T00:00:00.000000,1,49.72,BUY
JNJ,2023-11-06T00:00:00.000000,1,49.72,BUY
JNJ,2023-11-07T00:00:00.000000,0,48.51,SELL
JNJ,2023-11-08T00:00:00.000000,0,48.51,SELL
JNJ,2023-11-09T00:00:00.000000,0,48.51,SELL
JNJ,2023-11-10T00:00:00.000000,0,44.85,SELL
JNJ,2023-11-13T00:00:00.000000,0,38.31,SELL
JNJ,2023-11-14T00:00:00.000000,0,38.31,SELL
JNJ,2023-11-15T00:00:00.000000,0,38.31,SELL
JNJ,2023-11-16T00:00:00.000000,0,38.31,SELL
JNJ,2023-11-17T00:00:00.000000,0,38.31,SELL
JNJ,2023-11-20T00:00:00.000000,0,38.31,SELL
JNJ,2023-11-21T00:00:00.000000,0,38.31,SELL
JNJ,2023-11-22T00:00:00.000000,0,38.31,SELL
JNJ,2023-11-24T00:00:00.000000,0,38.31,SELL
JNJ,2023-11-27T00:00:00.000000,0,38.31,SELL
JNJ,2023-11-28T00:00:00.000000,0,38.31,SELL
JNJ,2023-11-29T00:00:00.000000,0,44.85,SELL
JNJ,2023-11-30T00:00:00.000000,0,48.51,SELL
JNJ,2023-12-01T00:00:00.000000,0,48.51,SELL
JNJ,2023-12-04T00:00:00.000000,0,48.51,SELL
JNJ,2023-12-05T00:00:00.000000,0,48.51,SELL
JNJ,2023-12-06T00:00:00.000000,0,48.51,SELL
JNJ,2023-12-07T00:00:00.000000,1,48.51,BUY
JNJ,2023-12-08T00:00:00.000000,1,48.51,BUY
JNJ,2023-12-11T00:00:00.000000,1,48.51,BUY
JNJ,2023-12-12T00:00:00.000000,1,49.72,BUY
JNJ,2023-12-13T00:00:00.000000,1,49.72,BUY
JNJ,2023-12-14T00:00:00.000000,1,49.72,BUY
JNJ,2023-12-15T00:00:00.000000,1,49.72,BUY
JNJ,2023-12-18T00:00:00.000000,1,49.72,BUY
JNJ,2023-12-19T00:00:00.000000,1,49.72,BUY
JNJ,2023-12-20T00:00:00.000000,1,49.72,BUY
JNJ,2023-12-21T00:00:00.000000,1,49.72,BUY
JNJ,2023-12-22T00:00:00.000000,1,49.72,BUY
JNJ,2023-12-26T00:00:00.000000,1,48.51,BUY
JNJ,2023-12-27T00:00:00.000000,0,48.51,SELL
JNJ,2023-12-28T00:00:00.000000,0,48.51,SELL
JNJ,2023-12-29T00:00:00.000000,0,48.51,SELL
JNJ,2024-01-02T00:00:00.000000,0,48.51,SELL
JNJ,2024-01-03T00:00:00.000000,0,48.51,SELL
JNJ,2024-01-04T00:00:00.000000,0,48.51,SELL
JNJ,2024-01-05T00:00:00.000000,0,48.51,SELL
JNJ,2024-01-08T00:00:00.000000,0,48.51,SELL
JNJ,2024-01-09T00:00:00.000000,0,48.51,SELL
JNJ,2024-01-10T00:00:00.000000,1,48.51,BUY
JNJ,2024-01-11T00:00:00.000000,1,49.72,BUY
JNJ,2024-01-12T00:00:00.000000,1,49.72,BUY
JNJ,2024-01-16T00:00:00.000000,1,49.72,BUY
JNJ,2024-01-17T00:00:00.000000,1,49.72,BUY
JNJ,2024-01-18T00:00:00.000000,1,49.72,BUY
JNJ,2024-01-19T00:00:00.000000,1,49.72,BUY
JNJ,2024-01-22T00:00:00.000000,1,49.72,BUY
JNJ,2024-01-23T00:00:00.000000,1,49.72,BUY
JNJ,2024-01-24T00:00:00.000000,1,49.72,BUY
JNJ,2024-01-25T00:00:00.000000,1,49.72,BUY
JNJ,2024-01-26T00:00:00.000000,1,49.72,BUY
JNJ,2024-01-29T00:00:00.000000,1,48.51,BUY
JNJ,2024-01-30T00:00:00.000000,1,48.51,BUY
JNJ,2024-01-31T00:00:00.000000,1,48.51,BUY
JNJ,2024-02-01T00:00:00.000000,0,48.51,SELL
JNJ,2024-02-02T00:00:00.000000,0,48.51,SELL
JNJ,2024-02-05T00:00:00.000000,0,48.51,SELL
JNJ,2024-02-06T00:00:00.000000,0,48.51,SELL
JNJ,2024-02-07T00:00:00.000000,0,48.51,SELL
JNJ,2024-02-08T00:00:00.000000,0,48.51,SELL
JNJ,2024-02-09T00:00:00.000000,0,48.51,SELL
JNJ,2024-02-12T00:00:00.000000,0,48.51,SELL
JNJ,2024-02-13T00:00:00.000000,0,48.51,SELL
JNJ,2024-02-14T00:00:00.000000,0,48.51,SELL
JNJ,2024-02-15T00:00:00.000000,0,45.45,SELL
JNJ,2024-02-16T00:00:00.000000,0,48.51,SELL
JNJ,2024-02-20T00:00:00.000000,0,48.51,SELL
JNJ,2024-02-21T00:00:00.000000,0,44.85,SELL
JNJ,2024-02-22T00:00:00.000000,0,44.85,SELL
JNJ,2024-02-23T00:00:00.000000,0,44.85,SELL
JNJ,2024-02-26T00:00:00.000000,0,44.85,SELL
JNJ,2024-02-27T00:00:00.000000,0,44.85,SELL
JNJ,2024-02-28T00:00:00.000000,0,44.85,SELL
JNJ,2024-02-29T00:00:00.000000,0,48.51,SELL
JNJ,2024-03-01T00:00:00.000000,0,48.51,SELL
JNJ,2024-03-04T00:00:00.000000,0,48.51,SELL
JNJ,2024-03-05T00:00:00.000000,0,48.51,SELL
JNJ,2024-03-06T00:00:00.000000,0,48.51,SELL
JNJ,2024-03-07T00:00:00.000000,0,48.51,SELL
JNJ,2024-03-08T00:00:00.000000,1,48.51,BUY
JNJ,2024-03-11T00:00:00.000000,1,49.72,BUY
JNJ,2024-03-12T00:00:00.000000,1,49.72,BUY
JNJ,2024-03-13T00:00:00.000000,1,49.72,BUY
JNJ,2024-03-14T00:00:00.000000,1,49.72,BUY
JNJ,2024-03-15T00:00:00.000000,1,49.72,BUY
JNJ,2024-03-18T00:00:00.000000,1,49.72,BUY
JNJ,2024-03-19T00:00:00.000000,1,49.72,BUY
JNJ,2024-03-20T00:00:00.000000,1,49.72,BUY
JNJ,2024-03-21T00:00:00.000000,1,48.51,BUY
JNJ,2024-03-22T00:00:00.000000,1,48.51,BUY
JNJ,2024-03-25T00:00:00.000000,0,48.51,SELL
JNJ,2024-03-26T00:00:00.000000,0,48.51,SELL
JNJ,2024-03-27T00:00:00.000000,0,48.51,SELL
JNJ,2024-03-28T00:00:00.000000,0,45.45,SELL
JNJ,2024-04-01T00:00:00.000000,0,44.85,SELL
JNJ,2024-04-02T00:00:00.000000,0,40.62,SELL
JNJ,2024-04-03T00:00:00.000000,0,38.31,SELL
JNJ,2024-04-04T00:00:00.000000,0,38.31,SELL
JNJ,2024-04-05T00:00:00.000000,0,40.62,SELL
JNJ,2024-04-08T00:00:00.000000,0,44.85,SELL
JNJ,2024-04-09T00:00:00.000000,0,44.85,SELL
JNJ,2024-04-10T00:00:00.000000,0,44.85,SELL
JNJ,2024-04-11T00:00:00.000000,0,44.85,SELL
JNJ,2024-04-12T00:00:00.000000,0,48.51,SELL
JNJ,2024-04-15T00:00:00.000000,0,44.85,SELL
JNJ,2024-04-16T00:00:00.000000,0,44.85,SELL
JNJ,2024-04-17T00:00:00.000000,0,48.51,SELL
JNJ,2024-04-18T00:00:00.000000,0,48.51,SELL
JNJ,2024-04-19T00:00:00.000000,0,44.54,SELL
JNJ,2024-04-22T00:00:00.000000,0,44.85,SELL
JNJ,2024-04-23T00:00:00.000000,0,44.85,SELL
JNJ,2024-04-24T00:00:00.000000,0,48.51,SELL
JNJ,2024-04-25T00:00:00.000000,0,48.51,SELL
JNJ,2024-04-26T00:00:00.000000,0,48.51,SELL
JNJ,2024-04-29T00:00:00.000000,0,48.51,SELL
JNJ,2024-04-30T00:00:00.000000,0,48.51,SELL
JNJ,2024-05-01T00:00:00.000000,0,48.51,SELL
JNJ,2024-05-02T00:00:00.000000,0,48.51,SELL
JNJ,2024-05-03T00:00:00.000000,1,49.72,BUY
JNJ,2024-05-06T00:00:00.000000,1,49.72,BUY
JNJ,2024-05-07T00:00:00.000000,1,49.72,BUY
JNJ,2024-05-08T00:00:00.000000,1,49.72,BUY
JNJ,2024-05-09T00:00:00.000000,1,49.72,BUY
JNJ,2024-05-10T00:00:00.000000,1,49.72,BUY
JNJ,2024-05-13T00:00:00.000000,1,49.72,BUY
JNJ,2024-05-14T00:00:00.000000,1,49.72,BUY
JNJ,2024-05-15T00:00:00.000000,1,48.51,BUY
JNJ,2024-05-16T00:00:00.000000,1,48.51,BUY
JNJ,2024-05-17T00:00:00.000000,0,48.51,SELL
JNJ,2024-05-20T00:00:00.000000,0,48.51,SELL
JNJ,2024-05-21T00:00:00.000000,0,48.51,SELL
JNJ,2024-05-22T00:00:00.000000,0,48.51,SELL
JNJ,2024-05-23T00:00:00.000000,0,48.51,SELL
JNJ,2024-05-24T00:00:00.000000,0,48.51,SELL
JNJ,2024-05-28T00:00:00.000000,0,48.51,SELL
JNJ,2024-05-29T00:00:00.000000,0,48.51,SELL
JNJ,2024-05-30T00:00:00.000000,0,48.51,SELL
JNJ,2024-05-31T00:00:00.000000,0,48.51,SELL
JNJ,2024-06-03T00:00:00.000000,0,48.51,SELL
JNJ,2024-06-04T00:00:00.000000,0,48.51,SELL
JNJ,2024-06-05T00:00:00.000000,0,48.51,SELL
JNJ,2024-06-06T00:00:00.000000,0,48.51,SELL
JNJ,2024-06-07T00:00:00.000000,1,48.51,BUY
JNJ,2024-06-10T00:00:00.000000,0,48.51,SELL
JNJ,2024-06-11T00:00:00.000000,0,48.51,SELL
JNJ,2024-06-12T00:00:00.000000,0,48.51,SELL
JNJ,2024-06-13T00:00:00.000000,0,44.85,SELL
JNJ,2024-06-14T00:00:00.000000,0,48.51,SELL
JNJ,2024-06-17T00:00:00.000000,0,48.51,SELL
JNJ,2024-06-18T00:00:00.000000,0,44.85,SELL
JNJ,2024-06-20T00:00:00.000000,0,44.85,SELL
JNJ,2024-06-21T00:00:00.000000,0,38.31,SELL
JNJ,2024-06-24T00:00:00.000000,0,38.31,SELL
JNJ,2024-06-25T00:00:00.000000,0,38.31,SELL
JNJ,2024-06-26T00:00:00.000000,0,38.31,SELL
JNJ,2024-06-27T00:00:00.000000,0,44.85,SELL
JNJ,2024-06-28T00:00:00.000000,0,48.51,SELL
JNJ,2024-07-01T00:00:00.000000,0,48.51,SELL
JNJ,2024-07-02T00:00:00.000000,0,48.51,SELL
JNJ,2024-07-03T00:00:00.000000,0,48.51,SELL
JNJ,2024-07-05T00:00:00.000000,1,48.51,BUY
JNJ,2024-07-08T00:00:00.000000,1,48.51,BUY
JNJ,2024-07-09T00:00:00.000000,1,49.72,BUY
JNJ,2024-07-10T00:00:00.000000,1,49.72,BUY
JNJ,2024-07-11T00:00:00.000000,1,49.72,BUY
JNJ,2024-07-12T00:00:00.000000,1,49.72,BUY
JNJ,2024-07-15T00:00:00.000000,1,48.51,BUY
JNJ,2024-07-16T00:00:00.000000,1,48.51,BUY
JNJ,2024-07-17T00:00:00.000000,1,48.51,BUY
JNJ,2024-07-18T00:00:00.000000,0,48.51,SELL
JNJ,2024-07-19T00:00:00.000000,0,48.51,SELL
JNJ,2024-07-22T00:00:00.000000,0,48.51,SELL
JNJ,2024-07-23T00:00:00.000000,0,48.51,SELL
JNJ,2024-07-24T00:00:00.000000,0,48.51,SELL
JNJ,2024-07-25T00:00:00.000000,0,48.51,SELL
JNJ,2024-07-26T00:00:00.000000,0,48.51,SELL
JNJ,2024-07-29T00:00:00.000000,0,48.51,SELL
JNJ,2024-07-30T00:00:00.000000,0,48.51,SELL
JNJ,2024-07-31T00:00:00.000000,1,48.51,BUY
JNJ,2024-08-01T00:00:00.000000,1,49.72,BUY
JNJ,2024-08-02T00:00:00.000000,1,49.72,BUY
JNJ,2024-08-05T00:00:00.000000,1,49.72,BUY
JNJ,2024-08-06T00:00:00.000000,1,49.72,BUY
JNJ,2024-08-07T00:00:00.000000,1,49.72,BUY
JNJ,2024-08-08T00:00:00.000000,1,49.72,BUY
JNJ,2024-08-09T00:00:00.000000,1,49.72,BUY
JNJ,2024-08-12T00:00:00.000000,1,49.72,BUY
JNJ,2024-08-13T00:00:00.000000,1,49.72,BUY
JNJ,2024-08-14T00:00:00.000000,1,49.72,BUY
JNJ,2024-08-15T00:00:00.000000,1,49.72,BUY
JNJ,2024-08-16T00:00:00.000000,1,49.72,BUY
JNJ,2024-08-19T00:00:00.000000,1,49.72,BUY
JNJ,2024-08-20T00:00:00.000000,0,48.51,SELL
JNJ,2024-08-21T00:00:00.000000,0,48.51,SELL
JNJ,2024-08-22T00:00:00.000000,0,48.51,SELL
JNJ,2024-08-23T00:00:00.000000,0,48.51,SELL
JNJ,2024-08-26T00:00:00.000000,0,44.85,SELL
JNJ,2024-08-27T00:00:00.000000,0,44.85,SELL
JNJ,2024-08-28T00:00:00.000000,0,38.31,SELL
JNJ,2024-08-29T00:00:00.000000,0,40.62,SELL
JNJ,2024-08-30T00:00:00.000000,0,44.85,SELL
JNJ,2024-09-03T00:00:00.000000,0,44.85,SELL
JNJ,2024-09-04T00:00:00.000000,0,48.51,SELL
JNJ,2024-09-05T00:00:00.000000,0,48.51,SELL
JNJ,2024-09-06T00:00:00.000000,0,48.51,SELL
JNJ,2024-09-09T00:00:00.000000,1,48.51,BUY
JNJ,2024-09-10T00:00:00.000000,1,49.72,BUY
JNJ,2024-09-11T00:00:00.000000,1,49.72,BUY
JNJ,2024-09-12T00:00:00.000000,1,49.72,BUY
JNJ,2024-09-13T00:00:00.000000,1,49.72,BUY
JNJ,2024-09-16T00:00:00.000000,1,49.72,BUY
JNJ,2024-09-17T00:00:00.000000,1,49.72,BUY
JNJ,2024-09-18T00:00:00.000000,1,49.72,BUY
JNJ,2024-09-19T00:00:00.000000,1,49.72,BUY
JNJ,2024-09-20T00:00:00.000000,1,49.72,BUY
JNJ,2024-09-23T00:00:00.000000,1,49.72,BUY
JNJ,2024-09-24T00:00:00.000000,1,49.72,BUY
JNJ,2024-09-25T00:00:00.000000,1,48.51,BUY
JNJ,2024-09-26T00:00:00.000000,1,48.51,BUY
JNJ,2024-09-27T00:00:00.000000,0,48.51,SELL
JNJ,2024-09-30T00:00:00.000000,0,48.51,SELL
JNJ,2024-10-01T00:00:00.000000,0,48.51,SELL
JNJ,2024-10-02T00:00:00.000000,0,44.85,SELL
JNJ,2024-10-03T00:00:00.000000,0,38.31,SELL
JNJ,2024-10-04T00:00:00.000000,0,38.31,SELL
JNJ,2024-10-07T00:00:00.000000,0,38.31,SELL
JNJ,2024-10-08T00:00:00.000000,0,38.31,SELL
JNJ,2024-10-09T00:00:00.000000,0,38.31,SELL
JNJ,2024-10-10T00:00:00.000000,0,37.5,SELL
JNJ,2024-10-11T00:00:00.000000,0,38.31,SELL
JNJ,2024-10-14T00:00:00.000000,0,38.1,SELL
JNJ,2024-10-15T00:00:00.000000,0,38.31,SELL
JNJ,2024-10-16T00:00:00.000000,0,38.31,SELL
JNJ,2024-10-17T00:00:00.000000,0,38.31,SELL
JNJ,2024-10-18T00:00:00.000000,0,38.31,SELL
JNJ,2024-10-21T00:00:00.000000,0,40.62,SELL
JNJ,2024-10-22T00:00:00.000000,0,44.85,SELL
JNJ,2024-10-23T00:00:00.000000,0,44.85,SELL
JNJ,2024-10-24T00:00:00.000000,0,44.85,SELL
JNJ,2024-10-25T00:00:00.000000,0,44.85,SELL
JNJ,2024-10-28T00:00:00.000000,0,48.51,SELL
JNJ,2024-10-29T00:00:00.000000,0,48.51,SELL
JNJ,2024-10-30T00:00:00.000000,0,48.51,SELL
JNJ,2024-10-31T00:00:00.000000,0,48.51,SELL
JNJ,2024-11-01T00:00:00.000000,0,48.51,SELL
JNJ,2024-11-04T00:00:00.000000,0,48.51,SELL
JNJ,2024-11-05T00:00:00.000000,0,48.51,SELL
JNJ,2024-11-06T00:00:00.000000,0,48.51,SELL
JNJ,2024-11-07T00:00:00.000000,0,48.51,SELL
JNJ,2024-11-08T00:00:00.000000,0,48.51,SELL
JNJ,2024-11-11T00:00:00.000000,0,48.51,SELL
JNJ,2024-11-12T00:00:00.000000,0,48.51,SELL
JNJ,2024-11-13T00:00:00.000000,0,48.51,SELL
JNJ,2024-11-14T00:00:00.000000,0,44.85,SELL
JNJ,2024-11-15T00:00:00.000000,0,38.31,SELL
JNJ,2024-11-18T00:00:00.000000,0,32.82,SELL
JNJ,2024-11-19T00:00:00.000000,0,32.82,SELL
JNJ,2024-11-20T00:00:00.000000,0,32.82,SELL
JNJ,2024-11-21T00:00:00.000000,0,32.82,SELL
JNJ,2024-11-22T00:00:00.000000,0,32.82,SELL
JNJ,2024-11-25T00:00:00.000000,0,32.82,SELL
JNJ,2024-11-26T00:00:00.000000,0,32.82,SELL
JNJ,2024-11-27T00:00:00.000000,0,32.82,SELL
JNJ,2024-11-29T00:00:00.000000,0,38.31,SELL
JNJ,2024-12-02T00:00:00.000000,0,38.31,SELL
JNJ,2024-12-03T00:00:00.000000,0,38.31,SELL
JNJ,2024-12-04T00:00:00.000000,0,38.31,SELL
JNJ,2024-12-05T00:00:00.000000,0,40.62,SELL
JNJ,2024-12-06T00:00:00.000000,0,44.85,SELL
JNJ,2024-12-09T00:00:00.000000,0,44.85,SELL
JNJ,2024-12-10T00:00:00.000000,0,44.85,SELL
JNJ,2024-12-11T00:00:00.000000,0,44.85,SELL
JNJ,2024-12-12T00:00:00.000000,0,44.85,SELL
JNJ,2024-12-13T00:00:00.000000,0,44.85,SELL
JNJ,2024-12-16T00:00:00.000000,0,44.85,SELL
JNJ,2024-12-17T00:00:00.000000,0,44.85,SELL
JNJ,2024-12-18T00:00:00.000000,0,38.31,SELL
JNJ,2024-12-19T00:00:00.000000,0,44.85,SELL
JNJ,2024-12-20T00:00:00.000000,0,48.51,SELL
JPM,2023-02-21T00:00:00.000000,1,49.72,BUY
JPM,2023-02-22T00:00:00.000000,1,49.72,BUY
JPM,2023-02-23T00:00:00.000000,1,49.72,BUY
JPM,2023-02-24T00:00:00.000000,1,49.72,BUY
JPM,2023-02-27T00:00:00.000000,1,49.72,BUY
JPM,2023-02-28T00:00:00.000000,1,49.72,BUY
JPM,2023-03-01T00:00:00.000000,1,49.72,BUY
JPM,2023-03-02T00:00:00.000000,1,49.72,BUY
JPM,2023-03-03T00:00:00.000000,1,49.72,BUY
JPM,2023-03-06T00:00:00.000000,1,49.72,BUY
JPM,2023-03-07T00:00:00.000000,1,49.72,BUY
JPM,2023-03-08T00:00:00.000000,1,49.72,BUY
JPM,2023-03-09T00:00:00.000000,1,49.72,BUY
JPM,2023-03-10T00:00:00.000000,1,49.72,BUY
JPM,2023-03-13T00:00:00.000000,1,49.72,BUY
JPM,2023-03-14T00:00:00.000000,1,49.72,BUY
JPM,2023-03-15T00:00:00.000000,1,49.72,BUY
JPM,2023-03-16T00:00:00.000000,1,49.72,BUY
JPM,2023-03-17T00:00:00.000000,0,48.51,SELL
JPM,2023-03-20T00:00:00.000000,1,49.72,BUY
JPM,2023-03-21T00:00:00.000000,0,48.51,SELL
JPM,2023-03-22T00:00:00.000000,0,48.51,SELL
JPM,2023-03-23T00:00:00.000000,1,48.51,BUY
JPM,2023-03-24T00:00:00.000000,1,48.51,BUY
JPM,2023-03-27T00:00:00.000000,1,49.72,BUY
JPM,2023-03-28T00:00:00.000000,1,48.51,BUY
JPM,2023-03-29T00:00:00.000000,1,49.72,BUY
JPM,2023-03-30T00:00:00.000000,1,49.72,BUY
JPM,2023-03-31T00:00:00.000000,1,49.72,BUY
JPM,2023-04-03T00:00:00.000000,1,49.72,BUY
JPM,2023-04-04T00:00:00.000000,1,48.51,BUY
JPM,2023-04-05T00:00:00.000000,1,48.51,BUY
JPM,2023-04-06T00:00:00.000000,0,48.51,SELL
JPM,2023-04-10T00:00:00.000000,0,48.51,SELL
JPM,2023-04-11T00:00:00.000000,0,48.51,SELL
JPM,2023-04-12T00:00:00.000000,0,48.51,SELL
JPM,2023-04-13T00:00:00.000000,0,48.51,SELL
JPM,2023-04-14T00:00:00.000000,0,48.51,SELL
JPM,2023-04-17T00:00:00.000000,0,48.51,SELL
JPM,2023-04-18T00:00:00.000000,0,48.51,SELL
JPM,2023-04-19T00:00:00.000000,0,48.51,SELL
JPM,2023-04-20T00:00:00.000000,0,48.51,SELL
JPM,2023-04-21T00:00:00.000000,1,48.51,BUY
JPM,2023-04-24T00:00:00.000000,1,49.72,BUY
JPM,2023-04-25T00:00:00.000000,1,49.72,BUY
JPM,2023-04-26T00:00:00.000000,1,49.72,BUY
JPM,2023-04-27T00:00:00.000000,1,49.72,BUY
JPM,2023-04-28T00:00:00.000000,1,49.72,BUY
JPM,2023-05-01T00:00:00.000000,1,50.83,BUY
JPM,2023-05-02T00:00:00.000000,1,50.83,BUY
JPM,2023-05-03T00:00:00.000000,1,50.83,BUY
JPM,2023-05-04T00:00:00.000000,1,50.83,BUY
JPM,2023-05-05T00:00:00.000000,1,50.83,BUY
JPM,2023-05-08T00:00:00.000000,1,50.83,BUY
JPM,2023-05-09T00:00:00.000000,1,49.72,BUY
JPM,2023-05-10T00:00:00.000000,1,49.72,BUY
JPM,2023-05-11T00:00:00.000000,1,49.72,BUY
JPM,2023-05-12T00:00:00.000000,1,49.72,BUY
JPM,2023-05-15T00:00:00.000000,1,50.83,BUY
JPM,2023-05-16T00:00:00.000000,1,49.72,BUY
JPM,2023-05-17T00:00:00.000000,1,49.72,BUY
JPM,2023-05-18T00:00:00.000000,1,49.72,BUY
JPM,2023-05-19T00:00:00.000000,1,48.51,BUY
JPM,2023-05-22T00:00:00.000000,1,48.51,BUY
JPM,2023-05-23T00:00:00.000000,1,48.51,BUY
JPM,2023-05-24T00:00:00.000000,1,49.72,BUY
JPM,2023-05-25T00:00:00.000000,1,49.72,BUY
JPM,2023-05-26T00:00:00.000000,1,49.72,BUY
JPM,2023-05-30T00:00:00.000000,0,48.51,SELL
JPM,2023-05-31T00:00:00.000000,0,48.51,SELL
JPM,2023-06-01T00:00:00.000000,0,48.51,SELL
JPM,2023-06-02T00:00:00.000000,0,48.51,SELL
JPM,2023-06-05T00:00:00.000000,0,48.51,SELL
JPM,2023-06-06T00:00:00.000000,0,48.51,SELL
JPM,2023-06-07T00:00:00.000000,0,44.85,SELL
JPM,2023-06-08T00:00:00.000000,0,38.31,SELL
JPM,2023-06-09T00:00:00.000000,0,38.31,SELL
JPM,2023-06-12T00:00:00.000000,0,38.31,SELL
JPM,2023-06-13T00:00:00.000000,0,44.85,SELL
JPM,2023-06-14T00:00:00.000000,0,48.51,SELL
JPM,2023-06-15T00:00:00.000000,0,48.51,SELL
JPM,2023-06-16T00:00:00.000000,0,48.51,SELL
JPM,2023-06-20T00:00:00.000000,0,48.51,SELL
JPM,2023-06-21T00:00:00.000000,0,48.51,SELL
JPM,2023-06-22T00:00:00.000000,0,48.51,SELL
JPM,2023-06-23T00:00:00.000000,0,48.51,SELL
JPM,2023-06-26T00:00:00.000000,0,48.51,SELL
JPM,2023-06-27T00:00:00.000000,0,48.51,SELL
JPM,2023-06-28T00:00:00.000000,1,48.51,BUY
JPM,2023-06-29T00:00:00.000000,1,48.51,BUY
JPM,2023-06-30T00:00:00.000000,1,49.72,BUY
JPM,2023-07-03T00:00:00.000000,1,49.72,BUY
JPM,2023-07-05T00:00:00.000000,1,49.72,BUY
JPM,2023-07-06T00:00:00.000000,1,49.72,BUY
JPM,2023-07-07T00:00:00.000000,1,49.72,BUY
JPM,2023-07-10T00:00:00.000000,1,49.72,BUY
JPM,2023-07-11T00:00:00.000000,1,49.72,BUY
JPM,2023-07-12T00:00:00.000000,1,49.72,BUY
JPM,2023-07-13T00:00:00.000000,1,49.72,BUY
JPM,2023-07-14T00:00:00.000000,1,49.72,BUY
JPM,2023-07-17T00:00:00.000000,1,49.72,BUY
JPM,2023-07-18T00:00:00.000000,1,49.72,BUY
JPM,2023-07-19T00:00:00.000000,1,49.72,BUY
JPM,2023-07-20T00:00:00.000000,1,49.72,BUY
JPM,2023-07-21T00:00:00.000000,1,48.51,BUY
JPM,2023-07-24T00:00:00.000000,0,48.51,SELL
JPM,2023-07-25T00:00:00.000000,0,48.51,SELL
JPM,2023-07-26T00:00:00.000000,0,48.51,SELL
JPM,2023-07-27T00:00:00.000000,0,48.51,SELL
JPM,2023-07-28T00:00:00.000000,1,48.51,BUY
JPM,2023-07-31T00:00:00.000000,1,48.51,BUY
JPM,2023-08-01T00:00:00.000000,1,48.51,BUY
JPM,2023-08-02T00:00:00.000000,1,48.51,BUY
JPM,2023-08-03T00:00:00.000000,1,48.51,BUY
JPM,2023-08-04T00:00:00.000000,1,48.51,BUY
JPM,2023-08-07T00:00:00.000000,1,48.51,BUY
JPM,2023-08-08T00:00:00.000000,1,48.51,BUY
JPM,2023-08-09T00:00:00.000000,0,48.51,SELL
JPM,2023-08-10T00:00:00.000000,0,48.51,SELL
JPM,2023-08-11T00:00:00.000000,0,48.51,SELL
JPM,2023-08-14T00:00:00.000000,0,48.51,SELL
JPM,2023-08-15T00:00:00.000000,0,48.51,SELL
JPM,2023-08-16T00:00:00.000000,0,48.51,SELL
JPM,2023-08-17T00:00:00.000000,1,48.51,BUY
JPM,2023-08-18T00:00:00.000000,1,49.72,BUY
JPM,2023-08-21T00:00:00.000000,1,48.51,BUY
JPM,2023-08-22T00:00:00.000000,1,48.51,BUY
JPM,2023-08-23T00:00:00.000000,1,49.72,BUY
JPM,2023-08-24T00:00:00.000000,1,49.72,BUY
JPM,2023-08-25T00:00:00.000000,1,48.51,BUY
JPM,2023-08-28T00:00:00.000000,1,49.72,BUY
JPM,2023-08-29T00:00:00.000000,1,49.72,BUY
JPM,2023-08-30T00:00:00.000000,1,49.72,BUY
JPM,2023-08-31T00:00:00.000000,1,49.72,BUY
JPM,2023-09-01T00:00:00.000000,0,48.51,SELL
JPM,2023-09-05T00:00:00.000000,0,48.51,SELL
JPM,2023-09-06T00:00:00.000000,0,48.51,SELL
JPM,2023-09-07T00:00:00.000000,0,48.51,SELL
JPM,2023-09-08T00:00:00.000000,0,48.51,SELL
JPM,2023-09-11T00:00:00.000000,0,48.51,SELL
JPM,2023-09-12T00:00:00.000000,0,44.85,SELL
JPM,2023-09-13T00:00:00.000000,0,38.31,SELL
JPM,2023-09-14T00:00:00.000000,0,44.85,SELL
JPM,2023-09-15T00:00:00.000000,0,44.85,SELL
JPM,2023-09-18T00:00:00.000000,0,45.45,SELL
JPM,2023-09-19T00:00:00.000000,0,48.51,SELL
JPM,2023-09-20T00:00:00.000000,0,48.51,SELL
JPM,2023-09-21T00:00:00.000000,0,48.51,SELL
JPM,2023-09-22T00:00:00.000000,0,48.51,SELL
JPM,2023-09-25T00:00:00.000000,1,49.72,BUY
JPM,2023-09-26T00:00:00.000000,1,49.72,BUY
JPM,2023-09-27T00:00:00.000000,1,49.72,BUY
JPM,2023-09-28T00:00:00.000000,1,49.72,BUY
JPM,2023-09-29T00:00:00.000000,1,50.83,BUY
JPM,2023-10-02T00:00:00.000000,1,50.83,BUY
JPM,2023-10-03T00:00:00.000000,1,50.83,BUY
JPM,2023-10-04T00:00:00.000000,1,50.83,BUY
JPM,2023-10-05T00:00:00.000000,1,50.83,BUY
JPM,2023-10-06T00:00:00.000000,1,50.83,BUY
JPM,2023-10-09T00:00:00.000000,1,50.83,BUY
JPM,2023-10-10T00:00:00.000000,1,50.83,BUY
JPM,2023-10-11T00:00:00.000000,1,50.83,BUY
JPM,2023-10-12T00:00:00.000000,1,49.72,BUY
JPM,2023-10-13T00:00:00.000000,1,49.72,BUY
JPM,2023-10-16T00:00:00.000000,1,49.72,BUY
JPM,2023-10-17T00:00:00.000000,1,49.72,BUY
JPM,2023-10-18T00:00:00.000000,1,49.72,BUY
JPM,2023-10-19T00:00:00.000000,1,49.72,BUY
JPM,2023-10-20T00:00:00.000000,1,49.72,BUY
JPM,2023-10-23T00:00:00.000000,1,49.72,BUY
JPM,2023-10-24T00:00:00.000000,1,50.83,BUY
JPM,2023-10-25T00:00:00.000000,1,50.83,BUY
JPM,2023-10-26T00:00:00.000000,1,50.83,BUY
JPM,2023-10-27T00:00:00.000000,1,50.83,BUY
JPM,2023-10-30T00:00:00.000000,1,50.83,BUY
JPM,2023-10-31T00:00:00.000000,1,50.83,BUY
JPM,2023-11-01T00:00:00.000000,1,50.83,BUY
JPM,2023-11-02T00:00:00.000000,1,50.83,BUY
JPM,2023-11-03T00:00:00.000000,1,49.72,BUY
JPM,2023-11-06T00:00:00.000000,1,49.72,BUY
JPM,2023-11-07T00:00:00.000000,0,48.51,SELL
JPM,2023-11-08T00:00:00.000000,0,48.51,SELL
JPM,2023-11-09T00:00:00.000000,0,44.85,SELL
JPM,2023-11-10T00:00:00.000000,0,44.85,SELL
JPM,2023-11-13T00:00:00.000000,0,38.31,SELL
JPM,2023-11-14T00:00:00.000000,0,38.31,SELL
JPM,2023-11-15T00:00:00.000000,0,38.1,SELL
JPM,2023-11-16T00:00:00.000000,0,32.82,SELL
JPM,2023-11-17T00:00:00.000000,0,38.1,SELL
JPM,2023-11-20T00:00:00.000000,0,38.31,SELL
JPM,2023-11-21T00:00:00.000000,0,38.31,SELL
JPM,2023-11-22T00:00:00.000000,0,48.51,SELL
JPM,2023-11-24T00:00:00.000000,0,48.51,SELL
JPM,2023-11-27T00:00:00.000000,0,48.51,SELL
JPM,2023-11-28T00:00:00.000000,1,49.72,BUY
JPM,2023-11-29T00:00:00.000000,1,49.72,BUY
JPM,2023-11-30T00:00:00.000000,1,49.72,BUY
JPM,2023-12-01T00:00:00.000000,1,50.83,BUY
JPM,2023-12-04T00:00:00.000000,1,50.83,BUY
JPM,2023-12-05T00:00:00.000000,1,50.83,BUY
JPM,2023-12-06T00:00:00.000000,1,50.83,BUY
JPM,2023-12-07T00:00:00.000000,1,50.83,BUY
JPM,2023-12-08T00:00:00.000000,1,50.83,BUY
JPM,2023-12-11T00:00:00.000000,1,50.83,BUY
JPM,2023-12-12T00:00:00.000000,1,50.83,BUY
JPM,2023-12-13T00:00:00.000000,1,50.83,BUY
JPM,2023-12-14T00:00:00.000000,1,49.72,BUY
JPM,2023-12-15T00:00:00.000000,1,49.72,BUY
JPM,2023-12-18T00:00:00.000000,1,49.72,BUY
JPM,2023-12-19T00:00:00.000000,1,49.72,BUY
JPM,2023-12-20T00:00:00.000000,1,49.72,BUY
JPM,2023-12-21T00:00:00.000000,1,49.72,BUY
JPM,2023-12-22T00:00:00.000000,1,49.72,BUY
JPM,2023-12-26T00:00:00.000000,1,49.72,BUY
JPM,2023-12-27T00:00:00.000000,1,49.72,BUY
JPM,2023-12-28T00:00:00.000000,1,49.72,BUY
JPM,2023-12-29T00:00:00.000000,1,49.72,BUY
JPM,2024-01-02T00:00:00.000000,1,49.72,BUY
JPM,2024-01-03T00:00:00.000000,1,49.72,BUY
JPM,2024-01-04T00:00:00.000000,1,49.72,BUY
JPM,2024-01-05T00:00:00.000000,1,49.72,BUY
JPM,2024-01-08T00:00:00.000000,1,49.72,BUY
JPM,2024-01-09T00:00:00.000000,1,49.72,BUY
JPM,2024-01-10T00:00:00.000000,1,49.72,BUY
JPM,2024-01-11T00:00:00.000000,1,49.72,BUY
JPM,2024-01-12T00:00:00.000000,1,49.72,BUY
JPM,2024-01-16T00:00:00.000000,1,49.72,BUY
JPM,2024-01-17T00:00:00.000000,1,49.72,BUY
JPM,2024-01-18T00:00:00.000000,1,49.72,BUY
JPM,2024-01-19T00:00:00.000000,1,49.72,BUY
JPM,2024-01-22T00:00:00.000000,1,49.72,BUY
JPM,2024-01-23T00:00:00.000000,1,49.72,BUY
JPM,2024-01-24T00:00:00.000000,1,49.72,BUY
JPM,2024-01-25T00:00:00.000000,1,49.72,BUY
JPM,2024-01-26T00:00:00.000000,1,49.72,BUY
JPM,2024-01-29T00:00:00.000000,1,48.51,BUY
JPM,2024-01-30T00:00:00.000000,0,48.51,SELL
JPM,2024-01-31T00:00:00.000000,0,48.51,SELL
JPM,2024-02-01T00:00:00.000000,0,48.51,SELL
JPM,2024-02-02T00:00:00.000000,0,48.51,SELL
JPM,2024-02-05T00:00:00.000000,0,48.51,SELL
JPM,2024-02-06T00:00:00.000000,0,48.51,SELL
JPM,2024-02-07T00:00:00.000000,0,48.51,SELL
JPM,2024-02-08T00:00:00.000000,0,48.51,SELL
JPM,2024-02-09T00:00:00.000000,0,48.51,SELL
JPM,2024-02-12T00:00:00.000000,0,48.51,SELL
JPM,2024-02-13T00:00:00.000000,0,48.51,SELL
JPM,2024-02-14T00:00:00.000000,1,48.51,BUY
JPM,2024-02-15T00:00:00.000000,1,48.51,BUY
JPM,2024-02-16T00:00:00.000000,1,48.51,BUY
JPM,2024-02-20T00:00:00.000000,1,48.51,BUY
JPM,2024-02-21T00:00:00.000000,1,48.51,BUY
JPM,2024-02-22T00:00:00.000000,1,49.72,BUY
JPM,2024-02-23T00:00:00.000000,1,49.72,BUY
JPM,2024-02-26T00:00:00.000000,1,49.72,BUY
JPM,2024-02-27T00:00:00.000000,1,49.72,BUY
JPM,2024-02-28T00:00:00.000000,1,49.72,BUY
JPM,2024-02-29T00:00:00.000000,1,49.72,BUY
JPM,2024-03-01T00:00:00.000000,1,50.83,BUY
JPM,2024-03-04T00:00:00.000000,1,50.83,BUY
JPM,2024-03-05T00:00:00.000000,1,50.83,BUY
JPM,2024-03-06T00:00:00.000000,1,50.83,BUY
JPM,2024-03-07T00:00:00.000000,1,50.83,BUY
JPM,2024-03-08T00:00:00.000000,1,50.83,BUY
JPM,2024-03-11T00:00:00.000000,1,50.83,BUY
JPM,2024-03-12T00:00:00.000000,1,50.83,BUY
JPM,2024-03-13T00:00:00.000000,1,50.83,BUY
JPM,2024-03-14T00:00:00.000000,1,50.83,BUY
JPM,2024-03-15T00:00:00.000000,1,50.83,BUY
JPM,2024-03-18T00:00:00.000000,1,50.83,BUY
JPM,2024-03-19T00:00:00.000000,1,50.83,BUY
JPM,2024-03-20T00:00:00.000000,1,50.83,BUY
JPM,2024-03-21T00:00:00.000000,1,50.83,BUY
JPM,2024-03-22T00:00:00.000000,1,50.83,BUY
JPM,2024-03-25T00:00:00.000000,1,49.72,BUY
JPM,2024-03-26T00:00:00.000000,1,50.83,BUY
JPM,2024-03-27T00:00:00.000000,1,50.83,BUY
JPM,2024-03-28T00:00:00.000000,1,50.83,BUY
JPM,2024-04-01T00:00:00.000000,1,49.72,BUY
JPM,2024-04-02T00:00:00.000000,1,49.72,BUY
JPM,2024-04-03T00:00:00.000000,1,50.83,BUY
JPM,2024-04-04T00:00:00.000000,1,50.83,BUY
JPM,2024-04-05T00:00:00.000000,1,50.83,BUY
JPM,2024-04-08T00:00:00.000000,1,50.83,BUY
JPM,2024-04-09T00:00:00.000000,1,49.72,BUY
JPM,2024-04-10T00:00:00.000000,1,49.72,BUY
JPM,2024-04-11T00:00:00.000000,1,49.72,BUY
JPM,2024-04-12T00:00:00.000000,1,49.72,BUY
JPM,2024-04-15T00:00:00.000000,1,49.72,BUY
JPM,2024-04-16T00:00:00.000000,1,49.72,BUY
JPM,2024-04-17T00:00:00.000000,1,49.72,BUY
JPM,2024-04-18T00:00:00.000000,1,49.72,BUY
JPM,2024-04-19T00:00:00.000000,1,49.72,BUY
JPM,2024-04-22T00:00:00.000000,1,49.72,BUY
JPM,2024-04-23T00:00:00.000000,1,49.72,BUY
JPM,2024-04-24T00:00:00.000000,1,49.72,BUY
JPM,2024-04-25T00:00:00.000000,1,49.72,BUY
JPM,2024-04-26T00:00:00.000000,1,49.72,BUY
JPM,2024-04-29T00:00:00.000000,1,49.72,BUY
JPM,2024-04-30T00:00:00.000000,1,49.72,BUY
JPM,2024-05-01T00:00:00.000000,1,49.72,BUY
JPM,2024-05-02T00:00:00.000000,1,50.83,BUY
JPM,2024-05-03T00:00:00.000000,1,50.83,BUY
JPM,2024-05-06T00:00:00.000000,1,50.83,BUY
JPM,2024-05-07T00:00:00.000000,1,50.83,BUY
JPM,2024-05-08T00:00:00.000000,1,50.83,BUY
JPM,2024-05-09T00:00:00.000000,1,49.72,BUY
JPM,2024-05-10T00:00:00.000000,1,49.72,BUY
JPM,2024-05-13T00:00:00.000000,1,49.72,BUY
JPM,2024-05-14T00:00:00.000000,1,48.51,BUY
JPM,2024-05-15T00:00:00.000000,0,48.51,SELL
JPM,2024-05-16T00:00:00.000000,0,48.51,SELL
JPM,2024-05-17T00:00:00.000000,0,48.51,SELL
JPM,2024-05-20T00:00:00.000000,0,48.51,SELL
JPM,2024-05-21T00:00:00.000000,1,48.51,BUY
JPM,2024-05-22T00:00:00.000000,1,48.51,BUY
JPM,2024-05-23T00:00:00.000000,1,49.72,BUY
JPM,2024-05-24T00:00:00.000000,1,49.72,BUY
JPM,2024-05-28T00:00:00.000000,1,49.72,BUY
JPM,2024-05-29T00:00:00.000000,1,49.72,BUY
JPM,2024-05-30T00:00:00.000000,1,49.72,BUY
JPM,2024-05-31T00:00:00.000000,1,48.51,BUY
JPM,2024-06-03T00:00:00.000000,1,48.51,BUY
JPM,2024-06-04T00:00:00.000000,1,48.51,BUY
JPM,2024-06-05T00:00:00.000000,1,48.51,BUY
JPM,2024-06-06T00:00:00.000000,1,49.72,BUY
JPM,2024-06-07T00:00:00.000000,1,49.72,BUY
JPM,2024-06-10T00:00:00.000000,1,48.51,BUY
JPM,2024-06-11T00:00:00.000000,1,49.72,BUY
JPM,2024-06-12T00:00:00.000000,1,49.72,BUY
JPM,2024-06-13T00:00:00.000000,1,49.72,BUY
JPM,2024-06-14T00:00:00.000000,1,48.51,BUY
JPM,2024-06-17T00:00:00.000000,1,49.72,BUY
JPM,2024-06-18T00:00:00.000000,1,48.51,BUY
JPM,2024-06-20T00:00:00.000000,0,48.51,SELL
JPM,2024-06-21T00:00:00.000000,0,48.51,SELL
JPM,2024-06-24T00:00:00.000000,0,48.51,SELL
JPM,2024-06-25T00:00:00.000000,0,48.51,SELL
JPM,2024-06-26T00:00:00.000000,0,48.51,SELL
JPM,2024-06-27T00:00:00.000000,0,48.51,SELL
JPM,2024-06-28T00:00:00.000000,0,48.51,SELL
JPM,2024-07-01T00:00:00.000000,1,48.51,BUY
JPM,2024-07-02T00:00:00.000000,1,48.51,BUY
JPM,2024-07-03T00:00:00.000000,1,49.72,BUY
JPM,2024-07-05T00:00:00.000000,1,49.72,BUY
JPM,2024-07-08T00:00:00.000000,1,49.72,BUY
JPM,2024-07-09T00:00:00.000000,1,49.72,BUY
JPM,2024-07-10T00:00:00.000000,1,49.72,BUY
JPM,2024-07-11T00:00:00.000000,1,49.72,BUY
JPM,2024-07-12T00:00:00.000000,1,49.72,BUY
JPM,2024-07-15T00:00:00.000000,1,49.72,BUY
JPM,2024-07-16T00:00:00.000000,1,49.72,BUY
JPM,2024-07-17T00:00:00.000000,1,49.72,BUY
JPM,2024-07-18T00:00:00.000000,1,50.83,BUY
JPM,2024-07-19T00:00:00.000000,1,50.83,BUY
JPM,2024-07-22T00:00:00.000000,1,50.83,BUY
JPM,2024-07-23T00:00:00.000000,1,50.83,BUY
JPM,2024-07-24T00:00:00.000000,1,50.83,BUY
JPM,2024-07-25T00:00:00.000000,1,50.83,BUY
JPM,2024-07-26T00:00:00.000000,1,50.83,BUY
JPM,2024-07-29T00:00:00.000000,1,50.83,BUY
JPM,2024-07-30T00:00:00.000000,1,50.83,BUY
JPM,2024-07-31T00:00:00.000000,1,50.83,BUY
JPM,2024-08-01T00:00:00.000000,1,50.83,BUY
JPM,2024-08-02T00:00:00.000000,1,50.83,BUY
JPM,2024-08-05T00:00:00.000000,1,50.83,BUY
JPM,2024-08-06T00:00:00.000000,1,50.83,BUY
JPM,2024-08-07T00:00:00.000000,1,50.83,BUY
JPM,2024-08-08T00:00:00.000000,1,50.83,BUY
JPM,2024-08-09T00:00:00.000000,1,50.83,BUY
JPM,2024-08-12T00:00:00.000000,1,50.83,BUY
JPM,2024-08-13T00:00:00.000000,1,50.83,BUY
JPM,2024-08-14T00:00:00.000000,1,50.83,BUY
JPM,2024-08-15T00:00:00.000000,1,49.72,BUY
JPM,2024-08-16T00:00:00.000000,1,49.72,BUY
JPM,2024-08-19T00:00:00.000000,1,49.72,BUY
JPM,2024-08-20T00:00:00.000000,1,48.51,BUY
JPM,2024-08-21T00:00:00.000000,1,48.51,BUY
JPM,2024-08-22T00:00:00.000000,0,48.51,SELL
JPM,2024-08-23T00:00:00.000000,0,48.51,SELL
JPM,2024-08-26T00:00:00.000000,0,48.51,SELL
JPM,2024-08-27T00:00:00.000000,0,48.51,SELL
JPM,2024-08-28T00:00:00.000000,0,48.51,SELL
JPM,2024-08-29T00:00:00.000000,1,48.51,BUY
JPM,2024-08-30T00:00:00.000000,1,48.97,BUY
JPM,2024-09-03T00:00:00.000000,1,49.72,BUY
JPM,2024-09-04T00:00:00.000000,1,49.72,BUY
JPM,2024-09-05T00:00:00.000000,1,49.72,BUY
JPM,2024-09-06T00:00:00.000000,1,50.83,BUY
JPM,2024-09-09T00:00:00.000000,1,50.83,BUY
JPM,2024-09-10T00:00:00.000000,1,50.83,BUY
JPM,2024-09-11T00:00:00.000000,1,50.83,BUY
JPM,2024-09-12T00:00:00.000000,1,50.83,BUY
JPM,2024-09-13T00:00:00.000000,1,50.83,BUY
JPM,2024-09-16T00:00:00.000000,1,50.83,BUY
JPM,2024-09-17T00:00:00.000000,1,50.83,BUY
JPM,2024-09-18T00:00:00.000000,1,50.83,BUY
JPM,2024-09-19T00:00:00.000000,1,49.72,BUY
JPM,2024-09-20T00:00:00.000000,1,49.72,BUY
JPM,2024-09-23T00:00:00.000000,1,48.51,BUY
JPM,2024-09-24T00:00:00.000000,0,48.51,SELL
JPM,2024-09-25T00:00:00.000000,0,48.51,SELL
JPM,2024-09-26T00:00:00.000000,0,48.51,SELL
JPM,2024-09-27T00:00:00.000000,0,48.51,SELL
JPM,2024-09-30T00:00:00.000000,0,48.51,SELL
JPM,2024-10-01T00:00:00.000000,0,48.51,SELL
JPM,2024-10-02T00:00:00.000000,0,48.51,SELL
JPM,2024-10-03T00:00:00.000000,0,48.51,SELL
JPM,2024-10-04T00:00:00.000000,0,48.51,SELL
JPM,2024-10-07T00:00:00.000000,1,48.51,BUY
JPM,2024-10-08T00:00:00.000000,1,48.51,BUY
JPM,2024-10-09T00:00:00.000000,1,48.51,BUY
JPM,2024-10-10T00:00:00.000000,1,48.51,BUY
JPM,2024-10-11T00:00:00.000000,1,48.51,BUY
JPM,2024-10-14T00:00:00.000000,1,49.72,BUY
JPM,2024-10-15T00:00:00.000000,1,49.72,BUY
JPM,2024-10-16T00:00:00.000000,1,49.72,BUY
JPM,2024-10-17T00:00:00.000000,1,49.72,BUY
JPM,2024-10-18T00:00:00.000000,1,49.72,BUY
JPM,2024-10-21T00:00:00.000000,1,49.72,BUY
JPM,2024-10-22T00:00:00.000000,1,49.72,BUY
JPM,2024-10-23T00:00:00.000000,1,49.72,BUY
JPM,2024-10-24T00:00:00.000000,1,49.72,BUY
JPM,2024-10-25T00:00:00.000000,1,49.72,BUY
JPM,2024-10-28T00:00:00.000000,1,49.72,BUY
JPM,2024-10-29T00:00:00.000000,1,49.72,BUY
JPM,2024-10-30T00:00:00.000000,1,49.72,BUY
JPM,2024-10-31T00:00:00.000000,1,49.72,BUY
JPM,2024-11-01T00:00:00.000000,1,49.72,BUY
JPM,2024-11-04T00:00:00.000000,1,49.72,BUY
JPM,2024-11-05T00:00:00.000000,1,49.72,BUY
JPM,2024-11-06T00:00:00.000000,1,49.72,BUY
JPM,2024-11-07T00:00:00.000000,1,49.72,BUY
JPM,2024-11-08T00:00:00.000000,1,49.72,BUY
JPM,2024-11-11T00:00:00.000000,1,49.72,BUY
JPM,2024-11-12T00:00:00.000000,1,49.72,BUY
JPM,2024-11-13T00:00:00.000000,1,49.72,BUY
JPM,2024-11-14T00:00:00.000000,1,49.72,BUY
JPM,2024-11-15T00:00:00.000000,1,48.51,BUY
JPM,2024-11-18T00:00:00.000000,0,48.51,SELL
JPM,2024-11-19T00:00:00.000000,0,48.51,SELL
JPM,2024-11-20T00:00:00.000000,0,48.51,SELL
JPM,2024-11-21T00:00:00.000000,1,49.72,BUY
JPM,2024-11-22T00:00:00.000000,1,49.72,BUY
JPM,2024-11-25T00:00:00.000000,1,49.72,BUY
JPM,2024-11-26T00:00:00.000000,1,49.72,BUY
JPM,2024-11-27T00:00:00.000000,1,49.72,BUY
JPM,2024-11-29T00:00:00.000000,1,49.72,BUY
JPM,2024-12-02T00:00:00.000000,1,49.72,BUY
JPM,2024-12-03T00:00:00.000000,1,49.72,BUY
JPM,2024-12-04T00:00:00.000000,1,48.51,BUY
JPM,2024-12-05T00:00:00.000000,1,48.51,BUY
JPM,2024-12-06T00:00:00.000000,0,48.51,SELL
JPM,2024-12-09T00:00:00.000000,0,48.51,SELL
JPM,2024-12-10T00:00:00.000000,1,48.51,BUY
JPM,2024-12-11T00:00:00.000000,1,48.51,BUY
JPM,2024-12-12T00:00:00.000000,1,48.51,BUY
JPM,2024-12-13T00:00:00.000000,1,48.51,BUY
JPM,2024-12-16T00:00:00.000000,0,48.51,SELL
JPM,2024-12-17T00:00:00.000000,0,48.51,SELL
JPM,2024-12-18T00:00:00.000000,0,48.51,SELL
JPM,2024-12-19T00:00:00.000000,1,48.51,BUY
JPM,2024-12-20T00:00:00.000000,1,49.72,BUY
MCD,2023-02-21T00:00:00.000000,1,49.72,BUY
MCD,2023-02-22T00:00:00.000000,1,49.72,BUY
MCD,2023-02-23T00:00:00.000000,1,50.83,BUY
MCD,2023-02-24T00:00:00.000000,1,50.83,BUY
MCD,2023-02-27T00:00:00.000000,1,50.83,BUY
MCD,2023-02-28T00:00:00.000000,1,50.83,BUY
MCD,2023-03-01T00:00:00.000000,1,50.83,BUY
MCD,2023-03-02T00:00:00.000000,1,50.83,BUY
MCD,2023-03-03T00:00:00.000000,1,50.83,BUY
MCD,2023-03-06T00:00:00.000000,1,50.83,BUY
MCD,2023-03-07T00:00:00.000000,1,50.83,BUY
MCD,2023-03-08T00:00:00.000000,1,50.83,BUY
MCD,2023-03-09T00:00:00.000000,1,50.83,BUY
MCD,2023-03-10T00:00:00.000000,1,50.83,BUY
MCD,2023-03-13T00:00:00.000000,1,50.83,BUY
MCD,2023-03-14T00:00:00.000000,1,50.83,BUY
MCD,2023-03-15T00:00:00.000000,1,50.83,BUY
MCD,2023-03-16T00:00:00.000000,1,50.83,BUY
MCD,2023-03-17T00:00:00.000000,1,50.83,BUY
MCD,2023-03-20T00:00:00.000000,1,50.83,BUY
MCD,2023-03-21T00:00:00.000000,1,50.83,BUY
MCD,2023-03-22T00:00:00.000000,1,50.83,BUY
MCD,2023-03-23T00:00:00.000000,1,50.83,BUY
MCD,2023-03-24T00:00:00.000000,1,50.83,BUY
MCD,2023-03-27T00:00:00.000000,1,49.72,BUY
MCD,2023-03-28T00:00:00.000000,1,49.72,BUY
MCD,2023-03-29T00:00:00.000000,1,49.72,BUY
MCD,2023-03-30T00:00:00.000000,1,49.72,BUY
MCD,2023-03-31T00:00:00.000000,1,49.72,BUY
MCD,2023-04-03T00:00:00.000000,1,49.72,BUY
MCD,2023-04-04T00:00:00.000000,1,49.72,BUY
MCD,2023-04-05T00:00:00.000000,1,49.72,BUY
MCD,2023-04-06T00:00:00.000000,1,49.72,BUY
MCD,2023-04-10T00:00:00.000000,1,49.72,BUY
MCD,2023-04-11T00:00:00.000000,1,49.72,BUY
MCD,2023-04-12T00:00:00.000000,1,49.72,BUY
MCD,2023-04-13T00:00:00.000000,1,49.72,BUY
MCD,2023-04-14T00:00:00.000000,1,49.72,BUY
MCD,2023-04-17T00:00:00.000000,1,49.72,BUY
MCD,2023-04-18T00:00:00.000000,1,49.72,BUY
MCD,2023-04-19T00:00:00.000000,1,49.72,BUY
MCD,2023-04-20T00:00:00.000000,1,49.72,BUY
MCD,2023-04-21T00:00:00.000000,1,50.83,BUY
MCD,2023-04-24T00:00:00.000000,1,50.83,BUY
MCD,2023-04-25T00:00:00.000000,1,50.83,BUY
MCD,2023-04-26T00:00:00.000000,1,50.83,BUY
MCD,2023-04-27T00:00:00.000000,1,50.83,BUY
MCD,2023-04-28T00:00:00.000000,1,50.83,BUY
MCD,2023-05-01T00:00:00.000000,1,50.83,BUY
MCD,2023-05-02T00:00:00.000000,1,50.83,BUY
MCD,2023-05-03T00:00:00.000000,1,50.83,BUY
MCD,2023-05-04T00:00:00.000000,1,50.83,BUY
MCD,2023-05-05T00:00:00.000000,1,50.83,BUY
MCD,2023-05-08T00:00:00.000000,1,50.83,BUY
MCD,2023-05-09T00:00:00.000000,1,50.83,BUY
MCD,2023-05-10T00:00:00.000000,1,49.72,BUY
MCD,2023-05-11T00:00:00.000000,1,49.72,BUY
MCD,2023-05-12T00:00:00.000000,1,49.72,BUY
MCD,2023-05-15T00:00:00.000000,1,49.72,BUY
MCD,2023-05-16T00:00:00.000000,1,49.72,BUY
MCD,2023-05-17T00:00:00.000000,1,50.83,BUY
MCD,2023-05-18T00:00:00.000000,1,50.83,BUY
MCD,2023-05-19T00:00:00.000000,1,49.72,BUY
MCD,2023-05-22T00:00:00.000000,1,49.72,BUY
MCD,2023-05-23T00:00:00.000000,1,49.72,BUY
MCD,2023-05-24T00:00:00.000000,1,49.72,BUY
MCD,2023-05-25T00:00:00.000000,1,49.72,BUY
MCD,2023-05-26T00:00:00.000000,1,49.72,BUY
MCD,2023-05-30T00:00:00.000000,1,49.72,BUY
MCD,2023-05-31T00:00:00.000000,1,49.72,BUY
MCD,2023-06-01T00:00:00.000000,1,48.51,BUY
MCD,2023-06-02T00:00:00.000000,0,48.51,SELL
MCD,2023-06-05T00:00:00.000000,0,48.51,SELL
MCD,2023-06-06T00:00:00.000000,0,48.51,SELL
MCD,2023-06-07T00:00:00.000000,0,48.51,SELL
MCD,2023-06-08T00:00:00.000000,0,48.51,SELL
MCD,2023-06-09T00:00:00.000000,0,48.51,SELL
MCD,2023-06-12T00:00:00.000000,0,48.51,SELL
MCD,2023-06-13T00:00:00.000000,0,48.51,SELL
MCD,2023-06-14T00:00:00.000000,0,48.51,SELL
MCD,2023-06-15T00:00:00.000000,0,48.51,SELL
MCD,2023-06-16T00:00:00.000000,0,48.51,SELL
MCD,2023-06-20T00:00:00.000000,0,48.51,SELL
MCD,2023-06-21T00:00:00.000000,0,48.51,SELL
MCD,2023-06-22T00:00:00.000000,0,48.51,SELL
MCD,2023-06-23T00:00:00.000000,0,44.85,SELL
MCD,2023-06-26T00:00:00.000000,0,48.51,SELL
MCD,2023-06-27T00:00:00.000000,0,48.51,SELL
MCD,2023-06-28T00:00:00.000000,1,48.51,BUY
MCD,2023-06-29T00:00:00.000000,1,48.51,BUY
MCD,2023-06-30T00:00:00.000000,1,48.51,BUY
MCD,2023-07-03T00:00:00.000000,1,49.72,BUY
MCD,2023-07-05T00:00:00.000000,1,48.51,BUY
MCD,2023-07-06T00:00:00.000000,0,48.51,SELL
MCD,2023-07-07T00:00:00.000000,0,48.51,SELL
MCD,2023-07-10T00:00:00.000000,0,48.51,SELL
MCD,2023-07-11T00:00:00.000000,0,48.51,SELL
MCD,2023-07-12T00:00:00.000000,0,48.51,SELL
MCD,2023-07-13T00:00:00.000000,0,48.51,SELL
MCD,2023-07-14T00:00:00.000000,0,48.51,SELL
MCD,2023-07-17T00:00:00.000000,1,48.51,BUY
MCD,2023-07-18T00:00:00.000000,1,49.72,BUY
MCD,2023-07-19T00:00:00.000000,1,48.51,BUY
MCD,2023-07-20T00:00:00.000000,1,48.51,BUY
MCD,2023-07-21T00:00:00.000000,0,48.51,SELL
MCD,2023-07-24T00:00:00.000000,0,48.51,SELL
MCD,2023-07-25T00:00:00.000000,0,44.85,SELL
MCD,2023-07-26T00:00:00.000000,0,44.85,SELL
MCD,2023-07-27T00:00:00.000000,0,44.85,SELL
MCD,2023-07-28T00:00:00.000000,0,44.85,SELL
MCD,2023-07-31T00:00:00.000000,0,44.85,SELL
MCD,2023-08-01T00:00:00.000000,0,38.31,SELL
MCD,2023-08-02T00:00:00.000000,0,40.62,SELL
MCD,2023-08-03T00:00:00.000000,0,44.85,SELL
MCD,2023-08-04T00:00:00.000000,0,44.85,SELL
MCD,2023-08-07T00:00:00.000000,0,44.85,SELL
MCD,2023-08-08T00:00:00.000000,0,44.85,SELL
MCD,2023-08-09T00:00:00.000000,0,44.85,SELL
MCD,2023-08-10T00:00:00.000000,0,48.51,SELL
MCD,2023-08-11T00:00:00.000000,0,48.51,SELL
MCD,2023-08-14T00:00:00.000000,1,48.51,BUY
MCD,2023-08-15T00:00:00.000000,1,49.72,BUY
MCD,2023-08-16T00:00:00.000000,1,49.72,BUY
MCD,2023-08-17T00:00:00.000000,1,49.72,BUY
MCD,2023-08-18T00:00:00.000000,1,50.83,BUY
MCD,2023-08-21T00:00:00.000000,1,50.83,BUY
MCD,2023-08-22T00:00:00.000000,1,50.83,BUY
MCD,2023-08-23T00:00:00.000000,1,50.83,BUY
MCD,2023-08-24T00:00:00.000000,1,50.83,BUY
MCD,2023-08-25T00:00:00.000000,1,50.83,BUY
MCD,2023-08-28T00:00:00.000000,1,50.83,BUY
MCD,2023-08-29T00:00:00.000000,1,50.83,BUY
MCD,2023-08-30T00:00:00.000000,1,50.83,BUY
MCD,2023-08-31T00:00:00.000000,1,50.83,BUY
MCD,2023-09-01T00:00:00.000000,1,50.83,BUY
MCD,2023-09-05T00:00:00.000000,1,49.72,BUY
MCD,2023-09-06T00:00:00.000000,1,49.72,BUY
MCD,2023-09-07T00:00:00.000000,1,49.72,BUY
MCD,2023-09-08T00:00:00.000000,1,49.72,BUY
MCD,2023-09-11T00:00:00.000000,1,49.72,BUY
MCD,2023-09-12T00:00:00.000000,1,48.51,BUY
MCD,2023-09-13T00:00:00.000000,0,48.51,SELL
MCD,2023-09-14T00:00:00.000000,0,48.51,SELL
MCD,2023-09-15T00:00:00.000000,0,48.51,SELL
MCD,2023-09-18T00:00:00.000000,0,48.51,SELL
MCD,2023-09-19T00:00:00.000000,0,48.51,SELL
MCD,2023-09-20T00:00:00.000000,0,48.51,SELL
MCD,2023-09-21T00:00:00.000000,0,48.51,SELL
MCD,2023-09-22T00:00:00.000000,0,48.51,SELL
MCD,2023-09-25T00:00:00.000000,0,48.51,SELL
MCD,2023-09-26T00:00:00.000000,1,49.72,BUY
MCD,2023-09-27T00:00:00.000000,1,49.72,BUY
MCD,2023-09-28T00:00:00.000000,1,49.72,BUY
MCD,2023-09-29T00:00:00.000000,1,50.83,BUY
MCD,2023-10-02T00:00:00.000000,1,49.72,BUY
MCD,2023-10-03T00:00:00.000000,1,49.72,BUY
MCD,2023-10-04T00:00:00.000000,1,50.83,BUY
MCD,2023-10-05T00:00:00.000000,1,50.83,BUY
MCD,2023-10-06T00:00:00.000000,1,50.83,BUY
MCD,2023-10-09T00:00:00.000000,1,50.83,BUY
MCD,2023-10-10T00:00:00.000000,1,50.83,BUY
MCD,2023-10-11T00:00:00.000000,1,49.72,BUY
MCD,2023-10-12T00:00:00.000000,1,49.72,BUY
MCD,2023-10-13T00:00:00.000000,1,49.72,BUY
MCD,2023-10-16T00:00:00.000000,1,49.72,BUY
MCD,2023-10-17T00:00:00.000000,0,48.51,SELL
MCD,2023-10-18T00:00:00.000000,0,48.51,SELL
MCD,2023-10-19T00:00:00.000000,0,48.51,SELL
MCD,2023-10-20T00:00:00.000000,0,44.85,SELL
MCD,2023-10-23T00:00:00.000000,0,48.51,SELL
MCD,2023-10-24T00:00:00.000000,1,48.51,BUY
MCD,2023-10-25T00:00:00.000000,1,49.72,BUY
MCD,2023-10-26T00:00:00.000000,1,49.72,BUY
MCD,2023-10-27T00:00:00.000000,1,49.72,BUY
MCD,2023-10-30T00:00:00.000000,1,50.83,BUY
MCD,2023-10-31T00:00:00.000000,1,50.83,BUY
MCD,2023-11-01T00:00:00.000000,1,50.83,BUY
MCD,2023-11-02T00:00:00.000000,1,50.83,BUY
MCD,2023-11-03T00:00:00.000000,1,50.83,BUY
MCD,2023-11-06T00:00:00.000000,1,50.83,BUY
MCD,2023-11-07T00:00:00.000000,1,50.83,BUY
MCD,2023-11-08T00:00:00.000000,1,50.83,BUY
MCD,2023-11-09T00:00:00.000000,1,50.83,BUY
MCD,2023-11-10T00:00:00.000000,1,49.72,BUY
MCD,2023-11-13T00:00:00.000000,1,49.72,BUY
MCD,2023-11-14T00:00:00.000000,1,49.72,BUY
MCD,2023-11-15T00:00:00.000000,1,49.72,BUY
MCD,2023-11-16T00:00:00.000000,1,49.72,BUY
MCD,2023-11-17T00:00:00.000000,1,49.72,BUY
MCD,2023-11-20T00:00:00.000000,1,49.72,BUY
MCD,2023-11-21T00:00:00.000000,1,49.72,BUY
MCD,2023-11-22T00:00:00.000000,1,49.72,BUY
MCD,2023-11-24T00:00:00.000000,1,49.72,BUY
MCD,2023-11-27T00:00:00.000000,1,49.72,BUY
MCD,2023-11-28T00:00:00.000000,1,49.72,BUY
MCD,2023-11-29T00:00:00.000000,1,49.72,BUY
MCD,2023-11-30T00:00:00.000000,1,49.72,BUY
MCD,2023-12-01T00:00:00.000000,1,49.72,BUY
MCD,2023-12-04T00:00:00.000000,1,50.83,BUY
MCD,2023-12-05T00:00:00.000000,1,50.83,BUY
MCD,2023-12-06T00:00:00.000000,1,50.83,BUY
MCD,2023-12-07T00:00:00.000000,1,50.83,BUY
MCD,2023-12-08T00:00:00.000000,1,50.83,BUY
MCD,2023-12-11T00:00:00.000000,1,50.83,BUY
MCD,2023-12-12T00:00:00.000000,1,50.83,BUY
MCD,2023-12-13T00:00:00.000000,1,50.83,BUY
MCD,2023-12-14T00:00:00.000000,1,50.83,BUY
MCD,2023-12-15T00:00:00.000000,1,49.72,BUY
MCD,2023-12-18T00:00:00.000000,1,49.72,BUY
MCD,2023-12-19T00:00:00.000000,1,49.72,BUY
MCD,2023-12-20T00:00:00.000000,1,49.72,BUY
MCD,2023-12-21T00:00:00.000000,1,49.72,BUY
MCD,2023-12-22T00:00:00.000000,1,49.72,BUY
MCD,2023-12-26T00:00:00.000000,1,48.51,BUY
MCD,2023-12-27T00:00:00.000000,0,48.51,SELL
MCD,2023-12-28T00:00:00.000000,0,48.51,SELL
MCD,2023-12-29T00:00:00.000000,0,48.51,SELL
MCD,2024-01-02T00:00:00.000000,0,48.51,SELL
MCD,2024-01-03T00:00:00.000000,0,48.51,SELL
MCD,2024-01-04T00:00:00.000000,0,48.51,SELL
MCD,2024-01-05T00:00:00.000000,0,48.51,SELL
MCD,2024-01-08T00:00:00.000000,0,48.51,SELL
MCD,2024-01-09T00:00:00.000000,0,48.51,SELL
MCD,2024-01-10T00:00:00.000000,0,48.51,SELL
MCD,2024-01-11T00:00:00.000000,0,48.51,SELL
MCD,2024-01-12T00:00:00.000000,1,48.51,BUY
MCD,2024-01-16T00:00:00.000000,1,48.51,BUY
MCD,2024-01-17T00:00:00.000000,1,48.51,BUY
MCD,2024-01-18T00:00:00.000000,1,48.51,BUY
MCD,2024-01-19T00:00:00.000000,1,48.51,BUY
MCD,2024-01-22T00:00:00.000000,1,48.51,BUY
MCD,2024-01-23T00:00:00.000000,1,48.51,BUY
MCD,2024-01-24T00:00:00.000000,1,48.51,BUY
MCD,2024-01-25T00:00:00.000000,1,49.72,BUY
MCD,2024-01-26T00:00:00.000000,1,49.72,BUY
MCD,2024-01-29T00:00:00.000000,1,49.72,BUY
MCD,2024-01-30T00:00:00.000000,1,49.72,BUY
MCD,2024-01-31T00:00:00.000000,1,49.72,BUY
MCD,2024-02-01T00:00:00.000000,1,48.51,BUY
MCD,2024-02-02T00:00:00.000000,1,48.51,BUY
MCD,2024-02-05T00:00:00.000000,1,48.51,BUY
MCD,2024-02-06T00:00:00.000000,1,48.51,BUY
MCD,2024-02-07T00:00:00.000000,1,48.51,BUY
MCD,2024-02-08T00:00:00.000000,1,49.72,BUY
MCD,2024-02-09T00:00:00.000000,1,49.72,BUY
MCD,2024-02-12T00:00:00.000000,1,49.72,BUY
MCD,2024-02-13T00:00:00.000000,1,49.72,BUY
MCD,2024-02-14T00:00:00.000000,1,49.72,BUY
MCD,2024-02-15T00:00:00.000000,1,49.72,BUY
MCD,2024-02-16T00:00:00.000000,1,49.72,BUY
MCD,2024-02-20T00:00:00.000000,1,49.72,BUY
MCD,2024-02-21T00:00:00.000000,1,49.72,BUY
MCD,2024-02-22T00:00:00.000000,1,49.72,BUY
MCD,2024-02-23T00:00:00.000000,1,49.72,BUY
MCD,2024-02-26T00:00:00.000000,1,49.72,BUY
MCD,2024-02-27T00:00:00.000000,1,49.72,BUY
MCD,2024-02-28T00:00:00.000000,1,49.72,BUY
MCD,2024-02-29T00:00:00.000000,1,49.72,BUY
MCD,2024-03-01T00:00:00.000000,1,49.72,BUY
MCD,2024-03-04T00:00:00.000000,1,49.72,BUY
MCD,2024-03-05T00:00:00.000000,1,49.72,BUY
MCD,2024-03-06T00:00:00.000000,1,49.72,BUY
MCD,2024-03-07T00:00:00.000000,1,49.72,BUY
MCD,2024-03-08T00:00:00.000000,1,49.72,BUY
MCD,2024-03-11T00:00:00.000000,1,49.72,BUY
MCD,2024-03-12T00:00:00.000000,1,49.72,BUY
MCD,2024-03-13T00:00:00.000000,1,48.51,BUY
MCD,2024-03-14T00:00:00.000000,1,48.51,BUY
MCD,2024-03-15T00:00:00.000000,0,48.51,SELL
MCD,2024-03-18T00:00:00.000000,0,48.51,SELL
MCD,2024-03-19T00:00:00.000000,0,48.51,SELL
MCD,2024-03-20T00:00:00.000000,0,48.51,SELL
MCD,2024-03-21T00:00:00.000000,0,48.51,SELL
MCD,2024-03-22T00:00:00.000000,0,48.51,SELL
MCD,2024-03-25T00:00:00.000000,0,48.51,SELL
MCD,2024-03-26T00:00:00.000000,0,48.51,SELL
MCD,2024-03-27T00:00:00.000000,0,48.51,SELL
MCD,2024-03-28T00:00:00.000000,0,44.85,SELL
MCD,2024-04-01T00:00:00.000000,0,48.51,SELL
MCD,2024-04-02T00:00:00.000000,0,48.51,SELL
MCD,2024-04-03T00:00:00.000000,0,48.51,SELL
MCD,2024-04-04T00:00:00.000000,0,48.51,SELL
MCD,2024-04-05T00:00:00.000000,0,48.51,SELL
MCD,2024-04-08T00:00:00.000000,0,48.51,SELL
MCD,2024-04-09T00:00:00.000000,0,48.51,SELL
MCD,2024-04-10T00:00:00.000000,0,48.51,SELL
MCD,2024-04-11T00:00:00.000000,0,48.51,SELL
MCD,2024-04-12T00:00:00.000000,1,48.51,BUY
MCD,2024-04-15T00:00:00.000000,1,48.51,BUY
MCD,2024-04-16T00:00:00.000000,1,48.51,BUY
MCD,2024-04-17T00:00:00.000000,1,48.51,BUY
MCD,2024-04-18T00:00:00.000000,1,48.51,BUY
MCD,2024-04-19T00:00:00.000000,0,48.51,SELL
MCD,2024-04-22T00:00:00.000000,1,48.51,BUY
MCD,2024-04-23T00:00:00.000000,1,49.72,BUY
MCD,2024-04-24T00:00:00.000000,1,50.83,BUY
MCD,2024-04-25T00:00:00.000000,1,50.83,BUY
MCD,2024-04-26T00:00:00.000000,1,50.83,BUY
MCD,2024-04-29T00:00:00.000000,1,50.83,BUY
MCD,2024-04-30T00:00:00.000000,1,50.83,BUY
MCD,2024-05-01T00:00:00.000000,1,50.83,BUY
MCD,2024-05-02T00:00:00.000000,1,50.83,BUY
MCD,2024-05-03T00:00:00.000000,1,50.83,BUY
MCD,2024-05-06T00:00:00.000000,1,50.83,BUY
MCD,2024-05-07T00:00:00.000000,1,50.83,BUY
MCD,2024-05-08T00:00:00.000000,1,50.83,BUY
MCD,2024-05-09T00:00:00.000000,1,49.72,BUY
MCD,2024-05-10T00:00:00.000000,1,49.72,BUY
MCD,2024-05-13T00:00:00.000000,1,49.72,BUY
MCD,2024-05-14T00:00:00.000000,1,49.72,BUY
MCD,2024-05-15T00:00:00.000000,1,49.72,BUY
MCD,2024-05-16T00:00:00.000000,1,49.72,BUY
MCD,2024-05-17T00:00:00.000000,1,49.72,BUY
MCD,2024-05-20T00:00:00.000000,1,49.72,BUY
MCD,2024-05-21T00:00:00.000000,1,49.72,BUY
MCD,2024-05-22T00:00:00.000000,1,48.51,BUY
MCD,2024-05-23T00:00:00.000000,1,48.51,BUY
MCD,2024-05-24T00:00:00.000000,1,49.72,BUY
MCD,2024-05-28T00:00:00.000000,1,49.72,BUY
MCD,2024-05-29T00:00:00.000000,1,48.51,BUY
MCD,2024-05-30T00:00:00.000000,1,48.51,BUY
MCD,2024-05-31T00:00:00.000000,1,48.51,BUY
MCD,2024-06-03T00:00:00.000000,1,48.51,BUY
MCD,2024-06-04T00:00:00.000000,1,48.51,BUY
MCD,2024-06-05T00:00:00.000000,1,48.51,BUY
MCD,2024-06-06T00:00:00.000000,1,48.51,BUY
MCD,2024-06-07T00:00:00.000000,1,49.72,BUY
MCD,2024-06-10T00:00:00.000000,1,49.72,BUY
MCD,2024-06-11T00:00:00.000000,1,49.72,BUY
MCD,2024-06-12T00:00:00.000000,1,49.72,BUY
MCD,2024-06-13T00:00:00.000000,1,48.51,BUY
MCD,2024-06-14T00:00:00.000000,1,49.72,BUY
MCD,2024-06-17T00:00:00.000000,1,49.72,BUY
MCD,2024-06-18T00:00:00.000000,1,49.72,BUY
MCD,2024-06-20T00:00:00.000000,1,49.72,BUY
MCD,2024-06-21T00:00:00.000000,1,48.51,BUY
MCD,2024-06-24T00:00:00.000000,1,48.51,BUY
MCD,2024-06-25T00:00:00.000000,1,48.51,BUY
MCD,2024-06-26T00:00:00.000000,1,48.51,BUY
MCD,2024-06-27T00:00:00.000000,1,49.72,BUY
MCD,2024-06-28T00:00:00.000000,1,49.72,BUY
MCD,2024-07-01T00:00:00.000000,1,49.72,BUY
MCD,2024-07-02T00:00:00.000000,1,49.72,BUY
MCD,2024-07-03T00:00:00.000000,1,49.72,BUY
MCD,2024-07-05T00:00:00.000000,1,49.72,BUY
MCD,2024-07-08T00:00:00.000000,1,49.72,BUY
MCD,2024-07-09T00:00:00.000000,1,49.72,BUY
MCD,2024-07-10T00:00:00.000000,1,49.72,BUY
MCD,2024-07-11T00:00:00.000000,1,49.72,BUY
MCD,2024-07-12T00:00:00.000000,1,49.72,BUY
MCD,2024-07-15T00:00:00.000000,1,49.72,BUY
MCD,2024-07-16T00:00:00.000000,1,49.72,BUY
MCD,2024-07-17T00:00:00.000000,1,48.94,BUY
MCD,2024-07-18T00:00:00.000000,1,48.51,BUY
MCD,2024-07-19T00:00:00.000000,1,48.51,BUY
MCD,2024-07-22T00:00:00.000000,1,49.72,BUY
MCD,2024-07-23T00:00:00.000000,1,49.72,BUY
MCD,2024-07-24T00:00:00.000000,1,49.72,BUY
MCD,2024-07-25T00:00:00.000000,1,49.72,BUY
MCD,2024-07-26T00:00:00.000000,1,49.72,BUY
MCD,2024-07-29T00:00:00.000000,1,49.72,BUY
MCD,2024-07-30T00:00:00.000000,1,49.72,BUY
MCD,2024-07-31T00:00:00.000000,1,50.83,BUY
MCD,2024-08-01T00:00:00.000000,1,50.83,BUY
MCD,2024-08-02T00:00:00.000000,1,50.83,BUY
MCD,2024-08-05T00:00:00.000000,1,50.83,BUY
MCD,2024-08-06T00:00:00.000000,1,50.83,BUY
MCD,2024-08-07T00:00:00.000000,1,50.83,BUY
MCD,2024-08-08T00:00:00.000000,1,50.83,BUY
MCD,2024-08-09T00:00:00.000000,1,50.83,BUY
MCD,2024-08-12T00:00:00.000000,1,50.83,BUY
MCD,2024-08-13T00:00:00.000000,1,50.83,BUY
MCD,2024-08-14T00:00:00.000000,1,50.83,BUY
MCD,2024-08-15T00:00:00.000000,1,50.83,BUY
MCD,2024-08-16T00:00:00.000000,1,50.83,BUY
MCD,2024-08-19T00:00:00.000000,1,49.72,BUY
MCD,2024-08-20T00:00:00.000000,1,49.72,BUY
MCD,2024-08-21T00:00:00.000000,1,49.72,BUY
MCD,2024-08-22T00:00:00.000000,1,49.72,BUY
MCD,2024-08-23T00:00:00.000000,1,49.72,BUY
MCD,2024-08-26T00:00:00.000000,1,49.72,BUY
MCD,2024-08-27T00:00:00.000000,1,50.83,BUY
MCD,2024-08-28T00:00:00.000000,1,50.83,BUY
MCD,2024-08-29T00:00:00.000000,1,50.83,BUY
MCD,2024-08-30T00:00:00.000000,1,50.83,BUY
MCD,2024-09-03T00:00:00.000000,1,50.83,BUY
MCD,2024-09-04T00:00:00.000000,1,50.83,BUY
MCD,2024-09-05T00:00:00.000000,1,50.83,BUY
MCD,2024-09-06T00:00:00.000000,1,50.83,BUY
MCD,2024-09-09T00:00:00.000000,1,49.72,BUY
MCD,2024-09-10T00:00:00.000000,1,49.72,BUY
MCD,2024-09-11T00:00:00.000000,1,49.72,BUY
MCD,2024-09-12T00:00:00.000000,1,49.72,BUY
MCD,2024-09-13T00:00:00.000000,1,49.72,BUY
MCD,2024-09-16T00:00:00.000000,1,49.72,BUY
MCD,2024-09-17T00:00:00.000000,1,49.72,BUY
MCD,2024-09-18T00:00:00.000000,1,49.72,BUY
MCD,2024-09-19T00:00:00.000000,1,49.72,BUY
MCD,2024-09-20T00:00:00.000000,1,49.72,BUY
MCD,2024-09-23T00:00:00.000000,1,49.72,BUY
MCD,2024-09-24T00:00:00.000000,1,49.72,BUY
MCD,2024-09-25T00:00:00.000000,1,48.51,BUY
MCD,2024-09-26T00:00:00.000000,1,48.51,BUY
MCD,2024-09-27T00:00:00.000000,0,48.51,SELL
MCD,2024-09-30T00:00:00.000000,1,48.51,BUY
MCD,2024-10-01T00:00:00.000000,1,48.51,BUY
MCD,2024-10-02T00:00:00.000000,1,48.51,BUY
MCD,2024-10-03T00:00:00.000000,1,48.51,BUY
MCD,2024-10-04T00:00:00.000000,1,49.72,BUY
MCD,2024-10-07T00:00:00.000000,1,49.72,BUY
MCD,2024-10-08T00:00:00.000000,1,49.72,BUY
MCD,2024-10-09T00:00:00.000000,1,49.72,BUY
MCD,2024-10-10T00:00:00.000000,1,49.72,BUY
MCD,2024-10-11T00:00:00.000000,1,49.72,BUY
MCD,2024-10-14T00:00:00.000000,1,49.72,BUY
MCD,2024-10-15T00:00:00.000000,1,49.72,BUY
MCD,2024-10-16T00:00:00.000000,1,48.51,BUY
MCD,2024-10-17T00:00:00.000000,1,49.72,BUY
MCD,2024-10-18T00:00:00.000000,1,49.72,BUY
MCD,2024-10-21T00:00:00.000000,1,48.51,BUY
MCD,2024-10-22T00:00:00.000000,1,48.51,BUY
MCD,2024-10-23T00:00:00.000000,1,48.51,BUY
MCD,2024-10-24T00:00:00.000000,1,49.72,BUY
MCD,2024-10-25T00:00:00.000000,1,49.72,BUY
MCD,2024-10-28T00:00:00.000000,1,49.72,BUY
MCD,2024-10-29T00:00:00.000000,1,49.72,BUY
MCD,2024-10-30T00:00:00.000000,1,49.72,BUY
MCD,2024-10-31T00:00:00.000000,1,49.72,BUY
MCD,2024-11-01T00:00:00.000000,1,49.72,BUY
MCD,2024-11-04T00:00:00.000000,1,49.72,BUY
MCD,2024-11-05T00:00:00.000000,1,49.72,BUY
MCD,2024-11-06T00:00:00.000000,1,49.72,BUY
MCD,2024-11-07T00:00:00.000000,1,50.83,BUY
MCD,2024-11-08T00:00:00.000000,1,50.83,BUY
MCD,2024-11-11T00:00:00.000000,1,50.83,BUY
MCD,2024-11-12T00:00:00.000000,1,50.83,BUY
MCD,2024-11-13T00:00:00.000000,1,49.72,BUY
MCD,2024-11-14T00:00:00.000000,1,49.72,BUY
MCD,2024-11-15T00:00:00.000000,1,49.72,BUY
MCD,2024-11-18T00:00:00.000000,1,49.72,BUY
MCD,2024-11-19T00:00:00.000000,1,49.72,BUY
MCD,2024-11-20T00:00:00.000000,1,49.72,BUY
MCD,2024-11-21T00:00:00.000000,1,49.72,BUY
MCD,2024-11-22T00:00:00.000000,1,48.51,BUY
MCD,2024-11-25T00:00:00.000000,0,48.51,SELL
MCD,2024-11-26T00:00:00.000000,0,48.51,SELL
MCD,2024-11-27T00:00:00.000000,0,48.51,SELL
MCD,2024-11-29T00:00:00.000000,0,48.51,SELL
MCD,2024-12-02T00:00:00.000000,0,48.51,SELL
MCD,2024-12-03T00:00:00.000000,0,48.51,SELL
MCD,2024-12-04T00:00:00.000000,0,44.85,SELL
MCD,2024-12-05T00:00:00.000000,0,48.51,SELL
MCD,2024-12-06T00:00:00.000000,0,48.51,SELL
MCD,2024-12-09T00:00:00.000000,1,48.51,BUY
MCD,2024-12-10T00:00:00.000000,1,49.72,BUY
MCD,2024-12-11T00:00:00.000000,1,49.72,BUY
MCD,2024-12-12T00:00:00.000000,1,49.72,BUY
MCD,2024-12-13T00:00:00.000000,1,49.72,BUY
MCD,2024-12-16T00:00:00.000000,1,49.72,BUY
MCD,2024-12-17T00:00:00.000000,1,49.72,BUY
MCD,2024-12-18T00:00:00.000000,1,49.72,BUY
MCD,2024-12-19T00:00:00.000000,1,49.72,BUY
MCD,2024-12-20T00:00:00.000000,1,50.83,BUY
META,2023-02-21T00:00:00.000000,1,49.72,BUY
META,2023-02-22T00:00:00.000000,1,48.51,BUY
META,2023-02-23T00:00:00.000000,0,48.51,SELL
META,2023-02-24T00:00:00.000000,0,48.51,SELL
META,2023-02-27T00:00:00.000000,0,44.85,SELL
META,2023-02-28T00:00:00.000000,0,44.85,SELL
META,2023-03-01T00:00:00.000000,0,44.85,SELL
META,2023-03-02T00:00:00.000000,0,45.45,SELL
META,2023-03-03T00:00:00.000000,0,48.51,SELL
META,2023-03-06T00:00:00.000000,0,48.51,SELL
META,2023-03-07T00:00:00.000000,1,48.51,BUY
META,2023-03-08T00:00:00.000000,1,49.72,BUY
META,2023-03-09T00:00:00.000000,1,49.72,BUY
META,2023-03-10T00:00:00.000000,1,49.72,BUY
META,2023-03-13T00:00:00.000000,1,49.72,BUY
META,2023-03-14T00:00:00.000000,1,49.72,BUY
META,2023-03-15T00:00:00.000000,1,49.72,BUY
META,2023-03-16T00:00:00.000000,1,49.72,BUY
META,2023-03-17T00:00:00.000000,1,49.72,BUY
META,2023-03-20T00:00:00.000000,1,49.72,BUY
META,2023-03-21T00:00:00.000000,1,49.72,BUY
META,2023-03-22T00:00:00.000000,1,49.72,BUY
META,2023-03-23T00:00:00.000000,1,49.72,BUY
META,2023-03-24T00:00:00.000000,1,49.72,BUY
META,2023-03-27T00:00:00.000000,1,49.72,BUY
META,2023-03-28T00:00:00.000000,1,49.72,BUY
META,2023-03-29T00:00:00.000000,1,49.72,BUY
META,2023-03-30T00:00:00.000000,1,49.72,BUY
META,2023-03-31T00:00:00.000000,1,49.72,BUY
META,2023-04-03T00:00:00.000000,1,49.72,BUY
META,2023-04-04T00:00:00.000000,1,48.51,BUY
META,2023-04-05T00:00:00.000000,1,48.51,BUY
META,2023-04-06T00:00:00.000000,1,48.51,BUY
META,2023-04-10T00:00:00.000000,1,49.72,BUY
META,2023-04-11T00:00:00.000000,1,49.72,BUY
META,2023-04-12T00:00:00.000000,1,49.72,BUY
META,2023-04-13T00:00:00.000000,1,49.72,BUY
META,2023-04-14T00:00:00.000000,1,49.72,BUY
META,2023-04-17T00:00:00.000000,1,49.72,BUY
META,2023-04-18T00:00:00.000000,1,49.72,BUY
META,2023-04-19T00:00:00.000000,1,49.72,BUY
META,2023-04-20T00:00:00.000000,1,49.72,BUY
META,2023-04-21T00:00:00.000000,1,49.72,BUY
META,2023-04-24T00:00:00.000000,1,49.72,BUY
META,2023-04-25T00:00:00.000000,1,49.72,BUY
META,2023-04-26T00:00:00.000000,1,49.72,BUY
META,2023-04-27T00:00:00.000000,1,49.72,BUY
META,2023-04-28T00:00:00.000000,1,49.72,BUY
META,2023-05-01T00:00:00.000000,1,49.72,BUY
META,2023-05-02T00:00:00.000000,1,49.72,BUY
META,2023-05-03T00:00:00.000000,1,49.72,BUY
META,2023-05-04T00:00:00.000000,1,50.83,BUY
META,2023-05-05T00:00:00.000000,1,50.83,BUY
META,2023-05-08T00:00:00.000000,1,50.83,BUY
META,2023-05-09T00:00:00.000000,1,50.83,BUY
META,2023-05-10T00:00:00.000000,1,50.83,BUY
META,2023-05-11T00:00:00.000000,1,50.83,BUY
META,2023-05-12T00:00:00.000000,1,50.83,BUY
META,2023-05-15T00:00:00.000000,1,50.83,BUY
META,2023-05-16T00:00:00.000000,1,50.83,BUY
META,2023-05-17T00:00:00.000000,1,50.83,BUY
META,2023-05-18T00:00:00.000000,1,49.72,BUY
META,2023-05-19T00:00:00.000000,1,49.72,BUY
META,2023-05-22T00:00:00.000000,1,49.72,BUY
META,2023-05-23T00:00:00.000000,1,49.72,BUY
META,2023-05-24T00:00:00.000000,1,49.72,BUY
META,2023-05-25T00:00:00.000000,1,49.72,BUY
META,2023-05-26T00:00:00.000000,1,49.72,BUY
META,2023-05-30T00:00:00.000000,1,49.72,BUY
META,2023-05-31T00:00:00.000000,1,49.72,BUY
META,2023-06-01T00:00:00.000000,1,49.72,BUY
META,2023-06-02T00:00:00.000000,1,49.72,BUY
META,2023-06-05T00:00:00.000000,1,49.72,BUY
META,2023-06-06T00:00:00.000000,1,49.72,BUY
META,2023-06-07T00:00:00.000000,1,49.72,BUY
META,2023-06-08T00:00:00.000000,1,49.72,BUY
META,2023-06-09T00:00:00.000000,1,49.72,BUY
META,2023-06-12T00:00:00.000000,1,49.72,BUY
META,2023-06-13T00:00:00.000000,1,50.83,BUY
META,2023-06-14T00:00:00.000000,1,49.72,BUY
META,2023-06-15T00:00:00.000000,1,49.72,BUY
META,2023-06-16T00:00:00.000000,1,49.72,BUY
META,2023-06-20T00:00:00.000000,1,49.72,BUY
META,2023-06-21T00:00:00.000000,1,48.51,BUY
META,2023-06-22T00:00:00.000000,0,48.51,SELL
META,2023-06-23T00:00:00.000000,0,48.51,SELL
META,2023-06-26T00:00:00.000000,0,48.51,SELL
META,2023-06-27T00:00:00.000000,1,48.51,BUY
META,2023-06-28T00:00:00.000000,1,49.72,BUY
META,2023-06-29T00:00:00.000000,1,49.72,BUY
META,2023-06-30T00:00:00.000000,1,49.72,BUY
META,2023-07-03T00:00:00.000000,1,49.72,BUY
META,2023-07-05T00:00:00.000000,1,49.72,BUY
META,2023-07-06T00:00:00.000000,1,49.72,BUY
META,2023-07-07T00:00:00.000000,1,49.72,BUY
META,2023-07-10T00:00:00.000000,1,49.72,BUY
META,2023-07-11T00:00:00.000000,1,49.72,BUY
META,2023-07-12T00:00:00.000000,1,49.72,BUY
META,2023-07-13T00:00:00.000000,1,49.72,BUY
META,2023-07-14T00:00:00.000000,1,49.72,BUY
META,2023-07-17T00:00:00.000000,1,49.72,BUY
META,2023-07-18T00:00:00.000000,1,49.72,BUY
META,2023-07-19T00:00:00.000000,1,49.72,BUY
META,2023-07-20T00:00:00.000000,1,49.72,BUY
META,2023-07-21T00:00:00.000000,1,49.72,BUY
META,2023-07-24T00:00:00.000000,1,49.72,BUY
META,2023-07-25T00:00:00.000000,1,49.72,BUY
META,2023-07-26T00:00:00.000000,1,49.72,BUY
META,2023-07-27T00:00:00.000000,1,49.72,BUY
META,2023-07-28T00:00:00.000000,1,49.72,BUY
META,2023-07-31T00:00:00.000000,1,49.72,BUY
META,2023-08-01T00:00:00.000000,1,49.72,BUY
META,2023-08-02T00:00:00.000000,1,49.72,BUY
META,2023-08-03T00:00:00.000000,1,49.72,BUY
META,2023-08-04T00:00:00.000000,1,49.72,BUY
META,2023-08-07T00:00:00.000000,1,49.72,BUY
META,2023-08-08T00:00:00.000000,1,49.72,BUY
META,2023-08-09T00:00:00.000000,1,49.72,BUY
META,2023-08-10T00:00:00.000000,1,50.83,BUY
META,2023-08-11T00:00:00.000000,1,50.83,BUY
META,2023-08-14T00:00:00.000000,1,50.83,BUY
META,2023-08-15T00:00:00.000000,1,49.72,BUY
META,2023-08-16T00:00:00.000000,1,49.72,BUY
META,2023-08-17T00:00:00.000000,1,49.72,BUY
META,2023-08-18T00:00:00.000000,1,49.72,BUY
META,2023-08-21T00:00:00.000000,1,50.83,BUY
META,2023-08-22T00:00:00.000000,1,50.83,BUY
META,2023-08-23T00:00:00.000000,1,50.83,BUY
META,2023-08-24T00:00:00.000000,1,50.83,BUY
META,2023-08-25T00:00:00.000000,1,50.83,BUY
META,2023-08-28T00:00:00.000000,1,50.83,BUY
META,2023-08-29T00:00:00.000000,1,50.83,BUY
META,2023-08-30T00:00:00.000000,1,50.83,BUY
META,2023-08-31T00:00:00.000000,1,50.83,BUY
META,2023-09-01T00:00:00.000000,1,50.83,BUY
META,2023-09-05T00:00:00.000000,1,50.83,BUY
META,2023-09-06T00:00:00.000000,1,50.83,BUY
META,2023-09-07T00:00:00.000000,1,50.83,BUY
META,2023-09-08T00:00:00.000000,1,50.83,BUY
META,2023-09-11T00:00:00.000000,1,50.83,BUY
META,2023-09-12T00:00:00.000000,1,50.83,BUY
META,2023-09-13T00:00:00.000000,1,50.83,BUY
META,2023-09-14T00:00:00.000000,1,50.83,BUY
META,2023-09-15T00:00:00.000000,1,50.83,BUY
META,2023-09-18T00:00:00.000000,1,50.83,BUY
META,2023-09-19T00:00:00.000000,1,50.83,BUY
META,2023-09-20T00:00:00.000000,1,50.83,BUY
META,2023-09-21T00:00:00.000000,1,50.83,BUY
META,2023-09-22T00:00:00.000000,1,50.83,BUY
META,2023-09-25T00:00:00.000000,1,50.83,BUY
META,2023-09-26T00:00:00.000000,1,50.83,BUY
META,2023-09-27T00:00:00.000000,1,50.83,BUY
META,2023-09-28T00:00:00.000000,1,50.83,BUY
META,2023-09-29T00:00:00.000000,1,50.83,BUY
META,2023-10-02T00:00:00.000000,1,50.83,BUY
META,2023-10-03T00:00:00.000000,1,50.83,BUY
META,2023-10-04T00:00:00.000000,1,50.83,BUY
META,2023-10-05T00:00:00.000000,1,50.83,BUY
META,2023-10-06T00:00:00.000000,1,50.83,BUY
META,2023-10-09T00:00:00.000000,1,50.83,BUY
META,2023-10-10T00:00:00.000000,1,50.83,BUY
META,2023-10-11T00:00:00.000000,1,50.83,BUY
META,2023-10-12T00:00:00.000000,1,50.83,BUY
META,2023-10-13T00:00:00.000000,1,50.83,BUY
META,2023-10-16T00:00:00.000000,1,50.83,BUY
META,2023-10-17T00:00:00.000000,1,50.83,BUY
META,2023-10-18T00:00:00.000000,1,50.83,BUY
META,2023-10-19T00:00:00.000000,1,50.83,BUY
META,2023-10-20T00:00:00.000000,1,50.83,BUY
META,2023-10-23T00:00:00.000000,1,49.72,BUY
META,2023-10-24T00:00:00.000000,1,49.72,BUY
META,2023-10-25T00:00:00.000000,1,49.72,BUY
META,2023-10-26T00:00:00.000000,1,49.72,BUY
META,2023-10-27T00:00:00.000000,1,49.72,BUY
META,2023-10-30T00:00:00.000000,1,49.72,BUY
META,2023-10-31T00:00:00.000000,1,50.83,BUY
META,2023-11-01T00:00:00.000000,1,50.83,BUY
META,2023-11-02T00:00:00.000000,1,50.83,BUY
META,2023-11-03T00:00:00.000000,1,50.83,BUY
META,2023-11-06T00:00:00.000000,1,50.83,BUY
META,2023-11-07T00:00:00.000000,1,50.83,BUY
META,2023-11-08T00:00:00.000000,1,50.83,BUY
META,2023-11-09T00:00:00.000000,1,50.83,BUY
META,2023-11-10T00:00:00.000000,1,50.83,BUY
META,2023-11-13T00:00:00.000000,1,50.83,BUY
META,2023-11-14T00:00:00.000000,1,50.83,BUY
META,2023-11-15T00:00:00.000000,1,50.83,BUY
META,2023-11-16T00:00:00.000000,1,49.72,BUY
META,2023-11-17T00:00:00.000000,1,49.72,BUY
META,2023-11-20T00:00:00.000000,1,49.72,BUY
META,2023-11-21T00:00:00.000000,1,49.72,BUY
META,2023-11-22T00:00:00.000000,1,48.51,BUY
META,2023-11-24T00:00:00.000000,1,49.72,BUY
META,2023-11-27T00:00:00.000000,1,49.72,BUY
META,2023-11-28T00:00:00.000000,1,49.72,BUY
META,2023-11-29T00:00:00.000000,1,49.72,BUY
META,2023-11-30T00:00:00.000000,1,49.72,BUY
META,2023-12-01T00:00:00.000000,1,49.72,BUY
META,2023-12-04T00:00:00.000000,1,49.72,BUY
META,2023-12-05T00:00:00.000000,1,49.72,BUY
META,2023-12-06T00:00:00.000000,1,49.72,BUY
META,2023-12-07T00:00:00.000000,1,49.72,BUY
META,2023-12-08T00:00:00.000000,1,49.72,BUY
META,2023-12-11T00:00:00.000000,1,49.72,BUY
META,2023-12-12T00:00:00.000000,1,49.72,BUY
META,2023-12-13T00:00:00.000000,1,49.72,BUY
META,2023-12-14T00:00:00.000000,1,49.72,BUY
META,2023-12-15T00:00:00.000000,1,49.72,BUY
META,2023-12-18T00:00:00.000000,1,49.72,BUY
META,2023-12-19T00:00:00.000000,1,49.72,BUY
META,2023-12-20T00:00:00.000000,1,49.72,BUY
META,2023-12-21T00:00:00.000000,1,49.72,BUY
META,2023-12-22T00:00:00.000000,1,49.72,BUY
META,2023-12-26T00:00:00.000000,1,49.72,BUY
META,2023-12-27T00:00:00.000000,1,49.72,BUY
META,2023-12-28T00:00:00.000000,1,49.72,BUY
META,2023-12-29T00:00:00.000000,1,49.72,BUY
META,2024-01-02T00:00:00.000000,1,49.72,BUY
META,2024-01-03T00:00:00.000000,1,49.72,BUY
META,2024-01-04T00:00:00.000000,1,49.72,BUY
META,2024-01-05T00:00:00.000000,1,50.83,BUY
META,2024-01-08T00:00:00.000000,1,49.72,BUY
META,2024-01-09T00:00:00.000000,1,49.72,BUY
META,2024-01-10T00:00:00.000000,1,49.72,BUY
META,2024-01-11T00:00:00.000000,1,49.72,BUY
META,2024-01-12T00:00:00.000000,1,49.72,BUY
META,2024-01-16T00:00:00.000000,1,50.83,BUY
META,2024-01-17T00:00:00.000000,1,50.83,BUY
META,2024-01-18T00:00:00.000000,1,50.83,BUY
META,2024-01-19T00:00:00.000000,1,50.83,BUY
META,2024-01-22T00:00:00.000000,1,50.83,BUY
META,2024-01-23T00:00:00.000000,1,50.83,BUY
META,2024-01-24T00:00:00.000000,1,50.83,BUY
META,2024-01-25T00:00:00.000000,1,50.83,BUY
META,2024-01-26T00:00:00.000000,1,50.83,BUY
META,2024-01-29T00:00:00.000000,1,50.83,BUY
META,2024-01-30T00:00:00.000000,1,49.72,BUY
META,2024-01-31T00:00:00.000000,1,49.72,BUY
META,2024-02-01T00:00:00.000000,1,50.83,BUY
META,2024-02-02T00:00:00.000000,1,50.83,BUY
META,2024-02-05T00:00:00.000000,1,50.83,BUY
META,2024-02-06T00:00:00.000000,1,50.83,BUY
META,2024-02-07T00:00:00.000000,1,50.83,BUY
META,2024-02-08T00:00:00.000000,1,50.83,BUY
META,2024-02-09T00:00:00.000000,1,50.83,BUY
META,2024-02-12T00:00:00.000000,1,50.83,BUY
META,2024-02-13T00:00:00.000000,1,50.83,BUY
META,2024-02-14T00:00:00.000000,1,50.83,BUY
META,2024-02-15T00:00:00.000000,1,50.83,BUY
META,2024-02-16T00:00:00.000000,1,50.83,BUY
META,2024-02-20T00:00:00.000000,1,49.72,BUY
META,2024-02-21T00:00:00.000000,1,49.72,BUY
META,2024-02-22T00:00:00.000000,1,49.72,BUY
META,2024-02-23T00:00:00.000000,1,49.72,BUY
META,2024-02-26T00:00:00.000000,1,49.72,BUY
META,2024-02-27T00:00:00.000000,1,48.51,BUY
META,2024-02-28T00:00:00.000000,0,48.51,SELL
META,2024-02-29T00:00:00.000000,0,48.51,SELL
META,2024-03-01T00:00:00.000000,0,48.51,SELL
META,2024-03-04T00:00:00.000000,0,48.51,SELL
META,2024-03-05T00:00:00.000000,1,48.51,BUY
META,2024-03-06T00:00:00.000000,1,49.72,BUY
META,2024-03-07T00:00:00.000000,1,49.72,BUY
META,2024-03-08T00:00:00.000000,1,49.72,BUY
META,2024-03-11T00:00:00.000000,1,49.72,BUY
META,2024-03-12T00:00:00.000000,1,49.72,BUY
META,2024-03-13T00:00:00.000000,1,49.72,BUY
META,2024-03-14T00:00:00.000000,1,49.72,BUY
META,2024-03-15T00:00:00.000000,1,48.51,BUY
META,2024-03-18T00:00:00.000000,1,49.72,BUY
META,2024-03-19T00:00:00.000000,1,49.72,BUY
META,2024-03-20T00:00:00.000000,1,48.51,BUY
META,2024-03-21T00:00:00.000000,1,48.51,BUY
META,2024-03-22T00:00:00.000000,1,48.51,BUY
META,2024-03-25T00:00:00.000000,1,48.51,BUY
META,2024-03-26T00:00:00.000000,0,48.51,SELL
META,2024-03-27T00:00:00.000000,1,48.51,BUY
META,2024-03-28T00:00:00.000000,1,48.51,BUY
META,2024-04-01T00:00:00.000000,1,48.51,BUY
META,2024-04-02T00:00:00.000000,1,48.51,BUY
META,2024-04-03T00:00:00.000000,1,48.51,BUY
META,2024-04-04T00:00:00.000000,1,48.51,BUY
META,2024-04-05T00:00:00.000000,1,49.72,BUY
META,2024-04-08T00:00:00.000000,1,49.72,BUY
META,2024-04-09T00:00:00.000000,1,49.72,BUY
META,2024-04-10T00:00:00.000000,1,49.72,BUY
META,2024-04-11T00:00:00.000000,1,49.72,BUY
META,2024-04-12T00:00:00.000000,1,49.72,BUY
META,2024-04-15T00:00:00.000000,1,49.72,BUY
META,2024-04-16T00:00:00.000000,1,49.72,BUY
META,2024-04-17T00:00:00.000000,1,50.83,BUY
META,2024-04-18T00:00:00.000000,1,50.83,BUY
META,2024-04-19T00:00:00.000000,1,50.83,BUY
META,2024-04-22T00:00:00.000000,1,50.83,BUY
META,2024-04-23T00:00:00.000000,1,50.83,BUY
META,2024-04-24T00:00:00.000000,1,50.83,BUY
META,2024-04-25T00:00:00.000000,1,50.83,BUY
META,2024-04-26T00:00:00.000000,1,50.83,BUY
META,2024-04-29T00:00:00.000000,1,50.83,BUY
META,2024-04-30T00:00:00.000000,1,50.83,BUY
META,2024-05-01T00:00:00.000000,1,50.83,BUY
META,2024-05-02T00:00:00.000000,1,50.83,BUY
META,2024-05-03T00:00:00.000000,1,50.83,BUY
META,2024-05-06T00:00:00.000000,1,50.83,BUY
META,2024-05-07T00:00:00.000000,1,50.83,BUY
META,2024-05-08T00:00:00.000000,1,50.83,BUY
META,2024-05-09T00:00:00.000000,1,50.83,BUY
META,2024-05-10T00:00:00.000000,1,50.83,BUY
META,2024-05-13T00:00:00.000000,1,50.83,BUY
META,2024-05-14T00:00:00.000000,1,50.83,BUY
META,2024-05-15T00:00:00.000000,1,50.83,BUY
META,2024-05-16T00:00:00.000000,1,50.83,BUY
META,2024-05-17T00:00:00.000000,1,49.72,BUY
META,2024-05-20T00:00:00.000000,1,49.72,BUY
META,2024-05-21T00:00:00.000000,1,49.72,BUY
META,2024-05-22T00:00:00.000000,1,49.72,BUY
META,2024-05-23T00:00:00.000000,1,49.72,BUY
META,2024-05-24T00:00:00.000000,1,49.72,BUY
META,2024-05-28T00:00:00.000000,1,49.72,BUY
META,2024-05-29T00:00:00.000000,1,49.72,BUY
META,2024-05-30T00:00:00.000000,1,50.83,BUY
META,2024-05-31T00:00:00.000000,1,50.83,BUY
META,2024-06-03T00:00:00.000000,1,50.83,BUY
META,2024-06-04T00:00:00.000000,1,50.83,BUY
META,2024-06-05T00:00:00.000000,1,50.83,BUY
META,2024-06-06T00:00:00.000000,1,50.83,BUY
META,2024-06-07T00:00:00.000000,1,50.83,BUY
META,2024-06-10T00:00:00.000000,1,50.83,BUY
META,2024-06-11T00:00:00.000000,1,50.83,BUY
META,2024-06-12T00:00:00.000000,1,50.83,BUY
META,2024-06-13T00:00:00.000000,1,50.83,BUY
META,2024-06-14T00:00:00.000000,1,50.83,BUY
META,2024-06-17T00:00:00.000000,1,50.83,BUY
META,2024-06-18T00:00:00.000000,1,50.83,BUY
META,2024-06-20T00:00:00.000000,1,50.83,BUY
META,2024-06-21T00:00:00.000000,1,50.83,BUY
META,2024-06-24T00:00:00.000000,1,50.83,BUY
META,2024-06-25T00:00:00.000000,1,50.83,BUY
META,2024-06-26T00:00:00.000000,1,50.83,BUY
META,2024-06-27T00:00:00.000000,1,49.72,BUY
META,2024-06-28T00:00:00.000000,1,49.72,BUY
META,2024-07-01T00:00:00.000000,1,49.72,BUY
META,2024-07-02T00:00:00.000000,1,49.72,BUY
META,2024-07-03T00:00:00.000000,1,49.72,BUY
META,2024-07-05T00:00:00.000000,1,49.72,BUY
META,2024-07-08T00:00:00.000000,1,49.72,BUY
META,2024-07-09T00:00:00.000000,1,49.72,BUY
META,2024-07-10T00:00:00.000000,1,49.72,BUY
META,2024-07-11T00:00:00.000000,1,49.72,BUY
META,2024-07-12T00:00:00.000000,1,49.72,BUY
META,2024-07-15T00:00:00.000000,1,49.72,BUY
META,2024-07-16T00:00:00.000000,1,49.72,BUY
META,2024-07-17T00:00:00.000000,1,49.72,BUY
META,2024-07-18T00:00:00.000000,1,49.72,BUY
META,2024-07-19T00:00:00.000000,1,49.72,BUY
META,2024-07-22T00:00:00.000000,1,49.72,BUY
META,2024-07-23T00:00:00.000000,1,49.72,BUY
META,2024-07-24T00:00:00.000000,1,49.72,BUY
META,2024-07-25T00:00:00.000000,1,49.72,BUY
META,2024-07-26T00:00:00.000000,1,50.83,BUY
META,2024-07-29T00:00:00.000000,1,50.83,BUY
META,2024-07-30T00:00:00.000000,1,50.83,BUY
META,2024-07-31T00:00:00.000000,1,50.83,BUY
META,2024-08-01T00:00:00.000000,1,50.83,BUY
META,2024-08-02T00:00:00.000000,1,50.83,BUY
META,2024-08-05T00:00:00.000000,1,50.83,BUY
META,2024-08-06T00:00:00.000000,1,50.83,BUY
META,2024-08-07T00:00:00.000000,1,50.83,BUY
META,2024-08-08T00:00:00.000000,1,50.83,BUY
META,2024-08-09T00:00:00.000000,1,50.83,BUY
META,2024-08-12T00:00:00.000000,1,50.83,BUY
META,2024-08-13T00:00:00.000000,1,50.83,BUY
META,2024-08-14T00:00:00.000000,1,50.83,BUY
META,2024-08-15T00:00:00.000000,1,50.83,BUY
META,2024-08-16T00:00:00.000000,1,50.83,BUY
META,2024-08-19T00:00:00.000000,1,50.83,BUY
META,2024-08-20T00:00:00.000000,1,50.83,BUY
META,2024-08-21T00:00:00.000000,1,50.83,BUY
META,2024-08-22T00:00:00.000000,1,50.83,BUY
META,2024-08-23T00:00:00.000000,1,50.83,BUY
META,2024-08-26T00:00:00.000000,1,50.83,BUY
META,2024-08-27T00:00:00.000000,1,50.83,BUY
META,2024-08-28T00:00:00.000000,1,50.83,BUY
META,2024-08-29T00:00:00.000000,1,50.83,BUY
META,2024-08-30T00:00:00.000000,1,49.72,BUY
META,2024-09-03T00:00:00.000000,1,49.72,BUY
META,2024-09-04T00:00:00.000000,1,49.72,BUY
META,2024-09-05T00:00:00.000000,1,49.72,BUY
META,2024-09-06T00:00:00.000000,1,49.72,BUY
META,2024-09-09T00:00:00.000000,1,49.72,BUY
META,2024-09-10T00:00:00.000000,1,50.83,BUY
META,2024-09-11T00:00:00.000000,1,50.83,BUY
META,2024-09-12T00:00:00.000000,1,50.83,BUY
META,2024-09-13T00:00:00.000000,1,50.83,BUY
META,2024-09-16T00:00:00.000000,1,50.83,BUY
META,2024-09-17T00:00:00.000000,1,50.83,BUY
META,2024-09-18T00:00:00.000000,1,50.83,BUY
META,2024-09-19T00:00:00.000000,1,50.83,BUY
META,2024-09-20T00:00:00.000000,1,49.72,BUY
META,2024-09-23T00:00:00.000000,1,49.72,BUY
META,2024-09-24T00:00:00.000000,1,49.72,BUY
META,2024-09-25T00:00:00.000000,1,49.72,BUY
META,2024-09-26T00:00:00.000000,1,49.72,BUY
META,2024-09-27T00:00:00.000000,1,50.83,BUY
META,2024-09-30T00:00:00.000000,1,50.83,BUY
META,2024-10-01T00:00:00.000000,1,50.83,BUY
META,2024-10-02T00:00:00.000000,1,50.83,BUY
META,2024-10-03T00:00:00.000000,1,50.83,BUY
META,2024-10-04T00:00:00.000000,1,50.83,BUY
META,2024-10-07T00:00:00.000000,1,50.83,BUY
META,2024-10-08T00:00:00.000000,1,49.72,BUY
META,2024-10-09T00:00:00.000000,1,49.72,BUY
META,2024-10-10T00:00:00.000000,1,49.72,BUY
META,2024-10-11T00:00:00.000000,1,49.72,BUY
META,2024-10-14T00:00:00.000000,1,49.72,BUY
META,2024-10-15T00:00:00.000000,1,49.72,BUY
META,2024-10-16T00:00:00.000000,1,49.72,BUY
META,2024-10-17T00:00:00.000000,1,49.72,BUY
META,2024-10-18T00:00:00.000000,1,49.72,BUY
META,2024-10-21T00:00:00.000000,1,49.72,BUY
META,2024-10-22T00:00:00.000000,1,49.72,BUY
META,2024-10-23T00:00:00.000000,1,49.72,BUY
META,2024-10-24T00:00:00.000000,1,49.72,BUY
META,2024-10-25T00:00:00.000000,1,49.72,BUY
META,2024-10-28T00:00:00.000000,1,49.72,BUY
META,2024-10-29T00:00:00.000000,1,49.72,BUY
META,2024-10-30T00:00:00.000000,1,49.72,BUY
META,2024-10-31T00:00:00.000000,1,49.72,BUY
META,2024-11-01T00:00:00.000000,1,49.72,BUY
META,2024-11-04T00:00:00.000000,1,50.83,BUY
META,2024-11-05T00:00:00.000000,1,50.83,BUY
META,2024-11-06T00:00:00.000000,1,50.83,BUY
META,2024-11-07T00:00:00.000000,1,50.83,BUY
META,2024-11-08T00:00:00.000000,1,50.83,BUY
META,2024-11-11T00:00:00.000000,1,50.83,BUY
META,2024-11-12T00:00:00.000000,1,49.72,BUY
META,2024-11-13T00:00:00.000000,1,49.72,BUY
META,2024-11-14T00:00:00.000000,1,49.72,BUY
META,2024-11-15T00:00:00.000000,1,49.72,BUY
META,2024-11-18T00:00:00.000000,1,49.72,BUY
META,2024-11-19T00:00:00.000000,1,49.72,BUY
META,2024-11-20T00:00:00.000000,1,49.72,BUY
META,2024-11-21T00:00:00.000000,1,49.72,BUY
META,2024-11-22T00:00:00.000000,1,50.83,BUY
META,2024-11-25T00:00:00.000000,1,50.83,BUY
META,2024-11-26T00:00:00.000000,1,50.83,BUY
META,2024-11-27T00:00:00.000000,1,50.83,BUY
META,2024-11-29T00:00:00.000000,1,50.83,BUY
META,2024-12-02T00:00:00.000000,1,49.72,BUY
META,2024-12-03T00:00:00.000000,1,49.72,BUY
META,2024-12-04T00:00:00.000000,1,49.72,BUY
META,2024-12-05T00:00:00.000000,1,49.72,BUY
META,2024-12-06T00:00:00.000000,1,49.72,BUY
META,2024-12-09T00:00:00.000000,1,49.72,BUY
META,2024-12-10T00:00:00.000000,1,50.83,BUY
META,2024-12-11T00:00:00.000000,1,50.83,BUY
META,2024-12-12T00:00:00.000000,1,50.83,BUY
META,2024-12-13T00:00:00.000000,1,50.83,BUY
META,2024-12-16T00:00:00.000000,1,50.83,BUY
META,2024-12-17T00:00:00.000000,1,50.83,BUY
META,2024-12-18T00:00:00.000000,1,50.83,BUY
META,2024-12-19T00:00:00.000000,1,50.83,BUY
META,2024-12-20T00:00:00.000000,1,50.83,BUY
MRNA,2023-02-21T00:00:00.000000,1,48.51,BUY
MRNA,2023-02-22T00:00:00.000000,1,48.51,BUY
MRNA,2023-02-23T00:00:00.000000,1,49.72,BUY
MRNA,2023-02-24T00:00:00.000000,1,49.72,BUY
MRNA,2023-02-27T00:00:00.000000,1,49.72,BUY
MRNA,2023-02-28T00:00:00.000000,1,49.72,BUY
MRNA,2023-03-01T00:00:00.000000,1,49.72,BUY
MRNA,2023-03-02T00:00:00.000000,1,50.83,BUY
MRNA,2023-03-03T00:00:00.000000,1,50.83,BUY
MRNA,2023-03-06T00:00:00.000000,1,50.83,BUY
MRNA,2023-03-07T00:00:00.000000,1,50.83,BUY
MRNA,2023-03-08T00:00:00.000000,1,49.72,BUY
MRNA,2023-03-09T00:00:00.000000,1,49.72,BUY
MRNA,2023-03-10T00:00:00.000000,1,49.72,BUY
MRNA,2023-03-13T00:00:00.000000,1,49.72,BUY
MRNA,2023-03-14T00:00:00.000000,1,49.72,BUY
MRNA,2023-03-15T00:00:00.000000,1,50.83,BUY
MRNA,2023-03-16T00:00:00.000000,1,50.83,BUY
MRNA,2023-03-17T00:00:00.000000,1,50.83,BUY
MRNA,2023-03-20T00:00:00.000000,1,50.83,BUY
MRNA,2023-03-21T00:00:00.000000,1,50.83,BUY
MRNA,2023-03-22T00:00:00.000000,1,50.83,BUY
MRNA,2023-03-23T00:00:00.000000,1,50.83,BUY
MRNA,2023-03-24T00:00:00.000000,1,50.83,BUY
MRNA,2023-03-27T00:00:00.000000,1,50.83,BUY
MRNA,2023-03-28T00:00:00.000000,1,50.83,BUY
MRNA,2023-03-29T00:00:00.000000,1,50.83,BUY
MRNA,2023-03-30T00:00:00.000000,1,50.83,BUY
MRNA,2023-03-31T00:00:00.000000,1,50.83,BUY
MRNA,2023-04-03T00:00:00.000000,1,50.83,BUY
MRNA,2023-04-04T00:00:00.000000,1,50.83,BUY
MRNA,2023-04-05T00:00:00.000000,1,50.83,BUY
MRNA,2023-04-06T00:00:00.000000,1,50.83,BUY
MRNA,2023-04-10T00:00:00.000000,1,50.83,BUY
MRNA,2023-04-11T00:00:00.000000,1,49.72,BUY
MRNA,2023-04-12T00:00:00.000000,1,49.72,BUY
MRNA,2023-04-13T00:00:00.000000,1,49.72,BUY
MRNA,2023-04-14T00:00:00.000000,1,49.72,BUY
MRNA,2023-04-17T00:00:00.000000,1,49.72,BUY
MRNA,2023-04-18T00:00:00.000000,1,49.72,BUY
MRNA,2023-04-19T00:00:00.000000,1,49.72,BUY
MRNA,2023-04-20T00:00:00.000000,1,49.72,BUY
MRNA,2023-04-21T00:00:00.000000,1,48.51,BUY
MRNA,2023-04-24T00:00:00.000000,1,48.51,BUY
MRNA,2023-04-25T00:00:00.000000,1,49.72,BUY
MRNA,2023-04-26T00:00:00.000000,1,49.72,BUY
MRNA,2023-04-27T00:00:00.000000,1,48.51,BUY
MRNA,2023-04-28T00:00:00.000000,1,49.72,BUY
MRNA,2023-05-01T00:00:00.000000,1,49.72,BUY
MRNA,2023-05-02T00:00:00.000000,1,48.51,BUY
MRNA,2023-05-03T00:00:00.000000,1,48.51,BUY
MRNA,2023-05-04T00:00:00.000000,1,49.72,BUY
MRNA,2023-05-05T00:00:00.000000,1,49.72,BUY
MRNA,2023-05-08T00:00:00.000000,1,49.72,BUY
MRNA,2023-05-09T00:00:00.000000,1,50.83,BUY
MRNA,2023-05-10T00:00:00.000000,1,49.72,BUY
MRNA,2023-05-11T00:00:00.000000,1,49.72,BUY
MRNA,2023-05-12T00:00:00.000000,1,49.72,BUY
MRNA,2023-05-15T00:00:00.000000,1,50.83,BUY
MRNA,2023-05-16T00:00:00.000000,1,50.83,BUY
MRNA,2023-05-17T00:00:00.000000,1,50.83,BUY
MRNA,2023-05-18T00:00:00.000000,1,50.83,BUY
MRNA,2023-05-19T00:00:00.000000,1,49.72,BUY
MRNA,2023-05-22T00:00:00.000000,1,49.72,BUY
MRNA,2023-05-23T00:00:00.000000,1,48.51,BUY
MRNA,2023-05-24T00:00:00.000000,1,48.51,BUY
MRNA,2023-05-25T00:00:00.000000,1,48.51,BUY
MRNA,2023-05-26T00:00:00.000000,1,49.72,BUY
MRNA,2023-05-30T00:00:00.000000,1,49.72,BUY
MRNA,2023-05-31T00:00:00.000000,1,49.72,BUY
MRNA,2023-06-01T00:00:00.000000,1,49.72,BUY
MRNA,2023-06-02T00:00:00.000000,1,49.72,BUY
MRNA,2023-06-05T00:00:00.000000,1,50.83,BUY
MRNA,2023-06-06T00:00:00.000000,1,50.83,BUY
MRNA,2023-06-07T00:00:00.000000,1,50.83,BUY
MRNA,2023-06-08T00:00:00.000000,1,50.83,BUY
MRNA,2023-06-09T00:00:00.000000,1,50.83,BUY
MRNA,2023-06-12T00:00:00.000000,1,49.72,BUY
MRNA,2023-06-13T00:00:00.000000,1,49.72,BUY
MRNA,2023-06-14T00:00:00.000000,1,49.72,BUY
MRNA,2023-06-15T00:00:00.000000,1,49.72,BUY
MRNA,2023-06-16T00:00:00.000000,1,49.72,BUY
MRNA,2023-06-20T00:00:00.000000,1,49.72,BUY
MRNA,2023-06-21T00:00:00.000000,1,48.51,BUY
MRNA,2023-06-22T00:00:00.000000,1,48.51,BUY
MRNA,2023-06-23T00:00:00.000000,1,48.51,BUY
MRNA,2023-06-26T00:00:00.000000,1,48.51,BUY
MRNA,2023-06-27T00:00:00.000000,1,48.51,BUY
MRNA,2023-06-28T00:00:00.000000,1,49.72,BUY
MRNA,2023-06-29T00:00:00.000000,1,49.72,BUY
MRNA,2023-06-30T00:00:00.000000,1,49.72,BUY
MRNA,2023-07-03T00:00:00.000000,1,49.72,BUY
MRNA,2023-07-05T00:00:00.000000,1,49.72,BUY
MRNA,2023-07-06T00:00:00.000000,1,49.72,BUY
MRNA,2023-07-07T00:00:00.000000,1,49.72,BUY
MRNA,2023-07-10T00:00:00.000000,1,49.72,BUY
MRNA,2023-07-11T00:00:00.000000,1,49.72,BUY
MRNA,2023-07-12T00:00:00.000000,1,49.72,BUY
MRNA,2023-07-13T00:00:00.000000,1,49.72,BUY
MRNA,2023-07-14T00:00:00.000000,1,49.72,BUY
MRNA,2023-07-17T00:00:00.000000,1,49.72,BUY
MRNA,2023-07-18T00:00:00.000000,1,48.51,BUY
MRNA,2023-07-19T00:00:00.000000,1,48.51,BUY
MRNA,2023-07-20T00:00:00.000000,0,48.51,SELL
MRNA,2023-07-21T00:00:00.000000,0,48.51,SELL
MRNA,2023-07-24T00:00:00.000000,0,48.51,SELL
MRNA,2023-07-25T00:00:00.000000,0,48.51,SELL
MRNA,2023-07-26T00:00:00.000000,0,48.51,SELL
MRNA,2023-07-27T00:00:00.000000,0,48.51,SELL
MRNA,2023-07-28T00:00:00.000000,0,48.51,SELL
MRNA,2023-07-31T00:00:00.000000,0,44.85,SELL
MRNA,2023-08-01T00:00:00.000000,0,48.51,SELL
MRNA,2023-08-02T00:00:00.000000,0,48.51,SELL
MRNA,2023-08-03T00:00:00.000000,0,48.51,SELL
MRNA,2023-08-04T00:00:00.000000,0,48.51,SELL
MRNA,2023-08-07T00:00:00.000000,0,48.51,SELL
MRNA,2023-08-08T00:00:00.000000,0,48.51,SELL
MRNA,2023-08-09T00:00:00.000000,0,44.85,SELL
MRNA,2023-08-10T00:00:00.000000,0,44.85,SELL
MRNA,2023-08-11T00:00:00.000000,0,44.85,SELL
MRNA,2023-08-14T00:00:00.000000,0,44.85,SELL
MRNA,2023-08-15T00:00:00.000000,0,48.51,SELL
MRNA,2023-08-16T00:00:00.000000,0,48.51,SELL
MRNA,2023-08-17T00:00:00.000000,0,48.51,SELL
MRNA,2023-08-18T00:00:00.000000,0,48.51,SELL
MRNA,2023-08-21T00:00:00.000000,0,48.51,SELL
MRNA,2023-08-22T00:00:00.000000,1,48.51,BUY
MRNA,2023-08-23T00:00:00.000000,1,49.72,BUY
MRNA,2023-08-24T00:00:00.000000,1,49.72,BUY
MRNA,2023-08-25T00:00:00.000000,1,50.83,BUY
MRNA,2023-08-28T00:00:00.000000,1,50.83,BUY
MRNA,2023-08-29T00:00:00.000000,1,50.83,BUY
MRNA,2023-08-30T00:00:00.000000,1,50.83,BUY
MRNA,2023-08-31T00:00:00.000000,1,50.83,BUY
MRNA,2023-09-01T00:00:00.000000,1,50.83,BUY
MRNA,2023-09-05T00:00:00.000000,1,50.83,BUY
MRNA,2023-09-06T00:00:00.000000,1,50.83,BUY
MRNA,2023-09-07T00:00:00.000000,1,50.83,BUY
MRNA,2023-09-08T00:00:00.000000,1,50.83,BUY
MRNA,2023-09-11T00:00:00.000000,1,50.83,BUY
MRNA,2023-09-12T00:00:00.000000,1,49.72,BUY
MRNA,2023-09-13T00:00:00.000000,1,49.72,BUY
MRNA,2023-09-14T00:00:00.000000,1,49.72,BUY
MRNA,2023-09-15T00:00:00.000000,1,49.72,BUY
MRNA,2023-09-18T00:00:00.000000,1,49.72,BUY
MRNA,2023-09-19T00:00:00.000000,1,49.72,BUY
MRNA,2023-09-20T00:00:00.000000,1,49.72,BUY
MRNA,2023-09-21T00:00:00.000000,1,49.72,BUY
MRNA,2023-09-22T00:00:00.000000,1,49.72,BUY
MRNA,2023-09-25T00:00:00.000000,1,50.83,BUY
MRNA,2023-09-26T00:00:00.000000,1,50.83,BUY
MRNA,2023-09-27T00:00:00.000000,1,50.83,BUY
MRNA,2023-09-28T00:00:00.000000,1,50.83,BUY
MRNA,2023-09-29T00:00:00.000000,1,50.83,BUY
MRNA,2023-10-02T00:00:00.000000,1,50.83,BUY
MRNA,2023-10-03T00:00:00.000000,1,50.83,BUY
MRNA,2023-10-04T00:00:00.000000,1,50.83,BUY
MRNA,2023-10-05T00:00:00.000000,1,50.83,BUY
MRNA,2023-10-06T00:00:00.000000,1,50.83,BUY
MRNA,2023-10-09T00:00:00.000000,1,50.83,BUY
MRNA,2023-10-10T00:00:00.000000,1,50.83,BUY
MRNA,2023-10-11T00:00:00.000000,1,50.83,BUY
MRNA,2023-10-12T00:00:00.000000,1,50.83,BUY
MRNA,2023-10-13T00:00:00.000000,1,50.83,BUY
MRNA,2023-10-16T00:00:00.000000,1,49.72,BUY
MRNA,2023-10-17T00:00:00.000000,1,49.72,BUY
MRNA,2023-10-18T00:00:00.000000,1,49.72,BUY
MRNA,2023-10-19T00:00:00.000000,1,49.72,BUY
MRNA,2023-10-20T00:00:00.000000,1,49.72,BUY
MRNA,2023-10-23T00:00:00.000000,1,49.72,BUY
MRNA,2023-10-24T00:00:00.000000,1,49.72,BUY
MRNA,2023-10-25T00:00:00.000000,1,49.72,BUY
MRNA,2023-10-26T00:00:00.000000,1,49.72,BUY
MRNA,2023-10-27T00:00:00.000000,1,49.72,BUY
MRNA,2023-10-30T00:00:00.000000,1,49.72,BUY
MRNA,2023-10-31T00:00:00.000000,1,48.51,BUY
MRNA,2023-11-01T00:00:00.000000,0,48.51,SELL
MRNA,2023-11-02T00:00:00.000000,0,48.51,SELL
MRNA,2023-11-03T00:00:00.000000,0,48.51,SELL
MRNA,2023-11-06T00:00:00.000000,0,44.85,SELL
MRNA,2023-11-07T00:00:00.000000,0,44.85,SELL
MRNA,2023-11-08T00:00:00.000000,0,38.31,SELL
MRNA,2023-11-09T00:00:00.000000,0,38.31,SELL
MRNA,2023-11-10T00:00:00.000000,0,38.31,SELL
MRNA,2023-11-13T00:00:00.000000,0,38.31,SELL
MRNA,2023-11-14T00:00:00.000000,0,38.31,SELL
MRNA,2023-11-15T00:00:00.000000,0,38.31,SELL
MRNA,2023-11-16T00:00:00.000000,0,38.31,SELL
MRNA,2023-11-17T00:00:00.000000,0,40.62,SELL
MRNA,2023-11-20T00:00:00.000000,0,38.31,SELL
MRNA,2023-11-21T00:00:00.000000,0,38.31,SELL
MRNA,2023-11-22T00:00:00.000000,0,44.85,SELL
MRNA,2023-11-24T00:00:00.000000,0,48.51,SELL
MRNA,2023-11-27T00:00:00.000000,0,48.51,SELL
MRNA,2023-11-28T00:00:00.000000,1,49.72,BUY
MRNA,2023-11-29T00:00:00.000000,1,49.72,BUY
MRNA,2023-11-30T00:00:00.000000,1,49.72,BUY
MRNA,2023-12-01T00:00:00.000000,1,49.72,BUY
MRNA,2023-12-04T00:00:00.000000,1,50.83,BUY
MRNA,2023-12-05T00:00:00.000000,1,50.83,BUY
MRNA,2023-12-06T00:00:00.000000,1,50.83,BUY
MRNA,2023-12-07T00:00:00.000000,1,50.83,BUY
MRNA,2023-12-08T00:00:00.000000,1,50.83,BUY
MRNA,2023-12-11T00:00:00.000000,1,50.83,BUY
MRNA,2023-12-12T00:00:00.000000,1,50.83,BUY
MRNA,2023-12-13T00:00:00.000000,1,50.83,BUY
MRNA,2023-12-14T00:00:00.000000,1,50.83,BUY
MRNA,2023-12-15T00:00:00.000000,1,50.83,BUY
MRNA,2023-12-18T00:00:00.000000,1,49.72,BUY
MRNA,2023-12-19T00:00:00.000000,1,49.72,BUY
MRNA,2023-12-20T00:00:00.000000,1,49.72,BUY
MRNA,2023-12-21T00:00:00.000000,1,49.72,BUY
MRNA,2023-12-22T00:00:00.000000,1,48.51,BUY
MRNA,2023-12-26T00:00:00.000000,0,48.51,SELL
MRNA,2023-12-27T00:00:00.000000,0,48.51,SELL
MRNA,2023-12-28T00:00:00.000000,0,48.51,SELL
MRNA,2023-12-29T00:00:00.000000,0,48.51,SELL
MRNA,2024-01-02T00:00:00.000000,1,48.51,BUY
MRNA,2024-01-03T00:00:00.000000,1,48.51,BUY
MRNA,2024-01-04T00:00:00.000000,1,49.72,BUY
MRNA,2024-01-05T00:00:00.000000,1,49.72,BUY
MRNA,2024-01-08T00:00:00.000000,1,49.72,BUY
MRNA,2024-01-09T00:00:00.000000,1,50.83,BUY
MRNA,2024-01-10T00:00:00.000000,1,50.83,BUY
MRNA,2024-01-11T00:00:00.000000,1,50.83,BUY
MRNA,2024-01-12T00:00:00.000000,1,50.83,BUY
MRNA,2024-01-16T00:00:00.000000,1,49.72,BUY
MRNA,2024-01-17T00:00:00.000000,1,49.72,BUY
MRNA,2024-01-18T00:00:00.000000,1,49.72,BUY
MRNA,2024-01-19T00:00:00.000000,1,49.72,BUY
MRNA,2024-01-22T00:00:00.000000,1,48.51,BUY
MRNA,2024-01-23T00:00:00.000000,1,48.51,BUY
MRNA,2024-01-24T00:00:00.000000,0,48.51,SELL
MRNA,2024-01-25T00:00:00.000000,0,48.51,SELL
MRNA,2024-01-26T00:00:00.000000,0,48.51,SELL
MRNA,2024-01-29T00:00:00.000000,0,48.51,SELL
MRNA,2024-01-30T00:00:00.000000,0,48.51,SELL
MRNA,2024-01-31T00:00:00.000000,0,48.51,SELL
MRNA,2024-02-01T00:00:00.000000,0,44.85,SELL
MRNA,2024-02-02T00:00:00.000000,0,44.85,SELL
MRNA,2024-02-05T00:00:00.000000,0,44.85,SELL
MRNA,2024-02-06T00:00:00.000000,0,44.85,SELL
MRNA,2024-02-07T00:00:00.000000,0,44.85,SELL
MRNA,2024-02-08T00:00:00.000000,0,44.85,SELL
MRNA,2024-02-09T00:00:00.000000,0,44.85,SELL
MRNA,2024-02-12T00:00:00.000000,0,44.85,SELL
MRNA,2024-02-13T00:00:00.000000,0,48.51,SELL
MRNA,2024-02-14T00:00:00.000000,0,45.45,SELL
MRNA,2024-02-15T00:00:00.000000,0,44.85,SELL
MRNA,2024-02-16T00:00:00.000000,0,44.85,SELL
MRNA,2024-02-20T00:00:00.000000,0,44.85,SELL
MRNA,2024-02-21T00:00:00.000000,0,40.62,SELL
MRNA,2024-02-22T00:00:00.000000,0,44.85,SELL
MRNA,2024-02-23T00:00:00.000000,0,44.85,SELL
MRNA,2024-02-26T00:00:00.000000,0,38.31,SELL
MRNA,2024-02-27T00:00:00.000000,0,44.85,SELL
MRNA,2024-02-28T00:00:00.000000,0,48.51,SELL
MRNA,2024-02-29T00:00:00.000000,0,48.51,SELL
MRNA,2024-03-01T00:00:00.000000,1,49.72,BUY
MRNA,2024-03-04T00:00:00.000000,1,49.72,BUY
MRNA,2024-03-05T00:00:00.000000,1,49.72,BUY
MRNA,2024-03-06T00:00:00.000000,1,49.72,BUY
MRNA,2024-03-07T00:00:00.000000,1,49.72,BUY
MRNA,2024-03-08T00:00:00.000000,1,49.72,BUY
MRNA,2024-03-11T00:00:00.000000,1,49.72,BUY
MRNA,2024-03-12T00:00:00.000000,1,49.72,BUY
MRNA,2024-03-13T00:00:00.000000,1,49.72,BUY
MRNA,2024-03-14T00:00:00.000000,1,49.72,BUY
MRNA,2024-03-15T00:00:00.000000,1,50.83,BUY
MRNA,2024-03-18T00:00:00.000000,1,50.83,BUY
MRNA,2024-03-19T00:00:00.000000,1,50.83,BUY
MRNA,2024-03-20T00:00:00.000000,1,50.83,BUY
MRNA,2024-03-21T00:00:00.000000,1,50.83,BUY
MRNA,2024-03-22T00:00:00.000000,1,50.83,BUY
MRNA,2024-03-25T00:00:00.000000,1,50.83,BUY
MRNA,2024-03-26T00:00:00.000000,1,49.72,BUY
MRNA,2024-03-27T00:00:00.000000,1,49.72,BUY
MRNA,2024-03-28T00:00:00.000000,1,49.72,BUY
MRNA,2024-04-01T00:00:00.000000,1,49.72,BUY
MRNA,2024-04-02T00:00:00.000000,1,49.72,BUY
MRNA,2024-04-03T00:00:00.000000,1,48.51,BUY
MRNA,2024-04-04T00:00:00.000000,1,48.51,BUY
MRNA,2024-04-05T00:00:00.000000,1,48.51,BUY
MRNA,2024-04-08T00:00:00.000000,1,48.51,BUY
MRNA,2024-04-09T00:00:00.000000,1,48.51,BUY
MRNA,2024-04-10T00:00:00.000000,0,48.51,SELL
MRNA,2024-04-11T00:00:00.000000,0,48.51,SELL
MRNA,2024-04-12T00:00:00.000000,0,48.51,SELL
MRNA,2024-04-15T00:00:00.000000,0,48.51,SELL
MRNA,2024-04-16T00:00:00.000000,0,48.51,SELL
MRNA,2024-04-17T00:00:00.000000,1,48.51,BUY
MRNA,2024-04-18T00:00:00.000000,1,49.72,BUY
MRNA,2024-04-19T00:00:00.000000,1,49.72,BUY
MRNA,2024-04-22T00:00:00.000000,1,49.72,BUY
MRNA,2024-04-23T00:00:00.000000,1,50.83,BUY
MRNA,2024-04-24T00:00:00.000000,1,50.83,BUY
MRNA,2024-04-25T00:00:00.000000,1,50.83,BUY
MRNA,2024-04-26T00:00:00.000000,1,50.83,BUY
MRNA,2024-04-29T00:00:00.000000,1,49.72,BUY
MRNA,2024-04-30T00:00:00.000000,1,49.72,BUY
MRNA,2024-05-01T00:00:00.000000,1,49.72,BUY
MRNA,2024-05-02T00:00:00.000000,1,49.72,BUY
MRNA,2024-05-03T00:00:00.000000,1,49.72,BUY
MRNA,2024-05-06T00:00:00.000000,1,49.72,BUY
MRNA,2024-05-07T00:00:00.000000,1,49.72,BUY
MRNA,2024-05-08T00:00:00.000000,1,50.83,BUY
MRNA,2024-05-09T00:00:00.000000,1,50.83,BUY
MRNA,2024-05-10T00:00:00.000000,1,50.83,BUY
MRNA,2024-05-13T00:00:00.000000,1,50.83,BUY
MRNA,2024-05-14T00:00:00.000000,1,50.83,BUY
MRNA,2024-05-15T00:00:00.000000,1,50.83,BUY
MRNA,2024-05-16T00:00:00.000000,1,50.83,BUY
MRNA,2024-05-17T00:00:00.000000,1,50.83,BUY
MRNA,2024-05-20T00:00:00.000000,1,49.72,BUY
MRNA,2024-05-21T00:00:00.000000,1,49.72,BUY
MRNA,2024-05-22T00:00:00.000000,1,49.72,BUY
MRNA,2024-05-23T00:00:00.000000,1,49.72,BUY
MRNA,2024-05-24T00:00:00.000000,1,50.83,BUY
MRNA,2024-05-28T00:00:00.000000,1,50.83,BUY
MRNA,2024-05-29T00:00:00.000000,1,50.83,BUY
MRNA,2024-05-30T00:00:00.000000,1,50.83,BUY
MRNA,2024-05-31T00:00:00.000000,1,50.83,BUY
MRNA,2024-06-03T00:00:00.000000,1,50.83,BUY
MRNA,2024-06-04T00:00:00.000000,1,50.83,BUY
MRNA,2024-06-05T00:00:00.000000,1,49.72,BUY
MRNA,2024-06-06T00:00:00.000000,1,49.72,BUY
MRNA,2024-06-07T00:00:00.000000,1,48.51,BUY
MRNA,2024-06-10T00:00:00.000000,1,48.51,BUY
MRNA,2024-06-11T00:00:00.000000,1,48.51,BUY
MRNA,2024-06-12T00:00:00.000000,1,48.51,BUY
MRNA,2024-06-13T00:00:00.000000,1,48.51,BUY
MRNA,2024-06-14T00:00:00.000000,1,48.51,BUY
MRNA,2024-06-17T00:00:00.000000,1,48.51,BUY
MRNA,2024-06-18T00:00:00.000000,0,48.51,SELL
MRNA,2024-06-20T00:00:00.000000,0,48.51,SELL
MRNA,2024-06-21T00:00:00.000000,1,48.51,BUY
MRNA,2024-06-24T00:00:00.000000,1,49.72,BUY
MRNA,2024-06-25T00:00:00.000000,1,49.72,BUY
MRNA,2024-06-26T00:00:00.000000,1,49.72,BUY
MRNA,2024-06-27T00:00:00.000000,1,49.72,BUY
MRNA,2024-06-28T00:00:00.000000,1,49.72,BUY
MRNA,2024-07-01T00:00:00.000000,1,49.72,BUY
MRNA,2024-07-02T00:00:00.000000,1,49.72,BUY
MRNA,2024-07-03T00:00:00.000000,1,49.72,BUY
MRNA,2024-07-05T00:00:00.000000,1,48.51,BUY
MRNA,2024-07-08T00:00:00.000000,0,48.51,SELL
MRNA,2024-07-09T00:00:00.000000,0,48.51,SELL
MRNA,2024-07-10T00:00:00.000000,0,48.51,SELL
MRNA,2024-07-11T00:00:00.000000,0,48.51,SELL
MRNA,2024-07-12T00:00:00.000000,0,44.85,SELL
MRNA,2024-07-15T00:00:00.000000,0,48.51,SELL
MRNA,2024-07-16T00:00:00.000000,0,48.51,SELL
MRNA,2024-07-17T00:00:00.000000,0,48.51,SELL
MRNA,2024-07-18T00:00:00.000000,1,48.51,BUY
MRNA,2024-07-19T00:00:00.000000,1,49.72,BUY
MRNA,2024-07-22T00:00:00.000000,1,49.72,BUY
MRNA,2024-07-23T00:00:00.000000,1,49.72,BUY
MRNA,2024-07-24T00:00:00.000000,1,50.83,BUY
MRNA,2024-07-25T00:00:00.000000,1,50.83,BUY
MRNA,2024-07-26T00:00:00.000000,1,50.83,BUY
MRNA,2024-07-29T00:00:00.000000,1,50.83,BUY
MRNA,2024-07-30T00:00:00.000000,1,50.83,BUY
MRNA,2024-07-31T00:00:00.000000,1,50.83,BUY
MRNA,2024-08-01T00:00:00.000000,1,50.83,BUY
MRNA,2024-08-02T00:00:00.000000,1,50.83,BUY
MRNA,2024-08-05T00:00:00.000000,1,50.83,BUY
MRNA,2024-08-06T00:00:00.000000,1,50.83,BUY
MRNA,2024-08-07T00:00:00.000000,1,50.83,BUY
MRNA,2024-08-08T00:00:00.000000,1,50.83,BUY
MRNA,2024-08-09T00:00:00.000000,1,50.83,BUY
MRNA,2024-08-12T00:00:00.000000,1,50.83,BUY
MRNA,2024-08-13T00:00:00.000000,1,50.83,BUY
MRNA,2024-08-14T00:00:00.000000,1,49.72,BUY
MRNA,2024-08-15T00:00:00.000000,1,49.72,BUY
MRNA,2024-08-16T00:00:00.000000,0,48.51,SELL
MRNA,2024-08-19T00:00:00.000000,0,44.85,SELL
MRNA,2024-08-20T00:00:00.000000,0,38.31,SELL
MRNA,2024-08-21T00:00:00.000000,0,38.31,SELL
MRNA,2024-08-22T00:00:00.000000,0,44.85,SELL
MRNA,2024-08-23T00:00:00.000000,0,48.51,SELL
MRNA,2024-08-26T00:00:00.000000,0,48.51,SELL
MRNA,2024-08-27T00:00:00.000000,0,48.51,SELL
MRNA,2024-08-28T00:00:00.000000,0,48.51,SELL
MRNA,2024-08-29T00:00:00.000000,0,48.51,SELL
MRNA,2024-08-30T00:00:00.000000,1,48.51,BUY
MRNA,2024-09-03T00:00:00.000000,1,49.72,BUY
MRNA,2024-09-04T00:00:00.000000,1,49.72,BUY
MRNA,2024-09-05T00:00:00.000000,1,49.72,BUY
MRNA,2024-09-06T00:00:00.000000,1,49.72,BUY
MRNA,2024-09-09T00:00:00.000000,1,49.72,BUY
MRNA,2024-09-10T00:00:00.000000,1,49.72,BUY
MRNA,2024-09-11T00:00:00.000000,1,49.72,BUY
MRNA,2024-09-12T00:00:00.000000,1,49.72,BUY
MRNA,2024-09-13T00:00:00.000000,1,49.72,BUY
MRNA,2024-09-16T00:00:00.000000,1,49.72,BUY
MRNA,2024-09-17T00:00:00.000000,1,50.83,BUY
MRNA,2024-09-18T00:00:00.000000,1,50.83,BUY
MRNA,2024-09-19T00:00:00.000000,1,50.83,BUY
MRNA,2024-09-20T00:00:00.000000,1,50.83,BUY
MRNA,2024-09-23T00:00:00.000000,1,50.83,BUY
MRNA,2024-09-24T00:00:00.000000,1,50.83,BUY
MRNA,2024-09-25T00:00:00.000000,1,50.83,BUY
MRNA,2024-09-26T00:00:00.000000,1,50.83,BUY
MRNA,2024-09-27T00:00:00.000000,1,50.83,BUY
MRNA,2024-09-30T00:00:00.000000,1,50.83,BUY
MRNA,2024-10-01T00:00:00.000000,1,49.72,BUY
MRNA,2024-10-02T00:00:00.000000,1,49.72,BUY
MRNA,2024-10-03T00:00:00.000000,1,49.72,BUY
MRNA,2024-10-04T00:00:00.000000,1,49.72,BUY
MRNA,2024-10-07T00:00:00.000000,1,49.72,BUY
MRNA,2024-10-08T00:00:00.000000,1,49.72,BUY
MRNA,2024-10-09T00:00:00.000000,1,49.72,BUY
MRNA,2024-10-10T00:00:00.000000,1,49.72,BUY
MRNA,2024-10-11T00:00:00.000000,1,49.72,BUY
MRNA,2024-10-14T00:00:00.000000,1,48.51,BUY
MRNA,2024-10-15T00:00:00.000000,0,48.51,SELL
MRNA,2024-10-16T00:00:00.000000,0,48.51,SELL
MRNA,2024-10-17T00:00:00.000000,0,48.51,SELL
MRNA,2024-10-18T00:00:00.000000,0,48.51,SELL
MRNA,2024-10-21T00:00:00.000000,0,48.51,SELL
MRNA,2024-10-22T00:00:00.000000,0,44.85,SELL
MRNA,2024-10-23T00:00:00.000000,0,48.51,SELL
MRNA,2024-10-24T00:00:00.000000,0,48.51,SELL
MRNA,2024-10-25T00:00:00.000000,0,48.51,SELL
MRNA,2024-10-28T00:00:00.000000,0,48.51,SELL
MRNA,2024-10-29T00:00:00.000000,0,48.51,SELL
MRNA,2024-10-30T00:00:00.000000,0,48.51,SELL
MRNA,2024-10-31T00:00:00.000000,0,48.51,SELL
MRNA,2024-11-01T00:00:00.000000,0,48.51,SELL
MRNA,2024-11-04T00:00:00.000000,0,48.51,SELL
MRNA,2024-11-05T00:00:00.000000,1,48.51,BUY
MRNA,2024-11-06T00:00:00.000000,1,49.72,BUY
MRNA,2024-11-07T00:00:00.000000,1,49.72,BUY
MRNA,2024-11-08T00:00:00.000000,1,49.72,BUY
MRNA,2024-11-11T00:00:00.000000,1,48.51,BUY
MRNA,2024-11-12T00:00:00.000000,1,48.51,BUY
MRNA,2024-11-13T00:00:00.000000,0,48.51,SELL
MRNA,2024-11-14T00:00:00.000000,0,44.85,SELL
MRNA,2024-11-15T00:00:00.000000,0,44.85,SELL
MRNA,2024-11-18T00:00:00.000000,0,38.31,SELL
MRNA,2024-11-19T00:00:00.000000,0,38.31,SELL
MRNA,2024-11-20T00:00:00.000000,0,38.31,SELL
MRNA,2024-11-21T00:00:00.000000,0,38.31,SELL
MRNA,2024-11-22T00:00:00.000000,0,38.31,SELL
MRNA,2024-11-25T00:00:00.000000,0,37.93,SELL
MRNA,2024-11-26T00:00:00.000000,0,32.82,SELL
MRNA,2024-11-27T00:00:00.000000,0,38.1,SELL
MRNA,2024-11-29T00:00:00.000000,0,38.31,SELL
MRNA,2024-12-02T00:00:00.000000,0,38.31,SELL
MRNA,2024-12-03T00:00:00.000000,0,44.85,SELL
MRNA,2024-12-04T00:00:00.000000,0,48.51,SELL
MRNA,2024-12-05T00:00:00.000000,0,48.51,SELL
MRNA,2024-12-06T00:00:00.000000,1,48.51,BUY
MRNA,2024-12-09T00:00:00.000000,1,49.72,BUY
MRNA,2024-12-10T00:00:00.000000,1,49.72,BUY
MRNA,2024-12-11T00:00:00.000000,1,49.72,BUY
MRNA,2024-12-12T00:00:00.000000,1,49.72,BUY
MRNA,2024-12-13T00:00:00.000000,1,49.72,BUY
MRNA,2024-12-16T00:00:00.000000,1,49.72,BUY
MRNA,2024-12-17T00:00:00.000000,1,49.72,BUY
MRNA,2024-12-18T00:00:00.000000,1,49.72,BUY
MRNA,2024-12-19T00:00:00.000000,1,49.72,BUY
MRNA,2024-12-20T00:00:00.000000,1,50.83,BUY
MS,2023-02-21T00:00:00.000000,1,49.72,BUY
MS,2023-02-22T00:00:00.000000,1,49.72,BUY
MS,2023-02-23T00:00:00.000000,1,49.72,BUY
MS,2023-02-24T00:00:00.000000,1,49.72,BUY
MS,2023-02-27T00:00:00.000000,1,49.72,BUY
MS,2023-02-28T00:00:00.000000,1,49.72,BUY
MS,2023-03-01T00:00:00.000000,1,49.72,BUY
MS,2023-03-02T00:00:00.000000,1,49.72,BUY
MS,2023-03-03T00:00:00.000000,1,50.83,BUY
MS,2023-03-06T00:00:00.000000,1,50.83,BUY
MS,2023-03-07T00:00:00.000000,1,50.83,BUY
MS,2023-03-08T00:00:00.000000,1,50.83,BUY
MS,2023-03-09T00:00:00.000000,1,49.72,BUY
MS,2023-03-10T00:00:00.000000,1,50.83,BUY
MS,2023-03-13T00:00:00.000000,1,50.83,BUY
MS,2023-03-14T00:00:00.000000,1,50.83,BUY
MS,2023-03-15T00:00:00.000000,1,49.72,BUY
MS,2023-03-16T00:00:00.000000,1,49.72,BUY
MS,2023-03-17T00:00:00.000000,1,49.72,BUY
MS,2023-03-20T00:00:00.000000,1,49.72,BUY
MS,2023-03-21T00:00:00.000000,0,48.51,SELL
MS,2023-03-22T00:00:00.000000,0,44.85,SELL
MS,2023-03-23T00:00:00.000000,0,38.31,SELL
MS,2023-03-24T00:00:00.000000,0,38.31,SELL
MS,2023-03-27T00:00:00.000000,0,38.1,SELL
MS,2023-03-28T00:00:00.000000,0,38.31,SELL
MS,2023-03-29T00:00:00.000000,0,38.1,SELL
MS,2023-03-30T00:00:00.000000,0,38.31,SELL
MS,2023-03-31T00:00:00.000000,0,44.85,SELL
MS,2023-04-03T00:00:00.000000,0,44.85,SELL
MS,2023-04-04T00:00:00.000000,0,48.51,SELL
MS,2023-04-05T00:00:00.000000,0,48.51,SELL
MS,2023-04-06T00:00:00.000000,0,40.62,SELL
MS,2023-04-10T00:00:00.000000,0,38.31,SELL
MS,2023-04-11T00:00:00.000000,0,38.31,SELL
MS,2023-04-12T00:00:00.000000,0,36.84,SELL
MS,2023-04-13T00:00:00.000000,0,38.31,SELL
MS,2023-04-14T00:00:00.000000,0,38.31,SELL
MS,2023-04-17T00:00:00.000000,0,38.31,SELL
MS,2023-04-18T00:00:00.000000,0,44.85,SELL
MS,2023-04-19T00:00:00.000000,0,44.85,SELL
MS,2023-04-20T00:00:00.000000,0,48.51,SELL
MS,2023-04-21T00:00:00.000000,0,48.51,SELL
MS,2023-04-24T00:00:00.000000,1,48.51,BUY
MS,2023-04-25T00:00:00.000000,1,49.72,BUY
MS,2023-04-26T00:00:00.000000,1,49.72,BUY
MS,2023-04-27T00:00:00.000000,1,49.72,BUY
MS,2023-04-28T00:00:00.000000,1,49.72,BUY
MS,2023-05-01T00:00:00.000000,1,49.72,BUY
MS,2023-05-02T00:00:00.000000,1,49.72,BUY
MS,2023-05-03T00:00:00.000000,1,49.72,BUY
MS,2023-05-04T00:00:00.000000,1,49.72,BUY
MS,2023-05-05T00:00:00.000000,1,49.72,BUY
MS,2023-05-08T00:00:00.000000,1,49.72,BUY
MS,2023-05-09T00:00:00.000000,1,49.72,BUY
MS,2023-05-10T00:00:00.000000,1,49.72,BUY
MS,2023-05-11T00:00:00.000000,1,49.72,BUY
MS,2023-05-12T00:00:00.000000,1,48.51,BUY
MS,2023-05-15T00:00:00.000000,1,49.72,BUY
MS,2023-05-16T00:00:00.000000,1,48.51,BUY
MS,2023-05-17T00:00:00.000000,1,48.51,BUY
MS,2023-05-18T00:00:00.000000,0,48.51,SELL
MS,2023-05-19T00:00:00.000000,0,48.51,SELL
MS,2023-05-22T00:00:00.000000,1,48.51,BUY
MS,2023-05-23T00:00:00.000000,1,48.51,BUY
MS,2023-05-24T00:00:00.000000,1,48.51,BUY
MS,2023-05-25T00:00:00.000000,1,48.51,BUY
MS,2023-05-26T00:00:00.000000,1,48.51,BUY
MS,2023-05-30T00:00:00.000000,0,48.51,SELL
MS,2023-05-31T00:00:00.000000,0,48.51,SELL
MS,2023-06-01T00:00:00.000000,0,48.51,SELL
MS,2023-06-02T00:00:00.000000,0,48.51,SELL
MS,2023-06-05T00:00:00.000000,1,48.51,BUY
MS,2023-06-06T00:00:00.000000,0,48.51,SELL
MS,2023-06-07T00:00:00.000000,0,48.51,SELL
MS,2023-06-08T00:00:00.000000,0,48.51,SELL
MS,2023-06-09T00:00:00.000000,0,48.51,SELL
MS,2023-06-12T00:00:00.000000,0,48.51,SELL
MS,2023-06-13T00:00:00.000000,0,44.85,SELL
MS,2023-06-14T00:00:00.000000,0,44.85,SELL
MS,2023-06-15T00:00:00.000000,0,38.31,SELL
MS,2023-06-16T00:00:00.000000,0,38.31,SELL
MS,2023-06-20T00:00:00.000000,0,38.31,SELL
MS,2023-06-21T00:00:00.000000,0,38.31,SELL
MS,2023-06-22T00:00:00.000000,0,44.85,SELL
MS,2023-06-23T00:00:00.000000,0,44.85,SELL
MS,2023-06-26T00:00:00.000000,0,44.85,SELL
MS,2023-06-27T00:00:00.000000,0,45.45,SELL
MS,2023-06-28T00:00:00.000000,0,48.51,SELL
MS,2023-06-29T00:00:00.000000,0,48.51,SELL
MS,2023-06-30T00:00:00.000000,0,48.51,SELL
MS,2023-07-03T00:00:00.000000,0,48.51,SELL
MS,2023-07-05T00:00:00.000000,0,48.51,SELL
MS,2023-07-06T00:00:00.000000,0,48.51,SELL
MS,2023-07-07T00:00:00.000000,0,48.51,SELL
MS,2023-07-10T00:00:00.000000,0,48.51,SELL
MS,2023-07-11T00:00:00.000000,0,48.51,SELL
MS,2023-07-12T00:00:00.000000,0,48.51,SELL
MS,2023-07-13T00:00:00.000000,0,48.51,SELL
MS,2023-07-14T00:00:00.000000,0,48.51,SELL
MS,2023-07-17T00:00:00.000000,0,48.51,SELL
MS,2023-07-18T00:00:00.000000,0,48.51,SELL
MS,2023-07-19T00:00:00.000000,0,44.85,SELL
MS,2023-07-20T00:00:00.000000,0,38.31,SELL
MS,2023-07-21T00:00:00.000000,0,38.31,SELL
MS,2023-07-24T00:00:00.000000,0,36.84,SELL
MS,2023-07-25T00:00:00.000000,0,32.82,SELL
MS,2023-07-26T00:00:00.000000,0,37.93,SELL
MS,2023-07-27T00:00:00.000000,0,38.1,SELL
MS,2023-07-28T00:00:00.000000,0,38.31,SELL
MS,2023-07-31T00:00:00.000000,0,38.31,SELL
MS,2023-08-01T00:00:00.000000,0,38.31,SELL
MS,2023-08-02T00:00:00.000000,0,45.45,SELL
MS,2023-08-03T00:00:00.000000,0,48.51,SELL
MS,2023-08-04T00:00:00.000000,0,48.51,SELL
MS,2023-08-07T00:00:00.000000,0,48.51,SELL
MS,2023-08-08T00:00:00.000000,0,48.51,SELL
MS,2023-08-09T00:00:00.000000,0,48.51,SELL
MS,2023-08-10T00:00:00.000000,0,48.51,SELL
MS,2023-08-11T00:00:00.000000,0,48.51,SELL
MS,2023-08-14T00:00:00.000000,0,48.51,SELL
MS,2023-08-15T00:00:00.000000,0,48.51,SELL
MS,2023-08-16T00:00:00.000000,0,48.51,SELL
MS,2023-08-17T00:00:00.000000,1,48.51,BUY
MS,2023-08-18T00:00:00.000000,1,49.72,BUY
MS,2023-08-21T00:00:00.000000,1,49.72,BUY
MS,2023-08-22T00:00:00.000000,1,49.72,BUY
MS,2023-08-23T00:00:00.000000,1,49.72,BUY
MS,2023-08-24T00:00:00.000000,1,49.72,BUY
MS,2023-08-25T00:00:00.000000,1,49.72,BUY
MS,2023-08-28T00:00:00.000000,1,48.51,BUY
MS,2023-08-29T00:00:00.000000,1,49.72,BUY
MS,2023-08-30T00:00:00.000000,1,49.72,BUY
MS,2023-08-31T00:00:00.000000,1,49.72,BUY
MS,2023-09-01T00:00:00.000000,1,48.51,BUY
MS,2023-09-05T00:00:00.000000,0,48.51,SELL
MS,2023-09-06T00:00:00.000000,0,48.51,SELL
MS,2023-09-07T00:00:00.000000,0,48.51,SELL
MS,2023-09-08T00:00:00.000000,0,48.51,SELL
MS,2023-09-11T00:00:00.000000,0,48.51,SELL
MS,2023-09-12T00:00:00.000000,0,48.51,SELL
MS,2023-09-13T00:00:00.000000,0,48.51,SELL
MS,2023-09-14T00:00:00.000000,0,48.51,SELL
MS,2023-09-15T00:00:00.000000,0,48.51,SELL
MS,2023-09-18T00:00:00.000000,0,48.51,SELL
MS,2023-09-19T00:00:00.000000,0,48.51,SELL
MS,2023-09-20T00:00:00.000000,0,48.51,SELL
MS,2023-09-21T00:00:00.000000,0,48.51,SELL
MS,2023-09-22T00:00:00.000000,0,48.51,SELL
MS,2023-09-25T00:00:00.000000,1,48.51,BUY
MS,2023-09-26T00:00:00.000000,1,48.51,BUY
MS,2023-09-27T00:00:00.000000,1,49.72,BUY
MS,2023-09-28T00:00:00.000000,1,49.72,BUY
MS,2023-09-29T00:00:00.000000,1,50.83,BUY
MS,2023-10-02T00:00:00.000000,1,50.83,BUY
MS,2023-10-03T00:00:00.000000,1,50.83,BUY
MS,2023-10-04T00:00:00.000000,1,50.83,BUY
MS,2023-10-05T00:00:00.000000,1,50.83,BUY
MS,2023-10-06T00:00:00.000000,1,49.72,BUY
MS,2023-10-09T00:00:00.000000,1,49.72,BUY
MS,2023-10-10T00:00:00.000000,1,49.72,BUY
MS,2023-10-11T00:00:00.000000,1,49.72,BUY
MS,2023-10-12T00:00:00.000000,1,48.51,BUY
MS,2023-10-13T00:00:00.000000,0,48.51,SELL
MS,2023-10-16T00:00:00.000000,0,48.51,SELL
MS,2023-10-17T00:00:00.000000,0,48.51,SELL
MS,2023-10-18T00:00:00.000000,0,44.85,SELL
MS,2023-10-19T00:00:00.000000,0,45.45,SELL
MS,2023-10-20T00:00:00.000000,0,48.51,SELL
MS,2023-10-23T00:00:00.000000,0,48.51,SELL
MS,2023-10-24T00:00:00.000000,0,48.51,SELL
MS,2023-10-25T00:00:00.000000,0,48.51,SELL
MS,2023-10-26T00:00:00.000000,0,44.85,SELL
MS,2023-10-27T00:00:00.000000,0,48.51,SELL
MS,2023-10-30T00:00:00.000000,0,48.51,SELL
MS,2023-10-31T00:00:00.000000,0,48.51,SELL
MS,2023-11-01T00:00:00.000000,1,49.72,BUY
MS,2023-11-02T00:00:00.000000,1,49.72,BUY
MS,2023-11-03T00:00:00.000000,1,49.72,BUY
MS,2023-11-06T00:00:00.000000,1,49.72,BUY
MS,2023-11-07T00:00:00.000000,1,49.72,BUY
MS,2023-11-08T00:00:00.000000,1,49.72,BUY
MS,2023-11-09T00:00:00.000000,1,48.51,BUY
MS,2023-11-10T00:00:00.000000,0,48.51,SELL
MS,2023-11-13T00:00:00.000000,0,48.51,SELL
MS,2023-11-14T00:00:00.000000,0,48.51,SELL
MS,2023-11-15T00:00:00.000000,0,48.51,SELL
MS,2023-11-16T00:00:00.000000,0,48.51,SELL
MS,2023-11-17T00:00:00.000000,0,48.51,SELL
MS,2023-11-20T00:00:00.000000,0,48.51,SELL
MS,2023-11-21T00:00:00.000000,0,48.51,SELL
MS,2023-11-22T00:00:00.000000,0,48.51,SELL
MS,2023-11-24T00:00:00.000000,0,48.51,SELL
MS,2023-11-27T00:00:00.000000,0,48.51,SELL
MS,2023-11-28T00:00:00.000000,0,48.51,SELL
MS,2023-11-29T00:00:00.000000,0,48.51,SELL
MS,2023-11-30T00:00:00.000000,1,48.51,BUY
MS,2023-12-01T00:00:00.000000,1,49.72,BUY
MS,2023-12-04T00:00:00.000000,1,49.72,BUY
MS,2023-12-05T00:00:00.000000,1,49.72,BUY
MS,2023-12-06T00:00:00.000000,1,49.72,BUY
MS,2023-12-07T00:00:00.000000,1,48.51,BUY
MS,2023-12-08T00:00:00.000000,1,48.51,BUY
MS,2023-12-11T00:00:00.000000,1,48.51,BUY
MS,2023-12-12T00:00:00.000000,1,48.51,BUY
MS,2023-12-13T00:00:00.000000,1,48.51,BUY
MS,2023-12-14T00:00:00.000000,0,48.51,SELL
MS,2023-12-15T00:00:00.000000,0,48.51,SELL
MS,2023-12-18T00:00:00.000000,0,48.51,SELL
MS,2023-12-19T00:00:00.000000,0,48.51,SELL
MS,2023-12-20T00:00:00.000000,0,48.51,SELL
MS,2023-12-21T00:00:00.000000,0,48.51,SELL
MS,2023-12-22T00:00:00.000000,0,48.51,SELL
MS,2023-12-26T00:00:00.000000,1,48.51,BUY
MS,2023-12-27T00:00:00.000000,1,48.51,BUY
MS,2023-12-28T00:00:00.000000,1,49.72,BUY
MS,2023-12-29T00:00:00.000000,1,49.72,BUY
MS,2024-01-02T00:00:00.000000,1,49.72,BUY
MS,2024-01-03T00:00:00.000000,1,49.72,BUY
MS,2024-01-04T00:00:00.000000,1,49.72,BUY
MS,2024-01-05T00:00:00.000000,1,49.72,BUY
MS,2024-01-08T00:00:00.000000,1,48.51,BUY
MS,2024-01-09T00:00:00.000000,1,48.51,BUY
MS,2024-01-10T00:00:00.000000,1,48.51,BUY
MS,2024-01-11T00:00:00.000000,1,49.72,BUY
MS,2024-01-12T00:00:00.000000,1,49.72,BUY
MS,2024-01-16T00:00:00.000000,1,49.72,BUY
MS,2024-01-17T00:00:00.000000,1,49.72,BUY
MS,2024-01-18T00:00:00.000000,1,48.51,BUY
MS,2024-01-19T00:00:00.000000,0,48.51,SELL
MS,2024-01-22T00:00:00.000000,0,48.51,SELL
MS,2024-01-23T00:00:00.000000,0,48.51,SELL
MS,2024-01-24T00:00:00.000000,0,44.85,SELL
MS,2024-01-25T00:00:00.000000,0,38.31,SELL
MS,2024-01-26T00:00:00.000000,0,36.4,SELL
MS,2024-01-29T00:00:00.000000,0,32.82,SELL
MS,2024-01-30T00:00:00.000000,0,32.82,SELL
MS,2024-01-31T00:00:00.000000,0,32.82,SELL
MS,2024-02-01T00:00:00.000000,0,32.82,SELL
MS,2024-02-02T00:00:00.000000,0,35.29,SELL
MS,2024-02-05T00:00:00.000000,0,38.31,SELL
MS,2024-02-06T00:00:00.000000,0,38.31,SELL
MS,2024-02-07T00:00:00.000000,0,38.31,SELL
MS,2024-02-08T00:00:00.000000,0,38.31,SELL
MS,2024-02-09T00:00:00.000000,0,40.62,SELL
MS,2024-02-12T00:00:00.000000,0,38.31,SELL
MS,2024-02-13T00:00:00.000000,0,44.85,SELL
MS,2024-02-14T00:00:00.000000,0,44.85,SELL
MS,2024-02-15T00:00:00.000000,0,44.85,SELL
MS,2024-02-16T00:00:00.000000,0,44.85,SELL
MS,2024-02-20T00:00:00.000000,0,48.51,SELL
MS,2024-02-21T00:00:00.000000,0,44.85,SELL
MS,2024-02-22T00:00:00.000000,0,48.51,SELL
MS,2024-02-23T00:00:00.000000,0,48.51,SELL
MS,2024-02-26T00:00:00.000000,0,48.51,SELL
MS,2024-02-27T00:00:00.000000,0,48.51,SELL
MS,2024-02-28T00:00:00.000000,0,48.51,SELL
MS,2024-02-29T00:00:00.000000,0,44.85,SELL
MS,2024-03-01T00:00:00.000000,0,44.85,SELL
MS,2024-03-04T00:00:00.000000,0,44.85,SELL
MS,2024-03-05T00:00:00.000000,0,44.85,SELL
MS,2024-03-06T00:00:00.000000,0,44.85,SELL
MS,2024-03-07T00:00:00.000000,0,44.85,SELL
MS,2024-03-08T00:00:00.000000,0,44.85,SELL
MS,2024-03-11T00:00:00.000000,0,48.51,SELL
MS,2024-03-12T00:00:00.000000,0,44.85,SELL
MS,2024-03-13T00:00:00.000000,0,44.85,SELL
MS,2024-03-14T00:00:00.000000,0,44.85,SELL
MS,2024-03-15T00:00:00.000000,0,44.85,SELL
MS,2024-03-18T00:00:00.000000,0,44.85,SELL
MS,2024-03-19T00:00:00.000000,0,44.93,SELL
MS,2024-03-20T00:00:00.000000,0,44.85,SELL
MS,2024-03-21T00:00:00.000000,0,38.31,SELL
MS,2024-03-22T00:00:00.000000,0,38.31,SELL
MS,2024-03-25T00:00:00.000000,0,37.93,SELL
MS,2024-03-26T00:00:00.000000,0,38.31,SELL
MS,2024-03-27T00:00:00.000000,0,38.31,SELL
MS,2024-03-28T00:00:00.000000,0,38.31,SELL
MS,2024-04-01T00:00:00.000000,0,38.31,SELL
MS,2024-04-02T00:00:00.000000,0,38.31,SELL
MS,2024-04-03T00:00:00.000000,0,38.31,SELL
MS,2024-04-04T00:00:00.000000,0,38.31,SELL
MS,2024-04-05T00:00:00.000000,0,44.85,SELL
MS,2024-04-08T00:00:00.000000,0,48.51,SELL
MS,2024-04-09T00:00:00.000000,0,48.51,SELL
MS,2024-04-10T00:00:00.000000,0,44.85,SELL
MS,2024-04-11T00:00:00.000000,0,44.85,SELL
MS,2024-04-12T00:00:00.000000,0,48.51,SELL
MS,2024-04-15T00:00:00.000000,0,48.51,SELL
MS,2024-04-16T00:00:00.000000,0,48.51,SELL
MS,2024-04-17T00:00:00.000000,0,48.51,SELL
MS,2024-04-18T00:00:00.000000,0,48.51,SELL
MS,2024-04-19T00:00:00.000000,0,44.85,SELL
MS,2024-04-22T00:00:00.000000,0,48.51,SELL
MS,2024-04-23T00:00:00.000000,0,48.51,SELL
MS,2024-04-24T00:00:00.000000,1,49.72,BUY
MS,2024-04-25T00:00:00.000000,1,49.72,BUY
MS,2024-04-26T00:00:00.000000,1,49.72,BUY
MS,2024-04-29T00:00:00.000000,1,49.72,BUY
MS,2024-04-30T00:00:00.000000,1,49.72,BUY
MS,2024-05-01T00:00:00.000000,1,49.72,BUY
MS,2024-05-02T00:00:00.000000,1,49.72,BUY
MS,2024-05-03T00:00:00.000000,1,48.51,BUY
MS,2024-05-06T00:00:00.000000,0,48.51,SELL
MS,2024-05-07T00:00:00.000000,0,48.51,SELL
MS,2024-05-08T00:00:00.000000,0,48.51,SELL
MS,2024-05-09T00:00:00.000000,0,44.85,SELL
MS,2024-05-10T00:00:00.000000,0,38.31,SELL
MS,2024-05-13T00:00:00.000000,0,38.1,SELL
MS,2024-05-14T00:00:00.000000,0,37.5,SELL
MS,2024-05-15T00:00:00.000000,0,32.82,SELL
MS,2024-05-16T00:00:00.000000,0,36.84,SELL
MS,2024-05-17T00:00:00.000000,0,38.31,SELL
MS,2024-05-20T00:00:00.000000,0,38.31,SELL
MS,2024-05-21T00:00:00.000000,0,38.31,SELL
MS,2024-05-22T00:00:00.000000,0,44.85,SELL
MS,2024-05-23T00:00:00.000000,0,44.85,SELL
MS,2024-05-24T00:00:00.000000,0,48.51,SELL
MS,2024-05-28T00:00:00.000000,0,48.51,SELL
MS,2024-05-29T00:00:00.000000,0,48.51,SELL
MS,2024-05-30T00:00:00.000000,0,48.51,SELL
MS,2024-05-31T00:00:00.000000,0,48.51,SELL
MS,2024-06-03T00:00:00.000000,0,48.51,SELL
MS,2024-06-04T00:00:00.000000,0,48.51,SELL
MS,2024-06-05T00:00:00.000000,0,48.51,SELL
MS,2024-06-06T00:00:00.000000,0,48.51,SELL
MS,2024-06-07T00:00:00.000000,0,48.51,SELL
MS,2024-06-10T00:00:00.000000,0,48.51,SELL
MS,2024-06-11T00:00:00.000000,0,44.85,SELL
MS,2024-06-12T00:00:00.000000,0,44.85,SELL
MS,2024-06-13T00:00:00.000000,0,44.85,SELL
MS,2024-06-14T00:00:00.000000,0,40.62,SELL
MS,2024-06-17T00:00:00.000000,0,44.85,SELL
MS,2024-06-18T00:00:00.000000,0,38.31,SELL
MS,2024-06-20T00:00:00.000000,0,38.31,SELL
MS,2024-06-21T00:00:00.000000,0,36.84,SELL
MS,2024-06-24T00:00:00.000000,0,37.93,SELL
MS,2024-06-25T00:00:00.000000,0,38.31,SELL
MS,2024-06-26T00:00:00.000000,0,38.31,SELL
MS,2024-06-27T00:00:00.000000,0,38.31,SELL
MS,2024-06-28T00:00:00.000000,0,38.31,SELL
MS,2024-07-01T00:00:00.000000,0,38.31,SELL
MS,2024-07-02T00:00:00.000000,0,40.62,SELL
MS,2024-07-03T00:00:00.000000,0,44.85,SELL
MS,2024-07-05T00:00:00.000000,0,44.85,SELL
MS,2024-07-08T00:00:00.000000,0,48.51,SELL
MS,2024-07-09T00:00:00.000000,0,48.51,SELL
MS,2024-07-10T00:00:00.000000,0,48.51,SELL
MS,2024-07-11T00:00:00.000000,0,48.51,SELL
MS,2024-07-12T00:00:00.000000,0,48.51,SELL
MS,2024-07-15T00:00:00.000000,0,48.51,SELL
MS,2024-07-16T00:00:00.000000,0,48.51,SELL
MS,2024-07-17T00:00:00.000000,0,48.51,SELL
MS,2024-07-18T00:00:00.000000,0,48.51,SELL
MS,2024-07-19T00:00:00.000000,1,48.51,BUY
MS,2024-07-22T00:00:00.000000,1,48.51,BUY
MS,2024-07-23T00:00:00.000000,1,48.51,BUY
MS,2024-07-24T00:00:00.000000,1,49.72,BUY
MS,2024-07-25T00:00:00.000000,1,49.72,BUY
MS,2024-07-26T00:00:00.000000,1,49.72,BUY
MS,2024-07-29T00:00:00.000000,1,49.72,BUY
MS,2024-07-30T00:00:00.000000,1,49.72,BUY
MS,2024-07-31T00:00:00.000000,1,49.72,BUY
MS,2024-08-01T00:00:00.000000,1,49.72,BUY
MS,2024-08-02T00:00:00.000000,1,49.72,BUY
MS,2024-08-05T00:00:00.000000,1,48.51,BUY
MS,2024-08-06T00:00:00.000000,1,49.72,BUY
MS,2024-08-07T00:00:00.000000,1,49.72,BUY
MS,2024-08-08T00:00:00.000000,1,49.72,BUY
MS,2024-08-09T00:00:00.000000,1,49.72,BUY
MS,2024-08-12T00:00:00.000000,1,49.72,BUY
MS,2024-08-13T00:00:00.000000,0,48.51,SELL
MS,2024-08-14T00:00:00.000000,0,48.51,SELL
MS,2024-08-15T00:00:00.000000,0,48.51,SELL
MS,2024-08-16T00:00:00.000000,0,48.51,SELL
MS,2024-08-19T00:00:00.000000,0,44.85,SELL
MS,2024-08-20T00:00:00.000000,0,38.31,SELL
MS,2024-08-21T00:00:00.000000,0,44.85,SELL
MS,2024-08-22T00:00:00.000000,0,38.31,SELL
MS,2024-08-23T00:00:00.000000,0,40.62,SELL
MS,2024-08-26T00:00:00.000000,0,40.62,SELL
MS,2024-08-27T00:00:00.000000,0,44.85,SELL
MS,2024-08-28T00:00:00.000000,0,48.51,SELL
MS,2024-08-29T00:00:00.000000,0,48.51,SELL
MS,2024-08-30T00:00:00.000000,0,48.51,SELL
MS,2024-09-03T00:00:00.000000,0,48.51,SELL
MS,2024-09-04T00:00:00.000000,0,48.51,SELL
MS,2024-09-05T00:00:00.000000,0,48.51,SELL
MS,2024-09-06T00:00:00.000000,0,48.51,SELL
MS,2024-09-09T00:00:00.000000,0,48.51,SELL
MS,2024-09-10T00:00:00.000000,1,48.51,BUY
MS,2024-09-11T00:00:00.000000,1,48.51,BUY
MS,2024-09-12T00:00:00.000000,1,48.51,BUY
MS,2024-09-13T00:00:00.000000,1,48.51,BUY
MS,2024-09-16T00:00:00.000000,1,48.51,BUY
MS,2024-09-17T00:00:00.000000,1,48.51,BUY
MS,2024-09-18T00:00:00.000000,0,48.51,SELL
MS,2024-09-19T00:00:00.000000,0,48.51,SELL
MS,2024-09-20T00:00:00.000000,0,48.51,SELL
MS,2024-09-23T00:00:00.000000,0,44.85,SELL
MS,2024-09-24T00:00:00.000000,0,38.31,SELL
MS,2024-09-25T00:00:00.000000,0,40.62,SELL
MS,2024-09-26T00:00:00.000000,0,44.85,SELL
MS,2024-09-27T00:00:00.000000,0,44.85,SELL
MS,2024-09-30T00:00:00.000000,0,44.85,SELL
MS,2024-10-01T00:00:00.000000,0,48.51,SELL
MS,2024-10-02T00:00:00.000000,0,48.51,SELL
MS,2024-10-03T00:00:00.000000,0,48.51,SELL
MS,2024-10-04T00:00:00.000000,0,48.51,SELL
MS,2024-10-07T00:00:00.000000,0,48.51,SELL
MS,2024-10-08T00:00:00.000000,1,48.51,BUY
MS,2024-10-09T00:00:00.000000,1,48.51,BUY
MS,2024-10-10T00:00:00.000000,1,49.72,BUY
MS,2024-10-11T00:00:00.000000,1,49.72,BUY
MS,2024-10-14T00:00:00.000000,1,49.72,BUY
MS,2024-10-15T00:00:00.000000,1,49.72,BUY
MS,2024-10-16T00:00:00.000000,1,49.72,BUY
MS,2024-10-17T00:00:00.000000,1,49.72,BUY
MS,2024-10-18T00:00:00.000000,1,49.72,BUY
MS,2024-10-21T00:00:00.000000,1,49.72,BUY
MS,2024-10-22T00:00:00.000000,1,48.51,BUY
MS,2024-10-23T00:00:00.000000,0,48.51,SELL
MS,2024-10-24T00:00:00.000000,0,48.51,SELL
MS,2024-10-25T00:00:00.000000,0,48.51,SELL
MS,2024-10-28T00:00:00.000000,0,48.51,SELL
MS,2024-10-29T00:00:00.000000,1,48.51,BUY
MS,2024-10-30T00:00:00.000000,1,48.51,BUY
MS,2024-10-31T00:00:00.000000,1,48.51,BUY
MS,2024-11-01T00:00:00.000000,1,48.51,BUY
MS,2024-11-04T00:00:00.000000,1,48.51,BUY
MS,2024-11-05T00:00:00.000000,0,48.51,SELL
MS,2024-11-06T00:00:00.000000,0,48.51,SELL
MS,2024-11-07T00:00:00.000000,0,48.51,SELL
MS,2024-11-08T00:00:00.000000,0,48.51,SELL
MS,2024-11-11T00:00:00.000000,0,48.51,SELL
MS,2024-11-12T00:00:00.000000,0,44.85,SELL
MS,2024-11-13T00:00:00.000000,0,44.85,SELL
MS,2024-11-14T00:00:00.000000,0,38.31,SELL
MS,2024-11-15T00:00:00.000000,0,38.31,SELL
MS,2024-11-18T00:00:00.000000,0,38.31,SELL
MS,2024-11-19T00:00:00.000000,0,38.31,SELL
MS,2024-11-20T00:00:00.000000,0,38.31,SELL
MS,2024-11-21T00:00:00.000000,0,40.62,SELL
MS,2024-11-22T00:00:00.000000,0,40.62,SELL
MS,2024-11-25T00:00:00.000000,0,44.85,SELL
MS,2024-11-26T00:00:00.000000,0,48.51,SELL
MS,2024-11-27T00:00:00.000000,0,48.51,SELL
MS,2024-11-29T00:00:00.000000,0,48.51,SELL
MS,2024-12-02T00:00:00.000000,0,48.51,SELL
MS,2024-12-03T00:00:00.000000,0,48.51,SELL
MS,2024-12-04T00:00:00.000000,0,48.51,SELL
MS,2024-12-05T00:00:00.000000,0,44.85,SELL
MS,2024-12-06T00:00:00.000000,0,44.85,SELL
MS,2024-12-09T00:00:00.000000,0,44.85,SELL
MS,2024-12-10T00:00:00.000000,0,44.85,SELL
MS,2024-12-11T00:00:00.000000,0,44.85,SELL
MS,2024-12-12T00:00:00.000000,0,48.51,SELL
MS,2024-12-13T00:00:00.000000,0,48.51,SELL
MS,2024-12-16T00:00:00.000000,0,48.51,SELL
MS,2024-12-17T00:00:00.000000,0,48.51,SELL
MS,2024-12-18T00:00:00.000000,0,45.45,SELL
MS,2024-12-19T00:00:00.000000,0,48.51,SELL
MS,2024-12-20T00:00:00.000000,0,48.51,SELL
MSFT,2023-02-21T00:00:00.000000,1,50.83,BUY
MSFT,2023-02-22T00:00:00.000000,1,50.83,BUY
MSFT,2023-02-23T00:00:00.000000,1,50.83,BUY
MSFT,2023-02-24T00:00:00.000000,1,50.83,BUY
MSFT,2023-02-27T00:00:00.000000,1,50.83,BUY
MSFT,2023-02-28T00:00:00.000000,1,50.83,BUY
MSFT,2023-03-01T00:00:00.000000,1,50.83,BUY
MSFT,2023-03-02T00:00:00.000000,1,50.83,BUY
MSFT,2023-03-03T00:00:00.000000,1,50.83,BUY
MSFT,2023-03-06T00:00:00.000000,1,50.83,BUY
MSFT,2023-03-07T00:00:00.000000,1,50.83,BUY
MSFT,2023-03-08T00:00:00.000000,1,50.83,BUY
MSFT,2023-03-09T00:00:00.000000,1,50.83,BUY
MSFT,2023-03-10T00:00:00.000000,1,50.83,BUY
MSFT,2023-03-13T00:00:00.000000,1,50.83,BUY
MSFT,2023-03-14T00:00:00.000000,1,50.83,BUY
MSFT,2023-03-15T00:00:00.000000,1,50.83,BUY
MSFT,2023-03-16T00:00:00.000000,1,50.83,BUY
MSFT,2023-03-17T00:00:00.000000,1,50.83,BUY
MSFT,2023-03-20T00:00:00.000000,1,50.83,BUY
MSFT,2023-03-21T00:00:00.000000,1,50.83,BUY
MSFT,2023-03-22T00:00:00.000000,1,50.83,BUY
MSFT,2023-03-23T00:00:00.000000,1,50.83,BUY
MSFT,2023-03-24T00:00:00.000000,1,50.83,BUY
MSFT,2023-03-27T00:00:00.000000,1,50.83,BUY
MSFT,2023-03-28T00:00:00.000000,1,50.83,BUY
MSFT,2023-03-29T00:00:00.000000,1,50.83,BUY
MSFT,2023-03-30T00:00:00.000000,1,50.83,BUY
MSFT,2023-03-31T00:00:00.000000,1,50.83,BUY
MSFT,2023-04-03T00:00:00.000000,1,49.72,BUY
MSFT,2023-04-04T00:00:00.000000,1,49.72,BUY
MSFT,2023-04-05T00:00:00.000000,1,49.72,BUY
MSFT,2023-04-06T00:00:00.000000,1,49.72,BUY
MSFT,2023-04-10T00:00:00.000000,1,49.72,BUY
MSFT,2023-04-11T00:00:00.000000,1,49.72,BUY
MSFT,2023-04-12T00:00:00.000000,1,49.72,BUY
MSFT,2023-04-13T00:00:00.000000,1,49.72,BUY
MSFT,2023-04-14T00:00:00.000000,1,49.72,BUY
MSFT,2023-04-17T00:00:00.000000,1,49.72,BUY
MSFT,2023-04-18T00:00:00.000000,1,49.72,BUY
MSFT,2023-04-19T00:00:00.000000,1,49.72,BUY
MSFT,2023-04-20T00:00:00.000000,1,49.72,BUY
MSFT,2023-04-21T00:00:00.000000,1,49.72,BUY
MSFT,2023-04-24T00:00:00.000000,1,49.72,BUY
MSFT,2023-04-25T00:00:00.000000,1,49.72,BUY
MSFT,2023-04-26T00:00:00.000000,1,49.72,BUY
MSFT,2023-04-27T00:00:00.000000,1,49.72,BUY
MSFT,2023-04-28T00:00:00.000000,1,49.72,BUY
MSFT,2023-05-01T00:00:00.000000,1,49.72,BUY
MSFT,2023-05-02T00:00:00.000000,1,49.72,BUY
MSFT,2023-05-03T00:00:00.000000,1,49.72,BUY
MSFT,2023-05-04T00:00:00.000000,1,50.83,BUY
MSFT,2023-05-05T00:00:00.000000,1,50.83,BUY
MSFT,2023-05-08T00:00:00.000000,1,50.83,BUY
MSFT,2023-05-09T00:00:00.000000,1,50.83,BUY
MSFT,2023-05-10T00:00:00.000000,1,50.83,BUY
MSFT,2023-05-11T00:00:00.000000,1,50.83,BUY
MSFT,2023-05-12T00:00:00.000000,1,50.83,BUY
MSFT,2023-05-15T00:00:00.000000,1,50.83,BUY
MSFT,2023-05-16T00:00:00.000000,1,50.83,BUY
MSFT,2023-05-17T00:00:00.000000,1,50.83,BUY
MSFT,2023-05-18T00:00:00.000000,1,50.83,BUY
MSFT,2023-05-19T00:00:00.000000,1,49.72,BUY
MSFT,2023-05-22T00:00:00.000000,1,49.72,BUY
MSFT,2023-05-23T00:00:00.000000,1,49.72,BUY
MSFT,2023-05-24T00:00:00.000000,1,49.72,BUY
MSFT,2023-05-25T00:00:00.000000,1,49.72,BUY
MSFT,2023-05-26T00:00:00.000000,1,49.72,BUY
MSFT,2023-05-30T00:00:00.000000,1,49.72,BUY
MSFT,2023-05-31T00:00:00.000000,1,49.72,BUY
MSFT,2023-06-01T00:00:00.000000,1,49.72,BUY
MSFT,2023-06-02T00:00:00.000000,1,49.72,BUY
MSFT,2023-06-05T00:00:00.000000,1,49.72,BUY
MSFT,2023-06-06T00:00:00.000000,1,49.72,BUY
MSFT,2023-06-07T00:00:00.000000,1,49.72,BUY
MSFT,2023-06-08T00:00:00.000000,1,49.72,BUY
MSFT,2023-06-09T00:00:00.000000,1,49.72,BUY
MSFT,2023-06-12T00:00:00.000000,1,49.72,BUY
MSFT,2023-06-13T00:00:00.000000,1,49.72,BUY
MSFT,2023-06-14T00:00:00.000000,1,49.72,BUY
MSFT,2023-06-15T00:00:00.000000,1,49.72,BUY
MSFT,2023-06-16T00:00:00.000000,1,49.72,BUY
MSFT,2023-06-20T00:00:00.000000,1,49.72,BUY
MSFT,2023-06-21T00:00:00.000000,1,49.72,BUY
MSFT,2023-06-22T00:00:00.000000,1,48.51,BUY
MSFT,2023-06-23T00:00:00.000000,1,48.51,BUY
MSFT,2023-06-26T00:00:00.000000,0,48.51,SELL
MSFT,2023-06-27T00:00:00.000000,1,48.51,BUY
MSFT,2023-06-28T00:00:00.000000,1,49.72,BUY
MSFT,2023-06-29T00:00:00.000000,1,49.72,BUY
MSFT,2023-06-30T00:00:00.000000,1,49.72,BUY
MSFT,2023-07-03T00:00:00.000000,1,49.72,BUY
MSFT,2023-07-05T00:00:00.000000,1,49.72,BUY
MSFT,2023-07-06T00:00:00.000000,1,49.72,BUY
MSFT,2023-07-07T00:00:00.000000,1,49.72,BUY
MSFT,2023-07-10T00:00:00.000000,1,49.72,BUY
MSFT,2023-07-11T00:00:00.000000,1,49.72,BUY
MSFT,2023-07-12T00:00:00.000000,1,49.72,BUY
MSFT,2023-07-13T00:00:00.000000,1,49.72,BUY
MSFT,2023-07-14T00:00:00.000000,1,49.72,BUY
MSFT,2023-07-17T00:00:00.000000,1,49.72,BUY
MSFT,2023-07-18T00:00:00.000000,1,48.51,BUY
MSFT,2023-07-19T00:00:00.000000,1,48.51,BUY
MSFT,2023-07-20T00:00:00.000000,0,48.51,SELL
MSFT,2023-07-21T00:00:00.000000,0,48.51,SELL
MSFT,2023-07-24T00:00:00.000000,0,48.51,SELL
MSFT,2023-07-25T00:00:00.000000,0,48.51,SELL
MSFT,2023-07-26T00:00:00.000000,0,48.51,SELL
MSFT,2023-07-27T00:00:00.000000,0,48.51,SELL
MSFT,2023-07-28T00:00:00.000000,1,48.51,BUY
MSFT,2023-07-31T00:00:00.000000,1,48.51,BUY
MSFT,2023-08-01T00:00:00.000000,1,49.72,BUY
MSFT,2023-08-02T00:00:00.000000,1,49.72,BUY
MSFT,2023-08-03T00:00:00.000000,1,49.72,BUY
MSFT,2023-08-04T00:00:00.000000,1,49.72,BUY
MSFT,2023-08-07T00:00:00.000000,1,49.72,BUY
MSFT,2023-08-08T00:00:00.000000,1,49.72,BUY
MSFT,2023-08-09T00:00:00.000000,1,49.72,BUY
MSFT,2023-08-10T00:00:00.000000,1,49.72,BUY
MSFT,2023-08-11T00:00:00.000000,1,50.83,BUY
MSFT,2023-08-14T00:00:00.000000,1,50.83,BUY
MSFT,2023-08-15T00:00:00.000000,1,50.83,BUY
MSFT,2023-08-16T00:00:00.000000,1,50.83,BUY
MSFT,2023-08-17T00:00:00.000000,1,50.83,BUY
MSFT,2023-08-18T00:00:00.000000,1,50.83,BUY
MSFT,2023-08-21T00:00:00.000000,1,50.83,BUY
MSFT,2023-08-22T00:00:00.000000,1,50.83,BUY
MSFT,2023-08-23T00:00:00.000000,1,50.83,BUY
MSFT,2023-08-24T00:00:00.000000,1,50.83,BUY
MSFT,2023-08-25T00:00:00.000000,1,50.83,BUY
MSFT,2023-08-28T00:00:00.000000,1,51.03,BUY
MSFT,2023-08-29T00:00:00.000000,1,53.54,BUY
MSFT,2023-08-30T00:00:00.000000,1,52.76,BUY
MSFT,2023-08-31T00:00:00.000000,1,50.83,BUY
MSFT,2023-09-01T00:00:00.000000,1,50.83,BUY
MSFT,2023-09-05T00:00:00.000000,1,50.83,BUY
MSFT,2023-09-06T00:00:00.000000,1,50.83,BUY
MSFT,2023-09-07T00:00:00.000000,1,50.83,BUY
MSFT,2023-09-08T00:00:00.000000,1,50.83,BUY
MSFT,2023-09-11T00:00:00.000000,1,49.72,BUY
MSFT,2023-09-12T00:00:00.000000,1,49.72,BUY
MSFT,2023-09-13T00:00:00.000000,1,49.72,BUY
MSFT,2023-09-14T00:00:00.000000,1,49.72,BUY
MSFT,2023-09-15T00:00:00.000000,1,49.72,BUY
MSFT,2023-09-18T00:00:00.000000,1,49.72,BUY
MSFT,2023-09-19T00:00:00.000000,1,49.72,BUY
MSFT,2023-09-20T00:00:00.000000,1,49.72,BUY
MSFT,2023-09-21T00:00:00.000000,1,50.0,BUY
MSFT,2023-09-22T00:00:00.000000,1,49.72,BUY
MSFT,2023-09-25T00:00:00.000000,1,49.72,BUY
MSFT,2023-09-26T00:00:00.000000,1,50.83,BUY
MSFT,2023-09-27T00:00:00.000000,1,50.83,BUY
MSFT,2023-09-28T00:00:00.000000,1,50.83,BUY
MSFT,2023-09-29T00:00:00.000000,1,50.83,BUY
MSFT,2023-10-02T00:00:00.000000,1,50.83,BUY
MSFT,2023-10-03T00:00:00.000000,1,50.83,BUY
MSFT,2023-10-04T00:00:00.000000,1,50.83,BUY
MSFT,2023-10-05T00:00:00.000000,1,50.83,BUY
MSFT,2023-10-06T00:00:00.000000,1,50.83,BUY
MSFT,2023-10-09T00:00:00.000000,1,50.83,BUY
MSFT,2023-10-10T00:00:00.000000,1,50.83,BUY
MSFT,2023-10-11T00:00:00.000000,1,50.83,BUY
MSFT,2023-10-12T00:00:00.000000,1,50.83,BUY
MSFT,2023-10-13T00:00:00.000000,1,50.83,BUY
MSFT,2023-10-16T00:00:00.000000,1,50.83,BUY
MSFT,2023-10-17T00:00:00.000000,1,50.83,BUY
MSFT,2023-10-18T00:00:00.000000,1,50.83,BUY
MSFT,2023-10-19T00:00:00.000000,1,49.72,BUY
MSFT,2023-10-20T00:00:00.000000,1,50.83,BUY
MSFT,2023-10-23T00:00:00.000000,1,50.83,BUY
MSFT,2023-10-24T00:00:00.000000,1,50.83,BUY
MSFT,2023-10-25T00:00:00.000000,1,50.83,BUY
MSFT,2023-10-26T00:00:00.000000,1,50.83,BUY
MSFT,2023-10-27T00:00:00.000000,1,50.83,BUY
MSFT,2023-10-30T00:00:00.000000,1,50.83,BUY
MSFT,2023-10-31T00:00:00.000000,1,50.83,BUY
MSFT,2023-11-01T00:00:00.000000,1,50.83,BUY
MSFT,2023-11-02T00:00:00.000000,1,50.83,BUY
MSFT,2023-11-03T00:00:00.000000,1,50.83,BUY
MSFT,2023-11-06T00:00:00.000000,1,50.83,BUY
MSFT,2023-11-07T00:00:00.000000,1,50.83,BUY
MSFT,2023-11-08T00:00:00.000000,1,50.83,BUY
MSFT,2023-11-09T00:00:00.000000,1,49.72,BUY
MSFT,2023-11-10T00:00:00.000000,1,49.72,BUY
MSFT,2023-11-13T00:00:00.000000,1,48.51,BUY
MSFT,2023-11-14T00:00:00.000000,1,48.51,BUY
MSFT,2023-11-15T00:00:00.000000,1,48.51,BUY
MSFT,2023-11-16T00:00:00.000000,1,48.51,BUY
MSFT,2023-11-17T00:00:00.000000,1,49.72,BUY
MSFT,2023-11-20T00:00:00.000000,1,49.72,BUY
MSFT,2023-11-21T00:00:00.000000,1,49.72,BUY
MSFT,2023-11-22T00:00:00.000000,1,49.72,BUY
MSFT,2023-11-24T00:00:00.000000,1,49.72,BUY
MSFT,2023-11-27T00:00:00.000000,1,49.72,BUY
MSFT,2023-11-28T00:00:00.000000,1,49.72,BUY
MSFT,2023-11-29T00:00:00.000000,1,49.72,BUY
MSFT,2023-11-30T00:00:00.000000,1,49.72,BUY
MSFT,2023-12-01T00:00:00.000000,1,49.72,BUY
MSFT,2023-12-04T00:00:00.000000,1,49.72,BUY
MSFT,2023-12-05T00:00:00.000000,1,49.72,BUY
MSFT,2023-12-06T00:00:00.000000,1,49.72,BUY
MSFT,2023-12-07T00:00:00.000000,1,49.72,BUY
MSFT,2023-12-08T00:00:00.000000,1,49.72,BUY
MSFT,2023-12-11T00:00:00.000000,1,49.72,BUY
MSFT,2023-12-12T00:00:00.000000,1,49.72,BUY
MSFT,2023-12-13T00:00:00.000000,1,49.72,BUY
MSFT,2023-12-14T00:00:00.000000,1,49.72,BUY
MSFT,2023-12-15T00:00:00.000000,1,49.72,BUY
MSFT,2023-12-18T00:00:00.000000,1,49.72,BUY
MSFT,2023-12-19T00:00:00.000000,1,49.72,BUY
MSFT,2023-12-20T00:00:00.000000,1,49.72,BUY
MSFT,2023-12-21T00:00:00.000000,1,49.72,BUY
MSFT,2023-12-22T00:00:00.000000,1,49.72,BUY
MSFT,2023-12-26T00:00:00.000000,1,49.72,BUY
MSFT,2023-12-27T00:00:00.000000,1,49.72,BUY
MSFT,2023-12-28T00:00:00.000000,1,49.72,BUY
MSFT,2023-12-29T00:00:00.000000,1,49.72,BUY
MSFT,2024-01-02T00:00:00.000000,1,49.72,BUY
MSFT,2024-01-03T00:00:00.000000,1,49.72,BUY
MSFT,2024-01-04T00:00:00.000000,1,49.72,BUY
MSFT,2024-01-05T00:00:00.000000,1,49.72,BUY
MSFT,2024-01-08T00:00:00.000000,1,49.72,BUY
MSFT,2024-01-09T00:00:00.000000,1,49.72,BUY
MSFT,2024-01-10T00:00:00.000000,1,49.72,BUY
MSFT,2024-01-11T00:00:00.000000,1,49.72,BUY
MSFT,2024-01-12T00:00:00.000000,1,49.72,BUY
MSFT,2024-01-16T00:00:00.000000,1,49.72,BUY
MSFT,2024-01-17T00:00:00.000000,1,49.72,BUY
MSFT,2024-01-18T00:00:00.000000,1,49.72,BUY
MSFT,2024-01-19T00:00:00.000000,1,49.72,BUY
MSFT,2024-01-22T00:00:00.000000,1,49.72,BUY
MSFT,2024-01-23T00:00:00.000000,1,49.72,BUY
MSFT,2024-01-24T00:00:00.000000,1,49.72,BUY
MSFT,2024-01-25T00:00:00.000000,1,50.83,BUY
MSFT,2024-01-26T00:00:00.000000,1,50.83,BUY
MSFT,2024-01-29T00:00:00.000000,1,50.83,BUY
MSFT,2024-01-30T00:00:00.000000,1,50.83,BUY
MSFT,2024-01-31T00:00:00.000000,1,50.83,BUY
MSFT,2024-02-01T00:00:00.000000,1,50.83,BUY
MSFT,2024-02-02T00:00:00.000000,1,50.83,BUY
MSFT,2024-02-05T00:00:00.000000,1,50.83,BUY
MSFT,2024-02-06T00:00:00.000000,1,50.83,BUY
MSFT,2024-02-07T00:00:00.000000,1,50.83,BUY
MSFT,2024-02-08T00:00:00.000000,1,50.83,BUY
MSFT,2024-02-09T00:00:00.000000,1,50.83,BUY
MSFT,2024-02-12T00:00:00.000000,1,50.83,BUY
MSFT,2024-02-13T00:00:00.000000,1,50.83,BUY
MSFT,2024-02-14T00:00:00.000000,1,50.83,BUY
MSFT,2024-02-15T00:00:00.000000,1,50.83,BUY
MSFT,2024-02-16T00:00:00.000000,1,49.72,BUY
MSFT,2024-02-20T00:00:00.000000,1,49.72,BUY
MSFT,2024-02-21T00:00:00.000000,1,49.72,BUY
MSFT,2024-02-22T00:00:00.000000,1,49.72,BUY
MSFT,2024-02-23T00:00:00.000000,1,49.72,BUY
MSFT,2024-02-26T00:00:00.000000,1,49.72,BUY
MSFT,2024-02-27T00:00:00.000000,1,49.72,BUY
MSFT,2024-02-28T00:00:00.000000,1,48.51,BUY
MSFT,2024-02-29T00:00:00.000000,1,48.51,BUY
MSFT,2024-03-01T00:00:00.000000,1,48.51,BUY
MSFT,2024-03-04T00:00:00.000000,1,48.51,BUY
MSFT,2024-03-05T00:00:00.000000,1,48.51,BUY
MSFT,2024-03-06T00:00:00.000000,1,49.72,BUY
MSFT,2024-03-07T00:00:00.000000,1,49.72,BUY
MSFT,2024-03-08T00:00:00.000000,1,49.72,BUY
MSFT,2024-03-11T00:00:00.000000,1,49.72,BUY
MSFT,2024-03-12T00:00:00.000000,1,49.72,BUY
MSFT,2024-03-13T00:00:00.000000,1,49.72,BUY
MSFT,2024-03-14T00:00:00.000000,1,49.72,BUY
MSFT,2024-03-15T00:00:00.000000,1,49.72,BUY
MSFT,2024-03-18T00:00:00.000000,1,49.72,BUY
MSFT,2024-03-19T00:00:00.000000,1,49.72,BUY
MSFT,2024-03-20T00:00:00.000000,1,49.72,BUY
MSFT,2024-03-21T00:00:00.000000,1,49.72,BUY
MSFT,2024-03-22T00:00:00.000000,1,49.72,BUY
MSFT,2024-03-25T00:00:00.000000,1,49.72,BUY
MSFT,2024-03-26T00:00:00.000000,1,49.72,BUY
MSFT,2024-03-27T00:00:00.000000,1,49.72,BUY
MSFT,2024-03-28T00:00:00.000000,1,49.72,BUY
MSFT,2024-04-01T00:00:00.000000,1,49.72,BUY
MSFT,2024-04-02T00:00:00.000000,1,49.72,BUY
MSFT,2024-04-03T00:00:00.000000,1,49.72,BUY
MSFT,2024-04-04T00:00:00.000000,1,49.72,BUY
MSFT,2024-04-05T00:00:00.000000,1,49.72,BUY
MSFT,2024-04-08T00:00:00.000000,1,49.72,BUY
MSFT,2024-04-09T00:00:00.000000,1,49.72,BUY
MSFT,2024-04-10T00:00:00.000000,1,50.83,BUY
MSFT,2024-04-11T00:00:00.000000,1,50.83,BUY
MSFT,2024-04-12T00:00:00.000000,1,50.83,BUY
MSFT,2024-04-15T00:00:00.000000,1,50.83,BUY
MSFT,2024-04-16T00:00:00.000000,1,50.83,BUY
MSFT,2024-04-17T00:00:00.000000,1,50.83,BUY
MSFT,2024-04-18T00:00:00.000000,1,50.83,BUY
MSFT,2024-04-19T00:00:00.000000,1,50.83,BUY
MSFT,2024-04-22T00:00:00.000000,1,50.83,BUY
MSFT,2024-04-23T00:00:00.000000,1,50.83,BUY
MSFT,2024-04-24T00:00:00.000000,1,50.83,BUY
MSFT,2024-04-25T00:00:00.000000,1,50.83,BUY
MSFT,2024-04-26T00:00:00.000000,1,50.83,BUY
MSFT,2024-04-29T00:00:00.000000,1,50.83,BUY
MSFT,2024-04-30T00:00:00.000000,1,50.83,BUY
MSFT,2024-05-01T00:00:00.000000,1,50.83,BUY
MSFT,2024-05-02T00:00:00.000000,1,50.83,BUY
MSFT,2024-05-03T00:00:00.000000,1,50.83,BUY
MSFT,2024-05-06T00:00:00.000000,1,50.83,BUY
MSFT,2024-05-07T00:00:00.000000,1,50.83,BUY
MSFT,2024-05-08T00:00:00.000000,1,50.83,BUY
MSFT,2024-05-09T00:00:00.000000,1,50.83,BUY
MSFT,2024-05-10T00:00:00.000000,1,50.83,BUY
MSFT,2024-05-13T00:00:00.000000,1,50.83,BUY
MSFT,2024-05-14T00:00:00.000000,1,50.83,BUY
MSFT,2024-05-15T00:00:00.000000,1,50.83,BUY
MSFT,2024-05-16T00:00:00.000000,1,49.72,BUY
MSFT,2024-05-17T00:00:00.000000,1,49.72,BUY
MSFT,2024-05-20T00:00:00.000000,1,49.72,BUY
MSFT,2024-05-21T00:00:00.000000,1,49.72,BUY
MSFT,2024-05-22T00:00:00.000000,1,49.72,BUY
MSFT,2024-05-23T00:00:00.000000,1,49.72,BUY
MSFT,2024-05-24T00:00:00.000000,1,49.72,BUY
MSFT,2024-05-28T00:00:00.000000,1,49.72,BUY
MSFT,2024-05-29T00:00:00.000000,1,49.72,BUY
MSFT,2024-05-30T00:00:00.000000,1,50.83,BUY
MSFT,2024-05-31T00:00:00.000000,1,50.83,BUY
MSFT,2024-06-03T00:00:00.000000,1,50.83,BUY
MSFT,2024-06-04T00:00:00.000000,1,50.83,BUY
MSFT,2024-06-05T00:00:00.000000,1,50.83,BUY
MSFT,2024-06-06T00:00:00.000000,1,49.72,BUY
MSFT,2024-06-07T00:00:00.000000,1,49.72,BUY
MSFT,2024-06-10T00:00:00.000000,1,49.72,BUY
MSFT,2024-06-11T00:00:00.000000,1,49.72,BUY
MSFT,2024-06-12T00:00:00.000000,1,50.83,BUY
MSFT,2024-06-13T00:00:00.000000,1,49.72,BUY
MSFT,2024-06-14T00:00:00.000000,1,50.83,BUY
MSFT,2024-06-17T00:00:00.000000,1,49.72,BUY
MSFT,2024-06-18T00:00:00.000000,1,50.83,BUY
MSFT,2024-06-20T00:00:00.000000,1,50.83,BUY
MSFT,2024-06-21T00:00:00.000000,1,50.83,BUY
MSFT,2024-06-24T00:00:00.000000,1,50.83,BUY
MSFT,2024-06-25T00:00:00.000000,1,50.83,BUY
MSFT,2024-06-26T00:00:00.000000,1,50.83,BUY
MSFT,2024-06-27T00:00:00.000000,1,50.83,BUY
MSFT,2024-06-28T00:00:00.000000,1,50.83,BUY
MSFT,2024-07-01T00:00:00.000000,1,50.83,BUY
MSFT,2024-07-02T00:00:00.000000,1,50.83,BUY
MSFT,2024-07-03T00:00:00.000000,1,50.83,BUY
MSFT,2024-07-05T00:00:00.000000,1,50.83,BUY
MSFT,2024-07-08T00:00:00.000000,1,50.83,BUY
MSFT,2024-07-09T00:00:00.000000,1,50.83,BUY
MSFT,2024-07-10T00:00:00.000000,1,50.83,BUY
MSFT,2024-07-11T00:00:00.000000,1,50.83,BUY
MSFT,2024-07-12T00:00:00.000000,1,50.83,BUY
MSFT,2024-07-15T00:00:00.000000,1,50.83,BUY
MSFT,2024-07-16T00:00:00.000000,1,50.83,BUY
MSFT,2024-07-17T00:00:00.000000,1,50.83,BUY
MSFT,2024-07-18T00:00:00.000000,1,50.83,BUY
MSFT,2024-07-19T00:00:00.000000,1,50.83,BUY
MSFT,2024-07-22T00:00:00.000000,1,49.72,BUY
MSFT,2024-07-23T00:00:00.000000,1,49.72,BUY
MSFT,2024-07-24T00:00:00.000000,1,49.72,BUY
MSFT,2024-07-25T00:00:00.000000,1,49.72,BUY
MSFT,2024-07-26T00:00:00.000000,1,49.72,BUY
MSFT,2024-07-29T00:00:00.000000,1,49.72,BUY
MSFT,2024-07-30T00:00:00.000000,1,49.72,BUY
MSFT,2024-07-31T00:00:00.000000,1,49.72,BUY
MSFT,2024-08-01T00:00:00.000000,1,50.83,BUY
MSFT,2024-08-02T00:00:00.000000,1,50.83,BUY
MSFT,2024-08-05T00:00:00.000000,1,50.83,BUY
MSFT,2024-08-06T00:00:00.000000,1,50.83,BUY
MSFT,2024-08-07T00:00:00.000000,1,50.83,BUY
MSFT,2024-08-08T00:00:00.000000,1,50.83,BUY
MSFT,2024-08-09T00:00:00.000000,1,50.83,BUY
MSFT,2024-08-12T00:00:00.000000,1,50.83,BUY
MSFT,2024-08-13T00:00:00.000000,1,50.83,BUY
MSFT,2024-08-14T00:00:00.000000,1,50.83,BUY
MSFT,2024-08-15T00:00:00.000000,1,50.83,BUY
MSFT,2024-08-16T00:00:00.000000,1,50.83,BUY
MSFT,2024-08-19T00:00:00.000000,1,50.83,BUY
MSFT,2024-08-20T00:00:00.000000,1,50.83,BUY
MSFT,2024-08-21T00:00:00.000000,1,50.83,BUY
MSFT,2024-08-22T00:00:00.000000,1,50.83,BUY
MSFT,2024-08-23T00:00:00.000000,1,50.83,BUY
MSFT,2024-08-26T00:00:00.000000,1,50.83,BUY
MSFT,2024-08-27T00:00:00.000000,1,49.72,BUY
MSFT,2024-08-28T00:00:00.000000,1,49.72,BUY
MSFT,2024-08-29T00:00:00.000000,1,49.72,BUY
MSFT,2024-08-30T00:00:00.000000,1,49.72,BUY
MSFT,2024-09-03T00:00:00.000000,1,49.72,BUY
MSFT,2024-09-04T00:00:00.000000,1,49.72,BUY
MSFT,2024-09-05T00:00:00.000000,1,49.72,BUY
MSFT,2024-09-06T00:00:00.000000,1,49.72,BUY
MSFT,2024-09-09T00:00:00.000000,1,49.72,BUY
MSFT,2024-09-10T00:00:00.000000,1,49.72,BUY
MSFT,2024-09-11T00:00:00.000000,1,49.72,BUY
MSFT,2024-09-12T00:00:00.000000,1,50.83,BUY
MSFT,2024-09-13T00:00:00.000000,1,50.83,BUY
MSFT,2024-09-16T00:00:00.000000,1,50.83,BUY
MSFT,2024-09-17T00:00:00.000000,1,50.83,BUY
MSFT,2024-09-18T00:00:00.000000,1,50.83,BUY
MSFT,2024-09-19T00:00:00.000000,1,50.83,BUY
MSFT,2024-09-20T00:00:00.000000,1,50.83,BUY
MSFT,2024-09-23T00:00:00.000000,1,50.83,BUY
MSFT,2024-09-24T00:00:00.000000,1,50.83,BUY
MSFT,2024-09-25T00:00:00.000000,1,50.83,BUY
MSFT,2024-09-26T00:00:00.000000,1,50.83,BUY
MSFT,2024-09-27T00:00:00.000000,1,50.83,BUY
MSFT,2024-09-30T00:00:00.000000,1,50.83,BUY
MSFT,2024-10-01T00:00:00.000000,1,50.83,BUY
MSFT,2024-10-02T00:00:00.000000,1,50.83,BUY
MSFT,2024-10-03T00:00:00.000000,1,50.83,BUY
MSFT,2024-10-04T00:00:00.000000,1,50.83,BUY
MSFT,2024-10-07T00:00:00.000000,1,50.83,BUY
MSFT,2024-10-08T00:00:00.000000,1,50.83,BUY
MSFT,2024-10-09T00:00:00.000000,1,50.83,BUY
MSFT,2024-10-10T00:00:00.000000,1,50.83,BUY
MSFT,2024-10-11T00:00:00.000000,1,50.83,BUY
MSFT,2024-10-14T00:00:00.000000,1,50.83,BUY
MSFT,2024-10-15T00:00:00.000000,1,50.83,BUY
MSFT,2024-10-16T00:00:00.000000,1,50.83,BUY
MSFT,2024-10-17T00:00:00.000000,1,49.72,BUY
MSFT,2024-10-18T00:00:00.000000,1,49.72,BUY
MSFT,2024-10-21T00:00:00.000000,1,49.72,BUY
MSFT,2024-10-22T00:00:00.000000,1,49.72,BUY
MSFT,2024-10-23T00:00:00.000000,1,49.72,BUY
MSFT,2024-10-24T00:00:00.000000,1,49.72,BUY
MSFT,2024-10-25T00:00:00.000000,1,49.72,BUY
MSFT,2024-10-28T00:00:00.000000,1,49.72,BUY
MSFT,2024-10-29T00:00:00.000000,1,49.72,BUY
MSFT,2024-10-30T00:00:00.000000,1,49.72,BUY
MSFT,2024-10-31T00:00:00.000000,1,50.83,BUY
MSFT,2024-11-01T00:00:00.000000,1,50.83,BUY
MSFT,2024-11-04T00:00:00.000000,1,50.83,BUY
MSFT,2024-11-05T00:00:00.000000,1,50.83,BUY
MSFT,2024-11-06T00:00:00.000000,1,50.83,BUY
MSFT,2024-11-07T00:00:00.000000,1,50.83,BUY
MSFT,2024-11-08T00:00:00.000000,1,50.83,BUY
MSFT,2024-11-11T00:00:00.000000,1,49.72,BUY
MSFT,2024-11-12T00:00:00.000000,1,49.72,BUY
MSFT,2024-11-13T00:00:00.000000,1,49.72,BUY
MSFT,2024-11-14T00:00:00.000000,1,49.72,BUY
MSFT,2024-11-15T00:00:00.000000,1,48.51,BUY
MSFT,2024-11-18T00:00:00.000000,1,48.51,BUY
MSFT,2024-11-19T00:00:00.000000,0,48.51,SELL
MSFT,2024-11-20T00:00:00.000000,0,48.51,SELL
MSFT,2024-11-21T00:00:00.000000,1,49.72,BUY
MSFT,2024-11-22T00:00:00.000000,1,49.72,BUY
MSFT,2024-11-25T00:00:00.000000,1,49.72,BUY
MSFT,2024-11-26T00:00:00.000000,1,49.72,BUY
MSFT,2024-11-27T00:00:00.000000,1,49.72,BUY
MSFT,2024-11-29T00:00:00.000000,1,49.72,BUY
MSFT,2024-12-02T00:00:00.000000,1,49.72,BUY
MSFT,2024-12-03T00:00:00.000000,1,49.72,BUY
MSFT,2024-12-04T00:00:00.000000,1,49.72,BUY
MSFT,2024-12-05T00:00:00.000000,1,49.72,BUY
MSFT,2024-12-06T00:00:00.000000,1,49.72,BUY
MSFT,2024-12-09T00:00:00.000000,1,49.72,BUY
MSFT,2024-12-10T00:00:00.000000,1,49.72,BUY
MSFT,2024-12-11T00:00:00.000000,1,49.72,BUY
MSFT,2024-12-12T00:00:00.000000,1,50.83,BUY
MSFT,2024-12-13T00:00:00.000000,1,50.83,BUY
MSFT,2024-12-16T00:00:00.000000,1,50.83,BUY
MSFT,2024-12-17T00:00:00.000000,1,50.83,BUY
MSFT,2024-12-18T00:00:00.000000,1,50.83,BUY
MSFT,2024-12-19T00:00:00.000000,1,50.83,BUY
MSFT,2024-12-20T00:00:00.000000,1,50.83,BUY
NFLX,2023-02-21T00:00:00.000000,1,48.51,BUY
NFLX,2023-02-22T00:00:00.000000,1,48.51,BUY
NFLX,2023-02-23T00:00:00.000000,0,48.51,SELL
NFLX,2023-02-24T00:00:00.000000,0,48.51,SELL
NFLX,2023-02-27T00:00:00.000000,0,48.51,SELL
NFLX,2023-02-28T00:00:00.000000,0,48.51,SELL
NFLX,2023-03-01T00:00:00.000000,0,48.51,SELL
NFLX,2023-03-02T00:00:00.000000,0,45.45,SELL
NFLX,2023-03-03T00:00:00.000000,0,48.51,SELL
NFLX,2023-03-06T00:00:00.000000,0,48.51,SELL
NFLX,2023-03-07T00:00:00.000000,0,48.51,SELL
NFLX,2023-03-08T00:00:00.000000,0,48.51,SELL
NFLX,2023-03-09T00:00:00.000000,0,48.51,SELL
NFLX,2023-03-10T00:00:00.000000,0,48.51,SELL
NFLX,2023-03-13T00:00:00.000000,0,48.51,SELL
NFLX,2023-03-14T00:00:00.000000,0,48.51,SELL
NFLX,2023-03-15T00:00:00.000000,0,48.51,SELL
NFLX,2023-03-16T00:00:00.000000,0,48.51,SELL
NFLX,2023-03-17T00:00:00.000000,0,44.85,SELL
NFLX,2023-03-20T00:00:00.000000,0,48.51,SELL
NFLX,2023-03-21T00:00:00.000000,0,48.51,SELL
NFLX,2023-03-22T00:00:00.000000,0,48.51,SELL
NFLX,2023-03-23T00:00:00.000000,0,48.51,SELL
NFLX,2023-03-24T00:00:00.000000,0,48.51,SELL
NFLX,2023-03-27T00:00:00.000000,0,48.51,SELL
NFLX,2023-03-28T00:00:00.000000,0,48.51,SELL
NFLX,2023-03-29T00:00:00.000000,1,48.51,BUY
NFLX,2023-03-30T00:00:00.000000,1,49.72,BUY
NFLX,2023-03-31T00:00:00.000000,1,49.72,BUY
NFLX,2023-04-03T00:00:00.000000,1,49.72,BUY
NFLX,2023-04-04T00:00:00.000000,1,49.72,BUY
NFLX,2023-04-05T00:00:00.000000,1,49.72,BUY
NFLX,2023-04-06T00:00:00.000000,1,49.72,BUY
NFLX,2023-04-10T00:00:00.000000,1,49.72,BUY
NFLX,2023-04-11T00:00:00.000000,1,49.72,BUY
NFLX,2023-04-12T00:00:00.000000,1,49.72,BUY
NFLX,2023-04-13T00:00:00.000000,1,49.72,BUY
NFLX,2023-04-14T00:00:00.000000,1,49.72,BUY
NFLX,2023-04-17T00:00:00.000000,1,49.72,BUY
NFLX,2023-04-18T00:00:00.000000,1,49.72,BUY
NFLX,2023-04-19T00:00:00.000000,1,49.72,BUY
NFLX,2023-04-20T00:00:00.000000,1,49.72,BUY
NFLX,2023-04-21T00:00:00.000000,1,49.72,BUY
NFLX,2023-04-24T00:00:00.000000,1,49.72,BUY
NFLX,2023-04-25T00:00:00.000000,1,49.72,BUY
NFLX,2023-04-26T00:00:00.000000,1,49.72,BUY
NFLX,2023-04-27T00:00:00.000000,1,48.51,BUY
NFLX,2023-04-28T00:00:00.000000,1,49.72,BUY
NFLX,2023-05-01T00:00:00.000000,1,49.72,BUY
NFLX,2023-05-02T00:00:00.000000,1,49.72,BUY
NFLX,2023-05-03T00:00:00.000000,1,49.72,BUY
NFLX,2023-05-04T00:00:00.000000,1,49.72,BUY
NFLX,2023-05-05T00:00:00.000000,1,49.72,BUY
NFLX,2023-05-08T00:00:00.000000,1,49.72,BUY
NFLX,2023-05-09T00:00:00.000000,1,49.72,BUY
NFLX,2023-05-10T00:00:00.000000,1,48.51,BUY
NFLX,2023-05-11T00:00:00.000000,0,48.51,SELL
NFLX,2023-05-12T00:00:00.000000,0,48.51,SELL
NFLX,2023-05-15T00:00:00.000000,1,48.51,BUY
NFLX,2023-05-16T00:00:00.000000,1,48.51,BUY
NFLX,2023-05-17T00:00:00.000000,1,49.72,BUY
NFLX,2023-05-18T00:00:00.000000,1,49.72,BUY
NFLX,2023-05-19T00:00:00.000000,1,48.51,BUY
NFLX,2023-05-22T00:00:00.000000,1,49.72,BUY
NFLX,2023-05-23T00:00:00.000000,1,49.72,BUY
NFLX,2023-05-24T00:00:00.000000,1,49.72,BUY
NFLX,2023-05-25T00:00:00.000000,1,49.72,BUY
NFLX,2023-05-26T00:00:00.000000,1,49.72,BUY
NFLX,2023-05-30T00:00:00.000000,1,49.72,BUY
NFLX,2023-05-31T00:00:00.000000,1,48.51,BUY
NFLX,2023-06-01T00:00:00.000000,1,48.51,BUY
NFLX,2023-06-02T00:00:00.000000,1,49.72,BUY
NFLX,2023-06-05T00:00:00.000000,1,49.72,BUY
NFLX,2023-06-06T00:00:00.000000,1,49.72,BUY
NFLX,2023-06-07T00:00:00.000000,1,49.72,BUY
NFLX,2023-06-08T00:00:00.000000,1,48.51,BUY
NFLX,2023-06-09T00:00:00.000000,0,48.51,SELL
NFLX,2023-06-12T00:00:00.000000,0,48.51,SELL
NFLX,2023-06-13T00:00:00.000000,0,48.51,SELL
NFLX,2023-06-14T00:00:00.000000,0,48.51,SELL
NFLX,2023-06-15T00:00:00.000000,0,48.51,SELL
NFLX,2023-06-16T00:00:00.000000,0,48.51,SELL
NFLX,2023-06-20T00:00:00.000000,0,48.51,SELL
NFLX,2023-06-21T00:00:00.000000,0,44.85,SELL
NFLX,2023-06-22T00:00:00.000000,0,38.31,SELL
NFLX,2023-06-23T00:00:00.000000,0,38.31,SELL
NFLX,2023-06-26T00:00:00.000000,0,44.85,SELL
NFLX,2023-06-27T00:00:00.000000,0,44.85,SELL
NFLX,2023-06-28T00:00:00.000000,0,48.51,SELL
NFLX,2023-06-29T00:00:00.000000,0,48.51,SELL
NFLX,2023-06-30T00:00:00.000000,0,48.51,SELL
NFLX,2023-07-03T00:00:00.000000,0,45.45,SELL
NFLX,2023-07-05T00:00:00.000000,0,40.62,SELL
NFLX,2023-07-06T00:00:00.000000,0,38.31,SELL
NFLX,2023-07-07T00:00:00.000000,0,37.93,SELL
NFLX,2023-07-10T00:00:00.000000,0,36.84,SELL
NFLX,2023-07-11T00:00:00.000000,0,36.84,SELL
NFLX,2023-07-12T00:00:00.000000,0,32.82,SELL
NFLX,2023-07-13T00:00:00.000000,0,32.82,SELL
NFLX,2023-07-14T00:00:00.000000,0,32.82,SELL
NFLX,2023-07-17T00:00:00.000000,0,32.82,SELL
NFLX,2023-07-18T00:00:00.000000,0,36.84,SELL
NFLX,2023-07-19T00:00:00.000000,0,38.1,SELL
NFLX,2023-07-20T00:00:00.000000,0,37.93,SELL
NFLX,2023-07-21T00:00:00.000000,0,38.1,SELL
NFLX,2023-07-24T00:00:00.000000,0,38.31,SELL
NFLX,2023-07-25T00:00:00.000000,0,38.31,SELL
NFLX,2023-07-26T00:00:00.000000,0,38.31,SELL
NFLX,2023-07-27T00:00:00.000000,0,44.85,SELL
NFLX,2023-07-28T00:00:00.000000,0,48.51,SELL
NFLX,2023-07-31T00:00:00.000000,0,48.51,SELL
NFLX,2023-08-01T00:00:00.000000,0,48.51,SELL
NFLX,2023-08-02T00:00:00.000000,0,48.51,SELL
NFLX,2023-08-03T00:00:00.000000,0,44.85,SELL
NFLX,2023-08-04T00:00:00.000000,0,40.62,SELL
NFLX,2023-08-07T00:00:00.000000,0,38.31,SELL
NFLX,2023-08-08T00:00:00.000000,0,38.31,SELL
NFLX,2023-08-09T00:00:00.000000,0,38.31,SELL
NFLX,2023-08-10T00:00:00.000000,0,38.31,SELL
NFLX,2023-08-11T00:00:00.000000,0,44.85,SELL
NFLX,2023-08-14T00:00:00.000000,0,48.51,SELL
NFLX,2023-08-15T00:00:00.000000,0,48.51,SELL
NFLX,2023-08-16T00:00:00.000000,0,48.51,SELL
NFLX,2023-08-17T00:00:00.000000,0,48.51,SELL
NFLX,2023-08-18T00:00:00.000000,0,48.51,SELL
NFLX,2023-08-21T00:00:00.000000,0,48.51,SELL
NFLX,2023-08-22T00:00:00.000000,1,49.72,BUY
NFLX,2023-08-23T00:00:00.000000,1,49.72,BUY
NFLX,2023-08-24T00:00:00.000000,1,48.51,BUY
NFLX,2023-08-25T00:00:00.000000,1,48.51,BUY
NFLX,2023-08-28T00:00:00.000000,0,48.51,SELL
NFLX,2023-08-29T00:00:00.000000,1,49.72,BUY
NFLX,2023-08-30T00:00:00.000000,1,48.51,BUY
NFLX,2023-08-31T00:00:00.000000,0,48.51,SELL
NFLX,2023-09-01T00:00:00.000000,0,48.51,SELL
NFLX,2023-09-05T00:00:00.000000,0,48.51,SELL
NFLX,2023-09-06T00:00:00.000000,0,48.51,SELL
NFLX,2023-09-07T00:00:00.000000,0,48.51,SELL
NFLX,2023-09-08T00:00:00.000000,0,48.51,SELL
NFLX,2023-09-11T00:00:00.000000,0,48.51,SELL
NFLX,2023-09-12T00:00:00.000000,0,48.51,SELL
NFLX,2023-09-13T00:00:00.000000,0,48.51,SELL
NFLX,2023-09-14T00:00:00.000000,0,48.51,SELL
NFLX,2023-09-15T00:00:00.000000,0,48.51,SELL
NFLX,2023-09-18T00:00:00.000000,0,48.51,SELL
NFLX,2023-09-19T00:00:00.000000,0,48.51,SELL
NFLX,2023-09-20T00:00:00.000000,0,48.51,SELL
NFLX,2023-09-21T00:00:00.000000,0,48.51,SELL
NFLX,2023-09-22T00:00:00.000000,0,48.51,SELL
NFLX,2023-09-25T00:00:00.000000,0,48.51,SELL
NFLX,2023-09-26T00:00:00.000000,0,48.51,SELL
NFLX,2023-09-27T00:00:00.000000,0,48.51,SELL
NFLX,2023-09-28T00:00:00.000000,0,48.51,SELL
NFLX,2023-09-29T00:00:00.000000,0,48.51,SELL
NFLX,2023-10-02T00:00:00.000000,1,48.51,BUY
NFLX,2023-10-03T00:00:00.000000,1,49.72,BUY
NFLX,2023-10-04T00:00:00.000000,1,50.83,BUY
NFLX,2023-10-05T00:00:00.000000,1,50.83,BUY
NFLX,2023-10-06T00:00:00.000000,1,49.72,BUY
NFLX,2023-10-09T00:00:00.000000,1,49.72,BUY
NFLX,2023-10-10T00:00:00.000000,1,49.72,BUY
NFLX,2023-10-11T00:00:00.000000,1,49.72,BUY
NFLX,2023-10-12T00:00:00.000000,1,48.51,BUY
NFLX,2023-10-13T00:00:00.000000,1,48.51,BUY
NFLX,2023-10-16T00:00:00.000000,0,48.51,SELL
NFLX,2023-10-17T00:00:00.000000,0,48.51,SELL
NFLX,2023-10-18T00:00:00.000000,0,45.45,SELL
NFLX,2023-10-19T00:00:00.000000,0,44.85,SELL
NFLX,2023-10-20T00:00:00.000000,0,44.85,SELL
NFLX,2023-10-23T00:00:00.000000,0,48.51,SELL
NFLX,2023-10-24T00:00:00.000000,0,48.51,SELL
NFLX,2023-10-25T00:00:00.000000,1,48.51,BUY
NFLX,2023-10-26T00:00:00.000000,1,49.72,BUY
NFLX,2023-10-27T00:00:00.000000,1,49.72,BUY
NFLX,2023-10-30T00:00:00.000000,1,50.83,BUY
NFLX,2023-10-31T00:00:00.000000,1,50.83,BUY
NFLX,2023-11-01T00:00:00.000000,1,50.83,BUY
NFLX,2023-11-02T00:00:00.000000,1,50.83,BUY
NFLX,2023-11-03T00:00:00.000000,1,50.83,BUY
NFLX,2023-11-06T00:00:00.000000,1,50.83,BUY
NFLX,2023-11-07T00:00:00.000000,1,50.83,BUY
NFLX,2023-11-08T00:00:00.000000,1,49.72,BUY
NFLX,2023-11-09T00:00:00.000000,0,48.51,SELL
NFLX,2023-11-10T00:00:00.000000,0,48.51,SELL
NFLX,2023-11-13T00:00:00.000000,0,38.31,SELL
NFLX,2023-11-14T00:00:00.000000,0,38.31,SELL
NFLX,2023-11-15T00:00:00.000000,0,38.31,SELL
NFLX,2023-11-16T00:00:00.000000,0,38.31,SELL
NFLX,2023-11-17T00:00:00.000000,0,38.31,SELL
NFLX,2023-11-20T00:00:00.000000,0,38.31,SELL
NFLX,2023-11-21T00:00:00.000000,0,38.31,SELL
NFLX,2023-11-22T00:00:00.000000,0,38.31,SELL
NFLX,2023-11-24T00:00:00.000000,0,38.31,SELL
NFLX,2023-11-27T00:00:00.000000,0,38.31,SELL
NFLX,2023-11-28T00:00:00.000000,0,38.31,SELL
NFLX,2023-11-29T00:00:00.000000,0,44.85,SELL
NFLX,2023-11-30T00:00:00.000000,0,48.51,SELL
NFLX,2023-12-01T00:00:00.000000,0,48.51,SELL
NFLX,2023-12-04T00:00:00.000000,0,48.51,SELL
NFLX,2023-12-05T00:00:00.000000,1,48.51,BUY
NFLX,2023-12-06T00:00:00.000000,1,49.72,BUY
NFLX,2023-12-07T00:00:00.000000,1,49.72,BUY
NFLX,2023-12-08T00:00:00.000000,1,49.72,BUY
NFLX,2023-12-11T00:00:00.000000,1,48.51,BUY
NFLX,2023-12-12T00:00:00.000000,0,48.51,SELL
NFLX,2023-12-13T00:00:00.000000,0,48.51,SELL
NFLX,2023-12-14T00:00:00.000000,0,44.85,SELL
NFLX,2023-12-15T00:00:00.000000,0,38.31,SELL
NFLX,2023-12-18T00:00:00.000000,0,38.31,SELL
NFLX,2023-12-19T00:00:00.000000,0,32.82,SELL
NFLX,2023-12-20T00:00:00.000000,0,32.82,SELL
NFLX,2023-12-21T00:00:00.000000,0,32.82,SELL
NFLX,2023-12-22T00:00:00.000000,0,32.82,SELL
NFLX,2023-12-26T00:00:00.000000,0,32.82,SELL
NFLX,2023-12-27T00:00:00.000000,0,32.82,SELL
NFLX,2023-12-28T00:00:00.000000,0,32.82,SELL
NFLX,2023-12-29T00:00:00.000000,0,32.82,SELL
NFLX,2024-01-02T00:00:00.000000,0,32.82,SELL
NFLX,2024-01-03T00:00:00.000000,0,32.82,SELL
NFLX,2024-01-04T00:00:00.000000,0,32.82,SELL
NFLX,2024-01-05T00:00:00.000000,0,38.31,SELL
NFLX,2024-01-08T00:00:00.000000,0,38.31,SELL
NFLX,2024-01-09T00:00:00.000000,0,38.31,SELL
NFLX,2024-01-10T00:00:00.000000,0,38.31,SELL
NFLX,2024-01-11T00:00:00.000000,0,38.31,SELL
NFLX,2024-01-12T00:00:00.000000,0,38.31,SELL
NFLX,2024-01-16T00:00:00.000000,0,38.31,SELL
NFLX,2024-01-17T00:00:00.000000,0,44.85,SELL
NFLX,2024-01-18T00:00:00.000000,0,44.85,SELL
NFLX,2024-01-19T00:00:00.000000,0,48.51,SELL
NFLX,2024-01-22T00:00:00.000000,0,48.51,SELL
NFLX,2024-01-23T00:00:00.000000,0,44.85,SELL
NFLX,2024-01-24T00:00:00.000000,0,48.51,SELL
NFLX,2024-01-25T00:00:00.000000,0,45.45,SELL
NFLX,2024-01-26T00:00:00.000000,0,44.85,SELL
NFLX,2024-01-29T00:00:00.000000,0,48.51,SELL
NFLX,2024-01-30T00:00:00.000000,0,48.51,SELL
NFLX,2024-01-31T00:00:00.000000,0,48.51,SELL
NFLX,2024-02-01T00:00:00.000000,1,48.51,BUY
NFLX,2024-02-02T00:00:00.000000,1,49.72,BUY
NFLX,2024-02-05T00:00:00.000000,1,49.72,BUY
NFLX,2024-02-06T00:00:00.000000,1,49.72,BUY
NFLX,2024-02-07T00:00:00.000000,1,49.72,BUY
NFLX,2024-02-08T00:00:00.000000,1,49.72,BUY
NFLX,2024-02-09T00:00:00.000000,1,49.72,BUY
NFLX,2024-02-12T00:00:00.000000,1,49.72,BUY
NFLX,2024-02-13T00:00:00.000000,1,49.72,BUY
NFLX,2024-02-14T00:00:00.000000,1,48.51,BUY
NFLX,2024-02-15T00:00:00.000000,0,48.51,SELL
NFLX,2024-02-16T00:00:00.000000,0,48.51,SELL
NFLX,2024-02-20T00:00:00.000000,0,44.85,SELL
NFLX,2024-02-21T00:00:00.000000,0,40.62,SELL
NFLX,2024-02-22T00:00:00.000000,0,38.31,SELL
NFLX,2024-02-23T00:00:00.000000,0,38.1,SELL
NFLX,2024-02-26T00:00:00.000000,0,36.84,SELL
NFLX,2024-02-27T00:00:00.000000,0,32.82,SELL
NFLX,2024-02-28T00:00:00.000000,0,32.82,SELL
NFLX,2024-02-29T00:00:00.000000,0,32.82,SELL
NFLX,2024-03-01T00:00:00.000000,0,32.82,SELL
NFLX,2024-03-04T00:00:00.000000,0,32.82,SELL
NFLX,2024-03-05T00:00:00.000000,0,32.82,SELL
NFLX,2024-03-06T00:00:00.000000,0,32.82,SELL
NFLX,2024-03-07T00:00:00.000000,0,32.82,SELL
NFLX,2024-03-08T00:00:00.000000,0,32.82,SELL
NFLX,2024-03-11T00:00:00.000000,0,32.82,SELL
NFLX,2024-03-12T00:00:00.000000,0,32.82,SELL
NFLX,2024-03-13T00:00:00.000000,0,36.84,SELL
NFLX,2024-03-14T00:00:00.000000,0,38.31,SELL
NFLX,2024-03-15T00:00:00.000000,0,38.31,SELL
NFLX,2024-03-18T00:00:00.000000,0,38.31,SELL
NFLX,2024-03-19T00:00:00.000000,0,38.31,SELL
NFLX,2024-03-20T00:00:00.000000,0,38.31,SELL
NFLX,2024-03-21T00:00:00.000000,0,38.31,SELL
NFLX,2024-03-22T00:00:00.000000,0,38.31,SELL
NFLX,2024-03-25T00:00:00.000000,0,37.93,SELL
NFLX,2024-03-26T00:00:00.000000,0,32.82,SELL
NFLX,2024-03-27T00:00:00.000000,0,32.82,SELL
NFLX,2024-03-28T00:00:00.000000,0,32.82,SELL
NFLX,2024-04-01T00:00:00.000000,0,32.82,SELL
NFLX,2024-04-02T00:00:00.000000,0,32.82,SELL
NFLX,2024-04-03T00:00:00.000000,0,32.82,SELL
NFLX,2024-04-04T00:00:00.000000,0,32.82,SELL
NFLX,2024-04-05T00:00:00.000000,0,32.82,SELL
NFLX,2024-04-08T00:00:00.000000,0,32.82,SELL
NFLX,2024-04-09T00:00:00.000000,0,32.82,SELL
NFLX,2024-04-10T00:00:00.000000,0,37.5,SELL
NFLX,2024-04-11T00:00:00.000000,0,38.31,SELL
NFLX,2024-04-12T00:00:00.000000,0,38.31,SELL
NFLX,2024-04-15T00:00:00.000000,0,38.31,SELL
NFLX,2024-04-16T00:00:00.000000,0,44.85,SELL
NFLX,2024-04-17T00:00:00.000000,0,48.51,SELL
NFLX,2024-04-18T00:00:00.000000,1,49.72,BUY
NFLX,2024-04-19T00:00:00.000000,1,48.51,BUY
NFLX,2024-04-22T00:00:00.000000,1,49.72,BUY
NFLX,2024-04-23T00:00:00.000000,1,49.72,BUY
NFLX,2024-04-24T00:00:00.000000,0,48.51,SELL
NFLX,2024-04-25T00:00:00.000000,1,48.51,BUY
NFLX,2024-04-26T00:00:00.000000,1,49.72,BUY
NFLX,2024-04-29T00:00:00.000000,1,48.51,BUY
NFLX,2024-04-30T00:00:00.000000,0,48.51,SELL
NFLX,2024-05-01T00:00:00.000000,0,44.85,SELL
NFLX,2024-05-02T00:00:00.000000,0,38.31,SELL
NFLX,2024-05-03T00:00:00.000000,0,36.84,SELL
NFLX,2024-05-06T00:00:00.000000,0,32.82,SELL
NFLX,2024-05-07T00:00:00.000000,0,35.29,SELL
NFLX,2024-05-08T00:00:00.000000,0,38.31,SELL
NFLX,2024-05-09T00:00:00.000000,0,38.31,SELL
NFLX,2024-05-10T00:00:00.000000,0,48.51,SELL
NFLX,2024-05-13T00:00:00.000000,0,48.51,SELL
NFLX,2024-05-14T00:00:00.000000,0,48.51,SELL
NFLX,2024-05-15T00:00:00.000000,0,48.51,SELL
NFLX,2024-05-16T00:00:00.000000,0,48.51,SELL
NFLX,2024-05-17T00:00:00.000000,0,48.51,SELL
NFLX,2024-05-20T00:00:00.000000,1,48.51,BUY
NFLX,2024-05-21T00:00:00.000000,1,48.51,BUY
NFLX,2024-05-22T00:00:00.000000,1,48.51,BUY
NFLX,2024-05-23T00:00:00.000000,1,49.72,BUY
NFLX,2024-05-24T00:00:00.000000,1,49.72,BUY
NFLX,2024-05-28T00:00:00.000000,1,49.72,BUY
NFLX,2024-05-29T00:00:00.000000,1,49.72,BUY
NFLX,2024-05-30T00:00:00.000000,1,49.72,BUY
NFLX,2024-05-31T00:00:00.000000,1,49.72,BUY
NFLX,2024-06-03T00:00:00.000000,1,49.72,BUY
NFLX,2024-06-04T00:00:00.000000,1,49.72,BUY
NFLX,2024-06-05T00:00:00.000000,1,49.72,BUY
NFLX,2024-06-06T00:00:00.000000,1,49.72,BUY
NFLX,2024-06-07T00:00:00.000000,1,49.72,BUY
NFLX,2024-06-10T00:00:00.000000,1,49.72,BUY
NFLX,2024-06-11T00:00:00.000000,1,49.72,BUY
NFLX,2024-06-12T00:00:00.000000,1,48.51,BUY
NFLX,2024-06-13T00:00:00.000000,1,48.51,BUY
NFLX,2024-06-14T00:00:00.000000,0,48.51,SELL
NFLX,2024-06-17T00:00:00.000000,0,48.51,SELL
NFLX,2024-06-18T00:00:00.000000,0,48.51,SELL
NFLX,2024-06-20T00:00:00.000000,0,48.51,SELL
NFLX,2024-06-21T00:00:00.000000,0,48.51,SELL
NFLX,2024-06-24T00:00:00.000000,0,48.51,SELL
NFLX,2024-06-25T00:00:00.000000,1,48.51,BUY
NFLX,2024-06-26T00:00:00.000000,1,48.51,BUY
NFLX,2024-06-27T00:00:00.000000,1,49.72,BUY
NFLX,2024-06-28T00:00:00.000000,1,49.72,BUY
NFLX,2024-07-01T00:00:00.000000,1,49.72,BUY
NFLX,2024-07-02T00:00:00.000000,1,49.72,BUY
NFLX,2024-07-03T00:00:00.000000,1,49.72,BUY
NFLX,2024-07-05T00:00:00.000000,1,49.72,BUY
NFLX,2024-07-08T00:00:00.000000,1,49.72,BUY
NFLX,2024-07-09T00:00:00.000000,1,48.51,BUY
NFLX,2024-07-10T00:00:00.000000,1,48.51,BUY
NFLX,2024-07-11T00:00:00.000000,1,48.51,BUY
NFLX,2024-07-12T00:00:00.000000,1,48.51,BUY
NFLX,2024-07-15T00:00:00.000000,1,48.51,BUY
NFLX,2024-07-16T00:00:00.000000,1,48.51,BUY
NFLX,2024-07-17T00:00:00.000000,1,48.51,BUY
NFLX,2024-07-18T00:00:00.000000,1,48.51,BUY
NFLX,2024-07-19T00:00:00.000000,0,48.51,SELL
NFLX,2024-07-22T00:00:00.000000,0,48.51,SELL
NFLX,2024-07-23T00:00:00.000000,0,48.51,SELL
NFLX,2024-07-24T00:00:00.000000,0,38.31,SELL
NFLX,2024-07-25T00:00:00.000000,0,38.31,SELL
NFLX,2024-07-26T00:00:00.000000,0,38.31,SELL
NFLX,2024-07-29T00:00:00.000000,0,38.31,SELL
NFLX,2024-07-30T00:00:00.000000,0,45.45,SELL
NFLX,2024-07-31T00:00:00.000000,0,48.51,SELL
NFLX,2024-08-01T00:00:00.000000,1,49.72,BUY
NFLX,2024-08-02T00:00:00.000000,1,49.72,BUY
NFLX,2024-08-05T00:00:00.000000,1,49.72,BUY
NFLX,2024-08-06T00:00:00.000000,1,49.72,BUY
NFLX,2024-08-07T00:00:00.000000,1,50.83,BUY
NFLX,2024-08-08T00:00:00.000000,1,49.72,BUY
NFLX,2024-08-09T00:00:00.000000,1,49.72,BUY
NFLX,2024-08-12T00:00:00.000000,1,49.72,BUY
NFLX,2024-08-13T00:00:00.000000,1,49.72,BUY
NFLX,2024-08-14T00:00:00.000000,1,49.72,BUY
NFLX,2024-08-15T00:00:00.000000,1,49.72,BUY
NFLX,2024-08-16T00:00:00.000000,1,49.72,BUY
NFLX,2024-08-19T00:00:00.000000,0,48.51,SELL
NFLX,2024-08-20T00:00:00.000000,0,48.51,SELL
NFLX,2024-08-21T00:00:00.000000,0,44.85,SELL
NFLX,2024-08-22T00:00:00.000000,0,38.31,SELL
NFLX,2024-08-23T00:00:00.000000,0,38.31,SELL
NFLX,2024-08-26T00:00:00.000000,0,38.31,SELL
NFLX,2024-08-27T00:00:00.000000,0,38.31,SELL
NFLX,2024-08-28T00:00:00.000000,0,38.31,SELL
NFLX,2024-08-29T00:00:00.000000,0,44.85,SELL
NFLX,2024-08-30T00:00:00.000000,0,44.85,SELL
NFLX,2024-09-03T00:00:00.000000,0,48.51,SELL
NFLX,2024-09-04T00:00:00.000000,0,48.51,SELL
NFLX,2024-09-05T00:00:00.000000,0,48.51,SELL
NFLX,2024-09-06T00:00:00.000000,0,48.51,SELL
NFLX,2024-09-09T00:00:00.000000,0,48.51,SELL
NFLX,2024-09-10T00:00:00.000000,0,48.51,SELL
NFLX,2024-09-11T00:00:00.000000,0,48.51,SELL
NFLX,2024-09-12T00:00:00.000000,0,48.51,SELL
NFLX,2024-09-13T00:00:00.000000,0,48.51,SELL
NFLX,2024-09-16T00:00:00.000000,0,48.51,SELL
NFLX,2024-09-17T00:00:00.000000,0,48.51,SELL
NFLX,2024-09-18T00:00:00.000000,0,48.51,SELL
NFLX,2024-09-19T00:00:00.000000,0,48.51,SELL
NFLX,2024-09-20T00:00:00.000000,0,44.85,SELL
NFLX,2024-09-23T00:00:00.000000,0,38.31,SELL
NFLX,2024-09-24T00:00:00.000000,0,38.31,SELL
NFLX,2024-09-25T00:00:00.000000,0,36.84,SELL
NFLX,2024-09-26T00:00:00.000000,0,35.29,SELL
NFLX,2024-09-27T00:00:00.000000,0,32.82,SELL
NFLX,2024-09-30T00:00:00.000000,0,36.84,SELL
NFLX,2024-10-01T00:00:00.000000,0,37.93,SELL
NFLX,2024-10-02T00:00:00.000000,0,38.31,SELL
NFLX,2024-10-03T00:00:00.000000,0,38.31,SELL
NFLX,2024-10-04T00:00:00.000000,0,38.31,SELL
NFLX,2024-10-07T00:00:00.000000,0,40.62,SELL
NFLX,2024-10-08T00:00:00.000000,0,44.85,SELL
NFLX,2024-10-09T00:00:00.000000,0,48.51,SELL
NFLX,2024-10-10T00:00:00.000000,0,48.51,SELL
NFLX,2024-10-11T00:00:00.000000,0,48.51,SELL
NFLX,2024-10-14T00:00:00.000000,0,48.51,SELL
NFLX,2024-10-15T00:00:00.000000,0,48.51,SELL
NFLX,2024-10-16T00:00:00.000000,0,48.51,SELL
NFLX,2024-10-17T00:00:00.000000,0,48.51,SELL
NFLX,2024-10-18T00:00:00.000000,0,48.51,SELL
NFLX,2024-10-21T00:00:00.000000,0,48.51,SELL
NFLX,2024-10-22T00:00:00.000000,0,48.51,SELL
NFLX,2024-10-23T00:00:00.000000,0,48.51,SELL
NFLX,2024-10-24T00:00:00.000000,0,48.51,SELL
NFLX,2024-10-25T00:00:00.000000,0,48.51,SELL
NFLX,2024-10-28T00:00:00.000000,1,48.51,BUY
NFLX,2024-10-29T00:00:00.000000,1,49.72,BUY
NFLX,2024-10-30T00:00:00.000000,1,49.72,BUY
NFLX,2024-10-31T00:00:00.000000,1,49.72,BUY
NFLX,2024-11-01T00:00:00.000000,1,49.72,BUY
NFLX,2024-11-04T00:00:00.000000,1,49.72,BUY
NFLX,2024-11-05T00:00:00.000000,1,49.72,BUY
NFLX,2024-11-06T00:00:00.000000,1,49.72,BUY
NFLX,2024-11-07T00:00:00.000000,1,49.72,BUY
NFLX,2024-11-08T00:00:00.000000,1,48.51,BUY
NFLX,2024-11-11T00:00:00.000000,0,48.51,SELL
NFLX,2024-11-12T00:00:00.000000,0,48.51,SELL
NFLX,2024-11-13T00:00:00.000000,0,48.51,SELL
NFLX,2024-11-14T00:00:00.000000,0,48.51,SELL
NFLX,2024-11-15T00:00:00.000000,0,48.51,SELL
NFLX,2024-11-18T00:00:00.000000,0,48.51,SELL
NFLX,2024-11-19T00:00:00.000000,0,48.51,SELL
NFLX,2024-11-20T00:00:00.000000,0,48.51,SELL
NFLX,2024-11-21T00:00:00.000000,0,48.51,SELL
NFLX,2024-11-22T00:00:00.000000,0,48.51,SELL
NFLX,2024-11-25T00:00:00.000000,0,48.51,SELL
NFLX,2024-11-26T00:00:00.000000,1,48.51,BUY
NFLX,2024-11-27T00:00:00.000000,1,49.72,BUY
NFLX,2024-11-29T00:00:00.000000,1,49.72,BUY
NFLX,2024-12-02T00:00:00.000000,1,49.72,BUY
NFLX,2024-12-03T00:00:00.000000,1,49.72,BUY
NFLX,2024-12-04T00:00:00.000000,1,49.72,BUY
NFLX,2024-12-05T00:00:00.000000,1,49.72,BUY
NFLX,2024-12-06T00:00:00.000000,1,49.72,BUY
NFLX,2024-12-09T00:00:00.000000,1,49.72,BUY
NFLX,2024-12-10T00:00:00.000000,1,49.72,BUY
NFLX,2024-12-11T00:00:00.000000,1,48.51,BUY
NFLX,2024-12-12T00:00:00.000000,1,48.51,BUY
NFLX,2024-12-13T00:00:00.000000,0,48.51,SELL
NFLX,2024-12-16T00:00:00.000000,0,48.51,SELL
NFLX,2024-12-17T00:00:00.000000,0,48.51,SELL
NFLX,2024-12-18T00:00:00.000000,0,48.51,SELL
NFLX,2024-12-19T00:00:00.000000,0,48.51,SELL
NFLX,2024-12-20T00:00:00.000000,0,48.51,SELL
NKE,2023-02-21T00:00:00.000000,1,48.51,BUY
NKE,2023-02-22T00:00:00.000000,1,48.51,BUY
NKE,2023-02-23T00:00:00.000000,0,48.51,SELL
NKE,2023-02-24T00:00:00.000000,0,48.51,SELL
NKE,2023-02-27T00:00:00.000000,0,48.51,SELL
NKE,2023-02-28T00:00:00.000000,0,48.51,SELL
NKE,2023-03-01T00:00:00.000000,1,48.51,BUY
NKE,2023-03-02T00:00:00.000000,1,49.72,BUY
NKE,2023-03-03T00:00:00.000000,1,49.72,BUY
NKE,2023-03-06T00:00:00.000000,1,48.51,BUY
NKE,2023-03-07T00:00:00.000000,1,49.72,BUY
NKE,2023-03-08T00:00:00.000000,1,48.51,BUY
NKE,2023-03-09T00:00:00.000000,0,48.51,SELL
NKE,2023-03-10T00:00:00.000000,1,49.72,BUY
NKE,2023-03-13T00:00:00.000000,1,49.72,BUY
NKE,2023-03-14T00:00:00.000000,1,49.72,BUY
NKE,2023-03-15T00:00:00.000000,1,49.72,BUY
NKE,2023-03-16T00:00:00.000000,1,49.72,BUY
NKE,2023-03-17T00:00:00.000000,1,49.72,BUY
NKE,2023-03-20T00:00:00.000000,1,50.83,BUY
NKE,2023-03-21T00:00:00.000000,1,50.83,BUY
NKE,2023-03-22T00:00:00.000000,1,50.83,BUY
NKE,2023-03-23T00:00:00.000000,1,50.83,BUY
NKE,2023-03-24T00:00:00.000000,1,50.83,BUY
NKE,2023-03-27T00:00:00.000000,1,49.72,BUY
NKE,2023-03-28T00:00:00.000000,1,49.72,BUY
NKE,2023-03-29T00:00:00.000000,1,49.72,BUY
NKE,2023-03-30T00:00:00.000000,1,49.72,BUY
NKE,2023-03-31T00:00:00.000000,1,49.72,BUY
NKE,2023-04-03T00:00:00.000000,0,48.51,SELL
NKE,2023-04-04T00:00:00.000000,0,48.51,SELL
NKE,2023-04-05T00:00:00.000000,0,48.51,SELL
NKE,2023-04-06T00:00:00.000000,0,48.51,SELL
NKE,2023-04-10T00:00:00.000000,0,48.51,SELL
NKE,2023-04-11T00:00:00.000000,0,48.51,SELL
NKE,2023-04-12T00:00:00.000000,0,48.51,SELL
NKE,2023-04-13T00:00:00.000000,0,48.51,SELL
NKE,2023-04-14T00:00:00.000000,0,48.51,SELL
NKE,2023-04-17T00:00:00.000000,0,48.51,SELL
NKE,2023-04-18T00:00:00.000000,0,48.51,SELL
NKE,2023-04-19T00:00:00.000000,0,48.51,SELL
NKE,2023-04-20T00:00:00.000000,0,48.51,SELL
NKE,2023-04-21T00:00:00.000000,0,48.51,SELL
NKE,2023-04-24T00:00:00.000000,0,48.51,SELL
NKE,2023-04-25T00:00:00.000000,0,48.51,SELL
NKE,2023-04-26T00:00:00.000000,1,48.51,BUY
NKE,2023-04-27T00:00:00.000000,1,48.51,BUY
NKE,2023-04-28T00:00:00.000000,1,49.72,BUY
NKE,2023-05-01T00:00:00.000000,1,49.72,BUY
NKE,2023-05-02T00:00:00.000000,1,49.72,BUY
NKE,2023-05-03T00:00:00.000000,1,49.72,BUY
NKE,2023-05-04T00:00:00.000000,1,49.72,BUY
NKE,2023-05-05T00:00:00.000000,1,49.72,BUY
NKE,2023-05-08T00:00:00.000000,1,49.72,BUY
NKE,2023-05-09T00:00:00.000000,1,49.72,BUY
NKE,2023-05-10T00:00:00.000000,1,49.72,BUY
NKE,2023-05-11T00:00:00.000000,1,49.72,BUY
NKE,2023-05-12T00:00:00.000000,1,49.72,BUY
NKE,2023-05-15T00:00:00.000000,1,49.72,BUY
NKE,2023-05-16T00:00:00.000000,1,49.72,BUY
NKE,2023-05-17T00:00:00.000000,1,49.72,BUY
NKE,2023-05-18T00:00:00.000000,1,49.72,BUY
NKE,2023-05-19T00:00:00.000000,1,49.72,BUY
NKE,2023-05-22T00:00:00.000000,1,49.72,BUY
NKE,2023-05-23T00:00:00.000000,1,49.72,BUY
NKE,2023-05-24T00:00:00.000000,1,49.72,BUY
NKE,2023-05-25T00:00:00.000000,1,49.72,BUY
NKE,2023-05-26T00:00:00.000000,0,48.51,SELL
NKE,2023-05-30T00:00:00.000000,0,48.51,SELL
NKE,2023-05-31T00:00:00.000000,0,48.51,SELL
NKE,2023-06-01T00:00:00.000000,0,45.45,SELL
NKE,2023-06-02T00:00:00.000000,0,48.51,SELL
NKE,2023-06-05T00:00:00.000000,0,44.85,SELL
NKE,2023-06-06T00:00:00.000000,0,48.51,SELL
NKE,2023-06-07T00:00:00.000000,0,44.85,SELL
NKE,2023-06-08T00:00:00.000000,0,44.85,SELL
NKE,2023-06-09T00:00:00.000000,0,48.51,SELL
NKE,2023-06-12T00:00:00.000000,0,45.45,SELL
NKE,2023-06-13T00:00:00.000000,0,44.85,SELL
NKE,2023-06-14T00:00:00.000000,0,40.62,SELL
NKE,2023-06-15T00:00:00.000000,0,38.31,SELL
NKE,2023-06-16T00:00:00.000000,0,38.31,SELL
NKE,2023-06-20T00:00:00.000000,0,44.85,SELL
NKE,2023-06-21T00:00:00.000000,0,44.85,SELL
NKE,2023-06-22T00:00:00.000000,0,48.51,SELL
NKE,2023-06-23T00:00:00.000000,0,48.51,SELL
NKE,2023-06-26T00:00:00.000000,0,48.51,SELL
NKE,2023-06-27T00:00:00.000000,0,48.51,SELL
NKE,2023-06-28T00:00:00.000000,1,48.51,BUY
NKE,2023-06-29T00:00:00.000000,1,49.72,BUY
NKE,2023-06-30T00:00:00.000000,1,49.72,BUY
NKE,2023-07-03T00:00:00.000000,1,49.72,BUY
NKE,2023-07-05T00:00:00.000000,1,49.72,BUY
NKE,2023-07-06T00:00:00.000000,1,49.72,BUY
NKE,2023-07-07T00:00:00.000000,1,49.72,BUY
NKE,2023-07-10T00:00:00.000000,1,49.72,BUY
NKE,2023-07-11T00:00:00.000000,1,48.51,BUY
NKE,2023-07-12T00:00:00.000000,1,48.51,BUY
NKE,2023-07-13T00:00:00.000000,1,49.72,BUY
NKE,2023-07-14T00:00:00.000000,1,48.51,BUY
NKE,2023-07-17T00:00:00.000000,1,48.51,BUY
NKE,2023-07-18T00:00:00.000000,0,48.51,SELL
NKE,2023-07-19T00:00:00.000000,0,48.51,SELL
NKE,2023-07-20T00:00:00.000000,0,44.85,SELL
NKE,2023-07-21T00:00:00.000000,0,40.62,SELL
NKE,2023-07-24T00:00:00.000000,0,38.31,SELL
NKE,2023-07-25T00:00:00.000000,0,38.31,SELL
NKE,2023-07-26T00:00:00.000000,0,38.31,SELL
NKE,2023-07-27T00:00:00.000000,0,38.31,SELL
NKE,2023-07-28T00:00:00.000000,0,37.93,SELL
NKE,2023-07-31T00:00:00.000000,0,36.84,SELL
NKE,2023-08-01T00:00:00.000000,0,38.1,SELL
NKE,2023-08-02T00:00:00.000000,0,38.31,SELL
NKE,2023-08-03T00:00:00.000000,0,38.31,SELL
NKE,2023-08-04T00:00:00.000000,0,38.31,SELL
NKE,2023-08-07T00:00:00.000000,0,44.85,SELL
NKE,2023-08-08T00:00:00.000000,0,44.85,SELL
NKE,2023-08-09T00:00:00.000000,0,44.85,SELL
NKE,2023-08-10T00:00:00.000000,0,48.51,SELL
NKE,2023-08-11T00:00:00.000000,0,48.51,SELL
NKE,2023-08-14T00:00:00.000000,0,48.51,SELL
NKE,2023-08-15T00:00:00.000000,0,48.51,SELL
NKE,2023-08-16T00:00:00.000000,0,48.51,SELL
NKE,2023-08-17T00:00:00.000000,0,48.51,SELL
NKE,2023-08-18T00:00:00.000000,1,48.51,BUY
NKE,2023-08-21T00:00:00.000000,1,48.51,BUY
NKE,2023-08-22T00:00:00.000000,1,49.72,BUY
NKE,2023-08-23T00:00:00.000000,1,49.72,BUY
NKE,2023-08-24T00:00:00.000000,1,50.83,BUY
NKE,2023-08-25T00:00:00.000000,1,49.72,BUY
NKE,2023-08-28T00:00:00.000000,1,49.72,BUY
NKE,2023-08-29T00:00:00.000000,1,49.72,BUY
NKE,2023-08-30T00:00:00.000000,1,49.72,BUY
NKE,2023-08-31T00:00:00.000000,1,48.51,BUY
NKE,2023-09-01T00:00:00.000000,0,48.51,SELL
NKE,2023-09-05T00:00:00.000000,0,48.51,SELL
NKE,2023-09-06T00:00:00.000000,0,48.51,SELL
NKE,2023-09-07T00:00:00.000000,0,48.51,SELL
NKE,2023-09-08T00:00:00.000000,1,48.51,BUY
NKE,2023-09-11T00:00:00.000000,0,48.51,SELL
NKE,2023-09-12T00:00:00.000000,1,48.51,BUY
NKE,2023-09-13T00:00:00.000000,1,49.72,BUY
NKE,2023-09-14T00:00:00.000000,1,49.72,BUY
NKE,2023-09-15T00:00:00.000000,1,49.72,BUY
NKE,2023-09-18T00:00:00.000000,0,48.51,SELL
NKE,2023-09-19T00:00:00.000000,0,48.51,SELL
NKE,2023-09-20T00:00:00.000000,0,48.51,SELL
NKE,2023-09-21T00:00:00.000000,1,48.51,BUY
NKE,2023-09-22T00:00:00.000000,1,48.51,BUY
NKE,2023-09-25T00:00:00.000000,1,49.72,BUY
NKE,2023-09-26T00:00:00.000000,1,49.72,BUY
NKE,2023-09-27T00:00:00.000000,1,49.72,BUY
NKE,2023-09-28T00:00:00.000000,1,49.72,BUY
NKE,2023-09-29T00:00:00.000000,1,50.83,BUY
NKE,2023-10-02T00:00:00.000000,1,49.72,BUY
NKE,2023-10-03T00:00:00.000000,1,50.83,BUY
NKE,2023-10-04T00:00:00.000000,1,50.83,BUY
NKE,2023-10-05T00:00:00.000000,1,50.83,BUY
NKE,2023-10-06T00:00:00.000000,1,50.83,BUY
NKE,2023-10-09T00:00:00.000000,1,50.83,BUY
NKE,2023-10-10T00:00:00.000000,1,50.83,BUY
NKE,2023-10-11T00:00:00.000000,1,50.83,BUY
NKE,2023-10-12T00:00:00.000000,1,50.83,BUY
NKE,2023-10-13T00:00:00.000000,1,50.83,BUY
NKE,2023-10-16T00:00:00.000000,1,50.83,BUY
NKE,2023-10-17T00:00:00.000000,1,49.72,BUY
NKE,2023-10-18T00:00:00.000000,1,49.72,BUY
NKE,2023-10-19T00:00:00.000000,1,49.72,BUY
NKE,2023-10-20T00:00:00.000000,1,49.72,BUY
NKE,2023-10-23T00:00:00.000000,1,49.72,BUY
NKE,2023-10-24T00:00:00.000000,1,49.72,BUY
NKE,2023-10-25T00:00:00.000000,1,49.72,BUY
NKE,2023-10-26T00:00:00.000000,1,49.72,BUY
NKE,2023-10-27T00:00:00.000000,1,49.72,BUY
NKE,2023-10-30T00:00:00.000000,1,49.72,BUY
NKE,2023-10-31T00:00:00.000000,1,50.83,BUY
NKE,2023-11-01T00:00:00.000000,1,50.83,BUY
NKE,2023-11-02T00:00:00.000000,1,50.83,BUY
NKE,2023-11-03T00:00:00.000000,1,49.72,BUY
NKE,2023-11-06T00:00:00.000000,1,49.72,BUY
NKE,2023-11-07T00:00:00.000000,1,49.72,BUY
NKE,2023-11-08T00:00:00.000000,0,48.51,SELL
NKE,2023-11-09T00:00:00.000000,0,48.51,SELL
NKE,2023-11-10T00:00:00.000000,0,38.31,SELL
NKE,2023-11-13T00:00:00.000000,0,38.1,SELL
NKE,2023-11-14T00:00:00.000000,0,38.1,SELL
NKE,2023-11-15T00:00:00.000000,0,38.1,SELL
NKE,2023-11-16T00:00:00.000000,0,35.29,SELL
NKE,2023-11-17T00:00:00.000000,0,37.5,SELL
NKE,2023-11-20T00:00:00.000000,0,36.84,SELL
NKE,2023-11-21T00:00:00.000000,0,36.84,SELL
NKE,2023-11-22T00:00:00.000000,0,38.31,SELL
NKE,2023-11-24T00:00:00.000000,0,32.82,SELL
NKE,2023-11-27T00:00:00.000000,0,32.82,SELL
NKE,2023-11-28T00:00:00.000000,0,32.82,SELL
NKE,2023-11-29T00:00:00.000000,0,32.82,SELL
NKE,2023-11-30T00:00:00.000000,0,32.82,SELL
NKE,2023-12-01T00:00:00.000000,0,32.82,SELL
NKE,2023-12-04T00:00:00.000000,0,32.82,SELL
NKE,2023-12-05T00:00:00.000000,0,32.82,SELL
NKE,2023-12-06T00:00:00.000000,0,32.82,SELL
NKE,2023-12-07T00:00:00.000000,0,32.82,SELL
NKE,2023-12-08T00:00:00.000000,0,32.82,SELL
NKE,2023-12-11T00:00:00.000000,0,32.82,SELL
NKE,2023-12-12T00:00:00.000000,0,32.82,SELL
NKE,2023-12-13T00:00:00.000000,0,32.82,SELL
NKE,2023-12-14T00:00:00.000000,0,32.82,SELL
NKE,2023-12-15T00:00:00.000000,0,32.82,SELL
NKE,2023-12-18T00:00:00.000000,0,38.1,SELL
NKE,2023-12-19T00:00:00.000000,0,38.31,SELL
NKE,2023-12-20T00:00:00.000000,0,38.31,SELL
NKE,2023-12-21T00:00:00.000000,0,44.85,SELL
NKE,2023-12-22T00:00:00.000000,0,44.85,SELL
NKE,2023-12-26T00:00:00.000000,0,48.51,SELL
NKE,2023-12-27T00:00:00.000000,0,48.51,SELL
NKE,2023-12-28T00:00:00.000000,0,48.51,SELL
NKE,2023-12-29T00:00:00.000000,1,48.51,BUY
NKE,2024-01-02T00:00:00.000000,0,48.51,SELL
NKE,2024-01-03T00:00:00.000000,0,48.51,SELL
NKE,2024-01-04T00:00:00.000000,0,48.51,SELL
NKE,2024-01-05T00:00:00.000000,0,44.85,SELL
NKE,2024-01-08T00:00:00.000000,0,38.31,SELL
NKE,2024-01-09T00:00:00.000000,0,36.84,SELL
NKE,2024-01-10T00:00:00.000000,0,32.82,SELL
NKE,2024-01-11T00:00:00.000000,0,32.82,SELL
NKE,2024-01-12T00:00:00.000000,0,32.82,SELL
NKE,2024-01-16T00:00:00.000000,0,36.84,SELL
NKE,2024-01-17T00:00:00.000000,0,38.31,SELL
NKE,2024-01-18T00:00:00.000000,0,38.31,SELL
NKE,2024-01-19T00:00:00.000000,0,38.31,SELL
NKE,2024-01-22T00:00:00.000000,0,32.82,SELL
NKE,2024-01-23T00:00:00.000000,0,32.82,SELL
NKE,2024-01-24T00:00:00.000000,0,32.82,SELL
NKE,2024-01-25T00:00:00.000000,0,32.82,SELL
NKE,2024-01-26T00:00:00.000000,0,36.84,SELL
NKE,2024-01-29T00:00:00.000000,0,36.84,SELL
NKE,2024-01-30T00:00:00.000000,0,32.82,SELL
NKE,2024-01-31T00:00:00.000000,0,32.82,SELL
NKE,2024-02-01T00:00:00.000000,0,32.82,SELL
NKE,2024-02-02T00:00:00.000000,0,32.82,SELL
NKE,2024-02-05T00:00:00.000000,0,36.84,SELL
NKE,2024-02-06T00:00:00.000000,0,38.31,SELL
NKE,2024-02-07T00:00:00.000000,0,38.31,SELL
NKE,2024-02-08T00:00:00.000000,0,44.85,SELL
NKE,2024-02-09T00:00:00.000000,0,48.51,SELL
NKE,2024-02-12T00:00:00.000000,0,48.51,SELL
NKE,2024-02-13T00:00:00.000000,1,48.51,BUY
NKE,2024-02-14T00:00:00.000000,1,49.72,BUY
NKE,2024-02-15T00:00:00.000000,1,49.72,BUY
NKE,2024-02-16T00:00:00.000000,1,49.72,BUY
NKE,2024-02-20T00:00:00.000000,1,49.72,BUY
NKE,2024-02-21T00:00:00.000000,1,49.72,BUY
NKE,2024-02-22T00:00:00.000000,1,49.72,BUY
NKE,2024-02-23T00:00:00.000000,1,49.72,BUY
NKE,2024-02-26T00:00:00.000000,1,49.72,BUY
NKE,2024-02-27T00:00:00.000000,1,49.72,BUY
NKE,2024-02-28T00:00:00.000000,1,49.72,BUY
NKE,2024-02-29T00:00:00.000000,1,49.72,BUY
NKE,2024-03-01T00:00:00.000000,1,49.72,BUY
NKE,2024-03-04T00:00:00.000000,1,49.72,BUY
NKE,2024-03-05T00:00:00.000000,1,49.72,BUY
NKE,2024-03-06T00:00:00.000000,1,49.72,BUY
NKE,2024-03-07T00:00:00.000000,1,49.72,BUY
NKE,2024-03-08T00:00:00.000000,1,49.72,BUY
NKE,2024-03-11T00:00:00.000000,1,48.51,BUY
NKE,2024-03-12T00:00:00.000000,0,48.51,SELL
NKE,2024-03-13T00:00:00.000000,0,45.45,SELL
NKE,2024-03-14T00:00:00.000000,0,38.31,SELL
NKE,2024-03-15T00:00:00.000000,0,37.93,SELL
NKE,2024-03-18T00:00:00.000000,0,36.79,SELL
NKE,2024-03-19T00:00:00.000000,0,38.31,SELL
NKE,2024-03-20T00:00:00.000000,0,38.31,SELL
NKE,2024-03-21T00:00:00.000000,0,38.31,SELL
NKE,2024-03-22T00:00:00.000000,0,38.31,SELL
NKE,2024-03-25T00:00:00.000000,0,38.31,SELL
NKE,2024-03-26T00:00:00.000000,0,38.31,SELL
NKE,2024-03-27T00:00:00.000000,0,38.31,SELL
NKE,2024-03-28T00:00:00.000000,0,37.93,SELL
NKE,2024-04-01T00:00:00.000000,0,32.82,SELL
NKE,2024-04-02T00:00:00.000000,0,32.82,SELL
NKE,2024-04-03T00:00:00.000000,0,32.82,SELL
NKE,2024-04-04T00:00:00.000000,0,32.82,SELL
NKE,2024-04-05T00:00:00.000000,0,32.82,SELL
NKE,2024-04-08T00:00:00.000000,0,36.84,SELL
NKE,2024-04-09T00:00:00.000000,0,36.84,SELL
NKE,2024-04-10T00:00:00.000000,0,38.1,SELL
NKE,2024-04-11T00:00:00.000000,0,38.31,SELL
NKE,2024-04-12T00:00:00.000000,0,48.51,SELL
NKE,2024-04-15T00:00:00.000000,0,48.51,SELL
NKE,2024-04-16T00:00:00.000000,1,48.51,BUY
NKE,2024-04-17T00:00:00.000000,1,49.72,BUY
NKE,2024-04-18T00:00:00.000000,1,49.72,BUY
NKE,2024-04-19T00:00:00.000000,1,49.72,BUY
NKE,2024-04-22T00:00:00.000000,1,49.72,BUY
NKE,2024-04-23T00:00:00.000000,1,50.83,BUY
NKE,2024-04-24T00:00:00.000000,1,50.83,BUY
NKE,2024-04-25T00:00:00.000000,1,50.83,BUY
NKE,2024-04-26T00:00:00.000000,1,50.83,BUY
NKE,2024-04-29T00:00:00.000000,1,50.83,BUY
NKE,2024-04-30T00:00:00.000000,1,50.83,BUY
NKE,2024-05-01T00:00:00.000000,1,50.83,BUY
NKE,2024-05-02T00:00:00.000000,1,50.83,BUY
NKE,2024-05-03T00:00:00.000000,1,50.83,BUY
NKE,2024-05-06T00:00:00.000000,1,49.72,BUY
NKE,2024-05-07T00:00:00.000000,1,49.72,BUY
NKE,2024-05-08T00:00:00.000000,1,48.51,BUY
NKE,2024-05-09T00:00:00.000000,1,48.51,BUY
NKE,2024-05-10T00:00:00.000000,0,48.51,SELL
NKE,2024-05-13T00:00:00.000000,0,48.51,SELL
NKE,2024-05-14T00:00:00.000000,0,48.51,SELL
NKE,2024-05-15T00:00:00.000000,0,48.51,SELL
NKE,2024-05-16T00:00:00.000000,0,44.85,SELL
NKE,2024-05-17T00:00:00.000000,0,44.85,SELL
NKE,2024-05-20T00:00:00.000000,0,38.31,SELL
NKE,2024-05-21T00:00:00.000000,0,38.31,SELL
NKE,2024-05-22T00:00:00.000000,0,38.31,SELL
NKE,2024-05-23T00:00:00.000000,0,38.31,SELL
NKE,2024-05-24T00:00:00.000000,0,38.31,SELL
NKE,2024-05-28T00:00:00.000000,0,38.31,SELL
NKE,2024-05-29T00:00:00.000000,0,38.31,SELL
NKE,2024-05-30T00:00:00.000000,0,38.31,SELL
NKE,2024-05-31T00:00:00.000000,0,38.31,SELL
NKE,2024-06-03T00:00:00.000000,0,44.85,SELL
NKE,2024-06-04T00:00:00.000000,0,48.51,SELL
NKE,2024-06-05T00:00:00.000000,0,48.51,SELL
NKE,2024-06-06T00:00:00.000000,1,48.51,BUY
NKE,2024-06-07T00:00:00.000000,1,48.51,BUY
NKE,2024-06-10T00:00:00.000000,0,48.51,SELL
NKE,2024-06-11T00:00:00.000000,0,48.51,SELL
NKE,2024-06-12T00:00:00.000000,0,48.51,SELL
NKE,2024-06-13T00:00:00.000000,0,48.51,SELL
NKE,2024-06-14T00:00:00.000000,0,48.51,SELL
NKE,2024-06-17T00:00:00.000000,1,49.72,BUY
NKE,2024-06-18T00:00:00.000000,1,48.51,BUY
NKE,2024-06-20T00:00:00.000000,1,48.51,BUY
NKE,2024-06-21T00:00:00.000000,0,48.51,SELL
NKE,2024-06-24T00:00:00.000000,0,48.51,SELL
NKE,2024-06-25T00:00:00.000000,0,48.51,SELL
NKE,2024-06-26T00:00:00.000000,0,48.51,SELL
NKE,2024-06-27T00:00:00.000000,0,48.51,SELL
NKE,2024-06-28T00:00:00.000000,0,48.51,SELL
NKE,2024-07-01T00:00:00.000000,0,48.51,SELL
NKE,2024-07-02T00:00:00.000000,0,48.51,SELL
NKE,2024-07-03T00:00:00.000000,0,48.51,SELL
NKE,2024-07-05T00:00:00.000000,0,48.51,SELL
NKE,2024-07-08T00:00:00.000000,0,48.51,SELL
NKE,2024-07-09T00:00:00.000000,0,48.51,SELL
NKE,2024-07-10T00:00:00.000000,0,48.51,SELL
NKE,2024-07-11T00:00:00.000000,0,44.85,SELL
NKE,2024-07-12T00:00:00.000000,0,38.31,SELL
NKE,2024-07-15T00:00:00.000000,0,38.31,SELL
NKE,2024-07-16T00:00:00.000000,0,32.82,SELL
NKE,2024-07-17T00:00:00.000000,0,32.82,SELL
NKE,2024-07-18T00:00:00.000000,0,7.69,SELL
NKE,2024-07-19T00:00:00.000000,0,7.69,SELL
NKE,2024-07-22T00:00:00.000000,0,32.82,SELL
NKE,2024-07-23T00:00:00.000000,0,7.69,SELL
NKE,2024-07-24T00:00:00.000000,0,7.69,SELL
NKE,2024-07-25T00:00:00.000000,0,32.82,SELL
NKE,2024-07-26T00:00:00.000000,0,32.82,SELL
NKE,2024-07-29T00:00:00.000000,0,32.82,SELL
NKE,2024-07-30T00:00:00.000000,0,36.84,SELL
NKE,2024-07-31T00:00:00.000000,0,38.31,SELL
NKE,2024-08-01T00:00:00.000000,0,44.85,SELL
NKE,2024-08-02T00:00:00.000000,0,48.51,SELL
NKE,2024-08-05T00:00:00.000000,1,48.51,BUY
NKE,2024-08-06T00:00:00.000000,1,49.72,BUY
NKE,2024-08-07T00:00:00.000000,1,49.72,BUY
NKE,2024-08-08T00:00:00.000000,1,49.72,BUY
NKE,2024-08-09T00:00:00.000000,1,49.72,BUY
NKE,2024-08-12T00:00:00.000000,1,50.83,BUY
NKE,2024-08-13T00:00:00.000000,1,50.83,BUY
NKE,2024-08-14T00:00:00.000000,1,50.83,BUY
NKE,2024-08-15T00:00:00.000000,1,50.83,BUY
NKE,2024-08-16T00:00:00.000000,1,50.83,BUY
NKE,2024-08-19T00:00:00.000000,1,50.83,BUY
NKE,2024-08-20T00:00:00.000000,1,50.83,BUY
NKE,2024-08-21T00:00:00.000000,1,50.83,BUY
NKE,2024-08-22T00:00:00.000000,1,50.83,BUY
NKE,2024-08-23T00:00:00.000000,1,50.83,BUY
NKE,2024-08-26T00:00:00.000000,1,50.83,BUY
NKE,2024-08-27T00:00:00.000000,1,50.83,BUY
NKE,2024-08-28T00:00:00.000000,1,50.83,BUY
NKE,2024-08-29T00:00:00.000000,1,50.83,BUY
NKE,2024-08-30T00:00:00.000000,1,50.83,BUY
NKE,2024-09-03T00:00:00.000000,1,50.83,BUY
NKE,2024-09-04T00:00:00.000000,1,50.83,BUY
NKE,2024-09-05T00:00:00.000000,1,50.83,BUY
NKE,2024-09-06T00:00:00.000000,1,50.83,BUY
NKE,2024-09-09T00:00:00.000000,1,50.83,BUY
NKE,2024-09-10T00:00:00.000000,1,50.83,BUY
NKE,2024-09-11T00:00:00.000000,1,49.72,BUY
NKE,2024-09-12T00:00:00.000000,1,49.72,BUY
NKE,2024-09-13T00:00:00.000000,1,49.72,BUY
NKE,2024-09-16T00:00:00.000000,1,49.72,BUY
NKE,2024-09-17T00:00:00.000000,1,49.72,BUY
NKE,2024-09-18T00:00:00.000000,1,49.72,BUY
NKE,2024-09-19T00:00:00.000000,1,49.72,BUY
NKE,2024-09-20T00:00:00.000000,1,48.51,BUY
NKE,2024-09-23T00:00:00.000000,0,48.51,SELL
NKE,2024-09-24T00:00:00.000000,0,48.51,SELL
NKE,2024-09-25T00:00:00.000000,0,48.51,SELL
NKE,2024-09-26T00:00:00.000000,0,48.51,SELL
NKE,2024-09-27T00:00:00.000000,0,48.51,SELL
NKE,2024-09-30T00:00:00.000000,0,48.51,SELL
NKE,2024-10-01T00:00:00.000000,0,48.51,SELL
NKE,2024-10-02T00:00:00.000000,0,48.51,SELL
NKE,2024-10-03T00:00:00.000000,0,48.51,SELL
NKE,2024-10-04T00:00:00.000000,0,48.51,SELL
NKE,2024-10-07T00:00:00.000000,0,48.51,SELL
NKE,2024-10-08T00:00:00.000000,0,48.51,SELL
NKE,2024-10-09T00:00:00.000000,0,48.51,SELL
NKE,2024-10-10T00:00:00.000000,0,48.51,SELL
NKE,2024-10-11T00:00:00.000000,0,48.51,SELL
NKE,2024-10-14T00:00:00.000000,0,48.51,SELL
NKE,2024-10-15T00:00:00.000000,0,44.85,SELL
NKE,2024-10-16T00:00:00.000000,0,38.31,SELL
NKE,2024-10-17T00:00:00.000000,0,37.5,SELL
NKE,2024-10-18T00:00:00.000000,0,32.82,SELL
NKE,2024-10-21T00:00:00.000000,0,32.82,SELL
NKE,2024-10-22T00:00:00.000000,0,32.82,SELL
NKE,2024-10-23T00:00:00.000000,0,38.31,SELL
NKE,2024-10-24T00:00:00.000000,0,38.31,SELL
NKE,2024-10-25T00:00:00.000000,0,38.31,SELL
NKE,2024-10-28T00:00:00.000000,0,48.51,SELL
NKE,2024-10-29T00:00:00.000000,0,48.51,SELL
NKE,2024-10-30T00:00:00.000000,0,48.51,SELL
NKE,2024-10-31T00:00:00.000000,1,49.72,BUY
NKE,2024-11-01T00:00:00.000000,1,48.51,BUY
NKE,2024-11-04T00:00:00.000000,0,48.51,SELL
NKE,2024-11-05T00:00:00.000000,0,48.51,SELL
NKE,2024-11-06T00:00:00.000000,0,48.51,SELL
NKE,2024-11-07T00:00:00.000000,0,48.51,SELL
NKE,2024-11-08T00:00:00.000000,0,38.31,SELL
NKE,2024-11-11T00:00:00.000000,0,38.31,SELL
NKE,2024-11-12T00:00:00.000000,0,38.31,SELL
NKE,2024-11-13T00:00:00.000000,0,37.5,SELL
NKE,2024-11-14T00:00:00.000000,0,32.82,SELL
NKE,2024-11-15T00:00:00.000000,0,38.1,SELL
NKE,2024-11-18T00:00:00.000000,0,38.31,SELL
NKE,2024-11-19T00:00:00.000000,0,36.84,SELL
NKE,2024-11-20T00:00:00.000000,0,38.31,SELL
NKE,2024-11-21T00:00:00.000000,0,38.31,SELL
NKE,2024-11-22T00:00:00.000000,0,38.31,SELL
NKE,2024-11-25T00:00:00.000000,0,38.31,SELL
NKE,2024-11-26T00:00:00.000000,0,44.85,SELL
NKE,2024-11-27T00:00:00.000000,0,48.51,SELL
NKE,2024-11-29T00:00:00.000000,0,48.51,SELL
NKE,2024-12-02T00:00:00.000000,0,45.45,SELL
NKE,2024-12-03T00:00:00.000000,0,44.85,SELL
NKE,2024-12-04T00:00:00.000000,0,44.85,SELL
NKE,2024-12-05T00:00:00.000000,0,44.85,SELL
NKE,2024-12-06T00:00:00.000000,0,44.85,SELL
NKE,2024-12-09T00:00:00.000000,0,48.51,SELL
NKE,2024-12-10T00:00:00.000000,0,48.51,SELL
NKE,2024-12-11T00:00:00.000000,0,48.51,SELL
NKE,2024-12-12T00:00:00.000000,0,48.51,SELL
NKE,2024-12-13T00:00:00.000000,0,48.51,SELL
NKE,2024-12-16T00:00:00.000000,0,48.51,SELL
NKE,2024-12-17T00:00:00.000000,0,48.51,SELL
NKE,2024-12-18T00:00:00.000000,0,48.51,SELL
NKE,2024-12-19T00:00:00.000000,1,49.72,BUY
NKE,2024-12-20T00:00:00.000000,1,49.72,BUY
NVDA,2023-02-21T00:00:00.000000,1,50.83,BUY
NVDA,2023-02-22T00:00:00.000000,1,50.83,BUY
NVDA,2023-02-23T00:00:00.000000,1,49.72,BUY
NVDA,2023-02-24T00:00:00.000000,1,49.72,BUY
NVDA,2023-02-27T00:00:00.000000,1,49.72,BUY
NVDA,2023-02-28T00:00:00.000000,1,49.72,BUY
NVDA,2023-03-01T00:00:00.000000,1,49.72,BUY
NVDA,2023-03-02T00:00:00.000000,1,49.72,BUY
NVDA,2023-03-03T00:00:00.000000,1,49.72,BUY
NVDA,2023-03-06T00:00:00.000000,1,49.72,BUY
NVDA,2023-03-07T00:00:00.000000,1,50.83,BUY
NVDA,2023-03-08T00:00:00.000000,1,50.83,BUY
NVDA,2023-03-09T00:00:00.000000,1,50.83,BUY
NVDA,2023-03-10T00:00:00.000000,1,50.83,BUY
NVDA,2023-03-13T00:00:00.000000,1,50.83,BUY
NVDA,2023-03-14T00:00:00.000000,1,50.83,BUY
NVDA,2023-03-15T00:00:00.000000,1,50.83,BUY
NVDA,2023-03-16T00:00:00.000000,1,50.83,BUY
NVDA,2023-03-17T00:00:00.000000,1,50.83,BUY
NVDA,2023-03-20T00:00:00.000000,1,50.83,BUY
NVDA,2023-03-21T00:00:00.000000,1,50.83,BUY
NVDA,2023-03-22T00:00:00.000000,1,50.83,BUY
NVDA,2023-03-23T00:00:00.000000,1,50.83,BUY
NVDA,2023-03-24T00:00:00.000000,1,50.83,BUY
NVDA,2023-03-27T00:00:00.000000,1,50.83,BUY
NVDA,2023-03-28T00:00:00.000000,1,50.83,BUY
NVDA,2023-03-29T00:00:00.000000,1,50.83,BUY
NVDA,2023-03-30T00:00:00.000000,1,50.83,BUY
NVDA,2023-03-31T00:00:00.000000,1,50.83,BUY
NVDA,2023-04-03T00:00:00.000000,1,50.83,BUY
NVDA,2023-04-04T00:00:00.000000,1,50.83,BUY
NVDA,2023-04-05T00:00:00.000000,1,50.83,BUY
NVDA,2023-04-06T00:00:00.000000,1,50.83,BUY
NVDA,2023-04-10T00:00:00.000000,1,50.83,BUY
NVDA,2023-04-11T00:00:00.000000,1,50.83,BUY
NVDA,2023-04-12T00:00:00.000000,1,50.28,BUY
NVDA,2023-04-13T00:00:00.000000,1,49.72,BUY
NVDA,2023-04-14T00:00:00.000000,1,49.72,BUY
NVDA,2023-04-17T00:00:00.000000,1,49.72,BUY
NVDA,2023-04-18T00:00:00.000000,1,49.72,BUY
NVDA,2023-04-19T00:00:00.000000,1,49.72,BUY
NVDA,2023-04-20T00:00:00.000000,1,49.72,BUY
NVDA,2023-04-21T00:00:00.000000,1,49.72,BUY
NVDA,2023-04-24T00:00:00.000000,1,49.72,BUY
NVDA,2023-04-25T00:00:00.000000,1,50.83,BUY
NVDA,2023-04-26T00:00:00.000000,1,50.83,BUY
NVDA,2023-04-27T00:00:00.000000,1,50.83,BUY
NVDA,2023-04-28T00:00:00.000000,1,50.83,BUY
NVDA,2023-05-01T00:00:00.000000,1,50.83,BUY
NVDA,2023-05-02T00:00:00.000000,1,50.83,BUY
NVDA,2023-05-03T00:00:00.000000,1,50.83,BUY
NVDA,2023-05-04T00:00:00.000000,1,50.83,BUY
NVDA,2023-05-05T00:00:00.000000,1,50.83,BUY
NVDA,2023-05-08T00:00:00.000000,1,50.83,BUY
NVDA,2023-05-09T00:00:00.000000,1,50.83,BUY
NVDA,2023-05-10T00:00:00.000000,1,50.83,BUY
NVDA,2023-05-11T00:00:00.000000,1,50.83,BUY
NVDA,2023-05-12T00:00:00.000000,1,50.83,BUY
NVDA,2023-05-15T00:00:00.000000,1,50.83,BUY
NVDA,2023-05-16T00:00:00.000000,1,50.83,BUY
NVDA,2023-05-17T00:00:00.000000,1,50.83,BUY
NVDA,2023-05-18T00:00:00.000000,1,50.83,BUY
NVDA,2023-05-19T00:00:00.000000,1,50.83,BUY
NVDA,2023-05-22T00:00:00.000000,1,50.83,BUY
NVDA,2023-05-23T00:00:00.000000,1,50.83,BUY
NVDA,2023-05-24T00:00:00.000000,1,50.83,BUY
NVDA,2023-05-25T00:00:00.000000,1,50.83,BUY
NVDA,2023-05-26T00:00:00.000000,1,50.83,BUY
NVDA,2023-05-30T00:00:00.000000,1,50.83,BUY
NVDA,2023-05-31T00:00:00.000000,1,50.83,BUY
NVDA,2023-06-01T00:00:00.000000,1,50.83,BUY
NVDA,2023-06-02T00:00:00.000000,1,50.83,BUY
NVDA,2023-06-05T00:00:00.000000,1,50.83,BUY
NVDA,2023-06-06T00:00:00.000000,1,50.83,BUY
NVDA,2023-06-07T00:00:00.000000,1,50.83,BUY
NVDA,2023-06-08T00:00:00.000000,1,50.83,BUY
NVDA,2023-06-09T00:00:00.000000,1,50.83,BUY
NVDA,2023-06-12T00:00:00.000000,1,50.83,BUY
NVDA,2023-06-13T00:00:00.000000,1,50.83,BUY
NVDA,2023-06-14T00:00:00.000000,1,50.83,BUY
NVDA,2023-06-15T00:00:00.000000,1,49.72,BUY
NVDA,2023-06-16T00:00:00.000000,1,49.72,BUY
NVDA,2023-06-20T00:00:00.000000,1,49.72,BUY
NVDA,2023-06-21T00:00:00.000000,1,49.72,BUY
NVDA,2023-06-22T00:00:00.000000,1,49.72,BUY
NVDA,2023-06-23T00:00:00.000000,1,49.72,BUY
NVDA,2023-06-26T00:00:00.000000,1,49.72,BUY
NVDA,2023-06-27T00:00:00.000000,1,49.72,BUY
NVDA,2023-06-28T00:00:00.000000,1,49.72,BUY
NVDA,2023-06-29T00:00:00.000000,1,49.72,BUY
NVDA,2023-06-30T00:00:00.000000,1,49.72,BUY
NVDA,2023-07-03T00:00:00.000000,1,49.72,BUY
NVDA,2023-07-05T00:00:00.000000,1,50.83,BUY
NVDA,2023-07-06T00:00:00.000000,1,50.83,BUY
NVDA,2023-07-07T00:00:00.000000,1,50.83,BUY
NVDA,2023-07-10T00:00:00.000000,1,50.83,BUY
NVDA,2023-07-11T00:00:00.000000,1,49.72,BUY
NVDA,2023-07-12T00:00:00.000000,1,49.72,BUY
NVDA,2023-07-13T00:00:00.000000,1,49.72,BUY
NVDA,2023-07-14T00:00:00.000000,1,49.72,BUY
NVDA,2023-07-17T00:00:00.000000,1,49.72,BUY
NVDA,2023-07-18T00:00:00.000000,1,49.72,BUY
NVDA,2023-07-19T00:00:00.000000,1,49.72,BUY
NVDA,2023-07-20T00:00:00.000000,1,49.72,BUY
NVDA,2023-07-21T00:00:00.000000,1,49.72,BUY
NVDA,2023-07-24T00:00:00.000000,1,49.72,BUY
NVDA,2023-07-25T00:00:00.000000,1,50.83,BUY
NVDA,2023-07-26T00:00:00.000000,1,50.83,BUY
NVDA,2023-07-27T00:00:00.000000,1,50.83,BUY
NVDA,2023-07-28T00:00:00.000000,1,50.83,BUY
NVDA,2023-07-31T00:00:00.000000,1,50.83,BUY
NVDA,2023-08-01T00:00:00.000000,1,50.83,BUY
NVDA,2023-08-02T00:00:00.000000,1,50.83,BUY
NVDA,2023-08-03T00:00:00.000000,1,50.83,BUY
NVDA,2023-08-04T00:00:00.000000,1,50.83,BUY
NVDA,2023-08-07T00:00:00.000000,1,50.83,BUY
NVDA,2023-08-08T00:00:00.000000,1,49.72,BUY
NVDA,2023-08-09T00:00:00.000000,1,49.72,BUY
NVDA,2023-08-10T00:00:00.000000,1,49.72,BUY
NVDA,2023-08-11T00:00:00.000000,1,49.72,BUY
NVDA,2023-08-14T00:00:00.000000,1,49.72,BUY
NVDA,2023-08-15T00:00:00.000000,1,49.72,BUY
NVDA,2023-08-16T00:00:00.000000,1,49.72,BUY
NVDA,2023-08-17T00:00:00.000000,1,49.72,BUY
NVDA,2023-08-18T00:00:00.000000,1,49.72,BUY
NVDA,2023-08-21T00:00:00.000000,1,49.72,BUY
NVDA,2023-08-22T00:00:00.000000,1,50.83,BUY
NVDA,2023-08-23T00:00:00.000000,1,50.83,BUY
NVDA,2023-08-24T00:00:00.000000,1,50.83,BUY
NVDA,2023-08-25T00:00:00.000000,1,50.83,BUY
NVDA,2023-08-28T00:00:00.000000,1,50.83,BUY
NVDA,2023-08-29T00:00:00.000000,1,50.83,BUY
NVDA,2023-08-30T00:00:00.000000,1,50.83,BUY
NVDA,2023-08-31T00:00:00.000000,1,50.83,BUY
NVDA,2023-09-01T00:00:00.000000,1,50.83,BUY
NVDA,2023-09-05T00:00:00.000000,1,50.83,BUY
NVDA,2023-09-06T00:00:00.000000,1,50.83,BUY
NVDA,2023-09-07T00:00:00.000000,1,50.83,BUY
NVDA,2023-09-08T00:00:00.000000,1,50.83,BUY
NVDA,2023-09-11T00:00:00.000000,1,50.83,BUY
NVDA,2023-09-12T00:00:00.000000,1,50.83,BUY
NVDA,2023-09-13T00:00:00.000000,1,50.83,BUY
NVDA,2023-09-14T00:00:00.000000,1,50.83,BUY
NVDA,2023-09-15T00:00:00.000000,1,50.83,BUY
NVDA,2023-09-18T00:00:00.000000,1,50.83,BUY
NVDA,2023-09-19T00:00:00.000000,1,50.83,BUY
NVDA,2023-09-20T00:00:00.000000,1,50.83,BUY
NVDA,2023-09-21T00:00:00.000000,1,50.83,BUY
NVDA,2023-09-22T00:00:00.000000,1,50.83,BUY
NVDA,2023-09-25T00:00:00.000000,1,49.72,BUY
NVDA,2023-09-26T00:00:00.000000,1,49.72,BUY
NVDA,2023-09-27T00:00:00.000000,1,49.72,BUY
NVDA,2023-09-28T00:00:00.000000,1,49.72,BUY
NVDA,2023-09-29T00:00:00.000000,1,48.51,BUY
NVDA,2023-10-02T00:00:00.000000,1,48.51,BUY
NVDA,2023-10-03T00:00:00.000000,1,49.72,BUY
NVDA,2023-10-04T00:00:00.000000,1,49.72,BUY
NVDA,2023-10-05T00:00:00.000000,1,49.72,BUY
NVDA,2023-10-06T00:00:00.000000,1,49.72,BUY
NVDA,2023-10-09T00:00:00.000000,1,49.72,BUY
NVDA,2023-10-10T00:00:00.000000,1,50.83,BUY
NVDA,2023-10-11T00:00:00.000000,1,50.83,BUY
NVDA,2023-10-12T00:00:00.000000,1,50.83,BUY
NVDA,2023-10-13T00:00:00.000000,1,50.83,BUY
NVDA,2023-10-16T00:00:00.000000,1,50.83,BUY
NVDA,2023-10-17T00:00:00.000000,1,50.83,BUY
NVDA,2023-10-18T00:00:00.000000,1,50.83,BUY
NVDA,2023-10-19T00:00:00.000000,1,50.83,BUY
NVDA,2023-10-20T00:00:00.000000,1,50.83,BUY
NVDA,2023-10-23T00:00:00.000000,1,50.83,BUY
NVDA,2023-10-24T00:00:00.000000,1,50.83,BUY
NVDA,2023-10-25T00:00:00.000000,1,50.83,BUY
NVDA,2023-10-26T00:00:00.000000,1,50.83,BUY
NVDA,2023-10-27T00:00:00.000000,1,50.83,BUY
NVDA,2023-10-30T00:00:00.000000,1,50.83,BUY
NVDA,2023-10-31T00:00:00.000000,1,50.83,BUY
NVDA,2023-11-01T00:00:00.000000,1,50.83,BUY
NVDA,2023-11-02T00:00:00.000000,1,49.72,BUY
NVDA,2023-11-03T00:00:00.000000,1,49.72,BUY
NVDA,2023-11-06T00:00:00.000000,1,49.72,BUY
NVDA,2023-11-07T00:00:00.000000,1,48.51,BUY
NVDA,2023-11-08T00:00:00.000000,1,49.72,BUY
NVDA,2023-11-09T00:00:00.000000,1,49.72,BUY
NVDA,2023-11-10T00:00:00.000000,1,49.72,BUY
NVDA,2023-11-13T00:00:00.000000,1,49.72,BUY
NVDA,2023-11-14T00:00:00.000000,1,50.83,BUY
NVDA,2023-11-15T00:00:00.000000,1,50.83,BUY
NVDA,2023-11-16T00:00:00.000000,1,50.83,BUY
NVDA,2023-11-17T00:00:00.000000,1,50.83,BUY
NVDA,2023-11-20T00:00:00.000000,1,50.83,BUY
NVDA,2023-11-21T00:00:00.000000,1,50.83,BUY
NVDA,2023-11-22T00:00:00.000000,1,50.83,BUY
NVDA,2023-11-24T00:00:00.000000,1,50.83,BUY
NVDA,2023-11-27T00:00:00.000000,1,50.83,BUY
NVDA,2023-11-28T00:00:00.000000,1,50.83,BUY
NVDA,2023-11-29T00:00:00.000000,1,50.83,BUY
NVDA,2023-11-30T00:00:00.000000,1,50.83,BUY
NVDA,2023-12-01T00:00:00.000000,1,50.83,BUY
NVDA,2023-12-04T00:00:00.000000,1,50.83,BUY
NVDA,2023-12-05T00:00:00.000000,1,49.72,BUY
NVDA,2023-12-06T00:00:00.000000,1,50.83,BUY
NVDA,2023-12-07T00:00:00.000000,1,50.83,BUY
NVDA,2023-12-08T00:00:00.000000,1,50.83,BUY
NVDA,2023-12-11T00:00:00.000000,1,49.72,BUY
NVDA,2023-12-12T00:00:00.000000,1,49.72,BUY
NVDA,2023-12-13T00:00:00.000000,1,49.72,BUY
NVDA,2023-12-14T00:00:00.000000,1,49.72,BUY
NVDA,2023-12-15T00:00:00.000000,1,49.72,BUY
NVDA,2023-12-18T00:00:00.000000,1,49.72,BUY
NVDA,2023-12-19T00:00:00.000000,1,49.72,BUY
NVDA,2023-12-20T00:00:00.000000,1,49.72,BUY
NVDA,2023-12-21T00:00:00.000000,1,49.72,BUY
NVDA,2023-12-22T00:00:00.000000,1,50.83,BUY
NVDA,2023-12-26T00:00:00.000000,1,50.83,BUY
NVDA,2023-12-27T00:00:00.000000,1,50.83,BUY
NVDA,2023-12-28T00:00:00.000000,1,50.83,BUY
NVDA,2023-12-29T00:00:00.000000,1,50.83,BUY
NVDA,2024-01-02T00:00:00.000000,1,50.83,BUY
NVDA,2024-01-03T00:00:00.000000,1,50.83,BUY
NVDA,2024-01-04T00:00:00.000000,1,50.83,BUY
NVDA,2024-01-05T00:00:00.000000,1,50.83,BUY
NVDA,2024-01-08T00:00:00.000000,1,50.83,BUY
NVDA,2024-01-09T00:00:00.000000,1,50.83,BUY
NVDA,2024-01-10T00:00:00.000000,1,50.83,BUY
NVDA,2024-01-11T00:00:00.000000,1,50.83,BUY
NVDA,2024-01-12T00:00:00.000000,1,50.83,BUY
NVDA,2024-01-16T00:00:00.000000,1,50.83,BUY
NVDA,2024-01-17T00:00:00.000000,1,50.83,BUY
NVDA,2024-01-18T00:00:00.000000,1,50.83,BUY
NVDA,2024-01-19T00:00:00.000000,1,50.83,BUY
NVDA,2024-01-22T00:00:00.000000,1,50.83,BUY
NVDA,2024-01-23T00:00:00.000000,1,50.83,BUY
NVDA,2024-01-24T00:00:00.000000,1,50.83,BUY
NVDA,2024-01-25T00:00:00.000000,1,50.83,BUY
NVDA,2024-01-26T00:00:00.000000,1,50.83,BUY
NVDA,2024-01-29T00:00:00.000000,1,50.83,BUY
NVDA,2024-01-30T00:00:00.000000,1,50.83,BUY
NVDA,2024-01-31T00:00:00.000000,1,50.83,BUY
NVDA,2024-02-01T00:00:00.000000,1,50.83,BUY
NVDA,2024-02-02T00:00:00.000000,1,50.83,BUY
NVDA,2024-02-05T00:00:00.000000,1,50.83,BUY
NVDA,2024-02-06T00:00:00.000000,1,50.83,BUY
NVDA,2024-02-07T00:00:00.000000,1,50.83,BUY
NVDA,2024-02-08T00:00:00.000000,1,50.83,BUY
NVDA,2024-02-09T00:00:00.000000,1,50.83,BUY
NVDA,2024-02-12T00:00:00.000000,1,50.83,BUY
NVDA,2024-02-13T00:00:00.000000,1,50.83,BUY
NVDA,2024-02-14T00:00:00.000000,1,50.83,BUY
NVDA,2024-02-15T00:00:00.000000,1,50.83,BUY
NVDA,2024-02-16T00:00:00.000000,1,50.83,BUY
NVDA,2024-02-20T00:00:00.000000,1,50.83,BUY
NVDA,2024-02-21T00:00:00.000000,1,50.83,BUY
NVDA,2024-02-22T00:00:00.000000,1,50.83,BUY
NVDA,2024-02-23T00:00:00.000000,1,50.83,BUY
NVDA,2024-02-26T00:00:00.000000,1,50.83,BUY
NVDA,2024-02-27T00:00:00.000000,1,50.83,BUY
NVDA,2024-02-28T00:00:00.000000,1,49.72,BUY
NVDA,2024-02-29T00:00:00.000000,1,49.72,BUY
NVDA,2024-03-01T00:00:00.000000,1,49.72,BUY
NVDA,2024-03-04T00:00:00.000000,1,49.72,BUY
NVDA,2024-03-05T00:00:00.000000,1,49.72,BUY
NVDA,2024-03-06T00:00:00.000000,1,50.83,BUY
NVDA,2024-03-07T00:00:00.000000,1,50.83,BUY
NVDA,2024-03-08T00:00:00.000000,1,50.83,BUY
NVDA,2024-03-11T00:00:00.000000,1,50.83,BUY
NVDA,2024-03-12T00:00:00.000000,1,50.83,BUY
NVDA,2024-03-13T00:00:00.000000,1,50.83,BUY
NVDA,2024-03-14T00:00:00.000000,1,50.83,BUY
NVDA,2024-03-15T00:00:00.000000,1,50.83,BUY
NVDA,2024-03-18T00:00:00.000000,1,50.83,BUY
NVDA,2024-03-19T00:00:00.000000,1,50.83,BUY
NVDA,2024-03-20T00:00:00.000000,1,50.83,BUY
NVDA,2024-03-21T00:00:00.000000,1,50.83,BUY
NVDA,2024-03-22T00:00:00.000000,1,50.83,BUY
NVDA,2024-03-25T00:00:00.000000,1,50.83,BUY
NVDA,2024-03-26T00:00:00.000000,1,49.72,BUY
NVDA,2024-03-27T00:00:00.000000,1,50.83,BUY
NVDA,2024-03-28T00:00:00.000000,1,50.83,BUY
NVDA,2024-04-01T00:00:00.000000,1,50.83,BUY
NVDA,2024-04-02T00:00:00.000000,1,50.83,BUY
NVDA,2024-04-03T00:00:00.000000,1,50.83,BUY
NVDA,2024-04-04T00:00:00.000000,1,50.83,BUY
NVDA,2024-04-05T00:00:00.000000,1,50.83,BUY
NVDA,2024-04-08T00:00:00.000000,1,50.83,BUY
NVDA,2024-04-09T00:00:00.000000,1,50.83,BUY
NVDA,2024-04-10T00:00:00.000000,1,50.83,BUY
NVDA,2024-04-11T00:00:00.000000,1,50.83,BUY
NVDA,2024-04-12T00:00:00.000000,1,50.83,BUY
NVDA,2024-04-15T00:00:00.000000,1,50.83,BUY
NVDA,2024-04-16T00:00:00.000000,1,50.83,BUY
NVDA,2024-04-17T00:00:00.000000,1,50.83,BUY
NVDA,2024-04-18T00:00:00.000000,1,50.83,BUY
NVDA,2024-04-19T00:00:00.000000,1,49.72,BUY
NVDA,2024-04-22T00:00:00.000000,1,50.83,BUY
NVDA,2024-04-23T00:00:00.000000,1,49.72,BUY
NVDA,2024-04-24T00:00:00.000000,1,49.72,BUY
NVDA,2024-04-25T00:00:00.000000,1,50.83,BUY
NVDA,2024-04-26T00:00:00.000000,1,50.83,BUY
NVDA,2024-04-29T00:00:00.000000,1,49.72,BUY
NVDA,2024-04-30T00:00:00.000000,1,49.72,BUY
NVDA,2024-05-01T00:00:00.000000,1,49.72,BUY
NVDA,2024-05-02T00:00:00.000000,1,49.72,BUY
NVDA,2024-05-03T00:00:00.000000,1,49.72,BUY
NVDA,2024-05-06T00:00:00.000000,1,49.72,BUY
NVDA,2024-05-07T00:00:00.000000,1,50.83,BUY
NVDA,2024-05-08T00:00:00.000000,1,50.83,BUY
NVDA,2024-05-09T00:00:00.000000,1,50.83,BUY
NVDA,2024-05-10T00:00:00.000000,1,50.83,BUY
NVDA,2024-05-13T00:00:00.000000,1,50.83,BUY
NVDA,2024-05-14T00:00:00.000000,1,50.83,BUY
NVDA,2024-05-15T00:00:00.000000,1,50.83,BUY
NVDA,2024-05-16T00:00:00.000000,1,50.83,BUY
NVDA,2024-05-17T00:00:00.000000,1,50.83,BUY
NVDA,2024-05-20T00:00:00.000000,1,50.83,BUY
NVDA,2024-05-21T00:00:00.000000,1,50.83,BUY
NVDA,2024-05-22T00:00:00.000000,1,50.83,BUY
NVDA,2024-05-23T00:00:00.000000,1,50.83,BUY
NVDA,2024-05-24T00:00:00.000000,1,50.83,BUY
NVDA,2024-05-28T00:00:00.000000,1,50.83,BUY
NVDA,2024-05-29T00:00:00.000000,1,50.83,BUY
NVDA,2024-05-30T00:00:00.000000,1,50.83,BUY
NVDA,2024-05-31T00:00:00.000000,1,50.83,BUY
NVDA,2024-06-03T00:00:00.000000,1,50.83,BUY
NVDA,2024-06-04T00:00:00.000000,1,50.83,BUY
NVDA,2024-06-05T00:00:00.000000,1,50.83,BUY
NVDA,2024-06-06T00:00:00.000000,1,50.83,BUY
NVDA,2024-06-07T00:00:00.000000,1,50.83,BUY
NVDA,2024-06-10T00:00:00.000000,1,50.83,BUY
NVDA,2024-06-11T00:00:00.000000,1,50.83,BUY
NVDA,2024-06-12T00:00:00.000000,1,50.83,BUY
NVDA,2024-06-13T00:00:00.000000,1,49.72,BUY
NVDA,2024-06-14T00:00:00.000000,1,49.72,BUY
NVDA,2024-06-17T00:00:00.000000,1,49.72,BUY
NVDA,2024-06-18T00:00:00.000000,1,49.72,BUY
NVDA,2024-06-20T00:00:00.000000,1,49.72,BUY
NVDA,2024-06-21T00:00:00.000000,1,49.72,BUY
NVDA,2024-06-24T00:00:00.000000,1,49.72,BUY
NVDA,2024-06-25T00:00:00.000000,1,49.72,BUY
NVDA,2024-06-26T00:00:00.000000,1,49.72,BUY
NVDA,2024-06-27T00:00:00.000000,1,49.72,BUY
NVDA,2024-06-28T00:00:00.000000,1,49.72,BUY
NVDA,2024-07-01T00:00:00.000000,1,49.72,BUY
NVDA,2024-07-02T00:00:00.000000,1,49.72,BUY
NVDA,2024-07-03T00:00:00.000000,1,49.72,BUY
NVDA,2024-07-05T00:00:00.000000,1,50.83,BUY
NVDA,2024-07-08T00:00:00.000000,1,50.83,BUY
NVDA,2024-07-09T00:00:00.000000,1,50.83,BUY
NVDA,2024-07-10T00:00:00.000000,1,50.83,BUY
NVDA,2024-07-11T00:00:00.000000,1,50.83,BUY
NVDA,2024-07-12T00:00:00.000000,1,50.83,BUY
NVDA,2024-07-15T00:00:00.000000,1,50.83,BUY
NVDA,2024-07-16T00:00:00.000000,1,50.83,BUY
NVDA,2024-07-17T00:00:00.000000,1,50.83,BUY
NVDA,2024-07-18T00:00:00.000000,1,49.72,BUY
NVDA,2024-07-19T00:00:00.000000,1,49.72,BUY
NVDA,2024-07-22T00:00:00.000000,1,49.72,BUY
NVDA,2024-07-23T00:00:00.000000,1,49.72,BUY
NVDA,2024-07-24T00:00:00.000000,1,49.72,BUY
NVDA,2024-07-25T00:00:00.000000,1,49.72,BUY
NVDA,2024-07-26T00:00:00.000000,1,49.72,BUY
NVDA,2024-07-29T00:00:00.000000,1,49.72,BUY
NVDA,2024-07-30T00:00:00.000000,1,49.72,BUY
NVDA,2024-07-31T00:00:00.000000,1,48.51,BUY
NVDA,2024-08-01T00:00:00.000000,1,49.72,BUY
NVDA,2024-08-02T00:00:00.000000,1,49.72,BUY
NVDA,2024-08-05T00:00:00.000000,1,49.72,BUY
NVDA,2024-08-06T00:00:00.000000,1,50.83,BUY
NVDA,2024-08-07T00:00:00.000000,1,50.83,BUY
NVDA,2024-08-08T00:00:00.000000,1,49.72,BUY
NVDA,2024-08-09T00:00:00.000000,1,50.83,BUY
NVDA,2024-08-12T00:00:00.000000,1,50.83,BUY
NVDA,2024-08-13T00:00:00.000000,1,50.83,BUY
NVDA,2024-08-14T00:00:00.000000,1,50.83,BUY
NVDA,2024-08-15T00:00:00.000000,1,50.83,BUY
NVDA,2024-08-16T00:00:00.000000,1,49.72,BUY
NVDA,2024-08-19T00:00:00.000000,1,49.72,BUY
NVDA,2024-08-20T00:00:00.000000,1,49.72,BUY
NVDA,2024-08-21T00:00:00.000000,1,50.83,BUY
NVDA,2024-08-22T00:00:00.000000,1,50.83,BUY
NVDA,2024-08-23T00:00:00.000000,1,50.83,BUY
NVDA,2024-08-26T00:00:00.000000,1,50.83,BUY
NVDA,2024-08-27T00:00:00.000000,1,50.83,BUY
NVDA,2024-08-28T00:00:00.000000,1,50.83,BUY
NVDA,2024-08-29T00:00:00.000000,1,50.83,BUY
NVDA,2024-08-30T00:00:00.000000,1,50.83,BUY
NVDA,2024-09-03T00:00:00.000000,1,49.72,BUY
NVDA,2024-09-04T00:00:00.000000,1,49.72,BUY
NVDA,2024-09-05T00:00:00.000000,1,49.72,BUY
NVDA,2024-09-06T00:00:00.000000,1,49.72,BUY
NVDA,2024-09-09T00:00:00.000000,1,49.72,BUY
NVDA,2024-09-10T00:00:00.000000,1,49.72,BUY
NVDA,2024-09-11T00:00:00.000000,1,49.72,BUY
NVDA,2024-09-12T00:00:00.000000,1,49.72,BUY
NVDA,2024-09-13T00:00:00.000000,1,49.72,BUY
NVDA,2024-09-16T00:00:00.000000,1,48.51,BUY
NVDA,2024-09-17T00:00:00.000000,1,48.51,BUY
NVDA,2024-09-18T00:00:00.000000,0,48.51,SELL
NVDA,2024-09-19T00:00:00.000000,1,48.51,BUY
NVDA,2024-09-20T00:00:00.000000,1,49.72,BUY
NVDA,2024-09-23T00:00:00.000000,1,49.72,BUY
NVDA,2024-09-24T00:00:00.000000,1,50.83,BUY
NVDA,2024-09-25T00:00:00.000000,1,50.83,BUY
NVDA,2024-09-26T00:00:00.000000,1,50.83,BUY
NVDA,2024-09-27T00:00:00.000000,1,50.83,BUY
NVDA,2024-09-30T00:00:00.000000,1,50.83,BUY
NVDA,2024-10-01T00:00:00.000000,1,50.83,BUY
NVDA,2024-10-02T00:00:00.000000,1,50.83,BUY
NVDA,2024-10-03T00:00:00.000000,1,50.83,BUY
NVDA,2024-10-04T00:00:00.000000,1,50.83,BUY
NVDA,2024-10-07T00:00:00.000000,1,50.83,BUY
NVDA,2024-10-08T00:00:00.000000,1,50.83,BUY
NVDA,2024-10-09T00:00:00.000000,1,50.83,BUY
NVDA,2024-10-10T00:00:00.000000,1,50.83,BUY
NVDA,2024-10-11T00:00:00.000000,1,50.83,BUY
NVDA,2024-10-14T00:00:00.000000,1,50.83,BUY
NVDA,2024-10-15T00:00:00.000000,1,50.83,BUY
NVDA,2024-10-16T00:00:00.000000,1,50.83,BUY
NVDA,2024-10-17T00:00:00.000000,1,50.83,BUY
NVDA,2024-10-18T00:00:00.000000,1,50.83,BUY
NVDA,2024-10-21T00:00:00.000000,1,50.83,BUY
NVDA,2024-10-22T00:00:00.000000,1,50.83,BUY
NVDA,2024-10-23T00:00:00.000000,1,50.83,BUY
NVDA,2024-10-24T00:00:00.000000,1,50.83,BUY
NVDA,2024-10-25T00:00:00.000000,1,50.83,BUY
NVDA,2024-10-28T00:00:00.000000,1,50.83,BUY
NVDA,2024-10-29T00:00:00.000000,1,50.83,BUY
NVDA,2024-10-30T00:00:00.000000,1,50.83,BUY
NVDA,2024-10-31T00:00:00.000000,1,49.72,BUY
NVDA,2024-11-01T00:00:00.000000,1,49.72,BUY
NVDA,2024-11-04T00:00:00.000000,1,49.72,BUY
NVDA,2024-11-05T00:00:00.000000,1,49.72,BUY
NVDA,2024-11-06T00:00:00.000000,1,50.83,BUY
NVDA,2024-11-07T00:00:00.000000,1,50.83,BUY
NVDA,2024-11-08T00:00:00.000000,1,50.83,BUY
NVDA,2024-11-11T00:00:00.000000,1,50.83,BUY
NVDA,2024-11-12T00:00:00.000000,1,49.72,BUY
NVDA,2024-11-13T00:00:00.000000,1,49.72,BUY
NVDA,2024-11-14T00:00:00.000000,1,49.72,BUY
NVDA,2024-11-15T00:00:00.000000,1,49.72,BUY
NVDA,2024-11-18T00:00:00.000000,1,49.72,BUY
NVDA,2024-11-19T00:00:00.000000,1,49.72,BUY
NVDA,2024-11-20T00:00:00.000000,1,49.72,BUY
NVDA,2024-11-21T00:00:00.000000,1,49.72,BUY
NVDA,2024-11-22T00:00:00.000000,1,49.72,BUY
NVDA,2024-11-25T00:00:00.000000,1,49.72,BUY
NVDA,2024-11-26T00:00:00.000000,1,49.72,BUY
NVDA,2024-11-27T00:00:00.000000,1,49.72,BUY
NVDA,2024-11-29T00:00:00.000000,1,50.83,BUY
NVDA,2024-12-02T00:00:00.000000,1,50.83,BUY
NVDA,2024-12-03T00:00:00.000000,1,50.83,BUY
NVDA,2024-12-04T00:00:00.000000,1,50.83,BUY
NVDA,2024-12-05T00:00:00.000000,1,50.83,BUY
NVDA,2024-12-06T00:00:00.000000,1,50.83,BUY
NVDA,2024-12-09T00:00:00.000000,1,49.72,BUY
NVDA,2024-12-10T00:00:00.000000,1,49.72,BUY
NVDA,2024-12-11T00:00:00.000000,1,49.72,BUY
NVDA,2024-12-12T00:00:00.000000,1,49.72,BUY
NVDA,2024-12-13T00:00:00.000000,1,49.72,BUY
NVDA,2024-12-16T00:00:00.000000,1,50.83,BUY
NVDA,2024-12-17T00:00:00.000000,1,50.83,BUY
NVDA,2024-12-18T00:00:00.000000,1,50.83,BUY
NVDA,2024-12-19T00:00:00.000000,1,50.83,BUY
NVDA,2024-12-20T00:00:00.000000,1,50.83,BUY
ORCL,2023-02-21T00:00:00.000000,0,48.51,SELL
ORCL,2023-02-22T00:00:00.000000,0,48.51,SELL
ORCL,2023-02-23T00:00:00.000000,0,48.51,SELL
ORCL,2023-02-24T00:00:00.000000,0,48.51,SELL
ORCL,2023-02-27T00:00:00.000000,0,48.51,SELL
ORCL,2023-02-28T00:00:00.000000,1,48.51,BUY
ORCL,2023-03-01T00:00:00.000000,1,49.72,BUY
ORCL,2023-03-02T00:00:00.000000,1,50.83,BUY
ORCL,2023-03-03T00:00:00.000000,1,50.83,BUY
ORCL,2023-03-06T00:00:00.000000,1,50.83,BUY
ORCL,2023-03-07T00:00:00.000000,1,50.83,BUY
ORCL,2023-03-08T00:00:00.000000,1,50.83,BUY
ORCL,2023-03-09T00:00:00.000000,1,50.83,BUY
ORCL,2023-03-10T00:00:00.000000,1,50.83,BUY
ORCL,2023-03-13T00:00:00.000000,1,50.83,BUY
ORCL,2023-03-14T00:00:00.000000,1,50.83,BUY
ORCL,2023-03-15T00:00:00.000000,1,49.72,BUY
ORCL,2023-03-16T00:00:00.000000,1,49.72,BUY
ORCL,2023-03-17T00:00:00.000000,1,49.72,BUY
ORCL,2023-03-20T00:00:00.000000,1,50.83,BUY
ORCL,2023-03-21T00:00:00.000000,1,49.72,BUY
ORCL,2023-03-22T00:00:00.000000,1,49.72,BUY
ORCL,2023-03-23T00:00:00.000000,1,48.51,BUY
ORCL,2023-03-24T00:00:00.000000,0,48.51,SELL
ORCL,2023-03-27T00:00:00.000000,0,48.51,SELL
ORCL,2023-03-28T00:00:00.000000,0,48.51,SELL
ORCL,2023-03-29T00:00:00.000000,0,48.51,SELL
ORCL,2023-03-30T00:00:00.000000,0,48.51,SELL
ORCL,2023-03-31T00:00:00.000000,1,48.51,BUY
ORCL,2023-04-03T00:00:00.000000,0,48.51,SELL
ORCL,2023-04-04T00:00:00.000000,0,48.51,SELL
ORCL,2023-04-05T00:00:00.000000,0,48.51,SELL
ORCL,2023-04-06T00:00:00.000000,0,48.51,SELL
ORCL,2023-04-10T00:00:00.000000,0,48.51,SELL
ORCL,2023-04-11T00:00:00.000000,0,48.51,SELL
ORCL,2023-04-12T00:00:00.000000,0,48.51,SELL
ORCL,2023-04-13T00:00:00.000000,0,48.51,SELL
ORCL,2023-04-14T00:00:00.000000,1,48.51,BUY
ORCL,2023-04-17T00:00:00.000000,1,49.72,BUY
ORCL,2023-04-18T00:00:00.000000,1,49.72,BUY
ORCL,2023-04-19T00:00:00.000000,1,49.72,BUY
ORCL,2023-04-20T00:00:00.000000,1,49.72,BUY
ORCL,2023-04-21T00:00:00.000000,1,49.72,BUY
ORCL,2023-04-24T00:00:00.000000,1,49.72,BUY
ORCL,2023-04-25T00:00:00.000000,1,49.72,BUY
ORCL,2023-04-26T00:00:00.000000,1,49.72,BUY
ORCL,2023-04-27T00:00:00.000000,1,49.72,BUY
ORCL,2023-04-28T00:00:00.000000,1,49.72,BUY
ORCL,2023-05-01T00:00:00.000000,1,49.72,BUY
ORCL,2023-05-02T00:00:00.000000,1,49.72,BUY
ORCL,2023-05-03T00:00:00.000000,1,49.72,BUY
ORCL,2023-05-04T00:00:00.000000,1,49.72,BUY
ORCL,2023-05-05T00:00:00.000000,1,49.72,BUY
ORCL,2023-05-08T00:00:00.000000,1,49.72,BUY
ORCL,2023-05-09T00:00:00.000000,1,48.51,BUY
ORCL,2023-05-10T00:00:00.000000,0,48.51,SELL
ORCL,2023-05-11T00:00:00.000000,0,48.51,SELL
ORCL,2023-05-12T00:00:00.000000,0,48.51,SELL
ORCL,2023-05-15T00:00:00.000000,0,48.51,SELL
ORCL,2023-05-16T00:00:00.000000,0,44.85,SELL
ORCL,2023-05-17T00:00:00.000000,0,48.51,SELL
ORCL,2023-05-18T00:00:00.000000,0,44.85,SELL
ORCL,2023-05-19T00:00:00.000000,0,44.85,SELL
ORCL,2023-05-22T00:00:00.000000,0,44.85,SELL
ORCL,2023-05-23T00:00:00.000000,0,44.85,SELL
ORCL,2023-05-24T00:00:00.000000,0,44.85,SELL
ORCL,2023-05-25T00:00:00.000000,0,48.51,SELL
ORCL,2023-05-26T00:00:00.000000,0,48.51,SELL
ORCL,2023-05-30T00:00:00.000000,0,48.51,SELL
ORCL,2023-05-31T00:00:00.000000,0,48.51,SELL
ORCL,2023-06-01T00:00:00.000000,0,48.51,SELL
ORCL,2023-06-02T00:00:00.000000,0,48.51,SELL
ORCL,2023-06-05T00:00:00.000000,0,48.51,SELL
ORCL,2023-06-06T00:00:00.000000,0,48.51,SELL
ORCL,2023-06-07T00:00:00.000000,0,48.51,SELL
ORCL,2023-06-08T00:00:00.000000,0,44.85,SELL
ORCL,2023-06-09T00:00:00.000000,0,44.85,SELL
ORCL,2023-06-12T00:00:00.000000,0,44.85,SELL
ORCL,2023-06-13T00:00:00.000000,0,44.85,SELL
ORCL,2023-06-14T00:00:00.000000,0,44.85,SELL
ORCL,2023-06-15T00:00:00.000000,0,44.85,SELL
ORCL,2023-06-16T00:00:00.000000,0,44.85,SELL
ORCL,2023-06-20T00:00:00.000000,0,48.51,SELL
ORCL,2023-06-21T00:00:00.000000,0,48.51,SELL
ORCL,2023-06-22T00:00:00.000000,0,48.51,SELL
ORCL,2023-06-23T00:00:00.000000,0,48.51,SELL
ORCL,2023-06-26T00:00:00.000000,1,48.51,BUY
ORCL,2023-06-27T00:00:00.000000,1,49.72,BUY
ORCL,2023-06-28T00:00:00.000000,1,49.72,BUY
ORCL,2023-06-29T00:00:00.000000,1,49.72,BUY
ORCL,2023-06-30T00:00:00.000000,1,49.72,BUY
ORCL,2023-07-03T00:00:00.000000,1,49.72,BUY
ORCL,2023-07-05T00:00:00.000000,1,48.51,BUY
ORCL,2023-07-06T00:00:00.000000,0,48.51,SELL
ORCL,2023-07-07T00:00:00.000000,0,48.51,SELL
ORCL,2023-07-10T00:00:00.000000,0,48.51,SELL
ORCL,2023-07-11T00:00:00.000000,0,48.51,SELL
ORCL,2023-07-12T00:00:00.000000,0,44.85,SELL
ORCL,2023-07-13T00:00:00.000000,0,44.85,SELL
ORCL,2023-07-14T00:00:00.000000,0,40.62,SELL
ORCL,2023-07-17T00:00:00.000000,0,44.85,SELL
ORCL,2023-07-18T00:00:00.000000,0,38.31,SELL
ORCL,2023-07-19T00:00:00.000000,0,38.31,SELL
ORCL,2023-07-20T00:00:00.000000,0,38.31,SELL
ORCL,2023-07-21T00:00:00.000000,0,38.31,SELL
ORCL,2023-07-24T00:00:00.000000,0,32.82,SELL
ORCL,2023-07-25T00:00:00.000000,0,32.82,SELL
ORCL,2023-07-26T00:00:00.000000,0,32.82,SELL
ORCL,2023-07-27T00:00:00.000000,0,32.82,SELL
ORCL,2023-07-28T00:00:00.000000,0,32.82,SELL
ORCL,2023-07-31T00:00:00.000000,0,32.82,SELL
ORCL,2023-08-01T00:00:00.000000,0,32.82,SELL
ORCL,2023-08-02T00:00:00.000000,0,32.82,SELL
ORCL,2023-08-03T00:00:00.000000,0,32.82,SELL
ORCL,2023-08-04T00:00:00.000000,0,32.82,SELL
ORCL,2023-08-07T00:00:00.000000,0,32.82,SELL
ORCL,2023-08-08T00:00:00.000000,0,38.31,SELL
ORCL,2023-08-09T00:00:00.000000,0,38.31,SELL
ORCL,2023-08-10T00:00:00.000000,0,40.62,SELL
ORCL,2023-08-11T00:00:00.000000,0,44.85,SELL
ORCL,2023-08-14T00:00:00.000000,0,38.31,SELL
ORCL,2023-08-15T00:00:00.000000,0,45.45,SELL
ORCL,2023-08-16T00:00:00.000000,0,48.51,SELL
ORCL,2023-08-17T00:00:00.000000,0,48.51,SELL
ORCL,2023-08-18T00:00:00.000000,1,48.51,BUY
ORCL,2023-08-21T00:00:00.000000,1,48.51,BUY
ORCL,2023-08-22T00:00:00.000000,1,49.72,BUY
ORCL,2023-08-23T00:00:00.000000,1,50.83,BUY
ORCL,2023-08-24T00:00:00.000000,1,50.83,BUY
ORCL,2023-08-25T00:00:00.000000,1,49.72,BUY
ORCL,2023-08-28T00:00:00.000000,1,50.83,BUY
ORCL,2023-08-29T00:00:00.000000,1,50.83,BUY
ORCL,2023-08-30T00:00:00.000000,1,50.83,BUY
ORCL,2023-08-31T00:00:00.000000,1,49.72,BUY
ORCL,2023-09-01T00:00:00.000000,1,48.51,BUY
ORCL,2023-09-05T00:00:00.000000,1,48.51,BUY
ORCL,2023-09-06T00:00:00.000000,1,48.51,BUY
ORCL,2023-09-07T00:00:00.000000,1,48.51,BUY
ORCL,2023-09-08T00:00:00.000000,1,49.72,BUY
ORCL,2023-09-11T00:00:00.000000,1,48.51,BUY
ORCL,2023-09-12T00:00:00.000000,1,49.72,BUY
ORCL,2023-09-13T00:00:00.000000,1,49.72,BUY
ORCL,2023-09-14T00:00:00.000000,1,49.72,BUY
ORCL,2023-09-15T00:00:00.000000,1,49.72,BUY
ORCL,2023-09-18T00:00:00.000000,1,49.72,BUY
ORCL,2023-09-19T00:00:00.000000,1,49.72,BUY
ORCL,2023-09-20T00:00:00.000000,1,49.72,BUY
ORCL,2023-09-21T00:00:00.000000,1,49.72,BUY
ORCL,2023-09-22T00:00:00.000000,1,48.51,BUY
ORCL,2023-09-25T00:00:00.000000,1,48.51,BUY
ORCL,2023-09-26T00:00:00.000000,0,48.51,SELL
ORCL,2023-09-27T00:00:00.000000,0,48.51,SELL
ORCL,2023-09-28T00:00:00.000000,0,48.51,SELL
ORCL,2023-09-29T00:00:00.000000,1,48.51,BUY
ORCL,2023-10-02T00:00:00.000000,1,49.72,BUY
ORCL,2023-10-03T00:00:00.000000,1,49.72,BUY
ORCL,2023-10-04T00:00:00.000000,1,50.83,BUY
ORCL,2023-10-05T00:00:00.000000,1,50.83,BUY
ORCL,2023-10-06T00:00:00.000000,1,49.72,BUY
ORCL,2023-10-09T00:00:00.000000,1,49.72,BUY
ORCL,2023-10-10T00:00:00.000000,1,49.72,BUY
ORCL,2023-10-11T00:00:00.000000,1,49.72,BUY
ORCL,2023-10-12T00:00:00.000000,1,50.83,BUY
ORCL,2023-10-13T00:00:00.000000,1,50.83,BUY
ORCL,2023-10-16T00:00:00.000000,1,50.83,BUY
ORCL,2023-10-17T00:00:00.000000,1,50.83,BUY
ORCL,2023-10-18T00:00:00.000000,1,49.72,BUY
ORCL,2023-10-19T00:00:00.000000,1,49.72,BUY
ORCL,2023-10-20T00:00:00.000000,1,49.72,BUY
ORCL,2023-10-23T00:00:00.000000,1,49.72,BUY
ORCL,2023-10-24T00:00:00.000000,1,49.72,BUY
ORCL,2023-10-25T00:00:00.000000,1,49.72,BUY
ORCL,2023-10-26T00:00:00.000000,1,49.72,BUY
ORCL,2023-10-27T00:00:00.000000,1,49.72,BUY
ORCL,2023-10-30T00:00:00.000000,1,49.72,BUY
ORCL,2023-10-31T00:00:00.000000,1,50.83,BUY
ORCL,2023-11-01T00:00:00.000000,1,50.83,BUY
ORCL,2023-11-02T00:00:00.000000,1,50.83,BUY
ORCL,2023-11-03T00:00:00.000000,1,50.83,BUY
ORCL,2023-11-06T00:00:00.000000,1,50.83,BUY
ORCL,2023-11-07T00:00:00.000000,1,49.72,BUY
ORCL,2023-11-08T00:00:00.000000,1,49.72,BUY
ORCL,2023-11-09T00:00:00.000000,1,48.51,BUY
ORCL,2023-11-10T00:00:00.000000,0,48.51,SELL
ORCL,2023-11-13T00:00:00.000000,0,48.51,SELL
ORCL,2023-11-14T00:00:00.000000,0,44.85,SELL
ORCL,2023-11-15T00:00:00.000000,0,38.31,SELL
ORCL,2023-11-16T00:00:00.000000,0,38.31,SELL
ORCL,2023-11-17T00:00:00.000000,0,38.31,SELL
ORCL,2023-11-20T00:00:00.000000,0,38.31,SELL
ORCL,2023-11-21T00:00:00.000000,0,44.85,SELL
ORCL,2023-11-22T00:00:00.000000,0,44.85,SELL
ORCL,2023-11-24T00:00:00.000000,0,48.51,SELL
ORCL,2023-11-27T00:00:00.000000,0,48.51,SELL
ORCL,2023-11-28T00:00:00.000000,1,48.51,BUY
ORCL,2023-11-29T00:00:00.000000,1,49.72,BUY
ORCL,2023-11-30T00:00:00.000000,1,49.72,BUY
ORCL,2023-12-01T00:00:00.000000,1,49.72,BUY
ORCL,2023-12-04T00:00:00.000000,1,49.72,BUY
ORCL,2023-12-05T00:00:00.000000,1,49.72,BUY
ORCL,2023-12-06T00:00:00.000000,1,49.72,BUY
ORCL,2023-12-07T00:00:00.000000,1,48.51,BUY
ORCL,2023-12-08T00:00:00.000000,1,48.51,BUY
ORCL,2023-12-11T00:00:00.000000,0,48.51,SELL
ORCL,2023-12-12T00:00:00.000000,0,48.51,SELL
ORCL,2023-12-13T00:00:00.000000,0,48.51,SELL
ORCL,2023-12-14T00:00:00.000000,0,48.51,SELL
ORCL,2023-12-15T00:00:00.000000,0,48.51,SELL
ORCL,2023-12-18T00:00:00.000000,0,44.85,SELL
ORCL,2023-12-19T00:00:00.000000,0,44.85,SELL
ORCL,2023-12-20T00:00:00.000000,0,38.31,SELL
ORCL,2023-12-21T00:00:00.000000,0,38.31,SELL
ORCL,2023-12-22T00:00:00.000000,0,36.84,SELL
ORCL,2023-12-26T00:00:00.000000,0,32.82,SELL
ORCL,2023-12-27T00:00:00.000000,0,32.82,SELL
ORCL,2023-12-28T00:00:00.000000,0,32.82,SELL
ORCL,2023-12-29T00:00:00.000000,0,32.82,SELL
ORCL,2024-01-02T00:00:00.000000,0,32.82,SELL
ORCL,2024-01-03T00:00:00.000000,0,32.82,SELL
ORCL,2024-01-04T00:00:00.000000,0,32.82,SELL
ORCL,2024-01-05T00:00:00.000000,0,32.82,SELL
ORCL,2024-01-08T00:00:00.000000,0,36.84,SELL
ORCL,2024-01-09T00:00:00.000000,0,38.1,SELL
ORCL,2024-01-10T00:00:00.000000,0,38.31,SELL
ORCL,2024-01-11T00:00:00.000000,0,38.31,SELL
ORCL,2024-01-12T00:00:00.000000,0,44.85,SELL
ORCL,2024-01-16T00:00:00.000000,0,48.51,SELL
ORCL,2024-01-17T00:00:00.000000,0,48.51,SELL
ORCL,2024-01-18T00:00:00.000000,1,49.72,BUY
ORCL,2024-01-19T00:00:00.000000,1,49.72,BUY
ORCL,2024-01-22T00:00:00.000000,1,49.72,BUY
ORCL,2024-01-23T00:00:00.000000,1,49.72,BUY
ORCL,2024-01-24T00:00:00.000000,1,50.83,BUY
ORCL,2024-01-25T00:00:00.000000,1,50.83,BUY
ORCL,2024-01-26T00:00:00.000000,1,50.83,BUY
ORCL,2024-01-29T00:00:00.000000,1,49.72,BUY
ORCL,2024-01-30T00:00:00.000000,1,49.72,BUY
ORCL,2024-01-31T00:00:00.000000,1,49.72,BUY
ORCL,2024-02-01T00:00:00.000000,1,49.72,BUY
ORCL,2024-02-02T00:00:00.000000,1,49.72,BUY
ORCL,2024-02-05T00:00:00.000000,1,49.72,BUY
ORCL,2024-02-06T00:00:00.000000,1,49.72,BUY
ORCL,2024-02-07T00:00:00.000000,1,49.72,BUY
ORCL,2024-02-08T00:00:00.000000,1,49.72,BUY
ORCL,2024-02-09T00:00:00.000000,1,49.72,BUY
ORCL,2024-02-12T00:00:00.000000,1,49.72,BUY
ORCL,2024-02-13T00:00:00.000000,1,49.72,BUY
ORCL,2024-02-14T00:00:00.000000,1,49.72,BUY
ORCL,2024-02-15T00:00:00.000000,1,49.72,BUY
ORCL,2024-02-16T00:00:00.000000,1,49.72,BUY
ORCL,2024-02-20T00:00:00.000000,1,49.72,BUY
ORCL,2024-02-21T00:00:00.000000,1,49.72,BUY
ORCL,2024-02-22T00:00:00.000000,1,48.51,BUY
ORCL,2024-02-23T00:00:00.000000,1,48.51,BUY
ORCL,2024-02-26T00:00:00.000000,0,48.51,SELL
ORCL,2024-02-27T00:00:00.000000,0,48.51,SELL
ORCL,2024-02-28T00:00:00.000000,0,40.62,SELL
ORCL,2024-02-29T00:00:00.000000,0,38.31,SELL
ORCL,2024-03-01T00:00:00.000000,0,38.31,SELL
ORCL,2024-03-04T00:00:00.000000,0,38.31,SELL
ORCL,2024-03-05T00:00:00.000000,0,38.1,SELL
ORCL,2024-03-06T00:00:00.000000,0,38.1,SELL
ORCL,2024-03-07T00:00:00.000000,0,38.31,SELL
ORCL,2024-03-08T00:00:00.000000,0,38.31,SELL
ORCL,2024-03-11T00:00:00.000000,0,38.31,SELL
ORCL,2024-03-12T00:00:00.000000,0,37.93,SELL
ORCL,2024-03-13T00:00:00.000000,0,38.31,SELL
ORCL,2024-03-14T00:00:00.000000,0,38.31,SELL
ORCL,2024-03-15T00:00:00.000000,0,44.85,SELL
ORCL,2024-03-18T00:00:00.000000,0,48.51,SELL
ORCL,2024-03-19T00:00:00.000000,0,48.51,SELL
ORCL,2024-03-20T00:00:00.000000,1,48.51,BUY
ORCL,2024-03-21T00:00:00.000000,1,49.72,BUY
ORCL,2024-03-22T00:00:00.000000,1,49.72,BUY
ORCL,2024-03-25T00:00:00.000000,1,49.72,BUY
ORCL,2024-03-26T00:00:00.000000,1,49.72,BUY
ORCL,2024-03-27T00:00:00.000000,1,49.72,BUY
ORCL,2024-03-28T00:00:00.000000,1,49.72,BUY
ORCL,2024-04-01T00:00:00.000000,1,49.72,BUY
ORCL,2024-04-02T00:00:00.000000,1,48.51,BUY
ORCL,2024-04-03T00:00:00.000000,0,48.51,SELL
ORCL,2024-04-04T00:00:00.000000,0,48.51,SELL
ORCL,2024-04-05T00:00:00.000000,0,48.51,SELL
ORCL,2024-04-08T00:00:00.000000,0,48.51,SELL
ORCL,2024-04-09T00:00:00.000000,0,48.51,SELL
ORCL,2024-04-10T00:00:00.000000,0,48.51,SELL
ORCL,2024-04-11T00:00:00.000000,0,48.51,SELL
ORCL,2024-04-12T00:00:00.000000,0,48.51,SELL
ORCL,2024-04-15T00:00:00.000000,0,48.51,SELL
ORCL,2024-04-16T00:00:00.000000,0,48.51,SELL
ORCL,2024-04-17T00:00:00.000000,1,48.51,BUY
ORCL,2024-04-18T00:00:00.000000,1,49.72,BUY
ORCL,2024-04-19T00:00:00.000000,1,49.72,BUY
ORCL,2024-04-22T00:00:00.000000,1,49.72,BUY
ORCL,2024-04-23T00:00:00.000000,1,49.72,BUY
ORCL,2024-04-24T00:00:00.000000,1,49.72,BUY
ORCL,2024-04-25T00:00:00.000000,1,49.72,BUY
ORCL,2024-04-26T00:00:00.000000,1,49.72,BUY
ORCL,2024-04-29T00:00:00.000000,1,49.72,BUY
ORCL,2024-04-30T00:00:00.000000,1,49.72,BUY
ORCL,2024-05-01T00:00:00.000000,1,49.72,BUY
ORCL,2024-05-02T00:00:00.000000,1,48.51,BUY
ORCL,2024-05-03T00:00:00.000000,1,48.51,BUY
ORCL,2024-05-06T00:00:00.000000,0,48.51,SELL
ORCL,2024-05-07T00:00:00.000000,0,48.51,SELL
ORCL,2024-05-08T00:00:00.000000,0,48.51,SELL
ORCL,2024-05-09T00:00:00.000000,0,48.51,SELL
ORCL,2024-05-10T00:00:00.000000,0,48.51,SELL
ORCL,2024-05-13T00:00:00.000000,0,48.51,SELL
ORCL,2024-05-14T00:00:00.000000,0,48.51,SELL
ORCL,2024-05-15T00:00:00.000000,0,48.51,SELL
ORCL,2024-05-16T00:00:00.000000,0,48.51,SELL
ORCL,2024-05-17T00:00:00.000000,0,44.85,SELL
ORCL,2024-05-20T00:00:00.000000,0,44.85,SELL
ORCL,2024-05-21T00:00:00.000000,0,44.85,SELL
ORCL,2024-05-22T00:00:00.000000,0,44.85,SELL
ORCL,2024-05-23T00:00:00.000000,0,44.85,SELL
ORCL,2024-05-24T00:00:00.000000,0,44.85,SELL
ORCL,2024-05-28T00:00:00.000000,0,44.85,SELL
ORCL,2024-05-29T00:00:00.000000,0,48.51,SELL
ORCL,2024-05-30T00:00:00.000000,0,48.51,SELL
ORCL,2024-05-31T00:00:00.000000,1,49.72,BUY
ORCL,2024-06-03T00:00:00.000000,1,49.72,BUY
ORCL,2024-06-04T00:00:00.000000,1,49.72,BUY
ORCL,2024-06-05T00:00:00.000000,1,49.72,BUY
ORCL,2024-06-06T00:00:00.000000,1,49.72,BUY
ORCL,2024-06-07T00:00:00.000000,1,49.72,BUY
ORCL,2024-06-10T00:00:00.000000,1,49.72,BUY
ORCL,2024-06-11T00:00:00.000000,1,49.72,BUY
ORCL,2024-06-12T00:00:00.000000,1,49.72,BUY
ORCL,2024-06-13T00:00:00.000000,1,49.72,BUY
ORCL,2024-06-14T00:00:00.000000,1,49.72,BUY
ORCL,2024-06-17T00:00:00.000000,1,49.72,BUY
ORCL,2024-06-18T00:00:00.000000,1,49.72,BUY
ORCL,2024-06-20T00:00:00.000000,1,50.83,BUY
ORCL,2024-06-21T00:00:00.000000,1,50.83,BUY
ORCL,2024-06-24T00:00:00.000000,1,50.83,BUY
ORCL,2024-06-25T00:00:00.000000,1,50.83,BUY
ORCL,2024-06-26T00:00:00.000000,1,50.83,BUY
ORCL,2024-06-27T00:00:00.000000,1,50.83,BUY
ORCL,2024-06-28T00:00:00.000000,1,50.83,BUY
ORCL,2024-07-01T00:00:00.000000,1,49.72,BUY
ORCL,2024-07-02T00:00:00.000000,1,49.72,BUY
ORCL,2024-07-03T00:00:00.000000,1,49.72,BUY
ORCL,2024-07-05T00:00:00.000000,1,49.72,BUY
ORCL,2024-07-08T00:00:00.000000,1,48.51,BUY
ORCL,2024-07-09T00:00:00.000000,1,48.51,BUY
ORCL,2024-07-10T00:00:00.000000,1,48.51,BUY
ORCL,2024-07-11T00:00:00.000000,1,49.72,BUY
ORCL,2024-07-12T00:00:00.000000,1,48.51,BUY
ORCL,2024-07-15T00:00:00.000000,0,48.51,SELL
ORCL,2024-07-16T00:00:00.000000,0,48.51,SELL
ORCL,2024-07-17T00:00:00.000000,0,48.51,SELL
ORCL,2024-07-18T00:00:00.000000,0,48.51,SELL
ORCL,2024-07-19T00:00:00.000000,0,48.51,SELL
ORCL,2024-07-22T00:00:00.000000,0,45.45,SELL
ORCL,2024-07-23T00:00:00.000000,0,44.85,SELL
ORCL,2024-07-24T00:00:00.000000,0,38.31,SELL
ORCL,2024-07-25T00:00:00.000000,0,38.31,SELL
ORCL,2024-07-26T00:00:00.000000,0,38.31,SELL
ORCL,2024-07-29T00:00:00.000000,0,48.51,SELL
ORCL,2024-07-30T00:00:00.000000,0,48.51,SELL
ORCL,2024-07-31T00:00:00.000000,0,48.51,SELL
ORCL,2024-08-01T00:00:00.000000,1,48.51,BUY
ORCL,2024-08-02T00:00:00.000000,1,49.72,BUY
ORCL,2024-08-05T00:00:00.000000,1,49.72,BUY
ORCL,2024-08-06T00:00:00.000000,1,49.72,BUY
ORCL,2024-08-07T00:00:00.000000,1,50.83,BUY
ORCL,2024-08-08T00:00:00.000000,1,50.83,BUY
ORCL,2024-08-09T00:00:00.000000,1,50.83,BUY
ORCL,2024-08-12T00:00:00.000000,1,50.83,BUY
ORCL,2024-08-13T00:00:00.000000,1,49.72,BUY
ORCL,2024-08-14T00:00:00.000000,1,49.72,BUY
ORCL,2024-08-15T00:00:00.000000,1,49.72,BUY
ORCL,2024-08-16T00:00:00.000000,1,49.72,BUY
ORCL,2024-08-19T00:00:00.000000,0,48.51,SELL
ORCL,2024-08-20T00:00:00.000000,0,48.51,SELL
ORCL,2024-08-21T00:00:00.000000,0,45.45,SELL
ORCL,2024-08-22T00:00:00.000000,0,38.31,SELL
ORCL,2024-08-23T00:00:00.000000,0,40.62,SELL
ORCL,2024-08-26T00:00:00.000000,0,40.62,SELL
ORCL,2024-08-27T00:00:00.000000,0,44.85,SELL
ORCL,2024-08-28T00:00:00.000000,0,44.85,SELL
ORCL,2024-08-29T00:00:00.000000,0,44.85,SELL
ORCL,2024-08-30T00:00:00.000000,0,44.85,SELL
ORCL,2024-09-03T00:00:00.000000,0,48.51,SELL
ORCL,2024-09-04T00:00:00.000000,0,48.51,SELL
ORCL,2024-09-05T00:00:00.000000,0,48.51,SELL
ORCL,2024-09-06T00:00:00.000000,0,48.51,SELL
ORCL,2024-09-09T00:00:00.000000,0,48.51,SELL
ORCL,2024-09-10T00:00:00.000000,1,48.51,BUY
ORCL,2024-09-11T00:00:00.000000,1,49.72,BUY
ORCL,2024-09-12T00:00:00.000000,1,49.72,BUY
ORCL,2024-09-13T00:00:00.000000,1,49.72,BUY
ORCL,2024-09-16T00:00:00.000000,1,50.83,BUY
ORCL,2024-09-17T00:00:00.000000,1,50.83,BUY
ORCL,2024-09-18T00:00:00.000000,1,50.83,BUY
ORCL,2024-09-19T00:00:00.000000,1,50.83,BUY
ORCL,2024-09-20T00:00:00.000000,1,50.83,BUY
ORCL,2024-09-23T00:00:00.000000,1,50.83,BUY
ORCL,2024-09-24T00:00:00.000000,1,50.83,BUY
ORCL,2024-09-25T00:00:00.000000,1,50.83,BUY
ORCL,2024-09-26T00:00:00.000000,1,50.83,BUY
ORCL,2024-09-27T00:00:00.000000,1,50.83,BUY
ORCL,2024-09-30T00:00:00.000000,1,49.72,BUY
ORCL,2024-10-01T00:00:00.000000,1,49.72,BUY
ORCL,2024-10-02T00:00:00.000000,1,48.51,BUY
ORCL,2024-10-03T00:00:00.000000,0,48.51,SELL
ORCL,2024-10-04T00:00:00.000000,0,48.51,SELL
ORCL,2024-10-07T00:00:00.000000,0,48.51,SELL
ORCL,2024-10-08T00:00:00.000000,0,48.51,SELL
ORCL,2024-10-09T00:00:00.000000,0,48.51,SELL
ORCL,2024-10-10T00:00:00.000000,0,44.85,SELL
ORCL,2024-10-11T00:00:00.000000,0,44.85,SELL
ORCL,2024-10-14T00:00:00.000000,0,44.85,SELL
ORCL,2024-10-15T00:00:00.000000,0,38.31,SELL
ORCL,2024-10-16T00:00:00.000000,0,38.31,SELL
ORCL,2024-10-17T00:00:00.000000,0,38.1,SELL
ORCL,2024-10-18T00:00:00.000000,0,37.5,SELL
ORCL,2024-10-21T00:00:00.000000,0,38.31,SELL
ORCL,2024-10-22T00:00:00.000000,0,38.31,SELL
ORCL,2024-10-23T00:00:00.000000,0,44.85,SELL
ORCL,2024-10-24T00:00:00.000000,0,48.51,SELL
ORCL,2024-10-25T00:00:00.000000,0,48.51,SELL
ORCL,2024-10-28T00:00:00.000000,0,48.51,SELL
ORCL,2024-10-29T00:00:00.000000,0,48.51,SELL
ORCL,2024-10-30T00:00:00.000000,0,48.51,SELL
ORCL,2024-10-31T00:00:00.000000,0,48.51,SELL
ORCL,2024-11-01T00:00:00.000000,0,48.51,SELL
ORCL,2024-11-04T00:00:00.000000,0,48.51,SELL
ORCL,2024-11-05T00:00:00.000000,0,48.51,SELL
ORCL,2024-11-06T00:00:00.000000,0,48.51,SELL
ORCL,2024-11-07T00:00:00.000000,0,48.51,SELL
ORCL,2024-11-08T00:00:00.000000,0,44.85,SELL
ORCL,2024-11-11T00:00:00.000000,0,38.31,SELL
ORCL,2024-11-12T00:00:00.000000,0,36.84,SELL
ORCL,2024-11-13T00:00:00.000000,0,36.84,SELL
ORCL,2024-11-14T00:00:00.000000,0,37.93,SELL
ORCL,2024-11-15T00:00:00.000000,0,37.5,SELL
ORCL,2024-11-18T00:00:00.000000,0,38.1,SELL
ORCL,2024-11-19T00:00:00.000000,0,38.31,SELL
ORCL,2024-11-20T00:00:00.000000,0,38.31,SELL
ORCL,2024-11-21T00:00:00.000000,0,48.51,SELL
ORCL,2024-11-22T00:00:00.000000,0,48.51,SELL
ORCL,2024-11-25T00:00:00.000000,0,48.51,SELL
ORCL,2024-11-26T00:00:00.000000,1,48.51,BUY
ORCL,2024-11-27T00:00:00.000000,1,48.51,BUY
ORCL,2024-11-29T00:00:00.000000,1,48.51,BUY
ORCL,2024-12-02T00:00:00.000000,1,48.51,BUY
ORCL,2024-12-03T00:00:00.000000,1,48.51,BUY
ORCL,2024-12-04T00:00:00.000000,1,48.51,BUY
ORCL,2024-12-05T00:00:00.000000,1,48.51,BUY
ORCL,2024-12-06T00:00:00.000000,1,49.72,BUY
ORCL,2024-12-09T00:00:00.000000,1,48.51,BUY
ORCL,2024-12-10T00:00:00.000000,0,48.51,SELL
ORCL,2024-12-11T00:00:00.000000,0,48.51,SELL
ORCL,2024-12-12T00:00:00.000000,0,48.51,SELL
ORCL,2024-12-13T00:00:00.000000,0,48.51,SELL
ORCL,2024-12-16T00:00:00.000000,0,48.51,SELL
ORCL,2024-12-17T00:00:00.000000,0,48.51,SELL
ORCL,2024-12-18T00:00:00.000000,1,48.51,BUY
ORCL,2024-12-19T00:00:00.000000,1,49.72,BUY
ORCL,2024-12-20T00:00:00.000000,1,49.72,BUY
OXY,2023-02-21T00:00:00.000000,0,45.45,SELL
OXY,2023-02-22T00:00:00.000000,0,48.51,SELL
OXY,2023-02-23T00:00:00.000000,1,49.72,BUY
OXY,2023-02-24T00:00:00.000000,1,49.72,BUY
OXY,2023-02-27T00:00:00.000000,1,48.51,BUY
OXY,2023-02-28T00:00:00.000000,1,48.51,BUY
OXY,2023-03-01T00:00:00.000000,1,48.51,BUY
OXY,2023-03-02T00:00:00.000000,1,49.72,BUY
OXY,2023-03-03T00:00:00.000000,1,49.72,BUY
OXY,2023-03-06T00:00:00.000000,1,49.72,BUY
OXY,2023-03-07T00:00:00.000000,1,49.72,BUY
OXY,2023-03-08T00:00:00.000000,1,49.72,BUY
OXY,2023-03-09T00:00:00.000000,1,49.72,BUY
OXY,2023-03-10T00:00:00.000000,1,49.72,BUY
OXY,2023-03-13T00:00:00.000000,1,50.83,BUY
OXY,2023-03-14T00:00:00.000000,1,50.83,BUY
OXY,2023-03-15T00:00:00.000000,1,50.83,BUY
OXY,2023-03-16T00:00:00.000000,1,50.83,BUY
OXY,2023-03-17T00:00:00.000000,1,49.72,BUY
OXY,2023-03-20T00:00:00.000000,1,50.83,BUY
OXY,2023-03-21T00:00:00.000000,1,50.83,BUY
OXY,2023-03-22T00:00:00.000000,1,49.72,BUY
OXY,2023-03-23T00:00:00.000000,1,49.72,BUY
OXY,2023-03-24T00:00:00.000000,1,49.72,BUY
OXY,2023-03-27T00:00:00.000000,1,48.51,BUY
OXY,2023-03-28T00:00:00.000000,0,48.51,SELL
OXY,2023-03-29T00:00:00.000000,0,48.51,SELL
OXY,2023-03-30T00:00:00.000000,0,48.51,SELL
OXY,2023-03-31T00:00:00.000000,1,48.51,BUY
OXY,2023-04-03T00:00:00.000000,1,48.51,BUY
OXY,2023-04-04T00:00:00.000000,1,49.72,BUY
OXY,2023-04-05T00:00:00.000000,1,49.72,BUY
OXY,2023-04-06T00:00:00.000000,1,48.51,BUY
OXY,2023-04-10T00:00:00.000000,0,48.51,SELL
OXY,2023-04-11T00:00:00.000000,0,48.51,SELL
OXY,2023-04-12T00:00:00.000000,0,48.51,SELL
OXY,2023-04-13T00:00:00.000000,0,48.51,SELL
OXY,2023-04-14T00:00:00.000000,0,48.51,SELL
OXY,2023-04-17T00:00:00.000000,0,48.51,SELL
OXY,2023-04-18T00:00:00.000000,0,48.51,SELL
OXY,2023-04-19T00:00:00.000000,0,48.51,SELL
OXY,2023-04-20T00:00:00.000000,0,48.51,SELL
OXY,2023-04-21T00:00:00.000000,0,48.51,SELL
OXY,2023-04-24T00:00:00.000000,0,48.51,SELL
OXY,2023-04-25T00:00:00.000000,0,48.51,SELL
OXY,2023-04-26T00:00:00.000000,0,48.51,SELL
OXY,2023-04-27T00:00:00.000000,0,44.85,SELL
OXY,2023-04-28T00:00:00.000000,0,44.85,SELL
OXY,2023-05-01T00:00:00.000000,0,38.31,SELL
OXY,2023-05-02T00:00:00.000000,0,38.31,SELL
OXY,2023-05-03T00:00:00.000000,0,38.1,SELL
OXY,2023-05-04T00:00:00.000000,0,38.31,SELL
OXY,2023-05-05T00:00:00.000000,0,44.85,SELL
OXY,2023-05-08T00:00:00.000000,0,48.51,SELL
OXY,2023-05-09T00:00:00.000000,0,48.51,SELL
OXY,2023-05-10T00:00:00.000000,0,48.51,SELL
OXY,2023-05-11T00:00:00.000000,0,48.51,SELL
OXY,2023-05-12T00:00:00.000000,0,48.51,SELL
OXY,2023-05-15T00:00:00.000000,0,48.51,SELL
OXY,2023-05-16T00:00:00.000000,0,48.51,SELL
OXY,2023-05-17T00:00:00.000000,1,48.51,BUY
OXY,2023-05-18T00:00:00.000000,0,48.51,SELL
OXY,2023-05-19T00:00:00.000000,0,48.51,SELL
OXY,2023-05-22T00:00:00.000000,0,48.51,SELL
OXY,2023-05-23T00:00:00.000000,0,48.51,SELL
OXY,2023-05-24T00:00:00.000000,0,48.51,SELL
OXY,2023-05-25T00:00:00.000000,0,48.51,SELL
OXY,2023-05-26T00:00:00.000000,1,49.72,BUY
OXY,2023-05-30T00:00:00.000000,1,49.72,BUY
OXY,2023-05-31T00:00:00.000000,1,49.72,BUY
OXY,2023-06-01T00:00:00.000000,1,48.51,BUY
OXY,2023-06-02T00:00:00.000000,1,49.72,BUY
OXY,2023-06-05T00:00:00.000000,1,48.51,BUY
OXY,2023-06-06T00:00:00.000000,0,48.51,SELL
OXY,2023-06-07T00:00:00.000000,0,48.51,SELL
OXY,2023-06-08T00:00:00.000000,0,48.51,SELL
OXY,2023-06-09T00:00:00.000000,0,44.85,SELL
OXY,2023-06-12T00:00:00.000000,0,40.62,SELL
OXY,2023-06-13T00:00:00.000000,0,38.31,SELL
OXY,2023-06-14T00:00:00.000000,0,38.31,SELL
OXY,2023-06-15T00:00:00.000000,0,38.31,SELL
OXY,2023-06-16T00:00:00.000000,0,38.31,SELL
OXY,2023-06-20T00:00:00.000000,0,44.85,SELL
OXY,2023-06-21T00:00:00.000000,0,38.31,SELL
OXY,2023-06-22T00:00:00.000000,0,40.62,SELL
OXY,2023-06-23T00:00:00.000000,0,38.31,SELL
OXY,2023-06-26T00:00:00.000000,0,44.85,SELL
OXY,2023-06-27T00:00:00.000000,0,44.85,SELL
OXY,2023-06-28T00:00:00.000000,0,44.85,SELL
OXY,2023-06-29T00:00:00.000000,0,44.85,SELL
OXY,2023-06-30T00:00:00.000000,0,44.85,SELL
OXY,2023-07-03T00:00:00.000000,0,48.51,SELL
OXY,2023-07-05T00:00:00.000000,0,48.51,SELL
OXY,2023-07-06T00:00:00.000000,0,48.51,SELL
OXY,2023-07-07T00:00:00.000000,0,48.51,SELL
OXY,2023-07-10T00:00:00.000000,0,48.51,SELL
OXY,2023-07-11T00:00:00.000000,0,48.51,SELL
OXY,2023-07-12T00:00:00.000000,0,48.51,SELL
OXY,2023-07-13T00:00:00.000000,0,44.85,SELL
OXY,2023-07-14T00:00:00.000000,0,44.85,SELL
OXY,2023-07-17T00:00:00.000000,0,44.85,SELL
OXY,2023-07-18T00:00:00.000000,0,40.62,SELL
OXY,2023-07-19T00:00:00.000000,0,40.62,SELL
OXY,2023-07-20T00:00:00.000000,0,38.31,SELL
OXY,2023-07-21T00:00:00.000000,0,36.84,SELL
OXY,2023-07-24T00:00:00.000000,0,32.82,SELL
OXY,2023-07-25T00:00:00.000000,0,32.82,SELL
OXY,2023-07-26T00:00:00.000000,0,32.82,SELL
OXY,2023-07-27T00:00:00.000000,0,32.82,SELL
OXY,2023-07-28T00:00:00.000000,0,32.82,SELL
OXY,2023-07-31T00:00:00.000000,0,32.82,SELL
OXY,2023-08-01T00:00:00.000000,0,32.82,SELL
OXY,2023-08-02T00:00:00.000000,0,32.82,SELL
OXY,2023-08-03T00:00:00.000000,0,35.29,SELL
OXY,2023-08-04T00:00:00.000000,0,38.1,SELL
OXY,2023-08-07T00:00:00.000000,0,38.31,SELL
OXY,2023-08-08T00:00:00.000000,0,38.31,SELL
OXY,2023-08-09T00:00:00.000000,0,38.31,SELL
OXY,2023-08-10T00:00:00.000000,0,44.85,SELL
OXY,2023-08-11T00:00:00.000000,0,40.62,SELL
OXY,2023-08-14T00:00:00.000000,0,44.85,SELL
OXY,2023-08-15T00:00:00.000000,0,48.51,SELL
OXY,2023-08-16T00:00:00.000000,0,48.51,SELL
OXY,2023-08-17T00:00:00.000000,0,48.51,SELL
OXY,2023-08-18T00:00:00.000000,1,49.72,BUY
OXY,2023-08-21T00:00:00.000000,1,49.72,BUY
OXY,2023-08-22T00:00:00.000000,1,49.72,BUY
OXY,2023-08-23T00:00:00.000000,1,49.72,BUY
OXY,2023-08-24T00:00:00.000000,1,49.72,BUY
OXY,2023-08-25T00:00:00.000000,1,49.72,BUY
OXY,2023-08-28T00:00:00.000000,1,49.72,BUY
OXY,2023-08-29T00:00:00.000000,1,49.72,BUY
OXY,2023-08-30T00:00:00.000000,1,49.72,BUY
OXY,2023-08-31T00:00:00.000000,1,48.51,BUY
OXY,2023-09-01T00:00:00.000000,0,48.51,SELL
OXY,2023-09-05T00:00:00.000000,0,48.51,SELL
OXY,2023-09-06T00:00:00.000000,0,44.85,SELL
OXY,2023-09-07T00:00:00.000000,0,40.69,SELL
OXY,2023-09-08T00:00:00.000000,0,44.85,SELL
OXY,2023-09-11T00:00:00.000000,0,44.85,SELL
OXY,2023-09-12T00:00:00.000000,0,44.85,SELL
OXY,2023-09-13T00:00:00.000000,0,44.85,SELL
OXY,2023-09-14T00:00:00.000000,0,48.51,SELL
OXY,2023-09-15T00:00:00.000000,0,44.85,SELL
OXY,2023-09-18T00:00:00.000000,0,44.85,SELL
OXY,2023-09-19T00:00:00.000000,0,48.51,SELL
OXY,2023-09-20T00:00:00.000000,0,48.51,SELL
OXY,2023-09-21T00:00:00.000000,0,48.51,SELL
OXY,2023-09-22T00:00:00.000000,0,48.51,SELL
OXY,2023-09-25T00:00:00.000000,0,48.51,SELL
OXY,2023-09-26T00:00:00.000000,0,48.51,SELL
OXY,2023-09-27T00:00:00.000000,1,48.51,BUY
OXY,2023-09-28T00:00:00.000000,1,49.72,BUY
OXY,2023-09-29T00:00:00.000000,1,50.83,BUY
OXY,2023-10-02T00:00:00.000000,1,50.83,BUY
OXY,2023-10-03T00:00:00.000000,1,50.83,BUY
OXY,2023-10-04T00:00:00.000000,1,50.83,BUY
OXY,2023-10-05T00:00:00.000000,1,50.83,BUY
OXY,2023-10-06T00:00:00.000000,1,50.83,BUY
OXY,2023-10-09T00:00:00.000000,1,49.72,BUY
OXY,2023-10-10T00:00:00.000000,1,49.72,BUY
OXY,2023-10-11T00:00:00.000000,1,49.72,BUY
OXY,2023-10-12T00:00:00.000000,1,49.72,BUY
OXY,2023-10-13T00:00:00.000000,1,48.51,BUY
OXY,2023-10-16T00:00:00.000000,0,48.51,SELL
OXY,2023-10-17T00:00:00.000000,0,48.51,SELL
OXY,2023-10-18T00:00:00.000000,0,48.51,SELL
OXY,2023-10-19T00:00:00.000000,0,48.51,SELL
OXY,2023-10-20T00:00:00.000000,0,48.51,SELL
OXY,2023-10-23T00:00:00.000000,0,48.51,SELL
OXY,2023-10-24T00:00:00.000000,1,48.51,BUY
OXY,2023-10-25T00:00:00.000000,1,49.72,BUY
OXY,2023-10-26T00:00:00.000000,1,49.72,BUY
OXY,2023-10-27T00:00:00.000000,1,49.72,BUY
OXY,2023-10-30T00:00:00.000000,1,49.72,BUY
OXY,2023-10-31T00:00:00.000000,1,49.72,BUY
OXY,2023-11-01T00:00:00.000000,1,50.83,BUY
OXY,2023-11-02T00:00:00.000000,1,50.83,BUY
OXY,2023-11-03T00:00:00.000000,1,50.83,BUY
OXY,2023-11-06T00:00:00.000000,1,49.72,BUY
OXY,2023-11-07T00:00:00.000000,1,48.51,BUY
OXY,2023-11-08T00:00:00.000000,0,48.51,SELL
OXY,2023-11-09T00:00:00.000000,0,48.51,SELL
OXY,2023-11-10T00:00:00.000000,0,48.51,SELL
OXY,2023-11-13T00:00:00.000000,0,44.85,SELL
OXY,2023-11-14T00:00:00.000000,0,37.93,SELL
OXY,2023-11-15T00:00:00.000000,0,36.84,SELL
OXY,2023-11-16T00:00:00.000000,0,32.82,SELL
OXY,2023-11-17T00:00:00.000000,0,32.82,SELL
OXY,2023-11-20T00:00:00.000000,0,32.82,SELL
OXY,2023-11-21T00:00:00.000000,0,32.82,SELL
OXY,2023-11-22T00:00:00.000000,0,32.82,SELL
OXY,2023-11-24T00:00:00.000000,0,32.82,SELL
OXY,2023-11-27T00:00:00.000000,0,32.82,SELL
OXY,2023-11-28T00:00:00.000000,0,32.82,SELL
OXY,2023-11-29T00:00:00.000000,0,32.82,SELL
OXY,2023-11-30T00:00:00.000000,0,32.82,SELL
OXY,2023-12-01T00:00:00.000000,0,32.82,SELL
OXY,2023-12-04T00:00:00.000000,0,32.82,SELL
OXY,2023-12-05T00:00:00.000000,0,32.82,SELL
OXY,2023-12-06T00:00:00.000000,0,32.82,SELL
OXY,2023-12-07T00:00:00.000000,0,32.82,SELL
OXY,2023-12-08T00:00:00.000000,0,32.82,SELL
OXY,2023-12-11T00:00:00.000000,0,32.82,SELL
OXY,2023-12-12T00:00:00.000000,0,32.82,SELL
OXY,2023-12-13T00:00:00.000000,0,32.82,SELL
OXY,2023-12-14T00:00:00.000000,0,32.82,SELL
OXY,2023-12-15T00:00:00.000000,0,32.82,SELL
OXY,2023-12-18T00:00:00.000000,0,7.69,SELL
OXY,2023-12-19T00:00:00.000000,0,24.09,SELL
OXY,2023-12-20T00:00:00.000000,0,32.82,SELL
OXY,2023-12-21T00:00:00.000000,0,32.82,SELL
OXY,2023-12-22T00:00:00.000000,0,32.82,SELL
OXY,2023-12-26T00:00:00.000000,0,32.82,SELL
OXY,2023-12-27T00:00:00.000000,0,36.84,SELL
OXY,2023-12-28T00:00:00.000000,0,36.84,SELL
OXY,2023-12-29T00:00:00.000000,0,38.31,SELL
OXY,2024-01-02T00:00:00.000000,0,38.31,SELL
OXY,2024-01-03T00:00:00.000000,0,38.31,SELL
OXY,2024-01-04T00:00:00.000000,0,38.31,SELL
OXY,2024-01-05T00:00:00.000000,0,44.85,SELL
OXY,2024-01-08T00:00:00.000000,0,38.31,SELL
OXY,2024-01-09T00:00:00.000000,0,44.85,SELL
OXY,2024-01-10T00:00:00.000000,0,44.85,SELL
OXY,2024-01-11T00:00:00.000000,0,45.45,SELL
OXY,2024-01-12T00:00:00.000000,0,44.85,SELL
OXY,2024-01-16T00:00:00.000000,0,44.85,SELL
OXY,2024-01-17T00:00:00.000000,0,38.31,SELL
OXY,2024-01-18T00:00:00.000000,0,38.31,SELL
OXY,2024-01-19T00:00:00.000000,0,38.31,SELL
OXY,2024-01-22T00:00:00.000000,0,32.82,SELL
OXY,2024-01-23T00:00:00.000000,0,32.82,SELL
OXY,2024-01-24T00:00:00.000000,0,32.82,SELL
OXY,2024-01-25T00:00:00.000000,0,32.82,SELL
OXY,2024-01-26T00:00:00.000000,0,32.82,SELL
OXY,2024-01-29T00:00:00.000000,0,32.82,SELL
OXY,2024-01-30T00:00:00.000000,0,32.82,SELL
OXY,2024-01-31T00:00:00.000000,0,32.82,SELL
OXY,2024-02-01T00:00:00.000000,0,32.82,SELL
OXY,2024-02-02T00:00:00.000000,0,32.82,SELL
OXY,2024-02-05T00:00:00.000000,0,32.82,SELL
OXY,2024-02-06T00:00:00.000000,0,38.31,SELL
OXY,2024-02-07T00:00:00.000000,0,38.31,SELL
OXY,2024-02-08T00:00:00.000000,0,44.85,SELL
OXY,2024-02-09T00:00:00.000000,0,48.51,SELL
OXY,2024-02-12T00:00:00.000000,0,48.51,SELL
OXY,2024-02-13T00:00:00.000000,0,48.51,SELL
OXY,2024-02-14T00:00:00.000000,0,48.51,SELL
OXY,2024-02-15T00:00:00.000000,0,48.51,SELL
OXY,2024-02-16T00:00:00.000000,0,48.51,SELL
OXY,2024-02-20T00:00:00.000000,0,48.51,SELL
OXY,2024-02-21T00:00:00.000000,0,48.51,SELL
OXY,2024-02-22T00:00:00.000000,0,48.51,SELL
OXY,2024-02-23T00:00:00.000000,1,48.51,BUY
OXY,2024-02-26T00:00:00.000000,1,48.51,BUY
OXY,2024-02-27T00:00:00.000000,0,48.51,SELL
OXY,2024-02-28T00:00:00.000000,0,48.51,SELL
OXY,2024-02-29T00:00:00.000000,0,48.51,SELL
OXY,2024-03-01T00:00:00.000000,0,48.51,SELL
OXY,2024-03-04T00:00:00.000000,0,48.51,SELL
OXY,2024-03-05T00:00:00.000000,0,48.51,SELL
OXY,2024-03-06T00:00:00.000000,0,48.51,SELL
OXY,2024-03-07T00:00:00.000000,0,48.51,SELL
OXY,2024-03-08T00:00:00.000000,0,48.51,SELL
OXY,2024-03-11T00:00:00.000000,0,48.51,SELL
OXY,2024-03-12T00:00:00.000000,0,44.85,SELL
OXY,2024-03-13T00:00:00.000000,0,44.85,SELL
OXY,2024-03-14T00:00:00.000000,0,44.85,SELL
OXY,2024-03-15T00:00:00.000000,0,44.85,SELL
OXY,2024-03-18T00:00:00.000000,0,44.85,SELL
OXY,2024-03-19T00:00:00.000000,0,38.31,SELL
OXY,2024-03-20T00:00:00.000000,0,38.31,SELL
OXY,2024-03-21T00:00:00.000000,0,38.31,SELL
OXY,2024-03-22T00:00:00.000000,0,38.31,SELL
OXY,2024-03-25T00:00:00.000000,0,38.31,SELL
OXY,2024-03-26T00:00:00.000000,0,38.31,SELL
OXY,2024-03-27T00:00:00.000000,0,38.31,SELL
OXY,2024-03-28T00:00:00.000000,0,38.31,SELL
OXY,2024-04-01T00:00:00.000000,0,38.31,SELL
OXY,2024-04-02T00:00:00.000000,0,38.31,SELL
OXY,2024-04-03T00:00:00.000000,0,38.31,SELL
OXY,2024-04-04T00:00:00.000000,0,38.31,SELL
OXY,2024-04-05T00:00:00.000000,0,38.31,SELL
OXY,2024-04-08T00:00:00.000000,0,38.31,SELL
OXY,2024-04-09T00:00:00.000000,0,38.31,SELL
OXY,2024-04-10T00:00:00.000000,0,38.31,SELL
OXY,2024-04-11T00:00:00.000000,0,38.31,SELL
OXY,2024-04-12T00:00:00.000000,0,44.85,SELL
OXY,2024-04-15T00:00:00.000000,0,48.51,SELL
OXY,2024-04-16T00:00:00.000000,0,48.51,SELL
OXY,2024-04-17T00:00:00.000000,1,48.51,BUY
OXY,2024-04-18T00:00:00.000000,1,49.72,BUY
OXY,2024-04-19T00:00:00.000000,1,49.72,BUY
OXY,2024-04-22T00:00:00.000000,1,49.72,BUY
OXY,2024-04-23T00:00:00.000000,1,49.72,BUY
OXY,2024-04-24T00:00:00.000000,1,49.72,BUY
OXY,2024-04-25T00:00:00.000000,1,48.51,BUY
OXY,2024-04-26T00:00:00.000000,1,48.51,BUY
OXY,2024-04-29T00:00:00.000000,0,48.51,SELL
OXY,2024-04-30T00:00:00.000000,0,48.51,SELL
OXY,2024-05-01T00:00:00.000000,0,44.85,SELL
OXY,2024-05-02T00:00:00.000000,0,44.85,SELL
OXY,2024-05-03T00:00:00.000000,0,38.31,SELL
OXY,2024-05-06T00:00:00.000000,0,38.31,SELL
OXY,2024-05-07T00:00:00.000000,0,38.31,SELL
OXY,2024-05-08T00:00:00.000000,0,40.62,SELL
OXY,2024-05-09T00:00:00.000000,0,38.31,SELL
OXY,2024-05-10T00:00:00.000000,0,38.31,SELL
OXY,2024-05-13T00:00:00.000000,0,38.31,SELL
OXY,2024-05-14T00:00:00.000000,0,38.31,SELL
OXY,2024-05-15T00:00:00.000000,0,32.82,SELL
OXY,2024-05-16T00:00:00.000000,0,32.82,SELL
OXY,2024-05-17T00:00:00.000000,0,32.82,SELL
OXY,2024-05-20T00:00:00.000000,0,32.82,SELL
OXY,2024-05-21T00:00:00.000000,0,32.82,SELL
OXY,2024-05-22T00:00:00.000000,0,32.82,SELL
OXY,2024-05-23T00:00:00.000000,0,32.82,SELL
OXY,2024-05-24T00:00:00.000000,0,32.82,SELL
OXY,2024-05-28T00:00:00.000000,0,32.82,SELL
OXY,2024-05-29T00:00:00.000000,0,32.82,SELL
OXY,2024-05-30T00:00:00.000000,0,32.82,SELL
OXY,2024-05-31T00:00:00.000000,0,32.82,SELL
OXY,2024-06-03T00:00:00.000000,0,32.82,SELL
OXY,2024-06-04T00:00:00.000000,0,38.31,SELL
OXY,2024-06-05T00:00:00.000000,0,38.31,SELL
OXY,2024-06-06T00:00:00.000000,0,38.31,SELL
OXY,2024-06-07T00:00:00.000000,0,38.31,SELL
OXY,2024-06-10T00:00:00.000000,0,36.84,SELL
OXY,2024-06-11T00:00:00.000000,0,35.29,SELL
OXY,2024-06-12T00:00:00.000000,0,35.29,SELL
OXY,2024-06-13T00:00:00.000000,0,36.84,SELL
OXY,2024-06-14T00:00:00.000000,0,37.93,SELL
OXY,2024-06-17T00:00:00.000000,0,38.31,SELL
OXY,2024-06-18T00:00:00.000000,0,37.5,SELL
OXY,2024-06-20T00:00:00.000000,0,38.31,SELL
OXY,2024-06-21T00:00:00.000000,0,38.31,SELL
OXY,2024-06-24T00:00:00.000000,0,48.51,SELL
OXY,2024-06-25T00:00:00.000000,0,48.51,SELL
OXY,2024-06-26T00:00:00.000000,0,48.51,SELL
OXY,2024-06-27T00:00:00.000000,0,48.51,SELL
OXY,2024-06-28T00:00:00.000000,0,48.51,SELL
OXY,2024-07-01T00:00:00.000000,1,48.51,BUY
OXY,2024-07-02T00:00:00.000000,1,48.51,BUY
OXY,2024-07-03T00:00:00.000000,1,48.51,BUY
OXY,2024-07-05T00:00:00.000000,1,48.51,BUY
OXY,2024-07-08T00:00:00.000000,1,48.51,BUY
OXY,2024-07-09T00:00:00.000000,0,48.51,SELL
OXY,2024-07-10T00:00:00.000000,1,48.51,BUY
OXY,2024-07-11T00:00:00.000000,0,48.51,SELL
OXY,2024-07-12T00:00:00.000000,0,48.51,SELL
OXY,2024-07-15T00:00:00.000000,0,48.51,SELL
OXY,2024-07-16T00:00:00.000000,0,44.85,SELL
OXY,2024-07-17T00:00:00.000000,0,44.85,SELL
OXY,2024-07-18T00:00:00.000000,0,38.31,SELL
OXY,2024-07-19T00:00:00.000000,0,38.31,SELL
OXY,2024-07-22T00:00:00.000000,0,38.31,SELL
OXY,2024-07-23T00:00:00.000000,0,38.31,SELL
OXY,2024-07-24T00:00:00.000000,0,38.31,SELL
OXY,2024-07-25T00:00:00.000000,0,40.62,SELL
OXY,2024-07-26T00:00:00.000000,0,44.85,SELL
OXY,2024-07-29T00:00:00.000000,0,44.85,SELL
OXY,2024-07-30T00:00:00.000000,0,45.45,SELL
OXY,2024-07-31T00:00:00.000000,0,48.51,SELL
OXY,2024-08-01T00:00:00.000000,0,48.51,SELL
OXY,2024-08-02T00:00:00.000000,0,48.51,SELL
OXY,2024-08-05T00:00:00.000000,0,48.51,SELL
OXY,2024-08-06T00:00:00.000000,0,48.51,SELL
OXY,2024-08-07T00:00:00.000000,0,48.51,SELL
OXY,2024-08-08T00:00:00.000000,0,48.51,SELL
OXY,2024-08-09T00:00:00.000000,0,48.51,SELL
OXY,2024-08-12T00:00:00.000000,1,49.72,BUY
OXY,2024-08-13T00:00:00.000000,1,49.72,BUY
OXY,2024-08-14T00:00:00.000000,1,49.72,BUY
OXY,2024-08-15T00:00:00.000000,1,49.72,BUY
OXY,2024-08-16T00:00:00.000000,1,49.72,BUY
OXY,2024-08-19T00:00:00.000000,1,48.51,BUY
OXY,2024-08-20T00:00:00.000000,1,48.51,BUY
OXY,2024-08-21T00:00:00.000000,0,48.51,SELL
OXY,2024-08-22T00:00:00.000000,0,48.51,SELL
OXY,2024-08-23T00:00:00.000000,0,44.85,SELL
OXY,2024-08-26T00:00:00.000000,0,38.31,SELL
OXY,2024-08-27T00:00:00.000000,0,37.93,SELL
OXY,2024-08-28T00:00:00.000000,0,37.5,SELL
OXY,2024-08-29T00:00:00.000000,0,36.84,SELL
OXY,2024-08-30T00:00:00.000000,0,38.31,SELL
OXY,2024-09-03T00:00:00.000000,0,38.31,SELL
OXY,2024-09-04T00:00:00.000000,0,38.31,SELL
OXY,2024-09-05T00:00:00.000000,0,38.31,SELL
OXY,2024-09-06T00:00:00.000000,0,38.31,SELL
OXY,2024-09-09T00:00:00.000000,0,38.31,SELL
OXY,2024-09-10T00:00:00.000000,0,48.51,SELL
OXY,2024-09-11T00:00:00.000000,0,44.85,SELL
OXY,2024-09-12T00:00:00.000000,0,44.85,SELL
OXY,2024-09-13T00:00:00.000000,0,44.85,SELL
OXY,2024-09-16T00:00:00.000000,0,38.31,SELL
OXY,2024-09-17T00:00:00.000000,0,44.85,SELL
OXY,2024-09-18T00:00:00.000000,0,38.31,SELL
OXY,2024-09-19T00:00:00.000000,0,32.82,SELL
OXY,2024-09-20T00:00:00.000000,0,32.82,SELL
OXY,2024-09-23T00:00:00.000000,0,32.82,SELL
OXY,2024-09-24T00:00:00.000000,0,32.82,SELL
OXY,2024-09-25T00:00:00.000000,0,32.82,SELL
OXY,2024-09-26T00:00:00.000000,0,32.82,SELL
OXY,2024-09-27T00:00:00.000000,0,32.82,SELL
OXY,2024-09-30T00:00:00.000000,0,32.82,SELL
OXY,2024-10-01T00:00:00.000000,0,32.82,SELL
OXY,2024-10-02T00:00:00.000000,0,36.84,SELL
OXY,2024-10-03T00:00:00.000000,0,32.82,SELL
OXY,2024-10-04T00:00:00.000000,0,32.82,SELL
OXY,2024-10-07T00:00:00.000000,0,38.31,SELL
OXY,2024-10-08T00:00:00.000000,0,40.62,SELL
OXY,2024-10-09T00:00:00.000000,0,44.85,SELL
OXY,2024-10-10T00:00:00.000000,0,48.51,SELL
OXY,2024-10-11T00:00:00.000000,0,48.51,SELL
OXY,2024-10-14T00:00:00.000000,0,48.51,SELL
OXY,2024-10-15T00:00:00.000000,0,48.51,SELL
OXY,2024-10-16T00:00:00.000000,1,48.51,BUY
OXY,2024-10-17T00:00:00.000000,1,48.51,BUY
OXY,2024-10-18T00:00:00.000000,1,48.51,BUY
OXY,2024-10-21T00:00:00.000000,1,48.51,BUY
OXY,2024-10-22T00:00:00.000000,1,48.51,BUY
OXY,2024-10-23T00:00:00.000000,0,48.51,SELL
OXY,2024-10-24T00:00:00.000000,0,48.51,SELL
OXY,2024-10-25T00:00:00.000000,0,48.51,SELL
OXY,2024-10-28T00:00:00.000000,0,48.51,SELL
OXY,2024-10-29T00:00:00.000000,0,48.51,SELL
OXY,2024-10-30T00:00:00.000000,0,48.51,SELL
OXY,2024-10-31T00:00:00.000000,0,48.51,SELL
OXY,2024-11-01T00:00:00.000000,0,48.51,SELL
OXY,2024-11-04T00:00:00.000000,0,48.51,SELL
OXY,2024-11-05T00:00:00.000000,0,48.51,SELL
OXY,2024-11-06T00:00:00.000000,0,48.51,SELL
OXY,2024-11-07T00:00:00.000000,0,44.85,SELL
OXY,2024-11-08T00:00:00.000000,0,38.31,SELL
OXY,2024-11-11T00:00:00.000000,0,38.31,SELL
OXY,2024-11-12T00:00:00.000000,0,38.31,SELL
OXY,2024-11-13T00:00:00.000000,0,38.31,SELL
OXY,2024-11-14T00:00:00.000000,0,38.31,SELL
OXY,2024-11-15T00:00:00.000000,0,37.5,SELL
OXY,2024-11-18T00:00:00.000000,0,32.82,SELL
OXY,2024-11-19T00:00:00.000000,0,35.29,SELL
OXY,2024-11-20T00:00:00.000000,0,32.82,SELL
OXY,2024-11-21T00:00:00.000000,0,36.84,SELL
OXY,2024-11-22T00:00:00.000000,0,38.1,SELL
OXY,2024-11-25T00:00:00.000000,0,38.31,SELL
OXY,2024-11-26T00:00:00.000000,0,38.31,SELL
OXY,2024-11-27T00:00:00.000000,0,44.85,SELL
OXY,2024-11-29T00:00:00.000000,0,44.85,SELL
OXY,2024-12-02T00:00:00.000000,0,44.85,SELL
OXY,2024-12-03T00:00:00.000000,0,44.85,SELL
OXY,2024-12-04T00:00:00.000000,0,44.85,SELL
OXY,2024-12-05T00:00:00.000000,0,44.85,SELL
OXY,2024-12-06T00:00:00.000000,0,44.85,SELL
OXY,2024-12-09T00:00:00.000000,0,40.62,SELL
OXY,2024-12-10T00:00:00.000000,0,38.31,SELL
OXY,2024-12-11T00:00:00.000000,0,38.31,SELL
OXY,2024-12-12T00:00:00.000000,0,38.31,SELL
OXY,2024-12-13T00:00:00.000000,0,38.1,SELL
OXY,2024-12-16T00:00:00.000000,0,38.31,SELL
OXY,2024-12-17T00:00:00.000000,0,38.31,SELL
OXY,2024-12-18T00:00:00.000000,0,38.31,SELL
OXY,2024-12-19T00:00:00.000000,0,38.31,SELL
OXY,2024-12-20T00:00:00.000000,0,40.62,SELL
PFE,2023-02-21T00:00:00.000000,1,48.51,BUY
PFE,2023-02-22T00:00:00.000000,1,48.51,BUY
PFE,2023-02-23T00:00:00.000000,1,49.72,BUY
PFE,2023-02-24T00:00:00.000000,1,49.72,BUY
PFE,2023-02-27T00:00:00.000000,1,49.72,BUY
PFE,2023-02-28T00:00:00.000000,1,49.72,BUY
PFE,2023-03-01T00:00:00.000000,1,49.72,BUY
PFE,2023-03-02T00:00:00.000000,1,49.72,BUY
PFE,2023-03-03T00:00:00.000000,1,49.72,BUY
PFE,2023-03-06T00:00:00.000000,1,49.72,BUY
PFE,2023-03-07T00:00:00.000000,1,49.72,BUY
PFE,2023-03-08T00:00:00.000000,1,48.51,BUY
PFE,2023-03-09T00:00:00.000000,0,48.51,SELL
PFE,2023-03-10T00:00:00.000000,0,48.51,SELL
PFE,2023-03-13T00:00:00.000000,0,45.45,SELL
PFE,2023-03-14T00:00:00.000000,0,44.85,SELL
PFE,2023-03-15T00:00:00.000000,0,48.51,SELL
PFE,2023-03-16T00:00:00.000000,0,48.51,SELL
PFE,2023-03-17T00:00:00.000000,0,48.51,SELL
PFE,2023-03-20T00:00:00.000000,1,49.72,BUY
PFE,2023-03-21T00:00:00.000000,1,49.72,BUY
PFE,2023-03-22T00:00:00.000000,1,49.72,BUY
PFE,2023-03-23T00:00:00.000000,1,49.72,BUY
PFE,2023-03-24T00:00:00.000000,1,48.51,BUY
PFE,2023-03-27T00:00:00.000000,0,48.51,SELL
PFE,2023-03-28T00:00:00.000000,0,48.51,SELL
PFE,2023-03-29T00:00:00.000000,0,48.51,SELL
PFE,2023-03-30T00:00:00.000000,0,48.51,SELL
PFE,2023-03-31T00:00:00.000000,0,48.51,SELL
PFE,2023-04-03T00:00:00.000000,0,48.51,SELL
PFE,2023-04-04T00:00:00.000000,0,48.51,SELL
PFE,2023-04-05T00:00:00.000000,0,48.51,SELL
PFE,2023-04-06T00:00:00.000000,0,48.51,SELL
PFE,2023-04-10T00:00:00.000000,0,48.51,SELL
PFE,2023-04-11T00:00:00.000000,0,48.51,SELL
PFE,2023-04-12T00:00:00.000000,0,48.51,SELL
PFE,2023-04-13T00:00:00.000000,0,44.85,SELL
PFE,2023-04-14T00:00:00.000000,0,44.85,SELL
PFE,2023-04-17T00:00:00.000000,0,44.85,SELL
PFE,2023-04-18T00:00:00.000000,0,48.51,SELL
PFE,2023-04-19T00:00:00.000000,0,48.51,SELL
PFE,2023-04-20T00:00:00.000000,0,48.51,SELL
PFE,2023-04-21T00:00:00.000000,0,48.51,SELL
PFE,2023-04-24T00:00:00.000000,0,44.85,SELL
PFE,2023-04-25T00:00:00.000000,0,44.85,SELL
PFE,2023-04-26T00:00:00.000000,0,44.85,SELL
PFE,2023-04-27T00:00:00.000000,0,40.62,SELL
PFE,2023-04-28T00:00:00.000000,0,38.31,SELL
PFE,2023-05-01T00:00:00.000000,0,38.31,SELL
PFE,2023-05-02T00:00:00.000000,0,38.31,SELL
PFE,2023-05-03T00:00:00.000000,0,37.5,SELL
PFE,2023-05-04T00:00:00.000000,0,36.84,SELL
PFE,2023-05-05T00:00:00.000000,0,32.82,SELL
PFE,2023-05-08T00:00:00.000000,0,38.1,SELL
PFE,2023-05-09T00:00:00.000000,0,37.93,SELL
PFE,2023-05-10T00:00:00.000000,0,32.82,SELL
PFE,2023-05-11T00:00:00.000000,0,32.82,SELL
PFE,2023-05-12T00:00:00.000000,0,32.82,SELL
PFE,2023-05-15T00:00:00.000000,0,38.31,SELL
PFE,2023-05-16T00:00:00.000000,0,38.31,SELL
PFE,2023-05-17T00:00:00.000000,0,38.31,SELL
PFE,2023-05-18T00:00:00.000000,0,32.82,SELL
PFE,2023-05-19T00:00:00.000000,0,32.82,SELL
PFE,2023-05-22T00:00:00.000000,0,37.93,SELL
PFE,2023-05-23T00:00:00.000000,0,38.31,SELL
PFE,2023-05-24T00:00:00.000000,0,38.31,SELL
PFE,2023-05-25T00:00:00.000000,0,44.85,SELL
PFE,2023-05-26T00:00:00.000000,0,48.51,SELL
PFE,2023-05-30T00:00:00.000000,0,48.51,SELL
PFE,2023-05-31T00:00:00.000000,1,48.51,BUY
PFE,2023-06-01T00:00:00.000000,1,48.51,BUY
PFE,2023-06-02T00:00:00.000000,1,49.72,BUY
PFE,2023-06-05T00:00:00.000000,1,49.72,BUY
PFE,2023-06-06T00:00:00.000000,1,49.72,BUY
PFE,2023-06-07T00:00:00.000000,1,49.72,BUY
PFE,2023-06-08T00:00:00.000000,1,49.72,BUY
PFE,2023-06-09T00:00:00.000000,1,48.51,BUY
PFE,2023-06-12T00:00:00.000000,0,48.51,SELL
PFE,2023-06-13T00:00:00.000000,0,48.51,SELL
PFE,2023-06-14T00:00:00.000000,0,48.51,SELL
PFE,2023-06-15T00:00:00.000000,0,48.51,SELL
PFE,2023-06-16T00:00:00.000000,0,48.51,SELL
PFE,2023-06-20T00:00:00.000000,0,48.51,SELL
PFE,2023-06-21T00:00:00.000000,0,48.51,SELL
PFE,2023-06-22T00:00:00.000000,0,48.51,SELL
PFE,2023-06-23T00:00:00.000000,0,48.51,SELL
PFE,2023-06-26T00:00:00.000000,0,44.85,SELL
PFE,2023-06-27T00:00:00.000000,0,44.85,SELL
PFE,2023-06-28T00:00:00.000000,0,48.51,SELL
PFE,2023-06-29T00:00:00.000000,0,48.51,SELL
PFE,2023-06-30T00:00:00.000000,0,44.85,SELL
PFE,2023-07-03T00:00:00.000000,0,44.85,SELL
PFE,2023-07-05T00:00:00.000000,0,44.85,SELL
PFE,2023-07-06T00:00:00.000000,0,38.31,SELL
PFE,2023-07-07T00:00:00.000000,0,38.31,SELL
PFE,2023-07-10T00:00:00.000000,0,36.84,SELL
PFE,2023-07-11T00:00:00.000000,0,32.82,SELL
PFE,2023-07-12T00:00:00.000000,0,32.82,SELL
PFE,2023-07-13T00:00:00.000000,0,32.82,SELL
PFE,2023-07-14T00:00:00.000000,0,32.82,SELL
PFE,2023-07-17T00:00:00.000000,0,32.82,SELL
PFE,2023-07-18T00:00:00.000000,0,38.31,SELL
PFE,2023-07-19T00:00:00.000000,0,38.31,SELL
PFE,2023-07-20T00:00:00.000000,0,32.82,SELL
PFE,2023-07-21T00:00:00.000000,0,32.82,SELL
PFE,2023-07-24T00:00:00.000000,0,32.82,SELL
PFE,2023-07-25T00:00:00.000000,0,36.84,SELL
PFE,2023-07-26T00:00:00.000000,0,38.31,SELL
PFE,2023-07-27T00:00:00.000000,0,38.31,SELL
PFE,2023-07-28T00:00:00.000000,0,44.85,SELL
PFE,2023-07-31T00:00:00.000000,0,44.85,SELL
PFE,2023-08-01T00:00:00.000000,0,44.85,SELL
PFE,2023-08-02T00:00:00.000000,0,40.62,SELL
PFE,2023-08-03T00:00:00.000000,0,38.31,SELL
PFE,2023-08-04T00:00:00.000000,0,38.31,SELL
PFE,2023-08-07T00:00:00.000000,0,44.85,SELL
PFE,2023-08-08T00:00:00.000000,0,44.85,SELL
PFE,2023-08-09T00:00:00.000000,0,38.31,SELL
PFE,2023-08-10T00:00:00.000000,0,44.85,SELL
PFE,2023-08-11T00:00:00.000000,0,40.62,SELL
PFE,2023-08-14T00:00:00.000000,0,44.85,SELL
PFE,2023-08-15T00:00:00.000000,0,48.51,SELL
PFE,2023-08-16T00:00:00.000000,1,49.72,BUY
PFE,2023-08-17T00:00:00.000000,1,49.72,BUY
PFE,2023-08-18T00:00:00.000000,1,49.72,BUY
PFE,2023-08-21T00:00:00.000000,1,49.72,BUY
PFE,2023-08-22T00:00:00.000000,1,50.83,BUY
PFE,2023-08-23T00:00:00.000000,1,49.72,BUY
PFE,2023-08-24T00:00:00.000000,1,49.72,BUY
PFE,2023-08-25T00:00:00.000000,1,49.72,BUY
PFE,2023-08-28T00:00:00.000000,1,49.72,BUY
PFE,2023-08-29T00:00:00.000000,1,49.72,BUY
PFE,2023-08-30T00:00:00.000000,1,48.51,BUY
PFE,2023-08-31T00:00:00.000000,1,48.51,BUY
PFE,2023-09-01T00:00:00.000000,1,48.51,BUY
PFE,2023-09-05T00:00:00.000000,0,48.51,SELL
PFE,2023-09-06T00:00:00.000000,0,48.51,SELL
PFE,2023-09-07T00:00:00.000000,0,48.51,SELL
PFE,2023-09-08T00:00:00.000000,0,48.51,SELL
PFE,2023-09-11T00:00:00.000000,0,48.51,SELL
PFE,2023-09-12T00:00:00.000000,0,48.51,SELL
PFE,2023-09-13T00:00:00.000000,0,44.85,SELL
PFE,2023-09-14T00:00:00.000000,0,40.62,SELL
PFE,2023-09-15T00:00:00.000000,0,38.31,SELL
PFE,2023-09-18T00:00:00.000000,0,38.31,SELL
PFE,2023-09-19T00:00:00.000000,0,38.31,SELL
PFE,2023-09-20T00:00:00.000000,0,37.93,SELL
PFE,2023-09-21T00:00:00.000000,0,36.84,SELL
PFE,2023-09-22T00:00:00.000000,0,37.93,SELL
PFE,2023-09-25T00:00:00.000000,0,38.31,SELL
PFE,2023-09-26T00:00:00.000000,0,44.85,SELL
PFE,2023-09-27T00:00:00.000000,0,48.51,SELL
PFE,2023-09-28T00:00:00.000000,0,48.51,SELL
PFE,2023-09-29T00:00:00.000000,0,48.51,SELL
PFE,2023-10-02T00:00:00.000000,1,48.51,BUY
PFE,2023-10-03T00:00:00.000000,1,48.51,BUY
PFE,2023-10-04T00:00:00.000000,1,49.72,BUY
PFE,2023-10-05T00:00:00.000000,1,49.72,BUY
PFE,2023-10-06T00:00:00.000000,1,49.72,BUY
PFE,2023-10-09T00:00:00.000000,1,49.72,BUY
PFE,2023-10-10T00:00:00.000000,1,50.83,BUY
PFE,2023-10-11T00:00:00.000000,1,49.72,BUY
PFE,2023-10-12T00:00:00.000000,1,49.72,BUY
PFE,2023-10-13T00:00:00.000000,1,49.72,BUY
PFE,2023-10-16T00:00:00.000000,1,49.72,BUY
PFE,2023-10-17T00:00:00.000000,1,49.72,BUY
PFE,2023-10-18T00:00:00.000000,1,49.72,BUY
PFE,2023-10-19T00:00:00.000000,1,48.51,BUY
PFE,2023-10-20T00:00:00.000000,0,48.51,SELL
PFE,2023-10-23T00:00:00.000000,0,48.51,SELL
PFE,2023-10-24T00:00:00.000000,0,48.51,SELL
PFE,2023-10-25T00:00:00.000000,0,48.51,SELL
PFE,2023-10-26T00:00:00.000000,1,48.51,BUY
PFE,2023-10-27T00:00:00.000000,1,49.72,BUY
PFE,2023-10-30T00:00:00.000000,1,49.72,BUY
PFE,2023-10-31T00:00:00.000000,1,49.72,BUY
PFE,2023-11-01T00:00:00.000000,1,49.72,BUY
PFE,2023-11-02T00:00:00.000000,1,49.72,BUY
PFE,2023-11-03T00:00:00.000000,1,49.72,BUY
PFE,2023-11-06T00:00:00.000000,1,48.51,BUY
PFE,2023-11-07T00:00:00.000000,0,48.51,SELL
PFE,2023-11-08T00:00:00.000000,0,48.51,SELL
PFE,2023-11-09T00:00:00.000000,0,38.31,SELL
PFE,2023-11-10T00:00:00.000000,0,38.31,SELL
PFE,2023-11-13T00:00:00.000000,0,32.82,SELL
PFE,2023-11-14T00:00:00.000000,0,32.82,SELL
PFE,2023-11-15T00:00:00.000000,0,32.82,SELL
PFE,2023-11-16T00:00:00.000000,0,32.82,SELL
PFE,2023-11-17T00:00:00.000000,0,32.82,SELL
PFE,2023-11-20T00:00:00.000000,0,32.82,SELL
PFE,2023-11-21T00:00:00.000000,0,32.82,SELL
PFE,2023-11-22T00:00:00.000000,0,32.82,SELL
PFE,2023-11-24T00:00:00.000000,0,32.82,SELL
PFE,2023-11-27T00:00:00.000000,0,32.82,SELL
PFE,2023-11-28T00:00:00.000000,0,35.49,SELL
PFE,2023-11-29T00:00:00.000000,0,36.84,SELL
PFE,2023-11-30T00:00:00.000000,0,38.1,SELL
PFE,2023-12-01T00:00:00.000000,0,38.31,SELL
PFE,2023-12-04T00:00:00.000000,0,38.31,SELL
PFE,2023-12-05T00:00:00.000000,0,38.31,SELL
PFE,2023-12-06T00:00:00.000000,0,38.31,SELL
PFE,2023-12-07T00:00:00.000000,0,38.31,SELL
PFE,2023-12-08T00:00:00.000000,0,38.31,SELL
PFE,2023-12-11T00:00:00.000000,0,38.31,SELL
PFE,2023-12-12T00:00:00.000000,0,38.31,SELL
PFE,2023-12-13T00:00:00.000000,0,38.31,SELL
PFE,2023-12-14T00:00:00.000000,0,38.31,SELL
PFE,2023-12-15T00:00:00.000000,0,38.31,SELL
PFE,2023-12-18T00:00:00.000000,0,38.31,SELL
PFE,2023-12-19T00:00:00.000000,0,38.31,SELL
PFE,2023-12-20T00:00:00.000000,0,37.5,SELL
PFE,2023-12-21T00:00:00.000000,0,32.82,SELL
PFE,2023-12-22T00:00:00.000000,0,32.82,SELL
PFE,2023-12-26T00:00:00.000000,0,32.82,SELL
PFE,2023-12-27T00:00:00.000000,0,32.82,SELL
PFE,2023-12-28T00:00:00.000000,0,36.84,SELL
PFE,2023-12-29T00:00:00.000000,0,38.31,SELL
PFE,2024-01-02T00:00:00.000000,0,38.31,SELL
PFE,2024-01-03T00:00:00.000000,0,44.85,SELL
PFE,2024-01-04T00:00:00.000000,0,48.51,SELL
PFE,2024-01-05T00:00:00.000000,0,48.51,SELL
PFE,2024-01-08T00:00:00.000000,1,48.51,BUY
PFE,2024-01-09T00:00:00.000000,1,48.51,BUY
PFE,2024-01-10T00:00:00.000000,1,48.51,BUY
PFE,2024-01-11T00:00:00.000000,1,49.72,BUY
PFE,2024-01-12T00:00:00.000000,1,49.72,BUY
PFE,2024-01-16T00:00:00.000000,1,49.72,BUY
PFE,2024-01-17T00:00:00.000000,1,48.51,BUY
PFE,2024-01-18T00:00:00.000000,1,48.51,BUY
PFE,2024-01-19T00:00:00.000000,1,48.51,BUY
PFE,2024-01-22T00:00:00.000000,0,48.51,SELL
PFE,2024-01-23T00:00:00.000000,0,48.51,SELL
PFE,2024-01-24T00:00:00.000000,0,48.51,SELL
PFE,2024-01-25T00:00:00.000000,0,48.51,SELL
PFE,2024-01-26T00:00:00.000000,0,44.85,SELL
PFE,2024-01-29T00:00:00.000000,0,38.31,SELL
PFE,2024-01-30T00:00:00.000000,0,38.31,SELL
PFE,2024-01-31T00:00:00.000000,0,38.31,SELL
PFE,2024-02-01T00:00:00.000000,0,36.84,SELL
PFE,2024-02-02T00:00:00.000000,0,36.84,SELL
PFE,2024-02-05T00:00:00.000000,0,36.84,SELL
PFE,2024-02-06T00:00:00.000000,0,36.84,SELL
PFE,2024-02-07T00:00:00.000000,0,36.84,SELL
PFE,2024-02-08T00:00:00.000000,0,32.82,SELL
PFE,2024-02-09T00:00:00.000000,0,32.82,SELL
PFE,2024-02-12T00:00:00.000000,0,32.82,SELL
PFE,2024-02-13T00:00:00.000000,0,32.82,SELL
PFE,2024-02-14T00:00:00.000000,0,32.82,SELL
PFE,2024-02-15T00:00:00.000000,0,38.1,SELL
PFE,2024-02-16T00:00:00.000000,0,38.31,SELL
PFE,2024-02-20T00:00:00.000000,0,40.62,SELL
PFE,2024-02-21T00:00:00.000000,0,38.31,SELL
PFE,2024-02-22T00:00:00.000000,0,38.31,SELL
PFE,2024-02-23T00:00:00.000000,0,38.31,SELL
PFE,2024-02-26T00:00:00.000000,0,38.31,SELL
PFE,2024-02-27T00:00:00.000000,0,38.31,SELL
PFE,2024-02-28T00:00:00.000000,0,38.31,SELL
PFE,2024-02-29T00:00:00.000000,0,38.31,SELL
PFE,2024-03-01T00:00:00.000000,0,38.31,SELL
PFE,2024-03-04T00:00:00.000000,0,38.31,SELL
PFE,2024-03-05T00:00:00.000000,0,38.31,SELL
PFE,2024-03-06T00:00:00.000000,0,37.5,SELL
PFE,2024-03-07T00:00:00.000000,0,38.31,SELL
PFE,2024-03-08T00:00:00.000000,0,38.31,SELL
PFE,2024-03-11T00:00:00.000000,0,37.93,SELL
PFE,2024-03-12T00:00:00.000000,0,36.84,SELL
PFE,2024-03-13T00:00:00.000000,0,36.84,SELL
PFE,2024-03-14T00:00:00.000000,0,38.31,SELL
PFE,2024-03-15T00:00:00.000000,0,38.31,SELL
PFE,2024-03-18T00:00:00.000000,0,44.85,SELL
PFE,2024-03-19T00:00:00.000000,0,48.51,SELL
PFE,2024-03-20T00:00:00.000000,0,48.51,SELL
PFE,2024-03-21T00:00:00.000000,0,48.51,SELL
PFE,2024-03-22T00:00:00.000000,0,48.51,SELL
PFE,2024-03-25T00:00:00.000000,0,48.51,SELL
PFE,2024-03-26T00:00:00.000000,0,48.51,SELL
PFE,2024-03-27T00:00:00.000000,0,44.85,SELL
PFE,2024-03-28T00:00:00.000000,0,38.31,SELL
PFE,2024-04-01T00:00:00.000000,0,38.31,SELL
PFE,2024-04-02T00:00:00.000000,0,36.84,SELL
PFE,2024-04-03T00:00:00.000000,0,36.84,SELL
PFE,2024-04-04T00:00:00.000000,0,37.93,SELL
PFE,2024-04-05T00:00:00.000000,0,38.31,SELL
PFE,2024-04-08T00:00:00.000000,0,38.31,SELL
PFE,2024-04-09T00:00:00.000000,0,38.31,SELL
PFE,2024-04-10T00:00:00.000000,0,38.31,SELL
PFE,2024-04-11T00:00:00.000000,0,44.85,SELL
PFE,2024-04-12T00:00:00.000000,0,44.85,SELL
PFE,2024-04-15T00:00:00.000000,0,38.31,SELL
PFE,2024-04-16T00:00:00.000000,0,38.31,SELL
PFE,2024-04-17T00:00:00.000000,0,38.31,SELL
PFE,2024-04-18T00:00:00.000000,0,38.31,SELL
PFE,2024-04-19T00:00:00.000000,0,38.31,SELL
PFE,2024-04-22T00:00:00.000000,0,44.85,SELL
PFE,2024-04-23T00:00:00.000000,0,44.85,SELL
PFE,2024-04-24T00:00:00.000000,0,48.51,SELL
PFE,2024-04-25T00:00:00.000000,0,48.51,SELL
PFE,2024-04-26T00:00:00.000000,0,48.51,SELL
PFE,2024-04-29T00:00:00.000000,0,48.51,SELL
PFE,2024-04-30T00:00:00.000000,0,48.51,SELL
PFE,2024-05-01T00:00:00.000000,0,48.51,SELL
PFE,2024-05-02T00:00:00.000000,0,48.51,SELL
PFE,2024-05-03T00:00:00.000000,0,48.51,SELL
PFE,2024-05-06T00:00:00.000000,0,48.51,SELL
PFE,2024-05-07T00:00:00.000000,1,48.51,BUY
PFE,2024-05-08T00:00:00.000000,1,48.51,BUY
PFE,2024-05-09T00:00:00.000000,1,48.51,BUY
PFE,2024-05-10T00:00:00.000000,0,48.51,SELL
PFE,2024-05-13T00:00:00.000000,0,48.51,SELL
PFE,2024-05-14T00:00:00.000000,0,48.51,SELL
PFE,2024-05-15T00:00:00.000000,0,48.51,SELL
PFE,2024-05-16T00:00:00.000000,0,48.51,SELL
PFE,2024-05-17T00:00:00.000000,0,48.51,SELL
PFE,2024-05-20T00:00:00.000000,0,48.51,SELL
PFE,2024-05-21T00:00:00.000000,0,48.51,SELL
PFE,2024-05-22T00:00:00.000000,0,48.51,SELL
PFE,2024-05-23T00:00:00.000000,0,48.51,SELL
PFE,2024-05-24T00:00:00.000000,0,48.51,SELL
PFE,2024-05-28T00:00:00.000000,0,48.51,SELL
PFE,2024-05-29T00:00:00.000000,1,48.51,BUY
PFE,2024-05-30T00:00:00.000000,0,48.51,SELL
PFE,2024-05-31T00:00:00.000000,0,48.51,SELL
PFE,2024-06-03T00:00:00.000000,0,48.51,SELL
PFE,2024-06-04T00:00:00.000000,0,48.51,SELL
PFE,2024-06-05T00:00:00.000000,0,48.51,SELL
PFE,2024-06-06T00:00:00.000000,0,48.51,SELL
PFE,2024-06-07T00:00:00.000000,1,48.51,BUY
PFE,2024-06-10T00:00:00.000000,0,48.51,SELL
PFE,2024-06-11T00:00:00.000000,1,48.51,BUY
PFE,2024-06-12T00:00:00.000000,0,48.51,SELL
PFE,2024-06-13T00:00:00.000000,0,48.51,SELL
PFE,2024-06-14T00:00:00.000000,0,48.51,SELL
PFE,2024-06-17T00:00:00.000000,0,48.51,SELL
PFE,2024-06-18T00:00:00.000000,0,48.51,SELL
PFE,2024-06-20T00:00:00.000000,0,48.51,SELL
PFE,2024-06-21T00:00:00.000000,0,48.51,SELL
PFE,2024-06-24T00:00:00.000000,0,48.51,SELL
PFE,2024-06-25T00:00:00.000000,0,44.85,SELL
PFE,2024-06-26T00:00:00.000000,0,38.31,SELL
PFE,2024-06-27T00:00:00.000000,0,38.31,SELL
PFE,2024-06-28T00:00:00.000000,0,38.31,SELL
PFE,2024-07-01T00:00:00.000000,0,38.31,SELL
PFE,2024-07-02T00:00:00.000000,0,38.31,SELL
PFE,2024-07-03T00:00:00.000000,0,38.31,SELL
PFE,2024-07-05T00:00:00.000000,0,44.85,SELL
PFE,2024-07-08T00:00:00.000000,0,44.85,SELL
PFE,2024-07-09T00:00:00.000000,0,48.51,SELL
PFE,2024-07-10T00:00:00.000000,0,48.51,SELL
PFE,2024-07-11T00:00:00.000000,0,48.51,SELL
PFE,2024-07-12T00:00:00.000000,0,44.85,SELL
PFE,2024-07-15T00:00:00.000000,0,44.85,SELL
PFE,2024-07-16T00:00:00.000000,0,44.85,SELL
PFE,2024-07-17T00:00:00.000000,0,44.85,SELL
PFE,2024-07-18T00:00:00.000000,0,44.85,SELL
PFE,2024-07-19T00:00:00.000000,0,40.62,SELL
PFE,2024-07-22T00:00:00.000000,0,44.85,SELL
PFE,2024-07-23T00:00:00.000000,0,44.85,SELL
PFE,2024-07-24T00:00:00.000000,0,44.85,SELL
PFE,2024-07-25T00:00:00.000000,0,48.51,SELL
PFE,2024-07-26T00:00:00.000000,0,48.51,SELL
PFE,2024-07-29T00:00:00.000000,0,48.51,SELL
PFE,2024-07-30T00:00:00.000000,0,48.51,SELL
PFE,2024-07-31T00:00:00.000000,0,48.51,SELL
PFE,2024-08-01T00:00:00.000000,0,48.51,SELL
PFE,2024-08-02T00:00:00.000000,0,48.51,SELL
PFE,2024-08-05T00:00:00.000000,0,48.51,SELL
PFE,2024-08-06T00:00:00.000000,0,48.51,SELL
PFE,2024-08-07T00:00:00.000000,0,48.51,SELL
PFE,2024-08-08T00:00:00.000000,1,48.51,BUY
PFE,2024-08-09T00:00:00.000000,1,49.72,BUY
PFE,2024-08-12T00:00:00.000000,1,49.72,BUY
PFE,2024-08-13T00:00:00.000000,1,49.72,BUY
PFE,2024-08-14T00:00:00.000000,1,49.72,BUY
PFE,2024-08-15T00:00:00.000000,1,49.72,BUY
PFE,2024-08-16T00:00:00.000000,1,49.72,BUY
PFE,2024-08-19T00:00:00.000000,1,48.51,BUY
PFE,2024-08-20T00:00:00.000000,0,48.51,SELL
PFE,2024-08-21T00:00:00.000000,0,48.51,SELL
PFE,2024-08-22T00:00:00.000000,0,44.85,SELL
PFE,2024-08-23T00:00:00.000000,0,38.31,SELL
PFE,2024-08-26T00:00:00.000000,0,38.31,SELL
PFE,2024-08-27T00:00:00.000000,0,38.31,SELL
PFE,2024-08-28T00:00:00.000000,0,37.93,SELL
PFE,2024-08-29T00:00:00.000000,0,36.84,SELL
PFE,2024-08-30T00:00:00.000000,0,36.84,SELL
PFE,2024-09-03T00:00:00.000000,0,37.5,SELL
PFE,2024-09-04T00:00:00.000000,0,38.31,SELL
PFE,2024-09-05T00:00:00.000000,0,38.31,SELL
PFE,2024-09-06T00:00:00.000000,0,38.31,SELL
PFE,2024-09-09T00:00:00.000000,0,38.31,SELL
PFE,2024-09-10T00:00:00.000000,0,44.85,SELL
PFE,2024-09-11T00:00:00.000000,0,48.51,SELL
PFE,2024-09-12T00:00:00.000000,0,48.51,SELL
PFE,2024-09-13T00:00:00.000000,0,48.51,SELL
PFE,2024-09-16T00:00:00.000000,0,48.51,SELL
PFE,2024-09-17T00:00:00.000000,1,48.51,BUY
PFE,2024-09-18T00:00:00.000000,1,48.51,BUY
PFE,2024-09-19T00:00:00.000000,1,48.51,BUY
PFE,2024-09-20T00:00:00.000000,1,49.72,BUY
PFE,2024-09-23T00:00:00.000000,1,49.72,BUY
PFE,2024-09-24T00:00:00.000000,1,48.51,BUY
PFE,2024-09-25T00:00:00.000000,1,48.51,BUY
PFE,2024-09-26T00:00:00.000000,1,48.51,BUY
PFE,2024-09-27T00:00:00.000000,0,48.51,SELL
PFE,2024-09-30T00:00:00.000000,0,48.51,SELL
PFE,2024-10-01T00:00:00.000000,0,48.51,SELL
PFE,2024-10-02T00:00:00.000000,0,48.51,SELL
PFE,2024-10-03T00:00:00.000000,0,48.51,SELL
PFE,2024-10-04T00:00:00.000000,0,48.51,SELL
PFE,2024-10-07T00:00:00.000000,0,48.51,SELL
PFE,2024-10-08T00:00:00.000000,0,44.85,SELL
PFE,2024-10-09T00:00:00.000000,0,44.85,SELL
PFE,2024-10-10T00:00:00.000000,0,38.31,SELL
PFE,2024-10-11T00:00:00.000000,0,38.31,SELL
PFE,2024-10-14T00:00:00.000000,0,40.62,SELL
PFE,2024-10-15T00:00:00.000000,0,38.31,SELL
PFE,2024-10-16T00:00:00.000000,0,38.31,SELL
PFE,2024-10-17T00:00:00.000000,0,38.31,SELL
PFE,2024-10-18T00:00:00.000000,0,38.31,SELL
PFE,2024-10-21T00:00:00.000000,0,44.85,SELL
PFE,2024-10-22T00:00:00.000000,0,44.85,SELL
PFE,2024-10-23T00:00:00.000000,0,44.85,SELL
PFE,2024-10-24T00:00:00.000000,0,44.85,SELL
PFE,2024-10-25T00:00:00.000000,0,38.31,SELL
PFE,2024-10-28T00:00:00.000000,0,38.31,SELL
PFE,2024-10-29T00:00:00.000000,0,44.85,SELL
PFE,2024-10-30T00:00:00.000000,0,44.85,SELL
PFE,2024-10-31T00:00:00.000000,0,44.85,SELL
PFE,2024-11-01T00:00:00.000000,0,44.85,SELL
PFE,2024-11-04T00:00:00.000000,0,48.51,SELL
PFE,2024-11-05T00:00:00.000000,0,48.51,SELL
PFE,2024-11-06T00:00:00.000000,0,48.51,SELL
PFE,2024-11-07T00:00:00.000000,0,48.51,SELL
PFE,2024-11-08T00:00:00.000000,0,44.85,SELL
PFE,2024-11-11T00:00:00.000000,0,38.31,SELL
PFE,2024-11-12T00:00:00.000000,0,38.31,SELL
PFE,2024-11-13T00:00:00.000000,0,32.82,SELL
PFE,2024-11-14T00:00:00.000000,0,32.82,SELL
PFE,2024-11-15T00:00:00.000000,0,32.82,SELL
PFE,2024-11-18T00:00:00.000000,0,7.69,SELL
PFE,2024-11-19T00:00:00.000000,0,7.69,SELL
PFE,2024-11-20T00:00:00.000000,0,7.69,SELL
PFE,2024-11-21T00:00:00.000000,0,7.69,SELL
PFE,2024-11-22T00:00:00.000000,0,7.69,SELL
PFE,2024-11-25T00:00:00.000000,0,7.69,SELL
PFE,2024-11-26T00:00:00.000000,0,7.69,SELL
PFE,2024-11-27T00:00:00.000000,0,7.69,SELL
PFE,2024-11-29T00:00:00.000000,0,7.69,SELL
PFE,2024-12-02T00:00:00.000000,0,7.69,SELL
PFE,2024-12-03T00:00:00.000000,0,7.69,SELL
PFE,2024-12-04T00:00:00.000000,0,32.82,SELL
PFE,2024-12-05T00:00:00.000000,0,32.82,SELL
PFE,2024-12-06T00:00:00.000000,0,36.84,SELL
PFE,2024-12-09T00:00:00.000000,0,38.31,SELL
PFE,2024-12-10T00:00:00.000000,0,38.31,SELL
PFE,2024-12-11T00:00:00.000000,0,38.31,SELL
PFE,2024-12-12T00:00:00.000000,0,38.31,SELL
PFE,2024-12-13T00:00:00.000000,0,38.31,SELL
PFE,2024-12-16T00:00:00.000000,0,44.85,SELL
PFE,2024-12-17T00:00:00.000000,0,45.45,SELL
PFE,2024-12-18T00:00:00.000000,0,48.51,SELL
PFE,2024-12-19T00:00:00.000000,0,48.51,SELL
PFE,2024-12-20T00:00:00.000000,1,49.72,BUY
PYPL,2023-02-21T00:00:00.000000,0,48.51,SELL
PYPL,2023-02-22T00:00:00.000000,0,48.51,SELL
PYPL,2023-02-23T00:00:00.000000,0,48.51,SELL
PYPL,2023-02-24T00:00:00.000000,0,45.45,SELL
PYPL,2023-02-27T00:00:00.000000,0,44.85,SELL
PYPL,2023-02-28T00:00:00.000000,0,38.31,SELL
PYPL,2023-03-01T00:00:00.000000,0,48.51,SELL
PYPL,2023-03-02T00:00:00.000000,0,48.51,SELL
PYPL,2023-03-03T00:00:00.000000,1,48.51,BUY
PYPL,2023-03-06T00:00:00.000000,0,48.51,SELL
PYPL,2023-03-07T00:00:00.000000,1,48.51,BUY
PYPL,2023-03-08T00:00:00.000000,1,49.72,BUY
PYPL,2023-03-09T00:00:00.000000,1,48.51,BUY
PYPL,2023-03-10T00:00:00.000000,1,49.72,BUY
PYPL,2023-03-13T00:00:00.000000,1,49.72,BUY
PYPL,2023-03-14T00:00:00.000000,1,49.72,BUY
PYPL,2023-03-15T00:00:00.000000,1,49.72,BUY
PYPL,2023-03-16T00:00:00.000000,1,49.72,BUY
PYPL,2023-03-17T00:00:00.000000,1,49.72,BUY
PYPL,2023-03-20T00:00:00.000000,1,49.72,BUY
PYPL,2023-03-21T00:00:00.000000,1,49.72,BUY
PYPL,2023-03-22T00:00:00.000000,1,49.72,BUY
PYPL,2023-03-23T00:00:00.000000,1,49.72,BUY
PYPL,2023-03-24T00:00:00.000000,1,48.51,BUY
PYPL,2023-03-27T00:00:00.000000,0,48.51,SELL
PYPL,2023-03-28T00:00:00.000000,0,48.51,SELL
PYPL,2023-03-29T00:00:00.000000,0,48.51,SELL
PYPL,2023-03-30T00:00:00.000000,0,48.51,SELL
PYPL,2023-03-31T00:00:00.000000,1,48.51,BUY
PYPL,2023-04-03T00:00:00.000000,0,48.51,SELL
PYPL,2023-04-04T00:00:00.000000,0,48.51,SELL
PYPL,2023-04-05T00:00:00.000000,0,48.51,SELL
PYPL,2023-04-06T00:00:00.000000,0,48.51,SELL
PYPL,2023-04-10T00:00:00.000000,0,44.85,SELL
PYPL,2023-04-11T00:00:00.000000,0,44.85,SELL
PYPL,2023-04-12T00:00:00.000000,0,38.31,SELL
PYPL,2023-04-13T00:00:00.000000,0,44.85,SELL
PYPL,2023-04-14T00:00:00.000000,0,44.85,SELL
PYPL,2023-04-17T00:00:00.000000,0,44.85,SELL
PYPL,2023-04-18T00:00:00.000000,0,48.51,SELL
PYPL,2023-04-19T00:00:00.000000,0,48.51,SELL
PYPL,2023-04-20T00:00:00.000000,0,48.51,SELL
PYPL,2023-04-21T00:00:00.000000,0,48.51,SELL
PYPL,2023-04-24T00:00:00.000000,0,48.51,SELL
PYPL,2023-04-25T00:00:00.000000,0,48.51,SELL
PYPL,2023-04-26T00:00:00.000000,0,48.51,SELL
PYPL,2023-04-27T00:00:00.000000,0,48.51,SELL
PYPL,2023-04-28T00:00:00.000000,0,48.51,SELL
PYPL,2023-05-01T00:00:00.000000,0,48.51,SELL
PYPL,2023-05-02T00:00:00.000000,0,48.51,SELL
PYPL,2023-05-03T00:00:00.000000,0,48.51,SELL
PYPL,2023-05-04T00:00:00.000000,0,48.51,SELL
PYPL,2023-05-05T00:00:00.000000,0,48.51,SELL
PYPL,2023-05-08T00:00:00.000000,0,48.51,SELL
PYPL,2023-05-09T00:00:00.000000,1,48.51,BUY
PYPL,2023-05-10T00:00:00.000000,0,48.51,SELL
PYPL,2023-05-11T00:00:00.000000,1,48.51,BUY
PYPL,2023-05-12T00:00:00.000000,1,49.72,BUY
PYPL,2023-05-15T00:00:00.000000,1,49.72,BUY
PYPL,2023-05-16T00:00:00.000000,1,49.72,BUY
PYPL,2023-05-17T00:00:00.000000,0,48.51,SELL
PYPL,2023-05-18T00:00:00.000000,0,48.51,SELL
PYPL,2023-05-19T00:00:00.000000,0,38.31,SELL
PYPL,2023-05-22T00:00:00.000000,0,40.62,SELL
PYPL,2023-05-23T00:00:00.000000,0,38.31,SELL
PYPL,2023-05-24T00:00:00.000000,0,32.82,SELL
PYPL,2023-05-25T00:00:00.000000,0,32.82,SELL
PYPL,2023-05-26T00:00:00.000000,0,38.1,SELL
PYPL,2023-05-30T00:00:00.000000,0,37.93,SELL
PYPL,2023-05-31T00:00:00.000000,0,38.31,SELL
PYPL,2023-06-01T00:00:00.000000,0,38.31,SELL
PYPL,2023-06-02T00:00:00.000000,0,44.85,SELL
PYPL,2023-06-05T00:00:00.000000,0,48.51,SELL
PYPL,2023-06-06T00:00:00.000000,0,48.51,SELL
PYPL,2023-06-07T00:00:00.000000,0,48.51,SELL
PYPL,2023-06-08T00:00:00.000000,0,48.51,SELL
PYPL,2023-06-09T00:00:00.000000,0,48.51,SELL
PYPL,2023-06-12T00:00:00.000000,0,48.51,SELL
PYPL,2023-06-13T00:00:00.000000,0,48.51,SELL
PYPL,2023-06-14T00:00:00.000000,0,48.51,SELL
PYPL,2023-06-15T00:00:00.000000,0,48.51,SELL
PYPL,2023-06-16T00:00:00.000000,1,48.51,BUY
PYPL,2023-06-20T00:00:00.000000,1,48.51,BUY
PYPL,2023-06-21T00:00:00.000000,1,48.51,BUY
PYPL,2023-06-22T00:00:00.000000,1,48.51,BUY
PYPL,2023-06-23T00:00:00.000000,1,49.72,BUY
PYPL,2023-06-26T00:00:00.000000,1,49.72,BUY
PYPL,2023-06-27T00:00:00.000000,1,49.72,BUY
PYPL,2023-06-28T00:00:00.000000,1,49.72,BUY
PYPL,2023-06-29T00:00:00.000000,1,49.72,BUY
PYPL,2023-06-30T00:00:00.000000,1,49.72,BUY
PYPL,2023-07-03T00:00:00.000000,1,49.72,BUY
PYPL,2023-07-05T00:00:00.000000,1,49.72,BUY
PYPL,2023-07-06T00:00:00.000000,1,49.72,BUY
PYPL,2023-07-07T00:00:00.000000,1,49.72,BUY
PYPL,2023-07-10T00:00:00.000000,1,49.72,BUY
PYPL,2023-07-11T00:00:00.000000,1,48.51,BUY
PYPL,2023-07-12T00:00:00.000000,0,48.51,SELL
PYPL,2023-07-13T00:00:00.000000,0,48.51,SELL
PYPL,2023-07-14T00:00:00.000000,0,48.51,SELL
PYPL,2023-07-17T00:00:00.000000,0,48.51,SELL
PYPL,2023-07-18T00:00:00.000000,0,48.51,SELL
PYPL,2023-07-19T00:00:00.000000,0,48.51,SELL
PYPL,2023-07-20T00:00:00.000000,0,48.51,SELL
PYPL,2023-07-21T00:00:00.000000,0,48.51,SELL
PYPL,2023-07-24T00:00:00.000000,0,44.85,SELL
PYPL,2023-07-25T00:00:00.000000,0,44.85,SELL
PYPL,2023-07-26T00:00:00.000000,0,44.85,SELL
PYPL,2023-07-27T00:00:00.000000,0,40.62,SELL
PYPL,2023-07-28T00:00:00.000000,0,44.85,SELL
PYPL,2023-07-31T00:00:00.000000,0,40.62,SELL
PYPL,2023-08-01T00:00:00.000000,0,38.31,SELL
PYPL,2023-08-02T00:00:00.000000,0,38.31,SELL
PYPL,2023-08-03T00:00:00.000000,0,38.31,SELL
PYPL,2023-08-04T00:00:00.000000,0,40.62,SELL
PYPL,2023-08-07T00:00:00.000000,0,44.85,SELL
PYPL,2023-08-08T00:00:00.000000,0,48.51,SELL
PYPL,2023-08-09T00:00:00.000000,0,44.85,SELL
PYPL,2023-08-10T00:00:00.000000,0,40.62,SELL
PYPL,2023-08-11T00:00:00.000000,0,38.31,SELL
PYPL,2023-08-14T00:00:00.000000,0,38.31,SELL
PYPL,2023-08-15T00:00:00.000000,0,44.85,SELL
PYPL,2023-08-16T00:00:00.000000,0,44.85,SELL
PYPL,2023-08-17T00:00:00.000000,0,38.31,SELL
PYPL,2023-08-18T00:00:00.000000,0,38.1,SELL
PYPL,2023-08-21T00:00:00.000000,0,32.82,SELL
PYPL,2023-08-22T00:00:00.000000,0,38.31,SELL
PYPL,2023-08-23T00:00:00.000000,0,44.85,SELL
PYPL,2023-08-24T00:00:00.000000,0,44.85,SELL
PYPL,2023-08-25T00:00:00.000000,0,48.51,SELL
PYPL,2023-08-28T00:00:00.000000,0,44.85,SELL
PYPL,2023-08-29T00:00:00.000000,0,48.51,SELL
PYPL,2023-08-30T00:00:00.000000,0,48.51,SELL
PYPL,2023-08-31T00:00:00.000000,0,44.85,SELL
PYPL,2023-09-01T00:00:00.000000,0,44.85,SELL
PYPL,2023-09-05T00:00:00.000000,0,44.85,SELL
PYPL,2023-09-06T00:00:00.000000,0,44.85,SELL
PYPL,2023-09-07T00:00:00.000000,0,44.85,SELL
PYPL,2023-09-08T00:00:00.000000,0,44.85,SELL
PYPL,2023-09-11T00:00:00.000000,0,44.85,SELL
PYPL,2023-09-12T00:00:00.000000,0,48.51,SELL
PYPL,2023-09-13T00:00:00.000000,0,48.51,SELL
PYPL,2023-09-14T00:00:00.000000,0,48.51,SELL
PYPL,2023-09-15T00:00:00.000000,0,48.51,SELL
PYPL,2023-09-18T00:00:00.000000,1,48.51,BUY
PYPL,2023-09-19T00:00:00.000000,1,48.51,BUY
PYPL,2023-09-20T00:00:00.000000,1,49.72,BUY
PYPL,2023-09-21T00:00:00.000000,1,49.72,BUY
PYPL,2023-09-22T00:00:00.000000,1,49.72,BUY
PYPL,2023-09-25T00:00:00.000000,1,49.72,BUY
PYPL,2023-09-26T00:00:00.000000,1,49.72,BUY
PYPL,2023-09-27T00:00:00.000000,1,49.72,BUY
PYPL,2023-09-28T00:00:00.000000,1,49.72,BUY
PYPL,2023-09-29T00:00:00.000000,1,50.83,BUY
PYPL,2023-10-02T00:00:00.000000,1,50.83,BUY
PYPL,2023-10-03T00:00:00.000000,1,50.83,BUY
PYPL,2023-10-04T00:00:00.000000,1,50.83,BUY
PYPL,2023-10-05T00:00:00.000000,1,50.83,BUY
PYPL,2023-10-06T00:00:00.000000,1,49.72,BUY
PYPL,2023-10-09T00:00:00.000000,1,49.72,BUY
PYPL,2023-10-10T00:00:00.000000,1,49.72,BUY
PYPL,2023-10-11T00:00:00.000000,1,49.72,BUY
PYPL,2023-10-12T00:00:00.000000,1,49.72,BUY
PYPL,2023-10-13T00:00:00.000000,1,49.72,BUY
PYPL,2023-10-16T00:00:00.000000,1,48.51,BUY
PYPL,2023-10-17T00:00:00.000000,0,48.51,SELL
PYPL,2023-10-18T00:00:00.000000,0,44.85,SELL
PYPL,2023-10-19T00:00:00.000000,0,44.85,SELL
PYPL,2023-10-20T00:00:00.000000,0,44.85,SELL
PYPL,2023-10-23T00:00:00.000000,0,48.51,SELL
PYPL,2023-10-24T00:00:00.000000,0,48.51,SELL
PYPL,2023-10-25T00:00:00.000000,0,48.51,SELL
PYPL,2023-10-26T00:00:00.000000,0,48.51,SELL
PYPL,2023-10-27T00:00:00.000000,0,48.51,SELL
PYPL,2023-10-30T00:00:00.000000,0,48.51,SELL
PYPL,2023-10-31T00:00:00.000000,1,49.72,BUY
PYPL,2023-11-01T00:00:00.000000,1,49.72,BUY
PYPL,2023-11-02T00:00:00.000000,1,49.72,BUY
PYPL,2023-11-03T00:00:00.000000,1,49.72,BUY
PYPL,2023-11-06T00:00:00.000000,0,48.51,SELL
PYPL,2023-11-07T00:00:00.000000,0,48.51,SELL
PYPL,2023-11-08T00:00:00.000000,0,48.51,SELL
PYPL,2023-11-09T00:00:00.000000,0,48.51,SELL
PYPL,2023-11-10T00:00:00.000000,0,48.51,SELL
PYPL,2023-11-13T00:00:00.000000,0,44.85,SELL
PYPL,2023-11-14T00:00:00.000000,0,44.85,SELL
PYPL,2023-11-15T00:00:00.000000,0,48.51,SELL
PYPL,2023-11-16T00:00:00.000000,0,48.51,SELL
PYPL,2023-11-17T00:00:00.000000,0,48.51,SELL
PYPL,2023-11-20T00:00:00.000000,0,48.51,SELL
PYPL,2023-11-21T00:00:00.000000,0,48.51,SELL
PYPL,2023-11-22T00:00:00.000000,0,48.51,SELL
PYPL,2023-11-24T00:00:00.000000,0,48.51,SELL
PYPL,2023-11-27T00:00:00.000000,0,48.51,SELL
PYPL,2023-11-28T00:00:00.000000,0,48.51,SELL
PYPL,2023-11-29T00:00:00.000000,0,48.51,SELL
PYPL,2023-11-30T00:00:00.000000,0,48.51,SELL
PYPL,2023-12-01T00:00:00.000000,0,48.51,SELL
PYPL,2023-12-04T00:00:00.000000,0,48.51,SELL
PYPL,2023-12-05T00:00:00.000000,0,48.51,SELL
PYPL,2023-12-06T00:00:00.000000,0,48.51,SELL
PYPL,2023-12-07T00:00:00.000000,0,48.51,SELL
PYPL,2023-12-08T00:00:00.000000,0,48.51,SELL
PYPL,2023-12-11T00:00:00.000000,0,48.51,SELL
PYPL,2023-12-12T00:00:00.000000,0,48.51,SELL
PYPL,2023-12-13T00:00:00.000000,0,48.51,SELL
PYPL,2023-12-14T00:00:00.000000,0,44.85,SELL
PYPL,2023-12-15T00:00:00.000000,0,38.31,SELL
PYPL,2023-12-18T00:00:00.000000,0,38.31,SELL
PYPL,2023-12-19T00:00:00.000000,0,38.31,SELL
PYPL,2023-12-20T00:00:00.000000,0,36.84,SELL
PYPL,2023-12-21T00:00:00.000000,0,32.82,SELL
PYPL,2023-12-22T00:00:00.000000,0,32.82,SELL
PYPL,2023-12-26T00:00:00.000000,0,32.82,SELL
PYPL,2023-12-27T00:00:00.000000,0,32.82,SELL
PYPL,2023-12-28T00:00:00.000000,0,32.82,SELL
PYPL,2023-12-29T00:00:00.000000,0,32.82,SELL
PYPL,2024-01-02T00:00:00.000000,0,32.82,SELL
PYPL,2024-01-03T00:00:00.000000,0,32.82,SELL
PYPL,2024-01-04T00:00:00.000000,0,32.82,SELL
PYPL,2024-01-05T00:00:00.000000,0,32.82,SELL
PYPL,2024-01-08T00:00:00.000000,0,32.82,SELL
PYPL,2024-01-09T00:00:00.000000,0,36.84,SELL
PYPL,2024-01-10T00:00:00.000000,0,36.84,SELL
PYPL,2024-01-11T00:00:00.000000,0,38.1,SELL
PYPL,2024-01-12T00:00:00.000000,0,38.31,SELL
PYPL,2024-01-16T00:00:00.000000,0,38.31,SELL
PYPL,2024-01-17T00:00:00.000000,0,38.1,SELL
PYPL,2024-01-18T00:00:00.000000,0,38.1,SELL
PYPL,2024-01-19T00:00:00.000000,0,38.1,SELL
PYPL,2024-01-22T00:00:00.000000,0,38.1,SELL
PYPL,2024-01-23T00:00:00.000000,0,38.31,SELL
PYPL,2024-01-24T00:00:00.000000,0,44.85,SELL
PYPL,2024-01-25T00:00:00.000000,0,48.51,SELL
PYPL,2024-01-26T00:00:00.000000,0,48.51,SELL
PYPL,2024-01-29T00:00:00.000000,0,48.51,SELL
PYPL,2024-01-30T00:00:00.000000,0,48.51,SELL
PYPL,2024-01-31T00:00:00.000000,0,48.51,SELL
PYPL,2024-02-01T00:00:00.000000,0,48.51,SELL
PYPL,2024-02-02T00:00:00.000000,0,48.51,SELL
PYPL,2024-02-05T00:00:00.000000,0,48.51,SELL
PYPL,2024-02-06T00:00:00.000000,0,48.51,SELL
PYPL,2024-02-07T00:00:00.000000,0,48.51,SELL
PYPL,2024-02-08T00:00:00.000000,0,48.51,SELL
PYPL,2024-02-09T00:00:00.000000,0,48.51,SELL
PYPL,2024-02-12T00:00:00.000000,0,48.51,SELL
PYPL,2024-02-13T00:00:00.000000,0,48.51,SELL
PYPL,2024-02-14T00:00:00.000000,0,48.51,SELL
PYPL,2024-02-15T00:00:00.000000,0,48.51,SELL
PYPL,2024-02-16T00:00:00.000000,0,48.51,SELL
PYPL,2024-02-20T00:00:00.000000,0,48.51,SELL
PYPL,2024-02-21T00:00:00.000000,0,44.85,SELL
PYPL,2024-02-22T00:00:00.000000,0,44.85,SELL
PYPL,2024-02-23T00:00:00.000000,0,38.31,SELL
PYPL,2024-02-26T00:00:00.000000,0,38.31,SELL
PYPL,2024-02-27T00:00:00.000000,0,38.31,SELL
PYPL,2024-02-28T00:00:00.000000,0,44.85,SELL
PYPL,2024-02-29T00:00:00.000000,0,38.31,SELL
PYPL,2024-03-01T00:00:00.000000,0,44.85,SELL
PYPL,2024-03-04T00:00:00.000000,0,44.85,SELL
PYPL,2024-03-05T00:00:00.000000,0,44.85,SELL
PYPL,2024-03-06T00:00:00.000000,0,48.51,SELL
PYPL,2024-03-07T00:00:00.000000,0,44.85,SELL
PYPL,2024-03-08T00:00:00.000000,0,48.51,SELL
PYPL,2024-03-11T00:00:00.000000,0,48.51,SELL
PYPL,2024-03-12T00:00:00.000000,0,48.51,SELL
PYPL,2024-03-13T00:00:00.000000,0,48.51,SELL
PYPL,2024-03-14T00:00:00.000000,0,48.51,SELL
PYPL,2024-03-15T00:00:00.000000,0,48.51,SELL
PYPL,2024-03-18T00:00:00.000000,0,48.51,SELL
PYPL,2024-03-19T00:00:00.000000,0,48.51,SELL
PYPL,2024-03-20T00:00:00.000000,0,48.51,SELL
PYPL,2024-03-21T00:00:00.000000,0,48.51,SELL
PYPL,2024-03-22T00:00:00.000000,0,48.51,SELL
PYPL,2024-03-25T00:00:00.000000,0,48.51,SELL
PYPL,2024-03-26T00:00:00.000000,0,48.51,SELL
PYPL,2024-03-27T00:00:00.000000,0,48.51,SELL
PYPL,2024-03-28T00:00:00.000000,0,48.51,SELL
PYPL,2024-04-01T00:00:00.000000,0,44.85,SELL
PYPL,2024-04-02T00:00:00.000000,0,38.31,SELL
PYPL,2024-04-03T00:00:00.000000,0,40.62,SELL
PYPL,2024-04-04T00:00:00.000000,0,38.31,SELL
PYPL,2024-04-05T00:00:00.000000,0,44.85,SELL
PYPL,2024-04-08T00:00:00.000000,0,48.51,SELL
PYPL,2024-04-09T00:00:00.000000,0,44.85,SELL
PYPL,2024-04-10T00:00:00.000000,0,48.51,SELL
PYPL,2024-04-11T00:00:00.000000,0,44.85,SELL
PYPL,2024-04-12T00:00:00.000000,0,40.62,SELL
PYPL,2024-04-15T00:00:00.000000,0,44.85,SELL
PYPL,2024-04-16T00:00:00.000000,0,38.31,SELL
PYPL,2024-04-17T00:00:00.000000,0,44.85,SELL
PYPL,2024-04-18T00:00:00.000000,0,48.51,SELL
PYPL,2024-04-19T00:00:00.000000,0,48.51,SELL
PYPL,2024-04-22T00:00:00.000000,0,48.51,SELL
PYPL,2024-04-23T00:00:00.000000,1,48.51,BUY
PYPL,2024-04-24T00:00:00.000000,1,49.72,BUY
PYPL,2024-04-25T00:00:00.000000,1,49.72,BUY
PYPL,2024-04-26T00:00:00.000000,1,49.72,BUY
PYPL,2024-04-29T00:00:00.000000,1,48.51,BUY
PYPL,2024-04-30T00:00:00.000000,0,48.51,SELL
PYPL,2024-05-01T00:00:00.000000,0,48.51,SELL
PYPL,2024-05-02T00:00:00.000000,0,48.51,SELL
PYPL,2024-05-03T00:00:00.000000,0,48.51,SELL
PYPL,2024-05-06T00:00:00.000000,0,48.51,SELL
PYPL,2024-05-07T00:00:00.000000,1,48.51,BUY
PYPL,2024-05-08T00:00:00.000000,1,48.51,BUY
PYPL,2024-05-09T00:00:00.000000,1,48.51,BUY
PYPL,2024-05-10T00:00:00.000000,0,48.51,SELL
PYPL,2024-05-13T00:00:00.000000,0,48.51,SELL
PYPL,2024-05-14T00:00:00.000000,0,48.51,SELL
PYPL,2024-05-15T00:00:00.000000,0,48.51,SELL
PYPL,2024-05-16T00:00:00.000000,0,44.85,SELL
PYPL,2024-05-17T00:00:00.000000,0,38.31,SELL
PYPL,2024-05-20T00:00:00.000000,0,38.31,SELL
PYPL,2024-05-21T00:00:00.000000,0,38.31,SELL
PYPL,2024-05-22T00:00:00.000000,0,38.31,SELL
PYPL,2024-05-23T00:00:00.000000,0,38.1,SELL
PYPL,2024-05-24T00:00:00.000000,0,38.1,SELL
PYPL,2024-05-28T00:00:00.000000,0,32.82,SELL
PYPL,2024-05-29T00:00:00.000000,0,36.84,SELL
PYPL,2024-05-30T00:00:00.000000,0,36.84,SELL
PYPL,2024-05-31T00:00:00.000000,0,36.8,SELL
PYPL,2024-06-03T00:00:00.000000,0,38.1,SELL
PYPL,2024-06-04T00:00:00.000000,0,38.31,SELL
PYPL,2024-06-05T00:00:00.000000,0,44.85,SELL
PYPL,2024-06-06T00:00:00.000000,0,45.45,SELL
PYPL,2024-06-07T00:00:00.000000,0,48.51,SELL
PYPL,2024-06-10T00:00:00.000000,0,44.85,SELL
PYPL,2024-06-11T00:00:00.000000,0,48.51,SELL
PYPL,2024-06-12T00:00:00.000000,0,48.51,SELL
PYPL,2024-06-13T00:00:00.000000,0,48.51,SELL
PYPL,2024-06-14T00:00:00.000000,0,48.51,SELL
PYPL,2024-06-17T00:00:00.000000,0,48.51,SELL
PYPL,2024-06-18T00:00:00.000000,0,48.51,SELL
PYPL,2024-06-20T00:00:00.000000,0,48.51,SELL
PYPL,2024-06-21T00:00:00.000000,0,48.51,SELL
PYPL,2024-06-24T00:00:00.000000,0,48.51,SELL
PYPL,2024-06-25T00:00:00.000000,0,48.51,SELL
PYPL,2024-06-26T00:00:00.000000,0,44.85,SELL
PYPL,2024-06-27T00:00:00.000000,0,38.31,SELL
PYPL,2024-06-28T00:00:00.000000,0,38.31,SELL
PYPL,2024-07-01T00:00:00.000000,0,36.84,SELL
PYPL,2024-07-02T00:00:00.000000,0,32.82,SELL
PYPL,2024-07-03T00:00:00.000000,0,32.82,SELL
PYPL,2024-07-05T00:00:00.000000,0,32.82,SELL
PYPL,2024-07-08T00:00:00.000000,0,36.84,SELL
PYPL,2024-07-09T00:00:00.000000,0,38.1,SELL
PYPL,2024-07-10T00:00:00.000000,0,32.82,SELL
PYPL,2024-07-11T00:00:00.000000,0,32.82,SELL
PYPL,2024-07-12T00:00:00.000000,0,32.82,SELL
PYPL,2024-07-15T00:00:00.000000,0,38.31,SELL
PYPL,2024-07-16T00:00:00.000000,0,38.31,SELL
PYPL,2024-07-17T00:00:00.000000,0,38.31,SELL
PYPL,2024-07-18T00:00:00.000000,0,44.85,SELL
PYPL,2024-07-19T00:00:00.000000,0,48.51,SELL
PYPL,2024-07-22T00:00:00.000000,0,48.51,SELL
PYPL,2024-07-23T00:00:00.000000,0,48.51,SELL
PYPL,2024-07-24T00:00:00.000000,0,48.51,SELL
PYPL,2024-07-25T00:00:00.000000,0,48.51,SELL
PYPL,2024-07-26T00:00:00.000000,0,48.51,SELL
PYPL,2024-07-29T00:00:00.000000,0,48.51,SELL
PYPL,2024-07-30T00:00:00.000000,0,48.51,SELL
PYPL,2024-07-31T00:00:00.000000,0,48.51,SELL
PYPL,2024-08-01T00:00:00.000000,1,48.51,BUY
PYPL,2024-08-02T00:00:00.000000,1,48.51,BUY
PYPL,2024-08-05T00:00:00.000000,1,48.51,BUY
PYPL,2024-08-06T00:00:00.000000,1,49.72,BUY
PYPL,2024-08-07T00:00:00.000000,1,49.72,BUY
PYPL,2024-08-08T00:00:00.000000,1,49.72,BUY
PYPL,2024-08-09T00:00:00.000000,1,49.72,BUY
PYPL,2024-08-12T00:00:00.000000,1,50.83,BUY
PYPL,2024-08-13T00:00:00.000000,1,50.83,BUY
PYPL,2024-08-14T00:00:00.000000,1,50.83,BUY
PYPL,2024-08-15T00:00:00.000000,1,50.83,BUY
PYPL,2024-08-16T00:00:00.000000,1,49.72,BUY
PYPL,2024-08-19T00:00:00.000000,0,48.51,SELL
PYPL,2024-08-20T00:00:00.000000,0,48.51,SELL
PYPL,2024-08-21T00:00:00.000000,0,44.85,SELL
PYPL,2024-08-22T00:00:00.000000,0,44.85,SELL
PYPL,2024-08-23T00:00:00.000000,0,44.85,SELL
PYPL,2024-08-26T00:00:00.000000,0,44.85,SELL
PYPL,2024-08-27T00:00:00.000000,0,38.31,SELL
PYPL,2024-08-28T00:00:00.000000,0,38.31,SELL
PYPL,2024-08-29T00:00:00.000000,0,44.85,SELL
PYPL,2024-08-30T00:00:00.000000,0,44.85,SELL
PYPL,2024-09-03T00:00:00.000000,0,45.45,SELL
PYPL,2024-09-04T00:00:00.000000,0,48.51,SELL
PYPL,2024-09-05T00:00:00.000000,0,48.51,SELL
PYPL,2024-09-06T00:00:00.000000,0,48.51,SELL
PYPL,2024-09-09T00:00:00.000000,0,48.51,SELL
PYPL,2024-09-10T00:00:00.000000,0,48.51,SELL
PYPL,2024-09-11T00:00:00.000000,0,48.51,SELL
PYPL,2024-09-12T00:00:00.000000,0,48.51,SELL
PYPL,2024-09-13T00:00:00.000000,0,48.51,SELL
PYPL,2024-09-16T00:00:00.000000,0,48.51,SELL
PYPL,2024-09-17T00:00:00.000000,0,48.51,SELL
PYPL,2024-09-18T00:00:00.000000,0,48.51,SELL
PYPL,2024-09-19T00:00:00.000000,0,44.85,SELL
PYPL,2024-09-20T00:00:00.000000,0,38.1,SELL
PYPL,2024-09-23T00:00:00.000000,0,32.82,SELL
PYPL,2024-09-24T00:00:00.000000,0,32.82,SELL
PYPL,2024-09-25T00:00:00.000000,0,32.82,SELL
PYPL,2024-09-26T00:00:00.000000,0,36.84,SELL
PYPL,2024-09-27T00:00:00.000000,0,38.31,SELL
PYPL,2024-09-30T00:00:00.000000,0,38.31,SELL
PYPL,2024-10-01T00:00:00.000000,0,38.31,SELL
PYPL,2024-10-02T00:00:00.000000,0,44.85,SELL
PYPL,2024-10-03T00:00:00.000000,0,44.85,SELL
PYPL,2024-10-04T00:00:00.000000,0,48.51,SELL
PYPL,2024-10-07T00:00:00.000000,0,48.51,SELL
PYPL,2024-10-08T00:00:00.000000,0,44.85,SELL
PYPL,2024-10-09T00:00:00.000000,0,38.31,SELL
PYPL,2024-10-10T00:00:00.000000,0,38.31,SELL
PYPL,2024-10-11T00:00:00.000000,0,44.85,SELL
PYPL,2024-10-14T00:00:00.000000,0,44.85,SELL
PYPL,2024-10-15T00:00:00.000000,0,44.85,SELL
PYPL,2024-10-16T00:00:00.000000,0,44.85,SELL
PYPL,2024-10-17T00:00:00.000000,0,44.85,SELL
PYPL,2024-10-18T00:00:00.000000,0,48.51,SELL
PYPL,2024-10-21T00:00:00.000000,0,48.51,SELL
PYPL,2024-10-22T00:00:00.000000,0,48.51,SELL
PYPL,2024-10-23T00:00:00.000000,0,48.51,SELL
PYPL,2024-10-24T00:00:00.000000,0,48.51,SELL
PYPL,2024-10-25T00:00:00.000000,0,45.45,SELL
PYPL,2024-10-28T00:00:00.000000,0,48.51,SELL
PYPL,2024-10-29T00:00:00.000000,0,48.51,SELL
PYPL,2024-10-30T00:00:00.000000,0,48.51,SELL
PYPL,2024-10-31T00:00:00.000000,0,48.51,SELL
PYPL,2024-11-01T00:00:00.000000,0,48.51,SELL
PYPL,2024-11-04T00:00:00.000000,1,49.72,BUY
PYPL,2024-11-05T00:00:00.000000,1,49.72,BUY
PYPL,2024-11-06T00:00:00.000000,1,49.72,BUY
PYPL,2024-11-07T00:00:00.000000,1,49.72,BUY
PYPL,2024-11-08T00:00:00.000000,1,49.72,BUY
PYPL,2024-11-11T00:00:00.000000,1,49.72,BUY
PYPL,2024-11-12T00:00:00.000000,1,48.51,BUY
PYPL,2024-11-13T00:00:00.000000,0,48.51,SELL
PYPL,2024-11-14T00:00:00.000000,0,48.51,SELL
PYPL,2024-11-15T00:00:00.000000,0,48.51,SELL
PYPL,2024-11-18T00:00:00.000000,0,48.51,SELL
PYPL,2024-11-19T00:00:00.000000,0,48.51,SELL
PYPL,2024-11-20T00:00:00.000000,0,48.51,SELL
PYPL,2024-11-21T00:00:00.000000,0,48.51,SELL
PYPL,2024-11-22T00:00:00.000000,0,48.51,SELL
PYPL,2024-11-25T00:00:00.000000,0,48.51,SELL
PYPL,2024-11-26T00:00:00.000000,0,48.51,SELL
PYPL,2024-11-27T00:00:00.000000,0,48.51,SELL
PYPL,2024-11-29T00:00:00.000000,0,48.51,SELL
PYPL,2024-12-02T00:00:00.000000,0,48.51,SELL
PYPL,2024-12-03T00:00:00.000000,0,48.51,SELL
PYPL,2024-12-04T00:00:00.000000,0,48.51,SELL
PYPL,2024-12-05T00:00:00.000000,0,48.51,SELL
PYPL,2024-12-06T00:00:00.000000,0,48.51,SELL
PYPL,2024-12-09T00:00:00.000000,0,44.85,SELL
PYPL,2024-12-10T00:00:00.000000,0,45.45,SELL
PYPL,2024-12-11T00:00:00.000000,0,45.45,SELL
PYPL,2024-12-12T00:00:00.000000,0,44.85,SELL
PYPL,2024-12-13T00:00:00.000000,0,44.85,SELL
PYPL,2024-12-16T00:00:00.000000,0,44.85,SELL
PYPL,2024-12-17T00:00:00.000000,0,44.85,SELL
PYPL,2024-12-18T00:00:00.000000,0,44.85,SELL
PYPL,2024-12-19T00:00:00.000000,0,48.51,SELL
PYPL,2024-12-20T00:00:00.000000,0,48.51,SELL
QQQ,2023-02-21T00:00:00.000000,1,49.72,BUY
QQQ,2023-02-22T00:00:00.000000,1,49.72,BUY
QQQ,2023-02-23T00:00:00.000000,1,49.72,BUY
QQQ,2023-02-24T00:00:00.000000,1,49.72,BUY
QQQ,2023-02-27T00:00:00.000000,1,49.72,BUY
QQQ,2023-02-28T00:00:00.000000,1,49.72,BUY
QQQ,2023-03-01T00:00:00.000000,1,49.72,BUY
QQQ,2023-03-02T00:00:00.000000,1,50.83,BUY
QQQ,2023-03-03T00:00:00.000000,1,50.83,BUY
QQQ,2023-03-06T00:00:00.000000,1,50.83,BUY
QQQ,2023-03-07T00:00:00.000000,1,50.83,BUY
QQQ,2023-03-08T00:00:00.000000,1,50.83,BUY
QQQ,2023-03-09T00:00:00.000000,1,50.83,BUY
QQQ,2023-03-10T00:00:00.000000,1,50.83,BUY
QQQ,2023-03-13T00:00:00.000000,1,50.83,BUY
QQQ,2023-03-14T00:00:00.000000,1,50.83,BUY
QQQ,2023-03-15T00:00:00.000000,1,50.83,BUY
QQQ,2023-03-16T00:00:00.000000,1,50.83,BUY
QQQ,2023-03-17T00:00:00.000000,1,50.83,BUY
QQQ,2023-03-20T00:00:00.000000,1,50.83,BUY
QQQ,2023-03-21T00:00:00.000000,1,50.83,BUY
QQQ,2023-03-22T00:00:00.000000,1,50.83,BUY
QQQ,2023-03-23T00:00:00.000000,1,50.83,BUY
QQQ,2023-03-24T00:00:00.000000,1,50.83,BUY
QQQ,2023-03-27T00:00:00.000000,1,49.72,BUY
QQQ,2023-03-28T00:00:00.000000,1,49.72,BUY
QQQ,2023-03-29T00:00:00.000000,1,49.72,BUY
QQQ,2023-03-30T00:00:00.000000,1,49.72,BUY
QQQ,2023-03-31T00:00:00.000000,1,49.72,BUY
QQQ,2023-04-03T00:00:00.000000,1,49.72,BUY
QQQ,2023-04-04T00:00:00.000000,1,49.72,BUY
QQQ,2023-04-05T00:00:00.000000,1,49.72,BUY
QQQ,2023-04-06T00:00:00.000000,1,49.72,BUY
QQQ,2023-04-10T00:00:00.000000,1,49.72,BUY
QQQ,2023-04-11T00:00:00.000000,1,50.83,BUY
QQQ,2023-04-12T00:00:00.000000,1,50.83,BUY
QQQ,2023-04-13T00:00:00.000000,1,50.83,BUY
QQQ,2023-04-14T00:00:00.000000,1,50.83,BUY
QQQ,2023-04-17T00:00:00.000000,1,50.83,BUY
QQQ,2023-04-18T00:00:00.000000,1,50.83,BUY
QQQ,2023-04-19T00:00:00.000000,1,50.83,BUY
QQQ,2023-04-20T00:00:00.000000,1,50.83,BUY
QQQ,2023-04-21T00:00:00.000000,1,50.83,BUY
QQQ,2023-04-24T00:00:00.000000,1,50.0,BUY
QQQ,2023-04-25T00:00:00.000000,1,49.72,BUY
QQQ,2023-04-26T00:00:00.000000,1,49.72,BUY
QQQ,2023-04-27T00:00:00.000000,1,49.72,BUY
QQQ,2023-04-28T00:00:00.000000,1,49.72,BUY
QQQ,2023-05-01T00:00:00.000000,1,49.72,BUY
QQQ,2023-05-02T00:00:00.000000,1,49.72,BUY
QQQ,2023-05-03T00:00:00.000000,1,49.72,BUY
QQQ,2023-05-04T00:00:00.000000,1,49.72,BUY
QQQ,2023-05-05T00:00:00.000000,1,49.72,BUY
QQQ,2023-05-08T00:00:00.000000,1,50.83,BUY
QQQ,2023-05-09T00:00:00.000000,1,50.83,BUY
QQQ,2023-05-10T00:00:00.000000,1,50.83,BUY
QQQ,2023-05-11T00:00:00.000000,1,49.72,BUY
QQQ,2023-05-12T00:00:00.000000,1,49.72,BUY
QQQ,2023-05-15T00:00:00.000000,1,50.83,BUY
QQQ,2023-05-16T00:00:00.000000,1,50.83,BUY
QQQ,2023-05-17T00:00:00.000000,1,49.72,BUY
QQQ,2023-05-18T00:00:00.000000,1,49.72,BUY
QQQ,2023-05-19T00:00:00.000000,1,49.72,BUY
QQQ,2023-05-22T00:00:00.000000,1,49.72,BUY
QQQ,2023-05-23T00:00:00.000000,1,49.72,BUY
QQQ,2023-05-24T00:00:00.000000,1,49.72,BUY
QQQ,2023-05-25T00:00:00.000000,1,49.72,BUY
QQQ,2023-05-26T00:00:00.000000,1,50.83,BUY
QQQ,2023-05-30T00:00:00.000000,1,50.83,BUY
QQQ,2023-05-31T00:00:00.000000,1,50.83,BUY
QQQ,2023-06-01T00:00:00.000000,1,50.83,BUY
QQQ,2023-06-02T00:00:00.000000,1,50.83,BUY
QQQ,2023-06-05T00:00:00.000000,1,50.83,BUY
QQQ,2023-06-06T00:00:00.000000,1,50.83,BUY
QQQ,2023-06-07T00:00:00.000000,1,50.83,BUY
QQQ,2023-06-08T00:00:00.000000,1,50.83,BUY
QQQ,2023-06-09T00:00:00.000000,1,50.83,BUY
QQQ,2023-06-12T00:00:00.000000,1,50.83,BUY
QQQ,2023-06-13T00:00:00.000000,1,50.83,BUY
QQQ,2023-06-14T00:00:00.000000,1,50.83,BUY
QQQ,2023-06-15T00:00:00.000000,1,50.83,BUY
QQQ,2023-06-16T00:00:00.000000,1,50.83,BUY
QQQ,2023-06-20T00:00:00.000000,1,50.83,BUY
QQQ,2023-06-21T00:00:00.000000,1,49.72,BUY
QQQ,2023-06-22T00:00:00.000000,1,49.72,BUY
QQQ,2023-06-23T00:00:00.000000,1,49.72,BUY
QQQ,2023-06-26T00:00:00.000000,1,49.72,BUY
QQQ,2023-06-27T00:00:00.000000,1,49.72,BUY
QQQ,2023-06-28T00:00:00.000000,1,49.72,BUY
QQQ,2023-06-29T00:00:00.000000,1,49.72,BUY
QQQ,2023-06-30T00:00:00.000000,1,49.72,BUY
QQQ,2023-07-03T00:00:00.000000,1,49.72,BUY
QQQ,2023-07-05T00:00:00.000000,1,49.72,BUY
QQQ,2023-07-06T00:00:00.000000,1,49.72,BUY
QQQ,2023-07-07T00:00:00.000000,1,49.72,BUY
QQQ,2023-07-10T00:00:00.000000,1,49.72,BUY
QQQ,2023-07-11T00:00:00.000000,1,49.72,BUY
QQQ,2023-07-12T00:00:00.000000,1,49.72,BUY
QQQ,2023-07-13T00:00:00.000000,1,49.72,BUY
QQQ,2023-07-14T00:00:00.000000,1,49.72,BUY
QQQ,2023-07-17T00:00:00.000000,1,49.72,BUY
QQQ,2023-07-18T00:00:00.000000,1,49.72,BUY
QQQ,2023-07-19T00:00:00.000000,1,49.72,BUY
QQQ,2023-07-20T00:00:00.000000,1,49.72,BUY
QQQ,2023-07-21T00:00:00.000000,1,49.72,BUY
QQQ,2023-07-24T00:00:00.000000,1,49.72,BUY
QQQ,2023-07-25T00:00:00.000000,1,49.72,BUY
QQQ,2023-07-26T00:00:00.000000,1,49.72,BUY
QQQ,2023-07-27T00:00:00.000000,1,49.72,BUY
QQQ,2023-07-28T00:00:00.000000,1,49.72,BUY
QQQ,2023-07-31T00:00:00.000000,1,49.72,BUY
QQQ,2023-08-01T00:00:00.000000,1,49.72,BUY
QQQ,2023-08-02T00:00:00.000000,1,49.72,BUY
QQQ,2023-08-03T00:00:00.000000,1,49.72,BUY
QQQ,2023-08-04T00:00:00.000000,1,49.72,BUY
QQQ,2023-08-07T00:00:00.000000,1,49.72,BUY
QQQ,2023-08-08T00:00:00.000000,1,49.72,BUY
QQQ,2023-08-09T00:00:00.000000,1,49.72,BUY
QQQ,2023-08-10T00:00:00.000000,1,49.72,BUY
QQQ,2023-08-11T00:00:00.000000,1,49.72,BUY
QQQ,2023-08-14T00:00:00.000000,1,49.72,BUY
QQQ,2023-08-15T00:00:00.000000,1,49.72,BUY
QQQ,2023-08-16T00:00:00.000000,1,50.83,BUY
QQQ,2023-08-17T00:00:00.000000,1,50.83,BUY
QQQ,2023-08-18T00:00:00.000000,1,50.83,BUY
QQQ,2023-08-21T00:00:00.000000,1,50.83,BUY
QQQ,2023-08-22T00:00:00.000000,1,50.83,BUY
QQQ,2023-08-23T00:00:00.000000,1,50.83,BUY
QQQ,2023-08-24T00:00:00.000000,1,50.83,BUY
QQQ,2023-08-25T00:00:00.000000,1,50.83,BUY
QQQ,2023-08-28T00:00:00.000000,1,50.83,BUY
QQQ,2023-08-29T00:00:00.000000,1,50.83,BUY
QQQ,2023-08-30T00:00:00.000000,1,50.83,BUY
QQQ,2023-08-31T00:00:00.000000,1,50.83,BUY
QQQ,2023-09-01T00:00:00.000000,1,50.83,BUY
QQQ,2023-09-05T00:00:00.000000,1,50.83,BUY
QQQ,2023-09-06T00:00:00.000000,1,50.83,BUY
QQQ,2023-09-07T00:00:00.000000,1,50.83,BUY
QQQ,2023-09-08T00:00:00.000000,1,50.83,BUY
QQQ,2023-09-11T00:00:00.000000,1,50.83,BUY
QQQ,2023-09-12T00:00:00.000000,1,49.72,BUY
QQQ,2023-09-13T00:00:00.000000,1,49.72,BUY
QQQ,2023-09-14T00:00:00.000000,1,50.83,BUY
QQQ,2023-09-15T00:00:00.000000,1,50.83,BUY
QQQ,2023-09-18T00:00:00.000000,1,50.83,BUY
QQQ,2023-09-19T00:00:00.000000,1,49.72,BUY
QQQ,2023-09-20T00:00:00.000000,1,49.72,BUY
QQQ,2023-09-21T00:00:00.000000,1,49.72,BUY
QQQ,2023-09-22T00:00:00.000000,1,49.72,BUY
QQQ,2023-09-25T00:00:00.000000,1,50.83,BUY
QQQ,2023-09-26T00:00:00.000000,1,50.83,BUY
QQQ,2023-09-27T00:00:00.000000,1,50.83,BUY
QQQ,2023-09-28T00:00:00.000000,1,50.83,BUY
QQQ,2023-09-29T00:00:00.000000,1,50.83,BUY
QQQ,2023-10-02T00:00:00.000000,1,50.83,BUY
QQQ,2023-10-03T00:00:00.000000,1,50.83,BUY
QQQ,2023-10-04T00:00:00.000000,1,50.83,BUY
QQQ,2023-10-05T00:00:00.000000,1,50.83,BUY
QQQ,2023-10-06T00:00:00.000000,1,50.83,BUY
QQQ,2023-10-09T00:00:00.000000,1,50.83,BUY
QQQ,2023-10-10T00:00:00.000000,1,50.83,BUY
QQQ,2023-10-11T00:00:00.000000,1,50.83,BUY
QQQ,2023-10-12T00:00:00.000000,1,50.83,BUY
QQQ,2023-10-13T00:00:00.000000,1,50.83,BUY
QQQ,2023-10-16T00:00:00.000000,1,50.83,BUY
QQQ,2023-10-17T00:00:00.000000,1,50.83,BUY
QQQ,2023-10-18T00:00:00.000000,1,49.72,BUY
QQQ,2023-10-19T00:00:00.000000,1,49.72,BUY
QQQ,2023-10-20T00:00:00.000000,1,49.72,BUY
QQQ,2023-10-23T00:00:00.000000,1,49.72,BUY
QQQ,2023-10-24T00:00:00.000000,1,50.83,BUY
QQQ,2023-10-25T00:00:00.000000,1,50.83,BUY
QQQ,2023-10-26T00:00:00.000000,1,50.83,BUY
QQQ,2023-10-27T00:00:00.000000,1,50.83,BUY
QQQ,2023-10-30T00:00:00.000000,1,50.83,BUY
QQQ,2023-10-31T00:00:00.000000,1,50.83,BUY
QQQ,2023-11-01T00:00:00.000000,1,50.83,BUY
QQQ,2023-11-02T00:00:00.000000,1,50.83,BUY
QQQ,2023-11-03T00:00:00.000000,1,50.83,BUY
QQQ,2023-11-06T00:00:00.000000,1,50.83,BUY
QQQ,2023-11-07T00:00:00.000000,1,50.83,BUY
QQQ,2023-11-08T00:00:00.000000,1,50.83,BUY
QQQ,2023-11-09T00:00:00.000000,1,50.83,BUY
QQQ,2023-11-10T00:00:00.000000,1,49.72,BUY
QQQ,2023-11-13T00:00:00.000000,1,49.72,BUY
QQQ,2023-11-14T00:00:00.000000,1,49.72,BUY
QQQ,2023-11-15T00:00:00.000000,1,49.72,BUY
QQQ,2023-11-16T00:00:00.000000,1,49.72,BUY
QQQ,2023-11-17T00:00:00.000000,1,49.72,BUY
QQQ,2023-11-20T00:00:00.000000,1,49.72,BUY
QQQ,2023-11-21T00:00:00.000000,1,49.72,BUY
QQQ,2023-11-22T00:00:00.000000,1,49.72,BUY
QQQ,2023-11-24T00:00:00.000000,1,49.72,BUY
QQQ,2023-11-27T00:00:00.000000,1,50.83,BUY
QQQ,2023-11-28T00:00:00.000000,1,50.83,BUY
QQQ,2023-11-29T00:00:00.000000,1,50.83,BUY
QQQ,2023-11-30T00:00:00.000000,1,50.83,BUY
QQQ,2023-12-01T00:00:00.000000,1,50.83,BUY
QQQ,2023-12-04T00:00:00.000000,1,50.83,BUY
QQQ,2023-12-05T00:00:00.000000,1,50.83,BUY
QQQ,2023-12-06T00:00:00.000000,1,50.83,BUY
QQQ,2023-12-07T00:00:00.000000,1,50.83,BUY
QQQ,2023-12-08T00:00:00.000000,1,50.83,BUY
QQQ,2023-12-11T00:00:00.000000,1,50.83,BUY
QQQ,2023-12-12T00:00:00.000000,1,50.83,BUY
QQQ,2023-12-13T00:00:00.000000,1,50.83,BUY
QQQ,2023-12-14T00:00:00.000000,1,50.83,BUY
QQQ,2023-12-15T00:00:00.000000,1,50.83,BUY
QQQ,2023-12-18T00:00:00.000000,1,50.83,BUY
QQQ,2023-12-19T00:00:00.000000,1,50.83,BUY
QQQ,2023-12-20T00:00:00.000000,1,49.72,BUY
QQQ,2023-12-21T00:00:00.000000,1,49.72,BUY
QQQ,2023-12-22T00:00:00.000000,1,50.83,BUY
QQQ,2023-12-26T00:00:00.000000,1,50.83,BUY
QQQ,2023-12-27T00:00:00.000000,1,50.83,BUY
QQQ,2023-12-28T00:00:00.000000,1,50.83,BUY
QQQ,2023-12-29T00:00:00.000000,1,50.83,BUY
QQQ,2024-01-02T00:00:00.000000,1,50.83,BUY
QQQ,2024-01-03T00:00:00.000000,1,50.83,BUY
QQQ,2024-01-04T00:00:00.000000,1,50.83,BUY
QQQ,2024-01-05T00:00:00.000000,1,50.83,BUY
QQQ,2024-01-08T00:00:00.000000,1,50.83,BUY
QQQ,2024-01-09T00:00:00.000000,1,50.83,BUY
QQQ,2024-01-10T00:00:00.000000,1,50.83,BUY
QQQ,2024-01-11T00:00:00.000000,1,50.83,BUY
QQQ,2024-01-12T00:00:00.000000,1,50.83,BUY
QQQ,2024-01-16T00:00:00.000000,1,49.72,BUY
QQQ,2024-01-17T00:00:00.000000,1,49.72,BUY
QQQ,2024-01-18T00:00:00.000000,1,49.72,BUY
QQQ,2024-01-19T00:00:00.000000,1,49.72,BUY
QQQ,2024-01-22T00:00:00.000000,1,49.72,BUY
QQQ,2024-01-23T00:00:00.000000,1,49.72,BUY
QQQ,2024-01-24T00:00:00.000000,1,49.72,BUY
QQQ,2024-01-25T00:00:00.000000,1,49.72,BUY
QQQ,2024-01-26T00:00:00.000000,1,50.83,BUY
QQQ,2024-01-29T00:00:00.000000,1,50.83,BUY
QQQ,2024-01-30T00:00:00.000000,1,50.83,BUY
QQQ,2024-01-31T00:00:00.000000,1,50.83,BUY
QQQ,2024-02-01T00:00:00.000000,1,50.83,BUY
QQQ,2024-02-02T00:00:00.000000,1,50.83,BUY
QQQ,2024-02-05T00:00:00.000000,1,50.83,BUY
QQQ,2024-02-06T00:00:00.000000,1,50.83,BUY
QQQ,2024-02-07T00:00:00.000000,1,50.83,BUY
QQQ,2024-02-08T00:00:00.000000,1,50.83,BUY
QQQ,2024-02-09T00:00:00.000000,1,50.83,BUY
QQQ,2024-02-12T00:00:00.000000,1,50.83,BUY
QQQ,2024-02-13T00:00:00.000000,1,50.83,BUY
QQQ,2024-02-14T00:00:00.000000,1,50.83,BUY
QQQ,2024-02-15T00:00:00.000000,1,50.83,BUY
QQQ,2024-02-16T00:00:00.000000,1,50.83,BUY
QQQ,2024-02-20T00:00:00.000000,1,50.83,BUY
QQQ,2024-02-21T00:00:00.000000,1,50.83,BUY
QQQ,2024-02-22T00:00:00.000000,1,49.72,BUY
QQQ,2024-02-23T00:00:00.000000,1,49.72,BUY
QQQ,2024-02-26T00:00:00.000000,1,49.72,BUY
QQQ,2024-02-27T00:00:00.000000,1,49.72,BUY
QQQ,2024-02-28T00:00:00.000000,1,49.72,BUY
QQQ,2024-02-29T00:00:00.000000,1,49.72,BUY
QQQ,2024-03-01T00:00:00.000000,1,49.72,BUY
QQQ,2024-03-04T00:00:00.000000,1,49.72,BUY
QQQ,2024-03-05T00:00:00.000000,1,49.72,BUY
QQQ,2024-03-06T00:00:00.000000,1,49.72,BUY
QQQ,2024-03-07T00:00:00.000000,1,49.72,BUY
QQQ,2024-03-08T00:00:00.000000,1,49.72,BUY
QQQ,2024-03-11T00:00:00.000000,1,49.72,BUY
QQQ,2024-03-12T00:00:00.000000,1,49.72,BUY
QQQ,2024-03-13T00:00:00.000000,1,49.72,BUY
QQQ,2024-03-14T00:00:00.000000,1,49.72,BUY
QQQ,2024-03-15T00:00:00.000000,1,49.72,BUY
QQQ,2024-03-18T00:00:00.000000,1,49.72,BUY
QQQ,2024-03-19T00:00:00.000000,1,49.72,BUY
QQQ,2024-03-20T00:00:00.000000,1,49.72,BUY
QQQ,2024-03-21T00:00:00.000000,1,49.72,BUY
QQQ,2024-03-22T00:00:00.000000,1,49.72,BUY
QQQ,2024-03-25T00:00:00.000000,1,49.72,BUY
QQQ,2024-03-26T00:00:00.000000,1,49.72,BUY
QQQ,2024-03-27T00:00:00.000000,1,49.72,BUY
QQQ,2024-03-28T00:00:00.000000,1,49.72,BUY
QQQ,2024-04-01T00:00:00.000000,1,49.72,BUY
QQQ,2024-04-02T00:00:00.000000,1,49.72,BUY
QQQ,2024-04-03T00:00:00.000000,1,48.51,BUY
QQQ,2024-04-04T00:00:00.000000,1,48.51,BUY
QQQ,2024-04-05T00:00:00.000000,1,49.72,BUY
QQQ,2024-04-08T00:00:00.000000,1,48.51,BUY
QQQ,2024-04-09T00:00:00.000000,1,49.72,BUY
QQQ,2024-04-10T00:00:00.000000,1,49.72,BUY
QQQ,2024-04-11T00:00:00.000000,1,48.51,BUY
QQQ,2024-04-12T00:00:00.000000,1,48.51,BUY
QQQ,2024-04-15T00:00:00.000000,1,48.51,BUY
QQQ,2024-04-16T00:00:00.000000,1,49.72,BUY
QQQ,2024-04-17T00:00:00.000000,1,49.72,BUY
QQQ,2024-04-18T00:00:00.000000,1,49.72,BUY
QQQ,2024-04-19T00:00:00.000000,1,49.72,BUY
QQQ,2024-04-22T00:00:00.000000,1,50.83,BUY
QQQ,2024-04-23T00:00:00.000000,1,50.83,BUY
QQQ,2024-04-24T00:00:00.000000,1,50.83,BUY
QQQ,2024-04-25T00:00:00.000000,1,50.83,BUY
QQQ,2024-04-26T00:00:00.000000,1,50.83,BUY
QQQ,2024-04-29T00:00:00.000000,1,50.83,BUY
QQQ,2024-04-30T00:00:00.000000,1,50.83,BUY
QQQ,2024-05-01T00:00:00.000000,1,50.83,BUY
QQQ,2024-05-02T00:00:00.000000,1,50.83,BUY
QQQ,2024-05-03T00:00:00.000000,1,50.83,BUY
QQQ,2024-05-06T00:00:00.000000,1,50.83,BUY
QQQ,2024-05-07T00:00:00.000000,1,50.83,BUY
QQQ,2024-05-08T00:00:00.000000,1,50.83,BUY
QQQ,2024-05-09T00:00:00.000000,1,50.83,BUY
QQQ,2024-05-10T00:00:00.000000,1,50.83,BUY
QQQ,2024-05-13T00:00:00.000000,1,50.83,BUY
QQQ,2024-05-14T00:00:00.000000,1,50.83,BUY
QQQ,2024-05-15T00:00:00.000000,1,50.83,BUY
QQQ,2024-05-16T00:00:00.000000,1,49.72,BUY
QQQ,2024-05-17T00:00:00.000000,1,49.72,BUY
QQQ,2024-05-20T00:00:00.000000,1,49.72,BUY
QQQ,2024-05-21T00:00:00.000000,1,49.72,BUY
QQQ,2024-05-22T00:00:00.000000,1,49.72,BUY
QQQ,2024-05-23T00:00:00.000000,1,49.72,BUY
QQQ,2024-05-24T00:00:00.000000,1,49.72,BUY
QQQ,2024-05-28T00:00:00.000000,1,50.83,BUY
QQQ,2024-05-29T00:00:00.000000,1,50.83,BUY
QQQ,2024-05-30T00:00:00.000000,1,50.83,BUY
QQQ,2024-05-31T00:00:00.000000,1,50.83,BUY
QQQ,2024-06-03T00:00:00.000000,1,50.83,BUY
QQQ,2024-06-04T00:00:00.000000,1,50.83,BUY
QQQ,2024-06-05T00:00:00.000000,1,50.83,BUY
QQQ,2024-06-06T00:00:00.000000,1,50.83,BUY
QQQ,2024-06-07T00:00:00.000000,1,50.83,BUY
QQQ,2024-06-10T00:00:00.000000,1,50.83,BUY
QQQ,2024-06-11T00:00:00.000000,1,50.83,BUY
QQQ,2024-06-12T00:00:00.000000,1,50.83,BUY
QQQ,2024-06-13T00:00:00.000000,1,50.83,BUY
QQQ,2024-06-14T00:00:00.000000,1,50.83,BUY
QQQ,2024-06-17T00:00:00.000000,1,50.83,BUY
QQQ,2024-06-18T00:00:00.000000,1,50.83,BUY
QQQ,2024-06-20T00:00:00.000000,1,50.83,BUY
QQQ,2024-06-21T00:00:00.000000,1,50.83,BUY
QQQ,2024-06-24T00:00:00.000000,1,50.83,BUY
QQQ,2024-06-25T00:00:00.000000,1,50.83,BUY
QQQ,2024-06-26T00:00:00.000000,1,50.83,BUY
QQQ,2024-06-27T00:00:00.000000,1,50.83,BUY
QQQ,2024-06-28T00:00:00.000000,1,50.83,BUY
QQQ,2024-07-01T00:00:00.000000,1,50.83,BUY
QQQ,2024-07-02T00:00:00.000000,1,50.83,BUY
QQQ,2024-07-03T00:00:00.000000,1,50.83,BUY
QQQ,2024-07-05T00:00:00.000000,1,50.83,BUY
QQQ,2024-07-08T00:00:00.000000,1,50.83,BUY
QQQ,2024-07-09T00:00:00.000000,1,50.83,BUY
QQQ,2024-07-10T00:00:00.000000,1,50.83,BUY
QQQ,2024-07-11T00:00:00.000000,1,50.83,BUY
QQQ,2024-07-12T00:00:00.000000,1,50.83,BUY
QQQ,2024-07-15T00:00:00.000000,1,50.83,BUY
QQQ,2024-07-16T00:00:00.000000,1,50.83,BUY
QQQ,2024-07-17T00:00:00.000000,1,50.83,BUY
QQQ,2024-07-18T00:00:00.000000,1,50.83,BUY
QQQ,2024-07-19T00:00:00.000000,1,50.83,BUY
QQQ,2024-07-22T00:00:00.000000,1,49.72,BUY
QQQ,2024-07-23T00:00:00.000000,1,49.72,BUY
QQQ,2024-07-24T00:00:00.000000,1,49.72,BUY
QQQ,2024-07-25T00:00:00.000000,1,49.72,BUY
QQQ,2024-07-26T00:00:00.000000,1,49.72,BUY
QQQ,2024-07-29T00:00:00.000000,1,49.72,BUY
QQQ,2024-07-30T00:00:00.000000,1,49.72,BUY
QQQ,2024-07-31T00:00:00.000000,1,50.83,BUY
QQQ,2024-08-01T00:00:00.000000,1,50.83,BUY
QQQ,2024-08-02T00:00:00.000000,1,50.83,BUY
QQQ,2024-08-05T00:00:00.000000,1,50.83,BUY
QQQ,2024-08-06T00:00:00.000000,1,50.83,BUY
QQQ,2024-08-07T00:00:00.000000,1,50.83,BUY
QQQ,2024-08-08T00:00:00.000000,1,50.83,BUY
QQQ,2024-08-09T00:00:00.000000,1,50.83,BUY
QQQ,2024-08-12T00:00:00.000000,1,50.83,BUY
QQQ,2024-08-13T00:00:00.000000,1,50.83,BUY
QQQ,2024-08-14T00:00:00.000000,1,50.83,BUY
QQQ,2024-08-15T00:00:00.000000,1,50.83,BUY
QQQ,2024-08-16T00:00:00.000000,1,50.83,BUY
QQQ,2024-08-19T00:00:00.000000,1,50.83,BUY
QQQ,2024-08-20T00:00:00.000000,1,50.83,BUY
QQQ,2024-08-21T00:00:00.000000,1,50.83,BUY
QQQ,2024-08-22T00:00:00.000000,1,50.83,BUY
QQQ,2024-08-23T00:00:00.000000,1,50.83,BUY
QQQ,2024-08-26T00:00:00.000000,1,50.83,BUY
QQQ,2024-08-27T00:00:00.000000,1,50.83,BUY
QQQ,2024-08-28T00:00:00.000000,1,49.72,BUY
QQQ,2024-08-29T00:00:00.000000,1,49.72,BUY
QQQ,2024-08-30T00:00:00.000000,1,49.72,BUY
QQQ,2024-09-03T00:00:00.000000,1,49.72,BUY
QQQ,2024-09-04T00:00:00.000000,1,49.72,BUY
QQQ,2024-09-05T00:00:00.000000,1,49.72,BUY
QQQ,2024-09-06T00:00:00.000000,1,49.72,BUY
QQQ,2024-09-09T00:00:00.000000,1,49.72,BUY
QQQ,2024-09-10T00:00:00.000000,1,49.72,BUY
QQQ,2024-09-11T00:00:00.000000,1,49.72,BUY
QQQ,2024-09-12T00:00:00.000000,1,50.83,BUY
QQQ,2024-09-13T00:00:00.000000,1,50.83,BUY
QQQ,2024-09-16T00:00:00.000000,1,50.83,BUY
QQQ,2024-09-17T00:00:00.000000,1,50.83,BUY
QQQ,2024-09-18T00:00:00.000000,1,50.83,BUY
QQQ,2024-09-19T00:00:00.000000,1,50.83,BUY
QQQ,2024-09-20T00:00:00.000000,1,49.72,BUY
QQQ,2024-09-23T00:00:00.000000,1,49.72,BUY
QQQ,2024-09-24T00:00:00.000000,1,49.72,BUY
QQQ,2024-09-25T00:00:00.000000,1,49.72,BUY
QQQ,2024-09-26T00:00:00.000000,1,49.72,BUY
QQQ,2024-09-27T00:00:00.000000,1,49.72,BUY
QQQ,2024-09-30T00:00:00.000000,1,49.72,BUY
QQQ,2024-10-01T00:00:00.000000,1,49.72,BUY
QQQ,2024-10-02T00:00:00.000000,1,49.72,BUY
QQQ,2024-10-03T00:00:00.000000,1,49.72,BUY
QQQ,2024-10-04T00:00:00.000000,1,49.72,BUY
QQQ,2024-10-07T00:00:00.000000,1,49.72,BUY
QQQ,2024-10-08T00:00:00.000000,1,49.72,BUY
QQQ,2024-10-09T00:00:00.000000,1,49.72,BUY
QQQ,2024-10-10T00:00:00.000000,1,49.72,BUY
QQQ,2024-10-11T00:00:00.000000,1,49.72,BUY
QQQ,2024-10-14T00:00:00.000000,1,49.72,BUY
QQQ,2024-10-15T00:00:00.000000,1,49.72,BUY
QQQ,2024-10-16T00:00:00.000000,1,49.72,BUY
QQQ,2024-10-17T00:00:00.000000,1,49.72,BUY
QQQ,2024-10-18T00:00:00.000000,1,49.72,BUY
QQQ,2024-10-21T00:00:00.000000,1,49.72,BUY
QQQ,2024-10-22T00:00:00.000000,1,49.72,BUY
QQQ,2024-10-23T00:00:00.000000,1,49.72,BUY
QQQ,2024-10-24T00:00:00.000000,1,49.72,BUY
QQQ,2024-10-25T00:00:00.000000,1,49.72,BUY
QQQ,2024-10-28T00:00:00.000000,1,49.72,BUY
QQQ,2024-10-29T00:00:00.000000,1,49.72,BUY
QQQ,2024-10-30T00:00:00.000000,1,49.72,BUY
QQQ,2024-10-31T00:00:00.000000,1,49.72,BUY
QQQ,2024-11-01T00:00:00.000000,1,49.72,BUY
QQQ,2024-11-04T00:00:00.000000,1,49.72,BUY
QQQ,2024-11-05T00:00:00.000000,1,49.72,BUY
QQQ,2024-11-06T00:00:00.000000,1,49.72,BUY
QQQ,2024-11-07T00:00:00.000000,1,49.72,BUY
QQQ,2024-11-08T00:00:00.000000,1,49.72,BUY
QQQ,2024-11-11T00:00:00.000000,1,49.72,BUY
QQQ,2024-11-12T00:00:00.000000,1,48.51,BUY
QQQ,2024-11-13T00:00:00.000000,1,48.51,BUY
QQQ,2024-11-14T00:00:00.000000,0,48.51,SELL
QQQ,2024-11-15T00:00:00.000000,0,48.51,SELL
QQQ,2024-11-18T00:00:00.000000,0,48.51,SELL
QQQ,2024-11-19T00:00:00.000000,0,48.51,SELL
QQQ,2024-11-20T00:00:00.000000,0,48.51,SELL
QQQ,2024-11-21T00:00:00.000000,1,49.72,BUY
QQQ,2024-11-22T00:00:00.000000,1,49.72,BUY
QQQ,2024-11-25T00:00:00.000000,1,49.72,BUY
QQQ,2024-11-26T00:00:00.000000,1,49.72,BUY
QQQ,2024-11-27T00:00:00.000000,1,49.72,BUY
QQQ,2024-11-29T00:00:00.000000,1,49.72,BUY
QQQ,2024-12-02T00:00:00.000000,1,49.72,BUY
QQQ,2024-12-03T00:00:00.000000,1,49.72,BUY
QQQ,2024-12-04T00:00:00.000000,1,49.72,BUY
QQQ,2024-12-05T00:00:00.000000,1,49.72,BUY
QQQ,2024-12-06T00:00:00.000000,1,49.72,BUY
QQQ,2024-12-09T00:00:00.000000,1,50.83,BUY
QQQ,2024-12-10T00:00:00.000000,1,50.83,BUY
QQQ,2024-12-11T00:00:00.000000,1,50.83,BUY
QQQ,2024-12-12T00:00:00.000000,1,50.83,BUY
QQQ,2024-12-13T00:00:00.000000,1,50.83,BUY
QQQ,2024-12-16T00:00:00.000000,1,50.83,BUY
QQQ,2024-12-17T00:00:00.000000,1,50.83,BUY
QQQ,2024-12-18T00:00:00.000000,1,50.83,BUY
QQQ,2024-12-19T00:00:00.000000,1,50.83,BUY
QQQ,2024-12-20T00:00:00.000000,1,50.83,BUY
SLB,2023-02-21T00:00:00.000000,0,35.29,SELL
SLB,2023-02-22T00:00:00.000000,0,38.31,SELL
SLB,2023-02-23T00:00:00.000000,0,44.85,SELL
SLB,2023-02-24T00:00:00.000000,0,48.51,SELL
SLB,2023-02-27T00:00:00.000000,0,48.51,SELL
SLB,2023-02-28T00:00:00.000000,0,48.51,SELL
SLB,2023-03-01T00:00:00.000000,0,48.51,SELL
SLB,2023-03-02T00:00:00.000000,0,48.51,SELL
SLB,2023-03-03T00:00:00.000000,0,48.51,SELL
SLB,2023-03-06T00:00:00.000000,0,48.51,SELL
SLB,2023-03-07T00:00:00.000000,0,48.51,SELL
SLB,2023-03-08T00:00:00.000000,0,48.51,SELL
SLB,2023-03-09T00:00:00.000000,0,48.51,SELL
SLB,2023-03-10T00:00:00.000000,0,48.51,SELL
SLB,2023-03-13T00:00:00.000000,1,48.51,BUY
SLB,2023-03-14T00:00:00.000000,1,48.51,BUY
SLB,2023-03-15T00:00:00.000000,0,48.51,SELL
SLB,2023-03-16T00:00:00.000000,0,48.51,SELL
SLB,2023-03-17T00:00:00.000000,0,48.51,SELL
SLB,2023-03-20T00:00:00.000000,1,48.51,BUY
SLB,2023-03-21T00:00:00.000000,0,48.51,SELL
SLB,2023-03-22T00:00:00.000000,0,44.85,SELL
SLB,2023-03-23T00:00:00.000000,0,44.85,SELL
SLB,2023-03-24T00:00:00.000000,0,38.31,SELL
SLB,2023-03-27T00:00:00.000000,0,36.84,SELL
SLB,2023-03-28T00:00:00.000000,0,32.82,SELL
SLB,2023-03-29T00:00:00.000000,0,32.82,SELL
SLB,2023-03-30T00:00:00.000000,0,32.82,SELL
SLB,2023-03-31T00:00:00.000000,0,44.85,SELL
SLB,2023-04-03T00:00:00.000000,0,48.51,SELL
SLB,2023-04-04T00:00:00.000000,1,48.51,BUY
SLB,2023-04-05T00:00:00.000000,1,49.72,BUY
SLB,2023-04-06T00:00:00.000000,1,49.72,BUY
SLB,2023-04-10T00:00:00.000000,1,48.51,BUY
SLB,2023-04-11T00:00:00.000000,1,48.51,BUY
SLB,2023-04-12T00:00:00.000000,1,48.51,BUY
SLB,2023-04-13T00:00:00.000000,1,48.51,BUY
SLB,2023-04-14T00:00:00.000000,1,49.72,BUY
SLB,2023-04-17T00:00:00.000000,1,48.51,BUY
SLB,2023-04-18T00:00:00.000000,1,48.51,BUY
SLB,2023-04-19T00:00:00.000000,0,48.51,SELL
SLB,2023-04-20T00:00:00.000000,0,48.51,SELL
SLB,2023-04-21T00:00:00.000000,0,48.51,SELL
SLB,2023-04-24T00:00:00.000000,0,48.51,SELL
SLB,2023-04-25T00:00:00.000000,0,48.51,SELL
SLB,2023-04-26T00:00:00.000000,0,48.51,SELL
SLB,2023-04-27T00:00:00.000000,0,48.51,SELL
SLB,2023-04-28T00:00:00.000000,0,48.51,SELL
SLB,2023-05-01T00:00:00.000000,0,44.85,SELL
SLB,2023-05-02T00:00:00.000000,0,44.85,SELL
SLB,2023-05-03T00:00:00.000000,0,40.62,SELL
SLB,2023-05-04T00:00:00.000000,0,40.62,SELL
SLB,2023-05-05T00:00:00.000000,0,38.31,SELL
SLB,2023-05-08T00:00:00.000000,0,38.31,SELL
SLB,2023-05-09T00:00:00.000000,0,38.31,SELL
SLB,2023-05-10T00:00:00.000000,0,38.31,SELL
SLB,2023-05-11T00:00:00.000000,0,37.93,SELL
SLB,2023-05-12T00:00:00.000000,0,40.62,SELL
SLB,2023-05-15T00:00:00.000000,0,48.51,SELL
SLB,2023-05-16T00:00:00.000000,0,48.51,SELL
SLB,2023-05-17T00:00:00.000000,0,48.51,SELL
SLB,2023-05-18T00:00:00.000000,0,48.51,SELL
SLB,2023-05-19T00:00:00.000000,0,44.85,SELL
SLB,2023-05-22T00:00:00.000000,0,44.85,SELL
SLB,2023-05-23T00:00:00.000000,0,48.51,SELL
SLB,2023-05-24T00:00:00.000000,0,48.51,SELL
SLB,2023-05-25T00:00:00.000000,0,45.45,SELL
SLB,2023-05-26T00:00:00.000000,0,45.45,SELL
SLB,2023-05-30T00:00:00.000000,0,44.85,SELL
SLB,2023-05-31T00:00:00.000000,0,48.51,SELL
SLB,2023-06-01T00:00:00.000000,0,44.85,SELL
SLB,2023-06-02T00:00:00.000000,0,48.51,SELL
SLB,2023-06-05T00:00:00.000000,0,48.51,SELL
SLB,2023-06-06T00:00:00.000000,0,48.51,SELL
SLB,2023-06-07T00:00:00.000000,0,48.51,SELL
SLB,2023-06-08T00:00:00.000000,0,48.51,SELL
SLB,2023-06-09T00:00:00.000000,0,48.51,SELL
SLB,2023-06-12T00:00:00.000000,0,48.51,SELL
SLB,2023-06-13T00:00:00.000000,0,48.51,SELL
SLB,2023-06-14T00:00:00.000000,1,48.51,BUY
SLB,2023-06-15T00:00:00.000000,0,48.51,SELL
SLB,2023-06-16T00:00:00.000000,1,48.51,BUY
SLB,2023-06-20T00:00:00.000000,1,48.51,BUY
SLB,2023-06-21T00:00:00.000000,1,48.51,BUY
SLB,2023-06-22T00:00:00.000000,0,48.51,SELL
SLB,2023-06-23T00:00:00.000000,0,48.51,SELL
SLB,2023-06-26T00:00:00.000000,0,48.51,SELL
SLB,2023-06-27T00:00:00.000000,0,48.51,SELL
SLB,2023-06-28T00:00:00.000000,0,48.51,SELL
SLB,2023-06-29T00:00:00.000000,0,44.85,SELL
SLB,2023-06-30T00:00:00.000000,0,44.85,SELL
SLB,2023-07-03T00:00:00.000000,0,44.85,SELL
SLB,2023-07-05T00:00:00.000000,0,44.85,SELL
SLB,2023-07-06T00:00:00.000000,0,44.85,SELL
SLB,2023-07-07T00:00:00.000000,0,44.85,SELL
SLB,2023-07-10T00:00:00.000000,0,38.31,SELL
SLB,2023-07-11T00:00:00.000000,0,38.31,SELL
SLB,2023-07-12T00:00:00.000000,0,40.62,SELL
SLB,2023-07-13T00:00:00.000000,0,44.85,SELL
SLB,2023-07-14T00:00:00.000000,0,48.51,SELL
SLB,2023-07-17T00:00:00.000000,0,48.51,SELL
SLB,2023-07-18T00:00:00.000000,0,48.51,SELL
SLB,2023-07-19T00:00:00.000000,0,48.51,SELL
SLB,2023-07-20T00:00:00.000000,0,48.51,SELL
SLB,2023-07-21T00:00:00.000000,1,48.51,BUY
SLB,2023-07-24T00:00:00.000000,1,49.72,BUY
SLB,2023-07-25T00:00:00.000000,1,49.72,BUY
SLB,2023-07-26T00:00:00.000000,1,49.72,BUY
SLB,2023-07-27T00:00:00.000000,1,49.72,BUY
SLB,2023-07-28T00:00:00.000000,1,49.72,BUY
SLB,2023-07-31T00:00:00.000000,1,49.72,BUY
SLB,2023-08-01T00:00:00.000000,1,49.72,BUY
SLB,2023-08-02T00:00:00.000000,1,49.72,BUY
SLB,2023-08-03T00:00:00.000000,1,49.72,BUY
SLB,2023-08-04T00:00:00.000000,1,49.72,BUY
SLB,2023-08-07T00:00:00.000000,1,48.51,BUY
SLB,2023-08-08T00:00:00.000000,1,49.72,BUY
SLB,2023-08-09T00:00:00.000000,1,49.72,BUY
SLB,2023-08-10T00:00:00.000000,1,49.72,BUY
SLB,2023-08-11T00:00:00.000000,1,49.72,BUY
SLB,2023-08-14T00:00:00.000000,1,49.72,BUY
SLB,2023-08-15T00:00:00.000000,1,49.72,BUY
SLB,2023-08-16T00:00:00.000000,1,49.72,BUY
SLB,2023-08-17T00:00:00.000000,1,49.72,BUY
SLB,2023-08-18T00:00:00.000000,1,49.72,BUY
SLB,2023-08-21T00:00:00.000000,1,49.72,BUY
SLB,2023-08-22T00:00:00.000000,1,49.72,BUY
SLB,2023-08-23T00:00:00.000000,1,49.72,BUY
SLB,2023-08-24T00:00:00.000000,1,49.72,BUY
SLB,2023-08-25T00:00:00.000000,1,49.72,BUY
SLB,2023-08-28T00:00:00.000000,1,49.72,BUY
SLB,2023-08-29T00:00:00.000000,1,49.72,BUY
SLB,2023-08-30T00:00:00.000000,1,48.51,BUY
SLB,2023-08-31T00:00:00.000000,0,48.51,SELL
SLB,2023-09-01T00:00:00.000000,0,44.85,SELL
SLB,2023-09-05T00:00:00.000000,0,44.85,SELL
SLB,2023-09-06T00:00:00.000000,0,44.85,SELL
SLB,2023-09-07T00:00:00.000000,0,38.31,SELL
SLB,2023-09-08T00:00:00.000000,0,40.62,SELL
SLB,2023-09-11T00:00:00.000000,0,38.31,SELL
SLB,2023-09-12T00:00:00.000000,0,38.31,SELL
SLB,2023-09-13T00:00:00.000000,0,38.31,SELL
SLB,2023-09-14T00:00:00.000000,0,38.31,SELL
SLB,2023-09-15T00:00:00.000000,0,44.85,SELL
SLB,2023-09-18T00:00:00.000000,0,44.85,SELL
SLB,2023-09-19T00:00:00.000000,0,44.85,SELL
SLB,2023-09-20T00:00:00.000000,0,44.85,SELL
SLB,2023-09-21T00:00:00.000000,0,44.85,SELL
SLB,2023-09-22T00:00:00.000000,0,44.85,SELL
SLB,2023-09-25T00:00:00.000000,0,44.85,SELL
SLB,2023-09-26T00:00:00.000000,0,48.51,SELL
SLB,2023-09-27T00:00:00.000000,0,48.51,SELL
SLB,2023-09-28T00:00:00.000000,0,48.51,SELL
SLB,2023-09-29T00:00:00.000000,1,49.72,BUY
SLB,2023-10-02T00:00:00.000000,1,50.83,BUY
SLB,2023-10-03T00:00:00.000000,1,50.83,BUY
SLB,2023-10-04T00:00:00.000000,1,50.83,BUY
SLB,2023-10-05T00:00:00.000000,1,50.83,BUY
SLB,2023-10-06T00:00:00.000000,1,50.83,BUY
SLB,2023-10-09T00:00:00.000000,1,49.72,BUY
SLB,2023-10-10T00:00:00.000000,1,49.72,BUY
SLB,2023-10-11T00:00:00.000000,1,49.72,BUY
SLB,2023-10-12T00:00:00.000000,0,48.51,SELL
SLB,2023-10-13T00:00:00.000000,0,48.51,SELL
SLB,2023-10-16T00:00:00.000000,0,44.85,SELL
SLB,2023-10-17T00:00:00.000000,0,44.85,SELL
SLB,2023-10-18T00:00:00.000000,0,44.85,SELL
SLB,2023-10-19T00:00:00.000000,0,48.51,SELL
SLB,2023-10-20T00:00:00.000000,0,48.51,SELL
SLB,2023-10-23T00:00:00.000000,0,48.51,SELL
SLB,2023-10-24T00:00:00.000000,0,48.51,SELL
SLB,2023-10-25T00:00:00.000000,1,49.72,BUY
SLB,2023-10-26T00:00:00.000000,1,49.72,BUY
SLB,2023-10-27T00:00:00.000000,1,49.72,BUY
SLB,2023-10-30T00:00:00.000000,1,48.51,BUY
SLB,2023-10-31T00:00:00.000000,1,49.72,BUY
SLB,2023-11-01T00:00:00.000000,1,49.72,BUY
SLB,2023-11-02T00:00:00.000000,1,49.72,BUY
SLB,2023-11-03T00:00:00.000000,1,49.72,BUY
SLB,2023-11-06T00:00:00.000000,1,49.72,BUY
SLB,2023-11-07T00:00:00.000000,1,48.51,BUY
SLB,2023-11-08T00:00:00.000000,0,48.51,SELL
SLB,2023-11-09T00:00:00.000000,0,48.51,SELL
SLB,2023-11-10T00:00:00.000000,0,44.85,SELL
SLB,2023-11-13T00:00:00.000000,0,38.31,SELL
SLB,2023-11-14T00:00:00.000000,0,37.93,SELL
SLB,2023-11-15T00:00:00.000000,0,32.82,SELL
SLB,2023-11-16T00:00:00.000000,0,32.82,SELL
SLB,2023-11-17T00:00:00.000000,0,32.82,SELL
SLB,2023-11-20T00:00:00.000000,0,7.69,SELL
SLB,2023-11-21T00:00:00.000000,0,7.69,SELL
SLB,2023-11-22T00:00:00.000000,0,7.69,SELL
SLB,2023-11-24T00:00:00.000000,0,7.69,SELL
SLB,2023-11-27T00:00:00.000000,0,7.69,SELL
SLB,2023-11-28T00:00:00.000000,0,32.82,SELL
SLB,2023-11-29T00:00:00.000000,0,32.82,SELL
SLB,2023-11-30T00:00:00.000000,0,32.82,SELL
SLB,2023-12-01T00:00:00.000000,0,32.82,SELL
SLB,2023-12-04T00:00:00.000000,0,32.82,SELL
SLB,2023-12-05T00:00:00.000000,0,32.82,SELL
SLB,2023-12-06T00:00:00.000000,0,32.82,SELL
SLB,2023-12-07T00:00:00.000000,0,32.82,SELL
SLB,2023-12-08T00:00:00.000000,0,38.1,SELL
SLB,2023-12-11T00:00:00.000000,0,36.84,SELL
SLB,2023-12-12T00:00:00.000000,0,37.5,SELL
SLB,2023-12-13T00:00:00.000000,0,32.82,SELL
SLB,2023-12-14T00:00:00.000000,0,32.82,SELL
SLB,2023-12-15T00:00:00.000000,0,32.82,SELL
SLB,2023-12-18T00:00:00.000000,0,32.82,SELL
SLB,2023-12-19T00:00:00.000000,0,32.82,SELL
SLB,2023-12-20T00:00:00.000000,0,32.82,SELL
SLB,2023-12-21T00:00:00.000000,0,38.1,SELL
SLB,2023-12-22T00:00:00.000000,0,38.31,SELL
SLB,2023-12-26T00:00:00.000000,0,44.85,SELL
SLB,2023-12-27T00:00:00.000000,0,48.51,SELL
SLB,2023-12-28T00:00:00.000000,0,48.51,SELL
SLB,2023-12-29T00:00:00.000000,0,48.51,SELL
SLB,2024-01-02T00:00:00.000000,0,48.51,SELL
SLB,2024-01-03T00:00:00.000000,0,48.51,SELL
SLB,2024-01-04T00:00:00.000000,0,48.51,SELL
SLB,2024-01-05T00:00:00.000000,0,48.51,SELL
SLB,2024-01-08T00:00:00.000000,0,48.51,SELL
SLB,2024-01-09T00:00:00.000000,0,48.51,SELL
SLB,2024-01-10T00:00:00.000000,0,48.51,SELL
SLB,2024-01-11T00:00:00.000000,0,48.51,SELL
SLB,2024-01-12T00:00:00.000000,0,48.51,SELL
SLB,2024-01-16T00:00:00.000000,0,40.62,SELL
SLB,2024-01-17T00:00:00.000000,0,38.31,SELL
SLB,2024-01-18T00:00:00.000000,0,38.31,SELL
SLB,2024-01-19T00:00:00.000000,0,36.84,SELL
SLB,2024-01-22T00:00:00.000000,0,32.82,SELL
SLB,2024-01-23T00:00:00.000000,0,7.69,SELL
SLB,2024-01-24T00:00:00.000000,0,7.69,SELL
SLB,2024-01-25T00:00:00.000000,0,24.41,SELL
SLB,2024-01-26T00:00:00.000000,0,32.82,SELL
SLB,2024-01-29T00:00:00.000000,0,37.93,SELL
SLB,2024-01-30T00:00:00.000000,0,38.31,SELL
SLB,2024-01-31T00:00:00.000000,0,38.31,SELL
SLB,2024-02-01T00:00:00.000000,0,38.31,SELL
SLB,2024-02-02T00:00:00.000000,0,44.85,SELL
SLB,2024-02-05T00:00:00.000000,0,44.85,SELL
SLB,2024-02-06T00:00:00.000000,0,48.51,SELL
SLB,2024-02-07T00:00:00.000000,0,48.51,SELL
SLB,2024-02-08T00:00:00.000000,0,48.51,SELL
SLB,2024-02-09T00:00:00.000000,1,48.51,BUY
SLB,2024-02-12T00:00:00.000000,1,48.51,BUY
SLB,2024-02-13T00:00:00.000000,1,48.51,BUY
SLB,2024-02-14T00:00:00.000000,0,48.51,SELL
SLB,2024-02-15T00:00:00.000000,0,48.51,SELL
SLB,2024-02-16T00:00:00.000000,0,48.51,SELL
SLB,2024-02-20T00:00:00.000000,0,48.51,SELL
SLB,2024-02-21T00:00:00.000000,0,48.51,SELL
SLB,2024-02-22T00:00:00.000000,0,48.51,SELL
SLB,2024-02-23T00:00:00.000000,0,48.51,SELL
SLB,2024-02-26T00:00:00.000000,0,48.51,SELL
SLB,2024-02-27T00:00:00.000000,0,48.51,SELL
SLB,2024-02-28T00:00:00.000000,0,48.51,SELL
SLB,2024-02-29T00:00:00.000000,0,48.51,SELL
SLB,2024-03-01T00:00:00.000000,0,48.51,SELL
SLB,2024-03-04T00:00:00.000000,0,48.51,SELL
SLB,2024-03-05T00:00:00.000000,0,48.51,SELL
SLB,2024-03-06T00:00:00.000000,0,48.51,SELL
SLB,2024-03-07T00:00:00.000000,0,48.51,SELL
SLB,2024-03-08T00:00:00.000000,0,48.51,SELL
SLB,2024-03-11T00:00:00.000000,0,48.51,SELL
SLB,2024-03-12T00:00:00.000000,0,44.85,SELL
SLB,2024-03-13T00:00:00.000000,0,38.31,SELL
SLB,2024-03-14T00:00:00.000000,0,38.31,SELL
SLB,2024-03-15T00:00:00.000000,0,38.31,SELL
SLB,2024-03-18T00:00:00.000000,0,38.31,SELL
SLB,2024-03-19T00:00:00.000000,0,38.31,SELL
SLB,2024-03-20T00:00:00.000000,0,38.31,SELL
SLB,2024-03-21T00:00:00.000000,0,38.1,SELL
SLB,2024-03-22T00:00:00.000000,0,36.84,SELL
SLB,2024-03-25T00:00:00.000000,0,32.82,SELL
SLB,2024-03-26T00:00:00.000000,0,36.84,SELL
SLB,2024-03-27T00:00:00.000000,0,37.5,SELL
SLB,2024-03-28T00:00:00.000000,0,38.1,SELL
SLB,2024-04-01T00:00:00.000000,0,37.5,SELL
SLB,2024-04-02T00:00:00.000000,0,32.82,SELL
SLB,2024-04-03T00:00:00.000000,0,32.82,SELL
SLB,2024-04-04T00:00:00.000000,0,37.93,SELL
SLB,2024-04-05T00:00:00.000000,0,38.31,SELL
SLB,2024-04-08T00:00:00.000000,0,38.31,SELL
SLB,2024-04-09T00:00:00.000000,0,38.31,SELL
SLB,2024-04-10T00:00:00.000000,0,38.31,SELL
SLB,2024-04-11T00:00:00.000000,0,38.31,SELL
SLB,2024-04-12T00:00:00.000000,0,44.85,SELL
SLB,2024-04-15T00:00:00.000000,0,44.85,SELL
SLB,2024-04-16T00:00:00.000000,0,48.51,SELL
SLB,2024-04-17T00:00:00.000000,0,48.51,SELL
SLB,2024-04-18T00:00:00.000000,0,48.51,SELL
SLB,2024-04-19T00:00:00.000000,0,48.51,SELL
SLB,2024-04-22T00:00:00.000000,0,48.51,SELL
SLB,2024-04-23T00:00:00.000000,0,48.51,SELL
SLB,2024-04-24T00:00:00.000000,0,48.51,SELL
SLB,2024-04-25T00:00:00.000000,0,48.51,SELL
SLB,2024-04-26T00:00:00.000000,0,48.51,SELL
SLB,2024-04-29T00:00:00.000000,0,44.85,SELL
SLB,2024-04-30T00:00:00.000000,0,38.31,SELL
SLB,2024-05-01T00:00:00.000000,0,38.31,SELL
SLB,2024-05-02T00:00:00.000000,0,32.82,SELL
SLB,2024-05-03T00:00:00.000000,0,32.82,SELL
SLB,2024-05-06T00:00:00.000000,0,20.57,SELL
SLB,2024-05-07T00:00:00.000000,0,7.69,SELL
SLB,2024-05-08T00:00:00.000000,0,20.86,SELL
SLB,2024-05-09T00:00:00.000000,0,12.72,SELL
SLB,2024-05-10T00:00:00.000000,0,32.82,SELL
SLB,2024-05-13T00:00:00.000000,0,15.32,SELL
SLB,2024-05-14T00:00:00.000000,0,32.82,SELL
SLB,2024-05-15T00:00:00.000000,0,16.41,SELL
SLB,2024-05-16T00:00:00.000000,0,7.69,SELL
SLB,2024-05-17T00:00:00.000000,0,22.09,SELL
SLB,2024-05-20T00:00:00.000000,0,32.82,SELL
SLB,2024-05-21T00:00:00.000000,0,32.82,SELL
SLB,2024-05-22T00:00:00.000000,0,32.82,SELL
SLB,2024-05-23T00:00:00.000000,0,32.82,SELL
SLB,2024-05-24T00:00:00.000000,0,32.82,SELL
SLB,2024-05-28T00:00:00.000000,0,32.82,SELL
SLB,2024-05-29T00:00:00.000000,0,32.82,SELL
SLB,2024-05-30T00:00:00.000000,0,36.84,SELL
SLB,2024-05-31T00:00:00.000000,0,38.31,SELL
SLB,2024-06-03T00:00:00.000000,0,38.31,SELL
SLB,2024-06-04T00:00:00.000000,0,40.62,SELL
SLB,2024-06-05T00:00:00.000000,0,44.85,SELL
SLB,2024-06-06T00:00:00.000000,0,38.31,SELL
SLB,2024-06-07T00:00:00.000000,0,38.1,SELL
SLB,2024-06-10T00:00:00.000000,0,32.82,SELL
SLB,2024-06-11T00:00:00.000000,0,32.82,SELL
SLB,2024-06-12T00:00:00.000000,0,32.82,SELL
SLB,2024-06-13T00:00:00.000000,0,32.82,SELL
SLB,2024-06-14T00:00:00.000000,0,32.82,SELL
SLB,2024-06-17T00:00:00.000000,0,32.82,SELL
SLB,2024-06-18T00:00:00.000000,0,32.82,SELL
SLB,2024-06-20T00:00:00.000000,0,32.82,SELL
SLB,2024-06-21T00:00:00.000000,0,36.84,SELL
SLB,2024-06-24T00:00:00.000000,0,38.31,SELL
SLB,2024-06-25T00:00:00.000000,0,48.51,SELL
SLB,2024-06-26T00:00:00.000000,0,48.51,SELL
SLB,2024-06-27T00:00:00.000000,0,48.51,SELL
SLB,2024-06-28T00:00:00.000000,0,48.51,SELL
SLB,2024-07-01T00:00:00.000000,1,48.51,BUY
SLB,2024-07-02T00:00:00.000000,1,48.51,BUY
SLB,2024-07-03T00:00:00.000000,1,49.72,BUY
SLB,2024-07-05T00:00:00.000000,1,49.72,BUY
SLB,2024-07-08T00:00:00.000000,1,49.72,BUY
SLB,2024-07-09T00:00:00.000000,1,49.72,BUY
SLB,2024-07-10T00:00:00.000000,1,49.72,BUY
SLB,2024-07-11T00:00:00.000000,1,49.72,BUY
SLB,2024-07-12T00:00:00.000000,1,49.72,BUY
SLB,2024-07-15T00:00:00.000000,1,48.51,BUY
SLB,2024-07-16T00:00:00.000000,0,48.51,SELL
SLB,2024-07-17T00:00:00.000000,0,48.51,SELL
SLB,2024-07-18T00:00:00.000000,0,48.51,SELL
SLB,2024-07-19T00:00:00.000000,0,48.51,SELL
SLB,2024-07-22T00:00:00.000000,0,48.51,SELL
SLB,2024-07-23T00:00:00.000000,0,44.85,SELL
SLB,2024-07-24T00:00:00.000000,0,44.85,SELL
SLB,2024-07-25T00:00:00.000000,0,45.45,SELL
SLB,2024-07-26T00:00:00.000000,0,48.51,SELL
SLB,2024-07-29T00:00:00.000000,0,48.51,SELL
SLB,2024-07-30T00:00:00.000000,0,48.51,SELL
SLB,2024-07-31T00:00:00.000000,1,48.51,BUY
SLB,2024-08-01T00:00:00.000000,1,49.72,BUY
SLB,2024-08-02T00:00:00.000000,1,48.51,BUY
SLB,2024-08-05T00:00:00.000000,1,48.51,BUY
SLB,2024-08-06T00:00:00.000000,1,48.51,BUY
SLB,2024-08-07T00:00:00.000000,1,48.51,BUY
SLB,2024-08-08T00:00:00.000000,0,48.51,SELL
SLB,2024-08-09T00:00:00.000000,0,48.51,SELL
SLB,2024-08-12T00:00:00.000000,0,48.51,SELL
SLB,2024-08-13T00:00:00.000000,0,48.51,SELL
SLB,2024-08-14T00:00:00.000000,0,48.51,SELL
SLB,2024-08-15T00:00:00.000000,0,48.51,SELL
SLB,2024-08-16T00:00:00.000000,0,48.51,SELL
SLB,2024-08-19T00:00:00.000000,0,44.85,SELL
SLB,2024-08-20T00:00:00.000000,0,38.31,SELL
SLB,2024-08-21T00:00:00.000000,0,38.1,SELL
SLB,2024-08-22T00:00:00.000000,0,32.82,SELL
SLB,2024-08-23T00:00:00.000000,0,35.29,SELL
SLB,2024-08-26T00:00:00.000000,0,32.82,SELL
SLB,2024-08-27T00:00:00.000000,0,32.82,SELL
SLB,2024-08-28T00:00:00.000000,0,32.82,SELL
SLB,2024-08-29T00:00:00.000000,0,32.82,SELL
SLB,2024-08-30T00:00:00.000000,0,37.93,SELL
SLB,2024-09-03T00:00:00.000000,0,37.5,SELL
SLB,2024-09-04T00:00:00.000000,0,38.31,SELL
SLB,2024-09-05T00:00:00.000000,0,38.1,SELL
SLB,2024-09-06T00:00:00.000000,0,38.31,SELL
SLB,2024-09-09T00:00:00.000000,0,38.31,SELL
SLB,2024-09-10T00:00:00.000000,0,38.31,SELL
SLB,2024-09-11T00:00:00.000000,0,38.31,SELL
SLB,2024-09-12T00:00:00.000000,0,38.31,SELL
SLB,2024-09-13T00:00:00.000000,0,38.1,SELL
SLB,2024-09-16T00:00:00.000000,0,38.31,SELL
SLB,2024-09-17T00:00:00.000000,0,44.85,SELL
SLB,2024-09-18T00:00:00.000000,0,38.31,SELL
SLB,2024-09-19T00:00:00.000000,0,38.31,SELL
SLB,2024-09-20T00:00:00.000000,0,38.31,SELL
SLB,2024-09-23T00:00:00.000000,0,38.31,SELL
SLB,2024-09-24T00:00:00.000000,0,38.31,SELL
SLB,2024-09-25T00:00:00.000000,0,38.31,SELL
SLB,2024-09-26T00:00:00.000000,0,44.85,SELL
SLB,2024-09-27T00:00:00.000000,0,48.51,SELL
SLB,2024-09-30T00:00:00.000000,0,48.51,SELL
SLB,2024-10-01T00:00:00.000000,0,48.51,SELL
SLB,2024-10-02T00:00:00.000000,0,48.51,SELL
SLB,2024-10-03T00:00:00.000000,0,48.51,SELL
SLB,2024-10-04T00:00:00.000000,0,48.51,SELL
SLB,2024-10-07T00:00:00.000000,0,48.51,SELL
SLB,2024-10-08T00:00:00.000000,0,48.51,SELL
SLB,2024-10-09T00:00:00.000000,0,48.51,SELL
SLB,2024-10-10T00:00:00.000000,0,48.51,SELL
SLB,2024-10-11T00:00:00.000000,0,48.51,SELL
SLB,2024-10-14T00:00:00.000000,0,48.51,SELL
SLB,2024-10-15T00:00:00.000000,0,48.51,SELL
SLB,2024-10-16T00:00:00.000000,0,48.51,SELL
SLB,2024-10-17T00:00:00.000000,0,48.51,SELL
SLB,2024-10-18T00:00:00.000000,0,48.51,SELL
SLB,2024-10-21T00:00:00.000000,0,48.51,SELL
SLB,2024-10-22T00:00:00.000000,0,48.51,SELL
SLB,2024-10-23T00:00:00.000000,0,48.51,SELL
SLB,2024-10-24T00:00:00.000000,0,48.51,SELL
SLB,2024-10-25T00:00:00.000000,0,48.51,SELL
SLB,2024-10-28T00:00:00.000000,0,48.51,SELL
SLB,2024-10-29T00:00:00.000000,0,48.51,SELL
SLB,2024-10-30T00:00:00.000000,0,44.85,SELL
SLB,2024-10-31T00:00:00.000000,0,38.31,SELL
SLB,2024-11-01T00:00:00.000000,0,38.31,SELL
SLB,2024-11-04T00:00:00.000000,0,38.31,SELL
SLB,2024-11-05T00:00:00.000000,0,38.31,SELL
SLB,2024-11-06T00:00:00.000000,0,38.31,SELL
SLB,2024-11-07T00:00:00.000000,0,44.85,SELL
SLB,2024-11-08T00:00:00.000000,0,44.85,SELL
SLB,2024-11-11T00:00:00.000000,0,44.85,SELL
SLB,2024-11-12T00:00:00.000000,0,48.51,SELL
SLB,2024-11-13T00:00:00.000000,0,45.45,SELL
SLB,2024-11-14T00:00:00.000000,0,44.85,SELL
SLB,2024-11-15T00:00:00.000000,0,38.31,SELL
SLB,2024-11-18T00:00:00.000000,0,38.31,SELL
SLB,2024-11-19T00:00:00.000000,0,38.31,SELL
SLB,2024-11-20T00:00:00.000000,0,38.31,SELL
SLB,2024-11-21T00:00:00.000000,0,38.31,SELL
SLB,2024-11-22T00:00:00.000000,0,38.31,SELL
SLB,2024-11-25T00:00:00.000000,0,38.31,SELL
SLB,2024-11-26T00:00:00.000000,0,38.31,SELL
SLB,2024-11-27T00:00:00.000000,0,38.31,SELL
SLB,2024-11-29T00:00:00.000000,0,40.62,SELL
SLB,2024-12-02T00:00:00.000000,0,44.85,SELL
SLB,2024-12-03T00:00:00.000000,0,38.31,SELL
SLB,2024-12-04T00:00:00.000000,0,38.31,SELL
SLB,2024-12-05T00:00:00.000000,0,38.31,SELL
SLB,2024-12-06T00:00:00.000000,0,44.85,SELL
SLB,2024-12-09T00:00:00.000000,0,44.85,SELL
SLB,2024-12-10T00:00:00.000000,0,38.31,SELL
SLB,2024-12-11T00:00:00.000000,0,38.31,SELL
SLB,2024-12-12T00:00:00.000000,0,38.31,SELL
SLB,2024-12-13T00:00:00.000000,0,36.84,SELL
SLB,2024-12-16T00:00:00.000000,0,38.1,SELL
SLB,2024-12-17T00:00:00.000000,0,38.31,SELL
SLB,2024-12-18T00:00:00.000000,0,38.31,SELL
SLB,2024-12-19T00:00:00.000000,0,40.62,SELL
SLB,2024-12-20T00:00:00.000000,0,44.85,SELL
SNAP,2023-02-21T00:00:00.000000,1,49.72,BUY
SNAP,2023-02-22T00:00:00.000000,1,49.72,BUY
SNAP,2023-02-23T00:00:00.000000,1,49.72,BUY
SNAP,2023-02-24T00:00:00.000000,1,48.51,BUY
SNAP,2023-02-27T00:00:00.000000,0,48.51,SELL
SNAP,2023-02-28T00:00:00.000000,0,48.51,SELL
SNAP,2023-03-01T00:00:00.000000,0,48.51,SELL
SNAP,2023-03-02T00:00:00.000000,0,44.85,SELL
SNAP,2023-03-03T00:00:00.000000,0,44.85,SELL
SNAP,2023-03-06T00:00:00.000000,0,40.62,SELL
SNAP,2023-03-07T00:00:00.000000,0,44.85,SELL
SNAP,2023-03-08T00:00:00.000000,0,44.85,SELL
SNAP,2023-03-09T00:00:00.000000,0,48.51,SELL
SNAP,2023-03-10T00:00:00.000000,1,48.51,BUY
SNAP,2023-03-13T00:00:00.000000,1,49.72,BUY
SNAP,2023-03-14T00:00:00.000000,1,49.72,BUY
SNAP,2023-03-15T00:00:00.000000,1,49.72,BUY
SNAP,2023-03-16T00:00:00.000000,1,48.51,BUY
SNAP,2023-03-17T00:00:00.000000,1,49.72,BUY
SNAP,2023-03-20T00:00:00.000000,1,49.72,BUY
SNAP,2023-03-21T00:00:00.000000,1,49.72,BUY
SNAP,2023-03-22T00:00:00.000000,0,48.51,SELL
SNAP,2023-03-23T00:00:00.000000,0,48.51,SELL
SNAP,2023-03-24T00:00:00.000000,0,44.85,SELL
SNAP,2023-03-27T00:00:00.000000,0,38.31,SELL
SNAP,2023-03-28T00:00:00.000000,0,38.31,SELL
SNAP,2023-03-29T00:00:00.000000,0,40.62,SELL
SNAP,2023-03-30T00:00:00.000000,0,48.51,SELL
SNAP,2023-03-31T00:00:00.000000,0,48.51,SELL
SNAP,2023-04-03T00:00:00.000000,0,48.51,SELL
SNAP,2023-04-04T00:00:00.000000,0,48.51,SELL
SNAP,2023-04-05T00:00:00.000000,0,48.51,SELL
SNAP,2023-04-06T00:00:00.000000,0,44.85,SELL
SNAP,2023-04-10T00:00:00.000000,0,38.31,SELL
SNAP,2023-04-11T00:00:00.000000,0,38.31,SELL
SNAP,2023-04-12T00:00:00.000000,0,36.84,SELL
SNAP,2023-04-13T00:00:00.000000,0,32.82,SELL
SNAP,2023-04-14T00:00:00.000000,0,32.82,SELL
SNAP,2023-04-17T00:00:00.000000,0,32.82,SELL
SNAP,2023-04-18T00:00:00.000000,0,32.82,SELL
SNAP,2023-04-19T00:00:00.000000,0,32.82,SELL
SNAP,2023-04-20T00:00:00.000000,0,32.82,SELL
SNAP,2023-04-21T00:00:00.000000,0,32.82,SELL
SNAP,2023-04-24T00:00:00.000000,0,32.82,SELL
SNAP,2023-04-25T00:00:00.000000,0,35.29,SELL
SNAP,2023-04-26T00:00:00.000000,0,37.93,SELL
SNAP,2023-04-27T00:00:00.000000,0,38.31,SELL
SNAP,2023-04-28T00:00:00.000000,0,38.31,SELL
SNAP,2023-05-01T00:00:00.000000,0,38.31,SELL
SNAP,2023-05-02T00:00:00.000000,0,38.31,SELL
SNAP,2023-05-03T00:00:00.000000,0,38.31,SELL
SNAP,2023-05-04T00:00:00.000000,0,38.1,SELL
SNAP,2023-05-05T00:00:00.000000,0,38.31,SELL
SNAP,2023-05-08T00:00:00.000000,0,38.31,SELL
SNAP,2023-05-09T00:00:00.000000,0,45.45,SELL
SNAP,2023-05-10T00:00:00.000000,0,48.51,SELL
SNAP,2023-05-11T00:00:00.000000,0,44.85,SELL
SNAP,2023-05-12T00:00:00.000000,0,45.45,SELL
SNAP,2023-05-15T00:00:00.000000,0,38.31,SELL
SNAP,2023-05-16T00:00:00.000000,0,38.31,SELL
SNAP,2023-05-17T00:00:00.000000,0,38.31,SELL
SNAP,2023-05-18T00:00:00.000000,0,38.31,SELL
SNAP,2023-05-19T00:00:00.000000,0,44.85,SELL
SNAP,2023-05-22T00:00:00.000000,0,48.51,SELL
SNAP,2023-05-23T00:00:00.000000,1,49.72,BUY
SNAP,2023-05-24T00:00:00.000000,1,49.72,BUY
SNAP,2023-05-25T00:00:00.000000,1,49.72,BUY
SNAP,2023-05-26T00:00:00.000000,1,50.83,BUY
SNAP,2023-05-30T00:00:00.000000,1,50.83,BUY
SNAP,2023-05-31T00:00:00.000000,1,50.83,BUY
SNAP,2023-06-01T00:00:00.000000,1,50.83,BUY
SNAP,2023-06-02T00:00:00.000000,1,50.83,BUY
SNAP,2023-06-05T00:00:00.000000,1,50.83,BUY
SNAP,2023-06-06T00:00:00.000000,1,50.83,BUY
SNAP,2023-06-07T00:00:00.000000,1,50.83,BUY
SNAP,2023-06-08T00:00:00.000000,1,50.83,BUY
SNAP,2023-06-09T00:00:00.000000,1,50.83,BUY
SNAP,2023-06-12T00:00:00.000000,1,50.83,BUY
SNAP,2023-06-13T00:00:00.000000,1,50.83,BUY
SNAP,2023-06-14T00:00:00.000000,1,50.83,BUY
SNAP,2023-06-15T00:00:00.000000,1,49.72,BUY
SNAP,2023-06-16T00:00:00.000000,1,49.72,BUY
SNAP,2023-06-20T00:00:00.000000,1,49.72,BUY
SNAP,2023-06-21T00:00:00.000000,1,48.51,BUY
SNAP,2023-06-22T00:00:00.000000,0,48.51,SELL
SNAP,2023-06-23T00:00:00.000000,0,48.51,SELL
SNAP,2023-06-26T00:00:00.000000,0,44.85,SELL
SNAP,2023-06-27T00:00:00.000000,0,38.31,SELL
SNAP,2023-06-28T00:00:00.000000,0,38.31,SELL
SNAP,2023-06-29T00:00:00.000000,0,38.31,SELL
SNAP,2023-06-30T00:00:00.000000,0,44.85,SELL
SNAP,2023-07-03T00:00:00.000000,0,48.51,SELL
SNAP,2023-07-05T00:00:00.000000,0,48.51,SELL
SNAP,2023-07-06T00:00:00.000000,0,48.51,SELL
SNAP,2023-07-07T00:00:00.000000,0,48.51,SELL
SNAP,2023-07-10T00:00:00.000000,0,48.51,SELL
SNAP,2023-07-11T00:00:00.000000,0,48.51,SELL
SNAP,2023-07-12T00:00:00.000000,0,48.51,SELL
SNAP,2023-07-13T00:00:00.000000,0,48.51,SELL
SNAP,2023-07-14T00:00:00.000000,0,44.85,SELL
SNAP,2023-07-17T00:00:00.000000,0,44.85,SELL
SNAP,2023-07-18T00:00:00.000000,0,44.85,SELL
SNAP,2023-07-19T00:00:00.000000,0,48.51,SELL
SNAP,2023-07-20T00:00:00.000000,0,44.85,SELL
SNAP,2023-07-21T00:00:00.000000,0,44.85,SELL
SNAP,2023-07-24T00:00:00.000000,0,38.31,SELL
SNAP,2023-07-25T00:00:00.000000,0,38.31,SELL
SNAP,2023-07-26T00:00:00.000000,0,38.31,SELL
SNAP,2023-07-27T00:00:00.000000,0,38.31,SELL
SNAP,2023-07-28T00:00:00.000000,0,38.31,SELL
SNAP,2023-07-31T00:00:00.000000,0,38.31,SELL
SNAP,2023-08-01T00:00:00.000000,0,38.31,SELL
SNAP,2023-08-02T00:00:00.000000,0,38.31,SELL
SNAP,2023-08-03T00:00:00.000000,0,37.93,SELL
SNAP,2023-08-04T00:00:00.000000,0,32.82,SELL
SNAP,2023-08-07T00:00:00.000000,0,32.82,SELL
SNAP,2023-08-08T00:00:00.000000,0,32.82,SELL
SNAP,2023-08-09T00:00:00.000000,0,32.82,SELL
SNAP,2023-08-10T00:00:00.000000,0,32.82,SELL
SNAP,2023-08-11T00:00:00.000000,0,25.81,SELL
SNAP,2023-08-14T00:00:00.000000,0,32.82,SELL
SNAP,2023-08-15T00:00:00.000000,0,38.31,SELL
SNAP,2023-08-16T00:00:00.000000,0,48.51,SELL
SNAP,2023-08-17T00:00:00.000000,0,48.51,SELL
SNAP,2023-08-18T00:00:00.000000,0,48.51,SELL
SNAP,2023-08-21T00:00:00.000000,0,44.85,SELL
SNAP,2023-08-22T00:00:00.000000,0,44.85,SELL
SNAP,2023-08-23T00:00:00.000000,0,48.51,SELL
SNAP,2023-08-24T00:00:00.000000,0,48.51,SELL
SNAP,2023-08-25T00:00:00.000000,0,48.51,SELL
SNAP,2023-08-28T00:00:00.000000,0,48.51,SELL
SNAP,2023-08-29T00:00:00.000000,1,48.51,BUY
SNAP,2023-08-30T00:00:00.000000,0,48.51,SELL
SNAP,2023-08-31T00:00:00.000000,0,48.51,SELL
SNAP,2023-09-01T00:00:00.000000,0,48.51,SELL
SNAP,2023-09-05T00:00:00.000000,1,48.51,BUY
SNAP,2023-09-06T00:00:00.000000,1,49.72,BUY
SNAP,2023-09-07T00:00:00.000000,1,48.51,BUY
SNAP,2023-09-08T00:00:00.000000,1,48.51,BUY
SNAP,2023-09-11T00:00:00.000000,0,48.51,SELL
SNAP,2023-09-12T00:00:00.000000,0,48.51,SELL
SNAP,2023-09-13T00:00:00.000000,0,48.51,SELL
SNAP,2023-09-14T00:00:00.000000,0,48.51,SELL
SNAP,2023-09-15T00:00:00.000000,0,48.51,SELL
SNAP,2023-09-18T00:00:00.000000,0,48.51,SELL
SNAP,2023-09-19T00:00:00.000000,0,48.51,SELL
SNAP,2023-09-20T00:00:00.000000,0,48.51,SELL
SNAP,2023-09-21T00:00:00.000000,0,44.85,SELL
SNAP,2023-09-22T00:00:00.000000,0,44.85,SELL
SNAP,2023-09-25T00:00:00.000000,0,38.31,SELL
SNAP,2023-09-26T00:00:00.000000,0,40.62,SELL
SNAP,2023-09-27T00:00:00.000000,0,48.51,SELL
SNAP,2023-09-28T00:00:00.000000,0,48.51,SELL
SNAP,2023-09-29T00:00:00.000000,0,48.51,SELL
SNAP,2023-10-02T00:00:00.000000,1,48.51,BUY
SNAP,2023-10-03T00:00:00.000000,1,48.51,BUY
SNAP,2023-10-04T00:00:00.000000,1,49.72,BUY
SNAP,2023-10-05T00:00:00.000000,1,49.72,BUY
SNAP,2023-10-06T00:00:00.000000,1,49.72,BUY
SNAP,2023-10-09T00:00:00.000000,1,49.72,BUY
SNAP,2023-10-10T00:00:00.000000,1,49.72,BUY
SNAP,2023-10-11T00:00:00.000000,1,48.51,BUY
SNAP,2023-10-12T00:00:00.000000,1,48.51,BUY
SNAP,2023-10-13T00:00:00.000000,1,48.51,BUY
SNAP,2023-10-16T00:00:00.000000,1,49.72,BUY
SNAP,2023-10-17T00:00:00.000000,1,49.72,BUY
SNAP,2023-10-18T00:00:00.000000,0,48.51,SELL
SNAP,2023-10-19T00:00:00.000000,1,48.51,BUY
SNAP,2023-10-20T00:00:00.000000,1,49.72,BUY
SNAP,2023-10-23T00:00:00.000000,1,49.72,BUY
SNAP,2023-10-24T00:00:00.000000,1,49.72,BUY
SNAP,2023-10-25T00:00:00.000000,1,50.83,BUY
SNAP,2023-10-26T00:00:00.000000,1,50.83,BUY
SNAP,2023-10-27T00:00:00.000000,1,50.83,BUY
SNAP,2023-10-30T00:00:00.000000,1,50.83,BUY
SNAP,2023-10-31T00:00:00.000000,1,50.83,BUY
SNAP,2023-11-01T00:00:00.000000,1,50.83,BUY
SNAP,2023-11-02T00:00:00.000000,1,50.83,BUY
SNAP,2023-11-03T00:00:00.000000,1,49.72,BUY
SNAP,2023-11-06T00:00:00.000000,1,49.72,BUY
SNAP,2023-11-07T00:00:00.000000,1,49.72,BUY
SNAP,2023-11-08T00:00:00.000000,0,48.51,SELL
SNAP,2023-11-09T00:00:00.000000,0,48.51,SELL
SNAP,2023-11-10T00:00:00.000000,0,44.85,SELL
SNAP,2023-11-13T00:00:00.000000,0,38.31,SELL
SNAP,2023-11-14T00:00:00.000000,0,38.31,SELL
SNAP,2023-11-15T00:00:00.000000,0,38.31,SELL
SNAP,2023-11-16T00:00:00.000000,0,38.31,SELL
SNAP,2023-11-17T00:00:00.000000,0,38.1,SELL
SNAP,2023-11-20T00:00:00.000000,0,32.82,SELL
SNAP,2023-11-21T00:00:00.000000,0,32.82,SELL
SNAP,2023-11-22T00:00:00.000000,0,32.82,SELL
SNAP,2023-11-24T00:00:00.000000,0,32.82,SELL
SNAP,2023-11-27T00:00:00.000000,0,32.82,SELL
SNAP,2023-11-28T00:00:00.000000,0,32.82,SELL
SNAP,2023-11-29T00:00:00.000000,0,32.82,SELL
SNAP,2023-11-30T00:00:00.000000,0,32.82,SELL
SNAP,2023-12-01T00:00:00.000000,0,32.82,SELL
SNAP,2023-12-04T00:00:00.000000,0,32.82,SELL
SNAP,2023-12-05T00:00:00.000000,0,32.82,SELL
SNAP,2023-12-06T00:00:00.000000,0,32.82,SELL
SNAP,2023-12-07T00:00:00.000000,0,36.84,SELL
SNAP,2023-12-08T00:00:00.000000,0,38.31,SELL
SNAP,2023-12-11T00:00:00.000000,0,38.31,SELL
SNAP,2023-12-12T00:00:00.000000,0,40.62,SELL
SNAP,2023-12-13T00:00:00.000000,0,44.85,SELL
SNAP,2023-12-14T00:00:00.000000,0,44.85,SELL
SNAP,2023-12-15T00:00:00.000000,0,40.62,SELL
SNAP,2023-12-18T00:00:00.000000,0,38.31,SELL
SNAP,2023-12-19T00:00:00.000000,0,38.31,SELL
SNAP,2023-12-20T00:00:00.000000,0,38.31,SELL
SNAP,2023-12-21T00:00:00.000000,0,36.84,SELL
SNAP,2023-12-22T00:00:00.000000,0,35.29,SELL
SNAP,2023-12-26T00:00:00.000000,0,32.82,SELL
SNAP,2023-12-27T00:00:00.000000,0,32.82,SELL
SNAP,2023-12-28T00:00:00.000000,0,35.29,SELL
SNAP,2023-12-29T00:00:00.000000,0,32.82,SELL
SNAP,2024-01-02T00:00:00.000000,0,32.82,SELL
SNAP,2024-01-03T00:00:00.000000,0,32.82,SELL
SNAP,2024-01-04T00:00:00.000000,0,32.82,SELL
SNAP,2024-01-05T00:00:00.000000,0,32.82,SELL
SNAP,2024-01-08T00:00:00.000000,0,32.82,SELL
SNAP,2024-01-09T00:00:00.000000,0,32.82,SELL
SNAP,2024-01-10T00:00:00.000000,0,32.82,SELL
SNAP,2024-01-11T00:00:00.000000,0,32.82,SELL
SNAP,2024-01-12T00:00:00.000000,0,32.82,SELL
SNAP,2024-01-16T00:00:00.000000,0,32.82,SELL
SNAP,2024-01-17T00:00:00.000000,0,32.82,SELL
SNAP,2024-01-18T00:00:00.000000,0,32.82,SELL
SNAP,2024-01-19T00:00:00.000000,0,32.82,SELL
SNAP,2024-01-22T00:00:00.000000,0,32.82,SELL
SNAP,2024-01-23T00:00:00.000000,0,32.82,SELL
SNAP,2024-01-24T00:00:00.000000,0,32.82,SELL
SNAP,2024-01-25T00:00:00.000000,0,32.82,SELL
SNAP,2024-01-26T00:00:00.000000,0,32.82,SELL
SNAP,2024-01-29T00:00:00.000000,0,32.82,SELL
SNAP,2024-01-30T00:00:00.000000,0,32.82,SELL
SNAP,2024-01-31T00:00:00.000000,0,32.82,SELL
SNAP,2024-02-01T00:00:00.000000,0,32.82,SELL
SNAP,2024-02-02T00:00:00.000000,0,32.82,SELL
SNAP,2024-02-05T00:00:00.000000,0,36.84,SELL
SNAP,2024-02-06T00:00:00.000000,0,37.93,SELL
SNAP,2024-02-07T00:00:00.000000,0,32.82,SELL
SNAP,2024-02-08T00:00:00.000000,0,36.84,SELL
SNAP,2024-02-09T00:00:00.000000,0,38.31,SELL
SNAP,2024-02-12T00:00:00.000000,0,36.84,SELL
SNAP,2024-02-13T00:00:00.000000,0,38.31,SELL
SNAP,2024-02-14T00:00:00.000000,0,38.31,SELL
SNAP,2024-02-15T00:00:00.000000,0,38.31,SELL
SNAP,2024-02-16T00:00:00.000000,0,44.85,SELL
SNAP,2024-02-20T00:00:00.000000,0,48.51,SELL
SNAP,2024-02-21T00:00:00.000000,0,48.51,SELL
SNAP,2024-02-22T00:00:00.000000,0,48.51,SELL
SNAP,2024-02-23T00:00:00.000000,0,38.31,SELL
SNAP,2024-02-26T00:00:00.000000,0,32.82,SELL
SNAP,2024-02-27T00:00:00.000000,0,32.82,SELL
SNAP,2024-02-28T00:00:00.000000,0,32.82,SELL
SNAP,2024-02-29T00:00:00.000000,0,38.31,SELL
SNAP,2024-03-01T00:00:00.000000,0,38.31,SELL
SNAP,2024-03-04T00:00:00.000000,0,32.82,SELL
SNAP,2024-03-05T00:00:00.000000,0,32.82,SELL
SNAP,2024-03-06T00:00:00.000000,0,32.82,SELL
SNAP,2024-03-07T00:00:00.000000,0,32.82,SELL
SNAP,2024-03-08T00:00:00.000000,0,32.82,SELL
SNAP,2024-03-11T00:00:00.000000,0,38.31,SELL
SNAP,2024-03-12T00:00:00.000000,0,48.51,SELL
SNAP,2024-03-13T00:00:00.000000,0,48.51,SELL
SNAP,2024-03-14T00:00:00.000000,1,49.72,BUY
SNAP,2024-03-15T00:00:00.000000,1,49.72,BUY
SNAP,2024-03-18T00:00:00.000000,1,49.72,BUY
SNAP,2024-03-19T00:00:00.000000,1,49.72,BUY
SNAP,2024-03-20T00:00:00.000000,1,49.72,BUY
SNAP,2024-03-21T00:00:00.000000,1,49.72,BUY
SNAP,2024-03-22T00:00:00.000000,1,49.72,BUY
SNAP,2024-03-25T00:00:00.000000,1,48.51,BUY
SNAP,2024-03-26T00:00:00.000000,1,48.51,BUY
SNAP,2024-03-27T00:00:00.000000,0,48.51,SELL
SNAP,2024-03-28T00:00:00.000000,0,48.51,SELL
SNAP,2024-04-01T00:00:00.000000,0,48.51,SELL
SNAP,2024-04-02T00:00:00.000000,0,48.51,SELL
SNAP,2024-04-03T00:00:00.000000,0,48.51,SELL
SNAP,2024-04-04T00:00:00.000000,0,48.51,SELL
SNAP,2024-04-05T00:00:00.000000,0,48.51,SELL
SNAP,2024-04-08T00:00:00.000000,0,48.51,SELL
SNAP,2024-04-09T00:00:00.000000,0,48.51,SELL
SNAP,2024-04-10T00:00:00.000000,0,48.51,SELL
SNAP,2024-04-11T00:00:00.000000,0,44.85,SELL
SNAP,2024-04-12T00:00:00.000000,0,48.51,SELL
SNAP,2024-04-15T00:00:00.000000,0,48.51,SELL
SNAP,2024-04-16T00:00:00.000000,0,48.51,SELL
SNAP,2024-04-17T00:00:00.000000,0,48.51,SELL
SNAP,2024-04-18T00:00:00.000000,1,49.72,BUY
SNAP,2024-04-19T00:00:00.000000,1,48.51,BUY
SNAP,2024-04-22T00:00:00.000000,1,49.72,BUY
SNAP,2024-04-23T00:00:00.000000,1,49.72,BUY
SNAP,2024-04-24T00:00:00.000000,1,49.72,BUY
SNAP,2024-04-25T00:00:00.000000,1,49.72,BUY
SNAP,2024-04-26T00:00:00.000000,1,49.72,BUY
SNAP,2024-04-29T00:00:00.000000,1,49.72,BUY
SNAP,2024-04-30T00:00:00.000000,1,49.72,BUY
SNAP,2024-05-01T00:00:00.000000,1,50.83,BUY
SNAP,2024-05-02T00:00:00.000000,1,50.83,BUY
SNAP,2024-05-03T00:00:00.000000,1,50.83,BUY
SNAP,2024-05-06T00:00:00.000000,1,50.83,BUY
SNAP,2024-05-07T00:00:00.000000,1,50.83,BUY
SNAP,2024-05-08T00:00:00.000000,1,50.83,BUY
SNAP,2024-05-09T00:00:00.000000,1,50.83,BUY
SNAP,2024-05-10T00:00:00.000000,1,50.83,BUY
SNAP,2024-05-13T00:00:00.000000,1,50.83,BUY
SNAP,2024-05-14T00:00:00.000000,1,50.83,BUY
SNAP,2024-05-15T00:00:00.000000,1,49.72,BUY
SNAP,2024-05-16T00:00:00.000000,1,48.51,BUY
SNAP,2024-05-17T00:00:00.000000,0,48.51,SELL
SNAP,2024-05-20T00:00:00.000000,0,48.51,SELL
SNAP,2024-05-21T00:00:00.000000,0,48.51,SELL
SNAP,2024-05-22T00:00:00.000000,0,48.51,SELL
SNAP,2024-05-23T00:00:00.000000,0,44.85,SELL
SNAP,2024-05-24T00:00:00.000000,0,44.85,SELL
SNAP,2024-05-28T00:00:00.000000,0,44.85,SELL
SNAP,2024-05-29T00:00:00.000000,0,44.85,SELL
SNAP,2024-05-30T00:00:00.000000,0,40.62,SELL
SNAP,2024-05-31T00:00:00.000000,0,38.31,SELL
SNAP,2024-06-03T00:00:00.000000,0,38.31,SELL
SNAP,2024-06-04T00:00:00.000000,0,38.31,SELL
SNAP,2024-06-05T00:00:00.000000,0,38.1,SELL
SNAP,2024-06-06T00:00:00.000000,0,32.82,SELL
SNAP,2024-06-07T00:00:00.000000,0,32.82,SELL
SNAP,2024-06-10T00:00:00.000000,0,32.82,SELL
SNAP,2024-06-11T00:00:00.000000,0,32.82,SELL
SNAP,2024-06-12T00:00:00.000000,0,32.82,SELL
SNAP,2024-06-13T00:00:00.000000,0,32.82,SELL
SNAP,2024-06-14T00:00:00.000000,0,32.82,SELL
SNAP,2024-06-17T00:00:00.000000,0,32.82,SELL
SNAP,2024-06-18T00:00:00.000000,0,32.82,SELL
SNAP,2024-06-20T00:00:00.000000,0,32.82,SELL
SNAP,2024-06-21T00:00:00.000000,0,32.82,SELL
SNAP,2024-06-24T00:00:00.000000,0,32.82,SELL
SNAP,2024-06-25T00:00:00.000000,0,36.84,SELL
SNAP,2024-06-26T00:00:00.000000,0,32.82,SELL
SNAP,2024-06-27T00:00:00.000000,0,32.82,SELL
SNAP,2024-06-28T00:00:00.000000,0,32.82,SELL
SNAP,2024-07-01T00:00:00.000000,0,36.84,SELL
SNAP,2024-07-02T00:00:00.000000,0,38.31,SELL
SNAP,2024-07-03T00:00:00.000000,0,44.85,SELL
SNAP,2024-07-05T00:00:00.000000,0,48.51,SELL
SNAP,2024-07-08T00:00:00.000000,0,48.51,SELL
SNAP,2024-07-09T00:00:00.000000,0,48.51,SELL
SNAP,2024-07-10T00:00:00.000000,0,48.51,SELL
SNAP,2024-07-11T00:00:00.000000,1,48.51,BUY
SNAP,2024-07-12T00:00:00.000000,1,48.51,BUY
SNAP,2024-07-15T00:00:00.000000,1,48.51,BUY
SNAP,2024-07-16T00:00:00.000000,0,48.51,SELL
SNAP,2024-07-17T00:00:00.000000,0,48.51,SELL
SNAP,2024-07-18T00:00:00.000000,0,48.51,SELL
SNAP,2024-07-19T00:00:00.000000,0,48.51,SELL
SNAP,2024-07-22T00:00:00.000000,0,48.51,SELL
SNAP,2024-07-23T00:00:00.000000,0,48.51,SELL
SNAP,2024-07-24T00:00:00.000000,0,48.51,SELL
SNAP,2024-07-25T00:00:00.000000,0,44.85,SELL
SNAP,2024-07-26T00:00:00.000000,0,38.31,SELL
SNAP,2024-07-29T00:00:00.000000,0,37.93,SELL
SNAP,2024-07-30T00:00:00.000000,0,32.82,SELL
SNAP,2024-07-31T00:00:00.000000,0,32.82,SELL
SNAP,2024-08-01T00:00:00.000000,0,32.82,SELL
SNAP,2024-08-02T00:00:00.000000,0,32.82,SELL
SNAP,2024-08-05T00:00:00.000000,0,32.82,SELL
SNAP,2024-08-06T00:00:00.000000,0,38.1,SELL
SNAP,2024-08-07T00:00:00.000000,0,38.1,SELL
SNAP,2024-08-08T00:00:00.000000,0,32.82,SELL
SNAP,2024-08-09T00:00:00.000000,0,32.82,SELL
SNAP,2024-08-12T00:00:00.000000,0,32.82,SELL
SNAP,2024-08-13T00:00:00.000000,0,36.84,SELL
SNAP,2024-08-14T00:00:00.000000,0,38.31,SELL
SNAP,2024-08-15T00:00:00.000000,0,44.85,SELL
SNAP,2024-08-16T00:00:00.000000,0,44.85,SELL
SNAP,2024-08-19T00:00:00.000000,0,40.62,SELL
SNAP,2024-08-20T00:00:00.000000,0,38.31,SELL
SNAP,2024-08-21T00:00:00.000000,0,38.31,SELL
SNAP,2024-08-22T00:00:00.000000,0,37.5,SELL
SNAP,2024-08-23T00:00:00.000000,0,38.31,SELL
SNAP,2024-08-26T00:00:00.000000,0,38.1,SELL
SNAP,2024-08-27T00:00:00.000000,0,32.82,SELL
SNAP,2024-08-28T00:00:00.000000,0,32.82,SELL
SNAP,2024-08-29T00:00:00.000000,0,32.82,SELL
SNAP,2024-08-30T00:00:00.000000,0,32.82,SELL
SNAP,2024-09-03T00:00:00.000000,0,32.82,SELL
SNAP,2024-09-04T00:00:00.000000,0,38.1,SELL
SNAP,2024-09-05T00:00:00.000000,0,38.31,SELL
SNAP,2024-09-06T00:00:00.000000,0,44.85,SELL
SNAP,2024-09-09T00:00:00.000000,0,48.51,SELL
SNAP,2024-09-10T00:00:00.000000,0,48.51,SELL
SNAP,2024-09-11T00:00:00.000000,1,49.72,BUY
SNAP,2024-09-12T00:00:00.000000,1,49.72,BUY
SNAP,2024-09-13T00:00:00.000000,1,49.72,BUY
SNAP,2024-09-16T00:00:00.000000,1,50.83,BUY
SNAP,2024-09-17T00:00:00.000000,1,50.83,BUY
SNAP,2024-09-18T00:00:00.000000,1,50.83,BUY
SNAP,2024-09-19T00:00:00.000000,1,50.83,BUY
SNAP,2024-09-20T00:00:00.000000,1,50.83,BUY
SNAP,2024-09-23T00:00:00.000000,1,50.83,BUY
SNAP,2024-09-24T00:00:00.000000,1,50.83,BUY
SNAP,2024-09-25T00:00:00.000000,1,50.83,BUY
SNAP,2024-09-26T00:00:00.000000,1,50.83,BUY
SNAP,2024-09-27T00:00:00.000000,1,50.83,BUY
SNAP,2024-09-30T00:00:00.000000,1,50.83,BUY
SNAP,2024-10-01T00:00:00.000000,1,50.83,BUY
SNAP,2024-10-02T00:00:00.000000,1,50.83,BUY
SNAP,2024-10-03T00:00:00.000000,1,49.72,BUY
SNAP,2024-10-04T00:00:00.000000,1,49.72,BUY
SNAP,2024-10-07T00:00:00.000000,1,49.72,BUY
SNAP,2024-10-08T00:00:00.000000,1,49.72,BUY
SNAP,2024-10-09T00:00:00.000000,1,49.72,BUY
SNAP,2024-10-10T00:00:00.000000,1,49.72,BUY
SNAP,2024-10-11T00:00:00.000000,0,48.51,SELL
SNAP,2024-10-14T00:00:00.000000,0,48.51,SELL
SNAP,2024-10-15T00:00:00.000000,0,38.31,SELL
SNAP,2024-10-16T00:00:00.000000,0,38.1,SELL
SNAP,2024-10-17T00:00:00.000000,0,35.29,SELL
SNAP,2024-10-18T00:00:00.000000,0,32.82,SELL
SNAP,2024-10-21T00:00:00.000000,0,32.82,SELL
SNAP,2024-10-22T00:00:00.000000,0,32.82,SELL
SNAP,2024-10-23T00:00:00.000000,0,32.82,SELL
SNAP,2024-10-24T00:00:00.000000,0,32.82,SELL
SNAP,2024-10-25T00:00:00.000000,0,32.82,SELL
SNAP,2024-10-28T00:00:00.000000,0,38.31,SELL
SNAP,2024-10-29T00:00:00.000000,0,38.31,SELL
SNAP,2024-10-30T00:00:00.000000,0,38.31,SELL
SNAP,2024-10-31T00:00:00.000000,0,38.31,SELL
SNAP,2024-11-01T00:00:00.000000,0,38.31,SELL
SNAP,2024-11-04T00:00:00.000000,0,38.31,SELL
SNAP,2024-11-05T00:00:00.000000,0,44.85,SELL
SNAP,2024-11-06T00:00:00.000000,0,48.51,SELL
SNAP,2024-11-07T00:00:00.000000,0,48.51,SELL
SNAP,2024-11-08T00:00:00.000000,1,49.72,BUY
SNAP,2024-11-11T00:00:00.000000,1,49.72,BUY
SNAP,2024-11-12T00:00:00.000000,1,49.72,BUY
SNAP,2024-11-13T00:00:00.000000,1,49.72,BUY
SNAP,2024-11-14T00:00:00.000000,1,49.72,BUY
SNAP,2024-11-15T00:00:00.000000,1,48.51,BUY
SNAP,2024-11-18T00:00:00.000000,0,48.51,SELL
SNAP,2024-11-19T00:00:00.000000,0,44.85,SELL
SNAP,2024-11-20T00:00:00.000000,0,38.31,SELL
SNAP,2024-11-21T00:00:00.000000,0,38.31,SELL
SNAP,2024-11-22T00:00:00.000000,0,44.85,SELL
SNAP,2024-11-25T00:00:00.000000,0,38.31,SELL
SNAP,2024-11-26T00:00:00.000000,0,36.84,SELL
SNAP,2024-11-27T00:00:00.000000,0,32.82,SELL
SNAP,2024-11-29T00:00:00.000000,0,32.82,SELL
SNAP,2024-12-02T00:00:00.000000,0,32.82,SELL
SNAP,2024-12-03T00:00:00.000000,0,36.84,SELL
SNAP,2024-12-04T00:00:00.000000,0,38.31,SELL
SNAP,2024-12-05T00:00:00.000000,0,38.31,SELL
SNAP,2024-12-06T00:00:00.000000,0,38.31,SELL
SNAP,2024-12-09T00:00:00.000000,0,44.85,SELL
SNAP,2024-12-10T00:00:00.000000,0,44.85,SELL
SNAP,2024-12-11T00:00:00.000000,0,44.85,SELL
SNAP,2024-12-12T00:00:00.000000,0,44.85,SELL
SNAP,2024-12-13T00:00:00.000000,0,44.85,SELL
SNAP,2024-12-16T00:00:00.000000,0,44.85,SELL
SNAP,2024-12-17T00:00:00.000000,0,48.51,SELL
SNAP,2024-12-18T00:00:00.000000,0,48.51,SELL
SNAP,2024-12-19T00:00:00.000000,0,48.51,SELL
SNAP,2024-12-20T00:00:00.000000,0,48.51,SELL
SPY,2023-02-21T00:00:00.000000,1,50.83,BUY
SPY,2023-02-22T00:00:00.000000,1,50.83,BUY
SPY,2023-02-23T00:00:00.000000,1,50.83,BUY
SPY,2023-02-24T00:00:00.000000,1,50.83,BUY
SPY,2023-02-27T00:00:00.000000,1,50.83,BUY
SPY,2023-02-28T00:00:00.000000,1,50.83,BUY
SPY,2023-03-01T00:00:00.000000,1,50.83,BUY
SPY,2023-03-02T00:00:00.000000,1,50.83,BUY
SPY,2023-03-03T00:00:00.000000,1,50.83,BUY
SPY,2023-03-06T00:00:00.000000,1,50.83,BUY
SPY,2023-03-07T00:00:00.000000,1,50.83,BUY
SPY,2023-03-08T00:00:00.000000,1,50.83,BUY
SPY,2023-03-09T00:00:00.000000,1,50.83,BUY
SPY,2023-03-10T00:00:00.000000,1,50.83,BUY
SPY,2023-03-13T00:00:00.000000,1,50.83,BUY
SPY,2023-03-14T00:00:00.000000,1,50.83,BUY
SPY,2023-03-15T00:00:00.000000,1,50.83,BUY
SPY,2023-03-16T00:00:00.000000,1,50.83,BUY
SPY,2023-03-17T00:00:00.000000,1,50.83,BUY
SPY,2023-03-20T00:00:00.000000,1,50.83,BUY
SPY,2023-03-21T00:00:00.000000,1,50.83,BUY
SPY,2023-03-22T00:00:00.000000,1,50.83,BUY
SPY,2023-03-23T00:00:00.000000,1,50.83,BUY
SPY,2023-03-24T00:00:00.000000,1,50.83,BUY
SPY,2023-03-27T00:00:00.000000,1,50.83,BUY
SPY,2023-03-28T00:00:00.000000,1,50.83,BUY
SPY,2023-03-29T00:00:00.000000,1,50.83,BUY
SPY,2023-03-30T00:00:00.000000,1,50.83,BUY
SPY,2023-03-31T00:00:00.000000,1,50.83,BUY
SPY,2023-04-03T00:00:00.000000,1,50.83,BUY
SPY,2023-04-04T00:00:00.000000,1,50.83,BUY
SPY,2023-04-05T00:00:00.000000,1,50.83,BUY
SPY,2023-04-06T00:00:00.000000,1,49.72,BUY
SPY,2023-04-10T00:00:00.000000,1,49.72,BUY
SPY,2023-04-11T00:00:00.000000,1,49.72,BUY
SPY,2023-04-12T00:00:00.000000,1,49.72,BUY
SPY,2023-04-13T00:00:00.000000,1,49.72,BUY
SPY,2023-04-14T00:00:00.000000,1,49.72,BUY
SPY,2023-04-17T00:00:00.000000,1,50.83,BUY
SPY,2023-04-18T00:00:00.000000,1,50.83,BUY
SPY,2023-04-19T00:00:00.000000,1,50.83,BUY
SPY,2023-04-20T00:00:00.000000,1,50.83,BUY
SPY,2023-04-21T00:00:00.000000,1,50.83,BUY
SPY,2023-04-24T00:00:00.000000,1,50.83,BUY
SPY,2023-04-25T00:00:00.000000,1,50.83,BUY
SPY,2023-04-26T00:00:00.000000,1,50.83,BUY
SPY,2023-04-27T00:00:00.000000,1,50.83,BUY
SPY,2023-04-28T00:00:00.000000,1,50.83,BUY
SPY,2023-05-01T00:00:00.000000,1,50.83,BUY
SPY,2023-05-02T00:00:00.000000,1,50.83,BUY
SPY,2023-05-03T00:00:00.000000,1,50.83,BUY
SPY,2023-05-04T00:00:00.000000,1,50.83,BUY
SPY,2023-05-05T00:00:00.000000,1,50.83,BUY
SPY,2023-05-08T00:00:00.000000,1,50.83,BUY
SPY,2023-05-09T00:00:00.000000,1,50.83,BUY
SPY,2023-05-10T00:00:00.000000,1,50.83,BUY
SPY,2023-05-11T00:00:00.000000,1,49.72,BUY
SPY,2023-05-12T00:00:00.000000,1,50.83,BUY
SPY,2023-05-15T00:00:00.000000,1,50.83,BUY
SPY,2023-05-16T00:00:00.000000,1,50.83,BUY
SPY,2023-05-17T00:00:00.000000,1,50.83,BUY
SPY,2023-05-18T00:00:00.000000,1,50.83,BUY
SPY,2023-05-19T00:00:00.000000,1,49.72,BUY
SPY,2023-05-22T00:00:00.000000,1,49.72,BUY
SPY,2023-05-23T00:00:00.000000,1,49.72,BUY
SPY,2023-05-24T00:00:00.000000,1,49.72,BUY
SPY,2023-05-25T00:00:00.000000,1,49.72,BUY
SPY,2023-05-26T00:00:00.000000,1,49.72,BUY
SPY,2023-05-30T00:00:00.000000,1,49.72,BUY
SPY,2023-05-31T00:00:00.000000,1,50.83,BUY
SPY,2023-06-01T00:00:00.000000,1,49.72,BUY
SPY,2023-06-02T00:00:00.000000,1,50.83,BUY
SPY,2023-06-05T00:00:00.000000,1,50.83,BUY
SPY,2023-06-06T00:00:00.000000,1,50.83,BUY
SPY,2023-06-07T00:00:00.000000,1,50.83,BUY
SPY,2023-06-08T00:00:00.000000,1,50.83,BUY
SPY,2023-06-09T00:00:00.000000,1,50.83,BUY
SPY,2023-06-12T00:00:00.000000,1,50.83,BUY
SPY,2023-06-13T00:00:00.000000,1,50.83,BUY
SPY,2023-06-14T00:00:00.000000,1,50.83,BUY
SPY,2023-06-15T00:00:00.000000,1,50.83,BUY
SPY,2023-06-16T00:00:00.000000,1,50.83,BUY
SPY,2023-06-20T00:00:00.000000,1,50.83,BUY
SPY,2023-06-21T00:00:00.000000,1,50.83,BUY
SPY,2023-06-22T00:00:00.000000,1,50.83,BUY
SPY,2023-06-23T00:00:00.000000,1,50.83,BUY
SPY,2023-06-26T00:00:00.000000,1,50.83,BUY
SPY,2023-06-27T00:00:00.000000,1,50.83,BUY
SPY,2023-06-28T00:00:00.000000,1,50.83,BUY
SPY,2023-06-29T00:00:00.000000,1,50.83,BUY
SPY,2023-06-30T00:00:00.000000,1,50.83,BUY
SPY,2023-07-03T00:00:00.000000,1,50.83,BUY
SPY,2023-07-05T00:00:00.000000,1,50.83,BUY
SPY,2023-07-06T00:00:00.000000,1,50.83,BUY
SPY,2023-07-07T00:00:00.000000,1,50.83,BUY
SPY,2023-07-10T00:00:00.000000,1,50.83,BUY
SPY,2023-07-11T00:00:00.000000,1,50.83,BUY
SPY,2023-07-12T00:00:00.000000,1,49.72,BUY
SPY,2023-07-13T00:00:00.000000,1,50.83,BUY
SPY,2023-07-14T00:00:00.000000,1,50.83,BUY
SPY,2023-07-17T00:00:00.000000,1,50.83,BUY
SPY,2023-07-18T00:00:00.000000,1,49.72,BUY
SPY,2023-07-19T00:00:00.000000,1,50.83,BUY
SPY,2023-07-20T00:00:00.000000,1,49.72,BUY
SPY,2023-07-21T00:00:00.000000,1,49.72,BUY
SPY,2023-07-24T00:00:00.000000,1,49.72,BUY
SPY,2023-07-25T00:00:00.000000,1,49.72,BUY
SPY,2023-07-26T00:00:00.000000,1,49.72,BUY
SPY,2023-07-27T00:00:00.000000,1,49.72,BUY
SPY,2023-07-28T00:00:00.000000,1,50.83,BUY
SPY,2023-07-31T00:00:00.000000,1,50.83,BUY
SPY,2023-08-01T00:00:00.000000,1,50.83,BUY
SPY,2023-08-02T00:00:00.000000,1,49.72,BUY
SPY,2023-08-03T00:00:00.000000,1,49.72,BUY
SPY,2023-08-04T00:00:00.000000,1,49.72,BUY
SPY,2023-08-07T00:00:00.000000,1,49.72,BUY
SPY,2023-08-08T00:00:00.000000,1,49.72,BUY
SPY,2023-08-09T00:00:00.000000,1,49.72,BUY
SPY,2023-08-10T00:00:00.000000,1,49.72,BUY
SPY,2023-08-11T00:00:00.000000,1,49.72,BUY
SPY,2023-08-14T00:00:00.000000,1,49.72,BUY
SPY,2023-08-15T00:00:00.000000,1,49.72,BUY
SPY,2023-08-16T00:00:00.000000,1,50.83,BUY
SPY,2023-08-17T00:00:00.000000,1,50.83,BUY
SPY,2023-08-18T00:00:00.000000,1,50.83,BUY
SPY,2023-08-21T00:00:00.000000,1,50.83,BUY
SPY,2023-08-22T00:00:00.000000,1,50.83,BUY
SPY,2023-08-23T00:00:00.000000,1,50.83,BUY
SPY,2023-08-24T00:00:00.000000,1,50.83,BUY
SPY,2023-08-25T00:00:00.000000,1,50.83,BUY
SPY,2023-08-28T00:00:00.000000,1,50.83,BUY
SPY,2023-08-29T00:00:00.000000,1,50.83,BUY
SPY,2023-08-30T00:00:00.000000,1,50.83,BUY
SPY,2023-08-31T00:00:00.000000,1,50.83,BUY
SPY,2023-09-01T00:00:00.000000,1,50.83,BUY
SPY,2023-09-05T00:00:00.000000,1,50.83,BUY
SPY,2023-09-06T00:00:00.000000,1,50.83,BUY
SPY,2023-09-07T00:00:00.000000,1,50.83,BUY
SPY,2023-09-08T00:00:00.000000,1,50.83,BUY
SPY,2023-09-11T00:00:00.000000,1,49.72,BUY
SPY,2023-09-12T00:00:00.000000,1,49.72,BUY
SPY,2023-09-13T00:00:00.000000,1,49.72,BUY
SPY,2023-09-14T00:00:00.000000,1,50.83,BUY
SPY,2023-09-15T00:00:00.000000,1,50.83,BUY
SPY,2023-09-18T00:00:00.000000,1,49.72,BUY
SPY,2023-09-19T00:00:00.000000,1,49.72,BUY
SPY,2023-09-20T00:00:00.000000,1,49.72,BUY
SPY,2023-09-21T00:00:00.000000,1,49.72,BUY
SPY,2023-09-22T00:00:00.000000,1,49.72,BUY
SPY,2023-09-25T00:00:00.000000,1,49.72,BUY
SPY,2023-09-26T00:00:00.000000,1,50.83,BUY
SPY,2023-09-27T00:00:00.000000,1,50.83,BUY
SPY,2023-09-28T00:00:00.000000,1,50.83,BUY
SPY,2023-09-29T00:00:00.000000,1,50.83,BUY
SPY,2023-10-02T00:00:00.000000,1,50.83,BUY
SPY,2023-10-03T00:00:00.000000,1,50.83,BUY
SPY,2023-10-04T00:00:00.000000,1,50.83,BUY
SPY,2023-10-05T00:00:00.000000,1,50.83,BUY
SPY,2023-10-06T00:00:00.000000,1,50.83,BUY
SPY,2023-10-09T00:00:00.000000,1,50.83,BUY
SPY,2023-10-10T00:00:00.000000,1,50.83,BUY
SPY,2023-10-11T00:00:00.000000,1,50.83,BUY
SPY,2023-10-12T00:00:00.000000,1,50.83,BUY
SPY,2023-10-13T00:00:00.000000,1,50.83,BUY
SPY,2023-10-16T00:00:00.000000,1,50.83,BUY
SPY,2023-10-17T00:00:00.000000,1,50.83,BUY
SPY,2023-10-18T00:00:00.000000,1,50.83,BUY
SPY,2023-10-19T00:00:00.000000,1,50.83,BUY
SPY,2023-10-20T00:00:00.000000,1,50.83,BUY
SPY,2023-10-23T00:00:00.000000,1,50.83,BUY
SPY,2023-10-24T00:00:00.000000,1,50.83,BUY
SPY,2023-10-25T00:00:00.000000,1,50.83,BUY
SPY,2023-10-26T00:00:00.000000,1,50.83,BUY
SPY,2023-10-27T00:00:00.000000,1,50.83,BUY
SPY,2023-10-30T00:00:00.000000,1,50.83,BUY
SPY,2023-10-31T00:00:00.000000,1,50.83,BUY
SPY,2023-11-01T00:00:00.000000,1,52.76,BUY
SPY,2023-11-02T00:00:00.000000,1,52.76,BUY
SPY,2023-11-03T00:00:00.000000,1,50.83,BUY
SPY,2023-11-06T00:00:00.000000,1,50.83,BUY
SPY,2023-11-07T00:00:00.000000,1,50.83,BUY
SPY,2023-11-08T00:00:00.000000,1,50.83,BUY
SPY,2023-11-09T00:00:00.000000,1,50.83,BUY
SPY,2023-11-10T00:00:00.000000,1,50.83,BUY
SPY,2023-11-13T00:00:00.000000,1,50.83,BUY
SPY,2023-11-14T00:00:00.000000,1,49.72,BUY
SPY,2023-11-15T00:00:00.000000,1,49.72,BUY
SPY,2023-11-16T00:00:00.000000,1,49.72,BUY
SPY,2023-11-17T00:00:00.000000,1,49.72,BUY
SPY,2023-11-20T00:00:00.000000,1,49.72,BUY
SPY,2023-11-21T00:00:00.000000,1,49.72,BUY
SPY,2023-11-22T00:00:00.000000,1,49.72,BUY
SPY,2023-11-24T00:00:00.000000,1,49.72,BUY
SPY,2023-11-27T00:00:00.000000,1,50.83,BUY
SPY,2023-11-28T00:00:00.000000,1,50.83,BUY
SPY,2023-11-29T00:00:00.000000,1,50.83,BUY
SPY,2023-11-30T00:00:00.000000,1,50.83,BUY
SPY,2023-12-01T00:00:00.000000,1,50.83,BUY
SPY,2023-12-04T00:00:00.000000,1,50.83,BUY
SPY,2023-12-05T00:00:00.000000,1,50.83,BUY
SPY,2023-12-06T00:00:00.000000,1,50.83,BUY
SPY,2023-12-07T00:00:00.000000,1,50.83,BUY
SPY,2023-12-08T00:00:00.000000,1,50.83,BUY
SPY,2023-12-11T00:00:00.000000,1,50.83,BUY
SPY,2023-12-12T00:00:00.000000,1,50.83,BUY
SPY,2023-12-13T00:00:00.000000,1,50.83,BUY
SPY,2023-12-14T00:00:00.000000,1,50.83,BUY
SPY,2023-12-15T00:00:00.000000,1,50.83,BUY
SPY,2023-12-18T00:00:00.000000,1,50.83,BUY
SPY,2023-12-19T00:00:00.000000,1,50.83,BUY
SPY,2023-12-20T00:00:00.000000,1,50.83,BUY
SPY,2023-12-21T00:00:00.000000,1,50.83,BUY
SPY,2023-12-22T00:00:00.000000,1,50.83,BUY
SPY,2023-12-26T00:00:00.000000,1,50.83,BUY
SPY,2023-12-27T00:00:00.000000,1,50.83,BUY
SPY,2023-12-28T00:00:00.000000,1,50.83,BUY
SPY,2023-12-29T00:00:00.000000,1,50.83,BUY
SPY,2024-01-02T00:00:00.000000,1,50.83,BUY
SPY,2024-01-03T00:00:00.000000,1,50.83,BUY
SPY,2024-01-04T00:00:00.000000,1,50.83,BUY
SPY,2024-01-05T00:00:00.000000,1,50.83,BUY
SPY,2024-01-08T00:00:00.000000,1,50.83,BUY
SPY,2024-01-09T00:00:00.000000,1,50.83,BUY
SPY,2024-01-10T00:00:00.000000,1,50.83,BUY
SPY,2024-01-11T00:00:00.000000,1,50.83,BUY
SPY,2024-01-12T00:00:00.000000,1,50.83,BUY
SPY,2024-01-16T00:00:00.000000,1,50.83,BUY
SPY,2024-01-17T00:00:00.000000,1,50.83,BUY
SPY,2024-01-18T00:00:00.000000,1,49.72,BUY
SPY,2024-01-19T00:00:00.000000,1,49.72,BUY
SPY,2024-01-22T00:00:00.000000,1,49.72,BUY
SPY,2024-01-23T00:00:00.000000,1,49.72,BUY
SPY,2024-01-24T00:00:00.000000,1,49.72,BUY
SPY,2024-01-25T00:00:00.000000,1,49.72,BUY
SPY,2024-01-26T00:00:00.000000,1,49.72,BUY
SPY,2024-01-29T00:00:00.000000,1,49.72,BUY
SPY,2024-01-30T00:00:00.000000,1,49.72,BUY
SPY,2024-01-31T00:00:00.000000,1,50.83,BUY
SPY,2024-02-01T00:00:00.000000,1,50.83,BUY
SPY,2024-02-02T00:00:00.000000,1,50.83,BUY
SPY,2024-02-05T00:00:00.000000,1,50.83,BUY
SPY,2024-02-06T00:00:00.000000,1,50.83,BUY
SPY,2024-02-07T00:00:00.000000,1,50.83,BUY
SPY,2024-02-08T00:00:00.000000,1,50.83,BUY
SPY,2024-02-09T00:00:00.000000,1,50.83,BUY
SPY,2024-02-12T00:00:00.000000,1,50.83,BUY
SPY,2024-02-13T00:00:00.000000,1,50.83,BUY
SPY,2024-02-14T00:00:00.000000,1,50.83,BUY
SPY,2024-02-15T00:00:00.000000,1,50.83,BUY
SPY,2024-02-16T00:00:00.000000,1,50.83,BUY
SPY,2024-02-20T00:00:00.000000,1,50.83,BUY
SPY,2024-02-21T00:00:00.000000,1,50.83,BUY
SPY,2024-02-22T00:00:00.000000,1,50.83,BUY
SPY,2024-02-23T00:00:00.000000,1,50.83,BUY
SPY,2024-02-26T00:00:00.000000,1,50.83,BUY
SPY,2024-02-27T00:00:00.000000,1,50.83,BUY
SPY,2024-02-28T00:00:00.000000,1,50.83,BUY
SPY,2024-02-29T00:00:00.000000,1,50.83,BUY
SPY,2024-03-01T00:00:00.000000,1,50.83,BUY
SPY,2024-03-04T00:00:00.000000,1,50.83,BUY
SPY,2024-03-05T00:00:00.000000,1,50.83,BUY
SPY,2024-03-06T00:00:00.000000,1,50.83,BUY
SPY,2024-03-07T00:00:00.000000,1,50.83,BUY
SPY,2024-03-08T00:00:00.000000,1,50.83,BUY
SPY,2024-03-11T00:00:00.000000,1,50.83,BUY
SPY,2024-03-12T00:00:00.000000,1,50.83,BUY
SPY,2024-03-13T00:00:00.000000,1,50.83,BUY
SPY,2024-03-14T00:00:00.000000,1,50.83,BUY
SPY,2024-03-15T00:00:00.000000,1,50.83,BUY
SPY,2024-03-18T00:00:00.000000,1,50.83,BUY
SPY,2024-03-19T00:00:00.000000,1,50.83,BUY
SPY,2024-03-20T00:00:00.000000,1,49.72,BUY
SPY,2024-03-21T00:00:00.000000,1,49.72,BUY
SPY,2024-03-22T00:00:00.000000,1,49.72,BUY
SPY,2024-03-25T00:00:00.000000,1,49.72,BUY
SPY,2024-03-26T00:00:00.000000,1,49.72,BUY
SPY,2024-03-27T00:00:00.000000,1,49.72,BUY
SPY,2024-03-28T00:00:00.000000,1,49.72,BUY
SPY,2024-04-01T00:00:00.000000,1,49.72,BUY
SPY,2024-04-02T00:00:00.000000,1,49.72,BUY
SPY,2024-04-03T00:00:00.000000,1,49.72,BUY
SPY,2024-04-04T00:00:00.000000,1,49.72,BUY
SPY,2024-04-05T00:00:00.000000,1,49.72,BUY
SPY,2024-04-08T00:00:00.000000,1,49.72,BUY
SPY,2024-04-09T00:00:00.000000,1,49.72,BUY
SPY,2024-04-10T00:00:00.000000,1,49.72,BUY
SPY,2024-04-11T00:00:00.000000,1,49.72,BUY
SPY,2024-04-12T00:00:00.000000,1,49.72,BUY
SPY,2024-04-15T00:00:00.000000,1,49.72,BUY
SPY,2024-04-16T00:00:00.000000,1,49.72,BUY
SPY,2024-04-17T00:00:00.000000,1,50.83,BUY
SPY,2024-04-18T00:00:00.000000,1,50.83,BUY
SPY,2024-04-19T00:00:00.000000,1,50.83,BUY
SPY,2024-04-22T00:00:00.000000,1,50.83,BUY
SPY,2024-04-23T00:00:00.000000,1,50.83,BUY
SPY,2024-04-24T00:00:00.000000,1,50.83,BUY
SPY,2024-04-25T00:00:00.000000,1,50.83,BUY
SPY,2024-04-26T00:00:00.000000,1,50.83,BUY
SPY,2024-04-29T00:00:00.000000,1,50.83,BUY
SPY,2024-04-30T00:00:00.000000,1,50.83,BUY
SPY,2024-05-01T00:00:00.000000,1,50.83,BUY
SPY,2024-05-02T00:00:00.000000,1,50.83,BUY
SPY,2024-05-03T00:00:00.000000,1,50.83,BUY
SPY,2024-05-06T00:00:00.000000,1,50.83,BUY
SPY,2024-05-07T00:00:00.000000,1,50.83,BUY
SPY,2024-05-08T00:00:00.000000,1,50.83,BUY
SPY,2024-05-09T00:00:00.000000,1,50.83,BUY
SPY,2024-05-10T00:00:00.000000,1,50.83,BUY
SPY,2024-05-13T00:00:00.000000,1,50.83,BUY
SPY,2024-05-14T00:00:00.000000,1,50.83,BUY
SPY,2024-05-15T00:00:00.000000,1,49.72,BUY
SPY,2024-05-16T00:00:00.000000,1,49.72,BUY
SPY,2024-05-17T00:00:00.000000,1,49.72,BUY
SPY,2024-05-20T00:00:00.000000,1,49.72,BUY
SPY,2024-05-21T00:00:00.000000,1,49.72,BUY
SPY,2024-05-22T00:00:00.000000,1,49.72,BUY
SPY,2024-05-23T00:00:00.000000,1,49.72,BUY
SPY,2024-05-24T00:00:00.000000,1,50.83,BUY
SPY,2024-05-28T00:00:00.000000,1,50.83,BUY
SPY,2024-05-29T00:00:00.000000,1,50.83,BUY
SPY,2024-05-30T00:00:00.000000,1,50.83,BUY
SPY,2024-05-31T00:00:00.000000,1,50.83,BUY
SPY,2024-06-03T00:00:00.000000,1,50.83,BUY
SPY,2024-06-04T00:00:00.000000,1,50.83,BUY
SPY,2024-06-05T00:00:00.000000,1,50.83,BUY
SPY,2024-06-06T00:00:00.000000,1,50.83,BUY
SPY,2024-06-07T00:00:00.000000,1,50.83,BUY
SPY,2024-06-10T00:00:00.000000,1,50.83,BUY
SPY,2024-06-11T00:00:00.000000,1,50.83,BUY
SPY,2024-06-12T00:00:00.000000,1,50.83,BUY
SPY,2024-06-13T00:00:00.000000,1,50.83,BUY
SPY,2024-06-14T00:00:00.000000,1,50.83,BUY
SPY,2024-06-17T00:00:00.000000,1,50.83,BUY
SPY,2024-06-18T00:00:00.000000,1,50.83,BUY
SPY,2024-06-20T00:00:00.000000,1,50.83,BUY
SPY,2024-06-21T00:00:00.000000,1,50.83,BUY
SPY,2024-06-24T00:00:00.000000,1,50.83,BUY
SPY,2024-06-25T00:00:00.000000,1,50.83,BUY
SPY,2024-06-26T00:00:00.000000,1,50.83,BUY
SPY,2024-06-27T00:00:00.000000,1,50.83,BUY
SPY,2024-06-28T00:00:00.000000,1,50.83,BUY
SPY,2024-07-01T00:00:00.000000,1,50.83,BUY
SPY,2024-07-02T00:00:00.000000,1,50.83,BUY
SPY,2024-07-03T00:00:00.000000,1,50.83,BUY
SPY,2024-07-05T00:00:00.000000,1,50.83,BUY
SPY,2024-07-08T00:00:00.000000,1,50.83,BUY
SPY,2024-07-09T00:00:00.000000,1,50.83,BUY
SPY,2024-07-10T00:00:00.000000,1,50.83,BUY
SPY,2024-07-11T00:00:00.000000,1,50.83,BUY
SPY,2024-07-12T00:00:00.000000,1,50.83,BUY
SPY,2024-07-15T00:00:00.000000,1,50.83,BUY
SPY,2024-07-16T00:00:00.000000,1,50.83,BUY
SPY,2024-07-17T00:00:00.000000,1,50.83,BUY
SPY,2024-07-18T00:00:00.000000,1,50.83,BUY
SPY,2024-07-19T00:00:00.000000,1,50.83,BUY
SPY,2024-07-22T00:00:00.000000,1,50.83,BUY
SPY,2024-07-23T00:00:00.000000,1,50.83,BUY
SPY,2024-07-24T00:00:00.000000,1,50.83,BUY
SPY,2024-07-25T00:00:00.000000,1,50.83,BUY
SPY,2024-07-26T00:00:00.000000,1,50.83,BUY
SPY,2024-07-29T00:00:00.000000,1,49.72,BUY
SPY,2024-07-30T00:00:00.000000,1,49.72,BUY
SPY,2024-07-31T00:00:00.000000,1,50.83,BUY
SPY,2024-08-01T00:00:00.000000,1,50.83,BUY
SPY,2024-08-02T00:00:00.000000,1,50.83,BUY
SPY,2024-08-05T00:00:00.000000,1,50.83,BUY
SPY,2024-08-06T00:00:00.000000,1,50.83,BUY
SPY,2024-08-07T00:00:00.000000,1,50.83,BUY
SPY,2024-08-08T00:00:00.000000,1,50.83,BUY
SPY,2024-08-09T00:00:00.000000,1,50.83,BUY
SPY,2024-08-12T00:00:00.000000,1,50.83,BUY
SPY,2024-08-13T00:00:00.000000,1,50.83,BUY
SPY,2024-08-14T00:00:00.000000,1,50.83,BUY
SPY,2024-08-15T00:00:00.000000,1,50.83,BUY
SPY,2024-08-16T00:00:00.000000,1,50.83,BUY
SPY,2024-08-19T00:00:00.000000,1,50.83,BUY
SPY,2024-08-20T00:00:00.000000,1,50.83,BUY
SPY,2024-08-21T00:00:00.000000,1,50.83,BUY
SPY,2024-08-22T00:00:00.000000,1,50.83,BUY
SPY,2024-08-23T00:00:00.000000,1,50.83,BUY
SPY,2024-08-26T00:00:00.000000,1,49.72,BUY
SPY,2024-08-27T00:00:00.000000,1,49.72,BUY
SPY,2024-08-28T00:00:00.000000,1,49.72,BUY
SPY,2024-08-29T00:00:00.000000,1,49.72,BUY
SPY,2024-08-30T00:00:00.000000,1,49.72,BUY
SPY,2024-09-03T00:00:00.000000,1,49.72,BUY
SPY,2024-09-04T00:00:00.000000,1,49.72,BUY
SPY,2024-09-05T00:00:00.000000,1,49.72,BUY
SPY,2024-09-06T00:00:00.000000,1,50.83,BUY
SPY,2024-09-09T00:00:00.000000,1,50.83,BUY
SPY,2024-09-10T00:00:00.000000,1,50.83,BUY
SPY,2024-09-11T00:00:00.000000,1,50.83,BUY
SPY,2024-09-12T00:00:00.000000,1,50.83,BUY
SPY,2024-09-13T00:00:00.000000,1,50.83,BUY
SPY,2024-09-16T00:00:00.000000,1,50.83,BUY
SPY,2024-09-17T00:00:00.000000,1,50.83,BUY
SPY,2024-09-18T00:00:00.000000,1,50.83,BUY
SPY,2024-09-19T00:00:00.000000,1,50.83,BUY
SPY,2024-09-20T00:00:00.000000,1,50.83,BUY
SPY,2024-09-23T00:00:00.000000,1,50.83,BUY
SPY,2024-09-24T00:00:00.000000,1,50.83,BUY
SPY,2024-09-25T00:00:00.000000,1,50.83,BUY
SPY,2024-09-26T00:00:00.000000,1,49.72,BUY
SPY,2024-09-27T00:00:00.000000,1,49.72,BUY
SPY,2024-09-30T00:00:00.000000,1,49.72,BUY
SPY,2024-10-01T00:00:00.000000,1,49.72,BUY
SPY,2024-10-02T00:00:00.000000,1,49.72,BUY
SPY,2024-10-03T00:00:00.000000,1,50.83,BUY
SPY,2024-10-04T00:00:00.000000,1,50.83,BUY
SPY,2024-10-07T00:00:00.000000,1,50.83,BUY
SPY,2024-10-08T00:00:00.000000,1,50.83,BUY
SPY,2024-10-09T00:00:00.000000,1,50.83,BUY
SPY,2024-10-10T00:00:00.000000,1,50.83,BUY
SPY,2024-10-11T00:00:00.000000,1,50.83,BUY
SPY,2024-10-14T00:00:00.000000,1,50.83,BUY
SPY,2024-10-15T00:00:00.000000,1,50.83,BUY
SPY,2024-10-16T00:00:00.000000,1,50.83,BUY
SPY,2024-10-17T00:00:00.000000,1,50.83,BUY
SPY,2024-10-18T00:00:00.000000,1,50.83,BUY
SPY,2024-10-21T00:00:00.000000,1,50.83,BUY
SPY,2024-10-22T00:00:00.000000,1,50.83,BUY
SPY,2024-10-23T00:00:00.000000,1,50.83,BUY
SPY,2024-10-24T00:00:00.000000,1,50.83,BUY
SPY,2024-10-25T00:00:00.000000,1,50.83,BUY
SPY,2024-10-28T00:00:00.000000,1,50.83,BUY
SPY,2024-10-29T00:00:00.000000,1,50.83,BUY
SPY,2024-10-30T00:00:00.000000,1,50.83,BUY
SPY,2024-10-31T00:00:00.000000,1,50.83,BUY
SPY,2024-11-01T00:00:00.000000,1,50.83,BUY
SPY,2024-11-04T00:00:00.000000,1,50.83,BUY
SPY,2024-11-05T00:00:00.000000,1,50.83,BUY
SPY,2024-11-06T00:00:00.000000,1,50.83,BUY
SPY,2024-11-07T00:00:00.000000,1,50.83,BUY
SPY,2024-11-08T00:00:00.000000,1,50.83,BUY
SPY,2024-11-11T00:00:00.000000,1,49.72,BUY
SPY,2024-11-12T00:00:00.000000,1,49.72,BUY
SPY,2024-11-13T00:00:00.000000,1,49.72,BUY
SPY,2024-11-14T00:00:00.000000,1,49.72,BUY
SPY,2024-11-15T00:00:00.000000,1,48.51,BUY
SPY,2024-11-18T00:00:00.000000,1,48.51,BUY
SPY,2024-11-19T00:00:00.000000,1,48.51,BUY
SPY,2024-11-20T00:00:00.000000,1,49.72,BUY
SPY,2024-11-21T00:00:00.000000,1,49.72,BUY
SPY,2024-11-22T00:00:00.000000,1,49.72,BUY
SPY,2024-11-25T00:00:00.000000,1,49.72,BUY
SPY,2024-11-26T00:00:00.000000,1,49.72,BUY
SPY,2024-11-27T00:00:00.000000,1,49.72,BUY
SPY,2024-11-29T00:00:00.000000,1,49.72,BUY
SPY,2024-12-02T00:00:00.000000,1,49.72,BUY
SPY,2024-12-03T00:00:00.000000,1,49.72,BUY
SPY,2024-12-04T00:00:00.000000,1,49.72,BUY
SPY,2024-12-05T00:00:00.000000,1,49.72,BUY
SPY,2024-12-06T00:00:00.000000,1,50.83,BUY
SPY,2024-12-09T00:00:00.000000,1,50.83,BUY
SPY,2024-12-10T00:00:00.000000,1,50.83,BUY
SPY,2024-12-11T00:00:00.000000,1,50.83,BUY
SPY,2024-12-12T00:00:00.000000,1,50.83,BUY
SPY,2024-12-13T00:00:00.000000,1,50.83,BUY
SPY,2024-12-16T00:00:00.000000,1,50.83,BUY
SPY,2024-12-17T00:00:00.000000,1,50.83,BUY
SPY,2024-12-18T00:00:00.000000,1,50.83,BUY
SPY,2024-12-19T00:00:00.000000,1,50.83,BUY
SPY,2024-12-20T00:00:00.000000,1,50.83,BUY
TGT,2023-02-21T00:00:00.000000,1,49.72,BUY
TGT,2023-02-22T00:00:00.000000,1,49.72,BUY
TGT,2023-02-23T00:00:00.000000,1,49.72,BUY
TGT,2023-02-24T00:00:00.000000,1,49.72,BUY
TGT,2023-02-27T00:00:00.000000,1,49.72,BUY
TGT,2023-02-28T00:00:00.000000,1,49.72,BUY
TGT,2023-03-01T00:00:00.000000,1,49.72,BUY
TGT,2023-03-02T00:00:00.000000,1,49.72,BUY
TGT,2023-03-03T00:00:00.000000,1,50.83,BUY
TGT,2023-03-06T00:00:00.000000,1,50.83,BUY
TGT,2023-03-07T00:00:00.000000,1,49.72,BUY
TGT,2023-03-08T00:00:00.000000,1,49.72,BUY
TGT,2023-03-09T00:00:00.000000,1,49.72,BUY
TGT,2023-03-10T00:00:00.000000,1,49.72,BUY
TGT,2023-03-13T00:00:00.000000,1,49.72,BUY
TGT,2023-03-14T00:00:00.000000,1,49.72,BUY
TGT,2023-03-15T00:00:00.000000,1,49.72,BUY
TGT,2023-03-16T00:00:00.000000,1,49.72,BUY
TGT,2023-03-17T00:00:00.000000,1,49.72,BUY
TGT,2023-03-20T00:00:00.000000,1,49.72,BUY
TGT,2023-03-21T00:00:00.000000,1,49.72,BUY
TGT,2023-03-22T00:00:00.000000,1,49.72,BUY
TGT,2023-03-23T00:00:00.000000,1,50.83,BUY
TGT,2023-03-24T00:00:00.000000,1,50.83,BUY
TGT,2023-03-27T00:00:00.000000,1,49.72,BUY
TGT,2023-03-28T00:00:00.000000,1,49.72,BUY
TGT,2023-03-29T00:00:00.000000,1,49.72,BUY
TGT,2023-03-30T00:00:00.000000,1,49.72,BUY
TGT,2023-03-31T00:00:00.000000,1,49.72,BUY
TGT,2023-04-03T00:00:00.000000,1,48.51,BUY
TGT,2023-04-04T00:00:00.000000,1,49.72,BUY
TGT,2023-04-05T00:00:00.000000,1,48.51,BUY
TGT,2023-04-06T00:00:00.000000,0,48.51,SELL
TGT,2023-04-10T00:00:00.000000,0,48.51,SELL
TGT,2023-04-11T00:00:00.000000,0,48.51,SELL
TGT,2023-04-12T00:00:00.000000,0,48.51,SELL
TGT,2023-04-13T00:00:00.000000,0,48.51,SELL
TGT,2023-04-14T00:00:00.000000,0,48.51,SELL
TGT,2023-04-17T00:00:00.000000,0,48.51,SELL
TGT,2023-04-18T00:00:00.000000,0,48.51,SELL
TGT,2023-04-19T00:00:00.000000,0,48.51,SELL
TGT,2023-04-20T00:00:00.000000,0,48.51,SELL
TGT,2023-04-21T00:00:00.000000,0,48.51,SELL
TGT,2023-04-24T00:00:00.000000,0,48.51,SELL
TGT,2023-04-25T00:00:00.000000,0,48.51,SELL
TGT,2023-04-26T00:00:00.000000,0,48.51,SELL
TGT,2023-04-27T00:00:00.000000,0,48.51,SELL
TGT,2023-04-28T00:00:00.000000,0,48.51,SELL
TGT,2023-05-01T00:00:00.000000,0,48.51,SELL
TGT,2023-05-02T00:00:00.000000,0,48.51,SELL
TGT,2023-05-03T00:00:00.000000,0,48.51,SELL
TGT,2023-05-04T00:00:00.000000,1,49.72,BUY
TGT,2023-05-05T00:00:00.000000,1,49.72,BUY
TGT,2023-05-08T00:00:00.000000,1,49.72,BUY
TGT,2023-05-09T00:00:00.000000,1,49.72,BUY
TGT,2023-05-10T00:00:00.000000,1,49.72,BUY
TGT,2023-05-11T00:00:00.000000,1,48.51,BUY
TGT,2023-05-12T00:00:00.000000,1,49.72,BUY
TGT,2023-05-15T00:00:00.000000,1,49.72,BUY
TGT,2023-05-16T00:00:00.000000,1,49.72,BUY
TGT,2023-05-17T00:00:00.000000,1,49.72,BUY
TGT,2023-05-18T00:00:00.000000,1,49.72,BUY
TGT,2023-05-19T00:00:00.000000,1,49.72,BUY
TGT,2023-05-22T00:00:00.000000,1,49.72,BUY
TGT,2023-05-23T00:00:00.000000,1,49.72,BUY
TGT,2023-05-24T00:00:00.000000,1,49.72,BUY
TGT,2023-05-25T00:00:00.000000,1,48.51,BUY
TGT,2023-05-26T00:00:00.000000,1,48.51,BUY
TGT,2023-05-30T00:00:00.000000,1,48.51,BUY
TGT,2023-05-31T00:00:00.000000,1,48.51,BUY
TGT,2023-06-01T00:00:00.000000,1,48.51,BUY
TGT,2023-06-02T00:00:00.000000,1,48.51,BUY
TGT,2023-06-05T00:00:00.000000,0,48.51,SELL
TGT,2023-06-06T00:00:00.000000,0,48.51,SELL
TGT,2023-06-07T00:00:00.000000,0,48.51,SELL
TGT,2023-06-08T00:00:00.000000,0,44.85,SELL
TGT,2023-06-09T00:00:00.000000,0,38.31,SELL
TGT,2023-06-12T00:00:00.000000,0,38.31,SELL
TGT,2023-06-13T00:00:00.000000,0,38.31,SELL
TGT,2023-06-14T00:00:00.000000,0,32.82,SELL
TGT,2023-06-15T00:00:00.000000,0,32.82,SELL
TGT,2023-06-16T00:00:00.000000,0,32.82,SELL
TGT,2023-06-20T00:00:00.000000,0,38.31,SELL
TGT,2023-06-21T00:00:00.000000,0,38.31,SELL
TGT,2023-06-22T00:00:00.000000,0,38.31,SELL
TGT,2023-06-23T00:00:00.000000,0,44.85,SELL
TGT,2023-06-26T00:00:00.000000,0,48.51,SELL
TGT,2023-06-27T00:00:00.000000,0,48.51,SELL
TGT,2023-06-28T00:00:00.000000,1,48.51,BUY
TGT,2023-06-29T00:00:00.000000,1,49.72,BUY
TGT,2023-06-30T00:00:00.000000,1,49.72,BUY
TGT,2023-07-03T00:00:00.000000,1,50.83,BUY
TGT,2023-07-05T00:00:00.000000,1,49.72,BUY
TGT,2023-07-06T00:00:00.000000,1,49.72,BUY
TGT,2023-07-07T00:00:00.000000,1,49.72,BUY
TGT,2023-07-10T00:00:00.000000,1,49.72,BUY
TGT,2023-07-11T00:00:00.000000,1,50.83,BUY
TGT,2023-07-12T00:00:00.000000,1,50.83,BUY
TGT,2023-07-13T00:00:00.000000,1,49.72,BUY
TGT,2023-07-14T00:00:00.000000,1,49.72,BUY
TGT,2023-07-17T00:00:00.000000,1,49.72,BUY
TGT,2023-07-18T00:00:00.000000,1,49.72,BUY
TGT,2023-07-19T00:00:00.000000,1,49.72,BUY
TGT,2023-07-20T00:00:00.000000,1,48.51,BUY
TGT,2023-07-21T00:00:00.000000,0,48.51,SELL
TGT,2023-07-24T00:00:00.000000,0,48.51,SELL
TGT,2023-07-25T00:00:00.000000,0,48.51,SELL
TGT,2023-07-26T00:00:00.000000,0,48.51,SELL
TGT,2023-07-27T00:00:00.000000,0,44.85,SELL
TGT,2023-07-28T00:00:00.000000,0,38.31,SELL
TGT,2023-07-31T00:00:00.000000,0,38.31,SELL
TGT,2023-08-01T00:00:00.000000,0,38.31,SELL
TGT,2023-08-02T00:00:00.000000,0,38.31,SELL
TGT,2023-08-03T00:00:00.000000,0,44.85,SELL
TGT,2023-08-04T00:00:00.000000,0,48.51,SELL
TGT,2023-08-07T00:00:00.000000,0,48.51,SELL
TGT,2023-08-08T00:00:00.000000,0,48.51,SELL
TGT,2023-08-09T00:00:00.000000,0,48.51,SELL
TGT,2023-08-10T00:00:00.000000,0,48.51,SELL
TGT,2023-08-11T00:00:00.000000,0,48.51,SELL
TGT,2023-08-14T00:00:00.000000,0,48.51,SELL
TGT,2023-08-15T00:00:00.000000,0,48.51,SELL
TGT,2023-08-16T00:00:00.000000,0,48.51,SELL
TGT,2023-08-17T00:00:00.000000,1,49.72,BUY
TGT,2023-08-18T00:00:00.000000,1,49.72,BUY
TGT,2023-08-21T00:00:00.000000,1,49.72,BUY
TGT,2023-08-22T00:00:00.000000,1,49.72,BUY
TGT,2023-08-23T00:00:00.000000,1,50.83,BUY
TGT,2023-08-24T00:00:00.000000,1,50.83,BUY
TGT,2023-08-25T00:00:00.000000,1,50.83,BUY
TGT,2023-08-28T00:00:00.000000,1,50.83,BUY
TGT,2023-08-29T00:00:00.000000,1,49.72,BUY
TGT,2023-08-30T00:00:00.000000,1,49.72,BUY
TGT,2023-08-31T00:00:00.000000,1,48.51,BUY
TGT,2023-09-01T00:00:00.000000,0,48.51,SELL
TGT,2023-09-05T00:00:00.000000,0,48.51,SELL
TGT,2023-09-06T00:00:00.000000,0,44.85,SELL
TGT,2023-09-07T00:00:00.000000,0,45.45,SELL
TGT,2023-09-08T00:00:00.000000,0,45.45,SELL
TGT,2023-09-11T00:00:00.000000,0,48.51,SELL
TGT,2023-09-12T00:00:00.000000,0,48.51,SELL
TGT,2023-09-13T00:00:00.000000,1,49.72,BUY
TGT,2023-09-14T00:00:00.000000,1,49.72,BUY
TGT,2023-09-15T00:00:00.000000,1,49.72,BUY
TGT,2023-09-18T00:00:00.000000,1,49.72,BUY
TGT,2023-09-19T00:00:00.000000,1,49.72,BUY
TGT,2023-09-20T00:00:00.000000,1,49.72,BUY
TGT,2023-09-21T00:00:00.000000,1,48.51,BUY
TGT,2023-09-22T00:00:00.000000,1,49.72,BUY
TGT,2023-09-25T00:00:00.000000,1,49.72,BUY
TGT,2023-09-26T00:00:00.000000,1,49.72,BUY
TGT,2023-09-27T00:00:00.000000,1,49.72,BUY
TGT,2023-09-28T00:00:00.000000,1,49.72,BUY
TGT,2023-09-29T00:00:00.000000,1,49.72,BUY
TGT,2023-10-02T00:00:00.000000,1,49.72,BUY
TGT,2023-10-03T00:00:00.000000,1,49.72,BUY
TGT,2023-10-04T00:00:00.000000,1,49.72,BUY
TGT,2023-10-05T00:00:00.000000,1,49.72,BUY
TGT,2023-10-06T00:00:00.000000,0,48.51,SELL
TGT,2023-10-09T00:00:00.000000,0,48.51,SELL
TGT,2023-10-10T00:00:00.000000,0,48.51,SELL
TGT,2023-10-11T00:00:00.000000,0,48.51,SELL
TGT,2023-10-12T00:00:00.000000,0,48.51,SELL
TGT,2023-10-13T00:00:00.000000,0,48.51,SELL
TGT,2023-10-16T00:00:00.000000,0,48.51,SELL
TGT,2023-10-17T00:00:00.000000,0,48.51,SELL
TGT,2023-10-18T00:00:00.000000,0,48.51,SELL
TGT,2023-10-19T00:00:00.000000,1,48.51,BUY
TGT,2023-10-20T00:00:00.000000,1,48.51,BUY
TGT,2023-10-23T00:00:00.000000,1,49.72,BUY
TGT,2023-10-24T00:00:00.000000,1,49.72,BUY
TGT,2023-10-25T00:00:00.000000,1,50.83,BUY
TGT,2023-10-26T00:00:00.000000,1,50.83,BUY
TGT,2023-10-27T00:00:00.000000,1,50.83,BUY
TGT,2023-10-30T00:00:00.000000,1,50.83,BUY
TGT,2023-10-31T00:00:00.000000,1,50.83,BUY
TGT,2023-11-01T00:00:00.000000,1,50.83,BUY
TGT,2023-11-02T00:00:00.000000,1,50.83,BUY
TGT,2023-11-03T00:00:00.000000,1,50.83,BUY
TGT,2023-11-06T00:00:00.000000,1,50.83,BUY
TGT,2023-11-07T00:00:00.000000,1,49.72,BUY
TGT,2023-11-08T00:00:00.000000,1,49.72,BUY
TGT,2023-11-09T00:00:00.000000,1,49.72,BUY
TGT,2023-11-10T00:00:00.000000,1,49.72,BUY
TGT,2023-11-13T00:00:00.000000,1,49.72,BUY
TGT,2023-11-14T00:00:00.000000,1,49.72,BUY
TGT,2023-11-15T00:00:00.000000,1,48.51,BUY
TGT,2023-11-16T00:00:00.000000,0,48.51,SELL
TGT,2023-11-17T00:00:00.000000,0,48.51,SELL
TGT,2023-11-20T00:00:00.000000,0,48.51,SELL
TGT,2023-11-21T00:00:00.000000,0,48.51,SELL
TGT,2023-11-22T00:00:00.000000,1,49.72,BUY
TGT,2023-11-24T00:00:00.000000,1,49.72,BUY
TGT,2023-11-27T00:00:00.000000,1,49.72,BUY
TGT,2023-11-28T00:00:00.000000,1,50.83,BUY
TGT,2023-11-29T00:00:00.000000,1,50.83,BUY
TGT,2023-11-30T00:00:00.000000,1,50.83,BUY
TGT,2023-12-01T00:00:00.000000,1,50.83,BUY
TGT,2023-12-04T00:00:00.000000,1,49.72,BUY
TGT,2023-12-05T00:00:00.000000,1,49.72,BUY
TGT,2023-12-06T00:00:00.000000,1,49.72,BUY
TGT,2023-12-07T00:00:00.000000,1,49.72,BUY
TGT,2023-12-08T00:00:00.000000,1,48.51,BUY
TGT,2023-12-11T00:00:00.000000,1,48.51,BUY
TGT,2023-12-12T00:00:00.000000,1,48.51,BUY
TGT,2023-12-13T00:00:00.000000,1,48.51,BUY
TGT,2023-12-14T00:00:00.000000,1,48.51,BUY
TGT,2023-12-15T00:00:00.000000,1,48.51,BUY
TGT,2023-12-18T00:00:00.000000,0,48.51,SELL
TGT,2023-12-19T00:00:00.000000,0,48.51,SELL
TGT,2023-12-20T00:00:00.000000,0,48.51,SELL
TGT,2023-12-21T00:00:00.000000,0,44.85,SELL
TGT,2023-12-22T00:00:00.000000,0,38.31,SELL
TGT,2023-12-26T00:00:00.000000,0,38.31,SELL
TGT,2023-12-27T00:00:00.000000,0,32.82,SELL
TGT,2023-12-28T00:00:00.000000,0,32.82,SELL
TGT,2023-12-29T00:00:00.000000,0,32.82,SELL
TGT,2024-01-02T00:00:00.000000,0,32.82,SELL
TGT,2024-01-03T00:00:00.000000,0,32.82,SELL
TGT,2024-01-04T00:00:00.000000,0,32.82,SELL
TGT,2024-01-05T00:00:00.000000,0,32.82,SELL
TGT,2024-01-08T00:00:00.000000,0,32.82,SELL
TGT,2024-01-09T00:00:00.000000,0,32.82,SELL
TGT,2024-01-10T00:00:00.000000,0,32.82,SELL
TGT,2024-01-11T00:00:00.000000,0,37.5,SELL
TGT,2024-01-12T00:00:00.000000,0,38.31,SELL
TGT,2024-01-16T00:00:00.000000,0,38.31,SELL
TGT,2024-01-17T00:00:00.000000,0,38.31,SELL
TGT,2024-01-18T00:00:00.000000,0,44.85,SELL
TGT,2024-01-19T00:00:00.000000,0,44.85,SELL
TGT,2024-01-22T00:00:00.000000,0,44.85,SELL
TGT,2024-01-23T00:00:00.000000,0,48.51,SELL
TGT,2024-01-24T00:00:00.000000,0,48.51,SELL
TGT,2024-01-25T00:00:00.000000,0,48.51,SELL
TGT,2024-01-26T00:00:00.000000,0,48.51,SELL
TGT,2024-01-29T00:00:00.000000,0,45.45,SELL
TGT,2024-01-30T00:00:00.000000,0,44.85,SELL
TGT,2024-01-31T00:00:00.000000,0,44.85,SELL
TGT,2024-02-01T00:00:00.000000,0,44.85,SELL
TGT,2024-02-02T00:00:00.000000,0,44.85,SELL
TGT,2024-02-05T00:00:00.000000,0,44.85,SELL
TGT,2024-02-06T00:00:00.000000,0,44.85,SELL
TGT,2024-02-07T00:00:00.000000,0,44.85,SELL
TGT,2024-02-08T00:00:00.000000,0,44.85,SELL
TGT,2024-02-09T00:00:00.000000,0,44.85,SELL
TGT,2024-02-12T00:00:00.000000,0,44.85,SELL
TGT,2024-02-13T00:00:00.000000,0,48.51,SELL
TGT,2024-02-14T00:00:00.000000,0,48.51,SELL
TGT,2024-02-15T00:00:00.000000,0,48.51,SELL
TGT,2024-02-16T00:00:00.000000,0,48.51,SELL
TGT,2024-02-20T00:00:00.000000,0,48.51,SELL
TGT,2024-02-21T00:00:00.000000,0,48.51,SELL
TGT,2024-02-22T00:00:00.000000,0,48.51,SELL
TGT,2024-02-23T00:00:00.000000,0,48.51,SELL
TGT,2024-02-26T00:00:00.000000,0,48.51,SELL
TGT,2024-02-27T00:00:00.000000,0,48.51,SELL
TGT,2024-02-28T00:00:00.000000,0,48.51,SELL
TGT,2024-02-29T00:00:00.000000,0,44.85,SELL
TGT,2024-03-01T00:00:00.000000,0,44.85,SELL
TGT,2024-03-04T00:00:00.000000,0,44.85,SELL
TGT,2024-03-05T00:00:00.000000,0,44.85,SELL
TGT,2024-03-06T00:00:00.000000,0,44.85,SELL
TGT,2024-03-07T00:00:00.000000,0,44.85,SELL
TGT,2024-03-08T00:00:00.000000,0,48.51,SELL
TGT,2024-03-11T00:00:00.000000,0,48.51,SELL
TGT,2024-03-12T00:00:00.000000,0,48.51,SELL
TGT,2024-03-13T00:00:00.000000,1,48.51,BUY
TGT,2024-03-14T00:00:00.000000,1,49.72,BUY
TGT,2024-03-15T00:00:00.000000,1,49.72,BUY
TGT,2024-03-18T00:00:00.000000,1,49.72,BUY
TGT,2024-03-19T00:00:00.000000,1,49.72,BUY
TGT,2024-03-20T00:00:00.000000,1,49.72,BUY
TGT,2024-03-21T00:00:00.000000,1,49.72,BUY
TGT,2024-03-22T00:00:00.000000,1,48.51,BUY
TGT,2024-03-25T00:00:00.000000,0,48.51,SELL
TGT,2024-03-26T00:00:00.000000,0,44.85,SELL
TGT,2024-03-27T00:00:00.000000,0,44.85,SELL
TGT,2024-03-28T00:00:00.000000,0,44.85,SELL
TGT,2024-04-01T00:00:00.000000,0,38.31,SELL
TGT,2024-04-02T00:00:00.000000,0,40.62,SELL
TGT,2024-04-03T00:00:00.000000,0,44.85,SELL
TGT,2024-04-04T00:00:00.000000,0,45.45,SELL
TGT,2024-04-05T00:00:00.000000,0,48.51,SELL
TGT,2024-04-08T00:00:00.000000,0,48.51,SELL
TGT,2024-04-09T00:00:00.000000,0,48.51,SELL
TGT,2024-04-10T00:00:00.000000,0,48.51,SELL
TGT,2024-04-11T00:00:00.000000,0,48.51,SELL
TGT,2024-04-12T00:00:00.000000,0,48.51,SELL
TGT,2024-04-15T00:00:00.000000,0,48.51,SELL
TGT,2024-04-16T00:00:00.000000,0,48.51,SELL
TGT,2024-04-17T00:00:00.000000,0,48.51,SELL
TGT,2024-04-18T00:00:00.000000,0,48.51,SELL
TGT,2024-04-19T00:00:00.000000,0,48.51,SELL
TGT,2024-04-22T00:00:00.000000,0,48.51,SELL
TGT,2024-04-23T00:00:00.000000,1,48.51,BUY
TGT,2024-04-24T00:00:00.000000,1,49.72,BUY
TGT,2024-04-25T00:00:00.000000,1,50.83,BUY
TGT,2024-04-26T00:00:00.000000,1,50.83,BUY
TGT,2024-04-29T00:00:00.000000,1,50.83,BUY
TGT,2024-04-30T00:00:00.000000,1,50.83,BUY
TGT,2024-05-01T00:00:00.000000,1,50.83,BUY
TGT,2024-05-02T00:00:00.000000,1,49.72,BUY
TGT,2024-05-03T00:00:00.000000,1,49.72,BUY
TGT,2024-05-06T00:00:00.000000,1,49.72,BUY
TGT,2024-05-07T00:00:00.000000,1,49.72,BUY
TGT,2024-05-08T00:00:00.000000,0,48.51,SELL
TGT,2024-05-09T00:00:00.000000,0,48.51,SELL
TGT,2024-05-10T00:00:00.000000,0,48.51,SELL
TGT,2024-05-13T00:00:00.000000,0,48.51,SELL
TGT,2024-05-14T00:00:00.000000,0,48.51,SELL
TGT,2024-05-15T00:00:00.000000,0,48.51,SELL
TGT,2024-05-16T00:00:00.000000,0,48.51,SELL
TGT,2024-05-17T00:00:00.000000,0,48.51,SELL
TGT,2024-05-20T00:00:00.000000,0,48.51,SELL
TGT,2024-05-21T00:00:00.000000,0,48.51,SELL
TGT,2024-05-22T00:00:00.000000,0,48.51,SELL
TGT,2024-05-23T00:00:00.000000,0,48.51,SELL
TGT,2024-05-24T00:00:00.000000,0,48.51,SELL
TGT,2024-05-28T00:00:00.000000,0,48.51,SELL
TGT,2024-05-29T00:00:00.000000,0,38.31,SELL
TGT,2024-05-30T00:00:00.000000,0,38.31,SELL
TGT,2024-05-31T00:00:00.000000,0,38.1,SELL
TGT,2024-06-03T00:00:00.000000,0,35.29,SELL
TGT,2024-06-04T00:00:00.000000,0,38.1,SELL
TGT,2024-06-05T00:00:00.000000,0,38.31,SELL
TGT,2024-06-06T00:00:00.000000,0,44.85,SELL
TGT,2024-06-07T00:00:00.000000,0,48.51,SELL
TGT,2024-06-10T00:00:00.000000,0,48.51,SELL
TGT,2024-06-11T00:00:00.000000,1,49.72,BUY
TGT,2024-06-12T00:00:00.000000,1,49.72,BUY
TGT,2024-06-13T00:00:00.000000,1,49.72,BUY
TGT,2024-06-14T00:00:00.000000,1,49.72,BUY
TGT,2024-06-17T00:00:00.000000,1,50.83,BUY
TGT,2024-06-18T00:00:00.000000,1,49.72,BUY
TGT,2024-06-20T00:00:00.000000,1,49.72,BUY
TGT,2024-06-21T00:00:00.000000,1,48.51,BUY
TGT,2024-06-24T00:00:00.000000,1,48.51,BUY
TGT,2024-06-25T00:00:00.000000,1,49.72,BUY
TGT,2024-06-26T00:00:00.000000,1,49.72,BUY
TGT,2024-06-27T00:00:00.000000,1,49.72,BUY
TGT,2024-06-28T00:00:00.000000,1,49.72,BUY
TGT,2024-07-01T00:00:00.000000,1,48.51,BUY
TGT,2024-07-02T00:00:00.000000,0,48.51,SELL
TGT,2024-07-03T00:00:00.000000,1,48.51,BUY
TGT,2024-07-05T00:00:00.000000,1,48.51,BUY
TGT,2024-07-08T00:00:00.000000,1,48.51,BUY
TGT,2024-07-09T00:00:00.000000,1,49.72,BUY
TGT,2024-07-10T00:00:00.000000,1,49.72,BUY
TGT,2024-07-11T00:00:00.000000,1,49.72,BUY
TGT,2024-07-12T00:00:00.000000,1,49.72,BUY
TGT,2024-07-15T00:00:00.000000,1,49.72,BUY
TGT,2024-07-16T00:00:00.000000,1,48.51,BUY
TGT,2024-07-17T00:00:00.000000,1,49.72,BUY
TGT,2024-07-18T00:00:00.000000,1,49.72,BUY
TGT,2024-07-19T00:00:00.000000,1,49.72,BUY
TGT,2024-07-22T00:00:00.000000,1,49.72,BUY
TGT,2024-07-23T00:00:00.000000,1,49.72,BUY
TGT,2024-07-24T00:00:00.000000,1,49.72,BUY
TGT,2024-07-25T00:00:00.000000,1,49.72,BUY
TGT,2024-07-26T00:00:00.000000,1,49.72,BUY
TGT,2024-07-29T00:00:00.000000,1,49.72,BUY
TGT,2024-07-30T00:00:00.000000,1,49.72,BUY
TGT,2024-07-31T00:00:00.000000,1,49.72,BUY
TGT,2024-08-01T00:00:00.000000,1,49.72,BUY
TGT,2024-08-02T00:00:00.000000,1,49.72,BUY
TGT,2024-08-05T00:00:00.000000,1,49.72,BUY
TGT,2024-08-06T00:00:00.000000,1,49.72,BUY
TGT,2024-08-07T00:00:00.000000,1,49.72,BUY
TGT,2024-08-08T00:00:00.000000,1,49.72,BUY
TGT,2024-08-09T00:00:00.000000,1,49.72,BUY
TGT,2024-08-12T00:00:00.000000,1,49.72,BUY
TGT,2024-08-13T00:00:00.000000,1,49.72,BUY
TGT,2024-08-14T00:00:00.000000,1,49.72,BUY
TGT,2024-08-15T00:00:00.000000,1,50.83,BUY
TGT,2024-08-16T00:00:00.000000,1,49.72,BUY
TGT,2024-08-19T00:00:00.000000,1,49.72,BUY
TGT,2024-08-20T00:00:00.000000,1,49.72,BUY
TGT,2024-08-21T00:00:00.000000,1,49.72,BUY
TGT,2024-08-22T00:00:00.000000,1,49.72,BUY
TGT,2024-08-23T00:00:00.000000,1,49.72,BUY
TGT,2024-08-26T00:00:00.000000,1,49.72,BUY
TGT,2024-08-27T00:00:00.000000,1,49.72,BUY
TGT,2024-08-28T00:00:00.000000,1,50.83,BUY
TGT,2024-08-29T00:00:00.000000,1,50.83,BUY
TGT,2024-08-30T00:00:00.000000,1,50.83,BUY
TGT,2024-09-03T00:00:00.000000,1,50.83,BUY
TGT,2024-09-04T00:00:00.000000,1,50.83,BUY
TGT,2024-09-05T00:00:00.000000,1,50.83,BUY
TGT,2024-09-06T00:00:00.000000,1,50.83,BUY
TGT,2024-09-09T00:00:00.000000,1,50.83,BUY
TGT,2024-09-10T00:00:00.000000,1,50.83,BUY
TGT,2024-09-11T00:00:00.000000,1,50.83,BUY
TGT,2024-09-12T00:00:00.000000,1,49.72,BUY
TGT,2024-09-13T00:00:00.000000,1,49.72,BUY
TGT,2024-09-16T00:00:00.000000,1,49.72,BUY
TGT,2024-09-17T00:00:00.000000,1,49.72,BUY
TGT,2024-09-18T00:00:00.000000,1,49.72,BUY
TGT,2024-09-19T00:00:00.000000,1,49.72,BUY
TGT,2024-09-20T00:00:00.000000,1,49.72,BUY
TGT,2024-09-23T00:00:00.000000,1,48.51,BUY
TGT,2024-09-24T00:00:00.000000,0,48.51,SELL
TGT,2024-09-25T00:00:00.000000,0,44.85,SELL
TGT,2024-09-26T00:00:00.000000,0,44.85,SELL
TGT,2024-09-27T00:00:00.000000,0,44.85,SELL
TGT,2024-09-30T00:00:00.000000,0,48.51,SELL
TGT,2024-10-01T00:00:00.000000,0,48.51,SELL
TGT,2024-10-02T00:00:00.000000,0,48.51,SELL
TGT,2024-10-03T00:00:00.000000,0,44.85,SELL
TGT,2024-10-04T00:00:00.000000,0,44.85,SELL
TGT,2024-10-07T00:00:00.000000,0,44.85,SELL
TGT,2024-10-08T00:00:00.000000,0,48.51,SELL
TGT,2024-10-09T00:00:00.000000,0,48.51,SELL
TGT,2024-10-10T00:00:00.000000,0,44.85,SELL
TGT,2024-10-11T00:00:00.000000,0,40.62,SELL
TGT,2024-10-14T00:00:00.000000,0,38.31,SELL
TGT,2024-10-15T00:00:00.000000,0,38.31,SELL
TGT,2024-10-16T00:00:00.000000,0,38.31,SELL
TGT,2024-10-17T00:00:00.000000,0,38.31,SELL
TGT,2024-10-18T00:00:00.000000,0,38.31,SELL
TGT,2024-10-21T00:00:00.000000,0,44.85,SELL
TGT,2024-10-22T00:00:00.000000,0,44.85,SELL
TGT,2024-10-23T00:00:00.000000,0,48.51,SELL
TGT,2024-10-24T00:00:00.000000,0,48.51,SELL
TGT,2024-10-25T00:00:00.000000,0,48.51,SELL
TGT,2024-10-28T00:00:00.000000,0,48.51,SELL
TGT,2024-10-29T00:00:00.000000,0,48.51,SELL
TGT,2024-10-30T00:00:00.000000,0,48.51,SELL
TGT,2024-10-31T00:00:00.000000,0,48.51,SELL
TGT,2024-11-01T00:00:00.000000,0,48.51,SELL
TGT,2024-11-04T00:00:00.000000,1,48.51,BUY
TGT,2024-11-05T00:00:00.000000,1,48.51,BUY
TGT,2024-11-06T00:00:00.000000,1,49.72,BUY
TGT,2024-11-07T00:00:00.000000,1,49.72,BUY
TGT,2024-11-08T00:00:00.000000,1,49.72,BUY
TGT,2024-11-11T00:00:00.000000,1,49.72,BUY
TGT,2024-11-12T00:00:00.000000,1,49.72,BUY
TGT,2024-11-13T00:00:00.000000,0,48.51,SELL
TGT,2024-11-14T00:00:00.000000,0,48.51,SELL
TGT,2024-11-15T00:00:00.000000,0,45.45,SELL
TGT,2024-11-18T00:00:00.000000,0,44.85,SELL
TGT,2024-11-19T00:00:00.000000,0,38.31,SELL
TGT,2024-11-20T00:00:00.000000,0,38.1,SELL
TGT,2024-11-21T00:00:00.000000,0,38.31,SELL
TGT,2024-11-22T00:00:00.000000,0,44.85,SELL
TGT,2024-11-25T00:00:00.000000,0,45.45,SELL
TGT,2024-11-26T00:00:00.000000,0,48.51,SELL
TGT,2024-11-27T00:00:00.000000,1,49.72,BUY
TGT,2024-11-29T00:00:00.000000,1,48.51,BUY
TGT,2024-12-02T00:00:00.000000,0,48.51,SELL
TGT,2024-12-03T00:00:00.000000,0,48.51,SELL
TGT,2024-12-04T00:00:00.000000,0,48.51,SELL
TGT,2024-12-05T00:00:00.000000,0,48.51,SELL
TGT,2024-12-06T00:00:00.000000,0,38.31,SELL
TGT,2024-12-09T00:00:00.000000,0,38.31,SELL
TGT,2024-12-10T00:00:00.000000,0,48.51,SELL
TGT,2024-12-11T00:00:00.000000,0,48.51,SELL
TGT,2024-12-12T00:00:00.000000,1,49.72,BUY
TGT,2024-12-13T00:00:00.000000,1,49.72,BUY
TGT,2024-12-16T00:00:00.000000,1,49.72,BUY
TGT,2024-12-17T00:00:00.000000,1,49.72,BUY
TGT,2024-12-18T00:00:00.000000,1,50.83,BUY
TGT,2024-12-19T00:00:00.000000,1,50.83,BUY
TGT,2024-12-20T00:00:00.000000,1,50.83,BUY
TLT,2023-02-21T00:00:00.000000,0,38.31,SELL
TLT,2023-02-22T00:00:00.000000,0,38.31,SELL
TLT,2023-02-23T00:00:00.000000,0,38.31,SELL
TLT,2023-02-24T00:00:00.000000,0,44.85,SELL
TLT,2023-02-27T00:00:00.000000,0,44.85,SELL
TLT,2023-02-28T00:00:00.000000,0,44.85,SELL
TLT,2023-03-01T00:00:00.000000,0,48.51,SELL
TLT,2023-03-02T00:00:00.000000,0,48.51,SELL
TLT,2023-03-03T00:00:00.000000,1,48.51,BUY
TLT,2023-03-06T00:00:00.000000,1,48.51,BUY
TLT,2023-03-07T00:00:00.000000,1,49.72,BUY
TLT,2023-03-08T00:00:00.000000,1,48.51,BUY
TLT,2023-03-09T00:00:00.000000,1,48.51,BUY
TLT,2023-03-10T00:00:00.000000,1,48.51,BUY
TLT,2023-03-13T00:00:00.000000,1,48.51,BUY
TLT,2023-03-14T00:00:00.000000,1,49.72,BUY
TLT,2023-03-15T00:00:00.000000,1,49.72,BUY
TLT,2023-03-16T00:00:00.000000,1,49.72,BUY
TLT,2023-03-17T00:00:00.000000,1,50.83,BUY
TLT,2023-03-20T00:00:00.000000,1,50.83,BUY
TLT,2023-03-21T00:00:00.000000,1,50.83,BUY
TLT,2023-03-22T00:00:00.000000,1,50.83,BUY
TLT,2023-03-23T00:00:00.000000,1,50.83,BUY
TLT,2023-03-24T00:00:00.000000,1,50.83,BUY
TLT,2023-03-27T00:00:00.000000,1,49.72,BUY
TLT,2023-03-28T00:00:00.000000,1,49.72,BUY
TLT,2023-03-29T00:00:00.000000,1,49.72,BUY
TLT,2023-03-30T00:00:00.000000,0,48.51,SELL
TLT,2023-03-31T00:00:00.000000,0,48.51,SELL
TLT,2023-04-03T00:00:00.000000,0,44.85,SELL
TLT,2023-04-04T00:00:00.000000,0,38.31,SELL
TLT,2023-04-05T00:00:00.000000,0,38.31,SELL
TLT,2023-04-06T00:00:00.000000,0,38.31,SELL
TLT,2023-04-10T00:00:00.000000,0,38.31,SELL
TLT,2023-04-11T00:00:00.000000,0,38.31,SELL
TLT,2023-04-12T00:00:00.000000,0,38.1,SELL
TLT,2023-04-13T00:00:00.000000,0,36.84,SELL
TLT,2023-04-14T00:00:00.000000,0,37.5,SELL
TLT,2023-04-17T00:00:00.000000,0,38.1,SELL
TLT,2023-04-18T00:00:00.000000,0,38.31,SELL
TLT,2023-04-19T00:00:00.000000,0,38.31,SELL
TLT,2023-04-20T00:00:00.000000,0,40.62,SELL
TLT,2023-04-21T00:00:00.000000,0,44.85,SELL
TLT,2023-04-24T00:00:00.000000,0,44.85,SELL
TLT,2023-04-25T00:00:00.000000,0,44.85,SELL
TLT,2023-04-26T00:00:00.000000,0,44.85,SELL
TLT,2023-04-27T00:00:00.000000,0,48.51,SELL
TLT,2023-04-28T00:00:00.000000,0,48.51,SELL
TLT,2023-05-01T00:00:00.000000,0,48.51,SELL
TLT,2023-05-02T00:00:00.000000,0,48.51,SELL
TLT,2023-05-03T00:00:00.000000,1,48.51,BUY
TLT,2023-05-04T00:00:00.000000,1,49.72,BUY
TLT,2023-05-05T00:00:00.000000,1,49.72,BUY
TLT,2023-05-08T00:00:00.000000,1,49.72,BUY
TLT,2023-05-09T00:00:00.000000,1,49.72,BUY
TLT,2023-05-10T00:00:00.000000,1,49.72,BUY
TLT,2023-05-11T00:00:00.000000,0,48.51,SELL
TLT,2023-05-12T00:00:00.000000,0,48.51,SELL
TLT,2023-05-15T00:00:00.000000,0,48.51,SELL
TLT,2023-05-16T00:00:00.000000,0,48.51,SELL
TLT,2023-05-17T00:00:00.000000,1,49.72,BUY
TLT,2023-05-18T00:00:00.000000,1,49.72,BUY
TLT,2023-05-19T00:00:00.000000,1,48.51,BUY
TLT,2023-05-22T00:00:00.000000,1,49.72,BUY
TLT,2023-05-23T00:00:00.000000,1,49.72,BUY
TLT,2023-05-24T00:00:00.000000,1,48.51,BUY
TLT,2023-05-25T00:00:00.000000,1,49.72,BUY
TLT,2023-05-26T00:00:00.000000,1,49.72,BUY
TLT,2023-05-30T00:00:00.000000,1,48.51,BUY
TLT,2023-05-31T00:00:00.000000,0,48.51,SELL
TLT,2023-06-01T00:00:00.000000,0,48.51,SELL
TLT,2023-06-02T00:00:00.000000,0,48.51,SELL
TLT,2023-06-05T00:00:00.000000,0,48.51,SELL
TLT,2023-06-06T00:00:00.000000,0,48.51,SELL
TLT,2023-06-07T00:00:00.000000,0,48.51,SELL
TLT,2023-06-08T00:00:00.000000,0,48.51,SELL
TLT,2023-06-09T00:00:00.000000,0,44.85,SELL
TLT,2023-06-12T00:00:00.000000,0,38.31,SELL
TLT,2023-06-13T00:00:00.000000,0,38.31,SELL
TLT,2023-06-14T00:00:00.000000,0,38.31,SELL
TLT,2023-06-15T00:00:00.000000,0,38.31,SELL
TLT,2023-06-16T00:00:00.000000,0,38.31,SELL
TLT,2023-06-20T00:00:00.000000,0,37.93,SELL
TLT,2023-06-21T00:00:00.000000,0,38.31,SELL
TLT,2023-06-22T00:00:00.000000,0,38.31,SELL
TLT,2023-06-23T00:00:00.000000,0,38.31,SELL
TLT,2023-06-26T00:00:00.000000,0,44.85,SELL
TLT,2023-06-27T00:00:00.000000,0,44.85,SELL
TLT,2023-06-28T00:00:00.000000,0,48.51,SELL
TLT,2023-06-29T00:00:00.000000,0,48.51,SELL
TLT,2023-06-30T00:00:00.000000,0,48.51,SELL
TLT,2023-07-03T00:00:00.000000,0,48.51,SELL
TLT,2023-07-05T00:00:00.000000,0,48.51,SELL
TLT,2023-07-06T00:00:00.000000,0,48.51,SELL
TLT,2023-07-07T00:00:00.000000,0,48.51,SELL
TLT,2023-07-10T00:00:00.000000,0,48.51,SELL
TLT,2023-07-11T00:00:00.000000,0,48.51,SELL
TLT,2023-07-12T00:00:00.000000,0,44.85,SELL
TLT,2023-07-13T00:00:00.000000,0,38.31,SELL
TLT,2023-07-14T00:00:00.000000,0,38.31,SELL
TLT,2023-07-17T00:00:00.000000,0,38.31,SELL
TLT,2023-07-18T00:00:00.000000,0,38.31,SELL
TLT,2023-07-19T00:00:00.000000,0,38.31,SELL
TLT,2023-07-20T00:00:00.000000,0,38.1,SELL
TLT,2023-07-21T00:00:00.000000,0,36.84,SELL
TLT,2023-07-24T00:00:00.000000,0,32.82,SELL
TLT,2023-07-25T00:00:00.000000,0,36.84,SELL
TLT,2023-07-26T00:00:00.000000,0,37.93,SELL
TLT,2023-07-27T00:00:00.000000,0,38.31,SELL
TLT,2023-07-28T00:00:00.000000,0,38.31,SELL
TLT,2023-07-31T00:00:00.000000,0,38.1,SELL
TLT,2023-08-01T00:00:00.000000,0,38.1,SELL
TLT,2023-08-02T00:00:00.000000,0,37.93,SELL
TLT,2023-08-03T00:00:00.000000,0,38.1,SELL
TLT,2023-08-04T00:00:00.000000,0,36.84,SELL
TLT,2023-08-07T00:00:00.000000,0,32.82,SELL
TLT,2023-08-08T00:00:00.000000,0,32.82,SELL
TLT,2023-08-09T00:00:00.000000,0,32.82,SELL
TLT,2023-08-10T00:00:00.000000,0,32.82,SELL
TLT,2023-08-11T00:00:00.000000,0,32.82,SELL
TLT,2023-08-14T00:00:00.000000,0,36.84,SELL
TLT,2023-08-15T00:00:00.000000,0,38.31,SELL
TLT,2023-08-16T00:00:00.000000,0,44.85,SELL
TLT,2023-08-17T00:00:00.000000,0,48.51,SELL
TLT,2023-08-18T00:00:00.000000,1,49.72,BUY
TLT,2023-08-21T00:00:00.000000,1,50.83,BUY
TLT,2023-08-22T00:00:00.000000,1,50.83,BUY
TLT,2023-08-23T00:00:00.000000,1,49.72,BUY
TLT,2023-08-24T00:00:00.000000,1,50.83,BUY
TLT,2023-08-25T00:00:00.000000,1,49.72,BUY
TLT,2023-08-28T00:00:00.000000,1,49.72,BUY
TLT,2023-08-29T00:00:00.000000,1,49.72,BUY
TLT,2023-08-30T00:00:00.000000,1,49.72,BUY
TLT,2023-08-31T00:00:00.000000,1,48.51,BUY
TLT,2023-09-01T00:00:00.000000,1,48.51,BUY
TLT,2023-09-05T00:00:00.000000,0,48.51,SELL
TLT,2023-09-06T00:00:00.000000,0,48.51,SELL
TLT,2023-09-07T00:00:00.000000,0,48.51,SELL
TLT,2023-09-08T00:00:00.000000,0,48.51,SELL
TLT,2023-09-11T00:00:00.000000,0,48.51,SELL
TLT,2023-09-12T00:00:00.000000,0,48.51,SELL
TLT,2023-09-13T00:00:00.000000,0,44.85,SELL
TLT,2023-09-14T00:00:00.000000,0,48.51,SELL
TLT,2023-09-15T00:00:00.000000,0,48.51,SELL
TLT,2023-09-18T00:00:00.000000,0,48.51,SELL
TLT,2023-09-19T00:00:00.000000,0,48.51,SELL
TLT,2023-09-20T00:00:00.000000,0,48.51,SELL
TLT,2023-09-21T00:00:00.000000,0,48.51,SELL
TLT,2023-09-22T00:00:00.000000,0,48.51,SELL
TLT,2023-09-25T00:00:00.000000,0,48.51,SELL
TLT,2023-09-26T00:00:00.000000,0,48.51,SELL
TLT,2023-09-27T00:00:00.000000,1,49.72,BUY
TLT,2023-09-28T00:00:00.000000,1,49.72,BUY
TLT,2023-09-29T00:00:00.000000,1,49.72,BUY
TLT,2023-10-02T00:00:00.000000,1,49.72,BUY
TLT,2023-10-03T00:00:00.000000,1,49.72,BUY
TLT,2023-10-04T00:00:00.000000,1,49.72,BUY
TLT,2023-10-05T00:00:00.000000,1,49.72,BUY
TLT,2023-10-06T00:00:00.000000,1,48.51,BUY
TLT,2023-10-09T00:00:00.000000,1,48.51,BUY
TLT,2023-10-10T00:00:00.000000,0,48.51,SELL
TLT,2023-10-11T00:00:00.000000,0,44.85,SELL
TLT,2023-10-12T00:00:00.000000,0,38.31,SELL
TLT,2023-10-13T00:00:00.000000,0,38.31,SELL
TLT,2023-10-16T00:00:00.000000,0,44.85,SELL
TLT,2023-10-17T00:00:00.000000,0,38.31,SELL
TLT,2023-10-18T00:00:00.000000,0,38.31,SELL
TLT,2023-10-19T00:00:00.000000,0,40.62,SELL
TLT,2023-10-20T00:00:00.000000,0,38.31,SELL
TLT,2023-10-23T00:00:00.000000,0,44.85,SELL
TLT,2023-10-24T00:00:00.000000,0,48.51,SELL
TLT,2023-10-25T00:00:00.000000,0,48.51,SELL
TLT,2023-10-26T00:00:00.000000,1,48.51,BUY
TLT,2023-10-27T00:00:00.000000,1,48.51,BUY
TLT,2023-10-30T00:00:00.000000,1,48.51,BUY
TLT,2023-10-31T00:00:00.000000,1,49.72,BUY
TLT,2023-11-01T00:00:00.000000,1,50.83,BUY
TLT,2023-11-02T00:00:00.000000,1,50.83,BUY
TLT,2023-11-03T00:00:00.000000,1,50.83,BUY
TLT,2023-11-06T00:00:00.000000,1,50.83,BUY
TLT,2023-11-07T00:00:00.000000,1,50.83,BUY
TLT,2023-11-08T00:00:00.000000,1,50.83,BUY
TLT,2023-11-09T00:00:00.000000,1,49.72,BUY
TLT,2023-11-10T00:00:00.000000,1,49.72,BUY
TLT,2023-11-13T00:00:00.000000,1,49.72,BUY
TLT,2023-11-14T00:00:00.000000,1,49.72,BUY
TLT,2023-11-15T00:00:00.000000,1,49.72,BUY
TLT,2023-11-16T00:00:00.000000,1,49.72,BUY
TLT,2023-11-17T00:00:00.000000,1,48.51,BUY
TLT,2023-11-20T00:00:00.000000,1,48.51,BUY
TLT,2023-11-21T00:00:00.000000,1,48.51,BUY
TLT,2023-11-22T00:00:00.000000,1,48.51,BUY
TLT,2023-11-24T00:00:00.000000,1,48.51,BUY
TLT,2023-11-27T00:00:00.000000,0,48.51,SELL
TLT,2023-11-28T00:00:00.000000,0,48.51,SELL
TLT,2023-11-29T00:00:00.000000,0,48.51,SELL
TLT,2023-11-30T00:00:00.000000,0,48.51,SELL
TLT,2023-12-01T00:00:00.000000,0,48.51,SELL
TLT,2023-12-04T00:00:00.000000,0,48.51,SELL
TLT,2023-12-05T00:00:00.000000,0,48.51,SELL
TLT,2023-12-06T00:00:00.000000,0,48.51,SELL
TLT,2023-12-07T00:00:00.000000,0,48.51,SELL
TLT,2023-12-08T00:00:00.000000,0,48.51,SELL
TLT,2023-12-11T00:00:00.000000,0,48.51,SELL
TLT,2023-12-12T00:00:00.000000,1,48.51,BUY
TLT,2023-12-13T00:00:00.000000,1,49.72,BUY
TLT,2023-12-14T00:00:00.000000,1,49.72,BUY
TLT,2023-12-15T00:00:00.000000,1,49.72,BUY
TLT,2023-12-18T00:00:00.000000,1,49.72,BUY
TLT,2023-12-19T00:00:00.000000,1,49.72,BUY
TLT,2023-12-20T00:00:00.000000,1,49.72,BUY
TLT,2023-12-21T00:00:00.000000,1,50.83,BUY
TLT,2023-12-22T00:00:00.000000,1,50.83,BUY
TLT,2023-12-26T00:00:00.000000,1,50.83,BUY
TLT,2023-12-27T00:00:00.000000,1,50.83,BUY
TLT,2023-12-28T00:00:00.000000,1,50.83,BUY
TLT,2023-12-29T00:00:00.000000,1,50.83,BUY
TLT,2024-01-02T00:00:00.000000,1,50.83,BUY
TLT,2024-01-03T00:00:00.000000,1,50.83,BUY
TLT,2024-01-04T00:00:00.000000,1,50.83,BUY
TLT,2024-01-05T00:00:00.000000,1,50.83,BUY
TLT,2024-01-08T00:00:00.000000,1,50.83,BUY
TLT,2024-01-09T00:00:00.000000,1,50.83,BUY
TLT,2024-01-10T00:00:00.000000,1,49.72,BUY
TLT,2024-01-11T00:00:00.000000,1,49.72,BUY
TLT,2024-01-12T00:00:00.000000,1,49.72,BUY
TLT,2024-01-16T00:00:00.000000,1,49.72,BUY
TLT,2024-01-17T00:00:00.000000,1,49.72,BUY
TLT,2024-01-18T00:00:00.000000,0,48.51,SELL
TLT,2024-01-19T00:00:00.000000,0,48.51,SELL
TLT,2024-01-22T00:00:00.000000,0,44.85,SELL
TLT,2024-01-23T00:00:00.000000,0,38.31,SELL
TLT,2024-01-24T00:00:00.000000,0,38.31,SELL
TLT,2024-01-25T00:00:00.000000,0,32.82,SELL
TLT,2024-01-26T00:00:00.000000,0,32.82,SELL
TLT,2024-01-29T00:00:00.000000,0,32.82,SELL
TLT,2024-01-30T00:00:00.000000,0,32.82,SELL
TLT,2024-01-31T00:00:00.000000,0,32.82,SELL
TLT,2024-02-01T00:00:00.000000,0,32.82,SELL
TLT,2024-02-02T00:00:00.000000,0,32.82,SELL
TLT,2024-02-05T00:00:00.000000,0,32.82,SELL
TLT,2024-02-06T00:00:00.000000,0,32.82,SELL
TLT,2024-02-07T00:00:00.000000,0,38.31,SELL
TLT,2024-02-08T00:00:00.000000,0,38.31,SELL
TLT,2024-02-09T00:00:00.000000,0,38.31,SELL
TLT,2024-02-12T00:00:00.000000,0,44.85,SELL
TLT,2024-02-13T00:00:00.000000,0,48.51,SELL
TLT,2024-02-14T00:00:00.000000,0,48.51,SELL
TLT,2024-02-15T00:00:00.000000,0,48.51,SELL
TLT,2024-02-16T00:00:00.000000,0,48.51,SELL
TLT,2024-02-20T00:00:00.000000,0,48.51,SELL
TLT,2024-02-21T00:00:00.000000,0,48.51,SELL
TLT,2024-02-22T00:00:00.000000,0,48.51,SELL
TLT,2024-02-23T00:00:00.000000,0,48.51,SELL
TLT,2024-02-26T00:00:00.000000,0,48.51,SELL
TLT,2024-02-27T00:00:00.000000,0,48.51,SELL
TLT,2024-02-28T00:00:00.000000,0,48.51,SELL
TLT,2024-02-29T00:00:00.000000,0,44.85,SELL
TLT,2024-03-01T00:00:00.000000,0,48.51,SELL
TLT,2024-03-04T00:00:00.000000,0,48.51,SELL
TLT,2024-03-05T00:00:00.000000,0,48.51,SELL
TLT,2024-03-06T00:00:00.000000,0,48.51,SELL
TLT,2024-03-07T00:00:00.000000,0,48.51,SELL
TLT,2024-03-08T00:00:00.000000,0,48.51,SELL
TLT,2024-03-11T00:00:00.000000,0,48.51,SELL
TLT,2024-03-12T00:00:00.000000,1,48.51,BUY
TLT,2024-03-13T00:00:00.000000,1,48.51,BUY
TLT,2024-03-14T00:00:00.000000,1,48.51,BUY
TLT,2024-03-15T00:00:00.000000,1,48.51,BUY
TLT,2024-03-18T00:00:00.000000,1,49.72,BUY
TLT,2024-03-19T00:00:00.000000,1,49.72,BUY
TLT,2024-03-20T00:00:00.000000,1,49.72,BUY
TLT,2024-03-21T00:00:00.000000,1,49.72,BUY
TLT,2024-03-22T00:00:00.000000,1,48.51,BUY
TLT,2024-03-25T00:00:00.000000,0,48.51,SELL
TLT,2024-03-26T00:00:00.000000,0,48.51,SELL
TLT,2024-03-27T00:00:00.000000,0,48.51,SELL
TLT,2024-03-28T00:00:00.000000,0,48.51,SELL
TLT,2024-04-01T00:00:00.000000,0,48.51,SELL
TLT,2024-04-02T00:00:00.000000,0,44.85,SELL
TLT,2024-04-03T00:00:00.000000,0,44.85,SELL
TLT,2024-04-04T00:00:00.000000,0,44.85,SELL
TLT,2024-04-05T00:00:00.000000,0,44.85,SELL
TLT,2024-04-08T00:00:00.000000,0,44.85,SELL
TLT,2024-04-09T00:00:00.000000,0,44.85,SELL
TLT,2024-04-10T00:00:00.000000,0,44.85,SELL
TLT,2024-04-11T00:00:00.000000,0,44.85,SELL
TLT,2024-04-12T00:00:00.000000,0,44.85,SELL
TLT,2024-04-15T00:00:00.000000,0,44.85,SELL
TLT,2024-04-16T00:00:00.000000,0,44.85,SELL
TLT,2024-04-17T00:00:00.000000,0,48.51,SELL
TLT,2024-04-18T00:00:00.000000,0,48.51,SELL
TLT,2024-04-19T00:00:00.000000,1,48.51,BUY
TLT,2024-04-22T00:00:00.000000,1,48.51,BUY
TLT,2024-04-23T00:00:00.000000,1,48.51,BUY
TLT,2024-04-24T00:00:00.000000,1,49.72,BUY
TLT,2024-04-25T00:00:00.000000,1,49.72,BUY
TLT,2024-04-26T00:00:00.000000,1,49.72,BUY
TLT,2024-04-29T00:00:00.000000,0,48.51,SELL
TLT,2024-04-30T00:00:00.000000,0,48.51,SELL
TLT,2024-05-01T00:00:00.000000,0,48.51,SELL
TLT,2024-05-02T00:00:00.000000,0,48.51,SELL
TLT,2024-05-03T00:00:00.000000,0,48.51,SELL
TLT,2024-05-06T00:00:00.000000,0,48.51,SELL
TLT,2024-05-07T00:00:00.000000,0,48.51,SELL
TLT,2024-05-08T00:00:00.000000,0,48.51,SELL
TLT,2024-05-09T00:00:00.000000,1,48.51,BUY
TLT,2024-05-10T00:00:00.000000,1,48.51,BUY
TLT,2024-05-13T00:00:00.000000,1,48.51,BUY
TLT,2024-05-14T00:00:00.000000,1,49.72,BUY
TLT,2024-05-15T00:00:00.000000,1,48.51,BUY
TLT,2024-05-16T00:00:00.000000,1,48.51,BUY
TLT,2024-05-17T00:00:00.000000,1,48.51,BUY
TLT,2024-05-20T00:00:00.000000,1,48.51,BUY
TLT,2024-05-21T00:00:00.000000,1,49.72,BUY
TLT,2024-05-22T00:00:00.000000,1,49.72,BUY
TLT,2024-05-23T00:00:00.000000,1,48.51,BUY
TLT,2024-05-24T00:00:00.000000,1,49.72,BUY
TLT,2024-05-28T00:00:00.000000,1,48.51,BUY
TLT,2024-05-29T00:00:00.000000,0,48.51,SELL
TLT,2024-05-30T00:00:00.000000,0,48.51,SELL
TLT,2024-05-31T00:00:00.000000,1,48.51,BUY
TLT,2024-06-03T00:00:00.000000,0,48.51,SELL
TLT,2024-06-04T00:00:00.000000,0,48.51,SELL
TLT,2024-06-05T00:00:00.000000,0,48.51,SELL
TLT,2024-06-06T00:00:00.000000,0,48.51,SELL
TLT,2024-06-07T00:00:00.000000,0,48.51,SELL
TLT,2024-06-10T00:00:00.000000,0,48.51,SELL
TLT,2024-06-11T00:00:00.000000,0,48.51,SELL
TLT,2024-06-12T00:00:00.000000,0,48.51,SELL
TLT,2024-06-13T00:00:00.000000,0,48.51,SELL
TLT,2024-06-14T00:00:00.000000,0,48.51,SELL
TLT,2024-06-17T00:00:00.000000,0,48.51,SELL
TLT,2024-06-18T00:00:00.000000,0,48.51,SELL
TLT,2024-06-20T00:00:00.000000,1,48.51,BUY
TLT,2024-06-21T00:00:00.000000,1,48.51,BUY
TLT,2024-06-24T00:00:00.000000,1,48.51,BUY
TLT,2024-06-25T00:00:00.000000,1,48.51,BUY
TLT,2024-06-26T00:00:00.000000,1,49.72,BUY
TLT,2024-06-27T00:00:00.000000,1,49.72,BUY
TLT,2024-06-28T00:00:00.000000,1,49.72,BUY
TLT,2024-07-01T00:00:00.000000,1,49.72,BUY
TLT,2024-07-02T00:00:00.000000,1,49.72,BUY
TLT,2024-07-03T00:00:00.000000,1,49.72,BUY
TLT,2024-07-05T00:00:00.000000,1,49.72,BUY
TLT,2024-07-08T00:00:00.000000,1,49.72,BUY
TLT,2024-07-09T00:00:00.000000,1,49.72,BUY
TLT,2024-07-10T00:00:00.000000,1,49.72,BUY
TLT,2024-07-11T00:00:00.000000,1,49.72,BUY
TLT,2024-07-12T00:00:00.000000,1,48.51,BUY
TLT,2024-07-15T00:00:00.000000,0,48.51,SELL
TLT,2024-07-16T00:00:00.000000,0,48.51,SELL
TLT,2024-07-17T00:00:00.000000,0,48.51,SELL
TLT,2024-07-18T00:00:00.000000,0,48.51,SELL
TLT,2024-07-19T00:00:00.000000,0,48.51,SELL
TLT,2024-07-22T00:00:00.000000,0,48.51,SELL
TLT,2024-07-23T00:00:00.000000,0,48.51,SELL
TLT,2024-07-24T00:00:00.000000,0,48.51,SELL
TLT,2024-07-25T00:00:00.000000,0,48.51,SELL
TLT,2024-07-26T00:00:00.000000,0,48.51,SELL
TLT,2024-07-29T00:00:00.000000,0,48.51,SELL
TLT,2024-07-30T00:00:00.000000,0,48.51,SELL
TLT,2024-07-31T00:00:00.000000,1,48.51,BUY
TLT,2024-08-01T00:00:00.000000,1,49.72,BUY
TLT,2024-08-02T00:00:00.000000,1,48.51,BUY
TLT,2024-08-05T00:00:00.000000,1,48.51,BUY
TLT,2024-08-06T00:00:00.000000,1,48.51,BUY
TLT,2024-08-07T00:00:00.000000,1,49.72,BUY
TLT,2024-08-08T00:00:00.000000,1,48.51,BUY
TLT,2024-08-09T00:00:00.000000,1,49.72,BUY
TLT,2024-08-12T00:00:00.000000,1,49.72,BUY
TLT,2024-08-13T00:00:00.000000,1,49.72,BUY
TLT,2024-08-14T00:00:00.000000,1,49.72,BUY
TLT,2024-08-15T00:00:00.000000,1,49.72,BUY
TLT,2024-08-16T00:00:00.000000,1,48.51,BUY
TLT,2024-08-19T00:00:00.000000,1,48.51,BUY
TLT,2024-08-20T00:00:00.000000,0,48.51,SELL
TLT,2024-08-21T00:00:00.000000,0,44.85,SELL
TLT,2024-08-22T00:00:00.000000,0,44.85,SELL
TLT,2024-08-23T00:00:00.000000,0,44.85,SELL
TLT,2024-08-26T00:00:00.000000,0,44.85,SELL
TLT,2024-08-27T00:00:00.000000,0,48.51,SELL
TLT,2024-08-28T00:00:00.000000,0,48.51,SELL
TLT,2024-08-29T00:00:00.000000,0,48.51,SELL
TLT,2024-08-30T00:00:00.000000,0,48.51,SELL
TLT,2024-09-03T00:00:00.000000,0,48.51,SELL
TLT,2024-09-04T00:00:00.000000,0,48.51,SELL
TLT,2024-09-05T00:00:00.000000,0,48.51,SELL
TLT,2024-09-06T00:00:00.000000,1,48.51,BUY
TLT,2024-09-09T00:00:00.000000,1,48.51,BUY
TLT,2024-09-10T00:00:00.000000,1,48.51,BUY
TLT,2024-09-11T00:00:00.000000,1,48.51,BUY
TLT,2024-09-12T00:00:00.000000,1,49.72,BUY
TLT,2024-09-13T00:00:00.000000,1,49.72,BUY
TLT,2024-09-16T00:00:00.000000,1,49.72,BUY
TLT,2024-09-17T00:00:00.000000,1,48.51,BUY
TLT,2024-09-18T00:00:00.000000,1,48.51,BUY
TLT,2024-09-19T00:00:00.000000,1,49.72,BUY
TLT,2024-09-20T00:00:00.000000,1,49.72,BUY
TLT,2024-09-23T00:00:00.000000,0,48.51,SELL
TLT,2024-09-24T00:00:00.000000,0,48.51,SELL
TLT,2024-09-25T00:00:00.000000,0,48.51,SELL
TLT,2024-09-26T00:00:00.000000,0,48.51,SELL
TLT,2024-09-27T00:00:00.000000,0,44.85,SELL
TLT,2024-09-30T00:00:00.000000,0,44.85,SELL
TLT,2024-10-01T00:00:00.000000,0,44.85,SELL
TLT,2024-10-02T00:00:00.000000,0,38.31,SELL
TLT,2024-10-03T00:00:00.000000,0,38.31,SELL
TLT,2024-10-04T00:00:00.000000,0,40.62,SELL
TLT,2024-10-07T00:00:00.000000,0,38.31,SELL
TLT,2024-10-08T00:00:00.000000,0,44.85,SELL
TLT,2024-10-09T00:00:00.000000,0,44.85,SELL
TLT,2024-10-10T00:00:00.000000,0,38.31,SELL
TLT,2024-10-11T00:00:00.000000,0,38.1,SELL
TLT,2024-10-14T00:00:00.000000,0,32.82,SELL
TLT,2024-10-15T00:00:00.000000,0,32.82,SELL
TLT,2024-10-16T00:00:00.000000,0,7.69,SELL
TLT,2024-10-17T00:00:00.000000,0,7.69,SELL
TLT,2024-10-18T00:00:00.000000,0,7.69,SELL
TLT,2024-10-21T00:00:00.000000,0,7.69,SELL
TLT,2024-10-22T00:00:00.000000,0,7.69,SELL
TLT,2024-10-23T00:00:00.000000,0,7.69,SELL
TLT,2024-10-24T00:00:00.000000,0,32.82,SELL
TLT,2024-10-25T00:00:00.000000,0,32.82,SELL
TLT,2024-10-28T00:00:00.000000,0,32.82,SELL
TLT,2024-10-29T00:00:00.000000,0,37.5,SELL
TLT,2024-10-30T00:00:00.000000,0,38.31,SELL
TLT,2024-10-31T00:00:00.000000,0,36.84,SELL
TLT,2024-11-01T00:00:00.000000,0,36.84,SELL
TLT,2024-11-04T00:00:00.000000,0,32.82,SELL
TLT,2024-11-05T00:00:00.000000,0,36.84,SELL
TLT,2024-11-06T00:00:00.000000,0,38.31,SELL
TLT,2024-11-07T00:00:00.000000,0,38.31,SELL
TLT,2024-11-08T00:00:00.000000,0,38.31,SELL
TLT,2024-11-11T00:00:00.000000,0,38.31,SELL
TLT,2024-11-12T00:00:00.000000,0,38.31,SELL
TLT,2024-11-13T00:00:00.000000,0,44.85,SELL
TLT,2024-11-14T00:00:00.000000,0,44.85,SELL
TLT,2024-11-15T00:00:00.000000,0,44.85,SELL
TLT,2024-11-18T00:00:00.000000,0,38.31,SELL
TLT,2024-11-19T00:00:00.000000,0,38.31,SELL
TLT,2024-11-20T00:00:00.000000,0,38.31,SELL
TLT,2024-11-21T00:00:00.000000,0,44.85,SELL
TLT,2024-11-22T00:00:00.000000,0,48.51,SELL
TLT,2024-11-25T00:00:00.000000,0,48.51,SELL
TLT,2024-11-26T00:00:00.000000,0,48.51,SELL
TLT,2024-11-27T00:00:00.000000,0,48.51,SELL
TLT,2024-11-29T00:00:00.000000,0,48.51,SELL
TLT,2024-12-02T00:00:00.000000,0,48.51,SELL
TLT,2024-12-03T00:00:00.000000,0,48.51,SELL
TLT,2024-12-04T00:00:00.000000,0,48.51,SELL
TLT,2024-12-05T00:00:00.000000,0,44.85,SELL
TLT,2024-12-06T00:00:00.000000,0,44.39,SELL
TLT,2024-12-09T00:00:00.000000,0,44.85,SELL
TLT,2024-12-10T00:00:00.000000,0,41.2,SELL
TLT,2024-12-11T00:00:00.000000,0,44.85,SELL
TLT,2024-12-12T00:00:00.000000,0,44.85,SELL
TLT,2024-12-13T00:00:00.000000,0,48.51,SELL
TLT,2024-12-16T00:00:00.000000,0,48.51,SELL
TLT,2024-12-17T00:00:00.000000,0,48.51,SELL
TLT,2024-12-18T00:00:00.000000,0,48.51,SELL
TLT,2024-12-19T00:00:00.000000,1,48.51,BUY
TLT,2024-12-20T00:00:00.000000,1,49.72,BUY
TSLA,2023-02-21T00:00:00.000000,0,44.85,SELL
TSLA,2023-02-22T00:00:00.000000,0,42.08,SELL
TSLA,2023-02-23T00:00:00.000000,0,38.31,SELL
TSLA,2023-02-24T00:00:00.000000,0,38.31,SELL
TSLA,2023-02-27T00:00:00.000000,0,38.31,SELL
TSLA,2023-02-28T00:00:00.000000,0,44.85,SELL
TSLA,2023-03-01T00:00:00.000000,0,48.51,SELL
TSLA,2023-03-02T00:00:00.000000,0,48.51,SELL
TSLA,2023-03-03T00:00:00.000000,1,49.72,BUY
TSLA,2023-03-06T00:00:00.000000,1,49.72,BUY
TSLA,2023-03-07T00:00:00.000000,1,49.72,BUY
TSLA,2023-03-08T00:00:00.000000,1,49.72,BUY
TSLA,2023-03-09T00:00:00.000000,1,49.72,BUY
TSLA,2023-03-10T00:00:00.000000,1,49.72,BUY
TSLA,2023-03-13T00:00:00.000000,1,49.72,BUY
TSLA,2023-03-14T00:00:00.000000,1,50.83,BUY
TSLA,2023-03-15T00:00:00.000000,1,50.83,BUY
TSLA,2023-03-16T00:00:00.000000,1,50.83,BUY
TSLA,2023-03-17T00:00:00.000000,1,50.83,BUY
TSLA,2023-03-20T00:00:00.000000,1,50.83,BUY
TSLA,2023-03-21T00:00:00.000000,1,50.83,BUY
TSLA,2023-03-22T00:00:00.000000,1,50.83,BUY
TSLA,2023-03-23T00:00:00.000000,1,50.83,BUY
TSLA,2023-03-24T00:00:00.000000,1,50.83,BUY
TSLA,2023-03-27T00:00:00.000000,1,50.83,BUY
TSLA,2023-03-28T00:00:00.000000,1,50.83,BUY
TSLA,2023-03-29T00:00:00.000000,1,50.83,BUY
TSLA,2023-03-30T00:00:00.000000,1,50.83,BUY
TSLA,2023-03-31T00:00:00.000000,1,50.83,BUY
TSLA,2023-04-03T00:00:00.000000,1,50.83,BUY
TSLA,2023-04-04T00:00:00.000000,1,50.83,BUY
TSLA,2023-04-05T00:00:00.000000,1,50.83,BUY
TSLA,2023-04-06T00:00:00.000000,1,50.83,BUY
TSLA,2023-04-10T00:00:00.000000,1,50.83,BUY
TSLA,2023-04-11T00:00:00.000000,1,49.72,BUY
TSLA,2023-04-12T00:00:00.000000,1,49.72,BUY
TSLA,2023-04-13T00:00:00.000000,1,49.72,BUY
TSLA,2023-04-14T00:00:00.000000,1,49.72,BUY
TSLA,2023-04-17T00:00:00.000000,1,49.72,BUY
TSLA,2023-04-18T00:00:00.000000,1,50.83,BUY
TSLA,2023-04-19T00:00:00.000000,1,50.83,BUY
TSLA,2023-04-20T00:00:00.000000,1,50.83,BUY
TSLA,2023-04-21T00:00:00.000000,1,50.83,BUY
TSLA,2023-04-24T00:00:00.000000,1,50.83,BUY
TSLA,2023-04-25T00:00:00.000000,1,50.83,BUY
TSLA,2023-04-26T00:00:00.000000,1,50.83,BUY
TSLA,2023-04-27T00:00:00.000000,1,50.83,BUY
TSLA,2023-04-28T00:00:00.000000,1,50.83,BUY
TSLA,2023-05-01T00:00:00.000000,1,50.83,BUY
TSLA,2023-05-02T00:00:00.000000,1,50.83,BUY
TSLA,2023-05-03T00:00:00.000000,1,49.72,BUY
TSLA,2023-05-04T00:00:00.000000,1,49.72,BUY
TSLA,2023-05-05T00:00:00.000000,1,49.72,BUY
TSLA,2023-05-08T00:00:00.000000,1,49.72,BUY
TSLA,2023-05-09T00:00:00.000000,1,50.83,BUY
TSLA,2023-05-10T00:00:00.000000,1,50.83,BUY
TSLA,2023-05-11T00:00:00.000000,1,50.83,BUY
TSLA,2023-05-12T00:00:00.000000,1,50.83,BUY
TSLA,2023-05-15T00:00:00.000000,1,50.83,BUY
TSLA,2023-05-16T00:00:00.000000,1,50.83,BUY
TSLA,2023-05-17T00:00:00.000000,1,50.83,BUY
TSLA,2023-05-18T00:00:00.000000,1,50.83,BUY
TSLA,2023-05-19T00:00:00.000000,1,50.83,BUY
TSLA,2023-05-22T00:00:00.000000,1,50.83,BUY
TSLA,2023-05-23T00:00:00.000000,1,50.83,BUY
TSLA,2023-05-24T00:00:00.000000,1,50.83,BUY
TSLA,2023-05-25T00:00:00.000000,1,50.83,BUY
TSLA,2023-05-26T00:00:00.000000,1,50.83,BUY
TSLA,2023-05-30T00:00:00.000000,1,50.83,BUY
TSLA,2023-05-31T00:00:00.000000,1,50.83,BUY
TSLA,2023-06-01T00:00:00.000000,1,50.83,BUY
TSLA,2023-06-02T00:00:00.000000,1,50.83,BUY
TSLA,2023-06-05T00:00:00.000000,1,50.83,BUY
TSLA,2023-06-06T00:00:00.000000,1,50.83,BUY
TSLA,2023-06-07T00:00:00.000000,1,50.83,BUY
TSLA,2023-06-08T00:00:00.000000,1,50.83,BUY
TSLA,2023-06-09T00:00:00.000000,1,50.83,BUY
TSLA,2023-06-12T00:00:00.000000,1,50.83,BUY
TSLA,2023-06-13T00:00:00.000000,1,50.83,BUY
TSLA,2023-06-14T00:00:00.000000,1,50.83,BUY
TSLA,2023-06-15T00:00:00.000000,1,50.83,BUY
TSLA,2023-06-16T00:00:00.000000,1,50.83,BUY
TSLA,2023-06-20T00:00:00.000000,1,50.83,BUY
TSLA,2023-06-21T00:00:00.000000,1,49.72,BUY
TSLA,2023-06-22T00:00:00.000000,1,49.72,BUY
TSLA,2023-06-23T00:00:00.000000,1,49.72,BUY
TSLA,2023-06-26T00:00:00.000000,1,48.51,BUY
TSLA,2023-06-27T00:00:00.000000,0,48.51,SELL
TSLA,2023-06-28T00:00:00.000000,0,48.51,SELL
TSLA,2023-06-29T00:00:00.000000,0,48.51,SELL
TSLA,2023-06-30T00:00:00.000000,0,48.51,SELL
TSLA,2023-07-03T00:00:00.000000,0,48.51,SELL
TSLA,2023-07-05T00:00:00.000000,0,48.51,SELL
TSLA,2023-07-06T00:00:00.000000,0,48.51,SELL
TSLA,2023-07-07T00:00:00.000000,0,48.51,SELL
TSLA,2023-07-10T00:00:00.000000,0,48.51,SELL
TSLA,2023-07-11T00:00:00.000000,1,48.51,BUY
TSLA,2023-07-12T00:00:00.000000,1,48.51,BUY
TSLA,2023-07-13T00:00:00.000000,1,49.72,BUY
TSLA,2023-07-14T00:00:00.000000,1,49.72,BUY
TSLA,2023-07-17T00:00:00.000000,1,49.72,BUY
TSLA,2023-07-18T00:00:00.000000,1,49.72,BUY
TSLA,2023-07-19T00:00:00.000000,1,49.72,BUY
TSLA,2023-07-20T00:00:00.000000,1,49.72,BUY
TSLA,2023-07-21T00:00:00.000000,1,49.72,BUY
TSLA,2023-07-24T00:00:00.000000,1,49.72,BUY
TSLA,2023-07-25T00:00:00.000000,1,49.72,BUY
TSLA,2023-07-26T00:00:00.000000,1,49.72,BUY
TSLA,2023-07-27T00:00:00.000000,1,49.72,BUY
TSLA,2023-07-28T00:00:00.000000,1,49.72,BUY
TSLA,2023-07-31T00:00:00.000000,1,49.72,BUY
TSLA,2023-08-01T00:00:00.000000,1,49.72,BUY
TSLA,2023-08-02T00:00:00.000000,1,49.72,BUY
TSLA,2023-08-03T00:00:00.000000,1,49.72,BUY
TSLA,2023-08-04T00:00:00.000000,1,49.72,BUY
TSLA,2023-08-07T00:00:00.000000,1,49.72,BUY
TSLA,2023-08-08T00:00:00.000000,1,49.72,BUY
TSLA,2023-08-09T00:00:00.000000,1,49.72,BUY
TSLA,2023-08-10T00:00:00.000000,1,49.72,BUY
TSLA,2023-08-11T00:00:00.000000,1,49.72,BUY
TSLA,2023-08-14T00:00:00.000000,1,50.83,BUY
TSLA,2023-08-15T00:00:00.000000,1,50.83,BUY
TSLA,2023-08-16T00:00:00.000000,1,50.83,BUY
TSLA,2023-08-17T00:00:00.000000,1,50.83,BUY
TSLA,2023-08-18T00:00:00.000000,1,50.83,BUY
TSLA,2023-08-21T00:00:00.000000,1,50.83,BUY
TSLA,2023-08-22T00:00:00.000000,1,50.83,BUY
TSLA,2023-08-23T00:00:00.000000,1,50.83,BUY
TSLA,2023-08-24T00:00:00.000000,1,50.83,BUY
TSLA,2023-08-25T00:00:00.000000,1,50.83,BUY
TSLA,2023-08-28T00:00:00.000000,1,50.83,BUY
TSLA,2023-08-29T00:00:00.000000,1,50.83,BUY
TSLA,2023-08-30T00:00:00.000000,1,50.83,BUY
TSLA,2023-08-31T00:00:00.000000,1,50.83,BUY
TSLA,2023-09-01T00:00:00.000000,1,50.83,BUY
TSLA,2023-09-05T00:00:00.000000,1,50.83,BUY
TSLA,2023-09-06T00:00:00.000000,1,50.83,BUY
TSLA,2023-09-07T00:00:00.000000,1,50.83,BUY
TSLA,2023-09-08T00:00:00.000000,1,50.83,BUY
TSLA,2023-09-11T00:00:00.000000,1,50.83,BUY
TSLA,2023-09-12T00:00:00.000000,1,50.83,BUY
TSLA,2023-09-13T00:00:00.000000,1,50.83,BUY
TSLA,2023-09-14T00:00:00.000000,1,50.83,BUY
TSLA,2023-09-15T00:00:00.000000,1,50.83,BUY
TSLA,2023-09-18T00:00:00.000000,1,50.83,BUY
TSLA,2023-09-19T00:00:00.000000,1,50.83,BUY
TSLA,2023-09-20T00:00:00.000000,1,50.83,BUY
TSLA,2023-09-21T00:00:00.000000,1,50.83,BUY
TSLA,2023-09-22T00:00:00.000000,1,50.83,BUY
TSLA,2023-09-25T00:00:00.000000,1,50.83,BUY
TSLA,2023-09-26T00:00:00.000000,1,50.83,BUY
TSLA,2023-09-27T00:00:00.000000,1,50.83,BUY
TSLA,2023-09-28T00:00:00.000000,1,50.83,BUY
TSLA,2023-09-29T00:00:00.000000,1,50.83,BUY
TSLA,2023-10-02T00:00:00.000000,1,50.83,BUY
TSLA,2023-10-03T00:00:00.000000,1,50.83,BUY
TSLA,2023-10-04T00:00:00.000000,1,50.83,BUY
TSLA,2023-10-05T00:00:00.000000,1,50.83,BUY
TSLA,2023-10-06T00:00:00.000000,1,50.83,BUY
TSLA,2023-10-09T00:00:00.000000,1,50.83,BUY
TSLA,2023-10-10T00:00:00.000000,1,50.83,BUY
TSLA,2023-10-11T00:00:00.000000,1,50.83,BUY
TSLA,2023-10-12T00:00:00.000000,1,50.83,BUY
TSLA,2023-10-13T00:00:00.000000,1,50.83,BUY
TSLA,2023-10-16T00:00:00.000000,1,50.83,BUY
TSLA,2023-10-17T00:00:00.000000,1,50.83,BUY
TSLA,2023-10-18T00:00:00.000000,1,50.83,BUY
TSLA,2023-10-19T00:00:00.000000,1,50.83,BUY
TSLA,2023-10-20T00:00:00.000000,1,50.83,BUY
TSLA,2023-10-23T00:00:00.000000,1,50.83,BUY
TSLA,2023-10-24T00:00:00.000000,1,50.83,BUY
TSLA,2023-10-25T00:00:00.000000,1,50.83,BUY
TSLA,2023-10-26T00:00:00.000000,1,50.83,BUY
TSLA,2023-10-27T00:00:00.000000,1,50.83,BUY
TSLA,2023-10-30T00:00:00.000000,1,50.83,BUY
TSLA,2023-10-31T00:00:00.000000,1,50.83,BUY
TSLA,2023-11-01T00:00:00.000000,1,50.83,BUY
TSLA,2023-11-02T00:00:00.000000,1,50.83,BUY
TSLA,2023-11-03T00:00:00.000000,1,50.83,BUY
TSLA,2023-11-06T00:00:00.000000,1,50.83,BUY
TSLA,2023-11-07T00:00:00.000000,1,50.83,BUY
TSLA,2023-11-08T00:00:00.000000,1,50.83,BUY
TSLA,2023-11-09T00:00:00.000000,1,50.83,BUY
TSLA,2023-11-10T00:00:00.000000,1,50.83,BUY
TSLA,2023-11-13T00:00:00.000000,1,50.83,BUY
TSLA,2023-11-14T00:00:00.000000,1,50.83,BUY
TSLA,2023-11-15T00:00:00.000000,1,50.83,BUY
TSLA,2023-11-16T00:00:00.000000,1,50.83,BUY
TSLA,2023-11-17T00:00:00.000000,1,50.83,BUY
TSLA,2023-11-20T00:00:00.000000,1,50.83,BUY
TSLA,2023-11-21T00:00:00.000000,1,50.83,BUY
TSLA,2023-11-22T00:00:00.000000,1,50.83,BUY
TSLA,2023-11-24T00:00:00.000000,1,50.83,BUY
TSLA,2023-11-27T00:00:00.000000,1,49.72,BUY
TSLA,2023-11-28T00:00:00.000000,1,49.72,BUY
TSLA,2023-11-29T00:00:00.000000,1,49.72,BUY
TSLA,2023-11-30T00:00:00.000000,1,49.72,BUY
TSLA,2023-12-01T00:00:00.000000,1,49.72,BUY
TSLA,2023-12-04T00:00:00.000000,1,49.72,BUY
TSLA,2023-12-05T00:00:00.000000,1,49.72,BUY
TSLA,2023-12-06T00:00:00.000000,1,49.72,BUY
TSLA,2023-12-07T00:00:00.000000,1,49.72,BUY
TSLA,2023-12-08T00:00:00.000000,1,49.72,BUY
TSLA,2023-12-11T00:00:00.000000,1,49.72,BUY
TSLA,2023-12-12T00:00:00.000000,1,49.72,BUY
TSLA,2023-12-13T00:00:00.000000,1,50.83,BUY
TSLA,2023-12-14T00:00:00.000000,1,50.83,BUY
TSLA,2023-12-15T00:00:00.000000,1,50.83,BUY
TSLA,2023-12-18T00:00:00.000000,1,50.83,BUY
TSLA,2023-12-19T00:00:00.000000,1,49.72,BUY
TSLA,2023-12-20T00:00:00.000000,1,49.72,BUY
TSLA,2023-12-21T00:00:00.000000,1,49.72,BUY
TSLA,2023-12-22T00:00:00.000000,1,49.72,BUY
TSLA,2023-12-26T00:00:00.000000,1,49.72,BUY
TSLA,2023-12-27T00:00:00.000000,1,49.72,BUY
TSLA,2023-12-28T00:00:00.000000,1,49.72,BUY
TSLA,2023-12-29T00:00:00.000000,1,49.72,BUY
TSLA,2024-01-02T00:00:00.000000,1,49.72,BUY
TSLA,2024-01-03T00:00:00.000000,1,49.72,BUY
TSLA,2024-01-04T00:00:00.000000,1,49.72,BUY
TSLA,2024-01-05T00:00:00.000000,1,49.72,BUY
TSLA,2024-01-08T00:00:00.000000,1,49.72,BUY
TSLA,2024-01-09T00:00:00.000000,1,49.72,BUY
TSLA,2024-01-10T00:00:00.000000,1,49.72,BUY
TSLA,2024-01-11T00:00:00.000000,1,49.72,BUY
TSLA,2024-01-12T00:00:00.000000,1,49.72,BUY
TSLA,2024-01-16T00:00:00.000000,1,49.72,BUY
TSLA,2024-01-17T00:00:00.000000,1,49.72,BUY
TSLA,2024-01-18T00:00:00.000000,1,49.72,BUY
TSLA,2024-01-19T00:00:00.000000,1,49.72,BUY
TSLA,2024-01-22T00:00:00.000000,1,49.72,BUY
TSLA,2024-01-23T00:00:00.000000,1,49.72,BUY
TSLA,2024-01-24T00:00:00.000000,1,49.72,BUY
TSLA,2024-01-25T00:00:00.000000,1,49.72,BUY
TSLA,2024-01-26T00:00:00.000000,1,49.72,BUY
TSLA,2024-01-29T00:00:00.000000,1,48.51,BUY
TSLA,2024-01-30T00:00:00.000000,0,48.51,SELL
TSLA,2024-01-31T00:00:00.000000,0,48.51,SELL
TSLA,2024-02-01T00:00:00.000000,0,48.51,SELL
TSLA,2024-02-02T00:00:00.000000,0,48.51,SELL
TSLA,2024-02-05T00:00:00.000000,1,48.51,BUY
TSLA,2024-02-06T00:00:00.000000,0,48.51,SELL
TSLA,2024-02-07T00:00:00.000000,0,48.51,SELL
TSLA,2024-02-08T00:00:00.000000,0,48.51,SELL
TSLA,2024-02-09T00:00:00.000000,0,48.51,SELL
TSLA,2024-02-12T00:00:00.000000,0,48.51,SELL
TSLA,2024-02-13T00:00:00.000000,1,48.51,BUY
TSLA,2024-02-14T00:00:00.000000,1,49.72,BUY
TSLA,2024-02-15T00:00:00.000000,1,49.72,BUY
TSLA,2024-02-16T00:00:00.000000,1,49.72,BUY
TSLA,2024-02-20T00:00:00.000000,1,49.72,BUY
TSLA,2024-02-21T00:00:00.000000,1,50.83,BUY
TSLA,2024-02-22T00:00:00.000000,1,50.83,BUY
TSLA,2024-02-23T00:00:00.000000,1,50.83,BUY
TSLA,2024-02-26T00:00:00.000000,1,50.83,BUY
TSLA,2024-02-27T00:00:00.000000,1,50.83,BUY
TSLA,2024-02-28T00:00:00.000000,1,50.83,BUY
TSLA,2024-02-29T00:00:00.000000,1,50.83,BUY
TSLA,2024-03-01T00:00:00.000000,1,50.83,BUY
TSLA,2024-03-04T00:00:00.000000,1,50.83,BUY
TSLA,2024-03-05T00:00:00.000000,1,50.83,BUY
TSLA,2024-03-06T00:00:00.000000,1,50.83,BUY
TSLA,2024-03-07T00:00:00.000000,1,50.83,BUY
TSLA,2024-03-08T00:00:00.000000,1,50.83,BUY
TSLA,2024-03-11T00:00:00.000000,1,50.83,BUY
TSLA,2024-03-12T00:00:00.000000,1,49.72,BUY
TSLA,2024-03-13T00:00:00.000000,1,49.72,BUY
TSLA,2024-03-14T00:00:00.000000,1,49.72,BUY
TSLA,2024-03-15T00:00:00.000000,1,49.72,BUY
TSLA,2024-03-18T00:00:00.000000,1,49.72,BUY
TSLA,2024-03-19T00:00:00.000000,1,49.72,BUY
TSLA,2024-03-20T00:00:00.000000,1,49.72,BUY
TSLA,2024-03-21T00:00:00.000000,1,49.72,BUY
TSLA,2024-03-22T00:00:00.000000,1,49.72,BUY
TSLA,2024-03-25T00:00:00.000000,1,49.72,BUY
TSLA,2024-03-26T00:00:00.000000,1,49.72,BUY
TSLA,2024-03-27T00:00:00.000000,1,49.72,BUY
TSLA,2024-03-28T00:00:00.000000,1,49.72,BUY
TSLA,2024-04-01T00:00:00.000000,1,49.72,BUY
TSLA,2024-04-02T00:00:00.000000,1,49.72,BUY
TSLA,2024-04-03T00:00:00.000000,1,50.83,BUY
TSLA,2024-04-04T00:00:00.000000,1,50.83,BUY
TSLA,2024-04-05T00:00:00.000000,1,50.83,BUY
TSLA,2024-04-08T00:00:00.000000,1,49.72,BUY
TSLA,2024-04-09T00:00:00.000000,1,49.72,BUY
TSLA,2024-04-10T00:00:00.000000,1,49.72,BUY
TSLA,2024-04-11T00:00:00.000000,1,49.72,BUY
TSLA,2024-04-12T00:00:00.000000,1,49.72,BUY
TSLA,2024-04-15T00:00:00.000000,1,49.72,BUY
TSLA,2024-04-16T00:00:00.000000,1,50.83,BUY
TSLA,2024-04-17T00:00:00.000000,1,50.83,BUY
TSLA,2024-04-18T00:00:00.000000,1,50.83,BUY
TSLA,2024-04-19T00:00:00.000000,1,50.83,BUY
TSLA,2024-04-22T00:00:00.000000,1,50.83,BUY
TSLA,2024-04-23T00:00:00.000000,1,50.83,BUY
TSLA,2024-04-24T00:00:00.000000,1,50.83,BUY
TSLA,2024-04-25T00:00:00.000000,1,50.83,BUY
TSLA,2024-04-26T00:00:00.000000,1,50.83,BUY
TSLA,2024-04-29T00:00:00.000000,1,50.83,BUY
TSLA,2024-04-30T00:00:00.000000,1,50.83,BUY
TSLA,2024-05-01T00:00:00.000000,1,50.83,BUY
TSLA,2024-05-02T00:00:00.000000,1,50.83,BUY
TSLA,2024-05-03T00:00:00.000000,1,50.83,BUY
TSLA,2024-05-06T00:00:00.000000,1,50.83,BUY
TSLA,2024-05-07T00:00:00.000000,1,50.83,BUY
TSLA,2024-05-08T00:00:00.000000,1,50.83,BUY
TSLA,2024-05-09T00:00:00.000000,1,50.83,BUY
TSLA,2024-05-10T00:00:00.000000,1,50.83,BUY
TSLA,2024-05-13T00:00:00.000000,1,50.83,BUY
TSLA,2024-05-14T00:00:00.000000,1,50.83,BUY
TSLA,2024-05-15T00:00:00.000000,1,50.83,BUY
TSLA,2024-05-16T00:00:00.000000,1,50.83,BUY
TSLA,2024-05-17T00:00:00.000000,1,50.83,BUY
TSLA,2024-05-20T00:00:00.000000,1,49.72,BUY
TSLA,2024-05-21T00:00:00.000000,1,49.72,BUY
TSLA,2024-05-22T00:00:00.000000,1,49.72,BUY
TSLA,2024-05-23T00:00:00.000000,1,49.72,BUY
TSLA,2024-05-24T00:00:00.000000,1,49.72,BUY
TSLA,2024-05-28T00:00:00.000000,1,49.72,BUY
TSLA,2024-05-29T00:00:00.000000,1,49.72,BUY
TSLA,2024-05-30T00:00:00.000000,1,49.72,BUY
TSLA,2024-05-31T00:00:00.000000,1,49.72,BUY
TSLA,2024-06-03T00:00:00.000000,1,50.83,BUY
TSLA,2024-06-04T00:00:00.000000,1,50.83,BUY
TSLA,2024-06-05T00:00:00.000000,1,50.83,BUY
TSLA,2024-06-06T00:00:00.000000,1,50.83,BUY
TSLA,2024-06-07T00:00:00.000000,1,50.83,BUY
TSLA,2024-06-10T00:00:00.000000,1,50.83,BUY
TSLA,2024-06-11T00:00:00.000000,1,50.83,BUY
TSLA,2024-06-12T00:00:00.000000,1,50.83,BUY
TSLA,2024-06-13T00:00:00.000000,1,49.72,BUY
TSLA,2024-06-14T00:00:00.000000,1,49.72,BUY
TSLA,2024-06-17T00:00:00.000000,1,50.83,BUY
TSLA,2024-06-18T00:00:00.000000,1,50.83,BUY
TSLA,2024-06-20T00:00:00.000000,1,49.72,BUY
TSLA,2024-06-21T00:00:00.000000,1,50.83,BUY
TSLA,2024-06-24T00:00:00.000000,1,50.83,BUY
TSLA,2024-06-25T00:00:00.000000,1,50.83,BUY
TSLA,2024-06-26T00:00:00.000000,1,50.83,BUY
TSLA,2024-06-27T00:00:00.000000,1,49.72,BUY
TSLA,2024-06-28T00:00:00.000000,1,49.72,BUY
TSLA,2024-07-01T00:00:00.000000,1,49.72,BUY
TSLA,2024-07-02T00:00:00.000000,1,50.83,BUY
TSLA,2024-07-03T00:00:00.000000,1,50.83,BUY
TSLA,2024-07-05T00:00:00.000000,1,50.83,BUY
TSLA,2024-07-08T00:00:00.000000,1,50.83,BUY
TSLA,2024-07-09T00:00:00.000000,1,50.83,BUY
TSLA,2024-07-10T00:00:00.000000,1,50.83,BUY
TSLA,2024-07-11T00:00:00.000000,1,50.83,BUY
TSLA,2024-07-12T00:00:00.000000,1,50.83,BUY
TSLA,2024-07-15T00:00:00.000000,1,50.83,BUY
TSLA,2024-07-16T00:00:00.000000,1,50.83,BUY
TSLA,2024-07-17T00:00:00.000000,1,50.83,BUY
TSLA,2024-07-18T00:00:00.000000,1,49.72,BUY
TSLA,2024-07-19T00:00:00.000000,1,49.72,BUY
TSLA,2024-07-22T00:00:00.000000,1,48.51,BUY
TSLA,2024-07-23T00:00:00.000000,0,48.51,SELL
TSLA,2024-07-24T00:00:00.000000,0,44.85,SELL
TSLA,2024-07-25T00:00:00.000000,0,44.85,SELL
TSLA,2024-07-26T00:00:00.000000,0,44.85,SELL
TSLA,2024-07-29T00:00:00.000000,0,48.51,SELL
TSLA,2024-07-30T00:00:00.000000,0,48.51,SELL
TSLA,2024-07-31T00:00:00.000000,0,48.51,SELL
TSLA,2024-08-01T00:00:00.000000,0,48.51,SELL
TSLA,2024-08-02T00:00:00.000000,1,48.51,BUY
TSLA,2024-08-05T00:00:00.000000,1,49.72,BUY
TSLA,2024-08-06T00:00:00.000000,1,49.72,BUY
TSLA,2024-08-07T00:00:00.000000,1,50.83,BUY
TSLA,2024-08-08T00:00:00.000000,1,50.83,BUY
TSLA,2024-08-09T00:00:00.000000,1,50.83,BUY
TSLA,2024-08-12T00:00:00.000000,1,50.83,BUY
TSLA,2024-08-13T00:00:00.000000,1,50.83,BUY
TSLA,2024-08-14T00:00:00.000000,1,50.83,BUY
TSLA,2024-08-15T00:00:00.000000,1,50.83,BUY
TSLA,2024-08-16T00:00:00.000000,1,50.83,BUY
TSLA,2024-08-19T00:00:00.000000,1,50.83,BUY
TSLA,2024-08-20T00:00:00.000000,1,49.72,BUY
TSLA,2024-08-21T00:00:00.000000,1,49.72,BUY
TSLA,2024-08-22T00:00:00.000000,1,49.72,BUY
TSLA,2024-08-23T00:00:00.000000,1,49.72,BUY
TSLA,2024-08-26T00:00:00.000000,1,50.83,BUY
TSLA,2024-08-27T00:00:00.000000,1,50.83,BUY
TSLA,2024-08-28T00:00:00.000000,1,50.83,BUY
TSLA,2024-08-29T00:00:00.000000,1,50.83,BUY
TSLA,2024-08-30T00:00:00.000000,1,50.83,BUY
TSLA,2024-09-03T00:00:00.000000,1,49.72,BUY
TSLA,2024-09-04T00:00:00.000000,1,49.72,BUY
TSLA,2024-09-05T00:00:00.000000,1,49.72,BUY
TSLA,2024-09-06T00:00:00.000000,1,49.72,BUY
TSLA,2024-09-09T00:00:00.000000,1,49.72,BUY
TSLA,2024-09-10T00:00:00.000000,1,50.83,BUY
TSLA,2024-09-11T00:00:00.000000,1,50.83,BUY
TSLA,2024-09-12T00:00:00.000000,1,50.83,BUY
TSLA,2024-09-13T00:00:00.000000,1,50.83,BUY
TSLA,2024-09-16T00:00:00.000000,1,50.83,BUY
TSLA,2024-09-17T00:00:00.000000,1,50.83,BUY
TSLA,2024-09-18T00:00:00.000000,1,50.83,BUY
TSLA,2024-09-19T00:00:00.000000,1,50.83,BUY
TSLA,2024-09-20T00:00:00.000000,1,50.83,BUY
TSLA,2024-09-23T00:00:00.000000,1,50.83,BUY
TSLA,2024-09-24T00:00:00.000000,1,50.83,BUY
TSLA,2024-09-25T00:00:00.000000,1,50.83,BUY
TSLA,2024-09-26T00:00:00.000000,1,50.83,BUY
TSLA,2024-09-27T00:00:00.000000,1,50.83,BUY
TSLA,2024-09-30T00:00:00.000000,1,50.83,BUY
TSLA,2024-10-01T00:00:00.000000,1,50.83,BUY
TSLA,2024-10-02T00:00:00.000000,1,50.83,BUY
TSLA,2024-10-03T00:00:00.000000,1,50.83,BUY
TSLA,2024-10-04T00:00:00.000000,1,50.83,BUY
TSLA,2024-10-07T00:00:00.000000,1,50.83,BUY
TSLA,2024-10-08T00:00:00.000000,1,50.83,BUY
TSLA,2024-10-09T00:00:00.000000,1,49.72,BUY
TSLA,2024-10-10T00:00:00.000000,1,49.72,BUY
TSLA,2024-10-11T00:00:00.000000,1,49.72,BUY
TSLA,2024-10-14T00:00:00.000000,1,49.72,BUY
TSLA,2024-10-15T00:00:00.000000,1,49.72,BUY
TSLA,2024-10-16T00:00:00.000000,1,49.72,BUY
TSLA,2024-10-17T00:00:00.000000,1,49.72,BUY
TSLA,2024-10-18T00:00:00.000000,1,49.72,BUY
TSLA,2024-10-21T00:00:00.000000,1,50.83,BUY
TSLA,2024-10-22T00:00:00.000000,1,50.83,BUY
TSLA,2024-10-23T00:00:00.000000,1,50.83,BUY
TSLA,2024-10-24T00:00:00.000000,1,49.72,BUY
TSLA,2024-10-25T00:00:00.000000,1,49.72,BUY
TSLA,2024-10-28T00:00:00.000000,1,49.72,BUY
TSLA,2024-10-29T00:00:00.000000,1,49.72,BUY
TSLA,2024-10-30T00:00:00.000000,1,50.83,BUY
TSLA,2024-10-31T00:00:00.000000,1,50.83,BUY
TSLA,2024-11-01T00:00:00.000000,1,50.83,BUY
TSLA,2024-11-04T00:00:00.000000,1,50.83,BUY
TSLA,2024-11-05T00:00:00.000000,1,50.83,BUY
TSLA,2024-11-06T00:00:00.000000,1,50.83,BUY
TSLA,2024-11-07T00:00:00.000000,1,50.83,BUY
TSLA,2024-11-08T00:00:00.000000,1,50.83,BUY
TSLA,2024-11-11T00:00:00.000000,1,50.83,BUY
TSLA,2024-11-12T00:00:00.000000,1,50.83,BUY
TSLA,2024-11-13T00:00:00.000000,1,50.83,BUY
TSLA,2024-11-14T00:00:00.000000,1,50.83,BUY
TSLA,2024-11-15T00:00:00.000000,1,50.83,BUY
TSLA,2024-11-18T00:00:00.000000,1,50.83,BUY
TSLA,2024-11-19T00:00:00.000000,1,50.83,BUY
TSLA,2024-11-20T00:00:00.000000,1,50.83,BUY
TSLA,2024-11-21T00:00:00.000000,1,49.72,BUY
TSLA,2024-11-22T00:00:00.000000,1,49.72,BUY
TSLA,2024-11-25T00:00:00.000000,0,48.51,SELL
TSLA,2024-11-26T00:00:00.000000,0,44.85,SELL
TSLA,2024-11-27T00:00:00.000000,0,38.31,SELL
TSLA,2024-11-29T00:00:00.000000,0,38.31,SELL
TSLA,2024-12-02T00:00:00.000000,0,38.31,SELL
TSLA,2024-12-03T00:00:00.000000,0,38.31,SELL
TSLA,2024-12-04T00:00:00.000000,0,38.31,SELL
TSLA,2024-12-05T00:00:00.000000,0,38.31,SELL
TSLA,2024-12-06T00:00:00.000000,0,44.85,SELL
TSLA,2024-12-09T00:00:00.000000,0,48.51,SELL
TSLA,2024-12-10T00:00:00.000000,0,48.51,SELL
TSLA,2024-12-11T00:00:00.000000,1,48.51,BUY
TSLA,2024-12-12T00:00:00.000000,1,49.72,BUY
TSLA,2024-12-13T00:00:00.000000,1,49.72,BUY
TSLA,2024-12-16T00:00:00.000000,1,50.83,BUY
TSLA,2024-12-17T00:00:00.000000,1,50.83,BUY
TSLA,2024-12-18T00:00:00.000000,1,50.83,BUY
TSLA,2024-12-19T00:00:00.000000,1,50.83,BUY
TSLA,2024-12-20T00:00:00.000000,1,50.83,BUY
UBER,2023-02-21T00:00:00.000000,1,48.51,BUY
UBER,2023-02-22T00:00:00.000000,1,48.51,BUY
UBER,2023-02-23T00:00:00.000000,1,48.51,BUY
UBER,2023-02-24T00:00:00.000000,1,48.51,BUY
UBER,2023-02-27T00:00:00.000000,1,48.51,BUY
UBER,2023-02-28T00:00:00.000000,1,48.51,BUY
UBER,2023-03-01T00:00:00.000000,0,48.51,SELL
UBER,2023-03-02T00:00:00.000000,1,48.51,BUY
UBER,2023-03-03T00:00:00.000000,0,48.51,SELL
UBER,2023-03-06T00:00:00.000000,0,48.51,SELL
UBER,2023-03-07T00:00:00.000000,0,48.51,SELL
UBER,2023-03-08T00:00:00.000000,0,48.51,SELL
UBER,2023-03-09T00:00:00.000000,0,44.85,SELL
UBER,2023-03-10T00:00:00.000000,0,44.85,SELL
UBER,2023-03-13T00:00:00.000000,0,48.51,SELL
UBER,2023-03-14T00:00:00.000000,0,48.51,SELL
UBER,2023-03-15T00:00:00.000000,0,48.51,SELL
UBER,2023-03-16T00:00:00.000000,0,48.51,SELL
UBER,2023-03-17T00:00:00.000000,0,48.51,SELL
UBER,2023-03-20T00:00:00.000000,1,48.51,BUY
UBER,2023-03-21T00:00:00.000000,0,48.51,SELL
UBER,2023-03-22T00:00:00.000000,0,48.51,SELL
UBER,2023-03-23T00:00:00.000000,0,48.51,SELL
UBER,2023-03-24T00:00:00.000000,0,48.51,SELL
UBER,2023-03-27T00:00:00.000000,0,48.51,SELL
UBER,2023-03-28T00:00:00.000000,0,48.51,SELL
UBER,2023-03-29T00:00:00.000000,0,45.45,SELL
UBER,2023-03-30T00:00:00.000000,0,44.85,SELL
UBER,2023-03-31T00:00:00.000000,0,45.45,SELL
UBER,2023-04-03T00:00:00.000000,0,38.31,SELL
UBER,2023-04-04T00:00:00.000000,0,38.1,SELL
UBER,2023-04-05T00:00:00.000000,0,38.31,SELL
UBER,2023-04-06T00:00:00.000000,0,32.82,SELL
UBER,2023-04-10T00:00:00.000000,0,32.82,SELL
UBER,2023-04-11T00:00:00.000000,0,32.82,SELL
UBER,2023-04-12T00:00:00.000000,0,32.82,SELL
UBER,2023-04-13T00:00:00.000000,0,32.82,SELL
UBER,2023-04-14T00:00:00.000000,0,36.84,SELL
UBER,2023-04-17T00:00:00.000000,0,36.84,SELL
UBER,2023-04-18T00:00:00.000000,0,38.31,SELL
UBER,2023-04-19T00:00:00.000000,0,38.31,SELL
UBER,2023-04-20T00:00:00.000000,0,38.31,SELL
UBER,2023-04-21T00:00:00.000000,0,44.85,SELL
UBER,2023-04-24T00:00:00.000000,0,44.85,SELL
UBER,2023-04-25T00:00:00.000000,0,48.51,SELL
UBER,2023-04-26T00:00:00.000000,0,48.51,SELL
UBER,2023-04-27T00:00:00.000000,0,48.51,SELL
UBER,2023-04-28T00:00:00.000000,0,48.51,SELL
UBER,2023-05-01T00:00:00.000000,0,48.51,SELL
UBER,2023-05-02T00:00:00.000000,0,48.51,SELL
UBER,2023-05-03T00:00:00.000000,0,48.51,SELL
UBER,2023-05-04T00:00:00.000000,0,48.51,SELL
UBER,2023-05-05T00:00:00.000000,1,48.51,BUY
UBER,2023-05-08T00:00:00.000000,1,49.72,BUY
UBER,2023-05-09T00:00:00.000000,1,49.72,BUY
UBER,2023-05-10T00:00:00.000000,1,50.83,BUY
UBER,2023-05-11T00:00:00.000000,1,50.83,BUY
UBER,2023-05-12T00:00:00.000000,1,50.83,BUY
UBER,2023-05-15T00:00:00.000000,1,50.83,BUY
UBER,2023-05-16T00:00:00.000000,1,50.83,BUY
UBER,2023-05-17T00:00:00.000000,1,50.83,BUY
UBER,2023-05-18T00:00:00.000000,1,50.83,BUY
UBER,2023-05-19T00:00:00.000000,1,49.72,BUY
UBER,2023-05-22T00:00:00.000000,1,49.72,BUY
UBER,2023-05-23T00:00:00.000000,1,49.72,BUY
UBER,2023-05-24T00:00:00.000000,1,48.51,BUY
UBER,2023-05-25T00:00:00.000000,1,48.51,BUY
UBER,2023-05-26T00:00:00.000000,0,48.51,SELL
UBER,2023-05-30T00:00:00.000000,0,48.51,SELL
UBER,2023-05-31T00:00:00.000000,0,48.51,SELL
UBER,2023-06-01T00:00:00.000000,0,48.51,SELL
UBER,2023-06-02T00:00:00.000000,0,48.51,SELL
UBER,2023-06-05T00:00:00.000000,0,48.51,SELL
UBER,2023-06-06T00:00:00.000000,0,44.85,SELL
UBER,2023-06-07T00:00:00.000000,0,38.31,SELL
UBER,2023-06-08T00:00:00.000000,0,32.82,SELL
UBER,2023-06-09T00:00:00.000000,0,32.82,SELL
UBER,2023-06-12T00:00:00.000000,0,24.06,SELL
UBER,2023-06-13T00:00:00.000000,0,7.69,SELL
UBER,2023-06-14T00:00:00.000000,0,7.69,SELL
UBER,2023-06-15T00:00:00.000000,0,7.69,SELL
UBER,2023-06-16T00:00:00.000000,0,7.69,SELL
UBER,2023-06-20T00:00:00.000000,0,7.69,SELL
UBER,2023-06-21T00:00:00.000000,0,25.88,SELL
UBER,2023-06-22T00:00:00.000000,0,32.82,SELL
UBER,2023-06-23T00:00:00.000000,0,32.82,SELL
UBER,2023-06-26T00:00:00.000000,0,32.82,SELL
UBER,2023-06-27T00:00:00.000000,0,38.1,SELL
UBER,2023-06-28T00:00:00.000000,0,38.31,SELL
UBER,2023-06-29T00:00:00.000000,0,44.85,SELL
UBER,2023-06-30T00:00:00.000000,0,48.51,SELL
UBER,2023-07-03T00:00:00.000000,0,48.51,SELL
UBER,2023-07-05T00:00:00.000000,0,48.51,SELL
UBER,2023-07-06T00:00:00.000000,0,48.51,SELL
UBER,2023-07-07T00:00:00.000000,0,48.51,SELL
UBER,2023-07-10T00:00:00.000000,0,48.51,SELL
UBER,2023-07-11T00:00:00.000000,0,48.51,SELL
UBER,2023-07-12T00:00:00.000000,0,48.51,SELL
UBER,2023-07-13T00:00:00.000000,0,48.51,SELL
UBER,2023-07-14T00:00:00.000000,0,48.51,SELL
UBER,2023-07-17T00:00:00.000000,0,44.85,SELL
UBER,2023-07-18T00:00:00.000000,0,38.31,SELL
UBER,2023-07-19T00:00:00.000000,0,38.31,SELL
UBER,2023-07-20T00:00:00.000000,0,37.5,SELL
UBER,2023-07-21T00:00:00.000000,0,32.82,SELL
UBER,2023-07-24T00:00:00.000000,0,32.82,SELL
UBER,2023-07-25T00:00:00.000000,0,32.82,SELL
UBER,2023-07-26T00:00:00.000000,0,32.82,SELL
UBER,2023-07-27T00:00:00.000000,0,32.82,SELL
UBER,2023-07-28T00:00:00.000000,0,32.82,SELL
UBER,2023-07-31T00:00:00.000000,0,32.82,SELL
UBER,2023-08-01T00:00:00.000000,0,37.93,SELL
UBER,2023-08-02T00:00:00.000000,0,38.31,SELL
UBER,2023-08-03T00:00:00.000000,0,38.31,SELL
UBER,2023-08-04T00:00:00.000000,0,44.85,SELL
UBER,2023-08-07T00:00:00.000000,0,44.85,SELL
UBER,2023-08-08T00:00:00.000000,0,48.51,SELL
UBER,2023-08-09T00:00:00.000000,0,48.51,SELL
UBER,2023-08-10T00:00:00.000000,0,48.51,SELL
UBER,2023-08-11T00:00:00.000000,0,48.51,SELL
UBER,2023-08-14T00:00:00.000000,0,48.51,SELL
UBER,2023-08-15T00:00:00.000000,0,48.51,SELL
UBER,2023-08-16T00:00:00.000000,0,44.85,SELL
UBER,2023-08-17T00:00:00.000000,0,44.85,SELL
UBER,2023-08-18T00:00:00.000000,0,44.85,SELL
UBER,2023-08-21T00:00:00.000000,0,44.85,SELL
UBER,2023-08-22T00:00:00.000000,0,48.51,SELL
UBER,2023-08-23T00:00:00.000000,1,49.72,BUY
UBER,2023-08-24T00:00:00.000000,1,49.72,BUY
UBER,2023-08-25T00:00:00.000000,1,49.72,BUY
UBER,2023-08-28T00:00:00.000000,1,49.72,BUY
UBER,2023-08-29T00:00:00.000000,1,50.83,BUY
UBER,2023-08-30T00:00:00.000000,1,49.72,BUY
UBER,2023-08-31T00:00:00.000000,1,49.72,BUY
UBER,2023-09-01T00:00:00.000000,0,48.51,SELL
UBER,2023-09-05T00:00:00.000000,0,48.51,SELL
UBER,2023-09-06T00:00:00.000000,0,48.51,SELL
UBER,2023-09-07T00:00:00.000000,0,48.51,SELL
UBER,2023-09-08T00:00:00.000000,0,48.51,SELL
UBER,2023-09-11T00:00:00.000000,0,44.85,SELL
UBER,2023-09-12T00:00:00.000000,0,38.31,SELL
UBER,2023-09-13T00:00:00.000000,0,38.31,SELL
UBER,2023-09-14T00:00:00.000000,0,38.31,SELL
UBER,2023-09-15T00:00:00.000000,0,44.85,SELL
UBER,2023-09-18T00:00:00.000000,0,48.51,SELL
UBER,2023-09-19T00:00:00.000000,0,48.51,SELL
UBER,2023-09-20T00:00:00.000000,0,48.51,SELL
UBER,2023-09-21T00:00:00.000000,0,44.85,SELL
UBER,2023-09-22T00:00:00.000000,0,48.51,SELL
UBER,2023-09-25T00:00:00.000000,0,48.51,SELL
UBER,2023-09-26T00:00:00.000000,0,48.51,SELL
UBER,2023-09-27T00:00:00.000000,0,48.51,SELL
UBER,2023-09-28T00:00:00.000000,1,48.51,BUY
UBER,2023-09-29T00:00:00.000000,1,49.72,BUY
UBER,2023-10-02T00:00:00.000000,1,49.72,BUY
UBER,2023-10-03T00:00:00.000000,1,49.72,BUY
UBER,2023-10-04T00:00:00.000000,1,50.83,BUY
UBER,2023-10-05T00:00:00.000000,1,50.83,BUY
UBER,2023-10-06T00:00:00.000000,1,50.83,BUY
UBER,2023-10-09T00:00:00.000000,1,50.83,BUY
UBER,2023-10-10T00:00:00.000000,1,50.83,BUY
UBER,2023-10-11T00:00:00.000000,1,49.72,BUY
UBER,2023-10-12T00:00:00.000000,1,49.72,BUY
UBER,2023-10-13T00:00:00.000000,1,49.72,BUY
UBER,2023-10-16T00:00:00.000000,1,48.51,BUY
UBER,2023-10-17T00:00:00.000000,0,48.51,SELL
UBER,2023-10-18T00:00:00.000000,0,48.51,SELL
UBER,2023-10-19T00:00:00.000000,0,44.85,SELL
UBER,2023-10-20T00:00:00.000000,0,44.85,SELL
UBER,2023-10-23T00:00:00.000000,0,48.51,SELL
UBER,2023-10-24T00:00:00.000000,0,48.51,SELL
UBER,2023-10-25T00:00:00.000000,0,48.51,SELL
UBER,2023-10-26T00:00:00.000000,0,48.51,SELL
UBER,2023-10-27T00:00:00.000000,0,48.51,SELL
UBER,2023-10-30T00:00:00.000000,0,48.51,SELL
UBER,2023-10-31T00:00:00.000000,1,49.72,BUY
UBER,2023-11-01T00:00:00.000000,1,49.72,BUY
UBER,2023-11-02T00:00:00.000000,1,49.72,BUY
UBER,2023-11-03T00:00:00.000000,1,49.72,BUY
UBER,2023-11-06T00:00:00.000000,1,49.72,BUY
UBER,2023-11-07T00:00:00.000000,1,48.51,BUY
UBER,2023-11-08T00:00:00.000000,0,48.51,SELL
UBER,2023-11-09T00:00:00.000000,1,48.51,BUY
UBER,2023-11-10T00:00:00.000000,1,48.51,BUY
UBER,2023-11-13T00:00:00.000000,1,48.51,BUY
UBER,2023-11-14T00:00:00.000000,1,49.72,BUY
UBER,2023-11-15T00:00:00.000000,1,49.72,BUY
UBER,2023-11-16T00:00:00.000000,1,49.72,BUY
UBER,2023-11-17T00:00:00.000000,1,49.72,BUY
UBER,2023-11-20T00:00:00.000000,1,50.83,BUY
UBER,2023-11-21T00:00:00.000000,1,50.83,BUY
UBER,2023-11-22T00:00:00.000000,1,50.83,BUY
UBER,2023-11-24T00:00:00.000000,1,50.83,BUY
UBER,2023-11-27T00:00:00.000000,1,50.83,BUY
UBER,2023-11-28T00:00:00.000000,1,50.83,BUY
UBER,2023-11-29T00:00:00.000000,1,50.83,BUY
UBER,2023-11-30T00:00:00.000000,1,50.83,BUY
UBER,2023-12-01T00:00:00.000000,1,49.72,BUY
UBER,2023-12-04T00:00:00.000000,1,49.72,BUY
UBER,2023-12-05T00:00:00.000000,1,49.72,BUY
UBER,2023-12-06T00:00:00.000000,1,49.72,BUY
UBER,2023-12-07T00:00:00.000000,1,49.72,BUY
UBER,2023-12-08T00:00:00.000000,1,48.51,BUY
UBER,2023-12-11T00:00:00.000000,0,48.51,SELL
UBER,2023-12-12T00:00:00.000000,0,48.51,SELL
UBER,2023-12-13T00:00:00.000000,0,38.31,SELL
UBER,2023-12-14T00:00:00.000000,0,38.1,SELL
UBER,2023-12-15T00:00:00.000000,0,32.82,SELL
UBER,2023-12-18T00:00:00.000000,0,32.82,SELL
UBER,2023-12-19T00:00:00.000000,0,32.82,SELL
UBER,2023-12-20T00:00:00.000000,0,32.82,SELL
UBER,2023-12-21T00:00:00.000000,0,32.82,SELL
UBER,2023-12-22T00:00:00.000000,0,32.82,SELL
UBER,2023-12-26T00:00:00.000000,0,32.82,SELL
UBER,2023-12-27T00:00:00.000000,0,31.68,SELL
UBER,2023-12-28T00:00:00.000000,0,7.69,SELL
UBER,2023-12-29T00:00:00.000000,0,7.69,SELL
UBER,2024-01-02T00:00:00.000000,0,8.24,SELL
UBER,2024-01-03T00:00:00.000000,0,29.38,SELL
UBER,2024-01-04T00:00:00.000000,0,32.82,SELL
UBER,2024-01-05T00:00:00.000000,0,32.82,SELL
UBER,2024-01-08T00:00:00.000000,0,32.82,SELL
UBER,2024-01-09T00:00:00.000000,0,32.82,SELL
UBER,2024-01-10T00:00:00.000000,0,32.82,SELL
UBER,2024-01-11T00:00:00.000000,0,32.82,SELL
UBER,2024-01-12T00:00:00.000000,0,36.84,SELL
UBER,2024-01-16T00:00:00.000000,0,36.84,SELL
UBER,2024-01-17T00:00:00.000000,0,32.82,SELL
UBER,2024-01-18T00:00:00.000000,0,32.82,SELL
UBER,2024-01-19T00:00:00.000000,0,32.82,SELL
UBER,2024-01-22T00:00:00.000000,0,32.82,SELL
UBER,2024-01-23T00:00:00.000000,0,32.82,SELL
UBER,2024-01-24T00:00:00.000000,0,38.31,SELL
UBER,2024-01-25T00:00:00.000000,0,40.62,SELL
UBER,2024-01-26T00:00:00.000000,0,44.85,SELL
UBER,2024-01-29T00:00:00.000000,0,48.51,SELL
UBER,2024-01-30T00:00:00.000000,0,44.85,SELL
UBER,2024-01-31T00:00:00.000000,0,38.31,SELL
UBER,2024-02-01T00:00:00.000000,0,38.31,SELL
UBER,2024-02-02T00:00:00.000000,0,44.85,SELL
UBER,2024-02-05T00:00:00.000000,0,48.51,SELL
UBER,2024-02-06T00:00:00.000000,0,48.51,SELL
UBER,2024-02-07T00:00:00.000000,0,48.51,SELL
UBER,2024-02-08T00:00:00.000000,0,48.51,SELL
UBER,2024-02-09T00:00:00.000000,0,48.51,SELL
UBER,2024-02-12T00:00:00.000000,0,48.51,SELL
UBER,2024-02-13T00:00:00.000000,0,48.51,SELL
UBER,2024-02-14T00:00:00.000000,1,48.51,BUY
UBER,2024-02-15T00:00:00.000000,1,48.51,BUY
UBER,2024-02-16T00:00:00.000000,1,48.51,BUY
UBER,2024-02-20T00:00:00.000000,1,49.72,BUY
UBER,2024-02-21T00:00:00.000000,1,49.72,BUY
UBER,2024-02-22T00:00:00.000000,1,49.72,BUY
UBER,2024-02-23T00:00:00.000000,1,49.72,BUY
UBER,2024-02-26T00:00:00.000000,1,49.72,BUY
UBER,2024-02-27T00:00:00.000000,1,49.72,BUY
UBER,2024-02-28T00:00:00.000000,1,49.72,BUY
UBER,2024-02-29T00:00:00.000000,1,49.72,BUY
UBER,2024-03-01T00:00:00.000000,1,49.72,BUY
UBER,2024-03-04T00:00:00.000000,1,49.72,BUY
UBER,2024-03-05T00:00:00.000000,1,48.51,BUY
UBER,2024-03-06T00:00:00.000000,1,48.51,BUY
UBER,2024-03-07T00:00:00.000000,0,48.51,SELL
UBER,2024-03-08T00:00:00.000000,0,48.51,SELL
UBER,2024-03-11T00:00:00.000000,0,48.51,SELL
UBER,2024-03-12T00:00:00.000000,0,48.51,SELL
UBER,2024-03-13T00:00:00.000000,0,48.51,SELL
UBER,2024-03-14T00:00:00.000000,0,48.51,SELL
UBER,2024-03-15T00:00:00.000000,0,48.51,SELL
UBER,2024-03-18T00:00:00.000000,0,48.51,SELL
UBER,2024-03-19T00:00:00.000000,0,44.85,SELL
UBER,2024-03-20T00:00:00.000000,0,44.85,SELL
UBER,2024-03-21T00:00:00.000000,0,38.31,SELL
UBER,2024-03-22T00:00:00.000000,0,38.31,SELL
UBER,2024-03-25T00:00:00.000000,0,32.82,SELL
UBER,2024-03-26T00:00:00.000000,0,32.82,SELL
UBER,2024-03-27T00:00:00.000000,0,32.82,SELL
UBER,2024-03-28T00:00:00.000000,0,32.82,SELL
UBER,2024-04-01T00:00:00.000000,0,32.82,SELL
UBER,2024-04-02T00:00:00.000000,0,32.82,SELL
UBER,2024-04-03T00:00:00.000000,0,32.82,SELL
UBER,2024-04-04T00:00:00.000000,0,37.93,SELL
UBER,2024-04-05T00:00:00.000000,0,38.31,SELL
UBER,2024-04-08T00:00:00.000000,0,38.31,SELL
UBER,2024-04-09T00:00:00.000000,0,44.85,SELL
UBER,2024-04-10T00:00:00.000000,0,38.31,SELL
UBER,2024-04-11T00:00:00.000000,0,38.31,SELL
UBER,2024-04-12T00:00:00.000000,0,38.31,SELL
UBER,2024-04-15T00:00:00.000000,0,38.31,SELL
UBER,2024-04-16T00:00:00.000000,0,44.85,SELL
UBER,2024-04-17T00:00:00.000000,0,48.51,SELL
UBER,2024-04-18T00:00:00.000000,0,48.51,SELL
UBER,2024-04-19T00:00:00.000000,0,48.51,SELL
UBER,2024-04-22T00:00:00.000000,0,48.51,SELL
UBER,2024-04-23T00:00:00.000000,0,48.51,SELL
UBER,2024-04-24T00:00:00.000000,1,49.72,BUY
UBER,2024-04-25T00:00:00.000000,1,49.72,BUY
UBER,2024-04-26T00:00:00.000000,1,49.72,BUY
UBER,2024-04-29T00:00:00.000000,1,49.72,BUY
UBER,2024-04-30T00:00:00.000000,1,49.72,BUY
UBER,2024-05-01T00:00:00.000000,1,49.72,BUY
UBER,2024-05-02T00:00:00.000000,1,48.51,BUY
UBER,2024-05-03T00:00:00.000000,0,48.51,SELL
UBER,2024-05-06T00:00:00.000000,0,48.51,SELL
UBER,2024-05-07T00:00:00.000000,1,48.51,BUY
UBER,2024-05-08T00:00:00.000000,1,49.72,BUY
UBER,2024-05-09T00:00:00.000000,1,49.72,BUY
UBER,2024-05-10T00:00:00.000000,1,50.83,BUY
UBER,2024-05-13T00:00:00.000000,1,49.72,BUY
UBER,2024-05-14T00:00:00.000000,1,49.72,BUY
UBER,2024-05-15T00:00:00.000000,1,49.72,BUY
UBER,2024-05-16T00:00:00.000000,0,48.51,SELL
UBER,2024-05-17T00:00:00.000000,0,48.51,SELL
UBER,2024-05-20T00:00:00.000000,0,48.51,SELL
UBER,2024-05-21T00:00:00.000000,0,40.62,SELL
UBER,2024-05-22T00:00:00.000000,0,38.31,SELL
UBER,2024-05-23T00:00:00.000000,0,38.31,SELL
UBER,2024-05-24T00:00:00.000000,0,38.31,SELL
UBER,2024-05-28T00:00:00.000000,0,38.31,SELL
UBER,2024-05-29T00:00:00.000000,0,48.51,SELL
UBER,2024-05-30T00:00:00.000000,0,48.51,SELL
UBER,2024-05-31T00:00:00.000000,1,49.72,BUY
UBER,2024-06-03T00:00:00.000000,1,49.72,BUY
UBER,2024-06-04T00:00:00.000000,1,49.72,BUY
UBER,2024-06-05T00:00:00.000000,1,49.72,BUY
UBER,2024-06-06T00:00:00.000000,1,49.72,BUY
UBER,2024-06-07T00:00:00.000000,1,49.72,BUY
UBER,2024-06-10T00:00:00.000000,1,49.72,BUY
UBER,2024-06-11T00:00:00.000000,1,49.72,BUY
UBER,2024-06-12T00:00:00.000000,1,49.72,BUY
UBER,2024-06-13T00:00:00.000000,1,49.72,BUY
UBER,2024-06-14T00:00:00.000000,1,49.72,BUY
UBER,2024-06-17T00:00:00.000000,1,49.72,BUY
UBER,2024-06-18T00:00:00.000000,1,49.72,BUY
UBER,2024-06-20T00:00:00.000000,1,49.72,BUY
UBER,2024-06-21T00:00:00.000000,1,49.72,BUY
UBER,2024-06-24T00:00:00.000000,1,49.72,BUY
UBER,2024-06-25T00:00:00.000000,1,49.72,BUY
UBER,2024-06-26T00:00:00.000000,1,49.72,BUY
UBER,2024-06-27T00:00:00.000000,1,49.72,BUY
UBER,2024-06-28T00:00:00.000000,1,49.72,BUY
UBER,2024-07-01T00:00:00.000000,1,49.72,BUY
UBER,2024-07-02T00:00:00.000000,1,49.72,BUY
UBER,2024-07-03T00:00:00.000000,1,49.72,BUY
UBER,2024-07-05T00:00:00.000000,1,49.72,BUY
UBER,2024-07-08T00:00:00.000000,1,49.72,BUY
UBER,2024-07-09T00:00:00.000000,1,49.72,BUY
UBER,2024-07-10T00:00:00.000000,1,49.72,BUY
UBER,2024-07-11T00:00:00.000000,1,49.72,BUY
UBER,2024-07-12T00:00:00.000000,1,49.72,BUY
UBER,2024-07-15T00:00:00.000000,0,48.51,SELL
UBER,2024-07-16T00:00:00.000000,0,48.51,SELL
UBER,2024-07-17T00:00:00.000000,0,48.51,SELL
UBER,2024-07-18T00:00:00.000000,0,48.51,SELL
UBER,2024-07-19T00:00:00.000000,0,48.51,SELL
UBER,2024-07-22T00:00:00.000000,0,48.51,SELL
UBER,2024-07-23T00:00:00.000000,0,48.51,SELL
UBER,2024-07-24T00:00:00.000000,0,48.51,SELL
UBER,2024-07-25T00:00:00.000000,0,48.51,SELL
UBER,2024-07-26T00:00:00.000000,0,48.51,SELL
UBER,2024-07-29T00:00:00.000000,0,44.85,SELL
UBER,2024-07-30T00:00:00.000000,0,48.51,SELL
UBER,2024-07-31T00:00:00.000000,0,48.51,SELL
UBER,2024-08-01T00:00:00.000000,0,48.51,SELL
UBER,2024-08-02T00:00:00.000000,0,48.51,SELL
UBER,2024-08-05T00:00:00.000000,1,48.51,BUY
UBER,2024-08-06T00:00:00.000000,1,49.72,BUY
UBER,2024-08-07T00:00:00.000000,1,49.72,BUY
UBER,2024-08-08T00:00:00.000000,1,49.72,BUY
UBER,2024-08-09T00:00:00.000000,1,48.51,BUY
UBER,2024-08-12T00:00:00.000000,1,48.51,BUY
UBER,2024-08-13T00:00:00.000000,1,48.51,BUY
UBER,2024-08-14T00:00:00.000000,1,48.51,BUY
UBER,2024-08-15T00:00:00.000000,1,49.72,BUY
UBER,2024-08-16T00:00:00.000000,1,49.72,BUY
UBER,2024-08-19T00:00:00.000000,1,49.72,BUY
UBER,2024-08-20T00:00:00.000000,1,49.72,BUY
UBER,2024-08-21T00:00:00.000000,1,49.72,BUY
UBER,2024-08-22T00:00:00.000000,1,49.72,BUY
UBER,2024-08-23T00:00:00.000000,1,49.72,BUY
UBER,2024-08-26T00:00:00.000000,1,49.72,BUY
UBER,2024-08-27T00:00:00.000000,1,48.51,BUY
UBER,2024-08-28T00:00:00.000000,1,49.72,BUY
UBER,2024-08-29T00:00:00.000000,1,49.72,BUY
UBER,2024-08-30T00:00:00.000000,1,49.72,BUY
UBER,2024-09-03T00:00:00.000000,1,49.72,BUY
UBER,2024-09-04T00:00:00.000000,1,49.72,BUY
UBER,2024-09-05T00:00:00.000000,1,49.72,BUY
UBER,2024-09-06T00:00:00.000000,1,49.72,BUY
UBER,2024-09-09T00:00:00.000000,1,49.72,BUY
UBER,2024-09-10T00:00:00.000000,1,49.72,BUY
UBER,2024-09-11T00:00:00.000000,1,49.72,BUY
UBER,2024-09-12T00:00:00.000000,1,49.72,BUY
UBER,2024-09-13T00:00:00.000000,1,49.72,BUY
UBER,2024-09-16T00:00:00.000000,1,49.72,BUY
UBER,2024-09-17T00:00:00.000000,1,49.72,BUY
UBER,2024-09-18T00:00:00.000000,1,49.72,BUY
UBER,2024-09-19T00:00:00.000000,1,48.51,BUY
UBER,2024-09-20T00:00:00.000000,0,48.51,SELL
UBER,2024-09-23T00:00:00.000000,0,48.51,SELL
UBER,2024-09-24T00:00:00.000000,0,44.85,SELL
UBER,2024-09-25T00:00:00.000000,0,38.31,SELL
UBER,2024-09-26T00:00:00.000000,0,38.31,SELL
UBER,2024-09-27T00:00:00.000000,0,38.31,SELL
UBER,2024-09-30T00:00:00.000000,0,38.31,SELL
UBER,2024-10-01T00:00:00.000000,0,38.31,SELL
UBER,2024-10-02T00:00:00.000000,0,38.31,SELL
UBER,2024-10-03T00:00:00.000000,0,38.31,SELL
UBER,2024-10-04T00:00:00.000000,0,38.31,SELL
UBER,2024-10-07T00:00:00.000000,0,38.31,SELL
UBER,2024-10-08T00:00:00.000000,0,44.72,SELL
UBER,2024-10-09T00:00:00.000000,0,48.51,SELL
UBER,2024-10-10T00:00:00.000000,0,44.85,SELL
UBER,2024-10-11T00:00:00.000000,0,44.85,SELL
UBER,2024-10-14T00:00:00.000000,0,40.62,SELL
UBER,2024-10-15T00:00:00.000000,0,44.09,SELL
UBER,2024-10-16T00:00:00.000000,0,44.85,SELL
UBER,2024-10-17T00:00:00.000000,0,48.51,SELL
UBER,2024-10-18T00:00:00.000000,0,48.51,SELL
UBER,2024-10-21T00:00:00.000000,1,48.51,BUY
UBER,2024-10-22T00:00:00.000000,1,49.72,BUY
UBER,2024-10-23T00:00:00.000000,1,49.72,BUY
UBER,2024-10-24T00:00:00.000000,1,49.72,BUY
UBER,2024-10-25T00:00:00.000000,1,49.72,BUY
UBER,2024-10-28T00:00:00.000000,1,49.72,BUY
UBER,2024-10-29T00:00:00.000000,1,48.51,BUY
UBER,2024-10-30T00:00:00.000000,1,48.51,BUY
UBER,2024-10-31T00:00:00.000000,1,48.51,BUY
UBER,2024-11-01T00:00:00.000000,1,48.51,BUY
UBER,2024-11-04T00:00:00.000000,0,48.51,SELL
UBER,2024-11-05T00:00:00.000000,0,48.51,SELL
UBER,2024-11-06T00:00:00.000000,0,48.51,SELL
UBER,2024-11-07T00:00:00.000000,0,48.51,SELL
UBER,2024-11-08T00:00:00.000000,0,48.51,SELL
UBER,2024-11-11T00:00:00.000000,0,48.51,SELL
UBER,2024-11-12T00:00:00.000000,0,48.51,SELL
UBER,2024-11-13T00:00:00.000000,0,48.51,SELL
UBER,2024-11-14T00:00:00.000000,0,44.85,SELL
UBER,2024-11-15T00:00:00.000000,0,44.85,SELL
UBER,2024-11-18T00:00:00.000000,0,38.31,SELL
UBER,2024-11-19T00:00:00.000000,0,38.31,SELL
UBER,2024-11-20T00:00:00.000000,0,38.31,SELL
UBER,2024-11-21T00:00:00.000000,0,40.62,SELL
UBER,2024-11-22T00:00:00.000000,0,38.31,SELL
UBER,2024-11-25T00:00:00.000000,0,38.31,SELL
UBER,2024-11-26T00:00:00.000000,0,38.31,SELL
UBER,2024-11-27T00:00:00.000000,0,38.31,SELL
UBER,2024-11-29T00:00:00.000000,0,38.31,SELL
UBER,2024-12-02T00:00:00.000000,0,44.85,SELL
UBER,2024-12-03T00:00:00.000000,0,40.62,SELL
UBER,2024-12-04T00:00:00.000000,0,44.85,SELL
UBER,2024-12-05T00:00:00.000000,0,44.85,SELL
UBER,2024-12-06T00:00:00.000000,0,44.85,SELL
UBER,2024-12-09T00:00:00.000000,0,44.85,SELL
UBER,2024-12-10T00:00:00.000000,0,48.51,SELL
UBER,2024-12-11T00:00:00.000000,0,48.51,SELL
UBER,2024-12-12T00:00:00.000000,0,48.51,SELL
UBER,2024-12-13T00:00:00.000000,0,48.51,SELL
UBER,2024-12-16T00:00:00.000000,0,48.51,SELL
UBER,2024-12-17T00:00:00.000000,0,48.51,SELL
UBER,2024-12-18T00:00:00.000000,0,48.51,SELL
UBER,2024-12-19T00:00:00.000000,0,44.85,SELL
UBER,2024-12-20T00:00:00.000000,0,44.85,SELL
UNH,2023-02-21T00:00:00.000000,1,49.72,BUY
UNH,2023-02-22T00:00:00.000000,1,49.72,BUY
UNH,2023-02-23T00:00:00.000000,1,50.83,BUY
UNH,2023-02-24T00:00:00.000000,1,50.83,BUY
UNH,2023-02-27T00:00:00.000000,1,50.83,BUY
UNH,2023-02-28T00:00:00.000000,1,50.83,BUY
UNH,2023-03-01T00:00:00.000000,1,50.83,BUY
UNH,2023-03-02T00:00:00.000000,1,50.83,BUY
UNH,2023-03-03T00:00:00.000000,1,50.83,BUY
UNH,2023-03-06T00:00:00.000000,1,50.83,BUY
UNH,2023-03-07T00:00:00.000000,1,52.76,BUY
UNH,2023-03-08T00:00:00.000000,1,52.76,BUY
UNH,2023-03-09T00:00:00.000000,1,50.83,BUY
UNH,2023-03-10T00:00:00.000000,1,50.83,BUY
UNH,2023-03-13T00:00:00.000000,1,50.83,BUY
UNH,2023-03-14T00:00:00.000000,1,50.83,BUY
UNH,2023-03-15T00:00:00.000000,1,50.83,BUY
UNH,2023-03-16T00:00:00.000000,1,50.83,BUY
UNH,2023-03-17T00:00:00.000000,1,50.83,BUY
UNH,2023-03-20T00:00:00.000000,1,52.76,BUY
UNH,2023-03-21T00:00:00.000000,1,52.76,BUY
UNH,2023-03-22T00:00:00.000000,1,50.83,BUY
UNH,2023-03-23T00:00:00.000000,1,50.83,BUY
UNH,2023-03-24T00:00:00.000000,1,50.83,BUY
UNH,2023-03-27T00:00:00.000000,1,50.83,BUY
UNH,2023-03-28T00:00:00.000000,1,50.83,BUY
UNH,2023-03-29T00:00:00.000000,1,50.83,BUY
UNH,2023-03-30T00:00:00.000000,1,50.83,BUY
UNH,2023-03-31T00:00:00.000000,1,50.83,BUY
UNH,2023-04-03T00:00:00.000000,1,50.83,BUY
UNH,2023-04-04T00:00:00.000000,1,49.72,BUY
UNH,2023-04-05T00:00:00.000000,1,49.72,BUY
UNH,2023-04-06T00:00:00.000000,1,49.72,BUY
UNH,2023-04-10T00:00:00.000000,1,49.72,BUY
UNH,2023-04-11T00:00:00.000000,1,49.72,BUY
UNH,2023-04-12T00:00:00.000000,1,49.72,BUY
UNH,2023-04-13T00:00:00.000000,1,49.72,BUY
UNH,2023-04-14T00:00:00.000000,1,49.72,BUY
UNH,2023-04-17T00:00:00.000000,1,50.83,BUY
UNH,2023-04-18T00:00:00.000000,1,50.83,BUY
UNH,2023-04-19T00:00:00.000000,1,50.83,BUY
UNH,2023-04-20T00:00:00.000000,1,50.83,BUY
UNH,2023-04-21T00:00:00.000000,1,50.83,BUY
UNH,2023-04-24T00:00:00.000000,1,50.83,BUY
UNH,2023-04-25T00:00:00.000000,1,49.72,BUY
UNH,2023-04-26T00:00:00.000000,1,49.72,BUY
UNH,2023-04-27T00:00:00.000000,1,49.72,BUY
UNH,2023-04-28T00:00:00.000000,1,49.72,BUY
UNH,2023-05-01T00:00:00.000000,1,49.72,BUY
UNH,2023-05-02T00:00:00.000000,1,49.72,BUY
UNH,2023-05-03T00:00:00.000000,1,50.83,BUY
UNH,2023-05-04T00:00:00.000000,1,50.83,BUY
UNH,2023-05-05T00:00:00.000000,1,50.83,BUY
UNH,2023-05-08T00:00:00.000000,1,50.83,BUY
UNH,2023-05-09T00:00:00.000000,1,50.83,BUY
UNH,2023-05-10T00:00:00.000000,1,50.83,BUY
UNH,2023-05-11T00:00:00.000000,1,50.83,BUY
UNH,2023-05-12T00:00:00.000000,1,50.83,BUY
UNH,2023-05-15T00:00:00.000000,1,50.83,BUY
UNH,2023-05-16T00:00:00.000000,1,50.83,BUY
UNH,2023-05-17T00:00:00.000000,1,50.83,BUY
UNH,2023-05-18T00:00:00.000000,1,50.83,BUY
UNH,2023-05-19T00:00:00.000000,1,50.83,BUY
UNH,2023-05-22T00:00:00.000000,1,50.83,BUY
UNH,2023-05-23T00:00:00.000000,1,50.83,BUY
UNH,2023-05-24T00:00:00.000000,1,50.83,BUY
UNH,2023-05-25T00:00:00.000000,1,50.83,BUY
UNH,2023-05-26T00:00:00.000000,1,50.83,BUY
UNH,2023-05-30T00:00:00.000000,1,50.83,BUY
UNH,2023-05-31T00:00:00.000000,1,50.83,BUY
UNH,2023-06-01T00:00:00.000000,1,50.83,BUY
UNH,2023-06-02T00:00:00.000000,1,50.83,BUY
UNH,2023-06-05T00:00:00.000000,1,50.83,BUY
UNH,2023-06-06T00:00:00.000000,1,50.83,BUY
UNH,2023-06-07T00:00:00.000000,1,50.83,BUY
UNH,2023-06-08T00:00:00.000000,1,50.83,BUY
UNH,2023-06-09T00:00:00.000000,1,50.83,BUY
UNH,2023-06-12T00:00:00.000000,1,49.72,BUY
UNH,2023-06-13T00:00:00.000000,1,49.72,BUY
UNH,2023-06-14T00:00:00.000000,1,49.72,BUY
UNH,2023-06-15T00:00:00.000000,1,49.72,BUY
UNH,2023-06-16T00:00:00.000000,1,49.72,BUY
UNH,2023-06-20T00:00:00.000000,1,49.72,BUY
UNH,2023-06-21T00:00:00.000000,1,49.72,BUY
UNH,2023-06-22T00:00:00.000000,1,49.72,BUY
UNH,2023-06-23T00:00:00.000000,1,49.72,BUY
UNH,2023-06-26T00:00:00.000000,1,49.72,BUY
UNH,2023-06-27T00:00:00.000000,1,49.72,BUY
UNH,2023-06-28T00:00:00.000000,1,49.72,BUY
UNH,2023-06-29T00:00:00.000000,1,50.83,BUY
UNH,2023-06-30T00:00:00.000000,1,50.83,BUY
UNH,2023-07-03T00:00:00.000000,1,50.83,BUY
UNH,2023-07-05T00:00:00.000000,1,50.83,BUY
UNH,2023-07-06T00:00:00.000000,1,50.83,BUY
UNH,2023-07-07T00:00:00.000000,1,50.83,BUY
UNH,2023-07-10T00:00:00.000000,1,50.83,BUY
UNH,2023-07-11T00:00:00.000000,1,49.72,BUY
UNH,2023-07-12T00:00:00.000000,1,49.72,BUY
UNH,2023-07-13T00:00:00.000000,1,49.72,BUY
UNH,2023-07-14T00:00:00.000000,1,49.72,BUY
UNH,2023-07-17T00:00:00.000000,1,49.72,BUY
UNH,2023-07-18T00:00:00.000000,1,49.72,BUY
UNH,2023-07-19T00:00:00.000000,1,49.72,BUY
UNH,2023-07-20T00:00:00.000000,1,49.72,BUY
UNH,2023-07-21T00:00:00.000000,1,50.83,BUY
UNH,2023-07-24T00:00:00.000000,1,50.83,BUY
UNH,2023-07-25T00:00:00.000000,1,50.83,BUY
UNH,2023-07-26T00:00:00.000000,1,50.83,BUY
UNH,2023-07-27T00:00:00.000000,1,50.83,BUY
UNH,2023-07-28T00:00:00.000000,1,50.83,BUY
UNH,2023-07-31T00:00:00.000000,1,50.83,BUY
UNH,2023-08-01T00:00:00.000000,1,50.83,BUY
UNH,2023-08-02T00:00:00.000000,1,50.83,BUY
UNH,2023-08-03T00:00:00.000000,1,50.83,BUY
UNH,2023-08-04T00:00:00.000000,1,50.83,BUY
UNH,2023-08-07T00:00:00.000000,1,50.83,BUY
UNH,2023-08-08T00:00:00.000000,1,50.83,BUY
UNH,2023-08-09T00:00:00.000000,1,50.83,BUY
UNH,2023-08-10T00:00:00.000000,1,50.83,BUY
UNH,2023-08-11T00:00:00.000000,1,50.83,BUY
UNH,2023-08-14T00:00:00.000000,1,50.83,BUY
UNH,2023-08-15T00:00:00.000000,1,50.83,BUY
UNH,2023-08-16T00:00:00.000000,1,50.83,BUY
UNH,2023-08-17T00:00:00.000000,1,50.83,BUY
UNH,2023-08-18T00:00:00.000000,1,50.83,BUY
UNH,2023-08-21T00:00:00.000000,1,50.83,BUY
UNH,2023-08-22T00:00:00.000000,1,50.83,BUY
UNH,2023-08-23T00:00:00.000000,1,50.83,BUY
UNH,2023-08-24T00:00:00.000000,1,50.83,BUY
UNH,2023-08-25T00:00:00.000000,1,50.83,BUY
UNH,2023-08-28T00:00:00.000000,1,50.83,BUY
UNH,2023-08-29T00:00:00.000000,1,50.83,BUY
UNH,2023-08-30T00:00:00.000000,1,50.83,BUY
UNH,2023-08-31T00:00:00.000000,1,50.83,BUY
UNH,2023-09-01T00:00:00.000000,1,50.83,BUY
UNH,2023-09-05T00:00:00.000000,1,50.83,BUY
UNH,2023-09-06T00:00:00.000000,1,50.83,BUY
UNH,2023-09-07T00:00:00.000000,1,50.83,BUY
UNH,2023-09-08T00:00:00.000000,1,50.83,BUY
UNH,2023-09-11T00:00:00.000000,1,50.83,BUY
UNH,2023-09-12T00:00:00.000000,1,50.83,BUY
UNH,2023-09-13T00:00:00.000000,1,50.83,BUY
UNH,2023-09-14T00:00:00.000000,1,50.83,BUY
UNH,2023-09-15T00:00:00.000000,1,50.83,BUY
UNH,2023-09-18T00:00:00.000000,1,50.83,BUY
UNH,2023-09-19T00:00:00.000000,1,50.83,BUY
UNH,2023-09-20T00:00:00.000000,1,50.83,BUY
UNH,2023-09-21T00:00:00.000000,1,50.83,BUY
UNH,2023-09-22T00:00:00.000000,1,50.83,BUY
UNH,2023-09-25T00:00:00.000000,1,50.83,BUY
UNH,2023-09-26T00:00:00.000000,1,50.83,BUY
UNH,2023-09-27T00:00:00.000000,1,50.83,BUY
UNH,2023-09-28T00:00:00.000000,1,50.83,BUY
UNH,2023-09-29T00:00:00.000000,1,50.83,BUY
UNH,2023-10-02T00:00:00.000000,1,50.83,BUY
UNH,2023-10-03T00:00:00.000000,1,50.83,BUY
UNH,2023-10-04T00:00:00.000000,1,50.83,BUY
UNH,2023-10-05T00:00:00.000000,1,50.83,BUY
UNH,2023-10-06T00:00:00.000000,1,50.83,BUY
UNH,2023-10-09T00:00:00.000000,1,50.83,BUY
UNH,2023-10-10T00:00:00.000000,1,50.83,BUY
UNH,2023-10-11T00:00:00.000000,1,50.83,BUY
UNH,2023-10-12T00:00:00.000000,1,50.83,BUY
UNH,2023-10-13T00:00:00.000000,1,50.83,BUY
UNH,2023-10-16T00:00:00.000000,1,50.83,BUY
UNH,2023-10-17T00:00:00.000000,1,50.83,BUY
UNH,2023-10-18T00:00:00.000000,1,50.83,BUY
UNH,2023-10-19T00:00:00.000000,1,50.83,BUY
UNH,2023-10-20T00:00:00.000000,1,50.83,BUY
UNH,2023-10-23T00:00:00.000000,1,50.83,BUY
UNH,2023-10-24T00:00:00.000000,1,50.83,BUY
UNH,2023-10-25T00:00:00.000000,1,50.83,BUY
UNH,2023-10-26T00:00:00.000000,1,50.83,BUY
UNH,2023-10-27T00:00:00.000000,1,50.83,BUY
UNH,2023-10-30T00:00:00.000000,1,50.83,BUY
UNH,2023-10-31T00:00:00.000000,1,50.83,BUY
UNH,2023-11-01T00:00:00.000000,1,50.83,BUY
UNH,2023-11-02T00:00:00.000000,1,50.83,BUY
UNH,2023-11-03T00:00:00.000000,1,50.83,BUY
UNH,2023-11-06T00:00:00.000000,1,50.83,BUY
UNH,2023-11-07T00:00:00.000000,1,50.83,BUY
UNH,2023-11-08T00:00:00.000000,1,50.83,BUY
UNH,2023-11-09T00:00:00.000000,1,49.72,BUY
UNH,2023-11-10T00:00:00.000000,1,49.72,BUY
UNH,2023-11-13T00:00:00.000000,1,48.51,BUY
UNH,2023-11-14T00:00:00.000000,0,48.51,SELL
UNH,2023-11-15T00:00:00.000000,0,48.51,SELL
UNH,2023-11-16T00:00:00.000000,0,48.51,SELL
UNH,2023-11-17T00:00:00.000000,0,48.51,SELL
UNH,2023-11-20T00:00:00.000000,0,48.51,SELL
UNH,2023-11-21T00:00:00.000000,0,48.51,SELL
UNH,2023-11-22T00:00:00.000000,1,48.51,BUY
UNH,2023-11-24T00:00:00.000000,1,49.72,BUY
UNH,2023-11-27T00:00:00.000000,1,49.72,BUY
UNH,2023-11-28T00:00:00.000000,1,49.72,BUY
UNH,2023-11-29T00:00:00.000000,1,49.72,BUY
UNH,2023-11-30T00:00:00.000000,1,49.72,BUY
UNH,2023-12-01T00:00:00.000000,1,49.72,BUY
UNH,2023-12-04T00:00:00.000000,1,49.72,BUY
UNH,2023-12-05T00:00:00.000000,1,49.72,BUY
UNH,2023-12-06T00:00:00.000000,1,49.72,BUY
UNH,2023-12-07T00:00:00.000000,1,49.72,BUY
UNH,2023-12-08T00:00:00.000000,1,49.72,BUY
UNH,2023-12-11T00:00:00.000000,1,49.72,BUY
UNH,2023-12-12T00:00:00.000000,1,49.72,BUY
UNH,2023-12-13T00:00:00.000000,1,49.72,BUY
UNH,2023-12-14T00:00:00.000000,1,49.72,BUY
UNH,2023-12-15T00:00:00.000000,1,49.72,BUY
UNH,2023-12-18T00:00:00.000000,1,49.72,BUY
UNH,2023-12-19T00:00:00.000000,1,49.72,BUY
UNH,2023-12-20T00:00:00.000000,1,49.72,BUY
UNH,2023-12-21T00:00:00.000000,1,49.72,BUY
UNH,2023-12-22T00:00:00.000000,1,49.72,BUY
UNH,2023-12-26T00:00:00.000000,1,49.72,BUY
UNH,2023-12-27T00:00:00.000000,1,49.72,BUY
UNH,2023-12-28T00:00:00.000000,1,49.72,BUY
UNH,2023-12-29T00:00:00.000000,1,49.72,BUY
UNH,2024-01-02T00:00:00.000000,1,49.72,BUY
UNH,2024-01-03T00:00:00.000000,1,49.72,BUY
UNH,2024-01-04T00:00:00.000000,1,49.72,BUY
UNH,2024-01-05T00:00:00.000000,1,49.72,BUY
UNH,2024-01-08T00:00:00.000000,1,49.72,BUY
UNH,2024-01-09T00:00:00.000000,1,50.83,BUY
UNH,2024-01-10T00:00:00.000000,1,50.83,BUY
UNH,2024-01-11T00:00:00.000000,1,50.83,BUY
UNH,2024-01-12T00:00:00.000000,1,50.83,BUY
UNH,2024-01-16T00:00:00.000000,1,49.72,BUY
UNH,2024-01-17T00:00:00.000000,1,49.72,BUY
UNH,2024-01-18T00:00:00.000000,1,49.72,BUY
UNH,2024-01-19T00:00:00.000000,1,49.72,BUY
UNH,2024-01-22T00:00:00.000000,1,49.72,BUY
UNH,2024-01-23T00:00:00.000000,1,49.72,BUY
UNH,2024-01-24T00:00:00.000000,1,49.72,BUY
UNH,2024-01-25T00:00:00.000000,1,49.72,BUY
UNH,2024-01-26T00:00:00.000000,1,49.72,BUY
UNH,2024-01-29T00:00:00.000000,1,49.72,BUY
UNH,2024-01-30T00:00:00.000000,1,49.72,BUY
UNH,2024-01-31T00:00:00.000000,1,50.83,BUY
UNH,2024-02-01T00:00:00.000000,1,50.83,BUY
UNH,2024-02-02T00:00:00.000000,1,50.83,BUY
UNH,2024-02-05T00:00:00.000000,1,50.83,BUY
UNH,2024-02-06T00:00:00.000000,1,50.83,BUY
UNH,2024-02-07T00:00:00.000000,1,50.83,BUY
UNH,2024-02-08T00:00:00.000000,1,50.83,BUY
UNH,2024-02-09T00:00:00.000000,1,50.83,BUY
UNH,2024-02-12T00:00:00.000000,1,50.83,BUY
UNH,2024-02-13T00:00:00.000000,1,50.83,BUY
UNH,2024-02-14T00:00:00.000000,1,50.83,BUY
UNH,2024-02-15T00:00:00.000000,1,50.83,BUY
UNH,2024-02-16T00:00:00.000000,1,50.83,BUY
UNH,2024-02-20T00:00:00.000000,1,50.83,BUY
UNH,2024-02-21T00:00:00.000000,1,50.83,BUY
UNH,2024-02-22T00:00:00.000000,1,50.83,BUY
UNH,2024-02-23T00:00:00.000000,1,50.83,BUY
UNH,2024-02-26T00:00:00.000000,1,50.83,BUY
UNH,2024-02-27T00:00:00.000000,1,50.83,BUY
UNH,2024-02-28T00:00:00.000000,1,50.83,BUY
UNH,2024-02-29T00:00:00.000000,1,50.83,BUY
UNH,2024-03-01T00:00:00.000000,1,50.83,BUY
UNH,2024-03-04T00:00:00.000000,1,50.83,BUY
UNH,2024-03-05T00:00:00.000000,1,49.72,BUY
UNH,2024-03-06T00:00:00.000000,1,49.72,BUY
UNH,2024-03-07T00:00:00.000000,1,49.72,BUY
UNH,2024-03-08T00:00:00.000000,1,49.72,BUY
UNH,2024-03-11T00:00:00.000000,1,49.72,BUY
UNH,2024-03-12T00:00:00.000000,1,49.72,BUY
UNH,2024-03-13T00:00:00.000000,1,49.72,BUY
UNH,2024-03-14T00:00:00.000000,1,49.72,BUY
UNH,2024-03-15T00:00:00.000000,1,50.83,BUY
UNH,2024-03-18T00:00:00.000000,1,50.83,BUY
UNH,2024-03-19T00:00:00.000000,1,50.83,BUY
UNH,2024-03-20T00:00:00.000000,1,50.83,BUY
UNH,2024-03-21T00:00:00.000000,1,50.83,BUY
UNH,2024-03-22T00:00:00.000000,1,50.83,BUY
UNH,2024-03-25T00:00:00.000000,1,50.83,BUY
UNH,2024-03-26T00:00:00.000000,1,50.83,BUY
UNH,2024-03-27T00:00:00.000000,1,50.83,BUY
UNH,2024-03-28T00:00:00.000000,1,49.72,BUY
UNH,2024-04-01T00:00:00.000000,1,49.72,BUY
UNH,2024-04-02T00:00:00.000000,1,49.72,BUY
UNH,2024-04-03T00:00:00.000000,1,49.72,BUY
UNH,2024-04-04T00:00:00.000000,1,49.72,BUY
UNH,2024-04-05T00:00:00.000000,1,49.72,BUY
UNH,2024-04-08T00:00:00.000000,1,49.72,BUY
UNH,2024-04-09T00:00:00.000000,1,49.72,BUY
UNH,2024-04-10T00:00:00.000000,1,49.72,BUY
UNH,2024-04-11T00:00:00.000000,1,49.72,BUY
UNH,2024-04-12T00:00:00.000000,1,49.72,BUY
UNH,2024-04-15T00:00:00.000000,1,49.72,BUY
UNH,2024-04-16T00:00:00.000000,1,49.72,BUY
UNH,2024-04-17T00:00:00.000000,1,49.72,BUY
UNH,2024-04-18T00:00:00.000000,1,50.83,BUY
UNH,2024-04-19T00:00:00.000000,1,50.83,BUY
UNH,2024-04-22T00:00:00.000000,1,50.83,BUY
UNH,2024-04-23T00:00:00.000000,1,50.83,BUY
UNH,2024-04-24T00:00:00.000000,1,50.83,BUY
UNH,2024-04-25T00:00:00.000000,1,50.83,BUY
UNH,2024-04-26T00:00:00.000000,1,52.76,BUY
UNH,2024-04-29T00:00:00.000000,1,52.76,BUY
UNH,2024-04-30T00:00:00.000000,1,50.83,BUY
UNH,2024-05-01T00:00:00.000000,1,50.83,BUY
UNH,2024-05-02T00:00:00.000000,1,50.83,BUY
UNH,2024-05-03T00:00:00.000000,1,50.83,BUY
UNH,2024-05-06T00:00:00.000000,1,50.83,BUY
UNH,2024-05-07T00:00:00.000000,1,50.83,BUY
UNH,2024-05-08T00:00:00.000000,1,50.83,BUY
UNH,2024-05-09T00:00:00.000000,1,50.83,BUY
UNH,2024-05-10T00:00:00.000000,1,50.83,BUY
UNH,2024-05-13T00:00:00.000000,1,50.83,BUY
UNH,2024-05-14T00:00:00.000000,1,50.83,BUY
UNH,2024-05-15T00:00:00.000000,1,50.83,BUY
UNH,2024-05-16T00:00:00.000000,1,50.83,BUY
UNH,2024-05-17T00:00:00.000000,1,50.83,BUY
UNH,2024-05-20T00:00:00.000000,1,49.72,BUY
UNH,2024-05-21T00:00:00.000000,1,49.72,BUY
UNH,2024-05-22T00:00:00.000000,1,49.72,BUY
UNH,2024-05-23T00:00:00.000000,1,49.72,BUY
UNH,2024-05-24T00:00:00.000000,1,49.72,BUY
UNH,2024-05-28T00:00:00.000000,1,49.72,BUY
UNH,2024-05-29T00:00:00.000000,1,49.72,BUY
UNH,2024-05-30T00:00:00.000000,1,49.72,BUY
UNH,2024-05-31T00:00:00.000000,1,49.72,BUY
UNH,2024-06-03T00:00:00.000000,1,49.72,BUY
UNH,2024-06-04T00:00:00.000000,1,49.72,BUY
UNH,2024-06-05T00:00:00.000000,1,49.72,BUY
UNH,2024-06-06T00:00:00.000000,1,50.83,BUY
UNH,2024-06-07T00:00:00.000000,1,50.83,BUY
UNH,2024-06-10T00:00:00.000000,1,50.83,BUY
UNH,2024-06-11T00:00:00.000000,1,50.83,BUY
UNH,2024-06-12T00:00:00.000000,1,50.83,BUY
UNH,2024-06-13T00:00:00.000000,1,50.83,BUY
UNH,2024-06-14T00:00:00.000000,1,50.83,BUY
UNH,2024-06-17T00:00:00.000000,1,50.83,BUY
UNH,2024-06-18T00:00:00.000000,1,50.83,BUY
UNH,2024-06-20T00:00:00.000000,1,50.83,BUY
UNH,2024-06-21T00:00:00.000000,1,50.83,BUY
UNH,2024-06-24T00:00:00.000000,1,49.72,BUY
UNH,2024-06-25T00:00:00.000000,1,49.72,BUY
UNH,2024-06-26T00:00:00.000000,1,49.72,BUY
UNH,2024-06-27T00:00:00.000000,1,49.72,BUY
UNH,2024-06-28T00:00:00.000000,1,49.72,BUY
UNH,2024-07-01T00:00:00.000000,1,49.72,BUY
UNH,2024-07-02T00:00:00.000000,1,49.72,BUY
UNH,2024-07-03T00:00:00.000000,1,49.72,BUY
UNH,2024-07-05T00:00:00.000000,1,49.72,BUY
UNH,2024-07-08T00:00:00.000000,1,49.72,BUY
UNH,2024-07-09T00:00:00.000000,1,49.72,BUY
UNH,2024-07-10T00:00:00.000000,1,49.72,BUY
UNH,2024-07-11T00:00:00.000000,1,49.72,BUY
UNH,2024-07-12T00:00:00.000000,1,49.72,BUY
UNH,2024-07-15T00:00:00.000000,1,50.83,BUY
UNH,2024-07-16T00:00:00.000000,1,49.72,BUY
UNH,2024-07-17T00:00:00.000000,1,50.83,BUY
UNH,2024-07-18T00:00:00.000000,1,50.83,BUY
UNH,2024-07-19T00:00:00.000000,1,50.83,BUY
UNH,2024-07-22T00:00:00.000000,1,50.83,BUY
UNH,2024-07-23T00:00:00.000000,1,50.83,BUY
UNH,2024-07-24T00:00:00.000000,1,50.83,BUY
UNH,2024-07-25T00:00:00.000000,1,50.83,BUY
UNH,2024-07-26T00:00:00.000000,1,50.83,BUY
UNH,2024-07-29T00:00:00.000000,1,50.83,BUY
UNH,2024-07-30T00:00:00.000000,1,50.83,BUY
UNH,2024-07-31T00:00:00.000000,1,50.83,BUY
UNH,2024-08-01T00:00:00.000000,1,50.83,BUY
UNH,2024-08-02T00:00:00.000000,1,50.83,BUY
UNH,2024-08-05T00:00:00.000000,1,50.83,BUY
UNH,2024-08-06T00:00:00.000000,1,50.83,BUY
UNH,2024-08-07T00:00:00.000000,1,50.83,BUY
UNH,2024-08-08T00:00:00.000000,1,50.83,BUY
UNH,2024-08-09T00:00:00.000000,1,50.83,BUY
UNH,2024-08-12T00:00:00.000000,1,50.83,BUY
UNH,2024-08-13T00:00:00.000000,1,50.83,BUY
UNH,2024-08-14T00:00:00.000000,1,50.83,BUY
UNH,2024-08-15T00:00:00.000000,1,50.83,BUY
UNH,2024-08-16T00:00:00.000000,1,50.83,BUY
UNH,2024-08-19T00:00:00.000000,1,50.83,BUY
UNH,2024-08-20T00:00:00.000000,1,49.72,BUY
UNH,2024-08-21T00:00:00.000000,1,49.72,BUY
UNH,2024-08-22T00:00:00.000000,1,49.72,BUY
UNH,2024-08-23T00:00:00.000000,1,48.51,BUY
UNH,2024-08-26T00:00:00.000000,0,48.51,SELL
UNH,2024-08-27T00:00:00.000000,0,48.51,SELL
UNH,2024-08-28T00:00:00.000000,0,48.51,SELL
UNH,2024-08-29T00:00:00.000000,1,48.51,BUY
UNH,2024-08-30T00:00:00.000000,1,48.51,BUY
UNH,2024-09-03T00:00:00.000000,1,48.51,BUY
UNH,2024-09-04T00:00:00.000000,1,48.51,BUY
UNH,2024-09-05T00:00:00.000000,1,49.72,BUY
UNH,2024-09-06T00:00:00.000000,1,49.72,BUY
UNH,2024-09-09T00:00:00.000000,1,49.72,BUY
UNH,2024-09-10T00:00:00.000000,1,49.72,BUY
UNH,2024-09-11T00:00:00.000000,1,49.72,BUY
UNH,2024-09-12T00:00:00.000000,1,49.72,BUY
UNH,2024-09-13T00:00:00.000000,1,49.72,BUY
UNH,2024-09-16T00:00:00.000000,1,49.72,BUY
UNH,2024-09-17T00:00:00.000000,1,49.72,BUY
UNH,2024-09-18T00:00:00.000000,1,49.72,BUY
UNH,2024-09-19T00:00:00.000000,1,49.72,BUY
UNH,2024-09-20T00:00:00.000000,1,49.72,BUY
UNH,2024-09-23T00:00:00.000000,1,49.72,BUY
UNH,2024-09-24T00:00:00.000000,1,49.72,BUY
UNH,2024-09-25T00:00:00.000000,1,49.72,BUY
UNH,2024-09-26T00:00:00.000000,1,49.72,BUY
UNH,2024-09-27T00:00:00.000000,1,49.72,BUY
UNH,2024-09-30T00:00:00.000000,1,49.72,BUY
UNH,2024-10-01T00:00:00.000000,1,49.72,BUY
UNH,2024-10-02T00:00:00.000000,1,49.72,BUY
UNH,2024-10-03T00:00:00.000000,1,49.72,BUY
UNH,2024-10-04T00:00:00.000000,1,49.72,BUY
UNH,2024-10-07T00:00:00.000000,1,49.72,BUY
UNH,2024-10-08T00:00:00.000000,1,49.72,BUY
UNH,2024-10-09T00:00:00.000000,1,50.83,BUY
UNH,2024-10-10T00:00:00.000000,1,49.72,BUY
UNH,2024-10-11T00:00:00.000000,1,49.72,BUY
UNH,2024-10-14T00:00:00.000000,1,49.72,BUY
UNH,2024-10-15T00:00:00.000000,1,49.72,BUY
UNH,2024-10-16T00:00:00.000000,1,49.72,BUY
UNH,2024-10-17T00:00:00.000000,1,49.72,BUY
UNH,2024-10-18T00:00:00.000000,1,49.72,BUY
UNH,2024-10-21T00:00:00.000000,1,49.72,BUY
UNH,2024-10-22T00:00:00.000000,1,49.72,BUY
UNH,2024-10-23T00:00:00.000000,1,49.72,BUY
UNH,2024-10-24T00:00:00.000000,1,49.72,BUY
UNH,2024-10-25T00:00:00.000000,1,49.72,BUY
UNH,2024-10-28T00:00:00.000000,1,49.72,BUY
UNH,2024-10-29T00:00:00.000000,1,49.72,BUY
UNH,2024-10-30T00:00:00.000000,1,50.83,BUY
UNH,2024-10-31T00:00:00.000000,1,50.83,BUY
UNH,2024-11-01T00:00:00.000000,1,50.83,BUY
UNH,2024-11-04T00:00:00.000000,1,50.83,BUY
UNH,2024-11-05T00:00:00.000000,1,50.83,BUY
UNH,2024-11-06T00:00:00.000000,1,50.83,BUY
UNH,2024-11-07T00:00:00.000000,1,50.83,BUY
UNH,2024-11-08T00:00:00.000000,1,50.83,BUY
UNH,2024-11-11T00:00:00.000000,1,50.83,BUY
UNH,2024-11-12T00:00:00.000000,1,50.83,BUY
UNH,2024-11-13T00:00:00.000000,1,50.83,BUY
UNH,2024-11-14T00:00:00.000000,1,50.83,BUY
UNH,2024-11-15T00:00:00.000000,1,50.83,BUY
UNH,2024-11-18T00:00:00.000000,1,50.83,BUY
UNH,2024-11-19T00:00:00.000000,1,50.83,BUY
UNH,2024-11-20T00:00:00.000000,1,50.83,BUY
UNH,2024-11-21T00:00:00.000000,1,50.83,BUY
UNH,2024-11-22T00:00:00.000000,1,50.83,BUY
UNH,2024-11-25T00:00:00.000000,1,50.83,BUY
UNH,2024-11-26T00:00:00.000000,1,50.83,BUY
UNH,2024-11-27T00:00:00.000000,1,50.83,BUY
UNH,2024-11-29T00:00:00.000000,1,50.83,BUY
UNH,2024-12-02T00:00:00.000000,1,50.83,BUY
UNH,2024-12-03T00:00:00.000000,1,50.83,BUY
UNH,2024-12-04T00:00:00.000000,1,50.83,BUY
UNH,2024-12-05T00:00:00.000000,1,50.83,BUY
UNH,2024-12-06T00:00:00.000000,1,50.83,BUY
UNH,2024-12-09T00:00:00.000000,1,50.83,BUY
UNH,2024-12-10T00:00:00.000000,1,50.83,BUY
UNH,2024-12-11T00:00:00.000000,1,50.83,BUY
UNH,2024-12-12T00:00:00.000000,1,50.83,BUY
UNH,2024-12-13T00:00:00.000000,1,50.83,BUY
UNH,2024-12-16T00:00:00.000000,1,50.83,BUY
UNH,2024-12-17T00:00:00.000000,1,50.83,BUY
UNH,2024-12-18T00:00:00.000000,1,50.83,BUY
UNH,2024-12-19T00:00:00.000000,1,50.83,BUY
UNH,2024-12-20T00:00:00.000000,1,50.83,BUY
WFC,2023-02-21T00:00:00.000000,1,49.72,BUY
WFC,2023-02-22T00:00:00.000000,1,49.72,BUY
WFC,2023-02-23T00:00:00.000000,1,49.72,BUY
WFC,2023-02-24T00:00:00.000000,1,49.72,BUY
WFC,2023-02-27T00:00:00.000000,1,49.72,BUY
WFC,2023-02-28T00:00:00.000000,1,49.72,BUY
WFC,2023-03-01T00:00:00.000000,1,49.72,BUY
WFC,2023-03-02T00:00:00.000000,1,49.72,BUY
WFC,2023-03-03T00:00:00.000000,1,49.72,BUY
WFC,2023-03-06T00:00:00.000000,1,49.72,BUY
WFC,2023-03-07T00:00:00.000000,1,49.72,BUY
WFC,2023-03-08T00:00:00.000000,1,49.72,BUY
WFC,2023-03-09T00:00:00.000000,1,49.72,BUY
WFC,2023-03-10T00:00:00.000000,1,49.72,BUY
WFC,2023-03-13T00:00:00.000000,1,49.72,BUY
WFC,2023-03-14T00:00:00.000000,1,48.51,BUY
WFC,2023-03-15T00:00:00.000000,0,48.51,SELL
WFC,2023-03-16T00:00:00.000000,0,45.45,SELL
WFC,2023-03-17T00:00:00.000000,0,38.31,SELL
WFC,2023-03-20T00:00:00.000000,0,38.31,SELL
WFC,2023-03-21T00:00:00.000000,0,32.82,SELL
WFC,2023-03-22T00:00:00.000000,0,32.82,SELL
WFC,2023-03-23T00:00:00.000000,0,32.82,SELL
WFC,2023-03-24T00:00:00.000000,0,32.82,SELL
WFC,2023-03-27T00:00:00.000000,0,32.82,SELL
WFC,2023-03-28T00:00:00.000000,0,32.82,SELL
WFC,2023-03-29T00:00:00.000000,0,32.82,SELL
WFC,2023-03-30T00:00:00.000000,0,32.82,SELL
WFC,2023-03-31T00:00:00.000000,0,36.84,SELL
WFC,2023-04-03T00:00:00.000000,0,38.31,SELL
WFC,2023-04-04T00:00:00.000000,0,38.1,SELL
WFC,2023-04-05T00:00:00.000000,0,38.1,SELL
WFC,2023-04-06T00:00:00.000000,0,32.82,SELL
WFC,2023-04-10T00:00:00.000000,0,32.82,SELL
WFC,2023-04-11T00:00:00.000000,0,32.82,SELL
WFC,2023-04-12T00:00:00.000000,0,32.82,SELL
WFC,2023-04-13T00:00:00.000000,0,35.29,SELL
WFC,2023-04-14T00:00:00.000000,0,37.93,SELL
WFC,2023-04-17T00:00:00.000000,0,38.1,SELL
WFC,2023-04-18T00:00:00.000000,0,38.31,SELL
WFC,2023-04-19T00:00:00.000000,0,44.85,SELL
WFC,2023-04-20T00:00:00.000000,0,48.51,SELL
WFC,2023-04-21T00:00:00.000000,0,48.51,SELL
WFC,2023-04-24T00:00:00.000000,1,48.51,BUY
WFC,2023-04-25T00:00:00.000000,1,49.72,BUY
WFC,2023-04-26T00:00:00.000000,1,49.72,BUY
WFC,2023-04-27T00:00:00.000000,1,49.72,BUY
WFC,2023-04-28T00:00:00.000000,1,49.72,BUY
WFC,2023-05-01T00:00:00.000000,1,49.72,BUY
WFC,2023-05-02T00:00:00.000000,1,49.72,BUY
WFC,2023-05-03T00:00:00.000000,1,49.72,BUY
WFC,2023-05-04T00:00:00.000000,1,49.72,BUY
WFC,2023-05-05T00:00:00.000000,1,49.72,BUY
WFC,2023-05-08T00:00:00.000000,1,49.72,BUY
WFC,2023-05-09T00:00:00.000000,1,49.72,BUY
WFC,2023-05-10T00:00:00.000000,1,48.51,BUY
WFC,2023-05-11T00:00:00.000000,0,48.51,SELL
WFC,2023-05-12T00:00:00.000000,0,48.51,SELL
WFC,2023-05-15T00:00:00.000000,0,48.51,SELL
WFC,2023-05-16T00:00:00.000000,0,48.51,SELL
WFC,2023-05-17T00:00:00.000000,1,48.51,BUY
WFC,2023-05-18T00:00:00.000000,0,48.51,SELL
WFC,2023-05-19T00:00:00.000000,0,48.51,SELL
WFC,2023-05-22T00:00:00.000000,0,48.51,SELL
WFC,2023-05-23T00:00:00.000000,0,48.51,SELL
WFC,2023-05-24T00:00:00.000000,1,48.51,BUY
WFC,2023-05-25T00:00:00.000000,1,48.51,BUY
WFC,2023-05-26T00:00:00.000000,1,48.51,BUY
WFC,2023-05-30T00:00:00.000000,0,48.51,SELL
WFC,2023-05-31T00:00:00.000000,0,48.51,SELL
WFC,2023-06-01T00:00:00.000000,0,48.51,SELL
WFC,2023-06-02T00:00:00.000000,0,48.51,SELL
WFC,2023-06-05T00:00:00.000000,1,48.51,BUY
WFC,2023-06-06T00:00:00.000000,0,48.51,SELL
WFC,2023-06-07T00:00:00.000000,0,48.51,SELL
WFC,2023-06-08T00:00:00.000000,0,48.51,SELL
WFC,2023-06-09T00:00:00.000000,0,44.85,SELL
WFC,2023-06-12T00:00:00.000000,0,44.85,SELL
WFC,2023-06-13T00:00:00.000000,0,44.85,SELL
WFC,2023-06-14T00:00:00.000000,0,45.45,SELL
WFC,2023-06-15T00:00:00.000000,0,44.85,SELL
WFC,2023-06-16T00:00:00.000000,0,44.85,SELL
WFC,2023-06-20T00:00:00.000000,0,44.85,SELL
WFC,2023-06-21T00:00:00.000000,0,38.31,SELL
WFC,2023-06-22T00:00:00.000000,0,38.31,SELL
WFC,2023-06-23T00:00:00.000000,0,38.31,SELL
WFC,2023-06-26T00:00:00.000000,0,38.31,SELL
WFC,2023-06-27T00:00:00.000000,0,38.31,SELL
WFC,2023-06-28T00:00:00.000000,0,38.31,SELL
WFC,2023-06-29T00:00:00.000000,0,38.31,SELL
WFC,2023-06-30T00:00:00.000000,0,38.31,SELL
WFC,2023-07-03T00:00:00.000000,0,45.45,SELL
WFC,2023-07-05T00:00:00.000000,0,45.45,SELL
WFC,2023-07-06T00:00:00.000000,0,48.51,SELL
WFC,2023-07-07T00:00:00.000000,0,44.85,SELL
WFC,2023-07-10T00:00:00.000000,0,44.85,SELL
WFC,2023-07-11T00:00:00.000000,0,44.85,SELL
WFC,2023-07-12T00:00:00.000000,0,44.85,SELL
WFC,2023-07-13T00:00:00.000000,0,44.85,SELL
WFC,2023-07-14T00:00:00.000000,0,38.31,SELL
WFC,2023-07-17T00:00:00.000000,0,38.31,SELL
WFC,2023-07-18T00:00:00.000000,0,38.31,SELL
WFC,2023-07-19T00:00:00.000000,0,38.1,SELL
WFC,2023-07-20T00:00:00.000000,0,36.84,SELL
WFC,2023-07-21T00:00:00.000000,0,32.82,SELL
WFC,2023-07-24T00:00:00.000000,0,32.82,SELL
WFC,2023-07-25T00:00:00.000000,0,32.82,SELL
WFC,2023-07-26T00:00:00.000000,0,32.82,SELL
WFC,2023-07-27T00:00:00.000000,0,32.82,SELL
WFC,2023-07-28T00:00:00.000000,0,37.5,SELL
WFC,2023-07-31T00:00:00.000000,0,36.84,SELL
WFC,2023-08-01T00:00:00.000000,0,37.93,SELL
WFC,2023-08-02T00:00:00.000000,0,38.31,SELL
WFC,2023-08-03T00:00:00.000000,0,38.31,SELL
WFC,2023-08-04T00:00:00.000000,0,38.31,SELL
WFC,2023-08-07T00:00:00.000000,0,38.31,SELL
WFC,2023-08-08T00:00:00.000000,0,38.31,SELL
WFC,2023-08-09T00:00:00.000000,0,38.31,SELL
WFC,2023-08-10T00:00:00.000000,0,38.31,SELL
WFC,2023-08-11T00:00:00.000000,0,38.31,SELL
WFC,2023-08-14T00:00:00.000000,0,40.62,SELL
WFC,2023-08-15T00:00:00.000000,0,44.85,SELL
WFC,2023-08-16T00:00:00.000000,0,38.31,SELL
WFC,2023-08-17T00:00:00.000000,0,44.85,SELL
WFC,2023-08-18T00:00:00.000000,0,48.51,SELL
WFC,2023-08-21T00:00:00.000000,0,48.51,SELL
WFC,2023-08-22T00:00:00.000000,0,48.51,SELL
WFC,2023-08-23T00:00:00.000000,1,48.51,BUY
WFC,2023-08-24T00:00:00.000000,0,48.51,SELL
WFC,2023-08-25T00:00:00.000000,0,48.51,SELL
WFC,2023-08-28T00:00:00.000000,0,48.51,SELL
WFC,2023-08-29T00:00:00.000000,0,48.51,SELL
WFC,2023-08-30T00:00:00.000000,0,48.51,SELL
WFC,2023-08-31T00:00:00.000000,0,48.51,SELL
WFC,2023-09-01T00:00:00.000000,0,44.85,SELL
WFC,2023-09-05T00:00:00.000000,0,44.85,SELL
WFC,2023-09-06T00:00:00.000000,0,38.31,SELL
WFC,2023-09-07T00:00:00.000000,0,38.31,SELL
WFC,2023-09-08T00:00:00.000000,0,44.85,SELL
WFC,2023-09-11T00:00:00.000000,0,38.31,SELL
WFC,2023-09-12T00:00:00.000000,0,38.31,SELL
WFC,2023-09-13T00:00:00.000000,0,44.85,SELL
WFC,2023-09-14T00:00:00.000000,0,48.51,SELL
WFC,2023-09-15T00:00:00.000000,0,48.51,SELL
WFC,2023-09-18T00:00:00.000000,0,48.51,SELL
WFC,2023-09-19T00:00:00.000000,0,48.51,SELL
WFC,2023-09-20T00:00:00.000000,1,48.51,BUY
WFC,2023-09-21T00:00:00.000000,1,49.72,BUY
WFC,2023-09-22T00:00:00.000000,1,49.72,BUY
WFC,2023-09-25T00:00:00.000000,1,49.72,BUY
WFC,2023-09-26T00:00:00.000000,1,49.72,BUY
WFC,2023-09-27T00:00:00.000000,1,50.83,BUY
WFC,2023-09-28T00:00:00.000000,1,50.83,BUY
WFC,2023-09-29T00:00:00.000000,1,50.83,BUY
WFC,2023-10-02T00:00:00.000000,1,50.83,BUY
WFC,2023-10-03T00:00:00.000000,1,50.83,BUY
WFC,2023-10-04T00:00:00.000000,1,50.83,BUY
WFC,2023-10-05T00:00:00.000000,1,50.83,BUY
WFC,2023-10-06T00:00:00.000000,1,49.72,BUY
WFC,2023-10-09T00:00:00.000000,1,48.51,BUY
WFC,2023-10-10T00:00:00.000000,1,48.51,BUY
WFC,2023-10-11T00:00:00.000000,0,48.51,SELL
WFC,2023-10-12T00:00:00.000000,0,48.51,SELL
WFC,2023-10-13T00:00:00.000000,0,40.62,SELL
WFC,2023-10-16T00:00:00.000000,0,38.31,SELL
WFC,2023-10-17T00:00:00.000000,0,38.31,SELL
WFC,2023-10-18T00:00:00.000000,0,38.31,SELL
WFC,2023-10-19T00:00:00.000000,0,38.31,SELL
WFC,2023-10-20T00:00:00.000000,0,48.51,SELL
WFC,2023-10-23T00:00:00.000000,0,48.51,SELL
WFC,2023-10-24T00:00:00.000000,1,48.51,BUY
WFC,2023-10-25T00:00:00.000000,1,49.72,BUY
WFC,2023-10-26T00:00:00.000000,1,49.72,BUY
WFC,2023-10-27T00:00:00.000000,1,49.72,BUY
WFC,2023-10-30T00:00:00.000000,1,49.72,BUY
WFC,2023-10-31T00:00:00.000000,1,49.72,BUY
WFC,2023-11-01T00:00:00.000000,1,50.83,BUY
WFC,2023-11-02T00:00:00.000000,1,50.83,BUY
WFC,2023-11-03T00:00:00.000000,1,49.72,BUY
WFC,2023-11-06T00:00:00.000000,1,49.72,BUY
WFC,2023-11-07T00:00:00.000000,1,48.51,BUY
WFC,2023-11-08T00:00:00.000000,0,48.51,SELL
WFC,2023-11-09T00:00:00.000000,0,48.51,SELL
WFC,2023-11-10T00:00:00.000000,0,48.51,SELL
WFC,2023-11-13T00:00:00.000000,0,38.31,SELL
WFC,2023-11-14T00:00:00.000000,0,38.31,SELL
WFC,2023-11-15T00:00:00.000000,0,38.1,SELL
WFC,2023-11-16T00:00:00.000000,0,32.82,SELL
WFC,2023-11-17T00:00:00.000000,0,36.84,SELL
WFC,2023-11-20T00:00:00.000000,0,37.93,SELL
WFC,2023-11-21T00:00:00.000000,0,38.1,SELL
WFC,2023-11-22T00:00:00.000000,0,38.31,SELL
WFC,2023-11-24T00:00:00.000000,0,38.31,SELL
WFC,2023-11-27T00:00:00.000000,0,44.85,SELL
WFC,2023-11-28T00:00:00.000000,0,48.51,SELL
WFC,2023-11-29T00:00:00.000000,0,48.51,SELL
WFC,2023-11-30T00:00:00.000000,0,48.51,SELL
WFC,2023-12-01T00:00:00.000000,1,49.72,BUY
WFC,2023-12-04T00:00:00.000000,1,49.72,BUY
WFC,2023-12-05T00:00:00.000000,1,49.72,BUY
WFC,2023-12-06T00:00:00.000000,1,49.72,BUY
WFC,2023-12-07T00:00:00.000000,1,49.72,BUY
WFC,2023-12-08T00:00:00.000000,1,49.72,BUY
WFC,2023-12-11T00:00:00.000000,1,49.72,BUY
WFC,2023-12-12T00:00:00.000000,1,49.72,BUY
WFC,2023-12-13T00:00:00.000000,1,49.72,BUY
WFC,2023-12-14T00:00:00.000000,1,49.72,BUY
WFC,2023-12-15T00:00:00.000000,1,49.72,BUY
WFC,2023-12-18T00:00:00.000000,1,49.72,BUY
WFC,2023-12-19T00:00:00.000000,1,48.51,BUY
WFC,2023-12-20T00:00:00.000000,0,48.51,SELL
WFC,2023-12-21T00:00:00.000000,0,48.51,SELL
WFC,2023-12-22T00:00:00.000000,0,48.51,SELL
WFC,2023-12-26T00:00:00.000000,0,48.51,SELL
WFC,2023-12-27T00:00:00.000000,0,48.51,SELL
WFC,2023-12-28T00:00:00.000000,0,48.51,SELL
WFC,2023-12-29T00:00:00.000000,0,48.51,SELL
WFC,2024-01-02T00:00:00.000000,0,48.51,SELL
WFC,2024-01-03T00:00:00.000000,0,48.51,SELL
WFC,2024-01-04T00:00:00.000000,0,48.51,SELL
WFC,2024-01-05T00:00:00.000000,0,48.51,SELL
WFC,2024-01-08T00:00:00.000000,0,44.85,SELL
WFC,2024-01-09T00:00:00.000000,0,44.85,SELL
WFC,2024-01-10T00:00:00.000000,0,44.85,SELL
WFC,2024-01-11T00:00:00.000000,0,44.85,SELL
WFC,2024-01-12T00:00:00.000000,0,44.85,SELL
WFC,2024-01-16T00:00:00.000000,0,45.45,SELL
WFC,2024-01-17T00:00:00.000000,0,44.85,SELL
WFC,2024-01-18T00:00:00.000000,0,44.85,SELL
WFC,2024-01-19T00:00:00.000000,0,38.31,SELL
WFC,2024-01-22T00:00:00.000000,0,38.31,SELL
WFC,2024-01-23T00:00:00.000000,0,38.1,SELL
WFC,2024-01-24T00:00:00.000000,0,36.84,SELL
WFC,2024-01-25T00:00:00.000000,0,36.13,SELL
WFC,2024-01-26T00:00:00.000000,0,36.84,SELL
WFC,2024-01-29T00:00:00.000000,0,38.1,SELL
WFC,2024-01-30T00:00:00.000000,0,38.31,SELL
WFC,2024-01-31T00:00:00.000000,0,38.31,SELL
WFC,2024-02-01T00:00:00.000000,0,44.85,SELL
WFC,2024-02-02T00:00:00.000000,0,48.51,SELL
WFC,2024-02-05T00:00:00.000000,0,48.51,SELL
WFC,2024-02-06T00:00:00.000000,1,48.51,BUY
WFC,2024-02-07T00:00:00.000000,1,48.51,BUY
WFC,2024-02-08T00:00:00.000000,1,48.51,BUY
WFC,2024-02-09T00:00:00.000000,1,48.51,BUY
WFC,2024-02-12T00:00:00.000000,1,48.51,BUY
WFC,2024-02-13T00:00:00.000000,1,48.51,BUY
WFC,2024-02-14T00:00:00.000000,1,49.72,BUY
WFC,2024-02-15T00:00:00.000000,1,48.51,BUY
WFC,2024-02-16T00:00:00.000000,1,48.51,BUY
WFC,2024-02-20T00:00:00.000000,1,48.51,BUY
WFC,2024-02-21T00:00:00.000000,1,48.51,BUY
WFC,2024-02-22T00:00:00.000000,1,48.51,BUY
WFC,2024-02-23T00:00:00.000000,1,48.51,BUY
WFC,2024-02-26T00:00:00.000000,1,48.51,BUY
WFC,2024-02-27T00:00:00.000000,1,48.51,BUY
WFC,2024-02-28T00:00:00.000000,1,48.51,BUY
WFC,2024-02-29T00:00:00.000000,0,48.51,SELL
WFC,2024-03-01T00:00:00.000000,0,48.51,SELL
WFC,2024-03-04T00:00:00.000000,0,48.51,SELL
WFC,2024-03-05T00:00:00.000000,0,48.51,SELL
WFC,2024-03-06T00:00:00.000000,1,48.51,BUY
WFC,2024-03-07T00:00:00.000000,1,48.51,BUY
WFC,2024-03-08T00:00:00.000000,1,48.51,BUY
WFC,2024-03-11T00:00:00.000000,1,48.51,BUY
WFC,2024-03-12T00:00:00.000000,1,48.51,BUY
WFC,2024-03-13T00:00:00.000000,1,48.51,BUY
WFC,2024-03-14T00:00:00.000000,0,48.51,SELL
WFC,2024-03-15T00:00:00.000000,0,48.51,SELL
WFC,2024-03-18T00:00:00.000000,0,48.51,SELL
WFC,2024-03-19T00:00:00.000000,0,48.51,SELL
WFC,2024-03-20T00:00:00.000000,0,48.51,SELL
WFC,2024-03-21T00:00:00.000000,0,48.51,SELL
WFC,2024-03-22T00:00:00.000000,0,48.51,SELL
WFC,2024-03-25T00:00:00.000000,0,44.85,SELL
WFC,2024-03-26T00:00:00.000000,0,44.85,SELL
WFC,2024-03-27T00:00:00.000000,0,38.31,SELL
WFC,2024-03-28T00:00:00.000000,0,38.31,SELL
WFC,2024-04-01T00:00:00.000000,0,38.1,SELL
WFC,2024-04-02T00:00:00.000000,0,35.29,SELL
WFC,2024-04-03T00:00:00.000000,0,32.82,SELL
WFC,2024-04-04T00:00:00.000000,0,32.82,SELL
WFC,2024-04-05T00:00:00.000000,0,32.82,SELL
WFC,2024-04-08T00:00:00.000000,0,36.84,SELL
WFC,2024-04-09T00:00:00.000000,0,32.82,SELL
WFC,2024-04-10T00:00:00.000000,0,35.29,SELL
WFC,2024-04-11T00:00:00.000000,0,32.82,SELL
WFC,2024-04-12T00:00:00.000000,0,38.31,SELL
WFC,2024-04-15T00:00:00.000000,0,44.85,SELL
WFC,2024-04-16T00:00:00.000000,0,48.51,SELL
WFC,2024-04-17T00:00:00.000000,0,48.51,SELL
WFC,2024-04-18T00:00:00.000000,0,48.51,SELL
WFC,2024-04-19T00:00:00.000000,0,48.51,SELL
WFC,2024-04-22T00:00:00.000000,1,48.51,BUY
WFC,2024-04-23T00:00:00.000000,1,49.72,BUY
WFC,2024-04-24T00:00:00.000000,1,49.72,BUY
WFC,2024-04-25T00:00:00.000000,1,49.72,BUY
WFC,2024-04-26T00:00:00.000000,1,50.83,BUY
WFC,2024-04-29T00:00:00.000000,1,50.83,BUY
WFC,2024-04-30T00:00:00.000000,1,49.72,BUY
WFC,2024-05-01T00:00:00.000000,1,49.72,BUY
WFC,2024-05-02T00:00:00.000000,1,49.72,BUY
WFC,2024-05-03T00:00:00.000000,1,49.72,BUY
WFC,2024-05-06T00:00:00.000000,1,49.72,BUY
WFC,2024-05-07T00:00:00.000000,1,49.72,BUY
WFC,2024-05-08T00:00:00.000000,1,48.51,BUY
WFC,2024-05-09T00:00:00.000000,0,48.51,SELL
WFC,2024-05-10T00:00:00.000000,0,44.85,SELL
WFC,2024-05-13T00:00:00.000000,0,38.31,SELL
WFC,2024-05-14T00:00:00.000000,0,38.31,SELL
WFC,2024-05-15T00:00:00.000000,0,38.31,SELL
WFC,2024-05-16T00:00:00.000000,0,38.1,SELL
WFC,2024-05-17T00:00:00.000000,0,38.31,SELL
WFC,2024-05-20T00:00:00.000000,0,38.1,SELL
WFC,2024-05-21T00:00:00.000000,0,38.1,SELL
WFC,2024-05-22T00:00:00.000000,0,38.1,SELL
WFC,2024-05-23T00:00:00.000000,0,37.93,SELL
WFC,2024-05-24T00:00:00.000000,0,38.31,SELL
WFC,2024-05-28T00:00:00.000000,0,38.31,SELL
WFC,2024-05-29T00:00:00.000000,0,37.5,SELL
WFC,2024-05-30T00:00:00.000000,0,38.31,SELL
WFC,2024-05-31T00:00:00.000000,0,38.31,SELL
WFC,2024-06-03T00:00:00.000000,0,38.31,SELL
WFC,2024-06-04T00:00:00.000000,0,38.31,SELL
WFC,2024-06-05T00:00:00.000000,0,38.31,SELL
WFC,2024-06-06T00:00:00.000000,0,38.31,SELL
WFC,2024-06-07T00:00:00.000000,0,38.31,SELL
WFC,2024-06-10T00:00:00.000000,0,38.31,SELL
WFC,2024-06-11T00:00:00.000000,0,38.31,SELL
WFC,2024-06-12T00:00:00.000000,0,38.31,SELL
WFC,2024-06-13T00:00:00.000000,0,38.31,SELL
WFC,2024-06-14T00:00:00.000000,0,38.31,SELL
WFC,2024-06-17T00:00:00.000000,0,38.31,SELL
WFC,2024-06-18T00:00:00.000000,0,38.1,SELL
WFC,2024-06-20T00:00:00.000000,0,36.84,SELL
WFC,2024-06-21T00:00:00.000000,0,37.5,SELL
WFC,2024-06-24T00:00:00.000000,0,38.1,SELL
WFC,2024-06-25T00:00:00.000000,0,38.31,SELL
WFC,2024-06-26T00:00:00.000000,0,44.85,SELL
WFC,2024-06-27T00:00:00.000000,0,44.85,SELL
WFC,2024-06-28T00:00:00.000000,0,48.51,SELL
WFC,2024-07-01T00:00:00.000000,0,48.51,SELL
WFC,2024-07-02T00:00:00.000000,0,48.51,SELL
WFC,2024-07-03T00:00:00.000000,1,48.51,BUY
WFC,2024-07-05T00:00:00.000000,1,48.51,BUY
WFC,2024-07-08T00:00:00.000000,1,49.72,BUY
WFC,2024-07-09T00:00:00.000000,1,49.72,BUY
WFC,2024-07-10T00:00:00.000000,1,49.72,BUY
WFC,2024-07-11T00:00:00.000000,1,48.51,BUY
WFC,2024-07-12T00:00:00.000000,1,48.51,BUY
WFC,2024-07-15T00:00:00.000000,1,48.51,BUY
WFC,2024-07-16T00:00:00.000000,1,49.72,BUY
WFC,2024-07-17T00:00:00.000000,1,49.72,BUY
WFC,2024-07-18T00:00:00.000000,1,49.72,BUY
WFC,2024-07-19T00:00:00.000000,1,49.72,BUY
WFC,2024-07-22T00:00:00.000000,1,49.72,BUY
WFC,2024-07-23T00:00:00.000000,1,49.72,BUY
WFC,2024-07-24T00:00:00.000000,1,49.72,BUY
WFC,2024-07-25T00:00:00.000000,1,49.72,BUY
WFC,2024-07-26T00:00:00.000000,1,49.72,BUY
WFC,2024-07-29T00:00:00.000000,1,49.72,BUY
WFC,2024-07-30T00:00:00.000000,1,49.72,BUY
WFC,2024-07-31T00:00:00.000000,1,49.72,BUY
WFC,2024-08-01T00:00:00.000000,1,50.83,BUY
WFC,2024-08-02T00:00:00.000000,1,50.83,BUY
WFC,2024-08-05T00:00:00.000000,1,49.72,BUY
WFC,2024-08-06T00:00:00.000000,1,49.72,BUY
WFC,2024-08-07T00:00:00.000000,1,50.83,BUY
WFC,2024-08-08T00:00:00.000000,1,49.72,BUY
WFC,2024-08-09T00:00:00.000000,1,49.72,BUY
WFC,2024-08-12T00:00:00.000000,1,49.72,BUY
WFC,2024-08-13T00:00:00.000000,1,49.72,BUY
WFC,2024-08-14T00:00:00.000000,0,48.51,SELL
WFC,2024-08-15T00:00:00.000000,0,48.51,SELL
WFC,2024-08-16T00:00:00.000000,0,44.85,SELL
WFC,2024-08-19T00:00:00.000000,0,44.85,SELL
WFC,2024-08-20T00:00:00.000000,0,44.85,SELL
WFC,2024-08-21T00:00:00.000000,0,38.31,SELL
WFC,2024-08-22T00:00:00.000000,0,38.31,SELL
WFC,2024-08-23T00:00:00.000000,0,38.31,SELL
WFC,2024-08-26T00:00:00.000000,0,38.31,SELL
WFC,2024-08-27T00:00:00.000000,0,38.31,SELL
WFC,2024-08-28T00:00:00.000000,0,44.85,SELL
WFC,2024-08-29T00:00:00.000000,0,44.85,SELL
WFC,2024-08-30T00:00:00.000000,0,44.85,SELL
WFC,2024-09-03T00:00:00.000000,0,48.51,SELL
WFC,2024-09-04T00:00:00.000000,0,48.51,SELL
WFC,2024-09-05T00:00:00.000000,0,48.51,SELL
WFC,2024-09-06T00:00:00.000000,0,48.51,SELL
WFC,2024-09-09T00:00:00.000000,0,48.51,SELL
WFC,2024-09-10T00:00:00.000000,0,48.51,SELL
WFC,2024-09-11T00:00:00.000000,0,48.51,SELL
WFC,2024-09-12T00:00:00.000000,0,48.51,SELL
WFC,2024-09-13T00:00:00.000000,0,48.51,SELL
WFC,2024-09-16T00:00:00.000000,1,48.51,BUY
WFC,2024-09-17T00:00:00.000000,1,48.51,BUY
WFC,2024-09-18T00:00:00.000000,0,48.51,SELL
WFC,2024-09-19T00:00:00.000000,0,48.51,SELL
WFC,2024-09-20T00:00:00.000000,0,38.31,SELL
WFC,2024-09-23T00:00:00.000000,0,37.93,SELL
WFC,2024-09-24T00:00:00.000000,0,32.82,SELL
WFC,2024-09-25T00:00:00.000000,0,32.82,SELL
WFC,2024-09-26T00:00:00.000000,0,38.31,SELL
WFC,2024-09-27T00:00:00.000000,0,38.31,SELL
WFC,2024-09-30T00:00:00.000000,0,44.85,SELL
WFC,2024-10-01T00:00:00.000000,0,44.85,SELL
WFC,2024-10-02T00:00:00.000000,0,48.51,SELL
WFC,2024-10-03T00:00:00.000000,0,48.51,SELL
WFC,2024-10-04T00:00:00.000000,0,48.51,SELL
WFC,2024-10-07T00:00:00.000000,0,48.51,SELL
WFC,2024-10-08T00:00:00.000000,0,48.51,SELL
WFC,2024-10-09T00:00:00.000000,0,48.51,SELL
WFC,2024-10-10T00:00:00.000000,0,48.51,SELL
WFC,2024-10-11T00:00:00.000000,1,48.51,BUY
WFC,2024-10-14T00:00:00.000000,1,48.51,BUY
WFC,2024-10-15T00:00:00.000000,1,48.51,BUY
WFC,2024-10-16T00:00:00.000000,1,48.51,BUY
WFC,2024-10-17T00:00:00.000000,0,48.51,SELL
WFC,2024-10-18T00:00:00.000000,1,48.51,BUY
WFC,2024-10-21T00:00:00.000000,1,48.51,BUY
WFC,2024-10-22T00:00:00.000000,1,48.51,BUY
WFC,2024-10-23T00:00:00.000000,1,48.51,BUY
WFC,2024-10-24T00:00:00.000000,1,48.51,BUY
WFC,2024-10-25T00:00:00.000000,0,48.51,SELL
WFC,2024-10-28T00:00:00.000000,0,48.51,SELL
WFC,2024-10-29T00:00:00.000000,1,48.51,BUY
WFC,2024-10-30T00:00:00.000000,0,48.51,SELL
WFC,2024-10-31T00:00:00.000000,0,48.51,SELL
WFC,2024-11-01T00:00:00.000000,0,48.51,SELL
WFC,2024-11-04T00:00:00.000000,0,48.51,SELL
WFC,2024-11-05T00:00:00.000000,0,48.51,SELL
WFC,2024-11-06T00:00:00.000000,0,48.51,SELL
WFC,2024-11-07T00:00:00.000000,0,48.51,SELL
WFC,2024-11-08T00:00:00.000000,0,48.51,SELL
WFC,2024-11-11T00:00:00.000000,0,44.85,SELL
WFC,2024-11-12T00:00:00.000000,0,44.85,SELL
WFC,2024-11-13T00:00:00.000000,0,38.31,SELL
WFC,2024-11-14T00:00:00.000000,0,38.1,SELL
WFC,2024-11-15T00:00:00.000000,0,32.82,SELL
WFC,2024-11-18T00:00:00.000000,0,32.82,SELL
WFC,2024-11-19T00:00:00.000000,0,32.82,SELL
WFC,2024-11-20T00:00:00.000000,0,32.82,SELL
WFC,2024-11-21T00:00:00.000000,0,32.82,SELL
WFC,2024-11-22T00:00:00.000000,0,32.82,SELL
WFC,2024-11-25T00:00:00.000000,0,36.84,SELL
WFC,2024-11-26T00:00:00.000000,0,38.1,SELL
WFC,2024-11-27T00:00:00.000000,0,38.1,SELL
WFC,2024-11-29T00:00:00.000000,0,38.1,SELL
WFC,2024-12-02T00:00:00.000000,0,38.1,SELL
WFC,2024-12-03T00:00:00.000000,0,38.31,SELL
WFC,2024-12-04T00:00:00.000000,0,37.93,SELL
WFC,2024-12-05T00:00:00.000000,0,36.84,SELL
WFC,2024-12-06T00:00:00.000000,0,38.1,SELL
WFC,2024-12-09T00:00:00.000000,0,37.93,SELL
WFC,2024-12-10T00:00:00.000000,0,38.31,SELL
WFC,2024-12-11T00:00:00.000000,0,38.31,SELL
WFC,2024-12-12T00:00:00.000000,0,44.85,SELL
WFC,2024-12-13T00:00:00.000000,0,44.85,SELL
WFC,2024-12-16T00:00:00.000000,0,44.85,SELL
WFC,2024-12-17T00:00:00.000000,0,44.85,SELL
WFC,2024-12-18T00:00:00.000000,0,38.31,SELL
WFC,2024-12-19T00:00:00.000000,0,44.85,SELL
WFC,2024-12-20T00:00:00.000000,0,48.51,SELL
WMT,2023-02-21T00:00:00.000000,0,48.51,SELL
WMT,2023-02-22T00:00:00.000000,0,48.51,SELL
WMT,2023-02-23T00:00:00.000000,0,48.51,SELL
WMT,2023-02-24T00:00:00.000000,0,48.51,SELL
WMT,2023-02-27T00:00:00.000000,1,48.51,BUY
WMT,2023-02-28T00:00:00.000000,1,49.72,BUY
WMT,2023-03-01T00:00:00.000000,1,49.72,BUY
WMT,2023-03-02T00:00:00.000000,1,49.72,BUY
WMT,2023-03-03T00:00:00.000000,1,50.83,BUY
WMT,2023-03-06T00:00:00.000000,1,49.72,BUY
WMT,2023-03-07T00:00:00.000000,1,49.72,BUY
WMT,2023-03-08T00:00:00.000000,1,49.72,BUY
WMT,2023-03-09T00:00:00.000000,1,49.72,BUY
WMT,2023-03-10T00:00:00.000000,1,49.72,BUY
WMT,2023-03-13T00:00:00.000000,1,49.72,BUY
WMT,2023-03-14T00:00:00.000000,1,49.72,BUY
WMT,2023-03-15T00:00:00.000000,1,49.72,BUY
WMT,2023-03-16T00:00:00.000000,1,49.72,BUY
WMT,2023-03-17T00:00:00.000000,1,49.72,BUY
WMT,2023-03-20T00:00:00.000000,1,49.72,BUY
WMT,2023-03-21T00:00:00.000000,1,49.72,BUY
WMT,2023-03-22T00:00:00.000000,1,49.72,BUY
WMT,2023-03-23T00:00:00.000000,1,49.72,BUY
WMT,2023-03-24T00:00:00.000000,1,49.72,BUY
WMT,2023-03-27T00:00:00.000000,1,49.72,BUY
WMT,2023-03-28T00:00:00.000000,1,49.72,BUY
WMT,2023-03-29T00:00:00.000000,1,49.72,BUY
WMT,2023-03-30T00:00:00.000000,1,49.72,BUY
WMT,2023-03-31T00:00:00.000000,1,48.51,BUY
WMT,2023-04-03T00:00:00.000000,1,49.72,BUY
WMT,2023-04-04T00:00:00.000000,1,48.51,BUY
WMT,2023-04-05T00:00:00.000000,1,48.51,BUY
WMT,2023-04-06T00:00:00.000000,0,48.51,SELL
WMT,2023-04-10T00:00:00.000000,0,48.51,SELL
WMT,2023-04-11T00:00:00.000000,0,48.51,SELL
WMT,2023-04-12T00:00:00.000000,0,48.51,SELL
WMT,2023-04-13T00:00:00.000000,0,48.51,SELL
WMT,2023-04-14T00:00:00.000000,0,48.51,SELL
WMT,2023-04-17T00:00:00.000000,0,48.51,SELL
WMT,2023-04-18T00:00:00.000000,0,48.51,SELL
WMT,2023-04-19T00:00:00.000000,0,48.51,SELL
WMT,2023-04-20T00:00:00.000000,0,48.51,SELL
WMT,2023-04-21T00:00:00.000000,0,48.51,SELL
WMT,2023-04-24T00:00:00.000000,0,48.51,SELL
WMT,2023-04-25T00:00:00.000000,0,48.51,SELL
WMT,2023-04-26T00:00:00.000000,0,48.51,SELL
WMT,2023-04-27T00:00:00.000000,0,44.85,SELL
WMT,2023-04-28T00:00:00.000000,0,48.51,SELL
WMT,2023-05-01T00:00:00.000000,0,48.51,SELL
WMT,2023-05-02T00:00:00.000000,0,48.51,SELL
WMT,2023-05-03T00:00:00.000000,0,48.51,SELL
WMT,2023-05-04T00:00:00.000000,0,48.51,SELL
WMT,2023-05-05T00:00:00.000000,0,48.51,SELL
WMT,2023-05-08T00:00:00.000000,0,48.51,SELL
WMT,2023-05-09T00:00:00.000000,0,48.51,SELL
WMT,2023-05-10T00:00:00.000000,0,48.51,SELL
WMT,2023-05-11T00:00:00.000000,0,44.85,SELL
WMT,2023-05-12T00:00:00.000000,0,44.85,SELL
WMT,2023-05-15T00:00:00.000000,0,44.85,SELL
WMT,2023-05-16T00:00:00.000000,0,44.85,SELL
WMT,2023-05-17T00:00:00.000000,0,48.51,SELL
WMT,2023-05-18T00:00:00.000000,0,48.51,SELL
WMT,2023-05-19T00:00:00.000000,0,48.51,SELL
WMT,2023-05-22T00:00:00.000000,1,48.51,BUY
WMT,2023-05-23T00:00:00.000000,1,49.72,BUY
WMT,2023-05-24T00:00:00.000000,1,49.72,BUY
WMT,2023-05-25T00:00:00.000000,1,48.51,BUY
WMT,2023-05-26T00:00:00.000000,1,48.51,BUY
WMT,2023-05-30T00:00:00.000000,0,48.51,SELL
WMT,2023-05-31T00:00:00.000000,0,44.85,SELL
WMT,2023-06-01T00:00:00.000000,0,38.31,SELL
WMT,2023-06-02T00:00:00.000000,0,38.31,SELL
WMT,2023-06-05T00:00:00.000000,0,38.31,SELL
WMT,2023-06-06T00:00:00.000000,0,38.1,SELL
WMT,2023-06-07T00:00:00.000000,0,37.93,SELL
WMT,2023-06-08T00:00:00.000000,0,38.1,SELL
WMT,2023-06-09T00:00:00.000000,0,37.93,SELL
WMT,2023-06-12T00:00:00.000000,0,38.1,SELL
WMT,2023-06-13T00:00:00.000000,0,38.1,SELL
WMT,2023-06-14T00:00:00.000000,0,38.1,SELL
WMT,2023-06-15T00:00:00.000000,0,38.31,SELL
WMT,2023-06-16T00:00:00.000000,0,38.31,SELL
WMT,2023-06-20T00:00:00.000000,0,38.31,SELL
WMT,2023-06-21T00:00:00.000000,0,38.31,SELL
WMT,2023-06-22T00:00:00.000000,0,40.62,SELL
WMT,2023-06-23T00:00:00.000000,0,44.85,SELL
WMT,2023-06-26T00:00:00.000000,0,48.51,SELL
WMT,2023-06-27T00:00:00.000000,0,48.51,SELL
WMT,2023-06-28T00:00:00.000000,1,48.51,BUY
WMT,2023-06-29T00:00:00.000000,1,49.72,BUY
WMT,2023-06-30T00:00:00.000000,1,49.72,BUY
WMT,2023-07-03T00:00:00.000000,1,49.72,BUY
WMT,2023-07-05T00:00:00.000000,1,49.72,BUY
WMT,2023-07-06T00:00:00.000000,1,48.51,BUY
WMT,2023-07-07T00:00:00.000000,1,48.51,BUY
WMT,2023-07-10T00:00:00.000000,1,48.51,BUY
WMT,2023-07-11T00:00:00.000000,0,48.51,SELL
WMT,2023-07-12T00:00:00.000000,0,48.51,SELL
WMT,2023-07-13T00:00:00.000000,0,48.51,SELL
WMT,2023-07-14T00:00:00.000000,0,48.51,SELL
WMT,2023-07-17T00:00:00.000000,0,48.51,SELL
WMT,2023-07-18T00:00:00.000000,0,48.51,SELL
WMT,2023-07-19T00:00:00.000000,0,44.85,SELL
WMT,2023-07-20T00:00:00.000000,0,38.31,SELL
WMT,2023-07-21T00:00:00.000000,0,37.93,SELL
WMT,2023-07-24T00:00:00.000000,0,32.82,SELL
WMT,2023-07-25T00:00:00.000000,0,32.82,SELL
WMT,2023-07-26T00:00:00.000000,0,32.82,SELL
WMT,2023-07-27T00:00:00.000000,0,32.82,SELL
WMT,2023-07-28T00:00:00.000000,0,32.82,SELL
WMT,2023-07-31T00:00:00.000000,0,32.82,SELL
WMT,2023-08-01T00:00:00.000000,0,32.82,SELL
WMT,2023-08-02T00:00:00.000000,0,32.82,SELL
WMT,2023-08-03T00:00:00.000000,0,37.93,SELL
WMT,2023-08-04T00:00:00.000000,0,38.31,SELL
WMT,2023-08-07T00:00:00.000000,0,40.62,SELL
WMT,2023-08-08T00:00:00.000000,0,48.51,SELL
WMT,2023-08-09T00:00:00.000000,0,48.51,SELL
WMT,2023-08-10T00:00:00.000000,0,48.51,SELL
WMT,2023-08-11T00:00:00.000000,0,48.51,SELL
WMT,2023-08-14T00:00:00.000000,0,48.51,SELL
WMT,2023-08-15T00:00:00.000000,1,48.51,BUY
WMT,2023-08-16T00:00:00.000000,1,49.72,BUY
WMT,2023-08-17T00:00:00.000000,1,49.72,BUY
WMT,2023-08-18T00:00:00.000000,1,50.83,BUY
WMT,2023-08-21T00:00:00.000000,1,50.83,BUY
WMT,2023-08-22T00:00:00.000000,1,50.83,BUY
WMT,2023-08-23T00:00:00.000000,1,50.83,BUY
WMT,2023-08-24T00:00:00.000000,1,50.83,BUY
WMT,2023-08-25T00:00:00.000000,1,50.83,BUY
WMT,2023-08-28T00:00:00.000000,1,50.83,BUY
WMT,2023-08-29T00:00:00.000000,1,49.72,BUY
WMT,2023-08-30T00:00:00.000000,1,49.72,BUY
WMT,2023-08-31T00:00:00.000000,0,48.51,SELL
WMT,2023-09-01T00:00:00.000000,0,48.51,SELL
WMT,2023-09-05T00:00:00.000000,0,44.85,SELL
WMT,2023-09-06T00:00:00.000000,0,38.31,SELL
WMT,2023-09-07T00:00:00.000000,0,38.31,SELL
WMT,2023-09-08T00:00:00.000000,0,40.62,SELL
WMT,2023-09-11T00:00:00.000000,0,38.31,SELL
WMT,2023-09-12T00:00:00.000000,0,38.31,SELL
WMT,2023-09-13T00:00:00.000000,0,38.31,SELL
WMT,2023-09-14T00:00:00.000000,0,38.31,SELL
WMT,2023-09-15T00:00:00.000000,0,44.85,SELL
WMT,2023-09-18T00:00:00.000000,0,44.85,SELL
WMT,2023-09-19T00:00:00.000000,0,48.51,SELL
WMT,2023-09-20T00:00:00.000000,0,44.85,SELL
WMT,2023-09-21T00:00:00.000000,0,48.51,SELL
WMT,2023-09-22T00:00:00.000000,0,48.51,SELL
WMT,2023-09-25T00:00:00.000000,1,48.51,BUY
WMT,2023-09-26T00:00:00.000000,1,49.72,BUY
WMT,2023-09-27T00:00:00.000000,1,49.72,BUY
WMT,2023-09-28T00:00:00.000000,1,49.72,BUY
WMT,2023-09-29T00:00:00.000000,1,50.83,BUY
WMT,2023-10-02T00:00:00.000000,1,50.83,BUY
WMT,2023-10-03T00:00:00.000000,1,50.83,BUY
WMT,2023-10-04T00:00:00.000000,1,50.83,BUY
WMT,2023-10-05T00:00:00.000000,1,50.83,BUY
WMT,2023-10-06T00:00:00.000000,1,50.83,BUY
WMT,2023-10-09T00:00:00.000000,1,50.83,BUY
WMT,2023-10-10T00:00:00.000000,1,50.83,BUY
WMT,2023-10-11T00:00:00.000000,1,49.72,BUY
WMT,2023-10-12T00:00:00.000000,0,48.51,SELL
WMT,2023-10-13T00:00:00.000000,0,48.51,SELL
WMT,2023-10-16T00:00:00.000000,0,38.31,SELL
WMT,2023-10-17T00:00:00.000000,0,44.85,SELL
WMT,2023-10-18T00:00:00.000000,0,38.31,SELL
WMT,2023-10-19T00:00:00.000000,0,38.31,SELL
WMT,2023-10-20T00:00:00.000000,0,38.31,SELL
WMT,2023-10-23T00:00:00.000000,0,44.85,SELL
WMT,2023-10-24T00:00:00.000000,0,48.51,SELL
WMT,2023-10-25T00:00:00.000000,1,49.72,BUY
WMT,2023-10-26T00:00:00.000000,1,49.72,BUY
WMT,2023-10-27T00:00:00.000000,1,50.83,BUY
WMT,2023-10-30T00:00:00.000000,1,50.83,BUY
WMT,2023-10-31T00:00:00.000000,1,50.83,BUY
WMT,2023-11-01T00:00:00.000000,1,50.83,BUY
WMT,2023-11-02T00:00:00.000000,1,50.83,BUY
WMT,2023-11-03T00:00:00.000000,1,50.83,BUY
WMT,2023-11-06T00:00:00.000000,1,49.72,BUY
WMT,2023-11-07T00:00:00.000000,1,49.72,BUY
WMT,2023-11-08T00:00:00.000000,1,49.72,BUY
WMT,2023-11-09T00:00:00.000000,1,49.72,BUY
WMT,2023-11-10T00:00:00.000000,1,48.51,BUY
WMT,2023-11-13T00:00:00.000000,0,48.51,SELL
WMT,2023-11-14T00:00:00.000000,0,48.51,SELL
WMT,2023-11-15T00:00:00.000000,0,44.85,SELL
WMT,2023-11-16T00:00:00.000000,0,40.62,SELL
WMT,2023-11-17T00:00:00.000000,0,38.31,SELL
WMT,2023-11-20T00:00:00.000000,0,38.31,SELL
WMT,2023-11-21T00:00:00.000000,0,38.31,SELL
WMT,2023-11-22T00:00:00.000000,0,38.31,SELL
WMT,2023-11-24T00:00:00.000000,0,38.31,SELL
WMT,2023-11-27T00:00:00.000000,0,38.1,SELL
WMT,2023-11-28T00:00:00.000000,0,36.84,SELL
WMT,2023-11-29T00:00:00.000000,0,32.82,SELL
WMT,2023-11-30T00:00:00.000000,0,32.82,SELL
WMT,2023-12-01T00:00:00.000000,0,32.82,SELL
WMT,2023-12-04T00:00:00.000000,0,32.82,SELL
WMT,2023-12-05T00:00:00.000000,0,7.69,SELL
WMT,2023-12-06T00:00:00.000000,0,7.69,SELL
WMT,2023-12-07T00:00:00.000000,0,32.82,SELL
WMT,2023-12-08T00:00:00.000000,0,32.82,SELL
WMT,2023-12-11T00:00:00.000000,0,32.82,SELL
WMT,2023-12-12T00:00:00.000000,0,32.82,SELL
WMT,2023-12-13T00:00:00.000000,0,32.82,SELL
WMT,2023-12-14T00:00:00.000000,0,7.69,SELL
WMT,2023-12-15T00:00:00.000000,0,7.69,SELL
WMT,2023-12-18T00:00:00.000000,0,7.69,SELL
WMT,2023-12-19T00:00:00.000000,0,17.22,SELL
WMT,2023-12-20T00:00:00.000000,0,32.82,SELL
WMT,2023-12-21T00:00:00.000000,0,32.82,SELL
WMT,2023-12-22T00:00:00.000000,0,32.82,SELL
WMT,2023-12-26T00:00:00.000000,0,32.82,SELL
WMT,2023-12-27T00:00:00.000000,0,38.1,SELL
WMT,2023-12-28T00:00:00.000000,0,38.31,SELL
WMT,2023-12-29T00:00:00.000000,0,44.85,SELL
WMT,2024-01-02T00:00:00.000000,0,48.51,SELL
WMT,2024-01-03T00:00:00.000000,0,48.51,SELL
WMT,2024-01-04T00:00:00.000000,0,48.51,SELL
WMT,2024-01-05T00:00:00.000000,0,48.51,SELL
WMT,2024-01-08T00:00:00.000000,0,48.51,SELL
WMT,2024-01-09T00:00:00.000000,1,48.51,BUY
WMT,2024-01-10T00:00:00.000000,1,48.51,BUY
WMT,2024-01-11T00:00:00.000000,1,49.72,BUY
WMT,2024-01-12T00:00:00.000000,1,49.72,BUY
WMT,2024-01-16T00:00:00.000000,1,49.72,BUY
WMT,2024-01-17T00:00:00.000000,1,49.72,BUY
WMT,2024-01-18T00:00:00.000000,1,49.72,BUY
WMT,2024-01-19T00:00:00.000000,1,49.72,BUY
WMT,2024-01-22T00:00:00.000000,1,49.72,BUY
WMT,2024-01-23T00:00:00.000000,1,49.72,BUY
WMT,2024-01-24T00:00:00.000000,1,49.72,BUY
WMT,2024-01-25T00:00:00.000000,1,49.72,BUY
WMT,2024-01-26T00:00:00.000000,1,49.72,BUY
WMT,2024-01-29T00:00:00.000000,1,49.72,BUY
WMT,2024-01-30T00:00:00.000000,1,49.72,BUY
WMT,2024-01-31T00:00:00.000000,1,49.72,BUY
WMT,2024-02-01T00:00:00.000000,1,48.51,BUY
WMT,2024-02-02T00:00:00.000000,1,48.51,BUY
WMT,2024-02-05T00:00:00.000000,1,48.51,BUY
WMT,2024-02-06T00:00:00.000000,1,48.51,BUY
WMT,2024-02-07T00:00:00.000000,1,48.51,BUY
WMT,2024-02-08T00:00:00.000000,0,48.51,SELL
WMT,2024-02-09T00:00:00.000000,1,48.51,BUY
WMT,2024-02-12T00:00:00.000000,1,48.51,BUY
WMT,2024-02-13T00:00:00.000000,1,48.51,BUY
WMT,2024-02-14T00:00:00.000000,1,48.51,BUY
WMT,2024-02-15T00:00:00.000000,0,48.51,SELL
WMT,2024-02-16T00:00:00.000000,0,48.51,SELL
WMT,2024-02-20T00:00:00.000000,0,48.51,SELL
WMT,2024-02-21T00:00:00.000000,0,48.51,SELL
WMT,2024-02-22T00:00:00.000000,0,48.51,SELL
WMT,2024-02-23T00:00:00.000000,0,44.85,SELL
WMT,2024-02-26T00:00:00.000000,0,38.31,SELL
WMT,2024-02-27T00:00:00.000000,0,38.31,SELL
WMT,2024-02-28T00:00:00.000000,0,38.31,SELL
WMT,2024-02-29T00:00:00.000000,0,38.31,SELL
WMT,2024-03-01T00:00:00.000000,0,38.31,SELL
WMT,2024-03-04T00:00:00.000000,0,38.31,SELL
WMT,2024-03-05T00:00:00.000000,0,36.84,SELL
WMT,2024-03-06T00:00:00.000000,0,32.82,SELL
WMT,2024-03-07T00:00:00.000000,0,32.82,SELL
WMT,2024-03-08T00:00:00.000000,0,32.82,SELL
WMT,2024-03-11T00:00:00.000000,0,32.82,SELL
WMT,2024-03-12T00:00:00.000000,0,32.82,SELL
WMT,2024-03-13T00:00:00.000000,0,32.82,SELL
WMT,2024-03-14T00:00:00.000000,0,32.82,SELL
WMT,2024-03-15T00:00:00.000000,0,7.69,SELL
WMT,2024-03-18T00:00:00.000000,0,10.98,SELL
WMT,2024-03-19T00:00:00.000000,0,32.82,SELL
WMT,2024-03-20T00:00:00.000000,0,32.82,SELL
WMT,2024-03-21T00:00:00.000000,0,32.82,SELL
WMT,2024-03-22T00:00:00.000000,0,32.82,SELL
WMT,2024-03-25T00:00:00.000000,0,32.82,SELL
WMT,2024-03-26T00:00:00.000000,0,32.82,SELL
WMT,2024-03-27T00:00:00.000000,0,32.82,SELL
WMT,2024-03-28T00:00:00.000000,0,38.1,SELL
WMT,2024-04-01T00:00:00.000000,0,38.31,SELL
WMT,2024-04-02T00:00:00.000000,0,38.31,SELL
WMT,2024-04-03T00:00:00.000000,0,44.85,SELL
WMT,2024-04-04T00:00:00.000000,0,44.85,SELL
WMT,2024-04-05T00:00:00.000000,0,48.51,SELL
WMT,2024-04-08T00:00:00.000000,0,48.51,SELL
WMT,2024-04-09T00:00:00.000000,0,44.85,SELL
WMT,2024-04-10T00:00:00.000000,0,44.85,SELL
WMT,2024-04-11T00:00:00.000000,0,38.31,SELL
WMT,2024-04-12T00:00:00.000000,0,44.85,SELL
WMT,2024-04-15T00:00:00.000000,0,44.85,SELL
WMT,2024-04-16T00:00:00.000000,0,44.85,SELL
WMT,2024-04-17T00:00:00.000000,0,48.51,SELL
WMT,2024-04-18T00:00:00.000000,1,49.72,BUY
WMT,2024-04-19T00:00:00.000000,1,49.72,BUY
WMT,2024-04-22T00:00:00.000000,1,50.83,BUY
WMT,2024-04-23T00:00:00.000000,1,50.83,BUY
WMT,2024-04-24T00:00:00.000000,1,50.83,BUY
WMT,2024-04-25T00:00:00.000000,1,50.83,BUY
WMT,2024-04-26T00:00:00.000000,1,50.83,BUY
WMT,2024-04-29T00:00:00.000000,1,50.83,BUY
WMT,2024-04-30T00:00:00.000000,1,49.72,BUY
WMT,2024-05-01T00:00:00.000000,1,48.51,BUY
WMT,2024-05-02T00:00:00.000000,0,48.51,SELL
WMT,2024-05-03T00:00:00.000000,0,44.85,SELL
WMT,2024-05-06T00:00:00.000000,0,44.85,SELL
WMT,2024-05-07T00:00:00.000000,0,44.85,SELL
WMT,2024-05-08T00:00:00.000000,0,44.85,SELL
WMT,2024-05-09T00:00:00.000000,0,44.85,SELL
WMT,2024-05-10T00:00:00.000000,0,38.31,SELL
WMT,2024-05-13T00:00:00.000000,0,38.31,SELL
WMT,2024-05-14T00:00:00.000000,0,38.1,SELL
WMT,2024-05-15T00:00:00.000000,0,32.82,SELL
WMT,2024-05-16T00:00:00.000000,0,32.82,SELL
WMT,2024-05-17T00:00:00.000000,0,38.1,SELL
WMT,2024-05-20T00:00:00.000000,0,38.31,SELL
WMT,2024-05-21T00:00:00.000000,0,38.31,SELL
WMT,2024-05-22T00:00:00.000000,0,44.85,SELL
WMT,2024-05-23T00:00:00.000000,0,44.85,SELL
WMT,2024-05-24T00:00:00.000000,0,48.51,SELL
WMT,2024-05-28T00:00:00.000000,0,48.51,SELL
WMT,2024-05-29T00:00:00.000000,0,48.51,SELL
WMT,2024-05-30T00:00:00.000000,0,48.51,SELL
WMT,2024-05-31T00:00:00.000000,0,48.51,SELL
WMT,2024-06-03T00:00:00.000000,1,49.72,BUY
WMT,2024-06-04T00:00:00.000000,1,49.72,BUY
WMT,2024-06-05T00:00:00.000000,1,49.72,BUY
WMT,2024-06-06T00:00:00.000000,1,49.72,BUY
WMT,2024-06-07T00:00:00.000000,1,49.72,BUY
WMT,2024-06-10T00:00:00.000000,1,49.72,BUY
WMT,2024-06-11T00:00:00.000000,1,49.72,BUY
WMT,2024-06-12T00:00:00.000000,1,49.72,BUY
WMT,2024-06-13T00:00:00.000000,1,49.72,BUY
WMT,2024-06-14T00:00:00.000000,1,49.72,BUY
WMT,2024-06-17T00:00:00.000000,1,49.72,BUY
WMT,2024-06-18T00:00:00.000000,1,49.72,BUY
WMT,2024-06-20T00:00:00.000000,1,49.72,BUY
WMT,2024-06-21T00:00:00.000000,1,49.72,BUY
WMT,2024-06-24T00:00:00.000000,1,49.72,BUY
WMT,2024-06-25T00:00:00.000000,1,49.72,BUY
WMT,2024-06-26T00:00:00.000000,1,49.72,BUY
WMT,2024-06-27T00:00:00.000000,1,49.72,BUY
WMT,2024-06-28T00:00:00.000000,1,49.72,BUY
WMT,2024-07-01T00:00:00.000000,1,49.72,BUY
WMT,2024-07-02T00:00:00.000000,1,49.72,BUY
WMT,2024-07-03T00:00:00.000000,1,49.72,BUY
WMT,2024-07-05T00:00:00.000000,1,49.72,BUY
WMT,2024-07-08T00:00:00.000000,1,48.51,BUY
WMT,2024-07-09T00:00:00.000000,0,48.51,SELL
WMT,2024-07-10T00:00:00.000000,0,48.51,SELL
WMT,2024-07-11T00:00:00.000000,0,48.51,SELL
WMT,2024-07-12T00:00:00.000000,0,48.51,SELL
WMT,2024-07-15T00:00:00.000000,0,48.51,SELL
WMT,2024-07-16T00:00:00.000000,0,48.51,SELL
WMT,2024-07-17T00:00:00.000000,0,48.51,SELL
WMT,2024-07-18T00:00:00.000000,0,48.51,SELL
WMT,2024-07-19T00:00:00.000000,0,48.51,SELL
WMT,2024-07-22T00:00:00.000000,0,48.51,SELL
WMT,2024-07-23T00:00:00.000000,0,48.51,SELL
WMT,2024-07-24T00:00:00.000000,0,48.51,SELL
WMT,2024-07-25T00:00:00.000000,0,48.51,SELL
WMT,2024-07-26T00:00:00.000000,0,48.51,SELL
WMT,2024-07-29T00:00:00.000000,0,48.51,SELL
WMT,2024-07-30T00:00:00.000000,0,48.51,SELL
WMT,2024-07-31T00:00:00.000000,0,48.51,SELL
WMT,2024-08-01T00:00:00.000000,1,49.72,BUY
WMT,2024-08-02T00:00:00.000000,1,49.72,BUY
WMT,2024-08-05T00:00:00.000000,1,49.72,BUY
WMT,2024-08-06T00:00:00.000000,1,49.72,BUY
WMT,2024-08-07T00:00:00.000000,1,49.72,BUY
WMT,2024-08-08T00:00:00.000000,1,49.72,BUY
WMT,2024-08-09T00:00:00.000000,1,49.72,BUY
WMT,2024-08-12T00:00:00.000000,1,49.72,BUY
WMT,2024-08-13T00:00:00.000000,1,49.72,BUY
WMT,2024-08-14T00:00:00.000000,1,49.72,BUY
WMT,2024-08-15T00:00:00.000000,1,49.72,BUY
WMT,2024-08-16T00:00:00.000000,1,49.72,BUY
WMT,2024-08-19T00:00:00.000000,1,48.51,BUY
WMT,2024-08-20T00:00:00.000000,0,48.51,SELL
WMT,2024-08-21T00:00:00.000000,0,44.85,SELL
WMT,2024-08-22T00:00:00.000000,0,38.31,SELL
WMT,2024-08-23T00:00:00.000000,0,44.85,SELL
WMT,2024-08-26T00:00:00.000000,0,40.62,SELL
WMT,2024-08-27T00:00:00.000000,0,38.31,SELL
WMT,2024-08-28T00:00:00.000000,0,38.31,SELL
WMT,2024-08-29T00:00:00.000000,0,44.85,SELL
WMT,2024-08-30T00:00:00.000000,0,44.85,SELL
WMT,2024-09-03T00:00:00.000000,0,44.85,SELL
WMT,2024-09-04T00:00:00.000000,0,48.51,SELL
WMT,2024-09-05T00:00:00.000000,0,48.51,SELL
WMT,2024-09-06T00:00:00.000000,0,48.51,SELL
WMT,2024-09-09T00:00:00.000000,0,48.51,SELL
WMT,2024-09-10T00:00:00.000000,0,48.51,SELL
WMT,2024-09-11T00:00:00.000000,1,48.51,BUY
WMT,2024-09-12T00:00:00.000000,1,49.72,BUY
WMT,2024-09-13T00:00:00.000000,1,49.72,BUY
WMT,2024-09-16T00:00:00.000000,1,49.72,BUY
WMT,2024-09-17T00:00:00.000000,1,49.72,BUY
WMT,2024-09-18T00:00:00.000000,1,49.72,BUY
WMT,2024-09-19T00:00:00.000000,1,49.72,BUY
WMT,2024-09-20T00:00:00.000000,1,49.72,BUY
WMT,2024-09-23T00:00:00.000000,1,49.72,BUY
WMT,2024-09-24T00:00:00.000000,1,49.72,BUY
WMT,2024-09-25T00:00:00.000000,1,49.72,BUY
WMT,2024-09-26T00:00:00.000000,1,49.72,BUY
WMT,2024-09-27T00:00:00.000000,1,49.72,BUY
WMT,2024-09-30T00:00:00.000000,1,49.72,BUY
WMT,2024-10-01T00:00:00.000000,1,49.72,BUY
WMT,2024-10-02T00:00:00.000000,1,48.51,BUY
WMT,2024-10-03T00:00:00.000000,1,48.51,BUY
WMT,2024-10-04T00:00:00.000000,1,48.51,BUY
WMT,2024-10-07T00:00:00.000000,1,48.51,BUY
WMT,2024-10-08T00:00:00.000000,1,48.51,BUY
WMT,2024-10-09T00:00:00.000000,1,48.51,BUY
WMT,2024-10-10T00:00:00.000000,1,48.51,BUY
WMT,2024-10-11T00:00:00.000000,0,48.51,SELL
WMT,2024-10-14T00:00:00.000000,0,48.51,SELL
WMT,2024-10-15T00:00:00.000000,0,48.51,SELL
WMT,2024-10-16T00:00:00.000000,0,48.51,SELL
WMT,2024-10-17T00:00:00.000000,0,48.51,SELL
WMT,2024-10-18T00:00:00.000000,0,48.51,SELL
WMT,2024-10-21T00:00:00.000000,0,48.51,SELL
WMT,2024-10-22T00:00:00.000000,0,48.51,SELL
WMT,2024-10-23T00:00:00.000000,0,48.51,SELL
WMT,2024-10-24T00:00:00.000000,0,48.51,SELL
WMT,2024-10-25T00:00:00.000000,0,48.51,SELL
WMT,2024-10-28T00:00:00.000000,0,48.51,SELL
WMT,2024-10-29T00:00:00.000000,1,48.51,BUY
WMT,2024-10-30T00:00:00.000000,1,49.72,BUY
WMT,2024-10-31T00:00:00.000000,1,49.72,BUY
WMT,2024-11-01T00:00:00.000000,1,49.72,BUY
WMT,2024-11-04T00:00:00.000000,1,49.72,BUY
WMT,2024-11-05T00:00:00.000000,1,48.51,BUY
WMT,2024-11-06T00:00:00.000000,1,49.72,BUY
WMT,2024-11-07T00:00:00.000000,1,49.72,BUY
WMT,2024-11-08T00:00:00.000000,0,48.51,SELL
WMT,2024-11-11T00:00:00.000000,0,48.51,SELL
WMT,2024-11-12T00:00:00.000000,0,44.85,SELL
WMT,2024-11-13T00:00:00.000000,0,38.31,SELL
WMT,2024-11-14T00:00:00.000000,0,38.31,SELL
WMT,2024-11-15T00:00:00.000000,0,38.31,SELL
WMT,2024-11-18T00:00:00.000000,0,38.1,SELL
WMT,2024-11-19T00:00:00.000000,0,36.84,SELL
WMT,2024-11-20T00:00:00.000000,0,32.82,SELL
WMT,2024-11-21T00:00:00.000000,0,32.82,SELL
WMT,2024-11-22T00:00:00.000000,0,32.82,SELL
WMT,2024-11-25T00:00:00.000000,0,32.82,SELL
WMT,2024-11-26T00:00:00.000000,0,32.82,SELL
WMT,2024-11-27T00:00:00.000000,0,38.31,SELL
WMT,2024-11-29T00:00:00.000000,0,38.31,SELL
WMT,2024-12-02T00:00:00.000000,0,38.31,SELL
WMT,2024-12-03T00:00:00.000000,0,38.31,SELL
WMT,2024-12-04T00:00:00.000000,0,36.84,SELL
WMT,2024-12-05T00:00:00.000000,0,35.29,SELL
WMT,2024-12-06T00:00:00.000000,0,38.1,SELL
WMT,2024-12-09T00:00:00.000000,0,38.31,SELL
WMT,2024-12-10T00:00:00.000000,0,38.31,SELL
WMT,2024-12-11T00:00:00.000000,0,38.31,SELL
WMT,2024-12-12T00:00:00.000000,0,38.31,SELL
WMT,2024-12-13T00:00:00.000000,0,44.85,SELL
WMT,2024-12-16T00:00:00.000000,0,48.51,SELL
WMT,2024-12-17T00:00:00.000000,0,48.51,SELL
WMT,2024-12-18T00:00:00.000000,0,48.51,SELL
WMT,2024-12-19T00:00:00.000000,0,48.51,SELL
WMT,2024-12-20T00:00:00.000000,1,48.51,BUY
XOM,2023-02-21T00:00:00.000000,0,44.85,SELL
XOM,2023-02-22T00:00:00.000000,0,48.51,SELL
XOM,2023-02-23T00:00:00.000000,0,48.51,SELL
XOM,2023-02-24T00:00:00.000000,0,48.51,SELL
XOM,2023-02-27T00:00:00.000000,0,48.51,SELL
XOM,2023-02-28T00:00:00.000000,0,48.51,SELL
XOM,2023-03-01T00:00:00.000000,1,48.51,BUY
XOM,2023-03-02T00:00:00.000000,1,48.51,BUY
XOM,2023-03-03T00:00:00.000000,1,49.72,BUY
XOM,2023-03-06T00:00:00.000000,1,49.72,BUY
XOM,2023-03-07T00:00:00.000000,1,49.72,BUY
XOM,2023-03-08T00:00:00.000000,1,49.72,BUY
XOM,2023-03-09T00:00:00.000000,1,49.72,BUY
XOM,2023-03-10T00:00:00.000000,1,49.72,BUY
XOM,2023-03-13T00:00:00.000000,1,49.72,BUY
XOM,2023-03-14T00:00:00.000000,1,49.72,BUY
XOM,2023-03-15T00:00:00.000000,1,49.72,BUY
XOM,2023-03-16T00:00:00.000000,1,49.72,BUY
XOM,2023-03-17T00:00:00.000000,1,49.72,BUY
XOM,2023-03-20T00:00:00.000000,1,49.72,BUY
XOM,2023-03-21T00:00:00.000000,1,49.72,BUY
XOM,2023-03-22T00:00:00.000000,0,48.51,SELL
XOM,2023-03-23T00:00:00.000000,0,48.51,SELL
XOM,2023-03-24T00:00:00.000000,0,48.51,SELL
XOM,2023-03-27T00:00:00.000000,0,44.85,SELL
XOM,2023-03-28T00:00:00.000000,0,44.85,SELL
XOM,2023-03-29T00:00:00.000000,0,44.85,SELL
XOM,2023-03-30T00:00:00.000000,0,48.51,SELL
XOM,2023-03-31T00:00:00.000000,0,48.51,SELL
XOM,2023-04-03T00:00:00.000000,1,48.51,BUY
XOM,2023-04-04T00:00:00.000000,1,49.72,BUY
XOM,2023-04-05T00:00:00.000000,1,49.72,BUY
XOM,2023-04-06T00:00:00.000000,1,49.72,BUY
XOM,2023-04-10T00:00:00.000000,1,49.72,BUY
XOM,2023-04-11T00:00:00.000000,1,49.72,BUY
XOM,2023-04-12T00:00:00.000000,1,49.72,BUY
XOM,2023-04-13T00:00:00.000000,1,49.72,BUY
XOM,2023-04-14T00:00:00.000000,1,49.72,BUY
XOM,2023-04-17T00:00:00.000000,1,49.72,BUY
XOM,2023-04-18T00:00:00.000000,1,49.72,BUY
XOM,2023-04-19T00:00:00.000000,1,49.72,BUY
XOM,2023-04-20T00:00:00.000000,1,49.72,BUY
XOM,2023-04-21T00:00:00.000000,1,49.72,BUY
XOM,2023-04-24T00:00:00.000000,1,49.72,BUY
XOM,2023-04-25T00:00:00.000000,1,49.72,BUY
XOM,2023-04-26T00:00:00.000000,1,49.72,BUY
XOM,2023-04-27T00:00:00.000000,1,49.72,BUY
XOM,2023-04-28T00:00:00.000000,1,49.72,BUY
XOM,2023-05-01T00:00:00.000000,1,49.72,BUY
XOM,2023-05-02T00:00:00.000000,1,49.72,BUY
XOM,2023-05-03T00:00:00.000000,1,49.72,BUY
XOM,2023-05-04T00:00:00.000000,1,49.72,BUY
XOM,2023-05-05T00:00:00.000000,1,49.72,BUY
XOM,2023-05-08T00:00:00.000000,1,48.51,BUY
XOM,2023-05-09T00:00:00.000000,1,48.51,BUY
XOM,2023-05-10T00:00:00.000000,0,48.51,SELL
XOM,2023-05-11T00:00:00.000000,0,48.51,SELL
XOM,2023-05-12T00:00:00.000000,0,48.51,SELL
XOM,2023-05-15T00:00:00.000000,0,48.51,SELL
XOM,2023-05-16T00:00:00.000000,0,48.51,SELL
XOM,2023-05-17T00:00:00.000000,0,48.51,SELL
XOM,2023-05-18T00:00:00.000000,0,48.51,SELL
XOM,2023-05-19T00:00:00.000000,0,48.51,SELL
XOM,2023-05-22T00:00:00.000000,0,48.51,SELL
XOM,2023-05-23T00:00:00.000000,0,48.51,SELL
XOM,2023-05-24T00:00:00.000000,0,48.51,SELL
XOM,2023-05-25T00:00:00.000000,0,48.51,SELL
XOM,2023-05-26T00:00:00.000000,0,48.51,SELL
XOM,2023-05-30T00:00:00.000000,1,48.51,BUY
XOM,2023-05-31T00:00:00.000000,0,48.51,SELL
XOM,2023-06-01T00:00:00.000000,0,48.51,SELL
XOM,2023-06-02T00:00:00.000000,1,48.51,BUY
XOM,2023-06-05T00:00:00.000000,1,49.72,BUY
XOM,2023-06-06T00:00:00.000000,1,48.51,BUY
XOM,2023-06-07T00:00:00.000000,0,48.51,SELL
XOM,2023-06-08T00:00:00.000000,0,48.51,SELL
XOM,2023-06-09T00:00:00.000000,0,48.51,SELL
XOM,2023-06-12T00:00:00.000000,0,44.85,SELL
XOM,2023-06-13T00:00:00.000000,0,44.85,SELL
XOM,2023-06-14T00:00:00.000000,0,48.51,SELL
XOM,2023-06-15T00:00:00.000000,0,45.45,SELL
XOM,2023-06-16T00:00:00.000000,0,48.51,SELL
XOM,2023-06-20T00:00:00.000000,0,48.51,SELL
XOM,2023-06-21T00:00:00.000000,0,48.51,SELL
XOM,2023-06-22T00:00:00.000000,0,48.51,SELL
XOM,2023-06-23T00:00:00.000000,0,48.51,SELL
XOM,2023-06-26T00:00:00.000000,0,48.51,SELL
XOM,2023-06-27T00:00:00.000000,0,48.51,SELL
XOM,2023-06-28T00:00:00.000000,0,44.85,SELL
XOM,2023-06-29T00:00:00.000000,0,44.85,SELL
XOM,2023-06-30T00:00:00.000000,0,40.62,SELL
XOM,2023-07-03T00:00:00.000000,0,44.85,SELL
XOM,2023-07-05T00:00:00.000000,0,44.85,SELL
XOM,2023-07-06T00:00:00.000000,0,44.85,SELL
XOM,2023-07-07T00:00:00.000000,0,48.51,SELL
XOM,2023-07-10T00:00:00.000000,0,48.51,SELL
XOM,2023-07-11T00:00:00.000000,0,48.51,SELL
XOM,2023-07-12T00:00:00.000000,0,44.85,SELL
XOM,2023-07-13T00:00:00.000000,0,44.85,SELL
XOM,2023-07-14T00:00:00.000000,0,44.85,SELL
XOM,2023-07-17T00:00:00.000000,0,44.85,SELL
XOM,2023-07-18T00:00:00.000000,0,44.85,SELL
XOM,2023-07-19T00:00:00.000000,0,38.31,SELL
XOM,2023-07-20T00:00:00.000000,0,38.31,SELL
XOM,2023-07-21T00:00:00.000000,0,38.31,SELL
XOM,2023-07-24T00:00:00.000000,0,40.62,SELL
XOM,2023-07-25T00:00:00.000000,0,44.85,SELL
XOM,2023-07-26T00:00:00.000000,0,48.51,SELL
XOM,2023-07-27T00:00:00.000000,0,48.51,SELL
XOM,2023-07-28T00:00:00.000000,0,48.51,SELL
XOM,2023-07-31T00:00:00.000000,0,48.51,SELL
XOM,2023-08-01T00:00:00.000000,0,48.51,SELL
XOM,2023-08-02T00:00:00.000000,0,48.51,SELL
XOM,2023-08-03T00:00:00.000000,0,48.51,SELL
XOM,2023-08-04T00:00:00.000000,0,48.51,SELL
XOM,2023-08-07T00:00:00.000000,0,48.51,SELL
XOM,2023-08-08T00:00:00.000000,0,48.51,SELL
XOM,2023-08-09T00:00:00.000000,0,48.51,SELL
XOM,2023-08-10T00:00:00.000000,0,48.51,SELL
XOM,2023-08-11T00:00:00.000000,0,48.51,SELL
XOM,2023-08-14T00:00:00.000000,0,48.51,SELL
XOM,2023-08-15T00:00:00.000000,1,48.51,BUY
XOM,2023-08-16T00:00:00.000000,1,49.72,BUY
XOM,2023-08-17T00:00:00.000000,1,49.72,BUY
XOM,2023-08-18T00:00:00.000000,1,49.72,BUY
XOM,2023-08-21T00:00:00.000000,1,49.72,BUY
XOM,2023-08-22T00:00:00.000000,1,49.72,BUY
XOM,2023-08-23T00:00:00.000000,1,49.72,BUY
XOM,2023-08-24T00:00:00.000000,1,49.72,BUY
XOM,2023-08-25T00:00:00.000000,1,49.72,BUY
XOM,2023-08-28T00:00:00.000000,1,49.72,BUY
XOM,2023-08-29T00:00:00.000000,1,49.72,BUY
XOM,2023-08-30T00:00:00.000000,1,49.72,BUY
XOM,2023-08-31T00:00:00.000000,1,48.51,BUY
XOM,2023-09-01T00:00:00.000000,0,48.51,SELL
XOM,2023-09-05T00:00:00.000000,0,48.51,SELL
XOM,2023-09-06T00:00:00.000000,0,48.51,SELL
XOM,2023-09-07T00:00:00.000000,0,48.51,SELL
XOM,2023-09-08T00:00:00.000000,0,48.51,SELL
XOM,2023-09-11T00:00:00.000000,0,45.45,SELL
XOM,2023-09-12T00:00:00.000000,0,48.51,SELL
XOM,2023-09-13T00:00:00.000000,0,45.45,SELL
XOM,2023-09-14T00:00:00.000000,0,48.51,SELL
XOM,2023-09-15T00:00:00.000000,0,48.51,SELL
XOM,2023-09-18T00:00:00.000000,0,48.51,SELL
XOM,2023-09-19T00:00:00.000000,0,48.51,SELL
XOM,2023-09-20T00:00:00.000000,0,48.51,SELL
XOM,2023-09-21T00:00:00.000000,0,48.51,SELL
XOM,2023-09-22T00:00:00.000000,0,48.51,SELL
XOM,2023-09-25T00:00:00.000000,0,48.51,SELL
XOM,2023-09-26T00:00:00.000000,0,48.51,SELL
XOM,2023-09-27T00:00:00.000000,1,49.72,BUY
XOM,2023-09-28T00:00:00.000000,1,49.72,BUY
XOM,2023-09-29T00:00:00.000000,1,50.83,BUY
XOM,2023-10-02T00:00:00.000000,1,50.83,BUY
XOM,2023-10-03T00:00:00.000000,1,50.83,BUY
XOM,2023-10-04T00:00:00.000000,1,50.83,BUY
XOM,2023-10-05T00:00:00.000000,1,50.83,BUY
XOM,2023-10-06T00:00:00.000000,1,50.83,BUY
XOM,2023-10-09T00:00:00.000000,1,49.72,BUY
XOM,2023-10-10T00:00:00.000000,1,49.72,BUY
XOM,2023-10-11T00:00:00.000000,1,49.72,BUY
XOM,2023-10-12T00:00:00.000000,1,49.72,BUY
XOM,2023-10-13T00:00:00.000000,1,48.51,BUY
XOM,2023-10-16T00:00:00.000000,0,48.51,SELL
XOM,2023-10-17T00:00:00.000000,0,48.51,SELL
XOM,2023-10-18T00:00:00.000000,0,44.85,SELL
XOM,2023-10-19T00:00:00.000000,0,44.85,SELL
XOM,2023-10-20T00:00:00.000000,0,44.85,SELL
XOM,2023-10-23T00:00:00.000000,0,48.51,SELL
XOM,2023-10-24T00:00:00.000000,1,48.51,BUY
XOM,2023-10-25T00:00:00.000000,1,49.72,BUY
XOM,2023-10-26T00:00:00.000000,1,49.72,BUY
XOM,2023-10-27T00:00:00.000000,1,50.83,BUY
XOM,2023-10-30T00:00:00.000000,1,50.83,BUY
XOM,2023-10-31T00:00:00.000000,1,50.83,BUY
XOM,2023-11-01T00:00:00.000000,1,50.83,BUY
XOM,2023-11-02T00:00:00.000000,1,50.83,BUY
XOM,2023-11-03T00:00:00.000000,1,50.83,BUY
XOM,2023-11-06T00:00:00.000000,1,50.83,BUY
XOM,2023-11-07T00:00:00.000000,1,49.72,BUY
XOM,2023-11-08T00:00:00.000000,1,48.51,BUY
XOM,2023-11-09T00:00:00.000000,0,48.51,SELL
XOM,2023-11-10T00:00:00.000000,0,48.51,SELL
XOM,2023-11-13T00:00:00.000000,0,40.62,SELL
XOM,2023-11-14T00:00:00.000000,0,38.31,SELL
XOM,2023-11-15T00:00:00.000000,0,38.1,SELL
XOM,2023-11-16T00:00:00.000000,0,32.82,SELL
XOM,2023-11-17T00:00:00.000000,0,32.82,SELL
XOM,2023-11-20T00:00:00.000000,0,32.82,SELL
XOM,2023-11-21T00:00:00.000000,0,32.82,SELL
XOM,2023-11-22T00:00:00.000000,0,32.82,SELL
XOM,2023-11-24T00:00:00.000000,0,32.82,SELL
XOM,2023-11-27T00:00:00.000000,0,32.82,SELL
XOM,2023-11-28T00:00:00.000000,0,32.82,SELL
XOM,2023-11-29T00:00:00.000000,0,36.84,SELL
XOM,2023-11-30T00:00:00.000000,0,38.1,SELL
XOM,2023-12-01T00:00:00.000000,0,38.31,SELL
XOM,2023-12-04T00:00:00.000000,0,38.31,SELL
XOM,2023-12-05T00:00:00.000000,0,44.85,SELL
XOM,2023-12-06T00:00:00.000000,0,38.31,SELL
XOM,2023-12-07T00:00:00.000000,0,44.85,SELL
XOM,2023-12-08T00:00:00.000000,0,48.51,SELL
XOM,2023-12-11T00:00:00.000000,0,44.85,SELL
XOM,2023-12-12T00:00:00.000000,0,44.85,SELL
XOM,2023-12-13T00:00:00.000000,0,38.31,SELL
XOM,2023-12-14T00:00:00.000000,0,35.29,SELL
XOM,2023-12-15T00:00:00.000000,0,32.82,SELL
XOM,2023-12-18T00:00:00.000000,0,32.82,SELL
XOM,2023-12-19T00:00:00.000000,0,32.82,SELL
XOM,2023-12-20T00:00:00.000000,0,32.82,SELL
XOM,2023-12-21T00:00:00.000000,0,32.82,SELL
XOM,2023-12-22T00:00:00.000000,0,32.82,SELL
XOM,2023-12-26T00:00:00.000000,0,32.82,SELL
XOM,2023-12-27T00:00:00.000000,0,37.93,SELL
XOM,2023-12-28T00:00:00.000000,0,38.31,SELL
XOM,2023-12-29T00:00:00.000000,0,38.31,SELL
XOM,2024-01-02T00:00:00.000000,0,44.85,SELL
XOM,2024-01-03T00:00:00.000000,0,44.85,SELL
XOM,2024-01-04T00:00:00.000000,0,44.85,SELL
XOM,2024-01-05T00:00:00.000000,0,44.85,SELL
XOM,2024-01-08T00:00:00.000000,0,44.85,SELL
XOM,2024-01-09T00:00:00.000000,0,48.51,SELL
XOM,2024-01-10T00:00:00.000000,0,48.51,SELL
XOM,2024-01-11T00:00:00.000000,0,48.51,SELL
XOM,2024-01-12T00:00:00.000000,0,48.51,SELL
XOM,2024-01-16T00:00:00.000000,0,48.51,SELL
XOM,2024-01-17T00:00:00.000000,0,48.51,SELL
XOM,2024-01-18T00:00:00.000000,0,48.51,SELL
XOM,2024-01-19T00:00:00.000000,0,48.51,SELL
XOM,2024-01-22T00:00:00.000000,0,44.85,SELL
XOM,2024-01-23T00:00:00.000000,0,38.31,SELL
XOM,2024-01-24T00:00:00.000000,0,38.31,SELL
XOM,2024-01-25T00:00:00.000000,0,37.93,SELL
XOM,2024-01-26T00:00:00.000000,0,37.93,SELL
XOM,2024-01-29T00:00:00.000000,0,36.84,SELL
XOM,2024-01-30T00:00:00.000000,0,37.93,SELL
XOM,2024-01-31T00:00:00.000000,0,38.31,SELL
XOM,2024-02-01T00:00:00.000000,0,44.85,SELL
XOM,2024-02-02T00:00:00.000000,0,48.51,SELL
XOM,2024-02-05T00:00:00.000000,0,48.51,SELL
XOM,2024-02-06T00:00:00.000000,0,48.51,SELL
XOM,2024-02-07T00:00:00.000000,0,48.51,SELL
XOM,2024-02-08T00:00:00.000000,1,48.51,BUY
XOM,2024-02-09T00:00:00.000000,1,49.72,BUY
XOM,2024-02-12T00:00:00.000000,1,49.72,BUY
XOM,2024-02-13T00:00:00.000000,1,49.72,BUY
XOM,2024-02-14T00:00:00.000000,1,49.72,BUY
XOM,2024-02-15T00:00:00.000000,1,49.72,BUY
XOM,2024-02-16T00:00:00.000000,1,49.72,BUY
XOM,2024-02-20T00:00:00.000000,1,49.72,BUY
XOM,2024-02-21T00:00:00.000000,1,48.51,BUY
XOM,2024-02-22T00:00:00.000000,1,49.72,BUY
XOM,2024-02-23T00:00:00.000000,1,49.72,BUY
XOM,2024-02-26T00:00:00.000000,1,49.72,BUY
XOM,2024-02-27T00:00:00.000000,1,48.51,BUY
XOM,2024-02-28T00:00:00.000000,1,48.51,BUY
XOM,2024-02-29T00:00:00.000000,0,48.51,SELL
XOM,2024-03-01T00:00:00.000000,0,48.51,SELL
XOM,2024-03-04T00:00:00.000000,0,48.51,SELL
XOM,2024-03-05T00:00:00.000000,0,44.85,SELL
XOM,2024-03-06T00:00:00.000000,0,40.62,SELL
XOM,2024-03-07T00:00:00.000000,0,44.85,SELL
XOM,2024-03-08T00:00:00.000000,0,38.31,SELL
XOM,2024-03-11T00:00:00.000000,0,38.31,SELL
XOM,2024-03-12T00:00:00.000000,0,38.31,SELL
XOM,2024-03-13T00:00:00.000000,0,36.84,SELL
XOM,2024-03-14T00:00:00.000000,0,35.29,SELL
XOM,2024-03-15T00:00:00.000000,0,32.82,SELL
XOM,2024-03-18T00:00:00.000000,0,32.82,SELL
XOM,2024-03-19T00:00:00.000000,0,32.82,SELL
XOM,2024-03-20T00:00:00.000000,0,32.82,SELL
XOM,2024-03-21T00:00:00.000000,0,32.82,SELL
XOM,2024-03-22T00:00:00.000000,0,36.84,SELL
XOM,2024-03-25T00:00:00.000000,0,37.93,SELL
XOM,2024-03-26T00:00:00.000000,0,38.1,SELL
XOM,2024-03-27T00:00:00.000000,0,38.1,SELL
XOM,2024-03-28T00:00:00.000000,0,38.31,SELL
XOM,2024-04-01T00:00:00.000000,0,38.31,SELL
XOM,2024-04-02T00:00:00.000000,0,38.31,SELL
XOM,2024-04-03T00:00:00.000000,0,38.31,SELL
XOM,2024-04-04T00:00:00.000000,0,44.85,SELL
XOM,2024-04-05T00:00:00.000000,0,44.85,SELL
XOM,2024-04-08T00:00:00.000000,0,48.51,SELL
XOM,2024-04-09T00:00:00.000000,0,48.51,SELL
XOM,2024-04-10T00:00:00.000000,1,48.51,BUY
XOM,2024-04-11T00:00:00.000000,1,48.51,BUY
XOM,2024-04-12T00:00:00.000000,1,49.72,BUY
XOM,2024-04-15T00:00:00.000000,1,49.72,BUY
XOM,2024-04-16T00:00:00.000000,1,49.72,BUY
XOM,2024-04-17T00:00:00.000000,1,49.72,BUY
XOM,2024-04-18T00:00:00.000000,1,49.72,BUY
XOM,2024-04-19T00:00:00.000000,1,49.72,BUY
XOM,2024-04-22T00:00:00.000000,1,49.72,BUY
XOM,2024-04-23T00:00:00.000000,1,49.72,BUY
XOM,2024-04-24T00:00:00.000000,1,49.72,BUY
XOM,2024-04-25T00:00:00.000000,1,49.72,BUY
XOM,2024-04-26T00:00:00.000000,1,49.72,BUY
XOM,2024-04-29T00:00:00.000000,1,49.72,BUY
XOM,2024-04-30T00:00:00.000000,1,49.72,BUY
XOM,2024-05-01T00:00:00.000000,1,48.51,BUY
XOM,2024-05-02T00:00:00.000000,0,48.51,SELL
XOM,2024-05-03T00:00:00.000000,0,48.51,SELL
XOM,2024-05-06T00:00:00.000000,0,48.51,SELL
XOM,2024-05-07T00:00:00.000000,0,48.51,SELL
XOM,2024-05-08T00:00:00.000000,0,48.51,SELL
XOM,2024-05-09T00:00:00.000000,0,48.51,SELL
XOM,2024-05-10T00:00:00.000000,0,44.85,SELL
XOM,2024-05-13T00:00:00.000000,0,44.85,SELL
XOM,2024-05-14T00:00:00.000000,0,44.85,SELL
XOM,2024-05-15T00:00:00.000000,0,38.31,SELL
XOM,2024-05-16T00:00:00.000000,0,38.31,SELL
XOM,2024-05-17T00:00:00.000000,0,38.31,SELL
XOM,2024-05-20T00:00:00.000000,0,38.31,SELL
XOM,2024-05-21T00:00:00.000000,0,38.31,SELL
XOM,2024-05-22T00:00:00.000000,0,38.31,SELL
XOM,2024-05-23T00:00:00.000000,0,44.85,SELL
XOM,2024-05-24T00:00:00.000000,0,45.82,SELL
XOM,2024-05-28T00:00:00.000000,0,44.85,SELL
XOM,2024-05-29T00:00:00.000000,0,44.85,SELL
XOM,2024-05-30T00:00:00.000000,0,48.51,SELL
XOM,2024-05-31T00:00:00.000000,0,48.51,SELL
XOM,2024-06-03T00:00:00.000000,0,48.51,SELL
XOM,2024-06-04T00:00:00.000000,0,48.51,SELL
XOM,2024-06-05T00:00:00.000000,0,48.51,SELL
XOM,2024-06-06T00:00:00.000000,0,48.51,SELL
XOM,2024-06-07T00:00:00.000000,0,44.85,SELL
XOM,2024-06-10T00:00:00.000000,0,44.85,SELL
XOM,2024-06-11T00:00:00.000000,0,44.85,SELL
XOM,2024-06-12T00:00:00.000000,0,44.85,SELL
XOM,2024-06-13T00:00:00.000000,0,45.45,SELL
XOM,2024-06-14T00:00:00.000000,0,48.51,SELL
XOM,2024-06-17T00:00:00.000000,0,48.51,SELL
XOM,2024-06-18T00:00:00.000000,0,44.85,SELL
XOM,2024-06-20T00:00:00.000000,0,44.85,SELL
XOM,2024-06-21T00:00:00.000000,0,48.51,SELL
XOM,2024-06-24T00:00:00.000000,0,48.51,SELL
XOM,2024-06-25T00:00:00.000000,0,48.51,SELL
XOM,2024-06-26T00:00:00.000000,0,48.51,SELL
XOM,2024-06-27T00:00:00.000000,0,48.51,SELL
XOM,2024-06-28T00:00:00.000000,0,48.51,SELL
XOM,2024-07-01T00:00:00.000000,1,48.51,BUY
XOM,2024-07-02T00:00:00.000000,1,48.51,BUY
XOM,2024-07-03T00:00:00.000000,1,48.51,BUY
XOM,2024-07-05T00:00:00.000000,0,48.51,SELL
XOM,2024-07-08T00:00:00.000000,0,48.51,SELL
XOM,2024-07-09T00:00:00.000000,0,48.51,SELL
XOM,2024-07-10T00:00:00.000000,0,48.51,SELL
XOM,2024-07-11T00:00:00.000000,0,48.51,SELL
XOM,2024-07-12T00:00:00.000000,0,48.51,SELL
XOM,2024-07-15T00:00:00.000000,0,48.51,SELL
XOM,2024-07-16T00:00:00.000000,0,38.31,SELL
XOM,2024-07-17T00:00:00.000000,0,38.31,SELL
XOM,2024-07-18T00:00:00.000000,0,36.84,SELL
XOM,2024-07-19T00:00:00.000000,0,32.82,SELL
XOM,2024-07-22T00:00:00.000000,0,32.82,SELL
XOM,2024-07-23T00:00:00.000000,0,36.84,SELL
XOM,2024-07-24T00:00:00.000000,0,37.93,SELL
XOM,2024-07-25T00:00:00.000000,0,38.31,SELL
XOM,2024-07-26T00:00:00.000000,0,48.51,SELL
XOM,2024-07-29T00:00:00.000000,0,48.51,SELL
XOM,2024-07-30T00:00:00.000000,0,48.51,SELL
XOM,2024-07-31T00:00:00.000000,0,48.51,SELL
XOM,2024-08-01T00:00:00.000000,1,48.51,BUY
XOM,2024-08-02T00:00:00.000000,1,48.51,BUY
XOM,2024-08-05T00:00:00.000000,1,48.51,BUY
XOM,2024-08-06T00:00:00.000000,1,49.72,BUY
XOM,2024-08-07T00:00:00.000000,1,48.51,BUY
XOM,2024-08-08T00:00:00.000000,1,49.72,BUY
XOM,2024-08-09T00:00:00.000000,1,49.72,BUY
XOM,2024-08-12T00:00:00.000000,1,50.83,BUY
XOM,2024-08-13T00:00:00.000000,1,49.72,BUY
XOM,2024-08-14T00:00:00.000000,1,50.83,BUY
XOM,2024-08-15T00:00:00.000000,1,49.72,BUY
XOM,2024-08-16T00:00:00.000000,1,49.72,BUY
XOM,2024-08-19T00:00:00.000000,1,48.51,BUY
XOM,2024-08-20T00:00:00.000000,0,48.51,SELL
XOM,2024-08-21T00:00:00.000000,0,48.51,SELL
XOM,2024-08-22T00:00:00.000000,0,48.51,SELL
XOM,2024-08-23T00:00:00.000000,0,48.51,SELL
XOM,2024-08-26T00:00:00.000000,0,44.85,SELL
XOM,2024-08-27T00:00:00.000000,0,38.31,SELL
XOM,2024-08-28T00:00:00.000000,0,38.31,SELL
XOM,2024-08-29T00:00:00.000000,0,38.31,SELL
XOM,2024-08-30T00:00:00.000000,0,38.31,SELL
XOM,2024-09-03T00:00:00.000000,0,38.31,SELL
XOM,2024-09-04T00:00:00.000000,0,38.31,SELL
XOM,2024-09-05T00:00:00.000000,0,38.31,SELL
XOM,2024-09-06T00:00:00.000000,0,38.31,SELL
XOM,2024-09-09T00:00:00.000000,0,44.85,SELL
XOM,2024-09-10T00:00:00.000000,0,48.51,SELL
XOM,2024-09-11T00:00:00.000000,0,48.51,SELL
XOM,2024-09-12T00:00:00.000000,0,48.51,SELL
XOM,2024-09-13T00:00:00.000000,0,48.51,SELL
XOM,2024-09-16T00:00:00.000000,0,48.51,SELL
XOM,2024-09-17T00:00:00.000000,1,49.72,BUY
XOM,2024-09-18T00:00:00.000000,1,48.51,BUY
XOM,2024-09-19T00:00:00.000000,0,48.51,SELL
XOM,2024-09-20T00:00:00.000000,0,48.51,SELL
XOM,2024-09-23T00:00:00.000000,0,48.51,SELL
XOM,2024-09-24T00:00:00.000000,0,44.85,SELL
XOM,2024-09-25T00:00:00.000000,0,44.85,SELL
XOM,2024-09-26T00:00:00.000000,0,48.51,SELL
XOM,2024-09-27T00:00:00.000000,0,48.51,SELL
XOM,2024-09-30T00:00:00.000000,0,48.51,SELL
XOM,2024-10-01T00:00:00.000000,0,48.51,SELL
XOM,2024-10-02T00:00:00.000000,0,48.51,SELL
XOM,2024-10-03T00:00:00.000000,0,48.51,SELL
XOM,2024-10-04T00:00:00.000000,0,48.51,SELL
XOM,2024-10-07T00:00:00.000000,0,48.51,SELL
XOM,2024-10-08T00:00:00.000000,1,48.51,BUY
XOM,2024-10-09T00:00:00.000000,1,49.72,BUY
XOM,2024-10-10T00:00:00.000000,1,49.72,BUY
XOM,2024-10-11T00:00:00.000000,1,49.72,BUY
XOM,2024-10-14T00:00:00.000000,1,49.72,BUY
XOM,2024-10-15T00:00:00.000000,1,49.72,BUY
XOM,2024-10-16T00:00:00.000000,1,49.72,BUY
XOM,2024-10-17T00:00:00.000000,1,49.72,BUY
XOM,2024-10-18T00:00:00.000000,1,49.72,BUY
XOM,2024-10-21T00:00:00.000000,1,49.72,BUY
XOM,2024-10-22T00:00:00.000000,1,49.72,BUY
XOM,2024-10-23T00:00:00.000000,1,49.72,BUY
XOM,2024-10-24T00:00:00.000000,1,49.72,BUY
XOM,2024-10-25T00:00:00.000000,1,49.72,BUY
XOM,2024-10-28T00:00:00.000000,1,49.72,BUY
XOM,2024-10-29T00:00:00.000000,1,49.72,BUY
XOM,2024-10-30T00:00:00.000000,1,49.72,BUY
XOM,2024-10-31T00:00:00.000000,1,48.51,BUY
XOM,2024-11-01T00:00:00.000000,0,48.51,SELL
XOM,2024-11-04T00:00:00.000000,1,48.51,BUY
XOM,2024-11-05T00:00:00.000000,0,48.51,SELL
XOM,2024-11-06T00:00:00.000000,1,48.51,BUY
XOM,2024-11-07T00:00:00.000000,1,48.51,BUY
XOM,2024-11-08T00:00:00.000000,0,48.51,SELL
XOM,2024-11-11T00:00:00.000000,0,44.85,SELL
XOM,2024-11-12T00:00:00.000000,0,40.62,SELL
XOM,2024-11-13T00:00:00.000000,0,38.31,SELL
XOM,2024-11-14T00:00:00.000000,0,36.84,SELL
XOM,2024-11-15T00:00:00.000000,0,32.82,SELL
XOM,2024-11-18T00:00:00.000000,0,32.82,SELL
XOM,2024-11-19T00:00:00.000000,0,32.82,SELL
XOM,2024-11-20T00:00:00.000000,0,32.82,SELL
XOM,2024-11-21T00:00:00.000000,0,32.82,SELL
XOM,2024-11-22T00:00:00.000000,0,36.84,SELL
XOM,2024-11-25T00:00:00.000000,0,38.31,SELL
XOM,2024-11-26T00:00:00.000000,0,38.31,SELL
XOM,2024-11-27T00:00:00.000000,0,38.31,SELL
XOM,2024-11-29T00:00:00.000000,0,48.51,SELL
XOM,2024-12-02T00:00:00.000000,0,48.51,SELL
XOM,2024-12-03T00:00:00.000000,0,44.85,SELL
XOM,2024-12-04T00:00:00.000000,0,44.85,SELL
XOM,2024-12-05T00:00:00.000000,0,44.85,SELL
XOM,2024-12-06T00:00:00.000000,0,48.51,SELL
XOM,2024-12-09T00:00:00.000000,0,48.51,SELL
XOM,2024-12-10T00:00:00.000000,0,44.85,SELL
XOM,2024-12-11T00:00:00.000000,0,38.31,SELL
XOM,2024-12-12T00:00:00.000000,0,38.2,SELL
XOM,2024-12-13T00:00:00.000000,0,32.82,SELL
XOM,2024-12-16T00:00:00.000000,0,36.84,SELL
XOM,2024-12-17T00:00:00.000000,0,38.31,SELL
XOM,2024-12-18T00:00:00.000000,0,38.1,SELL
XOM,2024-12-19T00:00:00.000000,0,38.1,SELL
XOM,2024-12-20T00:00:00.000000,0,38.31,SELL
