ticker,date,predicted_signal,confidence,signal_label
AAPL,2023-02-21T00:00:00.000000,1,51.22,BUY
AAPL,2023-02-22T00:00:00.000000,1,51.22,BUY
AAPL,2023-02-23T00:00:00.000000,1,51.22,BUY
AAPL,2023-02-24T00:00:00.000000,1,51.22,BUY
AAPL,2023-02-27T00:00:00.000000,1,51.22,BUY
AAPL,2023-02-28T00:00:00.000000,1,51.22,BUY
AAPL,2023-03-01T00:00:00.000000,1,51.22,BUY
AAPL,2023-03-02T00:00:00.000000,1,51.22,BUY
AAPL,2023-03-03T00:00:00.000000,1,51.22,BUY
AAPL,2023-03-06T00:00:00.000000,1,51.22,BUY
AAPL,2023-03-07T00:00:00.000000,1,51.22,BUY
AAPL,2023-03-08T00:00:00.000000,1,51.22,BUY
AAPL,2023-03-09T00:00:00.000000,1,51.22,BUY
AAPL,2023-03-10T00:00:00.000000,1,51.22,BUY
AAPL,2023-03-13T00:00:00.000000,1,51.22,BUY
AAPL,2023-03-14T00:00:00.000000,1,51.22,BUY
AAPL,2023-03-15T00:00:00.000000,1,51.22,BUY
AAPL,2023-03-16T00:00:00.000000,1,51.22,BUY
AAPL,2023-03-17T00:00:00.000000,1,51.22,BUY
AAPL,2023-03-20T00:00:00.000000,1,51.22,BUY
AAPL,2023-03-21T00:00:00.000000,1,51.22,BUY
AAPL,2023-03-22T00:00:00.000000,1,51.22,BUY
AAPL,2023-03-23T00:00:00.000000,1,51.22,BUY
AAPL,2023-03-24T00:00:00.000000,1,51.22,BUY
AAPL,2023-03-27T00:00:00.000000,1,51.22,BUY
AAPL,2023-03-28T00:00:00.000000,1,50.07,BUY
AAPL,2023-03-29T00:00:00.000000,1,50.07,BUY
AAPL,2023-03-30T00:00:00.000000,1,50.07,BUY
AAPL,2023-03-31T00:00:00.000000,1,50.07,BUY
AAPL,2023-04-03T00:00:00.000000,1,50.07,BUY
AAPL,2023-04-04T00:00:00.000000,1,50.07,BUY
AAPL,2023-04-05T00:00:00.000000,1,50.07,BUY
AAPL,2023-04-06T00:00:00.000000,1,50.07,BUY
AAPL,2023-04-10T00:00:00.000000,1,50.07,BUY
AAPL,2023-04-11T00:00:00.000000,1,50.07,BUY
AAPL,2023-04-12T00:00:00.000000,1,50.07,BUY
AAPL,2023-04-13T00:00:00.000000,1,47.54,BUY
AAPL,2023-04-14T00:00:00.000000,1,50.07,BUY
AAPL,2023-04-17T00:00:00.000000,1,50.07,BUY
AAPL,2023-04-18T00:00:00.000000,1,50.07,BUY
AAPL,2023-04-19T00:00:00.000000,1,50.07,BUY
AAPL,2023-04-20T00:00:00.000000,1,51.22,BUY
AAPL,2023-04-21T00:00:00.000000,1,51.22,BUY
AAPL,2023-04-24T00:00:00.000000,1,51.22,BUY
AAPL,2023-04-25T00:00:00.000000,1,50.07,BUY
AAPL,2023-04-26T00:00:00.000000,1,50.07,BUY
AAPL,2023-04-27T00:00:00.000000,0,46.44,SELL
AAPL,2023-04-28T00:00:00.000000,1,50.07,BUY
AAPL,2023-05-01T00:00:00.000000,1,51.22,BUY
AAPL,2023-05-02T00:00:00.000000,1,51.22,BUY
AAPL,2023-05-03T00:00:00.000000,1,51.22,BUY
AAPL,2023-05-04T00:00:00.000000,1,51.22,BUY
AAPL,2023-05-05T00:00:00.000000,1,51.22,BUY
AAPL,2023-05-08T00:00:00.000000,1,51.22,BUY
AAPL,2023-05-09T00:00:00.000000,1,51.22,BUY
AAPL,2023-05-10T00:00:00.000000,1,51.22,BUY
AAPL,2023-05-11T00:00:00.000000,1,50.07,BUY
AAPL,2023-05-12T00:00:00.000000,1,50.07,BUY
AAPL,2023-05-15T00:00:00.000000,1,50.07,BUY
AAPL,2023-05-16T00:00:00.000000,1,50.07,BUY
AAPL,2023-05-17T00:00:00.000000,1,50.07,BUY
AAPL,2023-05-18T00:00:00.000000,1,50.07,BUY
AAPL,2023-05-19T00:00:00.000000,1,50.07,BUY
AAPL,2023-05-22T00:00:00.000000,1,50.07,BUY
AAPL,2023-05-23T00:00:00.000000,1,51.22,BUY
AAPL,2023-05-24T00:00:00.000000,1,51.22,BUY
AAPL,2023-05-25T00:00:00.000000,1,51.22,BUY
AAPL,2023-05-26T00:00:00.000000,1,51.22,BUY
AAPL,2023-05-30T00:00:00.000000,1,51.22,BUY
AAPL,2023-05-31T00:00:00.000000,1,51.22,BUY
AAPL,2023-06-01T00:00:00.000000,1,51.22,BUY
AAPL,2023-06-02T00:00:00.000000,1,51.22,BUY
AAPL,2023-06-05T00:00:00.000000,1,51.22,BUY
AAPL,2023-06-06T00:00:00.000000,1,51.22,BUY
AAPL,2023-06-07T00:00:00.000000,1,51.22,BUY
AAPL,2023-06-08T00:00:00.000000,1,51.22,BUY
AAPL,2023-06-09T00:00:00.000000,1,51.22,BUY
AAPL,2023-06-12T00:00:00.000000,1,50.07,BUY
AAPL,2023-06-13T00:00:00.000000,1,50.07,BUY
AAPL,2023-06-14T00:00:00.000000,0,47.54,SELL
AAPL,2023-06-15T00:00:00.000000,0,46.44,SELL
AAPL,2023-06-16T00:00:00.000000,0,46.44,SELL
AAPL,2023-06-20T00:00:00.000000,0,46.44,SELL
AAPL,2023-06-21T00:00:00.000000,0,44.32,SELL
AAPL,2023-06-22T00:00:00.000000,0,44.32,SELL
AAPL,2023-06-23T00:00:00.000000,0,44.32,SELL
AAPL,2023-06-26T00:00:00.000000,0,44.32,SELL
AAPL,2023-06-27T00:00:00.000000,0,44.32,SELL
AAPL,2023-06-28T00:00:00.000000,0,44.9,SELL
AAPL,2023-06-29T00:00:00.000000,0,46.44,SELL
AAPL,2023-06-30T00:00:00.000000,0,46.44,SELL
AAPL,2023-07-03T00:00:00.000000,1,50.07,BUY
AAPL,2023-07-05T00:00:00.000000,1,50.07,BUY
AAPL,2023-07-06T00:00:00.000000,1,50.07,BUY
AAPL,2023-07-07T00:00:00.000000,1,50.07,BUY
AAPL,2023-07-10T00:00:00.000000,1,47.54,BUY
AAPL,2023-07-11T00:00:00.000000,0,46.44,SELL
AAPL,2023-07-12T00:00:00.000000,0,46.44,SELL
AAPL,2023-07-13T00:00:00.000000,1,50.0,BUY
AAPL,2023-07-14T00:00:00.000000,1,50.07,BUY
AAPL,2023-07-17T00:00:00.000000,1,50.07,BUY
AAPL,2023-07-18T00:00:00.000000,1,51.22,BUY
AAPL,2023-07-19T00:00:00.000000,1,51.22,BUY
AAPL,2023-07-20T00:00:00.000000,1,51.15,BUY
AAPL,2023-07-21T00:00:00.000000,1,50.07,BUY
AAPL,2023-07-24T00:00:00.000000,0,46.44,SELL
AAPL,2023-07-25T00:00:00.000000,0,44.32,SELL
AAPL,2023-07-26T00:00:00.000000,0,44.32,SELL
AAPL,2023-07-27T00:00:00.000000,0,44.32,SELL
AAPL,2023-07-28T00:00:00.000000,0,44.32,SELL
AAPL,2023-07-31T00:00:00.000000,0,44.32,SELL
AAPL,2023-08-01T00:00:00.000000,0,44.32,SELL
AAPL,2023-08-02T00:00:00.000000,0,46.44,SELL
AAPL,2023-08-03T00:00:00.000000,0,46.44,SELL
AAPL,2023-08-04T00:00:00.000000,0,46.44,SELL
AAPL,2023-08-07T00:00:00.000000,0,46.44,SELL
AAPL,2023-08-08T00:00:00.000000,0,46.44,SELL
AAPL,2023-08-09T00:00:00.000000,0,46.44,SELL
AAPL,2023-08-10T00:00:00.000000,0,44.32,SELL
AAPL,2023-08-11T00:00:00.000000,0,44.32,SELL
AAPL,2023-08-14T00:00:00.000000,0,44.32,SELL
AAPL,2023-08-15T00:00:00.000000,0,44.32,SELL
AAPL,2023-08-16T00:00:00.000000,0,44.32,SELL
AAPL,2023-08-17T00:00:00.000000,0,44.32,SELL
AAPL,2023-08-18T00:00:00.000000,0,44.32,SELL
AAPL,2023-08-21T00:00:00.000000,0,44.32,SELL
AAPL,2023-08-22T00:00:00.000000,0,44.32,SELL
AAPL,2023-08-23T00:00:00.000000,0,44.32,SELL
AAPL,2023-08-24T00:00:00.000000,0,46.44,SELL
AAPL,2023-08-25T00:00:00.000000,1,47.54,BUY
AAPL,2023-08-28T00:00:00.000000,1,50.07,BUY
AAPL,2023-08-29T00:00:00.000000,1,50.07,BUY
AAPL,2023-08-30T00:00:00.000000,1,50.07,BUY
AAPL,2023-08-31T00:00:00.000000,0,46.44,SELL
AAPL,2023-09-01T00:00:00.000000,0,44.32,SELL
AAPL,2023-09-05T00:00:00.000000,0,44.32,SELL
AAPL,2023-09-06T00:00:00.000000,0,44.32,SELL
AAPL,2023-09-07T00:00:00.000000,0,46.44,SELL
AAPL,2023-09-08T00:00:00.000000,1,50.07,BUY
AAPL,2023-09-11T00:00:00.000000,1,50.07,BUY
AAPL,2023-09-12T00:00:00.000000,1,50.07,BUY
AAPL,2023-09-13T00:00:00.000000,1,51.22,BUY
AAPL,2023-09-14T00:00:00.000000,1,51.22,BUY
AAPL,2023-09-15T00:00:00.000000,1,51.22,BUY
AAPL,2023-09-18T00:00:00.000000,1,51.22,BUY
AAPL,2023-09-19T00:00:00.000000,1,51.22,BUY
AAPL,2023-09-20T00:00:00.000000,1,51.22,BUY
AAPL,2023-09-21T00:00:00.000000,1,51.22,BUY
AAPL,2023-09-22T00:00:00.000000,1,51.22,BUY
AAPL,2023-09-25T00:00:00.000000,1,51.22,BUY
AAPL,2023-09-26T00:00:00.000000,1,51.22,BUY
AAPL,2023-09-27T00:00:00.000000,1,51.22,BUY
AAPL,2023-09-28T00:00:00.000000,1,51.22,BUY
AAPL,2023-09-29T00:00:00.000000,1,51.22,BUY
AAPL,2023-10-02T00:00:00.000000,1,51.22,BUY
AAPL,2023-10-03T00:00:00.000000,1,51.22,BUY
AAPL,2023-10-04T00:00:00.000000,1,51.22,BUY
AAPL,2023-10-05T00:00:00.000000,1,51.22,BUY
AAPL,2023-10-06T00:00:00.000000,1,51.22,BUY
AAPL,2023-10-09T00:00:00.000000,1,51.22,BUY
AAPL,2023-10-10T00:00:00.000000,1,51.22,BUY
AAPL,2023-10-11T00:00:00.000000,1,51.22,BUY
AAPL,2023-10-12T00:00:00.000000,1,51.22,BUY
AAPL,2023-10-13T00:00:00.000000,1,51.22,BUY
AAPL,2023-10-16T00:00:00.000000,1,50.07,BUY
AAPL,2023-10-17T00:00:00.000000,1,50.07,BUY
AAPL,2023-10-18T00:00:00.000000,1,50.07,BUY
AAPL,2023-10-19T00:00:00.000000,1,50.07,BUY
AAPL,2023-10-20T00:00:00.000000,1,50.07,BUY
AAPL,2023-10-23T00:00:00.000000,1,51.22,BUY
AAPL,2023-10-24T00:00:00.000000,1,51.22,BUY
AAPL,2023-10-25T00:00:00.000000,1,51.22,BUY
AAPL,2023-10-26T00:00:00.000000,1,51.22,BUY
AAPL,2023-10-27T00:00:00.000000,1,51.22,BUY
AAPL,2023-10-30T00:00:00.000000,1,51.22,BUY
AAPL,2023-10-31T00:00:00.000000,1,51.22,BUY
AAPL,2023-11-01T00:00:00.000000,1,51.22,BUY
AAPL,2023-11-02T00:00:00.000000,1,51.22,BUY
AAPL,2023-11-03T00:00:00.000000,1,51.22,BUY
AAPL,2023-11-06T00:00:00.000000,1,51.22,BUY
AAPL,2023-11-07T00:00:00.000000,1,51.22,BUY
AAPL,2023-11-08T00:00:00.000000,1,51.22,BUY
AAPL,2023-11-09T00:00:00.000000,1,51.22,BUY
AAPL,2023-11-10T00:00:00.000000,1,50.07,BUY
AAPL,2023-11-13T00:00:00.000000,1,50.07,BUY
AAPL,2023-11-14T00:00:00.000000,1,50.07,BUY
AAPL,2023-11-15T00:00:00.000000,1,50.07,BUY
AAPL,2023-11-16T00:00:00.000000,1,50.07,BUY
AAPL,2023-11-17T00:00:00.000000,1,51.22,BUY
AAPL,2023-11-20T00:00:00.000000,1,51.22,BUY
AAPL,2023-11-21T00:00:00.000000,1,51.22,BUY
AAPL,2023-11-22T00:00:00.000000,1,51.22,BUY
AAPL,2023-11-24T00:00:00.000000,1,51.22,BUY
AAPL,2023-11-27T00:00:00.000000,1,51.22,BUY
AAPL,2023-11-28T00:00:00.000000,1,50.07,BUY
AAPL,2023-11-29T00:00:00.000000,1,50.07,BUY
AAPL,2023-11-30T00:00:00.000000,1,50.07,BUY
AAPL,2023-12-01T00:00:00.000000,1,50.07,BUY
AAPL,2023-12-04T00:00:00.000000,1,50.07,BUY
AAPL,2023-12-05T00:00:00.000000,1,50.07,BUY
AAPL,2023-12-06T00:00:00.000000,1,47.54,BUY
AAPL,2023-12-07T00:00:00.000000,0,46.44,SELL
AAPL,2023-12-08T00:00:00.000000,0,46.44,SELL
AAPL,2023-12-11T00:00:00.000000,0,46.44,SELL
AAPL,2023-12-12T00:00:00.000000,0,44.9,SELL
AAPL,2023-12-13T00:00:00.000000,0,44.32,SELL
AAPL,2023-12-14T00:00:00.000000,0,44.32,SELL
AAPL,2023-12-15T00:00:00.000000,0,44.9,SELL
AAPL,2023-12-18T00:00:00.000000,0,46.44,SELL
AAPL,2023-12-19T00:00:00.000000,0,46.44,SELL
AAPL,2023-12-20T00:00:00.000000,0,46.44,SELL
AAPL,2023-12-21T00:00:00.000000,0,46.44,SELL
AAPL,2023-12-22T00:00:00.000000,0,46.44,SELL
AAPL,2023-12-26T00:00:00.000000,1,47.54,BUY
AAPL,2023-12-27T00:00:00.000000,1,50.0,BUY
AAPL,2023-12-28T00:00:00.000000,1,47.54,BUY
AAPL,2023-12-29T00:00:00.000000,1,50.07,BUY
AAPL,2024-01-02T00:00:00.000000,1,50.0,BUY
AAPL,2024-01-03T00:00:00.000000,1,50.0,BUY
AAPL,2024-01-04T00:00:00.000000,1,50.07,BUY
AAPL,2024-01-05T00:00:00.000000,1,50.07,BUY
AAPL,2024-01-08T00:00:00.000000,1,50.07,BUY
AAPL,2024-01-09T00:00:00.000000,1,50.0,BUY
AAPL,2024-01-10T00:00:00.000000,0,46.44,SELL
AAPL,2024-01-11T00:00:00.000000,0,44.9,SELL
AAPL,2024-01-12T00:00:00.000000,0,44.9,SELL
AAPL,2024-01-16T00:00:00.000000,0,44.32,SELL
AAPL,2024-01-17T00:00:00.000000,0,44.32,SELL
AAPL,2024-01-18T00:00:00.000000,0,44.32,SELL
AAPL,2024-01-19T00:00:00.000000,0,44.32,SELL
AAPL,2024-01-22T00:00:00.000000,0,44.32,SELL
AAPL,2024-01-23T00:00:00.000000,0,46.44,SELL
AAPL,2024-01-24T00:00:00.000000,1,50.0,BUY
AAPL,2024-01-25T00:00:00.000000,1,50.07,BUY
AAPL,2024-01-26T00:00:00.000000,1,50.07,BUY
AAPL,2024-01-29T00:00:00.000000,1,50.07,BUY
AAPL,2024-01-30T00:00:00.000000,1,50.07,BUY
AAPL,2024-01-31T00:00:00.000000,1,50.07,BUY
AAPL,2024-02-01T00:00:00.000000,1,50.07,BUY
AAPL,2024-02-02T00:00:00.000000,1,50.07,BUY
AAPL,2024-02-05T00:00:00.000000,1,51.22,BUY
AAPL,2024-02-06T00:00:00.000000,1,51.22,BUY
AAPL,2024-02-07T00:00:00.000000,1,51.22,BUY
AAPL,2024-02-08T00:00:00.000000,1,51.22,BUY
AAPL,2024-02-09T00:00:00.000000,1,51.22,BUY
AAPL,2024-02-12T00:00:00.000000,1,51.22,BUY
AAPL,2024-02-13T00:00:00.000000,1,51.22,BUY
AAPL,2024-02-14T00:00:00.000000,1,51.22,BUY
AAPL,2024-02-15T00:00:00.000000,1,51.22,BUY
AAPL,2024-02-16T00:00:00.000000,1,51.22,BUY
AAPL,2024-02-20T00:00:00.000000,1,51.22,BUY
AAPL,2024-02-21T00:00:00.000000,1,51.22,BUY
AAPL,2024-02-22T00:00:00.000000,1,51.22,BUY
AAPL,2024-02-23T00:00:00.000000,1,51.22,BUY
AAPL,2024-02-26T00:00:00.000000,1,51.22,BUY
AAPL,2024-02-27T00:00:00.000000,1,50.07,BUY
AAPL,2024-02-28T00:00:00.000000,1,50.07,BUY
AAPL,2024-02-29T00:00:00.000000,1,50.07,BUY
AAPL,2024-03-01T00:00:00.000000,1,50.07,BUY
AAPL,2024-03-04T00:00:00.000000,1,50.07,BUY
AAPL,2024-03-05T00:00:00.000000,1,50.07,BUY
AAPL,2024-03-06T00:00:00.000000,1,50.07,BUY
AAPL,2024-03-07T00:00:00.000000,1,50.07,BUY
AAPL,2024-03-08T00:00:00.000000,1,50.07,BUY
AAPL,2024-03-11T00:00:00.000000,0,46.44,SELL
AAPL,2024-03-12T00:00:00.000000,0,46.44,SELL
AAPL,2024-03-13T00:00:00.000000,0,44.32,SELL
AAPL,2024-03-14T00:00:00.000000,0,44.32,SELL
AAPL,2024-03-15T00:00:00.000000,0,44.32,SELL
AAPL,2024-03-18T00:00:00.000000,0,44.32,SELL
AAPL,2024-03-19T00:00:00.000000,0,44.32,SELL
AAPL,2024-03-20T00:00:00.000000,0,44.32,SELL
AAPL,2024-03-21T00:00:00.000000,0,44.32,SELL
AAPL,2024-03-22T00:00:00.000000,0,44.32,SELL
AAPL,2024-03-25T00:00:00.000000,0,44.32,SELL
AAPL,2024-03-26T00:00:00.000000,0,44.32,SELL
AAPL,2024-03-27T00:00:00.000000,0,44.32,SELL
AAPL,2024-03-28T00:00:00.000000,0,44.32,SELL
AAPL,2024-04-01T00:00:00.000000,0,44.32,SELL
AAPL,2024-04-02T00:00:00.000000,0,44.32,SELL
AAPL,2024-04-03T00:00:00.000000,0,44.32,SELL
AAPL,2024-04-04T00:00:00.000000,0,44.32,SELL
AAPL,2024-04-05T00:00:00.000000,0,46.44,SELL
AAPL,2024-04-08T00:00:00.000000,0,46.44,SELL
AAPL,2024-04-09T00:00:00.000000,1,50.07,BUY
AAPL,2024-04-10T00:00:00.000000,1,51.15,BUY
AAPL,2024-04-11T00:00:00.000000,1,51.22,BUY
AAPL,2024-04-12T00:00:00.000000,1,51.22,BUY
AAPL,2024-04-15T00:00:00.000000,1,51.22,BUY
AAPL,2024-04-16T00:00:00.000000,1,51.22,BUY
AAPL,2024-04-17T00:00:00.000000,1,51.22,BUY
AAPL,2024-04-18T00:00:00.000000,1,51.22,BUY
AAPL,2024-04-19T00:00:00.000000,1,51.22,BUY
AAPL,2024-04-22T00:00:00.000000,1,51.22,BUY
AAPL,2024-04-23T00:00:00.000000,1,51.22,BUY
AAPL,2024-04-24T00:00:00.000000,1,51.22,BUY
AAPL,2024-04-25T00:00:00.000000,1,51.22,BUY
AAPL,2024-04-26T00:00:00.000000,1,51.22,BUY
AAPL,2024-04-29T00:00:00.000000,1,51.22,BUY
AAPL,2024-04-30T00:00:00.000000,1,51.22,BUY
AAPL,2024-05-01T00:00:00.000000,1,51.22,BUY
AAPL,2024-05-02T00:00:00.000000,1,51.22,BUY
AAPL,2024-05-03T00:00:00.000000,1,51.22,BUY
AAPL,2024-05-06T00:00:00.000000,1,51.22,BUY
AAPL,2024-05-07T00:00:00.000000,1,50.07,BUY
AAPL,2024-05-08T00:00:00.000000,1,50.07,BUY
AAPL,2024-05-09T00:00:00.000000,1,50.07,BUY
AAPL,2024-05-10T00:00:00.000000,1,50.07,BUY
AAPL,2024-05-13T00:00:00.000000,1,50.0,BUY
AAPL,2024-05-14T00:00:00.000000,1,50.0,BUY
AAPL,2024-05-15T00:00:00.000000,0,46.44,SELL
AAPL,2024-05-16T00:00:00.000000,0,46.44,SELL
AAPL,2024-05-17T00:00:00.000000,0,44.32,SELL
AAPL,2024-05-20T00:00:00.000000,0,44.32,SELL
AAPL,2024-05-21T00:00:00.000000,0,44.32,SELL
AAPL,2024-05-22T00:00:00.000000,0,44.32,SELL
AAPL,2024-05-23T00:00:00.000000,0,44.32,SELL
AAPL,2024-05-24T00:00:00.000000,0,44.32,SELL
AAPL,2024-05-28T00:00:00.000000,0,46.44,SELL
AAPL,2024-05-29T00:00:00.000000,0,46.44,SELL
AAPL,2024-05-30T00:00:00.000000,0,47.54,SELL
AAPL,2024-05-31T00:00:00.000000,1,50.07,BUY
AAPL,2024-06-03T00:00:00.000000,1,50.07,BUY
AAPL,2024-06-04T00:00:00.000000,1,50.07,BUY
AAPL,2024-06-05T00:00:00.000000,1,51.15,BUY
AAPL,2024-06-06T00:00:00.000000,1,51.22,BUY
AAPL,2024-06-07T00:00:00.000000,1,51.22,BUY
AAPL,2024-06-10T00:00:00.000000,1,51.22,BUY
AAPL,2024-06-11T00:00:00.000000,1,51.22,BUY
AAPL,2024-06-12T00:00:00.000000,1,51.22,BUY
AAPL,2024-06-13T00:00:00.000000,1,51.22,BUY
AAPL,2024-06-14T00:00:00.000000,1,50.07,BUY
AAPL,2024-06-17T00:00:00.000000,1,50.07,BUY
AAPL,2024-06-18T00:00:00.000000,1,50.07,BUY
AAPL,2024-06-20T00:00:00.000000,1,50.07,BUY
AAPL,2024-06-21T00:00:00.000000,1,50.07,BUY
AAPL,2024-06-24T00:00:00.000000,1,50.07,BUY
AAPL,2024-06-25T00:00:00.000000,1,50.07,BUY
AAPL,2024-06-26T00:00:00.000000,1,50.07,BUY
AAPL,2024-06-27T00:00:00.000000,1,51.22,BUY
AAPL,2024-06-28T00:00:00.000000,1,51.22,BUY
AAPL,2024-07-01T00:00:00.000000,1,51.15,BUY
AAPL,2024-07-02T00:00:00.000000,1,50.07,BUY
AAPL,2024-07-03T00:00:00.000000,0,46.44,SELL
AAPL,2024-07-05T00:00:00.000000,0,44.32,SELL
AAPL,2024-07-08T00:00:00.000000,0,44.32,SELL
AAPL,2024-07-09T00:00:00.000000,0,44.32,SELL
AAPL,2024-07-10T00:00:00.000000,0,44.32,SELL
AAPL,2024-07-11T00:00:00.000000,0,44.32,SELL
AAPL,2024-07-12T00:00:00.000000,0,44.32,SELL
AAPL,2024-07-15T00:00:00.000000,0,44.32,SELL
AAPL,2024-07-16T00:00:00.000000,0,44.32,SELL
AAPL,2024-07-17T00:00:00.000000,0,44.32,SELL
AAPL,2024-07-18T00:00:00.000000,0,46.44,SELL
AAPL,2024-07-19T00:00:00.000000,1,50.0,BUY
AAPL,2024-07-22T00:00:00.000000,1,50.07,BUY
AAPL,2024-07-23T00:00:00.000000,1,50.07,BUY
AAPL,2024-07-24T00:00:00.000000,1,50.07,BUY
AAPL,2024-07-25T00:00:00.000000,1,51.22,BUY
AAPL,2024-07-26T00:00:00.000000,1,51.22,BUY
AAPL,2024-07-29T00:00:00.000000,1,51.22,BUY
AAPL,2024-07-30T00:00:00.000000,1,51.22,BUY
AAPL,2024-07-31T00:00:00.000000,1,51.22,BUY
AAPL,2024-08-01T00:00:00.000000,1,51.22,BUY
AAPL,2024-08-02T00:00:00.000000,1,51.22,BUY
AAPL,2024-08-05T00:00:00.000000,1,51.22,BUY
AAPL,2024-08-06T00:00:00.000000,1,51.22,BUY
AAPL,2024-08-07T00:00:00.000000,1,51.22,BUY
AAPL,2024-08-08T00:00:00.000000,1,51.22,BUY
AAPL,2024-08-09T00:00:00.000000,1,51.22,BUY
AAPL,2024-08-12T00:00:00.000000,1,51.22,BUY
AAPL,2024-08-13T00:00:00.000000,1,51.22,BUY
AAPL,2024-08-14T00:00:00.000000,1,51.22,BUY
AAPL,2024-08-15T00:00:00.000000,1,51.22,BUY
AAPL,2024-08-16T00:00:00.000000,1,51.22,BUY
AAPL,2024-08-19T00:00:00.000000,1,51.22,BUY
AAPL,2024-08-20T00:00:00.000000,1,51.22,BUY
AAPL,2024-08-21T00:00:00.000000,1,50.07,BUY
AAPL,2024-08-22T00:00:00.000000,0,46.44,SELL
AAPL,2024-08-23T00:00:00.000000,0,44.9,SELL
AAPL,2024-08-26T00:00:00.000000,0,44.9,SELL
AAPL,2024-08-27T00:00:00.000000,0,46.44,SELL
AAPL,2024-08-28T00:00:00.000000,1,50.07,BUY
AAPL,2024-08-29T00:00:00.000000,1,50.07,BUY
AAPL,2024-08-30T00:00:00.000000,1,51.22,BUY
AAPL,2024-09-03T00:00:00.000000,1,51.22,BUY
AAPL,2024-09-04T00:00:00.000000,1,51.22,BUY
AAPL,2024-09-05T00:00:00.000000,1,51.22,BUY
AAPL,2024-09-06T00:00:00.000000,1,50.07,BUY
AAPL,2024-09-09T00:00:00.000000,1,50.07,BUY
AAPL,2024-09-10T00:00:00.000000,1,51.22,BUY
AAPL,2024-09-11T00:00:00.000000,1,51.22,BUY
AAPL,2024-09-12T00:00:00.000000,1,51.22,BUY
AAPL,2024-09-13T00:00:00.000000,1,51.22,BUY
AAPL,2024-09-16T00:00:00.000000,1,51.22,BUY
AAPL,2024-09-17T00:00:00.000000,1,51.22,BUY
AAPL,2024-09-18T00:00:00.000000,1,51.22,BUY
AAPL,2024-09-19T00:00:00.000000,1,51.22,BUY
AAPL,2024-09-20T00:00:00.000000,1,51.22,BUY
AAPL,2024-09-23T00:00:00.000000,1,51.22,BUY
AAPL,2024-09-24T00:00:00.000000,1,51.22,BUY
AAPL,2024-09-25T00:00:00.000000,1,51.22,BUY
AAPL,2024-09-26T00:00:00.000000,1,51.22,BUY
AAPL,2024-09-27T00:00:00.000000,1,51.22,BUY
AAPL,2024-09-30T00:00:00.000000,1,50.07,BUY
AAPL,2024-10-01T00:00:00.000000,0,46.44,SELL
AAPL,2024-10-02T00:00:00.000000,0,44.32,SELL
AAPL,2024-10-03T00:00:00.000000,0,44.32,SELL
AAPL,2024-10-04T00:00:00.000000,0,44.32,SELL
AAPL,2024-10-07T00:00:00.000000,0,46.44,SELL
AAPL,2024-10-08T00:00:00.000000,1,50.07,BUY
AAPL,2024-10-09T00:00:00.000000,1,50.07,BUY
AAPL,2024-10-10T00:00:00.000000,1,50.07,BUY
AAPL,2024-10-11T00:00:00.000000,1,51.22,BUY
AAPL,2024-10-14T00:00:00.000000,1,51.22,BUY
AAPL,2024-10-15T00:00:00.000000,1,51.22,BUY
AAPL,2024-10-16T00:00:00.000000,1,50.07,BUY
AAPL,2024-10-17T00:00:00.000000,1,50.07,BUY
AAPL,2024-10-18T00:00:00.000000,0,46.44,SELL
AAPL,2024-10-21T00:00:00.000000,0,44.9,SELL
AAPL,2024-10-22T00:00:00.000000,0,44.32,SELL
AAPL,2024-10-23T00:00:00.000000,0,44.32,SELL
AAPL,2024-10-24T00:00:00.000000,0,44.9,SELL
AAPL,2024-10-25T00:00:00.000000,1,50.0,BUY
AAPL,2024-10-28T00:00:00.000000,1,50.07,BUY
AAPL,2024-10-29T00:00:00.000000,1,51.22,BUY
AAPL,2024-10-30T00:00:00.000000,1,51.22,BUY
AAPL,2024-10-31T00:00:00.000000,1,51.22,BUY
AAPL,2024-11-01T00:00:00.000000,1,51.22,BUY
AAPL,2024-11-04T00:00:00.000000,1,51.22,BUY
AAPL,2024-11-05T00:00:00.000000,1,51.22,BUY
AAPL,2024-11-06T00:00:00.000000,1,51.22,BUY
AAPL,2024-11-07T00:00:00.000000,1,51.22,BUY
AAPL,2024-11-08T00:00:00.000000,1,51.22,BUY
AAPL,2024-11-11T00:00:00.000000,1,51.22,BUY
AAPL,2024-11-12T00:00:00.000000,1,51.22,BUY
AAPL,2024-11-13T00:00:00.000000,1,51.22,BUY
AAPL,2024-11-14T00:00:00.000000,1,51.22,BUY
AAPL,2024-11-15T00:00:00.000000,1,50.07,BUY
AAPL,2024-11-18T00:00:00.000000,1,50.07,BUY
AAPL,2024-11-19T00:00:00.000000,1,50.0,BUY
AAPL,2024-11-20T00:00:00.000000,1,50.0,BUY
AAPL,2024-11-21T00:00:00.000000,1,50.07,BUY
AAPL,2024-11-22T00:00:00.000000,1,50.07,BUY
AAPL,2024-11-25T00:00:00.000000,1,51.15,BUY
AAPL,2024-11-26T00:00:00.000000,1,51.22,BUY
AAPL,2024-11-27T00:00:00.000000,1,51.22,BUY
AAPL,2024-11-29T00:00:00.000000,1,51.22,BUY
AAPL,2024-12-02T00:00:00.000000,1,51.22,BUY
AAPL,2024-12-03T00:00:00.000000,1,51.22,BUY
AAPL,2024-12-04T00:00:00.000000,1,51.22,BUY
AAPL,2024-12-05T00:00:00.000000,1,51.22,BUY
AAPL,2024-12-06T00:00:00.000000,1,51.22,BUY
AAPL,2024-12-09T00:00:00.000000,1,51.22,BUY
AAPL,2024-12-10T00:00:00.000000,1,51.22,BUY
AAPL,2024-12-11T00:00:00.000000,1,51.22,BUY
AAPL,2024-12-12T00:00:00.000000,1,51.22,BUY
AAPL,2024-12-13T00:00:00.000000,1,51.22,BUY
AAPL,2024-12-16T00:00:00.000000,1,51.22,BUY
AAPL,2024-12-17T00:00:00.000000,1,51.22,BUY
AAPL,2024-12-18T00:00:00.000000,1,51.22,BUY
AAPL,2024-12-19T00:00:00.000000,1,51.22,BUY
AAPL,2024-12-20T00:00:00.000000,1,51.22,BUY
ABBV,2023-02-21T00:00:00.000000,0,43.6,SELL
ABBV,2023-02-22T00:00:00.000000,0,44.32,SELL
ABBV,2023-02-23T00:00:00.000000,0,44.32,SELL
ABBV,2023-02-24T00:00:00.000000,0,44.32,SELL
ABBV,2023-02-27T00:00:00.000000,0,44.32,SELL
ABBV,2023-02-28T00:00:00.000000,0,46.44,SELL
ABBV,2023-03-01T00:00:00.000000,1,50.07,BUY
ABBV,2023-03-02T00:00:00.000000,1,51.15,BUY
ABBV,2023-03-03T00:00:00.000000,1,51.22,BUY
ABBV,2023-03-06T00:00:00.000000,1,51.22,BUY
ABBV,2023-03-07T00:00:00.000000,1,51.22,BUY
ABBV,2023-03-08T00:00:00.000000,1,51.22,BUY
ABBV,2023-03-09T00:00:00.000000,1,51.22,BUY
ABBV,2023-03-10T00:00:00.000000,1,51.22,BUY
ABBV,2023-03-13T00:00:00.000000,1,51.22,BUY
ABBV,2023-03-14T00:00:00.000000,1,51.22,BUY
ABBV,2023-03-15T00:00:00.000000,1,51.22,BUY
ABBV,2023-03-16T00:00:00.000000,1,51.22,BUY
ABBV,2023-03-17T00:00:00.000000,1,51.22,BUY
ABBV,2023-03-20T00:00:00.000000,1,51.22,BUY
ABBV,2023-03-21T00:00:00.000000,1,51.22,BUY
ABBV,2023-03-22T00:00:00.000000,1,51.22,BUY
ABBV,2023-03-23T00:00:00.000000,1,51.22,BUY
ABBV,2023-03-24T00:00:00.000000,1,51.22,BUY
ABBV,2023-03-27T00:00:00.000000,1,51.22,BUY
ABBV,2023-03-28T00:00:00.000000,1,51.22,BUY
ABBV,2023-03-29T00:00:00.000000,1,51.15,BUY
ABBV,2023-03-30T00:00:00.000000,1,50.07,BUY
ABBV,2023-03-31T00:00:00.000000,1,50.0,BUY
ABBV,2023-04-03T00:00:00.000000,0,46.44,SELL
ABBV,2023-04-04T00:00:00.000000,0,46.44,SELL
ABBV,2023-04-05T00:00:00.000000,0,46.44,SELL
ABBV,2023-04-06T00:00:00.000000,0,44.32,SELL
ABBV,2023-04-10T00:00:00.000000,0,44.32,SELL
ABBV,2023-04-11T00:00:00.000000,0,44.32,SELL
ABBV,2023-04-12T00:00:00.000000,0,44.32,SELL
ABBV,2023-04-13T00:00:00.000000,0,44.32,SELL
ABBV,2023-04-14T00:00:00.000000,0,44.32,SELL
ABBV,2023-04-17T00:00:00.000000,0,44.32,SELL
ABBV,2023-04-18T00:00:00.000000,0,44.32,SELL
ABBV,2023-04-19T00:00:00.000000,0,44.9,SELL
ABBV,2023-04-20T00:00:00.000000,0,46.44,SELL
ABBV,2023-04-21T00:00:00.000000,1,50.0,BUY
ABBV,2023-04-24T00:00:00.000000,1,50.07,BUY
ABBV,2023-04-25T00:00:00.000000,1,50.07,BUY
ABBV,2023-04-26T00:00:00.000000,1,47.54,BUY
ABBV,2023-04-27T00:00:00.000000,1,50.0,BUY
ABBV,2023-04-28T00:00:00.000000,1,50.07,BUY
ABBV,2023-05-01T00:00:00.000000,1,50.07,BUY
ABBV,2023-05-02T00:00:00.000000,1,50.07,BUY
ABBV,2023-05-03T00:00:00.000000,1,50.07,BUY
ABBV,2023-05-04T00:00:00.000000,1,51.22,BUY
ABBV,2023-05-05T00:00:00.000000,1,51.22,BUY
ABBV,2023-05-08T00:00:00.000000,1,50.07,BUY
ABBV,2023-05-09T00:00:00.000000,1,50.07,BUY
ABBV,2023-05-10T00:00:00.000000,1,50.07,BUY
ABBV,2023-05-11T00:00:00.000000,0,46.44,SELL
ABBV,2023-05-12T00:00:00.000000,0,44.32,SELL
ABBV,2023-05-15T00:00:00.000000,0,44.32,SELL
ABBV,2023-05-16T00:00:00.000000,0,44.32,SELL
ABBV,2023-05-17T00:00:00.000000,0,44.32,SELL
ABBV,2023-05-18T00:00:00.000000,0,46.44,SELL
ABBV,2023-05-19T00:00:00.000000,0,44.9,SELL
ABBV,2023-05-22T00:00:00.000000,0,44.32,SELL
ABBV,2023-05-23T00:00:00.000000,0,44.32,SELL
ABBV,2023-05-24T00:00:00.000000,0,44.32,SELL
ABBV,2023-05-25T00:00:00.000000,0,44.32,SELL
ABBV,2023-05-26T00:00:00.000000,0,44.32,SELL
ABBV,2023-05-30T00:00:00.000000,0,44.32,SELL
ABBV,2023-05-31T00:00:00.000000,0,44.32,SELL
ABBV,2023-06-01T00:00:00.000000,0,44.32,SELL
ABBV,2023-06-02T00:00:00.000000,0,44.32,SELL
ABBV,2023-06-05T00:00:00.000000,0,44.32,SELL
ABBV,2023-06-06T00:00:00.000000,0,44.32,SELL
ABBV,2023-06-07T00:00:00.000000,0,44.32,SELL
ABBV,2023-06-08T00:00:00.000000,0,44.32,SELL
ABBV,2023-06-09T00:00:00.000000,0,44.32,SELL
ABBV,2023-06-12T00:00:00.000000,0,44.32,SELL
ABBV,2023-06-13T00:00:00.000000,0,44.32,SELL
ABBV,2023-06-14T00:00:00.000000,0,44.32,SELL
ABBV,2023-06-15T00:00:00.000000,0,44.32,SELL
ABBV,2023-06-16T00:00:00.000000,0,44.32,SELL
ABBV,2023-06-20T00:00:00.000000,0,44.32,SELL
ABBV,2023-06-21T00:00:00.000000,0,44.32,SELL
ABBV,2023-06-22T00:00:00.000000,0,44.32,SELL
ABBV,2023-06-23T00:00:00.000000,0,44.32,SELL
ABBV,2023-06-26T00:00:00.000000,0,44.32,SELL
ABBV,2023-06-27T00:00:00.000000,0,44.32,SELL
ABBV,2023-06-28T00:00:00.000000,0,46.44,SELL
ABBV,2023-06-29T00:00:00.000000,1,50.07,BUY
ABBV,2023-06-30T00:00:00.000000,1,50.07,BUY
ABBV,2023-07-03T00:00:00.000000,1,50.07,BUY
ABBV,2023-07-05T00:00:00.000000,1,51.22,BUY
ABBV,2023-07-06T00:00:00.000000,1,51.22,BUY
ABBV,2023-07-07T00:00:00.000000,1,51.22,BUY
ABBV,2023-07-10T00:00:00.000000,1,51.15,BUY
ABBV,2023-07-11T00:00:00.000000,1,50.07,BUY
ABBV,2023-07-12T00:00:00.000000,1,50.07,BUY
ABBV,2023-07-13T00:00:00.000000,0,46.44,SELL
ABBV,2023-07-14T00:00:00.000000,0,44.32,SELL
ABBV,2023-07-17T00:00:00.000000,0,44.32,SELL
ABBV,2023-07-18T00:00:00.000000,0,44.32,SELL
ABBV,2023-07-19T00:00:00.000000,0,44.32,SELL
ABBV,2023-07-20T00:00:00.000000,0,44.32,SELL
ABBV,2023-07-21T00:00:00.000000,0,44.32,SELL
ABBV,2023-07-24T00:00:00.000000,0,44.32,SELL
ABBV,2023-07-25T00:00:00.000000,0,44.32,SELL
ABBV,2023-07-26T00:00:00.000000,0,43.6,SELL
ABBV,2023-07-27T00:00:00.000000,0,44.32,SELL
ABBV,2023-07-28T00:00:00.000000,0,44.32,SELL
ABBV,2023-07-31T00:00:00.000000,0,44.32,SELL
ABBV,2023-08-01T00:00:00.000000,0,44.32,SELL
ABBV,2023-08-02T00:00:00.000000,0,44.32,SELL
ABBV,2023-08-03T00:00:00.000000,0,46.44,SELL
ABBV,2023-08-04T00:00:00.000000,1,50.0,BUY
ABBV,2023-08-07T00:00:00.000000,1,50.07,BUY
ABBV,2023-08-08T00:00:00.000000,1,50.07,BUY
ABBV,2023-08-09T00:00:00.000000,1,50.07,BUY
ABBV,2023-08-10T00:00:00.000000,1,50.07,BUY
ABBV,2023-08-11T00:00:00.000000,1,50.07,BUY
ABBV,2023-08-14T00:00:00.000000,1,50.07,BUY
ABBV,2023-08-15T00:00:00.000000,1,47.54,BUY
ABBV,2023-08-16T00:00:00.000000,0,46.44,SELL
ABBV,2023-08-17T00:00:00.000000,0,44.32,SELL
ABBV,2023-08-18T00:00:00.000000,0,44.32,SELL
ABBV,2023-08-21T00:00:00.000000,0,44.32,SELL
ABBV,2023-08-22T00:00:00.000000,0,44.32,SELL
ABBV,2023-08-23T00:00:00.000000,0,46.44,SELL
ABBV,2023-08-24T00:00:00.000000,0,46.44,SELL
ABBV,2023-08-25T00:00:00.000000,1,50.07,BUY
ABBV,2023-08-28T00:00:00.000000,1,50.07,BUY
ABBV,2023-08-29T00:00:00.000000,1,51.22,BUY
ABBV,2023-08-30T00:00:00.000000,1,51.22,BUY
ABBV,2023-08-31T00:00:00.000000,1,50.07,BUY
ABBV,2023-09-01T00:00:00.000000,0,46.44,SELL
ABBV,2023-09-05T00:00:00.000000,0,44.32,SELL
ABBV,2023-09-06T00:00:00.000000,0,44.32,SELL
ABBV,2023-09-07T00:00:00.000000,0,44.32,SELL
ABBV,2023-09-08T00:00:00.000000,0,44.32,SELL
ABBV,2023-09-11T00:00:00.000000,0,43.6,SELL
ABBV,2023-09-12T00:00:00.000000,0,43.6,SELL
ABBV,2023-09-13T00:00:00.000000,0,43.6,SELL
ABBV,2023-09-14T00:00:00.000000,0,43.6,SELL
ABBV,2023-09-15T00:00:00.000000,0,44.32,SELL
ABBV,2023-09-18T00:00:00.000000,0,44.32,SELL
ABBV,2023-09-19T00:00:00.000000,0,44.32,SELL
ABBV,2023-09-20T00:00:00.000000,0,44.32,SELL
ABBV,2023-09-21T00:00:00.000000,0,44.32,SELL
ABBV,2023-09-22T00:00:00.000000,0,44.32,SELL
ABBV,2023-09-25T00:00:00.000000,0,44.32,SELL
ABBV,2023-09-26T00:00:00.000000,0,44.32,SELL
ABBV,2023-09-27T00:00:00.000000,0,44.9,SELL
ABBV,2023-09-28T00:00:00.000000,0,46.44,SELL
ABBV,2023-09-29T00:00:00.000000,1,50.07,BUY
ABBV,2023-10-02T00:00:00.000000,1,50.07,BUY
ABBV,2023-10-03T00:00:00.000000,1,51.22,BUY
ABBV,2023-10-04T00:00:00.000000,1,51.22,BUY
ABBV,2023-10-05T00:00:00.000000,1,51.22,BUY
ABBV,2023-10-06T00:00:00.000000,1,51.22,BUY
ABBV,2023-10-09T00:00:00.000000,1,51.22,BUY
ABBV,2023-10-10T00:00:00.000000,1,51.22,BUY
ABBV,2023-10-11T00:00:00.000000,1,50.07,BUY
ABBV,2023-10-12T00:00:00.000000,1,50.07,BUY
ABBV,2023-10-13T00:00:00.000000,1,50.07,BUY
ABBV,2023-10-16T00:00:00.000000,0,46.44,SELL
ABBV,2023-10-17T00:00:00.000000,0,46.44,SELL
ABBV,2023-10-18T00:00:00.000000,0,46.44,SELL
ABBV,2023-10-19T00:00:00.000000,0,46.44,SELL
ABBV,2023-10-20T00:00:00.000000,0,46.44,SELL
ABBV,2023-10-23T00:00:00.000000,0,46.44,SELL
ABBV,2023-10-24T00:00:00.000000,1,50.07,BUY
ABBV,2023-10-25T00:00:00.000000,1,50.07,BUY
ABBV,2023-10-26T00:00:00.000000,1,51.22,BUY
ABBV,2023-10-27T00:00:00.000000,1,51.22,BUY
ABBV,2023-10-30T00:00:00.000000,1,51.22,BUY
ABBV,2023-10-31T00:00:00.000000,1,51.22,BUY
ABBV,2023-11-01T00:00:00.000000,1,51.22,BUY
ABBV,2023-11-02T00:00:00.000000,1,51.22,BUY
ABBV,2023-11-03T00:00:00.000000,1,51.22,BUY
ABBV,2023-11-06T00:00:00.000000,1,51.22,BUY
ABBV,2023-11-07T00:00:00.000000,1,51.22,BUY
ABBV,2023-11-08T00:00:00.000000,1,50.07,BUY
ABBV,2023-11-09T00:00:00.000000,0,46.44,SELL
ABBV,2023-11-10T00:00:00.000000,0,44.32,SELL
ABBV,2023-11-13T00:00:00.000000,0,44.32,SELL
ABBV,2023-11-14T00:00:00.000000,0,43.6,SELL
ABBV,2023-11-15T00:00:00.000000,0,43.59,SELL
ABBV,2023-11-16T00:00:00.000000,0,43.59,SELL
ABBV,2023-11-17T00:00:00.000000,0,43.59,SELL
ABBV,2023-11-20T00:00:00.000000,0,43.59,SELL
ABBV,2023-11-21T00:00:00.000000,0,41.9,SELL
ABBV,2023-11-22T00:00:00.000000,0,41.9,SELL
ABBV,2023-11-24T00:00:00.000000,0,41.9,SELL
ABBV,2023-11-27T00:00:00.000000,0,41.9,SELL
ABBV,2023-11-28T00:00:00.000000,0,41.9,SELL
ABBV,2023-11-29T00:00:00.000000,0,41.9,SELL
ABBV,2023-11-30T00:00:00.000000,0,41.9,SELL
ABBV,2023-12-01T00:00:00.000000,0,41.9,SELL
ABBV,2023-12-04T00:00:00.000000,0,43.59,SELL
ABBV,2023-12-05T00:00:00.000000,0,43.59,SELL
ABBV,2023-12-06T00:00:00.000000,0,43.6,SELL
ABBV,2023-12-07T00:00:00.000000,0,44.32,SELL
ABBV,2023-12-08T00:00:00.000000,0,44.32,SELL
ABBV,2023-12-11T00:00:00.000000,0,44.32,SELL
ABBV,2023-12-12T00:00:00.000000,0,44.32,SELL
ABBV,2023-12-13T00:00:00.000000,0,46.44,SELL
ABBV,2023-12-14T00:00:00.000000,1,50.07,BUY
ABBV,2023-12-15T00:00:00.000000,1,51.22,BUY
ABBV,2023-12-18T00:00:00.000000,1,51.22,BUY
ABBV,2023-12-19T00:00:00.000000,1,51.22,BUY
ABBV,2023-12-20T00:00:00.000000,1,51.22,BUY
ABBV,2023-12-21T00:00:00.000000,1,51.22,BUY
ABBV,2023-12-22T00:00:00.000000,1,51.22,BUY
ABBV,2023-12-26T00:00:00.000000,1,51.22,BUY
ABBV,2023-12-27T00:00:00.000000,1,51.22,BUY
ABBV,2023-12-28T00:00:00.000000,1,51.22,BUY
ABBV,2023-12-29T00:00:00.000000,1,50.07,BUY
ABBV,2024-01-02T00:00:00.000000,0,46.44,SELL
ABBV,2024-01-03T00:00:00.000000,0,44.32,SELL
ABBV,2024-01-04T00:00:00.000000,0,44.32,SELL
ABBV,2024-01-05T00:00:00.000000,0,44.32,SELL
ABBV,2024-01-08T00:00:00.000000,0,44.32,SELL
ABBV,2024-01-09T00:00:00.000000,0,44.32,SELL
ABBV,2024-01-10T00:00:00.000000,0,44.32,SELL
ABBV,2024-01-11T00:00:00.000000,0,46.44,SELL
ABBV,2024-01-12T00:00:00.000000,1,50.07,BUY
ABBV,2024-01-16T00:00:00.000000,1,51.22,BUY
ABBV,2024-01-17T00:00:00.000000,1,51.22,BUY
ABBV,2024-01-18T00:00:00.000000,1,51.22,BUY
ABBV,2024-01-19T00:00:00.000000,1,51.22,BUY
ABBV,2024-01-22T00:00:00.000000,1,51.22,BUY
ABBV,2024-01-23T00:00:00.000000,1,51.22,BUY
ABBV,2024-01-24T00:00:00.000000,1,51.22,BUY
ABBV,2024-01-25T00:00:00.000000,1,51.22,BUY
ABBV,2024-01-26T00:00:00.000000,1,51.22,BUY
ABBV,2024-01-29T00:00:00.000000,1,51.22,BUY
ABBV,2024-01-30T00:00:00.000000,1,51.22,BUY
ABBV,2024-01-31T00:00:00.000000,1,51.22,BUY
ABBV,2024-02-01T00:00:00.000000,1,51.22,BUY
ABBV,2024-02-02T00:00:00.000000,1,51.22,BUY
ABBV,2024-02-05T00:00:00.000000,1,51.22,BUY
ABBV,2024-02-06T00:00:00.000000,1,51.22,BUY
ABBV,2024-02-07T00:00:00.000000,1,51.22,BUY
ABBV,2024-02-08T00:00:00.000000,1,50.07,BUY
ABBV,2024-02-09T00:00:00.000000,1,51.22,BUY
ABBV,2024-02-12T00:00:00.000000,1,51.15,BUY
ABBV,2024-02-13T00:00:00.000000,1,51.22,BUY
ABBV,2024-02-14T00:00:00.000000,1,51.22,BUY
ABBV,2024-02-15T00:00:00.000000,1,51.22,BUY
ABBV,2024-02-16T00:00:00.000000,1,51.22,BUY
ABBV,2024-02-20T00:00:00.000000,1,51.22,BUY
ABBV,2024-02-21T00:00:00.000000,1,51.22,BUY
ABBV,2024-02-22T00:00:00.000000,1,51.22,BUY
ABBV,2024-02-23T00:00:00.000000,1,51.22,BUY
ABBV,2024-02-26T00:00:00.000000,1,51.22,BUY
ABBV,2024-02-27T00:00:00.000000,1,51.22,BUY
ABBV,2024-02-28T00:00:00.000000,1,51.22,BUY
ABBV,2024-02-29T00:00:00.000000,1,50.07,BUY
ABBV,2024-03-01T00:00:00.000000,0,46.44,SELL
ABBV,2024-03-04T00:00:00.000000,0,46.44,SELL
ABBV,2024-03-05T00:00:00.000000,0,44.9,SELL
ABBV,2024-03-06T00:00:00.000000,0,44.32,SELL
ABBV,2024-03-07T00:00:00.000000,0,44.32,SELL
ABBV,2024-03-08T00:00:00.000000,0,44.32,SELL
ABBV,2024-03-11T00:00:00.000000,0,44.9,SELL
ABBV,2024-03-12T00:00:00.000000,0,44.9,SELL
ABBV,2024-03-13T00:00:00.000000,0,44.32,SELL
ABBV,2024-03-14T00:00:00.000000,0,44.32,SELL
ABBV,2024-03-15T00:00:00.000000,0,44.32,SELL
ABBV,2024-03-18T00:00:00.000000,0,44.32,SELL
ABBV,2024-03-19T00:00:00.000000,0,44.32,SELL
ABBV,2024-03-20T00:00:00.000000,0,44.32,SELL
ABBV,2024-03-21T00:00:00.000000,0,44.32,SELL
ABBV,2024-03-22T00:00:00.000000,0,44.32,SELL
ABBV,2024-03-25T00:00:00.000000,0,44.32,SELL
ABBV,2024-03-26T00:00:00.000000,0,43.6,SELL
ABBV,2024-03-27T00:00:00.000000,0,43.6,SELL
ABBV,2024-03-28T00:00:00.000000,0,43.6,SELL
ABBV,2024-04-01T00:00:00.000000,0,43.59,SELL
ABBV,2024-04-02T00:00:00.000000,0,43.59,SELL
ABBV,2024-04-03T00:00:00.000000,0,43.59,SELL
ABBV,2024-04-04T00:00:00.000000,0,43.59,SELL
ABBV,2024-04-05T00:00:00.000000,0,43.59,SELL
ABBV,2024-04-08T00:00:00.000000,0,43.6,SELL
ABBV,2024-04-09T00:00:00.000000,0,44.32,SELL
ABBV,2024-04-10T00:00:00.000000,0,44.32,SELL
ABBV,2024-04-11T00:00:00.000000,0,44.32,SELL
ABBV,2024-04-12T00:00:00.000000,0,44.32,SELL
ABBV,2024-04-15T00:00:00.000000,0,44.32,SELL
ABBV,2024-04-16T00:00:00.000000,0,44.32,SELL
ABBV,2024-04-17T00:00:00.000000,0,44.32,SELL
ABBV,2024-04-18T00:00:00.000000,0,44.32,SELL
ABBV,2024-04-19T00:00:00.000000,0,44.9,SELL
ABBV,2024-04-22T00:00:00.000000,1,50.07,BUY
ABBV,2024-04-23T00:00:00.000000,1,51.22,BUY
ABBV,2024-04-24T00:00:00.000000,1,51.22,BUY
ABBV,2024-04-25T00:00:00.000000,1,51.22,BUY
ABBV,2024-04-26T00:00:00.000000,1,51.22,BUY
ABBV,2024-04-29T00:00:00.000000,1,51.22,BUY
ABBV,2024-04-30T00:00:00.000000,1,51.22,BUY
ABBV,2024-05-01T00:00:00.000000,1,50.07,BUY
ABBV,2024-05-02T00:00:00.000000,1,50.07,BUY
ABBV,2024-05-03T00:00:00.000000,1,50.07,BUY
ABBV,2024-05-06T00:00:00.000000,1,50.07,BUY
ABBV,2024-05-07T00:00:00.000000,1,51.15,BUY
ABBV,2024-05-08T00:00:00.000000,1,51.22,BUY
ABBV,2024-05-09T00:00:00.000000,1,51.15,BUY
ABBV,2024-05-10T00:00:00.000000,1,50.07,BUY
ABBV,2024-05-13T00:00:00.000000,1,50.07,BUY
ABBV,2024-05-14T00:00:00.000000,1,50.07,BUY
ABBV,2024-05-15T00:00:00.000000,1,50.0,BUY
ABBV,2024-05-16T00:00:00.000000,0,44.32,SELL
ABBV,2024-05-17T00:00:00.000000,0,44.32,SELL
ABBV,2024-05-20T00:00:00.000000,0,44.32,SELL
ABBV,2024-05-21T00:00:00.000000,0,44.32,SELL
ABBV,2024-05-22T00:00:00.000000,0,44.32,SELL
ABBV,2024-05-23T00:00:00.000000,0,44.32,SELL
ABBV,2024-05-24T00:00:00.000000,0,44.32,SELL
ABBV,2024-05-28T00:00:00.000000,0,44.32,SELL
ABBV,2024-05-29T00:00:00.000000,0,44.32,SELL
ABBV,2024-05-30T00:00:00.000000,0,44.32,SELL
ABBV,2024-05-31T00:00:00.000000,0,46.44,SELL
ABBV,2024-06-03T00:00:00.000000,0,46.44,SELL
ABBV,2024-06-04T00:00:00.000000,1,50.07,BUY
ABBV,2024-06-05T00:00:00.000000,1,50.07,BUY
ABBV,2024-06-06T00:00:00.000000,1,50.07,BUY
ABBV,2024-06-07T00:00:00.000000,1,50.0,BUY
ABBV,2024-06-10T00:00:00.000000,0,46.44,SELL
ABBV,2024-06-11T00:00:00.000000,0,46.44,SELL
ABBV,2024-06-12T00:00:00.000000,0,46.44,SELL
ABBV,2024-06-13T00:00:00.000000,0,46.44,SELL
ABBV,2024-06-14T00:00:00.000000,1,50.07,BUY
ABBV,2024-06-17T00:00:00.000000,1,51.22,BUY
ABBV,2024-06-18T00:00:00.000000,1,51.22,BUY
ABBV,2024-06-20T00:00:00.000000,1,51.22,BUY
ABBV,2024-06-21T00:00:00.000000,1,51.22,BUY
ABBV,2024-06-24T00:00:00.000000,1,51.22,BUY
ABBV,2024-06-25T00:00:00.000000,1,51.22,BUY
ABBV,2024-06-26T00:00:00.000000,1,51.22,BUY
ABBV,2024-06-27T00:00:00.000000,1,51.22,BUY
ABBV,2024-06-28T00:00:00.000000,1,51.22,BUY
ABBV,2024-07-01T00:00:00.000000,1,51.22,BUY
ABBV,2024-07-02T00:00:00.000000,1,51.22,BUY
ABBV,2024-07-03T00:00:00.000000,1,50.07,BUY
ABBV,2024-07-05T00:00:00.000000,1,50.07,BUY
ABBV,2024-07-08T00:00:00.000000,1,51.22,BUY
ABBV,2024-07-09T00:00:00.000000,1,51.22,BUY
ABBV,2024-07-10T00:00:00.000000,1,51.22,BUY
ABBV,2024-07-11T00:00:00.000000,1,51.22,BUY
ABBV,2024-07-12T00:00:00.000000,1,51.22,BUY
ABBV,2024-07-15T00:00:00.000000,1,51.22,BUY
ABBV,2024-07-16T00:00:00.000000,1,50.07,BUY
ABBV,2024-07-17T00:00:00.000000,1,50.07,BUY
ABBV,2024-07-18T00:00:00.000000,0,46.44,SELL
ABBV,2024-07-19T00:00:00.000000,0,44.32,SELL
ABBV,2024-07-22T00:00:00.000000,0,44.32,SELL
ABBV,2024-07-23T00:00:00.000000,0,44.32,SELL
ABBV,2024-07-24T00:00:00.000000,0,44.9,SELL
ABBV,2024-07-25T00:00:00.000000,0,46.44,SELL
ABBV,2024-07-26T00:00:00.000000,1,50.07,BUY
ABBV,2024-07-29T00:00:00.000000,1,50.07,BUY
ABBV,2024-07-30T00:00:00.000000,1,50.07,BUY
ABBV,2024-07-31T00:00:00.000000,1,51.22,BUY
ABBV,2024-08-01T00:00:00.000000,1,51.22,BUY
ABBV,2024-08-02T00:00:00.000000,1,51.22,BUY
ABBV,2024-08-05T00:00:00.000000,1,51.22,BUY
ABBV,2024-08-06T00:00:00.000000,1,51.22,BUY
ABBV,2024-08-07T00:00:00.000000,1,51.22,BUY
ABBV,2024-08-08T00:00:00.000000,1,51.22,BUY
ABBV,2024-08-09T00:00:00.000000,1,51.22,BUY
ABBV,2024-08-12T00:00:00.000000,1,51.22,BUY
ABBV,2024-08-13T00:00:00.000000,1,51.22,BUY
ABBV,2024-08-14T00:00:00.000000,1,51.22,BUY
ABBV,2024-08-15T00:00:00.000000,1,51.22,BUY
ABBV,2024-08-16T00:00:00.000000,1,51.22,BUY
ABBV,2024-08-19T00:00:00.000000,1,51.22,BUY
ABBV,2024-08-20T00:00:00.000000,1,51.22,BUY
ABBV,2024-08-21T00:00:00.000000,1,51.22,BUY
ABBV,2024-08-22T00:00:00.000000,1,50.07,BUY
ABBV,2024-08-23T00:00:00.000000,1,50.0,BUY
ABBV,2024-08-26T00:00:00.000000,1,50.0,BUY
ABBV,2024-08-27T00:00:00.000000,1,50.0,BUY
ABBV,2024-08-28T00:00:00.000000,1,50.07,BUY
ABBV,2024-08-29T00:00:00.000000,1,50.07,BUY
ABBV,2024-08-30T00:00:00.000000,1,51.22,BUY
ABBV,2024-09-03T00:00:00.000000,1,51.22,BUY
ABBV,2024-09-04T00:00:00.000000,1,51.22,BUY
ABBV,2024-09-05T00:00:00.000000,1,51.22,BUY
ABBV,2024-09-06T00:00:00.000000,1,51.22,BUY
ABBV,2024-09-09T00:00:00.000000,1,51.22,BUY
ABBV,2024-09-10T00:00:00.000000,1,51.22,BUY
ABBV,2024-09-11T00:00:00.000000,1,51.22,BUY
ABBV,2024-09-12T00:00:00.000000,1,51.22,BUY
ABBV,2024-09-13T00:00:00.000000,1,51.22,BUY
ABBV,2024-09-16T00:00:00.000000,1,51.22,BUY
ABBV,2024-09-17T00:00:00.000000,1,51.22,BUY
ABBV,2024-09-18T00:00:00.000000,1,51.22,BUY
ABBV,2024-09-19T00:00:00.000000,1,51.22,BUY
ABBV,2024-09-20T00:00:00.000000,1,51.22,BUY
ABBV,2024-09-23T00:00:00.000000,1,50.07,BUY
ABBV,2024-09-24T00:00:00.000000,1,50.07,BUY
ABBV,2024-09-25T00:00:00.000000,1,50.07,BUY
ABBV,2024-09-26T00:00:00.000000,0,46.44,SELL
ABBV,2024-09-27T00:00:00.000000,0,44.32,SELL
ABBV,2024-09-30T00:00:00.000000,0,44.32,SELL
ABBV,2024-10-01T00:00:00.000000,0,44.32,SELL
ABBV,2024-10-02T00:00:00.000000,0,44.32,SELL
ABBV,2024-10-03T00:00:00.000000,0,44.32,SELL
ABBV,2024-10-04T00:00:00.000000,0,44.32,SELL
ABBV,2024-10-07T00:00:00.000000,0,44.32,SELL
ABBV,2024-10-08T00:00:00.000000,0,44.32,SELL
ABBV,2024-10-09T00:00:00.000000,0,46.44,SELL
ABBV,2024-10-10T00:00:00.000000,0,44.32,SELL
ABBV,2024-10-11T00:00:00.000000,0,44.9,SELL
ABBV,2024-10-14T00:00:00.000000,0,46.44,SELL
ABBV,2024-10-15T00:00:00.000000,0,46.44,SELL
ABBV,2024-10-16T00:00:00.000000,0,46.44,SELL
ABBV,2024-10-17T00:00:00.000000,0,46.44,SELL
ABBV,2024-10-18T00:00:00.000000,0,46.44,SELL
ABBV,2024-10-21T00:00:00.000000,0,46.44,SELL
ABBV,2024-10-22T00:00:00.000000,0,44.9,SELL
ABBV,2024-10-23T00:00:00.000000,0,44.32,SELL
ABBV,2024-10-24T00:00:00.000000,0,46.44,SELL
ABBV,2024-10-25T00:00:00.000000,0,46.44,SELL
ABBV,2024-10-28T00:00:00.000000,0,46.44,SELL
ABBV,2024-10-29T00:00:00.000000,1,50.0,BUY
ABBV,2024-10-30T00:00:00.000000,0,46.44,SELL
ABBV,2024-10-31T00:00:00.000000,1,50.0,BUY
ABBV,2024-11-01T00:00:00.000000,0,46.44,SELL
ABBV,2024-11-04T00:00:00.000000,1,50.0,BUY
ABBV,2024-11-05T00:00:00.000000,0,46.44,SELL
ABBV,2024-11-06T00:00:00.000000,1,50.07,BUY
ABBV,2024-11-07T00:00:00.000000,0,46.44,SELL
ABBV,2024-11-08T00:00:00.000000,1,50.0,BUY
ABBV,2024-11-11T00:00:00.000000,1,50.07,BUY
ABBV,2024-11-12T00:00:00.000000,1,50.07,BUY
ABBV,2024-11-13T00:00:00.000000,1,50.07,BUY
ABBV,2024-11-14T00:00:00.000000,1,50.07,BUY
ABBV,2024-11-15T00:00:00.000000,1,50.07,BUY
ABBV,2024-11-18T00:00:00.000000,1,51.22,BUY
ABBV,2024-11-19T00:00:00.000000,1,50.07,BUY
ABBV,2024-11-20T00:00:00.000000,1,50.07,BUY
ABBV,2024-11-21T00:00:00.000000,1,50.07,BUY
ABBV,2024-11-22T00:00:00.000000,0,46.44,SELL
ABBV,2024-11-25T00:00:00.000000,0,44.32,SELL
ABBV,2024-11-26T00:00:00.000000,0,43.6,SELL
ABBV,2024-11-27T00:00:00.000000,0,43.59,SELL
ABBV,2024-11-29T00:00:00.000000,0,43.59,SELL
ABBV,2024-12-02T00:00:00.000000,0,43.6,SELL
ABBV,2024-12-03T00:00:00.000000,0,44.32,SELL
ABBV,2024-12-04T00:00:00.000000,0,44.32,SELL
ABBV,2024-12-05T00:00:00.000000,0,44.32,SELL
ABBV,2024-12-06T00:00:00.000000,0,44.32,SELL
ABBV,2024-12-09T00:00:00.000000,0,44.32,SELL
ABBV,2024-12-10T00:00:00.000000,0,44.32,SELL
ABBV,2024-12-11T00:00:00.000000,0,44.32,SELL
ABBV,2024-12-12T00:00:00.000000,0,46.44,SELL
ABBV,2024-12-13T00:00:00.000000,0,46.44,SELL
ABBV,2024-12-16T00:00:00.000000,1,47.54,BUY
ABBV,2024-12-17T00:00:00.000000,1,50.07,BUY
ABBV,2024-12-18T00:00:00.000000,1,50.07,BUY
ABBV,2024-12-19T00:00:00.000000,1,50.07,BUY
ABBV,2024-12-20T00:00:00.000000,1,51.15,BUY
ADBE,2023-02-21T00:00:00.000000,1,50.0,BUY
ADBE,2023-02-22T00:00:00.000000,1,50.07,BUY
ADBE,2023-02-23T00:00:00.000000,1,51.22,BUY
ADBE,2023-02-24T00:00:00.000000,1,51.22,BUY
ADBE,2023-02-27T00:00:00.000000,1,51.22,BUY
ADBE,2023-02-28T00:00:00.000000,1,51.22,BUY
ADBE,2023-03-01T00:00:00.000000,1,51.22,BUY
ADBE,2023-03-02T00:00:00.000000,1,51.22,BUY
ADBE,2023-03-03T00:00:00.000000,1,51.22,BUY
ADBE,2023-03-06T00:00:00.000000,1,51.22,BUY
ADBE,2023-03-07T00:00:00.000000,1,51.22,BUY
ADBE,2023-03-08T00:00:00.000000,1,51.22,BUY
ADBE,2023-03-09T00:00:00.000000,1,51.22,BUY
ADBE,2023-03-10T00:00:00.000000,1,51.22,BUY
ADBE,2023-03-13T00:00:00.000000,1,51.22,BUY
ADBE,2023-03-14T00:00:00.000000,1,51.22,BUY
ADBE,2023-03-15T00:00:00.000000,1,51.22,BUY
ADBE,2023-03-16T00:00:00.000000,1,51.22,BUY
ADBE,2023-03-17T00:00:00.000000,1,51.22,BUY
ADBE,2023-03-20T00:00:00.000000,1,51.22,BUY
ADBE,2023-03-21T00:00:00.000000,1,51.22,BUY
ADBE,2023-03-22T00:00:00.000000,1,51.22,BUY
ADBE,2023-03-23T00:00:00.000000,1,51.22,BUY
ADBE,2023-03-24T00:00:00.000000,1,51.22,BUY
ADBE,2023-03-27T00:00:00.000000,1,51.22,BUY
ADBE,2023-03-28T00:00:00.000000,1,51.22,BUY
ADBE,2023-03-29T00:00:00.000000,1,51.22,BUY
ADBE,2023-03-30T00:00:00.000000,1,50.07,BUY
ADBE,2023-03-31T00:00:00.000000,1,50.07,BUY
ADBE,2023-04-03T00:00:00.000000,1,50.07,BUY
ADBE,2023-04-04T00:00:00.000000,1,50.07,BUY
ADBE,2023-04-05T00:00:00.000000,1,50.07,BUY
ADBE,2023-04-06T00:00:00.000000,1,50.07,BUY
ADBE,2023-04-10T00:00:00.000000,1,50.07,BUY
ADBE,2023-04-11T00:00:00.000000,0,46.44,SELL
ADBE,2023-04-12T00:00:00.000000,0,46.44,SELL
ADBE,2023-04-13T00:00:00.000000,0,44.32,SELL
ADBE,2023-04-14T00:00:00.000000,0,44.32,SELL
ADBE,2023-04-17T00:00:00.000000,0,44.32,SELL
ADBE,2023-04-18T00:00:00.000000,0,44.32,SELL
ADBE,2023-04-19T00:00:00.000000,0,44.32,SELL
ADBE,2023-04-20T00:00:00.000000,0,46.44,SELL
ADBE,2023-04-21T00:00:00.000000,0,46.44,SELL
ADBE,2023-04-24T00:00:00.000000,1,50.0,BUY
ADBE,2023-04-25T00:00:00.000000,1,50.07,BUY
ADBE,2023-04-26T00:00:00.000000,1,50.07,BUY
ADBE,2023-04-27T00:00:00.000000,1,50.07,BUY
ADBE,2023-04-28T00:00:00.000000,1,51.22,BUY
ADBE,2023-05-01T00:00:00.000000,1,51.22,BUY
ADBE,2023-05-02T00:00:00.000000,1,51.22,BUY
ADBE,2023-05-03T00:00:00.000000,1,51.22,BUY
ADBE,2023-05-04T00:00:00.000000,1,51.22,BUY
ADBE,2023-05-05T00:00:00.000000,1,51.22,BUY
ADBE,2023-05-08T00:00:00.000000,1,51.22,BUY
ADBE,2023-05-09T00:00:00.000000,1,51.22,BUY
ADBE,2023-05-10T00:00:00.000000,1,51.22,BUY
ADBE,2023-05-11T00:00:00.000000,1,51.22,BUY
ADBE,2023-05-12T00:00:00.000000,1,51.22,BUY
ADBE,2023-05-15T00:00:00.000000,1,51.22,BUY
ADBE,2023-05-16T00:00:00.000000,1,51.22,BUY
ADBE,2023-05-17T00:00:00.000000,1,51.22,BUY
ADBE,2023-05-18T00:00:00.000000,1,51.22,BUY
ADBE,2023-05-19T00:00:00.000000,1,51.22,BUY
ADBE,2023-05-22T00:00:00.000000,1,51.22,BUY
ADBE,2023-05-23T00:00:00.000000,1,51.22,BUY
ADBE,2023-05-24T00:00:00.000000,1,51.22,BUY
ADBE,2023-05-25T00:00:00.000000,1,51.22,BUY
ADBE,2023-05-26T00:00:00.000000,1,51.22,BUY
ADBE,2023-05-30T00:00:00.000000,1,50.07,BUY
ADBE,2023-05-31T00:00:00.000000,0,46.44,SELL
ADBE,2023-06-01T00:00:00.000000,0,44.32,SELL
ADBE,2023-06-02T00:00:00.000000,0,44.32,SELL
ADBE,2023-06-05T00:00:00.000000,0,44.32,SELL
ADBE,2023-06-06T00:00:00.000000,0,44.32,SELL
ADBE,2023-06-07T00:00:00.000000,0,44.32,SELL
ADBE,2023-06-08T00:00:00.000000,0,44.32,SELL
ADBE,2023-06-09T00:00:00.000000,0,44.32,SELL
ADBE,2023-06-12T00:00:00.000000,0,44.32,SELL
ADBE,2023-06-13T00:00:00.000000,0,44.32,SELL
ADBE,2023-06-14T00:00:00.000000,0,44.32,SELL
ADBE,2023-06-15T00:00:00.000000,0,43.6,SELL
ADBE,2023-06-16T00:00:00.000000,0,41.9,SELL
ADBE,2023-06-20T00:00:00.000000,0,41.9,SELL
ADBE,2023-06-21T00:00:00.000000,0,41.9,SELL
ADBE,2023-06-22T00:00:00.000000,0,41.9,SELL
ADBE,2023-06-23T00:00:00.000000,0,41.9,SELL
ADBE,2023-06-26T00:00:00.000000,0,41.9,SELL
ADBE,2023-06-27T00:00:00.000000,0,43.59,SELL
ADBE,2023-06-28T00:00:00.000000,0,43.6,SELL
ADBE,2023-06-29T00:00:00.000000,0,43.6,SELL
ADBE,2023-06-30T00:00:00.000000,0,44.32,SELL
ADBE,2023-07-03T00:00:00.000000,0,44.32,SELL
ADBE,2023-07-05T00:00:00.000000,0,44.32,SELL
ADBE,2023-07-06T00:00:00.000000,0,44.32,SELL
ADBE,2023-07-07T00:00:00.000000,0,44.32,SELL
ADBE,2023-07-10T00:00:00.000000,0,44.32,SELL
ADBE,2023-07-11T00:00:00.000000,0,44.32,SELL
ADBE,2023-07-12T00:00:00.000000,0,44.32,SELL
ADBE,2023-07-13T00:00:00.000000,0,44.32,SELL
ADBE,2023-07-14T00:00:00.000000,0,44.32,SELL
ADBE,2023-07-17T00:00:00.000000,0,44.32,SELL
ADBE,2023-07-18T00:00:00.000000,0,44.32,SELL
ADBE,2023-07-19T00:00:00.000000,0,44.32,SELL
ADBE,2023-07-20T00:00:00.000000,0,44.32,SELL
ADBE,2023-07-21T00:00:00.000000,0,44.32,SELL
ADBE,2023-07-24T00:00:00.000000,0,44.32,SELL
ADBE,2023-07-25T00:00:00.000000,0,44.32,SELL
ADBE,2023-07-26T00:00:00.000000,0,44.32,SELL
ADBE,2023-07-27T00:00:00.000000,0,44.32,SELL
ADBE,2023-07-28T00:00:00.000000,0,44.32,SELL
ADBE,2023-07-31T00:00:00.000000,0,44.32,SELL
ADBE,2023-08-01T00:00:00.000000,0,44.32,SELL
ADBE,2023-08-02T00:00:00.000000,0,44.32,SELL
ADBE,2023-08-03T00:00:00.000000,0,44.32,SELL
ADBE,2023-08-04T00:00:00.000000,0,44.32,SELL
ADBE,2023-08-07T00:00:00.000000,0,44.32,SELL
ADBE,2023-08-08T00:00:00.000000,0,44.32,SELL
ADBE,2023-08-09T00:00:00.000000,0,44.32,SELL
ADBE,2023-08-10T00:00:00.000000,0,44.32,SELL
ADBE,2023-08-11T00:00:00.000000,0,44.32,SELL
ADBE,2023-08-14T00:00:00.000000,0,46.44,SELL
ADBE,2023-08-15T00:00:00.000000,1,51.22,BUY
ADBE,2023-08-16T00:00:00.000000,1,51.22,BUY
ADBE,2023-08-17T00:00:00.000000,1,51.22,BUY
ADBE,2023-08-18T00:00:00.000000,1,51.22,BUY
ADBE,2023-08-21T00:00:00.000000,1,51.22,BUY
ADBE,2023-08-22T00:00:00.000000,1,51.22,BUY
ADBE,2023-08-23T00:00:00.000000,1,51.22,BUY
ADBE,2023-08-24T00:00:00.000000,1,51.22,BUY
ADBE,2023-08-25T00:00:00.000000,1,51.22,BUY
ADBE,2023-08-28T00:00:00.000000,1,51.22,BUY
ADBE,2023-08-29T00:00:00.000000,1,51.22,BUY
ADBE,2023-08-30T00:00:00.000000,1,51.22,BUY
ADBE,2023-08-31T00:00:00.000000,1,51.22,BUY
ADBE,2023-09-01T00:00:00.000000,1,50.07,BUY
ADBE,2023-09-05T00:00:00.000000,0,44.32,SELL
ADBE,2023-09-06T00:00:00.000000,0,44.32,SELL
ADBE,2023-09-07T00:00:00.000000,0,44.32,SELL
ADBE,2023-09-08T00:00:00.000000,0,44.32,SELL
ADBE,2023-09-11T00:00:00.000000,0,44.32,SELL
ADBE,2023-09-12T00:00:00.000000,0,44.32,SELL
ADBE,2023-09-13T00:00:00.000000,0,44.32,SELL
ADBE,2023-09-14T00:00:00.000000,0,44.32,SELL
ADBE,2023-09-15T00:00:00.000000,0,44.32,SELL
ADBE,2023-09-18T00:00:00.000000,0,46.44,SELL
ADBE,2023-09-19T00:00:00.000000,1,50.07,BUY
ADBE,2023-09-20T00:00:00.000000,1,50.07,BUY
ADBE,2023-09-21T00:00:00.000000,1,51.15,BUY
ADBE,2023-09-22T00:00:00.000000,1,51.22,BUY
ADBE,2023-09-25T00:00:00.000000,1,51.22,BUY
ADBE,2023-09-26T00:00:00.000000,1,51.22,BUY
ADBE,2023-09-27T00:00:00.000000,1,51.22,BUY
ADBE,2023-09-28T00:00:00.000000,1,51.22,BUY
ADBE,2023-09-29T00:00:00.000000,1,51.22,BUY
ADBE,2023-10-02T00:00:00.000000,1,51.22,BUY
ADBE,2023-10-03T00:00:00.000000,1,51.22,BUY
ADBE,2023-10-04T00:00:00.000000,1,51.22,BUY
ADBE,2023-10-05T00:00:00.000000,1,51.22,BUY
ADBE,2023-10-06T00:00:00.000000,1,51.22,BUY
ADBE,2023-10-09T00:00:00.000000,1,51.22,BUY
ADBE,2023-10-10T00:00:00.000000,1,51.22,BUY
ADBE,2023-10-11T00:00:00.000000,1,51.22,BUY
ADBE,2023-10-12T00:00:00.000000,1,51.22,BUY
ADBE,2023-10-13T00:00:00.000000,1,51.22,BUY
ADBE,2023-10-16T00:00:00.000000,1,50.07,BUY
ADBE,2023-10-17T00:00:00.000000,1,50.07,BUY
ADBE,2023-10-18T00:00:00.000000,0,44.32,SELL
ADBE,2023-10-19T00:00:00.000000,0,44.32,SELL
ADBE,2023-10-20T00:00:00.000000,0,44.32,SELL
ADBE,2023-10-23T00:00:00.000000,0,44.32,SELL
ADBE,2023-10-24T00:00:00.000000,0,44.32,SELL
ADBE,2023-10-25T00:00:00.000000,0,44.32,SELL
ADBE,2023-10-26T00:00:00.000000,0,44.32,SELL
ADBE,2023-10-27T00:00:00.000000,0,46.44,SELL
ADBE,2023-10-30T00:00:00.000000,1,50.07,BUY
ADBE,2023-10-31T00:00:00.000000,1,51.22,BUY
ADBE,2023-11-01T00:00:00.000000,1,51.22,BUY
ADBE,2023-11-02T00:00:00.000000,1,51.22,BUY
ADBE,2023-11-03T00:00:00.000000,1,51.22,BUY
ADBE,2023-11-06T00:00:00.000000,1,51.22,BUY
ADBE,2023-11-07T00:00:00.000000,1,51.22,BUY
ADBE,2023-11-08T00:00:00.000000,1,51.22,BUY
ADBE,2023-11-09T00:00:00.000000,1,50.07,BUY
ADBE,2023-11-10T00:00:00.000000,0,44.32,SELL
ADBE,2023-11-13T00:00:00.000000,0,44.32,SELL
ADBE,2023-11-14T00:00:00.000000,0,43.6,SELL
ADBE,2023-11-15T00:00:00.000000,0,43.6,SELL
ADBE,2023-11-16T00:00:00.000000,0,43.6,SELL
ADBE,2023-11-17T00:00:00.000000,0,43.6,SELL
ADBE,2023-11-20T00:00:00.000000,0,43.6,SELL
ADBE,2023-11-21T00:00:00.000000,0,43.6,SELL
ADBE,2023-11-22T00:00:00.000000,0,43.6,SELL
ADBE,2023-11-24T00:00:00.000000,0,43.6,SELL
ADBE,2023-11-27T00:00:00.000000,0,43.6,SELL
ADBE,2023-11-28T00:00:00.000000,0,43.59,SELL
ADBE,2023-11-29T00:00:00.000000,0,43.59,SELL
ADBE,2023-11-30T00:00:00.000000,0,43.59,SELL
ADBE,2023-12-01T00:00:00.000000,0,43.59,SELL
ADBE,2023-12-04T00:00:00.000000,0,43.59,SELL
ADBE,2023-12-05T00:00:00.000000,0,43.6,SELL
ADBE,2023-12-06T00:00:00.000000,0,43.6,SELL
ADBE,2023-12-07T00:00:00.000000,0,43.6,SELL
ADBE,2023-12-08T00:00:00.000000,0,44.32,SELL
ADBE,2023-12-11T00:00:00.000000,0,44.32,SELL
ADBE,2023-12-12T00:00:00.000000,0,44.32,SELL
ADBE,2023-12-13T00:00:00.000000,0,44.32,SELL
ADBE,2023-12-14T00:00:00.000000,0,46.44,SELL
ADBE,2023-12-15T00:00:00.000000,1,50.0,BUY
ADBE,2023-12-18T00:00:00.000000,1,50.07,BUY
ADBE,2023-12-19T00:00:00.000000,1,50.07,BUY
ADBE,2023-12-20T00:00:00.000000,1,51.22,BUY
ADBE,2023-12-21T00:00:00.000000,1,50.07,BUY
ADBE,2023-12-22T00:00:00.000000,1,51.22,BUY
ADBE,2023-12-26T00:00:00.000000,1,51.22,BUY
ADBE,2023-12-27T00:00:00.000000,1,51.22,BUY
ADBE,2023-12-28T00:00:00.000000,1,51.22,BUY
ADBE,2023-12-29T00:00:00.000000,1,51.22,BUY
ADBE,2024-01-02T00:00:00.000000,1,51.22,BUY
ADBE,2024-01-03T00:00:00.000000,1,51.22,BUY
ADBE,2024-01-04T00:00:00.000000,1,51.22,BUY
ADBE,2024-01-05T00:00:00.000000,1,51.22,BUY
ADBE,2024-01-08T00:00:00.000000,1,51.22,BUY
ADBE,2024-01-09T00:00:00.000000,1,51.22,BUY
ADBE,2024-01-10T00:00:00.000000,1,51.22,BUY
ADBE,2024-01-11T00:00:00.000000,1,51.22,BUY
ADBE,2024-01-12T00:00:00.000000,1,51.22,BUY
ADBE,2024-01-16T00:00:00.000000,1,51.22,BUY
ADBE,2024-01-17T00:00:00.000000,1,51.22,BUY
ADBE,2024-01-18T00:00:00.000000,1,51.22,BUY
ADBE,2024-01-19T00:00:00.000000,1,51.22,BUY
ADBE,2024-01-22T00:00:00.000000,1,51.22,BUY
ADBE,2024-01-23T00:00:00.000000,1,50.07,BUY
ADBE,2024-01-24T00:00:00.000000,1,50.07,BUY
ADBE,2024-01-25T00:00:00.000000,1,50.07,BUY
ADBE,2024-01-26T00:00:00.000000,1,50.07,BUY
ADBE,2024-01-29T00:00:00.000000,1,50.07,BUY
ADBE,2024-01-30T00:00:00.000000,1,50.0,BUY
ADBE,2024-01-31T00:00:00.000000,0,46.44,SELL
ADBE,2024-02-01T00:00:00.000000,0,44.32,SELL
ADBE,2024-02-02T00:00:00.000000,0,44.32,SELL
ADBE,2024-02-05T00:00:00.000000,0,44.32,SELL
ADBE,2024-02-06T00:00:00.000000,0,44.32,SELL
ADBE,2024-02-07T00:00:00.000000,0,44.32,SELL
ADBE,2024-02-08T00:00:00.000000,0,44.32,SELL
ADBE,2024-02-09T00:00:00.000000,0,44.32,SELL
ADBE,2024-02-12T00:00:00.000000,0,44.32,SELL
ADBE,2024-02-13T00:00:00.000000,1,50.0,BUY
ADBE,2024-02-14T00:00:00.000000,1,51.22,BUY
ADBE,2024-02-15T00:00:00.000000,1,51.22,BUY
ADBE,2024-02-16T00:00:00.000000,1,51.22,BUY
ADBE,2024-02-20T00:00:00.000000,1,51.22,BUY
ADBE,2024-02-21T00:00:00.000000,1,51.22,BUY
ADBE,2024-02-22T00:00:00.000000,1,51.22,BUY
ADBE,2024-02-23T00:00:00.000000,1,51.22,BUY
ADBE,2024-02-26T00:00:00.000000,1,51.22,BUY
ADBE,2024-02-27T00:00:00.000000,1,51.22,BUY
ADBE,2024-02-28T00:00:00.000000,1,51.22,BUY
ADBE,2024-02-29T00:00:00.000000,1,51.22,BUY
ADBE,2024-03-01T00:00:00.000000,1,51.22,BUY
ADBE,2024-03-04T00:00:00.000000,1,51.22,BUY
ADBE,2024-03-05T00:00:00.000000,1,51.22,BUY
ADBE,2024-03-06T00:00:00.000000,1,51.22,BUY
ADBE,2024-03-07T00:00:00.000000,1,51.22,BUY
ADBE,2024-03-08T00:00:00.000000,1,51.22,BUY
ADBE,2024-03-11T00:00:00.000000,1,51.22,BUY
ADBE,2024-03-12T00:00:00.000000,1,51.22,BUY
ADBE,2024-03-13T00:00:00.000000,1,51.22,BUY
ADBE,2024-03-14T00:00:00.000000,1,50.07,BUY
ADBE,2024-03-15T00:00:00.000000,1,50.07,BUY
ADBE,2024-03-18T00:00:00.000000,1,51.22,BUY
ADBE,2024-03-19T00:00:00.000000,1,51.22,BUY
ADBE,2024-03-20T00:00:00.000000,1,51.22,BUY
ADBE,2024-03-21T00:00:00.000000,1,50.07,BUY
ADBE,2024-03-22T00:00:00.000000,1,51.22,BUY
ADBE,2024-03-25T00:00:00.000000,1,51.22,BUY
ADBE,2024-03-26T00:00:00.000000,1,51.22,BUY
ADBE,2024-03-27T00:00:00.000000,1,51.22,BUY
ADBE,2024-03-28T00:00:00.000000,1,51.22,BUY
ADBE,2024-04-01T00:00:00.000000,1,51.22,BUY
ADBE,2024-04-02T00:00:00.000000,1,51.22,BUY
ADBE,2024-04-03T00:00:00.000000,1,51.22,BUY
ADBE,2024-04-04T00:00:00.000000,1,51.22,BUY
ADBE,2024-04-05T00:00:00.000000,1,51.22,BUY
ADBE,2024-04-08T00:00:00.000000,1,50.07,BUY
ADBE,2024-04-09T00:00:00.000000,1,50.07,BUY
ADBE,2024-04-10T00:00:00.000000,1,50.07,BUY
ADBE,2024-04-11T00:00:00.000000,1,50.07,BUY
ADBE,2024-04-12T00:00:00.000000,1,51.22,BUY
ADBE,2024-04-15T00:00:00.000000,1,51.22,BUY
ADBE,2024-04-16T00:00:00.000000,1,51.22,BUY
ADBE,2024-04-17T00:00:00.000000,1,51.22,BUY
ADBE,2024-04-18T00:00:00.000000,1,51.22,BUY
ADBE,2024-04-19T00:00:00.000000,1,51.22,BUY
ADBE,2024-04-22T00:00:00.000000,1,51.22,BUY
ADBE,2024-04-23T00:00:00.000000,1,51.22,BUY
ADBE,2024-04-24T00:00:00.000000,1,51.22,BUY
ADBE,2024-04-25T00:00:00.000000,1,51.22,BUY
ADBE,2024-04-26T00:00:00.000000,1,51.22,BUY
ADBE,2024-04-29T00:00:00.000000,1,51.22,BUY
ADBE,2024-04-30T00:00:00.000000,1,51.22,BUY
ADBE,2024-05-01T00:00:00.000000,1,51.22,BUY
ADBE,2024-05-02T00:00:00.000000,1,51.22,BUY
ADBE,2024-05-03T00:00:00.000000,1,56.7,BUY
ADBE,2024-05-06T00:00:00.000000,1,56.7,BUY
ADBE,2024-05-07T00:00:00.000000,1,51.22,BUY
ADBE,2024-05-08T00:00:00.000000,1,51.22,BUY
ADBE,2024-05-09T00:00:00.000000,1,51.22,BUY
ADBE,2024-05-10T00:00:00.000000,1,51.22,BUY
ADBE,2024-05-13T00:00:00.000000,1,51.22,BUY
ADBE,2024-05-14T00:00:00.000000,1,51.22,BUY
ADBE,2024-05-15T00:00:00.000000,1,51.22,BUY
ADBE,2024-05-16T00:00:00.000000,1,51.22,BUY
ADBE,2024-05-17T00:00:00.000000,1,50.0,BUY
ADBE,2024-05-20T00:00:00.000000,0,46.44,SELL
ADBE,2024-05-21T00:00:00.000000,0,47.54,SELL
ADBE,2024-05-22T00:00:00.000000,1,50.07,BUY
ADBE,2024-05-23T00:00:00.000000,1,50.07,BUY
ADBE,2024-05-24T00:00:00.000000,1,50.07,BUY
ADBE,2024-05-28T00:00:00.000000,1,51.22,BUY
ADBE,2024-05-29T00:00:00.000000,1,51.22,BUY
ADBE,2024-05-30T00:00:00.000000,1,51.22,BUY
ADBE,2024-05-31T00:00:00.000000,1,51.22,BUY
ADBE,2024-06-03T00:00:00.000000,1,51.22,BUY
ADBE,2024-06-04T00:00:00.000000,1,51.22,BUY
ADBE,2024-06-05T00:00:00.000000,1,51.22,BUY
ADBE,2024-06-06T00:00:00.000000,1,51.22,BUY
ADBE,2024-06-07T00:00:00.000000,1,51.22,BUY
ADBE,2024-06-10T00:00:00.000000,1,51.22,BUY
ADBE,2024-06-11T00:00:00.000000,1,51.22,BUY
ADBE,2024-06-12T00:00:00.000000,1,51.22,BUY
ADBE,2024-06-13T00:00:00.000000,1,51.22,BUY
ADBE,2024-06-14T00:00:00.000000,1,51.22,BUY
ADBE,2024-06-17T00:00:00.000000,1,51.22,BUY
ADBE,2024-06-18T00:00:00.000000,1,51.22,BUY
ADBE,2024-06-20T00:00:00.000000,1,51.22,BUY
ADBE,2024-06-21T00:00:00.000000,1,50.07,BUY
ADBE,2024-06-24T00:00:00.000000,0,46.44,SELL
ADBE,2024-06-25T00:00:00.000000,0,44.32,SELL
ADBE,2024-06-26T00:00:00.000000,0,44.32,SELL
ADBE,2024-06-27T00:00:00.000000,0,44.32,SELL
ADBE,2024-06-28T00:00:00.000000,0,44.32,SELL
ADBE,2024-07-01T00:00:00.000000,0,43.6,SELL
ADBE,2024-07-02T00:00:00.000000,0,44.32,SELL
ADBE,2024-07-03T00:00:00.000000,0,44.32,SELL
ADBE,2024-07-05T00:00:00.000000,0,44.32,SELL
ADBE,2024-07-08T00:00:00.000000,0,44.32,SELL
ADBE,2024-07-09T00:00:00.000000,0,43.6,SELL
ADBE,2024-07-10T00:00:00.000000,0,44.32,SELL
ADBE,2024-07-11T00:00:00.000000,0,44.32,SELL
ADBE,2024-07-12T00:00:00.000000,0,44.32,SELL
ADBE,2024-07-15T00:00:00.000000,0,44.32,SELL
ADBE,2024-07-16T00:00:00.000000,0,44.32,SELL
ADBE,2024-07-17T00:00:00.000000,0,44.32,SELL
ADBE,2024-07-18T00:00:00.000000,0,44.32,SELL
ADBE,2024-07-19T00:00:00.000000,0,44.32,SELL
ADBE,2024-07-22T00:00:00.000000,0,44.32,SELL
ADBE,2024-07-23T00:00:00.000000,0,44.32,SELL
ADBE,2024-07-24T00:00:00.000000,0,44.32,SELL
ADBE,2024-07-25T00:00:00.000000,1,50.07,BUY
ADBE,2024-07-26T00:00:00.000000,1,50.07,BUY
ADBE,2024-07-29T00:00:00.000000,1,51.22,BUY
ADBE,2024-07-30T00:00:00.000000,1,51.22,BUY
ADBE,2024-07-31T00:00:00.000000,1,51.22,BUY
ADBE,2024-08-01T00:00:00.000000,1,51.22,BUY
ADBE,2024-08-02T00:00:00.000000,1,51.22,BUY
ADBE,2024-08-05T00:00:00.000000,1,51.22,BUY
ADBE,2024-08-06T00:00:00.000000,1,51.22,BUY
ADBE,2024-08-07T00:00:00.000000,1,51.22,BUY
ADBE,2024-08-08T00:00:00.000000,1,51.22,BUY
ADBE,2024-08-09T00:00:00.000000,1,51.22,BUY
ADBE,2024-08-12T00:00:00.000000,1,51.22,BUY
ADBE,2024-08-13T00:00:00.000000,1,51.22,BUY
ADBE,2024-08-14T00:00:00.000000,1,51.22,BUY
ADBE,2024-08-15T00:00:00.000000,1,51.22,BUY
ADBE,2024-08-16T00:00:00.000000,1,51.22,BUY
ADBE,2024-08-19T00:00:00.000000,1,51.22,BUY
ADBE,2024-08-20T00:00:00.000000,1,51.22,BUY
ADBE,2024-08-21T00:00:00.000000,1,51.22,BUY
ADBE,2024-08-22T00:00:00.000000,0,46.44,SELL
ADBE,2024-08-23T00:00:00.000000,0,44.32,SELL
ADBE,2024-08-26T00:00:00.000000,0,44.32,SELL
ADBE,2024-08-27T00:00:00.000000,0,44.32,SELL
ADBE,2024-08-28T00:00:00.000000,0,44.32,SELL
ADBE,2024-08-29T00:00:00.000000,0,44.32,SELL
ADBE,2024-08-30T00:00:00.000000,0,44.32,SELL
ADBE,2024-09-03T00:00:00.000000,0,44.32,SELL
ADBE,2024-09-04T00:00:00.000000,0,44.32,SELL
ADBE,2024-09-05T00:00:00.000000,0,44.32,SELL
ADBE,2024-09-06T00:00:00.000000,0,44.32,SELL
ADBE,2024-09-09T00:00:00.000000,0,44.32,SELL
ADBE,2024-09-10T00:00:00.000000,0,44.32,SELL
ADBE,2024-09-11T00:00:00.000000,0,44.32,SELL
ADBE,2024-09-12T00:00:00.000000,0,46.44,SELL
ADBE,2024-09-13T00:00:00.000000,0,46.44,SELL
ADBE,2024-09-16T00:00:00.000000,1,51.22,BUY
ADBE,2024-09-17T00:00:00.000000,1,51.22,BUY
ADBE,2024-09-18T00:00:00.000000,1,51.22,BUY
ADBE,2024-09-19T00:00:00.000000,1,51.22,BUY
ADBE,2024-09-20T00:00:00.000000,1,51.22,BUY
ADBE,2024-09-23T00:00:00.000000,1,51.22,BUY
ADBE,2024-09-24T00:00:00.000000,1,51.22,BUY
ADBE,2024-09-25T00:00:00.000000,1,51.22,BUY
ADBE,2024-09-26T00:00:00.000000,1,51.22,BUY
ADBE,2024-09-27T00:00:00.000000,1,56.7,BUY
ADBE,2024-09-30T00:00:00.000000,1,51.22,BUY
ADBE,2024-10-01T00:00:00.000000,1,51.22,BUY
ADBE,2024-10-02T00:00:00.000000,1,51.22,BUY
ADBE,2024-10-03T00:00:00.000000,1,51.22,BUY
ADBE,2024-10-04T00:00:00.000000,1,51.22,BUY
ADBE,2024-10-07T00:00:00.000000,1,51.22,BUY
ADBE,2024-10-08T00:00:00.000000,1,51.22,BUY
ADBE,2024-10-09T00:00:00.000000,1,51.22,BUY
ADBE,2024-10-10T00:00:00.000000,1,51.22,BUY
ADBE,2024-10-11T00:00:00.000000,1,51.22,BUY
ADBE,2024-10-14T00:00:00.000000,1,51.22,BUY
ADBE,2024-10-15T00:00:00.000000,1,51.22,BUY
ADBE,2024-10-16T00:00:00.000000,1,51.22,BUY
ADBE,2024-10-17T00:00:00.000000,1,51.22,BUY
ADBE,2024-10-18T00:00:00.000000,1,51.22,BUY
ADBE,2024-10-21T00:00:00.000000,1,51.22,BUY
ADBE,2024-10-22T00:00:00.000000,1,51.22,BUY
ADBE,2024-10-23T00:00:00.000000,1,51.22,BUY
ADBE,2024-10-24T00:00:00.000000,1,51.22,BUY
ADBE,2024-10-25T00:00:00.000000,1,51.22,BUY
ADBE,2024-10-28T00:00:00.000000,1,51.22,BUY
ADBE,2024-10-29T00:00:00.000000,1,51.22,BUY
ADBE,2024-10-30T00:00:00.000000,1,51.22,BUY
ADBE,2024-10-31T00:00:00.000000,1,51.22,BUY
ADBE,2024-11-01T00:00:00.000000,1,51.22,BUY
ADBE,2024-11-04T00:00:00.000000,1,51.22,BUY
ADBE,2024-11-05T00:00:00.000000,1,51.22,BUY
ADBE,2024-11-06T00:00:00.000000,1,51.22,BUY
ADBE,2024-11-07T00:00:00.000000,1,51.22,BUY
ADBE,2024-11-08T00:00:00.000000,1,51.22,BUY
ADBE,2024-11-11T00:00:00.000000,1,51.22,BUY
ADBE,2024-11-12T00:00:00.000000,1,51.22,BUY
ADBE,2024-11-13T00:00:00.000000,1,51.22,BUY
ADBE,2024-11-14T00:00:00.000000,1,51.22,BUY
ADBE,2024-11-15T00:00:00.000000,1,51.22,BUY
ADBE,2024-11-18T00:00:00.000000,1,51.22,BUY
ADBE,2024-11-19T00:00:00.000000,1,50.07,BUY
ADBE,2024-11-20T00:00:00.000000,1,50.07,BUY
ADBE,2024-11-21T00:00:00.000000,1,50.07,BUY
ADBE,2024-11-22T00:00:00.000000,1,50.07,BUY
ADBE,2024-11-25T00:00:00.000000,1,50.07,BUY
ADBE,2024-11-26T00:00:00.000000,0,47.54,SELL
ADBE,2024-11-27T00:00:00.000000,1,47.54,BUY
ADBE,2024-11-29T00:00:00.000000,1,50.07,BUY
ADBE,2024-12-02T00:00:00.000000,1,50.07,BUY
ADBE,2024-12-03T00:00:00.000000,1,50.07,BUY
ADBE,2024-12-04T00:00:00.000000,1,50.07,BUY
ADBE,2024-12-05T00:00:00.000000,0,46.44,SELL
ADBE,2024-12-06T00:00:00.000000,0,44.9,SELL
ADBE,2024-12-09T00:00:00.000000,0,44.32,SELL
ADBE,2024-12-10T00:00:00.000000,0,44.32,SELL
ADBE,2024-12-11T00:00:00.000000,0,46.44,SELL
ADBE,2024-12-12T00:00:00.000000,1,50.07,BUY
ADBE,2024-12-13T00:00:00.000000,1,50.07,BUY
ADBE,2024-12-16T00:00:00.000000,1,51.22,BUY
ADBE,2024-12-17T00:00:00.000000,1,51.22,BUY
ADBE,2024-12-18T00:00:00.000000,1,51.15,BUY
ADBE,2024-12-19T00:00:00.000000,1,51.22,BUY
ADBE,2024-12-20T00:00:00.000000,1,51.22,BUY
AMD,2023-02-21T00:00:00.000000,1,51.22,BUY
AMD,2023-02-22T00:00:00.000000,1,51.22,BUY
AMD,2023-02-23T00:00:00.000000,1,51.22,BUY
AMD,2023-02-24T00:00:00.000000,1,50.07,BUY
AMD,2023-02-27T00:00:00.000000,1,50.07,BUY
AMD,2023-02-28T00:00:00.000000,0,46.44,SELL
AMD,2023-03-01T00:00:00.000000,0,47.54,SELL
AMD,2023-03-02T00:00:00.000000,1,50.07,BUY
AMD,2023-03-03T00:00:00.000000,1,51.22,BUY
AMD,2023-03-06T00:00:00.000000,1,51.22,BUY
AMD,2023-03-07T00:00:00.000000,1,51.22,BUY
AMD,2023-03-08T00:00:00.000000,1,50.07,BUY
AMD,2023-03-09T00:00:00.000000,1,50.0,BUY
AMD,2023-03-10T00:00:00.000000,0,46.44,SELL
AMD,2023-03-13T00:00:00.000000,0,46.44,SELL
AMD,2023-03-14T00:00:00.000000,0,44.32,SELL
AMD,2023-03-15T00:00:00.000000,0,44.32,SELL
AMD,2023-03-16T00:00:00.000000,0,44.32,SELL
AMD,2023-03-17T00:00:00.000000,0,44.32,SELL
AMD,2023-03-20T00:00:00.000000,0,44.32,SELL
AMD,2023-03-21T00:00:00.000000,0,44.32,SELL
AMD,2023-03-22T00:00:00.000000,0,44.9,SELL
AMD,2023-03-23T00:00:00.000000,0,46.44,SELL
AMD,2023-03-24T00:00:00.000000,0,46.44,SELL
AMD,2023-03-27T00:00:00.000000,0,46.44,SELL
AMD,2023-03-28T00:00:00.000000,0,44.32,SELL
AMD,2023-03-29T00:00:00.000000,0,44.9,SELL
AMD,2023-03-30T00:00:00.000000,0,46.44,SELL
AMD,2023-03-31T00:00:00.000000,1,50.07,BUY
AMD,2023-04-03T00:00:00.000000,1,50.07,BUY
AMD,2023-04-04T00:00:00.000000,1,50.07,BUY
AMD,2023-04-05T00:00:00.000000,0,46.44,SELL
AMD,2023-04-06T00:00:00.000000,0,46.44,SELL
AMD,2023-04-10T00:00:00.000000,0,46.44,SELL
AMD,2023-04-11T00:00:00.000000,0,46.44,SELL
AMD,2023-04-12T00:00:00.000000,0,44.32,SELL
AMD,2023-04-13T00:00:00.000000,0,44.32,SELL
AMD,2023-04-14T00:00:00.000000,0,44.32,SELL
AMD,2023-04-17T00:00:00.000000,0,44.32,SELL
AMD,2023-04-18T00:00:00.000000,0,46.44,SELL
AMD,2023-04-19T00:00:00.000000,1,50.0,BUY
AMD,2023-04-20T00:00:00.000000,1,50.07,BUY
AMD,2023-04-21T00:00:00.000000,1,50.0,BUY
AMD,2023-04-24T00:00:00.000000,1,50.07,BUY
AMD,2023-04-25T00:00:00.000000,1,50.07,BUY
AMD,2023-04-26T00:00:00.000000,1,50.07,BUY
AMD,2023-04-27T00:00:00.000000,0,47.54,SELL
AMD,2023-04-28T00:00:00.000000,0,46.44,SELL
AMD,2023-05-01T00:00:00.000000,0,46.44,SELL
AMD,2023-05-02T00:00:00.000000,1,50.07,BUY
AMD,2023-05-03T00:00:00.000000,1,50.07,BUY
AMD,2023-05-04T00:00:00.000000,1,50.07,BUY
AMD,2023-05-05T00:00:00.000000,1,51.22,BUY
AMD,2023-05-08T00:00:00.000000,1,51.22,BUY
AMD,2023-05-09T00:00:00.000000,1,51.22,BUY
AMD,2023-05-10T00:00:00.000000,1,50.07,BUY
AMD,2023-05-11T00:00:00.000000,0,46.44,SELL
AMD,2023-05-12T00:00:00.000000,1,50.0,BUY
AMD,2023-05-15T00:00:00.000000,1,50.07,BUY
AMD,2023-05-16T00:00:00.000000,1,50.07,BUY
AMD,2023-05-17T00:00:00.000000,1,51.22,BUY
AMD,2023-05-18T00:00:00.000000,1,51.22,BUY
AMD,2023-05-19T00:00:00.000000,1,51.22,BUY
AMD,2023-05-22T00:00:00.000000,1,51.22,BUY
AMD,2023-05-23T00:00:00.000000,1,51.22,BUY
AMD,2023-05-24T00:00:00.000000,1,51.22,BUY
AMD,2023-05-25T00:00:00.000000,1,51.22,BUY
AMD,2023-05-26T00:00:00.000000,1,51.22,BUY
AMD,2023-05-30T00:00:00.000000,1,51.22,BUY
AMD,2023-05-31T00:00:00.000000,1,51.22,BUY
AMD,2023-06-01T00:00:00.000000,1,51.22,BUY
AMD,2023-06-02T00:00:00.000000,1,51.22,BUY
AMD,2023-06-05T00:00:00.000000,1,51.22,BUY
AMD,2023-06-06T00:00:00.000000,1,51.22,BUY
AMD,2023-06-07T00:00:00.000000,1,51.22,BUY
AMD,2023-06-08T00:00:00.000000,1,51.15,BUY
AMD,2023-06-09T00:00:00.000000,1,50.07,BUY
AMD,2023-06-12T00:00:00.000000,1,50.07,BUY
AMD,2023-06-13T00:00:00.000000,0,47.54,SELL
AMD,2023-06-14T00:00:00.000000,0,44.9,SELL
AMD,2023-06-15T00:00:00.000000,0,44.32,SELL
AMD,2023-06-16T00:00:00.000000,0,44.32,SELL
AMD,2023-06-20T00:00:00.000000,0,44.32,SELL
AMD,2023-06-21T00:00:00.000000,0,44.32,SELL
AMD,2023-06-22T00:00:00.000000,0,44.32,SELL
AMD,2023-06-23T00:00:00.000000,0,44.32,SELL
AMD,2023-06-26T00:00:00.000000,0,44.32,SELL
AMD,2023-06-27T00:00:00.000000,0,44.32,SELL
AMD,2023-06-28T00:00:00.000000,0,47.54,SELL
AMD,2023-06-29T00:00:00.000000,1,50.07,BUY
AMD,2023-06-30T00:00:00.000000,1,50.07,BUY
AMD,2023-07-03T00:00:00.000000,1,50.07,BUY
AMD,2023-07-05T00:00:00.000000,0,47.54,SELL
AMD,2023-07-06T00:00:00.000000,0,44.9,SELL
AMD,2023-07-07T00:00:00.000000,0,44.32,SELL
AMD,2023-07-10T00:00:00.000000,0,44.32,SELL
AMD,2023-07-11T00:00:00.000000,0,44.32,SELL
AMD,2023-07-12T00:00:00.000000,0,44.32,SELL
AMD,2023-07-13T00:00:00.000000,0,44.32,SELL
AMD,2023-07-14T00:00:00.000000,0,44.32,SELL
AMD,2023-07-17T00:00:00.000000,0,44.32,SELL
AMD,2023-07-18T00:00:00.000000,0,44.32,SELL
AMD,2023-07-19T00:00:00.000000,0,44.32,SELL
AMD,2023-07-20T00:00:00.000000,0,44.32,SELL
AMD,2023-07-21T00:00:00.000000,0,44.32,SELL
AMD,2023-07-24T00:00:00.000000,0,44.32,SELL
AMD,2023-07-25T00:00:00.000000,0,44.32,SELL
AMD,2023-07-26T00:00:00.000000,0,44.32,SELL
AMD,2023-07-27T00:00:00.000000,0,44.32,SELL
AMD,2023-07-28T00:00:00.000000,0,46.44,SELL
AMD,2023-07-31T00:00:00.000000,1,50.0,BUY
AMD,2023-08-01T00:00:00.000000,1,50.07,BUY
AMD,2023-08-02T00:00:00.000000,1,51.15,BUY
AMD,2023-08-03T00:00:00.000000,1,50.07,BUY
AMD,2023-08-04T00:00:00.000000,1,50.07,BUY
AMD,2023-08-07T00:00:00.000000,0,46.44,SELL
AMD,2023-08-08T00:00:00.000000,0,46.44,SELL
AMD,2023-08-09T00:00:00.000000,1,50.0,BUY
AMD,2023-08-10T00:00:00.000000,0,46.44,SELL
AMD,2023-08-11T00:00:00.000000,0,46.44,SELL
AMD,2023-08-14T00:00:00.000000,1,50.07,BUY
AMD,2023-08-15T00:00:00.000000,1,51.22,BUY
AMD,2023-08-16T00:00:00.000000,1,51.22,BUY
AMD,2023-08-17T00:00:00.000000,1,51.22,BUY
AMD,2023-08-18T00:00:00.000000,1,51.22,BUY
AMD,2023-08-21T00:00:00.000000,1,51.22,BUY
AMD,2023-08-22T00:00:00.000000,1,51.22,BUY
AMD,2023-08-23T00:00:00.000000,1,51.22,BUY
AMD,2023-08-24T00:00:00.000000,1,51.22,BUY
AMD,2023-08-25T00:00:00.000000,1,51.22,BUY
AMD,2023-08-28T00:00:00.000000,1,51.22,BUY
AMD,2023-08-29T00:00:00.000000,1,51.22,BUY
AMD,2023-08-30T00:00:00.000000,1,51.22,BUY
AMD,2023-08-31T00:00:00.000000,1,51.22,BUY
AMD,2023-09-01T00:00:00.000000,1,51.22,BUY
AMD,2023-09-05T00:00:00.000000,1,51.22,BUY
AMD,2023-09-06T00:00:00.000000,1,51.22,BUY
AMD,2023-09-07T00:00:00.000000,1,50.07,BUY
AMD,2023-09-08T00:00:00.000000,1,51.15,BUY
AMD,2023-09-11T00:00:00.000000,1,47.54,BUY
AMD,2023-09-12T00:00:00.000000,0,46.44,SELL
AMD,2023-09-13T00:00:00.000000,0,46.44,SELL
AMD,2023-09-14T00:00:00.000000,1,50.07,BUY
AMD,2023-09-15T00:00:00.000000,1,50.07,BUY
AMD,2023-09-18T00:00:00.000000,1,51.15,BUY
AMD,2023-09-19T00:00:00.000000,1,51.22,BUY
AMD,2023-09-20T00:00:00.000000,1,51.22,BUY
AMD,2023-09-21T00:00:00.000000,1,51.22,BUY
AMD,2023-09-22T00:00:00.000000,1,51.22,BUY
AMD,2023-09-25T00:00:00.000000,1,51.22,BUY
AMD,2023-09-26T00:00:00.000000,1,51.22,BUY
AMD,2023-09-27T00:00:00.000000,1,51.22,BUY
AMD,2023-09-28T00:00:00.000000,1,51.22,BUY
AMD,2023-09-29T00:00:00.000000,1,51.22,BUY
AMD,2023-10-02T00:00:00.000000,1,51.22,BUY
AMD,2023-10-03T00:00:00.000000,1,51.22,BUY
AMD,2023-10-04T00:00:00.000000,1,51.22,BUY
AMD,2023-10-05T00:00:00.000000,1,51.22,BUY
AMD,2023-10-06T00:00:00.000000,1,51.22,BUY
AMD,2023-10-09T00:00:00.000000,1,51.22,BUY
AMD,2023-10-10T00:00:00.000000,1,51.22,BUY
AMD,2023-10-11T00:00:00.000000,1,50.07,BUY
AMD,2023-10-12T00:00:00.000000,1,50.07,BUY
AMD,2023-10-13T00:00:00.000000,1,51.15,BUY
AMD,2023-10-16T00:00:00.000000,1,51.22,BUY
AMD,2023-10-17T00:00:00.000000,1,51.22,BUY
AMD,2023-10-18T00:00:00.000000,1,51.22,BUY
AMD,2023-10-19T00:00:00.000000,1,51.22,BUY
AMD,2023-10-20T00:00:00.000000,1,51.22,BUY
AMD,2023-10-23T00:00:00.000000,1,51.22,BUY
AMD,2023-10-24T00:00:00.000000,1,51.22,BUY
AMD,2023-10-25T00:00:00.000000,1,51.22,BUY
AMD,2023-10-26T00:00:00.000000,1,51.22,BUY
AMD,2023-10-27T00:00:00.000000,1,51.22,BUY
AMD,2023-10-30T00:00:00.000000,1,51.22,BUY
AMD,2023-10-31T00:00:00.000000,1,51.22,BUY
AMD,2023-11-01T00:00:00.000000,1,51.22,BUY
AMD,2023-11-02T00:00:00.000000,1,51.22,BUY
AMD,2023-11-03T00:00:00.000000,1,51.22,BUY
AMD,2023-11-06T00:00:00.000000,1,51.22,BUY
AMD,2023-11-07T00:00:00.000000,1,51.22,BUY
AMD,2023-11-08T00:00:00.000000,1,51.22,BUY
AMD,2023-11-09T00:00:00.000000,1,50.07,BUY
AMD,2023-11-10T00:00:00.000000,0,46.44,SELL
AMD,2023-11-13T00:00:00.000000,0,44.32,SELL
AMD,2023-11-14T00:00:00.000000,0,44.32,SELL
AMD,2023-11-15T00:00:00.000000,0,44.32,SELL
AMD,2023-11-16T00:00:00.000000,0,44.32,SELL
AMD,2023-11-17T00:00:00.000000,0,44.32,SELL
AMD,2023-11-20T00:00:00.000000,0,46.44,SELL
AMD,2023-11-21T00:00:00.000000,0,46.44,SELL
AMD,2023-11-22T00:00:00.000000,0,46.44,SELL
AMD,2023-11-24T00:00:00.000000,0,46.44,SELL
AMD,2023-11-27T00:00:00.000000,0,44.32,SELL
AMD,2023-11-28T00:00:00.000000,0,44.32,SELL
AMD,2023-11-29T00:00:00.000000,0,44.32,SELL
AMD,2023-11-30T00:00:00.000000,0,44.32,SELL
AMD,2023-12-01T00:00:00.000000,0,44.32,SELL
AMD,2023-12-04T00:00:00.000000,0,44.32,SELL
AMD,2023-12-05T00:00:00.000000,0,44.32,SELL
AMD,2023-12-06T00:00:00.000000,0,44.32,SELL
AMD,2023-12-07T00:00:00.000000,0,44.32,SELL
AMD,2023-12-08T00:00:00.000000,0,44.32,SELL
AMD,2023-12-11T00:00:00.000000,0,44.32,SELL
AMD,2023-12-12T00:00:00.000000,0,44.32,SELL
AMD,2023-12-13T00:00:00.000000,0,44.32,SELL
AMD,2023-12-14T00:00:00.000000,0,44.32,SELL
AMD,2023-12-15T00:00:00.000000,0,44.32,SELL
AMD,2023-12-18T00:00:00.000000,0,43.6,SELL
AMD,2023-12-19T00:00:00.000000,0,43.6,SELL
AMD,2023-12-20T00:00:00.000000,0,43.6,SELL
AMD,2023-12-21T00:00:00.000000,0,43.6,SELL
AMD,2023-12-22T00:00:00.000000,0,44.32,SELL
AMD,2023-12-26T00:00:00.000000,0,44.32,SELL
AMD,2023-12-27T00:00:00.000000,0,44.32,SELL
AMD,2023-12-28T00:00:00.000000,0,44.32,SELL
AMD,2023-12-29T00:00:00.000000,0,44.32,SELL
AMD,2024-01-02T00:00:00.000000,0,44.32,SELL
AMD,2024-01-03T00:00:00.000000,0,44.32,SELL
AMD,2024-01-04T00:00:00.000000,0,44.32,SELL
AMD,2024-01-05T00:00:00.000000,0,44.32,SELL
AMD,2024-01-08T00:00:00.000000,0,44.32,SELL
AMD,2024-01-09T00:00:00.000000,0,44.32,SELL
AMD,2024-01-10T00:00:00.000000,0,44.32,SELL
AMD,2024-01-11T00:00:00.000000,0,44.32,SELL
AMD,2024-01-12T00:00:00.000000,0,44.32,SELL
AMD,2024-01-16T00:00:00.000000,0,44.32,SELL
AMD,2024-01-17T00:00:00.000000,0,44.32,SELL
AMD,2024-01-18T00:00:00.000000,0,44.32,SELL
AMD,2024-01-19T00:00:00.000000,0,44.32,SELL
AMD,2024-01-22T00:00:00.000000,0,43.6,SELL
AMD,2024-01-23T00:00:00.000000,0,41.9,SELL
AMD,2024-01-24T00:00:00.000000,0,43.59,SELL
AMD,2024-01-25T00:00:00.000000,0,43.6,SELL
AMD,2024-01-26T00:00:00.000000,0,43.6,SELL
AMD,2024-01-29T00:00:00.000000,0,43.6,SELL
AMD,2024-01-30T00:00:00.000000,0,44.32,SELL
AMD,2024-01-31T00:00:00.000000,0,44.32,SELL
AMD,2024-02-01T00:00:00.000000,0,44.32,SELL
AMD,2024-02-02T00:00:00.000000,0,46.44,SELL
AMD,2024-02-05T00:00:00.000000,0,46.44,SELL
AMD,2024-02-06T00:00:00.000000,0,44.9,SELL
AMD,2024-02-07T00:00:00.000000,0,46.44,SELL
AMD,2024-02-08T00:00:00.000000,1,50.07,BUY
AMD,2024-02-09T00:00:00.000000,1,50.07,BUY
AMD,2024-02-12T00:00:00.000000,1,50.07,BUY
AMD,2024-02-13T00:00:00.000000,1,50.07,BUY
AMD,2024-02-14T00:00:00.000000,1,50.07,BUY
AMD,2024-02-15T00:00:00.000000,1,50.0,BUY
AMD,2024-02-16T00:00:00.000000,0,47.54,SELL
AMD,2024-02-20T00:00:00.000000,1,50.07,BUY
AMD,2024-02-21T00:00:00.000000,1,50.07,BUY
AMD,2024-02-22T00:00:00.000000,1,50.07,BUY
AMD,2024-02-23T00:00:00.000000,1,50.07,BUY
AMD,2024-02-26T00:00:00.000000,1,50.07,BUY
AMD,2024-02-27T00:00:00.000000,0,47.54,SELL
AMD,2024-02-28T00:00:00.000000,0,46.44,SELL
AMD,2024-02-29T00:00:00.000000,0,44.32,SELL
AMD,2024-03-01T00:00:00.000000,0,44.32,SELL
AMD,2024-03-04T00:00:00.000000,0,44.32,SELL
AMD,2024-03-05T00:00:00.000000,0,44.32,SELL
AMD,2024-03-06T00:00:00.000000,0,43.59,SELL
AMD,2024-03-07T00:00:00.000000,0,41.9,SELL
AMD,2024-03-08T00:00:00.000000,0,41.9,SELL
AMD,2024-03-11T00:00:00.000000,0,43.59,SELL
AMD,2024-03-12T00:00:00.000000,0,43.6,SELL
AMD,2024-03-13T00:00:00.000000,0,44.32,SELL
AMD,2024-03-14T00:00:00.000000,0,44.32,SELL
AMD,2024-03-15T00:00:00.000000,1,50.07,BUY
AMD,2024-03-18T00:00:00.000000,1,51.22,BUY
AMD,2024-03-19T00:00:00.000000,1,51.22,BUY
AMD,2024-03-20T00:00:00.000000,1,51.22,BUY
AMD,2024-03-21T00:00:00.000000,1,51.22,BUY
AMD,2024-03-22T00:00:00.000000,1,51.22,BUY
AMD,2024-03-25T00:00:00.000000,1,51.22,BUY
AMD,2024-03-26T00:00:00.000000,1,51.22,BUY
AMD,2024-03-27T00:00:00.000000,1,51.22,BUY
AMD,2024-03-28T00:00:00.000000,1,51.22,BUY
AMD,2024-04-01T00:00:00.000000,1,51.22,BUY
AMD,2024-04-02T00:00:00.000000,1,51.22,BUY
AMD,2024-04-03T00:00:00.000000,1,51.22,BUY
AMD,2024-04-04T00:00:00.000000,1,51.22,BUY
AMD,2024-04-05T00:00:00.000000,1,51.22,BUY
AMD,2024-04-08T00:00:00.000000,1,51.22,BUY
AMD,2024-04-09T00:00:00.000000,1,51.22,BUY
AMD,2024-04-10T00:00:00.000000,1,51.22,BUY
AMD,2024-04-11T00:00:00.000000,1,51.22,BUY
AMD,2024-04-12T00:00:00.000000,1,51.22,BUY
AMD,2024-04-15T00:00:00.000000,1,51.22,BUY
AMD,2024-04-16T00:00:00.000000,1,51.22,BUY
AMD,2024-04-17T00:00:00.000000,1,51.22,BUY
AMD,2024-04-18T00:00:00.000000,1,51.22,BUY
AMD,2024-04-19T00:00:00.000000,1,51.22,BUY
AMD,2024-04-22T00:00:00.000000,1,51.22,BUY
AMD,2024-04-23T00:00:00.000000,1,51.22,BUY
AMD,2024-04-24T00:00:00.000000,1,51.22,BUY
AMD,2024-04-25T00:00:00.000000,1,51.22,BUY
AMD,2024-04-26T00:00:00.000000,1,51.22,BUY
AMD,2024-04-29T00:00:00.000000,1,51.22,BUY
AMD,2024-04-30T00:00:00.000000,1,51.22,BUY
AMD,2024-05-01T00:00:00.000000,1,51.22,BUY
AMD,2024-05-02T00:00:00.000000,1,51.22,BUY
AMD,2024-05-03T00:00:00.000000,1,51.22,BUY
AMD,2024-05-06T00:00:00.000000,1,51.22,BUY
AMD,2024-05-07T00:00:00.000000,1,51.22,BUY
AMD,2024-05-08T00:00:00.000000,1,51.22,BUY
AMD,2024-05-09T00:00:00.000000,1,51.22,BUY
AMD,2024-05-10T00:00:00.000000,1,51.22,BUY
AMD,2024-05-13T00:00:00.000000,1,51.22,BUY
AMD,2024-05-14T00:00:00.000000,1,51.22,BUY
AMD,2024-05-15T00:00:00.000000,1,51.22,BUY
AMD,2024-05-16T00:00:00.000000,1,51.22,BUY
AMD,2024-05-17T00:00:00.000000,1,51.15,BUY
AMD,2024-05-20T00:00:00.000000,0,46.44,SELL
AMD,2024-05-21T00:00:00.000000,0,44.9,SELL
AMD,2024-05-22T00:00:00.000000,0,44.32,SELL
AMD,2024-05-23T00:00:00.000000,0,44.32,SELL
AMD,2024-05-24T00:00:00.000000,0,46.44,SELL
AMD,2024-05-28T00:00:00.000000,0,47.54,SELL
AMD,2024-05-29T00:00:00.000000,1,50.07,BUY
AMD,2024-05-30T00:00:00.000000,1,50.07,BUY
AMD,2024-05-31T00:00:00.000000,1,51.22,BUY
AMD,2024-06-03T00:00:00.000000,1,51.22,BUY
AMD,2024-06-04T00:00:00.000000,1,51.22,BUY
AMD,2024-06-05T00:00:00.000000,1,51.22,BUY
AMD,2024-06-06T00:00:00.000000,1,51.22,BUY
AMD,2024-06-07T00:00:00.000000,1,51.22,BUY
AMD,2024-06-10T00:00:00.000000,1,51.22,BUY
AMD,2024-06-11T00:00:00.000000,1,51.22,BUY
AMD,2024-06-12T00:00:00.000000,1,51.22,BUY
AMD,2024-06-13T00:00:00.000000,1,51.22,BUY
AMD,2024-06-14T00:00:00.000000,1,51.22,BUY
AMD,2024-06-17T00:00:00.000000,1,51.22,BUY
AMD,2024-06-18T00:00:00.000000,1,51.22,BUY
AMD,2024-06-20T00:00:00.000000,1,51.22,BUY
AMD,2024-06-21T00:00:00.000000,1,51.22,BUY
AMD,2024-06-24T00:00:00.000000,1,51.22,BUY
AMD,2024-06-25T00:00:00.000000,1,51.22,BUY
AMD,2024-06-26T00:00:00.000000,1,51.22,BUY
AMD,2024-06-27T00:00:00.000000,1,51.22,BUY
AMD,2024-06-28T00:00:00.000000,1,51.22,BUY
AMD,2024-07-01T00:00:00.000000,1,51.22,BUY
AMD,2024-07-02T00:00:00.000000,1,51.22,BUY
AMD,2024-07-03T00:00:00.000000,1,51.22,BUY
AMD,2024-07-05T00:00:00.000000,1,51.22,BUY
AMD,2024-07-08T00:00:00.000000,1,51.22,BUY
AMD,2024-07-09T00:00:00.000000,1,51.22,BUY
AMD,2024-07-10T00:00:00.000000,1,50.07,BUY
AMD,2024-07-11T00:00:00.000000,1,50.07,BUY
AMD,2024-07-12T00:00:00.000000,0,46.44,SELL
AMD,2024-07-15T00:00:00.000000,0,46.44,SELL
AMD,2024-07-16T00:00:00.000000,0,47.54,SELL
AMD,2024-07-17T00:00:00.000000,0,46.44,SELL
AMD,2024-07-18T00:00:00.000000,0,46.44,SELL
AMD,2024-07-19T00:00:00.000000,1,50.0,BUY
AMD,2024-07-22T00:00:00.000000,1,50.07,BUY
AMD,2024-07-23T00:00:00.000000,1,51.22,BUY
AMD,2024-07-24T00:00:00.000000,1,51.22,BUY
AMD,2024-07-25T00:00:00.000000,1,51.22,BUY
AMD,2024-07-26T00:00:00.000000,1,51.22,BUY
AMD,2024-07-29T00:00:00.000000,1,51.22,BUY
AMD,2024-07-30T00:00:00.000000,1,51.22,BUY
AMD,2024-07-31T00:00:00.000000,1,51.22,BUY
AMD,2024-08-01T00:00:00.000000,1,50.07,BUY
AMD,2024-08-02T00:00:00.000000,0,46.44,SELL
AMD,2024-08-05T00:00:00.000000,0,46.44,SELL
AMD,2024-08-06T00:00:00.000000,1,51.22,BUY
AMD,2024-08-07T00:00:00.000000,1,51.22,BUY
AMD,2024-08-08T00:00:00.000000,1,50.07,BUY
AMD,2024-08-09T00:00:00.000000,1,50.07,BUY
AMD,2024-08-12T00:00:00.000000,1,50.07,BUY
AMD,2024-08-13T00:00:00.000000,1,50.07,BUY
AMD,2024-08-14T00:00:00.000000,1,51.22,BUY
AMD,2024-08-15T00:00:00.000000,1,51.22,BUY
AMD,2024-08-16T00:00:00.000000,1,51.22,BUY
AMD,2024-08-19T00:00:00.000000,1,51.22,BUY
AMD,2024-08-20T00:00:00.000000,1,51.22,BUY
AMD,2024-08-21T00:00:00.000000,1,51.22,BUY
AMD,2024-08-22T00:00:00.000000,1,51.22,BUY
AMD,2024-08-23T00:00:00.000000,1,51.15,BUY
AMD,2024-08-26T00:00:00.000000,1,50.07,BUY
AMD,2024-08-27T00:00:00.000000,1,50.07,BUY
AMD,2024-08-28T00:00:00.000000,1,51.22,BUY
AMD,2024-08-29T00:00:00.000000,1,51.22,BUY
AMD,2024-08-30T00:00:00.000000,1,51.22,BUY
AMD,2024-09-03T00:00:00.000000,1,51.22,BUY
AMD,2024-09-04T00:00:00.000000,1,51.22,BUY
AMD,2024-09-05T00:00:00.000000,1,51.22,BUY
AMD,2024-09-06T00:00:00.000000,1,51.22,BUY
AMD,2024-09-09T00:00:00.000000,1,51.22,BUY
AMD,2024-09-10T00:00:00.000000,1,51.22,BUY
AMD,2024-09-11T00:00:00.000000,1,51.22,BUY
AMD,2024-09-12T00:00:00.000000,1,51.22,BUY
AMD,2024-09-13T00:00:00.000000,1,51.15,BUY
AMD,2024-09-16T00:00:00.000000,1,50.07,BUY
AMD,2024-09-17T00:00:00.000000,1,51.22,BUY
AMD,2024-09-18T00:00:00.000000,1,51.15,BUY
AMD,2024-09-19T00:00:00.000000,1,51.15,BUY
AMD,2024-09-20T00:00:00.000000,1,50.07,BUY
AMD,2024-09-23T00:00:00.000000,0,46.44,SELL
AMD,2024-09-24T00:00:00.000000,0,46.44,SELL
AMD,2024-09-25T00:00:00.000000,0,46.44,SELL
AMD,2024-09-26T00:00:00.000000,0,46.44,SELL
AMD,2024-09-27T00:00:00.000000,0,46.44,SELL
AMD,2024-09-30T00:00:00.000000,0,46.44,SELL
AMD,2024-10-01T00:00:00.000000,0,46.44,SELL
AMD,2024-10-02T00:00:00.000000,0,44.9,SELL
AMD,2024-10-03T00:00:00.000000,0,44.32,SELL
AMD,2024-10-04T00:00:00.000000,0,46.44,SELL
AMD,2024-10-07T00:00:00.000000,0,46.44,SELL
AMD,2024-10-08T00:00:00.000000,0,46.44,SELL
AMD,2024-10-09T00:00:00.000000,0,46.44,SELL
AMD,2024-10-10T00:00:00.000000,0,44.9,SELL
AMD,2024-10-11T00:00:00.000000,0,46.44,SELL
AMD,2024-10-14T00:00:00.000000,0,46.44,SELL
AMD,2024-10-15T00:00:00.000000,1,47.54,BUY
AMD,2024-10-16T00:00:00.000000,1,50.0,BUY
AMD,2024-10-17T00:00:00.000000,1,50.0,BUY
AMD,2024-10-18T00:00:00.000000,1,50.07,BUY
AMD,2024-10-21T00:00:00.000000,1,50.07,BUY
AMD,2024-10-22T00:00:00.000000,1,51.22,BUY
AMD,2024-10-23T00:00:00.000000,1,51.22,BUY
AMD,2024-10-24T00:00:00.000000,1,51.22,BUY
AMD,2024-10-25T00:00:00.000000,1,51.22,BUY
AMD,2024-10-28T00:00:00.000000,1,51.22,BUY
AMD,2024-10-29T00:00:00.000000,1,51.22,BUY
AMD,2024-10-30T00:00:00.000000,1,50.07,BUY
AMD,2024-10-31T00:00:00.000000,1,50.07,BUY
AMD,2024-11-01T00:00:00.000000,0,47.54,SELL
AMD,2024-11-04T00:00:00.000000,0,46.44,SELL
AMD,2024-11-05T00:00:00.000000,1,50.07,BUY
AMD,2024-11-06T00:00:00.000000,0,46.44,SELL
AMD,2024-11-07T00:00:00.000000,0,46.44,SELL
AMD,2024-11-08T00:00:00.000000,0,44.9,SELL
AMD,2024-11-11T00:00:00.000000,0,44.9,SELL
AMD,2024-11-12T00:00:00.000000,0,46.44,SELL
AMD,2024-11-13T00:00:00.000000,1,50.07,BUY
AMD,2024-11-14T00:00:00.000000,1,50.0,BUY
AMD,2024-11-15T00:00:00.000000,0,46.44,SELL
AMD,2024-11-18T00:00:00.000000,0,46.44,SELL
AMD,2024-11-19T00:00:00.000000,0,44.9,SELL
AMD,2024-11-20T00:00:00.000000,0,44.9,SELL
AMD,2024-11-21T00:00:00.000000,0,46.44,SELL
AMD,2024-11-22T00:00:00.000000,1,50.07,BUY
AMD,2024-11-25T00:00:00.000000,1,50.07,BUY
AMD,2024-11-26T00:00:00.000000,1,50.07,BUY
AMD,2024-11-27T00:00:00.000000,1,50.07,BUY
AMD,2024-11-29T00:00:00.000000,1,50.07,BUY
AMD,2024-12-02T00:00:00.000000,1,50.07,BUY
AMD,2024-12-03T00:00:00.000000,1,50.0,BUY
AMD,2024-12-04T00:00:00.000000,1,50.0,BUY
AMD,2024-12-05T00:00:00.000000,1,50.07,BUY
AMD,2024-12-06T00:00:00.000000,0,46.44,SELL
AMD,2024-12-09T00:00:00.000000,0,46.44,SELL
AMD,2024-12-10T00:00:00.000000,0,46.44,SELL
AMD,2024-12-11T00:00:00.000000,0,47.54,SELL
AMD,2024-12-12T00:00:00.000000,1,50.07,BUY
AMD,2024-12-13T00:00:00.000000,1,50.07,BUY
AMD,2024-12-16T00:00:00.000000,1,50.07,BUY
AMD,2024-12-17T00:00:00.000000,1,51.22,BUY
AMD,2024-12-18T00:00:00.000000,1,51.22,BUY
AMD,2024-12-19T00:00:00.000000,1,51.22,BUY
AMD,2024-12-20T00:00:00.000000,1,51.22,BUY
AMZN,2023-02-21T00:00:00.000000,1,51.22,BUY
AMZN,2023-02-22T00:00:00.000000,1,51.22,BUY
AMZN,2023-02-23T00:00:00.000000,1,51.22,BUY
AMZN,2023-02-24T00:00:00.000000,1,51.22,BUY
AMZN,2023-02-27T00:00:00.000000,1,51.22,BUY
AMZN,2023-02-28T00:00:00.000000,1,51.22,BUY
AMZN,2023-03-01T00:00:00.000000,1,51.22,BUY
AMZN,2023-03-02T00:00:00.000000,1,51.22,BUY
AMZN,2023-03-03T00:00:00.000000,1,51.22,BUY
AMZN,2023-03-06T00:00:00.000000,1,51.22,BUY
AMZN,2023-03-07T00:00:00.000000,1,51.22,BUY
AMZN,2023-03-08T00:00:00.000000,1,51.22,BUY
AMZN,2023-03-09T00:00:00.000000,1,51.22,BUY
AMZN,2023-03-10T00:00:00.000000,1,51.22,BUY
AMZN,2023-03-13T00:00:00.000000,1,51.22,BUY
AMZN,2023-03-14T00:00:00.000000,1,51.22,BUY
AMZN,2023-03-15T00:00:00.000000,1,51.22,BUY
AMZN,2023-03-16T00:00:00.000000,1,51.22,BUY
AMZN,2023-03-17T00:00:00.000000,1,51.22,BUY
AMZN,2023-03-20T00:00:00.000000,1,51.22,BUY
AMZN,2023-03-21T00:00:00.000000,1,51.22,BUY
AMZN,2023-03-22T00:00:00.000000,1,51.22,BUY
AMZN,2023-03-23T00:00:00.000000,1,51.22,BUY
AMZN,2023-03-24T00:00:00.000000,1,51.22,BUY
AMZN,2023-03-27T00:00:00.000000,1,51.22,BUY
AMZN,2023-03-28T00:00:00.000000,1,51.22,BUY
AMZN,2023-03-29T00:00:00.000000,1,51.22,BUY
AMZN,2023-03-30T00:00:00.000000,1,51.22,BUY
AMZN,2023-03-31T00:00:00.000000,1,51.22,BUY
AMZN,2023-04-03T00:00:00.000000,1,51.22,BUY
AMZN,2023-04-04T00:00:00.000000,1,50.07,BUY
AMZN,2023-04-05T00:00:00.000000,1,50.07,BUY
AMZN,2023-04-06T00:00:00.000000,0,46.44,SELL
AMZN,2023-04-10T00:00:00.000000,0,44.32,SELL
AMZN,2023-04-11T00:00:00.000000,0,44.32,SELL
AMZN,2023-04-12T00:00:00.000000,0,44.32,SELL
AMZN,2023-04-13T00:00:00.000000,0,44.32,SELL
AMZN,2023-04-14T00:00:00.000000,0,44.32,SELL
AMZN,2023-04-17T00:00:00.000000,0,44.32,SELL
AMZN,2023-04-18T00:00:00.000000,0,44.32,SELL
AMZN,2023-04-19T00:00:00.000000,0,44.9,SELL
AMZN,2023-04-20T00:00:00.000000,0,46.44,SELL
AMZN,2023-04-21T00:00:00.000000,0,46.44,SELL
AMZN,2023-04-24T00:00:00.000000,0,44.9,SELL
AMZN,2023-04-25T00:00:00.000000,0,44.32,SELL
AMZN,2023-04-26T00:00:00.000000,0,44.32,SELL
AMZN,2023-04-27T00:00:00.000000,0,44.32,SELL
AMZN,2023-04-28T00:00:00.000000,0,44.32,SELL
AMZN,2023-05-01T00:00:00.000000,0,44.32,SELL
AMZN,2023-05-02T00:00:00.000000,0,46.44,SELL
AMZN,2023-05-03T00:00:00.000000,1,50.07,BUY
AMZN,2023-05-04T00:00:00.000000,1,51.22,BUY
AMZN,2023-05-05T00:00:00.000000,1,51.22,BUY
AMZN,2023-05-08T00:00:00.000000,1,51.22,BUY
AMZN,2023-05-09T00:00:00.000000,1,51.22,BUY
AMZN,2023-05-10T00:00:00.000000,1,51.22,BUY
AMZN,2023-05-11T00:00:00.000000,1,51.22,BUY
AMZN,2023-05-12T00:00:00.000000,1,51.22,BUY
AMZN,2023-05-15T00:00:00.000000,1,51.22,BUY
AMZN,2023-05-16T00:00:00.000000,1,50.07,BUY
AMZN,2023-05-17T00:00:00.000000,1,50.07,BUY
AMZN,2023-05-18T00:00:00.000000,0,46.44,SELL
AMZN,2023-05-19T00:00:00.000000,0,46.44,SELL
AMZN,2023-05-22T00:00:00.000000,1,50.07,BUY
AMZN,2023-05-23T00:00:00.000000,1,50.07,BUY
AMZN,2023-05-24T00:00:00.000000,1,51.15,BUY
AMZN,2023-05-25T00:00:00.000000,1,51.22,BUY
AMZN,2023-05-26T00:00:00.000000,1,51.22,BUY
AMZN,2023-05-30T00:00:00.000000,1,51.22,BUY
AMZN,2023-05-31T00:00:00.000000,1,51.22,BUY
AMZN,2023-06-01T00:00:00.000000,1,51.22,BUY
AMZN,2023-06-02T00:00:00.000000,1,51.22,BUY
AMZN,2023-06-05T00:00:00.000000,1,51.22,BUY
AMZN,2023-06-06T00:00:00.000000,1,50.07,BUY
AMZN,2023-06-07T00:00:00.000000,1,50.07,BUY
AMZN,2023-06-08T00:00:00.000000,1,50.0,BUY
AMZN,2023-06-09T00:00:00.000000,0,46.44,SELL
AMZN,2023-06-12T00:00:00.000000,0,44.9,SELL
AMZN,2023-06-13T00:00:00.000000,0,44.32,SELL
AMZN,2023-06-14T00:00:00.000000,0,44.32,SELL
AMZN,2023-06-15T00:00:00.000000,0,44.32,SELL
AMZN,2023-06-16T00:00:00.000000,0,44.32,SELL
AMZN,2023-06-20T00:00:00.000000,0,44.32,SELL
AMZN,2023-06-21T00:00:00.000000,0,44.32,SELL
AMZN,2023-06-22T00:00:00.000000,0,44.32,SELL
AMZN,2023-06-23T00:00:00.000000,0,44.32,SELL
AMZN,2023-06-26T00:00:00.000000,0,44.32,SELL
AMZN,2023-06-27T00:00:00.000000,0,44.32,SELL
AMZN,2023-06-28T00:00:00.000000,0,44.32,SELL
AMZN,2023-06-29T00:00:00.000000,0,44.32,SELL
AMZN,2023-06-30T00:00:00.000000,0,44.32,SELL
AMZN,2023-07-03T00:00:00.000000,0,44.32,SELL
AMZN,2023-07-05T00:00:00.000000,0,44.32,SELL
AMZN,2023-07-06T00:00:00.000000,0,44.32,SELL
AMZN,2023-07-07T00:00:00.000000,0,44.32,SELL
AMZN,2023-07-10T00:00:00.000000,0,44.32,SELL
AMZN,2023-07-11T00:00:00.000000,0,44.32,SELL
AMZN,2023-07-12T00:00:00.000000,0,44.32,SELL
AMZN,2023-07-13T00:00:00.000000,0,44.32,SELL
AMZN,2023-07-14T00:00:00.000000,0,44.32,SELL
AMZN,2023-07-17T00:00:00.000000,0,44.32,SELL
AMZN,2023-07-18T00:00:00.000000,0,44.32,SELL
AMZN,2023-07-19T00:00:00.000000,0,44.32,SELL
AMZN,2023-07-20T00:00:00.000000,0,44.32,SELL
AMZN,2023-07-21T00:00:00.000000,0,44.32,SELL
AMZN,2023-07-24T00:00:00.000000,0,44.32,SELL
AMZN,2023-07-25T00:00:00.000000,0,43.6,SELL
AMZN,2023-07-26T00:00:00.000000,0,43.6,SELL
AMZN,2023-07-27T00:00:00.000000,0,44.32,SELL
AMZN,2023-07-28T00:00:00.000000,0,44.32,SELL
AMZN,2023-07-31T00:00:00.000000,0,44.32,SELL
AMZN,2023-08-01T00:00:00.000000,0,44.32,SELL
AMZN,2023-08-02T00:00:00.000000,0,44.32,SELL
AMZN,2023-08-03T00:00:00.000000,0,44.32,SELL
AMZN,2023-08-04T00:00:00.000000,0,44.32,SELL
AMZN,2023-08-07T00:00:00.000000,0,44.32,SELL
AMZN,2023-08-08T00:00:00.000000,0,44.32,SELL
AMZN,2023-08-09T00:00:00.000000,0,44.32,SELL
AMZN,2023-08-10T00:00:00.000000,0,44.32,SELL
AMZN,2023-08-11T00:00:00.000000,0,44.32,SELL
AMZN,2023-08-14T00:00:00.000000,0,44.32,SELL
AMZN,2023-08-15T00:00:00.000000,0,46.44,SELL
AMZN,2023-08-16T00:00:00.000000,0,46.44,SELL
AMZN,2023-08-17T00:00:00.000000,0,46.44,SELL
AMZN,2023-08-18T00:00:00.000000,0,44.9,SELL
AMZN,2023-08-21T00:00:00.000000,0,47.54,SELL
AMZN,2023-08-22T00:00:00.000000,1,50.07,BUY
AMZN,2023-08-23T00:00:00.000000,1,51.22,BUY
AMZN,2023-08-24T00:00:00.000000,1,51.22,BUY
AMZN,2023-08-25T00:00:00.000000,1,51.22,BUY
AMZN,2023-08-28T00:00:00.000000,1,51.22,BUY
AMZN,2023-08-29T00:00:00.000000,1,51.22,BUY
AMZN,2023-08-30T00:00:00.000000,1,51.22,BUY
AMZN,2023-08-31T00:00:00.000000,1,50.07,BUY
AMZN,2023-09-01T00:00:00.000000,0,47.54,SELL
AMZN,2023-09-05T00:00:00.000000,0,46.44,SELL
AMZN,2023-09-06T00:00:00.000000,0,46.44,SELL
AMZN,2023-09-07T00:00:00.000000,0,44.32,SELL
AMZN,2023-09-08T00:00:00.000000,0,46.44,SELL
AMZN,2023-09-11T00:00:00.000000,0,44.32,SELL
AMZN,2023-09-12T00:00:00.000000,0,44.32,SELL
AMZN,2023-09-13T00:00:00.000000,0,44.32,SELL
AMZN,2023-09-14T00:00:00.000000,0,46.44,SELL
AMZN,2023-09-15T00:00:00.000000,1,50.07,BUY
AMZN,2023-09-18T00:00:00.000000,1,51.15,BUY
AMZN,2023-09-19T00:00:00.000000,1,51.22,BUY
AMZN,2023-09-20T00:00:00.000000,1,51.22,BUY
AMZN,2023-09-21T00:00:00.000000,1,51.22,BUY
AMZN,2023-09-22T00:00:00.000000,1,51.22,BUY
AMZN,2023-09-25T00:00:00.000000,1,50.07,BUY
AMZN,2023-09-26T00:00:00.000000,1,51.22,BUY
AMZN,2023-09-27T00:00:00.000000,1,51.22,BUY
AMZN,2023-09-28T00:00:00.000000,1,51.22,BUY
AMZN,2023-09-29T00:00:00.000000,1,51.22,BUY
AMZN,2023-10-02T00:00:00.000000,1,51.22,BUY
AMZN,2023-10-03T00:00:00.000000,1,51.22,BUY
AMZN,2023-10-04T00:00:00.000000,1,51.22,BUY
AMZN,2023-10-05T00:00:00.000000,1,51.22,BUY
AMZN,2023-10-06T00:00:00.000000,1,51.22,BUY
AMZN,2023-10-09T00:00:00.000000,1,51.22,BUY
AMZN,2023-10-10T00:00:00.000000,1,51.22,BUY
AMZN,2023-10-11T00:00:00.000000,1,51.22,BUY
AMZN,2023-10-12T00:00:00.000000,1,51.22,BUY
AMZN,2023-10-13T00:00:00.000000,1,51.22,BUY
AMZN,2023-10-16T00:00:00.000000,1,50.07,BUY
AMZN,2023-10-17T00:00:00.000000,1,50.07,BUY
AMZN,2023-10-18T00:00:00.000000,0,46.44,SELL
AMZN,2023-10-19T00:00:00.000000,0,44.9,SELL
AMZN,2023-10-20T00:00:00.000000,0,44.32,SELL
AMZN,2023-10-23T00:00:00.000000,0,46.44,SELL
AMZN,2023-10-24T00:00:00.000000,1,50.07,BUY
AMZN,2023-10-25T00:00:00.000000,1,51.22,BUY
AMZN,2023-10-26T00:00:00.000000,1,51.22,BUY
AMZN,2023-10-27T00:00:00.000000,1,51.22,BUY
AMZN,2023-10-30T00:00:00.000000,1,51.22,BUY
AMZN,2023-10-31T00:00:00.000000,1,51.22,BUY
AMZN,2023-11-01T00:00:00.000000,1,51.22,BUY
AMZN,2023-11-02T00:00:00.000000,1,51.22,BUY
AMZN,2023-11-03T00:00:00.000000,1,51.22,BUY
AMZN,2023-11-06T00:00:00.000000,1,51.22,BUY
AMZN,2023-11-07T00:00:00.000000,1,51.22,BUY
AMZN,2023-11-08T00:00:00.000000,1,51.22,BUY
AMZN,2023-11-09T00:00:00.000000,1,51.22,BUY
AMZN,2023-11-10T00:00:00.000000,1,50.07,BUY
AMZN,2023-11-13T00:00:00.000000,1,50.07,BUY
AMZN,2023-11-14T00:00:00.000000,1,51.22,BUY
AMZN,2023-11-15T00:00:00.000000,1,51.22,BUY
AMZN,2023-11-16T00:00:00.000000,1,51.22,BUY
AMZN,2023-11-17T00:00:00.000000,1,51.22,BUY
AMZN,2023-11-20T00:00:00.000000,1,51.22,BUY
AMZN,2023-11-21T00:00:00.000000,1,51.15,BUY
AMZN,2023-11-22T00:00:00.000000,1,51.15,BUY
AMZN,2023-11-24T00:00:00.000000,1,50.07,BUY
AMZN,2023-11-27T00:00:00.000000,0,44.9,SELL
AMZN,2023-11-28T00:00:00.000000,0,44.32,SELL
AMZN,2023-11-29T00:00:00.000000,0,44.32,SELL
AMZN,2023-11-30T00:00:00.000000,0,44.32,SELL
AMZN,2023-12-01T00:00:00.000000,0,44.32,SELL
AMZN,2023-12-04T00:00:00.000000,0,44.32,SELL
AMZN,2023-12-05T00:00:00.000000,0,44.32,SELL
AMZN,2023-12-06T00:00:00.000000,0,44.32,SELL
AMZN,2023-12-07T00:00:00.000000,0,44.32,SELL
AMZN,2023-12-08T00:00:00.000000,0,44.9,SELL
AMZN,2023-12-11T00:00:00.000000,1,47.54,BUY
AMZN,2023-12-12T00:00:00.000000,1,50.07,BUY
AMZN,2023-12-13T00:00:00.000000,1,50.07,BUY
AMZN,2023-12-14T00:00:00.000000,1,50.07,BUY
AMZN,2023-12-15T00:00:00.000000,1,51.15,BUY
AMZN,2023-12-18T00:00:00.000000,1,51.22,BUY
AMZN,2023-12-19T00:00:00.000000,1,50.07,BUY
AMZN,2023-12-20T00:00:00.000000,1,50.07,BUY
AMZN,2023-12-21T00:00:00.000000,0,44.9,SELL
AMZN,2023-12-22T00:00:00.000000,0,44.32,SELL
AMZN,2023-12-26T00:00:00.000000,0,44.32,SELL
AMZN,2023-12-27T00:00:00.000000,0,44.32,SELL
AMZN,2023-12-28T00:00:00.000000,0,44.32,SELL
AMZN,2023-12-29T00:00:00.000000,0,44.32,SELL
AMZN,2024-01-02T00:00:00.000000,0,44.32,SELL
AMZN,2024-01-03T00:00:00.000000,0,44.32,SELL
AMZN,2024-01-04T00:00:00.000000,0,44.32,SELL
AMZN,2024-01-05T00:00:00.000000,0,46.44,SELL
AMZN,2024-01-08T00:00:00.000000,0,46.44,SELL
AMZN,2024-01-09T00:00:00.000000,1,50.07,BUY
AMZN,2024-01-10T00:00:00.000000,1,50.07,BUY
AMZN,2024-01-11T00:00:00.000000,1,50.07,BUY
AMZN,2024-01-12T00:00:00.000000,1,50.07,BUY
AMZN,2024-01-16T00:00:00.000000,1,50.07,BUY
AMZN,2024-01-17T00:00:00.000000,1,50.07,BUY
AMZN,2024-01-18T00:00:00.000000,1,47.54,BUY
AMZN,2024-01-19T00:00:00.000000,0,46.44,SELL
AMZN,2024-01-22T00:00:00.000000,0,44.32,SELL
AMZN,2024-01-23T00:00:00.000000,0,44.32,SELL
AMZN,2024-01-24T00:00:00.000000,0,44.32,SELL
AMZN,2024-01-25T00:00:00.000000,0,44.32,SELL
AMZN,2024-01-26T00:00:00.000000,0,44.32,SELL
AMZN,2024-01-29T00:00:00.000000,0,46.44,SELL
AMZN,2024-01-30T00:00:00.000000,0,46.44,SELL
AMZN,2024-01-31T00:00:00.000000,0,46.44,SELL
AMZN,2024-02-01T00:00:00.000000,0,44.32,SELL
AMZN,2024-02-02T00:00:00.000000,0,44.32,SELL
AMZN,2024-02-05T00:00:00.000000,0,44.32,SELL
AMZN,2024-02-06T00:00:00.000000,0,44.32,SELL
AMZN,2024-02-07T00:00:00.000000,0,46.44,SELL
AMZN,2024-02-08T00:00:00.000000,0,47.54,SELL
AMZN,2024-02-09T00:00:00.000000,1,50.07,BUY
AMZN,2024-02-12T00:00:00.000000,1,51.22,BUY
AMZN,2024-02-13T00:00:00.000000,1,51.22,BUY
AMZN,2024-02-14T00:00:00.000000,1,51.22,BUY
AMZN,2024-02-15T00:00:00.000000,1,51.22,BUY
AMZN,2024-02-16T00:00:00.000000,1,51.22,BUY
AMZN,2024-02-20T00:00:00.000000,1,51.22,BUY
AMZN,2024-02-21T00:00:00.000000,1,51.22,BUY
AMZN,2024-02-22T00:00:00.000000,1,51.22,BUY
AMZN,2024-02-23T00:00:00.000000,1,51.22,BUY
AMZN,2024-02-26T00:00:00.000000,1,51.22,BUY
AMZN,2024-02-27T00:00:00.000000,1,50.07,BUY
AMZN,2024-02-28T00:00:00.000000,1,47.54,BUY
AMZN,2024-02-29T00:00:00.000000,0,44.32,SELL
AMZN,2024-03-01T00:00:00.000000,0,44.32,SELL
AMZN,2024-03-04T00:00:00.000000,0,44.32,SELL
AMZN,2024-03-05T00:00:00.000000,0,44.32,SELL
AMZN,2024-03-06T00:00:00.000000,0,44.32,SELL
AMZN,2024-03-07T00:00:00.000000,0,44.32,SELL
AMZN,2024-03-08T00:00:00.000000,0,44.32,SELL
AMZN,2024-03-11T00:00:00.000000,0,44.32,SELL
AMZN,2024-03-12T00:00:00.000000,0,46.44,SELL
AMZN,2024-03-13T00:00:00.000000,1,50.07,BUY
AMZN,2024-03-14T00:00:00.000000,1,50.07,BUY
AMZN,2024-03-15T00:00:00.000000,1,50.07,BUY
AMZN,2024-03-18T00:00:00.000000,1,50.07,BUY
AMZN,2024-03-19T00:00:00.000000,1,50.07,BUY
AMZN,2024-03-20T00:00:00.000000,1,50.0,BUY
AMZN,2024-03-21T00:00:00.000000,0,44.9,SELL
AMZN,2024-03-22T00:00:00.000000,0,44.32,SELL
AMZN,2024-03-25T00:00:00.000000,0,44.32,SELL
AMZN,2024-03-26T00:00:00.000000,0,44.32,SELL
AMZN,2024-03-27T00:00:00.000000,0,44.32,SELL
AMZN,2024-03-28T00:00:00.000000,0,44.32,SELL
AMZN,2024-04-01T00:00:00.000000,0,44.32,SELL
AMZN,2024-04-02T00:00:00.000000,0,43.6,SELL
AMZN,2024-04-03T00:00:00.000000,0,43.6,SELL
AMZN,2024-04-04T00:00:00.000000,0,43.6,SELL
AMZN,2024-04-05T00:00:00.000000,0,44.32,SELL
AMZN,2024-04-08T00:00:00.000000,0,44.32,SELL
AMZN,2024-04-09T00:00:00.000000,0,44.32,SELL
AMZN,2024-04-10T00:00:00.000000,0,44.32,SELL
AMZN,2024-04-11T00:00:00.000000,0,44.32,SELL
AMZN,2024-04-12T00:00:00.000000,0,44.9,SELL
AMZN,2024-04-15T00:00:00.000000,0,46.44,SELL
AMZN,2024-04-16T00:00:00.000000,1,50.07,BUY
AMZN,2024-04-17T00:00:00.000000,1,50.07,BUY
AMZN,2024-04-18T00:00:00.000000,1,50.07,BUY
AMZN,2024-04-19T00:00:00.000000,1,50.07,BUY
AMZN,2024-04-22T00:00:00.000000,1,51.22,BUY
AMZN,2024-04-23T00:00:00.000000,1,51.22,BUY
AMZN,2024-04-24T00:00:00.000000,1,51.22,BUY
AMZN,2024-04-25T00:00:00.000000,1,51.22,BUY
AMZN,2024-04-26T00:00:00.000000,1,51.22,BUY
AMZN,2024-04-29T00:00:00.000000,1,51.22,BUY
AMZN,2024-04-30T00:00:00.000000,1,51.22,BUY
AMZN,2024-05-01T00:00:00.000000,1,51.22,BUY
AMZN,2024-05-02T00:00:00.000000,1,51.22,BUY
AMZN,2024-05-03T00:00:00.000000,1,50.07,BUY
AMZN,2024-05-06T00:00:00.000000,1,50.07,BUY
AMZN,2024-05-07T00:00:00.000000,1,50.07,BUY
AMZN,2024-05-08T00:00:00.000000,1,51.22,BUY
AMZN,2024-05-09T00:00:00.000000,1,50.07,BUY
AMZN,2024-05-10T00:00:00.000000,1,50.07,BUY
AMZN,2024-05-13T00:00:00.000000,1,50.07,BUY
AMZN,2024-05-14T00:00:00.000000,1,50.07,BUY
AMZN,2024-05-15T00:00:00.000000,0,46.44,SELL
AMZN,2024-05-16T00:00:00.000000,0,46.44,SELL
AMZN,2024-05-17T00:00:00.000000,0,44.9,SELL
AMZN,2024-05-20T00:00:00.000000,0,44.9,SELL
AMZN,2024-05-21T00:00:00.000000,0,44.32,SELL
AMZN,2024-05-22T00:00:00.000000,0,44.32,SELL
AMZN,2024-05-23T00:00:00.000000,0,44.9,SELL
AMZN,2024-05-24T00:00:00.000000,0,46.44,SELL
AMZN,2024-05-28T00:00:00.000000,0,46.44,SELL
AMZN,2024-05-29T00:00:00.000000,0,46.44,SELL
AMZN,2024-05-30T00:00:00.000000,0,46.44,SELL
AMZN,2024-05-31T00:00:00.000000,1,50.07,BUY
AMZN,2024-06-03T00:00:00.000000,1,50.07,BUY
AMZN,2024-06-04T00:00:00.000000,1,51.22,BUY
AMZN,2024-06-05T00:00:00.000000,1,51.22,BUY
AMZN,2024-06-06T00:00:00.000000,1,51.22,BUY
AMZN,2024-06-07T00:00:00.000000,1,51.22,BUY
AMZN,2024-06-10T00:00:00.000000,1,51.22,BUY
AMZN,2024-06-11T00:00:00.000000,1,51.22,BUY
AMZN,2024-06-12T00:00:00.000000,1,51.22,BUY
AMZN,2024-06-13T00:00:00.000000,1,51.22,BUY
AMZN,2024-06-14T00:00:00.000000,1,51.15,BUY
AMZN,2024-06-17T00:00:00.000000,1,50.07,BUY
AMZN,2024-06-18T00:00:00.000000,1,51.22,BUY
AMZN,2024-06-20T00:00:00.000000,1,51.22,BUY
AMZN,2024-06-21T00:00:00.000000,1,51.22,BUY
AMZN,2024-06-24T00:00:00.000000,1,51.22,BUY
AMZN,2024-06-25T00:00:00.000000,1,51.22,BUY
AMZN,2024-06-26T00:00:00.000000,1,51.22,BUY
AMZN,2024-06-27T00:00:00.000000,1,51.22,BUY
AMZN,2024-06-28T00:00:00.000000,1,51.22,BUY
AMZN,2024-07-01T00:00:00.000000,1,51.22,BUY
AMZN,2024-07-02T00:00:00.000000,1,51.22,BUY
AMZN,2024-07-03T00:00:00.000000,1,51.22,BUY
AMZN,2024-07-05T00:00:00.000000,1,51.15,BUY
AMZN,2024-07-08T00:00:00.000000,1,51.22,BUY
AMZN,2024-07-09T00:00:00.000000,1,51.22,BUY
AMZN,2024-07-10T00:00:00.000000,1,51.22,BUY
AMZN,2024-07-11T00:00:00.000000,1,51.22,BUY
AMZN,2024-07-12T00:00:00.000000,1,51.22,BUY
AMZN,2024-07-15T00:00:00.000000,1,51.22,BUY
AMZN,2024-07-16T00:00:00.000000,1,51.22,BUY
AMZN,2024-07-17T00:00:00.000000,1,51.22,BUY
AMZN,2024-07-18T00:00:00.000000,1,51.22,BUY
AMZN,2024-07-19T00:00:00.000000,1,51.22,BUY
AMZN,2024-07-22T00:00:00.000000,1,51.22,BUY
AMZN,2024-07-23T00:00:00.000000,1,51.22,BUY
AMZN,2024-07-24T00:00:00.000000,1,51.22,BUY
AMZN,2024-07-25T00:00:00.000000,1,51.22,BUY
AMZN,2024-07-26T00:00:00.000000,1,51.22,BUY
AMZN,2024-07-29T00:00:00.000000,1,51.22,BUY
AMZN,2024-07-30T00:00:00.000000,1,51.22,BUY
AMZN,2024-07-31T00:00:00.000000,1,51.22,BUY
AMZN,2024-08-01T00:00:00.000000,1,51.22,BUY
AMZN,2024-08-02T00:00:00.000000,1,51.22,BUY
AMZN,2024-08-05T00:00:00.000000,1,51.22,BUY
AMZN,2024-08-06T00:00:00.000000,1,51.22,BUY
AMZN,2024-08-07T00:00:00.000000,1,51.22,BUY
AMZN,2024-08-08T00:00:00.000000,1,50.07,BUY
AMZN,2024-08-09T00:00:00.000000,0,46.44,SELL
AMZN,2024-08-12T00:00:00.000000,0,46.44,SELL
AMZN,2024-08-13T00:00:00.000000,0,46.44,SELL
AMZN,2024-08-14T00:00:00.000000,0,46.44,SELL
AMZN,2024-08-15T00:00:00.000000,1,47.54,BUY
AMZN,2024-08-16T00:00:00.000000,0,46.44,SELL
AMZN,2024-08-19T00:00:00.000000,1,50.07,BUY
AMZN,2024-08-20T00:00:00.000000,1,51.22,BUY
AMZN,2024-08-21T00:00:00.000000,1,51.22,BUY
AMZN,2024-08-22T00:00:00.000000,1,50.07,BUY
AMZN,2024-08-23T00:00:00.000000,1,50.07,BUY
AMZN,2024-08-26T00:00:00.000000,0,46.44,SELL
AMZN,2024-08-27T00:00:00.000000,1,50.0,BUY
AMZN,2024-08-28T00:00:00.000000,1,50.07,BUY
AMZN,2024-08-29T00:00:00.000000,1,51.22,BUY
AMZN,2024-08-30T00:00:00.000000,1,51.22,BUY
AMZN,2024-09-03T00:00:00.000000,1,51.22,BUY
AMZN,2024-09-04T00:00:00.000000,1,51.22,BUY
AMZN,2024-09-05T00:00:00.000000,1,51.22,BUY
AMZN,2024-09-06T00:00:00.000000,1,51.22,BUY
AMZN,2024-09-09T00:00:00.000000,1,50.07,BUY
AMZN,2024-09-10T00:00:00.000000,1,50.07,BUY
AMZN,2024-09-11T00:00:00.000000,1,50.07,BUY
AMZN,2024-09-12T00:00:00.000000,1,50.07,BUY
AMZN,2024-09-13T00:00:00.000000,1,50.07,BUY
AMZN,2024-09-16T00:00:00.000000,1,50.07,BUY
AMZN,2024-09-17T00:00:00.000000,1,51.22,BUY
AMZN,2024-09-18T00:00:00.000000,1,51.22,BUY
AMZN,2024-09-19T00:00:00.000000,1,51.22,BUY
AMZN,2024-09-20T00:00:00.000000,1,51.22,BUY
AMZN,2024-09-23T00:00:00.000000,1,50.07,BUY
AMZN,2024-09-24T00:00:00.000000,1,50.07,BUY
AMZN,2024-09-25T00:00:00.000000,1,50.07,BUY
AMZN,2024-09-26T00:00:00.000000,1,50.07,BUY
AMZN,2024-09-27T00:00:00.000000,1,50.07,BUY
AMZN,2024-09-30T00:00:00.000000,1,50.07,BUY
AMZN,2024-10-01T00:00:00.000000,1,50.07,BUY
AMZN,2024-10-02T00:00:00.000000,1,50.07,BUY
AMZN,2024-10-03T00:00:00.000000,1,51.15,BUY
AMZN,2024-10-04T00:00:00.000000,1,51.22,BUY
AMZN,2024-10-07T00:00:00.000000,1,51.22,BUY
AMZN,2024-10-08T00:00:00.000000,1,51.22,BUY
AMZN,2024-10-09T00:00:00.000000,1,51.22,BUY
AMZN,2024-10-10T00:00:00.000000,1,51.22,BUY
AMZN,2024-10-11T00:00:00.000000,1,51.22,BUY
AMZN,2024-10-14T00:00:00.000000,1,51.22,BUY
AMZN,2024-10-15T00:00:00.000000,1,51.22,BUY
AMZN,2024-10-16T00:00:00.000000,1,51.22,BUY
AMZN,2024-10-17T00:00:00.000000,1,50.07,BUY
AMZN,2024-10-18T00:00:00.000000,1,50.07,BUY
AMZN,2024-10-21T00:00:00.000000,1,50.07,BUY
AMZN,2024-10-22T00:00:00.000000,0,46.44,SELL
AMZN,2024-10-23T00:00:00.000000,0,46.44,SELL
AMZN,2024-10-24T00:00:00.000000,0,46.44,SELL
AMZN,2024-10-25T00:00:00.000000,1,50.07,BUY
AMZN,2024-10-28T00:00:00.000000,1,50.07,BUY
AMZN,2024-10-29T00:00:00.000000,1,51.22,BUY
AMZN,2024-10-30T00:00:00.000000,1,51.22,BUY
AMZN,2024-10-31T00:00:00.000000,1,51.22,BUY
AMZN,2024-11-01T00:00:00.000000,1,51.22,BUY
AMZN,2024-11-04T00:00:00.000000,1,51.22,BUY
AMZN,2024-11-05T00:00:00.000000,1,51.15,BUY
AMZN,2024-11-06T00:00:00.000000,1,50.07,BUY
AMZN,2024-11-07T00:00:00.000000,0,46.44,SELL
AMZN,2024-11-08T00:00:00.000000,0,44.9,SELL
AMZN,2024-11-11T00:00:00.000000,0,44.32,SELL
AMZN,2024-11-12T00:00:00.000000,0,46.44,SELL
AMZN,2024-11-13T00:00:00.000000,0,46.44,SELL
AMZN,2024-11-14T00:00:00.000000,0,46.44,SELL
AMZN,2024-11-15T00:00:00.000000,0,46.44,SELL
AMZN,2024-11-18T00:00:00.000000,0,46.44,SELL
AMZN,2024-11-19T00:00:00.000000,1,47.54,BUY
AMZN,2024-11-20T00:00:00.000000,1,50.07,BUY
AMZN,2024-11-21T00:00:00.000000,1,50.07,BUY
AMZN,2024-11-22T00:00:00.000000,1,51.15,BUY
AMZN,2024-11-25T00:00:00.000000,1,50.07,BUY
AMZN,2024-11-26T00:00:00.000000,1,50.07,BUY
AMZN,2024-11-27T00:00:00.000000,1,50.07,BUY
AMZN,2024-11-29T00:00:00.000000,1,50.07,BUY
AMZN,2024-12-02T00:00:00.000000,1,50.0,BUY
AMZN,2024-12-03T00:00:00.000000,0,44.32,SELL
AMZN,2024-12-04T00:00:00.000000,0,44.32,SELL
AMZN,2024-12-05T00:00:00.000000,0,44.32,SELL
AMZN,2024-12-06T00:00:00.000000,0,44.32,SELL
AMZN,2024-12-09T00:00:00.000000,0,43.6,SELL
AMZN,2024-12-10T00:00:00.000000,0,43.6,SELL
AMZN,2024-12-11T00:00:00.000000,0,43.6,SELL
AMZN,2024-12-12T00:00:00.000000,0,44.32,SELL
AMZN,2024-12-13T00:00:00.000000,0,44.32,SELL
AMZN,2024-12-16T00:00:00.000000,0,46.44,SELL
AMZN,2024-12-17T00:00:00.000000,1,50.07,BUY
AMZN,2024-12-18T00:00:00.000000,1,50.07,BUY
AMZN,2024-12-19T00:00:00.000000,1,51.22,BUY
AMZN,2024-12-20T00:00:00.000000,1,51.22,BUY
BAC,2023-02-21T00:00:00.000000,1,51.22,BUY
BAC,2023-02-22T00:00:00.000000,1,51.22,BUY
BAC,2023-02-23T00:00:00.000000,1,51.22,BUY
BAC,2023-02-24T00:00:00.000000,1,51.22,BUY
BAC,2023-02-27T00:00:00.000000,1,51.22,BUY
BAC,2023-02-28T00:00:00.000000,1,51.22,BUY
BAC,2023-03-01T00:00:00.000000,1,51.22,BUY
BAC,2023-03-02T00:00:00.000000,1,51.22,BUY
BAC,2023-03-03T00:00:00.000000,1,51.22,BUY
BAC,2023-03-06T00:00:00.000000,1,51.22,BUY
BAC,2023-03-07T00:00:00.000000,1,51.22,BUY
BAC,2023-03-08T00:00:00.000000,1,51.22,BUY
BAC,2023-03-09T00:00:00.000000,1,51.22,BUY
BAC,2023-03-10T00:00:00.000000,1,50.07,BUY
BAC,2023-03-13T00:00:00.000000,1,50.07,BUY
BAC,2023-03-14T00:00:00.000000,0,44.32,SELL
BAC,2023-03-15T00:00:00.000000,0,44.32,SELL
BAC,2023-03-16T00:00:00.000000,0,43.59,SELL
BAC,2023-03-17T00:00:00.000000,0,41.9,SELL
BAC,2023-03-20T00:00:00.000000,0,41.9,SELL
BAC,2023-03-21T00:00:00.000000,0,41.67,SELL
BAC,2023-03-22T00:00:00.000000,0,25.0,SELL
BAC,2023-03-23T00:00:00.000000,0,9.72,SELL
BAC,2023-03-24T00:00:00.000000,0,0.0,SELL
BAC,2023-03-27T00:00:00.000000,0,0.0,SELL
BAC,2023-03-28T00:00:00.000000,0,0.0,SELL
BAC,2023-03-29T00:00:00.000000,0,13.51,SELL
BAC,2023-03-30T00:00:00.000000,0,41.9,SELL
BAC,2023-03-31T00:00:00.000000,0,44.32,SELL
BAC,2023-04-03T00:00:00.000000,0,46.44,SELL
BAC,2023-04-04T00:00:00.000000,0,46.44,SELL
BAC,2023-04-05T00:00:00.000000,0,46.44,SELL
BAC,2023-04-06T00:00:00.000000,0,44.32,SELL
BAC,2023-04-10T00:00:00.000000,0,44.32,SELL
BAC,2023-04-11T00:00:00.000000,0,44.32,SELL
BAC,2023-04-12T00:00:00.000000,0,44.32,SELL
BAC,2023-04-13T00:00:00.000000,0,44.32,SELL
BAC,2023-04-14T00:00:00.000000,0,44.32,SELL
BAC,2023-04-17T00:00:00.000000,0,44.32,SELL
BAC,2023-04-18T00:00:00.000000,0,44.32,SELL
BAC,2023-04-19T00:00:00.000000,0,44.32,SELL
BAC,2023-04-20T00:00:00.000000,0,44.32,SELL
BAC,2023-04-21T00:00:00.000000,0,44.32,SELL
BAC,2023-04-24T00:00:00.000000,0,44.32,SELL
BAC,2023-04-25T00:00:00.000000,0,44.32,SELL
BAC,2023-04-26T00:00:00.000000,0,46.44,SELL
BAC,2023-04-27T00:00:00.000000,1,50.07,BUY
BAC,2023-04-28T00:00:00.000000,1,50.07,BUY
BAC,2023-05-01T00:00:00.000000,1,51.22,BUY
BAC,2023-05-02T00:00:00.000000,1,51.22,BUY
BAC,2023-05-03T00:00:00.000000,1,51.22,BUY
BAC,2023-05-04T00:00:00.000000,1,51.22,BUY
BAC,2023-05-05T00:00:00.000000,1,51.22,BUY
BAC,2023-05-08T00:00:00.000000,1,51.22,BUY
BAC,2023-05-09T00:00:00.000000,1,51.22,BUY
BAC,2023-05-10T00:00:00.000000,1,51.15,BUY
BAC,2023-05-11T00:00:00.000000,1,50.07,BUY
BAC,2023-05-12T00:00:00.000000,1,50.07,BUY
BAC,2023-05-15T00:00:00.000000,1,50.07,BUY
BAC,2023-05-16T00:00:00.000000,1,50.0,BUY
BAC,2023-05-17T00:00:00.000000,1,50.07,BUY
BAC,2023-05-18T00:00:00.000000,0,46.44,SELL
BAC,2023-05-19T00:00:00.000000,0,44.9,SELL
BAC,2023-05-22T00:00:00.000000,0,46.44,SELL
BAC,2023-05-23T00:00:00.000000,0,44.9,SELL
BAC,2023-05-24T00:00:00.000000,0,44.9,SELL
BAC,2023-05-25T00:00:00.000000,0,44.32,SELL
BAC,2023-05-26T00:00:00.000000,0,44.32,SELL
BAC,2023-05-30T00:00:00.000000,0,44.32,SELL
BAC,2023-05-31T00:00:00.000000,0,44.32,SELL
BAC,2023-06-01T00:00:00.000000,0,44.32,SELL
BAC,2023-06-02T00:00:00.000000,0,44.32,SELL
BAC,2023-06-05T00:00:00.000000,0,44.32,SELL
BAC,2023-06-06T00:00:00.000000,0,44.32,SELL
BAC,2023-06-07T00:00:00.000000,0,44.32,SELL
BAC,2023-06-08T00:00:00.000000,0,44.32,SELL
BAC,2023-06-09T00:00:00.000000,0,44.32,SELL
BAC,2023-06-12T00:00:00.000000,0,44.32,SELL
BAC,2023-06-13T00:00:00.000000,0,44.32,SELL
BAC,2023-06-14T00:00:00.000000,0,44.32,SELL
BAC,2023-06-15T00:00:00.000000,0,44.32,SELL
BAC,2023-06-16T00:00:00.000000,0,44.32,SELL
BAC,2023-06-20T00:00:00.000000,0,44.32,SELL
BAC,2023-06-21T00:00:00.000000,0,44.32,SELL
BAC,2023-06-22T00:00:00.000000,0,44.32,SELL
BAC,2023-06-23T00:00:00.000000,0,44.32,SELL
BAC,2023-06-26T00:00:00.000000,0,46.44,SELL
BAC,2023-06-27T00:00:00.000000,0,46.44,SELL
BAC,2023-06-28T00:00:00.000000,0,46.44,SELL
BAC,2023-06-29T00:00:00.000000,0,46.44,SELL
BAC,2023-06-30T00:00:00.000000,0,44.9,SELL
BAC,2023-07-03T00:00:00.000000,0,46.44,SELL
BAC,2023-07-05T00:00:00.000000,0,46.44,SELL
BAC,2023-07-06T00:00:00.000000,0,46.44,SELL
BAC,2023-07-07T00:00:00.000000,0,44.32,SELL
BAC,2023-07-10T00:00:00.000000,0,44.32,SELL
BAC,2023-07-11T00:00:00.000000,0,44.32,SELL
BAC,2023-07-12T00:00:00.000000,0,44.32,SELL
BAC,2023-07-13T00:00:00.000000,0,44.32,SELL
BAC,2023-07-14T00:00:00.000000,0,44.32,SELL
BAC,2023-07-17T00:00:00.000000,0,44.32,SELL
BAC,2023-07-18T00:00:00.000000,0,44.32,SELL
BAC,2023-07-19T00:00:00.000000,0,44.32,SELL
BAC,2023-07-20T00:00:00.000000,0,43.6,SELL
BAC,2023-07-21T00:00:00.000000,0,43.6,SELL
BAC,2023-07-24T00:00:00.000000,0,43.6,SELL
BAC,2023-07-25T00:00:00.000000,0,43.6,SELL
BAC,2023-07-26T00:00:00.000000,0,43.6,SELL
BAC,2023-07-27T00:00:00.000000,0,44.32,SELL
BAC,2023-07-28T00:00:00.000000,0,44.32,SELL
BAC,2023-07-31T00:00:00.000000,0,44.32,SELL
BAC,2023-08-01T00:00:00.000000,0,44.32,SELL
BAC,2023-08-02T00:00:00.000000,1,50.07,BUY
BAC,2023-08-03T00:00:00.000000,1,51.22,BUY
BAC,2023-08-04T00:00:00.000000,1,51.22,BUY
BAC,2023-08-07T00:00:00.000000,1,51.22,BUY
BAC,2023-08-08T00:00:00.000000,1,50.07,BUY
BAC,2023-08-09T00:00:00.000000,1,50.07,BUY
BAC,2023-08-10T00:00:00.000000,0,47.54,SELL
BAC,2023-08-11T00:00:00.000000,0,46.44,SELL
BAC,2023-08-14T00:00:00.000000,0,44.9,SELL
BAC,2023-08-15T00:00:00.000000,0,46.44,SELL
BAC,2023-08-16T00:00:00.000000,0,46.44,SELL
BAC,2023-08-17T00:00:00.000000,1,50.07,BUY
BAC,2023-08-18T00:00:00.000000,1,50.07,BUY
BAC,2023-08-21T00:00:00.000000,1,51.22,BUY
BAC,2023-08-22T00:00:00.000000,1,51.22,BUY
BAC,2023-08-23T00:00:00.000000,1,51.22,BUY
BAC,2023-08-24T00:00:00.000000,1,51.22,BUY
BAC,2023-08-25T00:00:00.000000,1,51.22,BUY
BAC,2023-08-28T00:00:00.000000,1,50.07,BUY
BAC,2023-08-29T00:00:00.000000,1,50.0,BUY
BAC,2023-08-30T00:00:00.000000,0,44.32,SELL
BAC,2023-08-31T00:00:00.000000,0,44.32,SELL
BAC,2023-09-01T00:00:00.000000,0,44.32,SELL
BAC,2023-09-05T00:00:00.000000,0,43.6,SELL
BAC,2023-09-06T00:00:00.000000,0,44.32,SELL
BAC,2023-09-07T00:00:00.000000,0,43.6,SELL
BAC,2023-09-08T00:00:00.000000,0,44.32,SELL
BAC,2023-09-11T00:00:00.000000,0,44.32,SELL
BAC,2023-09-12T00:00:00.000000,0,43.6,SELL
BAC,2023-09-13T00:00:00.000000,0,43.6,SELL
BAC,2023-09-14T00:00:00.000000,0,43.6,SELL
BAC,2023-09-15T00:00:00.000000,0,43.6,SELL
BAC,2023-09-18T00:00:00.000000,0,44.32,SELL
BAC,2023-09-19T00:00:00.000000,0,44.32,SELL
BAC,2023-09-20T00:00:00.000000,0,44.32,SELL
BAC,2023-09-21T00:00:00.000000,0,44.32,SELL
BAC,2023-09-22T00:00:00.000000,0,44.32,SELL
BAC,2023-09-25T00:00:00.000000,0,44.32,SELL
BAC,2023-09-26T00:00:00.000000,0,46.44,SELL
BAC,2023-09-27T00:00:00.000000,1,50.07,BUY
BAC,2023-09-28T00:00:00.000000,1,50.07,BUY
BAC,2023-09-29T00:00:00.000000,1,51.22,BUY
BAC,2023-10-02T00:00:00.000000,1,51.22,BUY
BAC,2023-10-03T00:00:00.000000,1,51.22,BUY
BAC,2023-10-04T00:00:00.000000,1,51.22,BUY
BAC,2023-10-05T00:00:00.000000,1,51.22,BUY
BAC,2023-10-06T00:00:00.000000,1,51.22,BUY
BAC,2023-10-09T00:00:00.000000,1,50.07,BUY
BAC,2023-10-10T00:00:00.000000,1,50.07,BUY
BAC,2023-10-11T00:00:00.000000,0,46.44,SELL
BAC,2023-10-12T00:00:00.000000,0,44.32,SELL
BAC,2023-10-13T00:00:00.000000,0,44.32,SELL
BAC,2023-10-16T00:00:00.000000,0,44.32,SELL
BAC,2023-10-17T00:00:00.000000,0,44.32,SELL
BAC,2023-10-18T00:00:00.000000,0,43.6,SELL
BAC,2023-10-19T00:00:00.000000,0,44.32,SELL
BAC,2023-10-20T00:00:00.000000,0,44.32,SELL
BAC,2023-10-23T00:00:00.000000,0,44.32,SELL
BAC,2023-10-24T00:00:00.000000,0,44.32,SELL
BAC,2023-10-25T00:00:00.000000,0,44.9,SELL
BAC,2023-10-26T00:00:00.000000,1,50.07,BUY
BAC,2023-10-27T00:00:00.000000,1,51.15,BUY
BAC,2023-10-30T00:00:00.000000,1,51.22,BUY
BAC,2023-10-31T00:00:00.000000,1,51.22,BUY
BAC,2023-11-01T00:00:00.000000,1,51.22,BUY
BAC,2023-11-02T00:00:00.000000,1,51.22,BUY
BAC,2023-11-03T00:00:00.000000,1,51.22,BUY
BAC,2023-11-06T00:00:00.000000,1,51.22,BUY
BAC,2023-11-07T00:00:00.000000,1,51.22,BUY
BAC,2023-11-08T00:00:00.000000,1,50.07,BUY
BAC,2023-11-09T00:00:00.000000,0,47.54,SELL
BAC,2023-11-10T00:00:00.000000,0,44.32,SELL
BAC,2023-11-13T00:00:00.000000,0,44.32,SELL
BAC,2023-11-14T00:00:00.000000,0,44.32,SELL
BAC,2023-11-15T00:00:00.000000,0,44.32,SELL
BAC,2023-11-16T00:00:00.000000,0,44.32,SELL
BAC,2023-11-17T00:00:00.000000,0,44.32,SELL
BAC,2023-11-20T00:00:00.000000,0,44.32,SELL
BAC,2023-11-21T00:00:00.000000,0,44.32,SELL
BAC,2023-11-22T00:00:00.000000,0,44.32,SELL
BAC,2023-11-24T00:00:00.000000,0,44.32,SELL
BAC,2023-11-27T00:00:00.000000,0,44.32,SELL
BAC,2023-11-28T00:00:00.000000,0,44.32,SELL
BAC,2023-11-29T00:00:00.000000,0,44.32,SELL
BAC,2023-11-30T00:00:00.000000,0,44.32,SELL
BAC,2023-12-01T00:00:00.000000,0,44.32,SELL
BAC,2023-12-04T00:00:00.000000,0,44.32,SELL
BAC,2023-12-05T00:00:00.000000,0,44.32,SELL
BAC,2023-12-06T00:00:00.000000,0,44.32,SELL
BAC,2023-12-07T00:00:00.000000,0,43.6,SELL
BAC,2023-12-08T00:00:00.000000,0,43.6,SELL
BAC,2023-12-11T00:00:00.000000,0,43.6,SELL
BAC,2023-12-12T00:00:00.000000,0,43.6,SELL
BAC,2023-12-13T00:00:00.000000,0,43.6,SELL
BAC,2023-12-14T00:00:00.000000,0,44.32,SELL
BAC,2023-12-15T00:00:00.000000,0,44.32,SELL
BAC,2023-12-18T00:00:00.000000,0,44.32,SELL
BAC,2023-12-19T00:00:00.000000,0,43.6,SELL
BAC,2023-12-20T00:00:00.000000,0,43.6,SELL
BAC,2023-12-21T00:00:00.000000,0,43.6,SELL
BAC,2023-12-22T00:00:00.000000,0,43.59,SELL
BAC,2023-12-26T00:00:00.000000,0,43.59,SELL
BAC,2023-12-27T00:00:00.000000,0,43.59,SELL
BAC,2023-12-28T00:00:00.000000,0,43.59,SELL
BAC,2023-12-29T00:00:00.000000,0,43.59,SELL
BAC,2024-01-02T00:00:00.000000,0,43.6,SELL
BAC,2024-01-03T00:00:00.000000,0,43.6,SELL
BAC,2024-01-04T00:00:00.000000,0,44.32,SELL
BAC,2024-01-05T00:00:00.000000,0,44.32,SELL
BAC,2024-01-08T00:00:00.000000,0,44.32,SELL
BAC,2024-01-09T00:00:00.000000,0,44.32,SELL
BAC,2024-01-10T00:00:00.000000,0,44.32,SELL
BAC,2024-01-11T00:00:00.000000,0,44.32,SELL
BAC,2024-01-12T00:00:00.000000,0,44.32,SELL
BAC,2024-01-16T00:00:00.000000,0,44.32,SELL
BAC,2024-01-17T00:00:00.000000,0,44.32,SELL
BAC,2024-01-18T00:00:00.000000,0,44.32,SELL
BAC,2024-01-19T00:00:00.000000,0,44.32,SELL
BAC,2024-01-22T00:00:00.000000,0,44.32,SELL
BAC,2024-01-23T00:00:00.000000,0,44.32,SELL
BAC,2024-01-24T00:00:00.000000,0,44.32,SELL
BAC,2024-01-25T00:00:00.000000,0,44.32,SELL
BAC,2024-01-26T00:00:00.000000,0,44.32,SELL
BAC,2024-01-29T00:00:00.000000,0,44.32,SELL
BAC,2024-01-30T00:00:00.000000,0,44.32,SELL
BAC,2024-01-31T00:00:00.000000,0,44.32,SELL
BAC,2024-02-01T00:00:00.000000,0,44.32,SELL
BAC,2024-02-02T00:00:00.000000,0,44.32,SELL
BAC,2024-02-05T00:00:00.000000,0,44.32,SELL
BAC,2024-02-06T00:00:00.000000,0,44.32,SELL
BAC,2024-02-07T00:00:00.000000,0,44.32,SELL
BAC,2024-02-08T00:00:00.000000,0,46.44,SELL
BAC,2024-02-09T00:00:00.000000,1,50.07,BUY
BAC,2024-02-12T00:00:00.000000,1,51.22,BUY
BAC,2024-02-13T00:00:00.000000,1,51.22,BUY
BAC,2024-02-14T00:00:00.000000,1,51.22,BUY
BAC,2024-02-15T00:00:00.000000,1,51.22,BUY
BAC,2024-02-16T00:00:00.000000,1,50.07,BUY
BAC,2024-02-20T00:00:00.000000,1,50.07,BUY
BAC,2024-02-21T00:00:00.000000,0,44.9,SELL
BAC,2024-02-22T00:00:00.000000,0,44.32,SELL
BAC,2024-02-23T00:00:00.000000,0,44.32,SELL
BAC,2024-02-26T00:00:00.000000,0,44.32,SELL
BAC,2024-02-27T00:00:00.000000,0,44.32,SELL
BAC,2024-02-28T00:00:00.000000,0,44.32,SELL
BAC,2024-02-29T00:00:00.000000,0,44.32,SELL
BAC,2024-03-01T00:00:00.000000,0,44.32,SELL
BAC,2024-03-04T00:00:00.000000,0,44.32,SELL
BAC,2024-03-05T00:00:00.000000,0,44.32,SELL
BAC,2024-03-06T00:00:00.000000,0,44.32,SELL
BAC,2024-03-07T00:00:00.000000,0,44.32,SELL
BAC,2024-03-08T00:00:00.000000,0,44.32,SELL
BAC,2024-03-11T00:00:00.000000,0,44.32,SELL
BAC,2024-03-12T00:00:00.000000,0,46.44,SELL
BAC,2024-03-13T00:00:00.000000,1,50.07,BUY
BAC,2024-03-14T00:00:00.000000,1,50.07,BUY
BAC,2024-03-15T00:00:00.000000,1,51.15,BUY
BAC,2024-03-18T00:00:00.000000,1,51.22,BUY
BAC,2024-03-19T00:00:00.000000,1,51.22,BUY
BAC,2024-03-20T00:00:00.000000,1,51.22,BUY
BAC,2024-03-21T00:00:00.000000,1,51.22,BUY
BAC,2024-03-22T00:00:00.000000,1,50.07,BUY
BAC,2024-03-25T00:00:00.000000,1,50.07,BUY
BAC,2024-03-26T00:00:00.000000,0,44.9,SELL
BAC,2024-03-27T00:00:00.000000,0,44.32,SELL
BAC,2024-03-28T00:00:00.000000,0,44.32,SELL
BAC,2024-04-01T00:00:00.000000,0,44.32,SELL
BAC,2024-04-02T00:00:00.000000,0,44.32,SELL
BAC,2024-04-03T00:00:00.000000,0,44.32,SELL
BAC,2024-04-04T00:00:00.000000,0,44.32,SELL
BAC,2024-04-05T00:00:00.000000,0,44.32,SELL
BAC,2024-04-08T00:00:00.000000,0,44.32,SELL
BAC,2024-04-09T00:00:00.000000,0,44.32,SELL
BAC,2024-04-10T00:00:00.000000,0,44.32,SELL
BAC,2024-04-11T00:00:00.000000,0,44.32,SELL
BAC,2024-04-12T00:00:00.000000,0,44.32,SELL
BAC,2024-04-15T00:00:00.000000,0,44.9,SELL
BAC,2024-04-16T00:00:00.000000,0,46.44,SELL
BAC,2024-04-17T00:00:00.000000,0,46.44,SELL
BAC,2024-04-18T00:00:00.000000,1,50.0,BUY
BAC,2024-04-19T00:00:00.000000,0,46.44,SELL
BAC,2024-04-22T00:00:00.000000,1,50.07,BUY
BAC,2024-04-23T00:00:00.000000,1,50.07,BUY
BAC,2024-04-24T00:00:00.000000,1,51.15,BUY
BAC,2024-04-25T00:00:00.000000,1,50.07,BUY
BAC,2024-04-26T00:00:00.000000,1,50.07,BUY
BAC,2024-04-29T00:00:00.000000,1,50.07,BUY
BAC,2024-04-30T00:00:00.000000,1,50.07,BUY
BAC,2024-05-01T00:00:00.000000,0,46.44,SELL
BAC,2024-05-02T00:00:00.000000,0,44.32,SELL
BAC,2024-05-03T00:00:00.000000,0,46.44,SELL
BAC,2024-05-06T00:00:00.000000,1,50.07,BUY
BAC,2024-05-07T00:00:00.000000,1,50.07,BUY
BAC,2024-05-08T00:00:00.000000,1,51.22,BUY
BAC,2024-05-09T00:00:00.000000,1,51.22,BUY
BAC,2024-05-10T00:00:00.000000,1,50.07,BUY
BAC,2024-05-13T00:00:00.000000,1,50.0,BUY
BAC,2024-05-14T00:00:00.000000,0,44.32,SELL
BAC,2024-05-15T00:00:00.000000,0,44.32,SELL
BAC,2024-05-16T00:00:00.000000,0,43.6,SELL
BAC,2024-05-17T00:00:00.000000,0,43.6,SELL
BAC,2024-05-20T00:00:00.000000,0,43.59,SELL
BAC,2024-05-21T00:00:00.000000,0,43.59,SELL
BAC,2024-05-22T00:00:00.000000,0,43.6,SELL
BAC,2024-05-23T00:00:00.000000,0,43.6,SELL
BAC,2024-05-24T00:00:00.000000,0,43.6,SELL
BAC,2024-05-28T00:00:00.000000,0,44.32,SELL
BAC,2024-05-29T00:00:00.000000,0,44.32,SELL
BAC,2024-05-30T00:00:00.000000,0,44.32,SELL
BAC,2024-05-31T00:00:00.000000,0,44.32,SELL
BAC,2024-06-03T00:00:00.000000,0,44.32,SELL
BAC,2024-06-04T00:00:00.000000,0,46.44,SELL
BAC,2024-06-05T00:00:00.000000,0,46.44,SELL
BAC,2024-06-06T00:00:00.000000,1,50.07,BUY
BAC,2024-06-07T00:00:00.000000,1,50.07,BUY
BAC,2024-06-10T00:00:00.000000,0,46.44,SELL
BAC,2024-06-11T00:00:00.000000,0,46.44,SELL
BAC,2024-06-12T00:00:00.000000,0,46.44,SELL
BAC,2024-06-13T00:00:00.000000,0,44.9,SELL
BAC,2024-06-14T00:00:00.000000,0,44.62,SELL
BAC,2024-06-17T00:00:00.000000,0,46.44,SELL
BAC,2024-06-18T00:00:00.000000,1,50.07,BUY
BAC,2024-06-20T00:00:00.000000,1,50.07,BUY
BAC,2024-06-21T00:00:00.000000,1,50.07,BUY
BAC,2024-06-24T00:00:00.000000,1,50.07,BUY
BAC,2024-06-25T00:00:00.000000,1,51.22,BUY
BAC,2024-06-26T00:00:00.000000,1,51.22,BUY
BAC,2024-06-27T00:00:00.000000,1,51.15,BUY
BAC,2024-06-28T00:00:00.000000,1,50.07,BUY
BAC,2024-07-01T00:00:00.000000,1,50.07,BUY
BAC,2024-07-02T00:00:00.000000,1,50.07,BUY
BAC,2024-07-03T00:00:00.000000,1,50.07,BUY
BAC,2024-07-05T00:00:00.000000,1,50.07,BUY
BAC,2024-07-08T00:00:00.000000,1,50.07,BUY
BAC,2024-07-09T00:00:00.000000,1,50.07,BUY
BAC,2024-07-10T00:00:00.000000,1,50.07,BUY
BAC,2024-07-11T00:00:00.000000,0,46.44,SELL
BAC,2024-07-12T00:00:00.000000,0,44.32,SELL
BAC,2024-07-15T00:00:00.000000,0,44.32,SELL
BAC,2024-07-16T00:00:00.000000,0,44.32,SELL
BAC,2024-07-17T00:00:00.000000,0,44.32,SELL
BAC,2024-07-18T00:00:00.000000,0,44.9,SELL
BAC,2024-07-19T00:00:00.000000,0,46.44,SELL
BAC,2024-07-22T00:00:00.000000,0,46.44,SELL
BAC,2024-07-23T00:00:00.000000,0,46.44,SELL
BAC,2024-07-24T00:00:00.000000,0,46.44,SELL
BAC,2024-07-25T00:00:00.000000,0,46.44,SELL
BAC,2024-07-26T00:00:00.000000,0,46.44,SELL
BAC,2024-07-29T00:00:00.000000,0,44.32,SELL
BAC,2024-07-30T00:00:00.000000,0,44.9,SELL
BAC,2024-07-31T00:00:00.000000,0,46.44,SELL
BAC,2024-08-01T00:00:00.000000,1,50.07,BUY
BAC,2024-08-02T00:00:00.000000,1,50.07,BUY
BAC,2024-08-05T00:00:00.000000,0,46.44,SELL
BAC,2024-08-06T00:00:00.000000,0,44.32,SELL
BAC,2024-08-07T00:00:00.000000,0,44.32,SELL
BAC,2024-08-08T00:00:00.000000,0,43.6,SELL
BAC,2024-08-09T00:00:00.000000,0,43.59,SELL
BAC,2024-08-12T00:00:00.000000,0,41.9,SELL
BAC,2024-08-13T00:00:00.000000,0,41.9,SELL
BAC,2024-08-14T00:00:00.000000,0,41.9,SELL
BAC,2024-08-15T00:00:00.000000,0,41.9,SELL
BAC,2024-08-16T00:00:00.000000,0,41.9,SELL
BAC,2024-08-19T00:00:00.000000,0,41.9,SELL
BAC,2024-08-20T00:00:00.000000,0,41.9,SELL
BAC,2024-08-21T00:00:00.000000,0,43.59,SELL
BAC,2024-08-22T00:00:00.000000,0,41.9,SELL
BAC,2024-08-23T00:00:00.000000,0,41.9,SELL
BAC,2024-08-26T00:00:00.000000,0,41.9,SELL
BAC,2024-08-27T00:00:00.000000,0,41.9,SELL
BAC,2024-08-28T00:00:00.000000,0,43.59,SELL
BAC,2024-08-29T00:00:00.000000,0,43.59,SELL
BAC,2024-08-30T00:00:00.000000,0,43.6,SELL
BAC,2024-09-03T00:00:00.000000,0,44.32,SELL
BAC,2024-09-04T00:00:00.000000,0,44.32,SELL
BAC,2024-09-05T00:00:00.000000,0,44.32,SELL
BAC,2024-09-06T00:00:00.000000,0,44.32,SELL
BAC,2024-09-09T00:00:00.000000,0,44.32,SELL
BAC,2024-09-10T00:00:00.000000,0,46.44,SELL
BAC,2024-09-11T00:00:00.000000,1,50.0,BUY
BAC,2024-09-12T00:00:00.000000,1,50.07,BUY
BAC,2024-09-13T00:00:00.000000,1,51.22,BUY
BAC,2024-09-16T00:00:00.000000,1,51.22,BUY
BAC,2024-09-17T00:00:00.000000,1,51.22,BUY
BAC,2024-09-18T00:00:00.000000,1,51.22,BUY
BAC,2024-09-19T00:00:00.000000,1,51.22,BUY
BAC,2024-09-20T00:00:00.000000,1,51.22,BUY
BAC,2024-09-23T00:00:00.000000,1,50.07,BUY
BAC,2024-09-24T00:00:00.000000,0,46.44,SELL
BAC,2024-09-25T00:00:00.000000,0,44.32,SELL
BAC,2024-09-26T00:00:00.000000,0,44.32,SELL
BAC,2024-09-27T00:00:00.000000,0,44.32,SELL
BAC,2024-09-30T00:00:00.000000,0,44.32,SELL
BAC,2024-10-01T00:00:00.000000,0,44.32,SELL
BAC,2024-10-02T00:00:00.000000,0,44.32,SELL
BAC,2024-10-03T00:00:00.000000,0,44.32,SELL
BAC,2024-10-04T00:00:00.000000,0,44.32,SELL
BAC,2024-10-07T00:00:00.000000,0,44.32,SELL
BAC,2024-10-08T00:00:00.000000,0,44.32,SELL
BAC,2024-10-09T00:00:00.000000,0,44.32,SELL
BAC,2024-10-10T00:00:00.000000,0,44.32,SELL
BAC,2024-10-11T00:00:00.000000,0,44.32,SELL
BAC,2024-10-14T00:00:00.000000,0,44.32,SELL
BAC,2024-10-15T00:00:00.000000,0,44.32,SELL
BAC,2024-10-16T00:00:00.000000,0,44.32,SELL
BAC,2024-10-17T00:00:00.000000,0,44.32,SELL
BAC,2024-10-18T00:00:00.000000,0,44.32,SELL
BAC,2024-10-21T00:00:00.000000,0,44.32,SELL
BAC,2024-10-22T00:00:00.000000,0,44.32,SELL
BAC,2024-10-23T00:00:00.000000,0,44.32,SELL
BAC,2024-10-24T00:00:00.000000,0,44.32,SELL
BAC,2024-10-25T00:00:00.000000,0,44.32,SELL
BAC,2024-10-28T00:00:00.000000,0,44.32,SELL
BAC,2024-10-29T00:00:00.000000,0,46.44,SELL
BAC,2024-10-30T00:00:00.000000,1,50.0,BUY
BAC,2024-10-31T00:00:00.000000,1,50.07,BUY
BAC,2024-11-01T00:00:00.000000,1,50.07,BUY
BAC,2024-11-04T00:00:00.000000,1,50.07,BUY
BAC,2024-11-05T00:00:00.000000,1,50.0,BUY
BAC,2024-11-06T00:00:00.000000,1,50.0,BUY
BAC,2024-11-07T00:00:00.000000,0,46.44,SELL
BAC,2024-11-08T00:00:00.000000,0,44.32,SELL
BAC,2024-11-11T00:00:00.000000,0,44.32,SELL
BAC,2024-11-12T00:00:00.000000,0,44.32,SELL
BAC,2024-11-13T00:00:00.000000,0,44.32,SELL
BAC,2024-11-14T00:00:00.000000,0,44.32,SELL
BAC,2024-11-15T00:00:00.000000,0,43.6,SELL
BAC,2024-11-18T00:00:00.000000,0,43.6,SELL
BAC,2024-11-19T00:00:00.000000,0,43.6,SELL
BAC,2024-11-20T00:00:00.000000,0,43.6,SELL
BAC,2024-11-21T00:00:00.000000,0,44.32,SELL
BAC,2024-11-22T00:00:00.000000,0,44.32,SELL
BAC,2024-11-25T00:00:00.000000,0,44.32,SELL
BAC,2024-11-26T00:00:00.000000,0,44.9,SELL
BAC,2024-11-27T00:00:00.000000,0,46.44,SELL
BAC,2024-11-29T00:00:00.000000,0,44.9,SELL
BAC,2024-12-02T00:00:00.000000,0,44.32,SELL
BAC,2024-12-03T00:00:00.000000,0,44.32,SELL
BAC,2024-12-04T00:00:00.000000,0,44.32,SELL
BAC,2024-12-05T00:00:00.000000,0,44.32,SELL
BAC,2024-12-06T00:00:00.000000,0,44.32,SELL
BAC,2024-12-09T00:00:00.000000,0,44.32,SELL
BAC,2024-12-10T00:00:00.000000,0,44.32,SELL
BAC,2024-12-11T00:00:00.000000,0,44.32,SELL
BAC,2024-12-12T00:00:00.000000,0,44.32,SELL
BAC,2024-12-13T00:00:00.000000,0,44.32,SELL
BAC,2024-12-16T00:00:00.000000,0,44.32,SELL
BAC,2024-12-17T00:00:00.000000,0,44.32,SELL
BAC,2024-12-18T00:00:00.000000,0,44.32,SELL
BAC,2024-12-19T00:00:00.000000,0,44.32,SELL
BAC,2024-12-20T00:00:00.000000,0,44.32,SELL
C,2023-02-21T00:00:00.000000,1,51.22,BUY
C,2023-02-22T00:00:00.000000,1,51.22,BUY
C,2023-02-23T00:00:00.000000,1,51.22,BUY
C,2023-02-24T00:00:00.000000,1,51.22,BUY
C,2023-02-27T00:00:00.000000,1,51.22,BUY
C,2023-02-28T00:00:00.000000,1,51.22,BUY
C,2023-03-01T00:00:00.000000,1,51.22,BUY
C,2023-03-02T00:00:00.000000,1,51.22,BUY
C,2023-03-03T00:00:00.000000,1,51.22,BUY
C,2023-03-06T00:00:00.000000,1,51.22,BUY
C,2023-03-07T00:00:00.000000,1,51.22,BUY
C,2023-03-08T00:00:00.000000,1,51.22,BUY
C,2023-03-09T00:00:00.000000,1,51.22,BUY
C,2023-03-10T00:00:00.000000,1,51.22,BUY
C,2023-03-13T00:00:00.000000,1,51.22,BUY
C,2023-03-14T00:00:00.000000,1,50.07,BUY
C,2023-03-15T00:00:00.000000,1,50.07,BUY
C,2023-03-16T00:00:00.000000,0,46.44,SELL
C,2023-03-17T00:00:00.000000,0,44.32,SELL
C,2023-03-20T00:00:00.000000,0,44.32,SELL
C,2023-03-21T00:00:00.000000,0,44.32,SELL
C,2023-03-22T00:00:00.000000,0,43.59,SELL
C,2023-03-23T00:00:00.000000,0,41.9,SELL
C,2023-03-24T00:00:00.000000,0,41.9,SELL
C,2023-03-27T00:00:00.000000,0,41.67,SELL
C,2023-03-28T00:00:00.000000,0,41.67,SELL
C,2023-03-29T00:00:00.000000,0,41.67,SELL
C,2023-03-30T00:00:00.000000,0,41.9,SELL
C,2023-03-31T00:00:00.000000,0,43.59,SELL
C,2023-04-03T00:00:00.000000,0,44.32,SELL
C,2023-04-04T00:00:00.000000,0,44.32,SELL
C,2023-04-05T00:00:00.000000,0,44.32,SELL
C,2023-04-06T00:00:00.000000,0,43.6,SELL
C,2023-04-10T00:00:00.000000,0,43.6,SELL
C,2023-04-11T00:00:00.000000,0,43.6,SELL
C,2023-04-12T00:00:00.000000,0,43.6,SELL
C,2023-04-13T00:00:00.000000,0,43.6,SELL
C,2023-04-14T00:00:00.000000,0,44.32,SELL
C,2023-04-17T00:00:00.000000,0,44.32,SELL
C,2023-04-18T00:00:00.000000,0,44.32,SELL
C,2023-04-19T00:00:00.000000,0,44.32,SELL
C,2023-04-20T00:00:00.000000,0,44.32,SELL
C,2023-04-21T00:00:00.000000,0,44.32,SELL
C,2023-04-24T00:00:00.000000,0,44.32,SELL
C,2023-04-25T00:00:00.000000,0,46.44,SELL
C,2023-04-26T00:00:00.000000,1,50.07,BUY
C,2023-04-27T00:00:00.000000,1,50.07,BUY
C,2023-04-28T00:00:00.000000,1,51.22,BUY
C,2023-05-01T00:00:00.000000,1,51.22,BUY
C,2023-05-02T00:00:00.000000,1,51.22,BUY
C,2023-05-03T00:00:00.000000,1,51.22,BUY
C,2023-05-04T00:00:00.000000,1,51.22,BUY
C,2023-05-05T00:00:00.000000,1,51.22,BUY
C,2023-05-08T00:00:00.000000,1,51.22,BUY
C,2023-05-09T00:00:00.000000,1,51.22,BUY
C,2023-05-10T00:00:00.000000,1,50.07,BUY
C,2023-05-11T00:00:00.000000,0,46.44,SELL
C,2023-05-12T00:00:00.000000,0,46.44,SELL
C,2023-05-15T00:00:00.000000,1,50.07,BUY
C,2023-05-16T00:00:00.000000,1,50.0,BUY
C,2023-05-17T00:00:00.000000,1,50.0,BUY
C,2023-05-18T00:00:00.000000,0,46.44,SELL
C,2023-05-19T00:00:00.000000,0,46.44,SELL
C,2023-05-22T00:00:00.000000,0,46.44,SELL
C,2023-05-23T00:00:00.000000,0,46.44,SELL
C,2023-05-24T00:00:00.000000,0,44.9,SELL
C,2023-05-25T00:00:00.000000,0,44.32,SELL
C,2023-05-26T00:00:00.000000,0,44.32,SELL
C,2023-05-30T00:00:00.000000,0,44.32,SELL
C,2023-05-31T00:00:00.000000,0,44.32,SELL
C,2023-06-01T00:00:00.000000,0,44.32,SELL
C,2023-06-02T00:00:00.000000,0,44.32,SELL
C,2023-06-05T00:00:00.000000,0,44.32,SELL
C,2023-06-06T00:00:00.000000,0,43.6,SELL
C,2023-06-07T00:00:00.000000,0,43.6,SELL
C,2023-06-08T00:00:00.000000,0,43.6,SELL
C,2023-06-09T00:00:00.000000,0,43.6,SELL
C,2023-06-12T00:00:00.000000,0,43.6,SELL
C,2023-06-13T00:00:00.000000,0,44.32,SELL
C,2023-06-14T00:00:00.000000,0,44.32,SELL
C,2023-06-15T00:00:00.000000,0,44.32,SELL
C,2023-06-16T00:00:00.000000,0,44.32,SELL
C,2023-06-20T00:00:00.000000,0,44.32,SELL
C,2023-06-21T00:00:00.000000,0,46.44,SELL
C,2023-06-22T00:00:00.000000,1,50.07,BUY
C,2023-06-23T00:00:00.000000,1,50.07,BUY
C,2023-06-26T00:00:00.000000,1,51.22,BUY
C,2023-06-27T00:00:00.000000,1,50.07,BUY
C,2023-06-28T00:00:00.000000,1,50.07,BUY
C,2023-06-29T00:00:00.000000,1,50.07,BUY
C,2023-06-30T00:00:00.000000,1,50.07,BUY
C,2023-07-03T00:00:00.000000,1,50.0,BUY
C,2023-07-05T00:00:00.000000,0,46.44,SELL
C,2023-07-06T00:00:00.000000,0,46.44,SELL
C,2023-07-07T00:00:00.000000,0,46.44,SELL
C,2023-07-10T00:00:00.000000,0,44.9,SELL
C,2023-07-11T00:00:00.000000,0,44.32,SELL
C,2023-07-12T00:00:00.000000,0,44.32,SELL
C,2023-07-13T00:00:00.000000,0,44.32,SELL
C,2023-07-14T00:00:00.000000,0,44.32,SELL
C,2023-07-17T00:00:00.000000,0,44.32,SELL
C,2023-07-18T00:00:00.000000,0,44.32,SELL
C,2023-07-19T00:00:00.000000,0,44.32,SELL
C,2023-07-20T00:00:00.000000,0,43.6,SELL
C,2023-07-21T00:00:00.000000,0,43.59,SELL
C,2023-07-24T00:00:00.000000,0,41.9,SELL
C,2023-07-25T00:00:00.000000,0,41.9,SELL
C,2023-07-26T00:00:00.000000,0,41.9,SELL
C,2023-07-27T00:00:00.000000,0,41.9,SELL
C,2023-07-28T00:00:00.000000,0,41.9,SELL
C,2023-07-31T00:00:00.000000,0,41.9,SELL
C,2023-08-01T00:00:00.000000,0,41.9,SELL
C,2023-08-02T00:00:00.000000,0,41.9,SELL
C,2023-08-03T00:00:00.000000,0,43.59,SELL
C,2023-08-04T00:00:00.000000,0,43.59,SELL
C,2023-08-07T00:00:00.000000,0,43.59,SELL
C,2023-08-08T00:00:00.000000,0,43.59,SELL
C,2023-08-09T00:00:00.000000,0,43.59,SELL
C,2023-08-10T00:00:00.000000,0,43.6,SELL
C,2023-08-11T00:00:00.000000,0,43.6,SELL
C,2023-08-14T00:00:00.000000,0,44.32,SELL
C,2023-08-15T00:00:00.000000,0,44.32,SELL
C,2023-08-16T00:00:00.000000,0,44.32,SELL
C,2023-08-17T00:00:00.000000,0,44.32,SELL
C,2023-08-18T00:00:00.000000,0,44.32,SELL
C,2023-08-21T00:00:00.000000,0,44.32,SELL
C,2023-08-22T00:00:00.000000,0,44.32,SELL
C,2023-08-23T00:00:00.000000,0,44.32,SELL
C,2023-08-24T00:00:00.000000,0,43.6,SELL
C,2023-08-25T00:00:00.000000,0,43.59,SELL
C,2023-08-28T00:00:00.000000,0,43.59,SELL
C,2023-08-29T00:00:00.000000,0,43.59,SELL
C,2023-08-30T00:00:00.000000,0,41.9,SELL
C,2023-08-31T00:00:00.000000,0,41.9,SELL
C,2023-09-01T00:00:00.000000,0,41.9,SELL
C,2023-09-05T00:00:00.000000,0,41.9,SELL
C,2023-09-06T00:00:00.000000,0,41.9,SELL
C,2023-09-07T00:00:00.000000,0,41.67,SELL
C,2023-09-08T00:00:00.000000,0,41.9,SELL
C,2023-09-11T00:00:00.000000,0,41.9,SELL
C,2023-09-12T00:00:00.000000,0,41.9,SELL
C,2023-09-13T00:00:00.000000,0,41.9,SELL
C,2023-09-14T00:00:00.000000,0,41.9,SELL
C,2023-09-15T00:00:00.000000,0,41.9,SELL
C,2023-09-18T00:00:00.000000,0,41.9,SELL
C,2023-09-19T00:00:00.000000,0,43.59,SELL
C,2023-09-20T00:00:00.000000,0,43.6,SELL
C,2023-09-21T00:00:00.000000,0,44.32,SELL
C,2023-09-22T00:00:00.000000,0,44.32,SELL
C,2023-09-25T00:00:00.000000,0,44.32,SELL
C,2023-09-26T00:00:00.000000,0,44.32,SELL
C,2023-09-27T00:00:00.000000,0,44.32,SELL
C,2023-09-28T00:00:00.000000,0,44.32,SELL
C,2023-09-29T00:00:00.000000,1,50.0,BUY
C,2023-10-02T00:00:00.000000,1,50.07,BUY
C,2023-10-03T00:00:00.000000,1,51.15,BUY
C,2023-10-04T00:00:00.000000,1,51.22,BUY
C,2023-10-05T00:00:00.000000,1,51.22,BUY
C,2023-10-06T00:00:00.000000,1,51.15,BUY
C,2023-10-09T00:00:00.000000,1,50.07,BUY
C,2023-10-10T00:00:00.000000,1,50.07,BUY
C,2023-10-11T00:00:00.000000,0,44.9,SELL
C,2023-10-12T00:00:00.000000,0,44.32,SELL
C,2023-10-13T00:00:00.000000,0,44.32,SELL
C,2023-10-16T00:00:00.000000,0,44.32,SELL
C,2023-10-17T00:00:00.000000,0,44.32,SELL
C,2023-10-18T00:00:00.000000,0,44.32,SELL
C,2023-10-19T00:00:00.000000,0,44.32,SELL
C,2023-10-20T00:00:00.000000,0,44.32,SELL
C,2023-10-23T00:00:00.000000,0,44.32,SELL
C,2023-10-24T00:00:00.000000,0,44.32,SELL
C,2023-10-25T00:00:00.000000,0,44.32,SELL
C,2023-10-26T00:00:00.000000,0,44.32,SELL
C,2023-10-27T00:00:00.000000,0,46.44,SELL
C,2023-10-30T00:00:00.000000,0,46.44,SELL
C,2023-10-31T00:00:00.000000,0,46.44,SELL
C,2023-11-01T00:00:00.000000,1,50.07,BUY
C,2023-11-02T00:00:00.000000,1,50.07,BUY
C,2023-11-03T00:00:00.000000,1,50.07,BUY
C,2023-11-06T00:00:00.000000,1,50.07,BUY
C,2023-11-07T00:00:00.000000,0,47.54,SELL
C,2023-11-08T00:00:00.000000,0,46.44,SELL
C,2023-11-09T00:00:00.000000,0,44.32,SELL
C,2023-11-10T00:00:00.000000,0,44.32,SELL
C,2023-11-13T00:00:00.000000,0,44.32,SELL
C,2023-11-14T00:00:00.000000,0,44.32,SELL
C,2023-11-15T00:00:00.000000,0,44.32,SELL
C,2023-11-16T00:00:00.000000,0,44.32,SELL
C,2023-11-17T00:00:00.000000,0,44.32,SELL
C,2023-11-20T00:00:00.000000,0,44.32,SELL
C,2023-11-21T00:00:00.000000,0,44.32,SELL
C,2023-11-22T00:00:00.000000,0,44.32,SELL
C,2023-11-24T00:00:00.000000,0,44.32,SELL
C,2023-11-27T00:00:00.000000,0,44.32,SELL
C,2023-11-28T00:00:00.000000,0,44.32,SELL
C,2023-11-29T00:00:00.000000,0,43.6,SELL
C,2023-11-30T00:00:00.000000,0,44.32,SELL
C,2023-12-01T00:00:00.000000,0,44.32,SELL
C,2023-12-04T00:00:00.000000,0,43.6,SELL
C,2023-12-05T00:00:00.000000,0,43.6,SELL
C,2023-12-06T00:00:00.000000,0,43.6,SELL
C,2023-12-07T00:00:00.000000,0,43.6,SELL
C,2023-12-08T00:00:00.000000,0,43.6,SELL
C,2023-12-11T00:00:00.000000,0,43.6,SELL
C,2023-12-12T00:00:00.000000,0,43.6,SELL
C,2023-12-13T00:00:00.000000,0,43.6,SELL
C,2023-12-14T00:00:00.000000,0,44.32,SELL
C,2023-12-15T00:00:00.000000,0,44.32,SELL
C,2023-12-18T00:00:00.000000,0,44.32,SELL
C,2023-12-19T00:00:00.000000,0,44.32,SELL
C,2023-12-20T00:00:00.000000,0,44.32,SELL
C,2023-12-21T00:00:00.000000,0,44.32,SELL
C,2023-12-22T00:00:00.000000,0,44.32,SELL
C,2023-12-26T00:00:00.000000,0,43.6,SELL
C,2023-12-27T00:00:00.000000,0,43.6,SELL
C,2023-12-28T00:00:00.000000,0,43.59,SELL
C,2023-12-29T00:00:00.000000,0,41.9,SELL
C,2024-01-02T00:00:00.000000,0,41.9,SELL
C,2024-01-03T00:00:00.000000,0,41.9,SELL
C,2024-01-04T00:00:00.000000,0,41.9,SELL
C,2024-01-05T00:00:00.000000,0,43.59,SELL
C,2024-01-08T00:00:00.000000,0,43.59,SELL
C,2024-01-09T00:00:00.000000,0,43.6,SELL
C,2024-01-10T00:00:00.000000,0,44.32,SELL
C,2024-01-11T00:00:00.000000,0,44.32,SELL
C,2024-01-12T00:00:00.000000,0,44.32,SELL
C,2024-01-16T00:00:00.000000,0,44.32,SELL
C,2024-01-17T00:00:00.000000,0,46.44,SELL
C,2024-01-18T00:00:00.000000,1,50.07,BUY
C,2024-01-19T00:00:00.000000,1,51.15,BUY
C,2024-01-22T00:00:00.000000,1,51.22,BUY
C,2024-01-23T00:00:00.000000,1,51.22,BUY
C,2024-01-24T00:00:00.000000,1,50.07,BUY
C,2024-01-25T00:00:00.000000,1,50.07,BUY
C,2024-01-26T00:00:00.000000,0,46.44,SELL
C,2024-01-29T00:00:00.000000,0,44.9,SELL
C,2024-01-30T00:00:00.000000,0,44.32,SELL
C,2024-01-31T00:00:00.000000,0,44.32,SELL
C,2024-02-01T00:00:00.000000,0,44.32,SELL
C,2024-02-02T00:00:00.000000,0,44.32,SELL
C,2024-02-05T00:00:00.000000,0,44.32,SELL
C,2024-02-06T00:00:00.000000,0,44.32,SELL
C,2024-02-07T00:00:00.000000,0,44.32,SELL
C,2024-02-08T00:00:00.000000,0,46.44,SELL
C,2024-02-09T00:00:00.000000,1,50.07,BUY
C,2024-02-12T00:00:00.000000,1,50.07,BUY
C,2024-02-13T00:00:00.000000,1,51.22,BUY
C,2024-02-14T00:00:00.000000,1,51.22,BUY
C,2024-02-15T00:00:00.000000,1,51.22,BUY
C,2024-02-16T00:00:00.000000,1,51.22,BUY
C,2024-02-20T00:00:00.000000,1,51.22,BUY
C,2024-02-21T00:00:00.000000,1,50.07,BUY
C,2024-02-22T00:00:00.000000,0,46.44,SELL
C,2024-02-23T00:00:00.000000,0,44.32,SELL
C,2024-02-26T00:00:00.000000,0,44.32,SELL
C,2024-02-27T00:00:00.000000,0,44.32,SELL
C,2024-02-28T00:00:00.000000,0,44.32,SELL
C,2024-02-29T00:00:00.000000,0,43.6,SELL
C,2024-03-01T00:00:00.000000,0,43.6,SELL
C,2024-03-04T00:00:00.000000,0,44.32,SELL
C,2024-03-05T00:00:00.000000,0,44.32,SELL
C,2024-03-06T00:00:00.000000,0,44.32,SELL
C,2024-03-07T00:00:00.000000,0,44.32,SELL
C,2024-03-08T00:00:00.000000,0,44.32,SELL
C,2024-03-11T00:00:00.000000,0,44.32,SELL
C,2024-03-12T00:00:00.000000,0,44.32,SELL
C,2024-03-13T00:00:00.000000,0,44.32,SELL
C,2024-03-14T00:00:00.000000,0,44.32,SELL
C,2024-03-15T00:00:00.000000,0,44.32,SELL
C,2024-03-18T00:00:00.000000,0,44.32,SELL
C,2024-03-19T00:00:00.000000,0,44.9,SELL
C,2024-03-20T00:00:00.000000,0,46.44,SELL
C,2024-03-21T00:00:00.000000,0,44.9,SELL
C,2024-03-22T00:00:00.000000,0,44.32,SELL
C,2024-03-25T00:00:00.000000,0,44.32,SELL
C,2024-03-26T00:00:00.000000,0,44.32,SELL
C,2024-03-27T00:00:00.000000,0,44.32,SELL
C,2024-03-28T00:00:00.000000,0,44.32,SELL
C,2024-04-01T00:00:00.000000,0,44.32,SELL
C,2024-04-02T00:00:00.000000,0,44.32,SELL
C,2024-04-03T00:00:00.000000,0,44.32,SELL
C,2024-04-04T00:00:00.000000,0,44.32,SELL
C,2024-04-05T00:00:00.000000,0,44.32,SELL
C,2024-04-08T00:00:00.000000,0,46.44,SELL
C,2024-04-09T00:00:00.000000,1,50.07,BUY
C,2024-04-10T00:00:00.000000,1,50.07,BUY
C,2024-04-11T00:00:00.000000,1,50.07,BUY
C,2024-04-12T00:00:00.000000,1,50.07,BUY
C,2024-04-15T00:00:00.000000,1,50.07,BUY
C,2024-04-16T00:00:00.000000,1,50.07,BUY
C,2024-04-17T00:00:00.000000,1,50.07,BUY
C,2024-04-18T00:00:00.000000,1,50.07,BUY
C,2024-04-19T00:00:00.000000,0,46.44,SELL
C,2024-04-22T00:00:00.000000,0,46.44,SELL
C,2024-04-23T00:00:00.000000,0,46.44,SELL
C,2024-04-24T00:00:00.000000,0,46.44,SELL
C,2024-04-25T00:00:00.000000,0,46.44,SELL
C,2024-04-26T00:00:00.000000,0,46.44,SELL
C,2024-04-29T00:00:00.000000,0,46.44,SELL
C,2024-04-30T00:00:00.000000,0,44.32,SELL
C,2024-05-01T00:00:00.000000,0,44.32,SELL
C,2024-05-02T00:00:00.000000,0,44.32,SELL
C,2024-05-03T00:00:00.000000,0,44.32,SELL
C,2024-05-06T00:00:00.000000,0,44.32,SELL
C,2024-05-07T00:00:00.000000,0,46.44,SELL
C,2024-05-08T00:00:00.000000,1,50.0,BUY
C,2024-05-09T00:00:00.000000,1,50.07,BUY
C,2024-05-10T00:00:00.000000,1,50.07,BUY
C,2024-05-13T00:00:00.000000,0,46.44,SELL
C,2024-05-14T00:00:00.000000,0,44.32,SELL
C,2024-05-15T00:00:00.000000,0,44.32,SELL
C,2024-05-16T00:00:00.000000,0,44.32,SELL
C,2024-05-17T00:00:00.000000,0,44.32,SELL
C,2024-05-20T00:00:00.000000,0,43.6,SELL
C,2024-05-21T00:00:00.000000,0,43.6,SELL
C,2024-05-22T00:00:00.000000,0,43.6,SELL
C,2024-05-23T00:00:00.000000,0,44.32,SELL
C,2024-05-24T00:00:00.000000,0,44.32,SELL
C,2024-05-28T00:00:00.000000,0,44.32,SELL
C,2024-05-29T00:00:00.000000,0,44.32,SELL
C,2024-05-30T00:00:00.000000,0,44.32,SELL
C,2024-05-31T00:00:00.000000,0,44.32,SELL
C,2024-06-03T00:00:00.000000,0,46.44,SELL
C,2024-06-04T00:00:00.000000,0,46.44,SELL
C,2024-06-05T00:00:00.000000,0,46.44,SELL
C,2024-06-06T00:00:00.000000,1,50.07,BUY
C,2024-06-07T00:00:00.000000,1,50.07,BUY
C,2024-06-10T00:00:00.000000,1,50.0,BUY
C,2024-06-11T00:00:00.000000,1,50.07,BUY
C,2024-06-12T00:00:00.000000,0,46.44,SELL
C,2024-06-13T00:00:00.000000,1,50.07,BUY
C,2024-06-14T00:00:00.000000,0,47.54,SELL
C,2024-06-17T00:00:00.000000,1,50.07,BUY
C,2024-06-18T00:00:00.000000,0,46.44,SELL
C,2024-06-20T00:00:00.000000,0,44.9,SELL
C,2024-06-21T00:00:00.000000,0,46.44,SELL
C,2024-06-24T00:00:00.000000,0,46.44,SELL
C,2024-06-25T00:00:00.000000,0,44.9,SELL
C,2024-06-26T00:00:00.000000,0,44.32,SELL
C,2024-06-27T00:00:00.000000,0,44.32,SELL
C,2024-06-28T00:00:00.000000,0,44.32,SELL
C,2024-07-01T00:00:00.000000,0,44.32,SELL
C,2024-07-02T00:00:00.000000,0,44.32,SELL
C,2024-07-03T00:00:00.000000,0,44.32,SELL
C,2024-07-05T00:00:00.000000,0,44.32,SELL
C,2024-07-08T00:00:00.000000,0,46.44,SELL
C,2024-07-09T00:00:00.000000,0,47.54,SELL
C,2024-07-10T00:00:00.000000,1,50.07,BUY
C,2024-07-11T00:00:00.000000,1,51.22,BUY
C,2024-07-12T00:00:00.000000,1,51.22,BUY
C,2024-07-15T00:00:00.000000,1,51.22,BUY
C,2024-07-16T00:00:00.000000,1,51.22,BUY
C,2024-07-17T00:00:00.000000,1,51.22,BUY
C,2024-07-18T00:00:00.000000,1,51.15,BUY
C,2024-07-19T00:00:00.000000,1,51.22,BUY
C,2024-07-22T00:00:00.000000,1,51.22,BUY
C,2024-07-23T00:00:00.000000,1,50.07,BUY
C,2024-07-24T00:00:00.000000,1,50.07,BUY
C,2024-07-25T00:00:00.000000,1,50.07,BUY
C,2024-07-26T00:00:00.000000,1,50.07,BUY
C,2024-07-29T00:00:00.000000,1,50.07,BUY
C,2024-07-30T00:00:00.000000,1,50.07,BUY
C,2024-07-31T00:00:00.000000,1,51.22,BUY
C,2024-08-01T00:00:00.000000,1,51.22,BUY
C,2024-08-02T00:00:00.000000,1,51.22,BUY
C,2024-08-05T00:00:00.000000,1,51.22,BUY
C,2024-08-06T00:00:00.000000,1,50.07,BUY
C,2024-08-07T00:00:00.000000,1,50.07,BUY
C,2024-08-08T00:00:00.000000,0,44.32,SELL
C,2024-08-09T00:00:00.000000,0,44.32,SELL
C,2024-08-12T00:00:00.000000,0,44.32,SELL
C,2024-08-13T00:00:00.000000,0,43.6,SELL
C,2024-08-14T00:00:00.000000,0,43.59,SELL
C,2024-08-15T00:00:00.000000,0,43.59,SELL
C,2024-08-16T00:00:00.000000,0,41.9,SELL
C,2024-08-19T00:00:00.000000,0,41.9,SELL
C,2024-08-20T00:00:00.000000,0,43.59,SELL
C,2024-08-21T00:00:00.000000,0,43.6,SELL
C,2024-08-22T00:00:00.000000,0,43.6,SELL
C,2024-08-23T00:00:00.000000,0,43.6,SELL
C,2024-08-26T00:00:00.000000,0,43.59,SELL
C,2024-08-27T00:00:00.000000,0,43.59,SELL
C,2024-08-28T00:00:00.000000,0,43.6,SELL
C,2024-08-29T00:00:00.000000,0,43.6,SELL
C,2024-08-30T00:00:00.000000,0,44.32,SELL
C,2024-09-03T00:00:00.000000,0,44.32,SELL
C,2024-09-04T00:00:00.000000,0,44.32,SELL
C,2024-09-05T00:00:00.000000,0,44.32,SELL
C,2024-09-06T00:00:00.000000,0,44.32,SELL
C,2024-09-09T00:00:00.000000,0,44.32,SELL
C,2024-09-10T00:00:00.000000,0,44.32,SELL
C,2024-09-11T00:00:00.000000,0,44.32,SELL
C,2024-09-12T00:00:00.000000,0,44.32,SELL
C,2024-09-13T00:00:00.000000,0,44.32,SELL
C,2024-09-16T00:00:00.000000,0,44.9,SELL
C,2024-09-17T00:00:00.000000,0,46.44,SELL
C,2024-09-18T00:00:00.000000,0,44.32,SELL
C,2024-09-19T00:00:00.000000,0,44.32,SELL
C,2024-09-20T00:00:00.000000,0,44.32,SELL
C,2024-09-23T00:00:00.000000,0,43.6,SELL
C,2024-09-24T00:00:00.000000,0,43.6,SELL
C,2024-09-25T00:00:00.000000,0,43.6,SELL
C,2024-09-26T00:00:00.000000,0,43.6,SELL
C,2024-09-27T00:00:00.000000,0,43.6,SELL
C,2024-09-30T00:00:00.000000,0,43.6,SELL
C,2024-10-01T00:00:00.000000,0,43.6,SELL
C,2024-10-02T00:00:00.000000,0,43.6,SELL
C,2024-10-03T00:00:00.000000,0,44.32,SELL
C,2024-10-04T00:00:00.000000,0,44.32,SELL
C,2024-10-07T00:00:00.000000,0,44.32,SELL
C,2024-10-08T00:00:00.000000,0,44.32,SELL
C,2024-10-09T00:00:00.000000,0,44.32,SELL
C,2024-10-10T00:00:00.000000,0,44.32,SELL
C,2024-10-11T00:00:00.000000,0,44.32,SELL
C,2024-10-14T00:00:00.000000,0,44.32,SELL
C,2024-10-15T00:00:00.000000,0,44.32,SELL
C,2024-10-16T00:00:00.000000,0,44.32,SELL
C,2024-10-17T00:00:00.000000,0,44.32,SELL
C,2024-10-18T00:00:00.000000,0,44.32,SELL
C,2024-10-21T00:00:00.000000,0,44.32,SELL
C,2024-10-22T00:00:00.000000,0,44.32,SELL
C,2024-10-23T00:00:00.000000,0,44.32,SELL
C,2024-10-24T00:00:00.000000,0,44.32,SELL
C,2024-10-25T00:00:00.000000,0,44.32,SELL
C,2024-10-28T00:00:00.000000,0,46.44,SELL
C,2024-10-29T00:00:00.000000,0,46.44,SELL
C,2024-10-30T00:00:00.000000,0,44.32,SELL
C,2024-10-31T00:00:00.000000,0,44.32,SELL
C,2024-11-01T00:00:00.000000,0,44.32,SELL
C,2024-11-04T00:00:00.000000,0,44.32,SELL
C,2024-11-05T00:00:00.000000,0,44.32,SELL
C,2024-11-06T00:00:00.000000,0,44.32,SELL
C,2024-11-07T00:00:00.000000,0,44.32,SELL
C,2024-11-08T00:00:00.000000,0,44.32,SELL
C,2024-11-11T00:00:00.000000,0,43.6,SELL
C,2024-11-12T00:00:00.000000,0,43.6,SELL
C,2024-11-13T00:00:00.000000,0,43.6,SELL
C,2024-11-14T00:00:00.000000,0,44.32,SELL
C,2024-11-15T00:00:00.000000,0,44.32,SELL
C,2024-11-18T00:00:00.000000,0,44.32,SELL
C,2024-11-19T00:00:00.000000,0,44.32,SELL
C,2024-11-20T00:00:00.000000,0,44.32,SELL
C,2024-11-21T00:00:00.000000,0,44.32,SELL
C,2024-11-22T00:00:00.000000,0,44.32,SELL
C,2024-11-25T00:00:00.000000,0,44.32,SELL
C,2024-11-26T00:00:00.000000,0,44.32,SELL
C,2024-11-27T00:00:00.000000,0,44.32,SELL
C,2024-11-29T00:00:00.000000,0,44.32,SELL
C,2024-12-02T00:00:00.000000,0,44.32,SELL
C,2024-12-03T00:00:00.000000,0,44.32,SELL
C,2024-12-04T00:00:00.000000,0,43.6,SELL
C,2024-12-05T00:00:00.000000,0,43.6,SELL
C,2024-12-06T00:00:00.000000,0,43.6,SELL
C,2024-12-09T00:00:00.000000,0,43.6,SELL
C,2024-12-10T00:00:00.000000,0,44.32,SELL
C,2024-12-11T00:00:00.000000,0,44.32,SELL
C,2024-12-12T00:00:00.000000,0,44.32,SELL
C,2024-12-13T00:00:00.000000,0,44.32,SELL
C,2024-12-16T00:00:00.000000,0,46.44,SELL
C,2024-12-17T00:00:00.000000,1,50.07,BUY
C,2024-12-18T00:00:00.000000,1,50.07,BUY
C,2024-12-19T00:00:00.000000,1,51.15,BUY
C,2024-12-20T00:00:00.000000,1,51.22,BUY
COP,2023-02-21T00:00:00.000000,0,44.32,SELL
COP,2023-02-22T00:00:00.000000,0,44.32,SELL
COP,2023-02-23T00:00:00.000000,0,46.44,SELL
COP,2023-02-24T00:00:00.000000,0,46.44,SELL
COP,2023-02-27T00:00:00.000000,0,44.9,SELL
COP,2023-02-28T00:00:00.000000,0,46.44,SELL
COP,2023-03-01T00:00:00.000000,0,46.44,SELL
COP,2023-03-02T00:00:00.000000,1,50.07,BUY
COP,2023-03-03T00:00:00.000000,1,50.07,BUY
COP,2023-03-06T00:00:00.000000,1,50.07,BUY
COP,2023-03-07T00:00:00.000000,1,50.07,BUY
COP,2023-03-08T00:00:00.000000,1,51.15,BUY
COP,2023-03-09T00:00:00.000000,1,51.15,BUY
COP,2023-03-10T00:00:00.000000,1,51.22,BUY
COP,2023-03-13T00:00:00.000000,1,51.22,BUY
COP,2023-03-14T00:00:00.000000,1,51.22,BUY
COP,2023-03-15T00:00:00.000000,1,50.07,BUY
COP,2023-03-16T00:00:00.000000,1,50.07,BUY
COP,2023-03-17T00:00:00.000000,1,51.22,BUY
COP,2023-03-20T00:00:00.000000,1,51.22,BUY
COP,2023-03-21T00:00:00.000000,1,51.22,BUY
COP,2023-03-22T00:00:00.000000,1,50.07,BUY
COP,2023-03-23T00:00:00.000000,1,50.07,BUY
COP,2023-03-24T00:00:00.000000,0,46.44,SELL
COP,2023-03-27T00:00:00.000000,0,44.32,SELL
COP,2023-03-28T00:00:00.000000,0,44.32,SELL
COP,2023-03-29T00:00:00.000000,0,44.32,SELL
COP,2023-03-30T00:00:00.000000,0,44.32,SELL
COP,2023-03-31T00:00:00.000000,1,50.07,BUY
COP,2023-04-03T00:00:00.000000,1,50.07,BUY
COP,2023-04-04T00:00:00.000000,1,50.0,BUY
COP,2023-04-05T00:00:00.000000,0,46.44,SELL
COP,2023-04-06T00:00:00.000000,0,44.32,SELL
COP,2023-04-10T00:00:00.000000,0,44.32,SELL
COP,2023-04-11T00:00:00.000000,0,44.32,SELL
COP,2023-04-12T00:00:00.000000,0,44.32,SELL
COP,2023-04-13T00:00:00.000000,0,44.32,SELL
COP,2023-04-14T00:00:00.000000,0,44.32,SELL
COP,2023-04-17T00:00:00.000000,0,44.32,SELL
COP,2023-04-18T00:00:00.000000,0,44.32,SELL
COP,2023-04-19T00:00:00.000000,0,44.32,SELL
COP,2023-04-20T00:00:00.000000,0,44.9,SELL
COP,2023-04-21T00:00:00.000000,0,46.44,SELL
COP,2023-04-24T00:00:00.000000,0,44.9,SELL
COP,2023-04-25T00:00:00.000000,0,44.32,SELL
COP,2023-04-26T00:00:00.000000,0,44.32,SELL
COP,2023-04-27T00:00:00.000000,0,44.32,SELL
COP,2023-04-28T00:00:00.000000,0,44.32,SELL
COP,2023-05-01T00:00:00.000000,0,44.32,SELL
COP,2023-05-02T00:00:00.000000,0,44.32,SELL
COP,2023-05-03T00:00:00.000000,0,44.32,SELL
COP,2023-05-04T00:00:00.000000,0,44.32,SELL
COP,2023-05-05T00:00:00.000000,0,44.32,SELL
COP,2023-05-08T00:00:00.000000,0,44.32,SELL
COP,2023-05-09T00:00:00.000000,0,46.44,SELL
COP,2023-05-10T00:00:00.000000,0,46.44,SELL
COP,2023-05-11T00:00:00.000000,0,44.32,SELL
COP,2023-05-12T00:00:00.000000,0,44.9,SELL
COP,2023-05-15T00:00:00.000000,0,46.44,SELL
COP,2023-05-16T00:00:00.000000,0,46.44,SELL
COP,2023-05-17T00:00:00.000000,1,50.07,BUY
COP,2023-05-18T00:00:00.000000,1,50.07,BUY
COP,2023-05-19T00:00:00.000000,1,50.07,BUY
COP,2023-05-22T00:00:00.000000,1,50.07,BUY
COP,2023-05-23T00:00:00.000000,1,50.07,BUY
COP,2023-05-24T00:00:00.000000,1,50.07,BUY
COP,2023-05-25T00:00:00.000000,1,50.0,BUY
COP,2023-05-26T00:00:00.000000,1,50.0,BUY
COP,2023-05-30T00:00:00.000000,0,46.44,SELL
COP,2023-05-31T00:00:00.000000,1,50.0,BUY
COP,2023-06-01T00:00:00.000000,0,46.44,SELL
COP,2023-06-02T00:00:00.000000,1,50.0,BUY
COP,2023-06-05T00:00:00.000000,1,50.0,BUY
COP,2023-06-06T00:00:00.000000,0,47.54,SELL
COP,2023-06-07T00:00:00.000000,0,46.44,SELL
COP,2023-06-08T00:00:00.000000,0,46.44,SELL
COP,2023-06-09T00:00:00.000000,0,44.32,SELL
COP,2023-06-12T00:00:00.000000,0,44.32,SELL
COP,2023-06-13T00:00:00.000000,0,43.6,SELL
COP,2023-06-14T00:00:00.000000,0,43.59,SELL
COP,2023-06-15T00:00:00.000000,0,41.9,SELL
COP,2023-06-16T00:00:00.000000,0,41.9,SELL
COP,2023-06-20T00:00:00.000000,0,41.9,SELL
COP,2023-06-21T00:00:00.000000,0,41.9,SELL
COP,2023-06-22T00:00:00.000000,0,43.59,SELL
COP,2023-06-23T00:00:00.000000,0,43.6,SELL
COP,2023-06-26T00:00:00.000000,0,43.6,SELL
COP,2023-06-27T00:00:00.000000,0,44.32,SELL
COP,2023-06-28T00:00:00.000000,0,44.32,SELL
COP,2023-06-29T00:00:00.000000,0,44.32,SELL
COP,2023-06-30T00:00:00.000000,0,44.32,SELL
COP,2023-07-03T00:00:00.000000,0,44.32,SELL
COP,2023-07-05T00:00:00.000000,0,44.32,SELL
COP,2023-07-06T00:00:00.000000,0,44.32,SELL
COP,2023-07-07T00:00:00.000000,0,44.32,SELL
COP,2023-07-10T00:00:00.000000,0,44.32,SELL
COP,2023-07-11T00:00:00.000000,0,44.32,SELL
COP,2023-07-12T00:00:00.000000,0,44.32,SELL
COP,2023-07-13T00:00:00.000000,0,44.32,SELL
COP,2023-07-14T00:00:00.000000,0,44.32,SELL
COP,2023-07-17T00:00:00.000000,0,44.32,SELL
COP,2023-07-18T00:00:00.000000,0,44.32,SELL
COP,2023-07-19T00:00:00.000000,0,44.32,SELL
COP,2023-07-20T00:00:00.000000,0,44.32,SELL
COP,2023-07-21T00:00:00.000000,0,44.32,SELL
COP,2023-07-24T00:00:00.000000,0,44.32,SELL
COP,2023-07-25T00:00:00.000000,0,44.32,SELL
COP,2023-07-26T00:00:00.000000,0,44.32,SELL
COP,2023-07-27T00:00:00.000000,0,44.32,SELL
COP,2023-07-28T00:00:00.000000,0,44.32,SELL
COP,2023-07-31T00:00:00.000000,0,44.9,SELL
COP,2023-08-01T00:00:00.000000,0,46.44,SELL
COP,2023-08-02T00:00:00.000000,1,50.07,BUY
COP,2023-08-03T00:00:00.000000,1,50.07,BUY
COP,2023-08-04T00:00:00.000000,1,50.07,BUY
COP,2023-08-07T00:00:00.000000,1,50.07,BUY
COP,2023-08-08T00:00:00.000000,1,50.07,BUY
COP,2023-08-09T00:00:00.000000,1,50.07,BUY
COP,2023-08-10T00:00:00.000000,1,50.07,BUY
COP,2023-08-11T00:00:00.000000,1,50.07,BUY
COP,2023-08-14T00:00:00.000000,0,46.44,SELL
COP,2023-08-15T00:00:00.000000,0,44.32,SELL
COP,2023-08-16T00:00:00.000000,0,44.32,SELL
COP,2023-08-17T00:00:00.000000,0,44.32,SELL
COP,2023-08-18T00:00:00.000000,0,44.32,SELL
COP,2023-08-21T00:00:00.000000,0,44.32,SELL
COP,2023-08-22T00:00:00.000000,0,44.32,SELL
COP,2023-08-23T00:00:00.000000,0,46.44,SELL
COP,2023-08-24T00:00:00.000000,1,47.54,BUY
COP,2023-08-25T00:00:00.000000,1,50.07,BUY
COP,2023-08-28T00:00:00.000000,1,51.22,BUY
COP,2023-08-29T00:00:00.000000,1,51.22,BUY
COP,2023-08-30T00:00:00.000000,1,51.22,BUY
COP,2023-08-31T00:00:00.000000,1,50.07,BUY
COP,2023-09-01T00:00:00.000000,1,50.07,BUY
COP,2023-09-05T00:00:00.000000,0,46.44,SELL
COP,2023-09-06T00:00:00.000000,0,44.32,SELL
COP,2023-09-07T00:00:00.000000,0,44.32,SELL
COP,2023-09-08T00:00:00.000000,0,44.32,SELL
COP,2023-09-11T00:00:00.000000,0,44.32,SELL
COP,2023-09-12T00:00:00.000000,0,44.32,SELL
COP,2023-09-13T00:00:00.000000,0,44.32,SELL
COP,2023-09-14T00:00:00.000000,0,44.32,SELL
COP,2023-09-15T00:00:00.000000,0,44.32,SELL
COP,2023-09-18T00:00:00.000000,0,44.32,SELL
COP,2023-09-19T00:00:00.000000,0,44.32,SELL
COP,2023-09-20T00:00:00.000000,0,44.32,SELL
COP,2023-09-21T00:00:00.000000,0,44.32,SELL
COP,2023-09-22T00:00:00.000000,0,44.32,SELL
COP,2023-09-25T00:00:00.000000,0,44.32,SELL
COP,2023-09-26T00:00:00.000000,0,44.32,SELL
COP,2023-09-27T00:00:00.000000,0,44.32,SELL
COP,2023-09-28T00:00:00.000000,0,44.32,SELL
COP,2023-09-29T00:00:00.000000,1,50.0,BUY
COP,2023-10-02T00:00:00.000000,1,50.07,BUY
COP,2023-10-03T00:00:00.000000,1,51.22,BUY
COP,2023-10-04T00:00:00.000000,1,51.22,BUY
COP,2023-10-05T00:00:00.000000,1,51.22,BUY
COP,2023-10-06T00:00:00.000000,1,50.07,BUY
COP,2023-10-09T00:00:00.000000,0,44.9,SELL
COP,2023-10-10T00:00:00.000000,0,44.32,SELL
COP,2023-10-11T00:00:00.000000,0,44.32,SELL
COP,2023-10-12T00:00:00.000000,0,44.32,SELL
COP,2023-10-13T00:00:00.000000,0,44.32,SELL
COP,2023-10-16T00:00:00.000000,0,43.6,SELL
COP,2023-10-17T00:00:00.000000,0,43.6,SELL
COP,2023-10-18T00:00:00.000000,0,43.6,SELL
COP,2023-10-19T00:00:00.000000,0,43.6,SELL
COP,2023-10-20T00:00:00.000000,0,43.6,SELL
COP,2023-10-23T00:00:00.000000,0,44.32,SELL
COP,2023-10-24T00:00:00.000000,0,44.32,SELL
COP,2023-10-25T00:00:00.000000,0,44.32,SELL
COP,2023-10-26T00:00:00.000000,0,44.32,SELL
COP,2023-10-27T00:00:00.000000,0,46.44,SELL
COP,2023-10-30T00:00:00.000000,1,50.07,BUY
COP,2023-10-31T00:00:00.000000,1,51.22,BUY
COP,2023-11-01T00:00:00.000000,1,51.22,BUY
COP,2023-11-02T00:00:00.000000,1,51.22,BUY
COP,2023-11-03T00:00:00.000000,1,51.22,BUY
COP,2023-11-06T00:00:00.000000,1,50.07,BUY
COP,2023-11-07T00:00:00.000000,0,46.44,SELL
COP,2023-11-08T00:00:00.000000,0,44.32,SELL
COP,2023-11-09T00:00:00.000000,0,44.32,SELL
COP,2023-11-10T00:00:00.000000,0,44.32,SELL
COP,2023-11-13T00:00:00.000000,0,44.32,SELL
COP,2023-11-14T00:00:00.000000,0,43.6,SELL
COP,2023-11-15T00:00:00.000000,0,43.59,SELL
COP,2023-11-16T00:00:00.000000,0,41.9,SELL
COP,2023-11-17T00:00:00.000000,0,41.9,SELL
COP,2023-11-20T00:00:00.000000,0,41.9,SELL
COP,2023-11-21T00:00:00.000000,0,41.9,SELL
COP,2023-11-22T00:00:00.000000,0,41.9,SELL
COP,2023-11-24T00:00:00.000000,0,41.9,SELL
COP,2023-11-27T00:00:00.000000,0,41.9,SELL
COP,2023-11-28T00:00:00.000000,0,41.9,SELL
COP,2023-11-29T00:00:00.000000,0,41.9,SELL
COP,2023-11-30T00:00:00.000000,0,41.9,SELL
COP,2023-12-01T00:00:00.000000,0,41.9,SELL
COP,2023-12-04T00:00:00.000000,0,41.9,SELL
COP,2023-12-05T00:00:00.000000,0,43.59,SELL
COP,2023-12-06T00:00:00.000000,0,43.6,SELL
COP,2023-12-07T00:00:00.000000,0,43.6,SELL
COP,2023-12-08T00:00:00.000000,0,43.6,SELL
COP,2023-12-11T00:00:00.000000,0,43.6,SELL
COP,2023-12-12T00:00:00.000000,0,43.6,SELL
COP,2023-12-13T00:00:00.000000,0,43.6,SELL
COP,2023-12-14T00:00:00.000000,0,43.6,SELL
COP,2023-12-15T00:00:00.000000,0,43.59,SELL
COP,2023-12-18T00:00:00.000000,0,43.59,SELL
COP,2023-12-19T00:00:00.000000,0,41.9,SELL
COP,2023-12-20T00:00:00.000000,0,41.9,SELL
COP,2023-12-21T00:00:00.000000,0,41.9,SELL
COP,2023-12-22T00:00:00.000000,0,41.9,SELL
COP,2023-12-26T00:00:00.000000,0,41.9,SELL
COP,2023-12-27T00:00:00.000000,0,41.9,SELL
COP,2023-12-28T00:00:00.000000,0,41.9,SELL
COP,2023-12-29T00:00:00.000000,0,41.9,SELL
COP,2024-01-02T00:00:00.000000,0,41.9,SELL
COP,2024-01-03T00:00:00.000000,0,43.59,SELL
COP,2024-01-04T00:00:00.000000,0,43.59,SELL
COP,2024-01-05T00:00:00.000000,0,43.6,SELL
COP,2024-01-08T00:00:00.000000,0,43.6,SELL
COP,2024-01-09T00:00:00.000000,0,43.6,SELL
COP,2024-01-10T00:00:00.000000,0,44.32,SELL
COP,2024-01-11T00:00:00.000000,0,44.32,SELL
COP,2024-01-12T00:00:00.000000,0,44.32,SELL
COP,2024-01-16T00:00:00.000000,0,44.32,SELL
COP,2024-01-17T00:00:00.000000,0,44.32,SELL
COP,2024-01-18T00:00:00.000000,0,44.32,SELL
COP,2024-01-19T00:00:00.000000,0,44.32,SELL
COP,2024-01-22T00:00:00.000000,0,43.59,SELL
COP,2024-01-23T00:00:00.000000,0,41.9,SELL
COP,2024-01-24T00:00:00.000000,0,41.9,SELL
COP,2024-01-25T00:00:00.000000,0,41.88,SELL
COP,2024-01-26T00:00:00.000000,0,41.85,SELL
COP,2024-01-29T00:00:00.000000,0,41.9,SELL
COP,2024-01-30T00:00:00.000000,0,41.9,SELL
COP,2024-01-31T00:00:00.000000,0,41.9,SELL
COP,2024-02-01T00:00:00.000000,0,41.9,SELL
COP,2024-02-02T00:00:00.000000,0,41.9,SELL
COP,2024-02-05T00:00:00.000000,0,43.59,SELL
COP,2024-02-06T00:00:00.000000,0,43.6,SELL
COP,2024-02-07T00:00:00.000000,0,44.32,SELL
COP,2024-02-08T00:00:00.000000,0,44.32,SELL
COP,2024-02-09T00:00:00.000000,0,44.32,SELL
COP,2024-02-12T00:00:00.000000,0,46.44,SELL
COP,2024-02-13T00:00:00.000000,1,50.07,BUY
COP,2024-02-14T00:00:00.000000,1,50.07,BUY
COP,2024-02-15T00:00:00.000000,1,50.07,BUY
COP,2024-02-16T00:00:00.000000,1,50.07,BUY
COP,2024-02-20T00:00:00.000000,1,50.07,BUY
COP,2024-02-21T00:00:00.000000,1,50.07,BUY
COP,2024-02-22T00:00:00.000000,0,46.44,SELL
COP,2024-02-23T00:00:00.000000,0,46.44,SELL
COP,2024-02-26T00:00:00.000000,0,46.44,SELL
COP,2024-02-27T00:00:00.000000,0,44.32,SELL
COP,2024-02-28T00:00:00.000000,0,44.32,SELL
COP,2024-02-29T00:00:00.000000,0,44.32,SELL
COP,2024-03-01T00:00:00.000000,0,44.32,SELL
COP,2024-03-04T00:00:00.000000,0,44.32,SELL
COP,2024-03-05T00:00:00.000000,0,44.32,SELL
COP,2024-03-06T00:00:00.000000,0,43.6,SELL
COP,2024-03-07T00:00:00.000000,0,44.32,SELL
COP,2024-03-08T00:00:00.000000,0,44.32,SELL
COP,2024-03-11T00:00:00.000000,0,44.32,SELL
COP,2024-03-12T00:00:00.000000,0,44.32,SELL
COP,2024-03-13T00:00:00.000000,0,44.32,SELL
COP,2024-03-14T00:00:00.000000,0,44.32,SELL
COP,2024-03-15T00:00:00.000000,0,44.32,SELL
COP,2024-03-18T00:00:00.000000,0,44.32,SELL
COP,2024-03-19T00:00:00.000000,0,44.32,SELL
COP,2024-03-20T00:00:00.000000,0,44.32,SELL
COP,2024-03-21T00:00:00.000000,0,44.32,SELL
COP,2024-03-22T00:00:00.000000,0,44.32,SELL
COP,2024-03-25T00:00:00.000000,0,44.32,SELL
COP,2024-03-26T00:00:00.000000,0,44.32,SELL
COP,2024-03-27T00:00:00.000000,0,46.44,SELL
COP,2024-03-28T00:00:00.000000,0,47.54,SELL
COP,2024-04-01T00:00:00.000000,1,50.07,BUY
COP,2024-04-02T00:00:00.000000,1,50.07,BUY
COP,2024-04-03T00:00:00.000000,1,50.0,BUY
COP,2024-04-04T00:00:00.000000,0,46.44,SELL
COP,2024-04-05T00:00:00.000000,0,46.44,SELL
COP,2024-04-08T00:00:00.000000,0,46.44,SELL
COP,2024-04-09T00:00:00.000000,0,46.44,SELL
COP,2024-04-10T00:00:00.000000,1,50.07,BUY
COP,2024-04-11T00:00:00.000000,1,50.07,BUY
COP,2024-04-12T00:00:00.000000,1,50.07,BUY
COP,2024-04-15T00:00:00.000000,1,51.22,BUY
COP,2024-04-16T00:00:00.000000,1,51.22,BUY
COP,2024-04-17T00:00:00.000000,1,51.22,BUY
COP,2024-04-18T00:00:00.000000,1,51.22,BUY
COP,2024-04-19T00:00:00.000000,1,51.22,BUY
COP,2024-04-22T00:00:00.000000,1,51.22,BUY
COP,2024-04-23T00:00:00.000000,1,51.22,BUY
COP,2024-04-24T00:00:00.000000,1,51.22,BUY
COP,2024-04-25T00:00:00.000000,1,51.22,BUY
COP,2024-04-26T00:00:00.000000,1,51.22,BUY
COP,2024-04-29T00:00:00.000000,1,51.22,BUY
COP,2024-04-30T00:00:00.000000,1,51.22,BUY
COP,2024-05-01T00:00:00.000000,1,51.22,BUY
COP,2024-05-02T00:00:00.000000,1,51.15,BUY
COP,2024-05-03T00:00:00.000000,1,50.07,BUY
COP,2024-05-06T00:00:00.000000,0,46.44,SELL
COP,2024-05-07T00:00:00.000000,0,46.44,SELL
COP,2024-05-08T00:00:00.000000,0,44.32,SELL
COP,2024-05-09T00:00:00.000000,0,44.32,SELL
COP,2024-05-10T00:00:00.000000,0,44.32,SELL
COP,2024-05-13T00:00:00.000000,0,43.6,SELL
COP,2024-05-14T00:00:00.000000,0,43.6,SELL
COP,2024-05-15T00:00:00.000000,0,41.9,SELL
COP,2024-05-16T00:00:00.000000,0,41.9,SELL
COP,2024-05-17T00:00:00.000000,0,41.9,SELL
COP,2024-05-20T00:00:00.000000,0,41.9,SELL
COP,2024-05-21T00:00:00.000000,0,41.9,SELL
COP,2024-05-22T00:00:00.000000,0,41.9,SELL
COP,2024-05-23T00:00:00.000000,0,42.69,SELL
COP,2024-05-24T00:00:00.000000,0,43.59,SELL
COP,2024-05-28T00:00:00.000000,0,41.9,SELL
COP,2024-05-29T00:00:00.000000,0,41.9,SELL
COP,2024-05-30T00:00:00.000000,0,41.9,SELL
COP,2024-05-31T00:00:00.000000,0,41.9,SELL
COP,2024-06-03T00:00:00.000000,0,41.9,SELL
COP,2024-06-04T00:00:00.000000,0,43.59,SELL
COP,2024-06-05T00:00:00.000000,0,43.59,SELL
COP,2024-06-06T00:00:00.000000,0,43.59,SELL
COP,2024-06-07T00:00:00.000000,0,41.9,SELL
COP,2024-06-10T00:00:00.000000,0,41.9,SELL
COP,2024-06-11T00:00:00.000000,0,41.9,SELL
COP,2024-06-12T00:00:00.000000,0,43.59,SELL
COP,2024-06-13T00:00:00.000000,0,43.6,SELL
COP,2024-06-14T00:00:00.000000,0,43.6,SELL
COP,2024-06-17T00:00:00.000000,0,44.32,SELL
COP,2024-06-18T00:00:00.000000,0,44.32,SELL
COP,2024-06-20T00:00:00.000000,0,44.32,SELL
COP,2024-06-21T00:00:00.000000,0,44.32,SELL
COP,2024-06-24T00:00:00.000000,0,44.32,SELL
COP,2024-06-25T00:00:00.000000,0,46.44,SELL
COP,2024-06-26T00:00:00.000000,0,44.32,SELL
COP,2024-06-27T00:00:00.000000,0,44.32,SELL
COP,2024-06-28T00:00:00.000000,0,44.32,SELL
COP,2024-07-01T00:00:00.000000,0,44.32,SELL
COP,2024-07-02T00:00:00.000000,0,44.32,SELL
COP,2024-07-03T00:00:00.000000,0,44.32,SELL
COP,2024-07-05T00:00:00.000000,0,44.32,SELL
COP,2024-07-08T00:00:00.000000,0,44.32,SELL
COP,2024-07-09T00:00:00.000000,0,46.44,SELL
COP,2024-07-10T00:00:00.000000,1,50.07,BUY
COP,2024-07-11T00:00:00.000000,1,50.07,BUY
COP,2024-07-12T00:00:00.000000,1,50.07,BUY
COP,2024-07-15T00:00:00.000000,0,46.44,SELL
COP,2024-07-16T00:00:00.000000,0,44.32,SELL
COP,2024-07-17T00:00:00.000000,0,44.32,SELL
COP,2024-07-18T00:00:00.000000,0,44.32,SELL
COP,2024-07-19T00:00:00.000000,0,44.32,SELL
COP,2024-07-22T00:00:00.000000,0,44.32,SELL
COP,2024-07-23T00:00:00.000000,0,44.32,SELL
COP,2024-07-24T00:00:00.000000,0,44.32,SELL
COP,2024-07-25T00:00:00.000000,0,44.32,SELL
COP,2024-07-26T00:00:00.000000,0,44.32,SELL
COP,2024-07-29T00:00:00.000000,0,44.9,SELL
COP,2024-07-30T00:00:00.000000,1,50.0,BUY
COP,2024-07-31T00:00:00.000000,1,50.07,BUY
COP,2024-08-01T00:00:00.000000,1,51.22,BUY
COP,2024-08-02T00:00:00.000000,1,51.22,BUY
COP,2024-08-05T00:00:00.000000,1,51.22,BUY
COP,2024-08-06T00:00:00.000000,1,50.07,BUY
COP,2024-08-07T00:00:00.000000,1,50.07,BUY
COP,2024-08-08T00:00:00.000000,0,46.44,SELL
COP,2024-08-09T00:00:00.000000,0,44.32,SELL
COP,2024-08-12T00:00:00.000000,0,44.32,SELL
COP,2024-08-13T00:00:00.000000,0,44.32,SELL
COP,2024-08-14T00:00:00.000000,0,44.32,SELL
COP,2024-08-15T00:00:00.000000,0,44.32,SELL
COP,2024-08-16T00:00:00.000000,0,44.32,SELL
COP,2024-08-19T00:00:00.000000,0,44.32,SELL
COP,2024-08-20T00:00:00.000000,0,44.32,SELL
COP,2024-08-21T00:00:00.000000,0,44.32,SELL
COP,2024-08-22T00:00:00.000000,0,44.32,SELL
COP,2024-08-23T00:00:00.000000,0,44.32,SELL
COP,2024-08-26T00:00:00.000000,0,44.32,SELL
COP,2024-08-27T00:00:00.000000,0,44.32,SELL
COP,2024-08-28T00:00:00.000000,0,44.32,SELL
COP,2024-08-29T00:00:00.000000,0,44.32,SELL
COP,2024-08-30T00:00:00.000000,0,44.32,SELL
COP,2024-09-03T00:00:00.000000,0,44.32,SELL
COP,2024-09-04T00:00:00.000000,0,44.32,SELL
COP,2024-09-05T00:00:00.000000,0,44.32,SELL
COP,2024-09-06T00:00:00.000000,0,44.32,SELL
COP,2024-09-09T00:00:00.000000,0,44.32,SELL
COP,2024-09-10T00:00:00.000000,0,44.32,SELL
COP,2024-09-11T00:00:00.000000,0,46.44,SELL
COP,2024-09-12T00:00:00.000000,0,46.44,SELL
COP,2024-09-13T00:00:00.000000,0,46.44,SELL
COP,2024-09-16T00:00:00.000000,0,46.44,SELL
COP,2024-09-17T00:00:00.000000,0,46.44,SELL
COP,2024-09-18T00:00:00.000000,0,44.32,SELL
COP,2024-09-19T00:00:00.000000,0,44.32,SELL
COP,2024-09-20T00:00:00.000000,0,43.6,SELL
COP,2024-09-23T00:00:00.000000,0,43.6,SELL
COP,2024-09-24T00:00:00.000000,0,43.59,SELL
COP,2024-09-25T00:00:00.000000,0,43.59,SELL
COP,2024-09-26T00:00:00.000000,0,43.59,SELL
COP,2024-09-27T00:00:00.000000,0,43.59,SELL
COP,2024-09-30T00:00:00.000000,0,43.59,SELL
COP,2024-10-01T00:00:00.000000,0,43.6,SELL
COP,2024-10-02T00:00:00.000000,0,43.6,SELL
COP,2024-10-03T00:00:00.000000,0,44.32,SELL
COP,2024-10-04T00:00:00.000000,0,44.32,SELL
COP,2024-10-07T00:00:00.000000,0,44.32,SELL
COP,2024-10-08T00:00:00.000000,0,44.32,SELL
COP,2024-10-09T00:00:00.000000,0,44.32,SELL
COP,2024-10-10T00:00:00.000000,0,44.32,SELL
COP,2024-10-11T00:00:00.000000,0,43.6,SELL
COP,2024-10-14T00:00:00.000000,0,43.6,SELL
COP,2024-10-15T00:00:00.000000,0,43.6,SELL
COP,2024-10-16T00:00:00.000000,0,44.32,SELL
COP,2024-10-17T00:00:00.000000,0,44.32,SELL
COP,2024-10-18T00:00:00.000000,0,44.32,SELL
COP,2024-10-21T00:00:00.000000,0,44.32,SELL
COP,2024-10-22T00:00:00.000000,0,44.32,SELL
COP,2024-10-23T00:00:00.000000,0,44.32,SELL
COP,2024-10-24T00:00:00.000000,0,44.32,SELL
COP,2024-10-25T00:00:00.000000,0,44.32,SELL
COP,2024-10-28T00:00:00.000000,0,44.32,SELL
COP,2024-10-29T00:00:00.000000,0,44.32,SELL
COP,2024-10-30T00:00:00.000000,0,44.32,SELL
COP,2024-10-31T00:00:00.000000,0,44.32,SELL
COP,2024-11-01T00:00:00.000000,0,44.32,SELL
COP,2024-11-04T00:00:00.000000,0,46.44,SELL
COP,2024-11-05T00:00:00.000000,0,46.44,SELL
COP,2024-11-06T00:00:00.000000,0,44.9,SELL
COP,2024-11-07T00:00:00.000000,0,44.32,SELL
COP,2024-11-08T00:00:00.000000,0,44.32,SELL
COP,2024-11-11T00:00:00.000000,0,44.32,SELL
COP,2024-11-12T00:00:00.000000,0,44.32,SELL
COP,2024-11-13T00:00:00.000000,0,44.32,SELL
COP,2024-11-14T00:00:00.000000,0,44.32,SELL
COP,2024-11-15T00:00:00.000000,0,46.44,SELL
COP,2024-11-18T00:00:00.000000,0,46.44,SELL
COP,2024-11-19T00:00:00.000000,1,50.07,BUY
COP,2024-11-20T00:00:00.000000,1,50.07,BUY
COP,2024-11-21T00:00:00.000000,1,50.07,BUY
COP,2024-11-22T00:00:00.000000,1,50.07,BUY
COP,2024-11-25T00:00:00.000000,1,50.07,BUY
COP,2024-11-26T00:00:00.000000,0,46.44,SELL
COP,2024-11-27T00:00:00.000000,0,44.32,SELL
COP,2024-11-29T00:00:00.000000,0,44.32,SELL
COP,2024-12-02T00:00:00.000000,0,44.32,SELL
COP,2024-12-03T00:00:00.000000,0,44.32,SELL
COP,2024-12-04T00:00:00.000000,0,44.32,SELL
COP,2024-12-05T00:00:00.000000,0,44.32,SELL
COP,2024-12-06T00:00:00.000000,0,43.6,SELL
COP,2024-12-09T00:00:00.000000,0,43.59,SELL
COP,2024-12-10T00:00:00.000000,0,41.9,SELL
COP,2024-12-11T00:00:00.000000,0,41.9,SELL
COP,2024-12-12T00:00:00.000000,0,41.9,SELL
COP,2024-12-13T00:00:00.000000,0,41.9,SELL
COP,2024-12-16T00:00:00.000000,0,41.9,SELL
COP,2024-12-17T00:00:00.000000,0,41.9,SELL
COP,2024-12-18T00:00:00.000000,0,41.9,SELL
COP,2024-12-19T00:00:00.000000,0,41.9,SELL
COP,2024-12-20T00:00:00.000000,0,41.9,SELL
COST,2023-02-21T00:00:00.000000,1,51.22,BUY
COST,2023-02-22T00:00:00.000000,1,51.22,BUY
COST,2023-02-23T00:00:00.000000,1,51.22,BUY
COST,2023-02-24T00:00:00.000000,1,51.22,BUY
COST,2023-02-27T00:00:00.000000,1,51.22,BUY
COST,2023-02-28T00:00:00.000000,1,51.22,BUY
COST,2023-03-01T00:00:00.000000,1,51.22,BUY
COST,2023-03-02T00:00:00.000000,1,51.22,BUY
COST,2023-03-03T00:00:00.000000,1,51.22,BUY
COST,2023-03-06T00:00:00.000000,1,51.22,BUY
COST,2023-03-07T00:00:00.000000,1,51.22,BUY
COST,2023-03-08T00:00:00.000000,1,51.22,BUY
COST,2023-03-09T00:00:00.000000,1,51.22,BUY
COST,2023-03-10T00:00:00.000000,1,51.22,BUY
COST,2023-03-13T00:00:00.000000,1,51.22,BUY
COST,2023-03-14T00:00:00.000000,1,51.22,BUY
COST,2023-03-15T00:00:00.000000,1,51.22,BUY
COST,2023-03-16T00:00:00.000000,1,51.22,BUY
COST,2023-03-17T00:00:00.000000,1,51.22,BUY
COST,2023-03-20T00:00:00.000000,1,51.22,BUY
COST,2023-03-21T00:00:00.000000,1,51.22,BUY
COST,2023-03-22T00:00:00.000000,1,51.22,BUY
COST,2023-03-23T00:00:00.000000,1,51.22,BUY
COST,2023-03-24T00:00:00.000000,1,51.22,BUY
COST,2023-03-27T00:00:00.000000,1,51.22,BUY
COST,2023-03-28T00:00:00.000000,1,51.22,BUY
COST,2023-03-29T00:00:00.000000,1,51.22,BUY
COST,2023-03-30T00:00:00.000000,1,51.22,BUY
COST,2023-03-31T00:00:00.000000,1,51.22,BUY
COST,2023-04-03T00:00:00.000000,1,51.22,BUY
COST,2023-04-04T00:00:00.000000,1,51.22,BUY
COST,2023-04-05T00:00:00.000000,1,51.22,BUY
COST,2023-04-06T00:00:00.000000,1,50.07,BUY
COST,2023-04-10T00:00:00.000000,1,50.07,BUY
COST,2023-04-11T00:00:00.000000,1,50.07,BUY
COST,2023-04-12T00:00:00.000000,1,50.07,BUY
COST,2023-04-13T00:00:00.000000,1,50.07,BUY
COST,2023-04-14T00:00:00.000000,1,50.0,BUY
COST,2023-04-17T00:00:00.000000,0,47.54,SELL
COST,2023-04-18T00:00:00.000000,1,50.07,BUY
COST,2023-04-19T00:00:00.000000,1,50.07,BUY
COST,2023-04-20T00:00:00.000000,1,51.15,BUY
COST,2023-04-21T00:00:00.000000,1,51.22,BUY
COST,2023-04-24T00:00:00.000000,1,50.07,BUY
COST,2023-04-25T00:00:00.000000,1,50.07,BUY
COST,2023-04-26T00:00:00.000000,1,50.07,BUY
COST,2023-04-27T00:00:00.000000,0,46.44,SELL
COST,2023-04-28T00:00:00.000000,1,50.07,BUY
COST,2023-05-01T00:00:00.000000,1,50.07,BUY
COST,2023-05-02T00:00:00.000000,1,51.15,BUY
COST,2023-05-03T00:00:00.000000,1,51.22,BUY
COST,2023-05-04T00:00:00.000000,1,51.22,BUY
COST,2023-05-05T00:00:00.000000,1,51.22,BUY
COST,2023-05-08T00:00:00.000000,1,51.22,BUY
COST,2023-05-09T00:00:00.000000,1,51.22,BUY
COST,2023-05-10T00:00:00.000000,1,51.22,BUY
COST,2023-05-11T00:00:00.000000,1,51.22,BUY
COST,2023-05-12T00:00:00.000000,1,51.22,BUY
COST,2023-05-15T00:00:00.000000,1,51.22,BUY
COST,2023-05-16T00:00:00.000000,1,51.22,BUY
COST,2023-05-17T00:00:00.000000,1,51.22,BUY
COST,2023-05-18T00:00:00.000000,1,51.22,BUY
COST,2023-05-19T00:00:00.000000,1,51.22,BUY
COST,2023-05-22T00:00:00.000000,1,51.22,BUY
COST,2023-05-23T00:00:00.000000,1,51.22,BUY
COST,2023-05-24T00:00:00.000000,1,51.22,BUY
COST,2023-05-25T00:00:00.000000,1,51.22,BUY
COST,2023-05-26T00:00:00.000000,1,51.22,BUY
COST,2023-05-30T00:00:00.000000,1,51.22,BUY
COST,2023-05-31T00:00:00.000000,1,51.22,BUY
COST,2023-06-01T00:00:00.000000,1,51.22,BUY
COST,2023-06-02T00:00:00.000000,1,51.22,BUY
COST,2023-06-05T00:00:00.000000,1,51.22,BUY
COST,2023-06-06T00:00:00.000000,1,51.22,BUY
COST,2023-06-07T00:00:00.000000,1,51.22,BUY
COST,2023-06-08T00:00:00.000000,1,51.22,BUY
COST,2023-06-09T00:00:00.000000,1,51.22,BUY
COST,2023-06-12T00:00:00.000000,1,51.22,BUY
COST,2023-06-13T00:00:00.000000,1,51.22,BUY
COST,2023-06-14T00:00:00.000000,1,51.22,BUY
COST,2023-06-15T00:00:00.000000,1,51.22,BUY
COST,2023-06-16T00:00:00.000000,1,51.22,BUY
COST,2023-06-20T00:00:00.000000,1,51.22,BUY
COST,2023-06-21T00:00:00.000000,1,51.22,BUY
COST,2023-06-22T00:00:00.000000,1,51.22,BUY
COST,2023-06-23T00:00:00.000000,1,51.22,BUY
COST,2023-06-26T00:00:00.000000,1,51.22,BUY
COST,2023-06-27T00:00:00.000000,1,51.15,BUY
COST,2023-06-28T00:00:00.000000,1,51.22,BUY
COST,2023-06-29T00:00:00.000000,1,51.22,BUY
COST,2023-06-30T00:00:00.000000,1,51.22,BUY
COST,2023-07-03T00:00:00.000000,1,51.22,BUY
COST,2023-07-05T00:00:00.000000,1,51.22,BUY
COST,2023-07-06T00:00:00.000000,1,51.22,BUY
COST,2023-07-07T00:00:00.000000,1,51.22,BUY
COST,2023-07-10T00:00:00.000000,1,51.22,BUY
COST,2023-07-11T00:00:00.000000,1,51.22,BUY
COST,2023-07-12T00:00:00.000000,1,51.15,BUY
COST,2023-07-13T00:00:00.000000,1,51.22,BUY
COST,2023-07-14T00:00:00.000000,1,51.22,BUY
COST,2023-07-17T00:00:00.000000,1,51.22,BUY
COST,2023-07-18T00:00:00.000000,1,51.22,BUY
COST,2023-07-19T00:00:00.000000,1,51.22,BUY
COST,2023-07-20T00:00:00.000000,1,51.22,BUY
COST,2023-07-21T00:00:00.000000,1,51.22,BUY
COST,2023-07-24T00:00:00.000000,1,50.07,BUY
COST,2023-07-25T00:00:00.000000,1,50.07,BUY
COST,2023-07-26T00:00:00.000000,0,47.54,SELL
COST,2023-07-27T00:00:00.000000,1,50.07,BUY
COST,2023-07-28T00:00:00.000000,1,50.07,BUY
COST,2023-07-31T00:00:00.000000,1,50.07,BUY
COST,2023-08-01T00:00:00.000000,1,51.22,BUY
COST,2023-08-02T00:00:00.000000,1,51.22,BUY
COST,2023-08-03T00:00:00.000000,1,51.22,BUY
COST,2023-08-04T00:00:00.000000,1,51.22,BUY
COST,2023-08-07T00:00:00.000000,1,50.07,BUY
COST,2023-08-08T00:00:00.000000,1,50.07,BUY
COST,2023-08-09T00:00:00.000000,1,50.07,BUY
COST,2023-08-10T00:00:00.000000,1,51.22,BUY
COST,2023-08-11T00:00:00.000000,1,51.22,BUY
COST,2023-08-14T00:00:00.000000,1,51.22,BUY
COST,2023-08-15T00:00:00.000000,1,51.22,BUY
COST,2023-08-16T00:00:00.000000,1,51.22,BUY
COST,2023-08-17T00:00:00.000000,1,51.22,BUY
COST,2023-08-18T00:00:00.000000,1,51.22,BUY
COST,2023-08-21T00:00:00.000000,1,51.22,BUY
COST,2023-08-22T00:00:00.000000,1,51.22,BUY
COST,2023-08-23T00:00:00.000000,1,51.22,BUY
COST,2023-08-24T00:00:00.000000,1,51.22,BUY
COST,2023-08-25T00:00:00.000000,1,51.22,BUY
COST,2023-08-28T00:00:00.000000,1,51.22,BUY
COST,2023-08-29T00:00:00.000000,1,51.22,BUY
COST,2023-08-30T00:00:00.000000,1,51.22,BUY
COST,2023-08-31T00:00:00.000000,1,51.22,BUY
COST,2023-09-01T00:00:00.000000,1,51.22,BUY
COST,2023-09-05T00:00:00.000000,1,50.07,BUY
COST,2023-09-06T00:00:00.000000,1,50.07,BUY
COST,2023-09-07T00:00:00.000000,1,50.07,BUY
COST,2023-09-08T00:00:00.000000,1,51.15,BUY
COST,2023-09-11T00:00:00.000000,1,50.07,BUY
COST,2023-09-12T00:00:00.000000,1,50.07,BUY
COST,2023-09-13T00:00:00.000000,1,50.07,BUY
COST,2023-09-14T00:00:00.000000,1,50.07,BUY
COST,2023-09-15T00:00:00.000000,1,51.15,BUY
COST,2023-09-18T00:00:00.000000,1,51.22,BUY
COST,2023-09-19T00:00:00.000000,1,51.22,BUY
COST,2023-09-20T00:00:00.000000,1,51.22,BUY
COST,2023-09-21T00:00:00.000000,1,51.22,BUY
COST,2023-09-22T00:00:00.000000,1,51.22,BUY
COST,2023-09-25T00:00:00.000000,1,51.22,BUY
COST,2023-09-26T00:00:00.000000,1,51.22,BUY
COST,2023-09-27T00:00:00.000000,1,51.22,BUY
COST,2023-09-28T00:00:00.000000,1,51.22,BUY
COST,2023-09-29T00:00:00.000000,1,51.22,BUY
COST,2023-10-02T00:00:00.000000,1,51.22,BUY
COST,2023-10-03T00:00:00.000000,1,51.22,BUY
COST,2023-10-04T00:00:00.000000,1,51.22,BUY
COST,2023-10-05T00:00:00.000000,1,51.22,BUY
COST,2023-10-06T00:00:00.000000,1,51.22,BUY
COST,2023-10-09T00:00:00.000000,1,51.22,BUY
COST,2023-10-10T00:00:00.000000,1,51.22,BUY
COST,2023-10-11T00:00:00.000000,1,51.22,BUY
COST,2023-10-12T00:00:00.000000,1,51.22,BUY
COST,2023-10-13T00:00:00.000000,1,51.22,BUY
COST,2023-10-16T00:00:00.000000,1,51.22,BUY
COST,2023-10-17T00:00:00.000000,1,51.22,BUY
COST,2023-10-18T00:00:00.000000,1,51.22,BUY
COST,2023-10-19T00:00:00.000000,1,51.22,BUY
COST,2023-10-20T00:00:00.000000,1,51.22,BUY
COST,2023-10-23T00:00:00.000000,1,51.22,BUY
COST,2023-10-24T00:00:00.000000,1,51.22,BUY
COST,2023-10-25T00:00:00.000000,1,51.22,BUY
COST,2023-10-26T00:00:00.000000,1,51.22,BUY
COST,2023-10-27T00:00:00.000000,1,51.22,BUY
COST,2023-10-30T00:00:00.000000,1,51.22,BUY
COST,2023-10-31T00:00:00.000000,1,51.22,BUY
COST,2023-11-01T00:00:00.000000,1,51.22,BUY
COST,2023-11-02T00:00:00.000000,1,56.7,BUY
COST,2023-11-03T00:00:00.000000,1,51.22,BUY
COST,2023-11-06T00:00:00.000000,1,51.22,BUY
COST,2023-11-07T00:00:00.000000,1,51.22,BUY
COST,2023-11-08T00:00:00.000000,1,51.22,BUY
COST,2023-11-09T00:00:00.000000,1,51.22,BUY
COST,2023-11-10T00:00:00.000000,1,51.22,BUY
COST,2023-11-13T00:00:00.000000,1,50.07,BUY
COST,2023-11-14T00:00:00.000000,1,50.07,BUY
COST,2023-11-15T00:00:00.000000,0,46.44,SELL
COST,2023-11-16T00:00:00.000000,0,46.44,SELL
COST,2023-11-17T00:00:00.000000,0,46.44,SELL
COST,2023-11-20T00:00:00.000000,0,46.44,SELL
COST,2023-11-21T00:00:00.000000,1,50.0,BUY
COST,2023-11-22T00:00:00.000000,1,50.07,BUY
COST,2023-11-24T00:00:00.000000,1,50.07,BUY
COST,2023-11-27T00:00:00.000000,0,46.44,SELL
COST,2023-11-28T00:00:00.000000,0,46.44,SELL
COST,2023-11-29T00:00:00.000000,0,44.32,SELL
COST,2023-11-30T00:00:00.000000,0,44.32,SELL
COST,2023-12-01T00:00:00.000000,0,44.32,SELL
COST,2023-12-04T00:00:00.000000,0,44.32,SELL
COST,2023-12-05T00:00:00.000000,0,44.32,SELL
COST,2023-12-06T00:00:00.000000,0,44.32,SELL
COST,2023-12-07T00:00:00.000000,0,44.32,SELL
COST,2023-12-08T00:00:00.000000,0,46.44,SELL
COST,2023-12-11T00:00:00.000000,1,50.0,BUY
COST,2023-12-12T00:00:00.000000,1,50.07,BUY
COST,2023-12-13T00:00:00.000000,1,50.07,BUY
COST,2023-12-14T00:00:00.000000,1,51.22,BUY
COST,2023-12-15T00:00:00.000000,1,51.22,BUY
COST,2023-12-18T00:00:00.000000,1,51.22,BUY
COST,2023-12-19T00:00:00.000000,1,51.22,BUY
COST,2023-12-20T00:00:00.000000,1,50.07,BUY
COST,2023-12-21T00:00:00.000000,1,50.0,BUY
COST,2023-12-22T00:00:00.000000,0,44.9,SELL
COST,2023-12-26T00:00:00.000000,0,44.32,SELL
COST,2023-12-27T00:00:00.000000,0,44.32,SELL
COST,2023-12-28T00:00:00.000000,0,44.32,SELL
COST,2023-12-29T00:00:00.000000,0,44.32,SELL
COST,2024-01-02T00:00:00.000000,0,44.32,SELL
COST,2024-01-03T00:00:00.000000,0,44.32,SELL
COST,2024-01-04T00:00:00.000000,0,44.32,SELL
COST,2024-01-05T00:00:00.000000,0,44.32,SELL
COST,2024-01-08T00:00:00.000000,0,44.32,SELL
COST,2024-01-09T00:00:00.000000,0,44.32,SELL
COST,2024-01-10T00:00:00.000000,0,44.32,SELL
COST,2024-01-11T00:00:00.000000,0,44.32,SELL
COST,2024-01-12T00:00:00.000000,0,44.32,SELL
COST,2024-01-16T00:00:00.000000,0,44.32,SELL
COST,2024-01-17T00:00:00.000000,0,44.32,SELL
COST,2024-01-18T00:00:00.000000,0,44.9,SELL
COST,2024-01-19T00:00:00.000000,0,46.44,SELL
COST,2024-01-22T00:00:00.000000,1,50.07,BUY
COST,2024-01-23T00:00:00.000000,1,50.07,BUY
COST,2024-01-24T00:00:00.000000,1,51.22,BUY
COST,2024-01-25T00:00:00.000000,1,51.22,BUY
COST,2024-01-26T00:00:00.000000,1,51.22,BUY
COST,2024-01-29T00:00:00.000000,1,51.22,BUY
COST,2024-01-30T00:00:00.000000,1,51.22,BUY
COST,2024-01-31T00:00:00.000000,1,51.22,BUY
COST,2024-02-01T00:00:00.000000,1,51.22,BUY
COST,2024-02-02T00:00:00.000000,1,50.07,BUY
COST,2024-02-05T00:00:00.000000,1,50.0,BUY
COST,2024-02-06T00:00:00.000000,0,46.44,SELL
COST,2024-02-07T00:00:00.000000,0,46.44,SELL
COST,2024-02-08T00:00:00.000000,0,46.44,SELL
COST,2024-02-09T00:00:00.000000,0,46.44,SELL
COST,2024-02-12T00:00:00.000000,1,50.07,BUY
COST,2024-02-13T00:00:00.000000,1,50.07,BUY
COST,2024-02-14T00:00:00.000000,1,51.22,BUY
COST,2024-02-15T00:00:00.000000,1,51.22,BUY
COST,2024-02-16T00:00:00.000000,1,51.22,BUY
COST,2024-02-20T00:00:00.000000,1,51.22,BUY
COST,2024-02-21T00:00:00.000000,1,51.22,BUY
COST,2024-02-22T00:00:00.000000,1,51.22,BUY
COST,2024-02-23T00:00:00.000000,1,51.22,BUY
COST,2024-02-26T00:00:00.000000,1,51.22,BUY
COST,2024-02-27T00:00:00.000000,1,51.22,BUY
COST,2024-02-28T00:00:00.000000,1,50.07,BUY
COST,2024-02-29T00:00:00.000000,0,46.44,SELL
COST,2024-03-01T00:00:00.000000,0,46.44,SELL
COST,2024-03-04T00:00:00.000000,0,44.9,SELL
COST,2024-03-05T00:00:00.000000,0,44.9,SELL
COST,2024-03-06T00:00:00.000000,0,44.9,SELL
COST,2024-03-07T00:00:00.000000,0,44.9,SELL
COST,2024-03-08T00:00:00.000000,0,46.44,SELL
COST,2024-03-11T00:00:00.000000,0,46.44,SELL
COST,2024-03-12T00:00:00.000000,1,50.07,BUY
COST,2024-03-13T00:00:00.000000,1,50.07,BUY
COST,2024-03-14T00:00:00.000000,1,50.07,BUY
COST,2024-03-15T00:00:00.000000,1,50.07,BUY
COST,2024-03-18T00:00:00.000000,1,51.22,BUY
COST,2024-03-19T00:00:00.000000,1,51.22,BUY
COST,2024-03-20T00:00:00.000000,1,51.22,BUY
COST,2024-03-21T00:00:00.000000,1,51.22,BUY
COST,2024-03-22T00:00:00.000000,1,51.22,BUY
COST,2024-03-25T00:00:00.000000,1,51.22,BUY
COST,2024-03-26T00:00:00.000000,1,51.22,BUY
COST,2024-03-27T00:00:00.000000,1,51.22,BUY
COST,2024-03-28T00:00:00.000000,1,51.22,BUY
COST,2024-04-01T00:00:00.000000,1,50.07,BUY
COST,2024-04-02T00:00:00.000000,0,46.44,SELL
COST,2024-04-03T00:00:00.000000,0,46.44,SELL
COST,2024-04-04T00:00:00.000000,0,47.54,SELL
COST,2024-04-05T00:00:00.000000,1,50.07,BUY
COST,2024-04-08T00:00:00.000000,1,51.22,BUY
COST,2024-04-09T00:00:00.000000,1,51.22,BUY
COST,2024-04-10T00:00:00.000000,1,51.22,BUY
COST,2024-04-11T00:00:00.000000,1,51.22,BUY
COST,2024-04-12T00:00:00.000000,1,51.22,BUY
COST,2024-04-15T00:00:00.000000,1,51.22,BUY
COST,2024-04-16T00:00:00.000000,1,51.22,BUY
COST,2024-04-17T00:00:00.000000,1,51.22,BUY
COST,2024-04-18T00:00:00.000000,1,51.22,BUY
COST,2024-04-19T00:00:00.000000,1,51.22,BUY
COST,2024-04-22T00:00:00.000000,1,51.22,BUY
COST,2024-04-23T00:00:00.000000,1,51.22,BUY
COST,2024-04-24T00:00:00.000000,1,51.22,BUY
COST,2024-04-25T00:00:00.000000,1,51.22,BUY
COST,2024-04-26T00:00:00.000000,1,51.22,BUY
COST,2024-04-29T00:00:00.000000,1,51.22,BUY
COST,2024-04-30T00:00:00.000000,1,51.22,BUY
COST,2024-05-01T00:00:00.000000,1,51.22,BUY
COST,2024-05-02T00:00:00.000000,1,51.22,BUY
COST,2024-05-03T00:00:00.000000,1,51.22,BUY
COST,2024-05-06T00:00:00.000000,1,51.22,BUY
COST,2024-05-07T00:00:00.000000,1,51.22,BUY
COST,2024-05-08T00:00:00.000000,1,51.22,BUY
COST,2024-05-09T00:00:00.000000,1,51.22,BUY
COST,2024-05-10T00:00:00.000000,1,51.22,BUY
COST,2024-05-13T00:00:00.000000,1,51.22,BUY
COST,2024-05-14T00:00:00.000000,1,51.22,BUY
COST,2024-05-15T00:00:00.000000,1,51.22,BUY
COST,2024-05-16T00:00:00.000000,1,50.07,BUY
COST,2024-05-17T00:00:00.000000,0,44.32,SELL
COST,2024-05-20T00:00:00.000000,0,44.32,SELL
COST,2024-05-21T00:00:00.000000,0,44.32,SELL
COST,2024-05-22T00:00:00.000000,0,44.32,SELL
COST,2024-05-23T00:00:00.000000,0,44.32,SELL
COST,2024-05-24T00:00:00.000000,0,44.32,SELL
COST,2024-05-28T00:00:00.000000,0,44.32,SELL
COST,2024-05-29T00:00:00.000000,0,44.9,SELL
COST,2024-05-30T00:00:00.000000,0,46.44,SELL
COST,2024-05-31T00:00:00.000000,0,46.44,SELL
COST,2024-06-03T00:00:00.000000,0,46.44,SELL
COST,2024-06-04T00:00:00.000000,1,50.07,BUY
COST,2024-06-05T00:00:00.000000,1,50.07,BUY
COST,2024-06-06T00:00:00.000000,1,51.15,BUY
COST,2024-06-07T00:00:00.000000,1,51.22,BUY
COST,2024-06-10T00:00:00.000000,1,50.07,BUY
COST,2024-06-11T00:00:00.000000,1,50.07,BUY
COST,2024-06-12T00:00:00.000000,1,50.07,BUY
COST,2024-06-13T00:00:00.000000,1,50.07,BUY
COST,2024-06-14T00:00:00.000000,1,50.07,BUY
COST,2024-06-17T00:00:00.000000,1,50.07,BUY
COST,2024-06-18T00:00:00.000000,1,50.07,BUY
COST,2024-06-20T00:00:00.000000,1,50.07,BUY
COST,2024-06-21T00:00:00.000000,1,50.07,BUY
COST,2024-06-24T00:00:00.000000,1,51.22,BUY
COST,2024-06-25T00:00:00.000000,1,51.22,BUY
COST,2024-06-26T00:00:00.000000,1,51.22,BUY
COST,2024-06-27T00:00:00.000000,1,51.22,BUY
COST,2024-06-28T00:00:00.000000,1,51.22,BUY
COST,2024-07-01T00:00:00.000000,1,51.22,BUY
COST,2024-07-02T00:00:00.000000,1,50.07,BUY
COST,2024-07-03T00:00:00.000000,1,50.07,BUY
COST,2024-07-05T00:00:00.000000,1,50.07,BUY
COST,2024-07-08T00:00:00.000000,1,51.22,BUY
COST,2024-07-09T00:00:00.000000,1,51.15,BUY
COST,2024-07-10T00:00:00.000000,1,51.22,BUY
COST,2024-07-11T00:00:00.000000,1,51.22,BUY
COST,2024-07-12T00:00:00.000000,1,51.22,BUY
COST,2024-07-15T00:00:00.000000,1,51.22,BUY
COST,2024-07-16T00:00:00.000000,1,51.22,BUY
COST,2024-07-17T00:00:00.000000,1,50.07,BUY
COST,2024-07-18T00:00:00.000000,1,51.15,BUY
COST,2024-07-19T00:00:00.000000,1,51.22,BUY
COST,2024-07-22T00:00:00.000000,1,51.22,BUY
COST,2024-07-23T00:00:00.000000,1,51.22,BUY
COST,2024-07-24T00:00:00.000000,1,51.22,BUY
COST,2024-07-25T00:00:00.000000,1,51.22,BUY
COST,2024-07-26T00:00:00.000000,1,51.22,BUY
COST,2024-07-29T00:00:00.000000,1,51.22,BUY
COST,2024-07-30T00:00:00.000000,1,51.22,BUY
COST,2024-07-31T00:00:00.000000,1,51.22,BUY
COST,2024-08-01T00:00:00.000000,1,51.22,BUY
COST,2024-08-02T00:00:00.000000,1,51.22,BUY
COST,2024-08-05T00:00:00.000000,1,51.22,BUY
COST,2024-08-06T00:00:00.000000,1,51.22,BUY
COST,2024-08-07T00:00:00.000000,1,51.22,BUY
COST,2024-08-08T00:00:00.000000,1,51.22,BUY
COST,2024-08-09T00:00:00.000000,1,51.22,BUY
COST,2024-08-12T00:00:00.000000,1,51.22,BUY
COST,2024-08-13T00:00:00.000000,1,51.22,BUY
COST,2024-08-14T00:00:00.000000,1,51.22,BUY
COST,2024-08-15T00:00:00.000000,1,51.22,BUY
COST,2024-08-16T00:00:00.000000,1,51.22,BUY
COST,2024-08-19T00:00:00.000000,1,51.22,BUY
COST,2024-08-20T00:00:00.000000,1,51.22,BUY
COST,2024-08-21T00:00:00.000000,0,46.44,SELL
COST,2024-08-22T00:00:00.000000,0,44.32,SELL
COST,2024-08-23T00:00:00.000000,0,44.32,SELL
COST,2024-08-26T00:00:00.000000,0,44.32,SELL
COST,2024-08-27T00:00:00.000000,0,44.32,SELL
COST,2024-08-28T00:00:00.000000,0,44.32,SELL
COST,2024-08-29T00:00:00.000000,0,44.32,SELL
COST,2024-08-30T00:00:00.000000,0,44.32,SELL
COST,2024-09-03T00:00:00.000000,0,44.32,SELL
COST,2024-09-04T00:00:00.000000,0,44.32,SELL
COST,2024-09-05T00:00:00.000000,0,44.32,SELL
COST,2024-09-06T00:00:00.000000,0,44.32,SELL
COST,2024-09-09T00:00:00.000000,0,44.32,SELL
COST,2024-09-10T00:00:00.000000,0,44.32,SELL
COST,2024-09-11T00:00:00.000000,0,44.32,SELL
COST,2024-09-12T00:00:00.000000,0,44.32,SELL
COST,2024-09-13T00:00:00.000000,0,46.44,SELL
COST,2024-09-16T00:00:00.000000,1,50.07,BUY
COST,2024-09-17T00:00:00.000000,1,51.22,BUY
COST,2024-09-18T00:00:00.000000,1,51.22,BUY
COST,2024-09-19T00:00:00.000000,1,51.22,BUY
COST,2024-09-20T00:00:00.000000,1,51.22,BUY
COST,2024-09-23T00:00:00.000000,1,51.22,BUY
COST,2024-09-24T00:00:00.000000,1,51.22,BUY
COST,2024-09-25T00:00:00.000000,1,51.22,BUY
COST,2024-09-26T00:00:00.000000,1,51.22,BUY
COST,2024-09-27T00:00:00.000000,1,51.22,BUY
COST,2024-09-30T00:00:00.000000,1,51.22,BUY
COST,2024-10-01T00:00:00.000000,1,51.22,BUY
COST,2024-10-02T00:00:00.000000,1,51.22,BUY
COST,2024-10-03T00:00:00.000000,1,51.22,BUY
COST,2024-10-04T00:00:00.000000,1,51.22,BUY
COST,2024-10-07T00:00:00.000000,1,51.22,BUY
COST,2024-10-08T00:00:00.000000,1,51.22,BUY
COST,2024-10-09T00:00:00.000000,1,51.22,BUY
COST,2024-10-10T00:00:00.000000,1,51.22,BUY
COST,2024-10-11T00:00:00.000000,1,51.22,BUY
COST,2024-10-14T00:00:00.000000,1,51.22,BUY
COST,2024-10-15T00:00:00.000000,1,51.22,BUY
COST,2024-10-16T00:00:00.000000,1,51.22,BUY
COST,2024-10-17T00:00:00.000000,1,51.22,BUY
COST,2024-10-18T00:00:00.000000,1,51.22,BUY
COST,2024-10-21T00:00:00.000000,1,51.22,BUY
COST,2024-10-22T00:00:00.000000,1,51.22,BUY
COST,2024-10-23T00:00:00.000000,1,51.22,BUY
COST,2024-10-24T00:00:00.000000,1,51.22,BUY
COST,2024-10-25T00:00:00.000000,1,51.22,BUY
COST,2024-10-28T00:00:00.000000,1,51.22,BUY
COST,2024-10-29T00:00:00.000000,1,51.22,BUY
COST,2024-10-30T00:00:00.000000,1,51.22,BUY
COST,2024-10-31T00:00:00.000000,1,51.22,BUY
COST,2024-11-01T00:00:00.000000,1,51.22,BUY
COST,2024-11-04T00:00:00.000000,1,51.22,BUY
COST,2024-11-05T00:00:00.000000,1,51.22,BUY
COST,2024-11-06T00:00:00.000000,1,51.22,BUY
COST,2024-11-07T00:00:00.000000,1,51.22,BUY
COST,2024-11-08T00:00:00.000000,1,51.22,BUY
COST,2024-11-11T00:00:00.000000,1,51.22,BUY
COST,2024-11-12T00:00:00.000000,1,51.22,BUY
COST,2024-11-13T00:00:00.000000,1,51.22,BUY
COST,2024-11-14T00:00:00.000000,1,51.22,BUY
COST,2024-11-15T00:00:00.000000,1,51.22,BUY
COST,2024-11-18T00:00:00.000000,1,51.22,BUY
COST,2024-11-19T00:00:00.000000,1,50.07,BUY
COST,2024-11-20T00:00:00.000000,1,50.07,BUY
COST,2024-11-21T00:00:00.000000,1,50.07,BUY
COST,2024-11-22T00:00:00.000000,1,50.07,BUY
COST,2024-11-25T00:00:00.000000,1,50.07,BUY
COST,2024-11-26T00:00:00.000000,1,50.07,BUY
COST,2024-11-27T00:00:00.000000,0,46.44,SELL
COST,2024-11-29T00:00:00.000000,0,44.32,SELL
COST,2024-12-02T00:00:00.000000,0,44.32,SELL
COST,2024-12-03T00:00:00.000000,0,44.32,SELL
COST,2024-12-04T00:00:00.000000,0,43.6,SELL
COST,2024-12-05T00:00:00.000000,0,43.6,SELL
COST,2024-12-06T00:00:00.000000,0,43.6,SELL
COST,2024-12-09T00:00:00.000000,0,43.6,SELL
COST,2024-12-10T00:00:00.000000,0,44.32,SELL
COST,2024-12-11T00:00:00.000000,0,44.32,SELL
COST,2024-12-12T00:00:00.000000,0,44.32,SELL
COST,2024-12-13T00:00:00.000000,0,44.32,SELL
COST,2024-12-16T00:00:00.000000,0,44.32,SELL
COST,2024-12-17T00:00:00.000000,0,44.32,SELL
COST,2024-12-18T00:00:00.000000,0,44.9,SELL
COST,2024-12-19T00:00:00.000000,0,47.54,SELL
COST,2024-12-20T00:00:00.000000,1,50.07,BUY
CRM,2023-02-21T00:00:00.000000,1,50.0,BUY
CRM,2023-02-22T00:00:00.000000,0,46.44,SELL
CRM,2023-02-23T00:00:00.000000,0,46.44,SELL
CRM,2023-02-24T00:00:00.000000,0,46.44,SELL
CRM,2023-02-27T00:00:00.000000,1,50.07,BUY
CRM,2023-02-28T00:00:00.000000,1,50.07,BUY
CRM,2023-03-01T00:00:00.000000,1,51.22,BUY
CRM,2023-03-02T00:00:00.000000,1,51.22,BUY
CRM,2023-03-03T00:00:00.000000,1,51.22,BUY
CRM,2023-03-06T00:00:00.000000,1,51.22,BUY
CRM,2023-03-07T00:00:00.000000,1,51.22,BUY
CRM,2023-03-08T00:00:00.000000,1,51.22,BUY
CRM,2023-03-09T00:00:00.000000,1,50.0,BUY
CRM,2023-03-10T00:00:00.000000,0,44.9,SELL
CRM,2023-03-13T00:00:00.000000,0,44.32,SELL
CRM,2023-03-14T00:00:00.000000,0,44.32,SELL
CRM,2023-03-15T00:00:00.000000,0,44.32,SELL
CRM,2023-03-16T00:00:00.000000,0,44.9,SELL
CRM,2023-03-17T00:00:00.000000,0,47.54,SELL
CRM,2023-03-20T00:00:00.000000,1,50.07,BUY
CRM,2023-03-21T00:00:00.000000,1,50.07,BUY
CRM,2023-03-22T00:00:00.000000,0,47.54,SELL
CRM,2023-03-23T00:00:00.000000,0,46.44,SELL
CRM,2023-03-24T00:00:00.000000,0,44.32,SELL
CRM,2023-03-27T00:00:00.000000,0,44.32,SELL
CRM,2023-03-28T00:00:00.000000,0,44.32,SELL
CRM,2023-03-29T00:00:00.000000,0,43.6,SELL
CRM,2023-03-30T00:00:00.000000,0,43.6,SELL
CRM,2023-03-31T00:00:00.000000,0,43.6,SELL
CRM,2023-04-03T00:00:00.000000,0,43.6,SELL
CRM,2023-04-04T00:00:00.000000,0,44.32,SELL
CRM,2023-04-05T00:00:00.000000,0,44.32,SELL
CRM,2023-04-06T00:00:00.000000,0,44.32,SELL
CRM,2023-04-10T00:00:00.000000,0,44.32,SELL
CRM,2023-04-11T00:00:00.000000,0,44.32,SELL
CRM,2023-04-12T00:00:00.000000,0,44.32,SELL
CRM,2023-04-13T00:00:00.000000,0,44.32,SELL
CRM,2023-04-14T00:00:00.000000,0,44.32,SELL
CRM,2023-04-17T00:00:00.000000,0,44.9,SELL
CRM,2023-04-18T00:00:00.000000,0,46.44,SELL
CRM,2023-04-19T00:00:00.000000,0,46.44,SELL
CRM,2023-04-20T00:00:00.000000,0,46.44,SELL
CRM,2023-04-21T00:00:00.000000,0,44.9,SELL
CRM,2023-04-24T00:00:00.000000,0,44.32,SELL
CRM,2023-04-25T00:00:00.000000,0,44.32,SELL
CRM,2023-04-26T00:00:00.000000,0,44.32,SELL
CRM,2023-04-27T00:00:00.000000,0,44.32,SELL
CRM,2023-04-28T00:00:00.000000,0,46.44,SELL
CRM,2023-05-01T00:00:00.000000,1,50.07,BUY
CRM,2023-05-02T00:00:00.000000,1,51.22,BUY
CRM,2023-05-03T00:00:00.000000,1,51.22,BUY
CRM,2023-05-04T00:00:00.000000,1,51.22,BUY
CRM,2023-05-05T00:00:00.000000,1,51.22,BUY
CRM,2023-05-08T00:00:00.000000,1,51.22,BUY
CRM,2023-05-09T00:00:00.000000,1,51.22,BUY
CRM,2023-05-10T00:00:00.000000,1,51.22,BUY
CRM,2023-05-11T00:00:00.000000,1,51.22,BUY
CRM,2023-05-12T00:00:00.000000,1,50.07,BUY
CRM,2023-05-15T00:00:00.000000,1,51.22,BUY
CRM,2023-05-16T00:00:00.000000,1,51.15,BUY
CRM,2023-05-17T00:00:00.000000,1,50.07,BUY
CRM,2023-05-18T00:00:00.000000,0,46.44,SELL
CRM,2023-05-19T00:00:00.000000,0,44.9,SELL
CRM,2023-05-22T00:00:00.000000,0,46.44,SELL
CRM,2023-05-23T00:00:00.000000,0,46.44,SELL
CRM,2023-05-24T00:00:00.000000,1,50.0,BUY
CRM,2023-05-25T00:00:00.000000,1,50.0,BUY
CRM,2023-05-26T00:00:00.000000,1,50.07,BUY
CRM,2023-05-30T00:00:00.000000,1,50.07,BUY
CRM,2023-05-31T00:00:00.000000,1,50.07,BUY
CRM,2023-06-01T00:00:00.000000,1,50.07,BUY
CRM,2023-06-02T00:00:00.000000,1,50.07,BUY
CRM,2023-06-05T00:00:00.000000,1,50.07,BUY
CRM,2023-06-06T00:00:00.000000,1,51.22,BUY
CRM,2023-06-07T00:00:00.000000,1,51.22,BUY
CRM,2023-06-08T00:00:00.000000,1,51.22,BUY
CRM,2023-06-09T00:00:00.000000,1,51.22,BUY
CRM,2023-06-12T00:00:00.000000,1,51.22,BUY
CRM,2023-06-13T00:00:00.000000,1,51.22,BUY
CRM,2023-06-14T00:00:00.000000,1,51.22,BUY
CRM,2023-06-15T00:00:00.000000,1,51.22,BUY
CRM,2023-06-16T00:00:00.000000,1,51.22,BUY
CRM,2023-06-20T00:00:00.000000,1,51.22,BUY
CRM,2023-06-21T00:00:00.000000,1,50.07,BUY
CRM,2023-06-22T00:00:00.000000,1,50.07,BUY
CRM,2023-06-23T00:00:00.000000,0,46.44,SELL
CRM,2023-06-26T00:00:00.000000,0,47.54,SELL
CRM,2023-06-27T00:00:00.000000,1,50.07,BUY
CRM,2023-06-28T00:00:00.000000,1,51.15,BUY
CRM,2023-06-29T00:00:00.000000,1,50.07,BUY
CRM,2023-06-30T00:00:00.000000,1,51.15,BUY
CRM,2023-07-03T00:00:00.000000,1,51.22,BUY
CRM,2023-07-05T00:00:00.000000,1,51.22,BUY
CRM,2023-07-06T00:00:00.000000,1,51.22,BUY
CRM,2023-07-07T00:00:00.000000,1,51.22,BUY
CRM,2023-07-10T00:00:00.000000,1,51.22,BUY
CRM,2023-07-11T00:00:00.000000,1,51.22,BUY
CRM,2023-07-12T00:00:00.000000,1,50.0,BUY
CRM,2023-07-13T00:00:00.000000,0,44.32,SELL
CRM,2023-07-14T00:00:00.000000,0,44.32,SELL
CRM,2023-07-17T00:00:00.000000,0,44.32,SELL
CRM,2023-07-18T00:00:00.000000,0,44.32,SELL
CRM,2023-07-19T00:00:00.000000,0,44.32,SELL
CRM,2023-07-20T00:00:00.000000,0,44.9,SELL
CRM,2023-07-21T00:00:00.000000,0,44.32,SELL
CRM,2023-07-24T00:00:00.000000,0,44.32,SELL
CRM,2023-07-25T00:00:00.000000,0,44.32,SELL
CRM,2023-07-26T00:00:00.000000,0,44.32,SELL
CRM,2023-07-27T00:00:00.000000,0,44.32,SELL
CRM,2023-07-28T00:00:00.000000,0,44.32,SELL
CRM,2023-07-31T00:00:00.000000,0,44.32,SELL
CRM,2023-08-01T00:00:00.000000,0,44.32,SELL
CRM,2023-08-02T00:00:00.000000,0,44.32,SELL
CRM,2023-08-03T00:00:00.000000,0,44.32,SELL
CRM,2023-08-04T00:00:00.000000,0,44.32,SELL
CRM,2023-08-07T00:00:00.000000,0,44.9,SELL
CRM,2023-08-08T00:00:00.000000,0,44.9,SELL
CRM,2023-08-09T00:00:00.000000,0,44.9,SELL
CRM,2023-08-10T00:00:00.000000,0,44.9,SELL
CRM,2023-08-11T00:00:00.000000,0,44.9,SELL
CRM,2023-08-14T00:00:00.000000,0,46.44,SELL
CRM,2023-08-15T00:00:00.000000,1,50.0,BUY
CRM,2023-08-16T00:00:00.000000,1,50.07,BUY
CRM,2023-08-17T00:00:00.000000,1,50.07,BUY
CRM,2023-08-18T00:00:00.000000,1,50.07,BUY
CRM,2023-08-21T00:00:00.000000,1,50.07,BUY
CRM,2023-08-22T00:00:00.000000,1,51.15,BUY
CRM,2023-08-23T00:00:00.000000,1,51.22,BUY
CRM,2023-08-24T00:00:00.000000,1,51.22,BUY
CRM,2023-08-25T00:00:00.000000,1,51.22,BUY
CRM,2023-08-28T00:00:00.000000,1,51.22,BUY
CRM,2023-08-29T00:00:00.000000,1,51.22,BUY
CRM,2023-08-30T00:00:00.000000,1,51.22,BUY
CRM,2023-08-31T00:00:00.000000,1,51.22,BUY
CRM,2023-09-01T00:00:00.000000,1,50.07,BUY
CRM,2023-09-05T00:00:00.000000,1,50.0,BUY
CRM,2023-09-06T00:00:00.000000,0,46.44,SELL
CRM,2023-09-07T00:00:00.000000,0,44.32,SELL
CRM,2023-09-08T00:00:00.000000,0,44.32,SELL
CRM,2023-09-11T00:00:00.000000,0,44.32,SELL
CRM,2023-09-12T00:00:00.000000,0,44.32,SELL
CRM,2023-09-13T00:00:00.000000,0,46.44,SELL
CRM,2023-09-14T00:00:00.000000,1,47.54,BUY
CRM,2023-09-15T00:00:00.000000,1,50.07,BUY
CRM,2023-09-18T00:00:00.000000,1,50.07,BUY
CRM,2023-09-19T00:00:00.000000,1,50.07,BUY
CRM,2023-09-20T00:00:00.000000,1,51.15,BUY
CRM,2023-09-21T00:00:00.000000,1,50.07,BUY
CRM,2023-09-22T00:00:00.000000,1,50.07,BUY
CRM,2023-09-25T00:00:00.000000,1,50.07,BUY
CRM,2023-09-26T00:00:00.000000,1,51.22,BUY
CRM,2023-09-27T00:00:00.000000,1,51.22,BUY
CRM,2023-09-28T00:00:00.000000,1,51.22,BUY
CRM,2023-09-29T00:00:00.000000,1,51.22,BUY
CRM,2023-10-02T00:00:00.000000,1,51.22,BUY
CRM,2023-10-03T00:00:00.000000,1,51.22,BUY
CRM,2023-10-04T00:00:00.000000,1,51.22,BUY
CRM,2023-10-05T00:00:00.000000,1,51.22,BUY
CRM,2023-10-06T00:00:00.000000,1,51.22,BUY
CRM,2023-10-09T00:00:00.000000,1,50.07,BUY
CRM,2023-10-10T00:00:00.000000,1,50.07,BUY
CRM,2023-10-11T00:00:00.000000,0,47.54,SELL
CRM,2023-10-12T00:00:00.000000,1,50.0,BUY
CRM,2023-10-13T00:00:00.000000,1,50.07,BUY
CRM,2023-10-16T00:00:00.000000,1,50.0,BUY
CRM,2023-10-17T00:00:00.000000,1,50.07,BUY
CRM,2023-10-18T00:00:00.000000,0,46.44,SELL
CRM,2023-10-19T00:00:00.000000,0,46.44,SELL
CRM,2023-10-20T00:00:00.000000,0,46.44,SELL
CRM,2023-10-23T00:00:00.000000,1,50.07,BUY
CRM,2023-10-24T00:00:00.000000,1,51.22,BUY
CRM,2023-10-25T00:00:00.000000,1,51.22,BUY
CRM,2023-10-26T00:00:00.000000,1,51.22,BUY
CRM,2023-10-27T00:00:00.000000,1,51.22,BUY
CRM,2023-10-30T00:00:00.000000,1,51.22,BUY
CRM,2023-10-31T00:00:00.000000,1,51.22,BUY
CRM,2023-11-01T00:00:00.000000,1,51.22,BUY
CRM,2023-11-02T00:00:00.000000,1,51.22,BUY
CRM,2023-11-03T00:00:00.000000,1,51.22,BUY
CRM,2023-11-06T00:00:00.000000,1,51.22,BUY
CRM,2023-11-07T00:00:00.000000,1,51.22,BUY
CRM,2023-11-08T00:00:00.000000,1,51.22,BUY
CRM,2023-11-09T00:00:00.000000,1,51.22,BUY
CRM,2023-11-10T00:00:00.000000,1,50.07,BUY
CRM,2023-11-13T00:00:00.000000,0,44.9,SELL
CRM,2023-11-14T00:00:00.000000,0,44.32,SELL
CRM,2023-11-15T00:00:00.000000,0,44.32,SELL
CRM,2023-11-16T00:00:00.000000,0,44.32,SELL
CRM,2023-11-17T00:00:00.000000,0,44.32,SELL
CRM,2023-11-20T00:00:00.000000,0,44.32,SELL
CRM,2023-11-21T00:00:00.000000,0,44.32,SELL
CRM,2023-11-22T00:00:00.000000,0,44.9,SELL
CRM,2023-11-24T00:00:00.000000,0,44.32,SELL
CRM,2023-11-27T00:00:00.000000,0,44.32,SELL
CRM,2023-11-28T00:00:00.000000,0,44.32,SELL
CRM,2023-11-29T00:00:00.000000,0,44.32,SELL
CRM,2023-11-30T00:00:00.000000,0,44.32,SELL
CRM,2023-12-01T00:00:00.000000,0,44.32,SELL
CRM,2023-12-04T00:00:00.000000,0,44.32,SELL
CRM,2023-12-05T00:00:00.000000,0,44.32,SELL
CRM,2023-12-06T00:00:00.000000,0,44.32,SELL
CRM,2023-12-07T00:00:00.000000,0,44.32,SELL
CRM,2023-12-08T00:00:00.000000,0,44.32,SELL
CRM,2023-12-11T00:00:00.000000,0,44.9,SELL
CRM,2023-12-12T00:00:00.000000,1,50.0,BUY
CRM,2023-12-13T00:00:00.000000,1,50.07,BUY
CRM,2023-12-14T00:00:00.000000,1,50.07,BUY
CRM,2023-12-15T00:00:00.000000,1,51.22,BUY
CRM,2023-12-18T00:00:00.000000,1,51.15,BUY
CRM,2023-12-19T00:00:00.000000,1,50.07,BUY
CRM,2023-12-20T00:00:00.000000,0,44.9,SELL
CRM,2023-12-21T00:00:00.000000,0,44.32,SELL
CRM,2023-12-22T00:00:00.000000,0,44.32,SELL
CRM,2023-12-26T00:00:00.000000,0,44.32,SELL
CRM,2023-12-27T00:00:00.000000,0,44.32,SELL
CRM,2023-12-28T00:00:00.000000,0,43.69,SELL
CRM,2023-12-29T00:00:00.000000,0,43.6,SELL
CRM,2024-01-02T00:00:00.000000,0,44.32,SELL
CRM,2024-01-03T00:00:00.000000,0,44.32,SELL
CRM,2024-01-04T00:00:00.000000,0,44.32,SELL
CRM,2024-01-05T00:00:00.000000,0,44.32,SELL
CRM,2024-01-08T00:00:00.000000,0,46.44,SELL
CRM,2024-01-09T00:00:00.000000,1,50.07,BUY
CRM,2024-01-10T00:00:00.000000,1,50.07,BUY
CRM,2024-01-11T00:00:00.000000,1,51.15,BUY
CRM,2024-01-12T00:00:00.000000,1,50.07,BUY
CRM,2024-01-16T00:00:00.000000,1,50.07,BUY
CRM,2024-01-17T00:00:00.000000,0,46.44,SELL
CRM,2024-01-18T00:00:00.000000,0,44.32,SELL
CRM,2024-01-19T00:00:00.000000,0,44.32,SELL
CRM,2024-01-22T00:00:00.000000,0,44.32,SELL
CRM,2024-01-23T00:00:00.000000,0,44.32,SELL
CRM,2024-01-24T00:00:00.000000,0,44.32,SELL
CRM,2024-01-25T00:00:00.000000,0,44.32,SELL
CRM,2024-01-26T00:00:00.000000,0,44.32,SELL
CRM,2024-01-29T00:00:00.000000,0,44.32,SELL
CRM,2024-01-30T00:00:00.000000,0,44.9,SELL
CRM,2024-01-31T00:00:00.000000,0,44.32,SELL
CRM,2024-02-01T00:00:00.000000,0,44.32,SELL
CRM,2024-02-02T00:00:00.000000,0,44.32,SELL
CRM,2024-02-05T00:00:00.000000,0,44.32,SELL
CRM,2024-02-06T00:00:00.000000,0,44.32,SELL
CRM,2024-02-07T00:00:00.000000,0,44.32,SELL
CRM,2024-02-08T00:00:00.000000,0,44.32,SELL
CRM,2024-02-09T00:00:00.000000,0,44.32,SELL
CRM,2024-02-12T00:00:00.000000,0,44.32,SELL
CRM,2024-02-13T00:00:00.000000,0,46.44,SELL
CRM,2024-02-14T00:00:00.000000,1,50.07,BUY
CRM,2024-02-15T00:00:00.000000,1,50.07,BUY
CRM,2024-02-16T00:00:00.000000,1,50.07,BUY
CRM,2024-02-20T00:00:00.000000,1,50.07,BUY
CRM,2024-02-21T00:00:00.000000,1,50.07,BUY
CRM,2024-02-22T00:00:00.000000,1,50.07,BUY
CRM,2024-02-23T00:00:00.000000,1,50.07,BUY
CRM,2024-02-26T00:00:00.000000,1,50.07,BUY
CRM,2024-02-27T00:00:00.000000,1,50.07,BUY
CRM,2024-02-28T00:00:00.000000,0,44.9,SELL
CRM,2024-02-29T00:00:00.000000,0,44.32,SELL
CRM,2024-03-01T00:00:00.000000,0,44.32,SELL
CRM,2024-03-04T00:00:00.000000,0,44.32,SELL
CRM,2024-03-05T00:00:00.000000,0,44.32,SELL
CRM,2024-03-06T00:00:00.000000,0,44.32,SELL
CRM,2024-03-07T00:00:00.000000,0,44.32,SELL
CRM,2024-03-08T00:00:00.000000,0,44.32,SELL
CRM,2024-03-11T00:00:00.000000,0,44.32,SELL
CRM,2024-03-12T00:00:00.000000,1,50.07,BUY
CRM,2024-03-13T00:00:00.000000,1,50.07,BUY
CRM,2024-03-14T00:00:00.000000,1,50.07,BUY
CRM,2024-03-15T00:00:00.000000,1,51.15,BUY
CRM,2024-03-18T00:00:00.000000,1,51.22,BUY
CRM,2024-03-19T00:00:00.000000,1,51.22,BUY
CRM,2024-03-20T00:00:00.000000,1,51.22,BUY
CRM,2024-03-21T00:00:00.000000,1,50.07,BUY
CRM,2024-03-22T00:00:00.000000,1,50.07,BUY
CRM,2024-03-25T00:00:00.000000,0,46.44,SELL
CRM,2024-03-26T00:00:00.000000,0,46.44,SELL
CRM,2024-03-27T00:00:00.000000,0,46.44,SELL
CRM,2024-03-28T00:00:00.000000,0,46.44,SELL
CRM,2024-04-01T00:00:00.000000,0,44.32,SELL
CRM,2024-04-02T00:00:00.000000,0,44.32,SELL
CRM,2024-04-03T00:00:00.000000,0,44.32,SELL
CRM,2024-04-04T00:00:00.000000,0,44.32,SELL
CRM,2024-04-05T00:00:00.000000,0,44.32,SELL
CRM,2024-04-08T00:00:00.000000,0,46.44,SELL
CRM,2024-04-09T00:00:00.000000,1,50.07,BUY
CRM,2024-04-10T00:00:00.000000,1,51.15,BUY
CRM,2024-04-11T00:00:00.000000,1,51.22,BUY
CRM,2024-04-12T00:00:00.000000,1,51.22,BUY
CRM,2024-04-15T00:00:00.000000,1,51.22,BUY
CRM,2024-04-16T00:00:00.000000,1,51.22,BUY
CRM,2024-04-17T00:00:00.000000,1,51.22,BUY
CRM,2024-04-18T00:00:00.000000,1,51.22,BUY
CRM,2024-04-19T00:00:00.000000,1,51.22,BUY
CRM,2024-04-22T00:00:00.000000,1,51.22,BUY
CRM,2024-04-23T00:00:00.000000,1,51.22,BUY
CRM,2024-04-24T00:00:00.000000,1,51.22,BUY
CRM,2024-04-25T00:00:00.000000,1,51.22,BUY
CRM,2024-04-26T00:00:00.000000,1,51.22,BUY
CRM,2024-04-29T00:00:00.000000,1,51.22,BUY
CRM,2024-04-30T00:00:00.000000,1,51.22,BUY
CRM,2024-05-01T00:00:00.000000,1,51.22,BUY
CRM,2024-05-02T00:00:00.000000,1,51.22,BUY
CRM,2024-05-03T00:00:00.000000,1,51.22,BUY
CRM,2024-05-06T00:00:00.000000,1,51.22,BUY
CRM,2024-05-07T00:00:00.000000,1,51.22,BUY
CRM,2024-05-08T00:00:00.000000,1,51.22,BUY
CRM,2024-05-09T00:00:00.000000,1,51.22,BUY
CRM,2024-05-10T00:00:00.000000,1,51.22,BUY
CRM,2024-05-13T00:00:00.000000,1,51.22,BUY
CRM,2024-05-14T00:00:00.000000,1,51.22,BUY
CRM,2024-05-15T00:00:00.000000,1,51.22,BUY
CRM,2024-05-16T00:00:00.000000,1,50.07,BUY
CRM,2024-05-17T00:00:00.000000,0,46.44,SELL
CRM,2024-05-20T00:00:00.000000,0,44.32,SELL
CRM,2024-05-21T00:00:00.000000,0,44.32,SELL
CRM,2024-05-22T00:00:00.000000,0,44.32,SELL
CRM,2024-05-23T00:00:00.000000,0,44.32,SELL
CRM,2024-05-24T00:00:00.000000,0,44.9,SELL
CRM,2024-05-28T00:00:00.000000,0,46.44,SELL
CRM,2024-05-29T00:00:00.000000,0,47.54,SELL
CRM,2024-05-30T00:00:00.000000,1,50.07,BUY
CRM,2024-05-31T00:00:00.000000,1,51.22,BUY
CRM,2024-06-03T00:00:00.000000,1,51.22,BUY
CRM,2024-06-04T00:00:00.000000,1,51.22,BUY
CRM,2024-06-05T00:00:00.000000,1,51.22,BUY
CRM,2024-06-06T00:00:00.000000,1,51.22,BUY
CRM,2024-06-07T00:00:00.000000,1,51.22,BUY
CRM,2024-06-10T00:00:00.000000,1,51.22,BUY
CRM,2024-06-11T00:00:00.000000,1,51.22,BUY
CRM,2024-06-12T00:00:00.000000,1,51.22,BUY
CRM,2024-06-13T00:00:00.000000,1,51.22,BUY
CRM,2024-06-14T00:00:00.000000,1,51.22,BUY
CRM,2024-06-17T00:00:00.000000,1,51.22,BUY
CRM,2024-06-18T00:00:00.000000,1,51.22,BUY
CRM,2024-06-20T00:00:00.000000,1,51.22,BUY
CRM,2024-06-21T00:00:00.000000,1,51.22,BUY
CRM,2024-06-24T00:00:00.000000,1,51.22,BUY
CRM,2024-06-25T00:00:00.000000,1,51.22,BUY
CRM,2024-06-26T00:00:00.000000,1,51.22,BUY
CRM,2024-06-27T00:00:00.000000,1,51.22,BUY
CRM,2024-06-28T00:00:00.000000,1,51.22,BUY
CRM,2024-07-01T00:00:00.000000,1,50.07,BUY
CRM,2024-07-02T00:00:00.000000,1,47.54,BUY
CRM,2024-07-03T00:00:00.000000,1,50.07,BUY
CRM,2024-07-05T00:00:00.000000,1,50.07,BUY
CRM,2024-07-08T00:00:00.000000,1,51.22,BUY
CRM,2024-07-09T00:00:00.000000,1,51.22,BUY
CRM,2024-07-10T00:00:00.000000,1,51.22,BUY
CRM,2024-07-11T00:00:00.000000,1,51.22,BUY
CRM,2024-07-12T00:00:00.000000,1,51.22,BUY
CRM,2024-07-15T00:00:00.000000,1,51.22,BUY
CRM,2024-07-16T00:00:00.000000,1,51.22,BUY
CRM,2024-07-17T00:00:00.000000,1,51.22,BUY
CRM,2024-07-18T00:00:00.000000,1,51.22,BUY
CRM,2024-07-19T00:00:00.000000,1,51.22,BUY
CRM,2024-07-22T00:00:00.000000,1,51.22,BUY
CRM,2024-07-23T00:00:00.000000,1,50.07,BUY
CRM,2024-07-24T00:00:00.000000,1,50.07,BUY
CRM,2024-07-25T00:00:00.000000,1,50.0,BUY
CRM,2024-07-26T00:00:00.000000,0,47.54,SELL
CRM,2024-07-29T00:00:00.000000,1,50.07,BUY
CRM,2024-07-30T00:00:00.000000,1,50.07,BUY
CRM,2024-07-31T00:00:00.000000,1,51.15,BUY
CRM,2024-08-01T00:00:00.000000,1,51.22,BUY
CRM,2024-08-02T00:00:00.000000,1,50.07,BUY
CRM,2024-08-05T00:00:00.000000,1,51.15,BUY
CRM,2024-08-06T00:00:00.000000,1,51.22,BUY
CRM,2024-08-07T00:00:00.000000,1,51.22,BUY
CRM,2024-08-08T00:00:00.000000,1,51.22,BUY
CRM,2024-08-09T00:00:00.000000,1,51.22,BUY
CRM,2024-08-12T00:00:00.000000,1,51.22,BUY
CRM,2024-08-13T00:00:00.000000,1,51.22,BUY
CRM,2024-08-14T00:00:00.000000,1,51.22,BUY
CRM,2024-08-15T00:00:00.000000,1,51.22,BUY
CRM,2024-08-16T00:00:00.000000,1,51.22,BUY
CRM,2024-08-19T00:00:00.000000,1,51.22,BUY
CRM,2024-08-20T00:00:00.000000,1,50.07,BUY
CRM,2024-08-21T00:00:00.000000,0,44.32,SELL
CRM,2024-08-22T00:00:00.000000,0,44.32,SELL
CRM,2024-08-23T00:00:00.000000,0,44.32,SELL
CRM,2024-08-26T00:00:00.000000,0,44.32,SELL
CRM,2024-08-27T00:00:00.000000,0,44.32,SELL
CRM,2024-08-28T00:00:00.000000,0,44.32,SELL
CRM,2024-08-29T00:00:00.000000,0,44.32,SELL
CRM,2024-08-30T00:00:00.000000,0,46.44,SELL
CRM,2024-09-03T00:00:00.000000,0,44.9,SELL
CRM,2024-09-04T00:00:00.000000,0,44.9,SELL
CRM,2024-09-05T00:00:00.000000,0,44.32,SELL
CRM,2024-09-06T00:00:00.000000,0,44.9,SELL
CRM,2024-09-09T00:00:00.000000,0,46.44,SELL
CRM,2024-09-10T00:00:00.000000,1,50.07,BUY
CRM,2024-09-11T00:00:00.000000,1,50.07,BUY
CRM,2024-09-12T00:00:00.000000,1,51.22,BUY
CRM,2024-09-13T00:00:00.000000,1,51.22,BUY
CRM,2024-09-16T00:00:00.000000,1,51.22,BUY
CRM,2024-09-17T00:00:00.000000,1,51.22,BUY
CRM,2024-09-18T00:00:00.000000,1,51.22,BUY
CRM,2024-09-19T00:00:00.000000,1,51.22,BUY
CRM,2024-09-20T00:00:00.000000,1,50.07,BUY
CRM,2024-09-23T00:00:00.000000,0,46.44,SELL
CRM,2024-09-24T00:00:00.000000,0,44.32,SELL
CRM,2024-09-25T00:00:00.000000,0,44.32,SELL
CRM,2024-09-26T00:00:00.000000,0,44.32,SELL
CRM,2024-09-27T00:00:00.000000,0,44.32,SELL
CRM,2024-09-30T00:00:00.000000,0,44.32,SELL
CRM,2024-10-01T00:00:00.000000,0,44.32,SELL
CRM,2024-10-02T00:00:00.000000,0,44.32,SELL
CRM,2024-10-03T00:00:00.000000,0,44.32,SELL
CRM,2024-10-04T00:00:00.000000,0,44.32,SELL
CRM,2024-10-07T00:00:00.000000,0,46.44,SELL
CRM,2024-10-08T00:00:00.000000,0,46.44,SELL
CRM,2024-10-09T00:00:00.000000,1,47.54,BUY
CRM,2024-10-10T00:00:00.000000,1,50.0,BUY
CRM,2024-10-11T00:00:00.000000,1,50.07,BUY
CRM,2024-10-14T00:00:00.000000,1,50.07,BUY
CRM,2024-10-15T00:00:00.000000,1,50.07,BUY
CRM,2024-10-16T00:00:00.000000,1,50.0,BUY
CRM,2024-10-17T00:00:00.000000,0,47.54,SELL
CRM,2024-10-18T00:00:00.000000,0,46.44,SELL
CRM,2024-10-21T00:00:00.000000,0,46.44,SELL
CRM,2024-10-22T00:00:00.000000,0,46.44,SELL
CRM,2024-10-23T00:00:00.000000,0,46.44,SELL
CRM,2024-10-24T00:00:00.000000,0,46.44,SELL
CRM,2024-10-25T00:00:00.000000,1,50.0,BUY
CRM,2024-10-28T00:00:00.000000,1,50.07,BUY
CRM,2024-10-29T00:00:00.000000,1,51.22,BUY
CRM,2024-10-30T00:00:00.000000,1,50.07,BUY
CRM,2024-10-31T00:00:00.000000,1,50.07,BUY
CRM,2024-11-01T00:00:00.000000,1,50.07,BUY
CRM,2024-11-04T00:00:00.000000,1,51.22,BUY
CRM,2024-11-05T00:00:00.000000,1,51.22,BUY
CRM,2024-11-06T00:00:00.000000,1,51.22,BUY
CRM,2024-11-07T00:00:00.000000,1,50.07,BUY
CRM,2024-11-08T00:00:00.000000,1,50.0,BUY
CRM,2024-11-11T00:00:00.000000,0,46.44,SELL
CRM,2024-11-12T00:00:00.000000,0,46.44,SELL
CRM,2024-11-13T00:00:00.000000,0,46.44,SELL
CRM,2024-11-14T00:00:00.000000,0,44.9,SELL
CRM,2024-11-15T00:00:00.000000,0,44.32,SELL
CRM,2024-11-18T00:00:00.000000,0,44.32,SELL
CRM,2024-11-19T00:00:00.000000,0,44.32,SELL
CRM,2024-11-20T00:00:00.000000,0,44.32,SELL
CRM,2024-11-21T00:00:00.000000,0,44.32,SELL
CRM,2024-11-22T00:00:00.000000,0,46.44,SELL
CRM,2024-11-25T00:00:00.000000,0,46.44,SELL
CRM,2024-11-26T00:00:00.000000,0,46.44,SELL
CRM,2024-11-27T00:00:00.000000,0,46.44,SELL
CRM,2024-11-29T00:00:00.000000,0,44.9,SELL
CRM,2024-12-02T00:00:00.000000,0,44.32,SELL
CRM,2024-12-03T00:00:00.000000,0,44.32,SELL
CRM,2024-12-04T00:00:00.000000,0,44.32,SELL
CRM,2024-12-05T00:00:00.000000,0,44.32,SELL
CRM,2024-12-06T00:00:00.000000,0,43.6,SELL
CRM,2024-12-09T00:00:00.000000,0,43.6,SELL
CRM,2024-12-10T00:00:00.000000,0,44.32,SELL
CRM,2024-12-11T00:00:00.000000,0,44.32,SELL
CRM,2024-12-12T00:00:00.000000,0,44.32,SELL
CRM,2024-12-13T00:00:00.000000,0,44.32,SELL
CRM,2024-12-16T00:00:00.000000,0,44.32,SELL
CRM,2024-12-17T00:00:00.000000,0,44.32,SELL
CRM,2024-12-18T00:00:00.000000,0,44.32,SELL
CRM,2024-12-19T00:00:00.000000,1,50.0,BUY
CRM,2024-12-20T00:00:00.000000,1,51.16,BUY
CVS,2023-02-21T00:00:00.000000,0,43.6,SELL
CVS,2023-02-22T00:00:00.000000,0,44.32,SELL
CVS,2023-02-23T00:00:00.000000,0,44.32,SELL
CVS,2023-02-24T00:00:00.000000,0,44.32,SELL
CVS,2023-02-27T00:00:00.000000,0,44.32,SELL
CVS,2023-02-28T00:00:00.000000,0,46.44,SELL
CVS,2023-03-01T00:00:00.000000,1,50.0,BUY
CVS,2023-03-02T00:00:00.000000,1,50.07,BUY
CVS,2023-03-03T00:00:00.000000,1,50.07,BUY
CVS,2023-03-06T00:00:00.000000,1,50.0,BUY
CVS,2023-03-07T00:00:00.000000,0,46.44,SELL
CVS,2023-03-08T00:00:00.000000,0,44.32,SELL
CVS,2023-03-09T00:00:00.000000,0,44.32,SELL
CVS,2023-03-10T00:00:00.000000,0,43.6,SELL
CVS,2023-03-13T00:00:00.000000,0,41.9,SELL
CVS,2023-03-14T00:00:00.000000,0,41.9,SELL
CVS,2023-03-15T00:00:00.000000,0,41.9,SELL
CVS,2023-03-16T00:00:00.000000,0,41.67,SELL
CVS,2023-03-17T00:00:00.000000,0,41.67,SELL
CVS,2023-03-20T00:00:00.000000,0,41.81,SELL
CVS,2023-03-21T00:00:00.000000,0,41.9,SELL
CVS,2023-03-22T00:00:00.000000,0,41.9,SELL
CVS,2023-03-23T00:00:00.000000,0,41.9,SELL
CVS,2023-03-24T00:00:00.000000,0,41.67,SELL
CVS,2023-03-27T00:00:00.000000,0,41.67,SELL
CVS,2023-03-28T00:00:00.000000,0,41.67,SELL
CVS,2023-03-29T00:00:00.000000,0,41.67,SELL
CVS,2023-03-30T00:00:00.000000,0,41.67,SELL
CVS,2023-03-31T00:00:00.000000,0,41.9,SELL
CVS,2023-04-03T00:00:00.000000,0,41.9,SELL
CVS,2023-04-04T00:00:00.000000,0,43.59,SELL
CVS,2023-04-05T00:00:00.000000,0,43.6,SELL
CVS,2023-04-06T00:00:00.000000,0,43.59,SELL
CVS,2023-04-10T00:00:00.000000,0,43.59,SELL
CVS,2023-04-11T00:00:00.000000,0,43.59,SELL
CVS,2023-04-12T00:00:00.000000,0,43.59,SELL
CVS,2023-04-13T00:00:00.000000,0,43.59,SELL
CVS,2023-04-14T00:00:00.000000,0,43.59,SELL
CVS,2023-04-17T00:00:00.000000,0,43.6,SELL
CVS,2023-04-18T00:00:00.000000,0,43.6,SELL
CVS,2023-04-19T00:00:00.000000,0,44.32,SELL
CVS,2023-04-20T00:00:00.000000,0,44.32,SELL
CVS,2023-04-21T00:00:00.000000,0,44.32,SELL
CVS,2023-04-24T00:00:00.000000,0,44.32,SELL
CVS,2023-04-25T00:00:00.000000,0,44.32,SELL
CVS,2023-04-26T00:00:00.000000,0,44.32,SELL
CVS,2023-04-27T00:00:00.000000,0,44.32,SELL
CVS,2023-04-28T00:00:00.000000,0,44.32,SELL
CVS,2023-05-01T00:00:00.000000,0,44.32,SELL
CVS,2023-05-02T00:00:00.000000,0,44.32,SELL
CVS,2023-05-03T00:00:00.000000,0,46.44,SELL
CVS,2023-05-04T00:00:00.000000,1,50.0,BUY
CVS,2023-05-05T00:00:00.000000,1,50.0,BUY
CVS,2023-05-08T00:00:00.000000,0,46.44,SELL
CVS,2023-05-09T00:00:00.000000,0,46.44,SELL
CVS,2023-05-10T00:00:00.000000,0,44.32,SELL
CVS,2023-05-11T00:00:00.000000,0,44.32,SELL
CVS,2023-05-12T00:00:00.000000,0,44.32,SELL
CVS,2023-05-15T00:00:00.000000,0,44.32,SELL
CVS,2023-05-16T00:00:00.000000,0,44.32,SELL
CVS,2023-05-17T00:00:00.000000,0,44.32,SELL
CVS,2023-05-18T00:00:00.000000,0,44.32,SELL
CVS,2023-05-19T00:00:00.000000,0,44.32,SELL
CVS,2023-05-22T00:00:00.000000,0,44.32,SELL
CVS,2023-05-23T00:00:00.000000,0,44.32,SELL
CVS,2023-05-24T00:00:00.000000,0,44.32,SELL
CVS,2023-05-25T00:00:00.000000,0,44.32,SELL
CVS,2023-05-26T00:00:00.000000,0,44.32,SELL
CVS,2023-05-30T00:00:00.000000,0,44.32,SELL
CVS,2023-05-31T00:00:00.000000,0,44.32,SELL
CVS,2023-06-01T00:00:00.000000,0,44.32,SELL
CVS,2023-06-02T00:00:00.000000,0,44.32,SELL
CVS,2023-06-05T00:00:00.000000,0,44.32,SELL
CVS,2023-06-06T00:00:00.000000,0,44.32,SELL
CVS,2023-06-07T00:00:00.000000,0,44.32,SELL
CVS,2023-06-08T00:00:00.000000,0,44.32,SELL
CVS,2023-06-09T00:00:00.000000,0,44.32,SELL
CVS,2023-06-12T00:00:00.000000,0,44.32,SELL
CVS,2023-06-13T00:00:00.000000,0,44.32,SELL
CVS,2023-06-14T00:00:00.000000,0,44.32,SELL
CVS,2023-06-15T00:00:00.000000,0,44.32,SELL
CVS,2023-06-16T00:00:00.000000,0,44.32,SELL
CVS,2023-06-20T00:00:00.000000,0,46.44,SELL
CVS,2023-06-21T00:00:00.000000,1,50.0,BUY
CVS,2023-06-22T00:00:00.000000,1,50.07,BUY
CVS,2023-06-23T00:00:00.000000,1,50.07,BUY
CVS,2023-06-26T00:00:00.000000,1,50.07,BUY
CVS,2023-06-27T00:00:00.000000,1,47.54,BUY
CVS,2023-06-28T00:00:00.000000,0,46.44,SELL
CVS,2023-06-29T00:00:00.000000,0,47.54,SELL
CVS,2023-06-30T00:00:00.000000,0,44.32,SELL
CVS,2023-07-03T00:00:00.000000,0,46.44,SELL
CVS,2023-07-05T00:00:00.000000,0,44.9,SELL
CVS,2023-07-06T00:00:00.000000,0,44.9,SELL
CVS,2023-07-07T00:00:00.000000,0,44.32,SELL
CVS,2023-07-10T00:00:00.000000,0,44.32,SELL
CVS,2023-07-11T00:00:00.000000,0,44.32,SELL
CVS,2023-07-12T00:00:00.000000,0,44.32,SELL
CVS,2023-07-13T00:00:00.000000,0,44.32,SELL
CVS,2023-07-14T00:00:00.000000,0,44.32,SELL
CVS,2023-07-17T00:00:00.000000,0,44.32,SELL
CVS,2023-07-18T00:00:00.000000,0,44.32,SELL
CVS,2023-07-19T00:00:00.000000,0,44.32,SELL
CVS,2023-07-20T00:00:00.000000,0,44.32,SELL
CVS,2023-07-21T00:00:00.000000,0,44.32,SELL
CVS,2023-07-24T00:00:00.000000,0,44.32,SELL
CVS,2023-07-25T00:00:00.000000,0,43.6,SELL
CVS,2023-07-26T00:00:00.000000,0,44.32,SELL
CVS,2023-07-27T00:00:00.000000,0,44.32,SELL
CVS,2023-07-28T00:00:00.000000,0,44.32,SELL
CVS,2023-07-31T00:00:00.000000,0,44.32,SELL
CVS,2023-08-01T00:00:00.000000,0,44.32,SELL
CVS,2023-08-02T00:00:00.000000,0,44.32,SELL
CVS,2023-08-03T00:00:00.000000,0,46.44,SELL
CVS,2023-08-04T00:00:00.000000,0,46.44,SELL
CVS,2023-08-07T00:00:00.000000,0,46.44,SELL
CVS,2023-08-08T00:00:00.000000,0,44.32,SELL
CVS,2023-08-09T00:00:00.000000,0,44.32,SELL
CVS,2023-08-10T00:00:00.000000,0,44.32,SELL
CVS,2023-08-11T00:00:00.000000,0,44.32,SELL
CVS,2023-08-14T00:00:00.000000,0,44.32,SELL
CVS,2023-08-15T00:00:00.000000,0,44.32,SELL
CVS,2023-08-16T00:00:00.000000,0,44.32,SELL
CVS,2023-08-17T00:00:00.000000,0,44.9,SELL
CVS,2023-08-18T00:00:00.000000,0,46.44,SELL
CVS,2023-08-21T00:00:00.000000,0,44.9,SELL
CVS,2023-08-22T00:00:00.000000,0,46.44,SELL
CVS,2023-08-23T00:00:00.000000,1,50.0,BUY
CVS,2023-08-24T00:00:00.000000,0,46.44,SELL
CVS,2023-08-25T00:00:00.000000,0,44.32,SELL
CVS,2023-08-28T00:00:00.000000,0,44.32,SELL
CVS,2023-08-29T00:00:00.000000,0,44.32,SELL
CVS,2023-08-30T00:00:00.000000,0,43.6,SELL
CVS,2023-08-31T00:00:00.000000,0,43.59,SELL
CVS,2023-09-01T00:00:00.000000,0,41.9,SELL
CVS,2023-09-05T00:00:00.000000,0,41.9,SELL
CVS,2023-09-06T00:00:00.000000,0,43.38,SELL
CVS,2023-09-07T00:00:00.000000,0,43.59,SELL
CVS,2023-09-08T00:00:00.000000,0,43.6,SELL
CVS,2023-09-11T00:00:00.000000,0,43.59,SELL
CVS,2023-09-12T00:00:00.000000,0,43.59,SELL
CVS,2023-09-13T00:00:00.000000,0,41.9,SELL
CVS,2023-09-14T00:00:00.000000,0,43.59,SELL
CVS,2023-09-15T00:00:00.000000,0,43.59,SELL
CVS,2023-09-18T00:00:00.000000,0,43.6,SELL
CVS,2023-09-19T00:00:00.000000,0,43.6,SELL
CVS,2023-09-20T00:00:00.000000,0,44.32,SELL
CVS,2023-09-21T00:00:00.000000,0,44.32,SELL
CVS,2023-09-22T00:00:00.000000,0,44.32,SELL
CVS,2023-09-25T00:00:00.000000,0,44.32,SELL
CVS,2023-09-26T00:00:00.000000,0,46.44,SELL
CVS,2023-09-27T00:00:00.000000,1,50.0,BUY
CVS,2023-09-28T00:00:00.000000,1,50.07,BUY
CVS,2023-09-29T00:00:00.000000,1,50.07,BUY
CVS,2023-10-02T00:00:00.000000,1,50.07,BUY
CVS,2023-10-03T00:00:00.000000,1,50.07,BUY
CVS,2023-10-04T00:00:00.000000,1,50.07,BUY
CVS,2023-10-05T00:00:00.000000,1,50.07,BUY
CVS,2023-10-06T00:00:00.000000,1,50.07,BUY
CVS,2023-10-09T00:00:00.000000,1,50.07,BUY
CVS,2023-10-10T00:00:00.000000,1,50.07,BUY
CVS,2023-10-11T00:00:00.000000,1,50.07,BUY
CVS,2023-10-12T00:00:00.000000,1,50.07,BUY
CVS,2023-10-13T00:00:00.000000,1,50.0,BUY
CVS,2023-10-16T00:00:00.000000,0,46.44,SELL
CVS,2023-10-17T00:00:00.000000,1,47.54,BUY
CVS,2023-10-18T00:00:00.000000,0,46.44,SELL
CVS,2023-10-19T00:00:00.000000,0,44.32,SELL
CVS,2023-10-20T00:00:00.000000,0,44.32,SELL
CVS,2023-10-23T00:00:00.000000,0,44.32,SELL
CVS,2023-10-24T00:00:00.000000,0,44.32,SELL
CVS,2023-10-25T00:00:00.000000,0,46.44,SELL
CVS,2023-10-26T00:00:00.000000,1,50.07,BUY
CVS,2023-10-27T00:00:00.000000,1,50.07,BUY
CVS,2023-10-30T00:00:00.000000,1,50.07,BUY
CVS,2023-10-31T00:00:00.000000,1,50.07,BUY
CVS,2023-11-01T00:00:00.000000,1,51.22,BUY
CVS,2023-11-02T00:00:00.000000,1,51.22,BUY
CVS,2023-11-03T00:00:00.000000,1,51.22,BUY
CVS,2023-11-06T00:00:00.000000,1,50.07,BUY
CVS,2023-11-07T00:00:00.000000,1,50.0,BUY
CVS,2023-11-08T00:00:00.000000,0,44.9,SELL
CVS,2023-11-09T00:00:00.000000,0,44.32,SELL
CVS,2023-11-10T00:00:00.000000,0,44.32,SELL
CVS,2023-11-13T00:00:00.000000,0,43.6,SELL
CVS,2023-11-14T00:00:00.000000,0,43.59,SELL
CVS,2023-11-15T00:00:00.000000,0,43.59,SELL
CVS,2023-11-16T00:00:00.000000,0,41.9,SELL
CVS,2023-11-17T00:00:00.000000,0,41.9,SELL
CVS,2023-11-20T00:00:00.000000,0,41.9,SELL
CVS,2023-11-21T00:00:00.000000,0,43.59,SELL
CVS,2023-11-22T00:00:00.000000,0,43.59,SELL
CVS,2023-11-24T00:00:00.000000,0,41.9,SELL
CVS,2023-11-27T00:00:00.000000,0,41.9,SELL
CVS,2023-11-28T00:00:00.000000,0,41.9,SELL
CVS,2023-11-29T00:00:00.000000,0,41.9,SELL
CVS,2023-11-30T00:00:00.000000,0,41.9,SELL
CVS,2023-12-01T00:00:00.000000,0,43.59,SELL
CVS,2023-12-04T00:00:00.000000,0,43.6,SELL
CVS,2023-12-05T00:00:00.000000,0,43.6,SELL
CVS,2023-12-06T00:00:00.000000,0,44.32,SELL
CVS,2023-12-07T00:00:00.000000,0,43.6,SELL
CVS,2023-12-08T00:00:00.000000,0,44.32,SELL
CVS,2023-12-11T00:00:00.000000,0,44.32,SELL
CVS,2023-12-12T00:00:00.000000,0,44.32,SELL
CVS,2023-12-13T00:00:00.000000,0,44.32,SELL
CVS,2023-12-14T00:00:00.000000,0,44.32,SELL
CVS,2023-12-15T00:00:00.000000,0,44.32,SELL
CVS,2023-12-18T00:00:00.000000,0,44.32,SELL
CVS,2023-12-19T00:00:00.000000,0,44.32,SELL
CVS,2023-12-20T00:00:00.000000,0,44.32,SELL
CVS,2023-12-21T00:00:00.000000,0,44.32,SELL
CVS,2023-12-22T00:00:00.000000,0,44.32,SELL
CVS,2023-12-26T00:00:00.000000,0,44.32,SELL
CVS,2023-12-27T00:00:00.000000,0,44.32,SELL
CVS,2023-12-28T00:00:00.000000,0,44.32,SELL
CVS,2023-12-29T00:00:00.000000,0,44.32,SELL
CVS,2024-01-02T00:00:00.000000,0,43.6,SELL
CVS,2024-01-03T00:00:00.000000,0,43.6,SELL
CVS,2024-01-04T00:00:00.000000,0,43.6,SELL
CVS,2024-01-05T00:00:00.000000,0,44.32,SELL
CVS,2024-01-08T00:00:00.000000,0,44.32,SELL
CVS,2024-01-09T00:00:00.000000,0,44.32,SELL
CVS,2024-01-10T00:00:00.000000,0,44.32,SELL
CVS,2024-01-11T00:00:00.000000,0,44.32,SELL
CVS,2024-01-12T00:00:00.000000,0,44.32,SELL
CVS,2024-01-16T00:00:00.000000,0,46.44,SELL
CVS,2024-01-17T00:00:00.000000,0,46.44,SELL
CVS,2024-01-18T00:00:00.000000,0,46.44,SELL
CVS,2024-01-19T00:00:00.000000,0,46.44,SELL
CVS,2024-01-22T00:00:00.000000,0,44.9,SELL
CVS,2024-01-23T00:00:00.000000,0,44.32,SELL
CVS,2024-01-24T00:00:00.000000,0,44.32,SELL
CVS,2024-01-25T00:00:00.000000,0,44.32,SELL
CVS,2024-01-26T00:00:00.000000,0,44.32,SELL
CVS,2024-01-29T00:00:00.000000,0,43.6,SELL
CVS,2024-01-30T00:00:00.000000,0,43.59,SELL
CVS,2024-01-31T00:00:00.000000,0,43.59,SELL
CVS,2024-02-01T00:00:00.000000,0,43.59,SELL
CVS,2024-02-02T00:00:00.000000,0,43.6,SELL
CVS,2024-02-05T00:00:00.000000,0,43.6,SELL
CVS,2024-02-06T00:00:00.000000,0,44.32,SELL
CVS,2024-02-07T00:00:00.000000,0,44.32,SELL
CVS,2024-02-08T00:00:00.000000,0,44.32,SELL
CVS,2024-02-09T00:00:00.000000,0,44.32,SELL
CVS,2024-02-12T00:00:00.000000,0,46.44,SELL
CVS,2024-02-13T00:00:00.000000,1,50.0,BUY
CVS,2024-02-14T00:00:00.000000,1,50.07,BUY
CVS,2024-02-15T00:00:00.000000,1,50.07,BUY
CVS,2024-02-16T00:00:00.000000,1,50.07,BUY
CVS,2024-02-20T00:00:00.000000,0,46.44,SELL
CVS,2024-02-21T00:00:00.000000,0,44.32,SELL
CVS,2024-02-22T00:00:00.000000,0,44.32,SELL
CVS,2024-02-23T00:00:00.000000,0,44.32,SELL
CVS,2024-02-26T00:00:00.000000,0,44.32,SELL
CVS,2024-02-27T00:00:00.000000,0,44.32,SELL
CVS,2024-02-28T00:00:00.000000,0,44.32,SELL
CVS,2024-02-29T00:00:00.000000,0,44.32,SELL
CVS,2024-03-01T00:00:00.000000,0,44.32,SELL
CVS,2024-03-04T00:00:00.000000,0,44.32,SELL
CVS,2024-03-05T00:00:00.000000,0,44.32,SELL
CVS,2024-03-06T00:00:00.000000,0,43.6,SELL
CVS,2024-03-07T00:00:00.000000,0,43.6,SELL
CVS,2024-03-08T00:00:00.000000,0,43.59,SELL
CVS,2024-03-11T00:00:00.000000,0,43.59,SELL
CVS,2024-03-12T00:00:00.000000,0,43.59,SELL
CVS,2024-03-13T00:00:00.000000,0,41.9,SELL
CVS,2024-03-14T00:00:00.000000,0,41.9,SELL
CVS,2024-03-15T00:00:00.000000,0,41.9,SELL
CVS,2024-03-18T00:00:00.000000,0,43.59,SELL
CVS,2024-03-19T00:00:00.000000,0,43.59,SELL
CVS,2024-03-20T00:00:00.000000,0,43.6,SELL
CVS,2024-03-21T00:00:00.000000,0,43.6,SELL
CVS,2024-03-22T00:00:00.000000,0,44.32,SELL
CVS,2024-03-25T00:00:00.000000,0,44.32,SELL
CVS,2024-03-26T00:00:00.000000,0,44.32,SELL
CVS,2024-03-27T00:00:00.000000,0,44.32,SELL
CVS,2024-03-28T00:00:00.000000,0,44.32,SELL
CVS,2024-04-01T00:00:00.000000,0,44.32,SELL
CVS,2024-04-02T00:00:00.000000,0,44.32,SELL
CVS,2024-04-03T00:00:00.000000,0,44.32,SELL
CVS,2024-04-04T00:00:00.000000,0,44.32,SELL
CVS,2024-04-05T00:00:00.000000,0,44.32,SELL
CVS,2024-04-08T00:00:00.000000,0,44.32,SELL
CVS,2024-04-09T00:00:00.000000,0,46.44,SELL
CVS,2024-04-10T00:00:00.000000,1,50.0,BUY
CVS,2024-04-11T00:00:00.000000,1,50.07,BUY
CVS,2024-04-12T00:00:00.000000,1,50.07,BUY
CVS,2024-04-15T00:00:00.000000,1,50.07,BUY
CVS,2024-04-16T00:00:00.000000,1,51.22,BUY
CVS,2024-04-17T00:00:00.000000,1,51.15,BUY
CVS,2024-04-18T00:00:00.000000,1,51.22,BUY
CVS,2024-04-19T00:00:00.000000,1,50.07,BUY
CVS,2024-04-22T00:00:00.000000,1,51.22,BUY
CVS,2024-04-23T00:00:00.000000,1,51.22,BUY
CVS,2024-04-24T00:00:00.000000,1,51.22,BUY
CVS,2024-04-25T00:00:00.000000,1,51.22,BUY
CVS,2024-04-26T00:00:00.000000,1,50.07,BUY
CVS,2024-04-29T00:00:00.000000,1,50.0,BUY
CVS,2024-04-30T00:00:00.000000,0,44.9,SELL
CVS,2024-05-01T00:00:00.000000,0,44.32,SELL
CVS,2024-05-02T00:00:00.000000,0,44.32,SELL
CVS,2024-05-03T00:00:00.000000,0,44.32,SELL
CVS,2024-05-06T00:00:00.000000,0,44.32,SELL
CVS,2024-05-07T00:00:00.000000,0,43.6,SELL
CVS,2024-05-08T00:00:00.000000,0,43.6,SELL
CVS,2024-05-09T00:00:00.000000,0,43.59,SELL
CVS,2024-05-10T00:00:00.000000,0,41.9,SELL
CVS,2024-05-13T00:00:00.000000,0,41.9,SELL
CVS,2024-05-14T00:00:00.000000,0,41.9,SELL
CVS,2024-05-15T00:00:00.000000,0,41.9,SELL
CVS,2024-05-16T00:00:00.000000,0,41.9,SELL
CVS,2024-05-17T00:00:00.000000,0,41.9,SELL
CVS,2024-05-20T00:00:00.000000,0,43.6,SELL
CVS,2024-05-21T00:00:00.000000,0,44.32,SELL
CVS,2024-05-22T00:00:00.000000,0,44.9,SELL
CVS,2024-05-23T00:00:00.000000,0,44.32,SELL
CVS,2024-05-24T00:00:00.000000,0,44.32,SELL
CVS,2024-05-28T00:00:00.000000,0,44.32,SELL
CVS,2024-05-29T00:00:00.000000,0,44.32,SELL
CVS,2024-05-30T00:00:00.000000,0,44.32,SELL
CVS,2024-05-31T00:00:00.000000,0,44.32,SELL
CVS,2024-06-03T00:00:00.000000,0,46.44,SELL
CVS,2024-06-04T00:00:00.000000,1,50.07,BUY
CVS,2024-06-05T00:00:00.000000,1,50.07,BUY
CVS,2024-06-06T00:00:00.000000,1,50.07,BUY
CVS,2024-06-07T00:00:00.000000,1,51.22,BUY
CVS,2024-06-10T00:00:00.000000,1,51.22,BUY
CVS,2024-06-11T00:00:00.000000,1,51.22,BUY
CVS,2024-06-12T00:00:00.000000,1,51.22,BUY
CVS,2024-06-13T00:00:00.000000,1,51.22,BUY
CVS,2024-06-14T00:00:00.000000,1,51.22,BUY
CVS,2024-06-17T00:00:00.000000,1,51.22,BUY
CVS,2024-06-18T00:00:00.000000,1,51.22,BUY
CVS,2024-06-20T00:00:00.000000,1,51.22,BUY
CVS,2024-06-21T00:00:00.000000,1,51.22,BUY
CVS,2024-06-24T00:00:00.000000,1,51.22,BUY
CVS,2024-06-25T00:00:00.000000,1,51.22,BUY
CVS,2024-06-26T00:00:00.000000,1,51.22,BUY
CVS,2024-06-27T00:00:00.000000,1,51.22,BUY
CVS,2024-06-28T00:00:00.000000,1,51.22,BUY
CVS,2024-07-01T00:00:00.000000,1,51.22,BUY
CVS,2024-07-02T00:00:00.000000,1,51.22,BUY
CVS,2024-07-03T00:00:00.000000,1,51.22,BUY
CVS,2024-07-05T00:00:00.000000,1,51.22,BUY
CVS,2024-07-08T00:00:00.000000,1,51.22,BUY
CVS,2024-07-09T00:00:00.000000,1,51.22,BUY
CVS,2024-07-10T00:00:00.000000,1,51.22,BUY
CVS,2024-07-11T00:00:00.000000,1,51.22,BUY
CVS,2024-07-12T00:00:00.000000,1,50.07,BUY
CVS,2024-07-15T00:00:00.000000,0,44.9,SELL
CVS,2024-07-16T00:00:00.000000,0,44.32,SELL
CVS,2024-07-17T00:00:00.000000,0,44.32,SELL
CVS,2024-07-18T00:00:00.000000,0,44.32,SELL
CVS,2024-07-19T00:00:00.000000,0,44.32,SELL
CVS,2024-07-22T00:00:00.000000,0,44.32,SELL
CVS,2024-07-23T00:00:00.000000,0,44.32,SELL
CVS,2024-07-24T00:00:00.000000,0,44.32,SELL
CVS,2024-07-25T00:00:00.000000,0,46.44,SELL
CVS,2024-07-26T00:00:00.000000,1,50.07,BUY
CVS,2024-07-29T00:00:00.000000,1,50.07,BUY
CVS,2024-07-30T00:00:00.000000,1,50.07,BUY
CVS,2024-07-31T00:00:00.000000,1,51.22,BUY
CVS,2024-08-01T00:00:00.000000,1,51.22,BUY
CVS,2024-08-02T00:00:00.000000,1,51.22,BUY
CVS,2024-08-05T00:00:00.000000,1,51.22,BUY
CVS,2024-08-06T00:00:00.000000,1,51.22,BUY
CVS,2024-08-07T00:00:00.000000,1,51.22,BUY
CVS,2024-08-08T00:00:00.000000,1,51.22,BUY
CVS,2024-08-09T00:00:00.000000,1,51.22,BUY
CVS,2024-08-12T00:00:00.000000,1,51.22,BUY
CVS,2024-08-13T00:00:00.000000,1,51.22,BUY
CVS,2024-08-14T00:00:00.000000,1,51.22,BUY
CVS,2024-08-15T00:00:00.000000,1,51.22,BUY
CVS,2024-08-16T00:00:00.000000,1,51.22,BUY
CVS,2024-08-19T00:00:00.000000,1,50.07,BUY
CVS,2024-08-20T00:00:00.000000,0,44.32,SELL
CVS,2024-08-21T00:00:00.000000,0,44.32,SELL
CVS,2024-08-22T00:00:00.000000,0,44.32,SELL
CVS,2024-08-23T00:00:00.000000,0,44.32,SELL
CVS,2024-08-26T00:00:00.000000,0,43.6,SELL
CVS,2024-08-27T00:00:00.000000,0,43.59,SELL
CVS,2024-08-28T00:00:00.000000,0,41.9,SELL
CVS,2024-08-29T00:00:00.000000,0,41.9,SELL
CVS,2024-08-30T00:00:00.000000,0,43.59,SELL
CVS,2024-09-03T00:00:00.000000,0,43.6,SELL
CVS,2024-09-04T00:00:00.000000,0,44.32,SELL
CVS,2024-09-05T00:00:00.000000,0,44.32,SELL
CVS,2024-09-06T00:00:00.000000,0,44.32,SELL
CVS,2024-09-09T00:00:00.000000,0,44.32,SELL
CVS,2024-09-10T00:00:00.000000,0,44.32,SELL
CVS,2024-09-11T00:00:00.000000,0,46.44,SELL
CVS,2024-09-12T00:00:00.000000,1,50.07,BUY
CVS,2024-09-13T00:00:00.000000,1,50.07,BUY
CVS,2024-09-16T00:00:00.000000,1,50.07,BUY
CVS,2024-09-17T00:00:00.000000,1,50.07,BUY
CVS,2024-09-18T00:00:00.000000,1,50.07,BUY
CVS,2024-09-19T00:00:00.000000,1,50.07,BUY
CVS,2024-09-20T00:00:00.000000,1,50.0,BUY
CVS,2024-09-23T00:00:00.000000,0,44.32,SELL
CVS,2024-09-24T00:00:00.000000,0,44.32,SELL
CVS,2024-09-25T00:00:00.000000,0,44.32,SELL
CVS,2024-09-26T00:00:00.000000,0,43.6,SELL
CVS,2024-09-27T00:00:00.000000,0,43.6,SELL
CVS,2024-09-30T00:00:00.000000,0,43.6,SELL
CVS,2024-10-01T00:00:00.000000,0,43.6,SELL
CVS,2024-10-02T00:00:00.000000,0,43.6,SELL
CVS,2024-10-03T00:00:00.000000,0,44.32,SELL
CVS,2024-10-04T00:00:00.000000,0,44.32,SELL
CVS,2024-10-07T00:00:00.000000,0,44.32,SELL
CVS,2024-10-08T00:00:00.000000,0,44.32,SELL
CVS,2024-10-09T00:00:00.000000,0,44.32,SELL
CVS,2024-10-10T00:00:00.000000,0,44.9,SELL
CVS,2024-10-11T00:00:00.000000,0,46.44,SELL
CVS,2024-10-14T00:00:00.000000,1,50.07,BUY
CVS,2024-10-15T00:00:00.000000,1,50.07,BUY
CVS,2024-10-16T00:00:00.000000,1,50.07,BUY
CVS,2024-10-17T00:00:00.000000,1,51.22,BUY
CVS,2024-10-18T00:00:00.000000,1,51.22,BUY
CVS,2024-10-21T00:00:00.000000,1,51.22,BUY
CVS,2024-10-22T00:00:00.000000,1,51.22,BUY
CVS,2024-10-23T00:00:00.000000,1,50.07,BUY
CVS,2024-10-24T00:00:00.000000,1,50.07,BUY
CVS,2024-10-25T00:00:00.000000,1,50.0,BUY
CVS,2024-10-28T00:00:00.000000,0,46.44,SELL
CVS,2024-10-29T00:00:00.000000,0,44.9,SELL
CVS,2024-10-30T00:00:00.000000,0,44.32,SELL
CVS,2024-10-31T00:00:00.000000,0,44.32,SELL
CVS,2024-11-01T00:00:00.000000,0,43.6,SELL
CVS,2024-11-04T00:00:00.000000,0,43.6,SELL
CVS,2024-11-05T00:00:00.000000,0,43.6,SELL
CVS,2024-11-06T00:00:00.000000,0,44.32,SELL
CVS,2024-11-07T00:00:00.000000,0,44.32,SELL
CVS,2024-11-08T00:00:00.000000,0,44.32,SELL
CVS,2024-11-11T00:00:00.000000,0,44.32,SELL
CVS,2024-11-12T00:00:00.000000,0,44.32,SELL
CVS,2024-11-13T00:00:00.000000,0,44.32,SELL
CVS,2024-11-14T00:00:00.000000,0,44.32,SELL
CVS,2024-11-15T00:00:00.000000,0,44.32,SELL
CVS,2024-11-18T00:00:00.000000,0,44.32,SELL
CVS,2024-11-19T00:00:00.000000,0,44.32,SELL
CVS,2024-11-20T00:00:00.000000,0,43.6,SELL
CVS,2024-11-21T00:00:00.000000,0,43.6,SELL
CVS,2024-11-22T00:00:00.000000,0,43.6,SELL
CVS,2024-11-25T00:00:00.000000,0,43.6,SELL
CVS,2024-11-26T00:00:00.000000,0,43.59,SELL
CVS,2024-11-27T00:00:00.000000,0,43.59,SELL
CVS,2024-11-29T00:00:00.000000,0,43.6,SELL
CVS,2024-12-02T00:00:00.000000,0,43.6,SELL
CVS,2024-12-03T00:00:00.000000,0,44.32,SELL
CVS,2024-12-04T00:00:00.000000,0,44.32,SELL
CVS,2024-12-05T00:00:00.000000,0,44.32,SELL
CVS,2024-12-06T00:00:00.000000,0,44.32,SELL
CVS,2024-12-09T00:00:00.000000,0,44.32,SELL
CVS,2024-12-10T00:00:00.000000,0,44.32,SELL
CVS,2024-12-11T00:00:00.000000,0,44.9,SELL
CVS,2024-12-12T00:00:00.000000,0,44.9,SELL
CVS,2024-12-13T00:00:00.000000,0,44.9,SELL
CVS,2024-12-16T00:00:00.000000,0,44.32,SELL
CVS,2024-12-17T00:00:00.000000,0,44.32,SELL
CVS,2024-12-18T00:00:00.000000,0,44.32,SELL
CVS,2024-12-19T00:00:00.000000,0,43.59,SELL
CVS,2024-12-20T00:00:00.000000,0,41.9,SELL
CVX,2023-02-21T00:00:00.000000,0,46.44,SELL
CVX,2023-02-22T00:00:00.000000,1,50.07,BUY
CVX,2023-02-23T00:00:00.000000,1,51.22,BUY
CVX,2023-02-24T00:00:00.000000,1,51.22,BUY
CVX,2023-02-27T00:00:00.000000,1,50.07,BUY
CVX,2023-02-28T00:00:00.000000,1,51.22,BUY
CVX,2023-03-01T00:00:00.000000,1,51.22,BUY
CVX,2023-03-02T00:00:00.000000,1,51.22,BUY
CVX,2023-03-03T00:00:00.000000,1,51.22,BUY
CVX,2023-03-06T00:00:00.000000,1,51.22,BUY
CVX,2023-03-07T00:00:00.000000,1,51.22,BUY
CVX,2023-03-08T00:00:00.000000,1,51.22,BUY
CVX,2023-03-09T00:00:00.000000,1,51.22,BUY
CVX,2023-03-10T00:00:00.000000,1,51.22,BUY
CVX,2023-03-13T00:00:00.000000,1,51.22,BUY
CVX,2023-03-14T00:00:00.000000,1,51.22,BUY
CVX,2023-03-15T00:00:00.000000,1,51.22,BUY
CVX,2023-03-16T00:00:00.000000,1,51.22,BUY
CVX,2023-03-17T00:00:00.000000,1,51.22,BUY
CVX,2023-03-20T00:00:00.000000,1,51.22,BUY
CVX,2023-03-21T00:00:00.000000,1,51.22,BUY
CVX,2023-03-22T00:00:00.000000,1,50.07,BUY
CVX,2023-03-23T00:00:00.000000,1,50.07,BUY
CVX,2023-03-24T00:00:00.000000,0,46.44,SELL
CVX,2023-03-27T00:00:00.000000,0,44.32,SELL
CVX,2023-03-28T00:00:00.000000,0,44.32,SELL
CVX,2023-03-29T00:00:00.000000,0,44.32,SELL
CVX,2023-03-30T00:00:00.000000,0,44.32,SELL
CVX,2023-03-31T00:00:00.000000,0,44.32,SELL
CVX,2023-04-03T00:00:00.000000,0,44.32,SELL
CVX,2023-04-04T00:00:00.000000,0,44.32,SELL
CVX,2023-04-05T00:00:00.000000,0,44.32,SELL
CVX,2023-04-06T00:00:00.000000,0,44.32,SELL
CVX,2023-04-10T00:00:00.000000,0,44.32,SELL
CVX,2023-04-11T00:00:00.000000,0,44.32,SELL
CVX,2023-04-12T00:00:00.000000,0,44.32,SELL
CVX,2023-04-13T00:00:00.000000,0,44.32,SELL
CVX,2023-04-14T00:00:00.000000,0,44.32,SELL
CVX,2023-04-17T00:00:00.000000,0,44.32,SELL
CVX,2023-04-18T00:00:00.000000,0,44.32,SELL
CVX,2023-04-19T00:00:00.000000,0,46.44,SELL
CVX,2023-04-20T00:00:00.000000,1,50.07,BUY
CVX,2023-04-21T00:00:00.000000,1,50.07,BUY
CVX,2023-04-24T00:00:00.000000,1,50.0,BUY
CVX,2023-04-25T00:00:00.000000,0,46.44,SELL
CVX,2023-04-26T00:00:00.000000,0,46.44,SELL
CVX,2023-04-27T00:00:00.000000,0,44.9,SELL
CVX,2023-04-28T00:00:00.000000,0,46.44,SELL
CVX,2023-05-01T00:00:00.000000,0,46.44,SELL
CVX,2023-05-02T00:00:00.000000,1,50.07,BUY
CVX,2023-05-03T00:00:00.000000,1,50.07,BUY
CVX,2023-05-04T00:00:00.000000,1,50.07,BUY
CVX,2023-05-05T00:00:00.000000,1,50.07,BUY
CVX,2023-05-08T00:00:00.000000,1,50.07,BUY
CVX,2023-05-09T00:00:00.000000,1,50.07,BUY
CVX,2023-05-10T00:00:00.000000,0,46.44,SELL
CVX,2023-05-11T00:00:00.000000,0,44.32,SELL
CVX,2023-05-12T00:00:00.000000,0,44.32,SELL
CVX,2023-05-15T00:00:00.000000,0,44.32,SELL
CVX,2023-05-16T00:00:00.000000,0,44.32,SELL
CVX,2023-05-17T00:00:00.000000,0,44.32,SELL
CVX,2023-05-18T00:00:00.000000,0,44.32,SELL
CVX,2023-05-19T00:00:00.000000,0,44.9,SELL
CVX,2023-05-22T00:00:00.000000,0,46.44,SELL
CVX,2023-05-23T00:00:00.000000,0,46.44,SELL
CVX,2023-05-24T00:00:00.000000,0,46.44,SELL
CVX,2023-05-25T00:00:00.000000,0,44.32,SELL
CVX,2023-05-26T00:00:00.000000,0,46.44,SELL
CVX,2023-05-30T00:00:00.000000,0,46.44,SELL
CVX,2023-05-31T00:00:00.000000,0,46.44,SELL
CVX,2023-06-01T00:00:00.000000,0,44.32,SELL
CVX,2023-06-02T00:00:00.000000,0,46.44,SELL
CVX,2023-06-05T00:00:00.000000,0,46.44,SELL
CVX,2023-06-06T00:00:00.000000,0,46.44,SELL
CVX,2023-06-07T00:00:00.000000,0,44.9,SELL
CVX,2023-06-08T00:00:00.000000,0,44.32,SELL
CVX,2023-06-09T00:00:00.000000,0,44.32,SELL
CVX,2023-06-12T00:00:00.000000,0,44.32,SELL
CVX,2023-06-13T00:00:00.000000,0,44.32,SELL
CVX,2023-06-14T00:00:00.000000,0,44.32,SELL
CVX,2023-06-15T00:00:00.000000,0,44.32,SELL
CVX,2023-06-16T00:00:00.000000,0,44.32,SELL
CVX,2023-06-20T00:00:00.000000,0,44.32,SELL
CVX,2023-06-21T00:00:00.000000,0,44.32,SELL
CVX,2023-06-22T00:00:00.000000,0,44.32,SELL
CVX,2023-06-23T00:00:00.000000,0,44.32,SELL
CVX,2023-06-26T00:00:00.000000,0,44.32,SELL
CVX,2023-06-27T00:00:00.000000,0,44.32,SELL
CVX,2023-06-28T00:00:00.000000,0,44.32,SELL
CVX,2023-06-29T00:00:00.000000,0,44.32,SELL
CVX,2023-06-30T00:00:00.000000,0,44.32,SELL
CVX,2023-07-03T00:00:00.000000,0,44.32,SELL
CVX,2023-07-05T00:00:00.000000,0,44.32,SELL
CVX,2023-07-06T00:00:00.000000,0,44.32,SELL
CVX,2023-07-07T00:00:00.000000,0,44.32,SELL
CVX,2023-07-10T00:00:00.000000,0,44.32,SELL
CVX,2023-07-11T00:00:00.000000,0,44.32,SELL
CVX,2023-07-12T00:00:00.000000,0,44.32,SELL
CVX,2023-07-13T00:00:00.000000,0,44.32,SELL
CVX,2023-07-14T00:00:00.000000,0,44.32,SELL
CVX,2023-07-17T00:00:00.000000,0,44.32,SELL
CVX,2023-07-18T00:00:00.000000,0,44.32,SELL
CVX,2023-07-19T00:00:00.000000,0,44.32,SELL
CVX,2023-07-20T00:00:00.000000,0,44.32,SELL
CVX,2023-07-21T00:00:00.000000,0,44.32,SELL
CVX,2023-07-24T00:00:00.000000,0,44.32,SELL
CVX,2023-07-25T00:00:00.000000,0,44.32,SELL
CVX,2023-07-26T00:00:00.000000,0,44.32,SELL
CVX,2023-07-27T00:00:00.000000,0,44.32,SELL
CVX,2023-07-28T00:00:00.000000,0,44.32,SELL
CVX,2023-07-31T00:00:00.000000,0,44.32,SELL
CVX,2023-08-01T00:00:00.000000,0,44.32,SELL
CVX,2023-08-02T00:00:00.000000,0,44.32,SELL
CVX,2023-08-03T00:00:00.000000,0,44.32,SELL
CVX,2023-08-04T00:00:00.000000,0,44.32,SELL
CVX,2023-08-07T00:00:00.000000,0,44.32,SELL
CVX,2023-08-08T00:00:00.000000,0,44.32,SELL
CVX,2023-08-09T00:00:00.000000,0,46.44,SELL
CVX,2023-08-10T00:00:00.000000,0,46.44,SELL
CVX,2023-08-11T00:00:00.000000,0,46.44,SELL
CVX,2023-08-14T00:00:00.000000,0,46.44,SELL
CVX,2023-08-15T00:00:00.000000,1,50.07,BUY
CVX,2023-08-16T00:00:00.000000,1,50.07,BUY
CVX,2023-08-17T00:00:00.000000,1,50.07,BUY
CVX,2023-08-18T00:00:00.000000,1,50.07,BUY
CVX,2023-08-21T00:00:00.000000,1,50.07,BUY
CVX,2023-08-22T00:00:00.000000,1,50.07,BUY
CVX,2023-08-23T00:00:00.000000,1,51.22,BUY
CVX,2023-08-24T00:00:00.000000,1,51.22,BUY
CVX,2023-08-25T00:00:00.000000,1,51.22,BUY
CVX,2023-08-28T00:00:00.000000,1,51.22,BUY
CVX,2023-08-29T00:00:00.000000,1,51.22,BUY
CVX,2023-08-30T00:00:00.000000,1,51.22,BUY
CVX,2023-08-31T00:00:00.000000,1,51.22,BUY
CVX,2023-09-01T00:00:00.000000,1,51.15,BUY
CVX,2023-09-05T00:00:00.000000,1,50.07,BUY
CVX,2023-09-06T00:00:00.000000,0,46.44,SELL
CVX,2023-09-07T00:00:00.000000,0,44.32,SELL
CVX,2023-09-08T00:00:00.000000,0,44.32,SELL
CVX,2023-09-11T00:00:00.000000,0,44.32,SELL
CVX,2023-09-12T00:00:00.000000,0,44.32,SELL
CVX,2023-09-13T00:00:00.000000,0,44.32,SELL
CVX,2023-09-14T00:00:00.000000,0,44.32,SELL
CVX,2023-09-15T00:00:00.000000,0,44.32,SELL
CVX,2023-09-18T00:00:00.000000,0,44.32,SELL
CVX,2023-09-19T00:00:00.000000,0,44.9,SELL
CVX,2023-09-20T00:00:00.000000,0,46.44,SELL
CVX,2023-09-21T00:00:00.000000,0,46.44,SELL
CVX,2023-09-22T00:00:00.000000,0,46.44,SELL
CVX,2023-09-25T00:00:00.000000,1,47.54,BUY
CVX,2023-09-26T00:00:00.000000,0,46.44,SELL
CVX,2023-09-27T00:00:00.000000,1,50.0,BUY
CVX,2023-09-28T00:00:00.000000,1,50.07,BUY
CVX,2023-09-29T00:00:00.000000,1,50.07,BUY
CVX,2023-10-02T00:00:00.000000,1,50.07,BUY
CVX,2023-10-03T00:00:00.000000,1,51.22,BUY
CVX,2023-10-04T00:00:00.000000,1,51.22,BUY
CVX,2023-10-05T00:00:00.000000,1,51.22,BUY
CVX,2023-10-06T00:00:00.000000,1,50.07,BUY
CVX,2023-10-09T00:00:00.000000,0,47.54,SELL
CVX,2023-10-10T00:00:00.000000,0,47.54,SELL
CVX,2023-10-11T00:00:00.000000,0,46.44,SELL
CVX,2023-10-12T00:00:00.000000,0,44.9,SELL
CVX,2023-10-13T00:00:00.000000,0,44.32,SELL
CVX,2023-10-16T00:00:00.000000,0,44.32,SELL
CVX,2023-10-17T00:00:00.000000,0,44.32,SELL
CVX,2023-10-18T00:00:00.000000,0,44.32,SELL
CVX,2023-10-19T00:00:00.000000,0,44.32,SELL
CVX,2023-10-20T00:00:00.000000,0,44.32,SELL
CVX,2023-10-23T00:00:00.000000,0,44.32,SELL
CVX,2023-10-24T00:00:00.000000,0,46.44,SELL
CVX,2023-10-25T00:00:00.000000,1,50.07,BUY
CVX,2023-10-26T00:00:00.000000,0,46.44,SELL
CVX,2023-10-27T00:00:00.000000,0,46.44,SELL
CVX,2023-10-30T00:00:00.000000,0,46.44,SELL
CVX,2023-10-31T00:00:00.000000,0,47.54,SELL
CVX,2023-11-01T00:00:00.000000,1,47.54,BUY
CVX,2023-11-02T00:00:00.000000,0,44.32,SELL
CVX,2023-11-03T00:00:00.000000,0,44.32,SELL
CVX,2023-11-06T00:00:00.000000,0,43.6,SELL
CVX,2023-11-07T00:00:00.000000,0,41.9,SELL
CVX,2023-11-08T00:00:00.000000,0,41.9,SELL
CVX,2023-11-09T00:00:00.000000,0,41.9,SELL
CVX,2023-11-10T00:00:00.000000,0,41.9,SELL
CVX,2023-11-13T00:00:00.000000,0,41.67,SELL
CVX,2023-11-14T00:00:00.000000,0,41.9,SELL
CVX,2023-11-15T00:00:00.000000,0,41.83,SELL
CVX,2023-11-16T00:00:00.000000,0,41.9,SELL
CVX,2023-11-17T00:00:00.000000,0,41.9,SELL
CVX,2023-11-20T00:00:00.000000,0,41.9,SELL
CVX,2023-11-21T00:00:00.000000,0,41.9,SELL
CVX,2023-11-22T00:00:00.000000,0,43.59,SELL
CVX,2023-11-24T00:00:00.000000,0,43.59,SELL
CVX,2023-11-27T00:00:00.000000,0,41.9,SELL
CVX,2023-11-28T00:00:00.000000,0,41.9,SELL
CVX,2023-11-29T00:00:00.000000,0,43.59,SELL
CVX,2023-11-30T00:00:00.000000,0,43.59,SELL
CVX,2023-12-01T00:00:00.000000,0,43.59,SELL
CVX,2023-12-04T00:00:00.000000,0,43.6,SELL
CVX,2023-12-05T00:00:00.000000,0,43.6,SELL
CVX,2023-12-06T00:00:00.000000,0,44.32,SELL
CVX,2023-12-07T00:00:00.000000,0,44.32,SELL
CVX,2023-12-08T00:00:00.000000,0,44.32,SELL
CVX,2023-12-11T00:00:00.000000,0,44.32,SELL
CVX,2023-12-12T00:00:00.000000,0,44.32,SELL
CVX,2023-12-13T00:00:00.000000,0,44.32,SELL
CVX,2023-12-14T00:00:00.000000,0,44.32,SELL
CVX,2023-12-15T00:00:00.000000,0,43.6,SELL
CVX,2023-12-18T00:00:00.000000,0,43.6,SELL
CVX,2023-12-19T00:00:00.000000,0,43.6,SELL
CVX,2023-12-20T00:00:00.000000,0,43.59,SELL
CVX,2023-12-21T00:00:00.000000,0,43.59,SELL
CVX,2023-12-22T00:00:00.000000,0,43.59,SELL
CVX,2023-12-26T00:00:00.000000,0,43.6,SELL
CVX,2023-12-27T00:00:00.000000,0,43.6,SELL
CVX,2023-12-28T00:00:00.000000,0,43.6,SELL
CVX,2023-12-29T00:00:00.000000,0,43.6,SELL
CVX,2024-01-02T00:00:00.000000,0,44.32,SELL
CVX,2024-01-03T00:00:00.000000,0,44.32,SELL
CVX,2024-01-04T00:00:00.000000,0,44.32,SELL
CVX,2024-01-05T00:00:00.000000,0,44.32,SELL
CVX,2024-01-08T00:00:00.000000,0,44.32,SELL
CVX,2024-01-09T00:00:00.000000,0,44.32,SELL
CVX,2024-01-10T00:00:00.000000,0,44.32,SELL
CVX,2024-01-11T00:00:00.000000,0,46.44,SELL
CVX,2024-01-12T00:00:00.000000,0,47.54,SELL
CVX,2024-01-16T00:00:00.000000,1,50.07,BUY
CVX,2024-01-17T00:00:00.000000,1,50.0,BUY
CVX,2024-01-18T00:00:00.000000,0,46.44,SELL
CVX,2024-01-19T00:00:00.000000,0,46.44,SELL
CVX,2024-01-22T00:00:00.000000,0,44.32,SELL
CVX,2024-01-23T00:00:00.000000,0,44.32,SELL
CVX,2024-01-24T00:00:00.000000,0,44.32,SELL
CVX,2024-01-25T00:00:00.000000,0,43.6,SELL
CVX,2024-01-26T00:00:00.000000,0,43.6,SELL
CVX,2024-01-29T00:00:00.000000,0,43.6,SELL
CVX,2024-01-30T00:00:00.000000,0,43.6,SELL
CVX,2024-01-31T00:00:00.000000,0,43.59,SELL
CVX,2024-02-01T00:00:00.000000,0,43.59,SELL
CVX,2024-02-02T00:00:00.000000,0,43.6,SELL
CVX,2024-02-05T00:00:00.000000,0,44.32,SELL
CVX,2024-02-06T00:00:00.000000,0,44.32,SELL
CVX,2024-02-07T00:00:00.000000,0,44.32,SELL
CVX,2024-02-08T00:00:00.000000,0,46.44,SELL
CVX,2024-02-09T00:00:00.000000,1,50.07,BUY
CVX,2024-02-12T00:00:00.000000,1,51.22,BUY
CVX,2024-02-13T00:00:00.000000,1,51.22,BUY
CVX,2024-02-14T00:00:00.000000,1,51.22,BUY
CVX,2024-02-15T00:00:00.000000,1,51.22,BUY
CVX,2024-02-16T00:00:00.000000,1,51.22,BUY
CVX,2024-02-20T00:00:00.000000,1,51.22,BUY
CVX,2024-02-21T00:00:00.000000,1,51.22,BUY
CVX,2024-02-22T00:00:00.000000,1,51.22,BUY
CVX,2024-02-23T00:00:00.000000,1,51.22,BUY
CVX,2024-02-26T00:00:00.000000,1,50.07,BUY
CVX,2024-02-27T00:00:00.000000,1,50.07,BUY
CVX,2024-02-28T00:00:00.000000,0,46.44,SELL
CVX,2024-02-29T00:00:00.000000,0,44.32,SELL
CVX,2024-03-01T00:00:00.000000,0,44.32,SELL
CVX,2024-03-04T00:00:00.000000,0,44.32,SELL
CVX,2024-03-05T00:00:00.000000,0,44.32,SELL
CVX,2024-03-06T00:00:00.000000,0,44.32,SELL
CVX,2024-03-07T00:00:00.000000,0,44.32,SELL
CVX,2024-03-08T00:00:00.000000,0,44.32,SELL
CVX,2024-03-11T00:00:00.000000,0,44.32,SELL
CVX,2024-03-12T00:00:00.000000,0,44.32,SELL
CVX,2024-03-13T00:00:00.000000,0,44.32,SELL
CVX,2024-03-14T00:00:00.000000,0,44.32,SELL
CVX,2024-03-15T00:00:00.000000,0,44.32,SELL
CVX,2024-03-18T00:00:00.000000,0,44.32,SELL
CVX,2024-03-19T00:00:00.000000,0,44.32,SELL
CVX,2024-03-20T00:00:00.000000,0,44.32,SELL
CVX,2024-03-21T00:00:00.000000,0,43.6,SELL
CVX,2024-03-22T00:00:00.000000,0,43.6,SELL
CVX,2024-03-25T00:00:00.000000,0,43.6,SELL
CVX,2024-03-26T00:00:00.000000,0,43.6,SELL
CVX,2024-03-27T00:00:00.000000,0,44.32,SELL
CVX,2024-03-28T00:00:00.000000,0,44.32,SELL
CVX,2024-04-01T00:00:00.000000,0,44.32,SELL
CVX,2024-04-02T00:00:00.000000,0,44.32,SELL
CVX,2024-04-03T00:00:00.000000,0,44.32,SELL
CVX,2024-04-04T00:00:00.000000,0,44.32,SELL
CVX,2024-04-05T00:00:00.000000,0,44.32,SELL
CVX,2024-04-08T00:00:00.000000,0,44.32,SELL
CVX,2024-04-09T00:00:00.000000,0,44.32,SELL
CVX,2024-04-10T00:00:00.000000,0,44.32,SELL
CVX,2024-04-11T00:00:00.000000,0,44.32,SELL
CVX,2024-04-12T00:00:00.000000,0,46.44,SELL
CVX,2024-04-15T00:00:00.000000,1,50.07,BUY
CVX,2024-04-16T00:00:00.000000,1,50.07,BUY
CVX,2024-04-17T00:00:00.000000,1,51.22,BUY
CVX,2024-04-18T00:00:00.000000,1,51.22,BUY
CVX,2024-04-19T00:00:00.000000,1,51.22,BUY
CVX,2024-04-22T00:00:00.000000,1,51.22,BUY
CVX,2024-04-23T00:00:00.000000,1,51.22,BUY
CVX,2024-04-24T00:00:00.000000,1,51.22,BUY
CVX,2024-04-25T00:00:00.000000,1,51.22,BUY
CVX,2024-04-26T00:00:00.000000,1,51.22,BUY
CVX,2024-04-29T00:00:00.000000,1,51.22,BUY
CVX,2024-04-30T00:00:00.000000,1,51.22,BUY
CVX,2024-05-01T00:00:00.000000,1,51.22,BUY
CVX,2024-05-02T00:00:00.000000,1,51.22,BUY
CVX,2024-05-03T00:00:00.000000,1,51.22,BUY
CVX,2024-05-06T00:00:00.000000,1,51.22,BUY
CVX,2024-05-07T00:00:00.000000,1,51.22,BUY
CVX,2024-05-08T00:00:00.000000,1,51.22,BUY
CVX,2024-05-09T00:00:00.000000,1,51.22,BUY
CVX,2024-05-10T00:00:00.000000,1,51.22,BUY
CVX,2024-05-13T00:00:00.000000,1,51.22,BUY
CVX,2024-05-14T00:00:00.000000,1,51.22,BUY
CVX,2024-05-15T00:00:00.000000,1,51.22,BUY
CVX,2024-05-16T00:00:00.000000,1,50.07,BUY
CVX,2024-05-17T00:00:00.000000,0,46.44,SELL
CVX,2024-05-20T00:00:00.000000,0,44.32,SELL
CVX,2024-05-21T00:00:00.000000,0,44.32,SELL
CVX,2024-05-22T00:00:00.000000,0,44.32,SELL
CVX,2024-05-23T00:00:00.000000,0,44.32,SELL
CVX,2024-05-24T00:00:00.000000,1,47.54,BUY
CVX,2024-05-28T00:00:00.000000,1,50.07,BUY
CVX,2024-05-29T00:00:00.000000,1,50.07,BUY
CVX,2024-05-30T00:00:00.000000,1,50.07,BUY
CVX,2024-05-31T00:00:00.000000,1,50.07,BUY
CVX,2024-06-03T00:00:00.000000,1,50.07,BUY
CVX,2024-06-04T00:00:00.000000,1,51.15,BUY
CVX,2024-06-05T00:00:00.000000,1,51.22,BUY
CVX,2024-06-06T00:00:00.000000,1,51.22,BUY
CVX,2024-06-07T00:00:00.000000,1,51.15,BUY
CVX,2024-06-10T00:00:00.000000,1,50.07,BUY
CVX,2024-06-11T00:00:00.000000,1,50.07,BUY
CVX,2024-06-12T00:00:00.000000,1,50.07,BUY
CVX,2024-06-13T00:00:00.000000,1,50.0,BUY
CVX,2024-06-14T00:00:00.000000,1,50.0,BUY
CVX,2024-06-17T00:00:00.000000,1,50.07,BUY
CVX,2024-06-18T00:00:00.000000,0,46.44,SELL
CVX,2024-06-20T00:00:00.000000,0,44.9,SELL
CVX,2024-06-21T00:00:00.000000,0,44.32,SELL
CVX,2024-06-24T00:00:00.000000,0,44.32,SELL
CVX,2024-06-25T00:00:00.000000,0,44.32,SELL
CVX,2024-06-26T00:00:00.000000,0,44.32,SELL
CVX,2024-06-27T00:00:00.000000,0,44.32,SELL
CVX,2024-06-28T00:00:00.000000,0,44.32,SELL
CVX,2024-07-01T00:00:00.000000,0,44.32,SELL
CVX,2024-07-02T00:00:00.000000,0,44.32,SELL
CVX,2024-07-03T00:00:00.000000,0,44.32,SELL
CVX,2024-07-05T00:00:00.000000,0,44.32,SELL
CVX,2024-07-08T00:00:00.000000,0,44.32,SELL
CVX,2024-07-09T00:00:00.000000,0,44.32,SELL
CVX,2024-07-10T00:00:00.000000,0,44.32,SELL
CVX,2024-07-11T00:00:00.000000,0,44.32,SELL
CVX,2024-07-12T00:00:00.000000,0,44.32,SELL
CVX,2024-07-15T00:00:00.000000,0,44.32,SELL
CVX,2024-07-16T00:00:00.000000,0,44.32,SELL
CVX,2024-07-17T00:00:00.000000,0,43.6,SELL
CVX,2024-07-18T00:00:00.000000,0,43.59,SELL
CVX,2024-07-19T00:00:00.000000,0,43.59,SELL
CVX,2024-07-22T00:00:00.000000,0,41.9,SELL
CVX,2024-07-23T00:00:00.000000,0,43.59,SELL
CVX,2024-07-24T00:00:00.000000,0,43.59,SELL
CVX,2024-07-25T00:00:00.000000,0,43.6,SELL
CVX,2024-07-26T00:00:00.000000,0,44.32,SELL
CVX,2024-07-29T00:00:00.000000,0,44.32,SELL
CVX,2024-07-30T00:00:00.000000,0,44.32,SELL
CVX,2024-07-31T00:00:00.000000,0,46.44,SELL
CVX,2024-08-01T00:00:00.000000,1,50.07,BUY
CVX,2024-08-02T00:00:00.000000,1,50.07,BUY
CVX,2024-08-05T00:00:00.000000,1,51.15,BUY
CVX,2024-08-06T00:00:00.000000,1,50.07,BUY
CVX,2024-08-07T00:00:00.000000,0,46.44,SELL
CVX,2024-08-08T00:00:00.000000,0,44.32,SELL
CVX,2024-08-09T00:00:00.000000,0,44.32,SELL
CVX,2024-08-12T00:00:00.000000,0,44.32,SELL
CVX,2024-08-13T00:00:00.000000,0,44.32,SELL
CVX,2024-08-14T00:00:00.000000,0,43.6,SELL
CVX,2024-08-15T00:00:00.000000,0,43.6,SELL
CVX,2024-08-16T00:00:00.000000,0,43.59,SELL
CVX,2024-08-19T00:00:00.000000,0,41.9,SELL
CVX,2024-08-20T00:00:00.000000,0,41.9,SELL
CVX,2024-08-21T00:00:00.000000,0,41.9,SELL
CVX,2024-08-22T00:00:00.000000,0,43.59,SELL
CVX,2024-08-23T00:00:00.000000,0,43.59,SELL
CVX,2024-08-26T00:00:00.000000,0,41.9,SELL
CVX,2024-08-27T00:00:00.000000,0,41.9,SELL
CVX,2024-08-28T00:00:00.000000,0,41.9,SELL
CVX,2024-08-29T00:00:00.000000,0,43.59,SELL
CVX,2024-08-30T00:00:00.000000,0,43.59,SELL
CVX,2024-09-03T00:00:00.000000,0,43.6,SELL
CVX,2024-09-04T00:00:00.000000,0,44.32,SELL
CVX,2024-09-05T00:00:00.000000,0,44.32,SELL
CVX,2024-09-06T00:00:00.000000,0,44.32,SELL
CVX,2024-09-09T00:00:00.000000,0,44.32,SELL
CVX,2024-09-10T00:00:00.000000,0,44.32,SELL
CVX,2024-09-11T00:00:00.000000,1,47.54,BUY
CVX,2024-09-12T00:00:00.000000,1,50.07,BUY
CVX,2024-09-13T00:00:00.000000,1,50.07,BUY
CVX,2024-09-16T00:00:00.000000,1,50.07,BUY
CVX,2024-09-17T00:00:00.000000,1,50.07,BUY
CVX,2024-09-18T00:00:00.000000,1,50.0,BUY
CVX,2024-09-19T00:00:00.000000,0,44.9,SELL
CVX,2024-09-20T00:00:00.000000,0,44.32,SELL
CVX,2024-09-23T00:00:00.000000,0,44.32,SELL
CVX,2024-09-24T00:00:00.000000,0,43.6,SELL
CVX,2024-09-25T00:00:00.000000,0,43.6,SELL
CVX,2024-09-26T00:00:00.000000,0,43.6,SELL
CVX,2024-09-27T00:00:00.000000,0,43.6,SELL
CVX,2024-09-30T00:00:00.000000,0,43.6,SELL
CVX,2024-10-01T00:00:00.000000,0,44.32,SELL
CVX,2024-10-02T00:00:00.000000,0,44.32,SELL
CVX,2024-10-03T00:00:00.000000,0,44.32,SELL
CVX,2024-10-04T00:00:00.000000,0,44.32,SELL
CVX,2024-10-07T00:00:00.000000,0,44.32,SELL
CVX,2024-10-08T00:00:00.000000,0,44.32,SELL
CVX,2024-10-09T00:00:00.000000,0,44.9,SELL
CVX,2024-10-10T00:00:00.000000,0,46.44,SELL
CVX,2024-10-11T00:00:00.000000,0,44.9,SELL
CVX,2024-10-14T00:00:00.000000,0,46.44,SELL
CVX,2024-10-15T00:00:00.000000,0,47.54,SELL
CVX,2024-10-16T00:00:00.000000,1,50.07,BUY
CVX,2024-10-17T00:00:00.000000,1,50.07,BUY
CVX,2024-10-18T00:00:00.000000,1,50.07,BUY
CVX,2024-10-21T00:00:00.000000,1,50.07,BUY
CVX,2024-10-22T00:00:00.000000,1,50.07,BUY
CVX,2024-10-23T00:00:00.000000,1,50.07,BUY
CVX,2024-10-24T00:00:00.000000,1,50.07,BUY
CVX,2024-10-25T00:00:00.000000,1,50.07,BUY
CVX,2024-10-28T00:00:00.000000,1,50.07,BUY
CVX,2024-10-29T00:00:00.000000,1,51.22,BUY
CVX,2024-10-30T00:00:00.000000,1,51.15,BUY
CVX,2024-10-31T00:00:00.000000,1,50.07,BUY
CVX,2024-11-01T00:00:00.000000,1,51.15,BUY
CVX,2024-11-04T00:00:00.000000,1,51.22,BUY
CVX,2024-11-05T00:00:00.000000,1,51.22,BUY
CVX,2024-11-06T00:00:00.000000,1,51.22,BUY
CVX,2024-11-07T00:00:00.000000,1,50.07,BUY
CVX,2024-11-08T00:00:00.000000,1,50.07,BUY
CVX,2024-11-11T00:00:00.000000,0,46.44,SELL
CVX,2024-11-12T00:00:00.000000,0,46.44,SELL
CVX,2024-11-13T00:00:00.000000,0,44.9,SELL
CVX,2024-11-14T00:00:00.000000,0,44.32,SELL
CVX,2024-11-15T00:00:00.000000,0,44.32,SELL
CVX,2024-11-18T00:00:00.000000,0,44.32,SELL
CVX,2024-11-19T00:00:00.000000,0,44.32,SELL
CVX,2024-11-20T00:00:00.000000,0,44.32,SELL
CVX,2024-11-21T00:00:00.000000,0,46.44,SELL
CVX,2024-11-22T00:00:00.000000,0,46.44,SELL
CVX,2024-11-25T00:00:00.000000,0,46.44,SELL
CVX,2024-11-26T00:00:00.000000,0,46.44,SELL
CVX,2024-11-27T00:00:00.000000,0,46.44,SELL
CVX,2024-11-29T00:00:00.000000,0,46.44,SELL
CVX,2024-12-02T00:00:00.000000,0,46.44,SELL
CVX,2024-12-03T00:00:00.000000,0,46.44,SELL
CVX,2024-12-04T00:00:00.000000,0,46.44,SELL
CVX,2024-12-05T00:00:00.000000,0,46.44,SELL
CVX,2024-12-06T00:00:00.000000,0,44.32,SELL
CVX,2024-12-09T00:00:00.000000,0,44.9,SELL
CVX,2024-12-10T00:00:00.000000,0,44.9,SELL
CVX,2024-12-11T00:00:00.000000,0,44.9,SELL
CVX,2024-12-12T00:00:00.000000,0,44.9,SELL
CVX,2024-12-13T00:00:00.000000,0,44.32,SELL
CVX,2024-12-16T00:00:00.000000,0,44.32,SELL
CVX,2024-12-17T00:00:00.000000,0,44.32,SELL
CVX,2024-12-18T00:00:00.000000,0,44.32,SELL
CVX,2024-12-19T00:00:00.000000,0,44.32,SELL
CVX,2024-12-20T00:00:00.000000,0,44.32,SELL
DIA,2023-02-21T00:00:00.000000,1,51.22,BUY
DIA,2023-02-22T00:00:00.000000,1,51.22,BUY
DIA,2023-02-23T00:00:00.000000,1,51.22,BUY
DIA,2023-02-24T00:00:00.000000,1,51.22,BUY
DIA,2023-02-27T00:00:00.000000,1,51.22,BUY
DIA,2023-02-28T00:00:00.000000,1,51.22,BUY
DIA,2023-03-01T00:00:00.000000,1,51.22,BUY
DIA,2023-03-02T00:00:00.000000,1,51.22,BUY
DIA,2023-03-03T00:00:00.000000,1,51.22,BUY
DIA,2023-03-06T00:00:00.000000,1,51.22,BUY
DIA,2023-03-07T00:00:00.000000,1,51.22,BUY
DIA,2023-03-08T00:00:00.000000,1,51.22,BUY
DIA,2023-03-09T00:00:00.000000,1,51.22,BUY
DIA,2023-03-10T00:00:00.000000,1,51.22,BUY
DIA,2023-03-13T00:00:00.000000,1,51.22,BUY
DIA,2023-03-14T00:00:00.000000,1,51.22,BUY
DIA,2023-03-15T00:00:00.000000,1,51.22,BUY
DIA,2023-03-16T00:00:00.000000,1,51.22,BUY
DIA,2023-03-17T00:00:00.000000,1,51.22,BUY
DIA,2023-03-20T00:00:00.000000,1,51.22,BUY
DIA,2023-03-21T00:00:00.000000,1,51.22,BUY
DIA,2023-03-22T00:00:00.000000,1,51.22,BUY
DIA,2023-03-23T00:00:00.000000,1,51.22,BUY
DIA,2023-03-24T00:00:00.000000,1,51.22,BUY
DIA,2023-03-27T00:00:00.000000,1,50.07,BUY
DIA,2023-03-28T00:00:00.000000,1,50.07,BUY
DIA,2023-03-29T00:00:00.000000,1,50.0,BUY
DIA,2023-03-30T00:00:00.000000,1,50.0,BUY
DIA,2023-03-31T00:00:00.000000,1,50.07,BUY
DIA,2023-04-03T00:00:00.000000,0,46.44,SELL
DIA,2023-04-04T00:00:00.000000,0,46.44,SELL
DIA,2023-04-05T00:00:00.000000,0,46.44,SELL
DIA,2023-04-06T00:00:00.000000,0,44.32,SELL
DIA,2023-04-10T00:00:00.000000,0,44.32,SELL
DIA,2023-04-11T00:00:00.000000,0,44.32,SELL
DIA,2023-04-12T00:00:00.000000,0,46.44,SELL
DIA,2023-04-13T00:00:00.000000,0,46.44,SELL
DIA,2023-04-14T00:00:00.000000,1,50.07,BUY
DIA,2023-04-17T00:00:00.000000,1,50.07,BUY
DIA,2023-04-18T00:00:00.000000,1,51.22,BUY
DIA,2023-04-19T00:00:00.000000,1,51.22,BUY
DIA,2023-04-20T00:00:00.000000,1,51.22,BUY
DIA,2023-04-21T00:00:00.000000,1,51.22,BUY
DIA,2023-04-24T00:00:00.000000,1,51.22,BUY
DIA,2023-04-25T00:00:00.000000,1,51.22,BUY
DIA,2023-04-26T00:00:00.000000,1,51.22,BUY
DIA,2023-04-27T00:00:00.000000,1,51.22,BUY
DIA,2023-04-28T00:00:00.000000,1,51.22,BUY
DIA,2023-05-01T00:00:00.000000,1,51.22,BUY
DIA,2023-05-02T00:00:00.000000,1,51.22,BUY
DIA,2023-05-03T00:00:00.000000,1,51.22,BUY
DIA,2023-05-04T00:00:00.000000,1,51.22,BUY
DIA,2023-05-05T00:00:00.000000,1,51.22,BUY
DIA,2023-05-08T00:00:00.000000,1,51.22,BUY
DIA,2023-05-09T00:00:00.000000,1,51.22,BUY
DIA,2023-05-10T00:00:00.000000,1,51.22,BUY
DIA,2023-05-11T00:00:00.000000,1,51.22,BUY
DIA,2023-05-12T00:00:00.000000,1,51.22,BUY
DIA,2023-05-15T00:00:00.000000,1,51.22,BUY
DIA,2023-05-16T00:00:00.000000,1,51.22,BUY
DIA,2023-05-17T00:00:00.000000,1,51.22,BUY
DIA,2023-05-18T00:00:00.000000,1,51.22,BUY
DIA,2023-05-19T00:00:00.000000,1,51.22,BUY
DIA,2023-05-22T00:00:00.000000,1,51.22,BUY
DIA,2023-05-23T00:00:00.000000,1,51.22,BUY
DIA,2023-05-24T00:00:00.000000,1,51.22,BUY
DIA,2023-05-25T00:00:00.000000,1,51.22,BUY
DIA,2023-05-26T00:00:00.000000,1,51.22,BUY
DIA,2023-05-30T00:00:00.000000,1,51.22,BUY
DIA,2023-05-31T00:00:00.000000,1,51.22,BUY
DIA,2023-06-01T00:00:00.000000,1,51.22,BUY
DIA,2023-06-02T00:00:00.000000,1,51.22,BUY
DIA,2023-06-05T00:00:00.000000,1,51.22,BUY
DIA,2023-06-06T00:00:00.000000,1,51.22,BUY
DIA,2023-06-07T00:00:00.000000,1,51.22,BUY
DIA,2023-06-08T00:00:00.000000,1,51.22,BUY
DIA,2023-06-09T00:00:00.000000,1,51.22,BUY
DIA,2023-06-12T00:00:00.000000,1,50.07,BUY
DIA,2023-06-13T00:00:00.000000,1,50.07,BUY
DIA,2023-06-14T00:00:00.000000,1,50.07,BUY
DIA,2023-06-15T00:00:00.000000,1,50.07,BUY
DIA,2023-06-16T00:00:00.000000,1,50.07,BUY
DIA,2023-06-20T00:00:00.000000,1,51.22,BUY
DIA,2023-06-21T00:00:00.000000,1,51.22,BUY
DIA,2023-06-22T00:00:00.000000,1,51.22,BUY
DIA,2023-06-23T00:00:00.000000,1,51.22,BUY
DIA,2023-06-26T00:00:00.000000,1,51.22,BUY
DIA,2023-06-27T00:00:00.000000,1,51.22,BUY
DIA,2023-06-28T00:00:00.000000,1,51.22,BUY
DIA,2023-06-29T00:00:00.000000,1,51.22,BUY
DIA,2023-06-30T00:00:00.000000,1,51.22,BUY
DIA,2023-07-03T00:00:00.000000,1,51.22,BUY
DIA,2023-07-05T00:00:00.000000,1,51.22,BUY
DIA,2023-07-06T00:00:00.000000,1,51.22,BUY
DIA,2023-07-07T00:00:00.000000,1,51.22,BUY
DIA,2023-07-10T00:00:00.000000,1,51.22,BUY
DIA,2023-07-11T00:00:00.000000,1,50.07,BUY
DIA,2023-07-12T00:00:00.000000,1,50.07,BUY
DIA,2023-07-13T00:00:00.000000,1,50.07,BUY
DIA,2023-07-14T00:00:00.000000,1,50.07,BUY
DIA,2023-07-17T00:00:00.000000,1,50.07,BUY
DIA,2023-07-18T00:00:00.000000,1,50.0,BUY
DIA,2023-07-19T00:00:00.000000,1,50.0,BUY
DIA,2023-07-20T00:00:00.000000,0,46.44,SELL
DIA,2023-07-21T00:00:00.000000,0,44.32,SELL
DIA,2023-07-24T00:00:00.000000,0,44.32,SELL
DIA,2023-07-25T00:00:00.000000,0,44.32,SELL
DIA,2023-07-26T00:00:00.000000,0,44.32,SELL
DIA,2023-07-27T00:00:00.000000,0,44.32,SELL
DIA,2023-07-28T00:00:00.000000,0,46.44,SELL
DIA,2023-07-31T00:00:00.000000,0,47.54,SELL
DIA,2023-08-01T00:00:00.000000,1,50.07,BUY
DIA,2023-08-02T00:00:00.000000,1,50.07,BUY
DIA,2023-08-03T00:00:00.000000,1,51.15,BUY
DIA,2023-08-04T00:00:00.000000,1,50.07,BUY
DIA,2023-08-07T00:00:00.000000,1,50.07,BUY
DIA,2023-08-08T00:00:00.000000,1,50.07,BUY
DIA,2023-08-09T00:00:00.000000,1,50.07,BUY
DIA,2023-08-10T00:00:00.000000,1,50.07,BUY
DIA,2023-08-11T00:00:00.000000,1,50.07,BUY
DIA,2023-08-14T00:00:00.000000,1,50.07,BUY
DIA,2023-08-15T00:00:00.000000,1,50.07,BUY
DIA,2023-08-16T00:00:00.000000,1,51.22,BUY
DIA,2023-08-17T00:00:00.000000,1,51.22,BUY
DIA,2023-08-18T00:00:00.000000,1,51.22,BUY
DIA,2023-08-21T00:00:00.000000,1,51.22,BUY
DIA,2023-08-22T00:00:00.000000,1,51.22,BUY
DIA,2023-08-23T00:00:00.000000,1,51.22,BUY
DIA,2023-08-24T00:00:00.000000,1,51.22,BUY
DIA,2023-08-25T00:00:00.000000,1,51.22,BUY
DIA,2023-08-28T00:00:00.000000,1,50.07,BUY
DIA,2023-08-29T00:00:00.000000,1,50.07,BUY
DIA,2023-08-30T00:00:00.000000,1,50.07,BUY
DIA,2023-08-31T00:00:00.000000,0,44.9,SELL
DIA,2023-09-01T00:00:00.000000,0,44.32,SELL
DIA,2023-09-05T00:00:00.000000,0,44.32,SELL
DIA,2023-09-06T00:00:00.000000,0,44.32,SELL
DIA,2023-09-07T00:00:00.000000,0,44.32,SELL
DIA,2023-09-08T00:00:00.000000,0,44.32,SELL
DIA,2023-09-11T00:00:00.000000,0,44.32,SELL
DIA,2023-09-12T00:00:00.000000,0,44.32,SELL
DIA,2023-09-13T00:00:00.000000,0,44.32,SELL
DIA,2023-09-14T00:00:00.000000,0,44.32,SELL
DIA,2023-09-15T00:00:00.000000,0,44.32,SELL
DIA,2023-09-18T00:00:00.000000,0,44.32,SELL
DIA,2023-09-19T00:00:00.000000,0,44.32,SELL
DIA,2023-09-20T00:00:00.000000,0,44.32,SELL
DIA,2023-09-21T00:00:00.000000,0,44.9,SELL
DIA,2023-09-22T00:00:00.000000,0,46.44,SELL
DIA,2023-09-25T00:00:00.000000,0,46.44,SELL
DIA,2023-09-26T00:00:00.000000,1,50.07,BUY
DIA,2023-09-27T00:00:00.000000,1,50.07,BUY
DIA,2023-09-28T00:00:00.000000,1,51.22,BUY
DIA,2023-09-29T00:00:00.000000,1,51.22,BUY
DIA,2023-10-02T00:00:00.000000,1,51.22,BUY
DIA,2023-10-03T00:00:00.000000,1,51.22,BUY
DIA,2023-10-04T00:00:00.000000,1,51.22,BUY
DIA,2023-10-05T00:00:00.000000,1,51.22,BUY
DIA,2023-10-06T00:00:00.000000,1,50.07,BUY
DIA,2023-10-09T00:00:00.000000,1,50.0,BUY
DIA,2023-10-10T00:00:00.000000,0,46.44,SELL
DIA,2023-10-11T00:00:00.000000,0,44.32,SELL
DIA,2023-10-12T00:00:00.000000,0,44.32,SELL
DIA,2023-10-13T00:00:00.000000,0,44.32,SELL
DIA,2023-10-16T00:00:00.000000,0,44.32,SELL
DIA,2023-10-17T00:00:00.000000,0,44.32,SELL
DIA,2023-10-18T00:00:00.000000,0,44.32,SELL
DIA,2023-10-19T00:00:00.000000,0,44.32,SELL
DIA,2023-10-20T00:00:00.000000,0,44.32,SELL
DIA,2023-10-23T00:00:00.000000,0,46.44,SELL
DIA,2023-10-24T00:00:00.000000,1,50.07,BUY
DIA,2023-10-25T00:00:00.000000,1,50.07,BUY
DIA,2023-10-26T00:00:00.000000,1,51.22,BUY
DIA,2023-10-27T00:00:00.000000,1,51.22,BUY
DIA,2023-10-30T00:00:00.000000,1,51.22,BUY
DIA,2023-10-31T00:00:00.000000,1,51.22,BUY
DIA,2023-11-01T00:00:00.000000,1,51.22,BUY
DIA,2023-11-02T00:00:00.000000,1,51.22,BUY
DIA,2023-11-03T00:00:00.000000,1,51.22,BUY
DIA,2023-11-06T00:00:00.000000,1,51.22,BUY
DIA,2023-11-07T00:00:00.000000,1,51.22,BUY
DIA,2023-11-08T00:00:00.000000,1,51.22,BUY
DIA,2023-11-09T00:00:00.000000,1,50.07,BUY
DIA,2023-11-10T00:00:00.000000,0,44.32,SELL
DIA,2023-11-13T00:00:00.000000,0,44.32,SELL
DIA,2023-11-14T00:00:00.000000,0,44.32,SELL
DIA,2023-11-15T00:00:00.000000,0,44.32,SELL
DIA,2023-11-16T00:00:00.000000,0,44.32,SELL
DIA,2023-11-17T00:00:00.000000,0,44.32,SELL
DIA,2023-11-20T00:00:00.000000,0,44.32,SELL
DIA,2023-11-21T00:00:00.000000,0,44.32,SELL
DIA,2023-11-22T00:00:00.000000,0,46.44,SELL
DIA,2023-11-24T00:00:00.000000,0,46.44,SELL
DIA,2023-11-27T00:00:00.000000,0,46.44,SELL
DIA,2023-11-28T00:00:00.000000,0,44.9,SELL
DIA,2023-11-29T00:00:00.000000,0,44.9,SELL
DIA,2023-11-30T00:00:00.000000,0,46.44,SELL
DIA,2023-12-01T00:00:00.000000,0,46.44,SELL
DIA,2023-12-04T00:00:00.000000,1,50.07,BUY
DIA,2023-12-05T00:00:00.000000,1,50.07,BUY
DIA,2023-12-06T00:00:00.000000,1,51.22,BUY
DIA,2023-12-07T00:00:00.000000,1,51.22,BUY
DIA,2023-12-08T00:00:00.000000,1,51.22,BUY
DIA,2023-12-11T00:00:00.000000,1,51.22,BUY
DIA,2023-12-12T00:00:00.000000,1,51.22,BUY
DIA,2023-12-13T00:00:00.000000,1,51.22,BUY
DIA,2023-12-14T00:00:00.000000,1,51.22,BUY
DIA,2023-12-15T00:00:00.000000,1,51.22,BUY
DIA,2023-12-18T00:00:00.000000,1,51.22,BUY
DIA,2023-12-19T00:00:00.000000,1,51.22,BUY
DIA,2023-12-20T00:00:00.000000,1,51.22,BUY
DIA,2023-12-21T00:00:00.000000,1,51.22,BUY
DIA,2023-12-22T00:00:00.000000,1,51.22,BUY
DIA,2023-12-26T00:00:00.000000,1,51.22,BUY
DIA,2023-12-27T00:00:00.000000,1,51.22,BUY
DIA,2023-12-28T00:00:00.000000,1,51.22,BUY
DIA,2023-12-29T00:00:00.000000,1,51.22,BUY
DIA,2024-01-02T00:00:00.000000,1,51.22,BUY
DIA,2024-01-03T00:00:00.000000,1,51.22,BUY
DIA,2024-01-04T00:00:00.000000,1,51.22,BUY
DIA,2024-01-05T00:00:00.000000,1,51.22,BUY
DIA,2024-01-08T00:00:00.000000,1,51.22,BUY
DIA,2024-01-09T00:00:00.000000,1,51.22,BUY
DIA,2024-01-10T00:00:00.000000,1,51.22,BUY
DIA,2024-01-11T00:00:00.000000,1,51.22,BUY
DIA,2024-01-12T00:00:00.000000,1,51.22,BUY
DIA,2024-01-16T00:00:00.000000,1,51.22,BUY
DIA,2024-01-17T00:00:00.000000,1,51.22,BUY
DIA,2024-01-18T00:00:00.000000,1,51.22,BUY
DIA,2024-01-19T00:00:00.000000,1,51.22,BUY
DIA,2024-01-22T00:00:00.000000,1,51.22,BUY
DIA,2024-01-23T00:00:00.000000,1,51.22,BUY
DIA,2024-01-24T00:00:00.000000,1,51.22,BUY
DIA,2024-01-25T00:00:00.000000,1,51.22,BUY
DIA,2024-01-26T00:00:00.000000,1,51.22,BUY
DIA,2024-01-29T00:00:00.000000,1,51.22,BUY
DIA,2024-01-30T00:00:00.000000,1,50.07,BUY
DIA,2024-01-31T00:00:00.000000,1,50.07,BUY
DIA,2024-02-01T00:00:00.000000,1,50.0,BUY
DIA,2024-02-02T00:00:00.000000,0,46.44,SELL
DIA,2024-02-05T00:00:00.000000,1,47.54,BUY
DIA,2024-02-06T00:00:00.000000,1,50.07,BUY
DIA,2024-02-07T00:00:00.000000,1,50.07,BUY
DIA,2024-02-08T00:00:00.000000,1,51.15,BUY
DIA,2024-02-09T00:00:00.000000,1,51.22,BUY
DIA,2024-02-12T00:00:00.000000,1,51.22,BUY
DIA,2024-02-13T00:00:00.000000,1,51.22,BUY
DIA,2024-02-14T00:00:00.000000,1,51.22,BUY
DIA,2024-02-15T00:00:00.000000,1,51.22,BUY
DIA,2024-02-16T00:00:00.000000,1,51.22,BUY
DIA,2024-02-20T00:00:00.000000,1,51.22,BUY
DIA,2024-02-21T00:00:00.000000,1,51.22,BUY
DIA,2024-02-22T00:00:00.000000,1,51.22,BUY
DIA,2024-02-23T00:00:00.000000,1,51.22,BUY
DIA,2024-02-26T00:00:00.000000,1,51.22,BUY
DIA,2024-02-27T00:00:00.000000,1,51.22,BUY
DIA,2024-02-28T00:00:00.000000,1,51.22,BUY
DIA,2024-02-29T00:00:00.000000,1,51.22,BUY
DIA,2024-03-01T00:00:00.000000,1,51.22,BUY
DIA,2024-03-04T00:00:00.000000,1,51.22,BUY
DIA,2024-03-05T00:00:00.000000,1,51.22,BUY
DIA,2024-03-06T00:00:00.000000,1,51.22,BUY
DIA,2024-03-07T00:00:00.000000,1,51.22,BUY
DIA,2024-03-08T00:00:00.000000,1,51.22,BUY
DIA,2024-03-11T00:00:00.000000,1,51.22,BUY
DIA,2024-03-12T00:00:00.000000,1,51.22,BUY
DIA,2024-03-13T00:00:00.000000,1,51.22,BUY
DIA,2024-03-14T00:00:00.000000,1,51.22,BUY
DIA,2024-03-15T00:00:00.000000,1,51.22,BUY
DIA,2024-03-18T00:00:00.000000,1,51.22,BUY
DIA,2024-03-19T00:00:00.000000,1,51.22,BUY
DIA,2024-03-20T00:00:00.000000,1,50.07,BUY
DIA,2024-03-21T00:00:00.000000,1,50.07,BUY
DIA,2024-03-22T00:00:00.000000,1,50.07,BUY
DIA,2024-03-25T00:00:00.000000,1,50.07,BUY
DIA,2024-03-26T00:00:00.000000,1,50.07,BUY
DIA,2024-03-27T00:00:00.000000,1,50.07,BUY
DIA,2024-03-28T00:00:00.000000,1,50.07,BUY
DIA,2024-04-01T00:00:00.000000,0,46.44,SELL
DIA,2024-04-02T00:00:00.000000,0,46.44,SELL
DIA,2024-04-03T00:00:00.000000,0,44.32,SELL
DIA,2024-04-04T00:00:00.000000,0,44.32,SELL
DIA,2024-04-05T00:00:00.000000,0,44.32,SELL
DIA,2024-04-08T00:00:00.000000,0,46.44,SELL
DIA,2024-04-09T00:00:00.000000,1,50.0,BUY
DIA,2024-04-10T00:00:00.000000,1,50.0,BUY
DIA,2024-04-11T00:00:00.000000,1,50.0,BUY
DIA,2024-04-12T00:00:00.000000,1,50.07,BUY
DIA,2024-04-15T00:00:00.000000,1,50.07,BUY
DIA,2024-04-16T00:00:00.000000,1,51.15,BUY
DIA,2024-04-17T00:00:00.000000,1,51.22,BUY
DIA,2024-04-18T00:00:00.000000,1,51.22,BUY
DIA,2024-04-19T00:00:00.000000,1,51.22,BUY
DIA,2024-04-22T00:00:00.000000,1,51.22,BUY
DIA,2024-04-23T00:00:00.000000,1,51.22,BUY
DIA,2024-04-24T00:00:00.000000,1,51.22,BUY
DIA,2024-04-25T00:00:00.000000,1,51.22,BUY
DIA,2024-04-26T00:00:00.000000,1,51.22,BUY
DIA,2024-04-29T00:00:00.000000,1,50.07,BUY
DIA,2024-04-30T00:00:00.000000,1,50.07,BUY
DIA,2024-05-01T00:00:00.000000,1,50.07,BUY
DIA,2024-05-02T00:00:00.000000,1,50.0,BUY
DIA,2024-05-03T00:00:00.000000,1,47.54,BUY
DIA,2024-05-06T00:00:00.000000,1,50.07,BUY
DIA,2024-05-07T00:00:00.000000,1,50.07,BUY
DIA,2024-05-08T00:00:00.000000,1,51.22,BUY
DIA,2024-05-09T00:00:00.000000,1,51.22,BUY
DIA,2024-05-10T00:00:00.000000,1,51.22,BUY
DIA,2024-05-13T00:00:00.000000,1,51.22,BUY
DIA,2024-05-14T00:00:00.000000,1,51.22,BUY
DIA,2024-05-15T00:00:00.000000,1,50.07,BUY
DIA,2024-05-16T00:00:00.000000,1,50.07,BUY
DIA,2024-05-17T00:00:00.000000,1,50.07,BUY
DIA,2024-05-20T00:00:00.000000,1,50.07,BUY
DIA,2024-05-21T00:00:00.000000,1,50.07,BUY
DIA,2024-05-22T00:00:00.000000,1,50.07,BUY
DIA,2024-05-23T00:00:00.000000,1,51.22,BUY
DIA,2024-05-24T00:00:00.000000,1,51.22,BUY
DIA,2024-05-28T00:00:00.000000,1,51.22,BUY
DIA,2024-05-29T00:00:00.000000,1,51.22,BUY
DIA,2024-05-30T00:00:00.000000,1,51.22,BUY
DIA,2024-05-31T00:00:00.000000,1,51.22,BUY
DIA,2024-06-03T00:00:00.000000,1,51.22,BUY
DIA,2024-06-04T00:00:00.000000,1,51.22,BUY
DIA,2024-06-05T00:00:00.000000,1,51.22,BUY
DIA,2024-06-06T00:00:00.000000,1,51.22,BUY
DIA,2024-06-07T00:00:00.000000,1,51.22,BUY
DIA,2024-06-10T00:00:00.000000,1,51.22,BUY
DIA,2024-06-11T00:00:00.000000,1,51.22,BUY
DIA,2024-06-12T00:00:00.000000,1,51.22,BUY
DIA,2024-06-13T00:00:00.000000,1,51.22,BUY
DIA,2024-06-14T00:00:00.000000,1,51.22,BUY
DIA,2024-06-17T00:00:00.000000,1,51.22,BUY
DIA,2024-06-18T00:00:00.000000,1,51.22,BUY
DIA,2024-06-20T00:00:00.000000,1,51.22,BUY
DIA,2024-06-21T00:00:00.000000,1,51.22,BUY
DIA,2024-06-24T00:00:00.000000,1,51.22,BUY
DIA,2024-06-25T00:00:00.000000,1,51.22,BUY
DIA,2024-06-26T00:00:00.000000,1,51.22,BUY
DIA,2024-06-27T00:00:00.000000,1,51.22,BUY
DIA,2024-06-28T00:00:00.000000,1,51.22,BUY
DIA,2024-07-01T00:00:00.000000,1,51.22,BUY
DIA,2024-07-02T00:00:00.000000,1,51.22,BUY
DIA,2024-07-03T00:00:00.000000,1,51.22,BUY
DIA,2024-07-05T00:00:00.000000,1,51.22,BUY
DIA,2024-07-08T00:00:00.000000,1,51.22,BUY
DIA,2024-07-09T00:00:00.000000,1,51.22,BUY
DIA,2024-07-10T00:00:00.000000,1,51.22,BUY
DIA,2024-07-11T00:00:00.000000,1,51.22,BUY
DIA,2024-07-12T00:00:00.000000,1,51.22,BUY
DIA,2024-07-15T00:00:00.000000,1,51.22,BUY
DIA,2024-07-16T00:00:00.000000,1,51.22,BUY
DIA,2024-07-17T00:00:00.000000,1,51.22,BUY
DIA,2024-07-18T00:00:00.000000,1,51.22,BUY
DIA,2024-07-19T00:00:00.000000,1,51.22,BUY
DIA,2024-07-22T00:00:00.000000,1,51.22,BUY
DIA,2024-07-23T00:00:00.000000,1,51.22,BUY
DIA,2024-07-24T00:00:00.000000,1,51.22,BUY
DIA,2024-07-25T00:00:00.000000,1,51.22,BUY
DIA,2024-07-26T00:00:00.000000,1,51.22,BUY
DIA,2024-07-29T00:00:00.000000,1,51.22,BUY
DIA,2024-07-30T00:00:00.000000,1,51.22,BUY
DIA,2024-07-31T00:00:00.000000,1,51.22,BUY
DIA,2024-08-01T00:00:00.000000,1,51.22,BUY
DIA,2024-08-02T00:00:00.000000,1,51.22,BUY
DIA,2024-08-05T00:00:00.000000,1,51.22,BUY
DIA,2024-08-06T00:00:00.000000,1,51.22,BUY
DIA,2024-08-07T00:00:00.000000,1,51.22,BUY
DIA,2024-08-08T00:00:00.000000,1,51.22,BUY
DIA,2024-08-09T00:00:00.000000,1,51.22,BUY
DIA,2024-08-12T00:00:00.000000,1,51.22,BUY
DIA,2024-08-13T00:00:00.000000,1,51.22,BUY
DIA,2024-08-14T00:00:00.000000,1,51.22,BUY
DIA,2024-08-15T00:00:00.000000,1,51.22,BUY
DIA,2024-08-16T00:00:00.000000,1,51.22,BUY
DIA,2024-08-19T00:00:00.000000,1,51.22,BUY
DIA,2024-08-20T00:00:00.000000,1,51.22,BUY
DIA,2024-08-21T00:00:00.000000,1,50.07,BUY
DIA,2024-08-22T00:00:00.000000,0,44.32,SELL
DIA,2024-08-23T00:00:00.000000,0,44.32,SELL
DIA,2024-08-26T00:00:00.000000,0,44.32,SELL
DIA,2024-08-27T00:00:00.000000,0,44.32,SELL
DIA,2024-08-28T00:00:00.000000,0,44.32,SELL
DIA,2024-08-29T00:00:00.000000,0,44.9,SELL
DIA,2024-08-30T00:00:00.000000,0,47.54,SELL
DIA,2024-09-03T00:00:00.000000,1,50.07,BUY
DIA,2024-09-04T00:00:00.000000,1,50.07,BUY
DIA,2024-09-05T00:00:00.000000,1,51.22,BUY
DIA,2024-09-06T00:00:00.000000,1,51.22,BUY
DIA,2024-09-09T00:00:00.000000,1,51.22,BUY
DIA,2024-09-10T00:00:00.000000,1,51.22,BUY
DIA,2024-09-11T00:00:00.000000,1,51.22,BUY
DIA,2024-09-12T00:00:00.000000,1,51.22,BUY
DIA,2024-09-13T00:00:00.000000,1,51.22,BUY
DIA,2024-09-16T00:00:00.000000,1,51.22,BUY
DIA,2024-09-17T00:00:00.000000,1,51.22,BUY
DIA,2024-09-18T00:00:00.000000,1,51.22,BUY
DIA,2024-09-19T00:00:00.000000,1,51.22,BUY
DIA,2024-09-20T00:00:00.000000,1,51.22,BUY
DIA,2024-09-23T00:00:00.000000,1,51.22,BUY
DIA,2024-09-24T00:00:00.000000,1,51.22,BUY
DIA,2024-09-25T00:00:00.000000,1,51.22,BUY
DIA,2024-09-26T00:00:00.000000,1,51.22,BUY
DIA,2024-09-27T00:00:00.000000,1,50.07,BUY
DIA,2024-09-30T00:00:00.000000,1,51.15,BUY
DIA,2024-10-01T00:00:00.000000,1,51.22,BUY
DIA,2024-10-02T00:00:00.000000,1,51.22,BUY
DIA,2024-10-03T00:00:00.000000,1,51.22,BUY
DIA,2024-10-04T00:00:00.000000,1,51.22,BUY
DIA,2024-10-07T00:00:00.000000,1,51.22,BUY
DIA,2024-10-08T00:00:00.000000,1,51.22,BUY
DIA,2024-10-09T00:00:00.000000,1,51.22,BUY
DIA,2024-10-10T00:00:00.000000,1,51.22,BUY
DIA,2024-10-11T00:00:00.000000,1,51.22,BUY
DIA,2024-10-14T00:00:00.000000,1,51.22,BUY
DIA,2024-10-15T00:00:00.000000,1,51.22,BUY
DIA,2024-10-16T00:00:00.000000,1,51.22,BUY
DIA,2024-10-17T00:00:00.000000,1,51.22,BUY
DIA,2024-10-18T00:00:00.000000,1,51.22,BUY
DIA,2024-10-21T00:00:00.000000,1,51.22,BUY
DIA,2024-10-22T00:00:00.000000,1,51.22,BUY
DIA,2024-10-23T00:00:00.000000,1,51.22,BUY
DIA,2024-10-24T00:00:00.000000,1,51.22,BUY
DIA,2024-10-25T00:00:00.000000,1,51.22,BUY
DIA,2024-10-28T00:00:00.000000,1,51.22,BUY
DIA,2024-10-29T00:00:00.000000,1,51.22,BUY
DIA,2024-10-30T00:00:00.000000,1,51.22,BUY
DIA,2024-10-31T00:00:00.000000,1,51.22,BUY
DIA,2024-11-01T00:00:00.000000,1,51.22,BUY
DIA,2024-11-04T00:00:00.000000,1,51.22,BUY
DIA,2024-11-05T00:00:00.000000,1,51.22,BUY
DIA,2024-11-06T00:00:00.000000,1,51.22,BUY
DIA,2024-11-07T00:00:00.000000,1,51.22,BUY
DIA,2024-11-08T00:00:00.000000,1,51.22,BUY
DIA,2024-11-11T00:00:00.000000,1,51.22,BUY
DIA,2024-11-12T00:00:00.000000,1,51.22,BUY
DIA,2024-11-13T00:00:00.000000,1,51.22,BUY
DIA,2024-11-14T00:00:00.000000,1,50.07,BUY
DIA,2024-11-15T00:00:00.000000,1,50.07,BUY
DIA,2024-11-18T00:00:00.000000,1,50.0,BUY
DIA,2024-11-19T00:00:00.000000,0,46.44,SELL
DIA,2024-11-20T00:00:00.000000,0,46.44,SELL
DIA,2024-11-21T00:00:00.000000,1,50.07,BUY
DIA,2024-11-22T00:00:00.000000,1,50.07,BUY
DIA,2024-11-25T00:00:00.000000,1,51.22,BUY
DIA,2024-11-26T00:00:00.000000,1,51.22,BUY
DIA,2024-11-27T00:00:00.000000,1,50.07,BUY
DIA,2024-11-29T00:00:00.000000,1,50.07,BUY
DIA,2024-12-02T00:00:00.000000,1,50.07,BUY
DIA,2024-12-03T00:00:00.000000,1,50.07,BUY
DIA,2024-12-04T00:00:00.000000,1,47.54,BUY
DIA,2024-12-05T00:00:00.000000,1,50.0,BUY
DIA,2024-12-06T00:00:00.000000,1,50.07,BUY
DIA,2024-12-09T00:00:00.000000,1,50.07,BUY
DIA,2024-12-10T00:00:00.000000,1,50.07,BUY
DIA,2024-12-11T00:00:00.000000,1,51.22,BUY
DIA,2024-12-12T00:00:00.000000,1,51.22,BUY
DIA,2024-12-13T00:00:00.000000,1,51.22,BUY
DIA,2024-12-16T00:00:00.000000,1,51.22,BUY
DIA,2024-12-17T00:00:00.000000,1,51.22,BUY
DIA,2024-12-18T00:00:00.000000,1,51.22,BUY
DIA,2024-12-19T00:00:00.000000,1,51.22,BUY
DIA,2024-12-20T00:00:00.000000,1,51.22,BUY
GLD,2023-02-21T00:00:00.000000,0,44.32,SELL
GLD,2023-02-22T00:00:00.000000,0,44.32,SELL
GLD,2023-02-23T00:00:00.000000,0,44.32,SELL
GLD,2023-02-24T00:00:00.000000,0,46.44,SELL
GLD,2023-02-27T00:00:00.000000,0,44.9,SELL
GLD,2023-02-28T00:00:00.000000,0,46.44,SELL
GLD,2023-03-01T00:00:00.000000,1,50.0,BUY
GLD,2023-03-02T00:00:00.000000,1,50.07,BUY
GLD,2023-03-03T00:00:00.000000,1,51.22,BUY
GLD,2023-03-06T00:00:00.000000,1,51.15,BUY
GLD,2023-03-07T00:00:00.000000,1,51.22,BUY
GLD,2023-03-08T00:00:00.000000,1,50.07,BUY
GLD,2023-03-09T00:00:00.000000,1,50.07,BUY
GLD,2023-03-10T00:00:00.000000,0,46.44,SELL
GLD,2023-03-13T00:00:00.000000,0,46.44,SELL
GLD,2023-03-14T00:00:00.000000,1,50.0,BUY
GLD,2023-03-15T00:00:00.000000,1,50.07,BUY
GLD,2023-03-16T00:00:00.000000,1,50.07,BUY
GLD,2023-03-17T00:00:00.000000,1,51.22,BUY
GLD,2023-03-20T00:00:00.000000,1,51.22,BUY
GLD,2023-03-21T00:00:00.000000,1,51.22,BUY
GLD,2023-03-22T00:00:00.000000,1,51.22,BUY
GLD,2023-03-23T00:00:00.000000,1,51.22,BUY
GLD,2023-03-24T00:00:00.000000,1,51.22,BUY
GLD,2023-03-27T00:00:00.000000,1,51.22,BUY
GLD,2023-03-28T00:00:00.000000,1,51.22,BUY
GLD,2023-03-29T00:00:00.000000,1,51.22,BUY
GLD,2023-03-30T00:00:00.000000,1,51.22,BUY
GLD,2023-03-31T00:00:00.000000,1,51.22,BUY
GLD,2023-04-03T00:00:00.000000,1,51.22,BUY
GLD,2023-04-04T00:00:00.000000,1,51.22,BUY
GLD,2023-04-05T00:00:00.000000,1,51.22,BUY
GLD,2023-04-06T00:00:00.000000,1,50.07,BUY
GLD,2023-04-10T00:00:00.000000,0,46.44,SELL
GLD,2023-04-11T00:00:00.000000,0,44.9,SELL
GLD,2023-04-12T00:00:00.000000,0,44.32,SELL
GLD,2023-04-13T00:00:00.000000,0,44.32,SELL
GLD,2023-04-14T00:00:00.000000,0,44.32,SELL
GLD,2023-04-17T00:00:00.000000,0,44.32,SELL
GLD,2023-04-18T00:00:00.000000,0,44.32,SELL
GLD,2023-04-19T00:00:00.000000,0,44.32,SELL
GLD,2023-04-20T00:00:00.000000,1,50.0,BUY
GLD,2023-04-21T00:00:00.000000,1,50.07,BUY
GLD,2023-04-24T00:00:00.000000,1,51.15,BUY
GLD,2023-04-25T00:00:00.000000,1,51.22,BUY
GLD,2023-04-26T00:00:00.000000,1,51.22,BUY
GLD,2023-04-27T00:00:00.000000,1,51.22,BUY
GLD,2023-04-28T00:00:00.000000,1,51.22,BUY
GLD,2023-05-01T00:00:00.000000,1,51.22,BUY
GLD,2023-05-02T00:00:00.000000,1,51.22,BUY
GLD,2023-05-03T00:00:00.000000,1,51.22,BUY
GLD,2023-05-04T00:00:00.000000,1,51.22,BUY
GLD,2023-05-05T00:00:00.000000,1,51.22,BUY
GLD,2023-05-08T00:00:00.000000,1,51.22,BUY
GLD,2023-05-09T00:00:00.000000,1,51.22,BUY
GLD,2023-05-10T00:00:00.000000,1,51.22,BUY
GLD,2023-05-11T00:00:00.000000,1,51.22,BUY
GLD,2023-05-12T00:00:00.000000,1,51.22,BUY
GLD,2023-05-15T00:00:00.000000,1,51.22,BUY
GLD,2023-05-16T00:00:00.000000,1,51.22,BUY
GLD,2023-05-17T00:00:00.000000,1,51.22,BUY
GLD,2023-05-18T00:00:00.000000,1,51.22,BUY
GLD,2023-05-19T00:00:00.000000,1,51.22,BUY
GLD,2023-05-22T00:00:00.000000,1,51.22,BUY
GLD,2023-05-23T00:00:00.000000,1,51.22,BUY
GLD,2023-05-24T00:00:00.000000,1,51.22,BUY
GLD,2023-05-25T00:00:00.000000,1,51.22,BUY
GLD,2023-05-26T00:00:00.000000,1,51.22,BUY
GLD,2023-05-30T00:00:00.000000,1,50.07,BUY
GLD,2023-05-31T00:00:00.000000,1,50.07,BUY
GLD,2023-06-01T00:00:00.000000,0,46.44,SELL
GLD,2023-06-02T00:00:00.000000,0,46.44,SELL
GLD,2023-06-05T00:00:00.000000,0,44.32,SELL
GLD,2023-06-06T00:00:00.000000,0,44.32,SELL
GLD,2023-06-07T00:00:00.000000,0,44.32,SELL
GLD,2023-06-08T00:00:00.000000,0,44.32,SELL
GLD,2023-06-09T00:00:00.000000,0,44.32,SELL
GLD,2023-06-12T00:00:00.000000,0,43.6,SELL
GLD,2023-06-13T00:00:00.000000,0,43.59,SELL
GLD,2023-06-14T00:00:00.000000,0,42.29,SELL
GLD,2023-06-15T00:00:00.000000,0,41.9,SELL
GLD,2023-06-16T00:00:00.000000,0,41.9,SELL
GLD,2023-06-20T00:00:00.000000,0,41.9,SELL
GLD,2023-06-21T00:00:00.000000,0,41.9,SELL
GLD,2023-06-22T00:00:00.000000,0,41.9,SELL
GLD,2023-06-23T00:00:00.000000,0,41.9,SELL
GLD,2023-06-26T00:00:00.000000,0,41.9,SELL
GLD,2023-06-27T00:00:00.000000,0,41.9,SELL
GLD,2023-06-28T00:00:00.000000,0,43.59,SELL
GLD,2023-06-29T00:00:00.000000,0,43.6,SELL
GLD,2023-06-30T00:00:00.000000,0,43.6,SELL
GLD,2023-07-03T00:00:00.000000,0,44.32,SELL
GLD,2023-07-05T00:00:00.000000,0,44.32,SELL
GLD,2023-07-06T00:00:00.000000,0,44.32,SELL
GLD,2023-07-07T00:00:00.000000,0,44.32,SELL
GLD,2023-07-10T00:00:00.000000,0,43.6,SELL
GLD,2023-07-11T00:00:00.000000,0,43.6,SELL
GLD,2023-07-12T00:00:00.000000,0,43.6,SELL
GLD,2023-07-13T00:00:00.000000,0,43.6,SELL
GLD,2023-07-14T00:00:00.000000,0,43.6,SELL
GLD,2023-07-17T00:00:00.000000,0,43.6,SELL
GLD,2023-07-18T00:00:00.000000,0,43.6,SELL
GLD,2023-07-19T00:00:00.000000,0,43.6,SELL
GLD,2023-07-20T00:00:00.000000,0,43.6,SELL
GLD,2023-07-21T00:00:00.000000,0,43.6,SELL
GLD,2023-07-24T00:00:00.000000,0,43.59,SELL
GLD,2023-07-25T00:00:00.000000,0,43.59,SELL
GLD,2023-07-26T00:00:00.000000,0,43.59,SELL
GLD,2023-07-27T00:00:00.000000,0,43.6,SELL
GLD,2023-07-28T00:00:00.000000,0,43.6,SELL
GLD,2023-07-31T00:00:00.000000,0,43.6,SELL
GLD,2023-08-01T00:00:00.000000,0,44.32,SELL
GLD,2023-08-02T00:00:00.000000,0,44.32,SELL
GLD,2023-08-03T00:00:00.000000,0,44.32,SELL
GLD,2023-08-04T00:00:00.000000,0,44.32,SELL
GLD,2023-08-07T00:00:00.000000,0,44.32,SELL
GLD,2023-08-08T00:00:00.000000,0,44.32,SELL
GLD,2023-08-09T00:00:00.000000,0,44.32,SELL
GLD,2023-08-10T00:00:00.000000,0,44.32,SELL
GLD,2023-08-11T00:00:00.000000,0,44.32,SELL
GLD,2023-08-14T00:00:00.000000,0,46.44,SELL
GLD,2023-08-15T00:00:00.000000,0,46.44,SELL
GLD,2023-08-16T00:00:00.000000,0,46.44,SELL
GLD,2023-08-17T00:00:00.000000,0,44.32,SELL
GLD,2023-08-18T00:00:00.000000,0,44.32,SELL
GLD,2023-08-21T00:00:00.000000,0,44.32,SELL
GLD,2023-08-22T00:00:00.000000,0,44.32,SELL
GLD,2023-08-23T00:00:00.000000,0,44.32,SELL
GLD,2023-08-24T00:00:00.000000,0,44.32,SELL
GLD,2023-08-25T00:00:00.000000,0,43.6,SELL
GLD,2023-08-28T00:00:00.000000,0,43.6,SELL
GLD,2023-08-29T00:00:00.000000,0,43.6,SELL
GLD,2023-08-30T00:00:00.000000,0,43.6,SELL
GLD,2023-08-31T00:00:00.000000,0,43.6,SELL
GLD,2023-09-01T00:00:00.000000,0,43.59,SELL
GLD,2023-09-05T00:00:00.000000,0,43.59,SELL
GLD,2023-09-06T00:00:00.000000,0,43.6,SELL
GLD,2023-09-07T00:00:00.000000,0,43.6,SELL
GLD,2023-09-08T00:00:00.000000,0,43.6,SELL
GLD,2023-09-11T00:00:00.000000,0,43.6,SELL
GLD,2023-09-12T00:00:00.000000,0,43.6,SELL
GLD,2023-09-13T00:00:00.000000,0,43.6,SELL
GLD,2023-09-14T00:00:00.000000,0,44.32,SELL
GLD,2023-09-15T00:00:00.000000,0,44.32,SELL
GLD,2023-09-18T00:00:00.000000,0,44.32,SELL
GLD,2023-09-19T00:00:00.000000,0,44.32,SELL
GLD,2023-09-20T00:00:00.000000,0,44.32,SELL
GLD,2023-09-21T00:00:00.000000,0,44.32,SELL
GLD,2023-09-22T00:00:00.000000,0,44.32,SELL
GLD,2023-09-25T00:00:00.000000,0,44.32,SELL
GLD,2023-09-26T00:00:00.000000,0,44.32,SELL
GLD,2023-09-27T00:00:00.000000,0,44.32,SELL
GLD,2023-09-28T00:00:00.000000,0,44.32,SELL
GLD,2023-09-29T00:00:00.000000,1,47.54,BUY
GLD,2023-10-02T00:00:00.000000,0,46.44,SELL
GLD,2023-10-03T00:00:00.000000,0,46.44,SELL
GLD,2023-10-04T00:00:00.000000,0,44.32,SELL
GLD,2023-10-05T00:00:00.000000,0,44.32,SELL
GLD,2023-10-06T00:00:00.000000,0,44.32,SELL
GLD,2023-10-09T00:00:00.000000,0,43.6,SELL
GLD,2023-10-10T00:00:00.000000,0,41.9,SELL
GLD,2023-10-11T00:00:00.000000,0,41.9,SELL
GLD,2023-10-12T00:00:00.000000,0,41.67,SELL
GLD,2023-10-13T00:00:00.000000,0,41.67,SELL
GLD,2023-10-16T00:00:00.000000,0,41.9,SELL
GLD,2023-10-17T00:00:00.000000,0,41.9,SELL
GLD,2023-10-18T00:00:00.000000,0,41.9,SELL
GLD,2023-10-19T00:00:00.000000,0,43.59,SELL
GLD,2023-10-20T00:00:00.000000,0,43.6,SELL
GLD,2023-10-23T00:00:00.000000,0,44.32,SELL
GLD,2023-10-24T00:00:00.000000,0,44.32,SELL
GLD,2023-10-25T00:00:00.000000,0,44.32,SELL
GLD,2023-10-26T00:00:00.000000,1,50.0,BUY
GLD,2023-10-27T00:00:00.000000,1,50.07,BUY
GLD,2023-10-30T00:00:00.000000,1,51.22,BUY
GLD,2023-10-31T00:00:00.000000,1,51.22,BUY
GLD,2023-11-01T00:00:00.000000,1,51.22,BUY
GLD,2023-11-02T00:00:00.000000,1,51.22,BUY
GLD,2023-11-03T00:00:00.000000,1,51.22,BUY
GLD,2023-11-06T00:00:00.000000,1,51.22,BUY
GLD,2023-11-07T00:00:00.000000,1,51.22,BUY
GLD,2023-11-08T00:00:00.000000,1,51.22,BUY
GLD,2023-11-09T00:00:00.000000,1,51.22,BUY
GLD,2023-11-10T00:00:00.000000,1,51.22,BUY
GLD,2023-11-13T00:00:00.000000,1,50.07,BUY
GLD,2023-11-14T00:00:00.000000,0,46.44,SELL
GLD,2023-11-15T00:00:00.000000,0,44.32,SELL
GLD,2023-11-16T00:00:00.000000,0,44.32,SELL
GLD,2023-11-17T00:00:00.000000,0,43.6,SELL
GLD,2023-11-20T00:00:00.000000,0,43.6,SELL
GLD,2023-11-21T00:00:00.000000,0,43.6,SELL
GLD,2023-11-22T00:00:00.000000,0,43.6,SELL
GLD,2023-11-24T00:00:00.000000,0,43.6,SELL
GLD,2023-11-27T00:00:00.000000,0,43.59,SELL
GLD,2023-11-28T00:00:00.000000,0,43.59,SELL
GLD,2023-11-29T00:00:00.000000,0,43.59,SELL
GLD,2023-11-30T00:00:00.000000,0,43.6,SELL
GLD,2023-12-01T00:00:00.000000,0,43.6,SELL
GLD,2023-12-04T00:00:00.000000,0,43.6,SELL
GLD,2023-12-05T00:00:00.000000,0,44.32,SELL
GLD,2023-12-06T00:00:00.000000,0,44.32,SELL
GLD,2023-12-07T00:00:00.000000,0,44.32,SELL
GLD,2023-12-08T00:00:00.000000,0,44.32,SELL
GLD,2023-12-11T00:00:00.000000,0,44.32,SELL
GLD,2023-12-12T00:00:00.000000,0,44.32,SELL
GLD,2023-12-13T00:00:00.000000,0,44.32,SELL
GLD,2023-12-14T00:00:00.000000,0,44.32,SELL
GLD,2023-12-15T00:00:00.000000,0,44.32,SELL
GLD,2023-12-18T00:00:00.000000,0,44.32,SELL
GLD,2023-12-19T00:00:00.000000,0,44.32,SELL
GLD,2023-12-20T00:00:00.000000,0,43.6,SELL
GLD,2023-12-21T00:00:00.000000,0,43.6,SELL
GLD,2023-12-22T00:00:00.000000,0,43.59,SELL
GLD,2023-12-26T00:00:00.000000,0,43.59,SELL
GLD,2023-12-27T00:00:00.000000,0,43.59,SELL
GLD,2023-12-28T00:00:00.000000,0,42.54,SELL
GLD,2023-12-29T00:00:00.000000,0,43.59,SELL
GLD,2024-01-02T00:00:00.000000,0,43.59,SELL
GLD,2024-01-03T00:00:00.000000,0,43.59,SELL
GLD,2024-01-04T00:00:00.000000,0,43.59,SELL
GLD,2024-01-05T00:00:00.000000,0,43.6,SELL
GLD,2024-01-08T00:00:00.000000,0,43.6,SELL
GLD,2024-01-09T00:00:00.000000,0,43.6,SELL
GLD,2024-01-10T00:00:00.000000,0,44.32,SELL
GLD,2024-01-11T00:00:00.000000,0,44.32,SELL
GLD,2024-01-12T00:00:00.000000,0,44.32,SELL
GLD,2024-01-16T00:00:00.000000,0,44.32,SELL
GLD,2024-01-17T00:00:00.000000,0,44.32,SELL
GLD,2024-01-18T00:00:00.000000,0,44.32,SELL
GLD,2024-01-19T00:00:00.000000,0,44.32,SELL
GLD,2024-01-22T00:00:00.000000,0,44.32,SELL
GLD,2024-01-23T00:00:00.000000,0,43.6,SELL
GLD,2024-01-24T00:00:00.000000,0,43.6,SELL
GLD,2024-01-25T00:00:00.000000,0,43.59,SELL
GLD,2024-01-26T00:00:00.000000,0,43.59,SELL
GLD,2024-01-29T00:00:00.000000,0,43.59,SELL
GLD,2024-01-30T00:00:00.000000,0,41.9,SELL
GLD,2024-01-31T00:00:00.000000,0,41.9,SELL
GLD,2024-02-01T00:00:00.000000,0,41.9,SELL
GLD,2024-02-02T00:00:00.000000,0,41.9,SELL
GLD,2024-02-05T00:00:00.000000,0,41.9,SELL
GLD,2024-02-06T00:00:00.000000,0,41.9,SELL
GLD,2024-02-07T00:00:00.000000,0,43.59,SELL
GLD,2024-02-08T00:00:00.000000,0,43.59,SELL
GLD,2024-02-09T00:00:00.000000,0,43.6,SELL
GLD,2024-02-12T00:00:00.000000,0,44.32,SELL
GLD,2024-02-13T00:00:00.000000,0,44.32,SELL
GLD,2024-02-14T00:00:00.000000,0,44.32,SELL
GLD,2024-02-15T00:00:00.000000,0,44.32,SELL
GLD,2024-02-16T00:00:00.000000,0,44.32,SELL
GLD,2024-02-20T00:00:00.000000,0,44.32,SELL
GLD,2024-02-21T00:00:00.000000,0,44.32,SELL
GLD,2024-02-22T00:00:00.000000,0,44.32,SELL
GLD,2024-02-23T00:00:00.000000,0,44.32,SELL
GLD,2024-02-26T00:00:00.000000,0,44.32,SELL
GLD,2024-02-27T00:00:00.000000,0,44.32,SELL
GLD,2024-02-28T00:00:00.000000,0,44.32,SELL
GLD,2024-02-29T00:00:00.000000,0,44.32,SELL
GLD,2024-03-01T00:00:00.000000,0,44.32,SELL
GLD,2024-03-04T00:00:00.000000,0,44.32,SELL
GLD,2024-03-05T00:00:00.000000,0,44.32,SELL
GLD,2024-03-06T00:00:00.000000,0,44.32,SELL
GLD,2024-03-07T00:00:00.000000,0,44.32,SELL
GLD,2024-03-08T00:00:00.000000,0,46.44,SELL
GLD,2024-03-11T00:00:00.000000,1,50.07,BUY
GLD,2024-03-12T00:00:00.000000,1,50.07,BUY
GLD,2024-03-13T00:00:00.000000,1,51.22,BUY
GLD,2024-03-14T00:00:00.000000,1,51.22,BUY
GLD,2024-03-15T00:00:00.000000,1,51.22,BUY
GLD,2024-03-18T00:00:00.000000,1,51.22,BUY
GLD,2024-03-19T00:00:00.000000,1,51.22,BUY
GLD,2024-03-20T00:00:00.000000,1,51.22,BUY
GLD,2024-03-21T00:00:00.000000,1,51.22,BUY
GLD,2024-03-22T00:00:00.000000,1,51.22,BUY
GLD,2024-03-25T00:00:00.000000,1,51.22,BUY
GLD,2024-03-26T00:00:00.000000,1,51.22,BUY
GLD,2024-03-27T00:00:00.000000,1,51.22,BUY
GLD,2024-03-28T00:00:00.000000,1,51.22,BUY
GLD,2024-04-01T00:00:00.000000,1,50.07,BUY
GLD,2024-04-02T00:00:00.000000,0,46.44,SELL
GLD,2024-04-03T00:00:00.000000,0,44.32,SELL
GLD,2024-04-04T00:00:00.000000,0,44.32,SELL
GLD,2024-04-05T00:00:00.000000,0,46.44,SELL
GLD,2024-04-08T00:00:00.000000,0,46.44,SELL
GLD,2024-04-09T00:00:00.000000,1,50.07,BUY
GLD,2024-04-10T00:00:00.000000,1,50.07,BUY
GLD,2024-04-11T00:00:00.000000,1,51.15,BUY
GLD,2024-04-12T00:00:00.000000,1,51.22,BUY
GLD,2024-04-15T00:00:00.000000,1,51.22,BUY
GLD,2024-04-16T00:00:00.000000,1,51.22,BUY
GLD,2024-04-17T00:00:00.000000,1,51.22,BUY
GLD,2024-04-18T00:00:00.000000,1,51.22,BUY
GLD,2024-04-19T00:00:00.000000,1,51.22,BUY
GLD,2024-04-22T00:00:00.000000,1,51.22,BUY
GLD,2024-04-23T00:00:00.000000,1,51.22,BUY
GLD,2024-04-24T00:00:00.000000,1,51.22,BUY
GLD,2024-04-25T00:00:00.000000,1,51.22,BUY
GLD,2024-04-26T00:00:00.000000,1,51.22,BUY
GLD,2024-04-29T00:00:00.000000,1,51.22,BUY
GLD,2024-04-30T00:00:00.000000,1,51.22,BUY
GLD,2024-05-01T00:00:00.000000,1,51.22,BUY
GLD,2024-05-02T00:00:00.000000,1,51.22,BUY
GLD,2024-05-03T00:00:00.000000,1,51.22,BUY
GLD,2024-05-06T00:00:00.000000,1,51.22,BUY
GLD,2024-05-07T00:00:00.000000,1,51.22,BUY
GLD,2024-05-08T00:00:00.000000,1,51.22,BUY
GLD,2024-05-09T00:00:00.000000,1,50.07,BUY
GLD,2024-05-10T00:00:00.000000,1,50.0,BUY
GLD,2024-05-13T00:00:00.000000,0,46.44,SELL
GLD,2024-05-14T00:00:00.000000,0,44.32,SELL
GLD,2024-05-15T00:00:00.000000,0,44.32,SELL
GLD,2024-05-16T00:00:00.000000,0,44.32,SELL
GLD,2024-05-17T00:00:00.000000,0,44.32,SELL
GLD,2024-05-20T00:00:00.000000,0,44.32,SELL
GLD,2024-05-21T00:00:00.000000,0,43.6,SELL
GLD,2024-05-22T00:00:00.000000,0,43.6,SELL
GLD,2024-05-23T00:00:00.000000,0,43.6,SELL
GLD,2024-05-24T00:00:00.000000,0,44.32,SELL
GLD,2024-05-28T00:00:00.000000,0,44.32,SELL
GLD,2024-05-29T00:00:00.000000,0,44.32,SELL
GLD,2024-05-30T00:00:00.000000,0,44.32,SELL
GLD,2024-05-31T00:00:00.000000,0,46.44,SELL
GLD,2024-06-03T00:00:00.000000,1,50.07,BUY
GLD,2024-06-04T00:00:00.000000,1,51.22,BUY
GLD,2024-06-05T00:00:00.000000,1,51.22,BUY
GLD,2024-06-06T00:00:00.000000,1,51.22,BUY
GLD,2024-06-07T00:00:00.000000,1,51.22,BUY
GLD,2024-06-10T00:00:00.000000,1,51.22,BUY
GLD,2024-06-11T00:00:00.000000,1,50.07,BUY
GLD,2024-06-12T00:00:00.000000,1,50.07,BUY
GLD,2024-06-13T00:00:00.000000,1,47.54,BUY
GLD,2024-06-14T00:00:00.000000,0,44.9,SELL
GLD,2024-06-17T00:00:00.000000,0,44.32,SELL
GLD,2024-06-18T00:00:00.000000,0,44.32,SELL
GLD,2024-06-20T00:00:00.000000,0,44.32,SELL
GLD,2024-06-21T00:00:00.000000,0,44.32,SELL
GLD,2024-06-24T00:00:00.000000,0,44.32,SELL
GLD,2024-06-25T00:00:00.000000,0,44.32,SELL
GLD,2024-06-26T00:00:00.000000,0,44.32,SELL
GLD,2024-06-27T00:00:00.000000,0,44.32,SELL
GLD,2024-06-28T00:00:00.000000,0,44.32,SELL
GLD,2024-07-01T00:00:00.000000,0,44.32,SELL
GLD,2024-07-02T00:00:00.000000,0,44.32,SELL
GLD,2024-07-03T00:00:00.000000,0,44.32,SELL
GLD,2024-07-05T00:00:00.000000,0,44.32,SELL
GLD,2024-07-08T00:00:00.000000,0,44.32,SELL
GLD,2024-07-09T00:00:00.000000,0,44.32,SELL
GLD,2024-07-10T00:00:00.000000,0,44.32,SELL
GLD,2024-07-11T00:00:00.000000,0,44.32,SELL
GLD,2024-07-12T00:00:00.000000,0,44.32,SELL
GLD,2024-07-15T00:00:00.000000,0,44.32,SELL
GLD,2024-07-16T00:00:00.000000,0,44.32,SELL
GLD,2024-07-17T00:00:00.000000,0,44.32,SELL
GLD,2024-07-18T00:00:00.000000,0,44.32,SELL
GLD,2024-07-19T00:00:00.000000,0,44.32,SELL
GLD,2024-07-22T00:00:00.000000,0,44.32,SELL
GLD,2024-07-23T00:00:00.000000,0,44.32,SELL
GLD,2024-07-24T00:00:00.000000,0,46.44,SELL
GLD,2024-07-25T00:00:00.000000,0,46.44,SELL
GLD,2024-07-26T00:00:00.000000,0,46.44,SELL
GLD,2024-07-29T00:00:00.000000,1,50.07,BUY
GLD,2024-07-30T00:00:00.000000,1,50.07,BUY
GLD,2024-07-31T00:00:00.000000,1,51.22,BUY
GLD,2024-08-01T00:00:00.000000,1,51.22,BUY
GLD,2024-08-02T00:00:00.000000,1,51.22,BUY
GLD,2024-08-05T00:00:00.000000,1,51.22,BUY
GLD,2024-08-06T00:00:00.000000,1,51.22,BUY
GLD,2024-08-07T00:00:00.000000,1,51.22,BUY
GLD,2024-08-08T00:00:00.000000,1,51.22,BUY
GLD,2024-08-09T00:00:00.000000,1,51.22,BUY
GLD,2024-08-12T00:00:00.000000,1,51.22,BUY
GLD,2024-08-13T00:00:00.000000,1,51.22,BUY
GLD,2024-08-14T00:00:00.000000,1,51.22,BUY
GLD,2024-08-15T00:00:00.000000,1,51.22,BUY
GLD,2024-08-16T00:00:00.000000,1,51.22,BUY
GLD,2024-08-19T00:00:00.000000,1,51.22,BUY
GLD,2024-08-20T00:00:00.000000,1,50.07,BUY
GLD,2024-08-21T00:00:00.000000,0,46.44,SELL
GLD,2024-08-22T00:00:00.000000,0,44.32,SELL
GLD,2024-08-23T00:00:00.000000,0,44.32,SELL
GLD,2024-08-26T00:00:00.000000,0,44.32,SELL
GLD,2024-08-27T00:00:00.000000,0,44.32,SELL
GLD,2024-08-28T00:00:00.000000,0,44.32,SELL
GLD,2024-08-29T00:00:00.000000,0,44.32,SELL
GLD,2024-08-30T00:00:00.000000,0,46.44,SELL
GLD,2024-09-03T00:00:00.000000,1,50.0,BUY
GLD,2024-09-04T00:00:00.000000,1,50.07,BUY
GLD,2024-09-05T00:00:00.000000,1,51.22,BUY
GLD,2024-09-06T00:00:00.000000,1,51.22,BUY
GLD,2024-09-09T00:00:00.000000,1,51.22,BUY
GLD,2024-09-10T00:00:00.000000,1,51.22,BUY
GLD,2024-09-11T00:00:00.000000,1,51.22,BUY
GLD,2024-09-12T00:00:00.000000,1,51.22,BUY
GLD,2024-09-13T00:00:00.000000,1,51.22,BUY
GLD,2024-09-16T00:00:00.000000,1,51.22,BUY
GLD,2024-09-17T00:00:00.000000,1,51.22,BUY
GLD,2024-09-18T00:00:00.000000,1,51.22,BUY
GLD,2024-09-19T00:00:00.000000,1,51.22,BUY
GLD,2024-09-20T00:00:00.000000,1,51.22,BUY
GLD,2024-09-23T00:00:00.000000,1,51.22,BUY
GLD,2024-09-24T00:00:00.000000,1,51.22,BUY
GLD,2024-09-25T00:00:00.000000,1,51.22,BUY
GLD,2024-09-26T00:00:00.000000,1,51.22,BUY
GLD,2024-09-27T00:00:00.000000,1,51.15,BUY
GLD,2024-09-30T00:00:00.000000,1,50.07,BUY
GLD,2024-10-01T00:00:00.000000,1,50.07,BUY
GLD,2024-10-02T00:00:00.000000,1,50.07,BUY
GLD,2024-10-03T00:00:00.000000,1,50.0,BUY
GLD,2024-10-04T00:00:00.000000,1,50.07,BUY
GLD,2024-10-07T00:00:00.000000,1,50.07,BUY
GLD,2024-10-08T00:00:00.000000,1,50.07,BUY
GLD,2024-10-09T00:00:00.000000,1,50.07,BUY
GLD,2024-10-10T00:00:00.000000,1,50.07,BUY
GLD,2024-10-11T00:00:00.000000,1,50.07,BUY
GLD,2024-10-14T00:00:00.000000,1,50.07,BUY
GLD,2024-10-15T00:00:00.000000,1,50.07,BUY
GLD,2024-10-16T00:00:00.000000,1,50.0,BUY
GLD,2024-10-17T00:00:00.000000,0,46.44,SELL
GLD,2024-10-18T00:00:00.000000,0,44.9,SELL
GLD,2024-10-21T00:00:00.000000,0,44.32,SELL
GLD,2024-10-22T00:00:00.000000,0,44.32,SELL
GLD,2024-10-23T00:00:00.000000,0,44.32,SELL
GLD,2024-10-24T00:00:00.000000,0,44.32,SELL
GLD,2024-10-25T00:00:00.000000,0,44.32,SELL
GLD,2024-10-28T00:00:00.000000,0,46.44,SELL
GLD,2024-10-29T00:00:00.000000,0,47.54,SELL
GLD,2024-10-30T00:00:00.000000,1,50.07,BUY
GLD,2024-10-31T00:00:00.000000,1,51.22,BUY
GLD,2024-11-01T00:00:00.000000,1,51.22,BUY
GLD,2024-11-04T00:00:00.000000,1,51.22,BUY
GLD,2024-11-05T00:00:00.000000,1,51.22,BUY
GLD,2024-11-06T00:00:00.000000,1,51.22,BUY
GLD,2024-11-07T00:00:00.000000,1,51.22,BUY
GLD,2024-11-08T00:00:00.000000,1,51.22,BUY
GLD,2024-11-11T00:00:00.000000,1,51.22,BUY
GLD,2024-11-12T00:00:00.000000,1,51.22,BUY
GLD,2024-11-13T00:00:00.000000,1,51.22,BUY
GLD,2024-11-14T00:00:00.000000,1,51.15,BUY
GLD,2024-11-15T00:00:00.000000,0,47.54,SELL
GLD,2024-11-18T00:00:00.000000,0,44.32,SELL
GLD,2024-11-19T00:00:00.000000,0,44.32,SELL
GLD,2024-11-20T00:00:00.000000,0,43.6,SELL
GLD,2024-11-21T00:00:00.000000,0,43.6,SELL
GLD,2024-11-22T00:00:00.000000,0,43.59,SELL
GLD,2024-11-25T00:00:00.000000,0,43.59,SELL
GLD,2024-11-26T00:00:00.000000,0,43.6,SELL
GLD,2024-11-27T00:00:00.000000,0,44.32,SELL
GLD,2024-11-29T00:00:00.000000,0,44.32,SELL
GLD,2024-12-02T00:00:00.000000,0,44.32,SELL
GLD,2024-12-03T00:00:00.000000,0,44.32,SELL
GLD,2024-12-04T00:00:00.000000,0,44.32,SELL
GLD,2024-12-05T00:00:00.000000,0,44.32,SELL
GLD,2024-12-06T00:00:00.000000,0,44.32,SELL
GLD,2024-12-09T00:00:00.000000,0,44.32,SELL
GLD,2024-12-10T00:00:00.000000,0,44.32,SELL
GLD,2024-12-11T00:00:00.000000,0,44.32,SELL
GLD,2024-12-12T00:00:00.000000,0,44.32,SELL
GLD,2024-12-13T00:00:00.000000,0,44.32,SELL
GLD,2024-12-16T00:00:00.000000,0,44.32,SELL
GLD,2024-12-17T00:00:00.000000,0,46.44,SELL
GLD,2024-12-18T00:00:00.000000,1,50.07,BUY
GLD,2024-12-19T00:00:00.000000,1,50.07,BUY
GLD,2024-12-20T00:00:00.000000,1,51.22,BUY
GOOGL,2023-02-21T00:00:00.000000,1,51.22,BUY
GOOGL,2023-02-22T00:00:00.000000,1,51.22,BUY
GOOGL,2023-02-23T00:00:00.000000,1,51.22,BUY
GOOGL,2023-02-24T00:00:00.000000,1,51.22,BUY
GOOGL,2023-02-27T00:00:00.000000,1,51.22,BUY
GOOGL,2023-02-28T00:00:00.000000,1,50.07,BUY
GOOGL,2023-03-01T00:00:00.000000,1,50.07,BUY
GOOGL,2023-03-02T00:00:00.000000,1,51.22,BUY
GOOGL,2023-03-03T00:00:00.000000,1,51.22,BUY
GOOGL,2023-03-06T00:00:00.000000,1,51.22,BUY
GOOGL,2023-03-07T00:00:00.000000,1,51.22,BUY
GOOGL,2023-03-08T00:00:00.000000,1,50.07,BUY
GOOGL,2023-03-09T00:00:00.000000,1,50.0,BUY
GOOGL,2023-03-10T00:00:00.000000,1,50.0,BUY
GOOGL,2023-03-13T00:00:00.000000,1,50.07,BUY
GOOGL,2023-03-14T00:00:00.000000,1,50.07,BUY
GOOGL,2023-03-15T00:00:00.000000,1,50.07,BUY
GOOGL,2023-03-16T00:00:00.000000,1,51.22,BUY
GOOGL,2023-03-17T00:00:00.000000,1,51.22,BUY
GOOGL,2023-03-20T00:00:00.000000,1,51.22,BUY
GOOGL,2023-03-21T00:00:00.000000,1,51.22,BUY
GOOGL,2023-03-22T00:00:00.000000,1,51.22,BUY
GOOGL,2023-03-23T00:00:00.000000,1,51.22,BUY
GOOGL,2023-03-24T00:00:00.000000,1,51.22,BUY
GOOGL,2023-03-27T00:00:00.000000,1,51.22,BUY
GOOGL,2023-03-28T00:00:00.000000,1,51.22,BUY
GOOGL,2023-03-29T00:00:00.000000,1,51.22,BUY
GOOGL,2023-03-30T00:00:00.000000,1,51.22,BUY
GOOGL,2023-03-31T00:00:00.000000,1,51.22,BUY
GOOGL,2023-04-03T00:00:00.000000,1,51.22,BUY
GOOGL,2023-04-04T00:00:00.000000,1,51.22,BUY
GOOGL,2023-04-05T00:00:00.000000,1,51.22,BUY
GOOGL,2023-04-06T00:00:00.000000,1,51.22,BUY
GOOGL,2023-04-10T00:00:00.000000,1,50.07,BUY
GOOGL,2023-04-11T00:00:00.000000,0,44.9,SELL
GOOGL,2023-04-12T00:00:00.000000,0,44.32,SELL
GOOGL,2023-04-13T00:00:00.000000,0,44.32,SELL
GOOGL,2023-04-14T00:00:00.000000,0,43.6,SELL
GOOGL,2023-04-17T00:00:00.000000,0,43.6,SELL
GOOGL,2023-04-18T00:00:00.000000,0,43.6,SELL
GOOGL,2023-04-19T00:00:00.000000,0,44.32,SELL
GOOGL,2023-04-20T00:00:00.000000,0,44.32,SELL
GOOGL,2023-04-21T00:00:00.000000,0,44.32,SELL
GOOGL,2023-04-24T00:00:00.000000,0,46.44,SELL
GOOGL,2023-04-25T00:00:00.000000,1,50.07,BUY
GOOGL,2023-04-26T00:00:00.000000,1,50.07,BUY
GOOGL,2023-04-27T00:00:00.000000,1,50.0,BUY
GOOGL,2023-04-28T00:00:00.000000,1,50.07,BUY
GOOGL,2023-05-01T00:00:00.000000,1,51.22,BUY
GOOGL,2023-05-02T00:00:00.000000,1,51.22,BUY
GOOGL,2023-05-03T00:00:00.000000,1,50.07,BUY
GOOGL,2023-05-04T00:00:00.000000,1,51.15,BUY
GOOGL,2023-05-05T00:00:00.000000,1,51.22,BUY
GOOGL,2023-05-08T00:00:00.000000,1,51.22,BUY
GOOGL,2023-05-09T00:00:00.000000,1,51.22,BUY
GOOGL,2023-05-10T00:00:00.000000,1,51.22,BUY
GOOGL,2023-05-11T00:00:00.000000,1,50.07,BUY
GOOGL,2023-05-12T00:00:00.000000,1,50.07,BUY
GOOGL,2023-05-15T00:00:00.000000,1,51.15,BUY
GOOGL,2023-05-16T00:00:00.000000,1,50.07,BUY
GOOGL,2023-05-17T00:00:00.000000,0,47.54,SELL
GOOGL,2023-05-18T00:00:00.000000,0,44.9,SELL
GOOGL,2023-05-19T00:00:00.000000,0,44.32,SELL
GOOGL,2023-05-22T00:00:00.000000,0,46.44,SELL
GOOGL,2023-05-23T00:00:00.000000,0,46.44,SELL
GOOGL,2023-05-24T00:00:00.000000,1,50.07,BUY
GOOGL,2023-05-25T00:00:00.000000,1,50.07,BUY
GOOGL,2023-05-26T00:00:00.000000,1,51.22,BUY
GOOGL,2023-05-30T00:00:00.000000,1,51.22,BUY
GOOGL,2023-05-31T00:00:00.000000,1,51.22,BUY
GOOGL,2023-06-01T00:00:00.000000,1,51.22,BUY
GOOGL,2023-06-02T00:00:00.000000,1,51.22,BUY
GOOGL,2023-06-05T00:00:00.000000,1,51.22,BUY
GOOGL,2023-06-06T00:00:00.000000,1,51.22,BUY
GOOGL,2023-06-07T00:00:00.000000,1,50.07,BUY
GOOGL,2023-06-08T00:00:00.000000,0,46.44,SELL
GOOGL,2023-06-09T00:00:00.000000,0,44.9,SELL
GOOGL,2023-06-12T00:00:00.000000,0,44.32,SELL
GOOGL,2023-06-13T00:00:00.000000,0,44.32,SELL
GOOGL,2023-06-14T00:00:00.000000,0,44.32,SELL
GOOGL,2023-06-15T00:00:00.000000,0,44.32,SELL
GOOGL,2023-06-16T00:00:00.000000,0,44.32,SELL
GOOGL,2023-06-20T00:00:00.000000,0,44.32,SELL
GOOGL,2023-06-21T00:00:00.000000,0,44.32,SELL
GOOGL,2023-06-22T00:00:00.000000,0,44.32,SELL
GOOGL,2023-06-23T00:00:00.000000,0,44.32,SELL
GOOGL,2023-06-26T00:00:00.000000,0,44.32,SELL
GOOGL,2023-06-27T00:00:00.000000,0,44.32,SELL
GOOGL,2023-06-28T00:00:00.000000,0,44.32,SELL
GOOGL,2023-06-29T00:00:00.000000,0,44.32,SELL
GOOGL,2023-06-30T00:00:00.000000,0,46.44,SELL
GOOGL,2023-07-03T00:00:00.000000,1,50.07,BUY
GOOGL,2023-07-05T00:00:00.000000,1,50.0,BUY
GOOGL,2023-07-06T00:00:00.000000,0,47.54,SELL
GOOGL,2023-07-07T00:00:00.000000,0,46.44,SELL
GOOGL,2023-07-10T00:00:00.000000,0,47.54,SELL
GOOGL,2023-07-11T00:00:00.000000,1,50.07,BUY
GOOGL,2023-07-12T00:00:00.000000,0,46.44,SELL
GOOGL,2023-07-13T00:00:00.000000,0,46.44,SELL
GOOGL,2023-07-14T00:00:00.000000,1,50.07,BUY
GOOGL,2023-07-17T00:00:00.000000,0,46.44,SELL
GOOGL,2023-07-18T00:00:00.000000,0,44.32,SELL
GOOGL,2023-07-19T00:00:00.000000,0,44.32,SELL
GOOGL,2023-07-20T00:00:00.000000,0,44.32,SELL
GOOGL,2023-07-21T00:00:00.000000,0,44.32,SELL
GOOGL,2023-07-24T00:00:00.000000,0,44.32,SELL
GOOGL,2023-07-25T00:00:00.000000,0,44.32,SELL
GOOGL,2023-07-26T00:00:00.000000,0,43.6,SELL
GOOGL,2023-07-27T00:00:00.000000,0,43.6,SELL
GOOGL,2023-07-28T00:00:00.000000,0,44.32,SELL
GOOGL,2023-07-31T00:00:00.000000,0,44.32,SELL
GOOGL,2023-08-01T00:00:00.000000,0,44.32,SELL
GOOGL,2023-08-02T00:00:00.000000,0,44.32,SELL
GOOGL,2023-08-03T00:00:00.000000,0,44.32,SELL
GOOGL,2023-08-04T00:00:00.000000,0,44.32,SELL
GOOGL,2023-08-07T00:00:00.000000,0,44.32,SELL
GOOGL,2023-08-08T00:00:00.000000,0,44.32,SELL
GOOGL,2023-08-09T00:00:00.000000,0,44.32,SELL
GOOGL,2023-08-10T00:00:00.000000,0,44.32,SELL
GOOGL,2023-08-11T00:00:00.000000,0,44.9,SELL
GOOGL,2023-08-14T00:00:00.000000,0,46.44,SELL
GOOGL,2023-08-15T00:00:00.000000,1,50.0,BUY
GOOGL,2023-08-16T00:00:00.000000,0,46.44,SELL
GOOGL,2023-08-17T00:00:00.000000,0,46.44,SELL
GOOGL,2023-08-18T00:00:00.000000,0,44.9,SELL
GOOGL,2023-08-21T00:00:00.000000,0,44.32,SELL
GOOGL,2023-08-22T00:00:00.000000,0,46.44,SELL
GOOGL,2023-08-23T00:00:00.000000,0,47.54,SELL
GOOGL,2023-08-24T00:00:00.000000,1,50.0,BUY
GOOGL,2023-08-25T00:00:00.000000,1,50.07,BUY
GOOGL,2023-08-28T00:00:00.000000,1,50.07,BUY
GOOGL,2023-08-29T00:00:00.000000,1,51.22,BUY
GOOGL,2023-08-30T00:00:00.000000,1,51.22,BUY
GOOGL,2023-08-31T00:00:00.000000,1,51.22,BUY
GOOGL,2023-09-01T00:00:00.000000,1,50.07,BUY
GOOGL,2023-09-05T00:00:00.000000,0,46.44,SELL
GOOGL,2023-09-06T00:00:00.000000,0,44.32,SELL
GOOGL,2023-09-07T00:00:00.000000,0,44.32,SELL
GOOGL,2023-09-08T00:00:00.000000,0,44.32,SELL
GOOGL,2023-09-11T00:00:00.000000,0,44.32,SELL
GOOGL,2023-09-12T00:00:00.000000,0,44.32,SELL
GOOGL,2023-09-13T00:00:00.000000,0,44.32,SELL
GOOGL,2023-09-14T00:00:00.000000,0,44.9,SELL
GOOGL,2023-09-15T00:00:00.000000,0,46.44,SELL
GOOGL,2023-09-18T00:00:00.000000,1,50.07,BUY
GOOGL,2023-09-19T00:00:00.000000,1,50.07,BUY
GOOGL,2023-09-20T00:00:00.000000,1,50.07,BUY
GOOGL,2023-09-21T00:00:00.000000,1,50.0,BUY
GOOGL,2023-09-22T00:00:00.000000,0,46.44,SELL
GOOGL,2023-09-25T00:00:00.000000,1,50.0,BUY
GOOGL,2023-09-26T00:00:00.000000,1,50.07,BUY
GOOGL,2023-09-27T00:00:00.000000,1,50.07,BUY
GOOGL,2023-09-28T00:00:00.000000,1,51.22,BUY
GOOGL,2023-09-29T00:00:00.000000,1,51.22,BUY
GOOGL,2023-10-02T00:00:00.000000,1,51.22,BUY
GOOGL,2023-10-03T00:00:00.000000,1,51.22,BUY
GOOGL,2023-10-04T00:00:00.000000,1,51.22,BUY
GOOGL,2023-10-05T00:00:00.000000,1,51.22,BUY
GOOGL,2023-10-06T00:00:00.000000,1,51.22,BUY
GOOGL,2023-10-09T00:00:00.000000,1,51.22,BUY
GOOGL,2023-10-10T00:00:00.000000,1,51.22,BUY
GOOGL,2023-10-11T00:00:00.000000,1,51.22,BUY
GOOGL,2023-10-12T00:00:00.000000,1,50.07,BUY
GOOGL,2023-10-13T00:00:00.000000,1,50.07,BUY
GOOGL,2023-10-16T00:00:00.000000,0,46.44,SELL
GOOGL,2023-10-17T00:00:00.000000,0,46.44,SELL
GOOGL,2023-10-18T00:00:00.000000,0,46.44,SELL
GOOGL,2023-10-19T00:00:00.000000,0,46.44,SELL
GOOGL,2023-10-20T00:00:00.000000,0,46.44,SELL
GOOGL,2023-10-23T00:00:00.000000,0,46.44,SELL
GOOGL,2023-10-24T00:00:00.000000,1,50.07,BUY
GOOGL,2023-10-25T00:00:00.000000,1,50.07,BUY
GOOGL,2023-10-26T00:00:00.000000,1,51.22,BUY
GOOGL,2023-10-27T00:00:00.000000,1,51.22,BUY
GOOGL,2023-10-30T00:00:00.000000,1,51.22,BUY
GOOGL,2023-10-31T00:00:00.000000,1,51.22,BUY
GOOGL,2023-11-01T00:00:00.000000,1,51.22,BUY
GOOGL,2023-11-02T00:00:00.000000,1,51.22,BUY
GOOGL,2023-11-03T00:00:00.000000,1,51.22,BUY
GOOGL,2023-11-06T00:00:00.000000,1,50.07,BUY
GOOGL,2023-11-07T00:00:00.000000,0,46.44,SELL
GOOGL,2023-11-08T00:00:00.000000,0,46.44,SELL
GOOGL,2023-11-09T00:00:00.000000,0,44.32,SELL
GOOGL,2023-11-10T00:00:00.000000,0,44.32,SELL
GOOGL,2023-11-13T00:00:00.000000,0,44.32,SELL
GOOGL,2023-11-14T00:00:00.000000,0,44.32,SELL
GOOGL,2023-11-15T00:00:00.000000,0,44.32,SELL
GOOGL,2023-11-16T00:00:00.000000,0,44.32,SELL
GOOGL,2023-11-17T00:00:00.000000,0,44.32,SELL
GOOGL,2023-11-20T00:00:00.000000,0,44.32,SELL
GOOGL,2023-11-21T00:00:00.000000,0,44.32,SELL
GOOGL,2023-11-22T00:00:00.000000,0,46.44,SELL
GOOGL,2023-11-24T00:00:00.000000,0,46.44,SELL
GOOGL,2023-11-27T00:00:00.000000,0,46.44,SELL
GOOGL,2023-11-28T00:00:00.000000,0,44.32,SELL
GOOGL,2023-11-29T00:00:00.000000,0,44.32,SELL
GOOGL,2023-11-30T00:00:00.000000,0,44.32,SELL
GOOGL,2023-12-01T00:00:00.000000,0,44.32,SELL
GOOGL,2023-12-04T00:00:00.000000,0,44.32,SELL
GOOGL,2023-12-05T00:00:00.000000,0,44.32,SELL
GOOGL,2023-12-06T00:00:00.000000,0,46.44,SELL
GOOGL,2023-12-07T00:00:00.000000,0,46.44,SELL
GOOGL,2023-12-08T00:00:00.000000,1,50.07,BUY
GOOGL,2023-12-11T00:00:00.000000,1,50.07,BUY
GOOGL,2023-12-12T00:00:00.000000,1,50.0,BUY
GOOGL,2023-12-13T00:00:00.000000,1,50.07,BUY
GOOGL,2023-12-14T00:00:00.000000,0,46.44,SELL
GOOGL,2023-12-15T00:00:00.000000,0,44.9,SELL
GOOGL,2023-12-18T00:00:00.000000,0,44.9,SELL
GOOGL,2023-12-19T00:00:00.000000,0,44.32,SELL
GOOGL,2023-12-20T00:00:00.000000,0,44.32,SELL
GOOGL,2023-12-21T00:00:00.000000,0,44.32,SELL
GOOGL,2023-12-22T00:00:00.000000,0,44.32,SELL
GOOGL,2023-12-26T00:00:00.000000,0,44.32,SELL
GOOGL,2023-12-27T00:00:00.000000,0,44.32,SELL
GOOGL,2023-12-28T00:00:00.000000,0,43.6,SELL
GOOGL,2023-12-29T00:00:00.000000,0,43.6,SELL
GOOGL,2024-01-02T00:00:00.000000,0,43.6,SELL
GOOGL,2024-01-03T00:00:00.000000,0,43.6,SELL
GOOGL,2024-01-04T00:00:00.000000,0,44.32,SELL
GOOGL,2024-01-05T00:00:00.000000,0,44.32,SELL
GOOGL,2024-01-08T00:00:00.000000,0,44.32,SELL
GOOGL,2024-01-09T00:00:00.000000,0,44.32,SELL
GOOGL,2024-01-10T00:00:00.000000,0,44.9,SELL
GOOGL,2024-01-11T00:00:00.000000,0,46.44,SELL
GOOGL,2024-01-12T00:00:00.000000,0,44.9,SELL
GOOGL,2024-01-16T00:00:00.000000,0,44.9,SELL
GOOGL,2024-01-17T00:00:00.000000,0,44.32,SELL
GOOGL,2024-01-18T00:00:00.000000,0,44.32,SELL
GOOGL,2024-01-19T00:00:00.000000,0,44.32,SELL
GOOGL,2024-01-22T00:00:00.000000,0,44.32,SELL
GOOGL,2024-01-23T00:00:00.000000,0,44.32,SELL
GOOGL,2024-01-24T00:00:00.000000,0,44.32,SELL
GOOGL,2024-01-25T00:00:00.000000,0,44.32,SELL
GOOGL,2024-01-26T00:00:00.000000,0,44.32,SELL
GOOGL,2024-01-29T00:00:00.000000,0,44.32,SELL
GOOGL,2024-01-30T00:00:00.000000,0,44.32,SELL
GOOGL,2024-01-31T00:00:00.000000,0,44.32,SELL
GOOGL,2024-02-01T00:00:00.000000,0,44.32,SELL
GOOGL,2024-02-02T00:00:00.000000,0,44.32,SELL
GOOGL,2024-02-05T00:00:00.000000,0,44.32,SELL
GOOGL,2024-02-06T00:00:00.000000,0,46.44,SELL
GOOGL,2024-02-07T00:00:00.000000,1,50.07,BUY
GOOGL,2024-02-08T00:00:00.000000,1,50.07,BUY
GOOGL,2024-02-09T00:00:00.000000,1,51.22,BUY
GOOGL,2024-02-12T00:00:00.000000,1,51.22,BUY
GOOGL,2024-02-13T00:00:00.000000,1,51.22,BUY
GOOGL,2024-02-14T00:00:00.000000,1,51.22,BUY
GOOGL,2024-02-15T00:00:00.000000,1,50.07,BUY
GOOGL,2024-02-16T00:00:00.000000,1,50.07,BUY
GOOGL,2024-02-20T00:00:00.000000,1,47.54,BUY
GOOGL,2024-02-21T00:00:00.000000,0,46.44,SELL
GOOGL,2024-02-22T00:00:00.000000,0,46.44,SELL
GOOGL,2024-02-23T00:00:00.000000,0,46.44,SELL
GOOGL,2024-02-26T00:00:00.000000,0,46.44,SELL
GOOGL,2024-02-27T00:00:00.000000,0,46.44,SELL
GOOGL,2024-02-28T00:00:00.000000,0,46.44,SELL
GOOGL,2024-02-29T00:00:00.000000,0,46.44,SELL
GOOGL,2024-03-01T00:00:00.000000,0,44.9,SELL
GOOGL,2024-03-04T00:00:00.000000,0,44.32,SELL
GOOGL,2024-03-05T00:00:00.000000,0,44.32,SELL
GOOGL,2024-03-06T00:00:00.000000,0,44.32,SELL
GOOGL,2024-03-07T00:00:00.000000,0,44.32,SELL
GOOGL,2024-03-08T00:00:00.000000,0,46.44,SELL
GOOGL,2024-03-11T00:00:00.000000,0,44.9,SELL
GOOGL,2024-03-12T00:00:00.000000,0,44.32,SELL
GOOGL,2024-03-13T00:00:00.000000,0,44.32,SELL
GOOGL,2024-03-14T00:00:00.000000,0,44.32,SELL
GOOGL,2024-03-15T00:00:00.000000,0,44.32,SELL
GOOGL,2024-03-18T00:00:00.000000,0,44.32,SELL
GOOGL,2024-03-19T00:00:00.000000,0,44.32,SELL
GOOGL,2024-03-20T00:00:00.000000,0,44.32,SELL
GOOGL,2024-03-21T00:00:00.000000,0,44.32,SELL
GOOGL,2024-03-22T00:00:00.000000,0,44.32,SELL
GOOGL,2024-03-25T00:00:00.000000,0,44.32,SELL
GOOGL,2024-03-26T00:00:00.000000,0,44.32,SELL
GOOGL,2024-03-27T00:00:00.000000,0,44.32,SELL
GOOGL,2024-03-28T00:00:00.000000,0,44.32,SELL
GOOGL,2024-04-01T00:00:00.000000,0,44.32,SELL
GOOGL,2024-04-02T00:00:00.000000,0,44.32,SELL
GOOGL,2024-04-03T00:00:00.000000,0,44.32,SELL
GOOGL,2024-04-04T00:00:00.000000,0,44.32,SELL
GOOGL,2024-04-05T00:00:00.000000,0,44.32,SELL
GOOGL,2024-04-08T00:00:00.000000,0,44.32,SELL
GOOGL,2024-04-09T00:00:00.000000,0,44.9,SELL
GOOGL,2024-04-10T00:00:00.000000,0,46.44,SELL
GOOGL,2024-04-11T00:00:00.000000,0,46.44,SELL
GOOGL,2024-04-12T00:00:00.000000,0,46.44,SELL
GOOGL,2024-04-15T00:00:00.000000,1,47.54,BUY
GOOGL,2024-04-16T00:00:00.000000,1,50.0,BUY
GOOGL,2024-04-17T00:00:00.000000,1,50.07,BUY
GOOGL,2024-04-18T00:00:00.000000,1,50.07,BUY
GOOGL,2024-04-19T00:00:00.000000,1,50.07,BUY
GOOGL,2024-04-22T00:00:00.000000,1,50.07,BUY
GOOGL,2024-04-23T00:00:00.000000,1,51.15,BUY
GOOGL,2024-04-24T00:00:00.000000,1,51.22,BUY
GOOGL,2024-04-25T00:00:00.000000,1,51.22,BUY
GOOGL,2024-04-26T00:00:00.000000,1,51.22,BUY
GOOGL,2024-04-29T00:00:00.000000,1,51.22,BUY
GOOGL,2024-04-30T00:00:00.000000,1,51.22,BUY
GOOGL,2024-05-01T00:00:00.000000,1,51.22,BUY
GOOGL,2024-05-02T00:00:00.000000,1,51.22,BUY
GOOGL,2024-05-03T00:00:00.000000,1,51.22,BUY
GOOGL,2024-05-06T00:00:00.000000,1,50.07,BUY
GOOGL,2024-05-07T00:00:00.000000,1,50.07,BUY
GOOGL,2024-05-08T00:00:00.000000,1,51.22,BUY
GOOGL,2024-05-09T00:00:00.000000,1,51.22,BUY
GOOGL,2024-05-10T00:00:00.000000,1,51.15,BUY
GOOGL,2024-05-13T00:00:00.000000,1,51.22,BUY
GOOGL,2024-05-14T00:00:00.000000,1,51.22,BUY
GOOGL,2024-05-15T00:00:00.000000,1,51.15,BUY
GOOGL,2024-05-16T00:00:00.000000,1,50.07,BUY
GOOGL,2024-05-17T00:00:00.000000,0,46.44,SELL
GOOGL,2024-05-20T00:00:00.000000,0,44.9,SELL
GOOGL,2024-05-21T00:00:00.000000,0,44.32,SELL
GOOGL,2024-05-22T00:00:00.000000,0,44.32,SELL
GOOGL,2024-05-23T00:00:00.000000,0,44.32,SELL
GOOGL,2024-05-24T00:00:00.000000,0,44.32,SELL
GOOGL,2024-05-28T00:00:00.000000,0,46.44,SELL
GOOGL,2024-05-29T00:00:00.000000,1,50.07,BUY
GOOGL,2024-05-30T00:00:00.000000,1,50.07,BUY
GOOGL,2024-05-31T00:00:00.000000,1,51.22,BUY
GOOGL,2024-06-03T00:00:00.000000,1,51.22,BUY
GOOGL,2024-06-04T00:00:00.000000,1,51.22,BUY
GOOGL,2024-06-05T00:00:00.000000,1,51.22,BUY
GOOGL,2024-06-06T00:00:00.000000,1,51.22,BUY
GOOGL,2024-06-07T00:00:00.000000,1,51.22,BUY
GOOGL,2024-06-10T00:00:00.000000,1,51.22,BUY
GOOGL,2024-06-11T00:00:00.000000,1,51.22,BUY
GOOGL,2024-06-12T00:00:00.000000,1,51.22,BUY
GOOGL,2024-06-13T00:00:00.000000,1,51.22,BUY
GOOGL,2024-06-14T00:00:00.000000,1,51.22,BUY
GOOGL,2024-06-17T00:00:00.000000,1,51.22,BUY
GOOGL,2024-06-18T00:00:00.000000,1,51.22,BUY
GOOGL,2024-06-20T00:00:00.000000,1,51.22,BUY
GOOGL,2024-06-21T00:00:00.000000,1,51.22,BUY
GOOGL,2024-06-24T00:00:00.000000,1,51.22,BUY
GOOGL,2024-06-25T00:00:00.000000,1,51.22,BUY
GOOGL,2024-06-26T00:00:00.000000,1,51.22,BUY
GOOGL,2024-06-27T00:00:00.000000,1,51.22,BUY
GOOGL,2024-06-28T00:00:00.000000,1,51.22,BUY
GOOGL,2024-07-01T00:00:00.000000,1,51.22,BUY
GOOGL,2024-07-02T00:00:00.000000,1,50.07,BUY
GOOGL,2024-07-03T00:00:00.000000,1,50.07,BUY
GOOGL,2024-07-05T00:00:00.000000,1,51.15,BUY
GOOGL,2024-07-08T00:00:00.000000,1,51.22,BUY
GOOGL,2024-07-09T00:00:00.000000,1,51.22,BUY
GOOGL,2024-07-10T00:00:00.000000,1,51.22,BUY
GOOGL,2024-07-11T00:00:00.000000,1,51.22,BUY
GOOGL,2024-07-12T00:00:00.000000,1,51.22,BUY
GOOGL,2024-07-15T00:00:00.000000,1,51.22,BUY
GOOGL,2024-07-16T00:00:00.000000,1,51.22,BUY
GOOGL,2024-07-17T00:00:00.000000,1,50.07,BUY
GOOGL,2024-07-18T00:00:00.000000,1,50.0,BUY
GOOGL,2024-07-19T00:00:00.000000,0,46.44,SELL
GOOGL,2024-07-22T00:00:00.000000,0,46.44,SELL
GOOGL,2024-07-23T00:00:00.000000,1,50.0,BUY
GOOGL,2024-07-24T00:00:00.000000,1,50.0,BUY
GOOGL,2024-07-25T00:00:00.000000,1,50.07,BUY
GOOGL,2024-07-26T00:00:00.000000,1,50.07,BUY
GOOGL,2024-07-29T00:00:00.000000,0,46.44,SELL
GOOGL,2024-07-30T00:00:00.000000,0,46.44,SELL
GOOGL,2024-07-31T00:00:00.000000,0,44.9,SELL
GOOGL,2024-08-01T00:00:00.000000,0,46.44,SELL
GOOGL,2024-08-02T00:00:00.000000,0,44.32,SELL
GOOGL,2024-08-05T00:00:00.000000,0,44.32,SELL
GOOGL,2024-08-06T00:00:00.000000,0,44.32,SELL
GOOGL,2024-08-07T00:00:00.000000,0,44.32,SELL
GOOGL,2024-08-08T00:00:00.000000,0,43.6,SELL
GOOGL,2024-08-09T00:00:00.000000,0,43.6,SELL
GOOGL,2024-08-12T00:00:00.000000,0,43.6,SELL
GOOGL,2024-08-13T00:00:00.000000,0,43.6,SELL
GOOGL,2024-08-14T00:00:00.000000,0,44.32,SELL
GOOGL,2024-08-15T00:00:00.000000,0,44.32,SELL
GOOGL,2024-08-16T00:00:00.000000,0,44.32,SELL
GOOGL,2024-08-19T00:00:00.000000,0,44.32,SELL
GOOGL,2024-08-20T00:00:00.000000,0,46.44,SELL
GOOGL,2024-08-21T00:00:00.000000,0,46.44,SELL
GOOGL,2024-08-22T00:00:00.000000,0,46.44,SELL
GOOGL,2024-08-23T00:00:00.000000,0,46.44,SELL
GOOGL,2024-08-26T00:00:00.000000,0,46.44,SELL
GOOGL,2024-08-27T00:00:00.000000,0,44.9,SELL
GOOGL,2024-08-28T00:00:00.000000,0,44.9,SELL
GOOGL,2024-08-29T00:00:00.000000,0,44.32,SELL
GOOGL,2024-08-30T00:00:00.000000,0,44.32,SELL
GOOGL,2024-09-03T00:00:00.000000,0,44.32,SELL
GOOGL,2024-09-04T00:00:00.000000,0,44.32,SELL
GOOGL,2024-09-05T00:00:00.000000,0,46.44,SELL
GOOGL,2024-09-06T00:00:00.000000,1,47.54,BUY
GOOGL,2024-09-09T00:00:00.000000,1,50.0,BUY
GOOGL,2024-09-10T00:00:00.000000,1,50.07,BUY
GOOGL,2024-09-11T00:00:00.000000,1,51.22,BUY
GOOGL,2024-09-12T00:00:00.000000,1,51.22,BUY
GOOGL,2024-09-13T00:00:00.000000,1,51.22,BUY
GOOGL,2024-09-16T00:00:00.000000,1,51.22,BUY
GOOGL,2024-09-17T00:00:00.000000,1,51.22,BUY
GOOGL,2024-09-18T00:00:00.000000,1,51.22,BUY
GOOGL,2024-09-19T00:00:00.000000,1,51.22,BUY
GOOGL,2024-09-20T00:00:00.000000,1,50.07,BUY
GOOGL,2024-09-23T00:00:00.000000,0,46.44,SELL
GOOGL,2024-09-24T00:00:00.000000,0,44.9,SELL
GOOGL,2024-09-25T00:00:00.000000,0,44.32,SELL
GOOGL,2024-09-26T00:00:00.000000,0,44.32,SELL
GOOGL,2024-09-27T00:00:00.000000,0,44.32,SELL
GOOGL,2024-09-30T00:00:00.000000,0,44.32,SELL
GOOGL,2024-10-01T00:00:00.000000,0,44.32,SELL
GOOGL,2024-10-02T00:00:00.000000,0,44.32,SELL
GOOGL,2024-10-03T00:00:00.000000,0,44.9,SELL
GOOGL,2024-10-04T00:00:00.000000,0,46.44,SELL
GOOGL,2024-10-07T00:00:00.000000,0,46.44,SELL
GOOGL,2024-10-08T00:00:00.000000,0,46.44,SELL
GOOGL,2024-10-09T00:00:00.000000,1,47.54,BUY
GOOGL,2024-10-10T00:00:00.000000,1,50.0,BUY
GOOGL,2024-10-11T00:00:00.000000,1,50.0,BUY
GOOGL,2024-10-14T00:00:00.000000,1,50.07,BUY
GOOGL,2024-10-15T00:00:00.000000,1,50.07,BUY
GOOGL,2024-10-16T00:00:00.000000,1,50.07,BUY
GOOGL,2024-10-17T00:00:00.000000,1,50.07,BUY
GOOGL,2024-10-18T00:00:00.000000,1,50.07,BUY
GOOGL,2024-10-21T00:00:00.000000,1,50.07,BUY
GOOGL,2024-10-22T00:00:00.000000,0,46.44,SELL
GOOGL,2024-10-23T00:00:00.000000,0,44.32,SELL
GOOGL,2024-10-24T00:00:00.000000,0,44.32,SELL
GOOGL,2024-10-25T00:00:00.000000,0,44.32,SELL
GOOGL,2024-10-28T00:00:00.000000,0,44.32,SELL
GOOGL,2024-10-29T00:00:00.000000,0,44.32,SELL
GOOGL,2024-10-30T00:00:00.000000,0,44.32,SELL
GOOGL,2024-10-31T00:00:00.000000,0,46.44,SELL
GOOGL,2024-11-01T00:00:00.000000,0,44.32,SELL
GOOGL,2024-11-04T00:00:00.000000,0,44.32,SELL
GOOGL,2024-11-05T00:00:00.000000,0,46.44,SELL
GOOGL,2024-11-06T00:00:00.000000,0,46.44,SELL
GOOGL,2024-11-07T00:00:00.000000,0,46.44,SELL
GOOGL,2024-11-08T00:00:00.000000,0,46.44,SELL
GOOGL,2024-11-11T00:00:00.000000,0,46.44,SELL
GOOGL,2024-11-12T00:00:00.000000,1,50.07,BUY
GOOGL,2024-11-13T00:00:00.000000,1,50.07,BUY
GOOGL,2024-11-14T00:00:00.000000,1,50.07,BUY
GOOGL,2024-11-15T00:00:00.000000,1,50.07,BUY
GOOGL,2024-11-18T00:00:00.000000,1,50.07,BUY
GOOGL,2024-11-19T00:00:00.000000,1,50.07,BUY
GOOGL,2024-11-20T00:00:00.000000,1,50.07,BUY
GOOGL,2024-11-21T00:00:00.000000,1,50.07,BUY
GOOGL,2024-11-22T00:00:00.000000,1,50.07,BUY
GOOGL,2024-11-25T00:00:00.000000,1,51.15,BUY
GOOGL,2024-11-26T00:00:00.000000,1,50.07,BUY
GOOGL,2024-11-27T00:00:00.000000,1,50.07,BUY
GOOGL,2024-11-29T00:00:00.000000,1,50.07,BUY
GOOGL,2024-12-02T00:00:00.000000,1,50.07,BUY
GOOGL,2024-12-03T00:00:00.000000,0,46.44,SELL
GOOGL,2024-12-04T00:00:00.000000,0,46.44,SELL
GOOGL,2024-12-05T00:00:00.000000,0,46.44,SELL
GOOGL,2024-12-06T00:00:00.000000,0,44.9,SELL
GOOGL,2024-12-09T00:00:00.000000,0,44.32,SELL
GOOGL,2024-12-10T00:00:00.000000,0,44.32,SELL
GOOGL,2024-12-11T00:00:00.000000,0,44.32,SELL
GOOGL,2024-12-12T00:00:00.000000,0,44.32,SELL
GOOGL,2024-12-13T00:00:00.000000,0,44.9,SELL
GOOGL,2024-12-16T00:00:00.000000,0,46.44,SELL
GOOGL,2024-12-17T00:00:00.000000,1,50.07,BUY
GOOGL,2024-12-18T00:00:00.000000,1,50.07,BUY
GOOGL,2024-12-19T00:00:00.000000,1,51.22,BUY
GOOGL,2024-12-20T00:00:00.000000,1,51.22,BUY
GS,2023-02-21T00:00:00.000000,1,51.22,BUY
GS,2023-02-22T00:00:00.000000,1,51.22,BUY
GS,2023-02-23T00:00:00.000000,1,51.22,BUY
GS,2023-02-24T00:00:00.000000,1,51.22,BUY
GS,2023-02-27T00:00:00.000000,1,51.22,BUY
GS,2023-02-28T00:00:00.000000,1,51.22,BUY
GS,2023-03-01T00:00:00.000000,1,51.22,BUY
GS,2023-03-02T00:00:00.000000,1,51.22,BUY
GS,2023-03-03T00:00:00.000000,1,51.22,BUY
GS,2023-03-06T00:00:00.000000,1,51.22,BUY
GS,2023-03-07T00:00:00.000000,1,51.22,BUY
GS,2023-03-08T00:00:00.000000,1,51.22,BUY
GS,2023-03-09T00:00:00.000000,1,51.22,BUY
GS,2023-03-10T00:00:00.000000,1,51.22,BUY
GS,2023-03-13T00:00:00.000000,1,51.22,BUY
GS,2023-03-14T00:00:00.000000,1,51.22,BUY
GS,2023-03-15T00:00:00.000000,1,51.22,BUY
GS,2023-03-16T00:00:00.000000,1,51.22,BUY
GS,2023-03-17T00:00:00.000000,1,51.22,BUY
GS,2023-03-20T00:00:00.000000,1,51.22,BUY
GS,2023-03-21T00:00:00.000000,1,50.07,BUY
GS,2023-03-22T00:00:00.000000,1,50.0,BUY
GS,2023-03-23T00:00:00.000000,1,50.07,BUY
GS,2023-03-24T00:00:00.000000,0,46.44,SELL
GS,2023-03-27T00:00:00.000000,0,46.44,SELL
GS,2023-03-28T00:00:00.000000,1,47.54,BUY
GS,2023-03-29T00:00:00.000000,1,50.07,BUY
GS,2023-03-30T00:00:00.000000,1,51.22,BUY
GS,2023-03-31T00:00:00.000000,1,51.22,BUY
GS,2023-04-03T00:00:00.000000,1,51.22,BUY
GS,2023-04-04T00:00:00.000000,1,51.22,BUY
GS,2023-04-05T00:00:00.000000,1,51.22,BUY
GS,2023-04-06T00:00:00.000000,1,50.07,BUY
GS,2023-04-10T00:00:00.000000,0,46.44,SELL
GS,2023-04-11T00:00:00.000000,0,44.32,SELL
GS,2023-04-12T00:00:00.000000,0,44.32,SELL
GS,2023-04-13T00:00:00.000000,0,44.32,SELL
GS,2023-04-14T00:00:00.000000,0,44.9,SELL
GS,2023-04-17T00:00:00.000000,0,44.9,SELL
GS,2023-04-18T00:00:00.000000,0,46.44,SELL
GS,2023-04-19T00:00:00.000000,0,46.44,SELL
GS,2023-04-20T00:00:00.000000,1,50.07,BUY
GS,2023-04-21T00:00:00.000000,1,50.07,BUY
GS,2023-04-24T00:00:00.000000,1,50.07,BUY
GS,2023-04-25T00:00:00.000000,1,51.22,BUY
GS,2023-04-26T00:00:00.000000,1,51.22,BUY
GS,2023-04-27T00:00:00.000000,1,51.22,BUY
GS,2023-04-28T00:00:00.000000,1,51.22,BUY
GS,2023-05-01T00:00:00.000000,1,51.22,BUY
GS,2023-05-02T00:00:00.000000,1,51.22,BUY
GS,2023-05-03T00:00:00.000000,1,51.22,BUY
GS,2023-05-04T00:00:00.000000,1,51.22,BUY
GS,2023-05-05T00:00:00.000000,1,51.22,BUY
GS,2023-05-08T00:00:00.000000,1,51.22,BUY
GS,2023-05-09T00:00:00.000000,1,51.22,BUY
GS,2023-05-10T00:00:00.000000,1,51.22,BUY
GS,2023-05-11T00:00:00.000000,1,51.22,BUY
GS,2023-05-12T00:00:00.000000,1,51.22,BUY
GS,2023-05-15T00:00:00.000000,1,51.22,BUY
GS,2023-05-16T00:00:00.000000,1,51.22,BUY
GS,2023-05-17T00:00:00.000000,1,51.22,BUY
GS,2023-05-18T00:00:00.000000,1,51.22,BUY
GS,2023-05-19T00:00:00.000000,1,51.22,BUY
GS,2023-05-22T00:00:00.000000,1,51.22,BUY
GS,2023-05-23T00:00:00.000000,1,51.22,BUY
GS,2023-05-24T00:00:00.000000,1,51.22,BUY
GS,2023-05-25T00:00:00.000000,1,51.22,BUY
GS,2023-05-26T00:00:00.000000,1,51.22,BUY
GS,2023-05-30T00:00:00.000000,1,51.22,BUY
GS,2023-05-31T00:00:00.000000,1,51.22,BUY
GS,2023-06-01T00:00:00.000000,1,51.22,BUY
GS,2023-06-02T00:00:00.000000,1,51.22,BUY
GS,2023-06-05T00:00:00.000000,1,51.22,BUY
GS,2023-06-06T00:00:00.000000,1,51.22,BUY
GS,2023-06-07T00:00:00.000000,1,51.22,BUY
GS,2023-06-08T00:00:00.000000,1,51.22,BUY
GS,2023-06-09T00:00:00.000000,1,51.22,BUY
GS,2023-06-12T00:00:00.000000,1,51.22,BUY
GS,2023-06-13T00:00:00.000000,1,50.07,BUY
GS,2023-06-14T00:00:00.000000,1,50.07,BUY
GS,2023-06-15T00:00:00.000000,1,50.07,BUY
GS,2023-06-16T00:00:00.000000,0,46.44,SELL
GS,2023-06-20T00:00:00.000000,0,46.44,SELL
GS,2023-06-21T00:00:00.000000,0,46.44,SELL
GS,2023-06-22T00:00:00.000000,1,50.0,BUY
GS,2023-06-23T00:00:00.000000,1,50.07,BUY
GS,2023-06-26T00:00:00.000000,1,50.07,BUY
GS,2023-06-27T00:00:00.000000,1,51.22,BUY
GS,2023-06-28T00:00:00.000000,1,51.22,BUY
GS,2023-06-29T00:00:00.000000,1,51.22,BUY
GS,2023-06-30T00:00:00.000000,1,51.22,BUY
GS,2023-07-03T00:00:00.000000,1,51.22,BUY
GS,2023-07-05T00:00:00.000000,1,51.22,BUY
GS,2023-07-06T00:00:00.000000,1,51.22,BUY
GS,2023-07-07T00:00:00.000000,1,51.22,BUY
GS,2023-07-10T00:00:00.000000,1,50.07,BUY
GS,2023-07-11T00:00:00.000000,1,50.07,BUY
GS,2023-07-12T00:00:00.000000,0,47.54,SELL
GS,2023-07-13T00:00:00.000000,1,50.0,BUY
GS,2023-07-14T00:00:00.000000,1,50.0,BUY
GS,2023-07-17T00:00:00.000000,1,50.07,BUY
GS,2023-07-18T00:00:00.000000,0,46.44,SELL
GS,2023-07-19T00:00:00.000000,0,46.44,SELL
GS,2023-07-20T00:00:00.000000,0,44.32,SELL
GS,2023-07-21T00:00:00.000000,0,44.32,SELL
GS,2023-07-24T00:00:00.000000,0,44.32,SELL
GS,2023-07-25T00:00:00.000000,0,44.32,SELL
GS,2023-07-26T00:00:00.000000,0,44.32,SELL
GS,2023-07-27T00:00:00.000000,0,44.32,SELL
GS,2023-07-28T00:00:00.000000,0,44.32,SELL
GS,2023-07-31T00:00:00.000000,0,44.32,SELL
GS,2023-08-01T00:00:00.000000,0,44.9,SELL
GS,2023-08-02T00:00:00.000000,1,50.07,BUY
GS,2023-08-03T00:00:00.000000,1,51.15,BUY
GS,2023-08-04T00:00:00.000000,1,51.22,BUY
GS,2023-08-07T00:00:00.000000,1,51.15,BUY
GS,2023-08-08T00:00:00.000000,1,50.07,BUY
GS,2023-08-09T00:00:00.000000,1,50.07,BUY
GS,2023-08-10T00:00:00.000000,1,50.07,BUY
GS,2023-08-11T00:00:00.000000,1,50.07,BUY
GS,2023-08-14T00:00:00.000000,1,50.07,BUY
GS,2023-08-15T00:00:00.000000,1,50.07,BUY
GS,2023-08-16T00:00:00.000000,1,51.22,BUY
GS,2023-08-17T00:00:00.000000,1,51.22,BUY
GS,2023-08-18T00:00:00.000000,1,51.22,BUY
GS,2023-08-21T00:00:00.000000,1,51.22,BUY
GS,2023-08-22T00:00:00.000000,1,51.22,BUY
GS,2023-08-23T00:00:00.000000,1,51.22,BUY
GS,2023-08-24T00:00:00.000000,1,51.22,BUY
GS,2023-08-25T00:00:00.000000,1,51.22,BUY
GS,2023-08-28T00:00:00.000000,1,51.22,BUY
GS,2023-08-29T00:00:00.000000,1,51.22,BUY
GS,2023-08-30T00:00:00.000000,1,51.22,BUY
GS,2023-08-31T00:00:00.000000,1,51.22,BUY
GS,2023-09-01T00:00:00.000000,1,50.07,BUY
GS,2023-09-05T00:00:00.000000,1,50.07,BUY
GS,2023-09-06T00:00:00.000000,1,50.0,BUY
GS,2023-09-07T00:00:00.000000,0,46.44,SELL
GS,2023-09-08T00:00:00.000000,1,50.07,BUY
GS,2023-09-11T00:00:00.000000,1,47.54,BUY
GS,2023-09-12T00:00:00.000000,1,50.0,BUY
GS,2023-09-13T00:00:00.000000,1,50.07,BUY
GS,2023-09-14T00:00:00.000000,1,50.07,BUY
GS,2023-09-15T00:00:00.000000,1,50.07,BUY
GS,2023-09-18T00:00:00.000000,1,50.07,BUY
GS,2023-09-19T00:00:00.000000,1,50.07,BUY
GS,2023-09-20T00:00:00.000000,0,46.44,SELL
GS,2023-09-21T00:00:00.000000,0,46.44,SELL
GS,2023-09-22T00:00:00.000000,0,44.32,SELL
GS,2023-09-25T00:00:00.000000,0,44.32,SELL
GS,2023-09-26T00:00:00.000000,0,44.32,SELL
GS,2023-09-27T00:00:00.000000,0,46.44,SELL
GS,2023-09-28T00:00:00.000000,1,50.07,BUY
GS,2023-09-29T00:00:00.000000,1,51.22,BUY
GS,2023-10-02T00:00:00.000000,1,51.22,BUY
GS,2023-10-03T00:00:00.000000,1,51.22,BUY
GS,2023-10-04T00:00:00.000000,1,51.22,BUY
GS,2023-10-05T00:00:00.000000,1,51.22,BUY
GS,2023-10-06T00:00:00.000000,1,51.22,BUY
GS,2023-10-09T00:00:00.000000,1,51.22,BUY
GS,2023-10-10T00:00:00.000000,1,51.22,BUY
GS,2023-10-11T00:00:00.000000,1,51.22,BUY
GS,2023-10-12T00:00:00.000000,1,51.22,BUY
GS,2023-10-13T00:00:00.000000,1,51.22,BUY
GS,2023-10-16T00:00:00.000000,1,51.22,BUY
GS,2023-10-17T00:00:00.000000,1,51.22,BUY
GS,2023-10-18T00:00:00.000000,1,50.07,BUY
GS,2023-10-19T00:00:00.000000,1,50.07,BUY
GS,2023-10-20T00:00:00.000000,1,51.22,BUY
GS,2023-10-23T00:00:00.000000,1,51.22,BUY
GS,2023-10-24T00:00:00.000000,1,51.22,BUY
GS,2023-10-25T00:00:00.000000,1,51.22,BUY
GS,2023-10-26T00:00:00.000000,1,51.22,BUY
GS,2023-10-27T00:00:00.000000,1,51.22,BUY
GS,2023-10-30T00:00:00.000000,1,51.22,BUY
GS,2023-10-31T00:00:00.000000,1,51.22,BUY
GS,2023-11-01T00:00:00.000000,1,51.22,BUY
GS,2023-11-02T00:00:00.000000,1,51.22,BUY
GS,2023-11-03T00:00:00.000000,1,51.22,BUY
GS,2023-11-06T00:00:00.000000,1,51.22,BUY
GS,2023-11-07T00:00:00.000000,1,51.22,BUY
GS,2023-11-08T00:00:00.000000,1,51.22,BUY
GS,2023-11-09T00:00:00.000000,1,51.22,BUY
GS,2023-11-10T00:00:00.000000,1,50.07,BUY
GS,2023-11-13T00:00:00.000000,0,44.9,SELL
GS,2023-11-14T00:00:00.000000,0,44.9,SELL
GS,2023-11-15T00:00:00.000000,0,44.32,SELL
GS,2023-11-16T00:00:00.000000,0,44.32,SELL
GS,2023-11-17T00:00:00.000000,0,44.32,SELL
GS,2023-11-20T00:00:00.000000,0,44.9,SELL
GS,2023-11-21T00:00:00.000000,0,46.44,SELL
GS,2023-11-22T00:00:00.000000,0,46.44,SELL
GS,2023-11-24T00:00:00.000000,0,44.32,SELL
GS,2023-11-27T00:00:00.000000,0,44.32,SELL
GS,2023-11-28T00:00:00.000000,0,44.32,SELL
GS,2023-11-29T00:00:00.000000,0,44.32,SELL
GS,2023-11-30T00:00:00.000000,0,44.32,SELL
GS,2023-12-01T00:00:00.000000,0,44.32,SELL
GS,2023-12-04T00:00:00.000000,0,44.32,SELL
GS,2023-12-05T00:00:00.000000,0,44.32,SELL
GS,2023-12-06T00:00:00.000000,0,44.32,SELL
GS,2023-12-07T00:00:00.000000,0,44.32,SELL
GS,2023-12-08T00:00:00.000000,0,44.32,SELL
GS,2023-12-11T00:00:00.000000,0,44.32,SELL
GS,2023-12-12T00:00:00.000000,0,44.32,SELL
GS,2023-12-13T00:00:00.000000,0,44.32,SELL
GS,2023-12-14T00:00:00.000000,0,44.9,SELL
GS,2023-12-15T00:00:00.000000,0,46.44,SELL
GS,2023-12-18T00:00:00.000000,0,46.44,SELL
GS,2023-12-19T00:00:00.000000,0,46.44,SELL
GS,2023-12-20T00:00:00.000000,0,44.32,SELL
GS,2023-12-21T00:00:00.000000,0,44.32,SELL
GS,2023-12-22T00:00:00.000000,0,44.32,SELL
GS,2023-12-26T00:00:00.000000,0,44.32,SELL
GS,2023-12-27T00:00:00.000000,0,44.32,SELL
GS,2023-12-28T00:00:00.000000,0,44.32,SELL
GS,2023-12-29T00:00:00.000000,0,44.32,SELL
GS,2024-01-02T00:00:00.000000,0,44.32,SELL
GS,2024-01-03T00:00:00.000000,0,44.32,SELL
GS,2024-01-04T00:00:00.000000,0,44.32,SELL
GS,2024-01-05T00:00:00.000000,0,44.32,SELL
GS,2024-01-08T00:00:00.000000,0,44.32,SELL
GS,2024-01-09T00:00:00.000000,0,44.32,SELL
GS,2024-01-10T00:00:00.000000,0,44.32,SELL
GS,2024-01-11T00:00:00.000000,0,44.32,SELL
GS,2024-01-12T00:00:00.000000,0,46.44,SELL
GS,2024-01-16T00:00:00.000000,1,50.07,BUY
GS,2024-01-17T00:00:00.000000,1,51.22,BUY
GS,2024-01-18T00:00:00.000000,1,51.22,BUY
GS,2024-01-19T00:00:00.000000,1,51.22,BUY
GS,2024-01-22T00:00:00.000000,1,51.22,BUY
GS,2024-01-23T00:00:00.000000,1,51.22,BUY
GS,2024-01-24T00:00:00.000000,1,51.22,BUY
GS,2024-01-25T00:00:00.000000,1,51.22,BUY
GS,2024-01-26T00:00:00.000000,1,51.22,BUY
GS,2024-01-29T00:00:00.000000,1,51.22,BUY
GS,2024-01-30T00:00:00.000000,1,51.22,BUY
GS,2024-01-31T00:00:00.000000,1,51.22,BUY
GS,2024-02-01T00:00:00.000000,1,51.22,BUY
GS,2024-02-02T00:00:00.000000,1,50.07,BUY
GS,2024-02-05T00:00:00.000000,1,50.07,BUY
GS,2024-02-06T00:00:00.000000,1,50.07,BUY
GS,2024-02-07T00:00:00.000000,1,51.15,BUY
GS,2024-02-08T00:00:00.000000,1,50.07,BUY
GS,2024-02-09T00:00:00.000000,1,51.15,BUY
GS,2024-02-12T00:00:00.000000,1,50.07,BUY
GS,2024-02-13T00:00:00.000000,1,51.22,BUY
GS,2024-02-14T00:00:00.000000,1,51.22,BUY
GS,2024-02-15T00:00:00.000000,1,51.22,BUY
GS,2024-02-16T00:00:00.000000,1,51.22,BUY
GS,2024-02-20T00:00:00.000000,1,51.22,BUY
GS,2024-02-21T00:00:00.000000,1,51.22,BUY
GS,2024-02-22T00:00:00.000000,1,51.22,BUY
GS,2024-02-23T00:00:00.000000,1,51.22,BUY
GS,2024-02-26T00:00:00.000000,1,51.22,BUY
GS,2024-02-27T00:00:00.000000,1,51.22,BUY
GS,2024-02-28T00:00:00.000000,1,51.22,BUY
GS,2024-02-29T00:00:00.000000,0,46.44,SELL
GS,2024-03-01T00:00:00.000000,0,44.32,SELL
GS,2024-03-04T00:00:00.000000,0,44.32,SELL
GS,2024-03-05T00:00:00.000000,0,44.32,SELL
GS,2024-03-06T00:00:00.000000,0,44.32,SELL
GS,2024-03-07T00:00:00.000000,0,46.44,SELL
GS,2024-03-08T00:00:00.000000,0,46.44,SELL
GS,2024-03-11T00:00:00.000000,1,50.07,BUY
GS,2024-03-12T00:00:00.000000,1,50.07,BUY
GS,2024-03-13T00:00:00.000000,1,50.07,BUY
GS,2024-03-14T00:00:00.000000,1,51.22,BUY
GS,2024-03-15T00:00:00.000000,1,51.22,BUY
GS,2024-03-18T00:00:00.000000,1,51.22,BUY
GS,2024-03-19T00:00:00.000000,1,51.22,BUY
GS,2024-03-20T00:00:00.000000,1,51.22,BUY
GS,2024-03-21T00:00:00.000000,1,50.07,BUY
GS,2024-03-22T00:00:00.000000,1,50.0,BUY
GS,2024-03-25T00:00:00.000000,0,44.32,SELL
GS,2024-03-26T00:00:00.000000,0,44.32,SELL
GS,2024-03-27T00:00:00.000000,0,44.32,SELL
GS,2024-03-28T00:00:00.000000,0,44.32,SELL
GS,2024-04-01T00:00:00.000000,0,44.32,SELL
GS,2024-04-02T00:00:00.000000,0,43.6,SELL
GS,2024-04-03T00:00:00.000000,0,43.6,SELL
GS,2024-04-04T00:00:00.000000,0,43.6,SELL
GS,2024-04-05T00:00:00.000000,0,43.6,SELL
GS,2024-04-08T00:00:00.000000,0,44.32,SELL
GS,2024-04-09T00:00:00.000000,0,44.32,SELL
GS,2024-04-10T00:00:00.000000,0,44.32,SELL
GS,2024-04-11T00:00:00.000000,0,44.32,SELL
GS,2024-04-12T00:00:00.000000,0,46.44,SELL
GS,2024-04-15T00:00:00.000000,1,50.07,BUY
GS,2024-04-16T00:00:00.000000,1,51.22,BUY
GS,2024-04-17T00:00:00.000000,1,51.22,BUY
GS,2024-04-18T00:00:00.000000,1,51.22,BUY
GS,2024-04-19T00:00:00.000000,1,51.22,BUY
GS,2024-04-22T00:00:00.000000,1,51.22,BUY
GS,2024-04-23T00:00:00.000000,1,51.22,BUY
GS,2024-04-24T00:00:00.000000,1,51.22,BUY
GS,2024-04-25T00:00:00.000000,1,51.22,BUY
GS,2024-04-26T00:00:00.000000,1,51.22,BUY
GS,2024-04-29T00:00:00.000000,1,51.22,BUY
GS,2024-04-30T00:00:00.000000,1,51.22,BUY
GS,2024-05-01T00:00:00.000000,1,50.07,BUY
GS,2024-05-02T00:00:00.000000,1,50.07,BUY
GS,2024-05-03T00:00:00.000000,1,50.07,BUY
GS,2024-05-06T00:00:00.000000,1,50.07,BUY
GS,2024-05-07T00:00:00.000000,1,51.22,BUY
GS,2024-05-08T00:00:00.000000,1,51.22,BUY
GS,2024-05-09T00:00:00.000000,1,51.22,BUY
GS,2024-05-10T00:00:00.000000,1,51.22,BUY
GS,2024-05-13T00:00:00.000000,1,51.22,BUY
GS,2024-05-14T00:00:00.000000,1,51.22,BUY
GS,2024-05-15T00:00:00.000000,1,50.07,BUY
GS,2024-05-16T00:00:00.000000,0,46.44,SELL
GS,2024-05-17T00:00:00.000000,0,44.32,SELL
GS,2024-05-20T00:00:00.000000,0,44.32,SELL
GS,2024-05-21T00:00:00.000000,0,44.32,SELL
GS,2024-05-22T00:00:00.000000,0,44.32,SELL
GS,2024-05-23T00:00:00.000000,0,44.32,SELL
GS,2024-05-24T00:00:00.000000,0,44.32,SELL
GS,2024-05-28T00:00:00.000000,0,44.32,SELL
GS,2024-05-29T00:00:00.000000,0,44.32,SELL
GS,2024-05-30T00:00:00.000000,0,44.32,SELL
GS,2024-05-31T00:00:00.000000,0,46.44,SELL
GS,2024-06-03T00:00:00.000000,0,46.44,SELL
GS,2024-06-04T00:00:00.000000,1,50.07,BUY
GS,2024-06-05T00:00:00.000000,1,51.22,BUY
GS,2024-06-06T00:00:00.000000,1,51.22,BUY
GS,2024-06-07T00:00:00.000000,1,51.22,BUY
GS,2024-06-10T00:00:00.000000,1,51.22,BUY
GS,2024-06-11T00:00:00.000000,1,51.22,BUY
GS,2024-06-12T00:00:00.000000,1,51.22,BUY
GS,2024-06-13T00:00:00.000000,1,51.22,BUY
GS,2024-06-14T00:00:00.000000,1,51.22,BUY
GS,2024-06-17T00:00:00.000000,1,51.22,BUY
GS,2024-06-18T00:00:00.000000,1,51.22,BUY
GS,2024-06-20T00:00:00.000000,1,51.22,BUY
GS,2024-06-21T00:00:00.000000,1,51.22,BUY
GS,2024-06-24T00:00:00.000000,1,51.22,BUY
GS,2024-06-25T00:00:00.000000,1,51.22,BUY
GS,2024-06-26T00:00:00.000000,1,51.22,BUY
GS,2024-06-27T00:00:00.000000,1,51.22,BUY
GS,2024-06-28T00:00:00.000000,1,50.07,BUY
GS,2024-07-01T00:00:00.000000,1,50.07,BUY
GS,2024-07-02T00:00:00.000000,1,50.07,BUY
GS,2024-07-03T00:00:00.000000,1,50.07,BUY
GS,2024-07-05T00:00:00.000000,1,50.07,BUY
GS,2024-07-08T00:00:00.000000,1,51.22,BUY
GS,2024-07-09T00:00:00.000000,1,51.15,BUY
GS,2024-07-10T00:00:00.000000,1,51.22,BUY
GS,2024-07-11T00:00:00.000000,1,51.22,BUY
GS,2024-07-12T00:00:00.000000,1,50.07,BUY
GS,2024-07-15T00:00:00.000000,1,50.07,BUY
GS,2024-07-16T00:00:00.000000,0,46.44,SELL
GS,2024-07-17T00:00:00.000000,0,46.44,SELL
GS,2024-07-18T00:00:00.000000,0,46.44,SELL
GS,2024-07-19T00:00:00.000000,0,46.44,SELL
GS,2024-07-22T00:00:00.000000,0,46.44,SELL
GS,2024-07-23T00:00:00.000000,0,46.44,SELL
GS,2024-07-24T00:00:00.000000,0,46.44,SELL
GS,2024-07-25T00:00:00.000000,0,46.44,SELL
GS,2024-07-26T00:00:00.000000,0,46.44,SELL
GS,2024-07-29T00:00:00.000000,0,46.44,SELL
GS,2024-07-30T00:00:00.000000,0,46.44,SELL
GS,2024-07-31T00:00:00.000000,0,46.44,SELL
GS,2024-08-01T00:00:00.000000,0,44.9,SELL
GS,2024-08-02T00:00:00.000000,0,44.32,SELL
GS,2024-08-05T00:00:00.000000,0,44.32,SELL
GS,2024-08-06T00:00:00.000000,0,46.44,SELL
GS,2024-08-07T00:00:00.000000,1,50.07,BUY
GS,2024-08-08T00:00:00.000000,1,51.22,BUY
GS,2024-08-09T00:00:00.000000,1,51.22,BUY
GS,2024-08-12T00:00:00.000000,1,51.22,BUY
GS,2024-08-13T00:00:00.000000,1,51.22,BUY
GS,2024-08-14T00:00:00.000000,1,51.22,BUY
GS,2024-08-15T00:00:00.000000,1,51.22,BUY
GS,2024-08-16T00:00:00.000000,1,51.22,BUY
GS,2024-08-19T00:00:00.000000,1,51.22,BUY
GS,2024-08-20T00:00:00.000000,1,51.22,BUY
GS,2024-08-21T00:00:00.000000,1,50.07,BUY
GS,2024-08-22T00:00:00.000000,0,44.32,SELL
GS,2024-08-23T00:00:00.000000,0,44.32,SELL
GS,2024-08-26T00:00:00.000000,0,44.32,SELL
GS,2024-08-27T00:00:00.000000,0,44.32,SELL
GS,2024-08-28T00:00:00.000000,0,44.32,SELL
GS,2024-08-29T00:00:00.000000,0,44.32,SELL
GS,2024-08-30T00:00:00.000000,0,44.32,SELL
GS,2024-09-03T00:00:00.000000,0,44.32,SELL
GS,2024-09-04T00:00:00.000000,0,44.32,SELL
GS,2024-09-05T00:00:00.000000,0,44.32,SELL
GS,2024-09-06T00:00:00.000000,0,44.32,SELL
GS,2024-09-09T00:00:00.000000,0,44.32,SELL
GS,2024-09-10T00:00:00.000000,0,46.44,SELL
GS,2024-09-11T00:00:00.000000,1,50.07,BUY
GS,2024-09-12T00:00:00.000000,1,51.22,BUY
GS,2024-09-13T00:00:00.000000,1,51.22,BUY
GS,2024-09-16T00:00:00.000000,1,51.22,BUY
GS,2024-09-17T00:00:00.000000,1,51.22,BUY
GS,2024-09-18T00:00:00.000000,1,51.22,BUY
GS,2024-09-19T00:00:00.000000,1,51.22,BUY
GS,2024-09-20T00:00:00.000000,1,51.22,BUY
GS,2024-09-23T00:00:00.000000,1,51.22,BUY
GS,2024-09-24T00:00:00.000000,1,51.22,BUY
GS,2024-09-25T00:00:00.000000,1,51.22,BUY
GS,2024-09-26T00:00:00.000000,1,51.22,BUY
GS,2024-09-27T00:00:00.000000,1,50.07,BUY
GS,2024-09-30T00:00:00.000000,0,47.54,SELL
GS,2024-10-01T00:00:00.000000,0,46.44,SELL
GS,2024-10-02T00:00:00.000000,0,44.9,SELL
GS,2024-10-03T00:00:00.000000,0,44.32,SELL
GS,2024-10-04T00:00:00.000000,1,47.54,BUY
GS,2024-10-07T00:00:00.000000,1,50.07,BUY
GS,2024-10-08T00:00:00.000000,1,50.07,BUY
GS,2024-10-09T00:00:00.000000,1,51.15,BUY
GS,2024-10-10T00:00:00.000000,1,50.07,BUY
GS,2024-10-11T00:00:00.000000,1,50.07,BUY
GS,2024-10-14T00:00:00.000000,1,50.0,BUY
GS,2024-10-15T00:00:00.000000,0,46.44,SELL
GS,2024-10-16T00:00:00.000000,0,46.44,SELL
GS,2024-10-17T00:00:00.000000,0,44.9,SELL
GS,2024-10-18T00:00:00.000000,0,44.32,SELL
GS,2024-10-21T00:00:00.000000,0,44.32,SELL
GS,2024-10-22T00:00:00.000000,0,44.32,SELL
GS,2024-10-23T00:00:00.000000,0,44.32,SELL
GS,2024-10-24T00:00:00.000000,0,44.32,SELL
GS,2024-10-25T00:00:00.000000,0,44.32,SELL
GS,2024-10-28T00:00:00.000000,0,44.32,SELL
GS,2024-10-29T00:00:00.000000,0,44.32,SELL
GS,2024-10-30T00:00:00.000000,0,44.32,SELL
GS,2024-10-31T00:00:00.000000,0,44.9,SELL
GS,2024-11-01T00:00:00.000000,0,46.44,SELL
GS,2024-11-04T00:00:00.000000,0,46.44,SELL
GS,2024-11-05T00:00:00.000000,0,46.44,SELL
GS,2024-11-06T00:00:00.000000,1,50.07,BUY
GS,2024-11-07T00:00:00.000000,1,50.0,BUY
GS,2024-11-08T00:00:00.000000,0,46.44,SELL
GS,2024-11-11T00:00:00.000000,0,44.32,SELL
GS,2024-11-12T00:00:00.000000,0,44.9,SELL
GS,2024-11-13T00:00:00.000000,0,44.9,SELL
GS,2024-11-14T00:00:00.000000,0,44.32,SELL
GS,2024-11-15T00:00:00.000000,0,44.32,SELL
GS,2024-11-18T00:00:00.000000,0,44.32,SELL
GS,2024-11-19T00:00:00.000000,0,43.6,SELL
GS,2024-11-20T00:00:00.000000,0,43.6,SELL
GS,2024-11-21T00:00:00.000000,0,44.32,SELL
GS,2024-11-22T00:00:00.000000,0,44.32,SELL
GS,2024-11-25T00:00:00.000000,0,44.32,SELL
GS,2024-11-26T00:00:00.000000,0,44.32,SELL
GS,2024-11-27T00:00:00.000000,0,44.32,SELL
GS,2024-11-29T00:00:00.000000,0,44.32,SELL
GS,2024-12-02T00:00:00.000000,0,44.32,SELL
GS,2024-12-03T00:00:00.000000,0,43.6,SELL
GS,2024-12-04T00:00:00.000000,0,43.6,SELL
GS,2024-12-05T00:00:00.000000,0,43.6,SELL
GS,2024-12-06T00:00:00.000000,0,43.6,SELL
GS,2024-12-09T00:00:00.000000,0,44.32,SELL
GS,2024-12-10T00:00:00.000000,0,44.32,SELL
GS,2024-12-11T00:00:00.000000,0,46.44,SELL
GS,2024-12-12T00:00:00.000000,1,50.07,BUY
GS,2024-12-13T00:00:00.000000,1,51.22,BUY
GS,2024-12-16T00:00:00.000000,1,51.22,BUY
GS,2024-12-17T00:00:00.000000,1,51.22,BUY
GS,2024-12-18T00:00:00.000000,1,51.22,BUY
GS,2024-12-19T00:00:00.000000,1,51.22,BUY
GS,2024-12-20T00:00:00.000000,1,51.22,BUY
INTC,2023-02-21T00:00:00.000000,1,51.22,BUY
INTC,2023-02-22T00:00:00.000000,1,51.22,BUY
INTC,2023-02-23T00:00:00.000000,1,51.22,BUY
INTC,2023-02-24T00:00:00.000000,1,51.22,BUY
INTC,2023-02-27T00:00:00.000000,1,50.07,BUY
INTC,2023-02-28T00:00:00.000000,1,50.07,BUY
INTC,2023-03-01T00:00:00.000000,1,51.15,BUY
INTC,2023-03-02T00:00:00.000000,1,51.22,BUY
INTC,2023-03-03T00:00:00.000000,1,51.22,BUY
INTC,2023-03-06T00:00:00.000000,1,50.0,BUY
INTC,2023-03-07T00:00:00.000000,0,44.32,SELL
INTC,2023-03-08T00:00:00.000000,0,44.32,SELL
INTC,2023-03-09T00:00:00.000000,0,43.6,SELL
INTC,2023-03-10T00:00:00.000000,0,44.32,SELL
INTC,2023-03-13T00:00:00.000000,0,44.32,SELL
INTC,2023-03-14T00:00:00.000000,0,46.44,SELL
INTC,2023-03-15T00:00:00.000000,0,46.44,SELL
INTC,2023-03-16T00:00:00.000000,0,46.44,SELL
INTC,2023-03-17T00:00:00.000000,0,46.44,SELL
INTC,2023-03-20T00:00:00.000000,1,50.07,BUY
INTC,2023-03-21T00:00:00.000000,1,51.22,BUY
INTC,2023-03-22T00:00:00.000000,1,51.22,BUY
INTC,2023-03-23T00:00:00.000000,1,51.22,BUY
INTC,2023-03-24T00:00:00.000000,1,51.22,BUY
INTC,2023-03-27T00:00:00.000000,1,51.22,BUY
INTC,2023-03-28T00:00:00.000000,1,51.22,BUY
INTC,2023-03-29T00:00:00.000000,1,51.22,BUY
INTC,2023-03-30T00:00:00.000000,1,51.22,BUY
INTC,2023-03-31T00:00:00.000000,1,51.15,BUY
INTC,2023-04-03T00:00:00.000000,1,50.07,BUY
INTC,2023-04-04T00:00:00.000000,0,44.9,SELL
INTC,2023-04-05T00:00:00.000000,0,44.32,SELL
INTC,2023-04-06T00:00:00.000000,0,44.32,SELL
INTC,2023-04-10T00:00:00.000000,0,43.6,SELL
INTC,2023-04-11T00:00:00.000000,0,44.32,SELL
INTC,2023-04-12T00:00:00.000000,0,44.32,SELL
INTC,2023-04-13T00:00:00.000000,0,44.32,SELL
INTC,2023-04-14T00:00:00.000000,0,44.32,SELL
INTC,2023-04-17T00:00:00.000000,0,46.44,SELL
INTC,2023-04-18T00:00:00.000000,1,50.07,BUY
INTC,2023-04-19T00:00:00.000000,1,50.07,BUY
INTC,2023-04-20T00:00:00.000000,1,50.07,BUY
INTC,2023-04-21T00:00:00.000000,0,46.44,SELL
INTC,2023-04-24T00:00:00.000000,0,44.32,SELL
INTC,2023-04-25T00:00:00.000000,0,44.32,SELL
INTC,2023-04-26T00:00:00.000000,0,44.32,SELL
INTC,2023-04-27T00:00:00.000000,0,44.32,SELL
INTC,2023-04-28T00:00:00.000000,0,44.32,SELL
INTC,2023-05-01T00:00:00.000000,0,44.32,SELL
INTC,2023-05-02T00:00:00.000000,0,44.32,SELL
INTC,2023-05-03T00:00:00.000000,0,44.32,SELL
INTC,2023-05-04T00:00:00.000000,0,44.32,SELL
INTC,2023-05-05T00:00:00.000000,0,44.32,SELL
INTC,2023-05-08T00:00:00.000000,0,44.32,SELL
INTC,2023-05-09T00:00:00.000000,0,44.32,SELL
INTC,2023-05-10T00:00:00.000000,0,44.32,SELL
INTC,2023-05-11T00:00:00.000000,0,44.32,SELL
INTC,2023-05-12T00:00:00.000000,0,44.32,SELL
INTC,2023-05-15T00:00:00.000000,0,44.32,SELL
INTC,2023-05-16T00:00:00.000000,0,44.32,SELL
INTC,2023-05-17T00:00:00.000000,0,44.32,SELL
INTC,2023-05-18T00:00:00.000000,0,44.32,SELL
INTC,2023-05-19T00:00:00.000000,0,44.32,SELL
INTC,2023-05-22T00:00:00.000000,0,43.6,SELL
INTC,2023-05-23T00:00:00.000000,0,43.6,SELL
INTC,2023-05-24T00:00:00.000000,0,43.6,SELL
INTC,2023-05-25T00:00:00.000000,0,43.6,SELL
INTC,2023-05-26T00:00:00.000000,0,43.6,SELL
INTC,2023-05-30T00:00:00.000000,0,43.6,SELL
INTC,2023-05-31T00:00:00.000000,0,44.32,SELL
INTC,2023-06-01T00:00:00.000000,0,44.32,SELL
INTC,2023-06-02T00:00:00.000000,0,44.32,SELL
INTC,2023-06-05T00:00:00.000000,0,44.32,SELL
INTC,2023-06-06T00:00:00.000000,0,44.32,SELL
INTC,2023-06-07T00:00:00.000000,0,44.32,SELL
INTC,2023-06-08T00:00:00.000000,0,44.32,SELL
INTC,2023-06-09T00:00:00.000000,0,44.32,SELL
INTC,2023-06-12T00:00:00.000000,0,44.32,SELL
INTC,2023-06-13T00:00:00.000000,0,44.32,SELL
INTC,2023-06-14T00:00:00.000000,0,44.32,SELL
INTC,2023-06-15T00:00:00.000000,0,44.32,SELL
INTC,2023-06-16T00:00:00.000000,0,44.32,SELL
INTC,2023-06-20T00:00:00.000000,0,44.32,SELL
INTC,2023-06-21T00:00:00.000000,0,44.32,SELL
INTC,2023-06-22T00:00:00.000000,0,44.32,SELL
INTC,2023-06-23T00:00:00.000000,0,46.44,SELL
INTC,2023-06-26T00:00:00.000000,1,50.07,BUY
INTC,2023-06-27T00:00:00.000000,1,51.15,BUY
INTC,2023-06-28T00:00:00.000000,1,51.22,BUY
INTC,2023-06-29T00:00:00.000000,1,51.22,BUY
INTC,2023-06-30T00:00:00.000000,1,51.22,BUY
INTC,2023-07-03T00:00:00.000000,1,51.22,BUY
INTC,2023-07-05T00:00:00.000000,1,51.22,BUY
INTC,2023-07-06T00:00:00.000000,1,51.22,BUY
INTC,2023-07-07T00:00:00.000000,1,50.07,BUY
INTC,2023-07-10T00:00:00.000000,0,44.9,SELL
INTC,2023-07-11T00:00:00.000000,0,44.32,SELL
INTC,2023-07-12T00:00:00.000000,0,44.32,SELL
INTC,2023-07-13T00:00:00.000000,0,44.32,SELL
INTC,2023-07-14T00:00:00.000000,0,44.32,SELL
INTC,2023-07-17T00:00:00.000000,0,44.32,SELL
INTC,2023-07-18T00:00:00.000000,0,44.32,SELL
INTC,2023-07-19T00:00:00.000000,0,44.32,SELL
INTC,2023-07-20T00:00:00.000000,0,44.32,SELL
INTC,2023-07-21T00:00:00.000000,0,43.6,SELL
INTC,2023-07-24T00:00:00.000000,0,43.59,SELL
INTC,2023-07-25T00:00:00.000000,0,43.59,SELL
INTC,2023-07-26T00:00:00.000000,0,43.59,SELL
INTC,2023-07-27T00:00:00.000000,0,43.6,SELL
INTC,2023-07-28T00:00:00.000000,0,44.32,SELL
INTC,2023-07-31T00:00:00.000000,0,44.32,SELL
INTC,2023-08-01T00:00:00.000000,0,44.32,SELL
INTC,2023-08-02T00:00:00.000000,0,44.32,SELL
INTC,2023-08-03T00:00:00.000000,0,44.32,SELL
INTC,2023-08-04T00:00:00.000000,0,44.32,SELL
INTC,2023-08-07T00:00:00.000000,0,44.32,SELL
INTC,2023-08-08T00:00:00.000000,0,44.32,SELL
INTC,2023-08-09T00:00:00.000000,0,44.32,SELL
INTC,2023-08-10T00:00:00.000000,0,44.32,SELL
INTC,2023-08-11T00:00:00.000000,0,44.9,SELL
INTC,2023-08-14T00:00:00.000000,1,50.0,BUY
INTC,2023-08-15T00:00:00.000000,1,50.07,BUY
INTC,2023-08-16T00:00:00.000000,1,51.22,BUY
INTC,2023-08-17T00:00:00.000000,1,50.07,BUY
INTC,2023-08-18T00:00:00.000000,1,50.07,BUY
INTC,2023-08-21T00:00:00.000000,1,50.07,BUY
INTC,2023-08-22T00:00:00.000000,1,51.22,BUY
INTC,2023-08-23T00:00:00.000000,1,51.22,BUY
INTC,2023-08-24T00:00:00.000000,1,51.22,BUY
INTC,2023-08-25T00:00:00.000000,1,51.22,BUY
INTC,2023-08-28T00:00:00.000000,1,51.22,BUY
INTC,2023-08-29T00:00:00.000000,1,51.22,BUY
INTC,2023-08-30T00:00:00.000000,1,51.22,BUY
INTC,2023-08-31T00:00:00.000000,1,51.22,BUY
INTC,2023-09-01T00:00:00.000000,1,50.07,BUY
INTC,2023-09-05T00:00:00.000000,0,46.44,SELL
INTC,2023-09-06T00:00:00.000000,0,46.44,SELL
INTC,2023-09-07T00:00:00.000000,0,44.32,SELL
INTC,2023-09-08T00:00:00.000000,0,44.32,SELL
INTC,2023-09-11T00:00:00.000000,0,44.32,SELL
INTC,2023-09-12T00:00:00.000000,0,44.32,SELL
INTC,2023-09-13T00:00:00.000000,0,46.44,SELL
INTC,2023-09-14T00:00:00.000000,1,50.07,BUY
INTC,2023-09-15T00:00:00.000000,1,51.22,BUY
INTC,2023-09-18T00:00:00.000000,1,51.22,BUY
INTC,2023-09-19T00:00:00.000000,1,51.22,BUY
INTC,2023-09-20T00:00:00.000000,1,51.22,BUY
INTC,2023-09-21T00:00:00.000000,1,51.22,BUY
INTC,2023-09-22T00:00:00.000000,1,51.22,BUY
INTC,2023-09-25T00:00:00.000000,1,51.22,BUY
INTC,2023-09-26T00:00:00.000000,1,51.22,BUY
INTC,2023-09-27T00:00:00.000000,1,50.07,BUY
INTC,2023-09-28T00:00:00.000000,1,47.54,BUY
INTC,2023-09-29T00:00:00.000000,0,44.9,SELL
INTC,2023-10-02T00:00:00.000000,0,44.32,SELL
INTC,2023-10-03T00:00:00.000000,0,44.32,SELL
INTC,2023-10-04T00:00:00.000000,0,44.9,SELL
INTC,2023-10-05T00:00:00.000000,0,46.44,SELL
INTC,2023-10-06T00:00:00.000000,1,50.07,BUY
INTC,2023-10-09T00:00:00.000000,1,50.07,BUY
INTC,2023-10-10T00:00:00.000000,1,50.07,BUY
INTC,2023-10-11T00:00:00.000000,0,46.44,SELL
INTC,2023-10-12T00:00:00.000000,0,44.32,SELL
INTC,2023-10-13T00:00:00.000000,0,44.32,SELL
INTC,2023-10-16T00:00:00.000000,0,44.32,SELL
INTC,2023-10-17T00:00:00.000000,0,44.32,SELL
INTC,2023-10-18T00:00:00.000000,0,44.32,SELL
INTC,2023-10-19T00:00:00.000000,0,44.32,SELL
INTC,2023-10-20T00:00:00.000000,0,44.32,SELL
INTC,2023-10-23T00:00:00.000000,0,44.32,SELL
INTC,2023-10-24T00:00:00.000000,0,44.32,SELL
INTC,2023-10-25T00:00:00.000000,0,44.9,SELL
INTC,2023-10-26T00:00:00.000000,1,50.0,BUY
INTC,2023-10-27T00:00:00.000000,1,50.07,BUY
INTC,2023-10-30T00:00:00.000000,1,50.07,BUY
INTC,2023-10-31T00:00:00.000000,1,51.22,BUY
INTC,2023-11-01T00:00:00.000000,1,51.22,BUY
INTC,2023-11-02T00:00:00.000000,1,51.22,BUY
INTC,2023-11-03T00:00:00.000000,1,51.22,BUY
INTC,2023-11-06T00:00:00.000000,1,51.22,BUY
INTC,2023-11-07T00:00:00.000000,1,50.07,BUY
INTC,2023-11-08T00:00:00.000000,1,47.54,BUY
INTC,2023-11-09T00:00:00.000000,0,44.32,SELL
INTC,2023-11-10T00:00:00.000000,0,44.32,SELL
INTC,2023-11-13T00:00:00.000000,0,44.32,SELL
INTC,2023-11-14T00:00:00.000000,0,44.32,SELL
INTC,2023-11-15T00:00:00.000000,0,44.9,SELL
INTC,2023-11-16T00:00:00.000000,0,44.32,SELL
INTC,2023-11-17T00:00:00.000000,0,44.32,SELL
INTC,2023-11-20T00:00:00.000000,0,44.32,SELL
INTC,2023-11-21T00:00:00.000000,0,44.32,SELL
INTC,2023-11-22T00:00:00.000000,0,44.32,SELL
INTC,2023-11-24T00:00:00.000000,0,44.32,SELL
INTC,2023-11-27T00:00:00.000000,0,43.6,SELL
INTC,2023-11-28T00:00:00.000000,0,43.6,SELL
INTC,2023-11-29T00:00:00.000000,0,43.6,SELL
INTC,2023-11-30T00:00:00.000000,0,44.32,SELL
INTC,2023-12-01T00:00:00.000000,0,44.32,SELL
INTC,2023-12-04T00:00:00.000000,0,46.44,SELL
INTC,2023-12-05T00:00:00.000000,1,50.07,BUY
INTC,2023-12-06T00:00:00.000000,1,50.07,BUY
INTC,2023-12-07T00:00:00.000000,1,51.15,BUY
INTC,2023-12-08T00:00:00.000000,1,50.07,BUY
INTC,2023-12-11T00:00:00.000000,1,50.07,BUY
INTC,2023-12-12T00:00:00.000000,0,47.54,SELL
INTC,2023-12-13T00:00:00.000000,0,44.32,SELL
INTC,2023-12-14T00:00:00.000000,0,44.32,SELL
INTC,2023-12-15T00:00:00.000000,0,44.32,SELL
INTC,2023-12-18T00:00:00.000000,0,43.6,SELL
INTC,2023-12-19T00:00:00.000000,0,43.59,SELL
INTC,2023-12-20T00:00:00.000000,0,41.9,SELL
INTC,2023-12-21T00:00:00.000000,0,41.9,SELL
INTC,2023-12-22T00:00:00.000000,0,41.9,SELL
INTC,2023-12-26T00:00:00.000000,0,41.9,SELL
INTC,2023-12-27T00:00:00.000000,0,41.9,SELL
INTC,2023-12-28T00:00:00.000000,0,41.9,SELL
INTC,2023-12-29T00:00:00.000000,0,41.9,SELL
INTC,2024-01-02T00:00:00.000000,0,43.59,SELL
INTC,2024-01-03T00:00:00.000000,0,43.59,SELL
INTC,2024-01-04T00:00:00.000000,0,43.6,SELL
INTC,2024-01-05T00:00:00.000000,0,44.32,SELL
INTC,2024-01-08T00:00:00.000000,0,44.32,SELL
INTC,2024-01-09T00:00:00.000000,0,44.32,SELL
INTC,2024-01-10T00:00:00.000000,0,44.32,SELL
INTC,2024-01-11T00:00:00.000000,0,46.44,SELL
INTC,2024-01-12T00:00:00.000000,0,46.44,SELL
INTC,2024-01-16T00:00:00.000000,0,46.44,SELL
INTC,2024-01-17T00:00:00.000000,0,46.44,SELL
INTC,2024-01-18T00:00:00.000000,0,44.9,SELL
INTC,2024-01-19T00:00:00.000000,0,44.32,SELL
INTC,2024-01-22T00:00:00.000000,0,44.32,SELL
INTC,2024-01-23T00:00:00.000000,0,44.32,SELL
INTC,2024-01-24T00:00:00.000000,0,44.32,SELL
INTC,2024-01-25T00:00:00.000000,0,44.32,SELL
INTC,2024-01-26T00:00:00.000000,0,44.32,SELL
INTC,2024-01-29T00:00:00.000000,0,44.32,SELL
INTC,2024-01-30T00:00:00.000000,0,44.32,SELL
INTC,2024-01-31T00:00:00.000000,0,44.32,SELL
INTC,2024-02-01T00:00:00.000000,0,44.32,SELL
INTC,2024-02-02T00:00:00.000000,0,44.32,SELL
INTC,2024-02-05T00:00:00.000000,0,44.32,SELL
INTC,2024-02-06T00:00:00.000000,0,44.32,SELL
INTC,2024-02-07T00:00:00.000000,0,44.32,SELL
INTC,2024-02-08T00:00:00.000000,0,43.6,SELL
INTC,2024-02-09T00:00:00.000000,0,43.59,SELL
INTC,2024-02-12T00:00:00.000000,0,41.9,SELL
INTC,2024-02-13T00:00:00.000000,0,41.9,SELL
INTC,2024-02-14T00:00:00.000000,0,43.59,SELL
INTC,2024-02-15T00:00:00.000000,0,43.6,SELL
INTC,2024-02-16T00:00:00.000000,0,44.32,SELL
INTC,2024-02-20T00:00:00.000000,0,44.32,SELL
INTC,2024-02-21T00:00:00.000000,0,44.32,SELL
INTC,2024-02-22T00:00:00.000000,0,44.32,SELL
INTC,2024-02-23T00:00:00.000000,0,44.32,SELL
INTC,2024-02-26T00:00:00.000000,0,44.32,SELL
INTC,2024-02-27T00:00:00.000000,0,44.32,SELL
INTC,2024-02-28T00:00:00.000000,0,44.32,SELL
INTC,2024-02-29T00:00:00.000000,0,44.32,SELL
INTC,2024-03-01T00:00:00.000000,0,44.32,SELL
INTC,2024-03-04T00:00:00.000000,0,44.32,SELL
INTC,2024-03-05T00:00:00.000000,0,44.32,SELL
INTC,2024-03-06T00:00:00.000000,0,44.32,SELL
INTC,2024-03-07T00:00:00.000000,0,44.32,SELL
INTC,2024-03-08T00:00:00.000000,0,44.32,SELL
INTC,2024-03-11T00:00:00.000000,0,44.32,SELL
INTC,2024-03-12T00:00:00.000000,0,44.32,SELL
INTC,2024-03-13T00:00:00.000000,0,44.32,SELL
INTC,2024-03-14T00:00:00.000000,0,43.6,SELL
INTC,2024-03-15T00:00:00.000000,0,43.6,SELL
INTC,2024-03-18T00:00:00.000000,0,44.32,SELL
INTC,2024-03-19T00:00:00.000000,0,44.32,SELL
INTC,2024-03-20T00:00:00.000000,0,44.32,SELL
INTC,2024-03-21T00:00:00.000000,0,44.32,SELL
INTC,2024-03-22T00:00:00.000000,0,44.32,SELL
INTC,2024-03-25T00:00:00.000000,0,44.32,SELL
INTC,2024-03-26T00:00:00.000000,0,44.32,SELL
INTC,2024-03-27T00:00:00.000000,0,44.32,SELL
INTC,2024-03-28T00:00:00.000000,0,43.6,SELL
INTC,2024-04-01T00:00:00.000000,0,43.6,SELL
INTC,2024-04-02T00:00:00.000000,0,43.59,SELL
INTC,2024-04-03T00:00:00.000000,0,43.59,SELL
INTC,2024-04-04T00:00:00.000000,0,43.6,SELL
INTC,2024-04-05T00:00:00.000000,0,44.32,SELL
INTC,2024-04-08T00:00:00.000000,0,44.32,SELL
INTC,2024-04-09T00:00:00.000000,0,44.32,SELL
INTC,2024-04-10T00:00:00.000000,0,44.32,SELL
INTC,2024-04-11T00:00:00.000000,0,44.32,SELL
INTC,2024-04-12T00:00:00.000000,0,44.32,SELL
INTC,2024-04-15T00:00:00.000000,0,44.32,SELL
INTC,2024-04-16T00:00:00.000000,0,44.32,SELL
INTC,2024-04-17T00:00:00.000000,0,44.32,SELL
INTC,2024-04-18T00:00:00.000000,0,43.59,SELL
INTC,2024-04-19T00:00:00.000000,0,41.9,SELL
INTC,2024-04-22T00:00:00.000000,0,41.9,SELL
INTC,2024-04-23T00:00:00.000000,0,41.9,SELL
INTC,2024-04-24T00:00:00.000000,0,44.32,SELL
INTC,2024-04-25T00:00:00.000000,0,44.32,SELL
INTC,2024-04-26T00:00:00.000000,0,46.44,SELL
INTC,2024-04-29T00:00:00.000000,0,44.32,SELL
INTC,2024-04-30T00:00:00.000000,0,43.6,SELL
INTC,2024-05-01T00:00:00.000000,0,41.9,SELL
INTC,2024-05-02T00:00:00.000000,0,41.9,SELL
INTC,2024-05-03T00:00:00.000000,0,41.9,SELL
INTC,2024-05-06T00:00:00.000000,0,41.73,SELL
INTC,2024-05-07T00:00:00.000000,0,41.9,SELL
INTC,2024-05-08T00:00:00.000000,0,41.9,SELL
INTC,2024-05-09T00:00:00.000000,0,41.88,SELL
INTC,2024-05-10T00:00:00.000000,0,41.77,SELL
INTC,2024-05-13T00:00:00.000000,0,41.9,SELL
INTC,2024-05-14T00:00:00.000000,0,41.9,SELL
INTC,2024-05-15T00:00:00.000000,0,41.9,SELL
INTC,2024-05-16T00:00:00.000000,0,43.6,SELL
INTC,2024-05-17T00:00:00.000000,0,46.44,SELL
INTC,2024-05-20T00:00:00.000000,0,46.44,SELL
INTC,2024-05-21T00:00:00.000000,0,46.44,SELL
INTC,2024-05-22T00:00:00.000000,0,44.32,SELL
INTC,2024-05-23T00:00:00.000000,0,44.32,SELL
INTC,2024-05-24T00:00:00.000000,0,44.32,SELL
INTC,2024-05-28T00:00:00.000000,0,44.32,SELL
INTC,2024-05-29T00:00:00.000000,0,44.32,SELL
INTC,2024-05-30T00:00:00.000000,0,46.44,SELL
INTC,2024-05-31T00:00:00.000000,1,50.07,BUY
INTC,2024-06-03T00:00:00.000000,1,51.22,BUY
INTC,2024-06-04T00:00:00.000000,1,51.22,BUY
INTC,2024-06-05T00:00:00.000000,1,51.22,BUY
INTC,2024-06-06T00:00:00.000000,1,51.22,BUY
INTC,2024-06-07T00:00:00.000000,1,51.22,BUY
INTC,2024-06-10T00:00:00.000000,1,51.22,BUY
INTC,2024-06-11T00:00:00.000000,1,51.22,BUY
INTC,2024-06-12T00:00:00.000000,1,51.22,BUY
INTC,2024-06-13T00:00:00.000000,1,50.07,BUY
INTC,2024-06-14T00:00:00.000000,1,50.07,BUY
INTC,2024-06-17T00:00:00.000000,1,51.22,BUY
INTC,2024-06-18T00:00:00.000000,1,51.22,BUY
INTC,2024-06-20T00:00:00.000000,1,51.22,BUY
INTC,2024-06-21T00:00:00.000000,1,51.22,BUY
INTC,2024-06-24T00:00:00.000000,1,51.22,BUY
INTC,2024-06-25T00:00:00.000000,1,51.22,BUY
INTC,2024-06-26T00:00:00.000000,1,51.22,BUY
INTC,2024-06-27T00:00:00.000000,1,51.22,BUY
INTC,2024-06-28T00:00:00.000000,1,51.22,BUY
INTC,2024-07-01T00:00:00.000000,1,51.22,BUY
INTC,2024-07-02T00:00:00.000000,1,51.22,BUY
INTC,2024-07-03T00:00:00.000000,1,51.22,BUY
INTC,2024-07-05T00:00:00.000000,1,51.22,BUY
INTC,2024-07-08T00:00:00.000000,1,51.22,BUY
INTC,2024-07-09T00:00:00.000000,1,51.22,BUY
INTC,2024-07-10T00:00:00.000000,1,51.22,BUY
INTC,2024-07-11T00:00:00.000000,1,51.22,BUY
INTC,2024-07-12T00:00:00.000000,1,50.07,BUY
INTC,2024-07-15T00:00:00.000000,1,50.07,BUY
INTC,2024-07-16T00:00:00.000000,1,50.07,BUY
INTC,2024-07-17T00:00:00.000000,1,50.07,BUY
INTC,2024-07-18T00:00:00.000000,1,51.22,BUY
INTC,2024-07-19T00:00:00.000000,1,51.22,BUY
INTC,2024-07-22T00:00:00.000000,1,51.22,BUY
INTC,2024-07-23T00:00:00.000000,1,51.22,BUY
INTC,2024-07-24T00:00:00.000000,1,51.22,BUY
INTC,2024-07-25T00:00:00.000000,1,51.22,BUY
INTC,2024-07-26T00:00:00.000000,1,51.22,BUY
INTC,2024-07-29T00:00:00.000000,1,50.07,BUY
INTC,2024-07-30T00:00:00.000000,1,50.07,BUY
INTC,2024-07-31T00:00:00.000000,0,44.9,SELL
INTC,2024-08-01T00:00:00.000000,0,44.32,SELL
INTC,2024-08-02T00:00:00.000000,0,44.32,SELL
INTC,2024-08-05T00:00:00.000000,0,43.59,SELL
INTC,2024-08-06T00:00:00.000000,0,41.9,SELL
INTC,2024-08-07T00:00:00.000000,0,41.9,SELL
INTC,2024-08-08T00:00:00.000000,0,41.9,SELL
INTC,2024-08-09T00:00:00.000000,0,41.9,SELL
INTC,2024-08-12T00:00:00.000000,0,41.9,SELL
INTC,2024-08-13T00:00:00.000000,0,41.9,SELL
INTC,2024-08-14T00:00:00.000000,0,41.9,SELL
INTC,2024-08-15T00:00:00.000000,0,41.9,SELL
INTC,2024-08-16T00:00:00.000000,0,41.9,SELL
INTC,2024-08-19T00:00:00.000000,0,41.9,SELL
INTC,2024-08-20T00:00:00.000000,0,41.9,SELL
INTC,2024-08-21T00:00:00.000000,0,41.9,SELL
INTC,2024-08-22T00:00:00.000000,0,43.59,SELL
INTC,2024-08-23T00:00:00.000000,1,50.07,BUY
INTC,2024-08-26T00:00:00.000000,1,51.22,BUY
INTC,2024-08-27T00:00:00.000000,1,51.15,BUY
INTC,2024-08-28T00:00:00.000000,1,50.07,BUY
INTC,2024-08-29T00:00:00.000000,0,44.32,SELL
INTC,2024-08-30T00:00:00.000000,0,44.32,SELL
INTC,2024-09-03T00:00:00.000000,0,44.32,SELL
INTC,2024-09-04T00:00:00.000000,0,44.32,SELL
INTC,2024-09-05T00:00:00.000000,0,44.32,SELL
INTC,2024-09-06T00:00:00.000000,0,44.32,SELL
INTC,2024-09-09T00:00:00.000000,0,44.32,SELL
INTC,2024-09-10T00:00:00.000000,0,44.32,SELL
INTC,2024-09-11T00:00:00.000000,1,47.54,BUY
INTC,2024-09-12T00:00:00.000000,1,51.22,BUY
INTC,2024-09-13T00:00:00.000000,1,51.22,BUY
INTC,2024-09-16T00:00:00.000000,1,51.22,BUY
INTC,2024-09-17T00:00:00.000000,1,51.22,BUY
INTC,2024-09-18T00:00:00.000000,1,51.22,BUY
INTC,2024-09-19T00:00:00.000000,1,51.22,BUY
INTC,2024-09-20T00:00:00.000000,1,51.22,BUY
INTC,2024-09-23T00:00:00.000000,1,51.22,BUY
INTC,2024-09-24T00:00:00.000000,1,50.07,BUY
INTC,2024-09-25T00:00:00.000000,1,50.07,BUY
INTC,2024-09-26T00:00:00.000000,1,51.22,BUY
INTC,2024-09-27T00:00:00.000000,1,51.22,BUY
INTC,2024-09-30T00:00:00.000000,1,51.22,BUY
INTC,2024-10-01T00:00:00.000000,1,51.22,BUY
INTC,2024-10-02T00:00:00.000000,1,51.22,BUY
INTC,2024-10-03T00:00:00.000000,1,51.22,BUY
INTC,2024-10-04T00:00:00.000000,1,51.22,BUY
INTC,2024-10-07T00:00:00.000000,1,51.22,BUY
INTC,2024-10-08T00:00:00.000000,1,51.22,BUY
INTC,2024-10-09T00:00:00.000000,1,51.22,BUY
INTC,2024-10-10T00:00:00.000000,1,51.22,BUY
INTC,2024-10-11T00:00:00.000000,1,51.22,BUY
INTC,2024-10-14T00:00:00.000000,1,51.22,BUY
INTC,2024-10-15T00:00:00.000000,1,50.07,BUY
INTC,2024-10-16T00:00:00.000000,0,46.44,SELL
INTC,2024-10-17T00:00:00.000000,0,44.32,SELL
INTC,2024-10-18T00:00:00.000000,0,44.32,SELL
INTC,2024-10-21T00:00:00.000000,0,44.32,SELL
INTC,2024-10-22T00:00:00.000000,0,44.32,SELL
INTC,2024-10-23T00:00:00.000000,0,44.32,SELL
INTC,2024-10-24T00:00:00.000000,0,44.32,SELL
INTC,2024-10-25T00:00:00.000000,0,44.32,SELL
INTC,2024-10-28T00:00:00.000000,0,44.32,SELL
INTC,2024-10-29T00:00:00.000000,0,44.9,SELL
INTC,2024-10-30T00:00:00.000000,0,44.32,SELL
INTC,2024-10-31T00:00:00.000000,0,44.32,SELL
INTC,2024-11-01T00:00:00.000000,0,44.32,SELL
INTC,2024-11-04T00:00:00.000000,0,46.44,SELL
INTC,2024-11-05T00:00:00.000000,1,50.07,BUY
INTC,2024-11-06T00:00:00.000000,1,50.07,BUY
INTC,2024-11-07T00:00:00.000000,0,46.44,SELL
INTC,2024-11-08T00:00:00.000000,0,44.32,SELL
INTC,2024-11-11T00:00:00.000000,0,44.32,SELL
INTC,2024-11-12T00:00:00.000000,0,44.32,SELL
INTC,2024-11-13T00:00:00.000000,0,44.32,SELL
INTC,2024-11-14T00:00:00.000000,0,46.44,SELL
INTC,2024-11-15T00:00:00.000000,0,46.44,SELL
INTC,2024-11-18T00:00:00.000000,1,50.07,BUY
INTC,2024-11-19T00:00:00.000000,1,50.07,BUY
INTC,2024-11-20T00:00:00.000000,1,51.15,BUY
INTC,2024-11-21T00:00:00.000000,1,51.22,BUY
INTC,2024-11-22T00:00:00.000000,1,51.22,BUY
INTC,2024-11-25T00:00:00.000000,1,51.22,BUY
INTC,2024-11-26T00:00:00.000000,1,51.22,BUY
INTC,2024-11-27T00:00:00.000000,1,50.07,BUY
INTC,2024-11-29T00:00:00.000000,0,46.44,SELL
INTC,2024-12-02T00:00:00.000000,0,44.32,SELL
INTC,2024-12-03T00:00:00.000000,0,44.32,SELL
INTC,2024-12-04T00:00:00.000000,0,44.32,SELL
INTC,2024-12-05T00:00:00.000000,0,44.32,SELL
INTC,2024-12-06T00:00:00.000000,0,44.32,SELL
INTC,2024-12-09T00:00:00.000000,0,44.32,SELL
INTC,2024-12-10T00:00:00.000000,0,44.32,SELL
INTC,2024-12-11T00:00:00.000000,0,44.32,SELL
INTC,2024-12-12T00:00:00.000000,0,43.6,SELL
INTC,2024-12-13T00:00:00.000000,0,43.6,SELL
INTC,2024-12-16T00:00:00.000000,0,43.6,SELL
INTC,2024-12-17T00:00:00.000000,0,43.59,SELL
INTC,2024-12-18T00:00:00.000000,0,43.59,SELL
INTC,2024-12-19T00:00:00.000000,0,41.9,SELL
INTC,2024-12-20T00:00:00.000000,0,41.9,SELL
IWM,2023-02-21T00:00:00.000000,1,51.22,BUY
IWM,2023-02-22T00:00:00.000000,1,51.22,BUY
IWM,2023-02-23T00:00:00.000000,1,51.22,BUY
IWM,2023-02-24T00:00:00.000000,1,51.22,BUY
IWM,2023-02-27T00:00:00.000000,1,51.22,BUY
IWM,2023-02-28T00:00:00.000000,1,51.22,BUY
IWM,2023-03-01T00:00:00.000000,1,51.22,BUY
IWM,2023-03-02T00:00:00.000000,1,51.22,BUY
IWM,2023-03-03T00:00:00.000000,1,51.22,BUY
IWM,2023-03-06T00:00:00.000000,1,51.22,BUY
IWM,2023-03-07T00:00:00.000000,1,51.22,BUY
IWM,2023-03-08T00:00:00.000000,1,51.22,BUY
IWM,2023-03-09T00:00:00.000000,1,51.22,BUY
IWM,2023-03-10T00:00:00.000000,1,51.22,BUY
IWM,2023-03-13T00:00:00.000000,1,51.22,BUY
IWM,2023-03-14T00:00:00.000000,1,51.22,BUY
IWM,2023-03-15T00:00:00.000000,1,51.22,BUY
IWM,2023-03-16T00:00:00.000000,1,50.07,BUY
IWM,2023-03-17T00:00:00.000000,1,50.07,BUY
IWM,2023-03-20T00:00:00.000000,0,46.44,SELL
IWM,2023-03-21T00:00:00.000000,0,44.32,SELL
IWM,2023-03-22T00:00:00.000000,0,44.32,SELL
IWM,2023-03-23T00:00:00.000000,0,44.32,SELL
IWM,2023-03-24T00:00:00.000000,0,44.32,SELL
IWM,2023-03-27T00:00:00.000000,0,44.32,SELL
IWM,2023-03-28T00:00:00.000000,0,44.32,SELL
IWM,2023-03-29T00:00:00.000000,0,44.32,SELL
IWM,2023-03-30T00:00:00.000000,0,44.32,SELL
IWM,2023-03-31T00:00:00.000000,1,50.0,BUY
IWM,2023-04-03T00:00:00.000000,0,46.44,SELL
IWM,2023-04-04T00:00:00.000000,0,46.44,SELL
IWM,2023-04-05T00:00:00.000000,0,46.44,SELL
IWM,2023-04-06T00:00:00.000000,0,44.32,SELL
IWM,2023-04-10T00:00:00.000000,0,44.32,SELL
IWM,2023-04-11T00:00:00.000000,0,44.32,SELL
IWM,2023-04-12T00:00:00.000000,0,44.32,SELL
IWM,2023-04-13T00:00:00.000000,0,44.32,SELL
IWM,2023-04-14T00:00:00.000000,0,44.32,SELL
IWM,2023-04-17T00:00:00.000000,0,44.32,SELL
IWM,2023-04-18T00:00:00.000000,0,44.32,SELL
IWM,2023-04-19T00:00:00.000000,0,44.32,SELL
IWM,2023-04-20T00:00:00.000000,0,44.32,SELL
IWM,2023-04-21T00:00:00.000000,0,44.32,SELL
IWM,2023-04-24T00:00:00.000000,0,44.32,SELL
IWM,2023-04-25T00:00:00.000000,0,44.32,SELL
IWM,2023-04-26T00:00:00.000000,0,46.44,SELL
IWM,2023-04-27T00:00:00.000000,0,46.44,SELL
IWM,2023-04-28T00:00:00.000000,1,50.07,BUY
IWM,2023-05-01T00:00:00.000000,1,50.07,BUY
IWM,2023-05-02T00:00:00.000000,1,51.22,BUY
IWM,2023-05-03T00:00:00.000000,1,51.22,BUY
IWM,2023-05-04T00:00:00.000000,1,51.22,BUY
IWM,2023-05-05T00:00:00.000000,1,51.22,BUY
IWM,2023-05-08T00:00:00.000000,1,51.22,BUY
IWM,2023-05-09T00:00:00.000000,1,51.22,BUY
IWM,2023-05-10T00:00:00.000000,1,51.22,BUY
IWM,2023-05-11T00:00:00.000000,1,51.22,BUY
IWM,2023-05-12T00:00:00.000000,1,51.22,BUY
IWM,2023-05-15T00:00:00.000000,1,51.22,BUY
IWM,2023-05-16T00:00:00.000000,1,51.22,BUY
IWM,2023-05-17T00:00:00.000000,1,51.22,BUY
IWM,2023-05-18T00:00:00.000000,1,51.22,BUY
IWM,2023-05-19T00:00:00.000000,1,51.22,BUY
IWM,2023-05-22T00:00:00.000000,1,51.22,BUY
IWM,2023-05-23T00:00:00.000000,1,51.22,BUY
IWM,2023-05-24T00:00:00.000000,1,51.22,BUY
IWM,2023-05-25T00:00:00.000000,1,51.22,BUY
IWM,2023-05-26T00:00:00.000000,1,51.22,BUY
IWM,2023-05-30T00:00:00.000000,1,51.22,BUY
IWM,2023-05-31T00:00:00.000000,1,51.22,BUY
IWM,2023-06-01T00:00:00.000000,1,51.22,BUY
IWM,2023-06-02T00:00:00.000000,1,51.22,BUY
IWM,2023-06-05T00:00:00.000000,1,51.22,BUY
IWM,2023-06-06T00:00:00.000000,1,51.22,BUY
IWM,2023-06-07T00:00:00.000000,1,51.22,BUY
IWM,2023-06-08T00:00:00.000000,1,51.22,BUY
IWM,2023-06-09T00:00:00.000000,1,50.07,BUY
IWM,2023-06-12T00:00:00.000000,1,50.0,BUY
IWM,2023-06-13T00:00:00.000000,0,46.44,SELL
IWM,2023-06-14T00:00:00.000000,0,46.44,SELL
IWM,2023-06-15T00:00:00.000000,0,44.32,SELL
IWM,2023-06-16T00:00:00.000000,0,44.32,SELL
IWM,2023-06-20T00:00:00.000000,0,46.44,SELL
IWM,2023-06-21T00:00:00.000000,1,50.07,BUY
IWM,2023-06-22T00:00:00.000000,1,50.07,BUY
IWM,2023-06-23T00:00:00.000000,1,51.15,BUY
IWM,2023-06-26T00:00:00.000000,1,51.22,BUY
IWM,2023-06-27T00:00:00.000000,1,51.22,BUY
IWM,2023-06-28T00:00:00.000000,1,51.22,BUY
IWM,2023-06-29T00:00:00.000000,1,51.22,BUY
IWM,2023-06-30T00:00:00.000000,1,51.15,BUY
IWM,2023-07-03T00:00:00.000000,1,50.07,BUY
IWM,2023-07-05T00:00:00.000000,1,50.07,BUY
IWM,2023-07-06T00:00:00.000000,1,50.07,BUY
IWM,2023-07-07T00:00:00.000000,1,50.07,BUY
IWM,2023-07-10T00:00:00.000000,1,50.07,BUY
IWM,2023-07-11T00:00:00.000000,0,46.44,SELL
IWM,2023-07-12T00:00:00.000000,0,44.32,SELL
IWM,2023-07-13T00:00:00.000000,0,44.9,SELL
IWM,2023-07-14T00:00:00.000000,0,44.9,SELL
IWM,2023-07-17T00:00:00.000000,0,46.44,SELL
IWM,2023-07-18T00:00:00.000000,0,46.44,SELL
IWM,2023-07-19T00:00:00.000000,0,46.44,SELL
IWM,2023-07-20T00:00:00.000000,0,46.44,SELL
IWM,2023-07-21T00:00:00.000000,0,44.32,SELL
IWM,2023-07-24T00:00:00.000000,0,44.32,SELL
IWM,2023-07-25T00:00:00.000000,0,44.32,SELL
IWM,2023-07-26T00:00:00.000000,0,44.32,SELL
IWM,2023-07-27T00:00:00.000000,0,44.32,SELL
IWM,2023-07-28T00:00:00.000000,0,44.32,SELL
IWM,2023-07-31T00:00:00.000000,0,44.32,SELL
IWM,2023-08-01T00:00:00.000000,0,44.32,SELL
IWM,2023-08-02T00:00:00.000000,0,44.9,SELL
IWM,2023-08-03T00:00:00.000000,0,46.44,SELL
IWM,2023-08-04T00:00:00.000000,0,44.32,SELL
IWM,2023-08-07T00:00:00.000000,0,44.32,SELL
IWM,2023-08-08T00:00:00.000000,0,44.9,SELL
IWM,2023-08-09T00:00:00.000000,0,44.9,SELL
IWM,2023-08-10T00:00:00.000000,0,46.44,SELL
IWM,2023-08-11T00:00:00.000000,0,46.44,SELL
IWM,2023-08-14T00:00:00.000000,1,50.07,BUY
IWM,2023-08-15T00:00:00.000000,1,51.15,BUY
IWM,2023-08-16T00:00:00.000000,1,51.22,BUY
IWM,2023-08-17T00:00:00.000000,1,51.22,BUY
IWM,2023-08-18T00:00:00.000000,1,51.22,BUY
IWM,2023-08-21T00:00:00.000000,1,51.22,BUY
IWM,2023-08-22T00:00:00.000000,1,51.22,BUY
IWM,2023-08-23T00:00:00.000000,1,51.22,BUY
IWM,2023-08-24T00:00:00.000000,1,51.22,BUY
IWM,2023-08-25T00:00:00.000000,1,51.22,BUY
IWM,2023-08-28T00:00:00.000000,1,51.22,BUY
IWM,2023-08-29T00:00:00.000000,1,51.22,BUY
IWM,2023-08-30T00:00:00.000000,1,50.07,BUY
IWM,2023-08-31T00:00:00.000000,1,50.07,BUY
IWM,2023-09-01T00:00:00.000000,0,46.44,SELL
IWM,2023-09-05T00:00:00.000000,0,46.44,SELL
IWM,2023-09-06T00:00:00.000000,0,44.32,SELL
IWM,2023-09-07T00:00:00.000000,0,44.32,SELL
IWM,2023-09-08T00:00:00.000000,0,44.32,SELL
IWM,2023-09-11T00:00:00.000000,0,44.32,SELL
IWM,2023-09-12T00:00:00.000000,0,44.32,SELL
IWM,2023-09-13T00:00:00.000000,0,44.32,SELL
IWM,2023-09-14T00:00:00.000000,0,44.32,SELL
IWM,2023-09-15T00:00:00.000000,0,44.32,SELL
IWM,2023-09-18T00:00:00.000000,0,44.32,SELL
IWM,2023-09-19T00:00:00.000000,0,44.32,SELL
IWM,2023-09-20T00:00:00.000000,0,44.32,SELL
IWM,2023-09-21T00:00:00.000000,0,44.32,SELL
IWM,2023-09-22T00:00:00.000000,0,44.32,SELL
IWM,2023-09-25T00:00:00.000000,0,44.32,SELL
IWM,2023-09-26T00:00:00.000000,0,44.9,SELL
IWM,2023-09-27T00:00:00.000000,0,46.44,SELL
IWM,2023-09-28T00:00:00.000000,1,50.07,BUY
IWM,2023-09-29T00:00:00.000000,1,50.07,BUY
IWM,2023-10-02T00:00:00.000000,1,51.15,BUY
IWM,2023-10-03T00:00:00.000000,1,50.07,BUY
IWM,2023-10-04T00:00:00.000000,1,50.07,BUY
IWM,2023-10-05T00:00:00.000000,1,50.07,BUY
IWM,2023-10-06T00:00:00.000000,0,46.44,SELL
IWM,2023-10-09T00:00:00.000000,0,44.32,SELL
IWM,2023-10-10T00:00:00.000000,0,44.32,SELL
IWM,2023-10-11T00:00:00.000000,0,44.32,SELL
IWM,2023-10-12T00:00:00.000000,0,44.32,SELL
IWM,2023-10-13T00:00:00.000000,0,44.32,SELL
IWM,2023-10-16T00:00:00.000000,0,44.32,SELL
IWM,2023-10-17T00:00:00.000000,0,44.32,SELL
IWM,2023-10-18T00:00:00.000000,0,43.6,SELL
IWM,2023-10-19T00:00:00.000000,0,44.32,SELL
IWM,2023-10-20T00:00:00.000000,0,44.32,SELL
IWM,2023-10-23T00:00:00.000000,0,44.32,SELL
IWM,2023-10-24T00:00:00.000000,0,46.44,SELL
IWM,2023-10-25T00:00:00.000000,1,50.07,BUY
IWM,2023-10-26T00:00:00.000000,1,51.22,BUY
IWM,2023-10-27T00:00:00.000000,1,51.22,BUY
IWM,2023-10-30T00:00:00.000000,1,51.22,BUY
IWM,2023-10-31T00:00:00.000000,1,51.22,BUY
IWM,2023-11-01T00:00:00.000000,1,51.22,BUY
IWM,2023-11-02T00:00:00.000000,1,51.22,BUY
IWM,2023-11-03T00:00:00.000000,1,51.22,BUY
IWM,2023-11-06T00:00:00.000000,1,51.22,BUY
IWM,2023-11-07T00:00:00.000000,1,51.22,BUY
IWM,2023-11-08T00:00:00.000000,1,51.22,BUY
IWM,2023-11-09T00:00:00.000000,1,50.07,BUY
IWM,2023-11-10T00:00:00.000000,0,44.32,SELL
IWM,2023-11-13T00:00:00.000000,0,44.32,SELL
IWM,2023-11-14T00:00:00.000000,0,44.32,SELL
IWM,2023-11-15T00:00:00.000000,0,44.32,SELL
IWM,2023-11-16T00:00:00.000000,0,44.32,SELL
IWM,2023-11-17T00:00:00.000000,0,44.32,SELL
IWM,2023-11-20T00:00:00.000000,0,44.32,SELL
IWM,2023-11-21T00:00:00.000000,0,44.32,SELL
IWM,2023-11-22T00:00:00.000000,0,44.32,SELL
IWM,2023-11-24T00:00:00.000000,0,44.32,SELL
IWM,2023-11-27T00:00:00.000000,0,44.32,SELL
IWM,2023-11-28T00:00:00.000000,0,44.32,SELL
IWM,2023-11-29T00:00:00.000000,0,44.32,SELL
IWM,2023-11-30T00:00:00.000000,0,44.32,SELL
IWM,2023-12-01T00:00:00.000000,0,44.32,SELL
IWM,2023-12-04T00:00:00.000000,0,44.32,SELL
IWM,2023-12-05T00:00:00.000000,0,44.32,SELL
IWM,2023-12-06T00:00:00.000000,0,44.32,SELL
IWM,2023-12-07T00:00:00.000000,0,44.32,SELL
IWM,2023-12-08T00:00:00.000000,0,44.32,SELL
IWM,2023-12-11T00:00:00.000000,0,44.32,SELL
IWM,2023-12-12T00:00:00.000000,0,44.32,SELL
IWM,2023-12-13T00:00:00.000000,0,44.32,SELL
IWM,2023-12-14T00:00:00.000000,0,44.32,SELL
IWM,2023-12-15T00:00:00.000000,0,44.32,SELL
IWM,2023-12-18T00:00:00.000000,0,44.32,SELL
IWM,2023-12-19T00:00:00.000000,0,44.32,SELL
IWM,2023-12-20T00:00:00.000000,0,44.32,SELL
IWM,2023-12-21T00:00:00.000000,0,44.32,SELL
IWM,2023-12-22T00:00:00.000000,0,44.32,SELL
IWM,2023-12-26T00:00:00.000000,0,44.32,SELL
IWM,2023-12-27T00:00:00.000000,0,44.32,SELL
IWM,2023-12-28T00:00:00.000000,0,44.32,SELL
IWM,2023-12-29T00:00:00.000000,0,44.32,SELL
IWM,2024-01-02T00:00:00.000000,0,44.32,SELL
IWM,2024-01-03T00:00:00.000000,0,44.32,SELL
IWM,2024-01-04T00:00:00.000000,0,44.32,SELL
IWM,2024-01-05T00:00:00.000000,0,44.32,SELL
IWM,2024-01-08T00:00:00.000000,0,44.32,SELL
IWM,2024-01-09T00:00:00.000000,0,44.32,SELL
IWM,2024-01-10T00:00:00.000000,0,44.32,SELL
IWM,2024-01-11T00:00:00.000000,0,44.9,SELL
IWM,2024-01-12T00:00:00.000000,0,46.44,SELL
IWM,2024-01-16T00:00:00.000000,1,50.0,BUY
IWM,2024-01-17T00:00:00.000000,0,46.44,SELL
IWM,2024-01-18T00:00:00.000000,0,46.44,SELL
IWM,2024-01-19T00:00:00.000000,0,44.32,SELL
IWM,2024-01-22T00:00:00.000000,0,44.32,SELL
IWM,2024-01-23T00:00:00.000000,0,44.32,SELL
IWM,2024-01-24T00:00:00.000000,0,44.32,SELL
IWM,2024-01-25T00:00:00.000000,0,44.32,SELL
IWM,2024-01-26T00:00:00.000000,0,44.32,SELL
IWM,2024-01-29T00:00:00.000000,0,44.32,SELL
IWM,2024-01-30T00:00:00.000000,0,44.32,SELL
IWM,2024-01-31T00:00:00.000000,0,44.32,SELL
IWM,2024-02-01T00:00:00.000000,0,44.32,SELL
IWM,2024-02-02T00:00:00.000000,0,44.32,SELL
IWM,2024-02-05T00:00:00.000000,0,44.32,SELL
IWM,2024-02-06T00:00:00.000000,0,44.9,SELL
IWM,2024-02-07T00:00:00.000000,0,46.44,SELL
IWM,2024-02-08T00:00:00.000000,1,50.07,BUY
IWM,2024-02-09T00:00:00.000000,1,50.07,BUY
IWM,2024-02-12T00:00:00.000000,1,51.22,BUY
IWM,2024-02-13T00:00:00.000000,1,51.22,BUY
IWM,2024-02-14T00:00:00.000000,1,51.22,BUY
IWM,2024-02-15T00:00:00.000000,1,51.22,BUY
IWM,2024-02-16T00:00:00.000000,1,51.22,BUY
IWM,2024-02-20T00:00:00.000000,1,51.22,BUY
IWM,2024-02-21T00:00:00.000000,1,50.07,BUY
IWM,2024-02-22T00:00:00.000000,1,50.07,BUY
IWM,2024-02-23T00:00:00.000000,1,50.07,BUY
IWM,2024-02-26T00:00:00.000000,1,50.07,BUY
IWM,2024-02-27T00:00:00.000000,1,50.07,BUY
IWM,2024-02-28T00:00:00.000000,1,51.22,BUY
IWM,2024-02-29T00:00:00.000000,1,50.07,BUY
IWM,2024-03-01T00:00:00.000000,1,50.07,BUY
IWM,2024-03-04T00:00:00.000000,1,50.07,BUY
IWM,2024-03-05T00:00:00.000000,1,50.07,BUY
IWM,2024-03-06T00:00:00.000000,1,50.07,BUY
IWM,2024-03-07T00:00:00.000000,1,50.0,BUY
IWM,2024-03-08T00:00:00.000000,1,50.0,BUY
IWM,2024-03-11T00:00:00.000000,1,50.0,BUY
IWM,2024-03-12T00:00:00.000000,1,50.07,BUY
IWM,2024-03-13T00:00:00.000000,1,50.07,BUY
IWM,2024-03-14T00:00:00.000000,1,50.07,BUY
IWM,2024-03-15T00:00:00.000000,1,50.07,BUY
IWM,2024-03-18T00:00:00.000000,1,51.22,BUY
IWM,2024-03-19T00:00:00.000000,1,51.22,BUY
IWM,2024-03-20T00:00:00.000000,1,50.07,BUY
IWM,2024-03-21T00:00:00.000000,1,50.07,BUY
IWM,2024-03-22T00:00:00.000000,1,50.07,BUY
IWM,2024-03-25T00:00:00.000000,0,46.44,SELL
IWM,2024-03-26T00:00:00.000000,0,44.32,SELL
IWM,2024-03-27T00:00:00.000000,0,44.32,SELL
IWM,2024-03-28T00:00:00.000000,0,44.32,SELL
IWM,2024-04-01T00:00:00.000000,0,44.32,SELL
IWM,2024-04-02T00:00:00.000000,0,44.32,SELL
IWM,2024-04-03T00:00:00.000000,0,44.32,SELL
IWM,2024-04-04T00:00:00.000000,0,44.32,SELL
IWM,2024-04-05T00:00:00.000000,0,44.32,SELL
IWM,2024-04-08T00:00:00.000000,0,44.32,SELL
IWM,2024-04-09T00:00:00.000000,0,44.32,SELL
IWM,2024-04-10T00:00:00.000000,0,44.32,SELL
IWM,2024-04-11T00:00:00.000000,0,44.32,SELL
IWM,2024-04-12T00:00:00.000000,1,50.0,BUY
IWM,2024-04-15T00:00:00.000000,1,50.07,BUY
IWM,2024-04-16T00:00:00.000000,1,51.22,BUY
IWM,2024-04-17T00:00:00.000000,1,51.22,BUY
IWM,2024-04-18T00:00:00.000000,1,51.22,BUY
IWM,2024-04-19T00:00:00.000000,1,51.22,BUY
IWM,2024-04-22T00:00:00.000000,1,51.22,BUY
IWM,2024-04-23T00:00:00.000000,1,51.22,BUY
IWM,2024-04-24T00:00:00.000000,1,51.22,BUY
IWM,2024-04-25T00:00:00.000000,1,51.22,BUY
IWM,2024-04-26T00:00:00.000000,1,51.22,BUY
IWM,2024-04-29T00:00:00.000000,1,51.22,BUY
IWM,2024-04-30T00:00:00.000000,1,50.07,BUY
IWM,2024-05-01T00:00:00.000000,1,50.07,BUY
IWM,2024-05-02T00:00:00.000000,1,50.07,BUY
IWM,2024-05-03T00:00:00.000000,1,50.07,BUY
IWM,2024-05-06T00:00:00.000000,1,50.07,BUY
IWM,2024-05-07T00:00:00.000000,1,51.22,BUY
IWM,2024-05-08T00:00:00.000000,1,51.22,BUY
IWM,2024-05-09T00:00:00.000000,1,51.22,BUY
IWM,2024-05-10T00:00:00.000000,1,51.22,BUY
IWM,2024-05-13T00:00:00.000000,1,50.07,BUY
IWM,2024-05-14T00:00:00.000000,1,50.07,BUY
IWM,2024-05-15T00:00:00.000000,1,50.07,BUY
IWM,2024-05-16T00:00:00.000000,0,46.44,SELL
IWM,2024-05-17T00:00:00.000000,0,44.32,SELL
IWM,2024-05-20T00:00:00.000000,0,44.32,SELL
IWM,2024-05-21T00:00:00.000000,0,44.32,SELL
IWM,2024-05-22T00:00:00.000000,0,44.32,SELL
IWM,2024-05-23T00:00:00.000000,0,44.32,SELL
IWM,2024-05-24T00:00:00.000000,0,44.32,SELL
IWM,2024-05-28T00:00:00.000000,0,44.9,SELL
IWM,2024-05-29T00:00:00.000000,0,44.9,SELL
IWM,2024-05-30T00:00:00.000000,0,46.44,SELL
IWM,2024-05-31T00:00:00.000000,1,50.07,BUY
IWM,2024-06-03T00:00:00.000000,1,50.07,BUY
IWM,2024-06-04T00:00:00.000000,1,51.15,BUY
IWM,2024-06-05T00:00:00.000000,1,51.22,BUY
IWM,2024-06-06T00:00:00.000000,1,51.22,BUY
IWM,2024-06-07T00:00:00.000000,1,51.22,BUY
IWM,2024-06-10T00:00:00.000000,1,51.22,BUY
IWM,2024-06-11T00:00:00.000000,1,51.22,BUY
IWM,2024-06-12T00:00:00.000000,1,51.22,BUY
IWM,2024-06-13T00:00:00.000000,1,50.07,BUY
IWM,2024-06-14T00:00:00.000000,1,50.07,BUY
IWM,2024-06-17T00:00:00.000000,1,50.07,BUY
IWM,2024-06-18T00:00:00.000000,1,50.07,BUY
IWM,2024-06-20T00:00:00.000000,1,50.0,BUY
IWM,2024-06-21T00:00:00.000000,1,50.07,BUY
IWM,2024-06-24T00:00:00.000000,1,50.07,BUY
IWM,2024-06-25T00:00:00.000000,1,50.07,BUY
IWM,2024-06-26T00:00:00.000000,1,50.07,BUY
IWM,2024-06-27T00:00:00.000000,1,50.07,BUY
IWM,2024-06-28T00:00:00.000000,0,46.44,SELL
IWM,2024-07-01T00:00:00.000000,0,46.44,SELL
IWM,2024-07-02T00:00:00.000000,0,44.32,SELL
IWM,2024-07-03T00:00:00.000000,0,44.32,SELL
IWM,2024-07-05T00:00:00.000000,0,44.32,SELL
IWM,2024-07-08T00:00:00.000000,0,44.32,SELL
IWM,2024-07-09T00:00:00.000000,0,44.9,SELL
IWM,2024-07-10T00:00:00.000000,0,44.9,SELL
IWM,2024-07-11T00:00:00.000000,0,44.32,SELL
IWM,2024-07-12T00:00:00.000000,0,44.32,SELL
IWM,2024-07-15T00:00:00.000000,0,44.32,SELL
IWM,2024-07-16T00:00:00.000000,0,44.32,SELL
IWM,2024-07-17T00:00:00.000000,0,44.32,SELL
IWM,2024-07-18T00:00:00.000000,0,44.32,SELL
IWM,2024-07-19T00:00:00.000000,0,44.32,SELL
IWM,2024-07-22T00:00:00.000000,0,44.32,SELL
IWM,2024-07-23T00:00:00.000000,0,44.32,SELL
IWM,2024-07-24T00:00:00.000000,0,44.32,SELL
IWM,2024-07-25T00:00:00.000000,0,46.44,SELL
IWM,2024-07-26T00:00:00.000000,1,50.0,BUY
IWM,2024-07-29T00:00:00.000000,1,50.07,BUY
IWM,2024-07-30T00:00:00.000000,1,50.07,BUY
IWM,2024-07-31T00:00:00.000000,1,51.15,BUY
IWM,2024-08-01T00:00:00.000000,1,51.15,BUY
IWM,2024-08-02T00:00:00.000000,1,50.07,BUY
IWM,2024-08-05T00:00:00.000000,1,50.07,BUY
IWM,2024-08-06T00:00:00.000000,1,50.07,BUY
IWM,2024-08-07T00:00:00.000000,1,50.07,BUY
IWM,2024-08-08T00:00:00.000000,1,50.07,BUY
IWM,2024-08-09T00:00:00.000000,1,50.07,BUY
IWM,2024-08-12T00:00:00.000000,1,50.07,BUY
IWM,2024-08-13T00:00:00.000000,1,50.07,BUY
IWM,2024-08-14T00:00:00.000000,1,50.07,BUY
IWM,2024-08-15T00:00:00.000000,1,50.07,BUY
IWM,2024-08-16T00:00:00.000000,1,50.07,BUY
IWM,2024-08-19T00:00:00.000000,1,50.07,BUY
IWM,2024-08-20T00:00:00.000000,1,50.07,BUY
IWM,2024-08-21T00:00:00.000000,0,46.44,SELL
IWM,2024-08-22T00:00:00.000000,0,44.32,SELL
IWM,2024-08-23T00:00:00.000000,0,44.32,SELL
IWM,2024-08-26T00:00:00.000000,0,44.32,SELL
IWM,2024-08-27T00:00:00.000000,0,44.32,SELL
IWM,2024-08-28T00:00:00.000000,0,44.32,SELL
IWM,2024-08-29T00:00:00.000000,0,44.32,SELL
IWM,2024-08-30T00:00:00.000000,0,44.32,SELL
IWM,2024-09-03T00:00:00.000000,0,44.32,SELL
IWM,2024-09-04T00:00:00.000000,0,44.32,SELL
IWM,2024-09-05T00:00:00.000000,0,44.32,SELL
IWM,2024-09-06T00:00:00.000000,0,44.32,SELL
IWM,2024-09-09T00:00:00.000000,0,44.9,SELL
IWM,2024-09-10T00:00:00.000000,1,50.07,BUY
IWM,2024-09-11T00:00:00.000000,1,50.07,BUY
IWM,2024-09-12T00:00:00.000000,1,51.22,BUY
IWM,2024-09-13T00:00:00.000000,1,51.22,BUY
IWM,2024-09-16T00:00:00.000000,1,51.22,BUY
IWM,2024-09-17T00:00:00.000000,1,51.22,BUY
IWM,2024-09-18T00:00:00.000000,1,51.22,BUY
IWM,2024-09-19T00:00:00.000000,1,50.07,BUY
IWM,2024-09-20T00:00:00.000000,1,50.0,BUY
IWM,2024-09-23T00:00:00.000000,0,44.32,SELL
IWM,2024-09-24T00:00:00.000000,0,44.32,SELL
IWM,2024-09-25T00:00:00.000000,0,44.32,SELL
IWM,2024-09-26T00:00:00.000000,0,44.32,SELL
IWM,2024-09-27T00:00:00.000000,0,44.32,SELL
IWM,2024-09-30T00:00:00.000000,0,44.32,SELL
IWM,2024-10-01T00:00:00.000000,0,44.32,SELL
IWM,2024-10-02T00:00:00.000000,0,44.32,SELL
IWM,2024-10-03T00:00:00.000000,0,44.32,SELL
IWM,2024-10-04T00:00:00.000000,0,44.32,SELL
IWM,2024-10-07T00:00:00.000000,0,44.32,SELL
IWM,2024-10-08T00:00:00.000000,0,44.32,SELL
IWM,2024-10-09T00:00:00.000000,0,44.9,SELL
IWM,2024-10-10T00:00:00.000000,0,44.32,SELL
IWM,2024-10-11T00:00:00.000000,0,44.32,SELL
IWM,2024-10-14T00:00:00.000000,0,44.32,SELL
IWM,2024-10-15T00:00:00.000000,0,44.32,SELL
IWM,2024-10-16T00:00:00.000000,0,44.32,SELL
IWM,2024-10-17T00:00:00.000000,0,44.32,SELL
IWM,2024-10-18T00:00:00.000000,0,44.32,SELL
IWM,2024-10-21T00:00:00.000000,0,44.32,SELL
IWM,2024-10-22T00:00:00.000000,0,44.32,SELL
IWM,2024-10-23T00:00:00.000000,0,44.32,SELL
IWM,2024-10-24T00:00:00.000000,0,44.32,SELL
IWM,2024-10-25T00:00:00.000000,0,44.32,SELL
IWM,2024-10-28T00:00:00.000000,0,46.44,SELL
IWM,2024-10-29T00:00:00.000000,1,50.07,BUY
IWM,2024-10-30T00:00:00.000000,1,51.22,BUY
IWM,2024-10-31T00:00:00.000000,1,51.22,BUY
IWM,2024-11-01T00:00:00.000000,1,51.22,BUY
IWM,2024-11-04T00:00:00.000000,1,51.22,BUY
IWM,2024-11-05T00:00:00.000000,1,51.22,BUY
IWM,2024-11-06T00:00:00.000000,1,51.22,BUY
IWM,2024-11-07T00:00:00.000000,1,51.22,BUY
IWM,2024-11-08T00:00:00.000000,1,51.22,BUY
IWM,2024-11-11T00:00:00.000000,1,50.07,BUY
IWM,2024-11-12T00:00:00.000000,1,50.07,BUY
IWM,2024-11-13T00:00:00.000000,1,50.07,BUY
IWM,2024-11-14T00:00:00.000000,1,50.07,BUY
IWM,2024-11-15T00:00:00.000000,1,50.07,BUY
IWM,2024-11-18T00:00:00.000000,1,50.07,BUY
IWM,2024-11-19T00:00:00.000000,1,50.07,BUY
IWM,2024-11-20T00:00:00.000000,1,50.07,BUY
IWM,2024-11-21T00:00:00.000000,1,50.07,BUY
IWM,2024-11-22T00:00:00.000000,1,51.22,BUY
IWM,2024-11-25T00:00:00.000000,1,51.22,BUY
IWM,2024-11-26T00:00:00.000000,1,50.07,BUY
IWM,2024-11-27T00:00:00.000000,1,50.07,BUY
IWM,2024-11-29T00:00:00.000000,0,46.44,SELL
IWM,2024-12-02T00:00:00.000000,0,44.32,SELL
IWM,2024-12-03T00:00:00.000000,0,44.32,SELL
IWM,2024-12-04T00:00:00.000000,0,44.32,SELL
IWM,2024-12-05T00:00:00.000000,0,44.32,SELL
IWM,2024-12-06T00:00:00.000000,0,44.32,SELL
IWM,2024-12-09T00:00:00.000000,0,44.32,SELL
IWM,2024-12-10T00:00:00.000000,0,44.32,SELL
IWM,2024-12-11T00:00:00.000000,0,46.44,SELL
IWM,2024-12-12T00:00:00.000000,1,50.07,BUY
IWM,2024-12-13T00:00:00.000000,1,50.07,BUY
IWM,2024-12-16T00:00:00.000000,1,50.07,BUY
IWM,2024-12-17T00:00:00.000000,1,51.22,BUY
IWM,2024-12-18T00:00:00.000000,1,50.07,BUY
IWM,2024-12-19T00:00:00.000000,1,51.22,BUY
IWM,2024-12-20T00:00:00.000000,1,50.07,BUY
JNJ,2023-02-21T00:00:00.000000,0,43.6,SELL
JNJ,2023-02-22T00:00:00.000000,0,43.6,SELL
JNJ,2023-02-23T00:00:00.000000,0,44.32,SELL
JNJ,2023-02-24T00:00:00.000000,0,44.32,SELL
JNJ,2023-02-27T00:00:00.000000,0,44.32,SELL
JNJ,2023-02-28T00:00:00.000000,0,46.44,SELL
JNJ,2023-03-01T00:00:00.000000,1,50.07,BUY
JNJ,2023-03-02T00:00:00.000000,1,51.22,BUY
JNJ,2023-03-03T00:00:00.000000,1,51.22,BUY
JNJ,2023-03-06T00:00:00.000000,1,50.07,BUY
JNJ,2023-03-07T00:00:00.000000,1,50.07,BUY
JNJ,2023-03-08T00:00:00.000000,0,46.44,SELL
JNJ,2023-03-09T00:00:00.000000,0,44.32,SELL
JNJ,2023-03-10T00:00:00.000000,0,44.32,SELL
JNJ,2023-03-13T00:00:00.000000,0,44.32,SELL
JNJ,2023-03-14T00:00:00.000000,0,44.32,SELL
JNJ,2023-03-15T00:00:00.000000,0,44.32,SELL
JNJ,2023-03-16T00:00:00.000000,0,44.32,SELL
JNJ,2023-03-17T00:00:00.000000,0,44.32,SELL
JNJ,2023-03-20T00:00:00.000000,0,46.44,SELL
JNJ,2023-03-21T00:00:00.000000,1,50.07,BUY
JNJ,2023-03-22T00:00:00.000000,0,46.44,SELL
JNJ,2023-03-23T00:00:00.000000,0,46.44,SELL
JNJ,2023-03-24T00:00:00.000000,0,44.32,SELL
JNJ,2023-03-27T00:00:00.000000,0,44.32,SELL
JNJ,2023-03-28T00:00:00.000000,0,44.32,SELL
JNJ,2023-03-29T00:00:00.000000,0,44.32,SELL
JNJ,2023-03-30T00:00:00.000000,0,44.32,SELL
JNJ,2023-03-31T00:00:00.000000,0,44.32,SELL
JNJ,2023-04-03T00:00:00.000000,0,44.32,SELL
JNJ,2023-04-04T00:00:00.000000,0,44.32,SELL
JNJ,2023-04-05T00:00:00.000000,0,44.32,SELL
JNJ,2023-04-06T00:00:00.000000,0,44.32,SELL
JNJ,2023-04-10T00:00:00.000000,0,44.32,SELL
JNJ,2023-04-11T00:00:00.000000,0,44.32,SELL
JNJ,2023-04-12T00:00:00.000000,0,44.32,SELL
JNJ,2023-04-13T00:00:00.000000,0,44.32,SELL
JNJ,2023-04-14T00:00:00.000000,0,44.32,SELL
JNJ,2023-04-17T00:00:00.000000,0,44.32,SELL
JNJ,2023-04-18T00:00:00.000000,0,46.44,SELL
JNJ,2023-04-19T00:00:00.000000,1,50.07,BUY
JNJ,2023-04-20T00:00:00.000000,1,50.07,BUY
JNJ,2023-04-21T00:00:00.000000,1,51.15,BUY
JNJ,2023-04-24T00:00:00.000000,1,51.22,BUY
JNJ,2023-04-25T00:00:00.000000,1,51.15,BUY
JNJ,2023-04-26T00:00:00.000000,1,50.07,BUY
JNJ,2023-04-27T00:00:00.000000,1,50.07,BUY
JNJ,2023-04-28T00:00:00.000000,1,50.07,BUY
JNJ,2023-05-01T00:00:00.000000,1,50.07,BUY
JNJ,2023-05-02T00:00:00.000000,1,51.15,BUY
JNJ,2023-05-03T00:00:00.000000,1,51.22,BUY
JNJ,2023-05-04T00:00:00.000000,1,51.22,BUY
JNJ,2023-05-05T00:00:00.000000,1,51.22,BUY
JNJ,2023-05-08T00:00:00.000000,1,51.22,BUY
JNJ,2023-05-09T00:00:00.000000,1,51.22,BUY
JNJ,2023-05-10T00:00:00.000000,1,51.22,BUY
JNJ,2023-05-11T00:00:00.000000,1,51.22,BUY
JNJ,2023-05-12T00:00:00.000000,1,51.22,BUY
JNJ,2023-05-15T00:00:00.000000,1,51.22,BUY
JNJ,2023-05-16T00:00:00.000000,1,51.22,BUY
JNJ,2023-05-17T00:00:00.000000,1,51.22,BUY
JNJ,2023-05-18T00:00:00.000000,1,51.22,BUY
JNJ,2023-05-19T00:00:00.000000,1,51.22,BUY
JNJ,2023-05-22T00:00:00.000000,1,51.22,BUY
JNJ,2023-05-23T00:00:00.000000,1,51.22,BUY
JNJ,2023-05-24T00:00:00.000000,1,50.07,BUY
JNJ,2023-05-25T00:00:00.000000,1,50.07,BUY
JNJ,2023-05-26T00:00:00.000000,0,47.54,SELL
JNJ,2023-05-30T00:00:00.000000,0,44.32,SELL
JNJ,2023-05-31T00:00:00.000000,0,44.32,SELL
JNJ,2023-06-01T00:00:00.000000,0,44.32,SELL
JNJ,2023-06-02T00:00:00.000000,0,43.6,SELL
JNJ,2023-06-05T00:00:00.000000,0,43.59,SELL
JNJ,2023-06-06T00:00:00.000000,0,43.59,SELL
JNJ,2023-06-07T00:00:00.000000,0,41.9,SELL
JNJ,2023-06-08T00:00:00.000000,0,41.9,SELL
JNJ,2023-06-09T00:00:00.000000,0,41.9,SELL
JNJ,2023-06-12T00:00:00.000000,0,41.9,SELL
JNJ,2023-06-13T00:00:00.000000,0,41.9,SELL
JNJ,2023-06-14T00:00:00.000000,0,43.59,SELL
JNJ,2023-06-15T00:00:00.000000,0,43.6,SELL
JNJ,2023-06-16T00:00:00.000000,0,44.32,SELL
JNJ,2023-06-20T00:00:00.000000,0,44.32,SELL
JNJ,2023-06-21T00:00:00.000000,0,44.32,SELL
JNJ,2023-06-22T00:00:00.000000,0,44.32,SELL
JNJ,2023-06-23T00:00:00.000000,0,46.44,SELL
JNJ,2023-06-26T00:00:00.000000,1,50.07,BUY
JNJ,2023-06-27T00:00:00.000000,1,50.07,BUY
JNJ,2023-06-28T00:00:00.000000,1,50.07,BUY
JNJ,2023-06-29T00:00:00.000000,1,51.22,BUY
JNJ,2023-06-30T00:00:00.000000,1,51.22,BUY
JNJ,2023-07-03T00:00:00.000000,1,51.22,BUY
JNJ,2023-07-05T00:00:00.000000,1,51.22,BUY
JNJ,2023-07-06T00:00:00.000000,1,51.22,BUY
JNJ,2023-07-07T00:00:00.000000,1,51.22,BUY
JNJ,2023-07-10T00:00:00.000000,1,51.22,BUY
JNJ,2023-07-11T00:00:00.000000,1,51.22,BUY
JNJ,2023-07-12T00:00:00.000000,1,51.22,BUY
JNJ,2023-07-13T00:00:00.000000,1,50.07,BUY
JNJ,2023-07-14T00:00:00.000000,0,46.44,SELL
JNJ,2023-07-17T00:00:00.000000,0,44.32,SELL
JNJ,2023-07-18T00:00:00.000000,0,44.32,SELL
JNJ,2023-07-19T00:00:00.000000,0,44.32,SELL
JNJ,2023-07-20T00:00:00.000000,0,44.32,SELL
JNJ,2023-07-21T00:00:00.000000,0,43.6,SELL
JNJ,2023-07-24T00:00:00.000000,0,43.21,SELL
JNJ,2023-07-25T00:00:00.000000,0,41.9,SELL
JNJ,2023-07-26T00:00:00.000000,0,41.9,SELL
JNJ,2023-07-27T00:00:00.000000,0,43.59,SELL
JNJ,2023-07-28T00:00:00.000000,0,43.6,SELL
JNJ,2023-07-31T00:00:00.000000,0,44.32,SELL
JNJ,2023-08-01T00:00:00.000000,0,44.32,SELL
JNJ,2023-08-02T00:00:00.000000,0,44.32,SELL
JNJ,2023-08-03T00:00:00.000000,0,46.44,SELL
JNJ,2023-08-04T00:00:00.000000,1,50.07,BUY
JNJ,2023-08-07T00:00:00.000000,1,51.22,BUY
JNJ,2023-08-08T00:00:00.000000,1,51.22,BUY
JNJ,2023-08-09T00:00:00.000000,1,51.22,BUY
JNJ,2023-08-10T00:00:00.000000,1,51.22,BUY
JNJ,2023-08-11T00:00:00.000000,1,50.07,BUY
JNJ,2023-08-14T00:00:00.000000,1,50.07,BUY
JNJ,2023-08-15T00:00:00.000000,1,50.07,BUY
JNJ,2023-08-16T00:00:00.000000,1,47.54,BUY
JNJ,2023-08-17T00:00:00.000000,0,46.44,SELL
JNJ,2023-08-18T00:00:00.000000,0,46.44,SELL
JNJ,2023-08-21T00:00:00.000000,0,46.44,SELL
JNJ,2023-08-22T00:00:00.000000,1,50.07,BUY
JNJ,2023-08-23T00:00:00.000000,1,50.07,BUY
JNJ,2023-08-24T00:00:00.000000,1,51.15,BUY
JNJ,2023-08-25T00:00:00.000000,1,51.22,BUY
JNJ,2023-08-28T00:00:00.000000,1,51.22,BUY
JNJ,2023-08-29T00:00:00.000000,1,51.22,BUY
JNJ,2023-08-30T00:00:00.000000,1,51.22,BUY
JNJ,2023-08-31T00:00:00.000000,1,51.22,BUY
JNJ,2023-09-01T00:00:00.000000,1,50.07,BUY
JNJ,2023-09-05T00:00:00.000000,1,50.0,BUY
JNJ,2023-09-06T00:00:00.000000,0,44.9,SELL
JNJ,2023-09-07T00:00:00.000000,0,44.32,SELL
JNJ,2023-09-08T00:00:00.000000,0,44.32,SELL
JNJ,2023-09-11T00:00:00.000000,0,44.32,SELL
JNJ,2023-09-12T00:00:00.000000,0,44.32,SELL
JNJ,2023-09-13T00:00:00.000000,0,43.6,SELL
JNJ,2023-09-14T00:00:00.000000,0,43.6,SELL
JNJ,2023-09-15T00:00:00.000000,0,43.6,SELL
JNJ,2023-09-18T00:00:00.000000,0,43.59,SELL
JNJ,2023-09-19T00:00:00.000000,0,43.6,SELL
JNJ,2023-09-20T00:00:00.000000,0,43.6,SELL
JNJ,2023-09-21T00:00:00.000000,0,43.6,SELL
JNJ,2023-09-22T00:00:00.000000,0,43.6,SELL
JNJ,2023-09-25T00:00:00.000000,0,44.32,SELL
JNJ,2023-09-26T00:00:00.000000,0,44.32,SELL
JNJ,2023-09-27T00:00:00.000000,0,44.9,SELL
JNJ,2023-09-28T00:00:00.000000,1,50.07,BUY
JNJ,2023-09-29T00:00:00.000000,1,50.07,BUY
JNJ,2023-10-02T00:00:00.000000,1,51.22,BUY
JNJ,2023-10-03T00:00:00.000000,1,51.22,BUY
JNJ,2023-10-04T00:00:00.000000,1,51.22,BUY
JNJ,2023-10-05T00:00:00.000000,1,51.22,BUY
JNJ,2023-10-06T00:00:00.000000,1,51.22,BUY
JNJ,2023-10-09T00:00:00.000000,1,51.22,BUY
JNJ,2023-10-10T00:00:00.000000,1,51.22,BUY
JNJ,2023-10-11T00:00:00.000000,1,50.07,BUY
JNJ,2023-10-12T00:00:00.000000,1,50.07,BUY
JNJ,2023-10-13T00:00:00.000000,0,46.44,SELL
JNJ,2023-10-16T00:00:00.000000,0,44.9,SELL
JNJ,2023-10-17T00:00:00.000000,0,44.9,SELL
JNJ,2023-10-18T00:00:00.000000,0,44.32,SELL
JNJ,2023-10-19T00:00:00.000000,0,44.32,SELL
JNJ,2023-10-20T00:00:00.000000,0,44.32,SELL
JNJ,2023-10-23T00:00:00.000000,0,44.32,SELL
JNJ,2023-10-24T00:00:00.000000,0,44.32,SELL
JNJ,2023-10-25T00:00:00.000000,0,46.44,SELL
JNJ,2023-10-26T00:00:00.000000,1,50.07,BUY
JNJ,2023-10-27T00:00:00.000000,1,50.07,BUY
JNJ,2023-10-30T00:00:00.000000,1,51.22,BUY
JNJ,2023-10-31T00:00:00.000000,1,51.22,BUY
JNJ,2023-11-01T00:00:00.000000,1,51.22,BUY
JNJ,2023-11-02T00:00:00.000000,1,51.22,BUY
JNJ,2023-11-03T00:00:00.000000,1,51.22,BUY
JNJ,2023-11-06T00:00:00.000000,1,51.22,BUY
JNJ,2023-11-07T00:00:00.000000,1,50.07,BUY
JNJ,2023-11-08T00:00:00.000000,0,46.44,SELL
JNJ,2023-11-09T00:00:00.000000,0,44.32,SELL
JNJ,2023-11-10T00:00:00.000000,0,44.32,SELL
JNJ,2023-11-13T00:00:00.000000,0,43.6,SELL
JNJ,2023-11-14T00:00:00.000000,0,41.9,SELL
JNJ,2023-11-15T00:00:00.000000,0,41.9,SELL
JNJ,2023-11-16T00:00:00.000000,0,41.9,SELL
JNJ,2023-11-17T00:00:00.000000,0,41.9,SELL
JNJ,2023-11-20T00:00:00.000000,0,41.9,SELL
JNJ,2023-11-21T00:00:00.000000,0,41.9,SELL
JNJ,2023-11-22T00:00:00.000000,0,41.9,SELL
JNJ,2023-11-24T00:00:00.000000,0,41.9,SELL
JNJ,2023-11-27T00:00:00.000000,0,41.9,SELL
JNJ,2023-11-28T00:00:00.000000,0,41.9,SELL
JNJ,2023-11-29T00:00:00.000000,0,41.9,SELL
JNJ,2023-11-30T00:00:00.000000,0,43.59,SELL
JNJ,2023-12-01T00:00:00.000000,0,43.6,SELL
JNJ,2023-12-04T00:00:00.000000,0,44.32,SELL
JNJ,2023-12-05T00:00:00.000000,0,44.32,SELL
JNJ,2023-12-06T00:00:00.000000,0,44.32,SELL
JNJ,2023-12-07T00:00:00.000000,0,44.32,SELL
JNJ,2023-12-08T00:00:00.000000,0,46.44,SELL
JNJ,2023-12-11T00:00:00.000000,1,50.07,BUY
JNJ,2023-12-12T00:00:00.000000,1,50.07,BUY
JNJ,2023-12-13T00:00:00.000000,1,50.07,BUY
JNJ,2023-12-14T00:00:00.000000,1,50.07,BUY
JNJ,2023-12-15T00:00:00.000000,1,50.07,BUY
JNJ,2023-12-18T00:00:00.000000,1,50.07,BUY
JNJ,2023-12-19T00:00:00.000000,1,50.07,BUY
JNJ,2023-12-20T00:00:00.000000,0,46.44,SELL
JNJ,2023-12-21T00:00:00.000000,0,44.32,SELL
JNJ,2023-12-22T00:00:00.000000,0,44.32,SELL
JNJ,2023-12-26T00:00:00.000000,0,44.32,SELL
JNJ,2023-12-27T00:00:00.000000,0,44.32,SELL
JNJ,2023-12-28T00:00:00.000000,0,43.6,SELL
JNJ,2023-12-29T00:00:00.000000,0,43.6,SELL
JNJ,2024-01-02T00:00:00.000000,0,43.6,SELL
JNJ,2024-01-03T00:00:00.000000,0,43.6,SELL
JNJ,2024-01-04T00:00:00.000000,0,44.32,SELL
JNJ,2024-01-05T00:00:00.000000,0,44.32,SELL
JNJ,2024-01-08T00:00:00.000000,0,44.32,SELL
JNJ,2024-01-09T00:00:00.000000,0,44.32,SELL
JNJ,2024-01-10T00:00:00.000000,0,46.44,SELL
JNJ,2024-01-11T00:00:00.000000,1,50.07,BUY
JNJ,2024-01-12T00:00:00.000000,1,51.22,BUY
JNJ,2024-01-16T00:00:00.000000,1,51.22,BUY
JNJ,2024-01-17T00:00:00.000000,1,51.22,BUY
JNJ,2024-01-18T00:00:00.000000,1,51.22,BUY
JNJ,2024-01-19T00:00:00.000000,1,51.22,BUY
JNJ,2024-01-22T00:00:00.000000,1,51.22,BUY
JNJ,2024-01-23T00:00:00.000000,1,51.22,BUY
JNJ,2024-01-24T00:00:00.000000,1,51.22,BUY
JNJ,2024-01-25T00:00:00.000000,1,51.22,BUY
JNJ,2024-01-26T00:00:00.000000,1,51.22,BUY
JNJ,2024-01-29T00:00:00.000000,1,51.22,BUY
JNJ,2024-01-30T00:00:00.000000,1,51.22,BUY
JNJ,2024-01-31T00:00:00.000000,1,51.22,BUY
JNJ,2024-02-01T00:00:00.000000,1,50.07,BUY
JNJ,2024-02-02T00:00:00.000000,1,50.07,BUY
JNJ,2024-02-05T00:00:00.000000,1,50.0,BUY
JNJ,2024-02-06T00:00:00.000000,0,46.44,SELL
JNJ,2024-02-07T00:00:00.000000,0,46.44,SELL
JNJ,2024-02-08T00:00:00.000000,0,46.44,SELL
JNJ,2024-02-09T00:00:00.000000,0,46.44,SELL
JNJ,2024-02-12T00:00:00.000000,0,44.9,SELL
JNJ,2024-02-13T00:00:00.000000,0,44.9,SELL
JNJ,2024-02-14T00:00:00.000000,0,46.44,SELL
JNJ,2024-02-15T00:00:00.000000,0,44.32,SELL
JNJ,2024-02-16T00:00:00.000000,0,44.32,SELL
JNJ,2024-02-20T00:00:00.000000,0,44.32,SELL
JNJ,2024-02-21T00:00:00.000000,0,44.32,SELL
JNJ,2024-02-22T00:00:00.000000,0,44.32,SELL
JNJ,2024-02-23T00:00:00.000000,0,44.32,SELL
JNJ,2024-02-26T00:00:00.000000,0,44.32,SELL
JNJ,2024-02-27T00:00:00.000000,0,44.32,SELL
JNJ,2024-02-28T00:00:00.000000,0,44.32,SELL
JNJ,2024-02-29T00:00:00.000000,0,44.32,SELL
JNJ,2024-03-01T00:00:00.000000,0,44.32,SELL
JNJ,2024-03-04T00:00:00.000000,0,44.32,SELL
JNJ,2024-03-05T00:00:00.000000,0,44.32,SELL
JNJ,2024-03-06T00:00:00.000000,0,46.44,SELL
JNJ,2024-03-07T00:00:00.000000,0,46.44,SELL
JNJ,2024-03-08T00:00:00.000000,1,50.07,BUY
JNJ,2024-03-11T00:00:00.000000,1,51.15,BUY
JNJ,2024-03-12T00:00:00.000000,1,51.22,BUY
JNJ,2024-03-13T00:00:00.000000,1,51.22,BUY
JNJ,2024-03-14T00:00:00.000000,1,51.22,BUY
JNJ,2024-03-15T00:00:00.000000,1,51.15,BUY
JNJ,2024-03-18T00:00:00.000000,1,51.22,BUY
JNJ,2024-03-19T00:00:00.000000,1,51.15,BUY
JNJ,2024-03-20T00:00:00.000000,1,50.07,BUY
JNJ,2024-03-21T00:00:00.000000,1,50.07,BUY
JNJ,2024-03-22T00:00:00.000000,0,46.44,SELL
JNJ,2024-03-25T00:00:00.000000,0,44.32,SELL
JNJ,2024-03-26T00:00:00.000000,0,44.32,SELL
JNJ,2024-03-27T00:00:00.000000,0,44.32,SELL
JNJ,2024-03-28T00:00:00.000000,0,44.32,SELL
JNJ,2024-04-01T00:00:00.000000,0,44.32,SELL
JNJ,2024-04-02T00:00:00.000000,0,43.6,SELL
JNJ,2024-04-03T00:00:00.000000,0,43.6,SELL
JNJ,2024-04-04T00:00:00.000000,0,43.6,SELL
JNJ,2024-04-05T00:00:00.000000,0,43.6,SELL
JNJ,2024-04-08T00:00:00.000000,0,43.6,SELL
JNJ,2024-04-09T00:00:00.000000,0,44.32,SELL
JNJ,2024-04-10T00:00:00.000000,0,44.32,SELL
JNJ,2024-04-11T00:00:00.000000,0,44.32,SELL
JNJ,2024-04-12T00:00:00.000000,0,44.32,SELL
JNJ,2024-04-15T00:00:00.000000,0,44.32,SELL
JNJ,2024-04-16T00:00:00.000000,0,44.32,SELL
JNJ,2024-04-17T00:00:00.000000,0,44.32,SELL
JNJ,2024-04-18T00:00:00.000000,0,44.32,SELL
JNJ,2024-04-19T00:00:00.000000,0,43.6,SELL
JNJ,2024-04-22T00:00:00.000000,0,43.6,SELL
JNJ,2024-04-23T00:00:00.000000,0,44.32,SELL
JNJ,2024-04-24T00:00:00.000000,0,44.32,SELL
JNJ,2024-04-25T00:00:00.000000,0,44.32,SELL
JNJ,2024-04-26T00:00:00.000000,0,44.32,SELL
JNJ,2024-04-29T00:00:00.000000,0,44.32,SELL
JNJ,2024-04-30T00:00:00.000000,0,44.32,SELL
JNJ,2024-05-01T00:00:00.000000,0,44.32,SELL
JNJ,2024-05-02T00:00:00.000000,0,44.32,SELL
JNJ,2024-05-03T00:00:00.000000,0,44.32,SELL
JNJ,2024-05-06T00:00:00.000000,0,46.44,SELL
JNJ,2024-05-07T00:00:00.000000,1,50.07,BUY
JNJ,2024-05-08T00:00:00.000000,1,50.07,BUY
JNJ,2024-05-09T00:00:00.000000,1,50.07,BUY
JNJ,2024-05-10T00:00:00.000000,1,50.07,BUY
JNJ,2024-05-13T00:00:00.000000,1,50.07,BUY
JNJ,2024-05-14T00:00:00.000000,1,50.07,BUY
JNJ,2024-05-15T00:00:00.000000,0,46.44,SELL
JNJ,2024-05-16T00:00:00.000000,0,44.32,SELL
JNJ,2024-05-17T00:00:00.000000,0,44.32,SELL
JNJ,2024-05-20T00:00:00.000000,0,44.32,SELL
JNJ,2024-05-21T00:00:00.000000,0,44.32,SELL
JNJ,2024-05-22T00:00:00.000000,0,44.32,SELL
JNJ,2024-05-23T00:00:00.000000,0,44.32,SELL
JNJ,2024-05-24T00:00:00.000000,0,44.32,SELL
JNJ,2024-05-28T00:00:00.000000,0,44.32,SELL
JNJ,2024-05-29T00:00:00.000000,0,44.9,SELL
JNJ,2024-05-30T00:00:00.000000,0,46.44,SELL
JNJ,2024-05-31T00:00:00.000000,1,50.07,BUY
JNJ,2024-06-03T00:00:00.000000,1,50.07,BUY
JNJ,2024-06-04T00:00:00.000000,1,51.22,BUY
JNJ,2024-06-05T00:00:00.000000,1,50.07,BUY
JNJ,2024-06-06T00:00:00.000000,1,50.07,BUY
JNJ,2024-06-07T00:00:00.000000,1,50.07,BUY
JNJ,2024-06-10T00:00:00.000000,1,50.07,BUY
JNJ,2024-06-11T00:00:00.000000,0,46.44,SELL
JNJ,2024-06-12T00:00:00.000000,0,44.32,SELL
JNJ,2024-06-13T00:00:00.000000,0,44.32,SELL
JNJ,2024-06-14T00:00:00.000000,0,44.32,SELL
JNJ,2024-06-17T00:00:00.000000,0,44.32,SELL
JNJ,2024-06-18T00:00:00.000000,0,44.32,SELL
JNJ,2024-06-20T00:00:00.000000,0,44.32,SELL
JNJ,2024-06-21T00:00:00.000000,0,44.32,SELL
JNJ,2024-06-24T00:00:00.000000,0,44.32,SELL
JNJ,2024-06-25T00:00:00.000000,0,44.32,SELL
JNJ,2024-06-26T00:00:00.000000,0,44.32,SELL
JNJ,2024-06-27T00:00:00.000000,0,44.32,SELL
JNJ,2024-06-28T00:00:00.000000,0,44.32,SELL
JNJ,2024-07-01T00:00:00.000000,0,44.32,SELL
JNJ,2024-07-02T00:00:00.000000,0,44.32,SELL
JNJ,2024-07-03T00:00:00.000000,0,46.44,SELL
JNJ,2024-07-05T00:00:00.000000,0,47.54,SELL
JNJ,2024-07-08T00:00:00.000000,1,50.07,BUY
JNJ,2024-07-09T00:00:00.000000,1,51.15,BUY
JNJ,2024-07-10T00:00:00.000000,1,51.22,BUY
JNJ,2024-07-11T00:00:00.000000,1,51.22,BUY
JNJ,2024-07-12T00:00:00.000000,1,51.15,BUY
JNJ,2024-07-15T00:00:00.000000,1,50.07,BUY
JNJ,2024-07-16T00:00:00.000000,1,50.07,BUY
JNJ,2024-07-17T00:00:00.000000,1,47.54,BUY
JNJ,2024-07-18T00:00:00.000000,0,46.44,SELL
JNJ,2024-07-19T00:00:00.000000,0,46.44,SELL
JNJ,2024-07-22T00:00:00.000000,1,50.0,BUY
JNJ,2024-07-23T00:00:00.000000,1,47.54,BUY
JNJ,2024-07-24T00:00:00.000000,1,47.54,BUY
JNJ,2024-07-25T00:00:00.000000,1,50.07,BUY
JNJ,2024-07-26T00:00:00.000000,1,50.07,BUY
JNJ,2024-07-29T00:00:00.000000,1,50.07,BUY
JNJ,2024-07-30T00:00:00.000000,1,50.07,BUY
JNJ,2024-07-31T00:00:00.000000,1,50.07,BUY
JNJ,2024-08-01T00:00:00.000000,1,50.07,BUY
JNJ,2024-08-02T00:00:00.000000,1,51.15,BUY
JNJ,2024-08-05T00:00:00.000000,1,51.22,BUY
JNJ,2024-08-06T00:00:00.000000,1,51.22,BUY
JNJ,2024-08-07T00:00:00.000000,1,51.22,BUY
JNJ,2024-08-08T00:00:00.000000,1,51.22,BUY
JNJ,2024-08-09T00:00:00.000000,1,51.22,BUY
JNJ,2024-08-12T00:00:00.000000,1,51.22,BUY
JNJ,2024-08-13T00:00:00.000000,1,51.22,BUY
JNJ,2024-08-14T00:00:00.000000,1,51.22,BUY
JNJ,2024-08-15T00:00:00.000000,1,51.22,BUY
JNJ,2024-08-16T00:00:00.000000,1,51.22,BUY
JNJ,2024-08-19T00:00:00.000000,1,51.22,BUY
JNJ,2024-08-20T00:00:00.000000,1,51.22,BUY
JNJ,2024-08-21T00:00:00.000000,1,50.07,BUY
JNJ,2024-08-22T00:00:00.000000,0,44.32,SELL
JNJ,2024-08-23T00:00:00.000000,0,44.32,SELL
JNJ,2024-08-26T00:00:00.000000,0,44.32,SELL
JNJ,2024-08-27T00:00:00.000000,0,44.32,SELL
JNJ,2024-08-28T00:00:00.000000,0,44.32,SELL
JNJ,2024-08-29T00:00:00.000000,0,44.32,SELL
JNJ,2024-08-30T00:00:00.000000,0,44.32,SELL
JNJ,2024-09-03T00:00:00.000000,0,44.32,SELL
JNJ,2024-09-04T00:00:00.000000,0,44.32,SELL
JNJ,2024-09-05T00:00:00.000000,0,46.44,SELL
JNJ,2024-09-06T00:00:00.000000,1,50.07,BUY
JNJ,2024-09-09T00:00:00.000000,1,51.22,BUY
JNJ,2024-09-10T00:00:00.000000,1,51.22,BUY
JNJ,2024-09-11T00:00:00.000000,1,51.22,BUY
JNJ,2024-09-12T00:00:00.000000,1,51.22,BUY
JNJ,2024-09-13T00:00:00.000000,1,51.22,BUY
JNJ,2024-09-16T00:00:00.000000,1,51.22,BUY
JNJ,2024-09-17T00:00:00.000000,1,51.22,BUY
JNJ,2024-09-18T00:00:00.000000,1,51.22,BUY
JNJ,2024-09-19T00:00:00.000000,1,51.22,BUY
JNJ,2024-09-20T00:00:00.000000,1,51.22,BUY
JNJ,2024-09-23T00:00:00.000000,1,51.22,BUY
JNJ,2024-09-24T00:00:00.000000,1,51.22,BUY
JNJ,2024-09-25T00:00:00.000000,1,51.22,BUY
JNJ,2024-09-26T00:00:00.000000,1,50.07,BUY
JNJ,2024-09-27T00:00:00.000000,1,50.0,BUY
JNJ,2024-09-30T00:00:00.000000,0,44.32,SELL
JNJ,2024-10-01T00:00:00.000000,0,44.32,SELL
JNJ,2024-10-02T00:00:00.000000,0,44.32,SELL
JNJ,2024-10-03T00:00:00.000000,0,44.32,SELL
JNJ,2024-10-04T00:00:00.000000,0,43.6,SELL
JNJ,2024-10-07T00:00:00.000000,0,43.6,SELL
JNJ,2024-10-08T00:00:00.000000,0,43.6,SELL
JNJ,2024-10-09T00:00:00.000000,0,43.6,SELL
JNJ,2024-10-10T00:00:00.000000,0,43.6,SELL
JNJ,2024-10-11T00:00:00.000000,0,43.6,SELL
JNJ,2024-10-14T00:00:00.000000,0,43.6,SELL
JNJ,2024-10-15T00:00:00.000000,0,43.6,SELL
JNJ,2024-10-16T00:00:00.000000,0,43.59,SELL
JNJ,2024-10-17T00:00:00.000000,0,43.59,SELL
JNJ,2024-10-18T00:00:00.000000,0,43.59,SELL
JNJ,2024-10-21T00:00:00.000000,0,43.6,SELL
JNJ,2024-10-22T00:00:00.000000,0,43.6,SELL
JNJ,2024-10-23T00:00:00.000000,0,44.32,SELL
JNJ,2024-10-24T00:00:00.000000,0,44.32,SELL
JNJ,2024-10-25T00:00:00.000000,0,44.32,SELL
JNJ,2024-10-28T00:00:00.000000,0,44.32,SELL
JNJ,2024-10-29T00:00:00.000000,0,46.44,SELL
JNJ,2024-10-30T00:00:00.000000,1,50.07,BUY
JNJ,2024-10-31T00:00:00.000000,1,50.07,BUY
JNJ,2024-11-01T00:00:00.000000,1,50.07,BUY
JNJ,2024-11-04T00:00:00.000000,1,50.07,BUY
JNJ,2024-11-05T00:00:00.000000,1,50.07,BUY
JNJ,2024-11-06T00:00:00.000000,1,50.07,BUY
JNJ,2024-11-07T00:00:00.000000,0,46.44,SELL
JNJ,2024-11-08T00:00:00.000000,0,44.32,SELL
JNJ,2024-11-11T00:00:00.000000,0,44.32,SELL
JNJ,2024-11-12T00:00:00.000000,0,44.32,SELL
JNJ,2024-11-13T00:00:00.000000,0,43.6,SELL
JNJ,2024-11-14T00:00:00.000000,0,43.59,SELL
JNJ,2024-11-15T00:00:00.000000,0,41.9,SELL
JNJ,2024-11-18T00:00:00.000000,0,41.9,SELL
JNJ,2024-11-19T00:00:00.000000,0,41.67,SELL
JNJ,2024-11-20T00:00:00.000000,0,41.67,SELL
JNJ,2024-11-21T00:00:00.000000,0,41.67,SELL
JNJ,2024-11-22T00:00:00.000000,0,41.67,SELL
JNJ,2024-11-25T00:00:00.000000,0,41.88,SELL
JNJ,2024-11-26T00:00:00.000000,0,41.9,SELL
JNJ,2024-11-27T00:00:00.000000,0,41.9,SELL
JNJ,2024-11-29T00:00:00.000000,0,41.9,SELL
JNJ,2024-12-02T00:00:00.000000,0,43.59,SELL
JNJ,2024-12-03T00:00:00.000000,0,43.59,SELL
JNJ,2024-12-04T00:00:00.000000,0,43.6,SELL
JNJ,2024-12-05T00:00:00.000000,0,43.6,SELL
JNJ,2024-12-06T00:00:00.000000,0,43.6,SELL
JNJ,2024-12-09T00:00:00.000000,0,43.6,SELL
JNJ,2024-12-10T00:00:00.000000,0,44.32,SELL
JNJ,2024-12-11T00:00:00.000000,0,44.32,SELL
JNJ,2024-12-12T00:00:00.000000,0,44.32,SELL
JNJ,2024-12-13T00:00:00.000000,0,44.32,SELL
JNJ,2024-12-16T00:00:00.000000,0,44.32,SELL
JNJ,2024-12-17T00:00:00.000000,0,44.32,SELL
JNJ,2024-12-18T00:00:00.000000,0,44.32,SELL
JNJ,2024-12-19T00:00:00.000000,0,44.32,SELL
JNJ,2024-12-20T00:00:00.000000,0,44.32,SELL
JPM,2023-02-21T00:00:00.000000,1,51.22,BUY
JPM,2023-02-22T00:00:00.000000,1,51.22,BUY
JPM,2023-02-23T00:00:00.000000,1,51.22,BUY
JPM,2023-02-24T00:00:00.000000,1,51.22,BUY
JPM,2023-02-27T00:00:00.000000,1,51.22,BUY
JPM,2023-02-28T00:00:00.000000,1,51.22,BUY
JPM,2023-03-01T00:00:00.000000,1,51.22,BUY
JPM,2023-03-02T00:00:00.000000,1,51.22,BUY
JPM,2023-03-03T00:00:00.000000,1,51.22,BUY
JPM,2023-03-06T00:00:00.000000,1,51.22,BUY
JPM,2023-03-07T00:00:00.000000,1,51.22,BUY
JPM,2023-03-08T00:00:00.000000,1,51.22,BUY
JPM,2023-03-09T00:00:00.000000,1,51.22,BUY
JPM,2023-03-10T00:00:00.000000,1,51.22,BUY
JPM,2023-03-13T00:00:00.000000,1,51.22,BUY
JPM,2023-03-14T00:00:00.000000,1,51.22,BUY
JPM,2023-03-15T00:00:00.000000,1,51.22,BUY
JPM,2023-03-16T00:00:00.000000,1,51.22,BUY
JPM,2023-03-17T00:00:00.000000,1,51.22,BUY
JPM,2023-03-20T00:00:00.000000,1,50.07,BUY
JPM,2023-03-21T00:00:00.000000,0,46.44,SELL
JPM,2023-03-22T00:00:00.000000,0,44.32,SELL
JPM,2023-03-23T00:00:00.000000,0,44.32,SELL
JPM,2023-03-24T00:00:00.000000,0,44.32,SELL
JPM,2023-03-27T00:00:00.000000,0,44.32,SELL
JPM,2023-03-28T00:00:00.000000,0,44.32,SELL
JPM,2023-03-29T00:00:00.000000,0,44.32,SELL
JPM,2023-03-30T00:00:00.000000,0,44.32,SELL
JPM,2023-03-31T00:00:00.000000,0,46.44,SELL
JPM,2023-04-03T00:00:00.000000,0,46.44,SELL
JPM,2023-04-04T00:00:00.000000,0,46.44,SELL
JPM,2023-04-05T00:00:00.000000,0,46.44,SELL
JPM,2023-04-06T00:00:00.000000,0,44.32,SELL
JPM,2023-04-10T00:00:00.000000,0,44.32,SELL
JPM,2023-04-11T00:00:00.000000,0,44.32,SELL
JPM,2023-04-12T00:00:00.000000,0,44.32,SELL
JPM,2023-04-13T00:00:00.000000,0,44.32,SELL
JPM,2023-04-14T00:00:00.000000,0,44.32,SELL
JPM,2023-04-17T00:00:00.000000,0,44.32,SELL
JPM,2023-04-18T00:00:00.000000,0,44.32,SELL
JPM,2023-04-19T00:00:00.000000,0,44.32,SELL
JPM,2023-04-20T00:00:00.000000,0,44.32,SELL
JPM,2023-04-21T00:00:00.000000,0,44.32,SELL
JPM,2023-04-24T00:00:00.000000,0,46.44,SELL
JPM,2023-04-25T00:00:00.000000,1,50.07,BUY
JPM,2023-04-26T00:00:00.000000,1,51.22,BUY
JPM,2023-04-27T00:00:00.000000,1,51.22,BUY
JPM,2023-04-28T00:00:00.000000,1,51.22,BUY
JPM,2023-05-01T00:00:00.000000,1,51.22,BUY
JPM,2023-05-02T00:00:00.000000,1,51.22,BUY
JPM,2023-05-03T00:00:00.000000,1,51.22,BUY
JPM,2023-05-04T00:00:00.000000,1,51.22,BUY
JPM,2023-05-05T00:00:00.000000,1,51.22,BUY
JPM,2023-05-08T00:00:00.000000,1,51.22,BUY
JPM,2023-05-09T00:00:00.000000,1,51.22,BUY
JPM,2023-05-10T00:00:00.000000,1,51.22,BUY
JPM,2023-05-11T00:00:00.000000,1,51.22,BUY
JPM,2023-05-12T00:00:00.000000,1,51.15,BUY
JPM,2023-05-15T00:00:00.000000,1,51.22,BUY
JPM,2023-05-16T00:00:00.000000,1,51.22,BUY
JPM,2023-05-17T00:00:00.000000,1,51.22,BUY
JPM,2023-05-18T00:00:00.000000,1,51.22,BUY
JPM,2023-05-19T00:00:00.000000,1,50.07,BUY
JPM,2023-05-22T00:00:00.000000,1,50.07,BUY
JPM,2023-05-23T00:00:00.000000,1,50.07,BUY
JPM,2023-05-24T00:00:00.000000,1,50.07,BUY
JPM,2023-05-25T00:00:00.000000,1,50.0,BUY
JPM,2023-05-26T00:00:00.000000,0,46.44,SELL
JPM,2023-05-30T00:00:00.000000,0,44.32,SELL
JPM,2023-05-31T00:00:00.000000,0,44.32,SELL
JPM,2023-06-01T00:00:00.000000,0,44.32,SELL
JPM,2023-06-02T00:00:00.000000,0,46.44,SELL
JPM,2023-06-05T00:00:00.000000,0,46.44,SELL
JPM,2023-06-06T00:00:00.000000,1,50.0,BUY
JPM,2023-06-07T00:00:00.000000,0,46.44,SELL
JPM,2023-06-08T00:00:00.000000,0,44.9,SELL
JPM,2023-06-09T00:00:00.000000,0,44.32,SELL
JPM,2023-06-12T00:00:00.000000,0,44.32,SELL
JPM,2023-06-13T00:00:00.000000,0,44.32,SELL
JPM,2023-06-14T00:00:00.000000,0,44.32,SELL
JPM,2023-06-15T00:00:00.000000,0,44.32,SELL
JPM,2023-06-16T00:00:00.000000,0,44.32,SELL
JPM,2023-06-20T00:00:00.000000,0,44.32,SELL
JPM,2023-06-21T00:00:00.000000,0,46.44,SELL
JPM,2023-06-22T00:00:00.000000,0,46.44,SELL
JPM,2023-06-23T00:00:00.000000,0,47.54,SELL
JPM,2023-06-26T00:00:00.000000,1,50.07,BUY
JPM,2023-06-27T00:00:00.000000,1,50.07,BUY
JPM,2023-06-28T00:00:00.000000,1,51.22,BUY
JPM,2023-06-29T00:00:00.000000,1,51.22,BUY
JPM,2023-06-30T00:00:00.000000,1,51.22,BUY
JPM,2023-07-03T00:00:00.000000,1,51.22,BUY
JPM,2023-07-05T00:00:00.000000,1,51.22,BUY
JPM,2023-07-06T00:00:00.000000,1,51.22,BUY
JPM,2023-07-07T00:00:00.000000,1,51.22,BUY
JPM,2023-07-10T00:00:00.000000,1,51.15,BUY
JPM,2023-07-11T00:00:00.000000,1,50.07,BUY
JPM,2023-07-12T00:00:00.000000,0,46.44,SELL
JPM,2023-07-13T00:00:00.000000,0,46.44,SELL
JPM,2023-07-14T00:00:00.000000,0,46.44,SELL
JPM,2023-07-17T00:00:00.000000,0,46.44,SELL
JPM,2023-07-18T00:00:00.000000,1,50.07,BUY
JPM,2023-07-19T00:00:00.000000,1,50.07,BUY
JPM,2023-07-20T00:00:00.000000,1,51.15,BUY
JPM,2023-07-21T00:00:00.000000,1,50.07,BUY
JPM,2023-07-24T00:00:00.000000,1,50.07,BUY
JPM,2023-07-25T00:00:00.000000,1,50.07,BUY
JPM,2023-07-26T00:00:00.000000,1,50.07,BUY
JPM,2023-07-27T00:00:00.000000,1,50.07,BUY
JPM,2023-07-28T00:00:00.000000,1,50.07,BUY
JPM,2023-07-31T00:00:00.000000,1,51.22,BUY
JPM,2023-08-01T00:00:00.000000,1,51.22,BUY
JPM,2023-08-02T00:00:00.000000,1,51.22,BUY
JPM,2023-08-03T00:00:00.000000,1,51.22,BUY
JPM,2023-08-04T00:00:00.000000,1,51.22,BUY
JPM,2023-08-07T00:00:00.000000,1,51.22,BUY
JPM,2023-08-08T00:00:00.000000,1,50.07,BUY
JPM,2023-08-09T00:00:00.000000,1,50.07,BUY
JPM,2023-08-10T00:00:00.000000,1,50.07,BUY
JPM,2023-08-11T00:00:00.000000,1,47.54,BUY
JPM,2023-08-14T00:00:00.000000,1,50.07,BUY
JPM,2023-08-15T00:00:00.000000,1,50.07,BUY
JPM,2023-08-16T00:00:00.000000,1,51.22,BUY
JPM,2023-08-17T00:00:00.000000,1,51.22,BUY
JPM,2023-08-18T00:00:00.000000,1,51.22,BUY
JPM,2023-08-21T00:00:00.000000,1,51.22,BUY
JPM,2023-08-22T00:00:00.000000,1,51.22,BUY
JPM,2023-08-23T00:00:00.000000,1,51.22,BUY
JPM,2023-08-24T00:00:00.000000,1,51.22,BUY
JPM,2023-08-25T00:00:00.000000,1,51.22,BUY
JPM,2023-08-28T00:00:00.000000,1,51.22,BUY
JPM,2023-08-29T00:00:00.000000,1,51.22,BUY
JPM,2023-08-30T00:00:00.000000,1,50.07,BUY
JPM,2023-08-31T00:00:00.000000,0,46.44,SELL
JPM,2023-09-01T00:00:00.000000,0,44.32,SELL
JPM,2023-09-05T00:00:00.000000,0,44.32,SELL
JPM,2023-09-06T00:00:00.000000,0,44.32,SELL
JPM,2023-09-07T00:00:00.000000,0,44.32,SELL
JPM,2023-09-08T00:00:00.000000,0,44.32,SELL
JPM,2023-09-11T00:00:00.000000,0,43.6,SELL
JPM,2023-09-12T00:00:00.000000,0,43.6,SELL
JPM,2023-09-13T00:00:00.000000,0,43.6,SELL
JPM,2023-09-14T00:00:00.000000,0,43.6,SELL
JPM,2023-09-15T00:00:00.000000,0,43.6,SELL
JPM,2023-09-18T00:00:00.000000,0,43.6,SELL
JPM,2023-09-19T00:00:00.000000,0,44.32,SELL
JPM,2023-09-20T00:00:00.000000,0,44.32,SELL
JPM,2023-09-21T00:00:00.000000,0,44.32,SELL
JPM,2023-09-22T00:00:00.000000,0,44.32,SELL
JPM,2023-09-25T00:00:00.000000,0,44.32,SELL
JPM,2023-09-26T00:00:00.000000,0,44.32,SELL
JPM,2023-09-27T00:00:00.000000,0,46.44,SELL
JPM,2023-09-28T00:00:00.000000,1,50.07,BUY
JPM,2023-09-29T00:00:00.000000,1,51.22,BUY
JPM,2023-10-02T00:00:00.000000,1,51.22,BUY
JPM,2023-10-03T00:00:00.000000,1,51.22,BUY
JPM,2023-10-04T00:00:00.000000,1,51.22,BUY
JPM,2023-10-05T00:00:00.000000,1,51.22,BUY
JPM,2023-10-06T00:00:00.000000,1,51.22,BUY
JPM,2023-10-09T00:00:00.000000,1,51.22,BUY
JPM,2023-10-10T00:00:00.000000,1,51.22,BUY
JPM,2023-10-11T00:00:00.000000,1,51.22,BUY
JPM,2023-10-12T00:00:00.000000,1,51.22,BUY
JPM,2023-10-13T00:00:00.000000,1,51.22,BUY
JPM,2023-10-16T00:00:00.000000,1,50.07,BUY
JPM,2023-10-17T00:00:00.000000,1,50.07,BUY
JPM,2023-10-18T00:00:00.000000,0,44.9,SELL
JPM,2023-10-19T00:00:00.000000,0,44.32,SELL
JPM,2023-10-20T00:00:00.000000,0,44.32,SELL
JPM,2023-10-23T00:00:00.000000,0,44.32,SELL
JPM,2023-10-24T00:00:00.000000,0,44.32,SELL
JPM,2023-10-25T00:00:00.000000,0,44.9,SELL
JPM,2023-10-26T00:00:00.000000,0,46.44,SELL
JPM,2023-10-27T00:00:00.000000,0,46.44,SELL
JPM,2023-10-30T00:00:00.000000,0,47.54,SELL
JPM,2023-10-31T00:00:00.000000,1,50.07,BUY
JPM,2023-11-01T00:00:00.000000,1,50.07,BUY
JPM,2023-11-02T00:00:00.000000,0,47.54,SELL
JPM,2023-11-03T00:00:00.000000,0,46.44,SELL
JPM,2023-11-06T00:00:00.000000,0,44.32,SELL
JPM,2023-11-07T00:00:00.000000,0,44.32,SELL
JPM,2023-11-08T00:00:00.000000,0,44.32,SELL
JPM,2023-11-09T00:00:00.000000,0,43.6,SELL
JPM,2023-11-10T00:00:00.000000,0,43.6,SELL
JPM,2023-11-13T00:00:00.000000,0,41.9,SELL
JPM,2023-11-14T00:00:00.000000,0,41.9,SELL
JPM,2023-11-15T00:00:00.000000,0,41.9,SELL
JPM,2023-11-16T00:00:00.000000,0,43.59,SELL
JPM,2023-11-17T00:00:00.000000,0,43.6,SELL
JPM,2023-11-20T00:00:00.000000,0,44.32,SELL
JPM,2023-11-21T00:00:00.000000,0,44.32,SELL
JPM,2023-11-22T00:00:00.000000,0,46.44,SELL
JPM,2023-11-24T00:00:00.000000,1,50.07,BUY
JPM,2023-11-27T00:00:00.000000,1,50.07,BUY
JPM,2023-11-28T00:00:00.000000,1,50.07,BUY
JPM,2023-11-29T00:00:00.000000,1,50.07,BUY
JPM,2023-11-30T00:00:00.000000,1,50.07,BUY
JPM,2023-12-01T00:00:00.000000,1,51.15,BUY
JPM,2023-12-04T00:00:00.000000,1,51.22,BUY
JPM,2023-12-05T00:00:00.000000,1,51.22,BUY
JPM,2023-12-06T00:00:00.000000,1,51.22,BUY
JPM,2023-12-07T00:00:00.000000,1,51.22,BUY
JPM,2023-12-08T00:00:00.000000,1,51.22,BUY
JPM,2023-12-11T00:00:00.000000,1,51.22,BUY
JPM,2023-12-12T00:00:00.000000,1,51.22,BUY
JPM,2023-12-13T00:00:00.000000,1,51.22,BUY
JPM,2023-12-14T00:00:00.000000,1,51.22,BUY
JPM,2023-12-15T00:00:00.000000,1,51.22,BUY
JPM,2023-12-18T00:00:00.000000,1,51.22,BUY
JPM,2023-12-19T00:00:00.000000,1,51.22,BUY
JPM,2023-12-20T00:00:00.000000,1,51.22,BUY
JPM,2023-12-21T00:00:00.000000,1,51.22,BUY
JPM,2023-12-22T00:00:00.000000,1,51.22,BUY
JPM,2023-12-26T00:00:00.000000,1,51.22,BUY
JPM,2023-12-27T00:00:00.000000,1,51.22,BUY
JPM,2023-12-28T00:00:00.000000,1,51.22,BUY
JPM,2023-12-29T00:00:00.000000,1,51.22,BUY
JPM,2024-01-02T00:00:00.000000,1,51.22,BUY
JPM,2024-01-03T00:00:00.000000,1,51.22,BUY
JPM,2024-01-04T00:00:00.000000,1,51.22,BUY
JPM,2024-01-05T00:00:00.000000,1,51.22,BUY
JPM,2024-01-08T00:00:00.000000,1,51.22,BUY
JPM,2024-01-09T00:00:00.000000,1,51.22,BUY
JPM,2024-01-10T00:00:00.000000,1,51.22,BUY
JPM,2024-01-11T00:00:00.000000,1,51.22,BUY
JPM,2024-01-12T00:00:00.000000,1,51.22,BUY
JPM,2024-01-16T00:00:00.000000,1,51.22,BUY
JPM,2024-01-17T00:00:00.000000,1,51.22,BUY
JPM,2024-01-18T00:00:00.000000,1,51.22,BUY
JPM,2024-01-19T00:00:00.000000,1,51.22,BUY
JPM,2024-01-22T00:00:00.000000,1,51.22,BUY
JPM,2024-01-23T00:00:00.000000,1,51.22,BUY
JPM,2024-01-24T00:00:00.000000,1,51.22,BUY
JPM,2024-01-25T00:00:00.000000,1,51.22,BUY
JPM,2024-01-26T00:00:00.000000,1,51.22,BUY
JPM,2024-01-29T00:00:00.000000,1,51.22,BUY
JPM,2024-01-30T00:00:00.000000,1,51.22,BUY
JPM,2024-01-31T00:00:00.000000,1,50.07,BUY
JPM,2024-02-01T00:00:00.000000,0,46.44,SELL
JPM,2024-02-02T00:00:00.000000,0,44.9,SELL
JPM,2024-02-05T00:00:00.000000,0,46.44,SELL
JPM,2024-02-06T00:00:00.000000,0,44.9,SELL
JPM,2024-02-07T00:00:00.000000,0,44.9,SELL
JPM,2024-02-08T00:00:00.000000,0,47.54,SELL
JPM,2024-02-09T00:00:00.000000,1,50.07,BUY
JPM,2024-02-12T00:00:00.000000,1,51.22,BUY
JPM,2024-02-13T00:00:00.000000,1,51.22,BUY
JPM,2024-02-14T00:00:00.000000,1,51.22,BUY
JPM,2024-02-15T00:00:00.000000,1,51.22,BUY
JPM,2024-02-16T00:00:00.000000,1,51.22,BUY
JPM,2024-02-20T00:00:00.000000,1,51.22,BUY
JPM,2024-02-21T00:00:00.000000,1,51.22,BUY
JPM,2024-02-22T00:00:00.000000,1,51.22,BUY
JPM,2024-02-23T00:00:00.000000,1,51.22,BUY
JPM,2024-02-26T00:00:00.000000,1,51.22,BUY
JPM,2024-02-27T00:00:00.000000,1,51.22,BUY
JPM,2024-02-28T00:00:00.000000,1,51.22,BUY
JPM,2024-02-29T00:00:00.000000,1,51.22,BUY
JPM,2024-03-01T00:00:00.000000,1,51.22,BUY
JPM,2024-03-04T00:00:00.000000,1,51.22,BUY
JPM,2024-03-05T00:00:00.000000,1,51.22,BUY
JPM,2024-03-06T00:00:00.000000,1,51.22,BUY
JPM,2024-03-07T00:00:00.000000,1,51.22,BUY
JPM,2024-03-08T00:00:00.000000,1,51.22,BUY
JPM,2024-03-11T00:00:00.000000,1,51.22,BUY
JPM,2024-03-12T00:00:00.000000,1,51.22,BUY
JPM,2024-03-13T00:00:00.000000,1,51.22,BUY
JPM,2024-03-14T00:00:00.000000,1,51.22,BUY
JPM,2024-03-15T00:00:00.000000,1,51.22,BUY
JPM,2024-03-18T00:00:00.000000,1,51.22,BUY
JPM,2024-03-19T00:00:00.000000,1,51.22,BUY
JPM,2024-03-20T00:00:00.000000,1,51.22,BUY
JPM,2024-03-21T00:00:00.000000,1,51.22,BUY
JPM,2024-03-22T00:00:00.000000,1,51.22,BUY
JPM,2024-03-25T00:00:00.000000,1,51.22,BUY
JPM,2024-03-26T00:00:00.000000,1,51.22,BUY
JPM,2024-03-27T00:00:00.000000,1,51.22,BUY
JPM,2024-03-28T00:00:00.000000,1,51.22,BUY
JPM,2024-04-01T00:00:00.000000,1,51.22,BUY
JPM,2024-04-02T00:00:00.000000,1,51.22,BUY
JPM,2024-04-03T00:00:00.000000,1,51.22,BUY
JPM,2024-04-04T00:00:00.000000,1,50.07,BUY
JPM,2024-04-05T00:00:00.000000,1,50.07,BUY
JPM,2024-04-08T00:00:00.000000,1,50.07,BUY
JPM,2024-04-09T00:00:00.000000,1,51.15,BUY
JPM,2024-04-10T00:00:00.000000,1,50.07,BUY
JPM,2024-04-11T00:00:00.000000,1,50.07,BUY
JPM,2024-04-12T00:00:00.000000,1,51.22,BUY
JPM,2024-04-15T00:00:00.000000,1,51.22,BUY
JPM,2024-04-16T00:00:00.000000,1,51.22,BUY
JPM,2024-04-17T00:00:00.000000,1,51.15,BUY
JPM,2024-04-18T00:00:00.000000,1,50.07,BUY
JPM,2024-04-19T00:00:00.000000,0,46.44,SELL
JPM,2024-04-22T00:00:00.000000,0,46.44,SELL
JPM,2024-04-23T00:00:00.000000,0,44.32,SELL
JPM,2024-04-24T00:00:00.000000,0,44.32,SELL
JPM,2024-04-25T00:00:00.000000,0,44.32,SELL
JPM,2024-04-26T00:00:00.000000,0,44.32,SELL
JPM,2024-04-29T00:00:00.000000,0,44.32,SELL
JPM,2024-04-30T00:00:00.000000,0,44.32,SELL
JPM,2024-05-01T00:00:00.000000,0,44.32,SELL
JPM,2024-05-02T00:00:00.000000,0,44.32,SELL
JPM,2024-05-03T00:00:00.000000,0,46.44,SELL
JPM,2024-05-06T00:00:00.000000,1,50.0,BUY
JPM,2024-05-07T00:00:00.000000,1,50.07,BUY
JPM,2024-05-08T00:00:00.000000,1,51.22,BUY
JPM,2024-05-09T00:00:00.000000,1,51.22,BUY
JPM,2024-05-10T00:00:00.000000,1,51.22,BUY
JPM,2024-05-13T00:00:00.000000,1,50.07,BUY
JPM,2024-05-14T00:00:00.000000,1,50.0,BUY
JPM,2024-05-15T00:00:00.000000,0,44.32,SELL
JPM,2024-05-16T00:00:00.000000,0,44.32,SELL
JPM,2024-05-17T00:00:00.000000,0,44.32,SELL
JPM,2024-05-20T00:00:00.000000,0,44.32,SELL
JPM,2024-05-21T00:00:00.000000,0,44.32,SELL
JPM,2024-05-22T00:00:00.000000,0,44.32,SELL
JPM,2024-05-23T00:00:00.000000,0,44.32,SELL
JPM,2024-05-24T00:00:00.000000,0,46.44,SELL
JPM,2024-05-28T00:00:00.000000,1,50.07,BUY
JPM,2024-05-29T00:00:00.000000,1,50.07,BUY
JPM,2024-05-30T00:00:00.000000,1,51.22,BUY
JPM,2024-05-31T00:00:00.000000,1,51.22,BUY
JPM,2024-06-03T00:00:00.000000,1,51.22,BUY
JPM,2024-06-04T00:00:00.000000,1,51.22,BUY
JPM,2024-06-05T00:00:00.000000,1,51.22,BUY
JPM,2024-06-06T00:00:00.000000,1,51.22,BUY
JPM,2024-06-07T00:00:00.000000,1,51.22,BUY
JPM,2024-06-10T00:00:00.000000,1,51.22,BUY
JPM,2024-06-11T00:00:00.000000,1,51.22,BUY
JPM,2024-06-12T00:00:00.000000,1,51.22,BUY
JPM,2024-06-13T00:00:00.000000,1,51.22,BUY
JPM,2024-06-14T00:00:00.000000,1,51.22,BUY
JPM,2024-06-17T00:00:00.000000,1,51.22,BUY
JPM,2024-06-18T00:00:00.000000,1,51.22,BUY
JPM,2024-06-20T00:00:00.000000,1,51.22,BUY
JPM,2024-06-21T00:00:00.000000,1,50.07,BUY
JPM,2024-06-24T00:00:00.000000,1,50.07,BUY
JPM,2024-06-25T00:00:00.000000,1,50.07,BUY
JPM,2024-06-26T00:00:00.000000,1,50.07,BUY
JPM,2024-06-27T00:00:00.000000,1,50.07,BUY
JPM,2024-06-28T00:00:00.000000,0,46.44,SELL
JPM,2024-07-01T00:00:00.000000,0,46.44,SELL
JPM,2024-07-02T00:00:00.000000,0,46.44,SELL
JPM,2024-07-03T00:00:00.000000,1,47.54,BUY
JPM,2024-07-05T00:00:00.000000,1,50.07,BUY
JPM,2024-07-08T00:00:00.000000,1,51.15,BUY
JPM,2024-07-09T00:00:00.000000,1,51.22,BUY
JPM,2024-07-10T00:00:00.000000,1,51.22,BUY
JPM,2024-07-11T00:00:00.000000,1,51.22,BUY
JPM,2024-07-12T00:00:00.000000,1,51.22,BUY
JPM,2024-07-15T00:00:00.000000,1,51.22,BUY
JPM,2024-07-16T00:00:00.000000,1,51.22,BUY
JPM,2024-07-17T00:00:00.000000,1,51.22,BUY
JPM,2024-07-18T00:00:00.000000,1,51.22,BUY
JPM,2024-07-19T00:00:00.000000,1,51.22,BUY
JPM,2024-07-22T00:00:00.000000,1,51.22,BUY
JPM,2024-07-23T00:00:00.000000,1,51.22,BUY
JPM,2024-07-24T00:00:00.000000,1,50.07,BUY
JPM,2024-07-25T00:00:00.000000,1,50.07,BUY
JPM,2024-07-26T00:00:00.000000,1,50.07,BUY
JPM,2024-07-29T00:00:00.000000,1,50.07,BUY
JPM,2024-07-30T00:00:00.000000,1,50.07,BUY
JPM,2024-07-31T00:00:00.000000,1,51.22,BUY
JPM,2024-08-01T00:00:00.000000,1,51.22,BUY
JPM,2024-08-02T00:00:00.000000,1,51.22,BUY
JPM,2024-08-05T00:00:00.000000,1,51.22,BUY
JPM,2024-08-06T00:00:00.000000,1,51.22,BUY
JPM,2024-08-07T00:00:00.000000,1,51.22,BUY
JPM,2024-08-08T00:00:00.000000,1,51.22,BUY
JPM,2024-08-09T00:00:00.000000,1,51.22,BUY
JPM,2024-08-12T00:00:00.000000,1,51.22,BUY
JPM,2024-08-13T00:00:00.000000,1,51.22,BUY
JPM,2024-08-14T00:00:00.000000,1,51.22,BUY
JPM,2024-08-15T00:00:00.000000,1,51.22,BUY
JPM,2024-08-16T00:00:00.000000,1,51.22,BUY
JPM,2024-08-19T00:00:00.000000,1,50.07,BUY
JPM,2024-08-20T00:00:00.000000,0,46.44,SELL
JPM,2024-08-21T00:00:00.000000,0,44.32,SELL
JPM,2024-08-22T00:00:00.000000,0,44.32,SELL
JPM,2024-08-23T00:00:00.000000,0,44.32,SELL
JPM,2024-08-26T00:00:00.000000,0,44.32,SELL
JPM,2024-08-27T00:00:00.000000,0,44.32,SELL
JPM,2024-08-28T00:00:00.000000,0,44.9,SELL
JPM,2024-08-29T00:00:00.000000,1,50.07,BUY
JPM,2024-08-30T00:00:00.000000,1,51.15,BUY
JPM,2024-09-03T00:00:00.000000,1,51.22,BUY
JPM,2024-09-04T00:00:00.000000,1,51.22,BUY
JPM,2024-09-05T00:00:00.000000,1,51.22,BUY
JPM,2024-09-06T00:00:00.000000,1,51.22,BUY
JPM,2024-09-09T00:00:00.000000,1,51.22,BUY
JPM,2024-09-10T00:00:00.000000,1,51.22,BUY
JPM,2024-09-11T00:00:00.000000,1,51.22,BUY
JPM,2024-09-12T00:00:00.000000,1,51.22,BUY
JPM,2024-09-13T00:00:00.000000,1,51.22,BUY
JPM,2024-09-16T00:00:00.000000,1,51.22,BUY
JPM,2024-09-17T00:00:00.000000,1,51.22,BUY
JPM,2024-09-18T00:00:00.000000,1,51.22,BUY
JPM,2024-09-19T00:00:00.000000,1,51.22,BUY
JPM,2024-09-20T00:00:00.000000,1,51.22,BUY
JPM,2024-09-23T00:00:00.000000,1,51.22,BUY
JPM,2024-09-24T00:00:00.000000,1,50.07,BUY
JPM,2024-09-25T00:00:00.000000,0,46.44,SELL
JPM,2024-09-26T00:00:00.000000,0,46.44,SELL
JPM,2024-09-27T00:00:00.000000,0,46.44,SELL
JPM,2024-09-30T00:00:00.000000,0,44.32,SELL
JPM,2024-10-01T00:00:00.000000,0,44.32,SELL
JPM,2024-10-02T00:00:00.000000,0,44.9,SELL
JPM,2024-10-03T00:00:00.000000,0,44.32,SELL
JPM,2024-10-04T00:00:00.000000,0,46.44,SELL
JPM,2024-10-07T00:00:00.000000,0,47.54,SELL
JPM,2024-10-08T00:00:00.000000,1,50.07,BUY
JPM,2024-10-09T00:00:00.000000,1,50.07,BUY
JPM,2024-10-10T00:00:00.000000,1,50.07,BUY
JPM,2024-10-11T00:00:00.000000,1,50.07,BUY
JPM,2024-10-14T00:00:00.000000,1,50.0,BUY
JPM,2024-10-15T00:00:00.000000,1,50.07,BUY
JPM,2024-10-16T00:00:00.000000,0,46.44,SELL
JPM,2024-10-17T00:00:00.000000,0,46.44,SELL
JPM,2024-10-18T00:00:00.000000,0,44.32,SELL
JPM,2024-10-21T00:00:00.000000,0,46.44,SELL
JPM,2024-10-22T00:00:00.000000,0,46.44,SELL
JPM,2024-10-23T00:00:00.000000,1,47.54,BUY
JPM,2024-10-24T00:00:00.000000,1,50.07,BUY
JPM,2024-10-25T00:00:00.000000,1,50.07,BUY
JPM,2024-10-28T00:00:00.000000,1,51.22,BUY
JPM,2024-10-29T00:00:00.000000,1,51.22,BUY
JPM,2024-10-30T00:00:00.000000,1,51.22,BUY
JPM,2024-10-31T00:00:00.000000,1,51.22,BUY
JPM,2024-11-01T00:00:00.000000,1,51.22,BUY
JPM,2024-11-04T00:00:00.000000,1,51.22,BUY
JPM,2024-11-05T00:00:00.000000,1,51.22,BUY
JPM,2024-11-06T00:00:00.000000,1,51.22,BUY
JPM,2024-11-07T00:00:00.000000,1,51.15,BUY
JPM,2024-11-08T00:00:00.000000,1,50.07,BUY
JPM,2024-11-11T00:00:00.000000,0,46.44,SELL
JPM,2024-11-12T00:00:00.000000,0,46.44,SELL
JPM,2024-11-13T00:00:00.000000,0,44.32,SELL
JPM,2024-11-14T00:00:00.000000,0,44.32,SELL
JPM,2024-11-15T00:00:00.000000,0,44.32,SELL
JPM,2024-11-18T00:00:00.000000,0,44.32,SELL
JPM,2024-11-19T00:00:00.000000,0,44.32,SELL
JPM,2024-11-20T00:00:00.000000,0,44.32,SELL
JPM,2024-11-21T00:00:00.000000,0,44.32,SELL
JPM,2024-11-22T00:00:00.000000,0,44.32,SELL
JPM,2024-11-25T00:00:00.000000,0,46.44,SELL
JPM,2024-11-26T00:00:00.000000,0,46.44,SELL
JPM,2024-11-27T00:00:00.000000,0,46.44,SELL
JPM,2024-11-29T00:00:00.000000,0,44.9,SELL
JPM,2024-12-02T00:00:00.000000,0,44.32,SELL
JPM,2024-12-03T00:00:00.000000,0,44.32,SELL
JPM,2024-12-04T00:00:00.000000,0,44.32,SELL
JPM,2024-12-05T00:00:00.000000,0,44.32,SELL
JPM,2024-12-06T00:00:00.000000,0,44.32,SELL
JPM,2024-12-09T00:00:00.000000,0,44.32,SELL
JPM,2024-12-10T00:00:00.000000,0,44.32,SELL
JPM,2024-12-11T00:00:00.000000,0,44.32,SELL
JPM,2024-12-12T00:00:00.000000,0,44.32,SELL
JPM,2024-12-13T00:00:00.000000,0,46.44,SELL
JPM,2024-12-16T00:00:00.000000,1,50.07,BUY
JPM,2024-12-17T00:00:00.000000,1,50.07,BUY
JPM,2024-12-18T00:00:00.000000,0,46.44,SELL
JPM,2024-12-19T00:00:00.000000,0,46.44,SELL
JPM,2024-12-20T00:00:00.000000,0,46.44,SELL
MCD,2023-02-21T00:00:00.000000,1,50.07,BUY
MCD,2023-02-22T00:00:00.000000,1,51.22,BUY
MCD,2023-02-23T00:00:00.000000,1,51.22,BUY
MCD,2023-02-24T00:00:00.000000,1,51.22,BUY
MCD,2023-02-27T00:00:00.000000,1,51.22,BUY
MCD,2023-02-28T00:00:00.000000,1,51.22,BUY
MCD,2023-03-01T00:00:00.000000,1,51.22,BUY
MCD,2023-03-02T00:00:00.000000,1,51.22,BUY
MCD,2023-03-03T00:00:00.000000,1,51.22,BUY
MCD,2023-03-06T00:00:00.000000,1,51.22,BUY
MCD,2023-03-07T00:00:00.000000,1,51.22,BUY
MCD,2023-03-08T00:00:00.000000,1,51.22,BUY
MCD,2023-03-09T00:00:00.000000,1,51.22,BUY
MCD,2023-03-10T00:00:00.000000,1,51.22,BUY
MCD,2023-03-13T00:00:00.000000,1,51.22,BUY
MCD,2023-03-14T00:00:00.000000,1,51.22,BUY
MCD,2023-03-15T00:00:00.000000,1,51.22,BUY
MCD,2023-03-16T00:00:00.000000,1,51.22,BUY
MCD,2023-03-17T00:00:00.000000,1,51.22,BUY
MCD,2023-03-20T00:00:00.000000,1,51.22,BUY
MCD,2023-03-21T00:00:00.000000,1,51.22,BUY
MCD,2023-03-22T00:00:00.000000,1,51.22,BUY
MCD,2023-03-23T00:00:00.000000,1,51.22,BUY
MCD,2023-03-24T00:00:00.000000,1,51.22,BUY
MCD,2023-03-27T00:00:00.000000,1,51.22,BUY
MCD,2023-03-28T00:00:00.000000,1,51.22,BUY
MCD,2023-03-29T00:00:00.000000,1,51.22,BUY
MCD,2023-03-30T00:00:00.000000,1,50.07,BUY
MCD,2023-03-31T00:00:00.000000,1,50.07,BUY
MCD,2023-04-03T00:00:00.000000,1,50.07,BUY
MCD,2023-04-04T00:00:00.000000,1,50.07,BUY
MCD,2023-04-05T00:00:00.000000,1,50.07,BUY
MCD,2023-04-06T00:00:00.000000,1,50.07,BUY
MCD,2023-04-10T00:00:00.000000,1,50.07,BUY
MCD,2023-04-11T00:00:00.000000,1,50.07,BUY
MCD,2023-04-12T00:00:00.000000,1,50.07,BUY
MCD,2023-04-13T00:00:00.000000,1,50.07,BUY
MCD,2023-04-14T00:00:00.000000,1,50.07,BUY
MCD,2023-04-17T00:00:00.000000,1,51.22,BUY
MCD,2023-04-18T00:00:00.000000,1,51.22,BUY
MCD,2023-04-19T00:00:00.000000,1,51.22,BUY
MCD,2023-04-20T00:00:00.000000,1,51.22,BUY
MCD,2023-04-21T00:00:00.000000,1,51.22,BUY
MCD,2023-04-24T00:00:00.000000,1,51.22,BUY
MCD,2023-04-25T00:00:00.000000,1,51.22,BUY
MCD,2023-04-26T00:00:00.000000,1,51.22,BUY
MCD,2023-04-27T00:00:00.000000,1,51.22,BUY
MCD,2023-04-28T00:00:00.000000,1,51.22,BUY
MCD,2023-05-01T00:00:00.000000,1,51.22,BUY
MCD,2023-05-02T00:00:00.000000,1,51.22,BUY
MCD,2023-05-03T00:00:00.000000,1,51.22,BUY
MCD,2023-05-04T00:00:00.000000,1,51.22,BUY
MCD,2023-05-05T00:00:00.000000,1,51.22,BUY
MCD,2023-05-08T00:00:00.000000,1,51.22,BUY
MCD,2023-05-09T00:00:00.000000,1,51.22,BUY
MCD,2023-05-10T00:00:00.000000,1,51.22,BUY
MCD,2023-05-11T00:00:00.000000,1,51.22,BUY
MCD,2023-05-12T00:00:00.000000,1,51.22,BUY
MCD,2023-05-15T00:00:00.000000,1,51.22,BUY
MCD,2023-05-16T00:00:00.000000,1,51.22,BUY
MCD,2023-05-17T00:00:00.000000,1,51.22,BUY
MCD,2023-05-18T00:00:00.000000,1,51.22,BUY
MCD,2023-05-19T00:00:00.000000,1,51.22,BUY
MCD,2023-05-22T00:00:00.000000,1,51.22,BUY
MCD,2023-05-23T00:00:00.000000,1,51.22,BUY
MCD,2023-05-24T00:00:00.000000,1,51.22,BUY
MCD,2023-05-25T00:00:00.000000,1,51.22,BUY
MCD,2023-05-26T00:00:00.000000,1,51.22,BUY
MCD,2023-05-30T00:00:00.000000,1,51.22,BUY
MCD,2023-05-31T00:00:00.000000,1,51.22,BUY
MCD,2023-06-01T00:00:00.000000,0,46.44,SELL
MCD,2023-06-02T00:00:00.000000,0,44.32,SELL
MCD,2023-06-05T00:00:00.000000,0,44.32,SELL
MCD,2023-06-06T00:00:00.000000,0,44.32,SELL
MCD,2023-06-07T00:00:00.000000,0,44.32,SELL
MCD,2023-06-08T00:00:00.000000,0,44.32,SELL
MCD,2023-06-09T00:00:00.000000,0,44.32,SELL
MCD,2023-06-12T00:00:00.000000,0,44.32,SELL
MCD,2023-06-13T00:00:00.000000,0,44.32,SELL
MCD,2023-06-14T00:00:00.000000,0,44.32,SELL
MCD,2023-06-15T00:00:00.000000,0,44.32,SELL
MCD,2023-06-16T00:00:00.000000,0,44.32,SELL
MCD,2023-06-20T00:00:00.000000,0,44.32,SELL
MCD,2023-06-21T00:00:00.000000,0,44.32,SELL
MCD,2023-06-22T00:00:00.000000,0,44.32,SELL
MCD,2023-06-23T00:00:00.000000,0,44.32,SELL
MCD,2023-06-26T00:00:00.000000,0,44.32,SELL
MCD,2023-06-27T00:00:00.000000,0,44.32,SELL
MCD,2023-06-28T00:00:00.000000,0,44.32,SELL
MCD,2023-06-29T00:00:00.000000,0,46.44,SELL
MCD,2023-06-30T00:00:00.000000,0,46.44,SELL
MCD,2023-07-03T00:00:00.000000,1,50.0,BUY
MCD,2023-07-05T00:00:00.000000,1,50.07,BUY
MCD,2023-07-06T00:00:00.000000,1,50.0,BUY
MCD,2023-07-07T00:00:00.000000,1,47.54,BUY
MCD,2023-07-10T00:00:00.000000,0,46.44,SELL
MCD,2023-07-11T00:00:00.000000,0,44.32,SELL
MCD,2023-07-12T00:00:00.000000,0,44.32,SELL
MCD,2023-07-13T00:00:00.000000,0,44.32,SELL
MCD,2023-07-14T00:00:00.000000,0,44.32,SELL
MCD,2023-07-17T00:00:00.000000,0,44.32,SELL
MCD,2023-07-18T00:00:00.000000,0,44.32,SELL
MCD,2023-07-19T00:00:00.000000,0,44.32,SELL
MCD,2023-07-20T00:00:00.000000,0,44.32,SELL
MCD,2023-07-21T00:00:00.000000,0,44.32,SELL
MCD,2023-07-24T00:00:00.000000,0,44.32,SELL
MCD,2023-07-25T00:00:00.000000,0,44.32,SELL
MCD,2023-07-26T00:00:00.000000,0,44.32,SELL
MCD,2023-07-27T00:00:00.000000,0,44.32,SELL
MCD,2023-07-28T00:00:00.000000,0,44.32,SELL
MCD,2023-07-31T00:00:00.000000,0,44.32,SELL
MCD,2023-08-01T00:00:00.000000,0,44.32,SELL
MCD,2023-08-02T00:00:00.000000,0,44.32,SELL
MCD,2023-08-03T00:00:00.000000,0,44.32,SELL
MCD,2023-08-04T00:00:00.000000,0,44.32,SELL
MCD,2023-08-07T00:00:00.000000,0,44.32,SELL
MCD,2023-08-08T00:00:00.000000,0,44.32,SELL
MCD,2023-08-09T00:00:00.000000,0,44.32,SELL
MCD,2023-08-10T00:00:00.000000,0,44.32,SELL
MCD,2023-08-11T00:00:00.000000,0,44.32,SELL
MCD,2023-08-14T00:00:00.000000,0,44.32,SELL
MCD,2023-08-15T00:00:00.000000,0,46.44,SELL
MCD,2023-08-16T00:00:00.000000,0,46.44,SELL
MCD,2023-08-17T00:00:00.000000,0,46.44,SELL
MCD,2023-08-18T00:00:00.000000,1,50.07,BUY
MCD,2023-08-21T00:00:00.000000,0,46.44,SELL
MCD,2023-08-22T00:00:00.000000,1,50.07,BUY
MCD,2023-08-23T00:00:00.000000,1,50.07,BUY
MCD,2023-08-24T00:00:00.000000,0,47.54,SELL
MCD,2023-08-25T00:00:00.000000,0,46.44,SELL
MCD,2023-08-28T00:00:00.000000,0,46.44,SELL
MCD,2023-08-29T00:00:00.000000,0,46.44,SELL
MCD,2023-08-30T00:00:00.000000,0,46.44,SELL
MCD,2023-08-31T00:00:00.000000,0,44.32,SELL
MCD,2023-09-01T00:00:00.000000,0,44.32,SELL
MCD,2023-09-05T00:00:00.000000,0,44.32,SELL
MCD,2023-09-06T00:00:00.000000,0,44.32,SELL
MCD,2023-09-07T00:00:00.000000,0,44.32,SELL
MCD,2023-09-08T00:00:00.000000,0,44.32,SELL
MCD,2023-09-11T00:00:00.000000,0,44.32,SELL
MCD,2023-09-12T00:00:00.000000,0,44.32,SELL
MCD,2023-09-13T00:00:00.000000,0,44.32,SELL
MCD,2023-09-14T00:00:00.000000,0,44.32,SELL
MCD,2023-09-15T00:00:00.000000,0,44.32,SELL
MCD,2023-09-18T00:00:00.000000,0,44.32,SELL
MCD,2023-09-19T00:00:00.000000,0,44.32,SELL
MCD,2023-09-20T00:00:00.000000,0,44.32,SELL
MCD,2023-09-21T00:00:00.000000,0,44.32,SELL
MCD,2023-09-22T00:00:00.000000,0,44.32,SELL
MCD,2023-09-25T00:00:00.000000,0,44.32,SELL
MCD,2023-09-26T00:00:00.000000,0,44.32,SELL
MCD,2023-09-27T00:00:00.000000,0,46.44,SELL
MCD,2023-09-28T00:00:00.000000,1,50.07,BUY
MCD,2023-09-29T00:00:00.000000,1,51.22,BUY
MCD,2023-10-02T00:00:00.000000,1,51.22,BUY
MCD,2023-10-03T00:00:00.000000,1,51.22,BUY
MCD,2023-10-04T00:00:00.000000,1,51.22,BUY
MCD,2023-10-05T00:00:00.000000,1,51.22,BUY
MCD,2023-10-06T00:00:00.000000,1,51.22,BUY
MCD,2023-10-09T00:00:00.000000,1,50.07,BUY
MCD,2023-10-10T00:00:00.000000,0,46.44,SELL
MCD,2023-10-11T00:00:00.000000,0,44.32,SELL
MCD,2023-10-12T00:00:00.000000,0,44.32,SELL
MCD,2023-10-13T00:00:00.000000,0,44.32,SELL
MCD,2023-10-16T00:00:00.000000,0,44.32,SELL
MCD,2023-10-17T00:00:00.000000,0,43.6,SELL
MCD,2023-10-18T00:00:00.000000,0,43.59,SELL
MCD,2023-10-19T00:00:00.000000,0,43.6,SELL
MCD,2023-10-20T00:00:00.000000,0,43.6,SELL
MCD,2023-10-23T00:00:00.000000,0,44.32,SELL
MCD,2023-10-24T00:00:00.000000,0,44.32,SELL
MCD,2023-10-25T00:00:00.000000,0,44.32,SELL
MCD,2023-10-26T00:00:00.000000,1,50.07,BUY
MCD,2023-10-27T00:00:00.000000,1,50.07,BUY
MCD,2023-10-30T00:00:00.000000,1,50.07,BUY
MCD,2023-10-31T00:00:00.000000,1,51.22,BUY
MCD,2023-11-01T00:00:00.000000,1,51.22,BUY
MCD,2023-11-02T00:00:00.000000,1,51.22,BUY
MCD,2023-11-03T00:00:00.000000,1,51.22,BUY
MCD,2023-11-06T00:00:00.000000,1,51.22,BUY
MCD,2023-11-07T00:00:00.000000,1,51.22,BUY
MCD,2023-11-08T00:00:00.000000,1,51.22,BUY
MCD,2023-11-09T00:00:00.000000,1,51.22,BUY
MCD,2023-11-10T00:00:00.000000,1,51.22,BUY
MCD,2023-11-13T00:00:00.000000,1,50.07,BUY
MCD,2023-11-14T00:00:00.000000,1,50.07,BUY
MCD,2023-11-15T00:00:00.000000,1,50.0,BUY
MCD,2023-11-16T00:00:00.000000,0,46.44,SELL
MCD,2023-11-17T00:00:00.000000,0,46.44,SELL
MCD,2023-11-20T00:00:00.000000,0,46.44,SELL
MCD,2023-11-21T00:00:00.000000,0,46.44,SELL
MCD,2023-11-22T00:00:00.000000,0,46.44,SELL
MCD,2023-11-24T00:00:00.000000,0,46.44,SELL
MCD,2023-11-27T00:00:00.000000,0,44.9,SELL
MCD,2023-11-28T00:00:00.000000,0,44.32,SELL
MCD,2023-11-29T00:00:00.000000,0,44.32,SELL
MCD,2023-11-30T00:00:00.000000,0,44.32,SELL
MCD,2023-12-01T00:00:00.000000,0,46.44,SELL
MCD,2023-12-04T00:00:00.000000,1,50.0,BUY
MCD,2023-12-05T00:00:00.000000,1,50.07,BUY
MCD,2023-12-06T00:00:00.000000,1,51.22,BUY
MCD,2023-12-07T00:00:00.000000,1,51.22,BUY
MCD,2023-12-08T00:00:00.000000,1,51.22,BUY
MCD,2023-12-11T00:00:00.000000,1,51.22,BUY
MCD,2023-12-12T00:00:00.000000,1,51.22,BUY
MCD,2023-12-13T00:00:00.000000,1,51.22,BUY
MCD,2023-12-14T00:00:00.000000,1,51.22,BUY
MCD,2023-12-15T00:00:00.000000,1,51.22,BUY
MCD,2023-12-18T00:00:00.000000,1,51.22,BUY
MCD,2023-12-19T00:00:00.000000,1,51.22,BUY
MCD,2023-12-20T00:00:00.000000,1,51.22,BUY
MCD,2023-12-21T00:00:00.000000,1,51.22,BUY
MCD,2023-12-22T00:00:00.000000,1,50.07,BUY
MCD,2023-12-26T00:00:00.000000,1,47.54,BUY
MCD,2023-12-27T00:00:00.000000,0,46.44,SELL
MCD,2023-12-28T00:00:00.000000,0,44.32,SELL
MCD,2023-12-29T00:00:00.000000,0,44.32,SELL
MCD,2024-01-02T00:00:00.000000,0,44.32,SELL
MCD,2024-01-03T00:00:00.000000,0,44.32,SELL
MCD,2024-01-04T00:00:00.000000,0,44.32,SELL
MCD,2024-01-05T00:00:00.000000,0,44.32,SELL
MCD,2024-01-08T00:00:00.000000,0,44.32,SELL
MCD,2024-01-09T00:00:00.000000,0,44.32,SELL
MCD,2024-01-10T00:00:00.000000,0,46.44,SELL
MCD,2024-01-11T00:00:00.000000,1,50.07,BUY
MCD,2024-01-12T00:00:00.000000,1,51.22,BUY
MCD,2024-01-16T00:00:00.000000,1,51.22,BUY
MCD,2024-01-17T00:00:00.000000,1,51.22,BUY
MCD,2024-01-18T00:00:00.000000,1,51.22,BUY
MCD,2024-01-19T00:00:00.000000,1,51.22,BUY
MCD,2024-01-22T00:00:00.000000,1,51.22,BUY
MCD,2024-01-23T00:00:00.000000,1,51.22,BUY
MCD,2024-01-24T00:00:00.000000,1,51.22,BUY
MCD,2024-01-25T00:00:00.000000,1,51.22,BUY
MCD,2024-01-26T00:00:00.000000,1,51.22,BUY
MCD,2024-01-29T00:00:00.000000,1,51.22,BUY
MCD,2024-01-30T00:00:00.000000,1,51.22,BUY
MCD,2024-01-31T00:00:00.000000,1,51.22,BUY
MCD,2024-02-01T00:00:00.000000,1,50.07,BUY
MCD,2024-02-02T00:00:00.000000,1,50.07,BUY
MCD,2024-02-05T00:00:00.000000,1,50.07,BUY
MCD,2024-02-06T00:00:00.000000,1,50.07,BUY
MCD,2024-02-07T00:00:00.000000,1,51.22,BUY
MCD,2024-02-08T00:00:00.000000,1,51.22,BUY
MCD,2024-02-09T00:00:00.000000,1,51.22,BUY
MCD,2024-02-12T00:00:00.000000,1,51.22,BUY
MCD,2024-02-13T00:00:00.000000,1,51.22,BUY
MCD,2024-02-14T00:00:00.000000,1,51.22,BUY
MCD,2024-02-15T00:00:00.000000,1,51.22,BUY
MCD,2024-02-16T00:00:00.000000,1,51.22,BUY
MCD,2024-02-20T00:00:00.000000,1,51.22,BUY
MCD,2024-02-21T00:00:00.000000,1,51.22,BUY
MCD,2024-02-22T00:00:00.000000,1,51.22,BUY
MCD,2024-02-23T00:00:00.000000,1,51.22,BUY
MCD,2024-02-26T00:00:00.000000,1,51.22,BUY
MCD,2024-02-27T00:00:00.000000,1,51.22,BUY
MCD,2024-02-28T00:00:00.000000,1,51.15,BUY
MCD,2024-02-29T00:00:00.000000,1,50.07,BUY
MCD,2024-03-01T00:00:00.000000,1,50.07,BUY
MCD,2024-03-04T00:00:00.000000,1,50.07,BUY
MCD,2024-03-05T00:00:00.000000,1,50.07,BUY
MCD,2024-03-06T00:00:00.000000,1,50.07,BUY
MCD,2024-03-07T00:00:00.000000,1,51.15,BUY
MCD,2024-03-08T00:00:00.000000,1,51.22,BUY
MCD,2024-03-11T00:00:00.000000,1,51.22,BUY
MCD,2024-03-12T00:00:00.000000,1,51.22,BUY
MCD,2024-03-13T00:00:00.000000,1,50.07,BUY
MCD,2024-03-14T00:00:00.000000,1,50.07,BUY
MCD,2024-03-15T00:00:00.000000,1,50.07,BUY
MCD,2024-03-18T00:00:00.000000,1,50.07,BUY
MCD,2024-03-19T00:00:00.000000,1,50.0,BUY
MCD,2024-03-20T00:00:00.000000,0,46.44,SELL
MCD,2024-03-21T00:00:00.000000,0,44.9,SELL
MCD,2024-03-22T00:00:00.000000,0,44.32,SELL
MCD,2024-03-25T00:00:00.000000,0,44.32,SELL
MCD,2024-03-26T00:00:00.000000,0,44.32,SELL
MCD,2024-03-27T00:00:00.000000,0,44.32,SELL
MCD,2024-03-28T00:00:00.000000,0,44.32,SELL
MCD,2024-04-01T00:00:00.000000,0,44.32,SELL
MCD,2024-04-02T00:00:00.000000,0,44.32,SELL
MCD,2024-04-03T00:00:00.000000,0,44.32,SELL
MCD,2024-04-04T00:00:00.000000,0,44.32,SELL
MCD,2024-04-05T00:00:00.000000,0,44.32,SELL
MCD,2024-04-08T00:00:00.000000,0,44.32,SELL
MCD,2024-04-09T00:00:00.000000,0,44.32,SELL
MCD,2024-04-10T00:00:00.000000,0,44.32,SELL
MCD,2024-04-11T00:00:00.000000,0,44.32,SELL
MCD,2024-04-12T00:00:00.000000,0,46.44,SELL
MCD,2024-04-15T00:00:00.000000,0,46.44,SELL
MCD,2024-04-16T00:00:00.000000,0,46.44,SELL
MCD,2024-04-17T00:00:00.000000,0,46.44,SELL
MCD,2024-04-18T00:00:00.000000,0,46.44,SELL
MCD,2024-04-19T00:00:00.000000,0,46.44,SELL
MCD,2024-04-22T00:00:00.000000,0,46.44,SELL
MCD,2024-04-23T00:00:00.000000,1,50.07,BUY
MCD,2024-04-24T00:00:00.000000,1,51.22,BUY
MCD,2024-04-25T00:00:00.000000,1,51.22,BUY
MCD,2024-04-26T00:00:00.000000,1,51.22,BUY
MCD,2024-04-29T00:00:00.000000,1,51.22,BUY
MCD,2024-04-30T00:00:00.000000,1,51.22,BUY
MCD,2024-05-01T00:00:00.000000,1,51.22,BUY
MCD,2024-05-02T00:00:00.000000,1,51.22,BUY
MCD,2024-05-03T00:00:00.000000,1,51.22,BUY
MCD,2024-05-06T00:00:00.000000,1,51.22,BUY
MCD,2024-05-07T00:00:00.000000,1,51.22,BUY
MCD,2024-05-08T00:00:00.000000,1,51.22,BUY
MCD,2024-05-09T00:00:00.000000,1,51.22,BUY
MCD,2024-05-10T00:00:00.000000,1,51.22,BUY
MCD,2024-05-13T00:00:00.000000,1,51.22,BUY
MCD,2024-05-14T00:00:00.000000,1,51.22,BUY
MCD,2024-05-15T00:00:00.000000,1,51.22,BUY
MCD,2024-05-16T00:00:00.000000,1,51.22,BUY
MCD,2024-05-17T00:00:00.000000,1,50.07,BUY
MCD,2024-05-20T00:00:00.000000,1,50.07,BUY
MCD,2024-05-21T00:00:00.000000,0,46.44,SELL
MCD,2024-05-22T00:00:00.000000,0,44.32,SELL
MCD,2024-05-23T00:00:00.000000,0,44.32,SELL
MCD,2024-05-24T00:00:00.000000,0,46.44,SELL
MCD,2024-05-28T00:00:00.000000,1,50.07,BUY
MCD,2024-05-29T00:00:00.000000,1,50.07,BUY
MCD,2024-05-30T00:00:00.000000,0,46.44,SELL
MCD,2024-05-31T00:00:00.000000,1,50.07,BUY
MCD,2024-06-03T00:00:00.000000,1,50.0,BUY
MCD,2024-06-04T00:00:00.000000,1,47.54,BUY
MCD,2024-06-05T00:00:00.000000,0,46.44,SELL
MCD,2024-06-06T00:00:00.000000,0,46.44,SELL
MCD,2024-06-07T00:00:00.000000,0,46.44,SELL
MCD,2024-06-10T00:00:00.000000,0,46.44,SELL
MCD,2024-06-11T00:00:00.000000,0,46.44,SELL
MCD,2024-06-12T00:00:00.000000,0,46.44,SELL
MCD,2024-06-13T00:00:00.000000,0,46.44,SELL
MCD,2024-06-14T00:00:00.000000,0,46.44,SELL
MCD,2024-06-17T00:00:00.000000,1,50.07,BUY
MCD,2024-06-18T00:00:00.000000,1,50.07,BUY
MCD,2024-06-20T00:00:00.000000,1,51.22,BUY
MCD,2024-06-21T00:00:00.000000,1,51.22,BUY
MCD,2024-06-24T00:00:00.000000,1,51.22,BUY
MCD,2024-06-25T00:00:00.000000,1,51.22,BUY
MCD,2024-06-26T00:00:00.000000,1,50.07,BUY
MCD,2024-06-27T00:00:00.000000,1,50.07,BUY
MCD,2024-06-28T00:00:00.000000,1,50.07,BUY
MCD,2024-07-01T00:00:00.000000,1,50.07,BUY
MCD,2024-07-02T00:00:00.000000,1,50.07,BUY
MCD,2024-07-03T00:00:00.000000,1,51.22,BUY
MCD,2024-07-05T00:00:00.000000,1,51.22,BUY
MCD,2024-07-08T00:00:00.000000,1,51.22,BUY
MCD,2024-07-09T00:00:00.000000,1,51.22,BUY
MCD,2024-07-10T00:00:00.000000,1,51.22,BUY
MCD,2024-07-11T00:00:00.000000,1,51.22,BUY
MCD,2024-07-12T00:00:00.000000,1,51.22,BUY
MCD,2024-07-15T00:00:00.000000,1,51.22,BUY
MCD,2024-07-16T00:00:00.000000,1,51.22,BUY
MCD,2024-07-17T00:00:00.000000,1,50.07,BUY
MCD,2024-07-18T00:00:00.000000,0,46.44,SELL
MCD,2024-07-19T00:00:00.000000,0,46.44,SELL
MCD,2024-07-22T00:00:00.000000,0,46.44,SELL
MCD,2024-07-23T00:00:00.000000,0,46.44,SELL
MCD,2024-07-24T00:00:00.000000,0,44.32,SELL
MCD,2024-07-25T00:00:00.000000,0,46.44,SELL
MCD,2024-07-26T00:00:00.000000,1,50.07,BUY
MCD,2024-07-29T00:00:00.000000,1,50.07,BUY
MCD,2024-07-30T00:00:00.000000,1,50.07,BUY
MCD,2024-07-31T00:00:00.000000,1,51.22,BUY
MCD,2024-08-01T00:00:00.000000,1,51.22,BUY
MCD,2024-08-02T00:00:00.000000,1,51.22,BUY
MCD,2024-08-05T00:00:00.000000,1,51.22,BUY
MCD,2024-08-06T00:00:00.000000,1,51.22,BUY
MCD,2024-08-07T00:00:00.000000,1,51.22,BUY
MCD,2024-08-08T00:00:00.000000,1,51.22,BUY
MCD,2024-08-09T00:00:00.000000,1,51.22,BUY
MCD,2024-08-12T00:00:00.000000,1,51.22,BUY
MCD,2024-08-13T00:00:00.000000,1,51.22,BUY
MCD,2024-08-14T00:00:00.000000,1,51.22,BUY
MCD,2024-08-15T00:00:00.000000,1,51.22,BUY
MCD,2024-08-16T00:00:00.000000,1,51.22,BUY
MCD,2024-08-19T00:00:00.000000,1,51.22,BUY
MCD,2024-08-20T00:00:00.000000,1,51.22,BUY
MCD,2024-08-21T00:00:00.000000,1,51.22,BUY
MCD,2024-08-22T00:00:00.000000,1,51.22,BUY
MCD,2024-08-23T00:00:00.000000,1,50.07,BUY
MCD,2024-08-26T00:00:00.000000,0,46.44,SELL
MCD,2024-08-27T00:00:00.000000,0,44.32,SELL
MCD,2024-08-28T00:00:00.000000,0,44.32,SELL
MCD,2024-08-29T00:00:00.000000,0,44.32,SELL
MCD,2024-08-30T00:00:00.000000,0,46.44,SELL
MCD,2024-09-03T00:00:00.000000,1,50.0,BUY
MCD,2024-09-04T00:00:00.000000,1,50.07,BUY
MCD,2024-09-05T00:00:00.000000,1,51.22,BUY
MCD,2024-09-06T00:00:00.000000,1,51.22,BUY
MCD,2024-09-09T00:00:00.000000,1,51.22,BUY
MCD,2024-09-10T00:00:00.000000,1,51.22,BUY
MCD,2024-09-11T00:00:00.000000,1,51.22,BUY
MCD,2024-09-12T00:00:00.000000,1,51.22,BUY
MCD,2024-09-13T00:00:00.000000,1,51.22,BUY
MCD,2024-09-16T00:00:00.000000,1,51.22,BUY
MCD,2024-09-17T00:00:00.000000,1,51.22,BUY
MCD,2024-09-18T00:00:00.000000,1,51.22,BUY
MCD,2024-09-19T00:00:00.000000,1,51.22,BUY
MCD,2024-09-20T00:00:00.000000,1,51.22,BUY
MCD,2024-09-23T00:00:00.000000,1,51.22,BUY
MCD,2024-09-24T00:00:00.000000,1,51.22,BUY
MCD,2024-09-25T00:00:00.000000,1,51.22,BUY
MCD,2024-09-26T00:00:00.000000,1,51.22,BUY
MCD,2024-09-27T00:00:00.000000,1,51.22,BUY
MCD,2024-09-30T00:00:00.000000,1,51.22,BUY
MCD,2024-10-01T00:00:00.000000,1,51.22,BUY
MCD,2024-10-02T00:00:00.000000,1,50.07,BUY
MCD,2024-10-03T00:00:00.000000,1,50.07,BUY
MCD,2024-10-04T00:00:00.000000,1,50.07,BUY
MCD,2024-10-07T00:00:00.000000,1,51.22,BUY
MCD,2024-10-08T00:00:00.000000,1,51.22,BUY
MCD,2024-10-09T00:00:00.000000,1,51.22,BUY
MCD,2024-10-10T00:00:00.000000,1,51.22,BUY
MCD,2024-10-11T00:00:00.000000,1,51.22,BUY
MCD,2024-10-14T00:00:00.000000,1,51.22,BUY
MCD,2024-10-15T00:00:00.000000,1,51.22,BUY
MCD,2024-10-16T00:00:00.000000,1,51.22,BUY
MCD,2024-10-17T00:00:00.000000,1,51.22,BUY
MCD,2024-10-18T00:00:00.000000,1,51.22,BUY
MCD,2024-10-21T00:00:00.000000,1,51.22,BUY
MCD,2024-10-22T00:00:00.000000,1,50.07,BUY
MCD,2024-10-23T00:00:00.000000,1,50.07,BUY
MCD,2024-10-24T00:00:00.000000,1,50.07,BUY
MCD,2024-10-25T00:00:00.000000,1,51.22,BUY
MCD,2024-10-28T00:00:00.000000,1,51.22,BUY
MCD,2024-10-29T00:00:00.000000,1,51.22,BUY
MCD,2024-10-30T00:00:00.000000,1,51.22,BUY
MCD,2024-10-31T00:00:00.000000,1,51.22,BUY
MCD,2024-11-01T00:00:00.000000,1,51.22,BUY
MCD,2024-11-04T00:00:00.000000,1,51.22,BUY
MCD,2024-11-05T00:00:00.000000,1,51.22,BUY
MCD,2024-11-06T00:00:00.000000,1,51.22,BUY
MCD,2024-11-07T00:00:00.000000,1,51.22,BUY
MCD,2024-11-08T00:00:00.000000,1,51.22,BUY
MCD,2024-11-11T00:00:00.000000,1,50.07,BUY
MCD,2024-11-12T00:00:00.000000,1,50.07,BUY
MCD,2024-11-13T00:00:00.000000,0,47.54,SELL
MCD,2024-11-14T00:00:00.000000,0,46.44,SELL
MCD,2024-11-15T00:00:00.000000,0,44.9,SELL
MCD,2024-11-18T00:00:00.000000,0,44.9,SELL
MCD,2024-11-19T00:00:00.000000,0,44.32,SELL
MCD,2024-11-20T00:00:00.000000,0,46.44,SELL
MCD,2024-11-21T00:00:00.000000,0,46.44,SELL
MCD,2024-11-22T00:00:00.000000,0,46.44,SELL
MCD,2024-11-25T00:00:00.000000,0,46.44,SELL
MCD,2024-11-26T00:00:00.000000,0,46.44,SELL
MCD,2024-11-27T00:00:00.000000,0,44.32,SELL
MCD,2024-11-29T00:00:00.000000,0,44.32,SELL
MCD,2024-12-02T00:00:00.000000,0,44.32,SELL
MCD,2024-12-03T00:00:00.000000,0,44.32,SELL
MCD,2024-12-04T00:00:00.000000,0,44.32,SELL
MCD,2024-12-05T00:00:00.000000,0,44.32,SELL
MCD,2024-12-06T00:00:00.000000,0,44.32,SELL
MCD,2024-12-09T00:00:00.000000,0,46.44,SELL
MCD,2024-12-10T00:00:00.000000,0,46.44,SELL
MCD,2024-12-11T00:00:00.000000,1,50.07,BUY
MCD,2024-12-12T00:00:00.000000,1,51.22,BUY
MCD,2024-12-13T00:00:00.000000,1,51.22,BUY
MCD,2024-12-16T00:00:00.000000,1,51.22,BUY
MCD,2024-12-17T00:00:00.000000,1,51.22,BUY
MCD,2024-12-18T00:00:00.000000,1,51.22,BUY
MCD,2024-12-19T00:00:00.000000,1,51.22,BUY
MCD,2024-12-20T00:00:00.000000,1,51.22,BUY
META,2023-02-21T00:00:00.000000,0,44.9,SELL
META,2023-02-22T00:00:00.000000,0,44.9,SELL
META,2023-02-23T00:00:00.000000,0,44.32,SELL
META,2023-02-24T00:00:00.000000,0,44.32,SELL
META,2023-02-27T00:00:00.000000,0,44.32,SELL
META,2023-02-28T00:00:00.000000,0,44.32,SELL
META,2023-03-01T00:00:00.000000,0,43.6,SELL
META,2023-03-02T00:00:00.000000,0,43.6,SELL
META,2023-03-03T00:00:00.000000,0,43.6,SELL
META,2023-03-06T00:00:00.000000,0,44.32,SELL
META,2023-03-07T00:00:00.000000,0,44.32,SELL
META,2023-03-08T00:00:00.000000,0,44.32,SELL
META,2023-03-09T00:00:00.000000,0,44.32,SELL
META,2023-03-10T00:00:00.000000,0,44.32,SELL
META,2023-03-13T00:00:00.000000,0,44.32,SELL
META,2023-03-14T00:00:00.000000,0,44.32,SELL
META,2023-03-15T00:00:00.000000,0,44.32,SELL
META,2023-03-16T00:00:00.000000,0,44.32,SELL
META,2023-03-17T00:00:00.000000,0,44.32,SELL
META,2023-03-20T00:00:00.000000,0,44.32,SELL
META,2023-03-21T00:00:00.000000,0,44.32,SELL
META,2023-03-22T00:00:00.000000,0,44.9,SELL
META,2023-03-23T00:00:00.000000,0,46.44,SELL
META,2023-03-24T00:00:00.000000,0,44.9,SELL
META,2023-03-27T00:00:00.000000,0,44.32,SELL
META,2023-03-28T00:00:00.000000,0,44.32,SELL
META,2023-03-29T00:00:00.000000,0,44.32,SELL
META,2023-03-30T00:00:00.000000,0,44.32,SELL
META,2023-03-31T00:00:00.000000,0,44.32,SELL
META,2023-04-03T00:00:00.000000,0,44.32,SELL
META,2023-04-04T00:00:00.000000,0,44.32,SELL
META,2023-04-05T00:00:00.000000,0,44.32,SELL
META,2023-04-06T00:00:00.000000,0,44.32,SELL
META,2023-04-10T00:00:00.000000,0,44.32,SELL
META,2023-04-11T00:00:00.000000,0,44.32,SELL
META,2023-04-12T00:00:00.000000,0,44.32,SELL
META,2023-04-13T00:00:00.000000,0,43.6,SELL
META,2023-04-14T00:00:00.000000,0,43.6,SELL
META,2023-04-17T00:00:00.000000,0,44.32,SELL
META,2023-04-18T00:00:00.000000,0,44.32,SELL
META,2023-04-19T00:00:00.000000,0,44.32,SELL
META,2023-04-20T00:00:00.000000,0,44.32,SELL
META,2023-04-21T00:00:00.000000,0,46.44,SELL
META,2023-04-24T00:00:00.000000,0,46.44,SELL
META,2023-04-25T00:00:00.000000,1,50.07,BUY
META,2023-04-26T00:00:00.000000,1,50.07,BUY
META,2023-04-27T00:00:00.000000,1,50.07,BUY
META,2023-04-28T00:00:00.000000,1,51.15,BUY
META,2023-05-01T00:00:00.000000,1,51.15,BUY
META,2023-05-02T00:00:00.000000,1,50.07,BUY
META,2023-05-03T00:00:00.000000,1,50.07,BUY
META,2023-05-04T00:00:00.000000,1,50.07,BUY
META,2023-05-05T00:00:00.000000,0,46.44,SELL
META,2023-05-08T00:00:00.000000,0,46.44,SELL
META,2023-05-09T00:00:00.000000,1,47.54,BUY
META,2023-05-10T00:00:00.000000,0,46.44,SELL
META,2023-05-11T00:00:00.000000,0,47.54,SELL
META,2023-05-12T00:00:00.000000,1,51.15,BUY
META,2023-05-15T00:00:00.000000,1,51.22,BUY
META,2023-05-16T00:00:00.000000,1,51.22,BUY
META,2023-05-17T00:00:00.000000,1,51.22,BUY
META,2023-05-18T00:00:00.000000,1,50.07,BUY
META,2023-05-19T00:00:00.000000,0,46.44,SELL
META,2023-05-22T00:00:00.000000,0,44.32,SELL
META,2023-05-23T00:00:00.000000,0,44.32,SELL
META,2023-05-24T00:00:00.000000,0,44.32,SELL
META,2023-05-25T00:00:00.000000,0,43.6,SELL
META,2023-05-26T00:00:00.000000,0,44.32,SELL
META,2023-05-30T00:00:00.000000,0,44.32,SELL
META,2023-05-31T00:00:00.000000,0,44.32,SELL
META,2023-06-01T00:00:00.000000,0,44.32,SELL
META,2023-06-02T00:00:00.000000,0,44.9,SELL
META,2023-06-05T00:00:00.000000,0,46.44,SELL
META,2023-06-06T00:00:00.000000,1,50.07,BUY
META,2023-06-07T00:00:00.000000,1,50.07,BUY
META,2023-06-08T00:00:00.000000,1,50.07,BUY
META,2023-06-09T00:00:00.000000,1,50.07,BUY
META,2023-06-12T00:00:00.000000,1,50.07,BUY
META,2023-06-13T00:00:00.000000,1,50.07,BUY
META,2023-06-14T00:00:00.000000,1,50.07,BUY
META,2023-06-15T00:00:00.000000,0,46.44,SELL
META,2023-06-16T00:00:00.000000,0,44.9,SELL
META,2023-06-20T00:00:00.000000,0,44.32,SELL
META,2023-06-21T00:00:00.000000,0,44.32,SELL
META,2023-06-22T00:00:00.000000,0,44.32,SELL
META,2023-06-23T00:00:00.000000,0,44.32,SELL
META,2023-06-26T00:00:00.000000,0,44.32,SELL
META,2023-06-27T00:00:00.000000,0,44.32,SELL
META,2023-06-28T00:00:00.000000,0,44.32,SELL
META,2023-06-29T00:00:00.000000,0,44.32,SELL
META,2023-06-30T00:00:00.000000,0,44.32,SELL
META,2023-07-03T00:00:00.000000,0,46.44,SELL
META,2023-07-05T00:00:00.000000,1,50.07,BUY
META,2023-07-06T00:00:00.000000,1,50.07,BUY
META,2023-07-07T00:00:00.000000,1,50.07,BUY
META,2023-07-10T00:00:00.000000,0,46.44,SELL
META,2023-07-11T00:00:00.000000,0,44.32,SELL
META,2023-07-12T00:00:00.000000,0,44.32,SELL
META,2023-07-13T00:00:00.000000,0,44.32,SELL
META,2023-07-14T00:00:00.000000,0,44.32,SELL
META,2023-07-17T00:00:00.000000,0,43.6,SELL
META,2023-07-18T00:00:00.000000,0,44.32,SELL
META,2023-07-19T00:00:00.000000,0,43.6,SELL
META,2023-07-20T00:00:00.000000,0,44.32,SELL
META,2023-07-21T00:00:00.000000,0,44.32,SELL
META,2023-07-24T00:00:00.000000,0,44.32,SELL
META,2023-07-25T00:00:00.000000,0,44.32,SELL
META,2023-07-26T00:00:00.000000,0,44.32,SELL
META,2023-07-27T00:00:00.000000,0,46.44,SELL
META,2023-07-28T00:00:00.000000,0,46.44,SELL
META,2023-07-31T00:00:00.000000,0,46.44,SELL
META,2023-08-01T00:00:00.000000,0,46.44,SELL
META,2023-08-02T00:00:00.000000,0,46.44,SELL
META,2023-08-03T00:00:00.000000,0,46.44,SELL
META,2023-08-04T00:00:00.000000,0,44.32,SELL
META,2023-08-07T00:00:00.000000,0,44.32,SELL
META,2023-08-08T00:00:00.000000,0,44.32,SELL
META,2023-08-09T00:00:00.000000,0,44.32,SELL
META,2023-08-10T00:00:00.000000,0,44.32,SELL
META,2023-08-11T00:00:00.000000,0,44.32,SELL
META,2023-08-14T00:00:00.000000,1,50.07,BUY
META,2023-08-15T00:00:00.000000,1,51.22,BUY
META,2023-08-16T00:00:00.000000,1,51.22,BUY
META,2023-08-17T00:00:00.000000,1,51.22,BUY
META,2023-08-18T00:00:00.000000,1,51.22,BUY
META,2023-08-21T00:00:00.000000,1,51.22,BUY
META,2023-08-22T00:00:00.000000,1,51.22,BUY
META,2023-08-23T00:00:00.000000,1,51.22,BUY
META,2023-08-24T00:00:00.000000,1,51.22,BUY
META,2023-08-25T00:00:00.000000,1,51.22,BUY
META,2023-08-28T00:00:00.000000,1,51.22,BUY
META,2023-08-29T00:00:00.000000,1,51.22,BUY
META,2023-08-30T00:00:00.000000,1,51.22,BUY
META,2023-08-31T00:00:00.000000,1,51.22,BUY
META,2023-09-01T00:00:00.000000,1,51.22,BUY
META,2023-09-05T00:00:00.000000,1,51.22,BUY
META,2023-09-06T00:00:00.000000,1,51.22,BUY
META,2023-09-07T00:00:00.000000,1,51.22,BUY
META,2023-09-08T00:00:00.000000,1,51.22,BUY
META,2023-09-11T00:00:00.000000,1,50.07,BUY
META,2023-09-12T00:00:00.000000,0,46.44,SELL
META,2023-09-13T00:00:00.000000,0,44.9,SELL
META,2023-09-14T00:00:00.000000,0,46.44,SELL
META,2023-09-15T00:00:00.000000,0,46.44,SELL
META,2023-09-18T00:00:00.000000,0,46.44,SELL
META,2023-09-19T00:00:00.000000,0,46.44,SELL
META,2023-09-20T00:00:00.000000,0,46.44,SELL
META,2023-09-21T00:00:00.000000,0,46.44,SELL
META,2023-09-22T00:00:00.000000,1,47.54,BUY
META,2023-09-25T00:00:00.000000,1,50.07,BUY
META,2023-09-26T00:00:00.000000,1,50.07,BUY
META,2023-09-27T00:00:00.000000,1,51.22,BUY
META,2023-09-28T00:00:00.000000,1,51.22,BUY
META,2023-09-29T00:00:00.000000,1,51.22,BUY
META,2023-10-02T00:00:00.000000,1,51.22,BUY
META,2023-10-03T00:00:00.000000,1,51.22,BUY
META,2023-10-04T00:00:00.000000,1,51.22,BUY
META,2023-10-05T00:00:00.000000,1,51.22,BUY
META,2023-10-06T00:00:00.000000,1,51.22,BUY
META,2023-10-09T00:00:00.000000,1,51.22,BUY
META,2023-10-10T00:00:00.000000,1,51.22,BUY
META,2023-10-11T00:00:00.000000,1,51.22,BUY
META,2023-10-12T00:00:00.000000,1,50.07,BUY
META,2023-10-13T00:00:00.000000,0,46.44,SELL
META,2023-10-16T00:00:00.000000,0,46.44,SELL
META,2023-10-17T00:00:00.000000,0,46.44,SELL
META,2023-10-18T00:00:00.000000,0,46.44,SELL
META,2023-10-19T00:00:00.000000,0,46.44,SELL
META,2023-10-20T00:00:00.000000,0,46.44,SELL
META,2023-10-23T00:00:00.000000,1,50.07,BUY
META,2023-10-24T00:00:00.000000,1,51.22,BUY
META,2023-10-25T00:00:00.000000,1,51.22,BUY
META,2023-10-26T00:00:00.000000,1,51.22,BUY
META,2023-10-27T00:00:00.000000,1,51.22,BUY
META,2023-10-30T00:00:00.000000,1,51.22,BUY
META,2023-10-31T00:00:00.000000,1,51.22,BUY
META,2023-11-01T00:00:00.000000,1,51.22,BUY
META,2023-11-02T00:00:00.000000,1,51.22,BUY
META,2023-11-03T00:00:00.000000,1,51.22,BUY
META,2023-11-06T00:00:00.000000,1,51.22,BUY
META,2023-11-07T00:00:00.000000,1,51.22,BUY
META,2023-11-08T00:00:00.000000,1,51.22,BUY
META,2023-11-09T00:00:00.000000,1,51.22,BUY
META,2023-11-10T00:00:00.000000,1,50.07,BUY
META,2023-11-13T00:00:00.000000,0,44.9,SELL
META,2023-11-14T00:00:00.000000,0,44.32,SELL
META,2023-11-15T00:00:00.000000,0,44.32,SELL
META,2023-11-16T00:00:00.000000,0,44.32,SELL
META,2023-11-17T00:00:00.000000,0,44.32,SELL
META,2023-11-20T00:00:00.000000,0,44.32,SELL
META,2023-11-21T00:00:00.000000,0,44.32,SELL
META,2023-11-22T00:00:00.000000,0,44.9,SELL
META,2023-11-24T00:00:00.000000,0,46.44,SELL
META,2023-11-27T00:00:00.000000,0,44.32,SELL
META,2023-11-28T00:00:00.000000,0,44.32,SELL
META,2023-11-29T00:00:00.000000,0,44.32,SELL
META,2023-11-30T00:00:00.000000,0,44.32,SELL
META,2023-12-01T00:00:00.000000,0,46.44,SELL
META,2023-12-04T00:00:00.000000,0,44.9,SELL
META,2023-12-05T00:00:00.000000,0,46.44,SELL
META,2023-12-06T00:00:00.000000,0,46.44,SELL
META,2023-12-07T00:00:00.000000,1,50.07,BUY
META,2023-12-08T00:00:00.000000,1,51.22,BUY
META,2023-12-11T00:00:00.000000,1,51.22,BUY
META,2023-12-12T00:00:00.000000,1,51.22,BUY
META,2023-12-13T00:00:00.000000,1,51.22,BUY
META,2023-12-14T00:00:00.000000,1,51.22,BUY
META,2023-12-15T00:00:00.000000,1,51.15,BUY
META,2023-12-18T00:00:00.000000,1,50.07,BUY
META,2023-12-19T00:00:00.000000,0,46.44,SELL
META,2023-12-20T00:00:00.000000,0,44.32,SELL
META,2023-12-21T00:00:00.000000,0,44.32,SELL
META,2023-12-22T00:00:00.000000,0,44.32,SELL
META,2023-12-26T00:00:00.000000,0,44.32,SELL
META,2023-12-27T00:00:00.000000,0,44.32,SELL
META,2023-12-28T00:00:00.000000,0,44.32,SELL
META,2023-12-29T00:00:00.000000,0,44.32,SELL
META,2024-01-02T00:00:00.000000,0,44.32,SELL
META,2024-01-03T00:00:00.000000,0,44.32,SELL
META,2024-01-04T00:00:00.000000,0,44.32,SELL
META,2024-01-05T00:00:00.000000,0,44.32,SELL
META,2024-01-08T00:00:00.000000,0,44.32,SELL
META,2024-01-09T00:00:00.000000,0,44.9,SELL
META,2024-01-10T00:00:00.000000,0,46.44,SELL
META,2024-01-11T00:00:00.000000,0,44.9,SELL
META,2024-01-12T00:00:00.000000,0,44.32,SELL
META,2024-01-16T00:00:00.000000,0,44.32,SELL
META,2024-01-17T00:00:00.000000,0,44.32,SELL
META,2024-01-18T00:00:00.000000,0,44.32,SELL
META,2024-01-19T00:00:00.000000,0,44.32,SELL
META,2024-01-22T00:00:00.000000,0,44.32,SELL
META,2024-01-23T00:00:00.000000,0,44.32,SELL
META,2024-01-24T00:00:00.000000,0,44.32,SELL
META,2024-01-25T00:00:00.000000,0,44.32,SELL
META,2024-01-26T00:00:00.000000,0,44.32,SELL
META,2024-01-29T00:00:00.000000,0,44.9,SELL
META,2024-01-30T00:00:00.000000,0,46.44,SELL
META,2024-01-31T00:00:00.000000,0,44.9,SELL
META,2024-02-01T00:00:00.000000,0,44.32,SELL
META,2024-02-02T00:00:00.000000,0,44.32,SELL
META,2024-02-05T00:00:00.000000,0,44.32,SELL
META,2024-02-06T00:00:00.000000,0,44.32,SELL
META,2024-02-07T00:00:00.000000,0,44.32,SELL
META,2024-02-08T00:00:00.000000,0,43.6,SELL
META,2024-02-09T00:00:00.000000,0,43.6,SELL
META,2024-02-12T00:00:00.000000,0,43.6,SELL
META,2024-02-13T00:00:00.000000,0,43.6,SELL
META,2024-02-14T00:00:00.000000,0,43.59,SELL
META,2024-02-15T00:00:00.000000,0,43.11,SELL
META,2024-02-16T00:00:00.000000,0,41.9,SELL
META,2024-02-20T00:00:00.000000,0,43.59,SELL
META,2024-02-21T00:00:00.000000,0,43.59,SELL
META,2024-02-22T00:00:00.000000,0,43.6,SELL
META,2024-02-23T00:00:00.000000,0,43.6,SELL
META,2024-02-26T00:00:00.000000,0,43.6,SELL
META,2024-02-27T00:00:00.000000,0,43.59,SELL
META,2024-02-28T00:00:00.000000,0,43.59,SELL
META,2024-02-29T00:00:00.000000,0,41.9,SELL
META,2024-03-01T00:00:00.000000,0,41.9,SELL
META,2024-03-04T00:00:00.000000,0,41.9,SELL
META,2024-03-05T00:00:00.000000,0,41.9,SELL
META,2024-03-06T00:00:00.000000,0,41.9,SELL
META,2024-03-07T00:00:00.000000,0,41.9,SELL
META,2024-03-08T00:00:00.000000,0,41.9,SELL
META,2024-03-11T00:00:00.000000,0,43.59,SELL
META,2024-03-12T00:00:00.000000,0,43.59,SELL
META,2024-03-13T00:00:00.000000,0,43.6,SELL
META,2024-03-14T00:00:00.000000,0,44.32,SELL
META,2024-03-15T00:00:00.000000,0,44.32,SELL
META,2024-03-18T00:00:00.000000,0,44.9,SELL
META,2024-03-19T00:00:00.000000,1,47.54,BUY
META,2024-03-20T00:00:00.000000,1,50.07,BUY
META,2024-03-21T00:00:00.000000,1,50.0,BUY
META,2024-03-22T00:00:00.000000,1,50.07,BUY
META,2024-03-25T00:00:00.000000,1,50.07,BUY
META,2024-03-26T00:00:00.000000,0,46.44,SELL
META,2024-03-27T00:00:00.000000,0,46.44,SELL
META,2024-03-28T00:00:00.000000,0,46.44,SELL
META,2024-04-01T00:00:00.000000,0,44.32,SELL
META,2024-04-02T00:00:00.000000,0,44.32,SELL
META,2024-04-03T00:00:00.000000,0,44.32,SELL
META,2024-04-04T00:00:00.000000,0,44.32,SELL
META,2024-04-05T00:00:00.000000,0,46.44,SELL
META,2024-04-08T00:00:00.000000,1,50.0,BUY
META,2024-04-09T00:00:00.000000,1,50.07,BUY
META,2024-04-10T00:00:00.000000,1,50.07,BUY
META,2024-04-11T00:00:00.000000,1,50.07,BUY
META,2024-04-12T00:00:00.000000,0,46.44,SELL
META,2024-04-15T00:00:00.000000,0,44.32,SELL
META,2024-04-16T00:00:00.000000,0,44.32,SELL
META,2024-04-17T00:00:00.000000,0,44.32,SELL
META,2024-04-18T00:00:00.000000,0,46.44,SELL
META,2024-04-19T00:00:00.000000,1,50.07,BUY
META,2024-04-22T00:00:00.000000,1,51.22,BUY
META,2024-04-23T00:00:00.000000,1,51.22,BUY
META,2024-04-24T00:00:00.000000,1,51.22,BUY
META,2024-04-25T00:00:00.000000,1,51.22,BUY
META,2024-04-26T00:00:00.000000,1,51.22,BUY
META,2024-04-29T00:00:00.000000,1,51.22,BUY
META,2024-04-30T00:00:00.000000,1,51.22,BUY
META,2024-05-01T00:00:00.000000,1,51.22,BUY
META,2024-05-02T00:00:00.000000,1,51.22,BUY
META,2024-05-03T00:00:00.000000,1,51.22,BUY
META,2024-05-06T00:00:00.000000,1,51.22,BUY
META,2024-05-07T00:00:00.000000,1,51.22,BUY
META,2024-05-08T00:00:00.000000,1,51.22,BUY
META,2024-05-09T00:00:00.000000,1,51.22,BUY
META,2024-05-10T00:00:00.000000,1,51.22,BUY
META,2024-05-13T00:00:00.000000,1,51.22,BUY
META,2024-05-14T00:00:00.000000,1,51.22,BUY
META,2024-05-15T00:00:00.000000,1,51.22,BUY
META,2024-05-16T00:00:00.000000,1,50.07,BUY
META,2024-05-17T00:00:00.000000,0,44.9,SELL
META,2024-05-20T00:00:00.000000,0,44.32,SELL
META,2024-05-21T00:00:00.000000,0,46.44,SELL
META,2024-05-22T00:00:00.000000,0,47.54,SELL
META,2024-05-23T00:00:00.000000,1,50.07,BUY
META,2024-05-24T00:00:00.000000,1,50.07,BUY
META,2024-05-28T00:00:00.000000,1,50.07,BUY
META,2024-05-29T00:00:00.000000,1,50.07,BUY
META,2024-05-30T00:00:00.000000,1,50.0,BUY
META,2024-05-31T00:00:00.000000,0,46.44,SELL
META,2024-06-03T00:00:00.000000,0,47.54,SELL
META,2024-06-04T00:00:00.000000,1,50.07,BUY
META,2024-06-05T00:00:00.000000,1,51.15,BUY
META,2024-06-06T00:00:00.000000,1,51.22,BUY
META,2024-06-07T00:00:00.000000,1,51.22,BUY
META,2024-06-10T00:00:00.000000,1,51.22,BUY
META,2024-06-11T00:00:00.000000,1,51.22,BUY
META,2024-06-12T00:00:00.000000,1,50.07,BUY
META,2024-06-13T00:00:00.000000,1,50.07,BUY
META,2024-06-14T00:00:00.000000,0,46.44,SELL
META,2024-06-17T00:00:00.000000,0,44.32,SELL
META,2024-06-18T00:00:00.000000,0,44.32,SELL
META,2024-06-20T00:00:00.000000,0,44.32,SELL
META,2024-06-21T00:00:00.000000,0,44.32,SELL
META,2024-06-24T00:00:00.000000,0,46.44,SELL
META,2024-06-25T00:00:00.000000,1,50.07,BUY
META,2024-06-26T00:00:00.000000,1,50.07,BUY
META,2024-06-27T00:00:00.000000,1,50.07,BUY
META,2024-06-28T00:00:00.000000,1,50.07,BUY
META,2024-07-01T00:00:00.000000,1,50.07,BUY
META,2024-07-02T00:00:00.000000,1,50.07,BUY
META,2024-07-03T00:00:00.000000,1,50.07,BUY
META,2024-07-05T00:00:00.000000,1,50.07,BUY
META,2024-07-08T00:00:00.000000,1,50.07,BUY
META,2024-07-09T00:00:00.000000,1,50.07,BUY
META,2024-07-10T00:00:00.000000,1,50.07,BUY
META,2024-07-11T00:00:00.000000,1,50.07,BUY
META,2024-07-12T00:00:00.000000,1,51.15,BUY
META,2024-07-15T00:00:00.000000,1,51.22,BUY
META,2024-07-16T00:00:00.000000,1,51.22,BUY
META,2024-07-17T00:00:00.000000,1,51.22,BUY
META,2024-07-18T00:00:00.000000,1,51.22,BUY
META,2024-07-19T00:00:00.000000,1,51.22,BUY
META,2024-07-22T00:00:00.000000,1,51.22,BUY
META,2024-07-23T00:00:00.000000,1,51.22,BUY
META,2024-07-24T00:00:00.000000,1,51.22,BUY
META,2024-07-25T00:00:00.000000,1,51.22,BUY
META,2024-07-26T00:00:00.000000,1,51.22,BUY
META,2024-07-29T00:00:00.000000,1,51.22,BUY
META,2024-07-30T00:00:00.000000,1,51.22,BUY
META,2024-07-31T00:00:00.000000,1,51.22,BUY
META,2024-08-01T00:00:00.000000,1,51.22,BUY
META,2024-08-02T00:00:00.000000,1,51.22,BUY
META,2024-08-05T00:00:00.000000,1,51.22,BUY
META,2024-08-06T00:00:00.000000,1,51.22,BUY
META,2024-08-07T00:00:00.000000,1,51.22,BUY
META,2024-08-08T00:00:00.000000,1,56.7,BUY
META,2024-08-09T00:00:00.000000,1,51.22,BUY
META,2024-08-12T00:00:00.000000,1,51.22,BUY
META,2024-08-13T00:00:00.000000,1,51.22,BUY
META,2024-08-14T00:00:00.000000,1,51.22,BUY
META,2024-08-15T00:00:00.000000,1,50.07,BUY
META,2024-08-16T00:00:00.000000,0,46.44,SELL
META,2024-08-19T00:00:00.000000,0,44.32,SELL
META,2024-08-20T00:00:00.000000,0,44.32,SELL
META,2024-08-21T00:00:00.000000,0,43.6,SELL
META,2024-08-22T00:00:00.000000,0,43.59,SELL
META,2024-08-23T00:00:00.000000,0,41.9,SELL
META,2024-08-26T00:00:00.000000,0,43.59,SELL
META,2024-08-27T00:00:00.000000,0,43.6,SELL
META,2024-08-28T00:00:00.000000,0,43.6,SELL
META,2024-08-29T00:00:00.000000,0,43.6,SELL
META,2024-08-30T00:00:00.000000,0,44.32,SELL
META,2024-09-03T00:00:00.000000,0,44.32,SELL
META,2024-09-04T00:00:00.000000,0,44.32,SELL
META,2024-09-05T00:00:00.000000,0,44.32,SELL
META,2024-09-06T00:00:00.000000,0,44.32,SELL
META,2024-09-09T00:00:00.000000,0,44.32,SELL
META,2024-09-10T00:00:00.000000,1,50.07,BUY
META,2024-09-11T00:00:00.000000,1,51.22,BUY
META,2024-09-12T00:00:00.000000,1,51.22,BUY
META,2024-09-13T00:00:00.000000,1,51.22,BUY
META,2024-09-16T00:00:00.000000,1,51.22,BUY
META,2024-09-17T00:00:00.000000,1,51.22,BUY
META,2024-09-18T00:00:00.000000,1,51.22,BUY
META,2024-09-19T00:00:00.000000,1,51.22,BUY
META,2024-09-20T00:00:00.000000,1,51.22,BUY
META,2024-09-23T00:00:00.000000,1,51.22,BUY
META,2024-09-24T00:00:00.000000,0,46.44,SELL
META,2024-09-25T00:00:00.000000,0,44.32,SELL
META,2024-09-26T00:00:00.000000,0,44.32,SELL
META,2024-09-27T00:00:00.000000,0,44.32,SELL
META,2024-09-30T00:00:00.000000,0,44.32,SELL
META,2024-10-01T00:00:00.000000,0,44.32,SELL
META,2024-10-02T00:00:00.000000,0,44.32,SELL
META,2024-10-03T00:00:00.000000,0,44.32,SELL
META,2024-10-04T00:00:00.000000,0,44.32,SELL
META,2024-10-07T00:00:00.000000,0,44.32,SELL
META,2024-10-08T00:00:00.000000,0,44.32,SELL
META,2024-10-09T00:00:00.000000,0,44.32,SELL
META,2024-10-10T00:00:00.000000,0,44.32,SELL
META,2024-10-11T00:00:00.000000,0,44.32,SELL
META,2024-10-14T00:00:00.000000,0,44.32,SELL
META,2024-10-15T00:00:00.000000,0,44.32,SELL
META,2024-10-16T00:00:00.000000,0,44.32,SELL
META,2024-10-17T00:00:00.000000,0,44.32,SELL
META,2024-10-18T00:00:00.000000,0,44.32,SELL
META,2024-10-21T00:00:00.000000,0,44.32,SELL
META,2024-10-22T00:00:00.000000,0,46.44,SELL
META,2024-10-23T00:00:00.000000,1,50.07,BUY
META,2024-10-24T00:00:00.000000,1,51.22,BUY
META,2024-10-25T00:00:00.000000,1,51.22,BUY
META,2024-10-28T00:00:00.000000,1,51.22,BUY
META,2024-10-29T00:00:00.000000,1,51.22,BUY
META,2024-10-30T00:00:00.000000,1,51.22,BUY
META,2024-10-31T00:00:00.000000,1,51.22,BUY
META,2024-11-01T00:00:00.000000,1,51.22,BUY
META,2024-11-04T00:00:00.000000,1,51.22,BUY
META,2024-11-05T00:00:00.000000,1,51.22,BUY
META,2024-11-06T00:00:00.000000,1,51.22,BUY
META,2024-11-07T00:00:00.000000,1,51.22,BUY
META,2024-11-08T00:00:00.000000,1,51.22,BUY
META,2024-11-11T00:00:00.000000,1,51.22,BUY
META,2024-11-12T00:00:00.000000,1,51.22,BUY
META,2024-11-13T00:00:00.000000,1,51.22,BUY
META,2024-11-14T00:00:00.000000,1,51.22,BUY
META,2024-11-15T00:00:00.000000,1,51.22,BUY
META,2024-11-18T00:00:00.000000,1,51.22,BUY
META,2024-11-19T00:00:00.000000,1,51.22,BUY
META,2024-11-20T00:00:00.000000,1,51.22,BUY
META,2024-11-21T00:00:00.000000,1,51.22,BUY
META,2024-11-22T00:00:00.000000,1,51.22,BUY
META,2024-11-25T00:00:00.000000,1,51.22,BUY
META,2024-11-26T00:00:00.000000,1,51.22,BUY
META,2024-11-27T00:00:00.000000,1,51.22,BUY
META,2024-11-29T00:00:00.000000,1,51.22,BUY
META,2024-12-02T00:00:00.000000,1,51.22,BUY
META,2024-12-03T00:00:00.000000,1,51.22,BUY
META,2024-12-04T00:00:00.000000,1,51.22,BUY
META,2024-12-05T00:00:00.000000,1,51.22,BUY
META,2024-12-06T00:00:00.000000,1,51.22,BUY
META,2024-12-09T00:00:00.000000,1,50.07,BUY
META,2024-12-10T00:00:00.000000,0,46.44,SELL
META,2024-12-11T00:00:00.000000,0,46.44,SELL
META,2024-12-12T00:00:00.000000,0,46.44,SELL
META,2024-12-13T00:00:00.000000,0,44.9,SELL
META,2024-12-16T00:00:00.000000,0,46.44,SELL
META,2024-12-17T00:00:00.000000,0,46.44,SELL
META,2024-12-18T00:00:00.000000,0,46.44,SELL
META,2024-12-19T00:00:00.000000,0,46.44,SELL
META,2024-12-20T00:00:00.000000,0,47.54,SELL
MRNA,2023-02-21T00:00:00.000000,1,50.07,BUY
MRNA,2023-02-22T00:00:00.000000,1,50.07,BUY
MRNA,2023-02-23T00:00:00.000000,1,51.22,BUY
MRNA,2023-02-24T00:00:00.000000,1,51.22,BUY
MRNA,2023-02-27T00:00:00.000000,1,50.07,BUY
MRNA,2023-02-28T00:00:00.000000,1,50.07,BUY
MRNA,2023-03-01T00:00:00.000000,1,50.07,BUY
MRNA,2023-03-02T00:00:00.000000,1,51.22,BUY
MRNA,2023-03-03T00:00:00.000000,1,51.22,BUY
MRNA,2023-03-06T00:00:00.000000,1,51.22,BUY
MRNA,2023-03-07T00:00:00.000000,1,51.22,BUY
MRNA,2023-03-08T00:00:00.000000,1,51.22,BUY
MRNA,2023-03-09T00:00:00.000000,1,51.22,BUY
MRNA,2023-03-10T00:00:00.000000,1,51.22,BUY
MRNA,2023-03-13T00:00:00.000000,1,51.22,BUY
MRNA,2023-03-14T00:00:00.000000,1,51.22,BUY
MRNA,2023-03-15T00:00:00.000000,1,51.22,BUY
MRNA,2023-03-16T00:00:00.000000,1,51.22,BUY
MRNA,2023-03-17T00:00:00.000000,1,51.22,BUY
MRNA,2023-03-20T00:00:00.000000,1,51.22,BUY
MRNA,2023-03-21T00:00:00.000000,1,51.22,BUY
MRNA,2023-03-22T00:00:00.000000,1,51.22,BUY
MRNA,2023-03-23T00:00:00.000000,1,51.22,BUY
MRNA,2023-03-24T00:00:00.000000,1,51.22,BUY
MRNA,2023-03-27T00:00:00.000000,1,51.22,BUY
MRNA,2023-03-28T00:00:00.000000,1,51.22,BUY
MRNA,2023-03-29T00:00:00.000000,1,51.22,BUY
MRNA,2023-03-30T00:00:00.000000,1,51.22,BUY
MRNA,2023-03-31T00:00:00.000000,1,51.22,BUY
MRNA,2023-04-03T00:00:00.000000,1,50.07,BUY
MRNA,2023-04-04T00:00:00.000000,1,50.0,BUY
MRNA,2023-04-05T00:00:00.000000,0,46.44,SELL
MRNA,2023-04-06T00:00:00.000000,0,44.32,SELL
MRNA,2023-04-10T00:00:00.000000,0,44.32,SELL
MRNA,2023-04-11T00:00:00.000000,0,44.32,SELL
MRNA,2023-04-12T00:00:00.000000,0,44.32,SELL
MRNA,2023-04-13T00:00:00.000000,0,44.32,SELL
MRNA,2023-04-14T00:00:00.000000,0,44.32,SELL
MRNA,2023-04-17T00:00:00.000000,0,44.32,SELL
MRNA,2023-04-18T00:00:00.000000,0,44.32,SELL
MRNA,2023-04-19T00:00:00.000000,0,44.32,SELL
MRNA,2023-04-20T00:00:00.000000,0,44.32,SELL
MRNA,2023-04-21T00:00:00.000000,0,44.9,SELL
MRNA,2023-04-24T00:00:00.000000,0,46.44,SELL
MRNA,2023-04-25T00:00:00.000000,1,50.07,BUY
MRNA,2023-04-26T00:00:00.000000,1,50.07,BUY
MRNA,2023-04-27T00:00:00.000000,1,50.07,BUY
MRNA,2023-04-28T00:00:00.000000,1,50.07,BUY
MRNA,2023-05-01T00:00:00.000000,1,50.07,BUY
MRNA,2023-05-02T00:00:00.000000,0,46.44,SELL
MRNA,2023-05-03T00:00:00.000000,0,44.32,SELL
MRNA,2023-05-04T00:00:00.000000,0,44.9,SELL
MRNA,2023-05-05T00:00:00.000000,0,46.44,SELL
MRNA,2023-05-08T00:00:00.000000,1,51.15,BUY
MRNA,2023-05-09T00:00:00.000000,1,51.22,BUY
MRNA,2023-05-10T00:00:00.000000,1,50.07,BUY
MRNA,2023-05-11T00:00:00.000000,1,50.07,BUY
MRNA,2023-05-12T00:00:00.000000,1,50.07,BUY
MRNA,2023-05-15T00:00:00.000000,1,50.07,BUY
MRNA,2023-05-16T00:00:00.000000,1,51.22,BUY
MRNA,2023-05-17T00:00:00.000000,1,51.22,BUY
MRNA,2023-05-18T00:00:00.000000,1,50.07,BUY
MRNA,2023-05-19T00:00:00.000000,1,50.07,BUY
MRNA,2023-05-22T00:00:00.000000,1,50.07,BUY
MRNA,2023-05-23T00:00:00.000000,1,47.54,BUY
MRNA,2023-05-24T00:00:00.000000,1,50.07,BUY
MRNA,2023-05-25T00:00:00.000000,0,46.44,SELL
MRNA,2023-05-26T00:00:00.000000,1,50.07,BUY
MRNA,2023-05-30T00:00:00.000000,1,50.07,BUY
MRNA,2023-05-31T00:00:00.000000,1,51.22,BUY
MRNA,2023-06-01T00:00:00.000000,1,51.22,BUY
MRNA,2023-06-02T00:00:00.000000,1,51.22,BUY
MRNA,2023-06-05T00:00:00.000000,1,51.22,BUY
MRNA,2023-06-06T00:00:00.000000,1,51.22,BUY
MRNA,2023-06-07T00:00:00.000000,1,51.22,BUY
MRNA,2023-06-08T00:00:00.000000,1,51.22,BUY
MRNA,2023-06-09T00:00:00.000000,1,51.22,BUY
MRNA,2023-06-12T00:00:00.000000,1,51.22,BUY
MRNA,2023-06-13T00:00:00.000000,1,51.22,BUY
MRNA,2023-06-14T00:00:00.000000,1,51.22,BUY
MRNA,2023-06-15T00:00:00.000000,1,51.22,BUY
MRNA,2023-06-16T00:00:00.000000,1,51.22,BUY
MRNA,2023-06-20T00:00:00.000000,1,51.22,BUY
MRNA,2023-06-21T00:00:00.000000,1,51.22,BUY
MRNA,2023-06-22T00:00:00.000000,1,51.22,BUY
MRNA,2023-06-23T00:00:00.000000,1,50.07,BUY
MRNA,2023-06-26T00:00:00.000000,1,50.07,BUY
MRNA,2023-06-27T00:00:00.000000,1,50.07,BUY
MRNA,2023-06-28T00:00:00.000000,1,50.07,BUY
MRNA,2023-06-29T00:00:00.000000,1,51.22,BUY
MRNA,2023-06-30T00:00:00.000000,1,51.22,BUY
MRNA,2023-07-03T00:00:00.000000,1,51.22,BUY
MRNA,2023-07-05T00:00:00.000000,1,51.22,BUY
MRNA,2023-07-06T00:00:00.000000,1,51.22,BUY
MRNA,2023-07-07T00:00:00.000000,1,51.22,BUY
MRNA,2023-07-10T00:00:00.000000,1,51.15,BUY
MRNA,2023-07-11T00:00:00.000000,1,50.07,BUY
MRNA,2023-07-12T00:00:00.000000,1,50.0,BUY
MRNA,2023-07-13T00:00:00.000000,0,46.44,SELL
MRNA,2023-07-14T00:00:00.000000,0,46.44,SELL
MRNA,2023-07-17T00:00:00.000000,0,44.32,SELL
MRNA,2023-07-18T00:00:00.000000,0,44.32,SELL
MRNA,2023-07-19T00:00:00.000000,0,44.32,SELL
MRNA,2023-07-20T00:00:00.000000,0,44.32,SELL
MRNA,2023-07-21T00:00:00.000000,0,44.32,SELL
MRNA,2023-07-24T00:00:00.000000,0,44.32,SELL
MRNA,2023-07-25T00:00:00.000000,0,44.32,SELL
MRNA,2023-07-26T00:00:00.000000,0,44.32,SELL
MRNA,2023-07-27T00:00:00.000000,0,44.32,SELL
MRNA,2023-07-28T00:00:00.000000,0,44.32,SELL
MRNA,2023-07-31T00:00:00.000000,0,44.32,SELL
MRNA,2023-08-01T00:00:00.000000,0,44.32,SELL
MRNA,2023-08-02T00:00:00.000000,0,44.32,SELL
MRNA,2023-08-03T00:00:00.000000,0,44.32,SELL
MRNA,2023-08-04T00:00:00.000000,0,44.32,SELL
MRNA,2023-08-07T00:00:00.000000,0,44.32,SELL
MRNA,2023-08-08T00:00:00.000000,0,44.32,SELL
MRNA,2023-08-09T00:00:00.000000,0,44.32,SELL
MRNA,2023-08-10T00:00:00.000000,0,43.6,SELL
MRNA,2023-08-11T00:00:00.000000,0,43.59,SELL
MRNA,2023-08-14T00:00:00.000000,0,43.59,SELL
MRNA,2023-08-15T00:00:00.000000,0,43.59,SELL
MRNA,2023-08-16T00:00:00.000000,0,43.59,SELL
MRNA,2023-08-17T00:00:00.000000,0,43.59,SELL
MRNA,2023-08-18T00:00:00.000000,0,43.59,SELL
MRNA,2023-08-21T00:00:00.000000,0,43.6,SELL
MRNA,2023-08-22T00:00:00.000000,0,44.32,SELL
MRNA,2023-08-23T00:00:00.000000,0,45.18,SELL
MRNA,2023-08-24T00:00:00.000000,1,51.22,BUY
MRNA,2023-08-25T00:00:00.000000,1,51.22,BUY
MRNA,2023-08-28T00:00:00.000000,1,51.22,BUY
MRNA,2023-08-29T00:00:00.000000,1,51.22,BUY
MRNA,2023-08-30T00:00:00.000000,1,51.22,BUY
MRNA,2023-08-31T00:00:00.000000,1,51.22,BUY
MRNA,2023-09-01T00:00:00.000000,1,51.22,BUY
MRNA,2023-09-05T00:00:00.000000,1,51.22,BUY
MRNA,2023-09-06T00:00:00.000000,1,51.22,BUY
MRNA,2023-09-07T00:00:00.000000,1,51.22,BUY
MRNA,2023-09-08T00:00:00.000000,1,51.22,BUY
MRNA,2023-09-11T00:00:00.000000,1,51.22,BUY
MRNA,2023-09-12T00:00:00.000000,1,51.22,BUY
MRNA,2023-09-13T00:00:00.000000,1,51.22,BUY
MRNA,2023-09-14T00:00:00.000000,1,50.07,BUY
MRNA,2023-09-15T00:00:00.000000,0,46.44,SELL
MRNA,2023-09-18T00:00:00.000000,0,46.44,SELL
MRNA,2023-09-19T00:00:00.000000,0,44.9,SELL
MRNA,2023-09-20T00:00:00.000000,0,44.9,SELL
MRNA,2023-09-21T00:00:00.000000,0,46.44,SELL
MRNA,2023-09-22T00:00:00.000000,0,46.44,SELL
MRNA,2023-09-25T00:00:00.000000,0,46.44,SELL
MRNA,2023-09-26T00:00:00.000000,1,50.07,BUY
MRNA,2023-09-27T00:00:00.000000,1,50.07,BUY
MRNA,2023-09-28T00:00:00.000000,1,51.22,BUY
MRNA,2023-09-29T00:00:00.000000,1,51.22,BUY
MRNA,2023-10-02T00:00:00.000000,1,51.22,BUY
MRNA,2023-10-03T00:00:00.000000,1,51.22,BUY
MRNA,2023-10-04T00:00:00.000000,1,51.22,BUY
MRNA,2023-10-05T00:00:00.000000,1,51.22,BUY
MRNA,2023-10-06T00:00:00.000000,1,51.22,BUY
MRNA,2023-10-09T00:00:00.000000,1,51.22,BUY
MRNA,2023-10-10T00:00:00.000000,1,51.22,BUY
MRNA,2023-10-11T00:00:00.000000,1,51.22,BUY
MRNA,2023-10-12T00:00:00.000000,1,50.07,BUY
MRNA,2023-10-13T00:00:00.000000,1,50.07,BUY
MRNA,2023-10-16T00:00:00.000000,1,50.07,BUY
MRNA,2023-10-17T00:00:00.000000,1,50.07,BUY
MRNA,2023-10-18T00:00:00.000000,1,50.07,BUY
MRNA,2023-10-19T00:00:00.000000,1,50.07,BUY
MRNA,2023-10-20T00:00:00.000000,0,46.44,SELL
MRNA,2023-10-23T00:00:00.000000,0,44.9,SELL
MRNA,2023-10-24T00:00:00.000000,0,44.32,SELL
MRNA,2023-10-25T00:00:00.000000,0,44.32,SELL
MRNA,2023-10-26T00:00:00.000000,0,44.32,SELL
MRNA,2023-10-27T00:00:00.000000,0,43.6,SELL
MRNA,2023-10-30T00:00:00.000000,0,43.6,SELL
MRNA,2023-10-31T00:00:00.000000,0,43.59,SELL
MRNA,2023-11-01T00:00:00.000000,0,41.9,SELL
MRNA,2023-11-02T00:00:00.000000,0,41.9,SELL
MRNA,2023-11-03T00:00:00.000000,0,44.32,SELL
MRNA,2023-11-06T00:00:00.000000,1,50.07,BUY
MRNA,2023-11-07T00:00:00.000000,1,51.22,BUY
MRNA,2023-11-08T00:00:00.000000,1,50.07,BUY
MRNA,2023-11-09T00:00:00.000000,1,50.07,BUY
MRNA,2023-11-10T00:00:00.000000,0,44.32,SELL
MRNA,2023-11-13T00:00:00.000000,0,44.32,SELL
MRNA,2023-11-14T00:00:00.000000,0,44.32,SELL
MRNA,2023-11-15T00:00:00.000000,0,44.32,SELL
MRNA,2023-11-16T00:00:00.000000,0,44.32,SELL
MRNA,2023-11-17T00:00:00.000000,0,44.32,SELL
MRNA,2023-11-20T00:00:00.000000,0,44.32,SELL
MRNA,2023-11-21T00:00:00.000000,0,44.32,SELL
MRNA,2023-11-22T00:00:00.000000,0,44.32,SELL
MRNA,2023-11-24T00:00:00.000000,0,44.32,SELL
MRNA,2023-11-27T00:00:00.000000,0,44.32,SELL
MRNA,2023-11-28T00:00:00.000000,0,44.32,SELL
MRNA,2023-11-29T00:00:00.000000,0,44.32,SELL
MRNA,2023-11-30T00:00:00.000000,0,44.9,SELL
MRNA,2023-12-01T00:00:00.000000,1,50.07,BUY
MRNA,2023-12-04T00:00:00.000000,1,50.07,BUY
MRNA,2023-12-05T00:00:00.000000,1,51.22,BUY
MRNA,2023-12-06T00:00:00.000000,1,51.22,BUY
MRNA,2023-12-07T00:00:00.000000,1,51.22,BUY
MRNA,2023-12-08T00:00:00.000000,1,51.22,BUY
MRNA,2023-12-11T00:00:00.000000,1,51.22,BUY
MRNA,2023-12-12T00:00:00.000000,1,51.15,BUY
MRNA,2023-12-13T00:00:00.000000,1,50.07,BUY
MRNA,2023-12-14T00:00:00.000000,1,50.07,BUY
MRNA,2023-12-15T00:00:00.000000,1,50.07,BUY
MRNA,2023-12-18T00:00:00.000000,1,50.07,BUY
MRNA,2023-12-19T00:00:00.000000,0,46.44,SELL
MRNA,2023-12-20T00:00:00.000000,0,44.32,SELL
MRNA,2023-12-21T00:00:00.000000,0,44.32,SELL
MRNA,2023-12-22T00:00:00.000000,0,44.32,SELL
MRNA,2023-12-26T00:00:00.000000,0,44.32,SELL
MRNA,2023-12-27T00:00:00.000000,0,44.32,SELL
MRNA,2023-12-28T00:00:00.000000,0,43.6,SELL
MRNA,2023-12-29T00:00:00.000000,0,41.9,SELL
MRNA,2024-01-02T00:00:00.000000,0,43.59,SELL
MRNA,2024-01-03T00:00:00.000000,0,43.59,SELL
MRNA,2024-01-04T00:00:00.000000,0,43.6,SELL
MRNA,2024-01-05T00:00:00.000000,0,43.6,SELL
MRNA,2024-01-08T00:00:00.000000,0,43.6,SELL
MRNA,2024-01-09T00:00:00.000000,0,43.6,SELL
MRNA,2024-01-10T00:00:00.000000,0,44.32,SELL
MRNA,2024-01-11T00:00:00.000000,0,44.32,SELL
MRNA,2024-01-12T00:00:00.000000,0,44.32,SELL
MRNA,2024-01-16T00:00:00.000000,0,44.32,SELL
MRNA,2024-01-17T00:00:00.000000,0,44.32,SELL
MRNA,2024-01-18T00:00:00.000000,0,47.54,SELL
MRNA,2024-01-19T00:00:00.000000,1,50.07,BUY
MRNA,2024-01-22T00:00:00.000000,1,51.22,BUY
MRNA,2024-01-23T00:00:00.000000,1,51.22,BUY
MRNA,2024-01-24T00:00:00.000000,1,51.22,BUY
MRNA,2024-01-25T00:00:00.000000,1,51.22,BUY
MRNA,2024-01-26T00:00:00.000000,1,51.22,BUY
MRNA,2024-01-29T00:00:00.000000,1,51.22,BUY
MRNA,2024-01-30T00:00:00.000000,1,50.07,BUY
MRNA,2024-01-31T00:00:00.000000,0,44.32,SELL
MRNA,2024-02-01T00:00:00.000000,0,44.32,SELL
MRNA,2024-02-02T00:00:00.000000,0,44.32,SELL
MRNA,2024-02-05T00:00:00.000000,0,44.32,SELL
MRNA,2024-02-06T00:00:00.000000,0,44.32,SELL
MRNA,2024-02-07T00:00:00.000000,0,44.9,SELL
MRNA,2024-02-08T00:00:00.000000,0,46.44,SELL
MRNA,2024-02-09T00:00:00.000000,1,50.07,BUY
MRNA,2024-02-12T00:00:00.000000,1,50.07,BUY
MRNA,2024-02-13T00:00:00.000000,1,51.22,BUY
MRNA,2024-02-14T00:00:00.000000,1,50.07,BUY
MRNA,2024-02-15T00:00:00.000000,1,50.0,BUY
MRNA,2024-02-16T00:00:00.000000,0,44.32,SELL
MRNA,2024-02-20T00:00:00.000000,0,44.32,SELL
MRNA,2024-02-21T00:00:00.000000,0,44.32,SELL
MRNA,2024-02-22T00:00:00.000000,0,44.32,SELL
MRNA,2024-02-23T00:00:00.000000,0,44.32,SELL
MRNA,2024-02-26T00:00:00.000000,0,44.32,SELL
MRNA,2024-02-27T00:00:00.000000,0,44.32,SELL
MRNA,2024-02-28T00:00:00.000000,0,44.32,SELL
MRNA,2024-02-29T00:00:00.000000,0,44.32,SELL
MRNA,2024-03-01T00:00:00.000000,0,44.32,SELL
MRNA,2024-03-04T00:00:00.000000,0,44.32,SELL
MRNA,2024-03-05T00:00:00.000000,0,44.32,SELL
MRNA,2024-03-06T00:00:00.000000,0,44.32,SELL
MRNA,2024-03-07T00:00:00.000000,0,44.32,SELL
MRNA,2024-03-08T00:00:00.000000,0,46.44,SELL
MRNA,2024-03-11T00:00:00.000000,1,50.07,BUY
MRNA,2024-03-12T00:00:00.000000,1,50.07,BUY
MRNA,2024-03-13T00:00:00.000000,1,50.07,BUY
MRNA,2024-03-14T00:00:00.000000,0,47.54,SELL
MRNA,2024-03-15T00:00:00.000000,0,44.9,SELL
MRNA,2024-03-18T00:00:00.000000,0,46.44,SELL
MRNA,2024-03-19T00:00:00.000000,1,50.07,BUY
MRNA,2024-03-20T00:00:00.000000,1,50.07,BUY
MRNA,2024-03-21T00:00:00.000000,1,50.07,BUY
MRNA,2024-03-22T00:00:00.000000,1,51.22,BUY
MRNA,2024-03-25T00:00:00.000000,1,51.22,BUY
MRNA,2024-03-26T00:00:00.000000,1,51.22,BUY
MRNA,2024-03-27T00:00:00.000000,1,51.22,BUY
MRNA,2024-03-28T00:00:00.000000,1,50.07,BUY
MRNA,2024-04-01T00:00:00.000000,0,44.9,SELL
MRNA,2024-04-02T00:00:00.000000,0,44.32,SELL
MRNA,2024-04-03T00:00:00.000000,0,44.32,SELL
MRNA,2024-04-04T00:00:00.000000,0,43.6,SELL
MRNA,2024-04-05T00:00:00.000000,0,43.6,SELL
MRNA,2024-04-08T00:00:00.000000,0,44.32,SELL
MRNA,2024-04-09T00:00:00.000000,0,44.32,SELL
MRNA,2024-04-10T00:00:00.000000,0,44.32,SELL
MRNA,2024-04-11T00:00:00.000000,0,44.32,SELL
MRNA,2024-04-12T00:00:00.000000,0,46.44,SELL
MRNA,2024-04-15T00:00:00.000000,1,47.54,BUY
MRNA,2024-04-16T00:00:00.000000,1,50.07,BUY
MRNA,2024-04-17T00:00:00.000000,1,50.07,BUY
MRNA,2024-04-18T00:00:00.000000,1,50.0,BUY
MRNA,2024-04-19T00:00:00.000000,0,46.44,SELL
MRNA,2024-04-22T00:00:00.000000,1,50.07,BUY
MRNA,2024-04-23T00:00:00.000000,1,51.15,BUY
MRNA,2024-04-24T00:00:00.000000,1,51.22,BUY
MRNA,2024-04-25T00:00:00.000000,1,51.22,BUY
MRNA,2024-04-26T00:00:00.000000,1,51.22,BUY
MRNA,2024-04-29T00:00:00.000000,1,51.22,BUY
MRNA,2024-04-30T00:00:00.000000,1,51.15,BUY
MRNA,2024-05-01T00:00:00.000000,1,50.07,BUY
MRNA,2024-05-02T00:00:00.000000,1,50.07,BUY
MRNA,2024-05-03T00:00:00.000000,0,46.44,SELL
MRNA,2024-05-06T00:00:00.000000,0,44.32,SELL
MRNA,2024-05-07T00:00:00.000000,0,44.32,SELL
MRNA,2024-05-08T00:00:00.000000,0,47.54,SELL
MRNA,2024-05-09T00:00:00.000000,1,50.07,BUY
MRNA,2024-05-10T00:00:00.000000,1,51.15,BUY
MRNA,2024-05-13T00:00:00.000000,1,51.22,BUY
MRNA,2024-05-14T00:00:00.000000,1,51.22,BUY
MRNA,2024-05-15T00:00:00.000000,1,50.07,BUY
MRNA,2024-05-16T00:00:00.000000,1,50.07,BUY
MRNA,2024-05-17T00:00:00.000000,0,46.44,SELL
MRNA,2024-05-20T00:00:00.000000,0,44.32,SELL
MRNA,2024-05-21T00:00:00.000000,0,44.32,SELL
MRNA,2024-05-22T00:00:00.000000,0,44.32,SELL
MRNA,2024-05-23T00:00:00.000000,0,43.6,SELL
MRNA,2024-05-24T00:00:00.000000,0,41.9,SELL
MRNA,2024-05-28T00:00:00.000000,0,41.9,SELL
MRNA,2024-05-29T00:00:00.000000,0,41.9,SELL
MRNA,2024-05-30T00:00:00.000000,0,43.6,SELL
MRNA,2024-05-31T00:00:00.000000,0,44.32,SELL
MRNA,2024-06-03T00:00:00.000000,0,46.44,SELL
MRNA,2024-06-04T00:00:00.000000,1,51.22,BUY
MRNA,2024-06-05T00:00:00.000000,1,51.22,BUY
MRNA,2024-06-06T00:00:00.000000,1,51.22,BUY
MRNA,2024-06-07T00:00:00.000000,1,51.22,BUY
MRNA,2024-06-10T00:00:00.000000,1,51.22,BUY
MRNA,2024-06-11T00:00:00.000000,1,51.22,BUY
MRNA,2024-06-12T00:00:00.000000,1,50.07,BUY
MRNA,2024-06-13T00:00:00.000000,0,47.54,SELL
MRNA,2024-06-14T00:00:00.000000,0,44.32,SELL
MRNA,2024-06-17T00:00:00.000000,0,44.32,SELL
MRNA,2024-06-18T00:00:00.000000,0,44.32,SELL
MRNA,2024-06-20T00:00:00.000000,0,44.32,SELL
MRNA,2024-06-21T00:00:00.000000,0,46.44,SELL
MRNA,2024-06-24T00:00:00.000000,1,50.07,BUY
MRNA,2024-06-25T00:00:00.000000,1,51.22,BUY
MRNA,2024-06-26T00:00:00.000000,1,51.22,BUY
MRNA,2024-06-27T00:00:00.000000,1,51.22,BUY
MRNA,2024-06-28T00:00:00.000000,1,51.22,BUY
MRNA,2024-07-01T00:00:00.000000,1,51.22,BUY
MRNA,2024-07-02T00:00:00.000000,1,50.07,BUY
MRNA,2024-07-03T00:00:00.000000,0,46.44,SELL
MRNA,2024-07-05T00:00:00.000000,0,44.32,SELL
MRNA,2024-07-08T00:00:00.000000,0,44.32,SELL
MRNA,2024-07-09T00:00:00.000000,0,44.32,SELL
MRNA,2024-07-10T00:00:00.000000,0,44.32,SELL
MRNA,2024-07-11T00:00:00.000000,0,44.32,SELL
MRNA,2024-07-12T00:00:00.000000,0,44.32,SELL
MRNA,2024-07-15T00:00:00.000000,0,44.32,SELL
MRNA,2024-07-16T00:00:00.000000,0,44.32,SELL
MRNA,2024-07-17T00:00:00.000000,0,44.32,SELL
MRNA,2024-07-18T00:00:00.000000,0,46.44,SELL
MRNA,2024-07-19T00:00:00.000000,1,50.0,BUY
MRNA,2024-07-22T00:00:00.000000,1,50.07,BUY
MRNA,2024-07-23T00:00:00.000000,1,50.07,BUY
MRNA,2024-07-24T00:00:00.000000,0,47.54,SELL
MRNA,2024-07-25T00:00:00.000000,0,46.44,SELL
MRNA,2024-07-26T00:00:00.000000,1,50.07,BUY
MRNA,2024-07-29T00:00:00.000000,1,50.07,BUY
MRNA,2024-07-30T00:00:00.000000,1,50.07,BUY
MRNA,2024-07-31T00:00:00.000000,1,51.22,BUY
MRNA,2024-08-01T00:00:00.000000,1,51.22,BUY
MRNA,2024-08-02T00:00:00.000000,1,51.22,BUY
MRNA,2024-08-05T00:00:00.000000,1,50.07,BUY
MRNA,2024-08-06T00:00:00.000000,1,50.07,BUY
MRNA,2024-08-07T00:00:00.000000,0,46.44,SELL
MRNA,2024-08-08T00:00:00.000000,0,44.32,SELL
MRNA,2024-08-09T00:00:00.000000,0,44.32,SELL
MRNA,2024-08-12T00:00:00.000000,0,43.6,SELL
MRNA,2024-08-13T00:00:00.000000,0,43.6,SELL
MRNA,2024-08-14T00:00:00.000000,0,43.6,SELL
MRNA,2024-08-15T00:00:00.000000,0,43.59,SELL
MRNA,2024-08-16T00:00:00.000000,0,43.59,SELL
MRNA,2024-08-19T00:00:00.000000,0,43.6,SELL
MRNA,2024-08-20T00:00:00.000000,0,43.6,SELL
MRNA,2024-08-21T00:00:00.000000,0,44.32,SELL
MRNA,2024-08-22T00:00:00.000000,1,51.22,BUY
MRNA,2024-08-23T00:00:00.000000,1,51.22,BUY
MRNA,2024-08-26T00:00:00.000000,1,51.22,BUY
MRNA,2024-08-27T00:00:00.000000,1,50.07,BUY
MRNA,2024-08-28T00:00:00.000000,0,44.9,SELL
MRNA,2024-08-29T00:00:00.000000,0,44.32,SELL
MRNA,2024-08-30T00:00:00.000000,0,44.32,SELL
MRNA,2024-09-03T00:00:00.000000,0,44.32,SELL
MRNA,2024-09-04T00:00:00.000000,0,44.32,SELL
MRNA,2024-09-05T00:00:00.000000,0,44.32,SELL
MRNA,2024-09-06T00:00:00.000000,0,44.32,SELL
MRNA,2024-09-09T00:00:00.000000,0,46.44,SELL
MRNA,2024-09-10T00:00:00.000000,1,51.22,BUY
MRNA,2024-09-11T00:00:00.000000,1,51.22,BUY
MRNA,2024-09-12T00:00:00.000000,1,51.22,BUY
MRNA,2024-09-13T00:00:00.000000,1,51.22,BUY
MRNA,2024-09-16T00:00:00.000000,1,51.22,BUY
MRNA,2024-09-17T00:00:00.000000,1,51.22,BUY
MRNA,2024-09-18T00:00:00.000000,1,51.22,BUY
MRNA,2024-09-19T00:00:00.000000,1,51.22,BUY
MRNA,2024-09-20T00:00:00.000000,1,51.22,BUY
MRNA,2024-09-23T00:00:00.000000,1,51.22,BUY
MRNA,2024-09-24T00:00:00.000000,1,51.22,BUY
MRNA,2024-09-25T00:00:00.000000,1,51.22,BUY
MRNA,2024-09-26T00:00:00.000000,1,51.22,BUY
MRNA,2024-09-27T00:00:00.000000,1,51.22,BUY
MRNA,2024-09-30T00:00:00.000000,1,51.22,BUY
MRNA,2024-10-01T00:00:00.000000,1,51.22,BUY
MRNA,2024-10-02T00:00:00.000000,1,51.22,BUY
MRNA,2024-10-03T00:00:00.000000,1,51.22,BUY
MRNA,2024-10-04T00:00:00.000000,1,51.22,BUY
MRNA,2024-10-07T00:00:00.000000,1,51.22,BUY
MRNA,2024-10-08T00:00:00.000000,1,51.22,BUY
MRNA,2024-10-09T00:00:00.000000,1,51.22,BUY
MRNA,2024-10-10T00:00:00.000000,1,51.22,BUY
MRNA,2024-10-11T00:00:00.000000,1,51.22,BUY
MRNA,2024-10-14T00:00:00.000000,1,51.22,BUY
MRNA,2024-10-15T00:00:00.000000,1,51.22,BUY
MRNA,2024-10-16T00:00:00.000000,1,51.22,BUY
MRNA,2024-10-17T00:00:00.000000,1,51.22,BUY
MRNA,2024-10-18T00:00:00.000000,0,46.44,SELL
MRNA,2024-10-21T00:00:00.000000,0,44.32,SELL
MRNA,2024-10-22T00:00:00.000000,0,44.32,SELL
MRNA,2024-10-23T00:00:00.000000,0,46.44,SELL
MRNA,2024-10-24T00:00:00.000000,1,50.07,BUY
MRNA,2024-10-25T00:00:00.000000,0,46.44,SELL
MRNA,2024-10-28T00:00:00.000000,1,50.07,BUY
MRNA,2024-10-29T00:00:00.000000,1,50.07,BUY
MRNA,2024-10-30T00:00:00.000000,1,50.07,BUY
MRNA,2024-10-31T00:00:00.000000,1,50.07,BUY
MRNA,2024-11-01T00:00:00.000000,0,46.44,SELL
MRNA,2024-11-04T00:00:00.000000,1,50.07,BUY
MRNA,2024-11-05T00:00:00.000000,1,51.22,BUY
MRNA,2024-11-06T00:00:00.000000,1,51.22,BUY
MRNA,2024-11-07T00:00:00.000000,1,51.22,BUY
MRNA,2024-11-08T00:00:00.000000,1,51.22,BUY
MRNA,2024-11-11T00:00:00.000000,1,50.07,BUY
MRNA,2024-11-12T00:00:00.000000,0,46.44,SELL
MRNA,2024-11-13T00:00:00.000000,0,44.32,SELL
MRNA,2024-11-14T00:00:00.000000,0,44.32,SELL
MRNA,2024-11-15T00:00:00.000000,0,44.32,SELL
MRNA,2024-11-18T00:00:00.000000,0,43.6,SELL
MRNA,2024-11-19T00:00:00.000000,0,43.6,SELL
MRNA,2024-11-20T00:00:00.000000,0,43.59,SELL
MRNA,2024-11-21T00:00:00.000000,0,41.9,SELL
MRNA,2024-11-22T00:00:00.000000,0,41.9,SELL
MRNA,2024-11-25T00:00:00.000000,0,41.67,SELL
MRNA,2024-11-26T00:00:00.000000,0,41.67,SELL
MRNA,2024-11-27T00:00:00.000000,0,41.9,SELL
MRNA,2024-11-29T00:00:00.000000,0,43.6,SELL
MRNA,2024-12-02T00:00:00.000000,1,50.0,BUY
MRNA,2024-12-03T00:00:00.000000,1,51.22,BUY
MRNA,2024-12-04T00:00:00.000000,1,51.22,BUY
MRNA,2024-12-05T00:00:00.000000,1,50.07,BUY
MRNA,2024-12-06T00:00:00.000000,1,50.0,BUY
MRNA,2024-12-09T00:00:00.000000,1,50.07,BUY
MRNA,2024-12-10T00:00:00.000000,1,50.07,BUY
MRNA,2024-12-11T00:00:00.000000,1,51.22,BUY
MRNA,2024-12-12T00:00:00.000000,1,51.22,BUY
MRNA,2024-12-13T00:00:00.000000,1,51.22,BUY
MRNA,2024-12-16T00:00:00.000000,1,51.22,BUY
MRNA,2024-12-17T00:00:00.000000,1,51.22,BUY
MRNA,2024-12-18T00:00:00.000000,1,51.22,BUY
MRNA,2024-12-19T00:00:00.000000,1,51.22,BUY
MRNA,2024-12-20T00:00:00.000000,1,51.22,BUY
MS,2023-02-21T00:00:00.000000,1,51.22,BUY
MS,2023-02-22T00:00:00.000000,1,51.22,BUY
MS,2023-02-23T00:00:00.000000,1,51.22,BUY
MS,2023-02-24T00:00:00.000000,1,51.22,BUY
MS,2023-02-27T00:00:00.000000,1,51.22,BUY
MS,2023-02-28T00:00:00.000000,1,51.22,BUY
MS,2023-03-01T00:00:00.000000,1,51.22,BUY
MS,2023-03-02T00:00:00.000000,1,51.22,BUY
MS,2023-03-03T00:00:00.000000,1,51.22,BUY
MS,2023-03-06T00:00:00.000000,1,51.22,BUY
MS,2023-03-07T00:00:00.000000,1,51.22,BUY
MS,2023-03-08T00:00:00.000000,1,51.22,BUY
MS,2023-03-09T00:00:00.000000,1,51.22,BUY
MS,2023-03-10T00:00:00.000000,1,51.22,BUY
MS,2023-03-13T00:00:00.000000,1,51.22,BUY
MS,2023-03-14T00:00:00.000000,1,51.22,BUY
MS,2023-03-15T00:00:00.000000,1,50.07,BUY
MS,2023-03-16T00:00:00.000000,0,44.9,SELL
MS,2023-03-17T00:00:00.000000,0,44.32,SELL
MS,2023-03-20T00:00:00.000000,0,44.32,SELL
MS,2023-03-21T00:00:00.000000,0,43.6,SELL
MS,2023-03-22T00:00:00.000000,0,43.59,SELL
MS,2023-03-23T00:00:00.000000,0,41.9,SELL
MS,2023-03-24T00:00:00.000000,0,41.9,SELL
MS,2023-03-27T00:00:00.000000,0,41.67,SELL
MS,2023-03-28T00:00:00.000000,0,41.9,SELL
MS,2023-03-29T00:00:00.000000,0,41.9,SELL
MS,2023-03-30T00:00:00.000000,0,41.9,SELL
MS,2023-03-31T00:00:00.000000,0,43.6,SELL
MS,2023-04-03T00:00:00.000000,0,44.32,SELL
MS,2023-04-04T00:00:00.000000,0,44.32,SELL
MS,2023-04-05T00:00:00.000000,0,44.32,SELL
MS,2023-04-06T00:00:00.000000,0,44.32,SELL
MS,2023-04-10T00:00:00.000000,0,44.32,SELL
MS,2023-04-11T00:00:00.000000,0,44.32,SELL
MS,2023-04-12T00:00:00.000000,0,43.6,SELL
MS,2023-04-13T00:00:00.000000,0,43.6,SELL
MS,2023-04-14T00:00:00.000000,0,43.6,SELL
MS,2023-04-17T00:00:00.000000,0,44.32,SELL
MS,2023-04-18T00:00:00.000000,0,44.32,SELL
MS,2023-04-19T00:00:00.000000,0,44.32,SELL
MS,2023-04-20T00:00:00.000000,0,44.32,SELL
MS,2023-04-21T00:00:00.000000,0,44.32,SELL
MS,2023-04-24T00:00:00.000000,0,44.32,SELL
MS,2023-04-25T00:00:00.000000,0,44.32,SELL
MS,2023-04-26T00:00:00.000000,0,44.32,SELL
MS,2023-04-27T00:00:00.000000,0,46.44,SELL
MS,2023-04-28T00:00:00.000000,1,50.07,BUY
MS,2023-05-01T00:00:00.000000,1,51.22,BUY
MS,2023-05-02T00:00:00.000000,1,51.22,BUY
MS,2023-05-03T00:00:00.000000,1,51.22,BUY
MS,2023-05-04T00:00:00.000000,1,51.22,BUY
MS,2023-05-05T00:00:00.000000,1,51.22,BUY
MS,2023-05-08T00:00:00.000000,1,51.22,BUY
MS,2023-05-09T00:00:00.000000,1,51.22,BUY
MS,2023-05-10T00:00:00.000000,1,51.22,BUY
MS,2023-05-11T00:00:00.000000,1,50.07,BUY
MS,2023-05-12T00:00:00.000000,1,50.07,BUY
MS,2023-05-15T00:00:00.000000,1,50.07,BUY
MS,2023-05-16T00:00:00.000000,1,50.07,BUY
MS,2023-05-17T00:00:00.000000,1,50.07,BUY
MS,2023-05-18T00:00:00.000000,1,50.0,BUY
MS,2023-05-19T00:00:00.000000,1,50.0,BUY
MS,2023-05-22T00:00:00.000000,1,50.07,BUY
MS,2023-05-23T00:00:00.000000,1,50.07,BUY
MS,2023-05-24T00:00:00.000000,1,50.07,BUY
MS,2023-05-25T00:00:00.000000,1,50.0,BUY
MS,2023-05-26T00:00:00.000000,0,46.44,SELL
MS,2023-05-30T00:00:00.000000,0,44.9,SELL
MS,2023-05-31T00:00:00.000000,0,44.32,SELL
MS,2023-06-01T00:00:00.000000,0,44.32,SELL
MS,2023-06-02T00:00:00.000000,0,44.32,SELL
MS,2023-06-05T00:00:00.000000,0,46.44,SELL
MS,2023-06-06T00:00:00.000000,0,44.32,SELL
MS,2023-06-07T00:00:00.000000,0,44.32,SELL
MS,2023-06-08T00:00:00.000000,0,44.32,SELL
MS,2023-06-09T00:00:00.000000,0,44.32,SELL
MS,2023-06-12T00:00:00.000000,0,44.32,SELL
MS,2023-06-13T00:00:00.000000,0,44.32,SELL
MS,2023-06-14T00:00:00.000000,0,44.32,SELL
MS,2023-06-15T00:00:00.000000,0,44.32,SELL
MS,2023-06-16T00:00:00.000000,0,43.6,SELL
MS,2023-06-20T00:00:00.000000,0,44.32,SELL
MS,2023-06-21T00:00:00.000000,0,44.32,SELL
MS,2023-06-22T00:00:00.000000,0,44.32,SELL
MS,2023-06-23T00:00:00.000000,0,44.32,SELL
MS,2023-06-26T00:00:00.000000,0,44.32,SELL
MS,2023-06-27T00:00:00.000000,0,44.32,SELL
MS,2023-06-28T00:00:00.000000,0,44.32,SELL
MS,2023-06-29T00:00:00.000000,0,44.9,SELL
MS,2023-06-30T00:00:00.000000,0,44.32,SELL
MS,2023-07-03T00:00:00.000000,0,44.32,SELL
MS,2023-07-05T00:00:00.000000,0,44.32,SELL
MS,2023-07-06T00:00:00.000000,0,44.32,SELL
MS,2023-07-07T00:00:00.000000,0,44.32,SELL
MS,2023-07-10T00:00:00.000000,0,44.32,SELL
MS,2023-07-11T00:00:00.000000,0,44.32,SELL
MS,2023-07-12T00:00:00.000000,0,44.32,SELL
MS,2023-07-13T00:00:00.000000,0,44.32,SELL
MS,2023-07-14T00:00:00.000000,0,44.32,SELL
MS,2023-07-17T00:00:00.000000,0,44.32,SELL
MS,2023-07-18T00:00:00.000000,0,43.6,SELL
MS,2023-07-19T00:00:00.000000,0,43.6,SELL
MS,2023-07-20T00:00:00.000000,0,43.6,SELL
MS,2023-07-21T00:00:00.000000,0,43.59,SELL
MS,2023-07-24T00:00:00.000000,0,43.59,SELL
MS,2023-07-25T00:00:00.000000,0,43.6,SELL
MS,2023-07-26T00:00:00.000000,0,43.6,SELL
MS,2023-07-27T00:00:00.000000,0,43.6,SELL
MS,2023-07-28T00:00:00.000000,0,44.32,SELL
MS,2023-07-31T00:00:00.000000,0,44.32,SELL
MS,2023-08-01T00:00:00.000000,0,44.32,SELL
MS,2023-08-02T00:00:00.000000,0,47.54,SELL
MS,2023-08-03T00:00:00.000000,1,50.07,BUY
MS,2023-08-04T00:00:00.000000,1,50.07,BUY
MS,2023-08-07T00:00:00.000000,1,50.07,BUY
MS,2023-08-08T00:00:00.000000,0,46.44,SELL
MS,2023-08-09T00:00:00.000000,0,44.32,SELL
MS,2023-08-10T00:00:00.000000,0,44.32,SELL
MS,2023-08-11T00:00:00.000000,0,44.32,SELL
MS,2023-08-14T00:00:00.000000,0,44.32,SELL
MS,2023-08-15T00:00:00.000000,0,44.32,SELL
MS,2023-08-16T00:00:00.000000,0,44.32,SELL
MS,2023-08-17T00:00:00.000000,0,44.32,SELL
MS,2023-08-18T00:00:00.000000,0,44.32,SELL
MS,2023-08-21T00:00:00.000000,0,44.32,SELL
MS,2023-08-22T00:00:00.000000,0,44.32,SELL
MS,2023-08-23T00:00:00.000000,0,44.32,SELL
MS,2023-08-24T00:00:00.000000,0,44.32,SELL
MS,2023-08-25T00:00:00.000000,0,44.32,SELL
MS,2023-08-28T00:00:00.000000,0,44.32,SELL
MS,2023-08-29T00:00:00.000000,0,44.32,SELL
MS,2023-08-30T00:00:00.000000,0,44.32,SELL
MS,2023-08-31T00:00:00.000000,0,44.32,SELL
MS,2023-09-01T00:00:00.000000,0,43.6,SELL
MS,2023-09-05T00:00:00.000000,0,43.6,SELL
MS,2023-09-06T00:00:00.000000,0,43.6,SELL
MS,2023-09-07T00:00:00.000000,0,43.59,SELL
MS,2023-09-08T00:00:00.000000,0,43.6,SELL
MS,2023-09-11T00:00:00.000000,0,43.6,SELL
MS,2023-09-12T00:00:00.000000,0,43.6,SELL
MS,2023-09-13T00:00:00.000000,0,43.6,SELL
MS,2023-09-14T00:00:00.000000,0,44.32,SELL
MS,2023-09-15T00:00:00.000000,0,44.32,SELL
MS,2023-09-18T00:00:00.000000,0,44.32,SELL
MS,2023-09-19T00:00:00.000000,0,44.32,SELL
MS,2023-09-20T00:00:00.000000,0,44.32,SELL
MS,2023-09-21T00:00:00.000000,0,44.32,SELL
MS,2023-09-22T00:00:00.000000,0,44.32,SELL
MS,2023-09-25T00:00:00.000000,0,44.32,SELL
MS,2023-09-26T00:00:00.000000,0,44.32,SELL
MS,2023-09-27T00:00:00.000000,0,44.32,SELL
MS,2023-09-28T00:00:00.000000,0,46.44,SELL
MS,2023-09-29T00:00:00.000000,1,50.07,BUY
MS,2023-10-02T00:00:00.000000,1,51.22,BUY
MS,2023-10-03T00:00:00.000000,1,51.22,BUY
MS,2023-10-04T00:00:00.000000,1,51.22,BUY
MS,2023-10-05T00:00:00.000000,1,51.22,BUY
MS,2023-10-06T00:00:00.000000,1,51.22,BUY
MS,2023-10-09T00:00:00.000000,1,50.07,BUY
MS,2023-10-10T00:00:00.000000,1,50.07,BUY
MS,2023-10-11T00:00:00.000000,1,50.07,BUY
MS,2023-10-12T00:00:00.000000,1,50.07,BUY
MS,2023-10-13T00:00:00.000000,1,50.07,BUY
MS,2023-10-16T00:00:00.000000,0,46.44,SELL
MS,2023-10-17T00:00:00.000000,0,44.32,SELL
MS,2023-10-18T00:00:00.000000,0,44.32,SELL
MS,2023-10-19T00:00:00.000000,0,44.32,SELL
MS,2023-10-20T00:00:00.000000,0,44.32,SELL
MS,2023-10-23T00:00:00.000000,0,44.32,SELL
MS,2023-10-24T00:00:00.000000,0,44.32,SELL
MS,2023-10-25T00:00:00.000000,0,44.32,SELL
MS,2023-10-26T00:00:00.000000,0,44.32,SELL
MS,2023-10-27T00:00:00.000000,0,44.32,SELL
MS,2023-10-30T00:00:00.000000,0,44.32,SELL
MS,2023-10-31T00:00:00.000000,0,44.32,SELL
MS,2023-11-01T00:00:00.000000,1,50.07,BUY
MS,2023-11-02T00:00:00.000000,1,50.07,BUY
MS,2023-11-03T00:00:00.000000,1,50.07,BUY
MS,2023-11-06T00:00:00.000000,1,50.07,BUY
MS,2023-11-07T00:00:00.000000,1,50.07,BUY
MS,2023-11-08T00:00:00.000000,1,50.07,BUY
MS,2023-11-09T00:00:00.000000,0,46.44,SELL
MS,2023-11-10T00:00:00.000000,0,44.32,SELL
MS,2023-11-13T00:00:00.000000,0,44.32,SELL
MS,2023-11-14T00:00:00.000000,0,44.32,SELL
MS,2023-11-15T00:00:00.000000,0,44.32,SELL
MS,2023-11-16T00:00:00.000000,0,44.32,SELL
MS,2023-11-17T00:00:00.000000,0,44.32,SELL
MS,2023-11-20T00:00:00.000000,0,44.32,SELL
MS,2023-11-21T00:00:00.000000,0,46.44,SELL
MS,2023-11-22T00:00:00.000000,0,46.44,SELL
MS,2023-11-24T00:00:00.000000,0,46.44,SELL
MS,2023-11-27T00:00:00.000000,0,46.44,SELL
MS,2023-11-28T00:00:00.000000,0,44.32,SELL
MS,2023-11-29T00:00:00.000000,0,44.32,SELL
MS,2023-11-30T00:00:00.000000,0,44.32,SELL
MS,2023-12-01T00:00:00.000000,0,44.32,SELL
MS,2023-12-04T00:00:00.000000,0,44.32,SELL
MS,2023-12-05T00:00:00.000000,0,44.32,SELL
MS,2023-12-06T00:00:00.000000,0,44.32,SELL
MS,2023-12-07T00:00:00.000000,0,44.32,SELL
MS,2023-12-08T00:00:00.000000,0,44.32,SELL
MS,2023-12-11T00:00:00.000000,0,44.32,SELL
MS,2023-12-12T00:00:00.000000,0,44.32,SELL
MS,2023-12-13T00:00:00.000000,0,44.32,SELL
MS,2023-12-14T00:00:00.000000,0,44.32,SELL
MS,2023-12-15T00:00:00.000000,0,44.32,SELL
MS,2023-12-18T00:00:00.000000,0,44.32,SELL
MS,2023-12-19T00:00:00.000000,0,44.32,SELL
MS,2023-12-20T00:00:00.000000,0,44.32,SELL
MS,2023-12-21T00:00:00.000000,0,44.32,SELL
MS,2023-12-22T00:00:00.000000,0,44.32,SELL
MS,2023-12-26T00:00:00.000000,0,44.32,SELL
MS,2023-12-27T00:00:00.000000,0,44.32,SELL
MS,2023-12-28T00:00:00.000000,0,44.32,SELL
MS,2023-12-29T00:00:00.000000,0,44.32,SELL
MS,2024-01-02T00:00:00.000000,0,46.44,SELL
MS,2024-01-03T00:00:00.000000,0,46.44,SELL
MS,2024-01-04T00:00:00.000000,1,47.54,BUY
MS,2024-01-05T00:00:00.000000,0,46.44,SELL
MS,2024-01-08T00:00:00.000000,0,46.44,SELL
MS,2024-01-09T00:00:00.000000,0,44.32,SELL
MS,2024-01-10T00:00:00.000000,0,44.9,SELL
MS,2024-01-11T00:00:00.000000,0,44.32,SELL
MS,2024-01-12T00:00:00.000000,0,44.32,SELL
MS,2024-01-16T00:00:00.000000,0,44.32,SELL
MS,2024-01-17T00:00:00.000000,0,46.44,SELL
MS,2024-01-18T00:00:00.000000,1,47.54,BUY
MS,2024-01-19T00:00:00.000000,0,46.44,SELL
MS,2024-01-22T00:00:00.000000,0,46.44,SELL
MS,2024-01-23T00:00:00.000000,0,44.32,SELL
MS,2024-01-24T00:00:00.000000,0,44.32,SELL
MS,2024-01-25T00:00:00.000000,0,44.32,SELL
MS,2024-01-26T00:00:00.000000,0,43.6,SELL
MS,2024-01-29T00:00:00.000000,0,43.6,SELL
MS,2024-01-30T00:00:00.000000,0,43.6,SELL
MS,2024-01-31T00:00:00.000000,0,43.6,SELL
MS,2024-02-01T00:00:00.000000,0,43.6,SELL
MS,2024-02-02T00:00:00.000000,0,43.59,SELL
MS,2024-02-05T00:00:00.000000,0,43.6,SELL
MS,2024-02-06T00:00:00.000000,0,43.6,SELL
MS,2024-02-07T00:00:00.000000,0,43.6,SELL
MS,2024-02-08T00:00:00.000000,0,44.32,SELL
MS,2024-02-09T00:00:00.000000,0,44.32,SELL
MS,2024-02-12T00:00:00.000000,0,44.32,SELL
MS,2024-02-13T00:00:00.000000,0,44.32,SELL
MS,2024-02-14T00:00:00.000000,0,46.44,SELL
MS,2024-02-15T00:00:00.000000,0,46.44,SELL
MS,2024-02-16T00:00:00.000000,0,46.44,SELL
MS,2024-02-20T00:00:00.000000,0,46.44,SELL
MS,2024-02-21T00:00:00.000000,0,44.9,SELL
MS,2024-02-22T00:00:00.000000,0,44.32,SELL
MS,2024-02-23T00:00:00.000000,0,44.32,SELL
MS,2024-02-26T00:00:00.000000,0,44.32,SELL
MS,2024-02-27T00:00:00.000000,0,44.32,SELL
MS,2024-02-28T00:00:00.000000,0,44.32,SELL
MS,2024-02-29T00:00:00.000000,0,44.32,SELL
MS,2024-03-01T00:00:00.000000,0,44.32,SELL
MS,2024-03-04T00:00:00.000000,0,44.32,SELL
MS,2024-03-05T00:00:00.000000,0,44.32,SELL
MS,2024-03-06T00:00:00.000000,0,44.32,SELL
MS,2024-03-07T00:00:00.000000,0,44.32,SELL
MS,2024-03-08T00:00:00.000000,0,44.32,SELL
MS,2024-03-11T00:00:00.000000,0,44.32,SELL
MS,2024-03-12T00:00:00.000000,0,44.32,SELL
MS,2024-03-13T00:00:00.000000,0,44.32,SELL
MS,2024-03-14T00:00:00.000000,0,44.32,SELL
MS,2024-03-15T00:00:00.000000,0,44.32,SELL
MS,2024-03-18T00:00:00.000000,0,44.32,SELL
MS,2024-03-19T00:00:00.000000,0,44.32,SELL
MS,2024-03-20T00:00:00.000000,0,44.32,SELL
MS,2024-03-21T00:00:00.000000,0,44.32,SELL
MS,2024-03-22T00:00:00.000000,0,43.6,SELL
MS,2024-03-25T00:00:00.000000,0,43.6,SELL
MS,2024-03-26T00:00:00.000000,0,43.6,SELL
MS,2024-03-27T00:00:00.000000,0,43.6,SELL
MS,2024-03-28T00:00:00.000000,0,43.6,SELL
MS,2024-04-01T00:00:00.000000,0,43.59,SELL
MS,2024-04-02T00:00:00.000000,0,43.59,SELL
MS,2024-04-03T00:00:00.000000,0,43.59,SELL
MS,2024-04-04T00:00:00.000000,0,43.59,SELL
MS,2024-04-05T00:00:00.000000,0,43.59,SELL
MS,2024-04-08T00:00:00.000000,0,43.6,SELL
MS,2024-04-09T00:00:00.000000,0,43.6,SELL
MS,2024-04-10T00:00:00.000000,0,44.32,SELL
MS,2024-04-11T00:00:00.000000,0,44.32,SELL
MS,2024-04-12T00:00:00.000000,0,44.32,SELL
MS,2024-04-15T00:00:00.000000,0,44.32,SELL
MS,2024-04-16T00:00:00.000000,0,44.32,SELL
MS,2024-04-17T00:00:00.000000,0,44.32,SELL
MS,2024-04-18T00:00:00.000000,0,44.32,SELL
MS,2024-04-19T00:00:00.000000,0,44.32,SELL
MS,2024-04-22T00:00:00.000000,0,44.32,SELL
MS,2024-04-23T00:00:00.000000,0,46.44,SELL
MS,2024-04-24T00:00:00.000000,1,50.07,BUY
MS,2024-04-25T00:00:00.000000,0,46.44,SELL
MS,2024-04-26T00:00:00.000000,0,47.54,SELL
MS,2024-04-29T00:00:00.000000,0,46.44,SELL
MS,2024-04-30T00:00:00.000000,0,44.9,SELL
MS,2024-05-01T00:00:00.000000,0,44.32,SELL
MS,2024-05-02T00:00:00.000000,0,44.9,SELL
MS,2024-05-03T00:00:00.000000,0,46.44,SELL
MS,2024-05-06T00:00:00.000000,1,50.0,BUY
MS,2024-05-07T00:00:00.000000,1,50.07,BUY
MS,2024-05-08T00:00:00.000000,1,51.22,BUY
MS,2024-05-09T00:00:00.000000,1,51.22,BUY
MS,2024-05-10T00:00:00.000000,1,50.07,BUY
MS,2024-05-13T00:00:00.000000,1,50.07,BUY
MS,2024-05-14T00:00:00.000000,1,50.0,BUY
MS,2024-05-15T00:00:00.000000,0,46.44,SELL
MS,2024-05-16T00:00:00.000000,0,44.32,SELL
MS,2024-05-17T00:00:00.000000,0,44.32,SELL
MS,2024-05-20T00:00:00.000000,0,44.32,SELL
MS,2024-05-21T00:00:00.000000,0,44.32,SELL
MS,2024-05-22T00:00:00.000000,0,44.32,SELL
MS,2024-05-23T00:00:00.000000,0,46.44,SELL
MS,2024-05-24T00:00:00.000000,1,50.07,BUY
MS,2024-05-28T00:00:00.000000,1,50.07,BUY
MS,2024-05-29T00:00:00.000000,1,50.07,BUY
MS,2024-05-30T00:00:00.000000,1,50.07,BUY
MS,2024-05-31T00:00:00.000000,1,50.07,BUY
MS,2024-06-03T00:00:00.000000,1,51.22,BUY
MS,2024-06-04T00:00:00.000000,1,51.22,BUY
MS,2024-06-05T00:00:00.000000,1,51.22,BUY
MS,2024-06-06T00:00:00.000000,1,51.22,BUY
MS,2024-06-07T00:00:00.000000,1,51.22,BUY
MS,2024-06-10T00:00:00.000000,1,50.07,BUY
MS,2024-06-11T00:00:00.000000,1,50.07,BUY
MS,2024-06-12T00:00:00.000000,0,46.44,SELL
MS,2024-06-13T00:00:00.000000,0,44.32,SELL
MS,2024-06-14T00:00:00.000000,0,44.32,SELL
MS,2024-06-17T00:00:00.000000,0,44.32,SELL
MS,2024-06-18T00:00:00.000000,0,44.32,SELL
MS,2024-06-20T00:00:00.000000,0,44.32,SELL
MS,2024-06-21T00:00:00.000000,0,44.32,SELL
MS,2024-06-24T00:00:00.000000,0,44.32,SELL
MS,2024-06-25T00:00:00.000000,0,44.32,SELL
MS,2024-06-26T00:00:00.000000,0,44.32,SELL
MS,2024-06-27T00:00:00.000000,0,44.32,SELL
MS,2024-06-28T00:00:00.000000,0,44.32,SELL
MS,2024-07-01T00:00:00.000000,0,44.32,SELL
MS,2024-07-02T00:00:00.000000,0,44.32,SELL
MS,2024-07-03T00:00:00.000000,0,44.32,SELL
MS,2024-07-05T00:00:00.000000,0,46.44,SELL
MS,2024-07-08T00:00:00.000000,0,47.54,SELL
MS,2024-07-09T00:00:00.000000,0,47.54,SELL
MS,2024-07-10T00:00:00.000000,1,50.07,BUY
MS,2024-07-11T00:00:00.000000,1,50.07,BUY
MS,2024-07-12T00:00:00.000000,1,50.07,BUY
MS,2024-07-15T00:00:00.000000,1,50.07,BUY
MS,2024-07-16T00:00:00.000000,1,50.07,BUY
MS,2024-07-17T00:00:00.000000,1,51.22,BUY
MS,2024-07-18T00:00:00.000000,1,51.22,BUY
MS,2024-07-19T00:00:00.000000,1,51.22,BUY
MS,2024-07-22T00:00:00.000000,1,51.22,BUY
MS,2024-07-23T00:00:00.000000,1,51.22,BUY
MS,2024-07-24T00:00:00.000000,1,51.22,BUY
MS,2024-07-25T00:00:00.000000,1,51.22,BUY
MS,2024-07-26T00:00:00.000000,1,51.22,BUY
MS,2024-07-29T00:00:00.000000,1,51.22,BUY
MS,2024-07-30T00:00:00.000000,1,51.22,BUY
MS,2024-07-31T00:00:00.000000,1,51.22,BUY
MS,2024-08-01T00:00:00.000000,1,51.22,BUY
MS,2024-08-02T00:00:00.000000,1,51.22,BUY
MS,2024-08-05T00:00:00.000000,1,50.07,BUY
MS,2024-08-06T00:00:00.000000,1,50.07,BUY
MS,2024-08-07T00:00:00.000000,1,50.0,BUY
MS,2024-08-08T00:00:00.000000,0,44.32,SELL
MS,2024-08-09T00:00:00.000000,0,44.32,SELL
MS,2024-08-12T00:00:00.000000,0,44.32,SELL
MS,2024-08-13T00:00:00.000000,0,43.6,SELL
MS,2024-08-14T00:00:00.000000,0,43.6,SELL
MS,2024-08-15T00:00:00.000000,0,43.59,SELL
MS,2024-08-16T00:00:00.000000,0,43.59,SELL
MS,2024-08-19T00:00:00.000000,0,43.59,SELL
MS,2024-08-20T00:00:00.000000,0,43.59,SELL
MS,2024-08-21T00:00:00.000000,0,43.6,SELL
MS,2024-08-22T00:00:00.000000,0,43.59,SELL
MS,2024-08-23T00:00:00.000000,0,43.59,SELL
MS,2024-08-26T00:00:00.000000,0,43.59,SELL
MS,2024-08-27T00:00:00.000000,0,43.6,SELL
MS,2024-08-28T00:00:00.000000,0,44.32,SELL
MS,2024-08-29T00:00:00.000000,0,44.32,SELL
MS,2024-08-30T00:00:00.000000,0,44.32,SELL
MS,2024-09-03T00:00:00.000000,0,44.32,SELL
MS,2024-09-04T00:00:00.000000,0,44.32,SELL
MS,2024-09-05T00:00:00.000000,0,44.32,SELL
MS,2024-09-06T00:00:00.000000,0,44.32,SELL
MS,2024-09-09T00:00:00.000000,0,44.32,SELL
MS,2024-09-10T00:00:00.000000,0,44.32,SELL
MS,2024-09-11T00:00:00.000000,0,46.44,SELL
MS,2024-09-12T00:00:00.000000,0,46.44,SELL
MS,2024-09-13T00:00:00.000000,1,50.07,BUY
MS,2024-09-16T00:00:00.000000,1,50.07,BUY
MS,2024-09-17T00:00:00.000000,1,50.07,BUY
MS,2024-09-18T00:00:00.000000,1,50.0,BUY
MS,2024-09-19T00:00:00.000000,0,46.44,SELL
MS,2024-09-20T00:00:00.000000,0,44.32,SELL
MS,2024-09-23T00:00:00.000000,0,44.32,SELL
MS,2024-09-24T00:00:00.000000,0,44.32,SELL
MS,2024-09-25T00:00:00.000000,0,43.6,SELL
MS,2024-09-26T00:00:00.000000,0,43.6,SELL
MS,2024-09-27T00:00:00.000000,0,44.32,SELL
MS,2024-09-30T00:00:00.000000,0,44.32,SELL
MS,2024-10-01T00:00:00.000000,0,44.32,SELL
MS,2024-10-02T00:00:00.000000,0,44.32,SELL
MS,2024-10-03T00:00:00.000000,0,44.32,SELL
MS,2024-10-04T00:00:00.000000,0,46.44,SELL
MS,2024-10-07T00:00:00.000000,1,50.07,BUY
MS,2024-10-08T00:00:00.000000,1,51.22,BUY
MS,2024-10-09T00:00:00.000000,1,51.22,BUY
MS,2024-10-10T00:00:00.000000,1,51.22,BUY
MS,2024-10-11T00:00:00.000000,1,51.22,BUY
MS,2024-10-14T00:00:00.000000,1,51.22,BUY
MS,2024-10-15T00:00:00.000000,1,51.22,BUY
MS,2024-10-16T00:00:00.000000,1,51.22,BUY
MS,2024-10-17T00:00:00.000000,1,51.22,BUY
MS,2024-10-18T00:00:00.000000,1,50.07,BUY
MS,2024-10-21T00:00:00.000000,0,47.54,SELL
MS,2024-10-22T00:00:00.000000,0,46.44,SELL
MS,2024-10-23T00:00:00.000000,0,44.9,SELL
MS,2024-10-24T00:00:00.000000,0,44.32,SELL
MS,2024-10-25T00:00:00.000000,0,44.9,SELL
MS,2024-10-28T00:00:00.000000,0,46.44,SELL
MS,2024-10-29T00:00:00.000000,0,47.54,SELL
MS,2024-10-30T00:00:00.000000,1,50.07,BUY
MS,2024-10-31T00:00:00.000000,1,50.07,BUY
MS,2024-11-01T00:00:00.000000,1,51.15,BUY
MS,2024-11-04T00:00:00.000000,1,50.07,BUY
MS,2024-11-05T00:00:00.000000,1,50.07,BUY
MS,2024-11-06T00:00:00.000000,1,50.07,BUY
MS,2024-11-07T00:00:00.000000,0,44.9,SELL
MS,2024-11-08T00:00:00.000000,0,44.32,SELL
MS,2024-11-11T00:00:00.000000,0,44.32,SELL
MS,2024-11-12T00:00:00.000000,0,44.32,SELL
MS,2024-11-13T00:00:00.000000,0,43.6,SELL
MS,2024-11-14T00:00:00.000000,0,43.6,SELL
MS,2024-11-15T00:00:00.000000,0,43.6,SELL
MS,2024-11-18T00:00:00.000000,0,43.6,SELL
MS,2024-11-19T00:00:00.000000,0,43.6,SELL
MS,2024-11-20T00:00:00.000000,0,43.6,SELL
MS,2024-11-21T00:00:00.000000,0,44.32,SELL
MS,2024-11-22T00:00:00.000000,0,44.32,SELL
MS,2024-11-25T00:00:00.000000,0,44.32,SELL
MS,2024-11-26T00:00:00.000000,0,44.32,SELL
MS,2024-11-27T00:00:00.000000,0,44.32,SELL
MS,2024-11-29T00:00:00.000000,0,44.32,SELL
MS,2024-12-02T00:00:00.000000,0,44.32,SELL
MS,2024-12-03T00:00:00.000000,0,44.32,SELL
MS,2024-12-04T00:00:00.000000,0,44.32,SELL
MS,2024-12-05T00:00:00.000000,0,43.6,SELL
MS,2024-12-06T00:00:00.000000,0,44.32,SELL
MS,2024-12-09T00:00:00.000000,0,44.32,SELL
MS,2024-12-10T00:00:00.000000,0,44.32,SELL
MS,2024-12-11T00:00:00.000000,0,44.32,SELL
MS,2024-12-12T00:00:00.000000,0,44.32,SELL
MS,2024-12-13T00:00:00.000000,0,44.32,SELL
MS,2024-12-16T00:00:00.000000,0,44.32,SELL
MS,2024-12-17T00:00:00.000000,0,44.32,SELL
MS,2024-12-18T00:00:00.000000,0,43.6,SELL
MS,2024-12-19T00:00:00.000000,0,43.6,SELL
MS,2024-12-20T00:00:00.000000,0,44.32,SELL
MSFT,2023-02-21T00:00:00.000000,0,46.44,SELL
MSFT,2023-02-22T00:00:00.000000,0,46.44,SELL
MSFT,2023-02-23T00:00:00.000000,0,46.44,SELL
MSFT,2023-02-24T00:00:00.000000,0,46.44,SELL
MSFT,2023-02-27T00:00:00.000000,0,46.44,SELL
MSFT,2023-02-28T00:00:00.000000,1,50.07,BUY
MSFT,2023-03-01T00:00:00.000000,1,50.07,BUY
MSFT,2023-03-02T00:00:00.000000,1,51.22,BUY
MSFT,2023-03-03T00:00:00.000000,1,51.22,BUY
MSFT,2023-03-06T00:00:00.000000,1,51.22,BUY
MSFT,2023-03-07T00:00:00.000000,1,51.22,BUY
MSFT,2023-03-08T00:00:00.000000,1,51.22,BUY
MSFT,2023-03-09T00:00:00.000000,1,51.22,BUY
MSFT,2023-03-10T00:00:00.000000,1,51.22,BUY
MSFT,2023-03-13T00:00:00.000000,1,51.22,BUY
MSFT,2023-03-14T00:00:00.000000,1,51.22,BUY
MSFT,2023-03-15T00:00:00.000000,1,51.22,BUY
MSFT,2023-03-16T00:00:00.000000,1,51.22,BUY
MSFT,2023-03-17T00:00:00.000000,1,51.22,BUY
MSFT,2023-03-20T00:00:00.000000,1,51.22,BUY
MSFT,2023-03-21T00:00:00.000000,1,51.22,BUY
MSFT,2023-03-22T00:00:00.000000,1,51.22,BUY
MSFT,2023-03-23T00:00:00.000000,1,51.22,BUY
MSFT,2023-03-24T00:00:00.000000,1,51.22,BUY
MSFT,2023-03-27T00:00:00.000000,1,51.22,BUY
MSFT,2023-03-28T00:00:00.000000,1,51.15,BUY
MSFT,2023-03-29T00:00:00.000000,1,51.22,BUY
MSFT,2023-03-30T00:00:00.000000,1,50.07,BUY
MSFT,2023-03-31T00:00:00.000000,1,51.22,BUY
MSFT,2023-04-03T00:00:00.000000,1,50.07,BUY
MSFT,2023-04-04T00:00:00.000000,1,50.07,BUY
MSFT,2023-04-05T00:00:00.000000,1,50.0,BUY
MSFT,2023-04-06T00:00:00.000000,0,46.44,SELL
MSFT,2023-04-10T00:00:00.000000,0,44.32,SELL
MSFT,2023-04-11T00:00:00.000000,0,44.32,SELL
MSFT,2023-04-12T00:00:00.000000,0,44.32,SELL
MSFT,2023-04-13T00:00:00.000000,0,44.32,SELL
MSFT,2023-04-14T00:00:00.000000,0,44.32,SELL
MSFT,2023-04-17T00:00:00.000000,0,44.32,SELL
MSFT,2023-04-18T00:00:00.000000,0,44.32,SELL
MSFT,2023-04-19T00:00:00.000000,0,44.32,SELL
MSFT,2023-04-20T00:00:00.000000,0,44.9,SELL
MSFT,2023-04-21T00:00:00.000000,0,46.44,SELL
MSFT,2023-04-24T00:00:00.000000,1,50.0,BUY
MSFT,2023-04-25T00:00:00.000000,1,50.07,BUY
MSFT,2023-04-26T00:00:00.000000,1,50.07,BUY
MSFT,2023-04-27T00:00:00.000000,1,50.07,BUY
MSFT,2023-04-28T00:00:00.000000,1,50.07,BUY
MSFT,2023-05-01T00:00:00.000000,1,50.07,BUY
MSFT,2023-05-02T00:00:00.000000,1,50.07,BUY
MSFT,2023-05-03T00:00:00.000000,1,50.07,BUY
MSFT,2023-05-04T00:00:00.000000,1,50.07,BUY
MSFT,2023-05-05T00:00:00.000000,1,50.07,BUY
MSFT,2023-05-08T00:00:00.000000,1,50.07,BUY
MSFT,2023-05-09T00:00:00.000000,0,47.54,SELL
MSFT,2023-05-10T00:00:00.000000,0,44.32,SELL
MSFT,2023-05-11T00:00:00.000000,0,46.44,SELL
MSFT,2023-05-12T00:00:00.000000,1,50.07,BUY
MSFT,2023-05-15T00:00:00.000000,1,50.07,BUY
MSFT,2023-05-16T00:00:00.000000,1,50.07,BUY
MSFT,2023-05-17T00:00:00.000000,1,50.07,BUY
MSFT,2023-05-18T00:00:00.000000,1,50.07,BUY
MSFT,2023-05-19T00:00:00.000000,1,50.07,BUY
MSFT,2023-05-22T00:00:00.000000,1,47.54,BUY
MSFT,2023-05-23T00:00:00.000000,0,46.44,SELL
MSFT,2023-05-24T00:00:00.000000,0,44.9,SELL
MSFT,2023-05-25T00:00:00.000000,0,44.9,SELL
MSFT,2023-05-26T00:00:00.000000,0,46.44,SELL
MSFT,2023-05-30T00:00:00.000000,0,46.44,SELL
MSFT,2023-05-31T00:00:00.000000,1,50.0,BUY
MSFT,2023-06-01T00:00:00.000000,1,50.07,BUY
MSFT,2023-06-02T00:00:00.000000,1,50.07,BUY
MSFT,2023-06-05T00:00:00.000000,1,50.07,BUY
MSFT,2023-06-06T00:00:00.000000,1,50.07,BUY
MSFT,2023-06-07T00:00:00.000000,1,51.15,BUY
MSFT,2023-06-08T00:00:00.000000,1,50.07,BUY
MSFT,2023-06-09T00:00:00.000000,1,50.07,BUY
MSFT,2023-06-12T00:00:00.000000,1,50.07,BUY
MSFT,2023-06-13T00:00:00.000000,1,50.07,BUY
MSFT,2023-06-14T00:00:00.000000,1,50.0,BUY
MSFT,2023-06-15T00:00:00.000000,0,46.44,SELL
MSFT,2023-06-16T00:00:00.000000,0,44.9,SELL
MSFT,2023-06-20T00:00:00.000000,0,44.9,SELL
MSFT,2023-06-21T00:00:00.000000,0,44.32,SELL
MSFT,2023-06-22T00:00:00.000000,0,44.32,SELL
MSFT,2023-06-23T00:00:00.000000,0,44.32,SELL
MSFT,2023-06-26T00:00:00.000000,0,44.32,SELL
MSFT,2023-06-27T00:00:00.000000,0,44.32,SELL
MSFT,2023-06-28T00:00:00.000000,0,44.32,SELL
MSFT,2023-06-29T00:00:00.000000,0,46.44,SELL
MSFT,2023-06-30T00:00:00.000000,1,50.07,BUY
MSFT,2023-07-03T00:00:00.000000,1,51.22,BUY
MSFT,2023-07-05T00:00:00.000000,1,51.22,BUY
MSFT,2023-07-06T00:00:00.000000,1,51.22,BUY
MSFT,2023-07-07T00:00:00.000000,1,51.22,BUY
MSFT,2023-07-10T00:00:00.000000,1,51.22,BUY
MSFT,2023-07-11T00:00:00.000000,1,50.07,BUY
MSFT,2023-07-12T00:00:00.000000,0,46.44,SELL
MSFT,2023-07-13T00:00:00.000000,0,46.44,SELL
MSFT,2023-07-14T00:00:00.000000,0,46.44,SELL
MSFT,2023-07-17T00:00:00.000000,0,46.44,SELL
MSFT,2023-07-18T00:00:00.000000,1,50.0,BUY
MSFT,2023-07-19T00:00:00.000000,0,46.44,SELL
MSFT,2023-07-20T00:00:00.000000,0,44.9,SELL
MSFT,2023-07-21T00:00:00.000000,0,44.32,SELL
MSFT,2023-07-24T00:00:00.000000,0,44.32,SELL
MSFT,2023-07-25T00:00:00.000000,0,44.32,SELL
MSFT,2023-07-26T00:00:00.000000,0,44.32,SELL
MSFT,2023-07-27T00:00:00.000000,0,44.32,SELL
MSFT,2023-07-28T00:00:00.000000,0,44.32,SELL
MSFT,2023-07-31T00:00:00.000000,0,46.44,SELL
MSFT,2023-08-01T00:00:00.000000,1,51.15,BUY
MSFT,2023-08-02T00:00:00.000000,1,51.22,BUY
MSFT,2023-08-03T00:00:00.000000,1,51.22,BUY
MSFT,2023-08-04T00:00:00.000000,1,51.22,BUY
MSFT,2023-08-07T00:00:00.000000,1,51.22,BUY
MSFT,2023-08-08T00:00:00.000000,1,51.22,BUY
MSFT,2023-08-09T00:00:00.000000,1,51.22,BUY
MSFT,2023-08-10T00:00:00.000000,1,51.22,BUY
MSFT,2023-08-11T00:00:00.000000,1,51.22,BUY
MSFT,2023-08-14T00:00:00.000000,1,51.22,BUY
MSFT,2023-08-15T00:00:00.000000,1,51.22,BUY
MSFT,2023-08-16T00:00:00.000000,1,51.22,BUY
MSFT,2023-08-17T00:00:00.000000,1,51.22,BUY
MSFT,2023-08-18T00:00:00.000000,1,51.22,BUY
MSFT,2023-08-21T00:00:00.000000,1,51.22,BUY
MSFT,2023-08-22T00:00:00.000000,1,51.22,BUY
MSFT,2023-08-23T00:00:00.000000,1,51.22,BUY
MSFT,2023-08-24T00:00:00.000000,1,51.22,BUY
MSFT,2023-08-25T00:00:00.000000,1,51.22,BUY
MSFT,2023-08-28T00:00:00.000000,1,51.22,BUY
MSFT,2023-08-29T00:00:00.000000,1,51.22,BUY
MSFT,2023-08-30T00:00:00.000000,1,51.22,BUY
MSFT,2023-08-31T00:00:00.000000,1,51.22,BUY
MSFT,2023-09-01T00:00:00.000000,1,51.22,BUY
MSFT,2023-09-05T00:00:00.000000,1,51.22,BUY
MSFT,2023-09-06T00:00:00.000000,1,50.07,BUY
MSFT,2023-09-07T00:00:00.000000,1,50.0,BUY
MSFT,2023-09-08T00:00:00.000000,1,50.0,BUY
MSFT,2023-09-11T00:00:00.000000,0,44.32,SELL
MSFT,2023-09-12T00:00:00.000000,0,44.32,SELL
MSFT,2023-09-13T00:00:00.000000,0,44.9,SELL
MSFT,2023-09-14T00:00:00.000000,0,46.44,SELL
MSFT,2023-09-15T00:00:00.000000,1,50.07,BUY
MSFT,2023-09-18T00:00:00.000000,1,50.07,BUY
MSFT,2023-09-19T00:00:00.000000,1,50.07,BUY
MSFT,2023-09-20T00:00:00.000000,1,51.15,BUY
MSFT,2023-09-21T00:00:00.000000,1,51.22,BUY
MSFT,2023-09-22T00:00:00.000000,1,51.22,BUY
MSFT,2023-09-25T00:00:00.000000,1,51.22,BUY
MSFT,2023-09-26T00:00:00.000000,1,51.22,BUY
MSFT,2023-09-27T00:00:00.000000,1,51.22,BUY
MSFT,2023-09-28T00:00:00.000000,1,51.22,BUY
MSFT,2023-09-29T00:00:00.000000,1,51.22,BUY
MSFT,2023-10-02T00:00:00.000000,1,51.22,BUY
MSFT,2023-10-03T00:00:00.000000,1,51.22,BUY
MSFT,2023-10-04T00:00:00.000000,1,51.22,BUY
MSFT,2023-10-05T00:00:00.000000,1,51.22,BUY
MSFT,2023-10-06T00:00:00.000000,1,51.22,BUY
MSFT,2023-10-09T00:00:00.000000,1,51.22,BUY
MSFT,2023-10-10T00:00:00.000000,1,51.22,BUY
MSFT,2023-10-11T00:00:00.000000,1,51.22,BUY
MSFT,2023-10-12T00:00:00.000000,1,51.22,BUY
MSFT,2023-10-13T00:00:00.000000,1,51.22,BUY
MSFT,2023-10-16T00:00:00.000000,1,51.22,BUY
MSFT,2023-10-17T00:00:00.000000,1,51.22,BUY
MSFT,2023-10-18T00:00:00.000000,1,51.15,BUY
MSFT,2023-10-19T00:00:00.000000,1,51.15,BUY
MSFT,2023-10-20T00:00:00.000000,1,50.07,BUY
MSFT,2023-10-23T00:00:00.000000,1,50.07,BUY
MSFT,2023-10-24T00:00:00.000000,1,51.22,BUY
MSFT,2023-10-25T00:00:00.000000,1,51.22,BUY
MSFT,2023-10-26T00:00:00.000000,1,51.22,BUY
MSFT,2023-10-27T00:00:00.000000,1,51.22,BUY
MSFT,2023-10-30T00:00:00.000000,1,51.22,BUY
MSFT,2023-10-31T00:00:00.000000,1,51.22,BUY
MSFT,2023-11-01T00:00:00.000000,1,51.22,BUY
MSFT,2023-11-02T00:00:00.000000,1,51.22,BUY
MSFT,2023-11-03T00:00:00.000000,1,51.22,BUY
MSFT,2023-11-06T00:00:00.000000,1,51.22,BUY
MSFT,2023-11-07T00:00:00.000000,1,51.22,BUY
MSFT,2023-11-08T00:00:00.000000,1,51.22,BUY
MSFT,2023-11-09T00:00:00.000000,1,51.15,BUY
MSFT,2023-11-10T00:00:00.000000,1,50.07,BUY
MSFT,2023-11-13T00:00:00.000000,0,46.44,SELL
MSFT,2023-11-14T00:00:00.000000,0,46.44,SELL
MSFT,2023-11-15T00:00:00.000000,0,46.44,SELL
MSFT,2023-11-16T00:00:00.000000,0,46.44,SELL
MSFT,2023-11-17T00:00:00.000000,0,44.9,SELL
MSFT,2023-11-20T00:00:00.000000,0,44.9,SELL
MSFT,2023-11-21T00:00:00.000000,0,44.9,SELL
MSFT,2023-11-22T00:00:00.000000,0,44.32,SELL
MSFT,2023-11-24T00:00:00.000000,0,44.32,SELL
MSFT,2023-11-27T00:00:00.000000,0,44.32,SELL
MSFT,2023-11-28T00:00:00.000000,0,44.32,SELL
MSFT,2023-11-29T00:00:00.000000,0,44.32,SELL
MSFT,2023-11-30T00:00:00.000000,0,44.32,SELL
MSFT,2023-12-01T00:00:00.000000,0,44.32,SELL
MSFT,2023-12-04T00:00:00.000000,0,44.32,SELL
MSFT,2023-12-05T00:00:00.000000,0,44.32,SELL
MSFT,2023-12-06T00:00:00.000000,0,44.32,SELL
MSFT,2023-12-07T00:00:00.000000,0,46.44,SELL
MSFT,2023-12-08T00:00:00.000000,1,50.07,BUY
MSFT,2023-12-11T00:00:00.000000,1,51.15,BUY
MSFT,2023-12-12T00:00:00.000000,1,51.22,BUY
MSFT,2023-12-13T00:00:00.000000,1,51.22,BUY
MSFT,2023-12-14T00:00:00.000000,1,51.22,BUY
MSFT,2023-12-15T00:00:00.000000,1,51.22,BUY
MSFT,2023-12-18T00:00:00.000000,1,51.22,BUY
MSFT,2023-12-19T00:00:00.000000,1,51.22,BUY
MSFT,2023-12-20T00:00:00.000000,1,51.22,BUY
MSFT,2023-12-21T00:00:00.000000,1,50.07,BUY
MSFT,2023-12-22T00:00:00.000000,1,50.07,BUY
MSFT,2023-12-26T00:00:00.000000,1,51.15,BUY
MSFT,2023-12-27T00:00:00.000000,1,51.22,BUY
MSFT,2023-12-28T00:00:00.000000,1,51.22,BUY
MSFT,2023-12-29T00:00:00.000000,1,51.22,BUY
MSFT,2024-01-02T00:00:00.000000,1,50.07,BUY
MSFT,2024-01-03T00:00:00.000000,1,50.07,BUY
MSFT,2024-01-04T00:00:00.000000,1,51.22,BUY
MSFT,2024-01-05T00:00:00.000000,1,51.22,BUY
MSFT,2024-01-08T00:00:00.000000,1,51.22,BUY
MSFT,2024-01-09T00:00:00.000000,1,51.22,BUY
MSFT,2024-01-10T00:00:00.000000,1,51.22,BUY
MSFT,2024-01-11T00:00:00.000000,1,51.22,BUY
MSFT,2024-01-12T00:00:00.000000,1,51.22,BUY
MSFT,2024-01-16T00:00:00.000000,1,51.22,BUY
MSFT,2024-01-17T00:00:00.000000,1,51.22,BUY
MSFT,2024-01-18T00:00:00.000000,1,51.22,BUY
MSFT,2024-01-19T00:00:00.000000,1,51.22,BUY
MSFT,2024-01-22T00:00:00.000000,1,51.22,BUY
MSFT,2024-01-23T00:00:00.000000,1,51.22,BUY
MSFT,2024-01-24T00:00:00.000000,1,51.22,BUY
MSFT,2024-01-25T00:00:00.000000,1,51.22,BUY
MSFT,2024-01-26T00:00:00.000000,1,51.22,BUY
MSFT,2024-01-29T00:00:00.000000,1,51.22,BUY
MSFT,2024-01-30T00:00:00.000000,1,51.22,BUY
MSFT,2024-01-31T00:00:00.000000,1,51.22,BUY
MSFT,2024-02-01T00:00:00.000000,1,51.22,BUY
MSFT,2024-02-02T00:00:00.000000,1,51.22,BUY
MSFT,2024-02-05T00:00:00.000000,1,51.22,BUY
MSFT,2024-02-06T00:00:00.000000,1,51.22,BUY
MSFT,2024-02-07T00:00:00.000000,1,50.07,BUY
MSFT,2024-02-08T00:00:00.000000,1,50.07,BUY
MSFT,2024-02-09T00:00:00.000000,1,50.07,BUY
MSFT,2024-02-12T00:00:00.000000,1,50.07,BUY
MSFT,2024-02-13T00:00:00.000000,1,50.07,BUY
MSFT,2024-02-14T00:00:00.000000,1,50.07,BUY
MSFT,2024-02-15T00:00:00.000000,1,50.07,BUY
MSFT,2024-02-16T00:00:00.000000,1,51.22,BUY
MSFT,2024-02-20T00:00:00.000000,1,51.22,BUY
MSFT,2024-02-21T00:00:00.000000,1,51.22,BUY
MSFT,2024-02-22T00:00:00.000000,1,51.22,BUY
MSFT,2024-02-23T00:00:00.000000,1,51.22,BUY
MSFT,2024-02-26T00:00:00.000000,1,51.22,BUY
MSFT,2024-02-27T00:00:00.000000,1,51.22,BUY
MSFT,2024-02-28T00:00:00.000000,1,51.22,BUY
MSFT,2024-02-29T00:00:00.000000,1,51.22,BUY
MSFT,2024-03-01T00:00:00.000000,1,50.07,BUY
MSFT,2024-03-04T00:00:00.000000,1,50.07,BUY
MSFT,2024-03-05T00:00:00.000000,0,46.44,SELL
MSFT,2024-03-06T00:00:00.000000,0,46.44,SELL
MSFT,2024-03-07T00:00:00.000000,0,46.44,SELL
MSFT,2024-03-08T00:00:00.000000,1,50.07,BUY
MSFT,2024-03-11T00:00:00.000000,1,51.22,BUY
MSFT,2024-03-12T00:00:00.000000,1,51.22,BUY
MSFT,2024-03-13T00:00:00.000000,1,51.22,BUY
MSFT,2024-03-14T00:00:00.000000,1,51.22,BUY
MSFT,2024-03-15T00:00:00.000000,1,51.22,BUY
MSFT,2024-03-18T00:00:00.000000,1,51.22,BUY
MSFT,2024-03-19T00:00:00.000000,1,51.22,BUY
MSFT,2024-03-20T00:00:00.000000,1,51.22,BUY
MSFT,2024-03-21T00:00:00.000000,1,50.07,BUY
MSFT,2024-03-22T00:00:00.000000,1,50.07,BUY
MSFT,2024-03-25T00:00:00.000000,0,46.44,SELL
MSFT,2024-03-26T00:00:00.000000,0,46.44,SELL
MSFT,2024-03-27T00:00:00.000000,0,46.44,SELL
MSFT,2024-03-28T00:00:00.000000,0,46.44,SELL
MSFT,2024-04-01T00:00:00.000000,1,50.0,BUY
MSFT,2024-04-02T00:00:00.000000,1,47.54,BUY
MSFT,2024-04-03T00:00:00.000000,0,46.44,SELL
MSFT,2024-04-04T00:00:00.000000,0,46.44,SELL
MSFT,2024-04-05T00:00:00.000000,0,47.54,SELL
MSFT,2024-04-08T00:00:00.000000,1,50.07,BUY
MSFT,2024-04-09T00:00:00.000000,1,51.22,BUY
MSFT,2024-04-10T00:00:00.000000,1,51.15,BUY
MSFT,2024-04-11T00:00:00.000000,1,50.07,BUY
MSFT,2024-04-12T00:00:00.000000,1,50.07,BUY
MSFT,2024-04-15T00:00:00.000000,1,51.22,BUY
MSFT,2024-04-16T00:00:00.000000,1,51.22,BUY
MSFT,2024-04-17T00:00:00.000000,1,51.22,BUY
MSFT,2024-04-18T00:00:00.000000,1,51.22,BUY
MSFT,2024-04-19T00:00:00.000000,1,51.22,BUY
MSFT,2024-04-22T00:00:00.000000,1,51.22,BUY
MSFT,2024-04-23T00:00:00.000000,1,51.22,BUY
MSFT,2024-04-24T00:00:00.000000,1,51.22,BUY
MSFT,2024-04-25T00:00:00.000000,1,51.22,BUY
MSFT,2024-04-26T00:00:00.000000,1,51.22,BUY
MSFT,2024-04-29T00:00:00.000000,1,51.22,BUY
MSFT,2024-04-30T00:00:00.000000,1,51.22,BUY
MSFT,2024-05-01T00:00:00.000000,1,51.22,BUY
MSFT,2024-05-02T00:00:00.000000,1,51.22,BUY
MSFT,2024-05-03T00:00:00.000000,1,51.22,BUY
MSFT,2024-05-06T00:00:00.000000,1,51.22,BUY
MSFT,2024-05-07T00:00:00.000000,1,51.22,BUY
MSFT,2024-05-08T00:00:00.000000,1,51.22,BUY
MSFT,2024-05-09T00:00:00.000000,1,51.22,BUY
MSFT,2024-05-10T00:00:00.000000,1,51.22,BUY
MSFT,2024-05-13T00:00:00.000000,1,51.22,BUY
MSFT,2024-05-14T00:00:00.000000,1,51.22,BUY
MSFT,2024-05-15T00:00:00.000000,1,51.22,BUY
MSFT,2024-05-16T00:00:00.000000,1,47.54,BUY
MSFT,2024-05-17T00:00:00.000000,0,44.9,SELL
MSFT,2024-05-20T00:00:00.000000,0,44.32,SELL
MSFT,2024-05-21T00:00:00.000000,0,44.32,SELL
MSFT,2024-05-22T00:00:00.000000,0,44.32,SELL
MSFT,2024-05-23T00:00:00.000000,0,44.32,SELL
MSFT,2024-05-24T00:00:00.000000,0,44.32,SELL
MSFT,2024-05-28T00:00:00.000000,0,46.44,SELL
MSFT,2024-05-29T00:00:00.000000,0,46.44,SELL
MSFT,2024-05-30T00:00:00.000000,1,50.0,BUY
MSFT,2024-05-31T00:00:00.000000,1,50.07,BUY
MSFT,2024-06-03T00:00:00.000000,1,51.22,BUY
MSFT,2024-06-04T00:00:00.000000,1,51.22,BUY
MSFT,2024-06-05T00:00:00.000000,1,51.22,BUY
MSFT,2024-06-06T00:00:00.000000,1,51.22,BUY
MSFT,2024-06-07T00:00:00.000000,1,51.22,BUY
MSFT,2024-06-10T00:00:00.000000,1,51.22,BUY
MSFT,2024-06-11T00:00:00.000000,1,51.22,BUY
MSFT,2024-06-12T00:00:00.000000,1,51.22,BUY
MSFT,2024-06-13T00:00:00.000000,1,51.22,BUY
MSFT,2024-06-14T00:00:00.000000,1,51.22,BUY
MSFT,2024-06-17T00:00:00.000000,1,51.22,BUY
MSFT,2024-06-18T00:00:00.000000,1,51.22,BUY
MSFT,2024-06-20T00:00:00.000000,1,51.22,BUY
MSFT,2024-06-21T00:00:00.000000,1,51.22,BUY
MSFT,2024-06-24T00:00:00.000000,1,51.22,BUY
MSFT,2024-06-25T00:00:00.000000,1,51.22,BUY
MSFT,2024-06-26T00:00:00.000000,1,51.22,BUY
MSFT,2024-06-27T00:00:00.000000,1,51.22,BUY
MSFT,2024-06-28T00:00:00.000000,1,51.22,BUY
MSFT,2024-07-01T00:00:00.000000,1,51.22,BUY
MSFT,2024-07-02T00:00:00.000000,1,51.22,BUY
MSFT,2024-07-03T00:00:00.000000,1,51.22,BUY
MSFT,2024-07-05T00:00:00.000000,1,51.22,BUY
MSFT,2024-07-08T00:00:00.000000,1,51.22,BUY
MSFT,2024-07-09T00:00:00.000000,1,51.22,BUY
MSFT,2024-07-10T00:00:00.000000,1,51.22,BUY
MSFT,2024-07-11T00:00:00.000000,1,51.22,BUY
MSFT,2024-07-12T00:00:00.000000,1,51.22,BUY
MSFT,2024-07-15T00:00:00.000000,1,51.22,BUY
MSFT,2024-07-16T00:00:00.000000,1,51.22,BUY
MSFT,2024-07-17T00:00:00.000000,1,51.22,BUY
MSFT,2024-07-18T00:00:00.000000,1,51.22,BUY
MSFT,2024-07-19T00:00:00.000000,1,51.22,BUY
MSFT,2024-07-22T00:00:00.000000,1,51.22,BUY
MSFT,2024-07-23T00:00:00.000000,1,51.22,BUY
MSFT,2024-07-24T00:00:00.000000,1,51.22,BUY
MSFT,2024-07-25T00:00:00.000000,1,51.22,BUY
MSFT,2024-07-26T00:00:00.000000,1,51.22,BUY
MSFT,2024-07-29T00:00:00.000000,1,51.22,BUY
MSFT,2024-07-30T00:00:00.000000,1,51.22,BUY
MSFT,2024-07-31T00:00:00.000000,1,51.22,BUY
MSFT,2024-08-01T00:00:00.000000,1,51.22,BUY
MSFT,2024-08-02T00:00:00.000000,1,51.22,BUY
MSFT,2024-08-05T00:00:00.000000,1,51.22,BUY
MSFT,2024-08-06T00:00:00.000000,1,51.22,BUY
MSFT,2024-08-07T00:00:00.000000,1,51.22,BUY
MSFT,2024-08-08T00:00:00.000000,1,51.22,BUY
MSFT,2024-08-09T00:00:00.000000,1,51.22,BUY
MSFT,2024-08-12T00:00:00.000000,1,51.22,BUY
MSFT,2024-08-13T00:00:00.000000,1,51.22,BUY
MSFT,2024-08-14T00:00:00.000000,1,51.22,BUY
MSFT,2024-08-15T00:00:00.000000,1,51.22,BUY
MSFT,2024-08-16T00:00:00.000000,1,51.22,BUY
MSFT,2024-08-19T00:00:00.000000,1,51.22,BUY
MSFT,2024-08-20T00:00:00.000000,1,51.22,BUY
MSFT,2024-08-21T00:00:00.000000,1,51.22,BUY
MSFT,2024-08-22T00:00:00.000000,1,51.22,BUY
MSFT,2024-08-23T00:00:00.000000,1,51.15,BUY
MSFT,2024-08-26T00:00:00.000000,1,50.07,BUY
MSFT,2024-08-27T00:00:00.000000,1,50.07,BUY
MSFT,2024-08-28T00:00:00.000000,1,50.07,BUY
MSFT,2024-08-29T00:00:00.000000,1,50.07,BUY
MSFT,2024-08-30T00:00:00.000000,1,50.07,BUY
MSFT,2024-09-03T00:00:00.000000,1,50.07,BUY
MSFT,2024-09-04T00:00:00.000000,1,50.07,BUY
MSFT,2024-09-05T00:00:00.000000,1,50.07,BUY
MSFT,2024-09-06T00:00:00.000000,1,51.22,BUY
MSFT,2024-09-09T00:00:00.000000,1,51.22,BUY
MSFT,2024-09-10T00:00:00.000000,1,51.22,BUY
MSFT,2024-09-11T00:00:00.000000,1,51.22,BUY
MSFT,2024-09-12T00:00:00.000000,1,51.22,BUY
MSFT,2024-09-13T00:00:00.000000,1,51.22,BUY
MSFT,2024-09-16T00:00:00.000000,1,51.22,BUY
MSFT,2024-09-17T00:00:00.000000,1,51.22,BUY
MSFT,2024-09-18T00:00:00.000000,1,51.22,BUY
MSFT,2024-09-19T00:00:00.000000,1,51.22,BUY
MSFT,2024-09-20T00:00:00.000000,1,51.22,BUY
MSFT,2024-09-23T00:00:00.000000,1,51.22,BUY
MSFT,2024-09-24T00:00:00.000000,1,50.07,BUY
MSFT,2024-09-25T00:00:00.000000,1,50.07,BUY
MSFT,2024-09-26T00:00:00.000000,1,50.07,BUY
MSFT,2024-09-27T00:00:00.000000,1,50.07,BUY
MSFT,2024-09-30T00:00:00.000000,1,50.07,BUY
MSFT,2024-10-01T00:00:00.000000,1,50.07,BUY
MSFT,2024-10-02T00:00:00.000000,1,50.0,BUY
MSFT,2024-10-03T00:00:00.000000,0,47.54,SELL
MSFT,2024-10-04T00:00:00.000000,1,50.07,BUY
MSFT,2024-10-07T00:00:00.000000,1,50.07,BUY
MSFT,2024-10-08T00:00:00.000000,1,50.07,BUY
MSFT,2024-10-09T00:00:00.000000,1,50.07,BUY
MSFT,2024-10-10T00:00:00.000000,1,51.22,BUY
MSFT,2024-10-11T00:00:00.000000,1,51.22,BUY
MSFT,2024-10-14T00:00:00.000000,1,50.07,BUY
MSFT,2024-10-15T00:00:00.000000,1,51.22,BUY
MSFT,2024-10-16T00:00:00.000000,1,51.22,BUY
MSFT,2024-10-17T00:00:00.000000,1,50.07,BUY
MSFT,2024-10-18T00:00:00.000000,1,50.07,BUY
MSFT,2024-10-21T00:00:00.000000,1,50.07,BUY
MSFT,2024-10-22T00:00:00.000000,1,50.0,BUY
MSFT,2024-10-23T00:00:00.000000,1,50.07,BUY
MSFT,2024-10-24T00:00:00.000000,1,50.07,BUY
MSFT,2024-10-25T00:00:00.000000,1,50.07,BUY
MSFT,2024-10-28T00:00:00.000000,1,51.15,BUY
MSFT,2024-10-29T00:00:00.000000,1,51.22,BUY
MSFT,2024-10-30T00:00:00.000000,1,51.22,BUY
MSFT,2024-10-31T00:00:00.000000,1,51.22,BUY
MSFT,2024-11-01T00:00:00.000000,1,51.22,BUY
MSFT,2024-11-04T00:00:00.000000,1,51.22,BUY
MSFT,2024-11-05T00:00:00.000000,1,51.22,BUY
MSFT,2024-11-06T00:00:00.000000,1,51.22,BUY
MSFT,2024-11-07T00:00:00.000000,1,51.22,BUY
MSFT,2024-11-08T00:00:00.000000,1,51.22,BUY
MSFT,2024-11-11T00:00:00.000000,1,51.22,BUY
MSFT,2024-11-12T00:00:00.000000,1,51.22,BUY
MSFT,2024-11-13T00:00:00.000000,1,51.22,BUY
MSFT,2024-11-14T00:00:00.000000,1,51.22,BUY
MSFT,2024-11-15T00:00:00.000000,1,51.22,BUY
MSFT,2024-11-18T00:00:00.000000,1,51.22,BUY
MSFT,2024-11-19T00:00:00.000000,1,51.22,BUY
MSFT,2024-11-20T00:00:00.000000,1,51.22,BUY
MSFT,2024-11-21T00:00:00.000000,1,51.22,BUY
MSFT,2024-11-22T00:00:00.000000,1,51.22,BUY
MSFT,2024-11-25T00:00:00.000000,1,51.22,BUY
MSFT,2024-11-26T00:00:00.000000,1,51.22,BUY
MSFT,2024-11-27T00:00:00.000000,1,51.22,BUY
MSFT,2024-11-29T00:00:00.000000,1,51.22,BUY
MSFT,2024-12-02T00:00:00.000000,1,51.22,BUY
MSFT,2024-12-03T00:00:00.000000,1,51.22,BUY
MSFT,2024-12-04T00:00:00.000000,1,51.22,BUY
MSFT,2024-12-05T00:00:00.000000,1,51.22,BUY
MSFT,2024-12-06T00:00:00.000000,1,51.22,BUY
MSFT,2024-12-09T00:00:00.000000,1,50.07,BUY
MSFT,2024-12-10T00:00:00.000000,1,51.22,BUY
MSFT,2024-12-11T00:00:00.000000,1,51.22,BUY
MSFT,2024-12-12T00:00:00.000000,1,51.22,BUY
MSFT,2024-12-13T00:00:00.000000,1,51.22,BUY
MSFT,2024-12-16T00:00:00.000000,1,51.22,BUY
MSFT,2024-12-17T00:00:00.000000,1,51.22,BUY
MSFT,2024-12-18T00:00:00.000000,1,51.22,BUY
MSFT,2024-12-19T00:00:00.000000,1,51.22,BUY
MSFT,2024-12-20T00:00:00.000000,1,51.22,BUY
NFLX,2023-02-21T00:00:00.000000,0,46.44,SELL
NFLX,2023-02-22T00:00:00.000000,1,47.54,BUY
NFLX,2023-02-23T00:00:00.000000,1,50.07,BUY
NFLX,2023-02-24T00:00:00.000000,1,51.15,BUY
NFLX,2023-02-27T00:00:00.000000,1,50.07,BUY
NFLX,2023-02-28T00:00:00.000000,1,50.07,BUY
NFLX,2023-03-01T00:00:00.000000,1,50.07,BUY
NFLX,2023-03-02T00:00:00.000000,1,51.22,BUY
NFLX,2023-03-03T00:00:00.000000,1,51.22,BUY
NFLX,2023-03-06T00:00:00.000000,1,50.07,BUY
NFLX,2023-03-07T00:00:00.000000,0,46.44,SELL
NFLX,2023-03-08T00:00:00.000000,0,44.32,SELL
NFLX,2023-03-09T00:00:00.000000,0,44.32,SELL
NFLX,2023-03-10T00:00:00.000000,0,44.32,SELL
NFLX,2023-03-13T00:00:00.000000,0,44.32,SELL
NFLX,2023-03-14T00:00:00.000000,0,44.32,SELL
NFLX,2023-03-15T00:00:00.000000,0,43.6,SELL
NFLX,2023-03-16T00:00:00.000000,0,43.59,SELL
NFLX,2023-03-17T00:00:00.000000,0,43.59,SELL
NFLX,2023-03-20T00:00:00.000000,0,43.6,SELL
NFLX,2023-03-21T00:00:00.000000,0,43.6,SELL
NFLX,2023-03-22T00:00:00.000000,0,43.6,SELL
NFLX,2023-03-23T00:00:00.000000,0,44.32,SELL
NFLX,2023-03-24T00:00:00.000000,0,44.32,SELL
NFLX,2023-03-27T00:00:00.000000,0,44.32,SELL
NFLX,2023-03-28T00:00:00.000000,0,44.32,SELL
NFLX,2023-03-29T00:00:00.000000,0,44.32,SELL
NFLX,2023-03-30T00:00:00.000000,0,44.32,SELL
NFLX,2023-03-31T00:00:00.000000,0,44.32,SELL
NFLX,2023-04-03T00:00:00.000000,0,44.32,SELL
NFLX,2023-04-04T00:00:00.000000,0,46.44,SELL
NFLX,2023-04-05T00:00:00.000000,0,46.44,SELL
NFLX,2023-04-06T00:00:00.000000,0,46.44,SELL
NFLX,2023-04-10T00:00:00.000000,1,50.07,BUY
NFLX,2023-04-11T00:00:00.000000,1,51.22,BUY
NFLX,2023-04-12T00:00:00.000000,1,51.22,BUY
NFLX,2023-04-13T00:00:00.000000,1,51.22,BUY
NFLX,2023-04-14T00:00:00.000000,1,51.22,BUY
NFLX,2023-04-17T00:00:00.000000,1,51.22,BUY
NFLX,2023-04-18T00:00:00.000000,1,51.22,BUY
NFLX,2023-04-19T00:00:00.000000,1,50.07,BUY
NFLX,2023-04-20T00:00:00.000000,1,50.07,BUY
NFLX,2023-04-21T00:00:00.000000,0,46.44,SELL
NFLX,2023-04-24T00:00:00.000000,0,46.44,SELL
NFLX,2023-04-25T00:00:00.000000,0,46.44,SELL
NFLX,2023-04-26T00:00:00.000000,1,47.54,BUY
NFLX,2023-04-27T00:00:00.000000,0,46.44,SELL
NFLX,2023-04-28T00:00:00.000000,1,50.07,BUY
NFLX,2023-05-01T00:00:00.000000,1,51.22,BUY
NFLX,2023-05-02T00:00:00.000000,1,51.22,BUY
NFLX,2023-05-03T00:00:00.000000,1,51.22,BUY
NFLX,2023-05-04T00:00:00.000000,1,51.22,BUY
NFLX,2023-05-05T00:00:00.000000,1,51.22,BUY
NFLX,2023-05-08T00:00:00.000000,1,51.22,BUY
NFLX,2023-05-09T00:00:00.000000,1,51.22,BUY
NFLX,2023-05-10T00:00:00.000000,1,51.22,BUY
NFLX,2023-05-11T00:00:00.000000,1,51.22,BUY
NFLX,2023-05-12T00:00:00.000000,1,51.22,BUY
NFLX,2023-05-15T00:00:00.000000,1,51.22,BUY
NFLX,2023-05-16T00:00:00.000000,1,51.22,BUY
NFLX,2023-05-17T00:00:00.000000,1,51.22,BUY
NFLX,2023-05-18T00:00:00.000000,1,50.07,BUY
NFLX,2023-05-19T00:00:00.000000,1,50.07,BUY
NFLX,2023-05-22T00:00:00.000000,1,50.07,BUY
NFLX,2023-05-23T00:00:00.000000,1,51.22,BUY
NFLX,2023-05-24T00:00:00.000000,1,51.22,BUY
NFLX,2023-05-25T00:00:00.000000,1,51.22,BUY
NFLX,2023-05-26T00:00:00.000000,1,51.22,BUY
NFLX,2023-05-30T00:00:00.000000,1,51.22,BUY
NFLX,2023-05-31T00:00:00.000000,1,51.15,BUY
NFLX,2023-06-01T00:00:00.000000,1,50.0,BUY
NFLX,2023-06-02T00:00:00.000000,0,46.44,SELL
NFLX,2023-06-05T00:00:00.000000,0,47.54,SELL
NFLX,2023-06-06T00:00:00.000000,1,50.0,BUY
NFLX,2023-06-07T00:00:00.000000,1,50.0,BUY
NFLX,2023-06-08T00:00:00.000000,0,46.44,SELL
NFLX,2023-06-09T00:00:00.000000,0,44.9,SELL
NFLX,2023-06-12T00:00:00.000000,0,44.32,SELL
NFLX,2023-06-13T00:00:00.000000,0,44.32,SELL
NFLX,2023-06-14T00:00:00.000000,0,44.32,SELL
NFLX,2023-06-15T00:00:00.000000,0,44.32,SELL
NFLX,2023-06-16T00:00:00.000000,0,44.32,SELL
NFLX,2023-06-20T00:00:00.000000,0,44.32,SELL
NFLX,2023-06-21T00:00:00.000000,0,44.32,SELL
NFLX,2023-06-22T00:00:00.000000,0,44.32,SELL
NFLX,2023-06-23T00:00:00.000000,0,44.32,SELL
NFLX,2023-06-26T00:00:00.000000,0,44.32,SELL
NFLX,2023-06-27T00:00:00.000000,0,44.32,SELL
NFLX,2023-06-28T00:00:00.000000,0,46.44,SELL
NFLX,2023-06-29T00:00:00.000000,1,50.07,BUY
NFLX,2023-06-30T00:00:00.000000,1,50.07,BUY
NFLX,2023-07-03T00:00:00.000000,1,50.07,BUY
NFLX,2023-07-05T00:00:00.000000,0,46.44,SELL
NFLX,2023-07-06T00:00:00.000000,0,44.32,SELL
NFLX,2023-07-07T00:00:00.000000,0,44.32,SELL
NFLX,2023-07-10T00:00:00.000000,0,44.32,SELL
NFLX,2023-07-11T00:00:00.000000,0,44.32,SELL
NFLX,2023-07-12T00:00:00.000000,0,43.6,SELL
NFLX,2023-07-13T00:00:00.000000,0,43.6,SELL
NFLX,2023-07-14T00:00:00.000000,0,44.32,SELL
NFLX,2023-07-17T00:00:00.000000,0,44.32,SELL
NFLX,2023-07-18T00:00:00.000000,0,44.32,SELL
NFLX,2023-07-19T00:00:00.000000,0,44.32,SELL
NFLX,2023-07-20T00:00:00.000000,0,44.32,SELL
NFLX,2023-07-21T00:00:00.000000,0,44.32,SELL
NFLX,2023-07-24T00:00:00.000000,0,44.32,SELL
NFLX,2023-07-25T00:00:00.000000,0,44.32,SELL
NFLX,2023-07-26T00:00:00.000000,0,44.32,SELL
NFLX,2023-07-27T00:00:00.000000,0,44.32,SELL
NFLX,2023-07-28T00:00:00.000000,0,44.32,SELL
NFLX,2023-07-31T00:00:00.000000,0,44.32,SELL
NFLX,2023-08-01T00:00:00.000000,0,46.44,SELL
NFLX,2023-08-02T00:00:00.000000,0,46.44,SELL
NFLX,2023-08-03T00:00:00.000000,0,47.54,SELL
NFLX,2023-08-04T00:00:00.000000,0,44.9,SELL
NFLX,2023-08-07T00:00:00.000000,0,44.32,SELL
NFLX,2023-08-08T00:00:00.000000,0,44.32,SELL
NFLX,2023-08-09T00:00:00.000000,0,44.32,SELL
NFLX,2023-08-10T00:00:00.000000,0,46.44,SELL
NFLX,2023-08-11T00:00:00.000000,0,44.32,SELL
NFLX,2023-08-14T00:00:00.000000,0,44.9,SELL
NFLX,2023-08-15T00:00:00.000000,1,50.0,BUY
NFLX,2023-08-16T00:00:00.000000,1,50.07,BUY
NFLX,2023-08-17T00:00:00.000000,1,50.07,BUY
NFLX,2023-08-18T00:00:00.000000,1,50.07,BUY
NFLX,2023-08-21T00:00:00.000000,1,50.07,BUY
NFLX,2023-08-22T00:00:00.000000,1,51.22,BUY
NFLX,2023-08-23T00:00:00.000000,1,51.22,BUY
NFLX,2023-08-24T00:00:00.000000,1,51.22,BUY
NFLX,2023-08-25T00:00:00.000000,1,51.22,BUY
NFLX,2023-08-28T00:00:00.000000,1,51.22,BUY
NFLX,2023-08-29T00:00:00.000000,1,51.22,BUY
NFLX,2023-08-30T00:00:00.000000,1,51.22,BUY
NFLX,2023-08-31T00:00:00.000000,1,51.22,BUY
NFLX,2023-09-01T00:00:00.000000,1,50.07,BUY
NFLX,2023-09-05T00:00:00.000000,0,44.32,SELL
NFLX,2023-09-06T00:00:00.000000,0,44.32,SELL
NFLX,2023-09-07T00:00:00.000000,0,44.32,SELL
NFLX,2023-09-08T00:00:00.000000,0,44.32,SELL
NFLX,2023-09-11T00:00:00.000000,0,44.32,SELL
NFLX,2023-09-12T00:00:00.000000,0,44.32,SELL
NFLX,2023-09-13T00:00:00.000000,0,44.32,SELL
NFLX,2023-09-14T00:00:00.000000,0,44.32,SELL
NFLX,2023-09-15T00:00:00.000000,0,44.32,SELL
NFLX,2023-09-18T00:00:00.000000,0,44.32,SELL
NFLX,2023-09-19T00:00:00.000000,0,44.32,SELL
NFLX,2023-09-20T00:00:00.000000,0,44.9,SELL
NFLX,2023-09-21T00:00:00.000000,0,44.32,SELL
NFLX,2023-09-22T00:00:00.000000,0,44.32,SELL
NFLX,2023-09-25T00:00:00.000000,0,44.32,SELL
NFLX,2023-09-26T00:00:00.000000,0,43.6,SELL
NFLX,2023-09-27T00:00:00.000000,0,43.6,SELL
NFLX,2023-09-28T00:00:00.000000,0,43.6,SELL
NFLX,2023-09-29T00:00:00.000000,0,43.6,SELL
NFLX,2023-10-02T00:00:00.000000,0,44.32,SELL
NFLX,2023-10-03T00:00:00.000000,0,44.32,SELL
NFLX,2023-10-04T00:00:00.000000,1,50.0,BUY
NFLX,2023-10-05T00:00:00.000000,0,46.44,SELL
NFLX,2023-10-06T00:00:00.000000,0,44.32,SELL
NFLX,2023-10-09T00:00:00.000000,0,44.32,SELL
NFLX,2023-10-10T00:00:00.000000,0,44.32,SELL
NFLX,2023-10-11T00:00:00.000000,0,44.32,SELL
NFLX,2023-10-12T00:00:00.000000,0,43.6,SELL
NFLX,2023-10-13T00:00:00.000000,0,43.6,SELL
NFLX,2023-10-16T00:00:00.000000,0,43.6,SELL
NFLX,2023-10-17T00:00:00.000000,0,43.6,SELL
NFLX,2023-10-18T00:00:00.000000,0,43.6,SELL
NFLX,2023-10-19T00:00:00.000000,0,43.6,SELL
NFLX,2023-10-20T00:00:00.000000,0,43.6,SELL
NFLX,2023-10-23T00:00:00.000000,0,44.32,SELL
NFLX,2023-10-24T00:00:00.000000,0,44.32,SELL
NFLX,2023-10-25T00:00:00.000000,0,44.32,SELL
NFLX,2023-10-26T00:00:00.000000,0,44.9,SELL
NFLX,2023-10-27T00:00:00.000000,0,46.44,SELL
NFLX,2023-10-30T00:00:00.000000,1,50.07,BUY
NFLX,2023-10-31T00:00:00.000000,1,50.07,BUY
NFLX,2023-11-01T00:00:00.000000,1,50.07,BUY
NFLX,2023-11-02T00:00:00.000000,1,50.07,BUY
NFLX,2023-11-03T00:00:00.000000,1,51.22,BUY
NFLX,2023-11-06T00:00:00.000000,1,51.22,BUY
NFLX,2023-11-07T00:00:00.000000,1,51.22,BUY
NFLX,2023-11-08T00:00:00.000000,1,51.22,BUY
NFLX,2023-11-09T00:00:00.000000,1,51.22,BUY
NFLX,2023-11-10T00:00:00.000000,1,50.07,BUY
NFLX,2023-11-13T00:00:00.000000,1,50.0,BUY
NFLX,2023-11-14T00:00:00.000000,0,46.44,SELL
NFLX,2023-11-15T00:00:00.000000,0,44.32,SELL
NFLX,2023-11-16T00:00:00.000000,0,44.32,SELL
NFLX,2023-11-17T00:00:00.000000,0,44.32,SELL
NFLX,2023-11-20T00:00:00.000000,0,44.32,SELL
NFLX,2023-11-21T00:00:00.000000,0,44.32,SELL
NFLX,2023-11-22T00:00:00.000000,0,44.32,SELL
NFLX,2023-11-24T00:00:00.000000,0,44.32,SELL
NFLX,2023-11-27T00:00:00.000000,0,44.32,SELL
NFLX,2023-11-28T00:00:00.000000,0,44.32,SELL
NFLX,2023-11-29T00:00:00.000000,0,44.32,SELL
NFLX,2023-11-30T00:00:00.000000,0,44.32,SELL
NFLX,2023-12-01T00:00:00.000000,0,44.32,SELL
NFLX,2023-12-04T00:00:00.000000,0,44.32,SELL
NFLX,2023-12-05T00:00:00.000000,0,46.44,SELL
NFLX,2023-12-06T00:00:00.000000,1,47.54,BUY
NFLX,2023-12-07T00:00:00.000000,0,46.44,SELL
NFLX,2023-12-08T00:00:00.000000,1,50.07,BUY
NFLX,2023-12-11T00:00:00.000000,1,50.07,BUY
NFLX,2023-12-12T00:00:00.000000,0,47.54,SELL
NFLX,2023-12-13T00:00:00.000000,0,44.9,SELL
NFLX,2023-12-14T00:00:00.000000,0,44.32,SELL
NFLX,2023-12-15T00:00:00.000000,0,44.32,SELL
NFLX,2023-12-18T00:00:00.000000,0,43.6,SELL
NFLX,2023-12-19T00:00:00.000000,0,43.6,SELL
NFLX,2023-12-20T00:00:00.000000,0,43.59,SELL
NFLX,2023-12-21T00:00:00.000000,0,43.59,SELL
NFLX,2023-12-22T00:00:00.000000,0,43.59,SELL
NFLX,2023-12-26T00:00:00.000000,0,43.59,SELL
NFLX,2023-12-27T00:00:00.000000,0,43.59,SELL
NFLX,2023-12-28T00:00:00.000000,0,43.59,SELL
NFLX,2023-12-29T00:00:00.000000,0,43.59,SELL
NFLX,2024-01-02T00:00:00.000000,0,43.6,SELL
NFLX,2024-01-03T00:00:00.000000,0,43.6,SELL
NFLX,2024-01-04T00:00:00.000000,0,43.6,SELL
NFLX,2024-01-05T00:00:00.000000,0,44.32,SELL
NFLX,2024-01-08T00:00:00.000000,0,44.32,SELL
NFLX,2024-01-09T00:00:00.000000,0,44.32,SELL
NFLX,2024-01-10T00:00:00.000000,0,44.32,SELL
NFLX,2024-01-11T00:00:00.000000,0,44.32,SELL
NFLX,2024-01-12T00:00:00.000000,0,44.32,SELL
NFLX,2024-01-16T00:00:00.000000,0,44.32,SELL
NFLX,2024-01-17T00:00:00.000000,0,44.32,SELL
NFLX,2024-01-18T00:00:00.000000,0,44.32,SELL
NFLX,2024-01-19T00:00:00.000000,0,44.32,SELL
NFLX,2024-01-22T00:00:00.000000,0,44.32,SELL
NFLX,2024-01-23T00:00:00.000000,0,44.32,SELL
NFLX,2024-01-24T00:00:00.000000,0,44.32,SELL
NFLX,2024-01-25T00:00:00.000000,0,44.32,SELL
NFLX,2024-01-26T00:00:00.000000,0,44.32,SELL
NFLX,2024-01-29T00:00:00.000000,0,44.32,SELL
NFLX,2024-01-30T00:00:00.000000,0,44.32,SELL
NFLX,2024-01-31T00:00:00.000000,0,44.32,SELL
NFLX,2024-02-01T00:00:00.000000,0,44.32,SELL
NFLX,2024-02-02T00:00:00.000000,0,44.32,SELL
NFLX,2024-02-05T00:00:00.000000,0,44.32,SELL
NFLX,2024-02-06T00:00:00.000000,0,44.32,SELL
NFLX,2024-02-07T00:00:00.000000,1,50.07,BUY
NFLX,2024-02-08T00:00:00.000000,1,51.22,BUY
NFLX,2024-02-09T00:00:00.000000,1,51.22,BUY
NFLX,2024-02-12T00:00:00.000000,1,51.22,BUY
NFLX,2024-02-13T00:00:00.000000,1,51.22,BUY
NFLX,2024-02-14T00:00:00.000000,1,51.22,BUY
NFLX,2024-02-15T00:00:00.000000,1,51.22,BUY
NFLX,2024-02-16T00:00:00.000000,1,51.22,BUY
NFLX,2024-02-20T00:00:00.000000,1,50.0,BUY
NFLX,2024-02-21T00:00:00.000000,0,44.32,SELL
NFLX,2024-02-22T00:00:00.000000,0,44.32,SELL
NFLX,2024-02-23T00:00:00.000000,0,43.6,SELL
NFLX,2024-02-26T00:00:00.000000,0,43.6,SELL
NFLX,2024-02-27T00:00:00.000000,0,43.59,SELL
NFLX,2024-02-28T00:00:00.000000,0,43.59,SELL
NFLX,2024-02-29T00:00:00.000000,0,43.59,SELL
NFLX,2024-03-01T00:00:00.000000,0,43.6,SELL
NFLX,2024-03-04T00:00:00.000000,0,43.6,SELL
NFLX,2024-03-05T00:00:00.000000,0,43.6,SELL
NFLX,2024-03-06T00:00:00.000000,0,43.6,SELL
NFLX,2024-03-07T00:00:00.000000,0,43.6,SELL
NFLX,2024-03-08T00:00:00.000000,0,43.6,SELL
NFLX,2024-03-11T00:00:00.000000,0,43.6,SELL
NFLX,2024-03-12T00:00:00.000000,0,44.32,SELL
NFLX,2024-03-13T00:00:00.000000,0,44.32,SELL
NFLX,2024-03-14T00:00:00.000000,0,44.32,SELL
NFLX,2024-03-15T00:00:00.000000,0,44.32,SELL
NFLX,2024-03-18T00:00:00.000000,0,44.32,SELL
NFLX,2024-03-19T00:00:00.000000,0,44.32,SELL
NFLX,2024-03-20T00:00:00.000000,0,44.32,SELL
NFLX,2024-03-21T00:00:00.000000,0,44.32,SELL
NFLX,2024-03-22T00:00:00.000000,0,44.32,SELL
NFLX,2024-03-25T00:00:00.000000,0,43.6,SELL
NFLX,2024-03-26T00:00:00.000000,0,43.6,SELL
NFLX,2024-03-27T00:00:00.000000,0,43.6,SELL
NFLX,2024-03-28T00:00:00.000000,0,43.6,SELL
NFLX,2024-04-01T00:00:00.000000,0,43.6,SELL
NFLX,2024-04-02T00:00:00.000000,0,43.6,SELL
NFLX,2024-04-03T00:00:00.000000,0,43.6,SELL
NFLX,2024-04-04T00:00:00.000000,0,43.6,SELL
NFLX,2024-04-05T00:00:00.000000,0,43.6,SELL
NFLX,2024-04-08T00:00:00.000000,0,44.32,SELL
NFLX,2024-04-09T00:00:00.000000,0,44.32,SELL
NFLX,2024-04-10T00:00:00.000000,0,44.32,SELL
NFLX,2024-04-11T00:00:00.000000,0,44.32,SELL
NFLX,2024-04-12T00:00:00.000000,0,44.32,SELL
NFLX,2024-04-15T00:00:00.000000,0,44.32,SELL
NFLX,2024-04-16T00:00:00.000000,0,44.32,SELL
NFLX,2024-04-17T00:00:00.000000,0,46.44,SELL
NFLX,2024-04-18T00:00:00.000000,1,50.07,BUY
NFLX,2024-04-19T00:00:00.000000,1,50.07,BUY
NFLX,2024-04-22T00:00:00.000000,1,51.22,BUY
NFLX,2024-04-23T00:00:00.000000,1,50.07,BUY
NFLX,2024-04-24T00:00:00.000000,1,50.07,BUY
NFLX,2024-04-25T00:00:00.000000,1,47.54,BUY
NFLX,2024-04-26T00:00:00.000000,0,46.44,SELL
NFLX,2024-04-29T00:00:00.000000,0,44.32,SELL
NFLX,2024-04-30T00:00:00.000000,0,44.32,SELL
NFLX,2024-05-01T00:00:00.000000,0,43.59,SELL
NFLX,2024-05-02T00:00:00.000000,0,41.9,SELL
NFLX,2024-05-03T00:00:00.000000,0,41.9,SELL
NFLX,2024-05-06T00:00:00.000000,0,41.9,SELL
NFLX,2024-05-07T00:00:00.000000,0,41.9,SELL
NFLX,2024-05-08T00:00:00.000000,0,43.6,SELL
NFLX,2024-05-09T00:00:00.000000,0,43.6,SELL
NFLX,2024-05-10T00:00:00.000000,0,44.32,SELL
NFLX,2024-05-13T00:00:00.000000,0,44.32,SELL
NFLX,2024-05-14T00:00:00.000000,0,44.32,SELL
NFLX,2024-05-15T00:00:00.000000,0,44.32,SELL
NFLX,2024-05-16T00:00:00.000000,0,44.32,SELL
NFLX,2024-05-17T00:00:00.000000,0,44.32,SELL
NFLX,2024-05-20T00:00:00.000000,0,44.32,SELL
NFLX,2024-05-21T00:00:00.000000,0,44.32,SELL
NFLX,2024-05-22T00:00:00.000000,0,46.44,SELL
NFLX,2024-05-23T00:00:00.000000,0,46.44,SELL
NFLX,2024-05-24T00:00:00.000000,0,46.44,SELL
NFLX,2024-05-28T00:00:00.000000,0,46.44,SELL
NFLX,2024-05-29T00:00:00.000000,0,46.44,SELL
NFLX,2024-05-30T00:00:00.000000,0,46.44,SELL
NFLX,2024-05-31T00:00:00.000000,1,50.07,BUY
NFLX,2024-06-03T00:00:00.000000,1,50.07,BUY
NFLX,2024-06-04T00:00:00.000000,1,51.22,BUY
NFLX,2024-06-05T00:00:00.000000,1,51.22,BUY
NFLX,2024-06-06T00:00:00.000000,1,51.22,BUY
NFLX,2024-06-07T00:00:00.000000,1,51.22,BUY
NFLX,2024-06-10T00:00:00.000000,1,51.22,BUY
NFLX,2024-06-11T00:00:00.000000,1,51.22,BUY
NFLX,2024-06-12T00:00:00.000000,1,50.07,BUY
NFLX,2024-06-13T00:00:00.000000,1,50.07,BUY
NFLX,2024-06-14T00:00:00.000000,0,46.44,SELL
NFLX,2024-06-17T00:00:00.000000,0,44.32,SELL
NFLX,2024-06-18T00:00:00.000000,0,44.32,SELL
NFLX,2024-06-20T00:00:00.000000,0,44.32,SELL
NFLX,2024-06-21T00:00:00.000000,0,44.32,SELL
NFLX,2024-06-24T00:00:00.000000,0,44.32,SELL
NFLX,2024-06-25T00:00:00.000000,0,46.44,SELL
NFLX,2024-06-26T00:00:00.000000,1,50.0,BUY
NFLX,2024-06-27T00:00:00.000000,1,50.07,BUY
NFLX,2024-06-28T00:00:00.000000,1,51.22,BUY
NFLX,2024-07-01T00:00:00.000000,1,51.22,BUY
NFLX,2024-07-02T00:00:00.000000,1,51.22,BUY
NFLX,2024-07-03T00:00:00.000000,1,51.22,BUY
NFLX,2024-07-05T00:00:00.000000,1,51.22,BUY
NFLX,2024-07-08T00:00:00.000000,1,51.22,BUY
NFLX,2024-07-09T00:00:00.000000,1,51.22,BUY
NFLX,2024-07-10T00:00:00.000000,1,51.22,BUY
NFLX,2024-07-11T00:00:00.000000,1,51.22,BUY
NFLX,2024-07-12T00:00:00.000000,1,51.22,BUY
NFLX,2024-07-15T00:00:00.000000,1,51.22,BUY
NFLX,2024-07-16T00:00:00.000000,1,50.07,BUY
NFLX,2024-07-17T00:00:00.000000,1,50.07,BUY
NFLX,2024-07-18T00:00:00.000000,1,50.07,BUY
NFLX,2024-07-19T00:00:00.000000,0,46.44,SELL
NFLX,2024-07-22T00:00:00.000000,0,46.44,SELL
NFLX,2024-07-23T00:00:00.000000,0,44.32,SELL
NFLX,2024-07-24T00:00:00.000000,0,44.32,SELL
NFLX,2024-07-25T00:00:00.000000,0,44.32,SELL
NFLX,2024-07-26T00:00:00.000000,0,44.32,SELL
NFLX,2024-07-29T00:00:00.000000,0,44.32,SELL
NFLX,2024-07-30T00:00:00.000000,0,44.32,SELL
NFLX,2024-07-31T00:00:00.000000,0,44.32,SELL
NFLX,2024-08-01T00:00:00.000000,1,50.0,BUY
NFLX,2024-08-02T00:00:00.000000,0,46.44,SELL
NFLX,2024-08-05T00:00:00.000000,0,44.9,SELL
NFLX,2024-08-06T00:00:00.000000,0,44.32,SELL
NFLX,2024-08-07T00:00:00.000000,0,44.32,SELL
NFLX,2024-08-08T00:00:00.000000,0,44.32,SELL
NFLX,2024-08-09T00:00:00.000000,0,44.32,SELL
NFLX,2024-08-12T00:00:00.000000,0,44.32,SELL
NFLX,2024-08-13T00:00:00.000000,0,44.32,SELL
NFLX,2024-08-14T00:00:00.000000,0,44.32,SELL
NFLX,2024-08-15T00:00:00.000000,0,44.32,SELL
NFLX,2024-08-16T00:00:00.000000,0,44.32,SELL
NFLX,2024-08-19T00:00:00.000000,0,44.32,SELL
NFLX,2024-08-20T00:00:00.000000,0,44.32,SELL
NFLX,2024-08-21T00:00:00.000000,0,44.32,SELL
NFLX,2024-08-22T00:00:00.000000,0,44.32,SELL
NFLX,2024-08-23T00:00:00.000000,0,44.32,SELL
NFLX,2024-08-26T00:00:00.000000,0,44.32,SELL
NFLX,2024-08-27T00:00:00.000000,0,44.32,SELL
NFLX,2024-08-28T00:00:00.000000,0,44.32,SELL
NFLX,2024-08-29T00:00:00.000000,0,44.9,SELL
NFLX,2024-08-30T00:00:00.000000,1,50.0,BUY
NFLX,2024-09-03T00:00:00.000000,1,50.07,BUY
NFLX,2024-09-04T00:00:00.000000,1,50.07,BUY
NFLX,2024-09-05T00:00:00.000000,1,50.07,BUY
NFLX,2024-09-06T00:00:00.000000,1,50.0,BUY
NFLX,2024-09-09T00:00:00.000000,0,46.44,SELL
NFLX,2024-09-10T00:00:00.000000,0,46.44,SELL
NFLX,2024-09-11T00:00:00.000000,0,44.32,SELL
NFLX,2024-09-12T00:00:00.000000,0,46.44,SELL
NFLX,2024-09-13T00:00:00.000000,0,46.44,SELL
NFLX,2024-09-16T00:00:00.000000,0,47.54,SELL
NFLX,2024-09-17T00:00:00.000000,1,50.07,BUY
NFLX,2024-09-18T00:00:00.000000,0,46.44,SELL
NFLX,2024-09-19T00:00:00.000000,0,46.44,SELL
NFLX,2024-09-20T00:00:00.000000,0,46.44,SELL
NFLX,2024-09-23T00:00:00.000000,0,44.32,SELL
NFLX,2024-09-24T00:00:00.000000,0,44.32,SELL
NFLX,2024-09-25T00:00:00.000000,0,44.32,SELL
NFLX,2024-09-26T00:00:00.000000,0,44.32,SELL
NFLX,2024-09-27T00:00:00.000000,0,44.32,SELL
NFLX,2024-09-30T00:00:00.000000,0,44.32,SELL
NFLX,2024-10-01T00:00:00.000000,0,44.32,SELL
NFLX,2024-10-02T00:00:00.000000,0,44.32,SELL
NFLX,2024-10-03T00:00:00.000000,0,44.32,SELL
NFLX,2024-10-04T00:00:00.000000,0,44.32,SELL
NFLX,2024-10-07T00:00:00.000000,0,44.32,SELL
NFLX,2024-10-08T00:00:00.000000,0,44.32,SELL
NFLX,2024-10-09T00:00:00.000000,0,44.32,SELL
NFLX,2024-10-10T00:00:00.000000,0,44.32,SELL
NFLX,2024-10-11T00:00:00.000000,0,44.32,SELL
NFLX,2024-10-14T00:00:00.000000,0,44.32,SELL
NFLX,2024-10-15T00:00:00.000000,0,44.32,SELL
NFLX,2024-10-16T00:00:00.000000,0,44.32,SELL
NFLX,2024-10-17T00:00:00.000000,0,44.32,SELL
NFLX,2024-10-18T00:00:00.000000,0,44.32,SELL
NFLX,2024-10-21T00:00:00.000000,0,44.32,SELL
NFLX,2024-10-22T00:00:00.000000,0,44.32,SELL
NFLX,2024-10-23T00:00:00.000000,0,44.32,SELL
NFLX,2024-10-24T00:00:00.000000,0,44.32,SELL
NFLX,2024-10-25T00:00:00.000000,0,44.32,SELL
NFLX,2024-10-28T00:00:00.000000,0,44.32,SELL
NFLX,2024-10-29T00:00:00.000000,0,44.32,SELL
NFLX,2024-10-30T00:00:00.000000,0,44.9,SELL
NFLX,2024-10-31T00:00:00.000000,0,46.44,SELL
NFLX,2024-11-01T00:00:00.000000,0,46.44,SELL
NFLX,2024-11-04T00:00:00.000000,1,50.07,BUY
NFLX,2024-11-05T00:00:00.000000,1,50.07,BUY
NFLX,2024-11-06T00:00:00.000000,1,51.15,BUY
NFLX,2024-11-07T00:00:00.000000,1,50.07,BUY
NFLX,2024-11-08T00:00:00.000000,1,50.07,BUY
NFLX,2024-11-11T00:00:00.000000,1,50.07,BUY
NFLX,2024-11-12T00:00:00.000000,1,50.07,BUY
NFLX,2024-11-13T00:00:00.000000,1,50.07,BUY
NFLX,2024-11-14T00:00:00.000000,1,50.07,BUY
NFLX,2024-11-15T00:00:00.000000,1,50.0,BUY
NFLX,2024-11-18T00:00:00.000000,1,50.07,BUY
NFLX,2024-11-19T00:00:00.000000,1,50.07,BUY
NFLX,2024-11-20T00:00:00.000000,1,50.07,BUY
NFLX,2024-11-21T00:00:00.000000,1,51.22,BUY
NFLX,2024-11-22T00:00:00.000000,1,51.22,BUY
NFLX,2024-11-25T00:00:00.000000,1,51.22,BUY
NFLX,2024-11-26T00:00:00.000000,1,51.22,BUY
NFLX,2024-11-27T00:00:00.000000,1,51.22,BUY
NFLX,2024-11-29T00:00:00.000000,1,51.22,BUY
NFLX,2024-12-02T00:00:00.000000,1,51.22,BUY
NFLX,2024-12-03T00:00:00.000000,1,51.22,BUY
NFLX,2024-12-04T00:00:00.000000,1,51.22,BUY
NFLX,2024-12-05T00:00:00.000000,1,51.22,BUY
NFLX,2024-12-06T00:00:00.000000,1,51.22,BUY
NFLX,2024-12-09T00:00:00.000000,1,51.22,BUY
NFLX,2024-12-10T00:00:00.000000,1,51.22,BUY
NFLX,2024-12-11T00:00:00.000000,1,51.15,BUY
NFLX,2024-12-12T00:00:00.000000,1,50.07,BUY
NFLX,2024-12-13T00:00:00.000000,1,50.07,BUY
NFLX,2024-12-16T00:00:00.000000,1,50.07,BUY
NFLX,2024-12-17T00:00:00.000000,1,51.15,BUY
NFLX,2024-12-18T00:00:00.000000,1,50.07,BUY
NFLX,2024-12-19T00:00:00.000000,1,51.15,BUY
NFLX,2024-12-20T00:00:00.000000,1,51.22,BUY
NKE,2023-02-21T00:00:00.000000,1,50.07,BUY
NKE,2023-02-22T00:00:00.000000,1,50.07,BUY
NKE,2023-02-23T00:00:00.000000,1,51.22,BUY
NKE,2023-02-24T00:00:00.000000,1,51.22,BUY
NKE,2023-02-27T00:00:00.000000,1,50.07,BUY
NKE,2023-02-28T00:00:00.000000,1,50.07,BUY
NKE,2023-03-01T00:00:00.000000,1,51.22,BUY
NKE,2023-03-02T00:00:00.000000,1,51.22,BUY
NKE,2023-03-03T00:00:00.000000,1,51.22,BUY
NKE,2023-03-06T00:00:00.000000,1,51.22,BUY
NKE,2023-03-07T00:00:00.000000,1,51.22,BUY
NKE,2023-03-08T00:00:00.000000,1,51.22,BUY
NKE,2023-03-09T00:00:00.000000,1,51.22,BUY
NKE,2023-03-10T00:00:00.000000,1,51.22,BUY
NKE,2023-03-13T00:00:00.000000,1,51.22,BUY
NKE,2023-03-14T00:00:00.000000,1,51.22,BUY
NKE,2023-03-15T00:00:00.000000,1,51.22,BUY
NKE,2023-03-16T00:00:00.000000,1,51.15,BUY
NKE,2023-03-17T00:00:00.000000,1,51.22,BUY
NKE,2023-03-20T00:00:00.000000,1,51.22,BUY
NKE,2023-03-21T00:00:00.000000,1,51.22,BUY
NKE,2023-03-22T00:00:00.000000,1,51.22,BUY
NKE,2023-03-23T00:00:00.000000,1,51.22,BUY
NKE,2023-03-24T00:00:00.000000,1,51.22,BUY
NKE,2023-03-27T00:00:00.000000,1,50.07,BUY
NKE,2023-03-28T00:00:00.000000,0,44.9,SELL
NKE,2023-03-29T00:00:00.000000,0,44.9,SELL
NKE,2023-03-30T00:00:00.000000,0,44.32,SELL
NKE,2023-03-31T00:00:00.000000,0,44.32,SELL
NKE,2023-04-03T00:00:00.000000,0,44.32,SELL
NKE,2023-04-04T00:00:00.000000,0,44.32,SELL
NKE,2023-04-05T00:00:00.000000,0,44.32,SELL
NKE,2023-04-06T00:00:00.000000,0,44.32,SELL
NKE,2023-04-10T00:00:00.000000,0,44.32,SELL
NKE,2023-04-11T00:00:00.000000,0,44.32,SELL
NKE,2023-04-12T00:00:00.000000,0,43.6,SELL
NKE,2023-04-13T00:00:00.000000,0,43.6,SELL
NKE,2023-04-14T00:00:00.000000,0,43.6,SELL
NKE,2023-04-17T00:00:00.000000,0,43.6,SELL
NKE,2023-04-18T00:00:00.000000,0,44.32,SELL
NKE,2023-04-19T00:00:00.000000,0,44.32,SELL
NKE,2023-04-20T00:00:00.000000,0,44.32,SELL
NKE,2023-04-21T00:00:00.000000,0,44.32,SELL
NKE,2023-04-24T00:00:00.000000,0,44.32,SELL
NKE,2023-04-25T00:00:00.000000,0,44.32,SELL
NKE,2023-04-26T00:00:00.000000,0,44.9,SELL
NKE,2023-04-27T00:00:00.000000,0,46.44,SELL
NKE,2023-04-28T00:00:00.000000,1,50.07,BUY
NKE,2023-05-01T00:00:00.000000,1,50.07,BUY
NKE,2023-05-02T00:00:00.000000,1,51.22,BUY
NKE,2023-05-03T00:00:00.000000,1,51.22,BUY
NKE,2023-05-04T00:00:00.000000,1,51.22,BUY
NKE,2023-05-05T00:00:00.000000,1,51.22,BUY
NKE,2023-05-08T00:00:00.000000,1,51.22,BUY
NKE,2023-05-09T00:00:00.000000,1,51.22,BUY
NKE,2023-05-10T00:00:00.000000,1,51.22,BUY
NKE,2023-05-11T00:00:00.000000,1,51.22,BUY
NKE,2023-05-12T00:00:00.000000,1,51.22,BUY
NKE,2023-05-15T00:00:00.000000,1,51.22,BUY
NKE,2023-05-16T00:00:00.000000,1,51.22,BUY
NKE,2023-05-17T00:00:00.000000,1,51.22,BUY
NKE,2023-05-18T00:00:00.000000,1,51.22,BUY
NKE,2023-05-19T00:00:00.000000,1,51.22,BUY
NKE,2023-05-22T00:00:00.000000,1,51.22,BUY
NKE,2023-05-23T00:00:00.000000,1,51.22,BUY
NKE,2023-05-24T00:00:00.000000,1,50.07,BUY
NKE,2023-05-25T00:00:00.000000,0,44.9,SELL
NKE,2023-05-26T00:00:00.000000,0,44.32,SELL
NKE,2023-05-30T00:00:00.000000,0,44.32,SELL
NKE,2023-05-31T00:00:00.000000,0,43.6,SELL
NKE,2023-06-01T00:00:00.000000,0,42.74,SELL
NKE,2023-06-02T00:00:00.000000,0,41.9,SELL
NKE,2023-06-05T00:00:00.000000,0,41.9,SELL
NKE,2023-06-06T00:00:00.000000,0,41.9,SELL
NKE,2023-06-07T00:00:00.000000,0,41.9,SELL
NKE,2023-06-08T00:00:00.000000,0,41.9,SELL
NKE,2023-06-09T00:00:00.000000,0,41.9,SELL
NKE,2023-06-12T00:00:00.000000,0,43.59,SELL
NKE,2023-06-13T00:00:00.000000,0,43.6,SELL
NKE,2023-06-14T00:00:00.000000,0,43.6,SELL
NKE,2023-06-15T00:00:00.000000,0,44.32,SELL
NKE,2023-06-16T00:00:00.000000,0,44.32,SELL
NKE,2023-06-20T00:00:00.000000,0,44.32,SELL
NKE,2023-06-21T00:00:00.000000,0,44.32,SELL
NKE,2023-06-22T00:00:00.000000,0,44.32,SELL
NKE,2023-06-23T00:00:00.000000,0,44.32,SELL
NKE,2023-06-26T00:00:00.000000,0,44.32,SELL
NKE,2023-06-27T00:00:00.000000,0,44.32,SELL
NKE,2023-06-28T00:00:00.000000,0,46.44,SELL
NKE,2023-06-29T00:00:00.000000,0,46.44,SELL
NKE,2023-06-30T00:00:00.000000,1,50.07,BUY
NKE,2023-07-03T00:00:00.000000,1,50.07,BUY
NKE,2023-07-05T00:00:00.000000,1,50.07,BUY
NKE,2023-07-06T00:00:00.000000,1,50.07,BUY
NKE,2023-07-07T00:00:00.000000,1,50.07,BUY
NKE,2023-07-10T00:00:00.000000,1,50.07,BUY
NKE,2023-07-11T00:00:00.000000,1,50.07,BUY
NKE,2023-07-12T00:00:00.000000,1,50.07,BUY
NKE,2023-07-13T00:00:00.000000,1,50.07,BUY
NKE,2023-07-14T00:00:00.000000,1,50.07,BUY
NKE,2023-07-17T00:00:00.000000,1,50.07,BUY
NKE,2023-07-18T00:00:00.000000,1,47.54,BUY
NKE,2023-07-19T00:00:00.000000,0,44.32,SELL
NKE,2023-07-20T00:00:00.000000,0,44.32,SELL
NKE,2023-07-21T00:00:00.000000,0,44.32,SELL
NKE,2023-07-24T00:00:00.000000,0,43.6,SELL
NKE,2023-07-25T00:00:00.000000,0,43.6,SELL
NKE,2023-07-26T00:00:00.000000,0,43.59,SELL
NKE,2023-07-27T00:00:00.000000,0,43.59,SELL
NKE,2023-07-28T00:00:00.000000,0,43.59,SELL
NKE,2023-07-31T00:00:00.000000,0,43.59,SELL
NKE,2023-08-01T00:00:00.000000,0,43.6,SELL
NKE,2023-08-02T00:00:00.000000,0,43.6,SELL
NKE,2023-08-03T00:00:00.000000,0,43.6,SELL
NKE,2023-08-04T00:00:00.000000,0,43.6,SELL
NKE,2023-08-07T00:00:00.000000,0,44.32,SELL
NKE,2023-08-08T00:00:00.000000,0,44.32,SELL
NKE,2023-08-09T00:00:00.000000,0,44.32,SELL
NKE,2023-08-10T00:00:00.000000,0,44.32,SELL
NKE,2023-08-11T00:00:00.000000,0,44.32,SELL
NKE,2023-08-14T00:00:00.000000,0,46.44,SELL
NKE,2023-08-15T00:00:00.000000,1,50.07,BUY
NKE,2023-08-16T00:00:00.000000,1,51.22,BUY
NKE,2023-08-17T00:00:00.000000,1,51.15,BUY
NKE,2023-08-18T00:00:00.000000,1,51.22,BUY
NKE,2023-08-21T00:00:00.000000,1,51.22,BUY
NKE,2023-08-22T00:00:00.000000,1,51.22,BUY
NKE,2023-08-23T00:00:00.000000,1,51.22,BUY
NKE,2023-08-24T00:00:00.000000,1,51.22,BUY
NKE,2023-08-25T00:00:00.000000,1,51.22,BUY
NKE,2023-08-28T00:00:00.000000,1,51.22,BUY
NKE,2023-08-29T00:00:00.000000,1,51.22,BUY
NKE,2023-08-30T00:00:00.000000,1,51.22,BUY
NKE,2023-08-31T00:00:00.000000,1,50.07,BUY
NKE,2023-09-01T00:00:00.000000,0,46.44,SELL
NKE,2023-09-05T00:00:00.000000,1,47.54,BUY
NKE,2023-09-06T00:00:00.000000,0,44.32,SELL
NKE,2023-09-07T00:00:00.000000,0,44.32,SELL
NKE,2023-09-08T00:00:00.000000,0,46.44,SELL
NKE,2023-09-11T00:00:00.000000,0,44.32,SELL
NKE,2023-09-12T00:00:00.000000,0,46.44,SELL
NKE,2023-09-13T00:00:00.000000,0,44.9,SELL
NKE,2023-09-14T00:00:00.000000,0,46.44,SELL
NKE,2023-09-15T00:00:00.000000,0,44.9,SELL
NKE,2023-09-18T00:00:00.000000,0,44.32,SELL
NKE,2023-09-19T00:00:00.000000,0,44.9,SELL
NKE,2023-09-20T00:00:00.000000,0,44.32,SELL
NKE,2023-09-21T00:00:00.000000,0,44.9,SELL
NKE,2023-09-22T00:00:00.000000,0,44.32,SELL
NKE,2023-09-25T00:00:00.000000,0,46.44,SELL
NKE,2023-09-26T00:00:00.000000,0,46.44,SELL
NKE,2023-09-27T00:00:00.000000,0,44.9,SELL
NKE,2023-09-28T00:00:00.000000,0,44.9,SELL
NKE,2023-09-29T00:00:00.000000,0,46.44,SELL
NKE,2023-10-02T00:00:00.000000,0,44.9,SELL
NKE,2023-10-03T00:00:00.000000,0,44.9,SELL
NKE,2023-10-04T00:00:00.000000,0,44.9,SELL
NKE,2023-10-05T00:00:00.000000,0,44.32,SELL
NKE,2023-10-06T00:00:00.000000,0,44.32,SELL
NKE,2023-10-09T00:00:00.000000,0,44.32,SELL
NKE,2023-10-10T00:00:00.000000,0,46.44,SELL
NKE,2023-10-11T00:00:00.000000,0,44.32,SELL
NKE,2023-10-12T00:00:00.000000,0,44.32,SELL
NKE,2023-10-13T00:00:00.000000,0,44.32,SELL
NKE,2023-10-16T00:00:00.000000,0,44.32,SELL
NKE,2023-10-17T00:00:00.000000,0,44.32,SELL
NKE,2023-10-18T00:00:00.000000,0,44.9,SELL
NKE,2023-10-19T00:00:00.000000,0,46.44,SELL
NKE,2023-10-20T00:00:00.000000,1,47.54,BUY
NKE,2023-10-23T00:00:00.000000,1,50.07,BUY
NKE,2023-10-24T00:00:00.000000,1,50.07,BUY
NKE,2023-10-25T00:00:00.000000,1,51.22,BUY
NKE,2023-10-26T00:00:00.000000,1,51.22,BUY
NKE,2023-10-27T00:00:00.000000,1,51.22,BUY
NKE,2023-10-30T00:00:00.000000,1,51.22,BUY
NKE,2023-10-31T00:00:00.000000,1,51.22,BUY
NKE,2023-11-01T00:00:00.000000,1,51.22,BUY
NKE,2023-11-02T00:00:00.000000,1,51.22,BUY
NKE,2023-11-03T00:00:00.000000,1,51.22,BUY
NKE,2023-11-06T00:00:00.000000,1,51.22,BUY
NKE,2023-11-07T00:00:00.000000,1,50.07,BUY
NKE,2023-11-08T00:00:00.000000,0,44.32,SELL
NKE,2023-11-09T00:00:00.000000,0,44.32,SELL
NKE,2023-11-10T00:00:00.000000,0,44.32,SELL
NKE,2023-11-13T00:00:00.000000,0,43.59,SELL
NKE,2023-11-14T00:00:00.000000,0,43.59,SELL
NKE,2023-11-15T00:00:00.000000,0,43.59,SELL
NKE,2023-11-16T00:00:00.000000,0,43.59,SELL
NKE,2023-11-17T00:00:00.000000,0,43.6,SELL
NKE,2023-11-20T00:00:00.000000,0,43.6,SELL
NKE,2023-11-21T00:00:00.000000,0,44.32,SELL
NKE,2023-11-22T00:00:00.000000,0,44.32,SELL
NKE,2023-11-24T00:00:00.000000,0,44.32,SELL
NKE,2023-11-27T00:00:00.000000,0,43.6,SELL
NKE,2023-11-28T00:00:00.000000,0,43.59,SELL
NKE,2023-11-29T00:00:00.000000,0,41.9,SELL
NKE,2023-11-30T00:00:00.000000,0,41.9,SELL
NKE,2023-12-01T00:00:00.000000,0,41.9,SELL
NKE,2023-12-04T00:00:00.000000,0,41.9,SELL
NKE,2023-12-05T00:00:00.000000,0,41.9,SELL
NKE,2023-12-06T00:00:00.000000,0,43.59,SELL
NKE,2023-12-07T00:00:00.000000,0,43.59,SELL
NKE,2023-12-08T00:00:00.000000,0,43.6,SELL
NKE,2023-12-11T00:00:00.000000,0,44.32,SELL
NKE,2023-12-12T00:00:00.000000,0,44.32,SELL
NKE,2023-12-13T00:00:00.000000,0,44.32,SELL
NKE,2023-12-14T00:00:00.000000,0,44.32,SELL
NKE,2023-12-15T00:00:00.000000,0,44.32,SELL
NKE,2023-12-18T00:00:00.000000,0,44.9,SELL
NKE,2023-12-19T00:00:00.000000,0,46.44,SELL
NKE,2023-12-20T00:00:00.000000,0,44.9,SELL
NKE,2023-12-21T00:00:00.000000,0,44.32,SELL
NKE,2023-12-22T00:00:00.000000,0,44.32,SELL
NKE,2023-12-26T00:00:00.000000,0,44.32,SELL
NKE,2023-12-27T00:00:00.000000,0,44.32,SELL
NKE,2023-12-28T00:00:00.000000,0,44.32,SELL
NKE,2023-12-29T00:00:00.000000,0,44.32,SELL
NKE,2024-01-02T00:00:00.000000,0,44.32,SELL
NKE,2024-01-03T00:00:00.000000,0,44.32,SELL
NKE,2024-01-04T00:00:00.000000,0,44.32,SELL
NKE,2024-01-05T00:00:00.000000,0,44.32,SELL
NKE,2024-01-08T00:00:00.000000,0,44.32,SELL
NKE,2024-01-09T00:00:00.000000,0,44.32,SELL
NKE,2024-01-10T00:00:00.000000,0,44.32,SELL
NKE,2024-01-11T00:00:00.000000,0,43.6,SELL
NKE,2024-01-12T00:00:00.000000,0,43.59,SELL
NKE,2024-01-16T00:00:00.000000,0,43.59,SELL
NKE,2024-01-17T00:00:00.000000,0,43.6,SELL
NKE,2024-01-18T00:00:00.000000,0,43.6,SELL
NKE,2024-01-19T00:00:00.000000,0,43.59,SELL
NKE,2024-01-22T00:00:00.000000,0,43.59,SELL
NKE,2024-01-23T00:00:00.000000,0,43.59,SELL
NKE,2024-01-24T00:00:00.000000,0,43.6,SELL
NKE,2024-01-25T00:00:00.000000,0,43.6,SELL
NKE,2024-01-26T00:00:00.000000,0,43.6,SELL
NKE,2024-01-29T00:00:00.000000,0,43.6,SELL
NKE,2024-01-30T00:00:00.000000,0,43.59,SELL
NKE,2024-01-31T00:00:00.000000,0,41.9,SELL
NKE,2024-02-01T00:00:00.000000,0,41.9,SELL
NKE,2024-02-02T00:00:00.000000,0,41.9,SELL
NKE,2024-02-05T00:00:00.000000,0,43.59,SELL
NKE,2024-02-06T00:00:00.000000,0,43.6,SELL
NKE,2024-02-07T00:00:00.000000,0,44.32,SELL
NKE,2024-02-08T00:00:00.000000,0,44.32,SELL
NKE,2024-02-09T00:00:00.000000,0,44.32,SELL
NKE,2024-02-12T00:00:00.000000,0,46.44,SELL
NKE,2024-02-13T00:00:00.000000,1,50.07,BUY
NKE,2024-02-14T00:00:00.000000,1,51.22,BUY
NKE,2024-02-15T00:00:00.000000,1,51.22,BUY
NKE,2024-02-16T00:00:00.000000,1,51.22,BUY
NKE,2024-02-20T00:00:00.000000,1,51.22,BUY
NKE,2024-02-21T00:00:00.000000,1,50.07,BUY
NKE,2024-02-22T00:00:00.000000,1,50.07,BUY
NKE,2024-02-23T00:00:00.000000,1,50.07,BUY
NKE,2024-02-26T00:00:00.000000,1,50.07,BUY
NKE,2024-02-27T00:00:00.000000,1,50.07,BUY
NKE,2024-02-28T00:00:00.000000,1,50.07,BUY
NKE,2024-02-29T00:00:00.000000,1,50.07,BUY
NKE,2024-03-01T00:00:00.000000,1,50.07,BUY
NKE,2024-03-04T00:00:00.000000,1,50.07,BUY
NKE,2024-03-05T00:00:00.000000,1,50.07,BUY
NKE,2024-03-06T00:00:00.000000,1,47.54,BUY
NKE,2024-03-07T00:00:00.000000,1,50.07,BUY
NKE,2024-03-08T00:00:00.000000,0,47.54,SELL
NKE,2024-03-11T00:00:00.000000,0,46.44,SELL
NKE,2024-03-12T00:00:00.000000,0,44.32,SELL
NKE,2024-03-13T00:00:00.000000,0,44.32,SELL
NKE,2024-03-14T00:00:00.000000,0,44.32,SELL
NKE,2024-03-15T00:00:00.000000,0,44.32,SELL
NKE,2024-03-18T00:00:00.000000,0,43.6,SELL
NKE,2024-03-19T00:00:00.000000,0,43.6,SELL
NKE,2024-03-20T00:00:00.000000,0,43.59,SELL
NKE,2024-03-21T00:00:00.000000,0,43.59,SELL
NKE,2024-03-22T00:00:00.000000,0,43.59,SELL
NKE,2024-03-25T00:00:00.000000,0,43.59,SELL
NKE,2024-03-26T00:00:00.000000,0,43.59,SELL
NKE,2024-03-27T00:00:00.000000,0,43.59,SELL
NKE,2024-03-28T00:00:00.000000,0,43.6,SELL
NKE,2024-04-01T00:00:00.000000,0,43.6,SELL
NKE,2024-04-02T00:00:00.000000,0,43.59,SELL
NKE,2024-04-03T00:00:00.000000,0,43.59,SELL
NKE,2024-04-04T00:00:00.000000,0,43.6,SELL
NKE,2024-04-05T00:00:00.000000,0,44.32,SELL
NKE,2024-04-08T00:00:00.000000,0,44.32,SELL
NKE,2024-04-09T00:00:00.000000,0,44.32,SELL
NKE,2024-04-10T00:00:00.000000,0,44.9,SELL
NKE,2024-04-11T00:00:00.000000,0,46.44,SELL
NKE,2024-04-12T00:00:00.000000,1,50.07,BUY
NKE,2024-04-15T00:00:00.000000,1,51.22,BUY
NKE,2024-04-16T00:00:00.000000,1,51.22,BUY
NKE,2024-04-17T00:00:00.000000,1,51.22,BUY
NKE,2024-04-18T00:00:00.000000,1,51.22,BUY
NKE,2024-04-19T00:00:00.000000,1,50.07,BUY
NKE,2024-04-22T00:00:00.000000,1,50.0,BUY
NKE,2024-04-23T00:00:00.000000,1,50.07,BUY
NKE,2024-04-24T00:00:00.000000,1,51.15,BUY
NKE,2024-04-25T00:00:00.000000,1,50.07,BUY
NKE,2024-04-26T00:00:00.000000,1,50.07,BUY
NKE,2024-04-29T00:00:00.000000,1,51.15,BUY
NKE,2024-04-30T00:00:00.000000,1,51.22,BUY
NKE,2024-05-01T00:00:00.000000,1,51.22,BUY
NKE,2024-05-02T00:00:00.000000,1,51.22,BUY
NKE,2024-05-03T00:00:00.000000,1,51.22,BUY
NKE,2024-05-06T00:00:00.000000,1,51.22,BUY
NKE,2024-05-07T00:00:00.000000,1,51.22,BUY
NKE,2024-05-08T00:00:00.000000,1,51.22,BUY
NKE,2024-05-09T00:00:00.000000,1,50.07,BUY
NKE,2024-05-10T00:00:00.000000,1,50.07,BUY
NKE,2024-05-13T00:00:00.000000,0,46.44,SELL
NKE,2024-05-14T00:00:00.000000,0,44.32,SELL
NKE,2024-05-15T00:00:00.000000,0,44.32,SELL
NKE,2024-05-16T00:00:00.000000,0,44.32,SELL
NKE,2024-05-17T00:00:00.000000,0,44.32,SELL
NKE,2024-05-20T00:00:00.000000,0,43.6,SELL
NKE,2024-05-21T00:00:00.000000,0,43.6,SELL
NKE,2024-05-22T00:00:00.000000,0,43.6,SELL
NKE,2024-05-23T00:00:00.000000,0,43.6,SELL
NKE,2024-05-24T00:00:00.000000,0,43.6,SELL
NKE,2024-05-28T00:00:00.000000,0,43.6,SELL
NKE,2024-05-29T00:00:00.000000,0,43.6,SELL
NKE,2024-05-30T00:00:00.000000,0,44.32,SELL
NKE,2024-05-31T00:00:00.000000,0,44.32,SELL
NKE,2024-06-03T00:00:00.000000,0,44.32,SELL
NKE,2024-06-04T00:00:00.000000,0,44.9,SELL
NKE,2024-06-05T00:00:00.000000,0,46.44,SELL
NKE,2024-06-06T00:00:00.000000,1,50.07,BUY
NKE,2024-06-07T00:00:00.000000,1,50.07,BUY
NKE,2024-06-10T00:00:00.000000,1,50.07,BUY
NKE,2024-06-11T00:00:00.000000,1,50.07,BUY
NKE,2024-06-12T00:00:00.000000,1,50.07,BUY
NKE,2024-06-13T00:00:00.000000,1,47.54,BUY
NKE,2024-06-14T00:00:00.000000,0,46.44,SELL
NKE,2024-06-17T00:00:00.000000,1,50.07,BUY
NKE,2024-06-18T00:00:00.000000,1,50.07,BUY
NKE,2024-06-20T00:00:00.000000,1,50.07,BUY
NKE,2024-06-21T00:00:00.000000,1,50.07,BUY
NKE,2024-06-24T00:00:00.000000,1,51.22,BUY
NKE,2024-06-25T00:00:00.000000,1,50.07,BUY
NKE,2024-06-26T00:00:00.000000,1,50.07,BUY
NKE,2024-06-27T00:00:00.000000,1,50.07,BUY
NKE,2024-06-28T00:00:00.000000,0,46.44,SELL
NKE,2024-07-01T00:00:00.000000,0,44.32,SELL
NKE,2024-07-02T00:00:00.000000,0,44.32,SELL
NKE,2024-07-03T00:00:00.000000,0,44.32,SELL
NKE,2024-07-05T00:00:00.000000,0,44.32,SELL
NKE,2024-07-08T00:00:00.000000,0,44.32,SELL
NKE,2024-07-09T00:00:00.000000,0,44.32,SELL
NKE,2024-07-10T00:00:00.000000,0,44.32,SELL
NKE,2024-07-11T00:00:00.000000,0,44.32,SELL
NKE,2024-07-12T00:00:00.000000,0,44.32,SELL
NKE,2024-07-15T00:00:00.000000,0,44.32,SELL
NKE,2024-07-16T00:00:00.000000,0,43.6,SELL
NKE,2024-07-17T00:00:00.000000,0,41.9,SELL
NKE,2024-07-18T00:00:00.000000,0,41.9,SELL
NKE,2024-07-19T00:00:00.000000,0,41.9,SELL
NKE,2024-07-22T00:00:00.000000,0,43.6,SELL
NKE,2024-07-23T00:00:00.000000,0,43.6,SELL
NKE,2024-07-24T00:00:00.000000,0,43.6,SELL
NKE,2024-07-25T00:00:00.000000,0,44.32,SELL
NKE,2024-07-26T00:00:00.000000,0,44.32,SELL
NKE,2024-07-29T00:00:00.000000,0,44.32,SELL
NKE,2024-07-30T00:00:00.000000,0,44.32,SELL
NKE,2024-07-31T00:00:00.000000,0,44.32,SELL
NKE,2024-08-01T00:00:00.000000,0,44.32,SELL
NKE,2024-08-02T00:00:00.000000,0,44.9,SELL
NKE,2024-08-05T00:00:00.000000,1,50.07,BUY
NKE,2024-08-06T00:00:00.000000,1,51.22,BUY
NKE,2024-08-07T00:00:00.000000,1,51.22,BUY
NKE,2024-08-08T00:00:00.000000,1,51.22,BUY
NKE,2024-08-09T00:00:00.000000,1,51.22,BUY
NKE,2024-08-12T00:00:00.000000,1,51.22,BUY
NKE,2024-08-13T00:00:00.000000,1,51.22,BUY
NKE,2024-08-14T00:00:00.000000,1,51.22,BUY
NKE,2024-08-15T00:00:00.000000,1,51.22,BUY
NKE,2024-08-16T00:00:00.000000,1,51.22,BUY
NKE,2024-08-19T00:00:00.000000,1,51.22,BUY
NKE,2024-08-20T00:00:00.000000,1,51.22,BUY
NKE,2024-08-21T00:00:00.000000,1,51.22,BUY
NKE,2024-08-22T00:00:00.000000,1,51.22,BUY
NKE,2024-08-23T00:00:00.000000,1,51.22,BUY
NKE,2024-08-26T00:00:00.000000,1,51.22,BUY
NKE,2024-08-27T00:00:00.000000,1,51.22,BUY
NKE,2024-08-28T00:00:00.000000,1,51.22,BUY
NKE,2024-08-29T00:00:00.000000,1,51.22,BUY
NKE,2024-08-30T00:00:00.000000,1,51.22,BUY
NKE,2024-09-03T00:00:00.000000,1,51.22,BUY
NKE,2024-09-04T00:00:00.000000,1,51.22,BUY
NKE,2024-09-05T00:00:00.000000,1,51.22,BUY
NKE,2024-09-06T00:00:00.000000,1,51.22,BUY
NKE,2024-09-09T00:00:00.000000,1,51.22,BUY
NKE,2024-09-10T00:00:00.000000,1,51.22,BUY
NKE,2024-09-11T00:00:00.000000,1,51.22,BUY
NKE,2024-09-12T00:00:00.000000,1,51.22,BUY
NKE,2024-09-13T00:00:00.000000,1,51.22,BUY
NKE,2024-09-16T00:00:00.000000,1,51.22,BUY
NKE,2024-09-17T00:00:00.000000,1,51.22,BUY
NKE,2024-09-18T00:00:00.000000,1,51.22,BUY
NKE,2024-09-19T00:00:00.000000,1,51.22,BUY
NKE,2024-09-20T00:00:00.000000,1,51.22,BUY
NKE,2024-09-23T00:00:00.000000,1,50.07,BUY
NKE,2024-09-24T00:00:00.000000,0,44.32,SELL
NKE,2024-09-25T00:00:00.000000,0,44.32,SELL
NKE,2024-09-26T00:00:00.000000,0,44.32,SELL
NKE,2024-09-27T00:00:00.000000,0,44.32,SELL
NKE,2024-09-30T00:00:00.000000,0,44.32,SELL
NKE,2024-10-01T00:00:00.000000,0,44.32,SELL
NKE,2024-10-02T00:00:00.000000,0,44.32,SELL
NKE,2024-10-03T00:00:00.000000,0,44.32,SELL
NKE,2024-10-04T00:00:00.000000,0,46.44,SELL
NKE,2024-10-07T00:00:00.000000,1,50.07,BUY
NKE,2024-10-08T00:00:00.000000,1,50.07,BUY
NKE,2024-10-09T00:00:00.000000,1,50.07,BUY
NKE,2024-10-10T00:00:00.000000,1,50.07,BUY
NKE,2024-10-11T00:00:00.000000,1,50.07,BUY
NKE,2024-10-14T00:00:00.000000,1,50.0,BUY
NKE,2024-10-15T00:00:00.000000,0,46.44,SELL
NKE,2024-10-16T00:00:00.000000,0,44.32,SELL
NKE,2024-10-17T00:00:00.000000,0,44.32,SELL
NKE,2024-10-18T00:00:00.000000,0,43.6,SELL
NKE,2024-10-21T00:00:00.000000,0,43.59,SELL
NKE,2024-10-22T00:00:00.000000,0,43.59,SELL
NKE,2024-10-23T00:00:00.000000,0,43.6,SELL
NKE,2024-10-24T00:00:00.000000,0,44.32,SELL
NKE,2024-10-25T00:00:00.000000,0,43.6,SELL
NKE,2024-10-28T00:00:00.000000,0,44.32,SELL
NKE,2024-10-29T00:00:00.000000,0,44.32,SELL
NKE,2024-10-30T00:00:00.000000,0,44.32,SELL
NKE,2024-10-31T00:00:00.000000,0,44.32,SELL
NKE,2024-11-01T00:00:00.000000,0,44.32,SELL
NKE,2024-11-04T00:00:00.000000,0,44.32,SELL
NKE,2024-11-05T00:00:00.000000,0,44.32,SELL
NKE,2024-11-06T00:00:00.000000,0,44.32,SELL
NKE,2024-11-07T00:00:00.000000,0,43.6,SELL
NKE,2024-11-08T00:00:00.000000,0,43.59,SELL
NKE,2024-11-11T00:00:00.000000,0,43.59,SELL
NKE,2024-11-12T00:00:00.000000,0,43.59,SELL
NKE,2024-11-13T00:00:00.000000,0,43.59,SELL
NKE,2024-11-14T00:00:00.000000,0,43.59,SELL
NKE,2024-11-15T00:00:00.000000,0,43.59,SELL
NKE,2024-11-18T00:00:00.000000,0,43.6,SELL
NKE,2024-11-19T00:00:00.000000,0,43.6,SELL
NKE,2024-11-20T00:00:00.000000,0,43.6,SELL
NKE,2024-11-21T00:00:00.000000,0,43.6,SELL
NKE,2024-11-22T00:00:00.000000,0,44.32,SELL
NKE,2024-11-25T00:00:00.000000,0,44.32,SELL
NKE,2024-11-26T00:00:00.000000,0,44.32,SELL
NKE,2024-11-27T00:00:00.000000,0,44.32,SELL
NKE,2024-11-29T00:00:00.000000,0,44.32,SELL
NKE,2024-12-02T00:00:00.000000,0,44.32,SELL
NKE,2024-12-03T00:00:00.000000,0,44.32,SELL
NKE,2024-12-04T00:00:00.000000,0,44.32,SELL
NKE,2024-12-05T00:00:00.000000,0,44.32,SELL
NKE,2024-12-06T00:00:00.000000,0,44.32,SELL
NKE,2024-12-09T00:00:00.000000,0,44.32,SELL
NKE,2024-12-10T00:00:00.000000,0,44.32,SELL
NKE,2024-12-11T00:00:00.000000,0,44.32,SELL
NKE,2024-12-12T00:00:00.000000,0,46.44,SELL
NKE,2024-12-13T00:00:00.000000,1,50.07,BUY
NKE,2024-12-16T00:00:00.000000,1,50.07,BUY
NKE,2024-12-17T00:00:00.000000,1,51.22,BUY
NKE,2024-12-18T00:00:00.000000,1,51.22,BUY
NKE,2024-12-19T00:00:00.000000,1,51.22,BUY
NKE,2024-12-20T00:00:00.000000,1,51.22,BUY
NVDA,2023-02-21T00:00:00.000000,1,51.22,BUY
NVDA,2023-02-22T00:00:00.000000,1,51.22,BUY
NVDA,2023-02-23T00:00:00.000000,1,51.22,BUY
NVDA,2023-02-24T00:00:00.000000,1,51.22,BUY
NVDA,2023-02-27T00:00:00.000000,1,51.22,BUY
NVDA,2023-02-28T00:00:00.000000,1,51.22,BUY
NVDA,2023-03-01T00:00:00.000000,1,51.22,BUY
NVDA,2023-03-02T00:00:00.000000,1,51.22,BUY
NVDA,2023-03-03T00:00:00.000000,1,51.22,BUY
NVDA,2023-03-06T00:00:00.000000,1,51.22,BUY
NVDA,2023-03-07T00:00:00.000000,1,51.22,BUY
NVDA,2023-03-08T00:00:00.000000,1,51.22,BUY
NVDA,2023-03-09T00:00:00.000000,1,51.22,BUY
NVDA,2023-03-10T00:00:00.000000,1,51.22,BUY
NVDA,2023-03-13T00:00:00.000000,1,51.22,BUY
NVDA,2023-03-14T00:00:00.000000,1,51.22,BUY
NVDA,2023-03-15T00:00:00.000000,1,51.22,BUY
NVDA,2023-03-16T00:00:00.000000,1,51.22,BUY
NVDA,2023-03-17T00:00:00.000000,1,51.22,BUY
NVDA,2023-03-20T00:00:00.000000,1,51.22,BUY
NVDA,2023-03-21T00:00:00.000000,1,51.22,BUY
NVDA,2023-03-22T00:00:00.000000,1,51.22,BUY
NVDA,2023-03-23T00:00:00.000000,1,51.22,BUY
NVDA,2023-03-24T00:00:00.000000,1,51.22,BUY
NVDA,2023-03-27T00:00:00.000000,1,51.15,BUY
NVDA,2023-03-28T00:00:00.000000,1,50.07,BUY
NVDA,2023-03-29T00:00:00.000000,1,50.07,BUY
NVDA,2023-03-30T00:00:00.000000,1,51.22,BUY
NVDA,2023-03-31T00:00:00.000000,1,51.22,BUY
NVDA,2023-04-03T00:00:00.000000,1,51.22,BUY
NVDA,2023-04-04T00:00:00.000000,1,51.22,BUY
NVDA,2023-04-05T00:00:00.000000,1,51.22,BUY
NVDA,2023-04-06T00:00:00.000000,1,51.22,BUY
NVDA,2023-04-10T00:00:00.000000,1,51.22,BUY
NVDA,2023-04-11T00:00:00.000000,1,51.22,BUY
NVDA,2023-04-12T00:00:00.000000,1,51.22,BUY
NVDA,2023-04-13T00:00:00.000000,1,51.22,BUY
NVDA,2023-04-14T00:00:00.000000,1,51.22,BUY
NVDA,2023-04-17T00:00:00.000000,1,51.22,BUY
NVDA,2023-04-18T00:00:00.000000,1,51.22,BUY
NVDA,2023-04-19T00:00:00.000000,1,51.22,BUY
NVDA,2023-04-20T00:00:00.000000,1,51.22,BUY
NVDA,2023-04-21T00:00:00.000000,1,51.22,BUY
NVDA,2023-04-24T00:00:00.000000,1,51.22,BUY
NVDA,2023-04-25T00:00:00.000000,1,51.22,BUY
NVDA,2023-04-26T00:00:00.000000,1,51.22,BUY
NVDA,2023-04-27T00:00:00.000000,1,51.22,BUY
NVDA,2023-04-28T00:00:00.000000,1,51.22,BUY
NVDA,2023-05-01T00:00:00.000000,1,51.22,BUY
NVDA,2023-05-02T00:00:00.000000,1,51.22,BUY
NVDA,2023-05-03T00:00:00.000000,1,51.22,BUY
NVDA,2023-05-04T00:00:00.000000,1,51.22,BUY
NVDA,2023-05-05T00:00:00.000000,1,51.22,BUY
NVDA,2023-05-08T00:00:00.000000,1,51.22,BUY
NVDA,2023-05-09T00:00:00.000000,1,51.22,BUY
NVDA,2023-05-10T00:00:00.000000,1,51.22,BUY
NVDA,2023-05-11T00:00:00.000000,1,51.22,BUY
NVDA,2023-05-12T00:00:00.000000,1,51.22,BUY
NVDA,2023-05-15T00:00:00.000000,1,51.22,BUY
NVDA,2023-05-16T00:00:00.000000,1,51.22,BUY
NVDA,2023-05-17T00:00:00.000000,1,51.22,BUY
NVDA,2023-05-18T00:00:00.000000,1,51.22,BUY
NVDA,2023-05-19T00:00:00.000000,1,51.22,BUY
NVDA,2023-05-22T00:00:00.000000,1,51.22,BUY
NVDA,2023-05-23T00:00:00.000000,1,51.22,BUY
NVDA,2023-05-24T00:00:00.000000,1,51.22,BUY
NVDA,2023-05-25T00:00:00.000000,1,51.22,BUY
NVDA,2023-05-26T00:00:00.000000,1,51.22,BUY
NVDA,2023-05-30T00:00:00.000000,1,50.07,BUY
NVDA,2023-05-31T00:00:00.000000,1,50.07,BUY
NVDA,2023-06-01T00:00:00.000000,1,50.07,BUY
NVDA,2023-06-02T00:00:00.000000,1,50.07,BUY
NVDA,2023-06-05T00:00:00.000000,1,50.07,BUY
NVDA,2023-06-06T00:00:00.000000,1,50.07,BUY
NVDA,2023-06-07T00:00:00.000000,1,51.22,BUY
NVDA,2023-06-08T00:00:00.000000,1,51.22,BUY
NVDA,2023-06-09T00:00:00.000000,1,51.22,BUY
NVDA,2023-06-12T00:00:00.000000,1,51.22,BUY
NVDA,2023-06-13T00:00:00.000000,1,51.22,BUY
NVDA,2023-06-14T00:00:00.000000,1,51.22,BUY
NVDA,2023-06-15T00:00:00.000000,1,51.22,BUY
NVDA,2023-06-16T00:00:00.000000,1,51.22,BUY
NVDA,2023-06-20T00:00:00.000000,1,51.22,BUY
NVDA,2023-06-21T00:00:00.000000,1,51.15,BUY
NVDA,2023-06-22T00:00:00.000000,1,50.0,BUY
NVDA,2023-06-23T00:00:00.000000,0,44.32,SELL
NVDA,2023-06-26T00:00:00.000000,0,44.32,SELL
NVDA,2023-06-27T00:00:00.000000,0,44.32,SELL
NVDA,2023-06-28T00:00:00.000000,0,44.9,SELL
NVDA,2023-06-29T00:00:00.000000,1,51.22,BUY
NVDA,2023-06-30T00:00:00.000000,1,51.22,BUY
NVDA,2023-07-03T00:00:00.000000,1,51.22,BUY
NVDA,2023-07-05T00:00:00.000000,1,51.22,BUY
NVDA,2023-07-06T00:00:00.000000,1,51.22,BUY
NVDA,2023-07-07T00:00:00.000000,1,51.22,BUY
NVDA,2023-07-10T00:00:00.000000,1,51.22,BUY
NVDA,2023-07-11T00:00:00.000000,1,51.22,BUY
NVDA,2023-07-12T00:00:00.000000,1,51.22,BUY
NVDA,2023-07-13T00:00:00.000000,1,51.22,BUY
NVDA,2023-07-14T00:00:00.000000,1,51.22,BUY
NVDA,2023-07-17T00:00:00.000000,1,50.07,BUY
NVDA,2023-07-18T00:00:00.000000,1,50.07,BUY
NVDA,2023-07-19T00:00:00.000000,1,50.07,BUY
NVDA,2023-07-20T00:00:00.000000,1,50.0,BUY
NVDA,2023-07-21T00:00:00.000000,0,46.44,SELL
NVDA,2023-07-24T00:00:00.000000,0,46.44,SELL
NVDA,2023-07-25T00:00:00.000000,0,46.44,SELL
NVDA,2023-07-26T00:00:00.000000,0,46.44,SELL
NVDA,2023-07-27T00:00:00.000000,1,50.07,BUY
NVDA,2023-07-28T00:00:00.000000,1,51.22,BUY
NVDA,2023-07-31T00:00:00.000000,1,51.22,BUY
NVDA,2023-08-01T00:00:00.000000,1,51.22,BUY
NVDA,2023-08-02T00:00:00.000000,1,51.22,BUY
NVDA,2023-08-03T00:00:00.000000,1,51.22,BUY
NVDA,2023-08-04T00:00:00.000000,1,51.22,BUY
NVDA,2023-08-07T00:00:00.000000,1,51.22,BUY
NVDA,2023-08-08T00:00:00.000000,1,51.22,BUY
NVDA,2023-08-09T00:00:00.000000,1,51.22,BUY
NVDA,2023-08-10T00:00:00.000000,1,51.22,BUY
NVDA,2023-08-11T00:00:00.000000,1,51.22,BUY
NVDA,2023-08-14T00:00:00.000000,1,51.22,BUY
NVDA,2023-08-15T00:00:00.000000,1,51.22,BUY
NVDA,2023-08-16T00:00:00.000000,1,51.22,BUY
NVDA,2023-08-17T00:00:00.000000,1,51.22,BUY
NVDA,2023-08-18T00:00:00.000000,1,51.22,BUY
NVDA,2023-08-21T00:00:00.000000,1,51.22,BUY
NVDA,2023-08-22T00:00:00.000000,1,51.22,BUY
NVDA,2023-08-23T00:00:00.000000,1,51.22,BUY
NVDA,2023-08-24T00:00:00.000000,1,51.22,BUY
NVDA,2023-08-25T00:00:00.000000,1,51.22,BUY
NVDA,2023-08-28T00:00:00.000000,1,51.22,BUY
NVDA,2023-08-29T00:00:00.000000,1,51.22,BUY
NVDA,2023-08-30T00:00:00.000000,1,51.22,BUY
NVDA,2023-08-31T00:00:00.000000,1,51.22,BUY
NVDA,2023-09-01T00:00:00.000000,1,51.22,BUY
NVDA,2023-09-05T00:00:00.000000,1,51.22,BUY
NVDA,2023-09-06T00:00:00.000000,1,51.22,BUY
NVDA,2023-09-07T00:00:00.000000,1,51.22,BUY
NVDA,2023-09-08T00:00:00.000000,1,51.22,BUY
NVDA,2023-09-11T00:00:00.000000,1,51.22,BUY
NVDA,2023-09-12T00:00:00.000000,1,51.22,BUY
NVDA,2023-09-13T00:00:00.000000,1,51.22,BUY
NVDA,2023-09-14T00:00:00.000000,1,51.22,BUY
NVDA,2023-09-15T00:00:00.000000,1,51.22,BUY
NVDA,2023-09-18T00:00:00.000000,1,51.22,BUY
NVDA,2023-09-19T00:00:00.000000,1,51.22,BUY
NVDA,2023-09-20T00:00:00.000000,1,51.22,BUY
NVDA,2023-09-21T00:00:00.000000,1,51.22,BUY
NVDA,2023-09-22T00:00:00.000000,1,51.22,BUY
NVDA,2023-09-25T00:00:00.000000,1,51.22,BUY
NVDA,2023-09-26T00:00:00.000000,1,51.22,BUY
NVDA,2023-09-27T00:00:00.000000,1,51.22,BUY
NVDA,2023-09-28T00:00:00.000000,1,51.22,BUY
NVDA,2023-09-29T00:00:00.000000,1,51.22,BUY
NVDA,2023-10-02T00:00:00.000000,1,51.22,BUY
NVDA,2023-10-03T00:00:00.000000,1,51.22,BUY
NVDA,2023-10-04T00:00:00.000000,1,51.22,BUY
NVDA,2023-10-05T00:00:00.000000,1,51.22,BUY
NVDA,2023-10-06T00:00:00.000000,1,51.22,BUY
NVDA,2023-10-09T00:00:00.000000,1,51.22,BUY
NVDA,2023-10-10T00:00:00.000000,1,51.22,BUY
NVDA,2023-10-11T00:00:00.000000,1,51.22,BUY
NVDA,2023-10-12T00:00:00.000000,1,51.22,BUY
NVDA,2023-10-13T00:00:00.000000,1,51.22,BUY
NVDA,2023-10-16T00:00:00.000000,1,51.22,BUY
NVDA,2023-10-17T00:00:00.000000,1,51.22,BUY
NVDA,2023-10-18T00:00:00.000000,1,51.22,BUY
NVDA,2023-10-19T00:00:00.000000,1,51.22,BUY
NVDA,2023-10-20T00:00:00.000000,1,51.22,BUY
NVDA,2023-10-23T00:00:00.000000,1,51.22,BUY
NVDA,2023-10-24T00:00:00.000000,1,51.22,BUY
NVDA,2023-10-25T00:00:00.000000,1,51.22,BUY
NVDA,2023-10-26T00:00:00.000000,1,51.22,BUY
NVDA,2023-10-27T00:00:00.000000,1,51.22,BUY
NVDA,2023-10-30T00:00:00.000000,1,51.22,BUY
NVDA,2023-10-31T00:00:00.000000,1,51.22,BUY
NVDA,2023-11-01T00:00:00.000000,1,51.22,BUY
NVDA,2023-11-02T00:00:00.000000,1,51.22,BUY
NVDA,2023-11-03T00:00:00.000000,1,51.22,BUY
NVDA,2023-11-06T00:00:00.000000,1,51.22,BUY
NVDA,2023-11-07T00:00:00.000000,1,51.22,BUY
NVDA,2023-11-08T00:00:00.000000,1,51.22,BUY
NVDA,2023-11-09T00:00:00.000000,1,51.22,BUY
NVDA,2023-11-10T00:00:00.000000,1,51.22,BUY
NVDA,2023-11-13T00:00:00.000000,1,51.22,BUY
NVDA,2023-11-14T00:00:00.000000,1,51.22,BUY
NVDA,2023-11-15T00:00:00.000000,1,51.22,BUY
NVDA,2023-11-16T00:00:00.000000,1,51.22,BUY
NVDA,2023-11-17T00:00:00.000000,1,51.22,BUY
NVDA,2023-11-20T00:00:00.000000,1,51.22,BUY
NVDA,2023-11-21T00:00:00.000000,1,51.22,BUY
NVDA,2023-11-22T00:00:00.000000,1,51.22,BUY
NVDA,2023-11-24T00:00:00.000000,1,51.22,BUY
NVDA,2023-11-27T00:00:00.000000,1,51.22,BUY
NVDA,2023-11-28T00:00:00.000000,1,51.22,BUY
NVDA,2023-11-29T00:00:00.000000,1,51.22,BUY
NVDA,2023-11-30T00:00:00.000000,1,51.22,BUY
NVDA,2023-12-01T00:00:00.000000,1,51.22,BUY
NVDA,2023-12-04T00:00:00.000000,1,51.22,BUY
NVDA,2023-12-05T00:00:00.000000,1,51.22,BUY
NVDA,2023-12-06T00:00:00.000000,1,51.22,BUY
NVDA,2023-12-07T00:00:00.000000,1,51.22,BUY
NVDA,2023-12-08T00:00:00.000000,1,51.22,BUY
NVDA,2023-12-11T00:00:00.000000,1,51.22,BUY
NVDA,2023-12-12T00:00:00.000000,1,51.22,BUY
NVDA,2023-12-13T00:00:00.000000,1,51.22,BUY
NVDA,2023-12-14T00:00:00.000000,1,51.22,BUY
NVDA,2023-12-15T00:00:00.000000,1,51.22,BUY
NVDA,2023-12-18T00:00:00.000000,1,51.22,BUY
NVDA,2023-12-19T00:00:00.000000,1,51.22,BUY
NVDA,2023-12-20T00:00:00.000000,1,51.22,BUY
NVDA,2023-12-21T00:00:00.000000,1,50.07,BUY
NVDA,2023-12-22T00:00:00.000000,1,50.07,BUY
NVDA,2023-12-26T00:00:00.000000,1,50.07,BUY
NVDA,2023-12-27T00:00:00.000000,1,50.07,BUY
NVDA,2023-12-28T00:00:00.000000,1,50.07,BUY
NVDA,2023-12-29T00:00:00.000000,1,50.07,BUY
NVDA,2024-01-02T00:00:00.000000,1,51.22,BUY
NVDA,2024-01-03T00:00:00.000000,1,51.22,BUY
NVDA,2024-01-04T00:00:00.000000,1,51.22,BUY
NVDA,2024-01-05T00:00:00.000000,1,51.22,BUY
NVDA,2024-01-08T00:00:00.000000,1,51.22,BUY
NVDA,2024-01-09T00:00:00.000000,1,51.22,BUY
NVDA,2024-01-10T00:00:00.000000,1,51.22,BUY
NVDA,2024-01-11T00:00:00.000000,1,51.22,BUY
NVDA,2024-01-12T00:00:00.000000,1,51.22,BUY
NVDA,2024-01-16T00:00:00.000000,1,51.22,BUY
NVDA,2024-01-17T00:00:00.000000,1,51.22,BUY
NVDA,2024-01-18T00:00:00.000000,1,51.22,BUY
NVDA,2024-01-19T00:00:00.000000,1,51.22,BUY
NVDA,2024-01-22T00:00:00.000000,1,51.22,BUY
NVDA,2024-01-23T00:00:00.000000,1,51.22,BUY
NVDA,2024-01-24T00:00:00.000000,1,51.22,BUY
NVDA,2024-01-25T00:00:00.000000,1,51.22,BUY
NVDA,2024-01-26T00:00:00.000000,1,51.22,BUY
NVDA,2024-01-29T00:00:00.000000,1,51.22,BUY
NVDA,2024-01-30T00:00:00.000000,1,51.22,BUY
NVDA,2024-01-31T00:00:00.000000,1,51.22,BUY
NVDA,2024-02-01T00:00:00.000000,1,51.22,BUY
NVDA,2024-02-02T00:00:00.000000,1,51.22,BUY
NVDA,2024-02-05T00:00:00.000000,1,51.22,BUY
NVDA,2024-02-06T00:00:00.000000,1,51.22,BUY
NVDA,2024-02-07T00:00:00.000000,1,51.22,BUY
NVDA,2024-02-08T00:00:00.000000,1,51.22,BUY
NVDA,2024-02-09T00:00:00.000000,1,51.22,BUY
NVDA,2024-02-12T00:00:00.000000,1,51.22,BUY
NVDA,2024-02-13T00:00:00.000000,1,51.22,BUY
NVDA,2024-02-14T00:00:00.000000,1,51.22,BUY
NVDA,2024-02-15T00:00:00.000000,1,51.22,BUY
NVDA,2024-02-16T00:00:00.000000,1,51.22,BUY
NVDA,2024-02-20T00:00:00.000000,1,51.22,BUY
NVDA,2024-02-21T00:00:00.000000,1,51.22,BUY
NVDA,2024-02-22T00:00:00.000000,1,51.22,BUY
NVDA,2024-02-23T00:00:00.000000,1,51.22,BUY
NVDA,2024-02-26T00:00:00.000000,1,51.22,BUY
NVDA,2024-02-27T00:00:00.000000,1,51.22,BUY
NVDA,2024-02-28T00:00:00.000000,1,51.22,BUY
NVDA,2024-02-29T00:00:00.000000,1,51.22,BUY
NVDA,2024-03-01T00:00:00.000000,1,51.22,BUY
NVDA,2024-03-04T00:00:00.000000,1,50.07,BUY
NVDA,2024-03-05T00:00:00.000000,0,47.54,SELL
NVDA,2024-03-06T00:00:00.000000,0,44.32,SELL
NVDA,2024-03-07T00:00:00.000000,0,44.32,SELL
NVDA,2024-03-08T00:00:00.000000,0,44.32,SELL
NVDA,2024-03-11T00:00:00.000000,0,44.9,SELL
NVDA,2024-03-12T00:00:00.000000,0,47.54,SELL
NVDA,2024-03-13T00:00:00.000000,1,50.07,BUY
NVDA,2024-03-14T00:00:00.000000,1,50.0,BUY
NVDA,2024-03-15T00:00:00.000000,1,50.07,BUY
NVDA,2024-03-18T00:00:00.000000,1,51.22,BUY
NVDA,2024-03-19T00:00:00.000000,1,51.22,BUY
NVDA,2024-03-20T00:00:00.000000,1,51.22,BUY
NVDA,2024-03-21T00:00:00.000000,1,51.22,BUY
NVDA,2024-03-22T00:00:00.000000,1,51.22,BUY
NVDA,2024-03-25T00:00:00.000000,1,51.22,BUY
NVDA,2024-03-26T00:00:00.000000,1,51.22,BUY
NVDA,2024-03-27T00:00:00.000000,1,51.22,BUY
NVDA,2024-03-28T00:00:00.000000,1,51.22,BUY
NVDA,2024-04-01T00:00:00.000000,1,51.22,BUY
NVDA,2024-04-02T00:00:00.000000,1,51.22,BUY
NVDA,2024-04-03T00:00:00.000000,1,51.22,BUY
NVDA,2024-04-04T00:00:00.000000,1,51.22,BUY
NVDA,2024-04-05T00:00:00.000000,1,51.22,BUY
NVDA,2024-04-08T00:00:00.000000,1,51.22,BUY
NVDA,2024-04-09T00:00:00.000000,1,51.22,BUY
NVDA,2024-04-10T00:00:00.000000,1,51.22,BUY
NVDA,2024-04-11T00:00:00.000000,1,51.22,BUY
NVDA,2024-04-12T00:00:00.000000,1,51.22,BUY
NVDA,2024-04-15T00:00:00.000000,1,51.22,BUY
NVDA,2024-04-16T00:00:00.000000,1,51.22,BUY
NVDA,2024-04-17T00:00:00.000000,1,51.22,BUY
NVDA,2024-04-18T00:00:00.000000,1,51.22,BUY
NVDA,2024-04-19T00:00:00.000000,1,51.22,BUY
NVDA,2024-04-22T00:00:00.000000,1,51.22,BUY
NVDA,2024-04-23T00:00:00.000000,1,51.22,BUY
NVDA,2024-04-24T00:00:00.000000,1,51.22,BUY
NVDA,2024-04-25T00:00:00.000000,1,51.22,BUY
NVDA,2024-04-26T00:00:00.000000,1,51.22,BUY
NVDA,2024-04-29T00:00:00.000000,1,51.22,BUY
NVDA,2024-04-30T00:00:00.000000,1,51.22,BUY
NVDA,2024-05-01T00:00:00.000000,1,51.22,BUY
NVDA,2024-05-02T00:00:00.000000,1,51.22,BUY
NVDA,2024-05-03T00:00:00.000000,1,51.22,BUY
NVDA,2024-05-06T00:00:00.000000,1,51.22,BUY
NVDA,2024-05-07T00:00:00.000000,1,51.22,BUY
NVDA,2024-05-08T00:00:00.000000,1,51.22,BUY
NVDA,2024-05-09T00:00:00.000000,1,51.22,BUY
NVDA,2024-05-10T00:00:00.000000,1,51.22,BUY
NVDA,2024-05-13T00:00:00.000000,1,51.22,BUY
NVDA,2024-05-14T00:00:00.000000,1,51.22,BUY
NVDA,2024-05-15T00:00:00.000000,1,51.22,BUY
NVDA,2024-05-16T00:00:00.000000,1,51.22,BUY
NVDA,2024-05-17T00:00:00.000000,1,51.22,BUY
NVDA,2024-05-20T00:00:00.000000,1,51.22,BUY
NVDA,2024-05-21T00:00:00.000000,1,51.22,BUY
NVDA,2024-05-22T00:00:00.000000,1,51.22,BUY
NVDA,2024-05-23T00:00:00.000000,1,51.22,BUY
NVDA,2024-05-24T00:00:00.000000,1,50.07,BUY
NVDA,2024-05-28T00:00:00.000000,1,50.07,BUY
NVDA,2024-05-29T00:00:00.000000,1,50.07,BUY
NVDA,2024-05-30T00:00:00.000000,1,50.07,BUY
NVDA,2024-05-31T00:00:00.000000,1,50.07,BUY
NVDA,2024-06-03T00:00:00.000000,1,50.07,BUY
NVDA,2024-06-04T00:00:00.000000,1,51.22,BUY
NVDA,2024-06-05T00:00:00.000000,1,51.22,BUY
NVDA,2024-06-06T00:00:00.000000,1,51.22,BUY
NVDA,2024-06-07T00:00:00.000000,1,51.22,BUY
NVDA,2024-06-10T00:00:00.000000,1,51.22,BUY
NVDA,2024-06-11T00:00:00.000000,1,51.22,BUY
NVDA,2024-06-12T00:00:00.000000,1,51.22,BUY
NVDA,2024-06-13T00:00:00.000000,1,51.22,BUY
NVDA,2024-06-14T00:00:00.000000,1,51.22,BUY
NVDA,2024-06-17T00:00:00.000000,1,51.22,BUY
NVDA,2024-06-18T00:00:00.000000,1,50.07,BUY
NVDA,2024-06-20T00:00:00.000000,1,50.0,BUY
NVDA,2024-06-21T00:00:00.000000,0,46.44,SELL
NVDA,2024-06-24T00:00:00.000000,0,44.9,SELL
NVDA,2024-06-25T00:00:00.000000,0,44.32,SELL
NVDA,2024-06-26T00:00:00.000000,0,44.32,SELL
NVDA,2024-06-27T00:00:00.000000,0,46.44,SELL
NVDA,2024-06-28T00:00:00.000000,1,50.07,BUY
NVDA,2024-07-01T00:00:00.000000,1,51.22,BUY
NVDA,2024-07-02T00:00:00.000000,1,51.22,BUY
NVDA,2024-07-03T00:00:00.000000,1,51.22,BUY
NVDA,2024-07-05T00:00:00.000000,1,51.22,BUY
NVDA,2024-07-08T00:00:00.000000,1,51.22,BUY
NVDA,2024-07-09T00:00:00.000000,1,51.22,BUY
NVDA,2024-07-10T00:00:00.000000,1,51.22,BUY
NVDA,2024-07-11T00:00:00.000000,1,51.22,BUY
NVDA,2024-07-12T00:00:00.000000,1,51.22,BUY
NVDA,2024-07-15T00:00:00.000000,1,50.07,BUY
NVDA,2024-07-16T00:00:00.000000,1,50.07,BUY
NVDA,2024-07-17T00:00:00.000000,1,50.07,BUY
NVDA,2024-07-18T00:00:00.000000,1,50.07,BUY
NVDA,2024-07-19T00:00:00.000000,1,51.22,BUY
NVDA,2024-07-22T00:00:00.000000,1,51.22,BUY
NVDA,2024-07-23T00:00:00.000000,1,51.22,BUY
NVDA,2024-07-24T00:00:00.000000,1,51.22,BUY
NVDA,2024-07-25T00:00:00.000000,1,51.22,BUY
NVDA,2024-07-26T00:00:00.000000,1,51.22,BUY
NVDA,2024-07-29T00:00:00.000000,1,51.22,BUY
NVDA,2024-07-30T00:00:00.000000,1,51.22,BUY
NVDA,2024-07-31T00:00:00.000000,1,51.22,BUY
NVDA,2024-08-01T00:00:00.000000,1,51.22,BUY
NVDA,2024-08-02T00:00:00.000000,1,51.22,BUY
NVDA,2024-08-05T00:00:00.000000,1,51.22,BUY
NVDA,2024-08-06T00:00:00.000000,1,51.22,BUY
NVDA,2024-08-07T00:00:00.000000,1,51.22,BUY
NVDA,2024-08-08T00:00:00.000000,1,51.22,BUY
NVDA,2024-08-09T00:00:00.000000,1,51.22,BUY
NVDA,2024-08-12T00:00:00.000000,1,51.22,BUY
NVDA,2024-08-13T00:00:00.000000,1,51.22,BUY
NVDA,2024-08-14T00:00:00.000000,1,51.22,BUY
NVDA,2024-08-15T00:00:00.000000,1,51.22,BUY
NVDA,2024-08-16T00:00:00.000000,1,51.22,BUY
NVDA,2024-08-19T00:00:00.000000,1,51.22,BUY
NVDA,2024-08-20T00:00:00.000000,1,51.22,BUY
NVDA,2024-08-21T00:00:00.000000,1,51.22,BUY
NVDA,2024-08-22T00:00:00.000000,1,51.22,BUY
NVDA,2024-08-23T00:00:00.000000,1,51.22,BUY
NVDA,2024-08-26T00:00:00.000000,1,51.22,BUY
NVDA,2024-08-27T00:00:00.000000,1,51.22,BUY
NVDA,2024-08-28T00:00:00.000000,1,51.22,BUY
NVDA,2024-08-29T00:00:00.000000,1,51.22,BUY
NVDA,2024-08-30T00:00:00.000000,1,51.22,BUY
NVDA,2024-09-03T00:00:00.000000,1,51.22,BUY
NVDA,2024-09-04T00:00:00.000000,1,51.22,BUY
NVDA,2024-09-05T00:00:00.000000,1,51.22,BUY
NVDA,2024-09-06T00:00:00.000000,1,51.22,BUY
NVDA,2024-09-09T00:00:00.000000,1,51.22,BUY
NVDA,2024-09-10T00:00:00.000000,1,51.22,BUY
NVDA,2024-09-11T00:00:00.000000,1,51.22,BUY
NVDA,2024-09-12T00:00:00.000000,1,51.22,BUY
NVDA,2024-09-13T00:00:00.000000,1,51.22,BUY
NVDA,2024-09-16T00:00:00.000000,1,51.22,BUY
NVDA,2024-09-17T00:00:00.000000,1,51.22,BUY
NVDA,2024-09-18T00:00:00.000000,1,51.22,BUY
NVDA,2024-09-19T00:00:00.000000,1,51.22,BUY
NVDA,2024-09-20T00:00:00.000000,1,51.22,BUY
NVDA,2024-09-23T00:00:00.000000,1,51.22,BUY
NVDA,2024-09-24T00:00:00.000000,1,51.22,BUY
NVDA,2024-09-25T00:00:00.000000,1,51.22,BUY
NVDA,2024-09-26T00:00:00.000000,1,51.22,BUY
NVDA,2024-09-27T00:00:00.000000,1,51.22,BUY
NVDA,2024-09-30T00:00:00.000000,1,51.22,BUY
NVDA,2024-10-01T00:00:00.000000,1,51.22,BUY
NVDA,2024-10-02T00:00:00.000000,1,51.22,BUY
NVDA,2024-10-03T00:00:00.000000,1,51.22,BUY
NVDA,2024-10-04T00:00:00.000000,1,51.22,BUY
NVDA,2024-10-07T00:00:00.000000,1,51.22,BUY
NVDA,2024-10-08T00:00:00.000000,1,51.22,BUY
NVDA,2024-10-09T00:00:00.000000,1,51.22,BUY
NVDA,2024-10-10T00:00:00.000000,1,51.22,BUY
NVDA,2024-10-11T00:00:00.000000,1,51.22,BUY
NVDA,2024-10-14T00:00:00.000000,1,51.22,BUY
NVDA,2024-10-15T00:00:00.000000,1,51.22,BUY
NVDA,2024-10-16T00:00:00.000000,1,51.22,BUY
NVDA,2024-10-17T00:00:00.000000,1,51.22,BUY
NVDA,2024-10-18T00:00:00.000000,1,51.22,BUY
NVDA,2024-10-21T00:00:00.000000,1,51.22,BUY
NVDA,2024-10-22T00:00:00.000000,1,51.22,BUY
NVDA,2024-10-23T00:00:00.000000,1,51.22,BUY
NVDA,2024-10-24T00:00:00.000000,1,51.22,BUY
NVDA,2024-10-25T00:00:00.000000,1,51.22,BUY
NVDA,2024-10-28T00:00:00.000000,1,51.22,BUY
NVDA,2024-10-29T00:00:00.000000,1,51.22,BUY
NVDA,2024-10-30T00:00:00.000000,1,51.22,BUY
NVDA,2024-10-31T00:00:00.000000,1,51.22,BUY
NVDA,2024-11-01T00:00:00.000000,1,51.22,BUY
NVDA,2024-11-04T00:00:00.000000,1,51.22,BUY
NVDA,2024-11-05T00:00:00.000000,1,51.22,BUY
NVDA,2024-11-06T00:00:00.000000,1,51.22,BUY
NVDA,2024-11-07T00:00:00.000000,1,51.22,BUY
NVDA,2024-11-08T00:00:00.000000,1,51.22,BUY
NVDA,2024-11-11T00:00:00.000000,1,51.22,BUY
NVDA,2024-11-12T00:00:00.000000,1,51.22,BUY
NVDA,2024-11-13T00:00:00.000000,1,51.22,BUY
NVDA,2024-11-14T00:00:00.000000,1,51.22,BUY
NVDA,2024-11-15T00:00:00.000000,1,50.07,BUY
NVDA,2024-11-18T00:00:00.000000,0,46.44,SELL
NVDA,2024-11-19T00:00:00.000000,0,46.44,SELL
NVDA,2024-11-20T00:00:00.000000,1,50.07,BUY
NVDA,2024-11-21T00:00:00.000000,1,51.22,BUY
NVDA,2024-11-22T00:00:00.000000,1,51.22,BUY
NVDA,2024-11-25T00:00:00.000000,1,51.22,BUY
NVDA,2024-11-26T00:00:00.000000,1,51.22,BUY
NVDA,2024-11-27T00:00:00.000000,1,51.22,BUY
NVDA,2024-11-29T00:00:00.000000,1,51.22,BUY
NVDA,2024-12-02T00:00:00.000000,1,51.22,BUY
NVDA,2024-12-03T00:00:00.000000,1,51.22,BUY
NVDA,2024-12-04T00:00:00.000000,1,51.22,BUY
NVDA,2024-12-05T00:00:00.000000,1,51.22,BUY
NVDA,2024-12-06T00:00:00.000000,1,51.22,BUY
NVDA,2024-12-09T00:00:00.000000,1,51.22,BUY
NVDA,2024-12-10T00:00:00.000000,1,51.22,BUY
NVDA,2024-12-11T00:00:00.000000,1,51.22,BUY
NVDA,2024-12-12T00:00:00.000000,1,51.22,BUY
NVDA,2024-12-13T00:00:00.000000,1,51.22,BUY
NVDA,2024-12-16T00:00:00.000000,1,51.22,BUY
NVDA,2024-12-17T00:00:00.000000,1,51.22,BUY
NVDA,2024-12-18T00:00:00.000000,1,51.22,BUY
NVDA,2024-12-19T00:00:00.000000,1,51.22,BUY
NVDA,2024-12-20T00:00:00.000000,1,51.22,BUY
ORCL,2023-02-21T00:00:00.000000,0,44.9,SELL
ORCL,2023-02-22T00:00:00.000000,0,46.44,SELL
ORCL,2023-02-23T00:00:00.000000,1,50.0,BUY
ORCL,2023-02-24T00:00:00.000000,0,46.44,SELL
ORCL,2023-02-27T00:00:00.000000,0,46.44,SELL
ORCL,2023-02-28T00:00:00.000000,1,50.07,BUY
ORCL,2023-03-01T00:00:00.000000,1,51.22,BUY
ORCL,2023-03-02T00:00:00.000000,1,51.22,BUY
ORCL,2023-03-03T00:00:00.000000,1,51.22,BUY
ORCL,2023-03-06T00:00:00.000000,1,51.22,BUY
ORCL,2023-03-07T00:00:00.000000,1,51.22,BUY
ORCL,2023-03-08T00:00:00.000000,1,51.22,BUY
ORCL,2023-03-09T00:00:00.000000,1,50.07,BUY
ORCL,2023-03-10T00:00:00.000000,1,50.07,BUY
ORCL,2023-03-13T00:00:00.000000,1,50.07,BUY
ORCL,2023-03-14T00:00:00.000000,1,50.07,BUY
ORCL,2023-03-15T00:00:00.000000,1,50.07,BUY
ORCL,2023-03-16T00:00:00.000000,1,50.07,BUY
ORCL,2023-03-17T00:00:00.000000,1,50.07,BUY
ORCL,2023-03-20T00:00:00.000000,1,51.22,BUY
ORCL,2023-03-21T00:00:00.000000,1,51.22,BUY
ORCL,2023-03-22T00:00:00.000000,1,51.22,BUY
ORCL,2023-03-23T00:00:00.000000,1,50.07,BUY
ORCL,2023-03-24T00:00:00.000000,1,50.07,BUY
ORCL,2023-03-27T00:00:00.000000,0,46.44,SELL
ORCL,2023-03-28T00:00:00.000000,0,44.32,SELL
ORCL,2023-03-29T00:00:00.000000,0,44.32,SELL
ORCL,2023-03-30T00:00:00.000000,0,44.32,SELL
ORCL,2023-03-31T00:00:00.000000,0,44.32,SELL
ORCL,2023-04-03T00:00:00.000000,0,44.32,SELL
ORCL,2023-04-04T00:00:00.000000,0,44.32,SELL
ORCL,2023-04-05T00:00:00.000000,0,44.32,SELL
ORCL,2023-04-06T00:00:00.000000,0,46.44,SELL
ORCL,2023-04-10T00:00:00.000000,0,46.44,SELL
ORCL,2023-04-11T00:00:00.000000,0,46.44,SELL
ORCL,2023-04-12T00:00:00.000000,1,50.07,BUY
ORCL,2023-04-13T00:00:00.000000,1,50.07,BUY
ORCL,2023-04-14T00:00:00.000000,1,50.07,BUY
ORCL,2023-04-17T00:00:00.000000,1,50.07,BUY
ORCL,2023-04-18T00:00:00.000000,1,50.07,BUY
ORCL,2023-04-19T00:00:00.000000,1,51.22,BUY
ORCL,2023-04-20T00:00:00.000000,1,51.22,BUY
ORCL,2023-04-21T00:00:00.000000,1,51.22,BUY
ORCL,2023-04-24T00:00:00.000000,1,51.22,BUY
ORCL,2023-04-25T00:00:00.000000,1,51.15,BUY
ORCL,2023-04-26T00:00:00.000000,1,50.07,BUY
ORCL,2023-04-27T00:00:00.000000,1,50.07,BUY
ORCL,2023-04-28T00:00:00.000000,1,51.15,BUY
ORCL,2023-05-01T00:00:00.000000,1,51.22,BUY
ORCL,2023-05-02T00:00:00.000000,1,51.22,BUY
ORCL,2023-05-03T00:00:00.000000,1,51.22,BUY
ORCL,2023-05-04T00:00:00.000000,1,51.22,BUY
ORCL,2023-05-05T00:00:00.000000,1,51.22,BUY
ORCL,2023-05-08T00:00:00.000000,1,51.22,BUY
ORCL,2023-05-09T00:00:00.000000,1,51.22,BUY
ORCL,2023-05-10T00:00:00.000000,1,51.22,BUY
ORCL,2023-05-11T00:00:00.000000,1,51.15,BUY
ORCL,2023-05-12T00:00:00.000000,1,50.07,BUY
ORCL,2023-05-15T00:00:00.000000,1,50.07,BUY
ORCL,2023-05-16T00:00:00.000000,1,50.07,BUY
ORCL,2023-05-17T00:00:00.000000,1,50.07,BUY
ORCL,2023-05-18T00:00:00.000000,0,46.44,SELL
ORCL,2023-05-19T00:00:00.000000,0,46.44,SELL
ORCL,2023-05-22T00:00:00.000000,0,46.44,SELL
ORCL,2023-05-23T00:00:00.000000,0,46.44,SELL
ORCL,2023-05-24T00:00:00.000000,0,46.44,SELL
ORCL,2023-05-25T00:00:00.000000,0,46.44,SELL
ORCL,2023-05-26T00:00:00.000000,1,50.07,BUY
ORCL,2023-05-30T00:00:00.000000,1,50.07,BUY
ORCL,2023-05-31T00:00:00.000000,1,50.07,BUY
ORCL,2023-06-01T00:00:00.000000,1,50.07,BUY
ORCL,2023-06-02T00:00:00.000000,1,50.07,BUY
ORCL,2023-06-05T00:00:00.000000,1,50.07,BUY
ORCL,2023-06-06T00:00:00.000000,1,50.07,BUY
ORCL,2023-06-07T00:00:00.000000,1,50.07,BUY
ORCL,2023-06-08T00:00:00.000000,1,50.07,BUY
ORCL,2023-06-09T00:00:00.000000,0,46.44,SELL
ORCL,2023-06-12T00:00:00.000000,0,46.44,SELL
ORCL,2023-06-13T00:00:00.000000,0,46.44,SELL
ORCL,2023-06-14T00:00:00.000000,0,44.9,SELL
ORCL,2023-06-15T00:00:00.000000,0,44.32,SELL
ORCL,2023-06-16T00:00:00.000000,0,44.32,SELL
ORCL,2023-06-20T00:00:00.000000,0,44.32,SELL
ORCL,2023-06-21T00:00:00.000000,0,44.32,SELL
ORCL,2023-06-22T00:00:00.000000,0,44.32,SELL
ORCL,2023-06-23T00:00:00.000000,0,44.32,SELL
ORCL,2023-06-26T00:00:00.000000,0,44.32,SELL
ORCL,2023-06-27T00:00:00.000000,0,44.32,SELL
ORCL,2023-06-28T00:00:00.000000,0,46.44,SELL
ORCL,2023-06-29T00:00:00.000000,1,50.07,BUY
ORCL,2023-06-30T00:00:00.000000,1,50.07,BUY
ORCL,2023-07-03T00:00:00.000000,1,51.22,BUY
ORCL,2023-07-05T00:00:00.000000,1,50.07,BUY
ORCL,2023-07-06T00:00:00.000000,1,50.07,BUY
ORCL,2023-07-07T00:00:00.000000,0,46.44,SELL
ORCL,2023-07-10T00:00:00.000000,0,44.32,SELL
ORCL,2023-07-11T00:00:00.000000,0,44.32,SELL
ORCL,2023-07-12T00:00:00.000000,0,44.32,SELL
ORCL,2023-07-13T00:00:00.000000,0,44.32,SELL
ORCL,2023-07-14T00:00:00.000000,0,43.6,SELL
ORCL,2023-07-17T00:00:00.000000,0,43.6,SELL
ORCL,2023-07-18T00:00:00.000000,0,43.6,SELL
ORCL,2023-07-19T00:00:00.000000,0,43.6,SELL
ORCL,2023-07-20T00:00:00.000000,0,43.59,SELL
ORCL,2023-07-21T00:00:00.000000,0,43.59,SELL
ORCL,2023-07-24T00:00:00.000000,0,41.9,SELL
ORCL,2023-07-25T00:00:00.000000,0,41.9,SELL
ORCL,2023-07-26T00:00:00.000000,0,41.9,SELL
ORCL,2023-07-27T00:00:00.000000,0,41.9,SELL
ORCL,2023-07-28T00:00:00.000000,0,41.9,SELL
ORCL,2023-07-31T00:00:00.000000,0,43.59,SELL
ORCL,2023-08-01T00:00:00.000000,0,43.6,SELL
ORCL,2023-08-02T00:00:00.000000,0,43.6,SELL
ORCL,2023-08-03T00:00:00.000000,0,43.6,SELL
ORCL,2023-08-04T00:00:00.000000,0,43.6,SELL
ORCL,2023-08-07T00:00:00.000000,0,43.6,SELL
ORCL,2023-08-08T00:00:00.000000,0,44.32,SELL
ORCL,2023-08-09T00:00:00.000000,0,44.32,SELL
ORCL,2023-08-10T00:00:00.000000,0,44.32,SELL
ORCL,2023-08-11T00:00:00.000000,0,44.32,SELL
ORCL,2023-08-14T00:00:00.000000,0,44.32,SELL
ORCL,2023-08-15T00:00:00.000000,0,46.44,SELL
ORCL,2023-08-16T00:00:00.000000,1,50.07,BUY
ORCL,2023-08-17T00:00:00.000000,1,50.07,BUY
ORCL,2023-08-18T00:00:00.000000,1,50.07,BUY
ORCL,2023-08-21T00:00:00.000000,1,50.07,BUY
ORCL,2023-08-22T00:00:00.000000,1,51.22,BUY
ORCL,2023-08-23T00:00:00.000000,1,51.22,BUY
ORCL,2023-08-24T00:00:00.000000,1,51.22,BUY
ORCL,2023-08-25T00:00:00.000000,1,51.22,BUY
ORCL,2023-08-28T00:00:00.000000,1,51.22,BUY
ORCL,2023-08-29T00:00:00.000000,1,51.22,BUY
ORCL,2023-08-30T00:00:00.000000,1,51.22,BUY
ORCL,2023-08-31T00:00:00.000000,1,51.22,BUY
ORCL,2023-09-01T00:00:00.000000,1,51.15,BUY
ORCL,2023-09-05T00:00:00.000000,1,50.07,BUY
ORCL,2023-09-06T00:00:00.000000,0,46.44,SELL
ORCL,2023-09-07T00:00:00.000000,0,46.44,SELL
ORCL,2023-09-08T00:00:00.000000,0,46.44,SELL
ORCL,2023-09-11T00:00:00.000000,0,44.32,SELL
ORCL,2023-09-12T00:00:00.000000,0,44.32,SELL
ORCL,2023-09-13T00:00:00.000000,0,46.44,SELL
ORCL,2023-09-14T00:00:00.000000,1,50.0,BUY
ORCL,2023-09-15T00:00:00.000000,1,50.07,BUY
ORCL,2023-09-18T00:00:00.000000,1,51.15,BUY
ORCL,2023-09-19T00:00:00.000000,1,51.22,BUY
ORCL,2023-09-20T00:00:00.000000,1,51.22,BUY
ORCL,2023-09-21T00:00:00.000000,1,51.22,BUY
ORCL,2023-09-22T00:00:00.000000,1,51.22,BUY
ORCL,2023-09-25T00:00:00.000000,1,51.22,BUY
ORCL,2023-09-26T00:00:00.000000,1,51.22,BUY
ORCL,2023-09-27T00:00:00.000000,1,51.22,BUY
ORCL,2023-09-28T00:00:00.000000,1,51.22,BUY
ORCL,2023-09-29T00:00:00.000000,1,51.22,BUY
ORCL,2023-10-02T00:00:00.000000,1,51.22,BUY
ORCL,2023-10-03T00:00:00.000000,1,51.22,BUY
ORCL,2023-10-04T00:00:00.000000,1,51.22,BUY
ORCL,2023-10-05T00:00:00.000000,1,51.22,BUY
ORCL,2023-10-06T00:00:00.000000,1,51.22,BUY
ORCL,2023-10-09T00:00:00.000000,1,51.22,BUY
ORCL,2023-10-10T00:00:00.000000,1,51.22,BUY
ORCL,2023-10-11T00:00:00.000000,1,51.22,BUY
ORCL,2023-10-12T00:00:00.000000,1,50.07,BUY
ORCL,2023-10-13T00:00:00.000000,1,50.07,BUY
ORCL,2023-10-16T00:00:00.000000,0,46.44,SELL
ORCL,2023-10-17T00:00:00.000000,0,46.44,SELL
ORCL,2023-10-18T00:00:00.000000,0,44.32,SELL
ORCL,2023-10-19T00:00:00.000000,0,44.32,SELL
ORCL,2023-10-20T00:00:00.000000,0,44.32,SELL
ORCL,2023-10-23T00:00:00.000000,0,44.9,SELL
ORCL,2023-10-24T00:00:00.000000,1,50.07,BUY
ORCL,2023-10-25T00:00:00.000000,1,50.07,BUY
ORCL,2023-10-26T00:00:00.000000,1,51.22,BUY
ORCL,2023-10-27T00:00:00.000000,1,51.22,BUY
ORCL,2023-10-30T00:00:00.000000,1,51.22,BUY
ORCL,2023-10-31T00:00:00.000000,1,51.22,BUY
ORCL,2023-11-01T00:00:00.000000,1,51.22,BUY
ORCL,2023-11-02T00:00:00.000000,1,51.22,BUY
ORCL,2023-11-03T00:00:00.000000,1,51.22,BUY
ORCL,2023-11-06T00:00:00.000000,1,51.22,BUY
ORCL,2023-11-07T00:00:00.000000,1,51.22,BUY
ORCL,2023-11-08T00:00:00.000000,1,50.07,BUY
ORCL,2023-11-09T00:00:00.000000,0,46.44,SELL
ORCL,2023-11-10T00:00:00.000000,0,44.32,SELL
ORCL,2023-11-13T00:00:00.000000,0,44.32,SELL
ORCL,2023-11-14T00:00:00.000000,0,44.32,SELL
ORCL,2023-11-15T00:00:00.000000,0,44.32,SELL
ORCL,2023-11-16T00:00:00.000000,0,44.32,SELL
ORCL,2023-11-17T00:00:00.000000,0,44.32,SELL
ORCL,2023-11-20T00:00:00.000000,0,46.44,SELL
ORCL,2023-11-21T00:00:00.000000,1,50.0,BUY
ORCL,2023-11-22T00:00:00.000000,1,50.07,BUY
ORCL,2023-11-24T00:00:00.000000,1,50.07,BUY
ORCL,2023-11-27T00:00:00.000000,1,50.07,BUY
ORCL,2023-11-28T00:00:00.000000,0,46.44,SELL
ORCL,2023-11-29T00:00:00.000000,0,44.9,SELL
ORCL,2023-11-30T00:00:00.000000,0,44.32,SELL
ORCL,2023-12-01T00:00:00.000000,0,44.32,SELL
ORCL,2023-12-04T00:00:00.000000,0,44.32,SELL
ORCL,2023-12-05T00:00:00.000000,0,44.32,SELL
ORCL,2023-12-06T00:00:00.000000,0,44.32,SELL
ORCL,2023-12-07T00:00:00.000000,0,44.32,SELL
ORCL,2023-12-08T00:00:00.000000,0,44.32,SELL
ORCL,2023-12-11T00:00:00.000000,0,44.32,SELL
ORCL,2023-12-12T00:00:00.000000,0,44.32,SELL
ORCL,2023-12-13T00:00:00.000000,0,44.32,SELL
ORCL,2023-12-14T00:00:00.000000,0,44.32,SELL
ORCL,2023-12-15T00:00:00.000000,0,44.32,SELL
ORCL,2023-12-18T00:00:00.000000,0,44.32,SELL
ORCL,2023-12-19T00:00:00.000000,0,44.32,SELL
ORCL,2023-12-20T00:00:00.000000,0,44.32,SELL
ORCL,2023-12-21T00:00:00.000000,0,43.6,SELL
ORCL,2023-12-22T00:00:00.000000,0,43.6,SELL
ORCL,2023-12-26T00:00:00.000000,0,43.6,SELL
ORCL,2023-12-27T00:00:00.000000,0,43.6,SELL
ORCL,2023-12-28T00:00:00.000000,0,43.59,SELL
ORCL,2023-12-29T00:00:00.000000,0,43.59,SELL
ORCL,2024-01-02T00:00:00.000000,0,42.94,SELL
ORCL,2024-01-03T00:00:00.000000,0,43.59,SELL
ORCL,2024-01-04T00:00:00.000000,0,43.6,SELL
ORCL,2024-01-05T00:00:00.000000,0,44.32,SELL
ORCL,2024-01-08T00:00:00.000000,0,44.32,SELL
ORCL,2024-01-09T00:00:00.000000,0,44.32,SELL
ORCL,2024-01-10T00:00:00.000000,0,44.32,SELL
ORCL,2024-01-11T00:00:00.000000,0,44.32,SELL
ORCL,2024-01-12T00:00:00.000000,0,44.32,SELL
ORCL,2024-01-16T00:00:00.000000,0,44.9,SELL
ORCL,2024-01-17T00:00:00.000000,0,46.44,SELL
ORCL,2024-01-18T00:00:00.000000,1,50.07,BUY
ORCL,2024-01-19T00:00:00.000000,1,50.07,BUY
ORCL,2024-01-22T00:00:00.000000,1,50.07,BUY
ORCL,2024-01-23T00:00:00.000000,1,50.07,BUY
ORCL,2024-01-24T00:00:00.000000,1,51.22,BUY
ORCL,2024-01-25T00:00:00.000000,1,51.22,BUY
ORCL,2024-01-26T00:00:00.000000,1,51.22,BUY
ORCL,2024-01-29T00:00:00.000000,1,51.22,BUY
ORCL,2024-01-30T00:00:00.000000,1,51.22,BUY
ORCL,2024-01-31T00:00:00.000000,1,51.22,BUY
ORCL,2024-02-01T00:00:00.000000,1,51.22,BUY
ORCL,2024-02-02T00:00:00.000000,1,51.22,BUY
ORCL,2024-02-05T00:00:00.000000,1,51.22,BUY
ORCL,2024-02-06T00:00:00.000000,1,51.22,BUY
ORCL,2024-02-07T00:00:00.000000,1,51.22,BUY
ORCL,2024-02-08T00:00:00.000000,1,51.22,BUY
ORCL,2024-02-09T00:00:00.000000,1,51.22,BUY
ORCL,2024-02-12T00:00:00.000000,1,51.22,BUY
ORCL,2024-02-13T00:00:00.000000,1,51.22,BUY
ORCL,2024-02-14T00:00:00.000000,1,51.22,BUY
ORCL,2024-02-15T00:00:00.000000,1,51.22,BUY
ORCL,2024-02-16T00:00:00.000000,1,51.22,BUY
ORCL,2024-02-20T00:00:00.000000,1,51.22,BUY
ORCL,2024-02-21T00:00:00.000000,1,51.22,BUY
ORCL,2024-02-22T00:00:00.000000,1,50.07,BUY
ORCL,2024-02-23T00:00:00.000000,1,50.07,BUY
ORCL,2024-02-26T00:00:00.000000,0,46.44,SELL
ORCL,2024-02-27T00:00:00.000000,0,44.32,SELL
ORCL,2024-02-28T00:00:00.000000,0,44.32,SELL
ORCL,2024-02-29T00:00:00.000000,0,44.32,SELL
ORCL,2024-03-01T00:00:00.000000,0,44.32,SELL
ORCL,2024-03-04T00:00:00.000000,0,44.32,SELL
ORCL,2024-03-05T00:00:00.000000,0,43.6,SELL
ORCL,2024-03-06T00:00:00.000000,0,43.6,SELL
ORCL,2024-03-07T00:00:00.000000,0,43.6,SELL
ORCL,2024-03-08T00:00:00.000000,0,43.6,SELL
ORCL,2024-03-11T00:00:00.000000,0,43.6,SELL
ORCL,2024-03-12T00:00:00.000000,0,43.6,SELL
ORCL,2024-03-13T00:00:00.000000,0,43.6,SELL
ORCL,2024-03-14T00:00:00.000000,0,43.6,SELL
ORCL,2024-03-15T00:00:00.000000,0,44.32,SELL
ORCL,2024-03-18T00:00:00.000000,0,44.32,SELL
ORCL,2024-03-19T00:00:00.000000,0,44.32,SELL
ORCL,2024-03-20T00:00:00.000000,0,44.32,SELL
ORCL,2024-03-21T00:00:00.000000,0,44.32,SELL
ORCL,2024-03-22T00:00:00.000000,0,44.9,SELL
ORCL,2024-03-25T00:00:00.000000,0,46.44,SELL
ORCL,2024-03-26T00:00:00.000000,0,46.44,SELL
ORCL,2024-03-27T00:00:00.000000,1,50.07,BUY
ORCL,2024-03-28T00:00:00.000000,1,51.22,BUY
ORCL,2024-04-01T00:00:00.000000,1,51.22,BUY
ORCL,2024-04-02T00:00:00.000000,1,50.07,BUY
ORCL,2024-04-03T00:00:00.000000,0,44.9,SELL
ORCL,2024-04-04T00:00:00.000000,0,44.32,SELL
ORCL,2024-04-05T00:00:00.000000,0,44.32,SELL
ORCL,2024-04-08T00:00:00.000000,0,44.32,SELL
ORCL,2024-04-09T00:00:00.000000,0,44.32,SELL
ORCL,2024-04-10T00:00:00.000000,0,43.6,SELL
ORCL,2024-04-11T00:00:00.000000,0,44.32,SELL
ORCL,2024-04-12T00:00:00.000000,0,44.32,SELL
ORCL,2024-04-15T00:00:00.000000,0,44.32,SELL
ORCL,2024-04-16T00:00:00.000000,0,44.32,SELL
ORCL,2024-04-17T00:00:00.000000,0,44.32,SELL
ORCL,2024-04-18T00:00:00.000000,0,46.44,SELL
ORCL,2024-04-19T00:00:00.000000,0,44.32,SELL
ORCL,2024-04-22T00:00:00.000000,0,44.32,SELL
ORCL,2024-04-23T00:00:00.000000,0,44.32,SELL
ORCL,2024-04-24T00:00:00.000000,0,44.32,SELL
ORCL,2024-04-25T00:00:00.000000,0,44.32,SELL
ORCL,2024-04-26T00:00:00.000000,0,44.32,SELL
ORCL,2024-04-29T00:00:00.000000,0,44.32,SELL
ORCL,2024-04-30T00:00:00.000000,0,43.6,SELL
ORCL,2024-05-01T00:00:00.000000,0,43.59,SELL
ORCL,2024-05-02T00:00:00.000000,0,43.59,SELL
ORCL,2024-05-03T00:00:00.000000,0,41.9,SELL
ORCL,2024-05-06T00:00:00.000000,0,43.59,SELL
ORCL,2024-05-07T00:00:00.000000,0,43.59,SELL
ORCL,2024-05-08T00:00:00.000000,0,43.6,SELL
ORCL,2024-05-09T00:00:00.000000,0,43.6,SELL
ORCL,2024-05-10T00:00:00.000000,0,44.32,SELL
ORCL,2024-05-13T00:00:00.000000,0,44.32,SELL
ORCL,2024-05-14T00:00:00.000000,0,43.6,SELL
ORCL,2024-05-15T00:00:00.000000,0,43.6,SELL
ORCL,2024-05-16T00:00:00.000000,0,43.59,SELL
ORCL,2024-05-17T00:00:00.000000,0,43.59,SELL
ORCL,2024-05-20T00:00:00.000000,0,43.59,SELL
ORCL,2024-05-21T00:00:00.000000,0,43.6,SELL
ORCL,2024-05-22T00:00:00.000000,0,43.6,SELL
ORCL,2024-05-23T00:00:00.000000,0,44.32,SELL
ORCL,2024-05-24T00:00:00.000000,0,44.32,SELL
ORCL,2024-05-28T00:00:00.000000,0,44.32,SELL
ORCL,2024-05-29T00:00:00.000000,0,46.44,SELL
ORCL,2024-05-30T00:00:00.000000,1,50.07,BUY
ORCL,2024-05-31T00:00:00.000000,1,51.22,BUY
ORCL,2024-06-03T00:00:00.000000,1,51.22,BUY
ORCL,2024-06-04T00:00:00.000000,1,51.22,BUY
ORCL,2024-06-05T00:00:00.000000,1,51.22,BUY
ORCL,2024-06-06T00:00:00.000000,1,51.22,BUY
ORCL,2024-06-07T00:00:00.000000,1,51.22,BUY
ORCL,2024-06-10T00:00:00.000000,1,51.22,BUY
ORCL,2024-06-11T00:00:00.000000,1,51.22,BUY
ORCL,2024-06-12T00:00:00.000000,1,51.22,BUY
ORCL,2024-06-13T00:00:00.000000,1,51.22,BUY
ORCL,2024-06-14T00:00:00.000000,1,50.0,BUY
ORCL,2024-06-17T00:00:00.000000,0,46.44,SELL
ORCL,2024-06-18T00:00:00.000000,0,46.44,SELL
ORCL,2024-06-20T00:00:00.000000,0,46.44,SELL
ORCL,2024-06-21T00:00:00.000000,1,50.07,BUY
ORCL,2024-06-24T00:00:00.000000,1,51.22,BUY
ORCL,2024-06-25T00:00:00.000000,1,51.22,BUY
ORCL,2024-06-26T00:00:00.000000,1,51.22,BUY
ORCL,2024-06-27T00:00:00.000000,1,51.15,BUY
ORCL,2024-06-28T00:00:00.000000,1,51.22,BUY
ORCL,2024-07-01T00:00:00.000000,1,51.22,BUY
ORCL,2024-07-02T00:00:00.000000,1,50.07,BUY
ORCL,2024-07-03T00:00:00.000000,1,50.0,BUY
ORCL,2024-07-05T00:00:00.000000,0,44.32,SELL
ORCL,2024-07-08T00:00:00.000000,0,44.32,SELL
ORCL,2024-07-09T00:00:00.000000,0,44.32,SELL
ORCL,2024-07-10T00:00:00.000000,0,44.32,SELL
ORCL,2024-07-11T00:00:00.000000,0,44.32,SELL
ORCL,2024-07-12T00:00:00.000000,0,44.32,SELL
ORCL,2024-07-15T00:00:00.000000,0,44.32,SELL
ORCL,2024-07-16T00:00:00.000000,0,44.9,SELL
ORCL,2024-07-17T00:00:00.000000,0,46.44,SELL
ORCL,2024-07-18T00:00:00.000000,0,46.44,SELL
ORCL,2024-07-19T00:00:00.000000,1,47.54,BUY
ORCL,2024-07-22T00:00:00.000000,1,50.07,BUY
ORCL,2024-07-23T00:00:00.000000,1,50.07,BUY
ORCL,2024-07-24T00:00:00.000000,0,46.44,SELL
ORCL,2024-07-25T00:00:00.000000,0,47.54,SELL
ORCL,2024-07-26T00:00:00.000000,0,46.44,SELL
ORCL,2024-07-29T00:00:00.000000,1,50.07,BUY
ORCL,2024-07-30T00:00:00.000000,1,50.07,BUY
ORCL,2024-07-31T00:00:00.000000,1,50.07,BUY
ORCL,2024-08-01T00:00:00.000000,1,51.22,BUY
ORCL,2024-08-02T00:00:00.000000,1,51.15,BUY
ORCL,2024-08-05T00:00:00.000000,1,50.07,BUY
ORCL,2024-08-06T00:00:00.000000,1,50.07,BUY
ORCL,2024-08-07T00:00:00.000000,1,50.07,BUY
ORCL,2024-08-08T00:00:00.000000,0,46.44,SELL
ORCL,2024-08-09T00:00:00.000000,0,44.32,SELL
ORCL,2024-08-12T00:00:00.000000,0,44.32,SELL
ORCL,2024-08-13T00:00:00.000000,0,44.32,SELL
ORCL,2024-08-14T00:00:00.000000,0,43.6,SELL
ORCL,2024-08-15T00:00:00.000000,0,43.6,SELL
ORCL,2024-08-16T00:00:00.000000,0,43.59,SELL
ORCL,2024-08-19T00:00:00.000000,0,43.6,SELL
ORCL,2024-08-20T00:00:00.000000,0,43.6,SELL
ORCL,2024-08-21T00:00:00.000000,0,43.59,SELL
ORCL,2024-08-22T00:00:00.000000,0,43.59,SELL
ORCL,2024-08-23T00:00:00.000000,0,43.59,SELL
ORCL,2024-08-26T00:00:00.000000,0,43.6,SELL
ORCL,2024-08-27T00:00:00.000000,0,43.6,SELL
ORCL,2024-08-28T00:00:00.000000,0,44.32,SELL
ORCL,2024-08-29T00:00:00.000000,0,44.32,SELL
ORCL,2024-08-30T00:00:00.000000,0,44.32,SELL
ORCL,2024-09-03T00:00:00.000000,0,44.32,SELL
ORCL,2024-09-04T00:00:00.000000,0,44.32,SELL
ORCL,2024-09-05T00:00:00.000000,0,44.32,SELL
ORCL,2024-09-06T00:00:00.000000,0,44.32,SELL
ORCL,2024-09-09T00:00:00.000000,0,44.32,SELL
ORCL,2024-09-10T00:00:00.000000,0,44.9,SELL
ORCL,2024-09-11T00:00:00.000000,0,46.44,SELL
ORCL,2024-09-12T00:00:00.000000,0,46.44,SELL
ORCL,2024-09-13T00:00:00.000000,0,46.44,SELL
ORCL,2024-09-16T00:00:00.000000,0,46.44,SELL
ORCL,2024-09-17T00:00:00.000000,1,47.54,BUY
ORCL,2024-09-18T00:00:00.000000,0,47.54,SELL
ORCL,2024-09-19T00:00:00.000000,0,46.44,SELL
ORCL,2024-09-20T00:00:00.000000,0,46.44,SELL
ORCL,2024-09-23T00:00:00.000000,0,44.32,SELL
ORCL,2024-09-24T00:00:00.000000,0,44.32,SELL
ORCL,2024-09-25T00:00:00.000000,0,46.44,SELL
ORCL,2024-09-26T00:00:00.000000,0,47.54,SELL
ORCL,2024-09-27T00:00:00.000000,1,50.07,BUY
ORCL,2024-09-30T00:00:00.000000,1,50.07,BUY
ORCL,2024-10-01T00:00:00.000000,0,46.44,SELL
ORCL,2024-10-02T00:00:00.000000,0,46.44,SELL
ORCL,2024-10-03T00:00:00.000000,0,44.32,SELL
ORCL,2024-10-04T00:00:00.000000,0,44.32,SELL
ORCL,2024-10-07T00:00:00.000000,0,44.32,SELL
ORCL,2024-10-08T00:00:00.000000,0,44.32,SELL
ORCL,2024-10-09T00:00:00.000000,0,43.6,SELL
ORCL,2024-10-10T00:00:00.000000,0,43.6,SELL
ORCL,2024-10-11T00:00:00.000000,0,43.6,SELL
ORCL,2024-10-14T00:00:00.000000,0,43.6,SELL
ORCL,2024-10-15T00:00:00.000000,0,44.32,SELL
ORCL,2024-10-16T00:00:00.000000,0,44.32,SELL
ORCL,2024-10-17T00:00:00.000000,0,44.32,SELL
ORCL,2024-10-18T00:00:00.000000,0,44.32,SELL
ORCL,2024-10-21T00:00:00.000000,0,44.32,SELL
ORCL,2024-10-22T00:00:00.000000,0,44.32,SELL
ORCL,2024-10-23T00:00:00.000000,0,44.32,SELL
ORCL,2024-10-24T00:00:00.000000,0,46.44,SELL
ORCL,2024-10-25T00:00:00.000000,1,50.07,BUY
ORCL,2024-10-28T00:00:00.000000,1,50.07,BUY
ORCL,2024-10-29T00:00:00.000000,1,51.22,BUY
ORCL,2024-10-30T00:00:00.000000,1,50.07,BUY
ORCL,2024-10-31T00:00:00.000000,1,50.07,BUY
ORCL,2024-11-01T00:00:00.000000,1,50.07,BUY
ORCL,2024-11-04T00:00:00.000000,1,50.07,BUY
ORCL,2024-11-05T00:00:00.000000,1,50.0,BUY
ORCL,2024-11-06T00:00:00.000000,1,50.07,BUY
ORCL,2024-11-07T00:00:00.000000,0,46.44,SELL
ORCL,2024-11-08T00:00:00.000000,0,44.9,SELL
ORCL,2024-11-11T00:00:00.000000,0,44.32,SELL
ORCL,2024-11-12T00:00:00.000000,0,44.32,SELL
ORCL,2024-11-13T00:00:00.000000,0,44.32,SELL
ORCL,2024-11-14T00:00:00.000000,0,44.32,SELL
ORCL,2024-11-15T00:00:00.000000,0,44.32,SELL
ORCL,2024-11-18T00:00:00.000000,0,44.32,SELL
ORCL,2024-11-19T00:00:00.000000,0,44.32,SELL
ORCL,2024-11-20T00:00:00.000000,0,44.32,SELL
ORCL,2024-11-21T00:00:00.000000,0,46.44,SELL
ORCL,2024-11-22T00:00:00.000000,1,50.07,BUY
ORCL,2024-11-25T00:00:00.000000,1,51.22,BUY
ORCL,2024-11-26T00:00:00.000000,1,51.22,BUY
ORCL,2024-11-27T00:00:00.000000,1,50.07,BUY
ORCL,2024-11-29T00:00:00.000000,1,50.07,BUY
ORCL,2024-12-02T00:00:00.000000,1,50.0,BUY
ORCL,2024-12-03T00:00:00.000000,0,44.9,SELL
ORCL,2024-12-04T00:00:00.000000,0,44.32,SELL
ORCL,2024-12-05T00:00:00.000000,0,44.32,SELL
ORCL,2024-12-06T00:00:00.000000,0,44.32,SELL
ORCL,2024-12-09T00:00:00.000000,0,44.32,SELL
ORCL,2024-12-10T00:00:00.000000,0,44.32,SELL
ORCL,2024-12-11T00:00:00.000000,0,44.32,SELL
ORCL,2024-12-12T00:00:00.000000,0,46.44,SELL
ORCL,2024-12-13T00:00:00.000000,0,44.9,SELL
ORCL,2024-12-16T00:00:00.000000,0,46.44,SELL
ORCL,2024-12-17T00:00:00.000000,0,46.44,SELL
ORCL,2024-12-18T00:00:00.000000,1,50.0,BUY
ORCL,2024-12-19T00:00:00.000000,1,50.07,BUY
ORCL,2024-12-20T00:00:00.000000,1,50.07,BUY
OXY,2023-02-21T00:00:00.000000,0,44.32,SELL
OXY,2023-02-22T00:00:00.000000,0,44.32,SELL
OXY,2023-02-23T00:00:00.000000,0,44.32,SELL
OXY,2023-02-24T00:00:00.000000,0,44.32,SELL
OXY,2023-02-27T00:00:00.000000,0,44.32,SELL
OXY,2023-02-28T00:00:00.000000,0,44.32,SELL
OXY,2023-03-01T00:00:00.000000,0,44.32,SELL
OXY,2023-03-02T00:00:00.000000,0,46.44,SELL
OXY,2023-03-03T00:00:00.000000,0,44.32,SELL
OXY,2023-03-06T00:00:00.000000,0,44.32,SELL
OXY,2023-03-07T00:00:00.000000,0,46.44,SELL
OXY,2023-03-08T00:00:00.000000,0,46.44,SELL
OXY,2023-03-09T00:00:00.000000,1,50.07,BUY
OXY,2023-03-10T00:00:00.000000,1,50.07,BUY
OXY,2023-03-13T00:00:00.000000,1,50.07,BUY
OXY,2023-03-14T00:00:00.000000,1,50.07,BUY
OXY,2023-03-15T00:00:00.000000,0,46.44,SELL
OXY,2023-03-16T00:00:00.000000,0,46.44,SELL
OXY,2023-03-17T00:00:00.000000,1,50.07,BUY
OXY,2023-03-20T00:00:00.000000,1,50.07,BUY
OXY,2023-03-21T00:00:00.000000,1,51.22,BUY
OXY,2023-03-22T00:00:00.000000,1,51.22,BUY
OXY,2023-03-23T00:00:00.000000,1,51.22,BUY
OXY,2023-03-24T00:00:00.000000,1,50.07,BUY
OXY,2023-03-27T00:00:00.000000,0,47.54,SELL
OXY,2023-03-28T00:00:00.000000,0,46.44,SELL
OXY,2023-03-29T00:00:00.000000,0,46.44,SELL
OXY,2023-03-30T00:00:00.000000,0,44.32,SELL
OXY,2023-03-31T00:00:00.000000,0,44.9,SELL
OXY,2023-04-03T00:00:00.000000,0,44.32,SELL
OXY,2023-04-04T00:00:00.000000,0,44.32,SELL
OXY,2023-04-05T00:00:00.000000,0,44.32,SELL
OXY,2023-04-06T00:00:00.000000,0,44.32,SELL
OXY,2023-04-10T00:00:00.000000,0,44.32,SELL
OXY,2023-04-11T00:00:00.000000,0,44.32,SELL
OXY,2023-04-12T00:00:00.000000,0,44.32,SELL
OXY,2023-04-13T00:00:00.000000,0,44.32,SELL
OXY,2023-04-14T00:00:00.000000,0,44.32,SELL
OXY,2023-04-17T00:00:00.000000,0,44.32,SELL
OXY,2023-04-18T00:00:00.000000,0,44.32,SELL
OXY,2023-04-19T00:00:00.000000,0,44.32,SELL
OXY,2023-04-20T00:00:00.000000,0,44.32,SELL
OXY,2023-04-21T00:00:00.000000,0,44.32,SELL
OXY,2023-04-24T00:00:00.000000,0,44.32,SELL
OXY,2023-04-25T00:00:00.000000,0,44.32,SELL
OXY,2023-04-26T00:00:00.000000,0,44.32,SELL
OXY,2023-04-27T00:00:00.000000,0,44.32,SELL
OXY,2023-04-28T00:00:00.000000,0,44.32,SELL
OXY,2023-05-01T00:00:00.000000,0,44.32,SELL
OXY,2023-05-02T00:00:00.000000,0,44.32,SELL
OXY,2023-05-03T00:00:00.000000,0,44.32,SELL
OXY,2023-05-04T00:00:00.000000,0,44.32,SELL
OXY,2023-05-05T00:00:00.000000,0,44.32,SELL
OXY,2023-05-08T00:00:00.000000,0,44.32,SELL
OXY,2023-05-09T00:00:00.000000,0,44.32,SELL
OXY,2023-05-10T00:00:00.000000,0,44.32,SELL
OXY,2023-05-11T00:00:00.000000,0,43.6,SELL
OXY,2023-05-12T00:00:00.000000,0,43.6,SELL
OXY,2023-05-15T00:00:00.000000,0,43.6,SELL
OXY,2023-05-16T00:00:00.000000,0,43.6,SELL
OXY,2023-05-17T00:00:00.000000,0,44.32,SELL
OXY,2023-05-18T00:00:00.000000,0,44.32,SELL
OXY,2023-05-19T00:00:00.000000,0,44.32,SELL
OXY,2023-05-22T00:00:00.000000,0,44.32,SELL
OXY,2023-05-23T00:00:00.000000,0,44.32,SELL
OXY,2023-05-24T00:00:00.000000,0,44.32,SELL
OXY,2023-05-25T00:00:00.000000,0,44.32,SELL
OXY,2023-05-26T00:00:00.000000,0,44.32,SELL
OXY,2023-05-30T00:00:00.000000,0,44.32,SELL
OXY,2023-05-31T00:00:00.000000,0,44.32,SELL
OXY,2023-06-01T00:00:00.000000,0,44.32,SELL
OXY,2023-06-02T00:00:00.000000,0,44.32,SELL
OXY,2023-06-05T00:00:00.000000,0,44.32,SELL
OXY,2023-06-06T00:00:00.000000,0,44.32,SELL
OXY,2023-06-07T00:00:00.000000,0,43.6,SELL
OXY,2023-06-08T00:00:00.000000,0,43.6,SELL
OXY,2023-06-09T00:00:00.000000,0,43.6,SELL
OXY,2023-06-12T00:00:00.000000,0,43.59,SELL
OXY,2023-06-13T00:00:00.000000,0,43.59,SELL
OXY,2023-06-14T00:00:00.000000,0,43.59,SELL
OXY,2023-06-15T00:00:00.000000,0,41.9,SELL
OXY,2023-06-16T00:00:00.000000,0,41.9,SELL
OXY,2023-06-20T00:00:00.000000,0,43.59,SELL
OXY,2023-06-21T00:00:00.000000,0,43.59,SELL
OXY,2023-06-22T00:00:00.000000,0,43.59,SELL
OXY,2023-06-23T00:00:00.000000,0,43.59,SELL
OXY,2023-06-26T00:00:00.000000,0,43.6,SELL
OXY,2023-06-27T00:00:00.000000,0,43.6,SELL
OXY,2023-06-28T00:00:00.000000,0,43.6,SELL
OXY,2023-06-29T00:00:00.000000,0,43.6,SELL
OXY,2023-06-30T00:00:00.000000,0,43.6,SELL
OXY,2023-07-03T00:00:00.000000,0,43.6,SELL
OXY,2023-07-05T00:00:00.000000,0,44.32,SELL
OXY,2023-07-06T00:00:00.000000,0,44.32,SELL
OXY,2023-07-07T00:00:00.000000,0,44.32,SELL
OXY,2023-07-10T00:00:00.000000,0,44.32,SELL
OXY,2023-07-11T00:00:00.000000,0,43.6,SELL
OXY,2023-07-12T00:00:00.000000,0,43.6,SELL
OXY,2023-07-13T00:00:00.000000,0,43.6,SELL
OXY,2023-07-14T00:00:00.000000,0,43.6,SELL
OXY,2023-07-17T00:00:00.000000,0,43.6,SELL
OXY,2023-07-18T00:00:00.000000,0,43.6,SELL
OXY,2023-07-19T00:00:00.000000,0,43.6,SELL
OXY,2023-07-20T00:00:00.000000,0,44.32,SELL
OXY,2023-07-21T00:00:00.000000,0,43.6,SELL
OXY,2023-07-24T00:00:00.000000,0,43.6,SELL
OXY,2023-07-25T00:00:00.000000,0,43.6,SELL
OXY,2023-07-26T00:00:00.000000,0,43.6,SELL
OXY,2023-07-27T00:00:00.000000,0,44.32,SELL
OXY,2023-07-28T00:00:00.000000,0,44.32,SELL
OXY,2023-07-31T00:00:00.000000,0,44.32,SELL
OXY,2023-08-01T00:00:00.000000,0,44.32,SELL
OXY,2023-08-02T00:00:00.000000,0,44.32,SELL
OXY,2023-08-03T00:00:00.000000,0,44.32,SELL
OXY,2023-08-04T00:00:00.000000,0,44.32,SELL
OXY,2023-08-07T00:00:00.000000,0,44.32,SELL
OXY,2023-08-08T00:00:00.000000,0,44.32,SELL
OXY,2023-08-09T00:00:00.000000,0,44.32,SELL
OXY,2023-08-10T00:00:00.000000,0,44.32,SELL
OXY,2023-08-11T00:00:00.000000,0,44.32,SELL
OXY,2023-08-14T00:00:00.000000,0,44.32,SELL
OXY,2023-08-15T00:00:00.000000,0,44.32,SELL
OXY,2023-08-16T00:00:00.000000,0,44.32,SELL
OXY,2023-08-17T00:00:00.000000,0,44.32,SELL
OXY,2023-08-18T00:00:00.000000,0,44.32,SELL
OXY,2023-08-21T00:00:00.000000,0,46.44,SELL
OXY,2023-08-22T00:00:00.000000,1,50.07,BUY
OXY,2023-08-23T00:00:00.000000,1,51.22,BUY
OXY,2023-08-24T00:00:00.000000,1,51.22,BUY
OXY,2023-08-25T00:00:00.000000,1,51.22,BUY
OXY,2023-08-28T00:00:00.000000,1,51.22,BUY
OXY,2023-08-29T00:00:00.000000,1,51.22,BUY
OXY,2023-08-30T00:00:00.000000,1,51.22,BUY
OXY,2023-08-31T00:00:00.000000,1,51.22,BUY
OXY,2023-09-01T00:00:00.000000,1,51.22,BUY
OXY,2023-09-05T00:00:00.000000,1,50.07,BUY
OXY,2023-09-06T00:00:00.000000,1,50.07,BUY
OXY,2023-09-07T00:00:00.000000,0,44.32,SELL
OXY,2023-09-08T00:00:00.000000,0,44.32,SELL
OXY,2023-09-11T00:00:00.000000,0,44.32,SELL
OXY,2023-09-12T00:00:00.000000,0,44.32,SELL
OXY,2023-09-13T00:00:00.000000,0,44.32,SELL
OXY,2023-09-14T00:00:00.000000,0,44.32,SELL
OXY,2023-09-15T00:00:00.000000,0,44.32,SELL
OXY,2023-09-18T00:00:00.000000,0,44.32,SELL
OXY,2023-09-19T00:00:00.000000,0,44.32,SELL
OXY,2023-09-20T00:00:00.000000,0,44.32,SELL
OXY,2023-09-21T00:00:00.000000,0,44.32,SELL
OXY,2023-09-22T00:00:00.000000,0,44.32,SELL
OXY,2023-09-25T00:00:00.000000,0,44.32,SELL
OXY,2023-09-26T00:00:00.000000,0,44.32,SELL
OXY,2023-09-27T00:00:00.000000,0,44.32,SELL
OXY,2023-09-28T00:00:00.000000,0,44.32,SELL
OXY,2023-09-29T00:00:00.000000,0,46.44,SELL
OXY,2023-10-02T00:00:00.000000,1,50.07,BUY
OXY,2023-10-03T00:00:00.000000,1,50.07,BUY
OXY,2023-10-04T00:00:00.000000,1,51.22,BUY
OXY,2023-10-05T00:00:00.000000,1,51.15,BUY
OXY,2023-10-06T00:00:00.000000,1,50.07,BUY
OXY,2023-10-09T00:00:00.000000,0,46.44,SELL
OXY,2023-10-10T00:00:00.000000,0,44.9,SELL
OXY,2023-10-11T00:00:00.000000,0,44.32,SELL
OXY,2023-10-12T00:00:00.000000,0,44.32,SELL
OXY,2023-10-13T00:00:00.000000,0,44.32,SELL
OXY,2023-10-16T00:00:00.000000,0,44.32,SELL
OXY,2023-10-17T00:00:00.000000,0,43.6,SELL
OXY,2023-10-18T00:00:00.000000,0,43.6,SELL
OXY,2023-10-19T00:00:00.000000,0,43.6,SELL
OXY,2023-10-20T00:00:00.000000,0,44.32,SELL
OXY,2023-10-23T00:00:00.000000,0,44.32,SELL
OXY,2023-10-24T00:00:00.000000,0,44.32,SELL
OXY,2023-10-25T00:00:00.000000,0,44.32,SELL
OXY,2023-10-26T00:00:00.000000,0,44.32,SELL
OXY,2023-10-27T00:00:00.000000,0,46.44,SELL
OXY,2023-10-30T00:00:00.000000,1,50.07,BUY
OXY,2023-10-31T00:00:00.000000,1,51.22,BUY
OXY,2023-11-01T00:00:00.000000,1,51.22,BUY
OXY,2023-11-02T00:00:00.000000,1,51.22,BUY
OXY,2023-11-03T00:00:00.000000,1,51.22,BUY
OXY,2023-11-06T00:00:00.000000,1,51.22,BUY
OXY,2023-11-07T00:00:00.000000,1,50.07,BUY
OXY,2023-11-08T00:00:00.000000,0,46.44,SELL
OXY,2023-11-09T00:00:00.000000,0,44.32,SELL
OXY,2023-11-10T00:00:00.000000,0,44.32,SELL
OXY,2023-11-13T00:00:00.000000,0,44.32,SELL
OXY,2023-11-14T00:00:00.000000,0,43.6,SELL
OXY,2023-11-15T00:00:00.000000,0,43.59,SELL
OXY,2023-11-16T00:00:00.000000,0,41.9,SELL
OXY,2023-11-17T00:00:00.000000,0,41.9,SELL
OXY,2023-11-20T00:00:00.000000,0,41.9,SELL
OXY,2023-11-21T00:00:00.000000,0,41.9,SELL
OXY,2023-11-22T00:00:00.000000,0,41.9,SELL
OXY,2023-11-24T00:00:00.000000,0,41.9,SELL
OXY,2023-11-27T00:00:00.000000,0,41.88,SELL
OXY,2023-11-28T00:00:00.000000,0,41.89,SELL
OXY,2023-11-29T00:00:00.000000,0,41.9,SELL
OXY,2023-11-30T00:00:00.000000,0,41.74,SELL
OXY,2023-12-01T00:00:00.000000,0,41.83,SELL
OXY,2023-12-04T00:00:00.000000,0,41.9,SELL
OXY,2023-12-05T00:00:00.000000,0,41.9,SELL
OXY,2023-12-06T00:00:00.000000,0,41.9,SELL
OXY,2023-12-07T00:00:00.000000,0,41.9,SELL
OXY,2023-12-08T00:00:00.000000,0,41.9,SELL
OXY,2023-12-11T00:00:00.000000,0,41.9,SELL
OXY,2023-12-12T00:00:00.000000,0,41.9,SELL
OXY,2023-12-13T00:00:00.000000,0,41.9,SELL
OXY,2023-12-14T00:00:00.000000,0,41.9,SELL
OXY,2023-12-15T00:00:00.000000,0,41.67,SELL
OXY,2023-12-18T00:00:00.000000,0,25.0,SELL
OXY,2023-12-19T00:00:00.000000,0,25.0,SELL
OXY,2023-12-20T00:00:00.000000,0,0.0,SELL
OXY,2023-12-21T00:00:00.000000,0,18.83,SELL
OXY,2023-12-22T00:00:00.000000,0,25.0,SELL
OXY,2023-12-26T00:00:00.000000,0,41.67,SELL
OXY,2023-12-27T00:00:00.000000,0,41.78,SELL
OXY,2023-12-28T00:00:00.000000,0,41.9,SELL
OXY,2023-12-29T00:00:00.000000,0,41.9,SELL
OXY,2024-01-02T00:00:00.000000,0,41.9,SELL
OXY,2024-01-03T00:00:00.000000,0,41.9,SELL
OXY,2024-01-04T00:00:00.000000,0,43.59,SELL
OXY,2024-01-05T00:00:00.000000,0,43.6,SELL
OXY,2024-01-08T00:00:00.000000,0,43.6,SELL
OXY,2024-01-09T00:00:00.000000,0,43.6,SELL
OXY,2024-01-10T00:00:00.000000,0,43.6,SELL
OXY,2024-01-11T00:00:00.000000,0,43.6,SELL
OXY,2024-01-12T00:00:00.000000,0,43.6,SELL
OXY,2024-01-16T00:00:00.000000,0,43.6,SELL
OXY,2024-01-17T00:00:00.000000,0,43.59,SELL
OXY,2024-01-18T00:00:00.000000,0,43.59,SELL
OXY,2024-01-19T00:00:00.000000,0,41.9,SELL
OXY,2024-01-22T00:00:00.000000,0,41.9,SELL
OXY,2024-01-23T00:00:00.000000,0,41.9,SELL
OXY,2024-01-24T00:00:00.000000,0,41.69,SELL
OXY,2024-01-25T00:00:00.000000,0,41.67,SELL
OXY,2024-01-26T00:00:00.000000,0,41.67,SELL
OXY,2024-01-29T00:00:00.000000,0,41.67,SELL
OXY,2024-01-30T00:00:00.000000,0,41.9,SELL
OXY,2024-01-31T00:00:00.000000,0,41.9,SELL
OXY,2024-02-01T00:00:00.000000,0,41.9,SELL
OXY,2024-02-02T00:00:00.000000,0,41.9,SELL
OXY,2024-02-05T00:00:00.000000,0,41.9,SELL
OXY,2024-02-06T00:00:00.000000,0,43.59,SELL
OXY,2024-02-07T00:00:00.000000,0,43.6,SELL
OXY,2024-02-08T00:00:00.000000,0,44.32,SELL
OXY,2024-02-09T00:00:00.000000,0,44.32,SELL
OXY,2024-02-12T00:00:00.000000,0,44.32,SELL
OXY,2024-02-13T00:00:00.000000,0,44.32,SELL
OXY,2024-02-14T00:00:00.000000,0,46.44,SELL
OXY,2024-02-15T00:00:00.000000,0,44.32,SELL
OXY,2024-02-16T00:00:00.000000,0,44.32,SELL
OXY,2024-02-20T00:00:00.000000,0,44.32,SELL
OXY,2024-02-21T00:00:00.000000,0,44.32,SELL
OXY,2024-02-22T00:00:00.000000,0,44.32,SELL
OXY,2024-02-23T00:00:00.000000,0,44.32,SELL
OXY,2024-02-26T00:00:00.000000,0,44.32,SELL
OXY,2024-02-27T00:00:00.000000,0,44.32,SELL
OXY,2024-02-28T00:00:00.000000,0,44.32,SELL
OXY,2024-02-29T00:00:00.000000,0,44.32,SELL
OXY,2024-03-01T00:00:00.000000,0,44.32,SELL
OXY,2024-03-04T00:00:00.000000,0,44.32,SELL
OXY,2024-03-05T00:00:00.000000,0,44.32,SELL
OXY,2024-03-06T00:00:00.000000,0,44.32,SELL
OXY,2024-03-07T00:00:00.000000,0,44.32,SELL
OXY,2024-03-08T00:00:00.000000,0,44.32,SELL
OXY,2024-03-11T00:00:00.000000,0,44.32,SELL
OXY,2024-03-12T00:00:00.000000,0,44.32,SELL
OXY,2024-03-13T00:00:00.000000,0,44.32,SELL
OXY,2024-03-14T00:00:00.000000,0,44.32,SELL
OXY,2024-03-15T00:00:00.000000,0,44.32,SELL
OXY,2024-03-18T00:00:00.000000,0,44.32,SELL
OXY,2024-03-19T00:00:00.000000,0,44.32,SELL
OXY,2024-03-20T00:00:00.000000,0,44.32,SELL
OXY,2024-03-21T00:00:00.000000,0,44.32,SELL
OXY,2024-03-22T00:00:00.000000,0,44.32,SELL
OXY,2024-03-25T00:00:00.000000,0,44.32,SELL
OXY,2024-03-26T00:00:00.000000,0,44.32,SELL
OXY,2024-03-27T00:00:00.000000,0,44.32,SELL
OXY,2024-03-28T00:00:00.000000,0,44.32,SELL
OXY,2024-04-01T00:00:00.000000,0,44.32,SELL
OXY,2024-04-02T00:00:00.000000,0,44.32,SELL
OXY,2024-04-03T00:00:00.000000,0,44.32,SELL
OXY,2024-04-04T00:00:00.000000,0,44.32,SELL
OXY,2024-04-05T00:00:00.000000,0,44.32,SELL
OXY,2024-04-08T00:00:00.000000,0,44.32,SELL
OXY,2024-04-09T00:00:00.000000,0,44.32,SELL
OXY,2024-04-10T00:00:00.000000,0,44.32,SELL
OXY,2024-04-11T00:00:00.000000,0,44.32,SELL
OXY,2024-04-12T00:00:00.000000,0,46.44,SELL
OXY,2024-04-15T00:00:00.000000,1,50.07,BUY
OXY,2024-04-16T00:00:00.000000,1,50.07,BUY
OXY,2024-04-17T00:00:00.000000,1,51.22,BUY
OXY,2024-04-18T00:00:00.000000,1,51.22,BUY
OXY,2024-04-19T00:00:00.000000,1,51.22,BUY
OXY,2024-04-22T00:00:00.000000,1,51.22,BUY
OXY,2024-04-23T00:00:00.000000,1,51.22,BUY
OXY,2024-04-24T00:00:00.000000,1,51.22,BUY
OXY,2024-04-25T00:00:00.000000,1,51.22,BUY
OXY,2024-04-26T00:00:00.000000,1,51.22,BUY
OXY,2024-04-29T00:00:00.000000,1,51.15,BUY
OXY,2024-04-30T00:00:00.000000,1,50.07,BUY
OXY,2024-05-01T00:00:00.000000,1,50.07,BUY
OXY,2024-05-02T00:00:00.000000,1,50.07,BUY
OXY,2024-05-03T00:00:00.000000,0,46.44,SELL
OXY,2024-05-06T00:00:00.000000,0,46.44,SELL
OXY,2024-05-07T00:00:00.000000,0,44.9,SELL
OXY,2024-05-08T00:00:00.000000,0,44.9,SELL
OXY,2024-05-09T00:00:00.000000,0,44.32,SELL
OXY,2024-05-10T00:00:00.000000,0,44.32,SELL
OXY,2024-05-13T00:00:00.000000,0,44.32,SELL
OXY,2024-05-14T00:00:00.000000,0,43.6,SELL
OXY,2024-05-15T00:00:00.000000,0,43.59,SELL
OXY,2024-05-16T00:00:00.000000,0,41.9,SELL
OXY,2024-05-17T00:00:00.000000,0,41.9,SELL
OXY,2024-05-20T00:00:00.000000,0,41.9,SELL
OXY,2024-05-21T00:00:00.000000,0,41.9,SELL
OXY,2024-05-22T00:00:00.000000,0,41.9,SELL
OXY,2024-05-23T00:00:00.000000,0,41.9,SELL
OXY,2024-05-24T00:00:00.000000,0,41.9,SELL
OXY,2024-05-28T00:00:00.000000,0,41.9,SELL
OXY,2024-05-29T00:00:00.000000,0,41.9,SELL
OXY,2024-05-30T00:00:00.000000,0,41.9,SELL
OXY,2024-05-31T00:00:00.000000,0,43.59,SELL
OXY,2024-06-03T00:00:00.000000,0,43.59,SELL
OXY,2024-06-04T00:00:00.000000,0,43.6,SELL
OXY,2024-06-05T00:00:00.000000,0,43.6,SELL
OXY,2024-06-06T00:00:00.000000,0,43.6,SELL
OXY,2024-06-07T00:00:00.000000,0,43.6,SELL
OXY,2024-06-10T00:00:00.000000,0,43.6,SELL
OXY,2024-06-11T00:00:00.000000,0,43.6,SELL
OXY,2024-06-12T00:00:00.000000,0,44.32,SELL
OXY,2024-06-13T00:00:00.000000,0,44.32,SELL
OXY,2024-06-14T00:00:00.000000,0,44.32,SELL
OXY,2024-06-17T00:00:00.000000,0,44.32,SELL
OXY,2024-06-18T00:00:00.000000,0,44.32,SELL
OXY,2024-06-20T00:00:00.000000,0,44.32,SELL
OXY,2024-06-21T00:00:00.000000,0,44.32,SELL
OXY,2024-06-24T00:00:00.000000,0,46.44,SELL
OXY,2024-06-25T00:00:00.000000,0,46.44,SELL
OXY,2024-06-26T00:00:00.000000,0,44.9,SELL
OXY,2024-06-27T00:00:00.000000,0,44.32,SELL
OXY,2024-06-28T00:00:00.000000,0,44.32,SELL
OXY,2024-07-01T00:00:00.000000,0,44.32,SELL
OXY,2024-07-02T00:00:00.000000,0,44.32,SELL
OXY,2024-07-03T00:00:00.000000,0,44.32,SELL
OXY,2024-07-05T00:00:00.000000,0,44.32,SELL
OXY,2024-07-08T00:00:00.000000,0,44.9,SELL
OXY,2024-07-09T00:00:00.000000,0,44.9,SELL
OXY,2024-07-10T00:00:00.000000,0,46.44,SELL
OXY,2024-07-11T00:00:00.000000,0,46.44,SELL
OXY,2024-07-12T00:00:00.000000,0,44.9,SELL
OXY,2024-07-15T00:00:00.000000,0,44.32,SELL
OXY,2024-07-16T00:00:00.000000,0,44.32,SELL
OXY,2024-07-17T00:00:00.000000,0,44.32,SELL
OXY,2024-07-18T00:00:00.000000,0,43.6,SELL
OXY,2024-07-19T00:00:00.000000,0,43.6,SELL
OXY,2024-07-22T00:00:00.000000,0,43.6,SELL
OXY,2024-07-23T00:00:00.000000,0,43.6,SELL
OXY,2024-07-24T00:00:00.000000,0,43.6,SELL
OXY,2024-07-25T00:00:00.000000,0,44.32,SELL
OXY,2024-07-26T00:00:00.000000,0,44.32,SELL
OXY,2024-07-29T00:00:00.000000,0,44.32,SELL
OXY,2024-07-30T00:00:00.000000,0,44.32,SELL
OXY,2024-07-31T00:00:00.000000,0,44.32,SELL
OXY,2024-08-01T00:00:00.000000,0,46.44,SELL
OXY,2024-08-02T00:00:00.000000,0,46.44,SELL
OXY,2024-08-05T00:00:00.000000,0,46.44,SELL
OXY,2024-08-06T00:00:00.000000,0,44.32,SELL
OXY,2024-08-07T00:00:00.000000,0,44.32,SELL
OXY,2024-08-08T00:00:00.000000,0,44.32,SELL
OXY,2024-08-09T00:00:00.000000,0,43.6,SELL
OXY,2024-08-12T00:00:00.000000,0,43.6,SELL
OXY,2024-08-13T00:00:00.000000,0,43.6,SELL
OXY,2024-08-14T00:00:00.000000,0,43.6,SELL
OXY,2024-08-15T00:00:00.000000,0,43.59,SELL
OXY,2024-08-16T00:00:00.000000,0,43.59,SELL
OXY,2024-08-19T00:00:00.000000,0,43.6,SELL
OXY,2024-08-20T00:00:00.000000,0,43.6,SELL
OXY,2024-08-21T00:00:00.000000,0,44.32,SELL
OXY,2024-08-22T00:00:00.000000,0,43.6,SELL
OXY,2024-08-23T00:00:00.000000,0,43.6,SELL
OXY,2024-08-26T00:00:00.000000,0,43.59,SELL
OXY,2024-08-27T00:00:00.000000,0,43.59,SELL
OXY,2024-08-28T00:00:00.000000,0,43.59,SELL
OXY,2024-08-29T00:00:00.000000,0,43.59,SELL
OXY,2024-08-30T00:00:00.000000,0,43.59,SELL
OXY,2024-09-03T00:00:00.000000,0,43.6,SELL
OXY,2024-09-04T00:00:00.000000,0,43.6,SELL
OXY,2024-09-05T00:00:00.000000,0,44.32,SELL
OXY,2024-09-06T00:00:00.000000,0,44.32,SELL
OXY,2024-09-09T00:00:00.000000,0,44.32,SELL
OXY,2024-09-10T00:00:00.000000,0,44.32,SELL
OXY,2024-09-11T00:00:00.000000,0,44.32,SELL
OXY,2024-09-12T00:00:00.000000,0,44.32,SELL
OXY,2024-09-13T00:00:00.000000,0,44.32,SELL
OXY,2024-09-16T00:00:00.000000,0,43.6,SELL
OXY,2024-09-17T00:00:00.000000,0,43.6,SELL
OXY,2024-09-18T00:00:00.000000,0,41.9,SELL
OXY,2024-09-19T00:00:00.000000,0,41.78,SELL
OXY,2024-09-20T00:00:00.000000,0,41.67,SELL
OXY,2024-09-23T00:00:00.000000,0,25.0,SELL
OXY,2024-09-24T00:00:00.000000,0,25.0,SELL
OXY,2024-09-25T00:00:00.000000,0,41.67,SELL
OXY,2024-09-26T00:00:00.000000,0,41.67,SELL
OXY,2024-09-27T00:00:00.000000,0,41.72,SELL
OXY,2024-09-30T00:00:00.000000,0,41.9,SELL
OXY,2024-10-01T00:00:00.000000,0,41.9,SELL
OXY,2024-10-02T00:00:00.000000,0,41.9,SELL
OXY,2024-10-03T00:00:00.000000,0,41.9,SELL
OXY,2024-10-04T00:00:00.000000,0,41.9,SELL
OXY,2024-10-07T00:00:00.000000,0,43.59,SELL
OXY,2024-10-08T00:00:00.000000,0,43.6,SELL
OXY,2024-10-09T00:00:00.000000,0,44.32,SELL
OXY,2024-10-10T00:00:00.000000,0,44.32,SELL
OXY,2024-10-11T00:00:00.000000,0,44.32,SELL
OXY,2024-10-14T00:00:00.000000,0,44.32,SELL
OXY,2024-10-15T00:00:00.000000,0,46.44,SELL
OXY,2024-10-16T00:00:00.000000,1,50.07,BUY
OXY,2024-10-17T00:00:00.000000,1,50.07,BUY
OXY,2024-10-18T00:00:00.000000,1,50.07,BUY
OXY,2024-10-21T00:00:00.000000,1,50.07,BUY
OXY,2024-10-22T00:00:00.000000,1,50.07,BUY
OXY,2024-10-23T00:00:00.000000,1,50.07,BUY
OXY,2024-10-24T00:00:00.000000,0,46.44,SELL
OXY,2024-10-25T00:00:00.000000,0,46.44,SELL
OXY,2024-10-28T00:00:00.000000,0,46.44,SELL
OXY,2024-10-29T00:00:00.000000,1,47.54,BUY
OXY,2024-10-30T00:00:00.000000,0,46.44,SELL
OXY,2024-10-31T00:00:00.000000,0,46.44,SELL
OXY,2024-11-01T00:00:00.000000,0,46.44,SELL
OXY,2024-11-04T00:00:00.000000,1,47.54,BUY
OXY,2024-11-05T00:00:00.000000,0,46.44,SELL
OXY,2024-11-06T00:00:00.000000,0,46.44,SELL
OXY,2024-11-07T00:00:00.000000,0,44.32,SELL
OXY,2024-11-08T00:00:00.000000,0,44.32,SELL
OXY,2024-11-11T00:00:00.000000,0,43.6,SELL
OXY,2024-11-12T00:00:00.000000,0,43.6,SELL
OXY,2024-11-13T00:00:00.000000,0,43.6,SELL
OXY,2024-11-14T00:00:00.000000,0,43.6,SELL
OXY,2024-11-15T00:00:00.000000,0,43.6,SELL
OXY,2024-11-18T00:00:00.000000,0,43.6,SELL
OXY,2024-11-19T00:00:00.000000,0,43.6,SELL
OXY,2024-11-20T00:00:00.000000,0,43.6,SELL
OXY,2024-11-21T00:00:00.000000,0,44.32,SELL
OXY,2024-11-22T00:00:00.000000,0,44.32,SELL
OXY,2024-11-25T00:00:00.000000,0,44.32,SELL
OXY,2024-11-26T00:00:00.000000,0,44.32,SELL
OXY,2024-11-27T00:00:00.000000,0,44.32,SELL
OXY,2024-11-29T00:00:00.000000,0,44.32,SELL
OXY,2024-12-02T00:00:00.000000,0,44.32,SELL
OXY,2024-12-03T00:00:00.000000,0,44.32,SELL
OXY,2024-12-04T00:00:00.000000,0,44.32,SELL
OXY,2024-12-05T00:00:00.000000,0,44.32,SELL
OXY,2024-12-06T00:00:00.000000,0,43.6,SELL
OXY,2024-12-09T00:00:00.000000,0,43.6,SELL
OXY,2024-12-10T00:00:00.000000,0,43.6,SELL
OXY,2024-12-11T00:00:00.000000,0,43.6,SELL
OXY,2024-12-12T00:00:00.000000,0,43.6,SELL
OXY,2024-12-13T00:00:00.000000,0,43.6,SELL
OXY,2024-12-16T00:00:00.000000,0,43.6,SELL
OXY,2024-12-17T00:00:00.000000,0,43.6,SELL
OXY,2024-12-18T00:00:00.000000,0,43.59,SELL
OXY,2024-12-19T00:00:00.000000,0,43.59,SELL
OXY,2024-12-20T00:00:00.000000,0,43.59,SELL
PFE,2023-02-21T00:00:00.000000,0,46.44,SELL
PFE,2023-02-22T00:00:00.000000,1,50.07,BUY
PFE,2023-02-23T00:00:00.000000,1,51.22,BUY
PFE,2023-02-24T00:00:00.000000,1,51.22,BUY
PFE,2023-02-27T00:00:00.000000,1,51.22,BUY
PFE,2023-02-28T00:00:00.000000,1,51.22,BUY
PFE,2023-03-01T00:00:00.000000,1,51.22,BUY
PFE,2023-03-02T00:00:00.000000,1,51.22,BUY
PFE,2023-03-03T00:00:00.000000,1,51.22,BUY
PFE,2023-03-06T00:00:00.000000,1,51.22,BUY
PFE,2023-03-07T00:00:00.000000,1,51.22,BUY
PFE,2023-03-08T00:00:00.000000,1,51.22,BUY
PFE,2023-03-09T00:00:00.000000,1,51.22,BUY
PFE,2023-03-10T00:00:00.000000,1,50.07,BUY
PFE,2023-03-13T00:00:00.000000,1,50.07,BUY
PFE,2023-03-14T00:00:00.000000,0,44.9,SELL
PFE,2023-03-15T00:00:00.000000,0,46.44,SELL
PFE,2023-03-16T00:00:00.000000,0,44.9,SELL
PFE,2023-03-17T00:00:00.000000,0,46.44,SELL
PFE,2023-03-20T00:00:00.000000,1,50.07,BUY
PFE,2023-03-21T00:00:00.000000,1,51.15,BUY
PFE,2023-03-22T00:00:00.000000,1,50.07,BUY
PFE,2023-03-23T00:00:00.000000,1,50.07,BUY
PFE,2023-03-24T00:00:00.000000,0,46.44,SELL
PFE,2023-03-27T00:00:00.000000,0,44.32,SELL
PFE,2023-03-28T00:00:00.000000,0,44.32,SELL
PFE,2023-03-29T00:00:00.000000,0,44.32,SELL
PFE,2023-03-30T00:00:00.000000,0,44.32,SELL
PFE,2023-03-31T00:00:00.000000,0,44.32,SELL
PFE,2023-04-03T00:00:00.000000,0,44.32,SELL
PFE,2023-04-04T00:00:00.000000,0,44.32,SELL
PFE,2023-04-05T00:00:00.000000,0,44.32,SELL
PFE,2023-04-06T00:00:00.000000,0,44.32,SELL
PFE,2023-04-10T00:00:00.000000,0,44.32,SELL
PFE,2023-04-11T00:00:00.000000,0,44.32,SELL
PFE,2023-04-12T00:00:00.000000,0,44.32,SELL
PFE,2023-04-13T00:00:00.000000,0,44.32,SELL
PFE,2023-04-14T00:00:00.000000,0,44.32,SELL
PFE,2023-04-17T00:00:00.000000,0,44.32,SELL
PFE,2023-04-18T00:00:00.000000,0,44.32,SELL
PFE,2023-04-19T00:00:00.000000,0,44.32,SELL
PFE,2023-04-20T00:00:00.000000,0,44.32,SELL
PFE,2023-04-21T00:00:00.000000,0,44.32,SELL
PFE,2023-04-24T00:00:00.000000,0,44.32,SELL
PFE,2023-04-25T00:00:00.000000,0,44.32,SELL
PFE,2023-04-26T00:00:00.000000,0,44.32,SELL
PFE,2023-04-27T00:00:00.000000,0,44.32,SELL
PFE,2023-04-28T00:00:00.000000,0,44.32,SELL
PFE,2023-05-01T00:00:00.000000,0,44.32,SELL
PFE,2023-05-02T00:00:00.000000,0,44.32,SELL
PFE,2023-05-03T00:00:00.000000,0,44.32,SELL
PFE,2023-05-04T00:00:00.000000,0,43.6,SELL
PFE,2023-05-05T00:00:00.000000,0,43.6,SELL
PFE,2023-05-08T00:00:00.000000,0,43.6,SELL
PFE,2023-05-09T00:00:00.000000,0,43.6,SELL
PFE,2023-05-10T00:00:00.000000,0,43.59,SELL
PFE,2023-05-11T00:00:00.000000,0,41.9,SELL
PFE,2023-05-12T00:00:00.000000,0,42.24,SELL
PFE,2023-05-15T00:00:00.000000,0,43.6,SELL
PFE,2023-05-16T00:00:00.000000,0,43.6,SELL
PFE,2023-05-17T00:00:00.000000,0,43.6,SELL
PFE,2023-05-18T00:00:00.000000,0,43.6,SELL
PFE,2023-05-19T00:00:00.000000,0,43.6,SELL
PFE,2023-05-22T00:00:00.000000,0,44.32,SELL
PFE,2023-05-23T00:00:00.000000,0,44.32,SELL
PFE,2023-05-24T00:00:00.000000,0,44.32,SELL
PFE,2023-05-25T00:00:00.000000,0,44.32,SELL
PFE,2023-05-26T00:00:00.000000,0,44.32,SELL
PFE,2023-05-30T00:00:00.000000,0,44.32,SELL
PFE,2023-05-31T00:00:00.000000,0,44.32,SELL
PFE,2023-06-01T00:00:00.000000,0,44.32,SELL
PFE,2023-06-02T00:00:00.000000,0,44.32,SELL
PFE,2023-06-05T00:00:00.000000,0,46.44,SELL
PFE,2023-06-06T00:00:00.000000,0,46.44,SELL
PFE,2023-06-07T00:00:00.000000,0,46.44,SELL
PFE,2023-06-08T00:00:00.000000,0,46.44,SELL
PFE,2023-06-09T00:00:00.000000,0,46.44,SELL
PFE,2023-06-12T00:00:00.000000,0,44.32,SELL
PFE,2023-06-13T00:00:00.000000,0,44.32,SELL
PFE,2023-06-14T00:00:00.000000,0,44.32,SELL
PFE,2023-06-15T00:00:00.000000,0,44.32,SELL
PFE,2023-06-16T00:00:00.000000,0,44.32,SELL
PFE,2023-06-20T00:00:00.000000,0,44.32,SELL
PFE,2023-06-21T00:00:00.000000,0,44.32,SELL
PFE,2023-06-22T00:00:00.000000,0,44.32,SELL
PFE,2023-06-23T00:00:00.000000,0,44.32,SELL
PFE,2023-06-26T00:00:00.000000,0,44.32,SELL
PFE,2023-06-27T00:00:00.000000,0,44.32,SELL
PFE,2023-06-28T00:00:00.000000,0,46.44,SELL
PFE,2023-06-29T00:00:00.000000,0,46.44,SELL
PFE,2023-06-30T00:00:00.000000,0,44.9,SELL
PFE,2023-07-03T00:00:00.000000,0,44.32,SELL
PFE,2023-07-05T00:00:00.000000,0,44.32,SELL
PFE,2023-07-06T00:00:00.000000,0,44.32,SELL
PFE,2023-07-07T00:00:00.000000,0,44.32,SELL
PFE,2023-07-10T00:00:00.000000,0,44.32,SELL
PFE,2023-07-11T00:00:00.000000,0,43.6,SELL
PFE,2023-07-12T00:00:00.000000,0,43.6,SELL
PFE,2023-07-13T00:00:00.000000,0,43.6,SELL
PFE,2023-07-14T00:00:00.000000,0,43.6,SELL
PFE,2023-07-17T00:00:00.000000,0,44.32,SELL
PFE,2023-07-18T00:00:00.000000,0,44.32,SELL
PFE,2023-07-19T00:00:00.000000,0,44.32,SELL
PFE,2023-07-20T00:00:00.000000,0,44.32,SELL
PFE,2023-07-21T00:00:00.000000,0,43.59,SELL
PFE,2023-07-24T00:00:00.000000,0,41.9,SELL
PFE,2023-07-25T00:00:00.000000,0,41.9,SELL
PFE,2023-07-26T00:00:00.000000,0,41.9,SELL
PFE,2023-07-27T00:00:00.000000,0,41.9,SELL
PFE,2023-07-28T00:00:00.000000,0,43.59,SELL
PFE,2023-07-31T00:00:00.000000,0,43.6,SELL
PFE,2023-08-01T00:00:00.000000,0,43.6,SELL
PFE,2023-08-02T00:00:00.000000,0,43.6,SELL
PFE,2023-08-03T00:00:00.000000,0,43.6,SELL
PFE,2023-08-04T00:00:00.000000,0,43.6,SELL
PFE,2023-08-07T00:00:00.000000,0,43.6,SELL
PFE,2023-08-08T00:00:00.000000,0,43.6,SELL
PFE,2023-08-09T00:00:00.000000,0,43.59,SELL
PFE,2023-08-10T00:00:00.000000,0,43.59,SELL
PFE,2023-08-11T00:00:00.000000,0,43.59,SELL
PFE,2023-08-14T00:00:00.000000,0,43.6,SELL
PFE,2023-08-15T00:00:00.000000,0,44.32,SELL
PFE,2023-08-16T00:00:00.000000,0,44.32,SELL
PFE,2023-08-17T00:00:00.000000,0,44.32,SELL
PFE,2023-08-18T00:00:00.000000,0,44.32,SELL
PFE,2023-08-21T00:00:00.000000,0,44.32,SELL
PFE,2023-08-22T00:00:00.000000,0,46.44,SELL
PFE,2023-08-23T00:00:00.000000,1,50.07,BUY
PFE,2023-08-24T00:00:00.000000,1,50.07,BUY
PFE,2023-08-25T00:00:00.000000,1,50.07,BUY
PFE,2023-08-28T00:00:00.000000,1,50.07,BUY
PFE,2023-08-29T00:00:00.000000,1,50.07,BUY
PFE,2023-08-30T00:00:00.000000,0,47.54,SELL
PFE,2023-08-31T00:00:00.000000,0,46.44,SELL
PFE,2023-09-01T00:00:00.000000,0,46.44,SELL
PFE,2023-09-05T00:00:00.000000,0,44.32,SELL
PFE,2023-09-06T00:00:00.000000,0,44.32,SELL
PFE,2023-09-07T00:00:00.000000,0,44.32,SELL
PFE,2023-09-08T00:00:00.000000,0,44.32,SELL
PFE,2023-09-11T00:00:00.000000,0,44.32,SELL
PFE,2023-09-12T00:00:00.000000,0,44.32,SELL
PFE,2023-09-13T00:00:00.000000,0,43.6,SELL
PFE,2023-09-14T00:00:00.000000,0,43.6,SELL
PFE,2023-09-15T00:00:00.000000,0,43.6,SELL
PFE,2023-09-18T00:00:00.000000,0,43.59,SELL
PFE,2023-09-19T00:00:00.000000,0,43.59,SELL
PFE,2023-09-20T00:00:00.000000,0,41.9,SELL
PFE,2023-09-21T00:00:00.000000,0,41.9,SELL
PFE,2023-09-22T00:00:00.000000,0,41.9,SELL
PFE,2023-09-25T00:00:00.000000,0,43.59,SELL
PFE,2023-09-26T00:00:00.000000,0,43.6,SELL
PFE,2023-09-27T00:00:00.000000,0,44.32,SELL
PFE,2023-09-28T00:00:00.000000,0,44.32,SELL
PFE,2023-09-29T00:00:00.000000,0,44.32,SELL
PFE,2023-10-02T00:00:00.000000,0,44.32,SELL
PFE,2023-10-03T00:00:00.000000,0,44.32,SELL
PFE,2023-10-04T00:00:00.000000,1,50.07,BUY
PFE,2023-10-05T00:00:00.000000,1,50.07,BUY
PFE,2023-10-06T00:00:00.000000,1,50.07,BUY
PFE,2023-10-09T00:00:00.000000,1,50.07,BUY
PFE,2023-10-10T00:00:00.000000,1,51.22,BUY
PFE,2023-10-11T00:00:00.000000,1,50.07,BUY
PFE,2023-10-12T00:00:00.000000,1,50.07,BUY
PFE,2023-10-13T00:00:00.000000,0,47.54,SELL
PFE,2023-10-16T00:00:00.000000,0,46.44,SELL
PFE,2023-10-17T00:00:00.000000,1,47.54,BUY
PFE,2023-10-18T00:00:00.000000,0,46.44,SELL
PFE,2023-10-19T00:00:00.000000,0,44.9,SELL
PFE,2023-10-20T00:00:00.000000,0,44.32,SELL
PFE,2023-10-23T00:00:00.000000,0,44.32,SELL
PFE,2023-10-24T00:00:00.000000,0,44.9,SELL
PFE,2023-10-25T00:00:00.000000,0,46.44,SELL
PFE,2023-10-26T00:00:00.000000,1,50.07,BUY
PFE,2023-10-27T00:00:00.000000,1,51.22,BUY
PFE,2023-10-30T00:00:00.000000,1,51.22,BUY
PFE,2023-10-31T00:00:00.000000,1,51.22,BUY
PFE,2023-11-01T00:00:00.000000,1,51.22,BUY
PFE,2023-11-02T00:00:00.000000,1,51.22,BUY
PFE,2023-11-03T00:00:00.000000,1,51.22,BUY
PFE,2023-11-06T00:00:00.000000,1,51.22,BUY
PFE,2023-11-07T00:00:00.000000,1,50.07,BUY
PFE,2023-11-08T00:00:00.000000,0,44.9,SELL
PFE,2023-11-09T00:00:00.000000,0,44.32,SELL
PFE,2023-11-10T00:00:00.000000,0,44.32,SELL
PFE,2023-11-13T00:00:00.000000,0,43.59,SELL
PFE,2023-11-14T00:00:00.000000,0,41.9,SELL
PFE,2023-11-15T00:00:00.000000,0,41.9,SELL
PFE,2023-11-16T00:00:00.000000,0,41.9,SELL
PFE,2023-11-17T00:00:00.000000,0,41.9,SELL
PFE,2023-11-20T00:00:00.000000,0,41.9,SELL
PFE,2023-11-21T00:00:00.000000,0,41.9,SELL
PFE,2023-11-22T00:00:00.000000,0,41.9,SELL
PFE,2023-11-24T00:00:00.000000,0,41.9,SELL
PFE,2023-11-27T00:00:00.000000,0,41.9,SELL
PFE,2023-11-28T00:00:00.000000,0,41.9,SELL
PFE,2023-11-29T00:00:00.000000,0,41.9,SELL
PFE,2023-11-30T00:00:00.000000,0,41.9,SELL
PFE,2023-12-01T00:00:00.000000,0,43.59,SELL
PFE,2023-12-04T00:00:00.000000,0,43.59,SELL
PFE,2023-12-05T00:00:00.000000,0,43.6,SELL
PFE,2023-12-06T00:00:00.000000,0,43.6,SELL
PFE,2023-12-07T00:00:00.000000,0,43.6,SELL
PFE,2023-12-08T00:00:00.000000,0,44.32,SELL
PFE,2023-12-11T00:00:00.000000,0,44.32,SELL
PFE,2023-12-12T00:00:00.000000,0,44.32,SELL
PFE,2023-12-13T00:00:00.000000,0,43.6,SELL
PFE,2023-12-14T00:00:00.000000,0,44.32,SELL
PFE,2023-12-15T00:00:00.000000,0,44.32,SELL
PFE,2023-12-18T00:00:00.000000,0,44.32,SELL
PFE,2023-12-19T00:00:00.000000,0,44.32,SELL
PFE,2023-12-20T00:00:00.000000,0,43.6,SELL
PFE,2023-12-21T00:00:00.000000,0,43.59,SELL
PFE,2023-12-22T00:00:00.000000,0,43.6,SELL
PFE,2023-12-26T00:00:00.000000,0,43.6,SELL
PFE,2023-12-27T00:00:00.000000,0,43.6,SELL
PFE,2023-12-28T00:00:00.000000,0,43.6,SELL
PFE,2023-12-29T00:00:00.000000,0,43.6,SELL
PFE,2024-01-02T00:00:00.000000,0,43.59,SELL
PFE,2024-01-03T00:00:00.000000,0,43.6,SELL
PFE,2024-01-04T00:00:00.000000,0,43.6,SELL
PFE,2024-01-05T00:00:00.000000,0,44.32,SELL
PFE,2024-01-08T00:00:00.000000,0,44.32,SELL
PFE,2024-01-09T00:00:00.000000,0,44.32,SELL
PFE,2024-01-10T00:00:00.000000,0,46.44,SELL
PFE,2024-01-11T00:00:00.000000,1,50.07,BUY
PFE,2024-01-12T00:00:00.000000,1,50.07,BUY
PFE,2024-01-16T00:00:00.000000,1,51.22,BUY
PFE,2024-01-17T00:00:00.000000,1,50.07,BUY
PFE,2024-01-18T00:00:00.000000,1,50.07,BUY
PFE,2024-01-19T00:00:00.000000,1,50.07,BUY
PFE,2024-01-22T00:00:00.000000,1,50.07,BUY
PFE,2024-01-23T00:00:00.000000,0,46.44,SELL
PFE,2024-01-24T00:00:00.000000,0,46.44,SELL
PFE,2024-01-25T00:00:00.000000,0,44.32,SELL
PFE,2024-01-26T00:00:00.000000,0,44.32,SELL
PFE,2024-01-29T00:00:00.000000,0,44.32,SELL
PFE,2024-01-30T00:00:00.000000,0,44.32,SELL
PFE,2024-01-31T00:00:00.000000,0,44.32,SELL
PFE,2024-02-01T00:00:00.000000,0,43.6,SELL
PFE,2024-02-02T00:00:00.000000,0,43.59,SELL
PFE,2024-02-05T00:00:00.000000,0,43.59,SELL
PFE,2024-02-06T00:00:00.000000,0,41.9,SELL
PFE,2024-02-07T00:00:00.000000,0,41.9,SELL
PFE,2024-02-08T00:00:00.000000,0,41.9,SELL
PFE,2024-02-09T00:00:00.000000,0,41.9,SELL
PFE,2024-02-12T00:00:00.000000,0,41.9,SELL
PFE,2024-02-13T00:00:00.000000,0,41.9,SELL
PFE,2024-02-14T00:00:00.000000,0,41.9,SELL
PFE,2024-02-15T00:00:00.000000,0,41.9,SELL
PFE,2024-02-16T00:00:00.000000,0,43.59,SELL
PFE,2024-02-20T00:00:00.000000,0,43.59,SELL
PFE,2024-02-21T00:00:00.000000,0,43.59,SELL
PFE,2024-02-22T00:00:00.000000,0,43.59,SELL
PFE,2024-02-23T00:00:00.000000,0,42.15,SELL
PFE,2024-02-26T00:00:00.000000,0,43.59,SELL
PFE,2024-02-27T00:00:00.000000,0,43.59,SELL
PFE,2024-02-28T00:00:00.000000,0,43.59,SELL
PFE,2024-02-29T00:00:00.000000,0,43.59,SELL
PFE,2024-03-01T00:00:00.000000,0,43.59,SELL
PFE,2024-03-04T00:00:00.000000,0,43.6,SELL
PFE,2024-03-05T00:00:00.000000,0,43.6,SELL
PFE,2024-03-06T00:00:00.000000,0,43.6,SELL
PFE,2024-03-07T00:00:00.000000,0,43.6,SELL
PFE,2024-03-08T00:00:00.000000,0,43.6,SELL
PFE,2024-03-11T00:00:00.000000,0,43.59,SELL
PFE,2024-03-12T00:00:00.000000,0,43.59,SELL
PFE,2024-03-13T00:00:00.000000,0,43.59,SELL
PFE,2024-03-14T00:00:00.000000,0,43.59,SELL
PFE,2024-03-15T00:00:00.000000,0,43.59,SELL
PFE,2024-03-18T00:00:00.000000,0,43.6,SELL
PFE,2024-03-19T00:00:00.000000,0,43.6,SELL
PFE,2024-03-20T00:00:00.000000,0,43.6,SELL
PFE,2024-03-21T00:00:00.000000,0,43.6,SELL
PFE,2024-03-22T00:00:00.000000,0,43.6,SELL
PFE,2024-03-25T00:00:00.000000,0,43.6,SELL
PFE,2024-03-26T00:00:00.000000,0,43.6,SELL
PFE,2024-03-27T00:00:00.000000,0,43.6,SELL
PFE,2024-03-28T00:00:00.000000,0,43.6,SELL
PFE,2024-04-01T00:00:00.000000,0,43.6,SELL
PFE,2024-04-02T00:00:00.000000,0,43.59,SELL
PFE,2024-04-03T00:00:00.000000,0,41.9,SELL
PFE,2024-04-04T00:00:00.000000,0,41.9,SELL
PFE,2024-04-05T00:00:00.000000,0,43.59,SELL
PFE,2024-04-08T00:00:00.000000,0,43.6,SELL
PFE,2024-04-09T00:00:00.000000,0,43.6,SELL
PFE,2024-04-10T00:00:00.000000,0,44.32,SELL
PFE,2024-04-11T00:00:00.000000,0,44.32,SELL
PFE,2024-04-12T00:00:00.000000,0,44.32,SELL
PFE,2024-04-15T00:00:00.000000,0,44.32,SELL
PFE,2024-04-16T00:00:00.000000,0,44.32,SELL
PFE,2024-04-17T00:00:00.000000,0,44.32,SELL
PFE,2024-04-18T00:00:00.000000,0,44.32,SELL
PFE,2024-04-19T00:00:00.000000,0,44.32,SELL
PFE,2024-04-22T00:00:00.000000,0,44.32,SELL
PFE,2024-04-23T00:00:00.000000,0,44.32,SELL
PFE,2024-04-24T00:00:00.000000,0,44.32,SELL
PFE,2024-04-25T00:00:00.000000,0,44.32,SELL
PFE,2024-04-26T00:00:00.000000,0,44.32,SELL
PFE,2024-04-29T00:00:00.000000,0,44.32,SELL
PFE,2024-04-30T00:00:00.000000,0,44.32,SELL
PFE,2024-05-01T00:00:00.000000,0,43.6,SELL
PFE,2024-05-02T00:00:00.000000,0,43.6,SELL
PFE,2024-05-03T00:00:00.000000,0,44.32,SELL
PFE,2024-05-06T00:00:00.000000,0,44.32,SELL
PFE,2024-05-07T00:00:00.000000,0,44.32,SELL
PFE,2024-05-08T00:00:00.000000,0,44.32,SELL
PFE,2024-05-09T00:00:00.000000,0,44.32,SELL
PFE,2024-05-10T00:00:00.000000,0,44.32,SELL
PFE,2024-05-13T00:00:00.000000,1,50.0,BUY
PFE,2024-05-14T00:00:00.000000,1,50.07,BUY
PFE,2024-05-15T00:00:00.000000,1,51.15,BUY
PFE,2024-05-16T00:00:00.000000,1,51.22,BUY
PFE,2024-05-17T00:00:00.000000,1,51.22,BUY
PFE,2024-05-20T00:00:00.000000,1,51.22,BUY
PFE,2024-05-21T00:00:00.000000,1,51.15,BUY
PFE,2024-05-22T00:00:00.000000,1,50.07,BUY
PFE,2024-05-23T00:00:00.000000,1,50.07,BUY
PFE,2024-05-24T00:00:00.000000,1,50.0,BUY
PFE,2024-05-28T00:00:00.000000,0,46.44,SELL
PFE,2024-05-29T00:00:00.000000,0,46.44,SELL
PFE,2024-05-30T00:00:00.000000,0,46.44,SELL
PFE,2024-05-31T00:00:00.000000,0,46.44,SELL
PFE,2024-06-03T00:00:00.000000,1,50.0,BUY
PFE,2024-06-04T00:00:00.000000,1,50.07,BUY
PFE,2024-06-05T00:00:00.000000,1,50.07,BUY
PFE,2024-06-06T00:00:00.000000,1,50.07,BUY
PFE,2024-06-07T00:00:00.000000,1,51.15,BUY
PFE,2024-06-10T00:00:00.000000,1,50.07,BUY
PFE,2024-06-11T00:00:00.000000,1,50.07,BUY
PFE,2024-06-12T00:00:00.000000,1,50.07,BUY
PFE,2024-06-13T00:00:00.000000,1,50.0,BUY
PFE,2024-06-14T00:00:00.000000,0,47.54,SELL
PFE,2024-06-17T00:00:00.000000,1,50.07,BUY
PFE,2024-06-18T00:00:00.000000,1,50.07,BUY
PFE,2024-06-20T00:00:00.000000,1,50.07,BUY
PFE,2024-06-21T00:00:00.000000,1,50.07,BUY
PFE,2024-06-24T00:00:00.000000,0,46.44,SELL
PFE,2024-06-25T00:00:00.000000,0,44.32,SELL
PFE,2024-06-26T00:00:00.000000,0,44.32,SELL
PFE,2024-06-27T00:00:00.000000,0,44.32,SELL
PFE,2024-06-28T00:00:00.000000,0,44.32,SELL
PFE,2024-07-01T00:00:00.000000,0,44.32,SELL
PFE,2024-07-02T00:00:00.000000,0,44.32,SELL
PFE,2024-07-03T00:00:00.000000,0,44.32,SELL
PFE,2024-07-05T00:00:00.000000,0,44.32,SELL
PFE,2024-07-08T00:00:00.000000,0,44.32,SELL
PFE,2024-07-09T00:00:00.000000,0,44.32,SELL
PFE,2024-07-10T00:00:00.000000,0,44.9,SELL
PFE,2024-07-11T00:00:00.000000,0,44.32,SELL
PFE,2024-07-12T00:00:00.000000,0,44.32,SELL
PFE,2024-07-15T00:00:00.000000,0,44.32,SELL
PFE,2024-07-16T00:00:00.000000,0,44.32,SELL
PFE,2024-07-17T00:00:00.000000,0,44.32,SELL
PFE,2024-07-18T00:00:00.000000,0,44.32,SELL
PFE,2024-07-19T00:00:00.000000,0,44.32,SELL
PFE,2024-07-22T00:00:00.000000,0,44.32,SELL
PFE,2024-07-23T00:00:00.000000,0,44.32,SELL
PFE,2024-07-24T00:00:00.000000,0,44.32,SELL
PFE,2024-07-25T00:00:00.000000,0,44.32,SELL
PFE,2024-07-26T00:00:00.000000,0,46.44,SELL
PFE,2024-07-29T00:00:00.000000,1,47.54,BUY
PFE,2024-07-30T00:00:00.000000,1,50.07,BUY
PFE,2024-07-31T00:00:00.000000,1,50.07,BUY
PFE,2024-08-01T00:00:00.000000,1,50.07,BUY
PFE,2024-08-02T00:00:00.000000,1,50.07,BUY
PFE,2024-08-05T00:00:00.000000,1,51.15,BUY
PFE,2024-08-06T00:00:00.000000,1,51.22,BUY
PFE,2024-08-07T00:00:00.000000,1,51.22,BUY
PFE,2024-08-08T00:00:00.000000,1,51.22,BUY
PFE,2024-08-09T00:00:00.000000,1,51.22,BUY
PFE,2024-08-12T00:00:00.000000,1,51.22,BUY
PFE,2024-08-13T00:00:00.000000,1,51.22,BUY
PFE,2024-08-14T00:00:00.000000,1,51.22,BUY
PFE,2024-08-15T00:00:00.000000,1,51.22,BUY
PFE,2024-08-16T00:00:00.000000,1,51.22,BUY
PFE,2024-08-19T00:00:00.000000,1,51.22,BUY
PFE,2024-08-20T00:00:00.000000,1,50.07,BUY
PFE,2024-08-21T00:00:00.000000,0,44.32,SELL
PFE,2024-08-22T00:00:00.000000,0,44.32,SELL
PFE,2024-08-23T00:00:00.000000,0,44.32,SELL
PFE,2024-08-26T00:00:00.000000,0,43.6,SELL
PFE,2024-08-27T00:00:00.000000,0,43.6,SELL
PFE,2024-08-28T00:00:00.000000,0,43.6,SELL
PFE,2024-08-29T00:00:00.000000,0,43.6,SELL
PFE,2024-08-30T00:00:00.000000,0,43.6,SELL
PFE,2024-09-03T00:00:00.000000,0,43.6,SELL
PFE,2024-09-04T00:00:00.000000,0,44.32,SELL
PFE,2024-09-05T00:00:00.000000,0,44.32,SELL
PFE,2024-09-06T00:00:00.000000,0,44.32,SELL
PFE,2024-09-09T00:00:00.000000,0,44.32,SELL
PFE,2024-09-10T00:00:00.000000,0,46.44,SELL
PFE,2024-09-11T00:00:00.000000,1,50.07,BUY
PFE,2024-09-12T00:00:00.000000,1,51.22,BUY
PFE,2024-09-13T00:00:00.000000,1,51.22,BUY
PFE,2024-09-16T00:00:00.000000,1,51.22,BUY
PFE,2024-09-17T00:00:00.000000,1,51.22,BUY
PFE,2024-09-18T00:00:00.000000,1,51.22,BUY
PFE,2024-09-19T00:00:00.000000,1,51.22,BUY
PFE,2024-09-20T00:00:00.000000,1,51.15,BUY
PFE,2024-09-23T00:00:00.000000,1,50.07,BUY
PFE,2024-09-24T00:00:00.000000,0,46.44,SELL
PFE,2024-09-25T00:00:00.000000,0,44.32,SELL
PFE,2024-09-26T00:00:00.000000,0,44.32,SELL
PFE,2024-09-27T00:00:00.000000,0,44.32,SELL
PFE,2024-09-30T00:00:00.000000,0,44.32,SELL
PFE,2024-10-01T00:00:00.000000,0,44.32,SELL
PFE,2024-10-02T00:00:00.000000,0,43.6,SELL
PFE,2024-10-03T00:00:00.000000,0,43.6,SELL
PFE,2024-10-04T00:00:00.000000,0,43.6,SELL
PFE,2024-10-07T00:00:00.000000,0,44.32,SELL
PFE,2024-10-08T00:00:00.000000,0,44.32,SELL
PFE,2024-10-09T00:00:00.000000,0,44.32,SELL
PFE,2024-10-10T00:00:00.000000,0,44.32,SELL
PFE,2024-10-11T00:00:00.000000,0,44.32,SELL
PFE,2024-10-14T00:00:00.000000,0,44.32,SELL
PFE,2024-10-15T00:00:00.000000,0,44.32,SELL
PFE,2024-10-16T00:00:00.000000,0,44.32,SELL
PFE,2024-10-17T00:00:00.000000,0,44.32,SELL
PFE,2024-10-18T00:00:00.000000,0,43.6,SELL
PFE,2024-10-21T00:00:00.000000,0,43.6,SELL
PFE,2024-10-22T00:00:00.000000,0,43.6,SELL
PFE,2024-10-23T00:00:00.000000,0,43.6,SELL
PFE,2024-10-24T00:00:00.000000,0,43.6,SELL
PFE,2024-10-25T00:00:00.000000,0,43.6,SELL
PFE,2024-10-28T00:00:00.000000,0,43.6,SELL
PFE,2024-10-29T00:00:00.000000,0,44.32,SELL
PFE,2024-10-30T00:00:00.000000,0,44.32,SELL
PFE,2024-10-31T00:00:00.000000,0,44.32,SELL
PFE,2024-11-01T00:00:00.000000,0,44.32,SELL
PFE,2024-11-04T00:00:00.000000,0,44.32,SELL
PFE,2024-11-05T00:00:00.000000,0,43.6,SELL
PFE,2024-11-06T00:00:00.000000,0,44.32,SELL
PFE,2024-11-07T00:00:00.000000,0,43.6,SELL
PFE,2024-11-08T00:00:00.000000,0,43.59,SELL
PFE,2024-11-11T00:00:00.000000,0,41.9,SELL
PFE,2024-11-12T00:00:00.000000,0,41.9,SELL
PFE,2024-11-13T00:00:00.000000,0,41.9,SELL
PFE,2024-11-14T00:00:00.000000,0,41.87,SELL
PFE,2024-11-15T00:00:00.000000,0,38.17,SELL
PFE,2024-11-18T00:00:00.000000,0,25.0,SELL
PFE,2024-11-19T00:00:00.000000,0,0.0,SELL
PFE,2024-11-20T00:00:00.000000,0,0.0,SELL
PFE,2024-11-21T00:00:00.000000,0,0.0,SELL
PFE,2024-11-22T00:00:00.000000,0,0.0,SELL
PFE,2024-11-25T00:00:00.000000,0,0.0,SELL
PFE,2024-11-26T00:00:00.000000,0,0.0,SELL
PFE,2024-11-27T00:00:00.000000,0,0.0,SELL
PFE,2024-11-29T00:00:00.000000,0,25.82,SELL
PFE,2024-12-02T00:00:00.000000,0,41.67,SELL
PFE,2024-12-03T00:00:00.000000,0,41.9,SELL
PFE,2024-12-04T00:00:00.000000,0,41.9,SELL
PFE,2024-12-05T00:00:00.000000,0,41.9,SELL
PFE,2024-12-06T00:00:00.000000,0,43.43,SELL
PFE,2024-12-09T00:00:00.000000,0,43.59,SELL
PFE,2024-12-10T00:00:00.000000,0,43.59,SELL
PFE,2024-12-11T00:00:00.000000,0,43.6,SELL
PFE,2024-12-12T00:00:00.000000,0,43.6,SELL
PFE,2024-12-13T00:00:00.000000,0,43.6,SELL
PFE,2024-12-16T00:00:00.000000,0,44.32,SELL
PFE,2024-12-17T00:00:00.000000,0,44.32,SELL
PFE,2024-12-18T00:00:00.000000,0,44.32,SELL
PFE,2024-12-19T00:00:00.000000,0,44.32,SELL
PFE,2024-12-20T00:00:00.000000,0,44.32,SELL
PYPL,2023-02-21T00:00:00.000000,1,51.22,BUY
PYPL,2023-02-22T00:00:00.000000,1,51.22,BUY
PYPL,2023-02-23T00:00:00.000000,1,51.22,BUY
PYPL,2023-02-24T00:00:00.000000,1,50.07,BUY
PYPL,2023-02-27T00:00:00.000000,0,44.32,SELL
PYPL,2023-02-28T00:00:00.000000,0,44.32,SELL
PYPL,2023-03-01T00:00:00.000000,0,44.32,SELL
PYPL,2023-03-02T00:00:00.000000,0,46.44,SELL
PYPL,2023-03-03T00:00:00.000000,0,47.54,SELL
PYPL,2023-03-06T00:00:00.000000,0,44.32,SELL
PYPL,2023-03-07T00:00:00.000000,0,44.9,SELL
PYPL,2023-03-08T00:00:00.000000,0,46.44,SELL
PYPL,2023-03-09T00:00:00.000000,0,44.32,SELL
PYPL,2023-03-10T00:00:00.000000,0,44.9,SELL
PYPL,2023-03-13T00:00:00.000000,0,46.44,SELL
PYPL,2023-03-14T00:00:00.000000,0,44.9,SELL
PYPL,2023-03-15T00:00:00.000000,0,44.9,SELL
PYPL,2023-03-16T00:00:00.000000,0,46.44,SELL
PYPL,2023-03-17T00:00:00.000000,0,46.44,SELL
PYPL,2023-03-20T00:00:00.000000,1,50.07,BUY
PYPL,2023-03-21T00:00:00.000000,1,50.07,BUY
PYPL,2023-03-22T00:00:00.000000,0,46.44,SELL
PYPL,2023-03-23T00:00:00.000000,0,46.44,SELL
PYPL,2023-03-24T00:00:00.000000,0,44.9,SELL
PYPL,2023-03-27T00:00:00.000000,0,44.32,SELL
PYPL,2023-03-28T00:00:00.000000,0,44.32,SELL
PYPL,2023-03-29T00:00:00.000000,0,44.32,SELL
PYPL,2023-03-30T00:00:00.000000,0,44.32,SELL
PYPL,2023-03-31T00:00:00.000000,0,44.32,SELL
PYPL,2023-04-03T00:00:00.000000,0,44.32,SELL
PYPL,2023-04-04T00:00:00.000000,0,44.32,SELL
PYPL,2023-04-05T00:00:00.000000,0,44.32,SELL
PYPL,2023-04-06T00:00:00.000000,0,44.32,SELL
PYPL,2023-04-10T00:00:00.000000,0,43.6,SELL
PYPL,2023-04-11T00:00:00.000000,0,43.6,SELL
PYPL,2023-04-12T00:00:00.000000,0,43.59,SELL
PYPL,2023-04-13T00:00:00.000000,0,43.59,SELL
PYPL,2023-04-14T00:00:00.000000,0,43.6,SELL
PYPL,2023-04-17T00:00:00.000000,0,43.6,SELL
PYPL,2023-04-18T00:00:00.000000,0,43.6,SELL
PYPL,2023-04-19T00:00:00.000000,0,44.32,SELL
PYPL,2023-04-20T00:00:00.000000,0,44.32,SELL
PYPL,2023-04-21T00:00:00.000000,0,44.32,SELL
PYPL,2023-04-24T00:00:00.000000,0,44.32,SELL
PYPL,2023-04-25T00:00:00.000000,0,44.32,SELL
PYPL,2023-04-26T00:00:00.000000,0,44.32,SELL
PYPL,2023-04-27T00:00:00.000000,0,44.32,SELL
PYPL,2023-04-28T00:00:00.000000,0,44.32,SELL
PYPL,2023-05-01T00:00:00.000000,1,50.0,BUY
PYPL,2023-05-02T00:00:00.000000,1,50.07,BUY
PYPL,2023-05-03T00:00:00.000000,1,51.15,BUY
PYPL,2023-05-04T00:00:00.000000,1,51.22,BUY
PYPL,2023-05-05T00:00:00.000000,1,50.07,BUY
PYPL,2023-05-08T00:00:00.000000,1,50.07,BUY
PYPL,2023-05-09T00:00:00.000000,1,50.07,BUY
PYPL,2023-05-10T00:00:00.000000,1,50.0,BUY
PYPL,2023-05-11T00:00:00.000000,0,44.32,SELL
PYPL,2023-05-12T00:00:00.000000,0,44.32,SELL
PYPL,2023-05-15T00:00:00.000000,0,44.32,SELL
PYPL,2023-05-16T00:00:00.000000,0,44.32,SELL
PYPL,2023-05-17T00:00:00.000000,0,43.6,SELL
PYPL,2023-05-18T00:00:00.000000,0,43.59,SELL
PYPL,2023-05-19T00:00:00.000000,0,41.9,SELL
PYPL,2023-05-22T00:00:00.000000,0,41.9,SELL
PYPL,2023-05-23T00:00:00.000000,0,41.9,SELL
PYPL,2023-05-24T00:00:00.000000,0,41.9,SELL
PYPL,2023-05-25T00:00:00.000000,0,41.9,SELL
PYPL,2023-05-26T00:00:00.000000,0,41.9,SELL
PYPL,2023-05-30T00:00:00.000000,0,41.9,SELL
PYPL,2023-05-31T00:00:00.000000,0,43.59,SELL
PYPL,2023-06-01T00:00:00.000000,0,43.6,SELL
PYPL,2023-06-02T00:00:00.000000,0,44.32,SELL
PYPL,2023-06-05T00:00:00.000000,0,44.9,SELL
PYPL,2023-06-06T00:00:00.000000,0,46.44,SELL
PYPL,2023-06-07T00:00:00.000000,0,47.54,SELL
PYPL,2023-06-08T00:00:00.000000,0,46.44,SELL
PYPL,2023-06-09T00:00:00.000000,0,46.44,SELL
PYPL,2023-06-12T00:00:00.000000,0,44.32,SELL
PYPL,2023-06-13T00:00:00.000000,0,44.32,SELL
PYPL,2023-06-14T00:00:00.000000,0,44.32,SELL
PYPL,2023-06-15T00:00:00.000000,0,44.32,SELL
PYPL,2023-06-16T00:00:00.000000,0,44.32,SELL
PYPL,2023-06-20T00:00:00.000000,0,46.44,SELL
PYPL,2023-06-21T00:00:00.000000,0,46.44,SELL
PYPL,2023-06-22T00:00:00.000000,0,46.44,SELL
PYPL,2023-06-23T00:00:00.000000,0,46.44,SELL
PYPL,2023-06-26T00:00:00.000000,0,46.44,SELL
PYPL,2023-06-27T00:00:00.000000,0,46.44,SELL
PYPL,2023-06-28T00:00:00.000000,0,46.44,SELL
PYPL,2023-06-29T00:00:00.000000,1,50.0,BUY
PYPL,2023-06-30T00:00:00.000000,1,50.07,BUY
PYPL,2023-07-03T00:00:00.000000,1,50.07,BUY
PYPL,2023-07-05T00:00:00.000000,1,50.07,BUY
PYPL,2023-07-06T00:00:00.000000,1,50.07,BUY
PYPL,2023-07-07T00:00:00.000000,1,50.07,BUY
PYPL,2023-07-10T00:00:00.000000,0,46.44,SELL
PYPL,2023-07-11T00:00:00.000000,0,44.32,SELL
PYPL,2023-07-12T00:00:00.000000,0,44.32,SELL
PYPL,2023-07-13T00:00:00.000000,0,44.32,SELL
PYPL,2023-07-14T00:00:00.000000,0,44.32,SELL
PYPL,2023-07-17T00:00:00.000000,0,43.6,SELL
PYPL,2023-07-18T00:00:00.000000,0,43.6,SELL
PYPL,2023-07-19T00:00:00.000000,0,44.32,SELL
PYPL,2023-07-20T00:00:00.000000,0,44.32,SELL
PYPL,2023-07-21T00:00:00.000000,0,44.32,SELL
PYPL,2023-07-24T00:00:00.000000,0,44.32,SELL
PYPL,2023-07-25T00:00:00.000000,0,44.32,SELL
PYPL,2023-07-26T00:00:00.000000,0,44.32,SELL
PYPL,2023-07-27T00:00:00.000000,0,44.32,SELL
PYPL,2023-07-28T00:00:00.000000,0,44.32,SELL
PYPL,2023-07-31T00:00:00.000000,0,44.32,SELL
PYPL,2023-08-01T00:00:00.000000,0,44.32,SELL
PYPL,2023-08-02T00:00:00.000000,0,44.32,SELL
PYPL,2023-08-03T00:00:00.000000,0,44.32,SELL
PYPL,2023-08-04T00:00:00.000000,0,44.32,SELL
PYPL,2023-08-07T00:00:00.000000,0,44.32,SELL
PYPL,2023-08-08T00:00:00.000000,0,43.6,SELL
PYPL,2023-08-09T00:00:00.000000,0,43.6,SELL
PYPL,2023-08-10T00:00:00.000000,0,43.6,SELL
PYPL,2023-08-11T00:00:00.000000,0,43.6,SELL
PYPL,2023-08-14T00:00:00.000000,0,43.6,SELL
PYPL,2023-08-15T00:00:00.000000,0,43.6,SELL
PYPL,2023-08-16T00:00:00.000000,0,43.6,SELL
PYPL,2023-08-17T00:00:00.000000,0,43.6,SELL
PYPL,2023-08-18T00:00:00.000000,0,43.6,SELL
PYPL,2023-08-21T00:00:00.000000,0,43.59,SELL
PYPL,2023-08-22T00:00:00.000000,0,43.59,SELL
PYPL,2023-08-23T00:00:00.000000,0,43.59,SELL
PYPL,2023-08-24T00:00:00.000000,0,44.32,SELL
PYPL,2023-08-25T00:00:00.000000,0,44.32,SELL
PYPL,2023-08-28T00:00:00.000000,0,44.32,SELL
PYPL,2023-08-29T00:00:00.000000,0,46.44,SELL
PYPL,2023-08-30T00:00:00.000000,0,44.32,SELL
PYPL,2023-08-31T00:00:00.000000,0,44.32,SELL
PYPL,2023-09-01T00:00:00.000000,0,44.32,SELL
PYPL,2023-09-05T00:00:00.000000,0,44.32,SELL
PYPL,2023-09-06T00:00:00.000000,0,44.32,SELL
PYPL,2023-09-07T00:00:00.000000,0,44.32,SELL
PYPL,2023-09-08T00:00:00.000000,0,44.32,SELL
PYPL,2023-09-11T00:00:00.000000,0,44.32,SELL
PYPL,2023-09-12T00:00:00.000000,0,44.32,SELL
PYPL,2023-09-13T00:00:00.000000,0,44.32,SELL
PYPL,2023-09-14T00:00:00.000000,0,44.32,SELL
PYPL,2023-09-15T00:00:00.000000,0,46.44,SELL
PYPL,2023-09-18T00:00:00.000000,0,46.44,SELL
PYPL,2023-09-19T00:00:00.000000,0,47.54,SELL
PYPL,2023-09-20T00:00:00.000000,1,50.07,BUY
PYPL,2023-09-21T00:00:00.000000,1,50.07,BUY
PYPL,2023-09-22T00:00:00.000000,0,47.54,SELL
PYPL,2023-09-25T00:00:00.000000,0,46.44,SELL
PYPL,2023-09-26T00:00:00.000000,0,46.44,SELL
PYPL,2023-09-27T00:00:00.000000,1,50.07,BUY
PYPL,2023-09-28T00:00:00.000000,1,51.22,BUY
PYPL,2023-09-29T00:00:00.000000,1,51.22,BUY
PYPL,2023-10-02T00:00:00.000000,1,51.22,BUY
PYPL,2023-10-03T00:00:00.000000,1,51.22,BUY
PYPL,2023-10-04T00:00:00.000000,1,51.22,BUY
PYPL,2023-10-05T00:00:00.000000,1,51.22,BUY
PYPL,2023-10-06T00:00:00.000000,1,51.22,BUY
PYPL,2023-10-09T00:00:00.000000,1,51.22,BUY
PYPL,2023-10-10T00:00:00.000000,1,51.22,BUY
PYPL,2023-10-11T00:00:00.000000,1,51.22,BUY
PYPL,2023-10-12T00:00:00.000000,1,51.22,BUY
PYPL,2023-10-13T00:00:00.000000,1,50.07,BUY
PYPL,2023-10-16T00:00:00.000000,0,46.44,SELL
PYPL,2023-10-17T00:00:00.000000,0,44.32,SELL
PYPL,2023-10-18T00:00:00.000000,0,44.32,SELL
PYPL,2023-10-19T00:00:00.000000,0,44.32,SELL
PYPL,2023-10-20T00:00:00.000000,0,44.32,SELL
PYPL,2023-10-23T00:00:00.000000,0,44.32,SELL
PYPL,2023-10-24T00:00:00.000000,0,46.44,SELL
PYPL,2023-10-25T00:00:00.000000,1,50.07,BUY
PYPL,2023-10-26T00:00:00.000000,1,50.07,BUY
PYPL,2023-10-27T00:00:00.000000,1,50.07,BUY
PYPL,2023-10-30T00:00:00.000000,1,50.07,BUY
PYPL,2023-10-31T00:00:00.000000,1,51.22,BUY
PYPL,2023-11-01T00:00:00.000000,1,51.22,BUY
PYPL,2023-11-02T00:00:00.000000,1,51.22,BUY
PYPL,2023-11-03T00:00:00.000000,1,51.15,BUY
PYPL,2023-11-06T00:00:00.000000,0,47.54,SELL
PYPL,2023-11-07T00:00:00.000000,1,50.07,BUY
PYPL,2023-11-08T00:00:00.000000,1,50.07,BUY
PYPL,2023-11-09T00:00:00.000000,0,46.44,SELL
PYPL,2023-11-10T00:00:00.000000,0,44.32,SELL
PYPL,2023-11-13T00:00:00.000000,0,44.32,SELL
PYPL,2023-11-14T00:00:00.000000,0,43.6,SELL
PYPL,2023-11-15T00:00:00.000000,0,44.32,SELL
PYPL,2023-11-16T00:00:00.000000,0,44.32,SELL
PYPL,2023-11-17T00:00:00.000000,0,44.32,SELL
PYPL,2023-11-20T00:00:00.000000,0,44.32,SELL
PYPL,2023-11-21T00:00:00.000000,0,44.32,SELL
PYPL,2023-11-22T00:00:00.000000,0,44.32,SELL
PYPL,2023-11-24T00:00:00.000000,0,44.32,SELL
PYPL,2023-11-27T00:00:00.000000,0,44.32,SELL
PYPL,2023-11-28T00:00:00.000000,0,44.32,SELL
PYPL,2023-11-29T00:00:00.000000,0,44.32,SELL
PYPL,2023-11-30T00:00:00.000000,0,44.32,SELL
PYPL,2023-12-01T00:00:00.000000,0,44.32,SELL
PYPL,2023-12-04T00:00:00.000000,0,43.6,SELL
PYPL,2023-12-05T00:00:00.000000,0,43.6,SELL
PYPL,2023-12-06T00:00:00.000000,0,43.6,SELL
PYPL,2023-12-07T00:00:00.000000,0,43.59,SELL
PYPL,2023-12-08T00:00:00.000000,0,43.59,SELL
PYPL,2023-12-11T00:00:00.000000,0,43.6,SELL
PYPL,2023-12-12T00:00:00.000000,0,43.6,SELL
PYPL,2023-12-13T00:00:00.000000,0,44.32,SELL
PYPL,2023-12-14T00:00:00.000000,0,44.32,SELL
PYPL,2023-12-15T00:00:00.000000,0,44.32,SELL
PYPL,2023-12-18T00:00:00.000000,0,44.32,SELL
PYPL,2023-12-19T00:00:00.000000,0,44.32,SELL
PYPL,2023-12-20T00:00:00.000000,0,43.6,SELL
PYPL,2023-12-21T00:00:00.000000,0,43.6,SELL
PYPL,2023-12-22T00:00:00.000000,0,43.59,SELL
PYPL,2023-12-26T00:00:00.000000,0,41.9,SELL
PYPL,2023-12-27T00:00:00.000000,0,41.9,SELL
PYPL,2023-12-28T00:00:00.000000,0,41.9,SELL
PYPL,2023-12-29T00:00:00.000000,0,41.9,SELL
PYPL,2024-01-02T00:00:00.000000,0,41.9,SELL
PYPL,2024-01-03T00:00:00.000000,0,43.59,SELL
PYPL,2024-01-04T00:00:00.000000,0,43.59,SELL
PYPL,2024-01-05T00:00:00.000000,0,43.6,SELL
PYPL,2024-01-08T00:00:00.000000,0,43.6,SELL
PYPL,2024-01-09T00:00:00.000000,0,43.6,SELL
PYPL,2024-01-10T00:00:00.000000,0,44.32,SELL
PYPL,2024-01-11T00:00:00.000000,0,44.32,SELL
PYPL,2024-01-12T00:00:00.000000,0,44.32,SELL
PYPL,2024-01-16T00:00:00.000000,0,44.32,SELL
PYPL,2024-01-17T00:00:00.000000,0,44.32,SELL
PYPL,2024-01-18T00:00:00.000000,0,44.32,SELL
PYPL,2024-01-19T00:00:00.000000,0,44.32,SELL
PYPL,2024-01-22T00:00:00.000000,0,44.32,SELL
PYPL,2024-01-23T00:00:00.000000,0,44.32,SELL
PYPL,2024-01-24T00:00:00.000000,0,44.32,SELL
PYPL,2024-01-25T00:00:00.000000,0,44.32,SELL
PYPL,2024-01-26T00:00:00.000000,0,44.32,SELL
PYPL,2024-01-29T00:00:00.000000,0,44.32,SELL
PYPL,2024-01-30T00:00:00.000000,0,44.32,SELL
PYPL,2024-01-31T00:00:00.000000,0,44.32,SELL
PYPL,2024-02-01T00:00:00.000000,0,44.32,SELL
PYPL,2024-02-02T00:00:00.000000,0,44.32,SELL
PYPL,2024-02-05T00:00:00.000000,0,44.32,SELL
PYPL,2024-02-06T00:00:00.000000,0,44.32,SELL
PYPL,2024-02-07T00:00:00.000000,0,46.44,SELL
PYPL,2024-02-08T00:00:00.000000,0,44.9,SELL
PYPL,2024-02-09T00:00:00.000000,0,44.32,SELL
PYPL,2024-02-12T00:00:00.000000,0,44.32,SELL
PYPL,2024-02-13T00:00:00.000000,0,44.9,SELL
PYPL,2024-02-14T00:00:00.000000,0,46.44,SELL
PYPL,2024-02-15T00:00:00.000000,0,46.44,SELL
PYPL,2024-02-16T00:00:00.000000,0,46.44,SELL
PYPL,2024-02-20T00:00:00.000000,0,46.44,SELL
PYPL,2024-02-21T00:00:00.000000,0,44.32,SELL
PYPL,2024-02-22T00:00:00.000000,0,44.32,SELL
PYPL,2024-02-23T00:00:00.000000,0,44.32,SELL
PYPL,2024-02-26T00:00:00.000000,0,44.32,SELL
PYPL,2024-02-27T00:00:00.000000,0,44.32,SELL
PYPL,2024-02-28T00:00:00.000000,0,44.32,SELL
PYPL,2024-02-29T00:00:00.000000,0,44.32,SELL
PYPL,2024-03-01T00:00:00.000000,0,44.32,SELL
PYPL,2024-03-04T00:00:00.000000,0,44.32,SELL
PYPL,2024-03-05T00:00:00.000000,0,44.32,SELL
PYPL,2024-03-06T00:00:00.000000,0,44.32,SELL
PYPL,2024-03-07T00:00:00.000000,0,44.32,SELL
PYPL,2024-03-08T00:00:00.000000,0,44.32,SELL
PYPL,2024-03-11T00:00:00.000000,0,44.32,SELL
PYPL,2024-03-12T00:00:00.000000,0,44.32,SELL
PYPL,2024-03-13T00:00:00.000000,0,44.32,SELL
PYPL,2024-03-14T00:00:00.000000,0,44.32,SELL
PYPL,2024-03-15T00:00:00.000000,0,44.32,SELL
PYPL,2024-03-18T00:00:00.000000,0,44.32,SELL
PYPL,2024-03-19T00:00:00.000000,0,44.32,SELL
PYPL,2024-03-20T00:00:00.000000,0,44.32,SELL
PYPL,2024-03-21T00:00:00.000000,0,44.32,SELL
PYPL,2024-03-22T00:00:00.000000,0,44.32,SELL
PYPL,2024-03-25T00:00:00.000000,0,44.32,SELL
PYPL,2024-03-26T00:00:00.000000,0,44.32,SELL
PYPL,2024-03-27T00:00:00.000000,0,44.32,SELL
PYPL,2024-03-28T00:00:00.000000,0,44.32,SELL
PYPL,2024-04-01T00:00:00.000000,0,44.32,SELL
PYPL,2024-04-02T00:00:00.000000,0,44.32,SELL
PYPL,2024-04-03T00:00:00.000000,0,44.32,SELL
PYPL,2024-04-04T00:00:00.000000,0,44.32,SELL
PYPL,2024-04-05T00:00:00.000000,0,44.32,SELL
PYPL,2024-04-08T00:00:00.000000,0,44.32,SELL
PYPL,2024-04-09T00:00:00.000000,0,44.32,SELL
PYPL,2024-04-10T00:00:00.000000,0,44.32,SELL
PYPL,2024-04-11T00:00:00.000000,0,44.32,SELL
PYPL,2024-04-12T00:00:00.000000,0,44.32,SELL
PYPL,2024-04-15T00:00:00.000000,0,44.32,SELL
PYPL,2024-04-16T00:00:00.000000,0,44.32,SELL
PYPL,2024-04-17T00:00:00.000000,0,44.32,SELL
PYPL,2024-04-18T00:00:00.000000,0,44.32,SELL
PYPL,2024-04-19T00:00:00.000000,0,44.32,SELL
PYPL,2024-04-22T00:00:00.000000,0,44.32,SELL
PYPL,2024-04-23T00:00:00.000000,0,46.44,SELL
PYPL,2024-04-24T00:00:00.000000,0,46.44,SELL
PYPL,2024-04-25T00:00:00.000000,0,46.44,SELL
PYPL,2024-04-26T00:00:00.000000,1,47.54,BUY
PYPL,2024-04-29T00:00:00.000000,0,46.44,SELL
PYPL,2024-04-30T00:00:00.000000,0,44.32,SELL
PYPL,2024-05-01T00:00:00.000000,0,44.9,SELL
PYPL,2024-05-02T00:00:00.000000,0,44.9,SELL
PYPL,2024-05-03T00:00:00.000000,0,44.32,SELL
PYPL,2024-05-06T00:00:00.000000,0,46.44,SELL
PYPL,2024-05-07T00:00:00.000000,1,50.07,BUY
PYPL,2024-05-08T00:00:00.000000,1,51.22,BUY
PYPL,2024-05-09T00:00:00.000000,1,51.22,BUY
PYPL,2024-05-10T00:00:00.000000,1,51.22,BUY
PYPL,2024-05-13T00:00:00.000000,1,51.22,BUY
PYPL,2024-05-14T00:00:00.000000,1,51.22,BUY
PYPL,2024-05-15T00:00:00.000000,1,51.22,BUY
PYPL,2024-05-16T00:00:00.000000,1,50.07,BUY
PYPL,2024-05-17T00:00:00.000000,0,44.32,SELL
PYPL,2024-05-20T00:00:00.000000,0,44.32,SELL
PYPL,2024-05-21T00:00:00.000000,0,44.32,SELL
PYPL,2024-05-22T00:00:00.000000,0,43.6,SELL
PYPL,2024-05-23T00:00:00.000000,0,43.6,SELL
PYPL,2024-05-24T00:00:00.000000,0,43.6,SELL
PYPL,2024-05-28T00:00:00.000000,0,43.6,SELL
PYPL,2024-05-29T00:00:00.000000,0,43.59,SELL
PYPL,2024-05-30T00:00:00.000000,0,43.6,SELL
PYPL,2024-05-31T00:00:00.000000,0,43.59,SELL
PYPL,2024-06-03T00:00:00.000000,0,43.6,SELL
PYPL,2024-06-04T00:00:00.000000,0,43.6,SELL
PYPL,2024-06-05T00:00:00.000000,0,43.6,SELL
PYPL,2024-06-06T00:00:00.000000,0,44.32,SELL
PYPL,2024-06-07T00:00:00.000000,0,44.32,SELL
PYPL,2024-06-10T00:00:00.000000,0,44.32,SELL
PYPL,2024-06-11T00:00:00.000000,0,44.32,SELL
PYPL,2024-06-12T00:00:00.000000,0,44.32,SELL
PYPL,2024-06-13T00:00:00.000000,0,44.32,SELL
PYPL,2024-06-14T00:00:00.000000,0,44.32,SELL
PYPL,2024-06-17T00:00:00.000000,0,44.32,SELL
PYPL,2024-06-18T00:00:00.000000,0,44.32,SELL
PYPL,2024-06-20T00:00:00.000000,0,44.32,SELL
PYPL,2024-06-21T00:00:00.000000,0,44.32,SELL
PYPL,2024-06-24T00:00:00.000000,0,44.9,SELL
PYPL,2024-06-25T00:00:00.000000,0,44.32,SELL
PYPL,2024-06-26T00:00:00.000000,0,44.32,SELL
PYPL,2024-06-27T00:00:00.000000,0,44.32,SELL
PYPL,2024-06-28T00:00:00.000000,0,44.32,SELL
PYPL,2024-07-01T00:00:00.000000,0,43.6,SELL
PYPL,2024-07-02T00:00:00.000000,0,43.59,SELL
PYPL,2024-07-03T00:00:00.000000,0,43.59,SELL
PYPL,2024-07-05T00:00:00.000000,0,43.6,SELL
PYPL,2024-07-08T00:00:00.000000,0,44.32,SELL
PYPL,2024-07-09T00:00:00.000000,0,44.32,SELL
PYPL,2024-07-10T00:00:00.000000,0,44.32,SELL
PYPL,2024-07-11T00:00:00.000000,0,44.32,SELL
PYPL,2024-07-12T00:00:00.000000,0,43.6,SELL
PYPL,2024-07-15T00:00:00.000000,0,44.32,SELL
PYPL,2024-07-16T00:00:00.000000,0,43.6,SELL
PYPL,2024-07-17T00:00:00.000000,0,43.6,SELL
PYPL,2024-07-18T00:00:00.000000,0,43.6,SELL
PYPL,2024-07-19T00:00:00.000000,0,44.32,SELL
PYPL,2024-07-22T00:00:00.000000,0,44.32,SELL
PYPL,2024-07-23T00:00:00.000000,0,44.32,SELL
PYPL,2024-07-24T00:00:00.000000,0,44.32,SELL
PYPL,2024-07-25T00:00:00.000000,0,44.32,SELL
PYPL,2024-07-26T00:00:00.000000,0,44.32,SELL
PYPL,2024-07-29T00:00:00.000000,0,44.32,SELL
PYPL,2024-07-30T00:00:00.000000,0,46.44,SELL
PYPL,2024-07-31T00:00:00.000000,1,50.07,BUY
PYPL,2024-08-01T00:00:00.000000,1,50.07,BUY
PYPL,2024-08-02T00:00:00.000000,1,50.07,BUY
PYPL,2024-08-05T00:00:00.000000,1,50.0,BUY
PYPL,2024-08-06T00:00:00.000000,1,50.07,BUY
PYPL,2024-08-07T00:00:00.000000,1,51.15,BUY
PYPL,2024-08-08T00:00:00.000000,1,51.22,BUY
PYPL,2024-08-09T00:00:00.000000,1,51.22,BUY
PYPL,2024-08-12T00:00:00.000000,1,51.22,BUY
PYPL,2024-08-13T00:00:00.000000,1,51.22,BUY
PYPL,2024-08-14T00:00:00.000000,1,51.22,BUY
PYPL,2024-08-15T00:00:00.000000,1,51.22,BUY
PYPL,2024-08-16T00:00:00.000000,1,51.22,BUY
PYPL,2024-08-19T00:00:00.000000,1,51.22,BUY
PYPL,2024-08-20T00:00:00.000000,1,50.07,BUY
PYPL,2024-08-21T00:00:00.000000,0,44.32,SELL
PYPL,2024-08-22T00:00:00.000000,0,44.32,SELL
PYPL,2024-08-23T00:00:00.000000,0,43.6,SELL
PYPL,2024-08-26T00:00:00.000000,0,43.6,SELL
PYPL,2024-08-27T00:00:00.000000,0,43.6,SELL
PYPL,2024-08-28T00:00:00.000000,0,43.6,SELL
PYPL,2024-08-29T00:00:00.000000,0,44.32,SELL
PYPL,2024-08-30T00:00:00.000000,0,44.32,SELL
PYPL,2024-09-03T00:00:00.000000,0,44.32,SELL
PYPL,2024-09-04T00:00:00.000000,0,44.32,SELL
PYPL,2024-09-05T00:00:00.000000,0,44.9,SELL
PYPL,2024-09-06T00:00:00.000000,0,46.44,SELL
PYPL,2024-09-09T00:00:00.000000,0,44.9,SELL
PYPL,2024-09-10T00:00:00.000000,0,44.32,SELL
PYPL,2024-09-11T00:00:00.000000,0,44.32,SELL
PYPL,2024-09-12T00:00:00.000000,0,44.32,SELL
PYPL,2024-09-13T00:00:00.000000,0,44.32,SELL
PYPL,2024-09-16T00:00:00.000000,0,44.32,SELL
PYPL,2024-09-17T00:00:00.000000,0,46.44,SELL
PYPL,2024-09-18T00:00:00.000000,0,46.44,SELL
PYPL,2024-09-19T00:00:00.000000,0,46.44,SELL
PYPL,2024-09-20T00:00:00.000000,0,44.32,SELL
PYPL,2024-09-23T00:00:00.000000,0,44.32,SELL
PYPL,2024-09-24T00:00:00.000000,0,44.32,SELL
PYPL,2024-09-25T00:00:00.000000,0,43.6,SELL
PYPL,2024-09-26T00:00:00.000000,0,43.6,SELL
PYPL,2024-09-27T00:00:00.000000,0,43.6,SELL
PYPL,2024-09-30T00:00:00.000000,0,43.6,SELL
PYPL,2024-10-01T00:00:00.000000,0,43.6,SELL
PYPL,2024-10-02T00:00:00.000000,0,44.32,SELL
PYPL,2024-10-03T00:00:00.000000,0,44.32,SELL
PYPL,2024-10-04T00:00:00.000000,0,44.32,SELL
PYPL,2024-10-07T00:00:00.000000,0,44.32,SELL
PYPL,2024-10-08T00:00:00.000000,0,44.32,SELL
PYPL,2024-10-09T00:00:00.000000,0,44.32,SELL
PYPL,2024-10-10T00:00:00.000000,0,44.32,SELL
PYPL,2024-10-11T00:00:00.000000,0,44.32,SELL
PYPL,2024-10-14T00:00:00.000000,0,44.32,SELL
PYPL,2024-10-15T00:00:00.000000,0,44.32,SELL
PYPL,2024-10-16T00:00:00.000000,0,44.32,SELL
PYPL,2024-10-17T00:00:00.000000,0,44.32,SELL
PYPL,2024-10-18T00:00:00.000000,0,44.32,SELL
PYPL,2024-10-21T00:00:00.000000,0,44.32,SELL
PYPL,2024-10-22T00:00:00.000000,0,44.32,SELL
PYPL,2024-10-23T00:00:00.000000,0,44.32,SELL
PYPL,2024-10-24T00:00:00.000000,0,44.32,SELL
PYPL,2024-10-25T00:00:00.000000,0,44.32,SELL
PYPL,2024-10-28T00:00:00.000000,0,44.32,SELL
PYPL,2024-10-29T00:00:00.000000,0,46.44,SELL
PYPL,2024-10-30T00:00:00.000000,0,46.44,SELL
PYPL,2024-10-31T00:00:00.000000,1,50.07,BUY
PYPL,2024-11-01T00:00:00.000000,1,50.07,BUY
PYPL,2024-11-04T00:00:00.000000,1,51.22,BUY
PYPL,2024-11-05T00:00:00.000000,1,51.22,BUY
PYPL,2024-11-06T00:00:00.000000,1,51.22,BUY
PYPL,2024-11-07T00:00:00.000000,1,51.22,BUY
PYPL,2024-11-08T00:00:00.000000,1,51.22,BUY
PYPL,2024-11-11T00:00:00.000000,1,51.22,BUY
PYPL,2024-11-12T00:00:00.000000,1,51.22,BUY
PYPL,2024-11-13T00:00:00.000000,1,50.07,BUY
PYPL,2024-11-14T00:00:00.000000,0,46.44,SELL
PYPL,2024-11-15T00:00:00.000000,0,44.32,SELL
PYPL,2024-11-18T00:00:00.000000,0,44.32,SELL
PYPL,2024-11-19T00:00:00.000000,0,44.32,SELL
PYPL,2024-11-20T00:00:00.000000,0,44.32,SELL
PYPL,2024-11-21T00:00:00.000000,0,44.32,SELL
PYPL,2024-11-22T00:00:00.000000,0,46.44,SELL
PYPL,2024-11-25T00:00:00.000000,1,50.07,BUY
PYPL,2024-11-26T00:00:00.000000,1,51.15,BUY
PYPL,2024-11-27T00:00:00.000000,1,51.22,BUY
PYPL,2024-11-29T00:00:00.000000,1,50.07,BUY
PYPL,2024-12-02T00:00:00.000000,1,50.07,BUY
PYPL,2024-12-03T00:00:00.000000,0,44.9,SELL
PYPL,2024-12-04T00:00:00.000000,0,44.32,SELL
PYPL,2024-12-05T00:00:00.000000,0,44.32,SELL
PYPL,2024-12-06T00:00:00.000000,0,44.32,SELL
PYPL,2024-12-09T00:00:00.000000,0,43.6,SELL
PYPL,2024-12-10T00:00:00.000000,0,43.6,SELL
PYPL,2024-12-11T00:00:00.000000,0,44.32,SELL
PYPL,2024-12-12T00:00:00.000000,0,44.32,SELL
PYPL,2024-12-13T00:00:00.000000,0,44.32,SELL
PYPL,2024-12-16T00:00:00.000000,0,44.32,SELL
PYPL,2024-12-17T00:00:00.000000,0,44.32,SELL
PYPL,2024-12-18T00:00:00.000000,0,44.9,SELL
PYPL,2024-12-19T00:00:00.000000,0,46.44,SELL
PYPL,2024-12-20T00:00:00.000000,1,50.07,BUY
QQQ,2023-02-21T00:00:00.000000,1,51.22,BUY
QQQ,2023-02-22T00:00:00.000000,1,51.22,BUY
QQQ,2023-02-23T00:00:00.000000,1,51.22,BUY
QQQ,2023-02-24T00:00:00.000000,1,51.22,BUY
QQQ,2023-02-27T00:00:00.000000,1,51.22,BUY
QQQ,2023-02-28T00:00:00.000000,1,51.22,BUY
QQQ,2023-03-01T00:00:00.000000,1,51.22,BUY
QQQ,2023-03-02T00:00:00.000000,1,51.22,BUY
QQQ,2023-03-03T00:00:00.000000,1,51.22,BUY
QQQ,2023-03-06T00:00:00.000000,1,51.22,BUY
QQQ,2023-03-07T00:00:00.000000,1,51.22,BUY
QQQ,2023-03-08T00:00:00.000000,1,51.22,BUY
QQQ,2023-03-09T00:00:00.000000,1,51.22,BUY
QQQ,2023-03-10T00:00:00.000000,1,51.22,BUY
QQQ,2023-03-13T00:00:00.000000,1,51.22,BUY
QQQ,2023-03-14T00:00:00.000000,1,51.22,BUY
QQQ,2023-03-15T00:00:00.000000,1,51.22,BUY
QQQ,2023-03-16T00:00:00.000000,1,51.22,BUY
QQQ,2023-03-17T00:00:00.000000,1,51.22,BUY
QQQ,2023-03-20T00:00:00.000000,1,51.22,BUY
QQQ,2023-03-21T00:00:00.000000,1,51.22,BUY
QQQ,2023-03-22T00:00:00.000000,1,51.22,BUY
QQQ,2023-03-23T00:00:00.000000,1,51.22,BUY
QQQ,2023-03-24T00:00:00.000000,1,51.22,BUY
QQQ,2023-03-27T00:00:00.000000,1,51.22,BUY
QQQ,2023-03-28T00:00:00.000000,1,51.22,BUY
QQQ,2023-03-29T00:00:00.000000,1,51.22,BUY
QQQ,2023-03-30T00:00:00.000000,1,51.22,BUY
QQQ,2023-03-31T00:00:00.000000,1,51.22,BUY
QQQ,2023-04-03T00:00:00.000000,1,51.22,BUY
QQQ,2023-04-04T00:00:00.000000,1,51.22,BUY
QQQ,2023-04-05T00:00:00.000000,1,51.22,BUY
QQQ,2023-04-06T00:00:00.000000,1,50.07,BUY
QQQ,2023-04-10T00:00:00.000000,1,50.07,BUY
QQQ,2023-04-11T00:00:00.000000,1,50.07,BUY
QQQ,2023-04-12T00:00:00.000000,1,50.07,BUY
QQQ,2023-04-13T00:00:00.000000,0,46.44,SELL
QQQ,2023-04-14T00:00:00.000000,0,46.44,SELL
QQQ,2023-04-17T00:00:00.000000,0,47.54,SELL
QQQ,2023-04-18T00:00:00.000000,1,50.07,BUY
QQQ,2023-04-19T00:00:00.000000,1,50.07,BUY
QQQ,2023-04-20T00:00:00.000000,1,51.22,BUY
QQQ,2023-04-21T00:00:00.000000,1,51.22,BUY
QQQ,2023-04-24T00:00:00.000000,1,51.22,BUY
QQQ,2023-04-25T00:00:00.000000,1,51.22,BUY
QQQ,2023-04-26T00:00:00.000000,1,51.22,BUY
QQQ,2023-04-27T00:00:00.000000,1,51.22,BUY
QQQ,2023-04-28T00:00:00.000000,1,51.22,BUY
QQQ,2023-05-01T00:00:00.000000,1,51.22,BUY
QQQ,2023-05-02T00:00:00.000000,1,51.22,BUY
QQQ,2023-05-03T00:00:00.000000,1,51.22,BUY
QQQ,2023-05-04T00:00:00.000000,1,51.22,BUY
QQQ,2023-05-05T00:00:00.000000,1,51.22,BUY
QQQ,2023-05-08T00:00:00.000000,1,51.22,BUY
QQQ,2023-05-09T00:00:00.000000,1,51.22,BUY
QQQ,2023-05-10T00:00:00.000000,1,51.22,BUY
QQQ,2023-05-11T00:00:00.000000,1,51.22,BUY
QQQ,2023-05-12T00:00:00.000000,1,51.22,BUY
QQQ,2023-05-15T00:00:00.000000,1,51.22,BUY
QQQ,2023-05-16T00:00:00.000000,1,51.22,BUY
QQQ,2023-05-17T00:00:00.000000,1,51.22,BUY
QQQ,2023-05-18T00:00:00.000000,1,51.22,BUY
QQQ,2023-05-19T00:00:00.000000,1,51.22,BUY
QQQ,2023-05-22T00:00:00.000000,1,51.22,BUY
QQQ,2023-05-23T00:00:00.000000,1,51.22,BUY
QQQ,2023-05-24T00:00:00.000000,1,51.22,BUY
QQQ,2023-05-25T00:00:00.000000,1,51.22,BUY
QQQ,2023-05-26T00:00:00.000000,1,51.22,BUY
QQQ,2023-05-30T00:00:00.000000,1,51.22,BUY
QQQ,2023-05-31T00:00:00.000000,1,51.22,BUY
QQQ,2023-06-01T00:00:00.000000,1,51.22,BUY
QQQ,2023-06-02T00:00:00.000000,1,51.22,BUY
QQQ,2023-06-05T00:00:00.000000,1,51.22,BUY
QQQ,2023-06-06T00:00:00.000000,1,51.22,BUY
QQQ,2023-06-07T00:00:00.000000,1,51.22,BUY
QQQ,2023-06-08T00:00:00.000000,1,51.22,BUY
QQQ,2023-06-09T00:00:00.000000,1,51.22,BUY
QQQ,2023-06-12T00:00:00.000000,1,51.22,BUY
QQQ,2023-06-13T00:00:00.000000,1,51.22,BUY
QQQ,2023-06-14T00:00:00.000000,1,51.22,BUY
QQQ,2023-06-15T00:00:00.000000,1,50.07,BUY
QQQ,2023-06-16T00:00:00.000000,1,50.07,BUY
QQQ,2023-06-20T00:00:00.000000,1,50.07,BUY
QQQ,2023-06-21T00:00:00.000000,1,50.07,BUY
QQQ,2023-06-22T00:00:00.000000,1,50.07,BUY
QQQ,2023-06-23T00:00:00.000000,1,50.07,BUY
QQQ,2023-06-26T00:00:00.000000,1,50.07,BUY
QQQ,2023-06-27T00:00:00.000000,1,50.07,BUY
QQQ,2023-06-28T00:00:00.000000,1,50.07,BUY
QQQ,2023-06-29T00:00:00.000000,1,51.22,BUY
QQQ,2023-06-30T00:00:00.000000,1,51.22,BUY
QQQ,2023-07-03T00:00:00.000000,1,51.22,BUY
QQQ,2023-07-05T00:00:00.000000,1,51.22,BUY
QQQ,2023-07-06T00:00:00.000000,1,51.22,BUY
QQQ,2023-07-07T00:00:00.000000,1,51.22,BUY
QQQ,2023-07-10T00:00:00.000000,1,51.22,BUY
QQQ,2023-07-11T00:00:00.000000,1,51.22,BUY
QQQ,2023-07-12T00:00:00.000000,1,50.07,BUY
QQQ,2023-07-13T00:00:00.000000,1,50.07,BUY
QQQ,2023-07-14T00:00:00.000000,1,50.07,BUY
QQQ,2023-07-17T00:00:00.000000,1,50.07,BUY
QQQ,2023-07-18T00:00:00.000000,1,50.07,BUY
QQQ,2023-07-19T00:00:00.000000,1,50.07,BUY
QQQ,2023-07-20T00:00:00.000000,1,50.07,BUY
QQQ,2023-07-21T00:00:00.000000,1,50.07,BUY
QQQ,2023-07-24T00:00:00.000000,0,46.44,SELL
QQQ,2023-07-25T00:00:00.000000,0,44.9,SELL
QQQ,2023-07-26T00:00:00.000000,0,44.32,SELL
QQQ,2023-07-27T00:00:00.000000,0,44.32,SELL
QQQ,2023-07-28T00:00:00.000000,0,46.44,SELL
QQQ,2023-07-31T00:00:00.000000,1,50.0,BUY
QQQ,2023-08-01T00:00:00.000000,1,50.07,BUY
QQQ,2023-08-02T00:00:00.000000,1,51.22,BUY
QQQ,2023-08-03T00:00:00.000000,1,51.22,BUY
QQQ,2023-08-04T00:00:00.000000,1,51.22,BUY
QQQ,2023-08-07T00:00:00.000000,1,50.07,BUY
QQQ,2023-08-08T00:00:00.000000,1,50.07,BUY
QQQ,2023-08-09T00:00:00.000000,1,50.07,BUY
QQQ,2023-08-10T00:00:00.000000,1,51.15,BUY
QQQ,2023-08-11T00:00:00.000000,1,51.15,BUY
QQQ,2023-08-14T00:00:00.000000,1,51.22,BUY
QQQ,2023-08-15T00:00:00.000000,1,51.22,BUY
QQQ,2023-08-16T00:00:00.000000,1,51.22,BUY
QQQ,2023-08-17T00:00:00.000000,1,51.22,BUY
QQQ,2023-08-18T00:00:00.000000,1,51.22,BUY
QQQ,2023-08-21T00:00:00.000000,1,51.22,BUY
QQQ,2023-08-22T00:00:00.000000,1,51.22,BUY
QQQ,2023-08-23T00:00:00.000000,1,51.22,BUY
QQQ,2023-08-24T00:00:00.000000,1,51.22,BUY
QQQ,2023-08-25T00:00:00.000000,1,51.22,BUY
QQQ,2023-08-28T00:00:00.000000,1,51.22,BUY
QQQ,2023-08-29T00:00:00.000000,1,51.22,BUY
QQQ,2023-08-30T00:00:00.000000,1,51.22,BUY
QQQ,2023-08-31T00:00:00.000000,1,51.22,BUY
QQQ,2023-09-01T00:00:00.000000,1,51.22,BUY
QQQ,2023-09-05T00:00:00.000000,1,51.22,BUY
QQQ,2023-09-06T00:00:00.000000,1,50.07,BUY
QQQ,2023-09-07T00:00:00.000000,1,50.07,BUY
QQQ,2023-09-08T00:00:00.000000,1,50.07,BUY
QQQ,2023-09-11T00:00:00.000000,0,46.44,SELL
QQQ,2023-09-12T00:00:00.000000,0,46.44,SELL
QQQ,2023-09-13T00:00:00.000000,0,47.54,SELL
QQQ,2023-09-14T00:00:00.000000,1,50.07,BUY
QQQ,2023-09-15T00:00:00.000000,1,51.22,BUY
QQQ,2023-09-18T00:00:00.000000,1,51.22,BUY
QQQ,2023-09-19T00:00:00.000000,1,51.22,BUY
QQQ,2023-09-20T00:00:00.000000,1,51.22,BUY
QQQ,2023-09-21T00:00:00.000000,1,51.22,BUY
QQQ,2023-09-22T00:00:00.000000,1,51.22,BUY
QQQ,2023-09-25T00:00:00.000000,1,51.22,BUY
QQQ,2023-09-26T00:00:00.000000,1,51.22,BUY
QQQ,2023-09-27T00:00:00.000000,1,51.22,BUY
QQQ,2023-09-28T00:00:00.000000,1,51.22,BUY
QQQ,2023-09-29T00:00:00.000000,1,51.22,BUY
QQQ,2023-10-02T00:00:00.000000,1,51.22,BUY
QQQ,2023-10-03T00:00:00.000000,1,51.22,BUY
QQQ,2023-10-04T00:00:00.000000,1,51.22,BUY
QQQ,2023-10-05T00:00:00.000000,1,51.22,BUY
QQQ,2023-10-06T00:00:00.000000,1,51.22,BUY
QQQ,2023-10-09T00:00:00.000000,1,51.22,BUY
QQQ,2023-10-10T00:00:00.000000,1,51.22,BUY
QQQ,2023-10-11T00:00:00.000000,1,51.22,BUY
QQQ,2023-10-12T00:00:00.000000,1,51.22,BUY
QQQ,2023-10-13T00:00:00.000000,1,51.22,BUY
QQQ,2023-10-16T00:00:00.000000,1,51.22,BUY
QQQ,2023-10-17T00:00:00.000000,1,51.22,BUY
QQQ,2023-10-18T00:00:00.000000,1,51.22,BUY
QQQ,2023-10-19T00:00:00.000000,1,51.22,BUY
QQQ,2023-10-20T00:00:00.000000,1,51.22,BUY
QQQ,2023-10-23T00:00:00.000000,1,51.22,BUY
QQQ,2023-10-24T00:00:00.000000,1,51.22,BUY
QQQ,2023-10-25T00:00:00.000000,1,51.22,BUY
QQQ,2023-10-26T00:00:00.000000,1,51.22,BUY
QQQ,2023-10-27T00:00:00.000000,1,51.22,BUY
QQQ,2023-10-30T00:00:00.000000,1,51.22,BUY
QQQ,2023-10-31T00:00:00.000000,1,51.22,BUY
QQQ,2023-11-01T00:00:00.000000,1,51.22,BUY
QQQ,2023-11-02T00:00:00.000000,1,51.22,BUY
QQQ,2023-11-03T00:00:00.000000,1,51.22,BUY
QQQ,2023-11-06T00:00:00.000000,1,51.22,BUY
QQQ,2023-11-07T00:00:00.000000,1,51.22,BUY
QQQ,2023-11-08T00:00:00.000000,1,51.22,BUY
QQQ,2023-11-09T00:00:00.000000,1,51.22,BUY
QQQ,2023-11-10T00:00:00.000000,1,51.22,BUY
QQQ,2023-11-13T00:00:00.000000,1,50.07,BUY
QQQ,2023-11-14T00:00:00.000000,1,50.07,BUY
QQQ,2023-11-15T00:00:00.000000,1,50.07,BUY
QQQ,2023-11-16T00:00:00.000000,1,50.07,BUY
QQQ,2023-11-17T00:00:00.000000,1,50.07,BUY
QQQ,2023-11-20T00:00:00.000000,1,51.15,BUY
QQQ,2023-11-21T00:00:00.000000,1,51.22,BUY
QQQ,2023-11-22T00:00:00.000000,1,51.22,BUY
QQQ,2023-11-24T00:00:00.000000,1,51.22,BUY
QQQ,2023-11-27T00:00:00.000000,1,50.07,BUY
QQQ,2023-11-28T00:00:00.000000,1,50.07,BUY
QQQ,2023-11-29T00:00:00.000000,1,50.07,BUY
QQQ,2023-11-30T00:00:00.000000,1,50.07,BUY
QQQ,2023-12-01T00:00:00.000000,1,50.07,BUY
QQQ,2023-12-04T00:00:00.000000,1,50.07,BUY
QQQ,2023-12-05T00:00:00.000000,1,50.07,BUY
QQQ,2023-12-06T00:00:00.000000,1,51.15,BUY
QQQ,2023-12-07T00:00:00.000000,1,51.22,BUY
QQQ,2023-12-08T00:00:00.000000,1,51.22,BUY
QQQ,2023-12-11T00:00:00.000000,1,51.22,BUY
QQQ,2023-12-12T00:00:00.000000,1,51.22,BUY
QQQ,2023-12-13T00:00:00.000000,1,51.22,BUY
QQQ,2023-12-14T00:00:00.000000,1,51.22,BUY
QQQ,2023-12-15T00:00:00.000000,1,51.22,BUY
QQQ,2023-12-18T00:00:00.000000,1,51.22,BUY
QQQ,2023-12-19T00:00:00.000000,1,51.22,BUY
QQQ,2023-12-20T00:00:00.000000,1,51.22,BUY
QQQ,2023-12-21T00:00:00.000000,1,51.22,BUY
QQQ,2023-12-22T00:00:00.000000,1,51.22,BUY
QQQ,2023-12-26T00:00:00.000000,1,51.22,BUY
QQQ,2023-12-27T00:00:00.000000,1,51.22,BUY
QQQ,2023-12-28T00:00:00.000000,1,51.22,BUY
QQQ,2023-12-29T00:00:00.000000,1,51.22,BUY
QQQ,2024-01-02T00:00:00.000000,1,51.22,BUY
QQQ,2024-01-03T00:00:00.000000,1,51.22,BUY
QQQ,2024-01-04T00:00:00.000000,1,51.22,BUY
QQQ,2024-01-05T00:00:00.000000,1,51.22,BUY
QQQ,2024-01-08T00:00:00.000000,1,51.22,BUY
QQQ,2024-01-09T00:00:00.000000,1,51.22,BUY
QQQ,2024-01-10T00:00:00.000000,1,51.22,BUY
QQQ,2024-01-11T00:00:00.000000,1,51.22,BUY
QQQ,2024-01-12T00:00:00.000000,1,51.22,BUY
QQQ,2024-01-16T00:00:00.000000,1,51.22,BUY
QQQ,2024-01-17T00:00:00.000000,1,51.22,BUY
QQQ,2024-01-18T00:00:00.000000,1,51.22,BUY
QQQ,2024-01-19T00:00:00.000000,1,51.22,BUY
QQQ,2024-01-22T00:00:00.000000,1,51.22,BUY
QQQ,2024-01-23T00:00:00.000000,1,51.22,BUY
QQQ,2024-01-24T00:00:00.000000,1,51.22,BUY
QQQ,2024-01-25T00:00:00.000000,1,51.22,BUY
QQQ,2024-01-26T00:00:00.000000,1,51.22,BUY
QQQ,2024-01-29T00:00:00.000000,1,51.22,BUY
QQQ,2024-01-30T00:00:00.000000,1,51.22,BUY
QQQ,2024-01-31T00:00:00.000000,1,51.22,BUY
QQQ,2024-02-01T00:00:00.000000,1,51.22,BUY
QQQ,2024-02-02T00:00:00.000000,1,51.22,BUY
QQQ,2024-02-05T00:00:00.000000,1,51.22,BUY
QQQ,2024-02-06T00:00:00.000000,1,51.22,BUY
QQQ,2024-02-07T00:00:00.000000,1,51.22,BUY
QQQ,2024-02-08T00:00:00.000000,1,51.22,BUY
QQQ,2024-02-09T00:00:00.000000,1,51.22,BUY
QQQ,2024-02-12T00:00:00.000000,1,51.22,BUY
QQQ,2024-02-13T00:00:00.000000,1,51.22,BUY
QQQ,2024-02-14T00:00:00.000000,1,51.22,BUY
QQQ,2024-02-15T00:00:00.000000,1,51.22,BUY
QQQ,2024-02-16T00:00:00.000000,1,51.22,BUY
QQQ,2024-02-20T00:00:00.000000,1,51.22,BUY
QQQ,2024-02-21T00:00:00.000000,1,51.22,BUY
QQQ,2024-02-22T00:00:00.000000,1,51.22,BUY
QQQ,2024-02-23T00:00:00.000000,1,51.22,BUY
QQQ,2024-02-26T00:00:00.000000,1,51.22,BUY
QQQ,2024-02-27T00:00:00.000000,1,51.22,BUY
QQQ,2024-02-28T00:00:00.000000,1,51.22,BUY
QQQ,2024-02-29T00:00:00.000000,1,51.22,BUY
QQQ,2024-03-01T00:00:00.000000,1,51.22,BUY
QQQ,2024-03-04T00:00:00.000000,1,51.22,BUY
QQQ,2024-03-05T00:00:00.000000,1,50.07,BUY
QQQ,2024-03-06T00:00:00.000000,1,50.07,BUY
QQQ,2024-03-07T00:00:00.000000,1,47.54,BUY
QQQ,2024-03-08T00:00:00.000000,1,50.07,BUY
QQQ,2024-03-11T00:00:00.000000,1,50.07,BUY
QQQ,2024-03-12T00:00:00.000000,1,50.07,BUY
QQQ,2024-03-13T00:00:00.000000,1,51.22,BUY
QQQ,2024-03-14T00:00:00.000000,1,51.22,BUY
QQQ,2024-03-15T00:00:00.000000,1,51.22,BUY
QQQ,2024-03-18T00:00:00.000000,1,51.22,BUY
QQQ,2024-03-19T00:00:00.000000,1,51.22,BUY
QQQ,2024-03-20T00:00:00.000000,1,51.22,BUY
QQQ,2024-03-21T00:00:00.000000,1,51.22,BUY
QQQ,2024-03-22T00:00:00.000000,1,51.22,BUY
QQQ,2024-03-25T00:00:00.000000,1,51.15,BUY
QQQ,2024-03-26T00:00:00.000000,1,50.07,BUY
QQQ,2024-03-27T00:00:00.000000,1,50.07,BUY
QQQ,2024-03-28T00:00:00.000000,1,50.07,BUY
QQQ,2024-04-01T00:00:00.000000,0,46.44,SELL
QQQ,2024-04-02T00:00:00.000000,0,44.32,SELL
QQQ,2024-04-03T00:00:00.000000,0,44.32,SELL
QQQ,2024-04-04T00:00:00.000000,0,44.32,SELL
QQQ,2024-04-05T00:00:00.000000,0,44.32,SELL
QQQ,2024-04-08T00:00:00.000000,0,47.54,SELL
QQQ,2024-04-09T00:00:00.000000,1,50.07,BUY
QQQ,2024-04-10T00:00:00.000000,1,51.22,BUY
QQQ,2024-04-11T00:00:00.000000,1,51.22,BUY
QQQ,2024-04-12T00:00:00.000000,1,51.22,BUY
QQQ,2024-04-15T00:00:00.000000,1,51.22,BUY
QQQ,2024-04-16T00:00:00.000000,1,51.22,BUY
QQQ,2024-04-17T00:00:00.000000,1,51.22,BUY
QQQ,2024-04-18T00:00:00.000000,1,51.22,BUY
QQQ,2024-04-19T00:00:00.000000,1,51.22,BUY
QQQ,2024-04-22T00:00:00.000000,1,51.22,BUY
QQQ,2024-04-23T00:00:00.000000,1,51.22,BUY
QQQ,2024-04-24T00:00:00.000000,1,51.22,BUY
QQQ,2024-04-25T00:00:00.000000,1,51.22,BUY
QQQ,2024-04-26T00:00:00.000000,1,51.22,BUY
QQQ,2024-04-29T00:00:00.000000,1,51.22,BUY
QQQ,2024-04-30T00:00:00.000000,1,51.22,BUY
QQQ,2024-05-01T00:00:00.000000,1,51.22,BUY
QQQ,2024-05-02T00:00:00.000000,1,51.22,BUY
QQQ,2024-05-03T00:00:00.000000,1,51.22,BUY
QQQ,2024-05-06T00:00:00.000000,1,51.22,BUY
QQQ,2024-05-07T00:00:00.000000,1,51.22,BUY
QQQ,2024-05-08T00:00:00.000000,1,51.22,BUY
QQQ,2024-05-09T00:00:00.000000,1,51.22,BUY
QQQ,2024-05-10T00:00:00.000000,1,51.22,BUY
QQQ,2024-05-13T00:00:00.000000,1,51.22,BUY
QQQ,2024-05-14T00:00:00.000000,1,51.22,BUY
QQQ,2024-05-15T00:00:00.000000,1,51.22,BUY
QQQ,2024-05-16T00:00:00.000000,1,50.07,BUY
QQQ,2024-05-17T00:00:00.000000,1,50.07,BUY
QQQ,2024-05-20T00:00:00.000000,0,46.44,SELL
QQQ,2024-05-21T00:00:00.000000,0,46.44,SELL
QQQ,2024-05-22T00:00:00.000000,0,47.54,SELL
QQQ,2024-05-23T00:00:00.000000,1,50.07,BUY
QQQ,2024-05-24T00:00:00.000000,1,50.07,BUY
QQQ,2024-05-28T00:00:00.000000,1,51.22,BUY
QQQ,2024-05-29T00:00:00.000000,1,51.22,BUY
QQQ,2024-05-30T00:00:00.000000,1,51.22,BUY
QQQ,2024-05-31T00:00:00.000000,1,51.22,BUY
QQQ,2024-06-03T00:00:00.000000,1,51.22,BUY
QQQ,2024-06-04T00:00:00.000000,1,51.22,BUY
QQQ,2024-06-05T00:00:00.000000,1,51.22,BUY
QQQ,2024-06-06T00:00:00.000000,1,51.22,BUY
QQQ,2024-06-07T00:00:00.000000,1,51.22,BUY
QQQ,2024-06-10T00:00:00.000000,1,51.22,BUY
QQQ,2024-06-11T00:00:00.000000,1,51.22,BUY
QQQ,2024-06-12T00:00:00.000000,1,51.22,BUY
QQQ,2024-06-13T00:00:00.000000,1,51.22,BUY
QQQ,2024-06-14T00:00:00.000000,1,51.22,BUY
QQQ,2024-06-17T00:00:00.000000,1,51.22,BUY
QQQ,2024-06-18T00:00:00.000000,1,51.22,BUY
QQQ,2024-06-20T00:00:00.000000,1,51.22,BUY
QQQ,2024-06-21T00:00:00.000000,1,51.22,BUY
QQQ,2024-06-24T00:00:00.000000,1,51.22,BUY
QQQ,2024-06-25T00:00:00.000000,1,51.22,BUY
QQQ,2024-06-26T00:00:00.000000,1,51.22,BUY
QQQ,2024-06-27T00:00:00.000000,1,51.22,BUY
QQQ,2024-06-28T00:00:00.000000,1,51.22,BUY
QQQ,2024-07-01T00:00:00.000000,1,51.22,BUY
QQQ,2024-07-02T00:00:00.000000,1,51.22,BUY
QQQ,2024-07-03T00:00:00.000000,1,51.22,BUY
QQQ,2024-07-05T00:00:00.000000,1,51.22,BUY
QQQ,2024-07-08T00:00:00.000000,1,51.22,BUY
QQQ,2024-07-09T00:00:00.000000,1,51.22,BUY
QQQ,2024-07-10T00:00:00.000000,1,51.22,BUY
QQQ,2024-07-11T00:00:00.000000,1,51.22,BUY
QQQ,2024-07-12T00:00:00.000000,1,51.22,BUY
QQQ,2024-07-15T00:00:00.000000,1,51.22,BUY
QQQ,2024-07-16T00:00:00.000000,1,51.22,BUY
QQQ,2024-07-17T00:00:00.000000,1,51.22,BUY
QQQ,2024-07-18T00:00:00.000000,1,51.22,BUY
QQQ,2024-07-19T00:00:00.000000,1,51.22,BUY
QQQ,2024-07-22T00:00:00.000000,1,51.22,BUY
QQQ,2024-07-23T00:00:00.000000,1,51.22,BUY
QQQ,2024-07-24T00:00:00.000000,1,51.22,BUY
QQQ,2024-07-25T00:00:00.000000,1,51.22,BUY
QQQ,2024-07-26T00:00:00.000000,1,51.22,BUY
QQQ,2024-07-29T00:00:00.000000,1,51.22,BUY
QQQ,2024-07-30T00:00:00.000000,1,51.22,BUY
QQQ,2024-07-31T00:00:00.000000,1,51.22,BUY
QQQ,2024-08-01T00:00:00.000000,1,51.22,BUY
QQQ,2024-08-02T00:00:00.000000,1,51.22,BUY
QQQ,2024-08-05T00:00:00.000000,1,51.22,BUY
QQQ,2024-08-06T00:00:00.000000,1,51.22,BUY
QQQ,2024-08-07T00:00:00.000000,1,51.22,BUY
QQQ,2024-08-08T00:00:00.000000,1,51.22,BUY
QQQ,2024-08-09T00:00:00.000000,1,51.22,BUY
QQQ,2024-08-12T00:00:00.000000,1,51.22,BUY
QQQ,2024-08-13T00:00:00.000000,1,51.22,BUY
QQQ,2024-08-14T00:00:00.000000,1,51.22,BUY
QQQ,2024-08-15T00:00:00.000000,1,51.22,BUY
QQQ,2024-08-16T00:00:00.000000,1,51.22,BUY
QQQ,2024-08-19T00:00:00.000000,1,51.22,BUY
QQQ,2024-08-20T00:00:00.000000,1,51.22,BUY
QQQ,2024-08-21T00:00:00.000000,1,51.22,BUY
QQQ,2024-08-22T00:00:00.000000,1,51.22,BUY
QQQ,2024-08-23T00:00:00.000000,1,50.07,BUY
QQQ,2024-08-26T00:00:00.000000,0,47.54,SELL
QQQ,2024-08-27T00:00:00.000000,0,46.44,SELL
QQQ,2024-08-28T00:00:00.000000,0,47.54,SELL
QQQ,2024-08-29T00:00:00.000000,1,50.07,BUY
QQQ,2024-08-30T00:00:00.000000,1,50.07,BUY
QQQ,2024-09-03T00:00:00.000000,1,50.07,BUY
QQQ,2024-09-04T00:00:00.000000,1,50.07,BUY
QQQ,2024-09-05T00:00:00.000000,1,50.07,BUY
QQQ,2024-09-06T00:00:00.000000,1,50.07,BUY
QQQ,2024-09-09T00:00:00.000000,1,50.0,BUY
QQQ,2024-09-10T00:00:00.000000,1,50.07,BUY
QQQ,2024-09-11T00:00:00.000000,1,51.22,BUY
QQQ,2024-09-12T00:00:00.000000,1,51.22,BUY
QQQ,2024-09-13T00:00:00.000000,1,51.22,BUY
QQQ,2024-09-16T00:00:00.000000,1,51.22,BUY
QQQ,2024-09-17T00:00:00.000000,1,51.22,BUY
QQQ,2024-09-18T00:00:00.000000,1,51.22,BUY
QQQ,2024-09-19T00:00:00.000000,1,51.22,BUY
QQQ,2024-09-20T00:00:00.000000,1,51.22,BUY
QQQ,2024-09-23T00:00:00.000000,1,51.22,BUY
QQQ,2024-09-24T00:00:00.000000,1,51.22,BUY
QQQ,2024-09-25T00:00:00.000000,1,51.22,BUY
QQQ,2024-09-26T00:00:00.000000,1,51.15,BUY
QQQ,2024-09-27T00:00:00.000000,1,50.07,BUY
QQQ,2024-09-30T00:00:00.000000,1,50.07,BUY
QQQ,2024-10-01T00:00:00.000000,1,50.07,BUY
QQQ,2024-10-02T00:00:00.000000,1,50.07,BUY
QQQ,2024-10-03T00:00:00.000000,1,50.07,BUY
QQQ,2024-10-04T00:00:00.000000,1,50.07,BUY
QQQ,2024-10-07T00:00:00.000000,1,50.07,BUY
QQQ,2024-10-08T00:00:00.000000,1,51.15,BUY
QQQ,2024-10-09T00:00:00.000000,1,51.22,BUY
QQQ,2024-10-10T00:00:00.000000,1,51.22,BUY
QQQ,2024-10-11T00:00:00.000000,1,51.22,BUY
QQQ,2024-10-14T00:00:00.000000,1,51.22,BUY
QQQ,2024-10-15T00:00:00.000000,1,51.22,BUY
QQQ,2024-10-16T00:00:00.000000,1,51.22,BUY
QQQ,2024-10-17T00:00:00.000000,1,51.22,BUY
QQQ,2024-10-18T00:00:00.000000,1,51.22,BUY
QQQ,2024-10-21T00:00:00.000000,1,51.22,BUY
QQQ,2024-10-22T00:00:00.000000,1,51.22,BUY
QQQ,2024-10-23T00:00:00.000000,1,51.22,BUY
QQQ,2024-10-24T00:00:00.000000,1,51.22,BUY
QQQ,2024-10-25T00:00:00.000000,1,51.22,BUY
QQQ,2024-10-28T00:00:00.000000,1,51.22,BUY
QQQ,2024-10-29T00:00:00.000000,1,51.22,BUY
QQQ,2024-10-30T00:00:00.000000,1,51.22,BUY
QQQ,2024-10-31T00:00:00.000000,1,51.22,BUY
QQQ,2024-11-01T00:00:00.000000,1,51.22,BUY
QQQ,2024-11-04T00:00:00.000000,1,51.22,BUY
QQQ,2024-11-05T00:00:00.000000,1,51.22,BUY
QQQ,2024-11-06T00:00:00.000000,1,51.22,BUY
QQQ,2024-11-07T00:00:00.000000,1,51.22,BUY
QQQ,2024-11-08T00:00:00.000000,1,51.22,BUY
QQQ,2024-11-11T00:00:00.000000,1,51.22,BUY
QQQ,2024-11-12T00:00:00.000000,1,51.22,BUY
QQQ,2024-11-13T00:00:00.000000,1,51.22,BUY
QQQ,2024-11-14T00:00:00.000000,1,51.22,BUY
QQQ,2024-11-15T00:00:00.000000,1,51.22,BUY
QQQ,2024-11-18T00:00:00.000000,1,51.22,BUY
QQQ,2024-11-19T00:00:00.000000,1,50.07,BUY
QQQ,2024-11-20T00:00:00.000000,1,50.07,BUY
QQQ,2024-11-21T00:00:00.000000,1,51.22,BUY
QQQ,2024-11-22T00:00:00.000000,1,51.22,BUY
QQQ,2024-11-25T00:00:00.000000,1,51.22,BUY
QQQ,2024-11-26T00:00:00.000000,1,51.22,BUY
QQQ,2024-11-27T00:00:00.000000,1,51.22,BUY
QQQ,2024-11-29T00:00:00.000000,1,51.22,BUY
QQQ,2024-12-02T00:00:00.000000,1,51.22,BUY
QQQ,2024-12-03T00:00:00.000000,1,51.22,BUY
QQQ,2024-12-04T00:00:00.000000,1,51.22,BUY
QQQ,2024-12-05T00:00:00.000000,1,51.22,BUY
QQQ,2024-12-06T00:00:00.000000,1,51.22,BUY
QQQ,2024-12-09T00:00:00.000000,1,51.22,BUY
QQQ,2024-12-10T00:00:00.000000,1,51.22,BUY
QQQ,2024-12-11T00:00:00.000000,1,51.22,BUY
QQQ,2024-12-12T00:00:00.000000,1,51.22,BUY
QQQ,2024-12-13T00:00:00.000000,1,51.22,BUY
QQQ,2024-12-16T00:00:00.000000,1,51.22,BUY
QQQ,2024-12-17T00:00:00.000000,1,51.22,BUY
QQQ,2024-12-18T00:00:00.000000,1,51.22,BUY
QQQ,2024-12-19T00:00:00.000000,1,51.22,BUY
QQQ,2024-12-20T00:00:00.000000,1,51.22,BUY
SLB,2023-02-21T00:00:00.000000,0,43.6,SELL
SLB,2023-02-22T00:00:00.000000,0,43.6,SELL
SLB,2023-02-23T00:00:00.000000,0,44.32,SELL
SLB,2023-02-24T00:00:00.000000,0,44.32,SELL
SLB,2023-02-27T00:00:00.000000,0,44.32,SELL
SLB,2023-02-28T00:00:00.000000,0,44.32,SELL
SLB,2023-03-01T00:00:00.000000,0,44.32,SELL
SLB,2023-03-02T00:00:00.000000,0,46.44,SELL
SLB,2023-03-03T00:00:00.000000,1,50.07,BUY
SLB,2023-03-06T00:00:00.000000,1,50.07,BUY
SLB,2023-03-07T00:00:00.000000,1,50.0,BUY
SLB,2023-03-08T00:00:00.000000,0,46.44,SELL
SLB,2023-03-09T00:00:00.000000,0,44.32,SELL
SLB,2023-03-10T00:00:00.000000,0,44.32,SELL
SLB,2023-03-13T00:00:00.000000,0,44.32,SELL
SLB,2023-03-14T00:00:00.000000,0,44.9,SELL
SLB,2023-03-15T00:00:00.000000,0,44.32,SELL
SLB,2023-03-16T00:00:00.000000,0,44.32,SELL
SLB,2023-03-17T00:00:00.000000,0,44.32,SELL
SLB,2023-03-20T00:00:00.000000,0,44.32,SELL
SLB,2023-03-21T00:00:00.000000,0,43.6,SELL
SLB,2023-03-22T00:00:00.000000,0,43.59,SELL
SLB,2023-03-23T00:00:00.000000,0,41.9,SELL
SLB,2023-03-24T00:00:00.000000,0,41.9,SELL
SLB,2023-03-27T00:00:00.000000,0,41.67,SELL
SLB,2023-03-28T00:00:00.000000,0,41.67,SELL
SLB,2023-03-29T00:00:00.000000,0,41.67,SELL
SLB,2023-03-30T00:00:00.000000,0,41.9,SELL
SLB,2023-03-31T00:00:00.000000,0,43.59,SELL
SLB,2023-04-03T00:00:00.000000,0,44.32,SELL
SLB,2023-04-04T00:00:00.000000,0,44.32,SELL
SLB,2023-04-05T00:00:00.000000,0,44.32,SELL
SLB,2023-04-06T00:00:00.000000,0,44.32,SELL
SLB,2023-04-10T00:00:00.000000,0,44.32,SELL
SLB,2023-04-11T00:00:00.000000,0,44.32,SELL
SLB,2023-04-12T00:00:00.000000,0,44.32,SELL
SLB,2023-04-13T00:00:00.000000,0,44.32,SELL
SLB,2023-04-14T00:00:00.000000,0,44.32,SELL
SLB,2023-04-17T00:00:00.000000,0,44.32,SELL
SLB,2023-04-18T00:00:00.000000,0,44.32,SELL
SLB,2023-04-19T00:00:00.000000,0,44.32,SELL
SLB,2023-04-20T00:00:00.000000,0,44.32,SELL
SLB,2023-04-21T00:00:00.000000,0,44.32,SELL
SLB,2023-04-24T00:00:00.000000,0,44.32,SELL
SLB,2023-04-25T00:00:00.000000,0,44.32,SELL
SLB,2023-04-26T00:00:00.000000,0,44.32,SELL
SLB,2023-04-27T00:00:00.000000,0,44.32,SELL
SLB,2023-04-28T00:00:00.000000,0,44.32,SELL
SLB,2023-05-01T00:00:00.000000,0,44.32,SELL
SLB,2023-05-02T00:00:00.000000,0,44.32,SELL
SLB,2023-05-03T00:00:00.000000,0,44.32,SELL
SLB,2023-05-04T00:00:00.000000,0,44.32,SELL
SLB,2023-05-05T00:00:00.000000,0,44.32,SELL
SLB,2023-05-08T00:00:00.000000,0,43.6,SELL
SLB,2023-05-09T00:00:00.000000,0,43.6,SELL
SLB,2023-05-10T00:00:00.000000,0,43.59,SELL
SLB,2023-05-11T00:00:00.000000,0,43.59,SELL
SLB,2023-05-12T00:00:00.000000,0,43.59,SELL
SLB,2023-05-15T00:00:00.000000,0,43.6,SELL
SLB,2023-05-16T00:00:00.000000,0,43.6,SELL
SLB,2023-05-17T00:00:00.000000,0,43.6,SELL
SLB,2023-05-18T00:00:00.000000,0,44.32,SELL
SLB,2023-05-19T00:00:00.000000,0,44.32,SELL
SLB,2023-05-22T00:00:00.000000,0,44.32,SELL
SLB,2023-05-23T00:00:00.000000,0,44.32,SELL
SLB,2023-05-24T00:00:00.000000,0,44.32,SELL
SLB,2023-05-25T00:00:00.000000,0,44.32,SELL
SLB,2023-05-26T00:00:00.000000,0,44.32,SELL
SLB,2023-05-30T00:00:00.000000,0,44.32,SELL
SLB,2023-05-31T00:00:00.000000,0,44.32,SELL
SLB,2023-06-01T00:00:00.000000,0,44.32,SELL
SLB,2023-06-02T00:00:00.000000,0,44.32,SELL
SLB,2023-06-05T00:00:00.000000,0,44.32,SELL
SLB,2023-06-06T00:00:00.000000,0,44.32,SELL
SLB,2023-06-07T00:00:00.000000,0,44.32,SELL
SLB,2023-06-08T00:00:00.000000,0,44.32,SELL
SLB,2023-06-09T00:00:00.000000,0,44.32,SELL
SLB,2023-06-12T00:00:00.000000,0,44.32,SELL
SLB,2023-06-13T00:00:00.000000,0,44.32,SELL
SLB,2023-06-14T00:00:00.000000,0,43.6,SELL
SLB,2023-06-15T00:00:00.000000,0,43.6,SELL
SLB,2023-06-16T00:00:00.000000,0,43.6,SELL
SLB,2023-06-20T00:00:00.000000,0,44.32,SELL
SLB,2023-06-21T00:00:00.000000,0,44.32,SELL
SLB,2023-06-22T00:00:00.000000,0,44.32,SELL
SLB,2023-06-23T00:00:00.000000,0,44.32,SELL
SLB,2023-06-26T00:00:00.000000,0,44.32,SELL
SLB,2023-06-27T00:00:00.000000,0,44.32,SELL
SLB,2023-06-28T00:00:00.000000,0,44.32,SELL
SLB,2023-06-29T00:00:00.000000,0,44.32,SELL
SLB,2023-06-30T00:00:00.000000,0,43.6,SELL
SLB,2023-07-03T00:00:00.000000,0,43.6,SELL
SLB,2023-07-05T00:00:00.000000,0,43.6,SELL
SLB,2023-07-06T00:00:00.000000,0,43.6,SELL
SLB,2023-07-07T00:00:00.000000,0,43.6,SELL
SLB,2023-07-10T00:00:00.000000,0,43.6,SELL
SLB,2023-07-11T00:00:00.000000,0,43.6,SELL
SLB,2023-07-12T00:00:00.000000,0,43.6,SELL
SLB,2023-07-13T00:00:00.000000,0,43.6,SELL
SLB,2023-07-14T00:00:00.000000,0,44.32,SELL
SLB,2023-07-17T00:00:00.000000,0,44.32,SELL
SLB,2023-07-18T00:00:00.000000,0,44.32,SELL
SLB,2023-07-19T00:00:00.000000,0,44.32,SELL
SLB,2023-07-20T00:00:00.000000,0,46.44,SELL
SLB,2023-07-21T00:00:00.000000,0,46.44,SELL
SLB,2023-07-24T00:00:00.000000,1,50.07,BUY
SLB,2023-07-25T00:00:00.000000,1,51.22,BUY
SLB,2023-07-26T00:00:00.000000,1,51.22,BUY
SLB,2023-07-27T00:00:00.000000,1,51.22,BUY
SLB,2023-07-28T00:00:00.000000,1,51.22,BUY
SLB,2023-07-31T00:00:00.000000,1,51.22,BUY
SLB,2023-08-01T00:00:00.000000,1,50.07,BUY
SLB,2023-08-02T00:00:00.000000,1,50.07,BUY
SLB,2023-08-03T00:00:00.000000,0,46.44,SELL
SLB,2023-08-04T00:00:00.000000,0,44.32,SELL
SLB,2023-08-07T00:00:00.000000,0,44.32,SELL
SLB,2023-08-08T00:00:00.000000,0,44.32,SELL
SLB,2023-08-09T00:00:00.000000,0,44.32,SELL
SLB,2023-08-10T00:00:00.000000,0,44.32,SELL
SLB,2023-08-11T00:00:00.000000,0,46.44,SELL
SLB,2023-08-14T00:00:00.000000,1,50.07,BUY
SLB,2023-08-15T00:00:00.000000,1,51.15,BUY
SLB,2023-08-16T00:00:00.000000,1,51.22,BUY
SLB,2023-08-17T00:00:00.000000,1,51.22,BUY
SLB,2023-08-18T00:00:00.000000,1,51.22,BUY
SLB,2023-08-21T00:00:00.000000,1,51.22,BUY
SLB,2023-08-22T00:00:00.000000,1,51.22,BUY
SLB,2023-08-23T00:00:00.000000,1,51.22,BUY
SLB,2023-08-24T00:00:00.000000,1,51.22,BUY
SLB,2023-08-25T00:00:00.000000,1,51.22,BUY
SLB,2023-08-28T00:00:00.000000,1,51.22,BUY
SLB,2023-08-29T00:00:00.000000,1,51.22,BUY
SLB,2023-08-30T00:00:00.000000,1,51.22,BUY
SLB,2023-08-31T00:00:00.000000,1,51.22,BUY
SLB,2023-09-01T00:00:00.000000,1,51.15,BUY
SLB,2023-09-05T00:00:00.000000,1,50.07,BUY
SLB,2023-09-06T00:00:00.000000,0,46.44,SELL
SLB,2023-09-07T00:00:00.000000,0,44.32,SELL
SLB,2023-09-08T00:00:00.000000,0,44.32,SELL
SLB,2023-09-11T00:00:00.000000,0,44.32,SELL
SLB,2023-09-12T00:00:00.000000,0,44.32,SELL
SLB,2023-09-13T00:00:00.000000,0,44.32,SELL
SLB,2023-09-14T00:00:00.000000,0,44.32,SELL
SLB,2023-09-15T00:00:00.000000,0,44.32,SELL
SLB,2023-09-18T00:00:00.000000,0,44.32,SELL
SLB,2023-09-19T00:00:00.000000,0,44.32,SELL
SLB,2023-09-20T00:00:00.000000,0,44.32,SELL
SLB,2023-09-21T00:00:00.000000,0,44.32,SELL
SLB,2023-09-22T00:00:00.000000,0,44.32,SELL
SLB,2023-09-25T00:00:00.000000,0,44.32,SELL
SLB,2023-09-26T00:00:00.000000,0,44.32,SELL
SLB,2023-09-27T00:00:00.000000,0,46.44,SELL
SLB,2023-09-28T00:00:00.000000,0,46.44,SELL
SLB,2023-09-29T00:00:00.000000,1,50.07,BUY
SLB,2023-10-02T00:00:00.000000,1,51.22,BUY
SLB,2023-10-03T00:00:00.000000,1,51.22,BUY
SLB,2023-10-04T00:00:00.000000,1,51.22,BUY
SLB,2023-10-05T00:00:00.000000,1,51.22,BUY
SLB,2023-10-06T00:00:00.000000,1,51.22,BUY
SLB,2023-10-09T00:00:00.000000,1,50.07,BUY
SLB,2023-10-10T00:00:00.000000,1,50.07,BUY
SLB,2023-10-11T00:00:00.000000,0,44.32,SELL
SLB,2023-10-12T00:00:00.000000,0,44.32,SELL
SLB,2023-10-13T00:00:00.000000,0,44.32,SELL
SLB,2023-10-16T00:00:00.000000,0,43.6,SELL
SLB,2023-10-17T00:00:00.000000,0,43.6,SELL
SLB,2023-10-18T00:00:00.000000,0,43.6,SELL
SLB,2023-10-19T00:00:00.000000,0,43.6,SELL
SLB,2023-10-20T00:00:00.000000,0,44.32,SELL
SLB,2023-10-23T00:00:00.000000,0,44.32,SELL
SLB,2023-10-24T00:00:00.000000,0,44.32,SELL
SLB,2023-10-25T00:00:00.000000,0,44.32,SELL
SLB,2023-10-26T00:00:00.000000,0,46.44,SELL
SLB,2023-10-27T00:00:00.000000,0,47.54,SELL
SLB,2023-10-30T00:00:00.000000,1,50.07,BUY
SLB,2023-10-31T00:00:00.000000,1,50.07,BUY
SLB,2023-11-01T00:00:00.000000,1,51.22,BUY
SLB,2023-11-02T00:00:00.000000,1,51.22,BUY
SLB,2023-11-03T00:00:00.000000,1,50.07,BUY
SLB,2023-11-06T00:00:00.000000,0,46.44,SELL
SLB,2023-11-07T00:00:00.000000,0,46.44,SELL
SLB,2023-11-08T00:00:00.000000,0,44.32,SELL
SLB,2023-11-09T00:00:00.000000,0,44.32,SELL
SLB,2023-11-10T00:00:00.000000,0,44.32,SELL
SLB,2023-11-13T00:00:00.000000,0,43.6,SELL
SLB,2023-11-14T00:00:00.000000,0,43.59,SELL
SLB,2023-11-15T00:00:00.000000,0,41.9,SELL
SLB,2023-11-16T00:00:00.000000,0,41.88,SELL
SLB,2023-11-17T00:00:00.000000,0,41.67,SELL
SLB,2023-11-20T00:00:00.000000,0,41.67,SELL
SLB,2023-11-21T00:00:00.000000,0,41.67,SELL
SLB,2023-11-22T00:00:00.000000,0,41.67,SELL
SLB,2023-11-24T00:00:00.000000,0,41.67,SELL
SLB,2023-11-27T00:00:00.000000,0,41.9,SELL
SLB,2023-11-28T00:00:00.000000,0,41.9,SELL
SLB,2023-11-29T00:00:00.000000,0,41.9,SELL
SLB,2023-11-30T00:00:00.000000,0,41.9,SELL
SLB,2023-12-01T00:00:00.000000,0,41.9,SELL
SLB,2023-12-04T00:00:00.000000,0,41.9,SELL
SLB,2023-12-05T00:00:00.000000,0,41.9,SELL
SLB,2023-12-06T00:00:00.000000,0,43.59,SELL
SLB,2023-12-07T00:00:00.000000,0,43.6,SELL
SLB,2023-12-08T00:00:00.000000,0,44.32,SELL
SLB,2023-12-11T00:00:00.000000,0,43.6,SELL
SLB,2023-12-12T00:00:00.000000,0,43.6,SELL
SLB,2023-12-13T00:00:00.000000,0,43.6,SELL
SLB,2023-12-14T00:00:00.000000,0,43.59,SELL
SLB,2023-12-15T00:00:00.000000,0,41.9,SELL
SLB,2023-12-18T00:00:00.000000,0,41.9,SELL
SLB,2023-12-19T00:00:00.000000,0,41.9,SELL
SLB,2023-12-20T00:00:00.000000,0,41.9,SELL
SLB,2023-12-21T00:00:00.000000,0,41.9,SELL
SLB,2023-12-22T00:00:00.000000,0,41.9,SELL
SLB,2023-12-26T00:00:00.000000,0,41.9,SELL
SLB,2023-12-27T00:00:00.000000,0,41.9,SELL
SLB,2023-12-28T00:00:00.000000,0,41.9,SELL
SLB,2023-12-29T00:00:00.000000,0,43.59,SELL
SLB,2024-01-02T00:00:00.000000,0,43.6,SELL
SLB,2024-01-03T00:00:00.000000,0,43.6,SELL
SLB,2024-01-04T00:00:00.000000,0,44.32,SELL
SLB,2024-01-05T00:00:00.000000,0,44.32,SELL
SLB,2024-01-08T00:00:00.000000,0,44.32,SELL
SLB,2024-01-09T00:00:00.000000,0,44.32,SELL
SLB,2024-01-10T00:00:00.000000,0,44.32,SELL
SLB,2024-01-11T00:00:00.000000,0,44.32,SELL
SLB,2024-01-12T00:00:00.000000,0,44.32,SELL
SLB,2024-01-16T00:00:00.000000,0,44.32,SELL
SLB,2024-01-17T00:00:00.000000,0,44.32,SELL
SLB,2024-01-18T00:00:00.000000,0,43.6,SELL
SLB,2024-01-19T00:00:00.000000,0,43.6,SELL
SLB,2024-01-22T00:00:00.000000,0,41.9,SELL
SLB,2024-01-23T00:00:00.000000,0,41.9,SELL
SLB,2024-01-24T00:00:00.000000,0,41.9,SELL
SLB,2024-01-25T00:00:00.000000,0,41.9,SELL
SLB,2024-01-26T00:00:00.000000,0,41.9,SELL
SLB,2024-01-29T00:00:00.000000,0,43.59,SELL
SLB,2024-01-30T00:00:00.000000,0,43.6,SELL
SLB,2024-01-31T00:00:00.000000,0,43.6,SELL
SLB,2024-02-01T00:00:00.000000,0,43.6,SELL
SLB,2024-02-02T00:00:00.000000,0,44.32,SELL
SLB,2024-02-05T00:00:00.000000,0,44.32,SELL
SLB,2024-02-06T00:00:00.000000,0,46.44,SELL
SLB,2024-02-07T00:00:00.000000,0,46.44,SELL
SLB,2024-02-08T00:00:00.000000,1,50.07,BUY
SLB,2024-02-09T00:00:00.000000,1,50.07,BUY
SLB,2024-02-12T00:00:00.000000,1,50.07,BUY
SLB,2024-02-13T00:00:00.000000,1,50.07,BUY
SLB,2024-02-14T00:00:00.000000,1,50.07,BUY
SLB,2024-02-15T00:00:00.000000,0,44.32,SELL
SLB,2024-02-16T00:00:00.000000,0,44.32,SELL
SLB,2024-02-20T00:00:00.000000,0,44.32,SELL
SLB,2024-02-21T00:00:00.000000,0,44.32,SELL
SLB,2024-02-22T00:00:00.000000,0,44.32,SELL
SLB,2024-02-23T00:00:00.000000,0,44.32,SELL
SLB,2024-02-26T00:00:00.000000,0,44.32,SELL
SLB,2024-02-27T00:00:00.000000,0,44.32,SELL
SLB,2024-02-28T00:00:00.000000,0,44.32,SELL
SLB,2024-02-29T00:00:00.000000,0,44.32,SELL
SLB,2024-03-01T00:00:00.000000,0,44.32,SELL
SLB,2024-03-04T00:00:00.000000,0,44.32,SELL
SLB,2024-03-05T00:00:00.000000,0,44.32,SELL
SLB,2024-03-06T00:00:00.000000,0,44.32,SELL
SLB,2024-03-07T00:00:00.000000,0,44.32,SELL
SLB,2024-03-08T00:00:00.000000,0,44.32,SELL
SLB,2024-03-11T00:00:00.000000,0,44.32,SELL
SLB,2024-03-12T00:00:00.000000,0,44.32,SELL
SLB,2024-03-13T00:00:00.000000,0,44.32,SELL
SLB,2024-03-14T00:00:00.000000,0,44.32,SELL
SLB,2024-03-15T00:00:00.000000,0,44.32,SELL
SLB,2024-03-18T00:00:00.000000,0,44.32,SELL
SLB,2024-03-19T00:00:00.000000,0,44.32,SELL
SLB,2024-03-20T00:00:00.000000,0,46.44,SELL
SLB,2024-03-21T00:00:00.000000,0,46.44,SELL
SLB,2024-03-22T00:00:00.000000,0,46.44,SELL
SLB,2024-03-25T00:00:00.000000,0,46.44,SELL
SLB,2024-03-26T00:00:00.000000,0,46.44,SELL
SLB,2024-03-27T00:00:00.000000,0,44.32,SELL
SLB,2024-03-28T00:00:00.000000,0,44.32,SELL
SLB,2024-04-01T00:00:00.000000,0,44.32,SELL
SLB,2024-04-02T00:00:00.000000,0,44.32,SELL
SLB,2024-04-03T00:00:00.000000,0,44.32,SELL
SLB,2024-04-04T00:00:00.000000,0,43.6,SELL
SLB,2024-04-05T00:00:00.000000,0,43.6,SELL
SLB,2024-04-08T00:00:00.000000,0,43.6,SELL
SLB,2024-04-09T00:00:00.000000,0,43.6,SELL
SLB,2024-04-10T00:00:00.000000,0,43.6,SELL
SLB,2024-04-11T00:00:00.000000,0,43.6,SELL
SLB,2024-04-12T00:00:00.000000,0,44.32,SELL
SLB,2024-04-15T00:00:00.000000,0,44.32,SELL
SLB,2024-04-16T00:00:00.000000,0,44.32,SELL
SLB,2024-04-17T00:00:00.000000,0,44.32,SELL
SLB,2024-04-18T00:00:00.000000,0,46.44,SELL
SLB,2024-04-19T00:00:00.000000,0,44.32,SELL
SLB,2024-04-22T00:00:00.000000,0,44.32,SELL
SLB,2024-04-23T00:00:00.000000,0,44.32,SELL
SLB,2024-04-24T00:00:00.000000,0,44.32,SELL
SLB,2024-04-25T00:00:00.000000,0,43.6,SELL
SLB,2024-04-26T00:00:00.000000,0,43.6,SELL
SLB,2024-04-29T00:00:00.000000,0,43.59,SELL
SLB,2024-04-30T00:00:00.000000,0,41.9,SELL
SLB,2024-05-01T00:00:00.000000,0,41.9,SELL
SLB,2024-05-02T00:00:00.000000,0,41.67,SELL
SLB,2024-05-03T00:00:00.000000,0,41.67,SELL
SLB,2024-05-06T00:00:00.000000,0,41.67,SELL
SLB,2024-05-07T00:00:00.000000,0,41.67,SELL
SLB,2024-05-08T00:00:00.000000,0,41.67,SELL
SLB,2024-05-09T00:00:00.000000,0,41.67,SELL
SLB,2024-05-10T00:00:00.000000,0,32.99,SELL
SLB,2024-05-13T00:00:00.000000,0,25.0,SELL
SLB,2024-05-14T00:00:00.000000,0,41.67,SELL
SLB,2024-05-15T00:00:00.000000,0,41.67,SELL
SLB,2024-05-16T00:00:00.000000,0,41.67,SELL
SLB,2024-05-17T00:00:00.000000,0,41.67,SELL
SLB,2024-05-20T00:00:00.000000,0,41.67,SELL
SLB,2024-05-21T00:00:00.000000,0,41.9,SELL
SLB,2024-05-22T00:00:00.000000,0,41.9,SELL
SLB,2024-05-23T00:00:00.000000,0,41.9,SELL
SLB,2024-05-24T00:00:00.000000,0,41.9,SELL
SLB,2024-05-28T00:00:00.000000,0,43.59,SELL
SLB,2024-05-29T00:00:00.000000,0,43.59,SELL
SLB,2024-05-30T00:00:00.000000,0,43.59,SELL
SLB,2024-05-31T00:00:00.000000,0,43.6,SELL
SLB,2024-06-03T00:00:00.000000,0,43.6,SELL
SLB,2024-06-04T00:00:00.000000,0,44.32,SELL
SLB,2024-06-05T00:00:00.000000,0,44.32,SELL
SLB,2024-06-06T00:00:00.000000,0,44.32,SELL
SLB,2024-06-07T00:00:00.000000,0,44.32,SELL
SLB,2024-06-10T00:00:00.000000,0,44.32,SELL
SLB,2024-06-11T00:00:00.000000,0,44.32,SELL
SLB,2024-06-12T00:00:00.000000,0,44.32,SELL
SLB,2024-06-13T00:00:00.000000,0,44.32,SELL
SLB,2024-06-14T00:00:00.000000,0,44.32,SELL
SLB,2024-06-17T00:00:00.000000,0,44.32,SELL
SLB,2024-06-18T00:00:00.000000,0,44.32,SELL
SLB,2024-06-20T00:00:00.000000,0,44.32,SELL
SLB,2024-06-21T00:00:00.000000,0,44.32,SELL
SLB,2024-06-24T00:00:00.000000,0,44.32,SELL
SLB,2024-06-25T00:00:00.000000,0,44.32,SELL
SLB,2024-06-26T00:00:00.000000,0,44.32,SELL
SLB,2024-06-27T00:00:00.000000,0,44.32,SELL
SLB,2024-06-28T00:00:00.000000,0,44.32,SELL
SLB,2024-07-01T00:00:00.000000,0,44.32,SELL
SLB,2024-07-02T00:00:00.000000,0,44.32,SELL
SLB,2024-07-03T00:00:00.000000,0,46.44,SELL
SLB,2024-07-05T00:00:00.000000,1,50.07,BUY
SLB,2024-07-08T00:00:00.000000,1,51.22,BUY
SLB,2024-07-09T00:00:00.000000,1,51.22,BUY
SLB,2024-07-10T00:00:00.000000,1,51.22,BUY
SLB,2024-07-11T00:00:00.000000,1,51.22,BUY
SLB,2024-07-12T00:00:00.000000,1,51.22,BUY
SLB,2024-07-15T00:00:00.000000,1,51.22,BUY
SLB,2024-07-16T00:00:00.000000,1,50.07,BUY
SLB,2024-07-17T00:00:00.000000,0,44.32,SELL
SLB,2024-07-18T00:00:00.000000,0,44.32,SELL
SLB,2024-07-19T00:00:00.000000,0,44.32,SELL
SLB,2024-07-22T00:00:00.000000,0,44.32,SELL
SLB,2024-07-23T00:00:00.000000,0,43.6,SELL
SLB,2024-07-24T00:00:00.000000,0,44.32,SELL
SLB,2024-07-25T00:00:00.000000,0,44.32,SELL
SLB,2024-07-26T00:00:00.000000,0,44.32,SELL
SLB,2024-07-29T00:00:00.000000,0,44.32,SELL
SLB,2024-07-30T00:00:00.000000,0,44.32,SELL
SLB,2024-07-31T00:00:00.000000,0,44.32,SELL
SLB,2024-08-01T00:00:00.000000,0,46.44,SELL
SLB,2024-08-02T00:00:00.000000,0,46.44,SELL
SLB,2024-08-05T00:00:00.000000,0,47.54,SELL
SLB,2024-08-06T00:00:00.000000,0,46.44,SELL
SLB,2024-08-07T00:00:00.000000,0,44.32,SELL
SLB,2024-08-08T00:00:00.000000,0,44.32,SELL
SLB,2024-08-09T00:00:00.000000,0,43.6,SELL
SLB,2024-08-12T00:00:00.000000,0,43.6,SELL
SLB,2024-08-13T00:00:00.000000,0,41.9,SELL
SLB,2024-08-14T00:00:00.000000,0,41.9,SELL
SLB,2024-08-15T00:00:00.000000,0,41.9,SELL
SLB,2024-08-16T00:00:00.000000,0,41.9,SELL
SLB,2024-08-19T00:00:00.000000,0,41.9,SELL
SLB,2024-08-20T00:00:00.000000,0,41.9,SELL
SLB,2024-08-21T00:00:00.000000,0,41.9,SELL
SLB,2024-08-22T00:00:00.000000,0,41.9,SELL
SLB,2024-08-23T00:00:00.000000,0,41.9,SELL
SLB,2024-08-26T00:00:00.000000,0,41.9,SELL
SLB,2024-08-27T00:00:00.000000,0,41.9,SELL
SLB,2024-08-28T00:00:00.000000,0,41.9,SELL
SLB,2024-08-29T00:00:00.000000,0,41.9,SELL
SLB,2024-08-30T00:00:00.000000,0,41.9,SELL
SLB,2024-09-03T00:00:00.000000,0,41.9,SELL
SLB,2024-09-04T00:00:00.000000,0,43.59,SELL
SLB,2024-09-05T00:00:00.000000,0,43.59,SELL
SLB,2024-09-06T00:00:00.000000,0,43.6,SELL
SLB,2024-09-09T00:00:00.000000,0,43.6,SELL
SLB,2024-09-10T00:00:00.000000,0,44.32,SELL
SLB,2024-09-11T00:00:00.000000,0,44.32,SELL
SLB,2024-09-12T00:00:00.000000,0,44.32,SELL
SLB,2024-09-13T00:00:00.000000,0,43.6,SELL
SLB,2024-09-16T00:00:00.000000,0,43.59,SELL
SLB,2024-09-17T00:00:00.000000,0,43.59,SELL
SLB,2024-09-18T00:00:00.000000,0,43.46,SELL
SLB,2024-09-19T00:00:00.000000,0,41.9,SELL
SLB,2024-09-20T00:00:00.000000,0,41.9,SELL
SLB,2024-09-23T00:00:00.000000,0,41.9,SELL
SLB,2024-09-24T00:00:00.000000,0,41.9,SELL
SLB,2024-09-25T00:00:00.000000,0,41.9,SELL
SLB,2024-09-26T00:00:00.000000,0,43.59,SELL
SLB,2024-09-27T00:00:00.000000,0,43.59,SELL
SLB,2024-09-30T00:00:00.000000,0,43.6,SELL
SLB,2024-10-01T00:00:00.000000,0,43.6,SELL
SLB,2024-10-02T00:00:00.000000,0,44.32,SELL
SLB,2024-10-03T00:00:00.000000,0,44.32,SELL
SLB,2024-10-04T00:00:00.000000,0,44.32,SELL
SLB,2024-10-07T00:00:00.000000,0,44.32,SELL
SLB,2024-10-08T00:00:00.000000,0,44.32,SELL
SLB,2024-10-09T00:00:00.000000,0,44.32,SELL
SLB,2024-10-10T00:00:00.000000,0,44.32,SELL
SLB,2024-10-11T00:00:00.000000,0,44.32,SELL
SLB,2024-10-14T00:00:00.000000,0,44.32,SELL
SLB,2024-10-15T00:00:00.000000,0,44.32,SELL
SLB,2024-10-16T00:00:00.000000,0,44.32,SELL
SLB,2024-10-17T00:00:00.000000,0,44.9,SELL
SLB,2024-10-18T00:00:00.000000,0,46.44,SELL
SLB,2024-10-21T00:00:00.000000,0,46.44,SELL
SLB,2024-10-22T00:00:00.000000,0,46.44,SELL
SLB,2024-10-23T00:00:00.000000,0,44.9,SELL
SLB,2024-10-24T00:00:00.000000,0,44.32,SELL
SLB,2024-10-25T00:00:00.000000,0,44.32,SELL
SLB,2024-10-28T00:00:00.000000,0,44.32,SELL
SLB,2024-10-29T00:00:00.000000,0,44.32,SELL
SLB,2024-10-30T00:00:00.000000,0,44.32,SELL
SLB,2024-10-31T00:00:00.000000,0,44.32,SELL
SLB,2024-11-01T00:00:00.000000,0,44.32,SELL
SLB,2024-11-04T00:00:00.000000,0,44.32,SELL
SLB,2024-11-05T00:00:00.000000,0,44.32,SELL
SLB,2024-11-06T00:00:00.000000,0,44.32,SELL
SLB,2024-11-07T00:00:00.000000,0,43.6,SELL
SLB,2024-11-08T00:00:00.000000,0,43.6,SELL
SLB,2024-11-11T00:00:00.000000,0,43.6,SELL
SLB,2024-11-12T00:00:00.000000,0,43.6,SELL
SLB,2024-11-13T00:00:00.000000,0,43.6,SELL
SLB,2024-11-14T00:00:00.000000,0,43.6,SELL
SLB,2024-11-15T00:00:00.000000,0,43.6,SELL
SLB,2024-11-18T00:00:00.000000,0,43.6,SELL
SLB,2024-11-19T00:00:00.000000,0,44.32,SELL
SLB,2024-11-20T00:00:00.000000,0,44.32,SELL
SLB,2024-11-21T00:00:00.000000,0,44.32,SELL
SLB,2024-11-22T00:00:00.000000,0,44.32,SELL
SLB,2024-11-25T00:00:00.000000,0,44.32,SELL
SLB,2024-11-26T00:00:00.000000,0,44.32,SELL
SLB,2024-11-27T00:00:00.000000,0,44.32,SELL
SLB,2024-11-29T00:00:00.000000,0,44.32,SELL
SLB,2024-12-02T00:00:00.000000,0,44.32,SELL
SLB,2024-12-03T00:00:00.000000,0,43.6,SELL
SLB,2024-12-04T00:00:00.000000,0,43.6,SELL
SLB,2024-12-05T00:00:00.000000,0,43.59,SELL
SLB,2024-12-06T00:00:00.000000,0,43.59,SELL
SLB,2024-12-09T00:00:00.000000,0,43.59,SELL
SLB,2024-12-10T00:00:00.000000,0,41.9,SELL
SLB,2024-12-11T00:00:00.000000,0,41.9,SELL
SLB,2024-12-12T00:00:00.000000,0,41.9,SELL
SLB,2024-12-13T00:00:00.000000,0,41.9,SELL
SLB,2024-12-16T00:00:00.000000,0,41.9,SELL
SLB,2024-12-17T00:00:00.000000,0,41.9,SELL
SLB,2024-12-18T00:00:00.000000,0,41.9,SELL
SLB,2024-12-19T00:00:00.000000,0,41.9,SELL
SLB,2024-12-20T00:00:00.000000,0,41.9,SELL
SNAP,2023-02-21T00:00:00.000000,1,51.15,BUY
SNAP,2023-02-22T00:00:00.000000,1,51.22,BUY
SNAP,2023-02-23T00:00:00.000000,1,51.22,BUY
SNAP,2023-02-24T00:00:00.000000,1,51.22,BUY
SNAP,2023-02-27T00:00:00.000000,1,50.07,BUY
SNAP,2023-02-28T00:00:00.000000,0,46.44,SELL
SNAP,2023-03-01T00:00:00.000000,0,44.32,SELL
SNAP,2023-03-02T00:00:00.000000,0,44.32,SELL
SNAP,2023-03-03T00:00:00.000000,0,46.44,SELL
SNAP,2023-03-06T00:00:00.000000,0,46.44,SELL
SNAP,2023-03-07T00:00:00.000000,0,46.44,SELL
SNAP,2023-03-08T00:00:00.000000,0,44.32,SELL
SNAP,2023-03-09T00:00:00.000000,0,44.32,SELL
SNAP,2023-03-10T00:00:00.000000,0,44.9,SELL
SNAP,2023-03-13T00:00:00.000000,0,44.32,SELL
SNAP,2023-03-14T00:00:00.000000,0,44.32,SELL
SNAP,2023-03-15T00:00:00.000000,0,44.32,SELL
SNAP,2023-03-16T00:00:00.000000,0,44.32,SELL
SNAP,2023-03-17T00:00:00.000000,0,44.9,SELL
SNAP,2023-03-20T00:00:00.000000,1,50.07,BUY
SNAP,2023-03-21T00:00:00.000000,1,50.07,BUY
SNAP,2023-03-22T00:00:00.000000,1,50.07,BUY
SNAP,2023-03-23T00:00:00.000000,1,50.07,BUY
SNAP,2023-03-24T00:00:00.000000,0,46.44,SELL
SNAP,2023-03-27T00:00:00.000000,0,44.32,SELL
SNAP,2023-03-28T00:00:00.000000,0,44.32,SELL
SNAP,2023-03-29T00:00:00.000000,0,43.6,SELL
SNAP,2023-03-30T00:00:00.000000,0,43.59,SELL
SNAP,2023-03-31T00:00:00.000000,0,43.59,SELL
SNAP,2023-04-03T00:00:00.000000,0,43.59,SELL
SNAP,2023-04-04T00:00:00.000000,0,43.6,SELL
SNAP,2023-04-05T00:00:00.000000,0,43.6,SELL
SNAP,2023-04-06T00:00:00.000000,0,44.32,SELL
SNAP,2023-04-10T00:00:00.000000,0,44.32,SELL
SNAP,2023-04-11T00:00:00.000000,0,44.32,SELL
SNAP,2023-04-12T00:00:00.000000,0,44.32,SELL
SNAP,2023-04-13T00:00:00.000000,0,43.6,SELL
SNAP,2023-04-14T00:00:00.000000,0,41.9,SELL
SNAP,2023-04-17T00:00:00.000000,0,41.9,SELL
SNAP,2023-04-18T00:00:00.000000,0,41.9,SELL
SNAP,2023-04-19T00:00:00.000000,0,43.59,SELL
SNAP,2023-04-20T00:00:00.000000,0,43.59,SELL
SNAP,2023-04-21T00:00:00.000000,0,43.59,SELL
SNAP,2023-04-24T00:00:00.000000,0,43.59,SELL
SNAP,2023-04-25T00:00:00.000000,0,43.6,SELL
SNAP,2023-04-26T00:00:00.000000,0,43.6,SELL
SNAP,2023-04-27T00:00:00.000000,0,43.6,SELL
SNAP,2023-04-28T00:00:00.000000,0,43.6,SELL
SNAP,2023-05-01T00:00:00.000000,0,43.6,SELL
SNAP,2023-05-02T00:00:00.000000,0,43.6,SELL
SNAP,2023-05-03T00:00:00.000000,0,43.6,SELL
SNAP,2023-05-04T00:00:00.000000,0,43.59,SELL
SNAP,2023-05-05T00:00:00.000000,0,41.9,SELL
SNAP,2023-05-08T00:00:00.000000,0,41.9,SELL
SNAP,2023-05-09T00:00:00.000000,0,41.9,SELL
SNAP,2023-05-10T00:00:00.000000,0,41.9,SELL
SNAP,2023-05-11T00:00:00.000000,0,41.9,SELL
SNAP,2023-05-12T00:00:00.000000,0,41.9,SELL
SNAP,2023-05-15T00:00:00.000000,0,41.9,SELL
SNAP,2023-05-16T00:00:00.000000,0,41.9,SELL
SNAP,2023-05-17T00:00:00.000000,0,43.6,SELL
SNAP,2023-05-18T00:00:00.000000,0,44.32,SELL
SNAP,2023-05-19T00:00:00.000000,0,46.44,SELL
SNAP,2023-05-22T00:00:00.000000,1,50.07,BUY
SNAP,2023-05-23T00:00:00.000000,1,50.07,BUY
SNAP,2023-05-24T00:00:00.000000,1,50.07,BUY
SNAP,2023-05-25T00:00:00.000000,1,51.22,BUY
SNAP,2023-05-26T00:00:00.000000,1,51.22,BUY
SNAP,2023-05-30T00:00:00.000000,1,51.22,BUY
SNAP,2023-05-31T00:00:00.000000,1,51.22,BUY
SNAP,2023-06-01T00:00:00.000000,1,51.22,BUY
SNAP,2023-06-02T00:00:00.000000,1,51.22,BUY
SNAP,2023-06-05T00:00:00.000000,1,51.22,BUY
SNAP,2023-06-06T00:00:00.000000,1,51.22,BUY
SNAP,2023-06-07T00:00:00.000000,1,51.22,BUY
SNAP,2023-06-08T00:00:00.000000,1,51.22,BUY
SNAP,2023-06-09T00:00:00.000000,1,51.22,BUY
SNAP,2023-06-12T00:00:00.000000,1,51.22,BUY
SNAP,2023-06-13T00:00:00.000000,1,51.22,BUY
SNAP,2023-06-14T00:00:00.000000,1,51.22,BUY
SNAP,2023-06-15T00:00:00.000000,1,50.07,BUY
SNAP,2023-06-16T00:00:00.000000,0,46.44,SELL
SNAP,2023-06-20T00:00:00.000000,0,44.32,SELL
SNAP,2023-06-21T00:00:00.000000,0,44.32,SELL
SNAP,2023-06-22T00:00:00.000000,0,44.32,SELL
SNAP,2023-06-23T00:00:00.000000,0,44.32,SELL
SNAP,2023-06-26T00:00:00.000000,0,44.32,SELL
SNAP,2023-06-27T00:00:00.000000,0,43.6,SELL
SNAP,2023-06-28T00:00:00.000000,0,43.6,SELL
SNAP,2023-06-29T00:00:00.000000,0,44.32,SELL
SNAP,2023-06-30T00:00:00.000000,0,44.32,SELL
SNAP,2023-07-03T00:00:00.000000,0,44.32,SELL
SNAP,2023-07-05T00:00:00.000000,0,44.32,SELL
SNAP,2023-07-06T00:00:00.000000,0,44.32,SELL
SNAP,2023-07-07T00:00:00.000000,0,44.32,SELL
SNAP,2023-07-10T00:00:00.000000,0,44.9,SELL
SNAP,2023-07-11T00:00:00.000000,0,46.44,SELL
SNAP,2023-07-12T00:00:00.000000,0,46.44,SELL
SNAP,2023-07-13T00:00:00.000000,0,46.44,SELL
SNAP,2023-07-14T00:00:00.000000,0,44.32,SELL
SNAP,2023-07-17T00:00:00.000000,0,44.32,SELL
SNAP,2023-07-18T00:00:00.000000,0,44.32,SELL
SNAP,2023-07-19T00:00:00.000000,0,44.32,SELL
SNAP,2023-07-20T00:00:00.000000,0,44.32,SELL
SNAP,2023-07-21T00:00:00.000000,0,44.32,SELL
SNAP,2023-07-24T00:00:00.000000,0,43.6,SELL
SNAP,2023-07-25T00:00:00.000000,0,43.6,SELL
SNAP,2023-07-26T00:00:00.000000,0,44.32,SELL
SNAP,2023-07-27T00:00:00.000000,0,44.32,SELL
SNAP,2023-07-28T00:00:00.000000,0,44.32,SELL
SNAP,2023-07-31T00:00:00.000000,0,44.32,SELL
SNAP,2023-08-01T00:00:00.000000,0,46.44,SELL
SNAP,2023-08-02T00:00:00.000000,0,46.44,SELL
SNAP,2023-08-03T00:00:00.000000,0,46.44,SELL
SNAP,2023-08-04T00:00:00.000000,0,44.32,SELL
SNAP,2023-08-07T00:00:00.000000,0,44.32,SELL
SNAP,2023-08-08T00:00:00.000000,0,44.32,SELL
SNAP,2023-08-09T00:00:00.000000,0,43.6,SELL
SNAP,2023-08-10T00:00:00.000000,0,43.6,SELL
SNAP,2023-08-11T00:00:00.000000,0,43.6,SELL
SNAP,2023-08-14T00:00:00.000000,0,44.32,SELL
SNAP,2023-08-15T00:00:00.000000,0,44.32,SELL
SNAP,2023-08-16T00:00:00.000000,0,46.44,SELL
SNAP,2023-08-17T00:00:00.000000,0,44.32,SELL
SNAP,2023-08-18T00:00:00.000000,0,44.32,SELL
SNAP,2023-08-21T00:00:00.000000,0,43.6,SELL
SNAP,2023-08-22T00:00:00.000000,0,43.6,SELL
SNAP,2023-08-23T00:00:00.000000,0,44.32,SELL
SNAP,2023-08-24T00:00:00.000000,0,44.32,SELL
SNAP,2023-08-25T00:00:00.000000,0,46.44,SELL
SNAP,2023-08-28T00:00:00.000000,1,50.07,BUY
SNAP,2023-08-29T00:00:00.000000,1,51.22,BUY
SNAP,2023-08-30T00:00:00.000000,1,51.22,BUY
SNAP,2023-08-31T00:00:00.000000,0,47.54,SELL
SNAP,2023-09-01T00:00:00.000000,0,44.9,SELL
SNAP,2023-09-05T00:00:00.000000,1,50.07,BUY
SNAP,2023-09-06T00:00:00.000000,1,50.07,BUY
SNAP,2023-09-07T00:00:00.000000,0,44.9,SELL
SNAP,2023-09-08T00:00:00.000000,0,44.32,SELL
SNAP,2023-09-11T00:00:00.000000,0,44.32,SELL
SNAP,2023-09-12T00:00:00.000000,0,44.32,SELL
SNAP,2023-09-13T00:00:00.000000,0,44.32,SELL
SNAP,2023-09-14T00:00:00.000000,0,44.32,SELL
SNAP,2023-09-15T00:00:00.000000,0,44.32,SELL
SNAP,2023-09-18T00:00:00.000000,0,44.32,SELL
SNAP,2023-09-19T00:00:00.000000,0,44.32,SELL
SNAP,2023-09-20T00:00:00.000000,0,44.32,SELL
SNAP,2023-09-21T00:00:00.000000,0,44.32,SELL
SNAP,2023-09-22T00:00:00.000000,0,44.32,SELL
SNAP,2023-09-25T00:00:00.000000,0,44.32,SELL
SNAP,2023-09-26T00:00:00.000000,0,44.32,SELL
SNAP,2023-09-27T00:00:00.000000,1,50.07,BUY
SNAP,2023-09-28T00:00:00.000000,1,50.07,BUY
SNAP,2023-09-29T00:00:00.000000,1,51.22,BUY
SNAP,2023-10-02T00:00:00.000000,1,51.22,BUY
SNAP,2023-10-03T00:00:00.000000,1,51.22,BUY
SNAP,2023-10-04T00:00:00.000000,1,51.22,BUY
SNAP,2023-10-05T00:00:00.000000,1,51.22,BUY
SNAP,2023-10-06T00:00:00.000000,1,51.22,BUY
SNAP,2023-10-09T00:00:00.000000,1,51.22,BUY
SNAP,2023-10-10T00:00:00.000000,1,51.22,BUY
SNAP,2023-10-11T00:00:00.000000,1,50.07,BUY
SNAP,2023-10-12T00:00:00.000000,1,50.07,BUY
SNAP,2023-10-13T00:00:00.000000,1,50.07,BUY
SNAP,2023-10-16T00:00:00.000000,1,50.07,BUY
SNAP,2023-10-17T00:00:00.000000,0,46.44,SELL
SNAP,2023-10-18T00:00:00.000000,0,44.32,SELL
SNAP,2023-10-19T00:00:00.000000,0,44.32,SELL
SNAP,2023-10-20T00:00:00.000000,0,44.9,SELL
SNAP,2023-10-23T00:00:00.000000,0,46.44,SELL
SNAP,2023-10-24T00:00:00.000000,0,47.54,SELL
SNAP,2023-10-25T00:00:00.000000,1,50.07,BUY
SNAP,2023-10-26T00:00:00.000000,1,51.22,BUY
SNAP,2023-10-27T00:00:00.000000,1,51.22,BUY
SNAP,2023-10-30T00:00:00.000000,1,51.22,BUY
SNAP,2023-10-31T00:00:00.000000,1,51.22,BUY
SNAP,2023-11-01T00:00:00.000000,1,51.22,BUY
SNAP,2023-11-02T00:00:00.000000,1,51.22,BUY
SNAP,2023-11-03T00:00:00.000000,1,51.22,BUY
SNAP,2023-11-06T00:00:00.000000,1,50.07,BUY
SNAP,2023-11-07T00:00:00.000000,0,44.32,SELL
SNAP,2023-11-08T00:00:00.000000,0,44.32,SELL
SNAP,2023-11-09T00:00:00.000000,0,44.32,SELL
SNAP,2023-11-10T00:00:00.000000,0,43.6,SELL
SNAP,2023-11-13T00:00:00.000000,0,43.59,SELL
SNAP,2023-11-14T00:00:00.000000,0,43.6,SELL
SNAP,2023-11-15T00:00:00.000000,0,43.6,SELL
SNAP,2023-11-16T00:00:00.000000,0,43.6,SELL
SNAP,2023-11-17T00:00:00.000000,0,43.6,SELL
SNAP,2023-11-20T00:00:00.000000,0,43.6,SELL
SNAP,2023-11-21T00:00:00.000000,0,44.32,SELL
SNAP,2023-11-22T00:00:00.000000,0,44.32,SELL
SNAP,2023-11-24T00:00:00.000000,0,44.32,SELL
SNAP,2023-11-27T00:00:00.000000,0,44.32,SELL
SNAP,2023-11-28T00:00:00.000000,0,43.6,SELL
SNAP,2023-11-29T00:00:00.000000,0,43.59,SELL
SNAP,2023-11-30T00:00:00.000000,0,43.6,SELL
SNAP,2023-12-01T00:00:00.000000,0,43.59,SELL
SNAP,2023-12-04T00:00:00.000000,0,41.9,SELL
SNAP,2023-12-05T00:00:00.000000,0,41.9,SELL
SNAP,2023-12-06T00:00:00.000000,0,41.9,SELL
SNAP,2023-12-07T00:00:00.000000,0,41.9,SELL
SNAP,2023-12-08T00:00:00.000000,0,41.9,SELL
SNAP,2023-12-11T00:00:00.000000,0,41.9,SELL
SNAP,2023-12-12T00:00:00.000000,0,43.59,SELL
SNAP,2023-12-13T00:00:00.000000,0,43.59,SELL
SNAP,2023-12-14T00:00:00.000000,0,43.6,SELL
SNAP,2023-12-15T00:00:00.000000,0,44.32,SELL
SNAP,2023-12-18T00:00:00.000000,0,44.32,SELL
SNAP,2023-12-19T00:00:00.000000,0,44.32,SELL
SNAP,2023-12-20T00:00:00.000000,0,44.32,SELL
SNAP,2023-12-21T00:00:00.000000,0,43.6,SELL
SNAP,2023-12-22T00:00:00.000000,0,43.59,SELL
SNAP,2023-12-26T00:00:00.000000,0,43.59,SELL
SNAP,2023-12-27T00:00:00.000000,0,43.59,SELL
SNAP,2023-12-28T00:00:00.000000,0,43.59,SELL
SNAP,2023-12-29T00:00:00.000000,0,43.6,SELL
SNAP,2024-01-02T00:00:00.000000,0,43.6,SELL
SNAP,2024-01-03T00:00:00.000000,0,43.6,SELL
SNAP,2024-01-04T00:00:00.000000,0,44.32,SELL
SNAP,2024-01-05T00:00:00.000000,0,44.32,SELL
SNAP,2024-01-08T00:00:00.000000,0,44.32,SELL
SNAP,2024-01-09T00:00:00.000000,0,44.32,SELL
SNAP,2024-01-10T00:00:00.000000,0,44.32,SELL
SNAP,2024-01-11T00:00:00.000000,0,44.32,SELL
SNAP,2024-01-12T00:00:00.000000,0,43.6,SELL
SNAP,2024-01-16T00:00:00.000000,0,44.32,SELL
SNAP,2024-01-17T00:00:00.000000,0,44.32,SELL
SNAP,2024-01-18T00:00:00.000000,0,44.32,SELL
SNAP,2024-01-19T00:00:00.000000,0,44.17,SELL
SNAP,2024-01-22T00:00:00.000000,0,44.32,SELL
SNAP,2024-01-23T00:00:00.000000,0,44.32,SELL
SNAP,2024-01-24T00:00:00.000000,0,44.32,SELL
SNAP,2024-01-25T00:00:00.000000,0,44.32,SELL
SNAP,2024-01-26T00:00:00.000000,0,44.32,SELL
SNAP,2024-01-29T00:00:00.000000,0,44.32,SELL
SNAP,2024-01-30T00:00:00.000000,0,44.32,SELL
SNAP,2024-01-31T00:00:00.000000,0,44.32,SELL
SNAP,2024-02-01T00:00:00.000000,0,43.6,SELL
SNAP,2024-02-02T00:00:00.000000,0,43.6,SELL
SNAP,2024-02-05T00:00:00.000000,0,43.6,SELL
SNAP,2024-02-06T00:00:00.000000,0,43.6,SELL
SNAP,2024-02-07T00:00:00.000000,0,43.59,SELL
SNAP,2024-02-08T00:00:00.000000,0,41.9,SELL
SNAP,2024-02-09T00:00:00.000000,0,41.9,SELL
SNAP,2024-02-12T00:00:00.000000,0,41.9,SELL
SNAP,2024-02-13T00:00:00.000000,0,41.9,SELL
SNAP,2024-02-14T00:00:00.000000,0,42.18,SELL
SNAP,2024-02-15T00:00:00.000000,0,41.9,SELL
SNAP,2024-02-16T00:00:00.000000,0,41.9,SELL
SNAP,2024-02-20T00:00:00.000000,0,41.9,SELL
SNAP,2024-02-21T00:00:00.000000,0,41.9,SELL
SNAP,2024-02-22T00:00:00.000000,0,41.9,SELL
SNAP,2024-02-23T00:00:00.000000,0,43.59,SELL
SNAP,2024-02-26T00:00:00.000000,0,41.9,SELL
SNAP,2024-02-27T00:00:00.000000,0,41.67,SELL
SNAP,2024-02-28T00:00:00.000000,0,41.9,SELL
SNAP,2024-02-29T00:00:00.000000,0,46.44,SELL
SNAP,2024-03-01T00:00:00.000000,0,46.44,SELL
SNAP,2024-03-04T00:00:00.000000,0,46.44,SELL
SNAP,2024-03-05T00:00:00.000000,0,44.32,SELL
SNAP,2024-03-06T00:00:00.000000,0,44.32,SELL
SNAP,2024-03-07T00:00:00.000000,0,44.32,SELL
SNAP,2024-03-08T00:00:00.000000,0,44.32,SELL
SNAP,2024-03-11T00:00:00.000000,0,44.32,SELL
SNAP,2024-03-12T00:00:00.000000,0,44.32,SELL
SNAP,2024-03-13T00:00:00.000000,0,44.9,SELL
SNAP,2024-03-14T00:00:00.000000,0,46.44,SELL
SNAP,2024-03-15T00:00:00.000000,0,46.44,SELL
SNAP,2024-03-18T00:00:00.000000,1,50.0,BUY
SNAP,2024-03-19T00:00:00.000000,1,47.54,BUY
SNAP,2024-03-20T00:00:00.000000,0,46.44,SELL
SNAP,2024-03-21T00:00:00.000000,0,46.44,SELL
SNAP,2024-03-22T00:00:00.000000,0,46.44,SELL
SNAP,2024-03-25T00:00:00.000000,0,46.44,SELL
SNAP,2024-03-26T00:00:00.000000,0,46.44,SELL
SNAP,2024-03-27T00:00:00.000000,0,44.32,SELL
SNAP,2024-03-28T00:00:00.000000,0,44.32,SELL
SNAP,2024-04-01T00:00:00.000000,0,44.32,SELL
SNAP,2024-04-02T00:00:00.000000,0,44.32,SELL
SNAP,2024-04-03T00:00:00.000000,0,44.32,SELL
SNAP,2024-04-04T00:00:00.000000,0,44.32,SELL
SNAP,2024-04-05T00:00:00.000000,0,44.32,SELL
SNAP,2024-04-08T00:00:00.000000,0,44.32,SELL
SNAP,2024-04-09T00:00:00.000000,0,44.32,SELL
SNAP,2024-04-10T00:00:00.000000,0,44.32,SELL
SNAP,2024-04-11T00:00:00.000000,0,44.32,SELL
SNAP,2024-04-12T00:00:00.000000,0,44.32,SELL
SNAP,2024-04-15T00:00:00.000000,0,46.44,SELL
SNAP,2024-04-16T00:00:00.000000,0,46.44,SELL
SNAP,2024-04-17T00:00:00.000000,1,50.07,BUY
SNAP,2024-04-18T00:00:00.000000,1,51.22,BUY
SNAP,2024-04-19T00:00:00.000000,1,51.15,BUY
SNAP,2024-04-22T00:00:00.000000,1,51.22,BUY
SNAP,2024-04-23T00:00:00.000000,1,51.22,BUY
SNAP,2024-04-24T00:00:00.000000,1,51.22,BUY
SNAP,2024-04-25T00:00:00.000000,1,51.22,BUY
SNAP,2024-04-26T00:00:00.000000,1,51.22,BUY
SNAP,2024-04-29T00:00:00.000000,1,50.07,BUY
SNAP,2024-04-30T00:00:00.000000,0,46.44,SELL
SNAP,2024-05-01T00:00:00.000000,0,44.32,SELL
SNAP,2024-05-02T00:00:00.000000,0,44.32,SELL
SNAP,2024-05-03T00:00:00.000000,0,44.9,SELL
SNAP,2024-05-06T00:00:00.000000,0,46.44,SELL
SNAP,2024-05-07T00:00:00.000000,0,46.44,SELL
SNAP,2024-05-08T00:00:00.000000,0,47.54,SELL
SNAP,2024-05-09T00:00:00.000000,0,47.54,SELL
SNAP,2024-05-10T00:00:00.000000,0,46.44,SELL
SNAP,2024-05-13T00:00:00.000000,1,50.07,BUY
SNAP,2024-05-14T00:00:00.000000,1,51.22,BUY
SNAP,2024-05-15T00:00:00.000000,1,51.22,BUY
SNAP,2024-05-16T00:00:00.000000,1,50.07,BUY
SNAP,2024-05-17T00:00:00.000000,1,50.0,BUY
SNAP,2024-05-20T00:00:00.000000,0,46.44,SELL
SNAP,2024-05-21T00:00:00.000000,0,44.9,SELL
SNAP,2024-05-22T00:00:00.000000,0,44.32,SELL
SNAP,2024-05-23T00:00:00.000000,0,44.32,SELL
SNAP,2024-05-24T00:00:00.000000,0,44.32,SELL
SNAP,2024-05-28T00:00:00.000000,0,44.32,SELL
SNAP,2024-05-29T00:00:00.000000,0,43.6,SELL
SNAP,2024-05-30T00:00:00.000000,0,43.6,SELL
SNAP,2024-05-31T00:00:00.000000,0,44.32,SELL
SNAP,2024-06-03T00:00:00.000000,0,44.32,SELL
SNAP,2024-06-04T00:00:00.000000,0,44.32,SELL
SNAP,2024-06-05T00:00:00.000000,0,46.44,SELL
SNAP,2024-06-06T00:00:00.000000,0,46.44,SELL
SNAP,2024-06-07T00:00:00.000000,0,47.54,SELL
SNAP,2024-06-10T00:00:00.000000,0,44.32,SELL
SNAP,2024-06-11T00:00:00.000000,0,44.32,SELL
SNAP,2024-06-12T00:00:00.000000,0,44.32,SELL
SNAP,2024-06-13T00:00:00.000000,0,44.32,SELL
SNAP,2024-06-14T00:00:00.000000,0,44.32,SELL
SNAP,2024-06-17T00:00:00.000000,0,44.32,SELL
SNAP,2024-06-18T00:00:00.000000,0,44.32,SELL
SNAP,2024-06-20T00:00:00.000000,0,44.32,SELL
SNAP,2024-06-21T00:00:00.000000,0,44.32,SELL
SNAP,2024-06-24T00:00:00.000000,0,44.32,SELL
SNAP,2024-06-25T00:00:00.000000,0,44.32,SELL
SNAP,2024-06-26T00:00:00.000000,0,44.32,SELL
SNAP,2024-06-27T00:00:00.000000,0,44.32,SELL
SNAP,2024-06-28T00:00:00.000000,0,44.32,SELL
SNAP,2024-07-01T00:00:00.000000,0,44.32,SELL
SNAP,2024-07-02T00:00:00.000000,0,44.32,SELL
SNAP,2024-07-03T00:00:00.000000,0,44.32,SELL
SNAP,2024-07-05T00:00:00.000000,0,44.32,SELL
SNAP,2024-07-08T00:00:00.000000,0,44.32,SELL
SNAP,2024-07-09T00:00:00.000000,0,44.9,SELL
SNAP,2024-07-10T00:00:00.000000,0,46.44,SELL
SNAP,2024-07-11T00:00:00.000000,1,50.07,BUY
SNAP,2024-07-12T00:00:00.000000,1,50.07,BUY
SNAP,2024-07-15T00:00:00.000000,1,50.07,BUY
SNAP,2024-07-16T00:00:00.000000,1,50.07,BUY
SNAP,2024-07-17T00:00:00.000000,0,46.44,SELL
SNAP,2024-07-18T00:00:00.000000,0,44.32,SELL
SNAP,2024-07-19T00:00:00.000000,0,44.32,SELL
SNAP,2024-07-22T00:00:00.000000,0,44.32,SELL
SNAP,2024-07-23T00:00:00.000000,0,43.6,SELL
SNAP,2024-07-24T00:00:00.000000,0,43.6,SELL
SNAP,2024-07-25T00:00:00.000000,0,43.6,SELL
SNAP,2024-07-26T00:00:00.000000,0,41.9,SELL
SNAP,2024-07-29T00:00:00.000000,0,41.9,SELL
SNAP,2024-07-30T00:00:00.000000,0,41.9,SELL
SNAP,2024-07-31T00:00:00.000000,0,41.9,SELL
SNAP,2024-08-01T00:00:00.000000,0,41.67,SELL
SNAP,2024-08-02T00:00:00.000000,0,41.67,SELL
SNAP,2024-08-05T00:00:00.000000,0,41.86,SELL
SNAP,2024-08-06T00:00:00.000000,0,41.9,SELL
SNAP,2024-08-07T00:00:00.000000,0,41.9,SELL
SNAP,2024-08-08T00:00:00.000000,0,41.67,SELL
SNAP,2024-08-09T00:00:00.000000,0,41.67,SELL
SNAP,2024-08-12T00:00:00.000000,0,41.67,SELL
SNAP,2024-08-13T00:00:00.000000,0,41.67,SELL
SNAP,2024-08-14T00:00:00.000000,0,41.67,SELL
SNAP,2024-08-15T00:00:00.000000,0,41.67,SELL
SNAP,2024-08-16T00:00:00.000000,0,41.67,SELL
SNAP,2024-08-19T00:00:00.000000,0,41.67,SELL
SNAP,2024-08-20T00:00:00.000000,0,41.67,SELL
SNAP,2024-08-21T00:00:00.000000,0,41.85,SELL
SNAP,2024-08-22T00:00:00.000000,0,43.59,SELL
SNAP,2024-08-23T00:00:00.000000,1,50.0,BUY
SNAP,2024-08-26T00:00:00.000000,1,51.22,BUY
SNAP,2024-08-27T00:00:00.000000,1,50.07,BUY
SNAP,2024-08-28T00:00:00.000000,0,46.44,SELL
SNAP,2024-08-29T00:00:00.000000,0,44.32,SELL
SNAP,2024-08-30T00:00:00.000000,0,43.6,SELL
SNAP,2024-09-03T00:00:00.000000,0,43.6,SELL
SNAP,2024-09-04T00:00:00.000000,0,43.6,SELL
SNAP,2024-09-05T00:00:00.000000,0,44.32,SELL
SNAP,2024-09-06T00:00:00.000000,0,44.32,SELL
SNAP,2024-09-09T00:00:00.000000,0,44.32,SELL
SNAP,2024-09-10T00:00:00.000000,0,44.32,SELL
SNAP,2024-09-11T00:00:00.000000,0,44.32,SELL
SNAP,2024-09-12T00:00:00.000000,1,50.07,BUY
SNAP,2024-09-13T00:00:00.000000,1,51.22,BUY
SNAP,2024-09-16T00:00:00.000000,1,51.22,BUY
SNAP,2024-09-17T00:00:00.000000,1,51.22,BUY
SNAP,2024-09-18T00:00:00.000000,1,51.22,BUY
SNAP,2024-09-19T00:00:00.000000,1,51.22,BUY
SNAP,2024-09-20T00:00:00.000000,1,51.22,BUY
SNAP,2024-09-23T00:00:00.000000,1,50.07,BUY
SNAP,2024-09-24T00:00:00.000000,1,50.07,BUY
SNAP,2024-09-25T00:00:00.000000,1,50.07,BUY
SNAP,2024-09-26T00:00:00.000000,1,51.22,BUY
SNAP,2024-09-27T00:00:00.000000,1,51.22,BUY
SNAP,2024-09-30T00:00:00.000000,1,51.22,BUY
SNAP,2024-10-01T00:00:00.000000,1,51.22,BUY
SNAP,2024-10-02T00:00:00.000000,1,51.22,BUY
SNAP,2024-10-03T00:00:00.000000,1,51.22,BUY
SNAP,2024-10-04T00:00:00.000000,1,51.22,BUY
SNAP,2024-10-07T00:00:00.000000,1,51.22,BUY
SNAP,2024-10-08T00:00:00.000000,1,51.22,BUY
SNAP,2024-10-09T00:00:00.000000,1,51.22,BUY
SNAP,2024-10-10T00:00:00.000000,1,51.22,BUY
SNAP,2024-10-11T00:00:00.000000,1,50.07,BUY
SNAP,2024-10-14T00:00:00.000000,1,50.07,BUY
SNAP,2024-10-15T00:00:00.000000,0,46.44,SELL
SNAP,2024-10-16T00:00:00.000000,0,44.32,SELL
SNAP,2024-10-17T00:00:00.000000,0,44.32,SELL
SNAP,2024-10-18T00:00:00.000000,0,44.32,SELL
SNAP,2024-10-21T00:00:00.000000,0,43.6,SELL
SNAP,2024-10-22T00:00:00.000000,0,43.6,SELL
SNAP,2024-10-23T00:00:00.000000,0,43.6,SELL
SNAP,2024-10-24T00:00:00.000000,0,43.6,SELL
SNAP,2024-10-25T00:00:00.000000,0,43.6,SELL
SNAP,2024-10-28T00:00:00.000000,0,43.6,SELL
SNAP,2024-10-29T00:00:00.000000,0,44.32,SELL
SNAP,2024-10-30T00:00:00.000000,0,44.32,SELL
SNAP,2024-10-31T00:00:00.000000,0,44.32,SELL
SNAP,2024-11-01T00:00:00.000000,0,44.32,SELL
SNAP,2024-11-04T00:00:00.000000,0,44.32,SELL
SNAP,2024-11-05T00:00:00.000000,0,44.32,SELL
SNAP,2024-11-06T00:00:00.000000,0,44.32,SELL
SNAP,2024-11-07T00:00:00.000000,0,44.32,SELL
SNAP,2024-11-08T00:00:00.000000,0,44.32,SELL
SNAP,2024-11-11T00:00:00.000000,0,44.9,SELL
SNAP,2024-11-12T00:00:00.000000,1,51.15,BUY
SNAP,2024-11-13T00:00:00.000000,1,51.22,BUY
SNAP,2024-11-14T00:00:00.000000,1,51.22,BUY
SNAP,2024-11-15T00:00:00.000000,1,51.22,BUY
SNAP,2024-11-18T00:00:00.000000,1,51.22,BUY
SNAP,2024-11-19T00:00:00.000000,1,51.22,BUY
SNAP,2024-11-20T00:00:00.000000,1,51.22,BUY
SNAP,2024-11-21T00:00:00.000000,1,51.22,BUY
SNAP,2024-11-22T00:00:00.000000,1,50.07,BUY
SNAP,2024-11-25T00:00:00.000000,0,46.44,SELL
SNAP,2024-11-26T00:00:00.000000,0,44.32,SELL
SNAP,2024-11-27T00:00:00.000000,0,43.6,SELL
SNAP,2024-11-29T00:00:00.000000,0,43.59,SELL
SNAP,2024-12-02T00:00:00.000000,0,43.59,SELL
SNAP,2024-12-03T00:00:00.000000,0,43.6,SELL
SNAP,2024-12-04T00:00:00.000000,0,43.6,SELL
SNAP,2024-12-05T00:00:00.000000,0,43.6,SELL
SNAP,2024-12-06T00:00:00.000000,0,43.6,SELL
SNAP,2024-12-09T00:00:00.000000,0,43.59,SELL
SNAP,2024-12-10T00:00:00.000000,0,43.6,SELL
SNAP,2024-12-11T00:00:00.000000,0,44.32,SELL
SNAP,2024-12-12T00:00:00.000000,0,44.32,SELL
SNAP,2024-12-13T00:00:00.000000,0,46.44,SELL
SNAP,2024-12-16T00:00:00.000000,1,50.07,BUY
SNAP,2024-12-17T00:00:00.000000,1,50.07,BUY
SNAP,2024-12-18T00:00:00.000000,1,51.22,BUY
SNAP,2024-12-19T00:00:00.000000,1,51.22,BUY
SNAP,2024-12-20T00:00:00.000000,1,51.22,BUY
SPY,2023-02-21T00:00:00.000000,1,51.22,BUY
SPY,2023-02-22T00:00:00.000000,1,51.22,BUY
SPY,2023-02-23T00:00:00.000000,1,51.22,BUY
SPY,2023-02-24T00:00:00.000000,1,51.22,BUY
SPY,2023-02-27T00:00:00.000000,1,51.22,BUY
SPY,2023-02-28T00:00:00.000000,1,51.22,BUY
SPY,2023-03-01T00:00:00.000000,1,51.22,BUY
SPY,2023-03-02T00:00:00.000000,1,51.22,BUY
SPY,2023-03-03T00:00:00.000000,1,51.22,BUY
SPY,2023-03-06T00:00:00.000000,1,51.22,BUY
SPY,2023-03-07T00:00:00.000000,1,51.22,BUY
SPY,2023-03-08T00:00:00.000000,1,51.22,BUY
SPY,2023-03-09T00:00:00.000000,1,51.22,BUY
SPY,2023-03-10T00:00:00.000000,1,51.22,BUY
SPY,2023-03-13T00:00:00.000000,1,51.22,BUY
SPY,2023-03-14T00:00:00.000000,1,51.22,BUY
SPY,2023-03-15T00:00:00.000000,1,51.22,BUY
SPY,2023-03-16T00:00:00.000000,1,51.22,BUY
SPY,2023-03-17T00:00:00.000000,1,51.22,BUY
SPY,2023-03-20T00:00:00.000000,1,51.22,BUY
SPY,2023-03-21T00:00:00.000000,1,51.22,BUY
SPY,2023-03-22T00:00:00.000000,1,51.22,BUY
SPY,2023-03-23T00:00:00.000000,1,51.22,BUY
SPY,2023-03-24T00:00:00.000000,1,51.22,BUY
SPY,2023-03-27T00:00:00.000000,1,51.22,BUY
SPY,2023-03-28T00:00:00.000000,1,51.22,BUY
SPY,2023-03-29T00:00:00.000000,1,51.22,BUY
SPY,2023-03-30T00:00:00.000000,1,51.22,BUY
SPY,2023-03-31T00:00:00.000000,1,51.22,BUY
SPY,2023-04-03T00:00:00.000000,1,51.22,BUY
SPY,2023-04-04T00:00:00.000000,1,51.22,BUY
SPY,2023-04-05T00:00:00.000000,1,51.22,BUY
SPY,2023-04-06T00:00:00.000000,1,51.22,BUY
SPY,2023-04-10T00:00:00.000000,1,51.22,BUY
SPY,2023-04-11T00:00:00.000000,1,51.22,BUY
SPY,2023-04-12T00:00:00.000000,1,51.22,BUY
SPY,2023-04-13T00:00:00.000000,1,51.22,BUY
SPY,2023-04-14T00:00:00.000000,1,51.22,BUY
SPY,2023-04-17T00:00:00.000000,1,51.22,BUY
SPY,2023-04-18T00:00:00.000000,1,51.22,BUY
SPY,2023-04-19T00:00:00.000000,1,51.22,BUY
SPY,2023-04-20T00:00:00.000000,1,51.22,BUY
SPY,2023-04-21T00:00:00.000000,1,51.22,BUY
SPY,2023-04-24T00:00:00.000000,1,51.22,BUY
SPY,2023-04-25T00:00:00.000000,1,51.22,BUY
SPY,2023-04-26T00:00:00.000000,1,51.22,BUY
SPY,2023-04-27T00:00:00.000000,1,51.22,BUY
SPY,2023-04-28T00:00:00.000000,1,51.22,BUY
SPY,2023-05-01T00:00:00.000000,1,51.22,BUY
SPY,2023-05-02T00:00:00.000000,1,51.22,BUY
SPY,2023-05-03T00:00:00.000000,1,51.22,BUY
SPY,2023-05-04T00:00:00.000000,1,51.22,BUY
SPY,2023-05-05T00:00:00.000000,1,51.22,BUY
SPY,2023-05-08T00:00:00.000000,1,51.22,BUY
SPY,2023-05-09T00:00:00.000000,1,51.22,BUY
SPY,2023-05-10T00:00:00.000000,1,51.22,BUY
SPY,2023-05-11T00:00:00.000000,1,51.22,BUY
SPY,2023-05-12T00:00:00.000000,1,51.22,BUY
SPY,2023-05-15T00:00:00.000000,1,51.22,BUY
SPY,2023-05-16T00:00:00.000000,1,51.22,BUY
SPY,2023-05-17T00:00:00.000000,1,51.22,BUY
SPY,2023-05-18T00:00:00.000000,1,51.22,BUY
SPY,2023-05-19T00:00:00.000000,1,51.22,BUY
SPY,2023-05-22T00:00:00.000000,1,51.22,BUY
SPY,2023-05-23T00:00:00.000000,1,51.22,BUY
SPY,2023-05-24T00:00:00.000000,1,51.22,BUY
SPY,2023-05-25T00:00:00.000000,1,51.22,BUY
SPY,2023-05-26T00:00:00.000000,1,51.22,BUY
SPY,2023-05-30T00:00:00.000000,1,51.22,BUY
SPY,2023-05-31T00:00:00.000000,1,51.22,BUY
SPY,2023-06-01T00:00:00.000000,1,51.22,BUY
SPY,2023-06-02T00:00:00.000000,1,51.22,BUY
SPY,2023-06-05T00:00:00.000000,1,51.22,BUY
SPY,2023-06-06T00:00:00.000000,1,51.22,BUY
SPY,2023-06-07T00:00:00.000000,1,51.22,BUY
SPY,2023-06-08T00:00:00.000000,1,51.22,BUY
SPY,2023-06-09T00:00:00.000000,1,51.22,BUY
SPY,2023-06-12T00:00:00.000000,1,51.22,BUY
SPY,2023-06-13T00:00:00.000000,1,51.22,BUY
SPY,2023-06-14T00:00:00.000000,1,51.22,BUY
SPY,2023-06-15T00:00:00.000000,1,51.22,BUY
SPY,2023-06-16T00:00:00.000000,1,51.22,BUY
SPY,2023-06-20T00:00:00.000000,1,51.22,BUY
SPY,2023-06-21T00:00:00.000000,1,51.22,BUY
SPY,2023-06-22T00:00:00.000000,1,51.22,BUY
SPY,2023-06-23T00:00:00.000000,1,51.22,BUY
SPY,2023-06-26T00:00:00.000000,1,51.22,BUY
SPY,2023-06-27T00:00:00.000000,1,51.22,BUY
SPY,2023-06-28T00:00:00.000000,1,51.22,BUY
SPY,2023-06-29T00:00:00.000000,1,51.22,BUY
SPY,2023-06-30T00:00:00.000000,1,51.22,BUY
SPY,2023-07-03T00:00:00.000000,1,51.22,BUY
SPY,2023-07-05T00:00:00.000000,1,51.22,BUY
SPY,2023-07-06T00:00:00.000000,1,51.22,BUY
SPY,2023-07-07T00:00:00.000000,1,51.22,BUY
SPY,2023-07-10T00:00:00.000000,1,51.22,BUY
SPY,2023-07-11T00:00:00.000000,1,51.22,BUY
SPY,2023-07-12T00:00:00.000000,1,51.22,BUY
SPY,2023-07-13T00:00:00.000000,1,51.22,BUY
SPY,2023-07-14T00:00:00.000000,1,51.22,BUY
SPY,2023-07-17T00:00:00.000000,1,51.22,BUY
SPY,2023-07-18T00:00:00.000000,1,51.22,BUY
SPY,2023-07-19T00:00:00.000000,1,51.22,BUY
SPY,2023-07-20T00:00:00.000000,1,51.22,BUY
SPY,2023-07-21T00:00:00.000000,1,51.22,BUY
SPY,2023-07-24T00:00:00.000000,1,51.22,BUY
SPY,2023-07-25T00:00:00.000000,1,51.22,BUY
SPY,2023-07-26T00:00:00.000000,1,51.22,BUY
SPY,2023-07-27T00:00:00.000000,1,51.22,BUY
SPY,2023-07-28T00:00:00.000000,1,51.22,BUY
SPY,2023-07-31T00:00:00.000000,1,51.22,BUY
SPY,2023-08-01T00:00:00.000000,1,51.22,BUY
SPY,2023-08-02T00:00:00.000000,1,51.22,BUY
SPY,2023-08-03T00:00:00.000000,1,51.22,BUY
SPY,2023-08-04T00:00:00.000000,1,51.22,BUY
SPY,2023-08-07T00:00:00.000000,1,51.22,BUY
SPY,2023-08-08T00:00:00.000000,1,51.22,BUY
SPY,2023-08-09T00:00:00.000000,1,51.22,BUY
SPY,2023-08-10T00:00:00.000000,1,51.22,BUY
SPY,2023-08-11T00:00:00.000000,1,51.22,BUY
SPY,2023-08-14T00:00:00.000000,1,51.22,BUY
SPY,2023-08-15T00:00:00.000000,1,51.22,BUY
SPY,2023-08-16T00:00:00.000000,1,51.22,BUY
SPY,2023-08-17T00:00:00.000000,1,51.22,BUY
SPY,2023-08-18T00:00:00.000000,1,51.22,BUY
SPY,2023-08-21T00:00:00.000000,1,51.22,BUY
SPY,2023-08-22T00:00:00.000000,1,51.22,BUY
SPY,2023-08-23T00:00:00.000000,1,51.22,BUY
SPY,2023-08-24T00:00:00.000000,1,51.22,BUY
SPY,2023-08-25T00:00:00.000000,1,51.22,BUY
SPY,2023-08-28T00:00:00.000000,1,51.22,BUY
SPY,2023-08-29T00:00:00.000000,1,51.22,BUY
SPY,2023-08-30T00:00:00.000000,1,51.22,BUY
SPY,2023-08-31T00:00:00.000000,1,51.22,BUY
SPY,2023-09-01T00:00:00.000000,1,51.22,BUY
SPY,2023-09-05T00:00:00.000000,1,51.22,BUY
SPY,2023-09-06T00:00:00.000000,1,51.22,BUY
SPY,2023-09-07T00:00:00.000000,1,51.15,BUY
SPY,2023-09-08T00:00:00.000000,1,51.22,BUY
SPY,2023-09-11T00:00:00.000000,1,50.07,BUY
SPY,2023-09-12T00:00:00.000000,1,50.07,BUY
SPY,2023-09-13T00:00:00.000000,1,51.22,BUY
SPY,2023-09-14T00:00:00.000000,1,51.22,BUY
SPY,2023-09-15T00:00:00.000000,1,51.22,BUY
SPY,2023-09-18T00:00:00.000000,1,51.22,BUY
SPY,2023-09-19T00:00:00.000000,1,51.22,BUY
SPY,2023-09-20T00:00:00.000000,1,51.22,BUY
SPY,2023-09-21T00:00:00.000000,1,51.22,BUY
SPY,2023-09-22T00:00:00.000000,1,51.22,BUY
SPY,2023-09-25T00:00:00.000000,1,51.22,BUY
SPY,2023-09-26T00:00:00.000000,1,51.22,BUY
SPY,2023-09-27T00:00:00.000000,1,51.22,BUY
SPY,2023-09-28T00:00:00.000000,1,51.22,BUY
SPY,2023-09-29T00:00:00.000000,1,51.22,BUY
SPY,2023-10-02T00:00:00.000000,1,51.22,BUY
SPY,2023-10-03T00:00:00.000000,1,51.22,BUY
SPY,2023-10-04T00:00:00.000000,1,51.22,BUY
SPY,2023-10-05T00:00:00.000000,1,51.22,BUY
SPY,2023-10-06T00:00:00.000000,1,51.22,BUY
SPY,2023-10-09T00:00:00.000000,1,51.22,BUY
SPY,2023-10-10T00:00:00.000000,1,51.22,BUY
SPY,2023-10-11T00:00:00.000000,1,51.22,BUY
SPY,2023-10-12T00:00:00.000000,1,51.22,BUY
SPY,2023-10-13T00:00:00.000000,1,51.22,BUY
SPY,2023-10-16T00:00:00.000000,1,51.22,BUY
SPY,2023-10-17T00:00:00.000000,1,51.22,BUY
SPY,2023-10-18T00:00:00.000000,1,51.22,BUY
SPY,2023-10-19T00:00:00.000000,1,51.22,BUY
SPY,2023-10-20T00:00:00.000000,1,51.22,BUY
SPY,2023-10-23T00:00:00.000000,1,51.22,BUY
SPY,2023-10-24T00:00:00.000000,1,51.22,BUY
SPY,2023-10-25T00:00:00.000000,1,51.22,BUY
SPY,2023-10-26T00:00:00.000000,1,51.22,BUY
SPY,2023-10-27T00:00:00.000000,1,51.22,BUY
SPY,2023-10-30T00:00:00.000000,1,51.22,BUY
SPY,2023-10-31T00:00:00.000000,1,51.22,BUY
SPY,2023-11-01T00:00:00.000000,1,51.22,BUY
SPY,2023-11-02T00:00:00.000000,1,51.22,BUY
SPY,2023-11-03T00:00:00.000000,1,51.22,BUY
SPY,2023-11-06T00:00:00.000000,1,51.22,BUY
SPY,2023-11-07T00:00:00.000000,1,51.22,BUY
SPY,2023-11-08T00:00:00.000000,1,51.22,BUY
SPY,2023-11-09T00:00:00.000000,1,51.22,BUY
SPY,2023-11-10T00:00:00.000000,1,51.22,BUY
SPY,2023-11-13T00:00:00.000000,1,51.15,BUY
SPY,2023-11-14T00:00:00.000000,1,50.07,BUY
SPY,2023-11-15T00:00:00.000000,1,50.07,BUY
SPY,2023-11-16T00:00:00.000000,1,50.07,BUY
SPY,2023-11-17T00:00:00.000000,1,50.07,BUY
SPY,2023-11-20T00:00:00.000000,1,51.22,BUY
SPY,2023-11-21T00:00:00.000000,1,51.22,BUY
SPY,2023-11-22T00:00:00.000000,1,51.22,BUY
SPY,2023-11-24T00:00:00.000000,1,51.22,BUY
SPY,2023-11-27T00:00:00.000000,1,51.22,BUY
SPY,2023-11-28T00:00:00.000000,1,51.22,BUY
SPY,2023-11-29T00:00:00.000000,1,51.22,BUY
SPY,2023-11-30T00:00:00.000000,1,51.22,BUY
SPY,2023-12-01T00:00:00.000000,1,51.22,BUY
SPY,2023-12-04T00:00:00.000000,1,51.22,BUY
SPY,2023-12-05T00:00:00.000000,1,51.22,BUY
SPY,2023-12-06T00:00:00.000000,1,51.22,BUY
SPY,2023-12-07T00:00:00.000000,1,51.22,BUY
SPY,2023-12-08T00:00:00.000000,1,51.22,BUY
SPY,2023-12-11T00:00:00.000000,1,51.22,BUY
SPY,2023-12-12T00:00:00.000000,1,51.22,BUY
SPY,2023-12-13T00:00:00.000000,1,51.22,BUY
SPY,2023-12-14T00:00:00.000000,1,51.22,BUY
SPY,2023-12-15T00:00:00.000000,1,51.22,BUY
SPY,2023-12-18T00:00:00.000000,1,51.22,BUY
SPY,2023-12-19T00:00:00.000000,1,51.22,BUY
SPY,2023-12-20T00:00:00.000000,1,51.22,BUY
SPY,2023-12-21T00:00:00.000000,1,51.22,BUY
SPY,2023-12-22T00:00:00.000000,1,51.22,BUY
SPY,2023-12-26T00:00:00.000000,1,51.22,BUY
SPY,2023-12-27T00:00:00.000000,1,51.22,BUY
SPY,2023-12-28T00:00:00.000000,1,51.22,BUY
SPY,2023-12-29T00:00:00.000000,1,51.22,BUY
SPY,2024-01-02T00:00:00.000000,1,51.22,BUY
SPY,2024-01-03T00:00:00.000000,1,51.22,BUY
SPY,2024-01-04T00:00:00.000000,1,51.22,BUY
SPY,2024-01-05T00:00:00.000000,1,51.22,BUY
SPY,2024-01-08T00:00:00.000000,1,51.22,BUY
SPY,2024-01-09T00:00:00.000000,1,51.22,BUY
SPY,2024-01-10T00:00:00.000000,1,51.22,BUY
SPY,2024-01-11T00:00:00.000000,1,51.22,BUY
SPY,2024-01-12T00:00:00.000000,1,51.22,BUY
SPY,2024-01-16T00:00:00.000000,1,51.22,BUY
SPY,2024-01-17T00:00:00.000000,1,51.22,BUY
SPY,2024-01-18T00:00:00.000000,1,51.22,BUY
SPY,2024-01-19T00:00:00.000000,1,51.22,BUY
SPY,2024-01-22T00:00:00.000000,1,51.22,BUY
SPY,2024-01-23T00:00:00.000000,1,51.22,BUY
SPY,2024-01-24T00:00:00.000000,1,51.22,BUY
SPY,2024-01-25T00:00:00.000000,1,51.22,BUY
SPY,2024-01-26T00:00:00.000000,1,51.22,BUY
SPY,2024-01-29T00:00:00.000000,1,51.22,BUY
SPY,2024-01-30T00:00:00.000000,1,51.22,BUY
SPY,2024-01-31T00:00:00.000000,1,51.22,BUY
SPY,2024-02-01T00:00:00.000000,1,51.22,BUY
SPY,2024-02-02T00:00:00.000000,1,51.22,BUY
SPY,2024-02-05T00:00:00.000000,1,51.22,BUY
SPY,2024-02-06T00:00:00.000000,1,51.22,BUY
SPY,2024-02-07T00:00:00.000000,1,51.22,BUY
SPY,2024-02-08T00:00:00.000000,1,51.22,BUY
SPY,2024-02-09T00:00:00.000000,1,51.22,BUY
SPY,2024-02-12T00:00:00.000000,1,51.22,BUY
SPY,2024-02-13T00:00:00.000000,1,51.22,BUY
SPY,2024-02-14T00:00:00.000000,1,51.22,BUY
SPY,2024-02-15T00:00:00.000000,1,51.22,BUY
SPY,2024-02-16T00:00:00.000000,1,51.22,BUY
SPY,2024-02-20T00:00:00.000000,1,51.22,BUY
SPY,2024-02-21T00:00:00.000000,1,51.22,BUY
SPY,2024-02-22T00:00:00.000000,1,51.22,BUY
SPY,2024-02-23T00:00:00.000000,1,51.22,BUY
SPY,2024-02-26T00:00:00.000000,1,51.22,BUY
SPY,2024-02-27T00:00:00.000000,1,51.22,BUY
SPY,2024-02-28T00:00:00.000000,1,51.22,BUY
SPY,2024-02-29T00:00:00.000000,1,51.22,BUY
SPY,2024-03-01T00:00:00.000000,1,51.22,BUY
SPY,2024-03-04T00:00:00.000000,1,51.22,BUY
SPY,2024-03-05T00:00:00.000000,1,51.22,BUY
SPY,2024-03-06T00:00:00.000000,1,51.22,BUY
SPY,2024-03-07T00:00:00.000000,1,51.22,BUY
SPY,2024-03-08T00:00:00.000000,1,51.22,BUY
SPY,2024-03-11T00:00:00.000000,1,51.22,BUY
SPY,2024-03-12T00:00:00.000000,1,51.22,BUY
SPY,2024-03-13T00:00:00.000000,1,51.22,BUY
SPY,2024-03-14T00:00:00.000000,1,51.22,BUY
SPY,2024-03-15T00:00:00.000000,1,51.22,BUY
SPY,2024-03-18T00:00:00.000000,1,51.22,BUY
SPY,2024-03-19T00:00:00.000000,1,51.22,BUY
SPY,2024-03-20T00:00:00.000000,1,51.22,BUY
SPY,2024-03-21T00:00:00.000000,1,51.22,BUY
SPY,2024-03-22T00:00:00.000000,1,51.22,BUY
SPY,2024-03-25T00:00:00.000000,1,51.22,BUY
SPY,2024-03-26T00:00:00.000000,1,51.22,BUY
SPY,2024-03-27T00:00:00.000000,1,51.22,BUY
SPY,2024-03-28T00:00:00.000000,1,51.22,BUY
SPY,2024-04-01T00:00:00.000000,1,51.22,BUY
SPY,2024-04-02T00:00:00.000000,1,50.07,BUY
SPY,2024-04-03T00:00:00.000000,1,50.07,BUY
SPY,2024-04-04T00:00:00.000000,1,50.07,BUY
SPY,2024-04-05T00:00:00.000000,1,51.22,BUY
SPY,2024-04-08T00:00:00.000000,1,51.22,BUY
SPY,2024-04-09T00:00:00.000000,1,51.22,BUY
SPY,2024-04-10T00:00:00.000000,1,51.22,BUY
SPY,2024-04-11T00:00:00.000000,1,51.22,BUY
SPY,2024-04-12T00:00:00.000000,1,51.22,BUY
SPY,2024-04-15T00:00:00.000000,1,51.22,BUY
SPY,2024-04-16T00:00:00.000000,1,51.22,BUY
SPY,2024-04-17T00:00:00.000000,1,51.22,BUY
SPY,2024-04-18T00:00:00.000000,1,51.22,BUY
SPY,2024-04-19T00:00:00.000000,1,51.22,BUY
SPY,2024-04-22T00:00:00.000000,1,51.22,BUY
SPY,2024-04-23T00:00:00.000000,1,51.22,BUY
SPY,2024-04-24T00:00:00.000000,1,51.22,BUY
SPY,2024-04-25T00:00:00.000000,1,51.22,BUY
SPY,2024-04-26T00:00:00.000000,1,51.22,BUY
SPY,2024-04-29T00:00:00.000000,1,51.22,BUY
SPY,2024-04-30T00:00:00.000000,1,51.22,BUY
SPY,2024-05-01T00:00:00.000000,1,51.22,BUY
SPY,2024-05-02T00:00:00.000000,1,51.22,BUY
SPY,2024-05-03T00:00:00.000000,1,51.22,BUY
SPY,2024-05-06T00:00:00.000000,1,51.22,BUY
SPY,2024-05-07T00:00:00.000000,1,51.22,BUY
SPY,2024-05-08T00:00:00.000000,1,51.22,BUY
SPY,2024-05-09T00:00:00.000000,1,51.22,BUY
SPY,2024-05-10T00:00:00.000000,1,51.22,BUY
SPY,2024-05-13T00:00:00.000000,1,51.22,BUY
SPY,2024-05-14T00:00:00.000000,1,51.22,BUY
SPY,2024-05-15T00:00:00.000000,1,51.22,BUY
SPY,2024-05-16T00:00:00.000000,1,50.07,BUY
SPY,2024-05-17T00:00:00.000000,1,50.07,BUY
SPY,2024-05-20T00:00:00.000000,1,50.07,BUY
SPY,2024-05-21T00:00:00.000000,1,50.07,BUY
SPY,2024-05-22T00:00:00.000000,1,51.22,BUY
SPY,2024-05-23T00:00:00.000000,1,51.22,BUY
SPY,2024-05-24T00:00:00.000000,1,51.22,BUY
SPY,2024-05-28T00:00:00.000000,1,51.22,BUY
SPY,2024-05-29T00:00:00.000000,1,51.22,BUY
SPY,2024-05-30T00:00:00.000000,1,51.22,BUY
SPY,2024-05-31T00:00:00.000000,1,51.22,BUY
SPY,2024-06-03T00:00:00.000000,1,51.22,BUY
SPY,2024-06-04T00:00:00.000000,1,51.22,BUY
SPY,2024-06-05T00:00:00.000000,1,51.22,BUY
SPY,2024-06-06T00:00:00.000000,1,51.22,BUY
SPY,2024-06-07T00:00:00.000000,1,51.22,BUY
SPY,2024-06-10T00:00:00.000000,1,51.22,BUY
SPY,2024-06-11T00:00:00.000000,1,51.22,BUY
SPY,2024-06-12T00:00:00.000000,1,51.22,BUY
SPY,2024-06-13T00:00:00.000000,1,51.22,BUY
SPY,2024-06-14T00:00:00.000000,1,51.22,BUY
SPY,2024-06-17T00:00:00.000000,1,51.22,BUY
SPY,2024-06-18T00:00:00.000000,1,51.22,BUY
SPY,2024-06-20T00:00:00.000000,1,51.22,BUY
SPY,2024-06-21T00:00:00.000000,1,51.22,BUY
SPY,2024-06-24T00:00:00.000000,1,51.22,BUY
SPY,2024-06-25T00:00:00.000000,1,51.22,BUY
SPY,2024-06-26T00:00:00.000000,1,51.22,BUY
SPY,2024-06-27T00:00:00.000000,1,51.22,BUY
SPY,2024-06-28T00:00:00.000000,1,51.22,BUY
SPY,2024-07-01T00:00:00.000000,1,51.22,BUY
SPY,2024-07-02T00:00:00.000000,1,51.22,BUY
SPY,2024-07-03T00:00:00.000000,1,51.22,BUY
SPY,2024-07-05T00:00:00.000000,1,51.22,BUY
SPY,2024-07-08T00:00:00.000000,1,51.22,BUY
SPY,2024-07-09T00:00:00.000000,1,51.22,BUY
SPY,2024-07-10T00:00:00.000000,1,51.22,BUY
SPY,2024-07-11T00:00:00.000000,1,51.22,BUY
SPY,2024-07-12T00:00:00.000000,1,51.22,BUY
SPY,2024-07-15T00:00:00.000000,1,51.22,BUY
SPY,2024-07-16T00:00:00.000000,1,51.22,BUY
SPY,2024-07-17T00:00:00.000000,1,51.22,BUY
SPY,2024-07-18T00:00:00.000000,1,51.22,BUY
SPY,2024-07-19T00:00:00.000000,1,51.22,BUY
SPY,2024-07-22T00:00:00.000000,1,51.22,BUY
SPY,2024-07-23T00:00:00.000000,1,51.22,BUY
SPY,2024-07-24T00:00:00.000000,1,51.22,BUY
SPY,2024-07-25T00:00:00.000000,1,51.22,BUY
SPY,2024-07-26T00:00:00.000000,1,51.22,BUY
SPY,2024-07-29T00:00:00.000000,1,51.22,BUY
SPY,2024-07-30T00:00:00.000000,1,51.22,BUY
SPY,2024-07-31T00:00:00.000000,1,51.22,BUY
SPY,2024-08-01T00:00:00.000000,1,51.22,BUY
SPY,2024-08-02T00:00:00.000000,1,51.22,BUY
SPY,2024-08-05T00:00:00.000000,1,51.22,BUY
SPY,2024-08-06T00:00:00.000000,1,51.22,BUY
SPY,2024-08-07T00:00:00.000000,1,51.22,BUY
SPY,2024-08-08T00:00:00.000000,1,51.22,BUY
SPY,2024-08-09T00:00:00.000000,1,51.22,BUY
SPY,2024-08-12T00:00:00.000000,1,51.22,BUY
SPY,2024-08-13T00:00:00.000000,1,51.22,BUY
SPY,2024-08-14T00:00:00.000000,1,51.22,BUY
SPY,2024-08-15T00:00:00.000000,1,51.22,BUY
SPY,2024-08-16T00:00:00.000000,1,51.22,BUY
SPY,2024-08-19T00:00:00.000000,1,51.22,BUY
SPY,2024-08-20T00:00:00.000000,1,51.22,BUY
SPY,2024-08-21T00:00:00.000000,1,51.22,BUY
SPY,2024-08-22T00:00:00.000000,1,51.22,BUY
SPY,2024-08-23T00:00:00.000000,1,50.07,BUY
SPY,2024-08-26T00:00:00.000000,1,50.07,BUY
SPY,2024-08-27T00:00:00.000000,1,50.07,BUY
SPY,2024-08-28T00:00:00.000000,1,50.07,BUY
SPY,2024-08-29T00:00:00.000000,1,50.07,BUY
SPY,2024-08-30T00:00:00.000000,1,51.22,BUY
SPY,2024-09-03T00:00:00.000000,1,51.22,BUY
SPY,2024-09-04T00:00:00.000000,1,51.22,BUY
SPY,2024-09-05T00:00:00.000000,1,51.22,BUY
SPY,2024-09-06T00:00:00.000000,1,51.22,BUY
SPY,2024-09-09T00:00:00.000000,1,50.07,BUY
SPY,2024-09-10T00:00:00.000000,1,51.22,BUY
SPY,2024-09-11T00:00:00.000000,1,51.22,BUY
SPY,2024-09-12T00:00:00.000000,1,51.22,BUY
SPY,2024-09-13T00:00:00.000000,1,51.22,BUY
SPY,2024-09-16T00:00:00.000000,1,51.22,BUY
SPY,2024-09-17T00:00:00.000000,1,51.22,BUY
SPY,2024-09-18T00:00:00.000000,1,51.22,BUY
SPY,2024-09-19T00:00:00.000000,1,51.22,BUY
SPY,2024-09-20T00:00:00.000000,1,51.22,BUY
SPY,2024-09-23T00:00:00.000000,1,51.22,BUY
SPY,2024-09-24T00:00:00.000000,1,51.22,BUY
SPY,2024-09-25T00:00:00.000000,1,51.22,BUY
SPY,2024-09-26T00:00:00.000000,1,51.22,BUY
SPY,2024-09-27T00:00:00.000000,1,51.22,BUY
SPY,2024-09-30T00:00:00.000000,1,51.22,BUY
SPY,2024-10-01T00:00:00.000000,1,51.22,BUY
SPY,2024-10-02T00:00:00.000000,1,51.22,BUY
SPY,2024-10-03T00:00:00.000000,1,51.22,BUY
SPY,2024-10-04T00:00:00.000000,1,51.22,BUY
SPY,2024-10-07T00:00:00.000000,1,51.22,BUY
SPY,2024-10-08T00:00:00.000000,1,51.22,BUY
SPY,2024-10-09T00:00:00.000000,1,51.22,BUY
SPY,2024-10-10T00:00:00.000000,1,51.22,BUY
SPY,2024-10-11T00:00:00.000000,1,51.22,BUY
SPY,2024-10-14T00:00:00.000000,1,51.22,BUY
SPY,2024-10-15T00:00:00.000000,1,51.22,BUY
SPY,2024-10-16T00:00:00.000000,1,51.22,BUY
SPY,2024-10-17T00:00:00.000000,1,51.22,BUY
SPY,2024-10-18T00:00:00.000000,1,51.22,BUY
SPY,2024-10-21T00:00:00.000000,1,51.22,BUY
SPY,2024-10-22T00:00:00.000000,1,51.22,BUY
SPY,2024-10-23T00:00:00.000000,1,51.22,BUY
SPY,2024-10-24T00:00:00.000000,1,51.22,BUY
SPY,2024-10-25T00:00:00.000000,1,51.22,BUY
SPY,2024-10-28T00:00:00.000000,1,51.22,BUY
SPY,2024-10-29T00:00:00.000000,1,51.22,BUY
SPY,2024-10-30T00:00:00.000000,1,51.22,BUY
SPY,2024-10-31T00:00:00.000000,1,51.22,BUY
SPY,2024-11-01T00:00:00.000000,1,51.22,BUY
SPY,2024-11-04T00:00:00.000000,1,51.22,BUY
SPY,2024-11-05T00:00:00.000000,1,51.22,BUY
SPY,2024-11-06T00:00:00.000000,1,51.22,BUY
SPY,2024-11-07T00:00:00.000000,1,51.22,BUY
SPY,2024-11-08T00:00:00.000000,1,51.22,BUY
SPY,2024-11-11T00:00:00.000000,1,51.22,BUY
SPY,2024-11-12T00:00:00.000000,1,51.22,BUY
SPY,2024-11-13T00:00:00.000000,1,51.22,BUY
SPY,2024-11-14T00:00:00.000000,1,51.22,BUY
SPY,2024-11-15T00:00:00.000000,1,51.22,BUY
SPY,2024-11-18T00:00:00.000000,1,51.22,BUY
SPY,2024-11-19T00:00:00.000000,1,51.22,BUY
SPY,2024-11-20T00:00:00.000000,1,51.22,BUY
SPY,2024-11-21T00:00:00.000000,1,51.22,BUY
SPY,2024-11-22T00:00:00.000000,1,51.22,BUY
SPY,2024-11-25T00:00:00.000000,1,51.22,BUY
SPY,2024-11-26T00:00:00.000000,1,51.22,BUY
SPY,2024-11-27T00:00:00.000000,1,51.22,BUY
SPY,2024-11-29T00:00:00.000000,1,51.22,BUY
SPY,2024-12-02T00:00:00.000000,1,51.22,BUY
SPY,2024-12-03T00:00:00.000000,1,51.22,BUY
SPY,2024-12-04T00:00:00.000000,1,51.22,BUY
SPY,2024-12-05T00:00:00.000000,1,51.22,BUY
SPY,2024-12-06T00:00:00.000000,1,51.22,BUY
SPY,2024-12-09T00:00:00.000000,1,51.22,BUY
SPY,2024-12-10T00:00:00.000000,1,51.22,BUY
SPY,2024-12-11T00:00:00.000000,1,51.22,BUY
SPY,2024-12-12T00:00:00.000000,1,51.22,BUY
SPY,2024-12-13T00:00:00.000000,1,51.22,BUY
SPY,2024-12-16T00:00:00.000000,1,51.22,BUY
SPY,2024-12-17T00:00:00.000000,1,51.22,BUY
SPY,2024-12-18T00:00:00.000000,1,51.22,BUY
SPY,2024-12-19T00:00:00.000000,1,51.22,BUY
SPY,2024-12-20T00:00:00.000000,1,51.22,BUY
TGT,2023-02-21T00:00:00.000000,1,51.22,BUY
TGT,2023-02-22T00:00:00.000000,1,51.22,BUY
TGT,2023-02-23T00:00:00.000000,1,51.22,BUY
TGT,2023-02-24T00:00:00.000000,1,50.07,BUY
TGT,2023-02-27T00:00:00.000000,1,50.07,BUY
TGT,2023-02-28T00:00:00.000000,1,50.07,BUY
TGT,2023-03-01T00:00:00.000000,1,51.22,BUY
TGT,2023-03-02T00:00:00.000000,1,51.22,BUY
TGT,2023-03-03T00:00:00.000000,1,51.22,BUY
TGT,2023-03-06T00:00:00.000000,1,51.22,BUY
TGT,2023-03-07T00:00:00.000000,1,51.22,BUY
TGT,2023-03-08T00:00:00.000000,1,51.22,BUY
TGT,2023-03-09T00:00:00.000000,1,51.22,BUY
TGT,2023-03-10T00:00:00.000000,1,51.22,BUY
TGT,2023-03-13T00:00:00.000000,1,51.22,BUY
TGT,2023-03-14T00:00:00.000000,1,51.22,BUY
TGT,2023-03-15T00:00:00.000000,1,51.22,BUY
TGT,2023-03-16T00:00:00.000000,1,51.22,BUY
TGT,2023-03-17T00:00:00.000000,1,51.22,BUY
TGT,2023-03-20T00:00:00.000000,1,51.22,BUY
TGT,2023-03-21T00:00:00.000000,1,51.22,BUY
TGT,2023-03-22T00:00:00.000000,1,51.22,BUY
TGT,2023-03-23T00:00:00.000000,1,51.22,BUY
TGT,2023-03-24T00:00:00.000000,1,50.07,BUY
TGT,2023-03-27T00:00:00.000000,0,46.44,SELL
TGT,2023-03-28T00:00:00.000000,0,44.32,SELL
TGT,2023-03-29T00:00:00.000000,0,44.32,SELL
TGT,2023-03-30T00:00:00.000000,0,44.32,SELL
TGT,2023-03-31T00:00:00.000000,0,44.32,SELL
TGT,2023-04-03T00:00:00.000000,0,44.32,SELL
TGT,2023-04-04T00:00:00.000000,0,44.32,SELL
TGT,2023-04-05T00:00:00.000000,0,44.32,SELL
TGT,2023-04-06T00:00:00.000000,0,43.6,SELL
TGT,2023-04-10T00:00:00.000000,0,43.6,SELL
TGT,2023-04-11T00:00:00.000000,0,43.6,SELL
TGT,2023-04-12T00:00:00.000000,0,43.6,SELL
TGT,2023-04-13T00:00:00.000000,0,43.6,SELL
TGT,2023-04-14T00:00:00.000000,0,43.6,SELL
TGT,2023-04-17T00:00:00.000000,0,43.6,SELL
TGT,2023-04-18T00:00:00.000000,0,43.6,SELL
TGT,2023-04-19T00:00:00.000000,0,44.32,SELL
TGT,2023-04-20T00:00:00.000000,0,44.32,SELL
TGT,2023-04-21T00:00:00.000000,0,44.32,SELL
TGT,2023-04-24T00:00:00.000000,0,44.32,SELL
TGT,2023-04-25T00:00:00.000000,0,44.9,SELL
TGT,2023-04-26T00:00:00.000000,0,46.44,SELL
TGT,2023-04-27T00:00:00.000000,0,46.44,SELL
TGT,2023-04-28T00:00:00.000000,0,46.44,SELL
TGT,2023-05-01T00:00:00.000000,0,46.44,SELL
TGT,2023-05-02T00:00:00.000000,1,50.0,BUY
TGT,2023-05-03T00:00:00.000000,1,50.07,BUY
TGT,2023-05-04T00:00:00.000000,1,51.22,BUY
TGT,2023-05-05T00:00:00.000000,1,51.22,BUY
TGT,2023-05-08T00:00:00.000000,1,51.22,BUY
TGT,2023-05-09T00:00:00.000000,1,51.22,BUY
TGT,2023-05-10T00:00:00.000000,1,51.22,BUY
TGT,2023-05-11T00:00:00.000000,1,50.07,BUY
TGT,2023-05-12T00:00:00.000000,1,50.07,BUY
TGT,2023-05-15T00:00:00.000000,1,51.22,BUY
TGT,2023-05-16T00:00:00.000000,1,51.22,BUY
TGT,2023-05-17T00:00:00.000000,1,51.22,BUY
TGT,2023-05-18T00:00:00.000000,1,51.22,BUY
TGT,2023-05-19T00:00:00.000000,1,50.07,BUY
TGT,2023-05-22T00:00:00.000000,1,50.07,BUY
TGT,2023-05-23T00:00:00.000000,1,51.22,BUY
TGT,2023-05-24T00:00:00.000000,1,51.22,BUY
TGT,2023-05-25T00:00:00.000000,1,51.22,BUY
TGT,2023-05-26T00:00:00.000000,1,51.22,BUY
TGT,2023-05-30T00:00:00.000000,1,51.22,BUY
TGT,2023-05-31T00:00:00.000000,1,51.22,BUY
TGT,2023-06-01T00:00:00.000000,1,50.07,BUY
TGT,2023-06-02T00:00:00.000000,1,50.07,BUY
TGT,2023-06-05T00:00:00.000000,0,44.32,SELL
TGT,2023-06-06T00:00:00.000000,0,44.32,SELL
TGT,2023-06-07T00:00:00.000000,0,43.6,SELL
TGT,2023-06-08T00:00:00.000000,0,43.59,SELL
TGT,2023-06-09T00:00:00.000000,0,43.59,SELL
TGT,2023-06-12T00:00:00.000000,0,43.59,SELL
TGT,2023-06-13T00:00:00.000000,0,43.59,SELL
TGT,2023-06-14T00:00:00.000000,0,43.59,SELL
TGT,2023-06-15T00:00:00.000000,0,43.59,SELL
TGT,2023-06-16T00:00:00.000000,0,44.32,SELL
TGT,2023-06-20T00:00:00.000000,0,44.32,SELL
TGT,2023-06-21T00:00:00.000000,0,44.9,SELL
TGT,2023-06-22T00:00:00.000000,0,46.44,SELL
TGT,2023-06-23T00:00:00.000000,0,46.44,SELL
TGT,2023-06-26T00:00:00.000000,1,47.54,BUY
TGT,2023-06-27T00:00:00.000000,0,46.44,SELL
TGT,2023-06-28T00:00:00.000000,0,46.44,SELL
TGT,2023-06-29T00:00:00.000000,0,46.44,SELL
TGT,2023-06-30T00:00:00.000000,1,50.07,BUY
TGT,2023-07-03T00:00:00.000000,1,50.07,BUY
TGT,2023-07-05T00:00:00.000000,1,51.22,BUY
TGT,2023-07-06T00:00:00.000000,1,51.22,BUY
TGT,2023-07-07T00:00:00.000000,1,51.22,BUY
TGT,2023-07-10T00:00:00.000000,1,50.07,BUY
TGT,2023-07-11T00:00:00.000000,1,50.07,BUY
TGT,2023-07-12T00:00:00.000000,1,50.07,BUY
TGT,2023-07-13T00:00:00.000000,1,50.07,BUY
TGT,2023-07-14T00:00:00.000000,1,50.07,BUY
TGT,2023-07-17T00:00:00.000000,1,50.07,BUY
TGT,2023-07-18T00:00:00.000000,0,46.44,SELL
TGT,2023-07-19T00:00:00.000000,1,50.07,BUY
TGT,2023-07-20T00:00:00.000000,0,46.44,SELL
TGT,2023-07-21T00:00:00.000000,0,44.32,SELL
TGT,2023-07-24T00:00:00.000000,0,44.32,SELL
TGT,2023-07-25T00:00:00.000000,0,44.32,SELL
TGT,2023-07-26T00:00:00.000000,0,44.32,SELL
TGT,2023-07-27T00:00:00.000000,0,43.6,SELL
TGT,2023-07-28T00:00:00.000000,0,43.6,SELL
TGT,2023-07-31T00:00:00.000000,0,43.6,SELL
TGT,2023-08-01T00:00:00.000000,0,43.6,SELL
TGT,2023-08-02T00:00:00.000000,0,43.6,SELL
TGT,2023-08-03T00:00:00.000000,0,43.6,SELL
TGT,2023-08-04T00:00:00.000000,0,43.6,SELL
TGT,2023-08-07T00:00:00.000000,0,44.32,SELL
TGT,2023-08-08T00:00:00.000000,0,44.32,SELL
TGT,2023-08-09T00:00:00.000000,0,44.32,SELL
TGT,2023-08-10T00:00:00.000000,0,44.32,SELL
TGT,2023-08-11T00:00:00.000000,0,44.32,SELL
TGT,2023-08-14T00:00:00.000000,0,44.32,SELL
TGT,2023-08-15T00:00:00.000000,0,44.32,SELL
TGT,2023-08-16T00:00:00.000000,0,44.9,SELL
TGT,2023-08-17T00:00:00.000000,0,46.44,SELL
TGT,2023-08-18T00:00:00.000000,0,46.44,SELL
TGT,2023-08-21T00:00:00.000000,0,46.44,SELL
TGT,2023-08-22T00:00:00.000000,1,50.07,BUY
TGT,2023-08-23T00:00:00.000000,1,50.07,BUY
TGT,2023-08-24T00:00:00.000000,1,50.07,BUY
TGT,2023-08-25T00:00:00.000000,1,50.07,BUY
TGT,2023-08-28T00:00:00.000000,0,46.44,SELL
TGT,2023-08-29T00:00:00.000000,0,44.32,SELL
TGT,2023-08-30T00:00:00.000000,0,44.32,SELL
TGT,2023-08-31T00:00:00.000000,0,44.32,SELL
TGT,2023-09-01T00:00:00.000000,0,44.32,SELL
TGT,2023-09-05T00:00:00.000000,0,44.32,SELL
TGT,2023-09-06T00:00:00.000000,0,43.6,SELL
TGT,2023-09-07T00:00:00.000000,0,43.6,SELL
TGT,2023-09-08T00:00:00.000000,0,43.6,SELL
TGT,2023-09-11T00:00:00.000000,0,43.6,SELL
TGT,2023-09-12T00:00:00.000000,0,43.6,SELL
TGT,2023-09-13T00:00:00.000000,0,44.32,SELL
TGT,2023-09-14T00:00:00.000000,0,44.32,SELL
TGT,2023-09-15T00:00:00.000000,0,44.32,SELL
TGT,2023-09-18T00:00:00.000000,0,44.32,SELL
TGT,2023-09-19T00:00:00.000000,0,44.32,SELL
TGT,2023-09-20T00:00:00.000000,0,44.32,SELL
TGT,2023-09-21T00:00:00.000000,0,44.32,SELL
TGT,2023-09-22T00:00:00.000000,0,46.44,SELL
TGT,2023-09-25T00:00:00.000000,1,50.0,BUY
TGT,2023-09-26T00:00:00.000000,1,50.07,BUY
TGT,2023-09-27T00:00:00.000000,1,50.07,BUY
TGT,2023-09-28T00:00:00.000000,1,50.07,BUY
TGT,2023-09-29T00:00:00.000000,1,50.07,BUY
TGT,2023-10-02T00:00:00.000000,1,47.54,BUY
TGT,2023-10-03T00:00:00.000000,0,44.32,SELL
TGT,2023-10-04T00:00:00.000000,0,44.32,SELL
TGT,2023-10-05T00:00:00.000000,0,44.32,SELL
TGT,2023-10-06T00:00:00.000000,0,44.32,SELL
TGT,2023-10-09T00:00:00.000000,0,43.6,SELL
TGT,2023-10-10T00:00:00.000000,0,43.6,SELL
TGT,2023-10-11T00:00:00.000000,0,43.59,SELL
TGT,2023-10-12T00:00:00.000000,0,43.6,SELL
TGT,2023-10-13T00:00:00.000000,0,44.32,SELL
TGT,2023-10-16T00:00:00.000000,0,44.32,SELL
TGT,2023-10-17T00:00:00.000000,0,44.32,SELL
TGT,2023-10-18T00:00:00.000000,0,44.32,SELL
TGT,2023-10-19T00:00:00.000000,0,44.32,SELL
TGT,2023-10-20T00:00:00.000000,0,44.32,SELL
TGT,2023-10-23T00:00:00.000000,0,44.32,SELL
TGT,2023-10-24T00:00:00.000000,0,44.32,SELL
TGT,2023-10-25T00:00:00.000000,0,46.44,SELL
TGT,2023-10-26T00:00:00.000000,1,50.07,BUY
TGT,2023-10-27T00:00:00.000000,1,51.15,BUY
TGT,2023-10-30T00:00:00.000000,1,51.22,BUY
TGT,2023-10-31T00:00:00.000000,1,51.22,BUY
TGT,2023-11-01T00:00:00.000000,1,51.22,BUY
TGT,2023-11-02T00:00:00.000000,1,51.22,BUY
TGT,2023-11-03T00:00:00.000000,1,51.22,BUY
TGT,2023-11-06T00:00:00.000000,1,51.22,BUY
TGT,2023-11-07T00:00:00.000000,1,51.22,BUY
TGT,2023-11-08T00:00:00.000000,1,50.07,BUY
TGT,2023-11-09T00:00:00.000000,1,47.54,BUY
TGT,2023-11-10T00:00:00.000000,0,46.44,SELL
TGT,2023-11-13T00:00:00.000000,0,44.32,SELL
TGT,2023-11-14T00:00:00.000000,0,44.32,SELL
TGT,2023-11-15T00:00:00.000000,0,44.32,SELL
TGT,2023-11-16T00:00:00.000000,0,44.32,SELL
TGT,2023-11-17T00:00:00.000000,0,43.6,SELL
TGT,2023-11-20T00:00:00.000000,0,43.6,SELL
TGT,2023-11-21T00:00:00.000000,0,43.6,SELL
TGT,2023-11-22T00:00:00.000000,0,43.6,SELL
TGT,2023-11-24T00:00:00.000000,0,44.32,SELL
TGT,2023-11-27T00:00:00.000000,0,44.32,SELL
TGT,2023-11-28T00:00:00.000000,0,44.32,SELL
TGT,2023-11-29T00:00:00.000000,0,44.32,SELL
TGT,2023-11-30T00:00:00.000000,0,44.32,SELL
TGT,2023-12-01T00:00:00.000000,0,46.44,SELL
TGT,2023-12-04T00:00:00.000000,1,50.0,BUY
TGT,2023-12-05T00:00:00.000000,1,50.07,BUY
TGT,2023-12-06T00:00:00.000000,0,46.44,SELL
TGT,2023-12-07T00:00:00.000000,0,44.32,SELL
TGT,2023-12-08T00:00:00.000000,0,44.32,SELL
TGT,2023-12-11T00:00:00.000000,0,44.32,SELL
TGT,2023-12-12T00:00:00.000000,0,44.32,SELL
TGT,2023-12-13T00:00:00.000000,0,43.6,SELL
TGT,2023-12-14T00:00:00.000000,0,43.6,SELL
TGT,2023-12-15T00:00:00.000000,0,43.6,SELL
TGT,2023-12-18T00:00:00.000000,0,43.6,SELL
TGT,2023-12-19T00:00:00.000000,0,43.6,SELL
TGT,2023-12-20T00:00:00.000000,0,43.6,SELL
TGT,2023-12-21T00:00:00.000000,0,43.6,SELL
TGT,2023-12-22T00:00:00.000000,0,43.6,SELL
TGT,2023-12-26T00:00:00.000000,0,43.6,SELL
TGT,2023-12-27T00:00:00.000000,0,43.6,SELL
TGT,2023-12-28T00:00:00.000000,0,43.6,SELL
TGT,2023-12-29T00:00:00.000000,0,43.59,SELL
TGT,2024-01-02T00:00:00.000000,0,43.59,SELL
TGT,2024-01-03T00:00:00.000000,0,43.59,SELL
TGT,2024-01-04T00:00:00.000000,0,43.59,SELL
TGT,2024-01-05T00:00:00.000000,0,43.6,SELL
TGT,2024-01-08T00:00:00.000000,0,43.6,SELL
TGT,2024-01-09T00:00:00.000000,0,43.6,SELL
TGT,2024-01-10T00:00:00.000000,0,44.32,SELL
TGT,2024-01-11T00:00:00.000000,0,44.32,SELL
TGT,2024-01-12T00:00:00.000000,0,44.32,SELL
TGT,2024-01-16T00:00:00.000000,0,46.44,SELL
TGT,2024-01-17T00:00:00.000000,1,50.07,BUY
TGT,2024-01-18T00:00:00.000000,1,50.07,BUY
TGT,2024-01-19T00:00:00.000000,1,50.07,BUY
TGT,2024-01-22T00:00:00.000000,1,50.07,BUY
TGT,2024-01-23T00:00:00.000000,1,50.07,BUY
TGT,2024-01-24T00:00:00.000000,1,50.07,BUY
TGT,2024-01-25T00:00:00.000000,1,50.07,BUY
TGT,2024-01-26T00:00:00.000000,1,50.07,BUY
TGT,2024-01-29T00:00:00.000000,1,50.07,BUY
TGT,2024-01-30T00:00:00.000000,0,46.44,SELL
TGT,2024-01-31T00:00:00.000000,0,44.32,SELL
TGT,2024-02-01T00:00:00.000000,0,44.32,SELL
TGT,2024-02-02T00:00:00.000000,0,44.32,SELL
TGT,2024-02-05T00:00:00.000000,0,44.32,SELL
TGT,2024-02-06T00:00:00.000000,0,44.32,SELL
TGT,2024-02-07T00:00:00.000000,0,44.32,SELL
TGT,2024-02-08T00:00:00.000000,0,44.32,SELL
TGT,2024-02-09T00:00:00.000000,0,44.32,SELL
TGT,2024-02-12T00:00:00.000000,0,44.32,SELL
TGT,2024-02-13T00:00:00.000000,0,44.32,SELL
TGT,2024-02-14T00:00:00.000000,0,44.32,SELL
TGT,2024-02-15T00:00:00.000000,0,44.32,SELL
TGT,2024-02-16T00:00:00.000000,0,44.32,SELL
TGT,2024-02-20T00:00:00.000000,0,44.32,SELL
TGT,2024-02-21T00:00:00.000000,0,44.32,SELL
TGT,2024-02-22T00:00:00.000000,0,44.32,SELL
TGT,2024-02-23T00:00:00.000000,0,44.32,SELL
TGT,2024-02-26T00:00:00.000000,0,44.32,SELL
TGT,2024-02-27T00:00:00.000000,0,44.32,SELL
TGT,2024-02-28T00:00:00.000000,0,44.32,SELL
TGT,2024-02-29T00:00:00.000000,0,44.32,SELL
TGT,2024-03-01T00:00:00.000000,0,44.32,SELL
TGT,2024-03-04T00:00:00.000000,0,44.32,SELL
TGT,2024-03-05T00:00:00.000000,0,44.32,SELL
TGT,2024-03-06T00:00:00.000000,0,44.32,SELL
TGT,2024-03-07T00:00:00.000000,0,44.32,SELL
TGT,2024-03-08T00:00:00.000000,0,44.32,SELL
TGT,2024-03-11T00:00:00.000000,0,44.32,SELL
TGT,2024-03-12T00:00:00.000000,0,44.32,SELL
TGT,2024-03-13T00:00:00.000000,0,44.32,SELL
TGT,2024-03-14T00:00:00.000000,0,44.32,SELL
TGT,2024-03-15T00:00:00.000000,0,44.32,SELL
TGT,2024-03-18T00:00:00.000000,0,44.32,SELL
TGT,2024-03-19T00:00:00.000000,0,44.32,SELL
TGT,2024-03-20T00:00:00.000000,1,47.54,BUY
TGT,2024-03-21T00:00:00.000000,1,50.0,BUY
TGT,2024-03-22T00:00:00.000000,0,46.44,SELL
TGT,2024-03-25T00:00:00.000000,0,44.32,SELL
TGT,2024-03-26T00:00:00.000000,0,44.32,SELL
TGT,2024-03-27T00:00:00.000000,0,44.32,SELL
TGT,2024-03-28T00:00:00.000000,0,43.6,SELL
TGT,2024-04-01T00:00:00.000000,0,41.9,SELL
TGT,2024-04-02T00:00:00.000000,0,41.9,SELL
TGT,2024-04-03T00:00:00.000000,0,41.67,SELL
TGT,2024-04-04T00:00:00.000000,0,41.9,SELL
TGT,2024-04-05T00:00:00.000000,0,41.9,SELL
TGT,2024-04-08T00:00:00.000000,0,43.41,SELL
TGT,2024-04-09T00:00:00.000000,0,43.6,SELL
TGT,2024-04-10T00:00:00.000000,0,44.32,SELL
TGT,2024-04-11T00:00:00.000000,0,44.32,SELL
TGT,2024-04-12T00:00:00.000000,0,46.44,SELL
TGT,2024-04-15T00:00:00.000000,1,50.07,BUY
TGT,2024-04-16T00:00:00.000000,1,51.22,BUY
TGT,2024-04-17T00:00:00.000000,1,51.22,BUY
TGT,2024-04-18T00:00:00.000000,1,51.22,BUY
TGT,2024-04-19T00:00:00.000000,1,51.22,BUY
TGT,2024-04-22T00:00:00.000000,1,50.07,BUY
TGT,2024-04-23T00:00:00.000000,1,50.07,BUY
TGT,2024-04-24T00:00:00.000000,1,50.07,BUY
TGT,2024-04-25T00:00:00.000000,1,51.22,BUY
TGT,2024-04-26T00:00:00.000000,1,51.22,BUY
TGT,2024-04-29T00:00:00.000000,1,50.07,BUY
TGT,2024-04-30T00:00:00.000000,0,44.32,SELL
TGT,2024-05-01T00:00:00.000000,0,44.32,SELL
TGT,2024-05-02T00:00:00.000000,0,44.32,SELL
TGT,2024-05-03T00:00:00.000000,0,44.32,SELL
TGT,2024-05-06T00:00:00.000000,0,44.32,SELL
TGT,2024-05-07T00:00:00.000000,0,44.32,SELL
TGT,2024-05-08T00:00:00.000000,0,44.32,SELL
TGT,2024-05-09T00:00:00.000000,0,44.32,SELL
TGT,2024-05-10T00:00:00.000000,0,44.32,SELL
TGT,2024-05-13T00:00:00.000000,0,43.6,SELL
TGT,2024-05-14T00:00:00.000000,0,43.6,SELL
TGT,2024-05-15T00:00:00.000000,0,43.6,SELL
TGT,2024-05-16T00:00:00.000000,0,43.59,SELL
TGT,2024-05-17T00:00:00.000000,0,43.59,SELL
TGT,2024-05-20T00:00:00.000000,0,43.59,SELL
TGT,2024-05-21T00:00:00.000000,0,43.59,SELL
TGT,2024-05-22T00:00:00.000000,0,43.6,SELL
TGT,2024-05-23T00:00:00.000000,0,43.6,SELL
TGT,2024-05-24T00:00:00.000000,0,43.6,SELL
TGT,2024-05-28T00:00:00.000000,0,44.32,SELL
TGT,2024-05-29T00:00:00.000000,0,44.32,SELL
TGT,2024-05-30T00:00:00.000000,0,44.32,SELL
TGT,2024-05-31T00:00:00.000000,0,44.32,SELL
TGT,2024-06-03T00:00:00.000000,0,44.32,SELL
TGT,2024-06-04T00:00:00.000000,0,44.32,SELL
TGT,2024-06-05T00:00:00.000000,0,44.32,SELL
TGT,2024-06-06T00:00:00.000000,0,44.32,SELL
TGT,2024-06-07T00:00:00.000000,0,44.32,SELL
TGT,2024-06-10T00:00:00.000000,0,46.44,SELL
TGT,2024-06-11T00:00:00.000000,1,50.07,BUY
TGT,2024-06-12T00:00:00.000000,1,50.07,BUY
TGT,2024-06-13T00:00:00.000000,1,50.07,BUY
TGT,2024-06-14T00:00:00.000000,1,50.07,BUY
TGT,2024-06-17T00:00:00.000000,1,51.22,BUY
TGT,2024-06-18T00:00:00.000000,1,51.22,BUY
TGT,2024-06-20T00:00:00.000000,1,51.22,BUY
TGT,2024-06-21T00:00:00.000000,1,51.22,BUY
TGT,2024-06-24T00:00:00.000000,1,51.22,BUY
TGT,2024-06-25T00:00:00.000000,1,51.22,BUY
TGT,2024-06-26T00:00:00.000000,1,51.22,BUY
TGT,2024-06-27T00:00:00.000000,1,50.07,BUY
TGT,2024-06-28T00:00:00.000000,1,50.07,BUY
TGT,2024-07-01T00:00:00.000000,0,46.44,SELL
TGT,2024-07-02T00:00:00.000000,0,44.32,SELL
TGT,2024-07-03T00:00:00.000000,0,46.44,SELL
TGT,2024-07-05T00:00:00.000000,0,46.44,SELL
TGT,2024-07-08T00:00:00.000000,0,47.54,SELL
TGT,2024-07-09T00:00:00.000000,1,50.07,BUY
TGT,2024-07-10T00:00:00.000000,1,51.22,BUY
TGT,2024-07-11T00:00:00.000000,1,51.22,BUY
TGT,2024-07-12T00:00:00.000000,1,50.07,BUY
TGT,2024-07-15T00:00:00.000000,1,50.07,BUY
TGT,2024-07-16T00:00:00.000000,1,50.07,BUY
TGT,2024-07-17T00:00:00.000000,0,46.44,SELL
TGT,2024-07-18T00:00:00.000000,0,44.9,SELL
TGT,2024-07-19T00:00:00.000000,0,44.32,SELL
TGT,2024-07-22T00:00:00.000000,0,44.32,SELL
TGT,2024-07-23T00:00:00.000000,0,46.44,SELL
TGT,2024-07-24T00:00:00.000000,0,46.44,SELL
TGT,2024-07-25T00:00:00.000000,0,46.44,SELL
TGT,2024-07-26T00:00:00.000000,1,50.07,BUY
TGT,2024-07-29T00:00:00.000000,1,50.07,BUY
TGT,2024-07-30T00:00:00.000000,1,51.22,BUY
TGT,2024-07-31T00:00:00.000000,1,51.22,BUY
TGT,2024-08-01T00:00:00.000000,1,51.22,BUY
TGT,2024-08-02T00:00:00.000000,1,51.22,BUY
TGT,2024-08-05T00:00:00.000000,1,51.22,BUY
TGT,2024-08-06T00:00:00.000000,1,51.22,BUY
TGT,2024-08-07T00:00:00.000000,1,51.22,BUY
TGT,2024-08-08T00:00:00.000000,1,50.07,BUY
TGT,2024-08-09T00:00:00.000000,0,44.32,SELL
TGT,2024-08-12T00:00:00.000000,0,44.32,SELL
TGT,2024-08-13T00:00:00.000000,0,44.32,SELL
TGT,2024-08-14T00:00:00.000000,0,44.32,SELL
TGT,2024-08-15T00:00:00.000000,0,44.32,SELL
TGT,2024-08-16T00:00:00.000000,0,43.6,SELL
TGT,2024-08-19T00:00:00.000000,0,43.6,SELL
TGT,2024-08-20T00:00:00.000000,0,44.32,SELL
TGT,2024-08-21T00:00:00.000000,0,44.32,SELL
TGT,2024-08-22T00:00:00.000000,0,43.6,SELL
TGT,2024-08-23T00:00:00.000000,0,43.6,SELL
TGT,2024-08-26T00:00:00.000000,0,43.6,SELL
TGT,2024-08-27T00:00:00.000000,0,43.6,SELL
TGT,2024-08-28T00:00:00.000000,0,43.59,SELL
TGT,2024-08-29T00:00:00.000000,0,43.6,SELL
TGT,2024-08-30T00:00:00.000000,0,44.32,SELL
TGT,2024-09-03T00:00:00.000000,0,44.32,SELL
TGT,2024-09-04T00:00:00.000000,0,44.32,SELL
TGT,2024-09-05T00:00:00.000000,0,44.32,SELL
TGT,2024-09-06T00:00:00.000000,0,46.44,SELL
TGT,2024-09-09T00:00:00.000000,0,46.44,SELL
TGT,2024-09-10T00:00:00.000000,1,47.54,BUY
TGT,2024-09-11T00:00:00.000000,0,46.44,SELL
TGT,2024-09-12T00:00:00.000000,0,44.32,SELL
TGT,2024-09-13T00:00:00.000000,0,44.32,SELL
TGT,2024-09-16T00:00:00.000000,0,44.32,SELL
TGT,2024-09-17T00:00:00.000000,0,44.32,SELL
TGT,2024-09-18T00:00:00.000000,0,44.32,SELL
TGT,2024-09-19T00:00:00.000000,0,43.6,SELL
TGT,2024-09-20T00:00:00.000000,0,43.6,SELL
TGT,2024-09-23T00:00:00.000000,0,43.6,SELL
TGT,2024-09-24T00:00:00.000000,0,43.59,SELL
TGT,2024-09-25T00:00:00.000000,0,41.9,SELL
TGT,2024-09-26T00:00:00.000000,0,41.9,SELL
TGT,2024-09-27T00:00:00.000000,0,41.9,SELL
TGT,2024-09-30T00:00:00.000000,0,43.59,SELL
TGT,2024-10-01T00:00:00.000000,0,43.59,SELL
TGT,2024-10-02T00:00:00.000000,0,43.6,SELL
TGT,2024-10-03T00:00:00.000000,0,43.6,SELL
TGT,2024-10-04T00:00:00.000000,0,44.32,SELL
TGT,2024-10-07T00:00:00.000000,0,44.32,SELL
TGT,2024-10-08T00:00:00.000000,0,44.32,SELL
TGT,2024-10-09T00:00:00.000000,0,44.32,SELL
TGT,2024-10-10T00:00:00.000000,0,44.32,SELL
TGT,2024-10-11T00:00:00.000000,0,44.32,SELL
TGT,2024-10-14T00:00:00.000000,0,44.32,SELL
TGT,2024-10-15T00:00:00.000000,0,44.32,SELL
TGT,2024-10-16T00:00:00.000000,0,43.6,SELL
TGT,2024-10-17T00:00:00.000000,0,43.6,SELL
TGT,2024-10-18T00:00:00.000000,0,43.6,SELL
TGT,2024-10-21T00:00:00.000000,0,44.32,SELL
TGT,2024-10-22T00:00:00.000000,0,44.32,SELL
TGT,2024-10-23T00:00:00.000000,0,44.32,SELL
TGT,2024-10-24T00:00:00.000000,0,44.32,SELL
TGT,2024-10-25T00:00:00.000000,0,44.9,SELL
TGT,2024-10-28T00:00:00.000000,1,50.07,BUY
TGT,2024-10-29T00:00:00.000000,1,50.07,BUY
TGT,2024-10-30T00:00:00.000000,1,51.22,BUY
TGT,2024-10-31T00:00:00.000000,1,51.22,BUY
TGT,2024-11-01T00:00:00.000000,1,51.22,BUY
TGT,2024-11-04T00:00:00.000000,1,51.22,BUY
TGT,2024-11-05T00:00:00.000000,1,50.07,BUY
TGT,2024-11-06T00:00:00.000000,1,50.07,BUY
TGT,2024-11-07T00:00:00.000000,1,50.07,BUY
TGT,2024-11-08T00:00:00.000000,1,50.0,BUY
TGT,2024-11-11T00:00:00.000000,0,46.44,SELL
TGT,2024-11-12T00:00:00.000000,0,44.32,SELL
TGT,2024-11-13T00:00:00.000000,0,44.32,SELL
TGT,2024-11-14T00:00:00.000000,0,44.32,SELL
TGT,2024-11-15T00:00:00.000000,0,44.32,SELL
TGT,2024-11-18T00:00:00.000000,0,44.32,SELL
TGT,2024-11-19T00:00:00.000000,0,44.32,SELL
TGT,2024-11-20T00:00:00.000000,0,44.32,SELL
TGT,2024-11-21T00:00:00.000000,0,44.32,SELL
TGT,2024-11-22T00:00:00.000000,0,44.32,SELL
TGT,2024-11-25T00:00:00.000000,0,43.6,SELL
TGT,2024-11-26T00:00:00.000000,0,43.6,SELL
TGT,2024-11-27T00:00:00.000000,0,43.6,SELL
TGT,2024-11-29T00:00:00.000000,0,43.6,SELL
TGT,2024-12-02T00:00:00.000000,0,43.6,SELL
TGT,2024-12-03T00:00:00.000000,0,43.6,SELL
TGT,2024-12-04T00:00:00.000000,0,43.6,SELL
TGT,2024-12-05T00:00:00.000000,0,43.6,SELL
TGT,2024-12-06T00:00:00.000000,0,44.32,SELL
TGT,2024-12-09T00:00:00.000000,0,44.32,SELL
TGT,2024-12-10T00:00:00.000000,0,44.32,SELL
TGT,2024-12-11T00:00:00.000000,0,46.44,SELL
TGT,2024-12-12T00:00:00.000000,1,50.07,BUY
TGT,2024-12-13T00:00:00.000000,1,50.07,BUY
TGT,2024-12-16T00:00:00.000000,0,47.54,SELL
TGT,2024-12-17T00:00:00.000000,0,46.44,SELL
TGT,2024-12-18T00:00:00.000000,0,46.44,SELL
TGT,2024-12-19T00:00:00.000000,0,46.44,SELL
TGT,2024-12-20T00:00:00.000000,0,47.54,SELL
TLT,2023-02-21T00:00:00.000000,0,44.32,SELL
TLT,2023-02-22T00:00:00.000000,0,44.32,SELL
TLT,2023-02-23T00:00:00.000000,0,44.32,SELL
TLT,2023-02-24T00:00:00.000000,0,46.44,SELL
TLT,2023-02-27T00:00:00.000000,0,46.44,SELL
TLT,2023-02-28T00:00:00.000000,1,50.07,BUY
TLT,2023-03-01T00:00:00.000000,1,51.22,BUY
TLT,2023-03-02T00:00:00.000000,1,51.22,BUY
TLT,2023-03-03T00:00:00.000000,1,51.22,BUY
TLT,2023-03-06T00:00:00.000000,1,51.22,BUY
TLT,2023-03-07T00:00:00.000000,1,51.22,BUY
TLT,2023-03-08T00:00:00.000000,1,51.22,BUY
TLT,2023-03-09T00:00:00.000000,1,51.15,BUY
TLT,2023-03-10T00:00:00.000000,1,50.07,BUY
TLT,2023-03-13T00:00:00.000000,1,50.07,BUY
TLT,2023-03-14T00:00:00.000000,1,50.07,BUY
TLT,2023-03-15T00:00:00.000000,1,50.07,BUY
TLT,2023-03-16T00:00:00.000000,1,50.07,BUY
TLT,2023-03-17T00:00:00.000000,1,51.15,BUY
TLT,2023-03-20T00:00:00.000000,1,51.22,BUY
TLT,2023-03-21T00:00:00.000000,1,51.22,BUY
TLT,2023-03-22T00:00:00.000000,1,51.22,BUY
TLT,2023-03-23T00:00:00.000000,1,51.22,BUY
TLT,2023-03-24T00:00:00.000000,1,51.22,BUY
TLT,2023-03-27T00:00:00.000000,1,50.07,BUY
TLT,2023-03-28T00:00:00.000000,1,50.07,BUY
TLT,2023-03-29T00:00:00.000000,0,46.44,SELL
TLT,2023-03-30T00:00:00.000000,0,46.44,SELL
TLT,2023-03-31T00:00:00.000000,0,44.32,SELL
TLT,2023-04-03T00:00:00.000000,0,44.32,SELL
TLT,2023-04-04T00:00:00.000000,0,44.32,SELL
TLT,2023-04-05T00:00:00.000000,0,44.32,SELL
TLT,2023-04-06T00:00:00.000000,0,43.6,SELL
TLT,2023-04-10T00:00:00.000000,0,43.6,SELL
TLT,2023-04-11T00:00:00.000000,0,43.6,SELL
TLT,2023-04-12T00:00:00.000000,0,43.6,SELL
TLT,2023-04-13T00:00:00.000000,0,43.6,SELL
TLT,2023-04-14T00:00:00.000000,0,43.6,SELL
TLT,2023-04-17T00:00:00.000000,0,43.6,SELL
TLT,2023-04-18T00:00:00.000000,0,43.6,SELL
TLT,2023-04-19T00:00:00.000000,0,44.32,SELL
TLT,2023-04-20T00:00:00.000000,0,44.32,SELL
TLT,2023-04-21T00:00:00.000000,0,44.32,SELL
TLT,2023-04-24T00:00:00.000000,0,44.32,SELL
TLT,2023-04-25T00:00:00.000000,0,44.32,SELL
TLT,2023-04-26T00:00:00.000000,0,44.32,SELL
TLT,2023-04-27T00:00:00.000000,0,44.32,SELL
TLT,2023-04-28T00:00:00.000000,0,46.44,SELL
TLT,2023-05-01T00:00:00.000000,1,50.0,BUY
TLT,2023-05-02T00:00:00.000000,1,50.0,BUY
TLT,2023-05-03T00:00:00.000000,1,50.07,BUY
TLT,2023-05-04T00:00:00.000000,1,50.07,BUY
TLT,2023-05-05T00:00:00.000000,1,50.07,BUY
TLT,2023-05-08T00:00:00.000000,1,50.07,BUY
TLT,2023-05-09T00:00:00.000000,1,50.07,BUY
TLT,2023-05-10T00:00:00.000000,1,50.07,BUY
TLT,2023-05-11T00:00:00.000000,1,50.07,BUY
TLT,2023-05-12T00:00:00.000000,0,46.44,SELL
TLT,2023-05-15T00:00:00.000000,1,50.07,BUY
TLT,2023-05-16T00:00:00.000000,0,46.44,SELL
TLT,2023-05-17T00:00:00.000000,1,50.07,BUY
TLT,2023-05-18T00:00:00.000000,1,50.07,BUY
TLT,2023-05-19T00:00:00.000000,0,47.54,SELL
TLT,2023-05-22T00:00:00.000000,1,50.07,BUY
TLT,2023-05-23T00:00:00.000000,0,44.9,SELL
TLT,2023-05-24T00:00:00.000000,0,44.32,SELL
TLT,2023-05-25T00:00:00.000000,0,44.32,SELL
TLT,2023-05-26T00:00:00.000000,0,44.32,SELL
TLT,2023-05-30T00:00:00.000000,0,44.32,SELL
TLT,2023-05-31T00:00:00.000000,0,43.6,SELL
TLT,2023-06-01T00:00:00.000000,0,43.6,SELL
TLT,2023-06-02T00:00:00.000000,0,43.59,SELL
TLT,2023-06-05T00:00:00.000000,0,43.6,SELL
TLT,2023-06-06T00:00:00.000000,0,43.6,SELL
TLT,2023-06-07T00:00:00.000000,0,43.6,SELL
TLT,2023-06-08T00:00:00.000000,0,43.6,SELL
TLT,2023-06-09T00:00:00.000000,0,43.6,SELL
TLT,2023-06-12T00:00:00.000000,0,43.59,SELL
TLT,2023-06-13T00:00:00.000000,0,43.59,SELL
TLT,2023-06-14T00:00:00.000000,0,41.9,SELL
TLT,2023-06-15T00:00:00.000000,0,41.9,SELL
TLT,2023-06-16T00:00:00.000000,0,41.9,SELL
TLT,2023-06-20T00:00:00.000000,0,41.9,SELL
TLT,2023-06-21T00:00:00.000000,0,41.9,SELL
TLT,2023-06-22T00:00:00.000000,0,43.59,SELL
TLT,2023-06-23T00:00:00.000000,0,43.6,SELL
TLT,2023-06-26T00:00:00.000000,0,44.32,SELL
TLT,2023-06-27T00:00:00.000000,0,44.32,SELL
TLT,2023-06-28T00:00:00.000000,0,44.32,SELL
TLT,2023-06-29T00:00:00.000000,0,44.32,SELL
TLT,2023-06-30T00:00:00.000000,0,46.44,SELL
TLT,2023-07-03T00:00:00.000000,1,50.07,BUY
TLT,2023-07-05T00:00:00.000000,1,50.07,BUY
TLT,2023-07-06T00:00:00.000000,1,50.07,BUY
TLT,2023-07-07T00:00:00.000000,1,50.07,BUY
TLT,2023-07-10T00:00:00.000000,1,50.0,BUY
TLT,2023-07-11T00:00:00.000000,0,46.44,SELL
TLT,2023-07-12T00:00:00.000000,0,44.32,SELL
TLT,2023-07-13T00:00:00.000000,0,44.32,SELL
TLT,2023-07-14T00:00:00.000000,0,44.32,SELL
TLT,2023-07-17T00:00:00.000000,0,44.32,SELL
TLT,2023-07-18T00:00:00.000000,0,44.32,SELL
TLT,2023-07-19T00:00:00.000000,0,43.75,SELL
TLT,2023-07-20T00:00:00.000000,0,43.6,SELL
TLT,2023-07-21T00:00:00.000000,0,43.6,SELL
TLT,2023-07-24T00:00:00.000000,0,43.59,SELL
TLT,2023-07-25T00:00:00.000000,0,41.9,SELL
TLT,2023-07-26T00:00:00.000000,0,41.9,SELL
TLT,2023-07-27T00:00:00.000000,0,42.82,SELL
TLT,2023-07-28T00:00:00.000000,0,43.59,SELL
TLT,2023-07-31T00:00:00.000000,0,41.9,SELL
TLT,2023-08-01T00:00:00.000000,0,41.9,SELL
TLT,2023-08-02T00:00:00.000000,0,43.59,SELL
TLT,2023-08-03T00:00:00.000000,0,43.59,SELL
TLT,2023-08-04T00:00:00.000000,0,43.59,SELL
TLT,2023-08-07T00:00:00.000000,0,43.59,SELL
TLT,2023-08-08T00:00:00.000000,0,43.59,SELL
TLT,2023-08-09T00:00:00.000000,0,43.6,SELL
TLT,2023-08-10T00:00:00.000000,0,43.6,SELL
TLT,2023-08-11T00:00:00.000000,0,43.6,SELL
TLT,2023-08-14T00:00:00.000000,0,44.32,SELL
TLT,2023-08-15T00:00:00.000000,0,44.32,SELL
TLT,2023-08-16T00:00:00.000000,0,46.44,SELL
TLT,2023-08-17T00:00:00.000000,1,50.07,BUY
TLT,2023-08-18T00:00:00.000000,1,50.07,BUY
TLT,2023-08-21T00:00:00.000000,1,51.22,BUY
TLT,2023-08-22T00:00:00.000000,1,51.22,BUY
TLT,2023-08-23T00:00:00.000000,1,51.22,BUY
TLT,2023-08-24T00:00:00.000000,1,51.22,BUY
TLT,2023-08-25T00:00:00.000000,1,51.15,BUY
TLT,2023-08-28T00:00:00.000000,1,50.07,BUY
TLT,2023-08-29T00:00:00.000000,1,50.07,BUY
TLT,2023-08-30T00:00:00.000000,1,50.0,BUY
TLT,2023-08-31T00:00:00.000000,0,46.44,SELL
TLT,2023-09-01T00:00:00.000000,0,46.44,SELL
TLT,2023-09-05T00:00:00.000000,0,44.32,SELL
TLT,2023-09-06T00:00:00.000000,0,44.32,SELL
TLT,2023-09-07T00:00:00.000000,0,44.32,SELL
TLT,2023-09-08T00:00:00.000000,0,44.32,SELL
TLT,2023-09-11T00:00:00.000000,0,44.32,SELL
TLT,2023-09-12T00:00:00.000000,0,44.32,SELL
TLT,2023-09-13T00:00:00.000000,0,44.32,SELL
TLT,2023-09-14T00:00:00.000000,0,44.32,SELL
TLT,2023-09-15T00:00:00.000000,0,44.32,SELL
TLT,2023-09-18T00:00:00.000000,0,44.32,SELL
TLT,2023-09-19T00:00:00.000000,0,46.44,SELL
TLT,2023-09-20T00:00:00.000000,1,47.54,BUY
TLT,2023-09-21T00:00:00.000000,0,47.54,SELL
TLT,2023-09-22T00:00:00.000000,1,50.0,BUY
TLT,2023-09-25T00:00:00.000000,1,50.07,BUY
TLT,2023-09-26T00:00:00.000000,1,50.07,BUY
TLT,2023-09-27T00:00:00.000000,1,50.07,BUY
TLT,2023-09-28T00:00:00.000000,1,51.15,BUY
TLT,2023-09-29T00:00:00.000000,1,51.22,BUY
TLT,2023-10-02T00:00:00.000000,1,50.07,BUY
TLT,2023-10-03T00:00:00.000000,1,50.07,BUY
TLT,2023-10-04T00:00:00.000000,1,50.07,BUY
TLT,2023-10-05T00:00:00.000000,1,50.0,BUY
TLT,2023-10-06T00:00:00.000000,0,44.32,SELL
TLT,2023-10-09T00:00:00.000000,0,44.32,SELL
TLT,2023-10-10T00:00:00.000000,0,44.32,SELL
TLT,2023-10-11T00:00:00.000000,0,43.59,SELL
TLT,2023-10-12T00:00:00.000000,0,41.9,SELL
TLT,2023-10-13T00:00:00.000000,0,43.6,SELL
TLT,2023-10-16T00:00:00.000000,0,43.6,SELL
TLT,2023-10-17T00:00:00.000000,0,43.6,SELL
TLT,2023-10-18T00:00:00.000000,0,43.6,SELL
TLT,2023-10-19T00:00:00.000000,0,44.32,SELL
TLT,2023-10-20T00:00:00.000000,0,44.32,SELL
TLT,2023-10-23T00:00:00.000000,0,44.32,SELL
TLT,2023-10-24T00:00:00.000000,0,44.9,SELL
TLT,2023-10-25T00:00:00.000000,1,50.07,BUY
TLT,2023-10-26T00:00:00.000000,1,51.22,BUY
TLT,2023-10-27T00:00:00.000000,1,51.22,BUY
TLT,2023-10-30T00:00:00.000000,1,51.22,BUY
TLT,2023-10-31T00:00:00.000000,1,51.22,BUY
TLT,2023-11-01T00:00:00.000000,1,51.22,BUY
TLT,2023-11-02T00:00:00.000000,1,51.22,BUY
TLT,2023-11-03T00:00:00.000000,1,51.22,BUY
TLT,2023-11-06T00:00:00.000000,1,51.22,BUY
TLT,2023-11-07T00:00:00.000000,1,51.22,BUY
TLT,2023-11-08T00:00:00.000000,1,51.22,BUY
TLT,2023-11-09T00:00:00.000000,1,51.22,BUY
TLT,2023-11-10T00:00:00.000000,1,50.07,BUY
TLT,2023-11-13T00:00:00.000000,1,47.54,BUY
TLT,2023-11-14T00:00:00.000000,0,46.44,SELL
TLT,2023-11-15T00:00:00.000000,0,44.32,SELL
TLT,2023-11-16T00:00:00.000000,0,44.32,SELL
TLT,2023-11-17T00:00:00.000000,0,44.32,SELL
TLT,2023-11-20T00:00:00.000000,0,44.32,SELL
TLT,2023-11-21T00:00:00.000000,0,44.9,SELL
TLT,2023-11-22T00:00:00.000000,0,46.44,SELL
TLT,2023-11-24T00:00:00.000000,0,44.32,SELL
TLT,2023-11-27T00:00:00.000000,0,44.32,SELL
TLT,2023-11-28T00:00:00.000000,0,44.32,SELL
TLT,2023-11-29T00:00:00.000000,0,44.32,SELL
TLT,2023-11-30T00:00:00.000000,0,44.32,SELL
TLT,2023-12-01T00:00:00.000000,0,44.32,SELL
TLT,2023-12-04T00:00:00.000000,0,44.32,SELL
TLT,2023-12-05T00:00:00.000000,0,44.32,SELL
TLT,2023-12-06T00:00:00.000000,0,44.32,SELL
TLT,2023-12-07T00:00:00.000000,0,44.32,SELL
TLT,2023-12-08T00:00:00.000000,0,44.32,SELL
TLT,2023-12-11T00:00:00.000000,0,46.44,SELL
TLT,2023-12-12T00:00:00.000000,1,50.07,BUY
TLT,2023-12-13T00:00:00.000000,1,50.07,BUY
TLT,2023-12-14T00:00:00.000000,1,51.22,BUY
TLT,2023-12-15T00:00:00.000000,1,51.22,BUY
TLT,2023-12-18T00:00:00.000000,1,51.22,BUY
TLT,2023-12-19T00:00:00.000000,1,51.22,BUY
TLT,2023-12-20T00:00:00.000000,1,51.22,BUY
TLT,2023-12-21T00:00:00.000000,1,51.22,BUY
TLT,2023-12-22T00:00:00.000000,1,51.22,BUY
TLT,2023-12-26T00:00:00.000000,1,51.22,BUY
TLT,2023-12-27T00:00:00.000000,1,51.22,BUY
TLT,2023-12-28T00:00:00.000000,1,51.22,BUY
TLT,2023-12-29T00:00:00.000000,1,51.22,BUY
TLT,2024-01-02T00:00:00.000000,1,51.22,BUY
TLT,2024-01-03T00:00:00.000000,1,51.22,BUY
TLT,2024-01-04T00:00:00.000000,1,51.22,BUY
TLT,2024-01-05T00:00:00.000000,1,51.22,BUY
TLT,2024-01-08T00:00:00.000000,1,51.22,BUY
TLT,2024-01-09T00:00:00.000000,1,51.22,BUY
TLT,2024-01-10T00:00:00.000000,1,51.22,BUY
TLT,2024-01-11T00:00:00.000000,1,51.22,BUY
TLT,2024-01-12T00:00:00.000000,1,51.15,BUY
TLT,2024-01-16T00:00:00.000000,1,50.07,BUY
TLT,2024-01-17T00:00:00.000000,1,50.07,BUY
TLT,2024-01-18T00:00:00.000000,0,46.44,SELL
TLT,2024-01-19T00:00:00.000000,0,46.44,SELL
TLT,2024-01-22T00:00:00.000000,0,44.32,SELL
TLT,2024-01-23T00:00:00.000000,0,44.32,SELL
TLT,2024-01-24T00:00:00.000000,0,44.32,SELL
TLT,2024-01-25T00:00:00.000000,0,43.6,SELL
TLT,2024-01-26T00:00:00.000000,0,43.59,SELL
TLT,2024-01-29T00:00:00.000000,0,43.59,SELL
TLT,2024-01-30T00:00:00.000000,0,41.9,SELL
TLT,2024-01-31T00:00:00.000000,0,41.9,SELL
TLT,2024-02-01T00:00:00.000000,0,41.9,SELL
TLT,2024-02-02T00:00:00.000000,0,41.9,SELL
TLT,2024-02-05T00:00:00.000000,0,41.9,SELL
TLT,2024-02-06T00:00:00.000000,0,41.9,SELL
TLT,2024-02-07T00:00:00.000000,0,43.59,SELL
TLT,2024-02-08T00:00:00.000000,0,43.6,SELL
TLT,2024-02-09T00:00:00.000000,0,44.32,SELL
TLT,2024-02-12T00:00:00.000000,0,44.32,SELL
TLT,2024-02-13T00:00:00.000000,0,44.32,SELL
TLT,2024-02-14T00:00:00.000000,0,44.9,SELL
TLT,2024-02-15T00:00:00.000000,0,46.44,SELL
TLT,2024-02-16T00:00:00.000000,0,46.44,SELL
TLT,2024-02-20T00:00:00.000000,0,46.44,SELL
TLT,2024-02-21T00:00:00.000000,0,44.32,SELL
TLT,2024-02-22T00:00:00.000000,0,44.32,SELL
TLT,2024-02-23T00:00:00.000000,0,44.32,SELL
TLT,2024-02-26T00:00:00.000000,0,44.32,SELL
TLT,2024-02-27T00:00:00.000000,0,44.32,SELL
TLT,2024-02-28T00:00:00.000000,0,44.9,SELL
TLT,2024-02-29T00:00:00.000000,0,44.32,SELL
TLT,2024-03-01T00:00:00.000000,0,44.32,SELL
TLT,2024-03-04T00:00:00.000000,0,44.32,SELL
TLT,2024-03-05T00:00:00.000000,0,44.32,SELL
TLT,2024-03-06T00:00:00.000000,0,44.32,SELL
TLT,2024-03-07T00:00:00.000000,0,44.32,SELL
TLT,2024-03-08T00:00:00.000000,0,44.32,SELL
TLT,2024-03-11T00:00:00.000000,0,46.44,SELL
TLT,2024-03-12T00:00:00.000000,1,50.07,BUY
TLT,2024-03-13T00:00:00.000000,1,50.07,BUY
TLT,2024-03-14T00:00:00.000000,1,50.07,BUY
TLT,2024-03-15T00:00:00.000000,1,50.07,BUY
TLT,2024-03-18T00:00:00.000000,1,50.07,BUY
TLT,2024-03-19T00:00:00.000000,1,50.07,BUY
TLT,2024-03-20T00:00:00.000000,1,50.07,BUY
TLT,2024-03-21T00:00:00.000000,1,50.0,BUY
TLT,2024-03-22T00:00:00.000000,0,46.44,SELL
TLT,2024-03-25T00:00:00.000000,0,44.32,SELL
TLT,2024-03-26T00:00:00.000000,0,44.32,SELL
TLT,2024-03-27T00:00:00.000000,0,44.32,SELL
TLT,2024-03-28T00:00:00.000000,0,44.32,SELL
TLT,2024-04-01T00:00:00.000000,0,44.32,SELL
TLT,2024-04-02T00:00:00.000000,0,44.32,SELL
TLT,2024-04-03T00:00:00.000000,0,44.32,SELL
TLT,2024-04-04T00:00:00.000000,0,44.32,SELL
TLT,2024-04-05T00:00:00.000000,0,44.32,SELL
TLT,2024-04-08T00:00:00.000000,0,44.32,SELL
TLT,2024-04-09T00:00:00.000000,0,44.32,SELL
TLT,2024-04-10T00:00:00.000000,0,46.44,SELL
TLT,2024-04-11T00:00:00.000000,0,46.44,SELL
TLT,2024-04-12T00:00:00.000000,1,50.0,BUY
TLT,2024-04-15T00:00:00.000000,1,50.07,BUY
TLT,2024-04-16T00:00:00.000000,1,50.07,BUY
TLT,2024-04-17T00:00:00.000000,1,50.07,BUY
TLT,2024-04-18T00:00:00.000000,1,51.22,BUY
TLT,2024-04-19T00:00:00.000000,1,51.22,BUY
TLT,2024-04-22T00:00:00.000000,1,51.22,BUY
TLT,2024-04-23T00:00:00.000000,1,51.22,BUY
TLT,2024-04-24T00:00:00.000000,1,51.22,BUY
TLT,2024-04-25T00:00:00.000000,1,51.22,BUY
TLT,2024-04-26T00:00:00.000000,1,51.22,BUY
TLT,2024-04-29T00:00:00.000000,1,51.22,BUY
TLT,2024-04-30T00:00:00.000000,1,50.07,BUY
TLT,2024-05-01T00:00:00.000000,1,50.07,BUY
TLT,2024-05-02T00:00:00.000000,0,47.54,SELL
TLT,2024-05-03T00:00:00.000000,0,44.32,SELL
TLT,2024-05-06T00:00:00.000000,0,44.32,SELL
TLT,2024-05-07T00:00:00.000000,0,44.32,SELL
TLT,2024-05-08T00:00:00.000000,0,44.32,SELL
TLT,2024-05-09T00:00:00.000000,0,44.32,SELL
TLT,2024-05-10T00:00:00.000000,0,44.32,SELL
TLT,2024-05-13T00:00:00.000000,0,46.44,SELL
TLT,2024-05-14T00:00:00.000000,0,46.44,SELL
TLT,2024-05-15T00:00:00.000000,0,44.32,SELL
TLT,2024-05-16T00:00:00.000000,0,44.32,SELL
TLT,2024-05-17T00:00:00.000000,0,44.32,SELL
TLT,2024-05-20T00:00:00.000000,0,44.32,SELL
TLT,2024-05-21T00:00:00.000000,0,44.32,SELL
TLT,2024-05-22T00:00:00.000000,0,44.32,SELL
TLT,2024-05-23T00:00:00.000000,0,44.32,SELL
TLT,2024-05-24T00:00:00.000000,0,46.44,SELL
TLT,2024-05-28T00:00:00.000000,0,46.44,SELL
TLT,2024-05-29T00:00:00.000000,0,46.44,SELL
TLT,2024-05-30T00:00:00.000000,0,46.44,SELL
TLT,2024-05-31T00:00:00.000000,1,50.07,BUY
TLT,2024-06-03T00:00:00.000000,1,50.07,BUY
TLT,2024-06-04T00:00:00.000000,1,50.07,BUY
TLT,2024-06-05T00:00:00.000000,1,50.07,BUY
TLT,2024-06-06T00:00:00.000000,1,50.07,BUY
TLT,2024-06-07T00:00:00.000000,1,50.07,BUY
TLT,2024-06-10T00:00:00.000000,1,50.07,BUY
TLT,2024-06-11T00:00:00.000000,1,50.07,BUY
TLT,2024-06-12T00:00:00.000000,1,50.07,BUY
TLT,2024-06-13T00:00:00.000000,1,50.07,BUY
TLT,2024-06-14T00:00:00.000000,1,50.0,BUY
TLT,2024-06-17T00:00:00.000000,1,50.07,BUY
TLT,2024-06-18T00:00:00.000000,1,50.07,BUY
TLT,2024-06-20T00:00:00.000000,1,51.22,BUY
TLT,2024-06-21T00:00:00.000000,1,51.22,BUY
TLT,2024-06-24T00:00:00.000000,1,51.22,BUY
TLT,2024-06-25T00:00:00.000000,1,51.22,BUY
TLT,2024-06-26T00:00:00.000000,1,51.22,BUY
TLT,2024-06-27T00:00:00.000000,1,51.22,BUY
TLT,2024-06-28T00:00:00.000000,1,51.22,BUY
TLT,2024-07-01T00:00:00.000000,1,51.22,BUY
TLT,2024-07-02T00:00:00.000000,1,51.22,BUY
TLT,2024-07-03T00:00:00.000000,1,51.22,BUY
TLT,2024-07-05T00:00:00.000000,1,51.22,BUY
TLT,2024-07-08T00:00:00.000000,1,51.22,BUY
TLT,2024-07-09T00:00:00.000000,1,51.22,BUY
TLT,2024-07-10T00:00:00.000000,1,51.22,BUY
TLT,2024-07-11T00:00:00.000000,1,50.07,BUY
TLT,2024-07-12T00:00:00.000000,1,50.0,BUY
TLT,2024-07-15T00:00:00.000000,0,46.44,SELL
TLT,2024-07-16T00:00:00.000000,0,44.32,SELL
TLT,2024-07-17T00:00:00.000000,0,44.32,SELL
TLT,2024-07-18T00:00:00.000000,0,44.32,SELL
TLT,2024-07-19T00:00:00.000000,0,44.32,SELL
TLT,2024-07-22T00:00:00.000000,0,44.9,SELL
TLT,2024-07-23T00:00:00.000000,0,46.44,SELL
TLT,2024-07-24T00:00:00.000000,0,46.44,SELL
TLT,2024-07-25T00:00:00.000000,0,46.44,SELL
TLT,2024-07-26T00:00:00.000000,0,46.44,SELL
TLT,2024-07-29T00:00:00.000000,0,46.44,SELL
TLT,2024-07-30T00:00:00.000000,0,46.44,SELL
TLT,2024-07-31T00:00:00.000000,1,50.07,BUY
TLT,2024-08-01T00:00:00.000000,1,50.07,BUY
TLT,2024-08-02T00:00:00.000000,1,51.15,BUY
TLT,2024-08-05T00:00:00.000000,1,51.22,BUY
TLT,2024-08-06T00:00:00.000000,1,51.22,BUY
TLT,2024-08-07T00:00:00.000000,1,51.22,BUY
TLT,2024-08-08T00:00:00.000000,1,51.22,BUY
TLT,2024-08-09T00:00:00.000000,1,51.15,BUY
TLT,2024-08-12T00:00:00.000000,1,51.22,BUY
TLT,2024-08-13T00:00:00.000000,1,51.22,BUY
TLT,2024-08-14T00:00:00.000000,1,51.22,BUY
TLT,2024-08-15T00:00:00.000000,1,51.22,BUY
TLT,2024-08-16T00:00:00.000000,1,51.22,BUY
TLT,2024-08-19T00:00:00.000000,1,51.22,BUY
TLT,2024-08-20T00:00:00.000000,1,51.22,BUY
TLT,2024-08-21T00:00:00.000000,1,51.15,BUY
TLT,2024-08-22T00:00:00.000000,1,50.0,BUY
TLT,2024-08-23T00:00:00.000000,0,44.32,SELL
TLT,2024-08-26T00:00:00.000000,0,44.32,SELL
TLT,2024-08-27T00:00:00.000000,0,44.32,SELL
TLT,2024-08-28T00:00:00.000000,0,44.32,SELL
TLT,2024-08-29T00:00:00.000000,0,44.32,SELL
TLT,2024-08-30T00:00:00.000000,0,44.32,SELL
TLT,2024-09-03T00:00:00.000000,0,44.32,SELL
TLT,2024-09-04T00:00:00.000000,0,46.44,SELL
TLT,2024-09-05T00:00:00.000000,1,50.07,BUY
TLT,2024-09-06T00:00:00.000000,1,51.22,BUY
TLT,2024-09-09T00:00:00.000000,1,51.22,BUY
TLT,2024-09-10T00:00:00.000000,1,51.22,BUY
TLT,2024-09-11T00:00:00.000000,1,51.22,BUY
TLT,2024-09-12T00:00:00.000000,1,51.22,BUY
TLT,2024-09-13T00:00:00.000000,1,51.22,BUY
TLT,2024-09-16T00:00:00.000000,1,51.22,BUY
TLT,2024-09-17T00:00:00.000000,1,51.22,BUY
TLT,2024-09-18T00:00:00.000000,1,51.22,BUY
TLT,2024-09-19T00:00:00.000000,1,51.22,BUY
TLT,2024-09-20T00:00:00.000000,1,51.22,BUY
TLT,2024-09-23T00:00:00.000000,1,51.22,BUY
TLT,2024-09-24T00:00:00.000000,1,51.22,BUY
TLT,2024-09-25T00:00:00.000000,1,51.15,BUY
TLT,2024-09-26T00:00:00.000000,1,50.07,BUY
TLT,2024-09-27T00:00:00.000000,0,46.44,SELL
TLT,2024-09-30T00:00:00.000000,0,44.32,SELL
TLT,2024-10-01T00:00:00.000000,0,44.32,SELL
TLT,2024-10-02T00:00:00.000000,0,44.32,SELL
TLT,2024-10-03T00:00:00.000000,0,44.32,SELL
TLT,2024-10-04T00:00:00.000000,0,44.32,SELL
TLT,2024-10-07T00:00:00.000000,0,44.32,SELL
TLT,2024-10-08T00:00:00.000000,0,44.32,SELL
TLT,2024-10-09T00:00:00.000000,0,44.32,SELL
TLT,2024-10-10T00:00:00.000000,0,44.32,SELL
TLT,2024-10-11T00:00:00.000000,0,43.6,SELL
TLT,2024-10-14T00:00:00.000000,0,43.6,SELL
TLT,2024-10-15T00:00:00.000000,0,41.9,SELL
TLT,2024-10-16T00:00:00.000000,0,41.74,SELL
TLT,2024-10-17T00:00:00.000000,0,41.67,SELL
TLT,2024-10-18T00:00:00.000000,0,25.0,SELL
TLT,2024-10-21T00:00:00.000000,0,28.81,SELL
TLT,2024-10-22T00:00:00.000000,0,39.33,SELL
TLT,2024-10-23T00:00:00.000000,0,41.67,SELL
TLT,2024-10-24T00:00:00.000000,0,41.9,SELL
TLT,2024-10-25T00:00:00.000000,0,41.9,SELL
TLT,2024-10-28T00:00:00.000000,0,41.9,SELL
TLT,2024-10-29T00:00:00.000000,0,43.59,SELL
TLT,2024-10-30T00:00:00.000000,0,43.59,SELL
TLT,2024-10-31T00:00:00.000000,0,43.59,SELL
TLT,2024-11-01T00:00:00.000000,0,43.29,SELL
TLT,2024-11-04T00:00:00.000000,0,41.9,SELL
TLT,2024-11-05T00:00:00.000000,0,41.9,SELL
TLT,2024-11-06T00:00:00.000000,0,43.59,SELL
TLT,2024-11-07T00:00:00.000000,0,43.6,SELL
TLT,2024-11-08T00:00:00.000000,0,43.6,SELL
TLT,2024-11-11T00:00:00.000000,0,43.6,SELL
TLT,2024-11-12T00:00:00.000000,0,43.59,SELL
TLT,2024-11-13T00:00:00.000000,0,43.59,SELL
TLT,2024-11-14T00:00:00.000000,0,43.59,SELL
TLT,2024-11-15T00:00:00.000000,0,41.9,SELL
TLT,2024-11-18T00:00:00.000000,0,41.9,SELL
TLT,2024-11-19T00:00:00.000000,0,41.9,SELL
TLT,2024-11-20T00:00:00.000000,0,41.9,SELL
TLT,2024-11-21T00:00:00.000000,0,43.59,SELL
TLT,2024-11-22T00:00:00.000000,0,43.6,SELL
TLT,2024-11-25T00:00:00.000000,0,43.6,SELL
TLT,2024-11-26T00:00:00.000000,0,44.32,SELL
TLT,2024-11-27T00:00:00.000000,0,44.32,SELL
TLT,2024-11-29T00:00:00.000000,0,44.32,SELL
TLT,2024-12-02T00:00:00.000000,0,44.32,SELL
TLT,2024-12-03T00:00:00.000000,0,44.32,SELL
TLT,2024-12-04T00:00:00.000000,0,44.32,SELL
TLT,2024-12-05T00:00:00.000000,0,44.32,SELL
TLT,2024-12-06T00:00:00.000000,0,44.32,SELL
TLT,2024-12-09T00:00:00.000000,0,44.32,SELL
TLT,2024-12-10T00:00:00.000000,0,44.32,SELL
TLT,2024-12-11T00:00:00.000000,0,44.32,SELL
TLT,2024-12-12T00:00:00.000000,0,46.44,SELL
TLT,2024-12-13T00:00:00.000000,0,46.44,SELL
TLT,2024-12-16T00:00:00.000000,1,50.07,BUY
TLT,2024-12-17T00:00:00.000000,1,50.07,BUY
TLT,2024-12-18T00:00:00.000000,1,50.07,BUY
TLT,2024-12-19T00:00:00.000000,1,50.07,BUY
TLT,2024-12-20T00:00:00.000000,1,50.07,BUY
TSLA,2023-02-21T00:00:00.000000,0,44.32,SELL
TSLA,2023-02-22T00:00:00.000000,0,44.32,SELL
TSLA,2023-02-23T00:00:00.000000,0,44.32,SELL
TSLA,2023-02-24T00:00:00.000000,0,44.32,SELL
TSLA,2023-02-27T00:00:00.000000,0,43.6,SELL
TSLA,2023-02-28T00:00:00.000000,0,43.6,SELL
TSLA,2023-03-01T00:00:00.000000,0,43.6,SELL
TSLA,2023-03-02T00:00:00.000000,0,44.32,SELL
TSLA,2023-03-03T00:00:00.000000,0,46.44,SELL
TSLA,2023-03-06T00:00:00.000000,1,51.15,BUY
TSLA,2023-03-07T00:00:00.000000,1,51.22,BUY
TSLA,2023-03-08T00:00:00.000000,1,51.22,BUY
TSLA,2023-03-09T00:00:00.000000,1,51.22,BUY
TSLA,2023-03-10T00:00:00.000000,1,51.22,BUY
TSLA,2023-03-13T00:00:00.000000,1,51.22,BUY
TSLA,2023-03-14T00:00:00.000000,1,51.22,BUY
TSLA,2023-03-15T00:00:00.000000,1,51.22,BUY
TSLA,2023-03-16T00:00:00.000000,1,51.22,BUY
TSLA,2023-03-17T00:00:00.000000,1,51.22,BUY
TSLA,2023-03-20T00:00:00.000000,1,51.22,BUY
TSLA,2023-03-21T00:00:00.000000,1,51.22,BUY
TSLA,2023-03-22T00:00:00.000000,1,51.22,BUY
TSLA,2023-03-23T00:00:00.000000,1,51.22,BUY
TSLA,2023-03-24T00:00:00.000000,1,51.22,BUY
TSLA,2023-03-27T00:00:00.000000,1,51.22,BUY
TSLA,2023-03-28T00:00:00.000000,1,51.22,BUY
TSLA,2023-03-29T00:00:00.000000,1,51.22,BUY
TSLA,2023-03-30T00:00:00.000000,1,51.22,BUY
TSLA,2023-03-31T00:00:00.000000,1,51.22,BUY
TSLA,2023-04-03T00:00:00.000000,1,50.07,BUY
TSLA,2023-04-04T00:00:00.000000,1,50.07,BUY
TSLA,2023-04-05T00:00:00.000000,1,50.07,BUY
TSLA,2023-04-06T00:00:00.000000,1,51.19,BUY
TSLA,2023-04-10T00:00:00.000000,1,51.22,BUY
TSLA,2023-04-11T00:00:00.000000,1,51.22,BUY
TSLA,2023-04-12T00:00:00.000000,1,51.22,BUY
TSLA,2023-04-13T00:00:00.000000,1,51.22,BUY
TSLA,2023-04-14T00:00:00.000000,1,51.22,BUY
TSLA,2023-04-17T00:00:00.000000,1,51.22,BUY
TSLA,2023-04-18T00:00:00.000000,1,51.22,BUY
TSLA,2023-04-19T00:00:00.000000,1,51.22,BUY
TSLA,2023-04-20T00:00:00.000000,1,51.22,BUY
TSLA,2023-04-21T00:00:00.000000,1,51.22,BUY
TSLA,2023-04-24T00:00:00.000000,1,51.22,BUY
TSLA,2023-04-25T00:00:00.000000,1,51.22,BUY
TSLA,2023-04-26T00:00:00.000000,1,51.22,BUY
TSLA,2023-04-27T00:00:00.000000,1,51.22,BUY
TSLA,2023-04-28T00:00:00.000000,1,51.22,BUY
TSLA,2023-05-01T00:00:00.000000,1,51.22,BUY
TSLA,2023-05-02T00:00:00.000000,1,51.22,BUY
TSLA,2023-05-03T00:00:00.000000,1,51.22,BUY
TSLA,2023-05-04T00:00:00.000000,1,51.22,BUY
TSLA,2023-05-05T00:00:00.000000,1,51.22,BUY
TSLA,2023-05-08T00:00:00.000000,1,51.22,BUY
TSLA,2023-05-09T00:00:00.000000,1,51.22,BUY
TSLA,2023-05-10T00:00:00.000000,1,51.22,BUY
TSLA,2023-05-11T00:00:00.000000,1,51.22,BUY
TSLA,2023-05-12T00:00:00.000000,1,51.22,BUY
TSLA,2023-05-15T00:00:00.000000,1,51.22,BUY
TSLA,2023-05-16T00:00:00.000000,1,51.22,BUY
TSLA,2023-05-17T00:00:00.000000,1,51.22,BUY
TSLA,2023-05-18T00:00:00.000000,1,51.22,BUY
TSLA,2023-05-19T00:00:00.000000,1,51.22,BUY
TSLA,2023-05-22T00:00:00.000000,1,51.22,BUY
TSLA,2023-05-23T00:00:00.000000,1,51.22,BUY
TSLA,2023-05-24T00:00:00.000000,1,51.22,BUY
TSLA,2023-05-25T00:00:00.000000,1,51.22,BUY
TSLA,2023-05-26T00:00:00.000000,1,51.22,BUY
TSLA,2023-05-30T00:00:00.000000,1,51.22,BUY
TSLA,2023-05-31T00:00:00.000000,1,51.22,BUY
TSLA,2023-06-01T00:00:00.000000,1,51.22,BUY
TSLA,2023-06-02T00:00:00.000000,1,51.22,BUY
TSLA,2023-06-05T00:00:00.000000,1,51.22,BUY
TSLA,2023-06-06T00:00:00.000000,1,51.22,BUY
TSLA,2023-06-07T00:00:00.000000,1,51.22,BUY
TSLA,2023-06-08T00:00:00.000000,1,51.22,BUY
TSLA,2023-06-09T00:00:00.000000,1,51.22,BUY
TSLA,2023-06-12T00:00:00.000000,1,50.07,BUY
TSLA,2023-06-13T00:00:00.000000,0,46.44,SELL
TSLA,2023-06-14T00:00:00.000000,0,46.44,SELL
TSLA,2023-06-15T00:00:00.000000,0,44.32,SELL
TSLA,2023-06-16T00:00:00.000000,0,44.32,SELL
TSLA,2023-06-20T00:00:00.000000,0,43.6,SELL
TSLA,2023-06-21T00:00:00.000000,0,43.6,SELL
TSLA,2023-06-22T00:00:00.000000,0,43.6,SELL
TSLA,2023-06-23T00:00:00.000000,0,43.6,SELL
TSLA,2023-06-26T00:00:00.000000,0,43.6,SELL
TSLA,2023-06-27T00:00:00.000000,0,43.6,SELL
TSLA,2023-06-28T00:00:00.000000,0,43.6,SELL
TSLA,2023-06-29T00:00:00.000000,0,44.32,SELL
TSLA,2023-06-30T00:00:00.000000,0,43.6,SELL
TSLA,2023-07-03T00:00:00.000000,0,44.32,SELL
TSLA,2023-07-05T00:00:00.000000,0,43.6,SELL
TSLA,2023-07-06T00:00:00.000000,0,44.32,SELL
TSLA,2023-07-07T00:00:00.000000,0,43.6,SELL
TSLA,2023-07-10T00:00:00.000000,0,44.32,SELL
TSLA,2023-07-11T00:00:00.000000,0,43.6,SELL
TSLA,2023-07-12T00:00:00.000000,0,43.6,SELL
TSLA,2023-07-13T00:00:00.000000,0,43.6,SELL
TSLA,2023-07-14T00:00:00.000000,0,44.32,SELL
TSLA,2023-07-17T00:00:00.000000,0,44.32,SELL
TSLA,2023-07-18T00:00:00.000000,0,44.32,SELL
TSLA,2023-07-19T00:00:00.000000,0,44.32,SELL
TSLA,2023-07-20T00:00:00.000000,0,44.32,SELL
TSLA,2023-07-21T00:00:00.000000,0,44.9,SELL
TSLA,2023-07-24T00:00:00.000000,0,44.9,SELL
TSLA,2023-07-25T00:00:00.000000,0,44.9,SELL
TSLA,2023-07-26T00:00:00.000000,0,44.32,SELL
TSLA,2023-07-27T00:00:00.000000,0,44.9,SELL
TSLA,2023-07-28T00:00:00.000000,1,50.07,BUY
TSLA,2023-07-31T00:00:00.000000,1,51.22,BUY
TSLA,2023-08-01T00:00:00.000000,1,51.22,BUY
TSLA,2023-08-02T00:00:00.000000,1,51.22,BUY
TSLA,2023-08-03T00:00:00.000000,1,51.22,BUY
TSLA,2023-08-04T00:00:00.000000,1,51.22,BUY
TSLA,2023-08-07T00:00:00.000000,1,51.22,BUY
TSLA,2023-08-08T00:00:00.000000,1,51.22,BUY
TSLA,2023-08-09T00:00:00.000000,1,51.22,BUY
TSLA,2023-08-10T00:00:00.000000,1,51.22,BUY
TSLA,2023-08-11T00:00:00.000000,1,51.22,BUY
TSLA,2023-08-14T00:00:00.000000,1,51.22,BUY
TSLA,2023-08-15T00:00:00.000000,1,51.22,BUY
TSLA,2023-08-16T00:00:00.000000,1,51.22,BUY
TSLA,2023-08-17T00:00:00.000000,1,51.22,BUY
TSLA,2023-08-18T00:00:00.000000,1,51.22,BUY
TSLA,2023-08-21T00:00:00.000000,1,51.22,BUY
TSLA,2023-08-22T00:00:00.000000,1,51.22,BUY
TSLA,2023-08-23T00:00:00.000000,1,51.22,BUY
TSLA,2023-08-24T00:00:00.000000,1,51.22,BUY
TSLA,2023-08-25T00:00:00.000000,1,51.22,BUY
TSLA,2023-08-28T00:00:00.000000,1,51.22,BUY
TSLA,2023-08-29T00:00:00.000000,1,51.22,BUY
TSLA,2023-08-30T00:00:00.000000,1,51.22,BUY
TSLA,2023-08-31T00:00:00.000000,1,51.22,BUY
TSLA,2023-09-01T00:00:00.000000,1,51.22,BUY
TSLA,2023-09-05T00:00:00.000000,1,51.22,BUY
TSLA,2023-09-06T00:00:00.000000,1,51.22,BUY
TSLA,2023-09-07T00:00:00.000000,1,51.22,BUY
TSLA,2023-09-08T00:00:00.000000,1,51.22,BUY
TSLA,2023-09-11T00:00:00.000000,1,51.22,BUY
TSLA,2023-09-12T00:00:00.000000,1,51.22,BUY
TSLA,2023-09-13T00:00:00.000000,1,51.22,BUY
TSLA,2023-09-14T00:00:00.000000,1,51.22,BUY
TSLA,2023-09-15T00:00:00.000000,1,51.15,BUY
TSLA,2023-09-18T00:00:00.000000,1,50.07,BUY
TSLA,2023-09-19T00:00:00.000000,0,46.44,SELL
TSLA,2023-09-20T00:00:00.000000,0,44.9,SELL
TSLA,2023-09-21T00:00:00.000000,0,44.32,SELL
TSLA,2023-09-22T00:00:00.000000,0,44.32,SELL
TSLA,2023-09-25T00:00:00.000000,0,44.32,SELL
TSLA,2023-09-26T00:00:00.000000,0,44.9,SELL
TSLA,2023-09-27T00:00:00.000000,1,50.07,BUY
TSLA,2023-09-28T00:00:00.000000,1,51.22,BUY
TSLA,2023-09-29T00:00:00.000000,1,51.22,BUY
TSLA,2023-10-02T00:00:00.000000,1,51.22,BUY
TSLA,2023-10-03T00:00:00.000000,1,51.22,BUY
TSLA,2023-10-04T00:00:00.000000,1,51.22,BUY
TSLA,2023-10-05T00:00:00.000000,1,51.22,BUY
TSLA,2023-10-06T00:00:00.000000,1,51.22,BUY
TSLA,2023-10-09T00:00:00.000000,1,51.22,BUY
TSLA,2023-10-10T00:00:00.000000,1,51.22,BUY
TSLA,2023-10-11T00:00:00.000000,1,51.22,BUY
TSLA,2023-10-12T00:00:00.000000,1,51.22,BUY
TSLA,2023-10-13T00:00:00.000000,1,51.22,BUY
TSLA,2023-10-16T00:00:00.000000,1,51.22,BUY
TSLA,2023-10-17T00:00:00.000000,1,51.22,BUY
TSLA,2023-10-18T00:00:00.000000,1,51.22,BUY
TSLA,2023-10-19T00:00:00.000000,1,51.22,BUY
TSLA,2023-10-20T00:00:00.000000,1,51.22,BUY
TSLA,2023-10-23T00:00:00.000000,1,51.22,BUY
TSLA,2023-10-24T00:00:00.000000,1,51.22,BUY
TSLA,2023-10-25T00:00:00.000000,1,51.22,BUY
TSLA,2023-10-26T00:00:00.000000,1,51.22,BUY
TSLA,2023-10-27T00:00:00.000000,1,51.22,BUY
TSLA,2023-10-30T00:00:00.000000,1,51.22,BUY
TSLA,2023-10-31T00:00:00.000000,1,51.22,BUY
TSLA,2023-11-01T00:00:00.000000,1,51.22,BUY
TSLA,2023-11-02T00:00:00.000000,1,51.22,BUY
TSLA,2023-11-03T00:00:00.000000,1,51.22,BUY
TSLA,2023-11-06T00:00:00.000000,1,51.22,BUY
TSLA,2023-11-07T00:00:00.000000,1,51.22,BUY
TSLA,2023-11-08T00:00:00.000000,1,51.22,BUY
TSLA,2023-11-09T00:00:00.000000,1,51.22,BUY
TSLA,2023-11-10T00:00:00.000000,1,51.22,BUY
TSLA,2023-11-13T00:00:00.000000,1,51.22,BUY
TSLA,2023-11-14T00:00:00.000000,1,51.22,BUY
TSLA,2023-11-15T00:00:00.000000,1,51.22,BUY
TSLA,2023-11-16T00:00:00.000000,1,50.07,BUY
TSLA,2023-11-17T00:00:00.000000,1,50.07,BUY
TSLA,2023-11-20T00:00:00.000000,1,51.15,BUY
TSLA,2023-11-21T00:00:00.000000,1,51.22,BUY
TSLA,2023-11-22T00:00:00.000000,1,51.22,BUY
TSLA,2023-11-24T00:00:00.000000,1,51.22,BUY
TSLA,2023-11-27T00:00:00.000000,1,51.22,BUY
TSLA,2023-11-28T00:00:00.000000,1,51.22,BUY
TSLA,2023-11-29T00:00:00.000000,1,51.22,BUY
TSLA,2023-11-30T00:00:00.000000,1,51.22,BUY
TSLA,2023-12-01T00:00:00.000000,1,51.22,BUY
TSLA,2023-12-04T00:00:00.000000,1,51.22,BUY
TSLA,2023-12-05T00:00:00.000000,1,51.22,BUY
TSLA,2023-12-06T00:00:00.000000,1,50.07,BUY
TSLA,2023-12-07T00:00:00.000000,1,50.07,BUY
TSLA,2023-12-08T00:00:00.000000,1,50.07,BUY
TSLA,2023-12-11T00:00:00.000000,1,50.07,BUY
TSLA,2023-12-12T00:00:00.000000,1,50.0,BUY
TSLA,2023-12-13T00:00:00.000000,1,50.07,BUY
TSLA,2023-12-14T00:00:00.000000,1,50.07,BUY
TSLA,2023-12-15T00:00:00.000000,1,51.22,BUY
TSLA,2023-12-18T00:00:00.000000,1,50.07,BUY
TSLA,2023-12-19T00:00:00.000000,1,50.07,BUY
TSLA,2023-12-20T00:00:00.000000,0,46.44,SELL
TSLA,2023-12-21T00:00:00.000000,0,46.44,SELL
TSLA,2023-12-22T00:00:00.000000,0,44.9,SELL
TSLA,2023-12-26T00:00:00.000000,0,44.32,SELL
TSLA,2023-12-27T00:00:00.000000,0,44.32,SELL
TSLA,2023-12-28T00:00:00.000000,0,44.32,SELL
TSLA,2023-12-29T00:00:00.000000,0,44.32,SELL
TSLA,2024-01-02T00:00:00.000000,0,44.32,SELL
TSLA,2024-01-03T00:00:00.000000,0,44.32,SELL
TSLA,2024-01-04T00:00:00.000000,0,44.9,SELL
TSLA,2024-01-05T00:00:00.000000,0,47.54,SELL
TSLA,2024-01-08T00:00:00.000000,1,50.07,BUY
TSLA,2024-01-09T00:00:00.000000,1,51.22,BUY
TSLA,2024-01-10T00:00:00.000000,1,51.22,BUY
TSLA,2024-01-11T00:00:00.000000,1,51.22,BUY
TSLA,2024-01-12T00:00:00.000000,1,51.22,BUY
TSLA,2024-01-16T00:00:00.000000,1,51.22,BUY
TSLA,2024-01-17T00:00:00.000000,1,51.22,BUY
TSLA,2024-01-18T00:00:00.000000,1,51.22,BUY
TSLA,2024-01-19T00:00:00.000000,1,51.22,BUY
TSLA,2024-01-22T00:00:00.000000,1,51.22,BUY
TSLA,2024-01-23T00:00:00.000000,1,51.22,BUY
TSLA,2024-01-24T00:00:00.000000,1,51.22,BUY
TSLA,2024-01-25T00:00:00.000000,1,51.22,BUY
TSLA,2024-01-26T00:00:00.000000,1,50.07,BUY
TSLA,2024-01-29T00:00:00.000000,0,46.44,SELL
TSLA,2024-01-30T00:00:00.000000,0,44.32,SELL
TSLA,2024-01-31T00:00:00.000000,0,44.32,SELL
TSLA,2024-02-01T00:00:00.000000,0,44.32,SELL
TSLA,2024-02-02T00:00:00.000000,0,44.32,SELL
TSLA,2024-02-05T00:00:00.000000,1,50.07,BUY
TSLA,2024-02-06T00:00:00.000000,1,50.07,BUY
TSLA,2024-02-07T00:00:00.000000,1,50.07,BUY
TSLA,2024-02-08T00:00:00.000000,1,50.07,BUY
TSLA,2024-02-09T00:00:00.000000,1,51.22,BUY
TSLA,2024-02-12T00:00:00.000000,1,51.22,BUY
TSLA,2024-02-13T00:00:00.000000,1,51.22,BUY
TSLA,2024-02-14T00:00:00.000000,1,51.22,BUY
TSLA,2024-02-15T00:00:00.000000,1,51.22,BUY
TSLA,2024-02-16T00:00:00.000000,1,51.22,BUY
TSLA,2024-02-20T00:00:00.000000,1,51.22,BUY
TSLA,2024-02-21T00:00:00.000000,1,51.22,BUY
TSLA,2024-02-22T00:00:00.000000,1,51.22,BUY
TSLA,2024-02-23T00:00:00.000000,1,51.22,BUY
TSLA,2024-02-26T00:00:00.000000,1,51.22,BUY
TSLA,2024-02-27T00:00:00.000000,1,51.22,BUY
TSLA,2024-02-28T00:00:00.000000,1,51.22,BUY
TSLA,2024-02-29T00:00:00.000000,1,51.22,BUY
TSLA,2024-03-01T00:00:00.000000,1,51.22,BUY
TSLA,2024-03-04T00:00:00.000000,1,51.22,BUY
TSLA,2024-03-05T00:00:00.000000,1,51.22,BUY
TSLA,2024-03-06T00:00:00.000000,1,51.22,BUY
TSLA,2024-03-07T00:00:00.000000,1,51.22,BUY
TSLA,2024-03-08T00:00:00.000000,1,51.22,BUY
TSLA,2024-03-11T00:00:00.000000,1,51.22,BUY
TSLA,2024-03-12T00:00:00.000000,1,51.22,BUY
TSLA,2024-03-13T00:00:00.000000,1,51.22,BUY
TSLA,2024-03-14T00:00:00.000000,1,51.22,BUY
TSLA,2024-03-15T00:00:00.000000,1,51.22,BUY
TSLA,2024-03-18T00:00:00.000000,1,51.22,BUY
TSLA,2024-03-19T00:00:00.000000,1,51.22,BUY
TSLA,2024-03-20T00:00:00.000000,1,51.22,BUY
TSLA,2024-03-21T00:00:00.000000,1,51.22,BUY
TSLA,2024-03-22T00:00:00.000000,1,51.22,BUY
TSLA,2024-03-25T00:00:00.000000,1,51.22,BUY
TSLA,2024-03-26T00:00:00.000000,1,51.22,BUY
TSLA,2024-03-27T00:00:00.000000,1,51.22,BUY
TSLA,2024-03-28T00:00:00.000000,1,51.22,BUY
TSLA,2024-04-01T00:00:00.000000,1,51.22,BUY
TSLA,2024-04-02T00:00:00.000000,1,50.07,BUY
TSLA,2024-04-03T00:00:00.000000,1,50.07,BUY
TSLA,2024-04-04T00:00:00.000000,1,50.07,BUY
TSLA,2024-04-05T00:00:00.000000,1,50.07,BUY
TSLA,2024-04-08T00:00:00.000000,1,51.22,BUY
TSLA,2024-04-09T00:00:00.000000,1,51.22,BUY
TSLA,2024-04-10T00:00:00.000000,1,51.22,BUY
TSLA,2024-04-11T00:00:00.000000,1,51.22,BUY
TSLA,2024-04-12T00:00:00.000000,1,51.22,BUY
TSLA,2024-04-15T00:00:00.000000,1,51.22,BUY
TSLA,2024-04-16T00:00:00.000000,1,51.22,BUY
TSLA,2024-04-17T00:00:00.000000,1,51.22,BUY
TSLA,2024-04-18T00:00:00.000000,1,51.22,BUY
TSLA,2024-04-19T00:00:00.000000,1,51.22,BUY
TSLA,2024-04-22T00:00:00.000000,1,51.22,BUY
TSLA,2024-04-23T00:00:00.000000,1,51.22,BUY
TSLA,2024-04-24T00:00:00.000000,1,51.22,BUY
TSLA,2024-04-25T00:00:00.000000,1,51.22,BUY
TSLA,2024-04-26T00:00:00.000000,1,51.22,BUY
TSLA,2024-04-29T00:00:00.000000,1,51.22,BUY
TSLA,2024-04-30T00:00:00.000000,1,51.22,BUY
TSLA,2024-05-01T00:00:00.000000,1,51.22,BUY
TSLA,2024-05-02T00:00:00.000000,1,51.22,BUY
TSLA,2024-05-03T00:00:00.000000,1,51.22,BUY
TSLA,2024-05-06T00:00:00.000000,1,51.22,BUY
TSLA,2024-05-07T00:00:00.000000,1,51.22,BUY
TSLA,2024-05-08T00:00:00.000000,1,51.22,BUY
TSLA,2024-05-09T00:00:00.000000,1,51.22,BUY
TSLA,2024-05-10T00:00:00.000000,1,51.22,BUY
TSLA,2024-05-13T00:00:00.000000,1,51.22,BUY
TSLA,2024-05-14T00:00:00.000000,1,51.22,BUY
TSLA,2024-05-15T00:00:00.000000,1,51.22,BUY
TSLA,2024-05-16T00:00:00.000000,1,51.22,BUY
TSLA,2024-05-17T00:00:00.000000,1,51.22,BUY
TSLA,2024-05-20T00:00:00.000000,1,51.22,BUY
TSLA,2024-05-21T00:00:00.000000,1,50.07,BUY
TSLA,2024-05-22T00:00:00.000000,0,44.32,SELL
TSLA,2024-05-23T00:00:00.000000,0,44.32,SELL
TSLA,2024-05-24T00:00:00.000000,0,43.6,SELL
TSLA,2024-05-28T00:00:00.000000,0,43.6,SELL
TSLA,2024-05-29T00:00:00.000000,0,44.32,SELL
TSLA,2024-05-30T00:00:00.000000,0,44.32,SELL
TSLA,2024-05-31T00:00:00.000000,1,50.07,BUY
TSLA,2024-06-03T00:00:00.000000,1,51.22,BUY
TSLA,2024-06-04T00:00:00.000000,1,51.22,BUY
TSLA,2024-06-05T00:00:00.000000,1,51.22,BUY
TSLA,2024-06-06T00:00:00.000000,1,51.22,BUY
TSLA,2024-06-07T00:00:00.000000,1,51.22,BUY
TSLA,2024-06-10T00:00:00.000000,1,51.22,BUY
TSLA,2024-06-11T00:00:00.000000,1,51.22,BUY
TSLA,2024-06-12T00:00:00.000000,1,51.22,BUY
TSLA,2024-06-13T00:00:00.000000,1,51.22,BUY
TSLA,2024-06-14T00:00:00.000000,1,51.22,BUY
TSLA,2024-06-17T00:00:00.000000,1,51.22,BUY
TSLA,2024-06-18T00:00:00.000000,1,51.22,BUY
TSLA,2024-06-20T00:00:00.000000,1,51.22,BUY
TSLA,2024-06-21T00:00:00.000000,1,51.22,BUY
TSLA,2024-06-24T00:00:00.000000,1,51.22,BUY
TSLA,2024-06-25T00:00:00.000000,1,51.22,BUY
TSLA,2024-06-26T00:00:00.000000,1,50.07,BUY
TSLA,2024-06-27T00:00:00.000000,0,46.44,SELL
TSLA,2024-06-28T00:00:00.000000,0,44.32,SELL
TSLA,2024-07-01T00:00:00.000000,0,44.9,SELL
TSLA,2024-07-02T00:00:00.000000,0,44.32,SELL
TSLA,2024-07-03T00:00:00.000000,0,44.32,SELL
TSLA,2024-07-05T00:00:00.000000,0,44.32,SELL
TSLA,2024-07-08T00:00:00.000000,0,43.6,SELL
TSLA,2024-07-09T00:00:00.000000,0,43.6,SELL
TSLA,2024-07-10T00:00:00.000000,0,43.59,SELL
TSLA,2024-07-11T00:00:00.000000,0,43.59,SELL
TSLA,2024-07-12T00:00:00.000000,0,43.6,SELL
TSLA,2024-07-15T00:00:00.000000,0,43.6,SELL
TSLA,2024-07-16T00:00:00.000000,0,44.32,SELL
TSLA,2024-07-17T00:00:00.000000,0,44.32,SELL
TSLA,2024-07-18T00:00:00.000000,0,44.32,SELL
TSLA,2024-07-19T00:00:00.000000,0,44.32,SELL
TSLA,2024-07-22T00:00:00.000000,0,44.32,SELL
TSLA,2024-07-23T00:00:00.000000,0,44.32,SELL
TSLA,2024-07-24T00:00:00.000000,0,44.32,SELL
TSLA,2024-07-25T00:00:00.000000,0,44.32,SELL
TSLA,2024-07-26T00:00:00.000000,0,44.32,SELL
TSLA,2024-07-29T00:00:00.000000,0,44.32,SELL
TSLA,2024-07-30T00:00:00.000000,0,44.32,SELL
TSLA,2024-07-31T00:00:00.000000,0,46.44,SELL
TSLA,2024-08-01T00:00:00.000000,1,50.07,BUY
TSLA,2024-08-02T00:00:00.000000,1,51.22,BUY
TSLA,2024-08-05T00:00:00.000000,1,51.22,BUY
TSLA,2024-08-06T00:00:00.000000,1,51.22,BUY
TSLA,2024-08-07T00:00:00.000000,1,51.22,BUY
TSLA,2024-08-08T00:00:00.000000,1,51.22,BUY
TSLA,2024-08-09T00:00:00.000000,1,51.22,BUY
TSLA,2024-08-12T00:00:00.000000,1,51.22,BUY
TSLA,2024-08-13T00:00:00.000000,1,51.22,BUY
TSLA,2024-08-14T00:00:00.000000,1,50.07,BUY
TSLA,2024-08-15T00:00:00.000000,1,51.22,BUY
TSLA,2024-08-16T00:00:00.000000,1,51.15,BUY
TSLA,2024-08-19T00:00:00.000000,1,51.22,BUY
TSLA,2024-08-20T00:00:00.000000,1,51.22,BUY
TSLA,2024-08-21T00:00:00.000000,1,51.22,BUY
TSLA,2024-08-22T00:00:00.000000,1,51.22,BUY
TSLA,2024-08-23T00:00:00.000000,1,51.22,BUY
TSLA,2024-08-26T00:00:00.000000,1,50.07,BUY
TSLA,2024-08-27T00:00:00.000000,0,46.44,SELL
TSLA,2024-08-28T00:00:00.000000,1,50.07,BUY
TSLA,2024-08-29T00:00:00.000000,1,50.07,BUY
TSLA,2024-08-30T00:00:00.000000,1,50.07,BUY
TSLA,2024-09-03T00:00:00.000000,1,51.22,BUY
TSLA,2024-09-04T00:00:00.000000,1,51.22,BUY
TSLA,2024-09-05T00:00:00.000000,1,51.22,BUY
TSLA,2024-09-06T00:00:00.000000,1,51.22,BUY
TSLA,2024-09-09T00:00:00.000000,1,50.07,BUY
TSLA,2024-09-10T00:00:00.000000,1,51.15,BUY
TSLA,2024-09-11T00:00:00.000000,1,50.07,BUY
TSLA,2024-09-12T00:00:00.000000,0,46.44,SELL
TSLA,2024-09-13T00:00:00.000000,0,44.32,SELL
TSLA,2024-09-16T00:00:00.000000,0,44.32,SELL
TSLA,2024-09-17T00:00:00.000000,0,46.44,SELL
TSLA,2024-09-18T00:00:00.000000,1,50.07,BUY
TSLA,2024-09-19T00:00:00.000000,1,51.15,BUY
TSLA,2024-09-20T00:00:00.000000,1,51.22,BUY
TSLA,2024-09-23T00:00:00.000000,1,50.07,BUY
TSLA,2024-09-24T00:00:00.000000,1,50.07,BUY
TSLA,2024-09-25T00:00:00.000000,0,46.44,SELL
TSLA,2024-09-26T00:00:00.000000,0,44.32,SELL
TSLA,2024-09-27T00:00:00.000000,0,44.32,SELL
TSLA,2024-09-30T00:00:00.000000,0,44.32,SELL
TSLA,2024-10-01T00:00:00.000000,0,43.6,SELL
TSLA,2024-10-02T00:00:00.000000,0,43.59,SELL
TSLA,2024-10-03T00:00:00.000000,0,43.59,SELL
TSLA,2024-10-04T00:00:00.000000,0,44.32,SELL
TSLA,2024-10-07T00:00:00.000000,0,44.32,SELL
TSLA,2024-10-08T00:00:00.000000,0,44.32,SELL
TSLA,2024-10-09T00:00:00.000000,1,50.0,BUY
TSLA,2024-10-10T00:00:00.000000,1,50.07,BUY
TSLA,2024-10-11T00:00:00.000000,1,50.07,BUY
TSLA,2024-10-14T00:00:00.000000,1,51.22,BUY
TSLA,2024-10-15T00:00:00.000000,1,51.22,BUY
TSLA,2024-10-16T00:00:00.000000,1,51.22,BUY
TSLA,2024-10-17T00:00:00.000000,1,51.22,BUY
TSLA,2024-10-18T00:00:00.000000,1,51.22,BUY
TSLA,2024-10-21T00:00:00.000000,1,51.22,BUY
TSLA,2024-10-22T00:00:00.000000,1,51.22,BUY
TSLA,2024-10-23T00:00:00.000000,1,51.22,BUY
TSLA,2024-10-24T00:00:00.000000,1,51.22,BUY
TSLA,2024-10-25T00:00:00.000000,1,51.22,BUY
TSLA,2024-10-28T00:00:00.000000,1,51.22,BUY
TSLA,2024-10-29T00:00:00.000000,1,51.22,BUY
TSLA,2024-10-30T00:00:00.000000,1,51.22,BUY
TSLA,2024-10-31T00:00:00.000000,1,51.22,BUY
TSLA,2024-11-01T00:00:00.000000,1,51.22,BUY
TSLA,2024-11-04T00:00:00.000000,1,51.22,BUY
TSLA,2024-11-05T00:00:00.000000,1,51.22,BUY
TSLA,2024-11-06T00:00:00.000000,1,51.22,BUY
TSLA,2024-11-07T00:00:00.000000,1,51.22,BUY
TSLA,2024-11-08T00:00:00.000000,1,51.22,BUY
TSLA,2024-11-11T00:00:00.000000,1,51.22,BUY
TSLA,2024-11-12T00:00:00.000000,1,51.22,BUY
TSLA,2024-11-13T00:00:00.000000,1,50.07,BUY
TSLA,2024-11-14T00:00:00.000000,0,46.44,SELL
TSLA,2024-11-15T00:00:00.000000,0,44.32,SELL
TSLA,2024-11-18T00:00:00.000000,0,44.32,SELL
TSLA,2024-11-19T00:00:00.000000,0,43.6,SELL
TSLA,2024-11-20T00:00:00.000000,0,43.59,SELL
TSLA,2024-11-21T00:00:00.000000,0,43.6,SELL
TSLA,2024-11-22T00:00:00.000000,0,43.6,SELL
TSLA,2024-11-25T00:00:00.000000,0,43.6,SELL
TSLA,2024-11-26T00:00:00.000000,0,43.6,SELL
TSLA,2024-11-27T00:00:00.000000,0,43.59,SELL
TSLA,2024-11-29T00:00:00.000000,0,43.59,SELL
TSLA,2024-12-02T00:00:00.000000,0,41.9,SELL
TSLA,2024-12-03T00:00:00.000000,0,41.9,SELL
TSLA,2024-12-04T00:00:00.000000,0,41.9,SELL
TSLA,2024-12-05T00:00:00.000000,0,41.67,SELL
TSLA,2024-12-06T00:00:00.000000,0,41.67,SELL
TSLA,2024-12-09T00:00:00.000000,0,28.17,SELL
TSLA,2024-12-10T00:00:00.000000,0,30.2,SELL
TSLA,2024-12-11T00:00:00.000000,0,34.54,SELL
TSLA,2024-12-12T00:00:00.000000,0,25.0,SELL
TSLA,2024-12-13T00:00:00.000000,0,0.0,SELL
TSLA,2024-12-16T00:00:00.000000,0,0.0,SELL
TSLA,2024-12-17T00:00:00.000000,0,0.0,SELL
TSLA,2024-12-18T00:00:00.000000,0,0.0,SELL
TSLA,2024-12-19T00:00:00.000000,0,0.0,SELL
TSLA,2024-12-20T00:00:00.000000,0,25.0,SELL
UBER,2023-02-21T00:00:00.000000,1,50.07,BUY
UBER,2023-02-22T00:00:00.000000,1,51.22,BUY
UBER,2023-02-23T00:00:00.000000,1,51.22,BUY
UBER,2023-02-24T00:00:00.000000,1,51.22,BUY
UBER,2023-02-27T00:00:00.000000,1,50.07,BUY
UBER,2023-02-28T00:00:00.000000,1,50.07,BUY
UBER,2023-03-01T00:00:00.000000,0,44.32,SELL
UBER,2023-03-02T00:00:00.000000,0,44.32,SELL
UBER,2023-03-03T00:00:00.000000,0,46.44,SELL
UBER,2023-03-06T00:00:00.000000,1,50.07,BUY
UBER,2023-03-07T00:00:00.000000,1,50.07,BUY
UBER,2023-03-08T00:00:00.000000,1,50.07,BUY
UBER,2023-03-09T00:00:00.000000,0,46.44,SELL
UBER,2023-03-10T00:00:00.000000,1,47.54,BUY
UBER,2023-03-13T00:00:00.000000,0,46.44,SELL
UBER,2023-03-14T00:00:00.000000,0,46.44,SELL
UBER,2023-03-15T00:00:00.000000,0,44.9,SELL
UBER,2023-03-16T00:00:00.000000,0,44.32,SELL
UBER,2023-03-17T00:00:00.000000,0,44.32,SELL
UBER,2023-03-20T00:00:00.000000,0,44.32,SELL
UBER,2023-03-21T00:00:00.000000,0,44.32,SELL
UBER,2023-03-22T00:00:00.000000,0,44.32,SELL
UBER,2023-03-23T00:00:00.000000,0,44.32,SELL
UBER,2023-03-24T00:00:00.000000,0,44.32,SELL
UBER,2023-03-27T00:00:00.000000,0,44.32,SELL
UBER,2023-03-28T00:00:00.000000,0,43.6,SELL
UBER,2023-03-29T00:00:00.000000,0,43.6,SELL
UBER,2023-03-30T00:00:00.000000,0,43.6,SELL
UBER,2023-03-31T00:00:00.000000,0,43.6,SELL
UBER,2023-04-03T00:00:00.000000,0,43.6,SELL
UBER,2023-04-04T00:00:00.000000,0,43.59,SELL
UBER,2023-04-05T00:00:00.000000,0,43.59,SELL
UBER,2023-04-06T00:00:00.000000,0,41.9,SELL
UBER,2023-04-10T00:00:00.000000,0,41.9,SELL
UBER,2023-04-11T00:00:00.000000,0,41.9,SELL
UBER,2023-04-12T00:00:00.000000,0,41.9,SELL
UBER,2023-04-13T00:00:00.000000,0,41.9,SELL
UBER,2023-04-14T00:00:00.000000,0,43.59,SELL
UBER,2023-04-17T00:00:00.000000,0,43.59,SELL
UBER,2023-04-18T00:00:00.000000,0,43.6,SELL
UBER,2023-04-19T00:00:00.000000,0,43.6,SELL
UBER,2023-04-20T00:00:00.000000,0,43.6,SELL
UBER,2023-04-21T00:00:00.000000,0,43.6,SELL
UBER,2023-04-24T00:00:00.000000,0,44.32,SELL
UBER,2023-04-25T00:00:00.000000,0,44.32,SELL
UBER,2023-04-26T00:00:00.000000,0,44.32,SELL
UBER,2023-04-27T00:00:00.000000,0,44.32,SELL
UBER,2023-04-28T00:00:00.000000,0,44.32,SELL
UBER,2023-05-01T00:00:00.000000,0,46.44,SELL
UBER,2023-05-02T00:00:00.000000,1,50.07,BUY
UBER,2023-05-03T00:00:00.000000,1,50.07,BUY
UBER,2023-05-04T00:00:00.000000,1,50.07,BUY
UBER,2023-05-05T00:00:00.000000,1,50.07,BUY
UBER,2023-05-08T00:00:00.000000,1,50.07,BUY
UBER,2023-05-09T00:00:00.000000,1,50.07,BUY
UBER,2023-05-10T00:00:00.000000,0,46.44,SELL
UBER,2023-05-11T00:00:00.000000,1,50.07,BUY
UBER,2023-05-12T00:00:00.000000,1,51.22,BUY
UBER,2023-05-15T00:00:00.000000,1,51.22,BUY
UBER,2023-05-16T00:00:00.000000,1,51.22,BUY
UBER,2023-05-17T00:00:00.000000,1,51.22,BUY
UBER,2023-05-18T00:00:00.000000,1,51.22,BUY
UBER,2023-05-19T00:00:00.000000,1,51.22,BUY
UBER,2023-05-22T00:00:00.000000,1,51.22,BUY
UBER,2023-05-23T00:00:00.000000,1,51.22,BUY
UBER,2023-05-24T00:00:00.000000,1,51.22,BUY
UBER,2023-05-25T00:00:00.000000,1,51.22,BUY
UBER,2023-05-26T00:00:00.000000,1,50.0,BUY
UBER,2023-05-30T00:00:00.000000,0,44.32,SELL
UBER,2023-05-31T00:00:00.000000,0,44.32,SELL
UBER,2023-06-01T00:00:00.000000,0,44.32,SELL
UBER,2023-06-02T00:00:00.000000,0,44.32,SELL
UBER,2023-06-05T00:00:00.000000,0,44.32,SELL
UBER,2023-06-06T00:00:00.000000,0,44.32,SELL
UBER,2023-06-07T00:00:00.000000,0,44.32,SELL
UBER,2023-06-08T00:00:00.000000,0,44.32,SELL
UBER,2023-06-09T00:00:00.000000,0,44.32,SELL
UBER,2023-06-12T00:00:00.000000,0,43.6,SELL
UBER,2023-06-13T00:00:00.000000,0,43.6,SELL
UBER,2023-06-14T00:00:00.000000,0,43.59,SELL
UBER,2023-06-15T00:00:00.000000,0,41.9,SELL
UBER,2023-06-16T00:00:00.000000,0,41.9,SELL
UBER,2023-06-20T00:00:00.000000,0,41.9,SELL
UBER,2023-06-21T00:00:00.000000,0,43.59,SELL
UBER,2023-06-22T00:00:00.000000,0,43.6,SELL
UBER,2023-06-23T00:00:00.000000,0,43.6,SELL
UBER,2023-06-26T00:00:00.000000,0,44.32,SELL
UBER,2023-06-27T00:00:00.000000,0,44.32,SELL
UBER,2023-06-28T00:00:00.000000,0,44.32,SELL
UBER,2023-06-29T00:00:00.000000,0,44.32,SELL
UBER,2023-06-30T00:00:00.000000,0,44.32,SELL
UBER,2023-07-03T00:00:00.000000,0,44.9,SELL
UBER,2023-07-05T00:00:00.000000,0,46.44,SELL
UBER,2023-07-06T00:00:00.000000,1,50.0,BUY
UBER,2023-07-07T00:00:00.000000,1,50.0,BUY
UBER,2023-07-10T00:00:00.000000,0,46.44,SELL
UBER,2023-07-11T00:00:00.000000,0,44.9,SELL
UBER,2023-07-12T00:00:00.000000,0,44.32,SELL
UBER,2023-07-13T00:00:00.000000,0,44.32,SELL
UBER,2023-07-14T00:00:00.000000,0,44.32,SELL
UBER,2023-07-17T00:00:00.000000,0,44.32,SELL
UBER,2023-07-18T00:00:00.000000,0,44.32,SELL
UBER,2023-07-19T00:00:00.000000,0,43.6,SELL
UBER,2023-07-20T00:00:00.000000,0,43.6,SELL
UBER,2023-07-21T00:00:00.000000,0,43.6,SELL
UBER,2023-07-24T00:00:00.000000,0,43.59,SELL
UBER,2023-07-25T00:00:00.000000,0,41.9,SELL
UBER,2023-07-26T00:00:00.000000,0,43.59,SELL
UBER,2023-07-27T00:00:00.000000,0,43.6,SELL
UBER,2023-07-28T00:00:00.000000,0,43.6,SELL
UBER,2023-07-31T00:00:00.000000,0,44.32,SELL
UBER,2023-08-01T00:00:00.000000,0,44.32,SELL
UBER,2023-08-02T00:00:00.000000,0,44.32,SELL
UBER,2023-08-03T00:00:00.000000,0,44.32,SELL
UBER,2023-08-04T00:00:00.000000,0,44.32,SELL
UBER,2023-08-07T00:00:00.000000,0,44.32,SELL
UBER,2023-08-08T00:00:00.000000,0,44.32,SELL
UBER,2023-08-09T00:00:00.000000,0,44.32,SELL
UBER,2023-08-10T00:00:00.000000,0,44.32,SELL
UBER,2023-08-11T00:00:00.000000,0,44.32,SELL
UBER,2023-08-14T00:00:00.000000,0,44.32,SELL
UBER,2023-08-15T00:00:00.000000,0,46.44,SELL
UBER,2023-08-16T00:00:00.000000,0,46.44,SELL
UBER,2023-08-17T00:00:00.000000,0,46.44,SELL
UBER,2023-08-18T00:00:00.000000,0,46.44,SELL
UBER,2023-08-21T00:00:00.000000,0,46.44,SELL
UBER,2023-08-22T00:00:00.000000,1,50.07,BUY
UBER,2023-08-23T00:00:00.000000,1,51.22,BUY
UBER,2023-08-24T00:00:00.000000,1,51.22,BUY
UBER,2023-08-25T00:00:00.000000,1,51.22,BUY
UBER,2023-08-28T00:00:00.000000,1,51.22,BUY
UBER,2023-08-29T00:00:00.000000,1,51.22,BUY
UBER,2023-08-30T00:00:00.000000,1,50.07,BUY
UBER,2023-08-31T00:00:00.000000,0,46.44,SELL
UBER,2023-09-01T00:00:00.000000,0,44.32,SELL
UBER,2023-09-05T00:00:00.000000,0,44.32,SELL
UBER,2023-09-06T00:00:00.000000,0,44.32,SELL
UBER,2023-09-07T00:00:00.000000,0,44.32,SELL
UBER,2023-09-08T00:00:00.000000,0,44.32,SELL
UBER,2023-09-11T00:00:00.000000,0,44.32,SELL
UBER,2023-09-12T00:00:00.000000,0,44.32,SELL
UBER,2023-09-13T00:00:00.000000,0,44.32,SELL
UBER,2023-09-14T00:00:00.000000,0,44.32,SELL
UBER,2023-09-15T00:00:00.000000,0,44.32,SELL
UBER,2023-09-18T00:00:00.000000,0,44.32,SELL
UBER,2023-09-19T00:00:00.000000,0,44.32,SELL
UBER,2023-09-20T00:00:00.000000,0,44.32,SELL
UBER,2023-09-21T00:00:00.000000,0,44.32,SELL
UBER,2023-09-22T00:00:00.000000,0,44.32,SELL
UBER,2023-09-25T00:00:00.000000,0,44.32,SELL
UBER,2023-09-26T00:00:00.000000,0,44.32,SELL
UBER,2023-09-27T00:00:00.000000,0,44.32,SELL
UBER,2023-09-28T00:00:00.000000,0,46.44,SELL
UBER,2023-09-29T00:00:00.000000,1,50.07,BUY
UBER,2023-10-02T00:00:00.000000,1,50.07,BUY
UBER,2023-10-03T00:00:00.000000,1,50.07,BUY
UBER,2023-10-04T00:00:00.000000,1,51.22,BUY
UBER,2023-10-05T00:00:00.000000,1,51.22,BUY
UBER,2023-10-06T00:00:00.000000,1,51.22,BUY
UBER,2023-10-09T00:00:00.000000,1,51.22,BUY
UBER,2023-10-10T00:00:00.000000,1,51.22,BUY
UBER,2023-10-11T00:00:00.000000,1,51.22,BUY
UBER,2023-10-12T00:00:00.000000,1,50.07,BUY
UBER,2023-10-13T00:00:00.000000,1,50.07,BUY
UBER,2023-10-16T00:00:00.000000,0,46.44,SELL
UBER,2023-10-17T00:00:00.000000,0,46.44,SELL
UBER,2023-10-18T00:00:00.000000,0,44.32,SELL
UBER,2023-10-19T00:00:00.000000,0,44.32,SELL
UBER,2023-10-20T00:00:00.000000,0,44.32,SELL
UBER,2023-10-23T00:00:00.000000,0,44.32,SELL
UBER,2023-10-24T00:00:00.000000,0,44.32,SELL
UBER,2023-10-25T00:00:00.000000,0,46.44,SELL
UBER,2023-10-26T00:00:00.000000,1,50.07,BUY
UBER,2023-10-27T00:00:00.000000,1,50.07,BUY
UBER,2023-10-30T00:00:00.000000,1,50.07,BUY
UBER,2023-10-31T00:00:00.000000,1,51.22,BUY
UBER,2023-11-01T00:00:00.000000,1,51.22,BUY
UBER,2023-11-02T00:00:00.000000,1,51.22,BUY
UBER,2023-11-03T00:00:00.000000,1,51.22,BUY
UBER,2023-11-06T00:00:00.000000,1,51.22,BUY
UBER,2023-11-07T00:00:00.000000,1,51.22,BUY
UBER,2023-11-08T00:00:00.000000,1,51.15,BUY
UBER,2023-11-09T00:00:00.000000,0,46.44,SELL
UBER,2023-11-10T00:00:00.000000,0,44.32,SELL
UBER,2023-11-13T00:00:00.000000,0,44.32,SELL
UBER,2023-11-14T00:00:00.000000,0,44.32,SELL
UBER,2023-11-15T00:00:00.000000,0,44.32,SELL
UBER,2023-11-16T00:00:00.000000,0,44.32,SELL
UBER,2023-11-17T00:00:00.000000,1,50.07,BUY
UBER,2023-11-20T00:00:00.000000,1,51.22,BUY
UBER,2023-11-21T00:00:00.000000,1,51.22,BUY
UBER,2023-11-22T00:00:00.000000,1,51.22,BUY
UBER,2023-11-24T00:00:00.000000,1,51.22,BUY
UBER,2023-11-27T00:00:00.000000,1,51.22,BUY
UBER,2023-11-28T00:00:00.000000,1,51.22,BUY
UBER,2023-11-29T00:00:00.000000,1,50.07,BUY
UBER,2023-11-30T00:00:00.000000,1,50.07,BUY
UBER,2023-12-01T00:00:00.000000,1,50.07,BUY
UBER,2023-12-04T00:00:00.000000,0,47.54,SELL
UBER,2023-12-05T00:00:00.000000,0,46.44,SELL
UBER,2023-12-06T00:00:00.000000,0,44.32,SELL
UBER,2023-12-07T00:00:00.000000,0,44.32,SELL
UBER,2023-12-08T00:00:00.000000,0,44.32,SELL
UBER,2023-12-11T00:00:00.000000,0,44.32,SELL
UBER,2023-12-12T00:00:00.000000,0,44.32,SELL
UBER,2023-12-13T00:00:00.000000,0,44.32,SELL
UBER,2023-12-14T00:00:00.000000,0,44.32,SELL
UBER,2023-12-15T00:00:00.000000,0,44.32,SELL
UBER,2023-12-18T00:00:00.000000,0,44.32,SELL
UBER,2023-12-19T00:00:00.000000,0,44.32,SELL
UBER,2023-12-20T00:00:00.000000,0,44.32,SELL
UBER,2023-12-21T00:00:00.000000,0,44.32,SELL
UBER,2023-12-22T00:00:00.000000,0,44.32,SELL
UBER,2023-12-26T00:00:00.000000,0,44.32,SELL
UBER,2023-12-27T00:00:00.000000,0,44.32,SELL
UBER,2023-12-28T00:00:00.000000,0,44.32,SELL
UBER,2023-12-29T00:00:00.000000,0,43.6,SELL
UBER,2024-01-02T00:00:00.000000,0,43.59,SELL
UBER,2024-01-03T00:00:00.000000,0,41.9,SELL
UBER,2024-01-04T00:00:00.000000,0,41.9,SELL
UBER,2024-01-05T00:00:00.000000,0,43.59,SELL
UBER,2024-01-08T00:00:00.000000,0,43.59,SELL
UBER,2024-01-09T00:00:00.000000,0,43.6,SELL
UBER,2024-01-10T00:00:00.000000,0,43.6,SELL
UBER,2024-01-11T00:00:00.000000,0,43.6,SELL
UBER,2024-01-12T00:00:00.000000,0,44.32,SELL
UBER,2024-01-16T00:00:00.000000,0,44.32,SELL
UBER,2024-01-17T00:00:00.000000,0,44.32,SELL
UBER,2024-01-18T00:00:00.000000,0,44.32,SELL
UBER,2024-01-19T00:00:00.000000,0,43.6,SELL
UBER,2024-01-22T00:00:00.000000,0,43.6,SELL
UBER,2024-01-23T00:00:00.000000,0,43.6,SELL
UBER,2024-01-24T00:00:00.000000,0,43.6,SELL
UBER,2024-01-25T00:00:00.000000,0,44.32,SELL
UBER,2024-01-26T00:00:00.000000,0,44.32,SELL
UBER,2024-01-29T00:00:00.000000,0,44.32,SELL
UBER,2024-01-30T00:00:00.000000,0,46.44,SELL
UBER,2024-01-31T00:00:00.000000,0,46.44,SELL
UBER,2024-02-01T00:00:00.000000,0,44.32,SELL
UBER,2024-02-02T00:00:00.000000,0,44.32,SELL
UBER,2024-02-05T00:00:00.000000,0,44.32,SELL
UBER,2024-02-06T00:00:00.000000,0,44.32,SELL
UBER,2024-02-07T00:00:00.000000,0,44.32,SELL
UBER,2024-02-08T00:00:00.000000,0,44.32,SELL
UBER,2024-02-09T00:00:00.000000,0,44.32,SELL
UBER,2024-02-12T00:00:00.000000,0,44.32,SELL
UBER,2024-02-13T00:00:00.000000,0,46.44,SELL
UBER,2024-02-14T00:00:00.000000,1,50.07,BUY
UBER,2024-02-15T00:00:00.000000,1,50.07,BUY
UBER,2024-02-16T00:00:00.000000,1,50.07,BUY
UBER,2024-02-20T00:00:00.000000,1,51.22,BUY
UBER,2024-02-21T00:00:00.000000,1,51.22,BUY
UBER,2024-02-22T00:00:00.000000,1,51.22,BUY
UBER,2024-02-23T00:00:00.000000,1,50.07,BUY
UBER,2024-02-26T00:00:00.000000,1,50.07,BUY
UBER,2024-02-27T00:00:00.000000,1,50.07,BUY
UBER,2024-02-28T00:00:00.000000,0,46.44,SELL
UBER,2024-02-29T00:00:00.000000,0,44.32,SELL
UBER,2024-03-01T00:00:00.000000,0,44.32,SELL
UBER,2024-03-04T00:00:00.000000,0,44.32,SELL
UBER,2024-03-05T00:00:00.000000,0,44.32,SELL
UBER,2024-03-06T00:00:00.000000,0,44.32,SELL
UBER,2024-03-07T00:00:00.000000,0,44.32,SELL
UBER,2024-03-08T00:00:00.000000,0,44.32,SELL
UBER,2024-03-11T00:00:00.000000,0,44.32,SELL
UBER,2024-03-12T00:00:00.000000,0,44.32,SELL
UBER,2024-03-13T00:00:00.000000,0,44.32,SELL
UBER,2024-03-14T00:00:00.000000,0,44.32,SELL
UBER,2024-03-15T00:00:00.000000,0,44.32,SELL
UBER,2024-03-18T00:00:00.000000,0,46.44,SELL
UBER,2024-03-19T00:00:00.000000,0,47.54,SELL
UBER,2024-03-20T00:00:00.000000,0,46.44,SELL
UBER,2024-03-21T00:00:00.000000,0,44.9,SELL
UBER,2024-03-22T00:00:00.000000,0,44.32,SELL
UBER,2024-03-25T00:00:00.000000,0,44.32,SELL
UBER,2024-03-26T00:00:00.000000,0,44.32,SELL
UBER,2024-03-27T00:00:00.000000,0,44.32,SELL
UBER,2024-03-28T00:00:00.000000,0,43.6,SELL
UBER,2024-04-01T00:00:00.000000,0,43.6,SELL
UBER,2024-04-02T00:00:00.000000,0,43.6,SELL
UBER,2024-04-03T00:00:00.000000,0,43.59,SELL
UBER,2024-04-04T00:00:00.000000,0,43.6,SELL
UBER,2024-04-05T00:00:00.000000,0,43.6,SELL
UBER,2024-04-08T00:00:00.000000,0,44.32,SELL
UBER,2024-04-09T00:00:00.000000,0,44.32,SELL
UBER,2024-04-10T00:00:00.000000,0,44.32,SELL
UBER,2024-04-11T00:00:00.000000,0,44.32,SELL
UBER,2024-04-12T00:00:00.000000,0,44.32,SELL
UBER,2024-04-15T00:00:00.000000,0,44.32,SELL
UBER,2024-04-16T00:00:00.000000,0,44.32,SELL
UBER,2024-04-17T00:00:00.000000,0,44.32,SELL
UBER,2024-04-18T00:00:00.000000,0,46.44,SELL
UBER,2024-04-19T00:00:00.000000,0,46.44,SELL
UBER,2024-04-22T00:00:00.000000,0,46.44,SELL
UBER,2024-04-23T00:00:00.000000,0,46.44,SELL
UBER,2024-04-24T00:00:00.000000,0,46.44,SELL
UBER,2024-04-25T00:00:00.000000,0,44.9,SELL
UBER,2024-04-26T00:00:00.000000,0,44.32,SELL
UBER,2024-04-29T00:00:00.000000,0,44.32,SELL
UBER,2024-04-30T00:00:00.000000,0,44.32,SELL
UBER,2024-05-01T00:00:00.000000,0,43.6,SELL
UBER,2024-05-02T00:00:00.000000,0,43.59,SELL
UBER,2024-05-03T00:00:00.000000,0,43.59,SELL
UBER,2024-05-06T00:00:00.000000,0,43.6,SELL
UBER,2024-05-07T00:00:00.000000,0,43.6,SELL
UBER,2024-05-08T00:00:00.000000,0,44.32,SELL
UBER,2024-05-09T00:00:00.000000,0,44.32,SELL
UBER,2024-05-10T00:00:00.000000,0,44.9,SELL
UBER,2024-05-13T00:00:00.000000,0,46.44,SELL
UBER,2024-05-14T00:00:00.000000,0,44.9,SELL
UBER,2024-05-15T00:00:00.000000,0,44.32,SELL
UBER,2024-05-16T00:00:00.000000,0,44.32,SELL
UBER,2024-05-17T00:00:00.000000,0,44.32,SELL
UBER,2024-05-20T00:00:00.000000,0,44.32,SELL
UBER,2024-05-21T00:00:00.000000,0,44.32,SELL
UBER,2024-05-22T00:00:00.000000,0,44.32,SELL
UBER,2024-05-23T00:00:00.000000,0,44.32,SELL
UBER,2024-05-24T00:00:00.000000,0,44.9,SELL
UBER,2024-05-28T00:00:00.000000,0,46.44,SELL
UBER,2024-05-29T00:00:00.000000,1,50.07,BUY
UBER,2024-05-30T00:00:00.000000,1,50.07,BUY
UBER,2024-05-31T00:00:00.000000,1,51.22,BUY
UBER,2024-06-03T00:00:00.000000,1,51.22,BUY
UBER,2024-06-04T00:00:00.000000,1,51.22,BUY
UBER,2024-06-05T00:00:00.000000,1,51.22,BUY
UBER,2024-06-06T00:00:00.000000,1,51.15,BUY
UBER,2024-06-07T00:00:00.000000,1,51.22,BUY
UBER,2024-06-10T00:00:00.000000,1,50.07,BUY
UBER,2024-06-11T00:00:00.000000,1,50.07,BUY
UBER,2024-06-12T00:00:00.000000,0,46.44,SELL
UBER,2024-06-13T00:00:00.000000,0,46.44,SELL
UBER,2024-06-14T00:00:00.000000,0,46.44,SELL
UBER,2024-06-17T00:00:00.000000,1,50.07,BUY
UBER,2024-06-18T00:00:00.000000,1,50.07,BUY
UBER,2024-06-20T00:00:00.000000,1,51.22,BUY
UBER,2024-06-21T00:00:00.000000,1,51.22,BUY
UBER,2024-06-24T00:00:00.000000,1,51.22,BUY
UBER,2024-06-25T00:00:00.000000,1,51.22,BUY
UBER,2024-06-26T00:00:00.000000,1,51.22,BUY
UBER,2024-06-27T00:00:00.000000,1,51.22,BUY
UBER,2024-06-28T00:00:00.000000,1,51.22,BUY
UBER,2024-07-01T00:00:00.000000,1,51.22,BUY
UBER,2024-07-02T00:00:00.000000,1,50.07,BUY
UBER,2024-07-03T00:00:00.000000,0,46.44,SELL
UBER,2024-07-05T00:00:00.000000,0,44.32,SELL
UBER,2024-07-08T00:00:00.000000,0,44.32,SELL
UBER,2024-07-09T00:00:00.000000,0,44.32,SELL
UBER,2024-07-10T00:00:00.000000,0,46.44,SELL
UBER,2024-07-11T00:00:00.000000,0,46.44,SELL
UBER,2024-07-12T00:00:00.000000,0,46.44,SELL
UBER,2024-07-15T00:00:00.000000,0,46.44,SELL
UBER,2024-07-16T00:00:00.000000,0,46.44,SELL
UBER,2024-07-17T00:00:00.000000,0,46.44,SELL
UBER,2024-07-18T00:00:00.000000,0,44.32,SELL
UBER,2024-07-19T00:00:00.000000,0,44.32,SELL
UBER,2024-07-22T00:00:00.000000,0,44.32,SELL
UBER,2024-07-23T00:00:00.000000,0,44.32,SELL
UBER,2024-07-24T00:00:00.000000,0,44.32,SELL
UBER,2024-07-25T00:00:00.000000,0,44.32,SELL
UBER,2024-07-26T00:00:00.000000,0,44.9,SELL
UBER,2024-07-29T00:00:00.000000,0,46.44,SELL
UBER,2024-07-30T00:00:00.000000,0,46.44,SELL
UBER,2024-07-31T00:00:00.000000,0,46.44,SELL
UBER,2024-08-01T00:00:00.000000,0,44.32,SELL
UBER,2024-08-02T00:00:00.000000,0,44.32,SELL
UBER,2024-08-05T00:00:00.000000,0,44.32,SELL
UBER,2024-08-06T00:00:00.000000,0,44.32,SELL
UBER,2024-08-07T00:00:00.000000,0,44.32,SELL
UBER,2024-08-08T00:00:00.000000,0,44.32,SELL
UBER,2024-08-09T00:00:00.000000,0,44.32,SELL
UBER,2024-08-12T00:00:00.000000,0,44.32,SELL
UBER,2024-08-13T00:00:00.000000,0,44.32,SELL
UBER,2024-08-14T00:00:00.000000,0,44.32,SELL
UBER,2024-08-15T00:00:00.000000,0,46.44,SELL
UBER,2024-08-16T00:00:00.000000,1,50.07,BUY
UBER,2024-08-19T00:00:00.000000,1,50.07,BUY
UBER,2024-08-20T00:00:00.000000,1,50.07,BUY
UBER,2024-08-21T00:00:00.000000,1,50.07,BUY
UBER,2024-08-22T00:00:00.000000,1,50.07,BUY
UBER,2024-08-23T00:00:00.000000,1,51.22,BUY
UBER,2024-08-26T00:00:00.000000,1,51.22,BUY
UBER,2024-08-27T00:00:00.000000,1,50.07,BUY
UBER,2024-08-28T00:00:00.000000,1,51.15,BUY
UBER,2024-08-29T00:00:00.000000,1,51.15,BUY
UBER,2024-08-30T00:00:00.000000,1,50.07,BUY
UBER,2024-09-03T00:00:00.000000,1,50.07,BUY
UBER,2024-09-04T00:00:00.000000,0,46.44,SELL
UBER,2024-09-05T00:00:00.000000,0,44.32,SELL
UBER,2024-09-06T00:00:00.000000,0,44.32,SELL
UBER,2024-09-09T00:00:00.000000,0,44.32,SELL
UBER,2024-09-10T00:00:00.000000,0,44.32,SELL
UBER,2024-09-11T00:00:00.000000,0,44.32,SELL
UBER,2024-09-12T00:00:00.000000,0,46.44,SELL
UBER,2024-09-13T00:00:00.000000,1,50.0,BUY
UBER,2024-09-16T00:00:00.000000,1,50.07,BUY
UBER,2024-09-17T00:00:00.000000,1,50.07,BUY
UBER,2024-09-18T00:00:00.000000,1,50.07,BUY
UBER,2024-09-19T00:00:00.000000,1,50.07,BUY
UBER,2024-09-20T00:00:00.000000,0,46.44,SELL
UBER,2024-09-23T00:00:00.000000,0,44.32,SELL
UBER,2024-09-24T00:00:00.000000,0,44.32,SELL
UBER,2024-09-25T00:00:00.000000,0,43.6,SELL
UBER,2024-09-26T00:00:00.000000,0,43.6,SELL
UBER,2024-09-27T00:00:00.000000,0,43.59,SELL
UBER,2024-09-30T00:00:00.000000,0,43.59,SELL
UBER,2024-10-01T00:00:00.000000,0,43.6,SELL
UBER,2024-10-02T00:00:00.000000,0,43.6,SELL
UBER,2024-10-03T00:00:00.000000,0,43.6,SELL
UBER,2024-10-04T00:00:00.000000,0,44.32,SELL
UBER,2024-10-07T00:00:00.000000,0,44.32,SELL
UBER,2024-10-08T00:00:00.000000,0,44.32,SELL
UBER,2024-10-09T00:00:00.000000,0,44.32,SELL
UBER,2024-10-10T00:00:00.000000,0,44.32,SELL
UBER,2024-10-11T00:00:00.000000,0,44.32,SELL
UBER,2024-10-14T00:00:00.000000,0,44.32,SELL
UBER,2024-10-15T00:00:00.000000,0,43.6,SELL
UBER,2024-10-16T00:00:00.000000,0,43.6,SELL
UBER,2024-10-17T00:00:00.000000,0,43.6,SELL
UBER,2024-10-18T00:00:00.000000,0,43.6,SELL
UBER,2024-10-21T00:00:00.000000,0,44.32,SELL
UBER,2024-10-22T00:00:00.000000,0,44.32,SELL
UBER,2024-10-23T00:00:00.000000,0,44.9,SELL
UBER,2024-10-24T00:00:00.000000,1,50.07,BUY
UBER,2024-10-25T00:00:00.000000,1,50.07,BUY
UBER,2024-10-28T00:00:00.000000,1,51.22,BUY
UBER,2024-10-29T00:00:00.000000,1,51.22,BUY
UBER,2024-10-30T00:00:00.000000,1,51.22,BUY
UBER,2024-10-31T00:00:00.000000,1,50.07,BUY
UBER,2024-11-01T00:00:00.000000,1,50.07,BUY
UBER,2024-11-04T00:00:00.000000,0,44.9,SELL
UBER,2024-11-05T00:00:00.000000,0,44.32,SELL
UBER,2024-11-06T00:00:00.000000,0,44.32,SELL
UBER,2024-11-07T00:00:00.000000,0,44.32,SELL
UBER,2024-11-08T00:00:00.000000,0,44.32,SELL
UBER,2024-11-11T00:00:00.000000,0,44.32,SELL
UBER,2024-11-12T00:00:00.000000,0,44.32,SELL
UBER,2024-11-13T00:00:00.000000,0,44.32,SELL
UBER,2024-11-14T00:00:00.000000,0,44.32,SELL
UBER,2024-11-15T00:00:00.000000,0,44.32,SELL
UBER,2024-11-18T00:00:00.000000,0,44.32,SELL
UBER,2024-11-19T00:00:00.000000,0,44.32,SELL
UBER,2024-11-20T00:00:00.000000,0,44.32,SELL
UBER,2024-11-21T00:00:00.000000,0,44.32,SELL
UBER,2024-11-22T00:00:00.000000,0,44.32,SELL
UBER,2024-11-25T00:00:00.000000,0,44.32,SELL
UBER,2024-11-26T00:00:00.000000,0,44.32,SELL
UBER,2024-11-27T00:00:00.000000,0,44.32,SELL
UBER,2024-11-29T00:00:00.000000,0,44.32,SELL
UBER,2024-12-02T00:00:00.000000,0,44.32,SELL
UBER,2024-12-03T00:00:00.000000,0,44.32,SELL
UBER,2024-12-04T00:00:00.000000,0,44.32,SELL
UBER,2024-12-05T00:00:00.000000,0,44.32,SELL
UBER,2024-12-06T00:00:00.000000,0,44.32,SELL
UBER,2024-12-09T00:00:00.000000,0,44.32,SELL
UBER,2024-12-10T00:00:00.000000,0,44.32,SELL
UBER,2024-12-11T00:00:00.000000,0,44.32,SELL
UBER,2024-12-12T00:00:00.000000,0,44.32,SELL
UBER,2024-12-13T00:00:00.000000,0,44.32,SELL
UBER,2024-12-16T00:00:00.000000,0,44.32,SELL
UBER,2024-12-17T00:00:00.000000,0,44.32,SELL
UBER,2024-12-18T00:00:00.000000,0,44.32,SELL
UBER,2024-12-19T00:00:00.000000,0,43.6,SELL
UBER,2024-12-20T00:00:00.000000,0,43.6,SELL
UNH,2023-02-21T00:00:00.000000,1,51.22,BUY
UNH,2023-02-22T00:00:00.000000,1,51.15,BUY
UNH,2023-02-23T00:00:00.000000,1,50.07,BUY
UNH,2023-02-24T00:00:00.000000,0,46.44,SELL
UNH,2023-02-27T00:00:00.000000,1,50.07,BUY
UNH,2023-02-28T00:00:00.000000,1,50.07,BUY
UNH,2023-03-01T00:00:00.000000,1,51.22,BUY
UNH,2023-03-02T00:00:00.000000,1,51.22,BUY
UNH,2023-03-03T00:00:00.000000,1,51.22,BUY
UNH,2023-03-06T00:00:00.000000,1,51.22,BUY
UNH,2023-03-07T00:00:00.000000,1,51.22,BUY
UNH,2023-03-08T00:00:00.000000,1,51.22,BUY
UNH,2023-03-09T00:00:00.000000,1,51.22,BUY
UNH,2023-03-10T00:00:00.000000,1,51.22,BUY
UNH,2023-03-13T00:00:00.000000,1,51.22,BUY
UNH,2023-03-14T00:00:00.000000,1,51.22,BUY
UNH,2023-03-15T00:00:00.000000,1,51.22,BUY
UNH,2023-03-16T00:00:00.000000,1,51.22,BUY
UNH,2023-03-17T00:00:00.000000,1,51.22,BUY
UNH,2023-03-20T00:00:00.000000,1,51.22,BUY
UNH,2023-03-21T00:00:00.000000,1,51.22,BUY
UNH,2023-03-22T00:00:00.000000,1,51.22,BUY
UNH,2023-03-23T00:00:00.000000,1,51.22,BUY
UNH,2023-03-24T00:00:00.000000,1,51.22,BUY
UNH,2023-03-27T00:00:00.000000,1,51.22,BUY
UNH,2023-03-28T00:00:00.000000,1,51.22,BUY
UNH,2023-03-29T00:00:00.000000,1,51.22,BUY
UNH,2023-03-30T00:00:00.000000,1,51.22,BUY
UNH,2023-03-31T00:00:00.000000,1,51.22,BUY
UNH,2023-04-03T00:00:00.000000,1,51.22,BUY
UNH,2023-04-04T00:00:00.000000,1,51.22,BUY
UNH,2023-04-05T00:00:00.000000,1,51.22,BUY
UNH,2023-04-06T00:00:00.000000,1,50.07,BUY
UNH,2023-04-10T00:00:00.000000,0,46.44,SELL
UNH,2023-04-11T00:00:00.000000,0,44.9,SELL
UNH,2023-04-12T00:00:00.000000,0,44.9,SELL
UNH,2023-04-13T00:00:00.000000,0,44.32,SELL
UNH,2023-04-14T00:00:00.000000,0,44.32,SELL
UNH,2023-04-17T00:00:00.000000,0,44.32,SELL
UNH,2023-04-18T00:00:00.000000,0,44.32,SELL
UNH,2023-04-19T00:00:00.000000,0,44.32,SELL
UNH,2023-04-20T00:00:00.000000,0,46.44,SELL
UNH,2023-04-21T00:00:00.000000,1,50.07,BUY
UNH,2023-04-24T00:00:00.000000,1,50.07,BUY
UNH,2023-04-25T00:00:00.000000,1,50.07,BUY
UNH,2023-04-26T00:00:00.000000,1,50.07,BUY
UNH,2023-04-27T00:00:00.000000,1,51.22,BUY
UNH,2023-04-28T00:00:00.000000,1,51.22,BUY
UNH,2023-05-01T00:00:00.000000,1,51.22,BUY
UNH,2023-05-02T00:00:00.000000,1,51.22,BUY
UNH,2023-05-03T00:00:00.000000,1,51.22,BUY
UNH,2023-05-04T00:00:00.000000,1,51.22,BUY
UNH,2023-05-05T00:00:00.000000,1,51.22,BUY
UNH,2023-05-08T00:00:00.000000,1,51.22,BUY
UNH,2023-05-09T00:00:00.000000,1,51.22,BUY
UNH,2023-05-10T00:00:00.000000,1,51.22,BUY
UNH,2023-05-11T00:00:00.000000,1,51.22,BUY
UNH,2023-05-12T00:00:00.000000,1,51.22,BUY
UNH,2023-05-15T00:00:00.000000,1,51.22,BUY
UNH,2023-05-16T00:00:00.000000,1,51.22,BUY
UNH,2023-05-17T00:00:00.000000,1,51.22,BUY
UNH,2023-05-18T00:00:00.000000,1,51.22,BUY
UNH,2023-05-19T00:00:00.000000,1,51.22,BUY
UNH,2023-05-22T00:00:00.000000,1,51.22,BUY
UNH,2023-05-23T00:00:00.000000,1,51.22,BUY
UNH,2023-05-24T00:00:00.000000,1,51.22,BUY
UNH,2023-05-25T00:00:00.000000,1,51.22,BUY
UNH,2023-05-26T00:00:00.000000,1,51.22,BUY
UNH,2023-05-30T00:00:00.000000,1,51.22,BUY
UNH,2023-05-31T00:00:00.000000,1,51.22,BUY
UNH,2023-06-01T00:00:00.000000,1,51.22,BUY
UNH,2023-06-02T00:00:00.000000,1,51.22,BUY
UNH,2023-06-05T00:00:00.000000,1,51.22,BUY
UNH,2023-06-06T00:00:00.000000,1,51.22,BUY
UNH,2023-06-07T00:00:00.000000,1,51.22,BUY
UNH,2023-06-08T00:00:00.000000,1,51.22,BUY
UNH,2023-06-09T00:00:00.000000,1,51.22,BUY
UNH,2023-06-12T00:00:00.000000,1,51.22,BUY
UNH,2023-06-13T00:00:00.000000,1,51.22,BUY
UNH,2023-06-14T00:00:00.000000,1,50.07,BUY
UNH,2023-06-15T00:00:00.000000,1,50.07,BUY
UNH,2023-06-16T00:00:00.000000,1,51.22,BUY
UNH,2023-06-20T00:00:00.000000,1,51.22,BUY
UNH,2023-06-21T00:00:00.000000,1,51.22,BUY
UNH,2023-06-22T00:00:00.000000,1,51.22,BUY
UNH,2023-06-23T00:00:00.000000,1,51.22,BUY
UNH,2023-06-26T00:00:00.000000,1,51.22,BUY
UNH,2023-06-27T00:00:00.000000,1,51.22,BUY
UNH,2023-06-28T00:00:00.000000,1,51.22,BUY
UNH,2023-06-29T00:00:00.000000,1,51.22,BUY
UNH,2023-06-30T00:00:00.000000,1,51.22,BUY
UNH,2023-07-03T00:00:00.000000,1,51.22,BUY
UNH,2023-07-05T00:00:00.000000,1,51.22,BUY
UNH,2023-07-06T00:00:00.000000,1,51.22,BUY
UNH,2023-07-07T00:00:00.000000,1,51.22,BUY
UNH,2023-07-10T00:00:00.000000,1,51.22,BUY
UNH,2023-07-11T00:00:00.000000,1,51.22,BUY
UNH,2023-07-12T00:00:00.000000,1,51.22,BUY
UNH,2023-07-13T00:00:00.000000,1,51.22,BUY
UNH,2023-07-14T00:00:00.000000,1,51.22,BUY
UNH,2023-07-17T00:00:00.000000,1,51.22,BUY
UNH,2023-07-18T00:00:00.000000,1,51.22,BUY
UNH,2023-07-19T00:00:00.000000,1,51.22,BUY
UNH,2023-07-20T00:00:00.000000,1,51.15,BUY
UNH,2023-07-21T00:00:00.000000,1,50.07,BUY
UNH,2023-07-24T00:00:00.000000,0,44.9,SELL
UNH,2023-07-25T00:00:00.000000,0,44.32,SELL
UNH,2023-07-26T00:00:00.000000,0,44.32,SELL
UNH,2023-07-27T00:00:00.000000,0,44.32,SELL
UNH,2023-07-28T00:00:00.000000,0,44.32,SELL
UNH,2023-07-31T00:00:00.000000,0,44.32,SELL
UNH,2023-08-01T00:00:00.000000,0,44.32,SELL
UNH,2023-08-02T00:00:00.000000,0,44.9,SELL
UNH,2023-08-03T00:00:00.000000,1,47.54,BUY
UNH,2023-08-04T00:00:00.000000,0,46.44,SELL
UNH,2023-08-07T00:00:00.000000,0,46.44,SELL
UNH,2023-08-08T00:00:00.000000,0,46.44,SELL
UNH,2023-08-09T00:00:00.000000,0,44.9,SELL
UNH,2023-08-10T00:00:00.000000,0,44.32,SELL
UNH,2023-08-11T00:00:00.000000,0,44.32,SELL
UNH,2023-08-14T00:00:00.000000,0,44.32,SELL
UNH,2023-08-15T00:00:00.000000,0,44.32,SELL
UNH,2023-08-16T00:00:00.000000,0,44.32,SELL
UNH,2023-08-17T00:00:00.000000,0,46.44,SELL
UNH,2023-08-18T00:00:00.000000,1,50.07,BUY
UNH,2023-08-21T00:00:00.000000,1,51.22,BUY
UNH,2023-08-22T00:00:00.000000,1,51.22,BUY
UNH,2023-08-23T00:00:00.000000,1,51.22,BUY
UNH,2023-08-24T00:00:00.000000,1,51.22,BUY
UNH,2023-08-25T00:00:00.000000,1,51.22,BUY
UNH,2023-08-28T00:00:00.000000,1,51.22,BUY
UNH,2023-08-29T00:00:00.000000,1,51.22,BUY
UNH,2023-08-30T00:00:00.000000,1,51.22,BUY
UNH,2023-08-31T00:00:00.000000,1,51.22,BUY
UNH,2023-09-01T00:00:00.000000,1,51.22,BUY
UNH,2023-09-05T00:00:00.000000,1,51.22,BUY
UNH,2023-09-06T00:00:00.000000,1,51.22,BUY
UNH,2023-09-07T00:00:00.000000,1,51.22,BUY
UNH,2023-09-08T00:00:00.000000,1,51.22,BUY
UNH,2023-09-11T00:00:00.000000,1,50.07,BUY
UNH,2023-09-12T00:00:00.000000,1,50.07,BUY
UNH,2023-09-13T00:00:00.000000,1,51.21,BUY
UNH,2023-09-14T00:00:00.000000,1,51.22,BUY
UNH,2023-09-15T00:00:00.000000,1,51.22,BUY
UNH,2023-09-18T00:00:00.000000,1,51.22,BUY
UNH,2023-09-19T00:00:00.000000,1,51.22,BUY
UNH,2023-09-20T00:00:00.000000,1,51.22,BUY
UNH,2023-09-21T00:00:00.000000,1,51.22,BUY
UNH,2023-09-22T00:00:00.000000,1,51.22,BUY
UNH,2023-09-25T00:00:00.000000,1,51.22,BUY
UNH,2023-09-26T00:00:00.000000,1,51.22,BUY
UNH,2023-09-27T00:00:00.000000,1,51.15,BUY
UNH,2023-09-28T00:00:00.000000,1,50.07,BUY
UNH,2023-09-29T00:00:00.000000,1,51.22,BUY
UNH,2023-10-02T00:00:00.000000,1,51.22,BUY
UNH,2023-10-03T00:00:00.000000,1,51.22,BUY
UNH,2023-10-04T00:00:00.000000,1,51.22,BUY
UNH,2023-10-05T00:00:00.000000,1,51.22,BUY
UNH,2023-10-06T00:00:00.000000,1,51.22,BUY
UNH,2023-10-09T00:00:00.000000,1,51.22,BUY
UNH,2023-10-10T00:00:00.000000,1,51.22,BUY
UNH,2023-10-11T00:00:00.000000,1,51.22,BUY
UNH,2023-10-12T00:00:00.000000,1,51.22,BUY
UNH,2023-10-13T00:00:00.000000,1,51.22,BUY
UNH,2023-10-16T00:00:00.000000,1,51.22,BUY
UNH,2023-10-17T00:00:00.000000,1,51.22,BUY
UNH,2023-10-18T00:00:00.000000,1,50.07,BUY
UNH,2023-10-19T00:00:00.000000,1,50.07,BUY
UNH,2023-10-20T00:00:00.000000,1,50.0,BUY
UNH,2023-10-23T00:00:00.000000,1,50.0,BUY
UNH,2023-10-24T00:00:00.000000,1,50.07,BUY
UNH,2023-10-25T00:00:00.000000,1,50.07,BUY
UNH,2023-10-26T00:00:00.000000,1,51.22,BUY
UNH,2023-10-27T00:00:00.000000,1,51.22,BUY
UNH,2023-10-30T00:00:00.000000,1,51.22,BUY
UNH,2023-10-31T00:00:00.000000,1,51.22,BUY
UNH,2023-11-01T00:00:00.000000,1,51.22,BUY
UNH,2023-11-02T00:00:00.000000,1,51.22,BUY
UNH,2023-11-03T00:00:00.000000,1,51.22,BUY
UNH,2023-11-06T00:00:00.000000,1,51.22,BUY
UNH,2023-11-07T00:00:00.000000,1,51.22,BUY
UNH,2023-11-08T00:00:00.000000,1,51.22,BUY
UNH,2023-11-09T00:00:00.000000,1,51.22,BUY
UNH,2023-11-10T00:00:00.000000,1,51.22,BUY
UNH,2023-11-13T00:00:00.000000,1,50.07,BUY
UNH,2023-11-14T00:00:00.000000,1,50.07,BUY
UNH,2023-11-15T00:00:00.000000,1,50.0,BUY
UNH,2023-11-16T00:00:00.000000,0,46.44,SELL
UNH,2023-11-17T00:00:00.000000,1,50.0,BUY
UNH,2023-11-20T00:00:00.000000,1,50.07,BUY
UNH,2023-11-21T00:00:00.000000,1,50.07,BUY
UNH,2023-11-22T00:00:00.000000,1,51.22,BUY
UNH,2023-11-24T00:00:00.000000,1,51.22,BUY
UNH,2023-11-27T00:00:00.000000,1,51.22,BUY
UNH,2023-11-28T00:00:00.000000,1,50.07,BUY
UNH,2023-11-29T00:00:00.000000,1,50.07,BUY
UNH,2023-11-30T00:00:00.000000,1,50.07,BUY
UNH,2023-12-01T00:00:00.000000,1,50.07,BUY
UNH,2023-12-04T00:00:00.000000,1,50.07,BUY
UNH,2023-12-05T00:00:00.000000,0,46.44,SELL
UNH,2023-12-06T00:00:00.000000,0,44.32,SELL
UNH,2023-12-07T00:00:00.000000,0,44.32,SELL
UNH,2023-12-08T00:00:00.000000,0,44.32,SELL
UNH,2023-12-11T00:00:00.000000,0,46.44,SELL
UNH,2023-12-12T00:00:00.000000,1,50.0,BUY
UNH,2023-12-13T00:00:00.000000,1,50.07,BUY
UNH,2023-12-14T00:00:00.000000,1,50.07,BUY
UNH,2023-12-15T00:00:00.000000,1,51.15,BUY
UNH,2023-12-18T00:00:00.000000,1,51.22,BUY
UNH,2023-12-19T00:00:00.000000,1,51.22,BUY
UNH,2023-12-20T00:00:00.000000,1,51.22,BUY
UNH,2023-12-21T00:00:00.000000,1,51.22,BUY
UNH,2023-12-22T00:00:00.000000,1,51.22,BUY
UNH,2023-12-26T00:00:00.000000,1,51.22,BUY
UNH,2023-12-27T00:00:00.000000,1,51.22,BUY
UNH,2023-12-28T00:00:00.000000,1,51.22,BUY
UNH,2023-12-29T00:00:00.000000,1,51.22,BUY
UNH,2024-01-02T00:00:00.000000,1,51.22,BUY
UNH,2024-01-03T00:00:00.000000,1,51.22,BUY
UNH,2024-01-04T00:00:00.000000,1,50.07,BUY
UNH,2024-01-05T00:00:00.000000,1,50.07,BUY
UNH,2024-01-08T00:00:00.000000,1,50.07,BUY
UNH,2024-01-09T00:00:00.000000,1,50.07,BUY
UNH,2024-01-10T00:00:00.000000,1,50.07,BUY
UNH,2024-01-11T00:00:00.000000,1,50.07,BUY
UNH,2024-01-12T00:00:00.000000,1,51.22,BUY
UNH,2024-01-16T00:00:00.000000,1,51.22,BUY
UNH,2024-01-17T00:00:00.000000,1,51.22,BUY
UNH,2024-01-18T00:00:00.000000,1,51.22,BUY
UNH,2024-01-19T00:00:00.000000,1,51.22,BUY
UNH,2024-01-22T00:00:00.000000,1,51.22,BUY
UNH,2024-01-23T00:00:00.000000,1,51.22,BUY
UNH,2024-01-24T00:00:00.000000,1,51.22,BUY
UNH,2024-01-25T00:00:00.000000,1,51.22,BUY
UNH,2024-01-26T00:00:00.000000,1,51.22,BUY
UNH,2024-01-29T00:00:00.000000,1,51.22,BUY
UNH,2024-01-30T00:00:00.000000,1,51.22,BUY
UNH,2024-01-31T00:00:00.000000,1,51.22,BUY
UNH,2024-02-01T00:00:00.000000,1,51.22,BUY
UNH,2024-02-02T00:00:00.000000,1,51.22,BUY
UNH,2024-02-05T00:00:00.000000,1,51.22,BUY
UNH,2024-02-06T00:00:00.000000,1,51.22,BUY
UNH,2024-02-07T00:00:00.000000,1,51.22,BUY
UNH,2024-02-08T00:00:00.000000,1,51.22,BUY
UNH,2024-02-09T00:00:00.000000,1,51.22,BUY
UNH,2024-02-12T00:00:00.000000,1,51.22,BUY
UNH,2024-02-13T00:00:00.000000,1,51.22,BUY
UNH,2024-02-14T00:00:00.000000,1,51.22,BUY
UNH,2024-02-15T00:00:00.000000,1,51.22,BUY
UNH,2024-02-16T00:00:00.000000,1,51.22,BUY
UNH,2024-02-20T00:00:00.000000,1,51.22,BUY
UNH,2024-02-21T00:00:00.000000,1,51.22,BUY
UNH,2024-02-22T00:00:00.000000,1,51.22,BUY
UNH,2024-02-23T00:00:00.000000,1,51.22,BUY
UNH,2024-02-26T00:00:00.000000,1,51.22,BUY
UNH,2024-02-27T00:00:00.000000,1,51.22,BUY
UNH,2024-02-28T00:00:00.000000,1,51.22,BUY
UNH,2024-02-29T00:00:00.000000,1,51.22,BUY
UNH,2024-03-01T00:00:00.000000,1,51.22,BUY
UNH,2024-03-04T00:00:00.000000,1,51.22,BUY
UNH,2024-03-05T00:00:00.000000,1,51.22,BUY
UNH,2024-03-06T00:00:00.000000,1,51.22,BUY
UNH,2024-03-07T00:00:00.000000,1,51.22,BUY
UNH,2024-03-08T00:00:00.000000,1,51.22,BUY
UNH,2024-03-11T00:00:00.000000,1,51.22,BUY
UNH,2024-03-12T00:00:00.000000,1,51.22,BUY
UNH,2024-03-13T00:00:00.000000,1,51.22,BUY
UNH,2024-03-14T00:00:00.000000,1,51.22,BUY
UNH,2024-03-15T00:00:00.000000,1,51.22,BUY
UNH,2024-03-18T00:00:00.000000,1,51.22,BUY
UNH,2024-03-19T00:00:00.000000,1,51.22,BUY
UNH,2024-03-20T00:00:00.000000,1,51.22,BUY
UNH,2024-03-21T00:00:00.000000,1,51.22,BUY
UNH,2024-03-22T00:00:00.000000,1,50.07,BUY
UNH,2024-03-25T00:00:00.000000,1,50.07,BUY
UNH,2024-03-26T00:00:00.000000,1,50.0,BUY
UNH,2024-03-27T00:00:00.000000,1,50.0,BUY
UNH,2024-03-28T00:00:00.000000,1,50.0,BUY
UNH,2024-04-01T00:00:00.000000,0,46.44,SELL
UNH,2024-04-02T00:00:00.000000,0,46.44,SELL
UNH,2024-04-03T00:00:00.000000,0,46.44,SELL
UNH,2024-04-04T00:00:00.000000,0,46.44,SELL
UNH,2024-04-05T00:00:00.000000,1,50.07,BUY
UNH,2024-04-08T00:00:00.000000,1,50.07,BUY
UNH,2024-04-09T00:00:00.000000,1,51.22,BUY
UNH,2024-04-10T00:00:00.000000,1,51.22,BUY
UNH,2024-04-11T00:00:00.000000,1,51.22,BUY
UNH,2024-04-12T00:00:00.000000,1,51.22,BUY
UNH,2024-04-15T00:00:00.000000,1,51.22,BUY
UNH,2024-04-16T00:00:00.000000,1,51.22,BUY
UNH,2024-04-17T00:00:00.000000,1,51.22,BUY
UNH,2024-04-18T00:00:00.000000,1,51.22,BUY
UNH,2024-04-19T00:00:00.000000,1,51.22,BUY
UNH,2024-04-22T00:00:00.000000,1,51.22,BUY
UNH,2024-04-23T00:00:00.000000,1,51.22,BUY
UNH,2024-04-24T00:00:00.000000,1,51.22,BUY
UNH,2024-04-25T00:00:00.000000,1,51.22,BUY
UNH,2024-04-26T00:00:00.000000,1,51.22,BUY
UNH,2024-04-29T00:00:00.000000,1,51.22,BUY
UNH,2024-04-30T00:00:00.000000,1,51.22,BUY
UNH,2024-05-01T00:00:00.000000,1,51.22,BUY
UNH,2024-05-02T00:00:00.000000,1,51.22,BUY
UNH,2024-05-03T00:00:00.000000,1,51.22,BUY
UNH,2024-05-06T00:00:00.000000,1,51.22,BUY
UNH,2024-05-07T00:00:00.000000,1,51.22,BUY
UNH,2024-05-08T00:00:00.000000,1,51.22,BUY
UNH,2024-05-09T00:00:00.000000,1,51.22,BUY
UNH,2024-05-10T00:00:00.000000,1,51.22,BUY
UNH,2024-05-13T00:00:00.000000,1,50.07,BUY
UNH,2024-05-14T00:00:00.000000,1,50.07,BUY
UNH,2024-05-15T00:00:00.000000,0,46.44,SELL
UNH,2024-05-16T00:00:00.000000,0,44.32,SELL
UNH,2024-05-17T00:00:00.000000,0,44.32,SELL
UNH,2024-05-20T00:00:00.000000,0,44.32,SELL
UNH,2024-05-21T00:00:00.000000,0,44.32,SELL
UNH,2024-05-22T00:00:00.000000,0,44.32,SELL
UNH,2024-05-23T00:00:00.000000,0,44.32,SELL
UNH,2024-05-24T00:00:00.000000,0,46.44,SELL
UNH,2024-05-28T00:00:00.000000,1,50.0,BUY
UNH,2024-05-29T00:00:00.000000,1,50.07,BUY
UNH,2024-05-30T00:00:00.000000,1,50.07,BUY
UNH,2024-05-31T00:00:00.000000,1,51.15,BUY
UNH,2024-06-03T00:00:00.000000,1,51.22,BUY
UNH,2024-06-04T00:00:00.000000,1,51.22,BUY
UNH,2024-06-05T00:00:00.000000,1,51.22,BUY
UNH,2024-06-06T00:00:00.000000,1,51.22,BUY
UNH,2024-06-07T00:00:00.000000,1,51.22,BUY
UNH,2024-06-10T00:00:00.000000,1,51.22,BUY
UNH,2024-06-11T00:00:00.000000,1,51.22,BUY
UNH,2024-06-12T00:00:00.000000,1,51.22,BUY
UNH,2024-06-13T00:00:00.000000,1,51.22,BUY
UNH,2024-06-14T00:00:00.000000,1,51.22,BUY
UNH,2024-06-17T00:00:00.000000,1,51.22,BUY
UNH,2024-06-18T00:00:00.000000,1,51.22,BUY
UNH,2024-06-20T00:00:00.000000,1,51.22,BUY
UNH,2024-06-21T00:00:00.000000,1,51.22,BUY
UNH,2024-06-24T00:00:00.000000,1,51.22,BUY
UNH,2024-06-25T00:00:00.000000,1,51.22,BUY
UNH,2024-06-26T00:00:00.000000,1,51.22,BUY
UNH,2024-06-27T00:00:00.000000,1,51.22,BUY
UNH,2024-06-28T00:00:00.000000,1,51.22,BUY
UNH,2024-07-01T00:00:00.000000,1,51.22,BUY
UNH,2024-07-02T00:00:00.000000,1,51.22,BUY
UNH,2024-07-03T00:00:00.000000,1,51.22,BUY
UNH,2024-07-05T00:00:00.000000,1,51.22,BUY
UNH,2024-07-08T00:00:00.000000,1,51.22,BUY
UNH,2024-07-09T00:00:00.000000,1,51.22,BUY
UNH,2024-07-10T00:00:00.000000,1,51.22,BUY
UNH,2024-07-11T00:00:00.000000,1,51.22,BUY
UNH,2024-07-12T00:00:00.000000,1,51.22,BUY
UNH,2024-07-15T00:00:00.000000,1,51.22,BUY
UNH,2024-07-16T00:00:00.000000,1,51.22,BUY
UNH,2024-07-17T00:00:00.000000,1,51.22,BUY
UNH,2024-07-18T00:00:00.000000,1,51.22,BUY
UNH,2024-07-19T00:00:00.000000,1,51.22,BUY
UNH,2024-07-22T00:00:00.000000,1,50.07,BUY
UNH,2024-07-23T00:00:00.000000,0,46.44,SELL
UNH,2024-07-24T00:00:00.000000,0,46.44,SELL
UNH,2024-07-25T00:00:00.000000,0,46.44,SELL
UNH,2024-07-26T00:00:00.000000,0,46.44,SELL
UNH,2024-07-29T00:00:00.000000,0,46.44,SELL
UNH,2024-07-30T00:00:00.000000,1,50.07,BUY
UNH,2024-07-31T00:00:00.000000,1,50.07,BUY
UNH,2024-08-01T00:00:00.000000,1,50.07,BUY
UNH,2024-08-02T00:00:00.000000,0,46.44,SELL
UNH,2024-08-05T00:00:00.000000,0,44.32,SELL
UNH,2024-08-06T00:00:00.000000,0,44.32,SELL
UNH,2024-08-07T00:00:00.000000,0,44.32,SELL
UNH,2024-08-08T00:00:00.000000,0,44.32,SELL
UNH,2024-08-09T00:00:00.000000,0,44.32,SELL
UNH,2024-08-12T00:00:00.000000,0,44.32,SELL
UNH,2024-08-13T00:00:00.000000,0,44.32,SELL
UNH,2024-08-14T00:00:00.000000,1,50.07,BUY
UNH,2024-08-15T00:00:00.000000,1,51.22,BUY
UNH,2024-08-16T00:00:00.000000,1,51.22,BUY
UNH,2024-08-19T00:00:00.000000,1,51.22,BUY
UNH,2024-08-20T00:00:00.000000,1,51.22,BUY
UNH,2024-08-21T00:00:00.000000,1,51.22,BUY
UNH,2024-08-22T00:00:00.000000,1,51.22,BUY
UNH,2024-08-23T00:00:00.000000,1,50.07,BUY
UNH,2024-08-26T00:00:00.000000,0,46.44,SELL
UNH,2024-08-27T00:00:00.000000,0,44.32,SELL
UNH,2024-08-28T00:00:00.000000,0,44.32,SELL
UNH,2024-08-29T00:00:00.000000,0,44.9,SELL
UNH,2024-08-30T00:00:00.000000,0,46.44,SELL
UNH,2024-09-03T00:00:00.000000,0,46.44,SELL
UNH,2024-09-04T00:00:00.000000,0,46.44,SELL
UNH,2024-09-05T00:00:00.000000,0,46.44,SELL
UNH,2024-09-06T00:00:00.000000,0,46.44,SELL
UNH,2024-09-09T00:00:00.000000,0,46.44,SELL
UNH,2024-09-10T00:00:00.000000,1,50.0,BUY
UNH,2024-09-11T00:00:00.000000,1,50.07,BUY
UNH,2024-09-12T00:00:00.000000,1,51.22,BUY
UNH,2024-09-13T00:00:00.000000,1,51.22,BUY
UNH,2024-09-16T00:00:00.000000,1,51.22,BUY
UNH,2024-09-17T00:00:00.000000,1,51.22,BUY
UNH,2024-09-18T00:00:00.000000,1,51.22,BUY
UNH,2024-09-19T00:00:00.000000,1,51.22,BUY
UNH,2024-09-20T00:00:00.000000,1,51.22,BUY
UNH,2024-09-23T00:00:00.000000,1,51.22,BUY
UNH,2024-09-24T00:00:00.000000,1,51.22,BUY
UNH,2024-09-25T00:00:00.000000,1,51.22,BUY
UNH,2024-09-26T00:00:00.000000,1,51.22,BUY
UNH,2024-09-27T00:00:00.000000,1,51.22,BUY
UNH,2024-09-30T00:00:00.000000,1,51.22,BUY
UNH,2024-10-01T00:00:00.000000,1,51.22,BUY
UNH,2024-10-02T00:00:00.000000,1,51.22,BUY
UNH,2024-10-03T00:00:00.000000,1,51.22,BUY
UNH,2024-10-04T00:00:00.000000,1,51.22,BUY
UNH,2024-10-07T00:00:00.000000,1,51.22,BUY
UNH,2024-10-08T00:00:00.000000,1,51.15,BUY
UNH,2024-10-09T00:00:00.000000,1,50.07,BUY
UNH,2024-10-10T00:00:00.000000,1,50.07,BUY
UNH,2024-10-11T00:00:00.000000,1,50.07,BUY
UNH,2024-10-14T00:00:00.000000,1,50.07,BUY
UNH,2024-10-15T00:00:00.000000,1,50.07,BUY
UNH,2024-10-16T00:00:00.000000,1,51.15,BUY
UNH,2024-10-17T00:00:00.000000,1,51.22,BUY
UNH,2024-10-18T00:00:00.000000,1,51.22,BUY
UNH,2024-10-21T00:00:00.000000,1,51.22,BUY
UNH,2024-10-22T00:00:00.000000,1,51.22,BUY
UNH,2024-10-23T00:00:00.000000,1,51.22,BUY
UNH,2024-10-24T00:00:00.000000,1,51.22,BUY
UNH,2024-10-25T00:00:00.000000,1,51.22,BUY
UNH,2024-10-28T00:00:00.000000,1,51.22,BUY
UNH,2024-10-29T00:00:00.000000,1,51.22,BUY
UNH,2024-10-30T00:00:00.000000,1,51.22,BUY
UNH,2024-10-31T00:00:00.000000,1,51.22,BUY
UNH,2024-11-01T00:00:00.000000,1,51.22,BUY
UNH,2024-11-04T00:00:00.000000,1,51.22,BUY
UNH,2024-11-05T00:00:00.000000,1,51.22,BUY
UNH,2024-11-06T00:00:00.000000,1,51.22,BUY
UNH,2024-11-07T00:00:00.000000,1,51.22,BUY
UNH,2024-11-08T00:00:00.000000,1,51.22,BUY
UNH,2024-11-11T00:00:00.000000,1,51.22,BUY
UNH,2024-11-12T00:00:00.000000,1,51.22,BUY
UNH,2024-11-13T00:00:00.000000,1,51.22,BUY
UNH,2024-11-14T00:00:00.000000,1,51.22,BUY
UNH,2024-11-15T00:00:00.000000,1,51.22,BUY
UNH,2024-11-18T00:00:00.000000,1,51.22,BUY
UNH,2024-11-19T00:00:00.000000,1,50.07,BUY
UNH,2024-11-20T00:00:00.000000,0,47.54,SELL
UNH,2024-11-21T00:00:00.000000,1,50.07,BUY
UNH,2024-11-22T00:00:00.000000,1,50.07,BUY
UNH,2024-11-25T00:00:00.000000,1,50.07,BUY
UNH,2024-11-26T00:00:00.000000,1,50.07,BUY
UNH,2024-11-27T00:00:00.000000,1,50.07,BUY
UNH,2024-11-29T00:00:00.000000,1,50.07,BUY
UNH,2024-12-02T00:00:00.000000,0,46.44,SELL
UNH,2024-12-03T00:00:00.000000,0,44.32,SELL
UNH,2024-12-04T00:00:00.000000,0,44.32,SELL
UNH,2024-12-05T00:00:00.000000,0,44.32,SELL
UNH,2024-12-06T00:00:00.000000,0,44.32,SELL
UNH,2024-12-09T00:00:00.000000,0,44.32,SELL
UNH,2024-12-10T00:00:00.000000,0,44.32,SELL
UNH,2024-12-11T00:00:00.000000,1,50.07,BUY
UNH,2024-12-12T00:00:00.000000,1,51.22,BUY
UNH,2024-12-13T00:00:00.000000,1,51.22,BUY
UNH,2024-12-16T00:00:00.000000,1,51.22,BUY
UNH,2024-12-17T00:00:00.000000,1,51.22,BUY
UNH,2024-12-18T00:00:00.000000,1,51.22,BUY
UNH,2024-12-19T00:00:00.000000,1,51.22,BUY
UNH,2024-12-20T00:00:00.000000,1,51.22,BUY
WFC,2023-02-21T00:00:00.000000,1,51.22,BUY
WFC,2023-02-22T00:00:00.000000,1,51.22,BUY
WFC,2023-02-23T00:00:00.000000,1,51.22,BUY
WFC,2023-02-24T00:00:00.000000,1,51.22,BUY
WFC,2023-02-27T00:00:00.000000,1,51.22,BUY
WFC,2023-02-28T00:00:00.000000,1,51.22,BUY
WFC,2023-03-01T00:00:00.000000,1,51.22,BUY
WFC,2023-03-02T00:00:00.000000,1,51.22,BUY
WFC,2023-03-03T00:00:00.000000,1,51.22,BUY
WFC,2023-03-06T00:00:00.000000,1,51.22,BUY
WFC,2023-03-07T00:00:00.000000,1,51.22,BUY
WFC,2023-03-08T00:00:00.000000,1,51.22,BUY
WFC,2023-03-09T00:00:00.000000,1,51.22,BUY
WFC,2023-03-10T00:00:00.000000,1,51.22,BUY
WFC,2023-03-13T00:00:00.000000,1,51.22,BUY
WFC,2023-03-14T00:00:00.000000,0,46.44,SELL
WFC,2023-03-15T00:00:00.000000,0,44.32,SELL
WFC,2023-03-16T00:00:00.000000,0,43.6,SELL
WFC,2023-03-17T00:00:00.000000,0,41.9,SELL
WFC,2023-03-20T00:00:00.000000,0,41.9,SELL
WFC,2023-03-21T00:00:00.000000,0,41.67,SELL
WFC,2023-03-22T00:00:00.000000,0,25.0,SELL
WFC,2023-03-23T00:00:00.000000,0,22.26,SELL
WFC,2023-03-24T00:00:00.000000,0,0.0,SELL
WFC,2023-03-27T00:00:00.000000,0,0.0,SELL
WFC,2023-03-28T00:00:00.000000,0,0.0,SELL
WFC,2023-03-29T00:00:00.000000,0,0.0,SELL
WFC,2023-03-30T00:00:00.000000,0,0.0,SELL
WFC,2023-03-31T00:00:00.000000,0,41.67,SELL
WFC,2023-04-03T00:00:00.000000,0,43.59,SELL
WFC,2023-04-04T00:00:00.000000,0,43.59,SELL
WFC,2023-04-05T00:00:00.000000,0,43.6,SELL
WFC,2023-04-06T00:00:00.000000,0,43.6,SELL
WFC,2023-04-10T00:00:00.000000,0,43.6,SELL
WFC,2023-04-11T00:00:00.000000,0,43.6,SELL
WFC,2023-04-12T00:00:00.000000,0,43.6,SELL
WFC,2023-04-13T00:00:00.000000,0,43.6,SELL
WFC,2023-04-14T00:00:00.000000,0,43.6,SELL
WFC,2023-04-17T00:00:00.000000,0,43.6,SELL
WFC,2023-04-18T00:00:00.000000,0,43.6,SELL
WFC,2023-04-19T00:00:00.000000,0,44.32,SELL
WFC,2023-04-20T00:00:00.000000,0,44.32,SELL
WFC,2023-04-21T00:00:00.000000,0,44.32,SELL
WFC,2023-04-24T00:00:00.000000,0,46.44,SELL
WFC,2023-04-25T00:00:00.000000,1,50.07,BUY
WFC,2023-04-26T00:00:00.000000,1,51.22,BUY
WFC,2023-04-27T00:00:00.000000,1,51.22,BUY
WFC,2023-04-28T00:00:00.000000,1,51.22,BUY
WFC,2023-05-01T00:00:00.000000,1,51.22,BUY
WFC,2023-05-02T00:00:00.000000,1,51.22,BUY
WFC,2023-05-03T00:00:00.000000,1,51.22,BUY
WFC,2023-05-04T00:00:00.000000,1,51.22,BUY
WFC,2023-05-05T00:00:00.000000,1,51.22,BUY
WFC,2023-05-08T00:00:00.000000,1,51.22,BUY
WFC,2023-05-09T00:00:00.000000,1,51.22,BUY
WFC,2023-05-10T00:00:00.000000,1,50.07,BUY
WFC,2023-05-11T00:00:00.000000,0,46.44,SELL
WFC,2023-05-12T00:00:00.000000,0,44.32,SELL
WFC,2023-05-15T00:00:00.000000,0,46.44,SELL
WFC,2023-05-16T00:00:00.000000,0,46.44,SELL
WFC,2023-05-17T00:00:00.000000,0,46.44,SELL
WFC,2023-05-18T00:00:00.000000,0,44.9,SELL
WFC,2023-05-19T00:00:00.000000,0,44.32,SELL
WFC,2023-05-22T00:00:00.000000,0,44.32,SELL
WFC,2023-05-23T00:00:00.000000,0,44.32,SELL
WFC,2023-05-24T00:00:00.000000,0,44.32,SELL
WFC,2023-05-25T00:00:00.000000,0,44.32,SELL
WFC,2023-05-26T00:00:00.000000,0,44.32,SELL
WFC,2023-05-30T00:00:00.000000,0,44.32,SELL
WFC,2023-05-31T00:00:00.000000,0,44.32,SELL
WFC,2023-06-01T00:00:00.000000,0,46.44,SELL
WFC,2023-06-02T00:00:00.000000,1,50.07,BUY
WFC,2023-06-05T00:00:00.000000,1,50.07,BUY
WFC,2023-06-06T00:00:00.000000,1,51.22,BUY
WFC,2023-06-07T00:00:00.000000,1,51.22,BUY
WFC,2023-06-08T00:00:00.000000,1,51.22,BUY
WFC,2023-06-09T00:00:00.000000,1,50.07,BUY
WFC,2023-06-12T00:00:00.000000,1,50.0,BUY
WFC,2023-06-13T00:00:00.000000,0,44.32,SELL
WFC,2023-06-14T00:00:00.000000,0,44.32,SELL
WFC,2023-06-15T00:00:00.000000,0,44.32,SELL
WFC,2023-06-16T00:00:00.000000,0,43.6,SELL
WFC,2023-06-20T00:00:00.000000,0,43.6,SELL
WFC,2023-06-21T00:00:00.000000,0,43.6,SELL
WFC,2023-06-22T00:00:00.000000,0,43.6,SELL
WFC,2023-06-23T00:00:00.000000,0,44.32,SELL
WFC,2023-06-26T00:00:00.000000,0,44.32,SELL
WFC,2023-06-27T00:00:00.000000,0,44.32,SELL
WFC,2023-06-28T00:00:00.000000,0,44.32,SELL
WFC,2023-06-29T00:00:00.000000,0,44.32,SELL
WFC,2023-06-30T00:00:00.000000,0,44.32,SELL
WFC,2023-07-03T00:00:00.000000,0,44.32,SELL
WFC,2023-07-05T00:00:00.000000,0,44.32,SELL
WFC,2023-07-06T00:00:00.000000,0,44.32,SELL
WFC,2023-07-07T00:00:00.000000,0,44.32,SELL
WFC,2023-07-10T00:00:00.000000,0,44.32,SELL
WFC,2023-07-11T00:00:00.000000,0,44.32,SELL
WFC,2023-07-12T00:00:00.000000,0,43.6,SELL
WFC,2023-07-13T00:00:00.000000,0,43.6,SELL
WFC,2023-07-14T00:00:00.000000,0,43.6,SELL
WFC,2023-07-17T00:00:00.000000,0,43.6,SELL
WFC,2023-07-18T00:00:00.000000,0,44.32,SELL
WFC,2023-07-19T00:00:00.000000,0,44.32,SELL
WFC,2023-07-20T00:00:00.000000,0,44.32,SELL
WFC,2023-07-21T00:00:00.000000,0,44.32,SELL
WFC,2023-07-24T00:00:00.000000,0,43.6,SELL
WFC,2023-07-25T00:00:00.000000,0,43.6,SELL
WFC,2023-07-26T00:00:00.000000,0,43.6,SELL
WFC,2023-07-27T00:00:00.000000,0,43.6,SELL
WFC,2023-07-28T00:00:00.000000,0,43.6,SELL
WFC,2023-07-31T00:00:00.000000,0,44.32,SELL
WFC,2023-08-01T00:00:00.000000,0,44.32,SELL
WFC,2023-08-02T00:00:00.000000,0,44.32,SELL
WFC,2023-08-03T00:00:00.000000,0,44.32,SELL
WFC,2023-08-04T00:00:00.000000,0,44.32,SELL
WFC,2023-08-07T00:00:00.000000,0,44.32,SELL
WFC,2023-08-08T00:00:00.000000,0,44.32,SELL
WFC,2023-08-09T00:00:00.000000,0,44.32,SELL
WFC,2023-08-10T00:00:00.000000,0,44.32,SELL
WFC,2023-08-11T00:00:00.000000,0,44.32,SELL
WFC,2023-08-14T00:00:00.000000,0,44.32,SELL
WFC,2023-08-15T00:00:00.000000,0,44.32,SELL
WFC,2023-08-16T00:00:00.000000,0,46.44,SELL
WFC,2023-08-17T00:00:00.000000,0,47.54,SELL
WFC,2023-08-18T00:00:00.000000,1,50.07,BUY
WFC,2023-08-21T00:00:00.000000,1,50.07,BUY
WFC,2023-08-22T00:00:00.000000,1,50.07,BUY
WFC,2023-08-23T00:00:00.000000,1,51.22,BUY
WFC,2023-08-24T00:00:00.000000,1,50.07,BUY
WFC,2023-08-25T00:00:00.000000,1,50.0,BUY
WFC,2023-08-28T00:00:00.000000,0,47.54,SELL
WFC,2023-08-29T00:00:00.000000,0,47.54,SELL
WFC,2023-08-30T00:00:00.000000,0,46.44,SELL
WFC,2023-08-31T00:00:00.000000,0,44.32,SELL
WFC,2023-09-01T00:00:00.000000,0,44.32,SELL
WFC,2023-09-05T00:00:00.000000,0,44.32,SELL
WFC,2023-09-06T00:00:00.000000,0,44.32,SELL
WFC,2023-09-07T00:00:00.000000,0,43.6,SELL
WFC,2023-09-08T00:00:00.000000,0,44.32,SELL
WFC,2023-09-11T00:00:00.000000,0,43.6,SELL
WFC,2023-09-12T00:00:00.000000,0,43.6,SELL
WFC,2023-09-13T00:00:00.000000,0,43.6,SELL
WFC,2023-09-14T00:00:00.000000,0,43.6,SELL
WFC,2023-09-15T00:00:00.000000,0,43.6,SELL
WFC,2023-09-18T00:00:00.000000,0,44.32,SELL
WFC,2023-09-19T00:00:00.000000,0,44.32,SELL
WFC,2023-09-20T00:00:00.000000,0,44.32,SELL
WFC,2023-09-21T00:00:00.000000,0,44.32,SELL
WFC,2023-09-22T00:00:00.000000,0,44.32,SELL
WFC,2023-09-25T00:00:00.000000,0,44.32,SELL
WFC,2023-09-26T00:00:00.000000,0,44.32,SELL
WFC,2023-09-27T00:00:00.000000,0,44.32,SELL
WFC,2023-09-28T00:00:00.000000,0,44.32,SELL
WFC,2023-09-29T00:00:00.000000,0,46.44,SELL
WFC,2023-10-02T00:00:00.000000,1,50.0,BUY
WFC,2023-10-03T00:00:00.000000,1,50.07,BUY
WFC,2023-10-04T00:00:00.000000,1,51.15,BUY
WFC,2023-10-05T00:00:00.000000,1,50.07,BUY
WFC,2023-10-06T00:00:00.000000,1,50.07,BUY
WFC,2023-10-09T00:00:00.000000,0,44.32,SELL
WFC,2023-10-10T00:00:00.000000,0,44.32,SELL
WFC,2023-10-11T00:00:00.000000,0,44.32,SELL
WFC,2023-10-12T00:00:00.000000,0,44.32,SELL
WFC,2023-10-13T00:00:00.000000,0,44.32,SELL
WFC,2023-10-16T00:00:00.000000,0,44.32,SELL
WFC,2023-10-17T00:00:00.000000,0,43.6,SELL
WFC,2023-10-18T00:00:00.000000,0,43.6,SELL
WFC,2023-10-19T00:00:00.000000,0,43.6,SELL
WFC,2023-10-20T00:00:00.000000,0,44.32,SELL
WFC,2023-10-23T00:00:00.000000,0,44.32,SELL
WFC,2023-10-24T00:00:00.000000,0,44.32,SELL
WFC,2023-10-25T00:00:00.000000,0,44.32,SELL
WFC,2023-10-26T00:00:00.000000,0,44.32,SELL
WFC,2023-10-27T00:00:00.000000,0,44.32,SELL
WFC,2023-10-30T00:00:00.000000,0,46.44,SELL
WFC,2023-10-31T00:00:00.000000,1,50.0,BUY
WFC,2023-11-01T00:00:00.000000,1,50.07,BUY
WFC,2023-11-02T00:00:00.000000,1,50.07,BUY
WFC,2023-11-03T00:00:00.000000,1,50.07,BUY
WFC,2023-11-06T00:00:00.000000,0,46.44,SELL
WFC,2023-11-07T00:00:00.000000,0,44.32,SELL
WFC,2023-11-08T00:00:00.000000,0,44.32,SELL
WFC,2023-11-09T00:00:00.000000,0,44.32,SELL
WFC,2023-11-10T00:00:00.000000,0,44.32,SELL
WFC,2023-11-13T00:00:00.000000,0,43.6,SELL
WFC,2023-11-14T00:00:00.000000,0,43.59,SELL
WFC,2023-11-15T00:00:00.000000,0,43.59,SELL
WFC,2023-11-16T00:00:00.000000,0,43.59,SELL
WFC,2023-11-17T00:00:00.000000,0,43.6,SELL
WFC,2023-11-20T00:00:00.000000,0,43.6,SELL
WFC,2023-11-21T00:00:00.000000,0,43.6,SELL
WFC,2023-11-22T00:00:00.000000,0,44.32,SELL
WFC,2023-11-24T00:00:00.000000,0,44.32,SELL
WFC,2023-11-27T00:00:00.000000,0,43.6,SELL
WFC,2023-11-28T00:00:00.000000,0,43.6,SELL
WFC,2023-11-29T00:00:00.000000,0,43.6,SELL
WFC,2023-11-30T00:00:00.000000,0,44.32,SELL
WFC,2023-12-01T00:00:00.000000,0,44.32,SELL
WFC,2023-12-04T00:00:00.000000,0,44.32,SELL
WFC,2023-12-05T00:00:00.000000,0,44.32,SELL
WFC,2023-12-06T00:00:00.000000,0,44.32,SELL
WFC,2023-12-07T00:00:00.000000,0,44.32,SELL
WFC,2023-12-08T00:00:00.000000,0,46.44,SELL
WFC,2023-12-11T00:00:00.000000,1,50.07,BUY
WFC,2023-12-12T00:00:00.000000,1,50.07,BUY
WFC,2023-12-13T00:00:00.000000,1,50.07,BUY
WFC,2023-12-14T00:00:00.000000,1,51.22,BUY
WFC,2023-12-15T00:00:00.000000,1,51.22,BUY
WFC,2023-12-18T00:00:00.000000,1,51.22,BUY
WFC,2023-12-19T00:00:00.000000,1,51.22,BUY
WFC,2023-12-20T00:00:00.000000,1,50.07,BUY
WFC,2023-12-21T00:00:00.000000,1,50.07,BUY
WFC,2023-12-22T00:00:00.000000,0,46.44,SELL
WFC,2023-12-26T00:00:00.000000,0,44.32,SELL
WFC,2023-12-27T00:00:00.000000,0,44.32,SELL
WFC,2023-12-28T00:00:00.000000,0,44.32,SELL
WFC,2023-12-29T00:00:00.000000,0,44.32,SELL
WFC,2024-01-02T00:00:00.000000,0,44.32,SELL
WFC,2024-01-03T00:00:00.000000,0,44.32,SELL
WFC,2024-01-04T00:00:00.000000,0,44.32,SELL
WFC,2024-01-05T00:00:00.000000,0,44.32,SELL
WFC,2024-01-08T00:00:00.000000,0,44.32,SELL
WFC,2024-01-09T00:00:00.000000,0,44.32,SELL
WFC,2024-01-10T00:00:00.000000,0,44.32,SELL
WFC,2024-01-11T00:00:00.000000,0,43.6,SELL
WFC,2024-01-12T00:00:00.000000,0,43.6,SELL
WFC,2024-01-16T00:00:00.000000,0,44.32,SELL
WFC,2024-01-17T00:00:00.000000,0,44.32,SELL
WFC,2024-01-18T00:00:00.000000,0,44.32,SELL
WFC,2024-01-19T00:00:00.000000,0,44.32,SELL
WFC,2024-01-22T00:00:00.000000,0,44.32,SELL
WFC,2024-01-23T00:00:00.000000,0,43.6,SELL
WFC,2024-01-24T00:00:00.000000,0,43.6,SELL
WFC,2024-01-25T00:00:00.000000,0,43.6,SELL
WFC,2024-01-26T00:00:00.000000,0,43.6,SELL
WFC,2024-01-29T00:00:00.000000,0,43.6,SELL
WFC,2024-01-30T00:00:00.000000,0,43.6,SELL
WFC,2024-01-31T00:00:00.000000,0,43.6,SELL
WFC,2024-02-01T00:00:00.000000,0,43.6,SELL
WFC,2024-02-02T00:00:00.000000,0,44.32,SELL
WFC,2024-02-05T00:00:00.000000,0,44.32,SELL
WFC,2024-02-06T00:00:00.000000,0,44.32,SELL
WFC,2024-02-07T00:00:00.000000,0,44.32,SELL
WFC,2024-02-08T00:00:00.000000,1,50.07,BUY
WFC,2024-02-09T00:00:00.000000,1,51.22,BUY
WFC,2024-02-12T00:00:00.000000,1,51.22,BUY
WFC,2024-02-13T00:00:00.000000,1,51.22,BUY
WFC,2024-02-14T00:00:00.000000,1,51.22,BUY
WFC,2024-02-15T00:00:00.000000,1,51.22,BUY
WFC,2024-02-16T00:00:00.000000,1,50.07,BUY
WFC,2024-02-20T00:00:00.000000,0,47.54,SELL
WFC,2024-02-21T00:00:00.000000,0,44.32,SELL
WFC,2024-02-22T00:00:00.000000,0,44.32,SELL
WFC,2024-02-23T00:00:00.000000,0,44.32,SELL
WFC,2024-02-26T00:00:00.000000,0,44.32,SELL
WFC,2024-02-27T00:00:00.000000,0,44.32,SELL
WFC,2024-02-28T00:00:00.000000,0,44.32,SELL
WFC,2024-02-29T00:00:00.000000,0,44.32,SELL
WFC,2024-03-01T00:00:00.000000,0,44.32,SELL
WFC,2024-03-04T00:00:00.000000,0,46.44,SELL
WFC,2024-03-05T00:00:00.000000,1,50.07,BUY
WFC,2024-03-06T00:00:00.000000,1,50.07,BUY
WFC,2024-03-07T00:00:00.000000,1,51.15,BUY
WFC,2024-03-08T00:00:00.000000,1,51.22,BUY
WFC,2024-03-11T00:00:00.000000,1,51.22,BUY
WFC,2024-03-12T00:00:00.000000,1,51.22,BUY
WFC,2024-03-13T00:00:00.000000,1,51.22,BUY
WFC,2024-03-14T00:00:00.000000,1,51.22,BUY
WFC,2024-03-15T00:00:00.000000,1,50.07,BUY
WFC,2024-03-18T00:00:00.000000,1,51.22,BUY
WFC,2024-03-19T00:00:00.000000,1,51.22,BUY
WFC,2024-03-20T00:00:00.000000,1,50.07,BUY
WFC,2024-03-21T00:00:00.000000,1,50.07,BUY
WFC,2024-03-22T00:00:00.000000,1,50.07,BUY
WFC,2024-03-25T00:00:00.000000,0,46.44,SELL
WFC,2024-03-26T00:00:00.000000,0,46.44,SELL
WFC,2024-03-27T00:00:00.000000,0,44.9,SELL
WFC,2024-03-28T00:00:00.000000,0,44.32,SELL
WFC,2024-04-01T00:00:00.000000,0,44.32,SELL
WFC,2024-04-02T00:00:00.000000,0,44.32,SELL
WFC,2024-04-03T00:00:00.000000,0,44.32,SELL
WFC,2024-04-04T00:00:00.000000,0,44.32,SELL
WFC,2024-04-05T00:00:00.000000,0,44.32,SELL
WFC,2024-04-08T00:00:00.000000,0,44.32,SELL
WFC,2024-04-09T00:00:00.000000,0,44.32,SELL
WFC,2024-04-10T00:00:00.000000,0,44.32,SELL
WFC,2024-04-11T00:00:00.000000,0,44.32,SELL
WFC,2024-04-12T00:00:00.000000,0,44.32,SELL
WFC,2024-04-15T00:00:00.000000,0,46.44,SELL
WFC,2024-04-16T00:00:00.000000,0,46.44,SELL
WFC,2024-04-17T00:00:00.000000,0,46.44,SELL
WFC,2024-04-18T00:00:00.000000,1,50.0,BUY
WFC,2024-04-19T00:00:00.000000,1,47.54,BUY
WFC,2024-04-22T00:00:00.000000,1,50.07,BUY
WFC,2024-04-23T00:00:00.000000,1,50.07,BUY
WFC,2024-04-24T00:00:00.000000,1,51.22,BUY
WFC,2024-04-25T00:00:00.000000,1,51.22,BUY
WFC,2024-04-26T00:00:00.000000,1,51.22,BUY
WFC,2024-04-29T00:00:00.000000,1,51.22,BUY
WFC,2024-04-30T00:00:00.000000,1,50.07,BUY
WFC,2024-05-01T00:00:00.000000,1,50.07,BUY
WFC,2024-05-02T00:00:00.000000,1,50.0,BUY
WFC,2024-05-03T00:00:00.000000,1,50.07,BUY
WFC,2024-05-06T00:00:00.000000,1,50.07,BUY
WFC,2024-05-07T00:00:00.000000,1,51.22,BUY
WFC,2024-05-08T00:00:00.000000,1,51.22,BUY
WFC,2024-05-09T00:00:00.000000,1,50.07,BUY
WFC,2024-05-10T00:00:00.000000,1,50.07,BUY
WFC,2024-05-13T00:00:00.000000,0,46.44,SELL
WFC,2024-05-14T00:00:00.000000,0,44.32,SELL
WFC,2024-05-15T00:00:00.000000,0,44.32,SELL
WFC,2024-05-16T00:00:00.000000,0,44.32,SELL
WFC,2024-05-17T00:00:00.000000,0,44.32,SELL
WFC,2024-05-20T00:00:00.000000,0,44.32,SELL
WFC,2024-05-21T00:00:00.000000,0,44.32,SELL
WFC,2024-05-22T00:00:00.000000,0,44.32,SELL
WFC,2024-05-23T00:00:00.000000,0,44.32,SELL
WFC,2024-05-24T00:00:00.000000,0,44.32,SELL
WFC,2024-05-28T00:00:00.000000,0,44.32,SELL
WFC,2024-05-29T00:00:00.000000,0,44.32,SELL
WFC,2024-05-30T00:00:00.000000,0,44.32,SELL
WFC,2024-05-31T00:00:00.000000,0,44.32,SELL
WFC,2024-06-03T00:00:00.000000,0,44.32,SELL
WFC,2024-06-04T00:00:00.000000,0,44.32,SELL
WFC,2024-06-05T00:00:00.000000,0,44.32,SELL
WFC,2024-06-06T00:00:00.000000,0,44.32,SELL
WFC,2024-06-07T00:00:00.000000,0,44.32,SELL
WFC,2024-06-10T00:00:00.000000,0,44.32,SELL
WFC,2024-06-11T00:00:00.000000,0,44.32,SELL
WFC,2024-06-12T00:00:00.000000,0,44.32,SELL
WFC,2024-06-13T00:00:00.000000,0,44.32,SELL
WFC,2024-06-14T00:00:00.000000,0,44.32,SELL
WFC,2024-06-17T00:00:00.000000,0,44.32,SELL
WFC,2024-06-18T00:00:00.000000,0,44.32,SELL
WFC,2024-06-20T00:00:00.000000,0,44.32,SELL
WFC,2024-06-21T00:00:00.000000,0,44.32,SELL
WFC,2024-06-24T00:00:00.000000,0,44.32,SELL
WFC,2024-06-25T00:00:00.000000,0,44.32,SELL
WFC,2024-06-26T00:00:00.000000,0,44.32,SELL
WFC,2024-06-27T00:00:00.000000,0,46.44,SELL
WFC,2024-06-28T00:00:00.000000,0,46.44,SELL
WFC,2024-07-01T00:00:00.000000,0,46.44,SELL
WFC,2024-07-02T00:00:00.000000,0,46.44,SELL
WFC,2024-07-03T00:00:00.000000,0,47.54,SELL
WFC,2024-07-05T00:00:00.000000,1,50.07,BUY
WFC,2024-07-08T00:00:00.000000,1,50.07,BUY
WFC,2024-07-09T00:00:00.000000,1,50.07,BUY
WFC,2024-07-10T00:00:00.000000,1,50.07,BUY
WFC,2024-07-11T00:00:00.000000,0,46.44,SELL
WFC,2024-07-12T00:00:00.000000,0,44.32,SELL
WFC,2024-07-15T00:00:00.000000,0,44.32,SELL
WFC,2024-07-16T00:00:00.000000,0,44.32,SELL
WFC,2024-07-17T00:00:00.000000,0,44.9,SELL
WFC,2024-07-18T00:00:00.000000,0,44.32,SELL
WFC,2024-07-19T00:00:00.000000,0,46.44,SELL
WFC,2024-07-22T00:00:00.000000,0,44.9,SELL
WFC,2024-07-23T00:00:00.000000,0,44.32,SELL
WFC,2024-07-24T00:00:00.000000,0,44.9,SELL
WFC,2024-07-25T00:00:00.000000,0,46.44,SELL
WFC,2024-07-26T00:00:00.000000,1,50.07,BUY
WFC,2024-07-29T00:00:00.000000,0,46.44,SELL
WFC,2024-07-30T00:00:00.000000,0,46.44,SELL
WFC,2024-07-31T00:00:00.000000,1,50.07,BUY
WFC,2024-08-01T00:00:00.000000,1,51.22,BUY
WFC,2024-08-02T00:00:00.000000,1,51.22,BUY
WFC,2024-08-05T00:00:00.000000,1,51.22,BUY
WFC,2024-08-06T00:00:00.000000,1,51.22,BUY
WFC,2024-08-07T00:00:00.000000,1,51.22,BUY
WFC,2024-08-08T00:00:00.000000,1,50.07,BUY
WFC,2024-08-09T00:00:00.000000,0,44.32,SELL
WFC,2024-08-12T00:00:00.000000,0,44.32,SELL
WFC,2024-08-13T00:00:00.000000,0,44.32,SELL
WFC,2024-08-14T00:00:00.000000,0,43.6,SELL
WFC,2024-08-15T00:00:00.000000,0,41.9,SELL
WFC,2024-08-16T00:00:00.000000,0,41.9,SELL
WFC,2024-08-19T00:00:00.000000,0,41.9,SELL
WFC,2024-08-20T00:00:00.000000,0,43.59,SELL
WFC,2024-08-21T00:00:00.000000,0,43.6,SELL
WFC,2024-08-22T00:00:00.000000,0,43.6,SELL
WFC,2024-08-23T00:00:00.000000,0,43.6,SELL
WFC,2024-08-26T00:00:00.000000,0,43.59,SELL
WFC,2024-08-27T00:00:00.000000,0,43.59,SELL
WFC,2024-08-28T00:00:00.000000,0,43.6,SELL
WFC,2024-08-29T00:00:00.000000,0,43.6,SELL
WFC,2024-08-30T00:00:00.000000,0,44.32,SELL
WFC,2024-09-03T00:00:00.000000,0,44.32,SELL
WFC,2024-09-04T00:00:00.000000,0,44.32,SELL
WFC,2024-09-05T00:00:00.000000,0,44.32,SELL
WFC,2024-09-06T00:00:00.000000,0,44.32,SELL
WFC,2024-09-09T00:00:00.000000,0,44.32,SELL
WFC,2024-09-10T00:00:00.000000,0,44.32,SELL
WFC,2024-09-11T00:00:00.000000,0,44.32,SELL
WFC,2024-09-12T00:00:00.000000,0,44.32,SELL
WFC,2024-09-13T00:00:00.000000,0,44.32,SELL
WFC,2024-09-16T00:00:00.000000,0,44.32,SELL
WFC,2024-09-17T00:00:00.000000,0,44.9,SELL
WFC,2024-09-18T00:00:00.000000,0,44.32,SELL
WFC,2024-09-19T00:00:00.000000,0,44.32,SELL
WFC,2024-09-20T00:00:00.000000,0,44.32,SELL
WFC,2024-09-23T00:00:00.000000,0,43.6,SELL
WFC,2024-09-24T00:00:00.000000,0,43.59,SELL
WFC,2024-09-25T00:00:00.000000,0,43.59,SELL
WFC,2024-09-26T00:00:00.000000,0,43.6,SELL
WFC,2024-09-27T00:00:00.000000,0,43.6,SELL
WFC,2024-09-30T00:00:00.000000,0,43.6,SELL
WFC,2024-10-01T00:00:00.000000,0,43.6,SELL
WFC,2024-10-02T00:00:00.000000,0,43.6,SELL
WFC,2024-10-03T00:00:00.000000,0,44.2,SELL
WFC,2024-10-04T00:00:00.000000,0,44.32,SELL
WFC,2024-10-07T00:00:00.000000,0,44.32,SELL
WFC,2024-10-08T00:00:00.000000,0,44.32,SELL
WFC,2024-10-09T00:00:00.000000,0,44.32,SELL
WFC,2024-10-10T00:00:00.000000,0,44.32,SELL
WFC,2024-10-11T00:00:00.000000,0,44.32,SELL
WFC,2024-10-14T00:00:00.000000,0,44.32,SELL
WFC,2024-10-15T00:00:00.000000,0,44.32,SELL
WFC,2024-10-16T00:00:00.000000,0,44.32,SELL
WFC,2024-10-17T00:00:00.000000,0,44.32,SELL
WFC,2024-10-18T00:00:00.000000,0,44.32,SELL
WFC,2024-10-21T00:00:00.000000,0,44.32,SELL
WFC,2024-10-22T00:00:00.000000,0,44.32,SELL
WFC,2024-10-23T00:00:00.000000,0,46.44,SELL
WFC,2024-10-24T00:00:00.000000,1,50.07,BUY
WFC,2024-10-25T00:00:00.000000,1,50.07,BUY
WFC,2024-10-28T00:00:00.000000,1,51.22,BUY
WFC,2024-10-29T00:00:00.000000,1,51.22,BUY
WFC,2024-10-30T00:00:00.000000,1,51.22,BUY
WFC,2024-10-31T00:00:00.000000,1,51.22,BUY
WFC,2024-11-01T00:00:00.000000,1,51.22,BUY
WFC,2024-11-04T00:00:00.000000,1,51.22,BUY
WFC,2024-11-05T00:00:00.000000,1,50.07,BUY
WFC,2024-11-06T00:00:00.000000,1,50.07,BUY
WFC,2024-11-07T00:00:00.000000,0,46.44,SELL
WFC,2024-11-08T00:00:00.000000,0,44.32,SELL
WFC,2024-11-11T00:00:00.000000,0,44.32,SELL
WFC,2024-11-12T00:00:00.000000,0,43.6,SELL
WFC,2024-11-13T00:00:00.000000,0,43.6,SELL
WFC,2024-11-14T00:00:00.000000,0,43.6,SELL
WFC,2024-11-15T00:00:00.000000,0,43.6,SELL
WFC,2024-11-18T00:00:00.000000,0,43.59,SELL
WFC,2024-11-19T00:00:00.000000,0,43.59,SELL
WFC,2024-11-20T00:00:00.000000,0,43.59,SELL
WFC,2024-11-21T00:00:00.000000,0,44.32,SELL
WFC,2024-11-22T00:00:00.000000,0,44.32,SELL
WFC,2024-11-25T00:00:00.000000,0,44.32,SELL
WFC,2024-11-26T00:00:00.000000,0,44.9,SELL
WFC,2024-11-27T00:00:00.000000,0,44.9,SELL
WFC,2024-11-29T00:00:00.000000,0,46.44,SELL
WFC,2024-12-02T00:00:00.000000,0,44.9,SELL
WFC,2024-12-03T00:00:00.000000,0,44.32,SELL
WFC,2024-12-04T00:00:00.000000,0,44.32,SELL
WFC,2024-12-05T00:00:00.000000,0,44.32,SELL
WFC,2024-12-06T00:00:00.000000,0,44.32,SELL
WFC,2024-12-09T00:00:00.000000,0,44.32,SELL
WFC,2024-12-10T00:00:00.000000,0,44.32,SELL
WFC,2024-12-11T00:00:00.000000,0,44.32,SELL
WFC,2024-12-12T00:00:00.000000,0,44.32,SELL
WFC,2024-12-13T00:00:00.000000,0,46.44,SELL
WFC,2024-12-16T00:00:00.000000,0,46.44,SELL
WFC,2024-12-17T00:00:00.000000,0,44.32,SELL
WFC,2024-12-18T00:00:00.000000,0,44.32,SELL
WFC,2024-12-19T00:00:00.000000,0,44.32,SELL
WFC,2024-12-20T00:00:00.000000,0,44.32,SELL
WMT,2023-02-21T00:00:00.000000,0,44.32,SELL
WMT,2023-02-22T00:00:00.000000,0,44.32,SELL
WMT,2023-02-23T00:00:00.000000,0,46.44,SELL
WMT,2023-02-24T00:00:00.000000,0,46.44,SELL
WMT,2023-02-27T00:00:00.000000,1,50.07,BUY
WMT,2023-02-28T00:00:00.000000,1,51.22,BUY
WMT,2023-03-01T00:00:00.000000,1,51.22,BUY
WMT,2023-03-02T00:00:00.000000,1,51.22,BUY
WMT,2023-03-03T00:00:00.000000,1,51.22,BUY
WMT,2023-03-06T00:00:00.000000,1,51.22,BUY
WMT,2023-03-07T00:00:00.000000,1,51.22,BUY
WMT,2023-03-08T00:00:00.000000,1,51.22,BUY
WMT,2023-03-09T00:00:00.000000,1,51.22,BUY
WMT,2023-03-10T00:00:00.000000,1,51.22,BUY
WMT,2023-03-13T00:00:00.000000,1,51.22,BUY
WMT,2023-03-14T00:00:00.000000,1,51.22,BUY
WMT,2023-03-15T00:00:00.000000,1,51.22,BUY
WMT,2023-03-16T00:00:00.000000,1,51.22,BUY
WMT,2023-03-17T00:00:00.000000,1,51.22,BUY
WMT,2023-03-20T00:00:00.000000,1,51.22,BUY
WMT,2023-03-21T00:00:00.000000,1,51.22,BUY
WMT,2023-03-22T00:00:00.000000,1,51.22,BUY
WMT,2023-03-23T00:00:00.000000,1,51.22,BUY
WMT,2023-03-24T00:00:00.000000,1,51.22,BUY
WMT,2023-03-27T00:00:00.000000,1,51.22,BUY
WMT,2023-03-28T00:00:00.000000,1,51.22,BUY
WMT,2023-03-29T00:00:00.000000,1,50.07,BUY
WMT,2023-03-30T00:00:00.000000,1,50.07,BUY
WMT,2023-03-31T00:00:00.000000,1,50.07,BUY
WMT,2023-04-03T00:00:00.000000,1,47.54,BUY
WMT,2023-04-04T00:00:00.000000,1,50.07,BUY
WMT,2023-04-05T00:00:00.000000,1,50.07,BUY
WMT,2023-04-06T00:00:00.000000,1,50.0,BUY
WMT,2023-04-10T00:00:00.000000,0,46.44,SELL
WMT,2023-04-11T00:00:00.000000,0,46.44,SELL
WMT,2023-04-12T00:00:00.000000,0,46.44,SELL
WMT,2023-04-13T00:00:00.000000,0,46.44,SELL
WMT,2023-04-14T00:00:00.000000,0,46.44,SELL
WMT,2023-04-17T00:00:00.000000,0,44.9,SELL
WMT,2023-04-18T00:00:00.000000,0,46.44,SELL
WMT,2023-04-19T00:00:00.000000,0,46.44,SELL
WMT,2023-04-20T00:00:00.000000,0,46.44,SELL
WMT,2023-04-21T00:00:00.000000,0,46.44,SELL
WMT,2023-04-24T00:00:00.000000,0,44.32,SELL
WMT,2023-04-25T00:00:00.000000,0,44.32,SELL
WMT,2023-04-26T00:00:00.000000,0,44.32,SELL
WMT,2023-04-27T00:00:00.000000,0,44.32,SELL
WMT,2023-04-28T00:00:00.000000,0,44.32,SELL
WMT,2023-05-01T00:00:00.000000,0,44.9,SELL
WMT,2023-05-02T00:00:00.000000,0,46.44,SELL
WMT,2023-05-03T00:00:00.000000,1,50.07,BUY
WMT,2023-05-04T00:00:00.000000,1,50.07,BUY
WMT,2023-05-05T00:00:00.000000,1,51.22,BUY
WMT,2023-05-08T00:00:00.000000,1,51.22,BUY
WMT,2023-05-09T00:00:00.000000,1,51.22,BUY
WMT,2023-05-10T00:00:00.000000,1,51.22,BUY
WMT,2023-05-11T00:00:00.000000,1,51.22,BUY
WMT,2023-05-12T00:00:00.000000,1,51.22,BUY
WMT,2023-05-15T00:00:00.000000,1,51.22,BUY
WMT,2023-05-16T00:00:00.000000,1,51.22,BUY
WMT,2023-05-17T00:00:00.000000,1,51.22,BUY
WMT,2023-05-18T00:00:00.000000,1,51.22,BUY
WMT,2023-05-19T00:00:00.000000,1,51.22,BUY
WMT,2023-05-22T00:00:00.000000,1,51.22,BUY
WMT,2023-05-23T00:00:00.000000,1,51.22,BUY
WMT,2023-05-24T00:00:00.000000,1,50.07,BUY
WMT,2023-05-25T00:00:00.000000,1,50.07,BUY
WMT,2023-05-26T00:00:00.000000,0,46.44,SELL
WMT,2023-05-30T00:00:00.000000,0,44.32,SELL
WMT,2023-05-31T00:00:00.000000,0,44.32,SELL
WMT,2023-06-01T00:00:00.000000,0,43.6,SELL
WMT,2023-06-02T00:00:00.000000,0,43.6,SELL
WMT,2023-06-05T00:00:00.000000,0,43.59,SELL
WMT,2023-06-06T00:00:00.000000,0,43.59,SELL
WMT,2023-06-07T00:00:00.000000,0,43.59,SELL
WMT,2023-06-08T00:00:00.000000,0,43.6,SELL
WMT,2023-06-09T00:00:00.000000,0,43.6,SELL
WMT,2023-06-12T00:00:00.000000,0,43.6,SELL
WMT,2023-06-13T00:00:00.000000,0,43.6,SELL
WMT,2023-06-14T00:00:00.000000,0,44.32,SELL
WMT,2023-06-15T00:00:00.000000,0,44.32,SELL
WMT,2023-06-16T00:00:00.000000,0,44.32,SELL
WMT,2023-06-20T00:00:00.000000,0,46.44,SELL
WMT,2023-06-21T00:00:00.000000,1,50.0,BUY
WMT,2023-06-22T00:00:00.000000,1,50.07,BUY
WMT,2023-06-23T00:00:00.000000,1,51.22,BUY
WMT,2023-06-26T00:00:00.000000,1,51.22,BUY
WMT,2023-06-27T00:00:00.000000,1,51.22,BUY
WMT,2023-06-28T00:00:00.000000,1,51.22,BUY
WMT,2023-06-29T00:00:00.000000,1,51.22,BUY
WMT,2023-06-30T00:00:00.000000,1,51.22,BUY
WMT,2023-07-03T00:00:00.000000,1,51.22,BUY
WMT,2023-07-05T00:00:00.000000,1,50.07,BUY
WMT,2023-07-06T00:00:00.000000,1,50.07,BUY
WMT,2023-07-07T00:00:00.000000,0,46.44,SELL
WMT,2023-07-10T00:00:00.000000,0,46.44,SELL
WMT,2023-07-11T00:00:00.000000,0,46.44,SELL
WMT,2023-07-12T00:00:00.000000,0,44.9,SELL
WMT,2023-07-13T00:00:00.000000,0,44.32,SELL
WMT,2023-07-14T00:00:00.000000,0,44.32,SELL
WMT,2023-07-17T00:00:00.000000,0,44.32,SELL
WMT,2023-07-18T00:00:00.000000,0,44.32,SELL
WMT,2023-07-19T00:00:00.000000,0,44.32,SELL
WMT,2023-07-20T00:00:00.000000,0,44.32,SELL
WMT,2023-07-21T00:00:00.000000,0,43.6,SELL
WMT,2023-07-24T00:00:00.000000,0,43.59,SELL
WMT,2023-07-25T00:00:00.000000,0,41.9,SELL
WMT,2023-07-26T00:00:00.000000,0,41.9,SELL
WMT,2023-07-27T00:00:00.000000,0,43.59,SELL
WMT,2023-07-28T00:00:00.000000,0,43.6,SELL
WMT,2023-07-31T00:00:00.000000,0,43.6,SELL
WMT,2023-08-01T00:00:00.000000,0,44.32,SELL
WMT,2023-08-02T00:00:00.000000,0,44.32,SELL
WMT,2023-08-03T00:00:00.000000,0,44.32,SELL
WMT,2023-08-04T00:00:00.000000,0,44.32,SELL
WMT,2023-08-07T00:00:00.000000,0,44.32,SELL
WMT,2023-08-08T00:00:00.000000,0,44.32,SELL
WMT,2023-08-09T00:00:00.000000,0,44.32,SELL
WMT,2023-08-10T00:00:00.000000,0,44.32,SELL
WMT,2023-08-11T00:00:00.000000,0,44.9,SELL
WMT,2023-08-14T00:00:00.000000,0,46.44,SELL
WMT,2023-08-15T00:00:00.000000,1,50.07,BUY
WMT,2023-08-16T00:00:00.000000,1,50.07,BUY
WMT,2023-08-17T00:00:00.000000,1,50.07,BUY
WMT,2023-08-18T00:00:00.000000,1,50.07,BUY
WMT,2023-08-21T00:00:00.000000,1,50.07,BUY
WMT,2023-08-22T00:00:00.000000,1,50.07,BUY
WMT,2023-08-23T00:00:00.000000,1,50.07,BUY
WMT,2023-08-24T00:00:00.000000,1,50.07,BUY
WMT,2023-08-25T00:00:00.000000,0,46.44,SELL
WMT,2023-08-28T00:00:00.000000,0,46.44,SELL
WMT,2023-08-29T00:00:00.000000,0,44.9,SELL
WMT,2023-08-30T00:00:00.000000,0,44.32,SELL
WMT,2023-08-31T00:00:00.000000,0,44.32,SELL
WMT,2023-09-01T00:00:00.000000,0,44.32,SELL
WMT,2023-09-05T00:00:00.000000,0,44.32,SELL
WMT,2023-09-06T00:00:00.000000,0,44.32,SELL
WMT,2023-09-07T00:00:00.000000,0,44.32,SELL
WMT,2023-09-08T00:00:00.000000,0,44.32,SELL
WMT,2023-09-11T00:00:00.000000,0,44.32,SELL
WMT,2023-09-12T00:00:00.000000,0,44.32,SELL
WMT,2023-09-13T00:00:00.000000,0,44.32,SELL
WMT,2023-09-14T00:00:00.000000,0,44.32,SELL
WMT,2023-09-15T00:00:00.000000,0,44.32,SELL
WMT,2023-09-18T00:00:00.000000,0,46.44,SELL
WMT,2023-09-19T00:00:00.000000,1,50.0,BUY
WMT,2023-09-20T00:00:00.000000,1,50.07,BUY
WMT,2023-09-21T00:00:00.000000,1,50.07,BUY
WMT,2023-09-22T00:00:00.000000,1,50.07,BUY
WMT,2023-09-25T00:00:00.000000,1,50.07,BUY
WMT,2023-09-26T00:00:00.000000,1,51.22,BUY
WMT,2023-09-27T00:00:00.000000,1,51.22,BUY
WMT,2023-09-28T00:00:00.000000,1,51.22,BUY
WMT,2023-09-29T00:00:00.000000,1,51.22,BUY
WMT,2023-10-02T00:00:00.000000,1,51.22,BUY
WMT,2023-10-03T00:00:00.000000,1,51.22,BUY
WMT,2023-10-04T00:00:00.000000,1,51.22,BUY
WMT,2023-10-05T00:00:00.000000,1,51.22,BUY
WMT,2023-10-06T00:00:00.000000,1,51.22,BUY
WMT,2023-10-09T00:00:00.000000,1,51.22,BUY
WMT,2023-10-10T00:00:00.000000,1,51.22,BUY
WMT,2023-10-11T00:00:00.000000,1,50.07,BUY
WMT,2023-10-12T00:00:00.000000,0,46.44,SELL
WMT,2023-10-13T00:00:00.000000,0,44.32,SELL
WMT,2023-10-16T00:00:00.000000,0,44.32,SELL
WMT,2023-10-17T00:00:00.000000,0,44.32,SELL
WMT,2023-10-18T00:00:00.000000,0,44.32,SELL
WMT,2023-10-19T00:00:00.000000,0,44.32,SELL
WMT,2023-10-20T00:00:00.000000,0,44.32,SELL
WMT,2023-10-23T00:00:00.000000,0,44.32,SELL
WMT,2023-10-24T00:00:00.000000,0,46.44,SELL
WMT,2023-10-25T00:00:00.000000,1,50.07,BUY
WMT,2023-10-26T00:00:00.000000,1,51.15,BUY
WMT,2023-10-27T00:00:00.000000,1,51.22,BUY
WMT,2023-10-30T00:00:00.000000,1,51.22,BUY
WMT,2023-10-31T00:00:00.000000,1,51.22,BUY
WMT,2023-11-01T00:00:00.000000,1,51.22,BUY
WMT,2023-11-02T00:00:00.000000,1,51.22,BUY
WMT,2023-11-03T00:00:00.000000,1,51.22,BUY
WMT,2023-11-06T00:00:00.000000,1,51.22,BUY
WMT,2023-11-07T00:00:00.000000,1,51.22,BUY
WMT,2023-11-08T00:00:00.000000,1,51.22,BUY
WMT,2023-11-09T00:00:00.000000,1,51.22,BUY
WMT,2023-11-10T00:00:00.000000,1,51.22,BUY
WMT,2023-11-13T00:00:00.000000,0,46.44,SELL
WMT,2023-11-14T00:00:00.000000,0,44.32,SELL
WMT,2023-11-15T00:00:00.000000,0,44.32,SELL
WMT,2023-11-16T00:00:00.000000,0,44.32,SELL
WMT,2023-11-17T00:00:00.000000,0,44.32,SELL
WMT,2023-11-20T00:00:00.000000,0,44.32,SELL
WMT,2023-11-21T00:00:00.000000,0,44.32,SELL
WMT,2023-11-22T00:00:00.000000,0,44.32,SELL
WMT,2023-11-24T00:00:00.000000,0,44.32,SELL
WMT,2023-11-27T00:00:00.000000,0,43.6,SELL
WMT,2023-11-28T00:00:00.000000,0,43.59,SELL
WMT,2023-11-29T00:00:00.000000,0,42.81,SELL
WMT,2023-11-30T00:00:00.000000,0,41.9,SELL
WMT,2023-12-01T00:00:00.000000,0,41.9,SELL
WMT,2023-12-04T00:00:00.000000,0,41.9,SELL
WMT,2023-12-05T00:00:00.000000,0,41.9,SELL
WMT,2023-12-06T00:00:00.000000,0,41.9,SELL
WMT,2023-12-07T00:00:00.000000,0,41.9,SELL
WMT,2023-12-08T00:00:00.000000,0,41.9,SELL
WMT,2023-12-11T00:00:00.000000,0,43.59,SELL
WMT,2023-12-12T00:00:00.000000,0,41.9,SELL
WMT,2023-12-13T00:00:00.000000,0,41.9,SELL
WMT,2023-12-14T00:00:00.000000,0,41.9,SELL
WMT,2023-12-15T00:00:00.000000,0,41.9,SELL
WMT,2023-12-18T00:00:00.000000,0,41.9,SELL
WMT,2023-12-19T00:00:00.000000,0,41.9,SELL
WMT,2023-12-20T00:00:00.000000,0,41.88,SELL
WMT,2023-12-21T00:00:00.000000,0,41.67,SELL
WMT,2023-12-22T00:00:00.000000,0,41.67,SELL
WMT,2023-12-26T00:00:00.000000,0,41.67,SELL
WMT,2023-12-27T00:00:00.000000,0,41.67,SELL
WMT,2023-12-28T00:00:00.000000,0,41.9,SELL
WMT,2023-12-29T00:00:00.000000,0,41.9,SELL
WMT,2024-01-02T00:00:00.000000,0,41.9,SELL
WMT,2024-01-03T00:00:00.000000,0,43.59,SELL
WMT,2024-01-04T00:00:00.000000,0,43.6,SELL
WMT,2024-01-05T00:00:00.000000,0,44.32,SELL
WMT,2024-01-08T00:00:00.000000,0,44.32,SELL
WMT,2024-01-09T00:00:00.000000,0,44.32,SELL
WMT,2024-01-10T00:00:00.000000,0,44.32,SELL
WMT,2024-01-11T00:00:00.000000,0,46.44,SELL
WMT,2024-01-12T00:00:00.000000,1,50.07,BUY
WMT,2024-01-16T00:00:00.000000,1,51.15,BUY
WMT,2024-01-17T00:00:00.000000,1,51.22,BUY
WMT,2024-01-18T00:00:00.000000,1,51.22,BUY
WMT,2024-01-19T00:00:00.000000,1,51.22,BUY
WMT,2024-01-22T00:00:00.000000,1,51.22,BUY
WMT,2024-01-23T00:00:00.000000,1,51.22,BUY
WMT,2024-01-24T00:00:00.000000,1,51.22,BUY
WMT,2024-01-25T00:00:00.000000,1,51.22,BUY
WMT,2024-01-26T00:00:00.000000,1,51.22,BUY
WMT,2024-01-29T00:00:00.000000,1,51.22,BUY
WMT,2024-01-30T00:00:00.000000,1,51.22,BUY
WMT,2024-01-31T00:00:00.000000,1,51.22,BUY
WMT,2024-02-01T00:00:00.000000,1,51.22,BUY
WMT,2024-02-02T00:00:00.000000,1,51.22,BUY
WMT,2024-02-05T00:00:00.000000,1,51.15,BUY
WMT,2024-02-06T00:00:00.000000,1,50.07,BUY
WMT,2024-02-07T00:00:00.000000,1,51.22,BUY
WMT,2024-02-08T00:00:00.000000,1,51.22,BUY
WMT,2024-02-09T00:00:00.000000,1,51.22,BUY
WMT,2024-02-12T00:00:00.000000,1,51.22,BUY
WMT,2024-02-13T00:00:00.000000,1,51.22,BUY
WMT,2024-02-14T00:00:00.000000,1,51.22,BUY
WMT,2024-02-15T00:00:00.000000,1,51.22,BUY
WMT,2024-02-16T00:00:00.000000,1,51.22,BUY
WMT,2024-02-20T00:00:00.000000,1,51.22,BUY
WMT,2024-02-21T00:00:00.000000,1,51.22,BUY
WMT,2024-02-22T00:00:00.000000,1,51.22,BUY
WMT,2024-02-23T00:00:00.000000,1,50.07,BUY
WMT,2024-02-26T00:00:00.000000,0,46.44,SELL
WMT,2024-02-27T00:00:00.000000,0,44.32,SELL
WMT,2024-02-28T00:00:00.000000,0,44.32,SELL
WMT,2024-02-29T00:00:00.000000,0,44.32,SELL
WMT,2024-03-01T00:00:00.000000,0,44.32,SELL
WMT,2024-03-04T00:00:00.000000,0,44.32,SELL
WMT,2024-03-05T00:00:00.000000,0,44.32,SELL
WMT,2024-03-06T00:00:00.000000,0,44.32,SELL
WMT,2024-03-07T00:00:00.000000,0,44.32,SELL
WMT,2024-03-08T00:00:00.000000,0,44.32,SELL
WMT,2024-03-11T00:00:00.000000,0,44.32,SELL
WMT,2024-03-12T00:00:00.000000,0,44.32,SELL
WMT,2024-03-13T00:00:00.000000,0,44.32,SELL
WMT,2024-03-14T00:00:00.000000,0,44.32,SELL
WMT,2024-03-15T00:00:00.000000,0,44.32,SELL
WMT,2024-03-18T00:00:00.000000,0,44.32,SELL
WMT,2024-03-19T00:00:00.000000,0,44.32,SELL
WMT,2024-03-20T00:00:00.000000,0,44.32,SELL
WMT,2024-03-21T00:00:00.000000,0,44.32,SELL
WMT,2024-03-22T00:00:00.000000,0,44.32,SELL
WMT,2024-03-25T00:00:00.000000,0,44.32,SELL
WMT,2024-03-26T00:00:00.000000,0,44.32,SELL
WMT,2024-03-27T00:00:00.000000,0,44.32,SELL
WMT,2024-03-28T00:00:00.000000,0,44.32,SELL
WMT,2024-04-01T00:00:00.000000,0,44.32,SELL
WMT,2024-04-02T00:00:00.000000,0,44.32,SELL
WMT,2024-04-03T00:00:00.000000,0,44.32,SELL
WMT,2024-04-04T00:00:00.000000,0,44.32,SELL
WMT,2024-04-05T00:00:00.000000,0,44.32,SELL
WMT,2024-04-08T00:00:00.000000,0,44.32,SELL
WMT,2024-04-09T00:00:00.000000,0,44.32,SELL
WMT,2024-04-10T00:00:00.000000,0,44.32,SELL
WMT,2024-04-11T00:00:00.000000,0,44.32,SELL
WMT,2024-04-12T00:00:00.000000,0,44.32,SELL
WMT,2024-04-15T00:00:00.000000,0,44.32,SELL
WMT,2024-04-16T00:00:00.000000,0,44.32,SELL
WMT,2024-04-17T00:00:00.000000,0,44.32,SELL
WMT,2024-04-18T00:00:00.000000,0,46.44,SELL
WMT,2024-04-19T00:00:00.000000,0,46.44,SELL
WMT,2024-04-22T00:00:00.000000,0,46.44,SELL
WMT,2024-04-23T00:00:00.000000,0,46.44,SELL
WMT,2024-04-24T00:00:00.000000,0,46.44,SELL
WMT,2024-04-25T00:00:00.000000,0,46.44,SELL
WMT,2024-04-26T00:00:00.000000,0,44.32,SELL
WMT,2024-04-29T00:00:00.000000,0,44.32,SELL
WMT,2024-04-30T00:00:00.000000,0,44.32,SELL
WMT,2024-05-01T00:00:00.000000,0,44.32,SELL
WMT,2024-05-02T00:00:00.000000,0,44.32,SELL
WMT,2024-05-03T00:00:00.000000,0,44.32,SELL
WMT,2024-05-06T00:00:00.000000,0,44.32,SELL
WMT,2024-05-07T00:00:00.000000,0,44.32,SELL
WMT,2024-05-08T00:00:00.000000,0,44.32,SELL
WMT,2024-05-09T00:00:00.000000,0,44.32,SELL
WMT,2024-05-10T00:00:00.000000,0,44.32,SELL
WMT,2024-05-13T00:00:00.000000,0,44.32,SELL
WMT,2024-05-14T00:00:00.000000,0,44.32,SELL
WMT,2024-05-15T00:00:00.000000,0,44.32,SELL
WMT,2024-05-16T00:00:00.000000,0,43.6,SELL
WMT,2024-05-17T00:00:00.000000,0,44.32,SELL
WMT,2024-05-20T00:00:00.000000,0,44.32,SELL
WMT,2024-05-21T00:00:00.000000,0,44.32,SELL
WMT,2024-05-22T00:00:00.000000,0,44.32,SELL
WMT,2024-05-23T00:00:00.000000,0,44.32,SELL
WMT,2024-05-24T00:00:00.000000,0,44.32,SELL
WMT,2024-05-28T00:00:00.000000,0,44.9,SELL
WMT,2024-05-29T00:00:00.000000,0,46.44,SELL
WMT,2024-05-30T00:00:00.000000,1,50.07,BUY
WMT,2024-05-31T00:00:00.000000,1,50.07,BUY
WMT,2024-06-03T00:00:00.000000,1,51.22,BUY
WMT,2024-06-04T00:00:00.000000,1,51.22,BUY
WMT,2024-06-05T00:00:00.000000,1,51.22,BUY
WMT,2024-06-06T00:00:00.000000,1,51.22,BUY
WMT,2024-06-07T00:00:00.000000,1,51.22,BUY
WMT,2024-06-10T00:00:00.000000,1,51.22,BUY
WMT,2024-06-11T00:00:00.000000,1,51.22,BUY
WMT,2024-06-12T00:00:00.000000,1,51.22,BUY
WMT,2024-06-13T00:00:00.000000,1,51.22,BUY
WMT,2024-06-14T00:00:00.000000,1,51.22,BUY
WMT,2024-06-17T00:00:00.000000,1,51.22,BUY
WMT,2024-06-18T00:00:00.000000,1,51.22,BUY
WMT,2024-06-20T00:00:00.000000,1,51.22,BUY
WMT,2024-06-21T00:00:00.000000,1,51.22,BUY
WMT,2024-06-24T00:00:00.000000,1,51.22,BUY
WMT,2024-06-25T00:00:00.000000,1,51.22,BUY
WMT,2024-06-26T00:00:00.000000,1,51.22,BUY
WMT,2024-06-27T00:00:00.000000,1,51.22,BUY
WMT,2024-06-28T00:00:00.000000,1,51.22,BUY
WMT,2024-07-01T00:00:00.000000,1,51.22,BUY
WMT,2024-07-02T00:00:00.000000,1,51.22,BUY
WMT,2024-07-03T00:00:00.000000,1,51.22,BUY
WMT,2024-07-05T00:00:00.000000,1,51.22,BUY
WMT,2024-07-08T00:00:00.000000,1,51.22,BUY
WMT,2024-07-09T00:00:00.000000,1,51.22,BUY
WMT,2024-07-10T00:00:00.000000,1,51.22,BUY
WMT,2024-07-11T00:00:00.000000,1,51.22,BUY
WMT,2024-07-12T00:00:00.000000,1,51.22,BUY
WMT,2024-07-15T00:00:00.000000,1,50.07,BUY
WMT,2024-07-16T00:00:00.000000,1,50.07,BUY
WMT,2024-07-17T00:00:00.000000,0,46.44,SELL
WMT,2024-07-18T00:00:00.000000,0,46.44,SELL
WMT,2024-07-19T00:00:00.000000,0,46.44,SELL
WMT,2024-07-22T00:00:00.000000,0,46.44,SELL
WMT,2024-07-23T00:00:00.000000,1,50.0,BUY
WMT,2024-07-24T00:00:00.000000,1,50.07,BUY
WMT,2024-07-25T00:00:00.000000,1,50.07,BUY
WMT,2024-07-26T00:00:00.000000,1,50.07,BUY
WMT,2024-07-29T00:00:00.000000,1,50.07,BUY
WMT,2024-07-30T00:00:00.000000,1,50.07,BUY
WMT,2024-07-31T00:00:00.000000,1,50.07,BUY
WMT,2024-08-01T00:00:00.000000,1,51.15,BUY
WMT,2024-08-02T00:00:00.000000,1,51.22,BUY
WMT,2024-08-05T00:00:00.000000,1,51.22,BUY
WMT,2024-08-06T00:00:00.000000,1,50.07,BUY
WMT,2024-08-07T00:00:00.000000,1,50.07,BUY
WMT,2024-08-08T00:00:00.000000,1,50.07,BUY
WMT,2024-08-09T00:00:00.000000,0,47.54,SELL
WMT,2024-08-12T00:00:00.000000,0,46.44,SELL
WMT,2024-08-13T00:00:00.000000,0,46.44,SELL
WMT,2024-08-14T00:00:00.000000,0,44.32,SELL
WMT,2024-08-15T00:00:00.000000,0,44.32,SELL
WMT,2024-08-16T00:00:00.000000,0,44.32,SELL
WMT,2024-08-19T00:00:00.000000,0,44.32,SELL
WMT,2024-08-20T00:00:00.000000,0,44.32,SELL
WMT,2024-08-21T00:00:00.000000,0,44.32,SELL
WMT,2024-08-22T00:00:00.000000,0,43.6,SELL
WMT,2024-08-23T00:00:00.000000,0,44.32,SELL
WMT,2024-08-26T00:00:00.000000,0,44.32,SELL
WMT,2024-08-27T00:00:00.000000,0,44.32,SELL
WMT,2024-08-28T00:00:00.000000,0,44.32,SELL
WMT,2024-08-29T00:00:00.000000,0,44.32,SELL
WMT,2024-08-30T00:00:00.000000,1,50.07,BUY
WMT,2024-09-03T00:00:00.000000,1,50.07,BUY
WMT,2024-09-04T00:00:00.000000,1,51.22,BUY
WMT,2024-09-05T00:00:00.000000,1,51.22,BUY
WMT,2024-09-06T00:00:00.000000,1,51.22,BUY
WMT,2024-09-09T00:00:00.000000,1,51.22,BUY
WMT,2024-09-10T00:00:00.000000,1,51.22,BUY
WMT,2024-09-11T00:00:00.000000,1,51.22,BUY
WMT,2024-09-12T00:00:00.000000,1,51.22,BUY
WMT,2024-09-13T00:00:00.000000,1,51.22,BUY
WMT,2024-09-16T00:00:00.000000,1,51.22,BUY
WMT,2024-09-17T00:00:00.000000,1,51.22,BUY
WMT,2024-09-18T00:00:00.000000,1,51.22,BUY
WMT,2024-09-19T00:00:00.000000,1,51.22,BUY
WMT,2024-09-20T00:00:00.000000,1,51.22,BUY
WMT,2024-09-23T00:00:00.000000,1,51.22,BUY
WMT,2024-09-24T00:00:00.000000,1,51.22,BUY
WMT,2024-09-25T00:00:00.000000,1,51.22,BUY
WMT,2024-09-26T00:00:00.000000,1,51.22,BUY
WMT,2024-09-27T00:00:00.000000,1,51.22,BUY
WMT,2024-09-30T00:00:00.000000,1,51.22,BUY
WMT,2024-10-01T00:00:00.000000,1,51.22,BUY
WMT,2024-10-02T00:00:00.000000,1,50.07,BUY
WMT,2024-10-03T00:00:00.000000,1,50.07,BUY
WMT,2024-10-04T00:00:00.000000,1,50.07,BUY
WMT,2024-10-07T00:00:00.000000,1,50.07,BUY
WMT,2024-10-08T00:00:00.000000,1,50.07,BUY
WMT,2024-10-09T00:00:00.000000,1,50.07,BUY
WMT,2024-10-10T00:00:00.000000,1,51.22,BUY
WMT,2024-10-11T00:00:00.000000,1,50.07,BUY
WMT,2024-10-14T00:00:00.000000,1,50.07,BUY
WMT,2024-10-15T00:00:00.000000,1,50.07,BUY
WMT,2024-10-16T00:00:00.000000,1,50.07,BUY
WMT,2024-10-17T00:00:00.000000,0,46.44,SELL
WMT,2024-10-18T00:00:00.000000,0,44.9,SELL
WMT,2024-10-21T00:00:00.000000,0,44.9,SELL
WMT,2024-10-22T00:00:00.000000,0,44.32,SELL
WMT,2024-10-23T00:00:00.000000,0,44.32,SELL
WMT,2024-10-24T00:00:00.000000,0,44.32,SELL
WMT,2024-10-25T00:00:00.000000,0,44.32,SELL
WMT,2024-10-28T00:00:00.000000,0,46.44,SELL
WMT,2024-10-29T00:00:00.000000,1,47.54,BUY
WMT,2024-10-30T00:00:00.000000,1,50.07,BUY
WMT,2024-10-31T00:00:00.000000,1,50.07,BUY
WMT,2024-11-01T00:00:00.000000,1,50.07,BUY
WMT,2024-11-04T00:00:00.000000,1,51.15,BUY
WMT,2024-11-05T00:00:00.000000,1,50.07,BUY
WMT,2024-11-06T00:00:00.000000,1,51.15,BUY
WMT,2024-11-07T00:00:00.000000,1,51.22,BUY
WMT,2024-11-08T00:00:00.000000,1,51.22,BUY
WMT,2024-11-11T00:00:00.000000,1,50.07,BUY
WMT,2024-11-12T00:00:00.000000,1,50.07,BUY
WMT,2024-11-13T00:00:00.000000,1,50.07,BUY
WMT,2024-11-14T00:00:00.000000,1,50.07,BUY
WMT,2024-11-15T00:00:00.000000,1,47.54,BUY
WMT,2024-11-18T00:00:00.000000,0,46.44,SELL
WMT,2024-11-19T00:00:00.000000,0,44.32,SELL
WMT,2024-11-20T00:00:00.000000,0,44.32,SELL
WMT,2024-11-21T00:00:00.000000,0,44.32,SELL
WMT,2024-11-22T00:00:00.000000,0,44.32,SELL
WMT,2024-11-25T00:00:00.000000,0,44.32,SELL
WMT,2024-11-26T00:00:00.000000,0,44.32,SELL
WMT,2024-11-27T00:00:00.000000,0,44.32,SELL
WMT,2024-11-29T00:00:00.000000,0,44.32,SELL
WMT,2024-12-02T00:00:00.000000,0,44.32,SELL
WMT,2024-12-03T00:00:00.000000,0,44.32,SELL
WMT,2024-12-04T00:00:00.000000,0,44.32,SELL
WMT,2024-12-05T00:00:00.000000,0,44.32,SELL
WMT,2024-12-06T00:00:00.000000,0,44.32,SELL
WMT,2024-12-09T00:00:00.000000,0,44.32,SELL
WMT,2024-12-10T00:00:00.000000,0,46.44,SELL
WMT,2024-12-11T00:00:00.000000,1,50.07,BUY
WMT,2024-12-12T00:00:00.000000,1,51.15,BUY
WMT,2024-12-13T00:00:00.000000,1,51.22,BUY
WMT,2024-12-16T00:00:00.000000,1,51.22,BUY
WMT,2024-12-17T00:00:00.000000,1,51.22,BUY
WMT,2024-12-18T00:00:00.000000,1,51.22,BUY
WMT,2024-12-19T00:00:00.000000,1,51.22,BUY
WMT,2024-12-20T00:00:00.000000,1,51.22,BUY
XOM,2023-02-21T00:00:00.000000,0,44.32,SELL
XOM,2023-02-22T00:00:00.000000,0,44.32,SELL
XOM,2023-02-23T00:00:00.000000,0,44.32,SELL
XOM,2023-02-24T00:00:00.000000,0,44.32,SELL
XOM,2023-02-27T00:00:00.000000,0,44.32,SELL
XOM,2023-02-28T00:00:00.000000,0,46.44,SELL
XOM,2023-03-01T00:00:00.000000,1,50.07,BUY
XOM,2023-03-02T00:00:00.000000,1,51.15,BUY
XOM,2023-03-03T00:00:00.000000,1,51.22,BUY
XOM,2023-03-06T00:00:00.000000,1,51.22,BUY
XOM,2023-03-07T00:00:00.000000,1,51.22,BUY
XOM,2023-03-08T00:00:00.000000,1,50.07,BUY
XOM,2023-03-09T00:00:00.000000,1,50.07,BUY
XOM,2023-03-10T00:00:00.000000,1,50.07,BUY
XOM,2023-03-13T00:00:00.000000,1,50.07,BUY
XOM,2023-03-14T00:00:00.000000,1,50.07,BUY
XOM,2023-03-15T00:00:00.000000,1,50.07,BUY
XOM,2023-03-16T00:00:00.000000,1,50.07,BUY
XOM,2023-03-17T00:00:00.000000,1,50.07,BUY
XOM,2023-03-20T00:00:00.000000,1,50.07,BUY
XOM,2023-03-21T00:00:00.000000,1,50.0,BUY
XOM,2023-03-22T00:00:00.000000,0,44.32,SELL
XOM,2023-03-23T00:00:00.000000,0,44.32,SELL
XOM,2023-03-24T00:00:00.000000,0,44.32,SELL
XOM,2023-03-27T00:00:00.000000,0,44.32,SELL
XOM,2023-03-28T00:00:00.000000,0,44.32,SELL
XOM,2023-03-29T00:00:00.000000,0,44.32,SELL
XOM,2023-03-30T00:00:00.000000,0,44.32,SELL
XOM,2023-03-31T00:00:00.000000,0,44.32,SELL
XOM,2023-04-03T00:00:00.000000,0,44.32,SELL
XOM,2023-04-04T00:00:00.000000,0,44.32,SELL
XOM,2023-04-05T00:00:00.000000,0,44.32,SELL
XOM,2023-04-06T00:00:00.000000,0,44.32,SELL
XOM,2023-04-10T00:00:00.000000,0,44.32,SELL
XOM,2023-04-11T00:00:00.000000,0,44.32,SELL
XOM,2023-04-12T00:00:00.000000,0,44.9,SELL
XOM,2023-04-13T00:00:00.000000,0,46.44,SELL
XOM,2023-04-14T00:00:00.000000,1,47.54,BUY
XOM,2023-04-17T00:00:00.000000,1,47.54,BUY
XOM,2023-04-18T00:00:00.000000,0,47.54,SELL
XOM,2023-04-19T00:00:00.000000,1,50.07,BUY
XOM,2023-04-20T00:00:00.000000,1,50.07,BUY
XOM,2023-04-21T00:00:00.000000,1,50.07,BUY
XOM,2023-04-24T00:00:00.000000,1,50.07,BUY
XOM,2023-04-25T00:00:00.000000,0,46.44,SELL
XOM,2023-04-26T00:00:00.000000,0,46.44,SELL
XOM,2023-04-27T00:00:00.000000,0,44.9,SELL
XOM,2023-04-28T00:00:00.000000,0,46.44,SELL
XOM,2023-05-01T00:00:00.000000,0,46.44,SELL
XOM,2023-05-02T00:00:00.000000,0,46.44,SELL
XOM,2023-05-03T00:00:00.000000,1,50.07,BUY
XOM,2023-05-04T00:00:00.000000,1,50.07,BUY
XOM,2023-05-05T00:00:00.000000,1,50.07,BUY
XOM,2023-05-08T00:00:00.000000,1,50.07,BUY
XOM,2023-05-09T00:00:00.000000,1,51.15,BUY
XOM,2023-05-10T00:00:00.000000,1,50.07,BUY
XOM,2023-05-11T00:00:00.000000,0,46.44,SELL
XOM,2023-05-12T00:00:00.000000,0,44.32,SELL
XOM,2023-05-15T00:00:00.000000,0,44.32,SELL
XOM,2023-05-16T00:00:00.000000,0,44.32,SELL
XOM,2023-05-17T00:00:00.000000,0,44.32,SELL
XOM,2023-05-18T00:00:00.000000,0,44.32,SELL
XOM,2023-05-19T00:00:00.000000,0,44.32,SELL
XOM,2023-05-22T00:00:00.000000,0,44.32,SELL
XOM,2023-05-23T00:00:00.000000,0,44.32,SELL
XOM,2023-05-24T00:00:00.000000,0,44.32,SELL
XOM,2023-05-25T00:00:00.000000,0,44.32,SELL
XOM,2023-05-26T00:00:00.000000,0,44.32,SELL
XOM,2023-05-30T00:00:00.000000,0,44.32,SELL
XOM,2023-05-31T00:00:00.000000,0,44.32,SELL
XOM,2023-06-01T00:00:00.000000,0,44.32,SELL
XOM,2023-06-02T00:00:00.000000,0,44.32,SELL
XOM,2023-06-05T00:00:00.000000,0,44.32,SELL
XOM,2023-06-06T00:00:00.000000,0,44.32,SELL
XOM,2023-06-07T00:00:00.000000,0,44.32,SELL
XOM,2023-06-08T00:00:00.000000,0,44.32,SELL
XOM,2023-06-09T00:00:00.000000,0,44.32,SELL
XOM,2023-06-12T00:00:00.000000,0,43.6,SELL
XOM,2023-06-13T00:00:00.000000,0,43.6,SELL
XOM,2023-06-14T00:00:00.000000,0,43.6,SELL
XOM,2023-06-15T00:00:00.000000,0,43.6,SELL
XOM,2023-06-16T00:00:00.000000,0,43.6,SELL
XOM,2023-06-20T00:00:00.000000,0,43.6,SELL
XOM,2023-06-21T00:00:00.000000,0,43.6,SELL
XOM,2023-06-22T00:00:00.000000,0,43.6,SELL
XOM,2023-06-23T00:00:00.000000,0,43.6,SELL
XOM,2023-06-26T00:00:00.000000,0,44.32,SELL
XOM,2023-06-27T00:00:00.000000,0,44.32,SELL
XOM,2023-06-28T00:00:00.000000,0,43.6,SELL
XOM,2023-06-29T00:00:00.000000,0,43.6,SELL
XOM,2023-06-30T00:00:00.000000,0,43.6,SELL
XOM,2023-07-03T00:00:00.000000,0,44.32,SELL
XOM,2023-07-05T00:00:00.000000,0,44.32,SELL
XOM,2023-07-06T00:00:00.000000,0,44.32,SELL
XOM,2023-07-07T00:00:00.000000,0,44.32,SELL
XOM,2023-07-10T00:00:00.000000,0,44.32,SELL
XOM,2023-07-11T00:00:00.000000,0,44.32,SELL
XOM,2023-07-12T00:00:00.000000,0,44.32,SELL
XOM,2023-07-13T00:00:00.000000,0,44.32,SELL
XOM,2023-07-14T00:00:00.000000,0,44.32,SELL
XOM,2023-07-17T00:00:00.000000,0,44.32,SELL
XOM,2023-07-18T00:00:00.000000,0,44.32,SELL
XOM,2023-07-19T00:00:00.000000,0,44.32,SELL
XOM,2023-07-20T00:00:00.000000,0,44.32,SELL
XOM,2023-07-21T00:00:00.000000,0,44.32,SELL
XOM,2023-07-24T00:00:00.000000,0,43.6,SELL
XOM,2023-07-25T00:00:00.000000,0,43.6,SELL
XOM,2023-07-26T00:00:00.000000,0,43.6,SELL
XOM,2023-07-27T00:00:00.000000,0,43.6,SELL
XOM,2023-07-28T00:00:00.000000,0,43.6,SELL
XOM,2023-07-31T00:00:00.000000,0,43.6,SELL
XOM,2023-08-01T00:00:00.000000,0,43.6,SELL
XOM,2023-08-02T00:00:00.000000,0,44.32,SELL
XOM,2023-08-03T00:00:00.000000,0,44.32,SELL
XOM,2023-08-04T00:00:00.000000,0,44.32,SELL
XOM,2023-08-07T00:00:00.000000,0,44.32,SELL
XOM,2023-08-08T00:00:00.000000,0,44.32,SELL
XOM,2023-08-09T00:00:00.000000,0,44.32,SELL
XOM,2023-08-10T00:00:00.000000,0,44.32,SELL
XOM,2023-08-11T00:00:00.000000,0,44.32,SELL
XOM,2023-08-14T00:00:00.000000,0,44.9,SELL
XOM,2023-08-15T00:00:00.000000,0,46.44,SELL
XOM,2023-08-16T00:00:00.000000,0,46.44,SELL
XOM,2023-08-17T00:00:00.000000,0,46.44,SELL
XOM,2023-08-18T00:00:00.000000,0,46.44,SELL
XOM,2023-08-21T00:00:00.000000,1,50.0,BUY
XOM,2023-08-22T00:00:00.000000,1,50.07,BUY
XOM,2023-08-23T00:00:00.000000,1,50.07,BUY
XOM,2023-08-24T00:00:00.000000,1,51.22,BUY
XOM,2023-08-25T00:00:00.000000,1,51.22,BUY
XOM,2023-08-28T00:00:00.000000,1,51.22,BUY
XOM,2023-08-29T00:00:00.000000,1,51.22,BUY
XOM,2023-08-30T00:00:00.000000,1,51.22,BUY
XOM,2023-08-31T00:00:00.000000,1,51.22,BUY
XOM,2023-09-01T00:00:00.000000,1,50.07,BUY
XOM,2023-09-05T00:00:00.000000,1,50.07,BUY
XOM,2023-09-06T00:00:00.000000,0,46.44,SELL
XOM,2023-09-07T00:00:00.000000,0,44.32,SELL
XOM,2023-09-08T00:00:00.000000,0,44.32,SELL
XOM,2023-09-11T00:00:00.000000,0,44.32,SELL
XOM,2023-09-12T00:00:00.000000,0,44.32,SELL
XOM,2023-09-13T00:00:00.000000,0,44.32,SELL
XOM,2023-09-14T00:00:00.000000,0,44.32,SELL
XOM,2023-09-15T00:00:00.000000,0,46.44,SELL
XOM,2023-09-18T00:00:00.000000,0,46.44,SELL
XOM,2023-09-19T00:00:00.000000,1,50.07,BUY
XOM,2023-09-20T00:00:00.000000,1,50.07,BUY
XOM,2023-09-21T00:00:00.000000,1,50.07,BUY
XOM,2023-09-22T00:00:00.000000,1,47.54,BUY
XOM,2023-09-25T00:00:00.000000,0,46.44,SELL
XOM,2023-09-26T00:00:00.000000,0,44.32,SELL
XOM,2023-09-27T00:00:00.000000,0,46.44,SELL
XOM,2023-09-28T00:00:00.000000,0,46.44,SELL
XOM,2023-09-29T00:00:00.000000,0,47.54,SELL
XOM,2023-10-02T00:00:00.000000,1,50.0,BUY
XOM,2023-10-03T00:00:00.000000,1,50.07,BUY
XOM,2023-10-04T00:00:00.000000,1,51.15,BUY
XOM,2023-10-05T00:00:00.000000,1,51.22,BUY
XOM,2023-10-06T00:00:00.000000,1,50.07,BUY
XOM,2023-10-09T00:00:00.000000,0,46.44,SELL
XOM,2023-10-10T00:00:00.000000,0,46.44,SELL
XOM,2023-10-11T00:00:00.000000,0,44.32,SELL
XOM,2023-10-12T00:00:00.000000,0,44.32,SELL
XOM,2023-10-13T00:00:00.000000,0,44.32,SELL
XOM,2023-10-16T00:00:00.000000,0,44.32,SELL
XOM,2023-10-17T00:00:00.000000,0,43.6,SELL
XOM,2023-10-18T00:00:00.000000,0,43.6,SELL
XOM,2023-10-19T00:00:00.000000,0,43.6,SELL
XOM,2023-10-20T00:00:00.000000,0,44.32,SELL
XOM,2023-10-23T00:00:00.000000,0,44.32,SELL
XOM,2023-10-24T00:00:00.000000,0,44.9,SELL
XOM,2023-10-25T00:00:00.000000,1,50.07,BUY
XOM,2023-10-26T00:00:00.000000,1,50.07,BUY
XOM,2023-10-27T00:00:00.000000,1,50.07,BUY
XOM,2023-10-30T00:00:00.000000,1,51.22,BUY
XOM,2023-10-31T00:00:00.000000,1,51.22,BUY
XOM,2023-11-01T00:00:00.000000,1,51.22,BUY
XOM,2023-11-02T00:00:00.000000,1,51.22,BUY
XOM,2023-11-03T00:00:00.000000,1,51.22,BUY
XOM,2023-11-06T00:00:00.000000,1,51.22,BUY
XOM,2023-11-07T00:00:00.000000,1,51.22,BUY
XOM,2023-11-08T00:00:00.000000,1,50.07,BUY
XOM,2023-11-09T00:00:00.000000,0,46.44,SELL
XOM,2023-11-10T00:00:00.000000,0,44.32,SELL
XOM,2023-11-13T00:00:00.000000,0,44.32,SELL
XOM,2023-11-14T00:00:00.000000,0,43.6,SELL
XOM,2023-11-15T00:00:00.000000,0,43.59,SELL
XOM,2023-11-16T00:00:00.000000,0,41.9,SELL
XOM,2023-11-17T00:00:00.000000,0,41.9,SELL
XOM,2023-11-20T00:00:00.000000,0,41.9,SELL
XOM,2023-11-21T00:00:00.000000,0,41.9,SELL
XOM,2023-11-22T00:00:00.000000,0,41.9,SELL
XOM,2023-11-24T00:00:00.000000,0,41.9,SELL
XOM,2023-11-27T00:00:00.000000,0,41.9,SELL
XOM,2023-11-28T00:00:00.000000,0,41.9,SELL
XOM,2023-11-29T00:00:00.000000,0,41.9,SELL
XOM,2023-11-30T00:00:00.000000,0,41.9,SELL
XOM,2023-12-01T00:00:00.000000,0,41.9,SELL
XOM,2023-12-04T00:00:00.000000,0,43.59,SELL
XOM,2023-12-05T00:00:00.000000,0,43.6,SELL
XOM,2023-12-06T00:00:00.000000,0,43.6,SELL
XOM,2023-12-07T00:00:00.000000,0,44.32,SELL
XOM,2023-12-08T00:00:00.000000,0,44.32,SELL
XOM,2023-12-11T00:00:00.000000,0,44.32,SELL
XOM,2023-12-12T00:00:00.000000,0,44.32,SELL
XOM,2023-12-13T00:00:00.000000,0,43.6,SELL
XOM,2023-12-14T00:00:00.000000,0,43.59,SELL
XOM,2023-12-15T00:00:00.000000,0,41.9,SELL
XOM,2023-12-18T00:00:00.000000,0,41.9,SELL
XOM,2023-12-19T00:00:00.000000,0,41.9,SELL
XOM,2023-12-20T00:00:00.000000,0,41.9,SELL
XOM,2023-12-21T00:00:00.000000,0,41.85,SELL
XOM,2023-12-22T00:00:00.000000,0,41.67,SELL
XOM,2023-12-26T00:00:00.000000,0,41.74,SELL
XOM,2023-12-27T00:00:00.000000,0,41.9,SELL
XOM,2023-12-28T00:00:00.000000,0,41.9,SELL
XOM,2023-12-29T00:00:00.000000,0,41.9,SELL
XOM,2024-01-02T00:00:00.000000,0,41.9,SELL
XOM,2024-01-03T00:00:00.000000,0,41.9,SELL
XOM,2024-01-04T00:00:00.000000,0,43.59,SELL
XOM,2024-01-05T00:00:00.000000,0,43.6,SELL
XOM,2024-01-08T00:00:00.000000,0,43.6,SELL
XOM,2024-01-09T00:00:00.000000,0,43.6,SELL
XOM,2024-01-10T00:00:00.000000,0,44.32,SELL
XOM,2024-01-11T00:00:00.000000,0,44.32,SELL
XOM,2024-01-12T00:00:00.000000,0,44.32,SELL
XOM,2024-01-16T00:00:00.000000,0,44.32,SELL
XOM,2024-01-17T00:00:00.000000,0,44.32,SELL
XOM,2024-01-18T00:00:00.000000,0,44.32,SELL
XOM,2024-01-19T00:00:00.000000,0,44.32,SELL
XOM,2024-01-22T00:00:00.000000,0,44.32,SELL
XOM,2024-01-23T00:00:00.000000,0,44.32,SELL
XOM,2024-01-24T00:00:00.000000,0,44.32,SELL
XOM,2024-01-25T00:00:00.000000,0,43.6,SELL
XOM,2024-01-26T00:00:00.000000,0,43.6,SELL
XOM,2024-01-29T00:00:00.000000,0,43.6,SELL
XOM,2024-01-30T00:00:00.000000,0,43.6,SELL
XOM,2024-01-31T00:00:00.000000,0,43.6,SELL
XOM,2024-02-01T00:00:00.000000,0,43.6,SELL
XOM,2024-02-02T00:00:00.000000,0,43.6,SELL
XOM,2024-02-05T00:00:00.000000,0,44.32,SELL
XOM,2024-02-06T00:00:00.000000,0,44.32,SELL
XOM,2024-02-07T00:00:00.000000,0,44.32,SELL
XOM,2024-02-08T00:00:00.000000,0,46.44,SELL
XOM,2024-02-09T00:00:00.000000,1,50.07,BUY
XOM,2024-02-12T00:00:00.000000,1,50.07,BUY
XOM,2024-02-13T00:00:00.000000,1,51.22,BUY
XOM,2024-02-14T00:00:00.000000,1,51.22,BUY
XOM,2024-02-15T00:00:00.000000,1,51.22,BUY
XOM,2024-02-16T00:00:00.000000,1,51.22,BUY
XOM,2024-02-20T00:00:00.000000,1,50.07,BUY
XOM,2024-02-21T00:00:00.000000,1,50.0,BUY
XOM,2024-02-22T00:00:00.000000,0,46.44,SELL
XOM,2024-02-23T00:00:00.000000,0,44.32,SELL
XOM,2024-02-26T00:00:00.000000,0,44.32,SELL
XOM,2024-02-27T00:00:00.000000,0,44.32,SELL
XOM,2024-02-28T00:00:00.000000,0,44.32,SELL
XOM,2024-02-29T00:00:00.000000,0,44.32,SELL
XOM,2024-03-01T00:00:00.000000,0,44.32,SELL
XOM,2024-03-04T00:00:00.000000,0,44.32,SELL
XOM,2024-03-05T00:00:00.000000,0,44.32,SELL
XOM,2024-03-06T00:00:00.000000,0,44.32,SELL
XOM,2024-03-07T00:00:00.000000,0,44.32,SELL
XOM,2024-03-08T00:00:00.000000,0,44.32,SELL
XOM,2024-03-11T00:00:00.000000,0,44.32,SELL
XOM,2024-03-12T00:00:00.000000,0,44.32,SELL
XOM,2024-03-13T00:00:00.000000,0,44.32,SELL
XOM,2024-03-14T00:00:00.000000,0,44.32,SELL
XOM,2024-03-15T00:00:00.000000,0,44.32,SELL
XOM,2024-03-18T00:00:00.000000,0,44.32,SELL
XOM,2024-03-19T00:00:00.000000,0,44.32,SELL
XOM,2024-03-20T00:00:00.000000,0,44.32,SELL
XOM,2024-03-21T00:00:00.000000,0,44.9,SELL
XOM,2024-03-22T00:00:00.000000,0,46.44,SELL
XOM,2024-03-25T00:00:00.000000,0,46.44,SELL
XOM,2024-03-26T00:00:00.000000,0,44.9,SELL
XOM,2024-03-27T00:00:00.000000,0,44.9,SELL
XOM,2024-03-28T00:00:00.000000,0,44.32,SELL
XOM,2024-04-01T00:00:00.000000,0,44.32,SELL
XOM,2024-04-02T00:00:00.000000,0,44.32,SELL
XOM,2024-04-03T00:00:00.000000,0,44.32,SELL
XOM,2024-04-04T00:00:00.000000,0,44.32,SELL
XOM,2024-04-05T00:00:00.000000,0,44.32,SELL
XOM,2024-04-08T00:00:00.000000,0,44.32,SELL
XOM,2024-04-09T00:00:00.000000,0,44.9,SELL
XOM,2024-04-10T00:00:00.000000,1,50.0,BUY
XOM,2024-04-11T00:00:00.000000,1,50.07,BUY
XOM,2024-04-12T00:00:00.000000,1,51.22,BUY
XOM,2024-04-15T00:00:00.000000,1,51.22,BUY
XOM,2024-04-16T00:00:00.000000,1,51.22,BUY
XOM,2024-04-17T00:00:00.000000,1,51.22,BUY
XOM,2024-04-18T00:00:00.000000,1,51.22,BUY
XOM,2024-04-19T00:00:00.000000,1,51.22,BUY
XOM,2024-04-22T00:00:00.000000,1,51.22,BUY
XOM,2024-04-23T00:00:00.000000,1,51.22,BUY
XOM,2024-04-24T00:00:00.000000,1,51.22,BUY
XOM,2024-04-25T00:00:00.000000,1,51.22,BUY
XOM,2024-04-26T00:00:00.000000,1,51.22,BUY
XOM,2024-04-29T00:00:00.000000,1,51.22,BUY
XOM,2024-04-30T00:00:00.000000,1,51.22,BUY
XOM,2024-05-01T00:00:00.000000,1,51.22,BUY
XOM,2024-05-02T00:00:00.000000,1,51.22,BUY
XOM,2024-05-03T00:00:00.000000,1,51.22,BUY
XOM,2024-05-06T00:00:00.000000,1,51.22,BUY
XOM,2024-05-07T00:00:00.000000,1,51.22,BUY
XOM,2024-05-08T00:00:00.000000,1,50.07,BUY
XOM,2024-05-09T00:00:00.000000,1,50.07,BUY
XOM,2024-05-10T00:00:00.000000,0,46.44,SELL
XOM,2024-05-13T00:00:00.000000,0,44.32,SELL
XOM,2024-05-14T00:00:00.000000,0,44.32,SELL
XOM,2024-05-15T00:00:00.000000,0,44.32,SELL
XOM,2024-05-16T00:00:00.000000,0,43.6,SELL
XOM,2024-05-17T00:00:00.000000,0,43.6,SELL
XOM,2024-05-20T00:00:00.000000,0,43.6,SELL
XOM,2024-05-21T00:00:00.000000,0,43.6,SELL
XOM,2024-05-22T00:00:00.000000,0,43.6,SELL
XOM,2024-05-23T00:00:00.000000,0,43.6,SELL
XOM,2024-05-24T00:00:00.000000,0,44.32,SELL
XOM,2024-05-28T00:00:00.000000,0,44.32,SELL
XOM,2024-05-29T00:00:00.000000,0,44.32,SELL
XOM,2024-05-30T00:00:00.000000,0,44.32,SELL
XOM,2024-05-31T00:00:00.000000,0,44.32,SELL
XOM,2024-06-03T00:00:00.000000,0,44.32,SELL
XOM,2024-06-04T00:00:00.000000,0,44.32,SELL
XOM,2024-06-05T00:00:00.000000,0,44.32,SELL
XOM,2024-06-06T00:00:00.000000,0,46.44,SELL
XOM,2024-06-07T00:00:00.000000,0,46.44,SELL
XOM,2024-06-10T00:00:00.000000,0,46.44,SELL
XOM,2024-06-11T00:00:00.000000,0,46.44,SELL
XOM,2024-06-12T00:00:00.000000,1,50.07,BUY
XOM,2024-06-13T00:00:00.000000,1,50.07,BUY
XOM,2024-06-14T00:00:00.000000,1,50.07,BUY
XOM,2024-06-17T00:00:00.000000,1,50.07,BUY
XOM,2024-06-18T00:00:00.000000,1,50.07,BUY
XOM,2024-06-20T00:00:00.000000,1,50.0,BUY
XOM,2024-06-21T00:00:00.000000,0,46.44,SELL
XOM,2024-06-24T00:00:00.000000,1,50.0,BUY
XOM,2024-06-25T00:00:00.000000,0,46.44,SELL
XOM,2024-06-26T00:00:00.000000,0,44.9,SELL
XOM,2024-06-27T00:00:00.000000,0,44.32,SELL
XOM,2024-06-28T00:00:00.000000,0,44.32,SELL
XOM,2024-07-01T00:00:00.000000,0,44.32,SELL
XOM,2024-07-02T00:00:00.000000,0,44.32,SELL
XOM,2024-07-03T00:00:00.000000,0,44.32,SELL
XOM,2024-07-05T00:00:00.000000,0,44.32,SELL
XOM,2024-07-08T00:00:00.000000,0,44.32,SELL
XOM,2024-07-09T00:00:00.000000,0,44.32,SELL
XOM,2024-07-10T00:00:00.000000,0,44.32,SELL
XOM,2024-07-11T00:00:00.000000,0,44.32,SELL
XOM,2024-07-12T00:00:00.000000,0,44.32,SELL
XOM,2024-07-15T00:00:00.000000,0,44.32,SELL
XOM,2024-07-16T00:00:00.000000,0,44.32,SELL
XOM,2024-07-17T00:00:00.000000,0,44.32,SELL
XOM,2024-07-18T00:00:00.000000,0,43.6,SELL
XOM,2024-07-19T00:00:00.000000,0,43.59,SELL
XOM,2024-07-22T00:00:00.000000,0,43.59,SELL
XOM,2024-07-23T00:00:00.000000,0,43.6,SELL
XOM,2024-07-24T00:00:00.000000,0,43.6,SELL
XOM,2024-07-25T00:00:00.000000,0,44.32,SELL
XOM,2024-07-26T00:00:00.000000,0,44.32,SELL
XOM,2024-07-29T00:00:00.000000,0,44.32,SELL
XOM,2024-07-30T00:00:00.000000,0,44.32,SELL
XOM,2024-07-31T00:00:00.000000,1,50.07,BUY
XOM,2024-08-01T00:00:00.000000,1,50.07,BUY
XOM,2024-08-02T00:00:00.000000,1,51.22,BUY
XOM,2024-08-05T00:00:00.000000,1,51.22,BUY
XOM,2024-08-06T00:00:00.000000,1,51.22,BUY
XOM,2024-08-07T00:00:00.000000,1,51.22,BUY
XOM,2024-08-08T00:00:00.000000,1,51.15,BUY
XOM,2024-08-09T00:00:00.000000,1,51.22,BUY
XOM,2024-08-12T00:00:00.000000,1,51.22,BUY
XOM,2024-08-13T00:00:00.000000,1,51.22,BUY
XOM,2024-08-14T00:00:00.000000,1,51.22,BUY
XOM,2024-08-15T00:00:00.000000,1,51.22,BUY
XOM,2024-08-16T00:00:00.000000,1,51.22,BUY
XOM,2024-08-19T00:00:00.000000,1,50.07,BUY
XOM,2024-08-20T00:00:00.000000,0,46.44,SELL
XOM,2024-08-21T00:00:00.000000,0,44.32,SELL
XOM,2024-08-22T00:00:00.000000,0,44.32,SELL
XOM,2024-08-23T00:00:00.000000,0,43.6,SELL
XOM,2024-08-26T00:00:00.000000,0,43.6,SELL
XOM,2024-08-27T00:00:00.000000,0,43.6,SELL
XOM,2024-08-28T00:00:00.000000,0,43.59,SELL
XOM,2024-08-29T00:00:00.000000,0,43.6,SELL
XOM,2024-08-30T00:00:00.000000,0,43.6,SELL
XOM,2024-09-03T00:00:00.000000,0,43.6,SELL
XOM,2024-09-04T00:00:00.000000,0,44.32,SELL
XOM,2024-09-05T00:00:00.000000,0,44.32,SELL
XOM,2024-09-06T00:00:00.000000,0,44.32,SELL
XOM,2024-09-09T00:00:00.000000,0,44.32,SELL
XOM,2024-09-10T00:00:00.000000,0,44.32,SELL
XOM,2024-09-11T00:00:00.000000,0,46.44,SELL
XOM,2024-09-12T00:00:00.000000,0,46.44,SELL
XOM,2024-09-13T00:00:00.000000,0,46.44,SELL
XOM,2024-09-16T00:00:00.000000,0,46.44,SELL
XOM,2024-09-17T00:00:00.000000,0,46.44,SELL
XOM,2024-09-18T00:00:00.000000,0,44.9,SELL
XOM,2024-09-19T00:00:00.000000,0,44.32,SELL
XOM,2024-09-20T00:00:00.000000,0,44.32,SELL
XOM,2024-09-23T00:00:00.000000,0,44.32,SELL
XOM,2024-09-24T00:00:00.000000,0,44.32,SELL
XOM,2024-09-25T00:00:00.000000,0,43.6,SELL
XOM,2024-09-26T00:00:00.000000,0,43.6,SELL
XOM,2024-09-27T00:00:00.000000,0,43.6,SELL
XOM,2024-09-30T00:00:00.000000,0,43.6,SELL
XOM,2024-10-01T00:00:00.000000,0,44.32,SELL
XOM,2024-10-02T00:00:00.000000,0,44.32,SELL
XOM,2024-10-03T00:00:00.000000,0,44.32,SELL
XOM,2024-10-04T00:00:00.000000,0,44.32,SELL
XOM,2024-10-07T00:00:00.000000,0,44.32,SELL
XOM,2024-10-08T00:00:00.000000,0,44.32,SELL
XOM,2024-10-09T00:00:00.000000,0,46.44,SELL
XOM,2024-10-10T00:00:00.000000,0,46.44,SELL
XOM,2024-10-11T00:00:00.000000,0,46.44,SELL
XOM,2024-10-14T00:00:00.000000,1,50.07,BUY
XOM,2024-10-15T00:00:00.000000,1,50.07,BUY
XOM,2024-10-16T00:00:00.000000,1,51.22,BUY
XOM,2024-10-17T00:00:00.000000,1,51.22,BUY
XOM,2024-10-18T00:00:00.000000,1,51.22,BUY
XOM,2024-10-21T00:00:00.000000,1,51.22,BUY
XOM,2024-10-22T00:00:00.000000,1,51.22,BUY
XOM,2024-10-23T00:00:00.000000,1,51.22,BUY
XOM,2024-10-24T00:00:00.000000,1,51.22,BUY
XOM,2024-10-25T00:00:00.000000,1,51.22,BUY
XOM,2024-10-28T00:00:00.000000,1,51.22,BUY
XOM,2024-10-29T00:00:00.000000,1,51.22,BUY
XOM,2024-10-30T00:00:00.000000,1,51.15,BUY
XOM,2024-10-31T00:00:00.000000,1,50.07,BUY
XOM,2024-11-01T00:00:00.000000,1,50.07,BUY
XOM,2024-11-04T00:00:00.000000,1,50.07,BUY
XOM,2024-11-05T00:00:00.000000,1,50.07,BUY
XOM,2024-11-06T00:00:00.000000,1,50.0,BUY
XOM,2024-11-07T00:00:00.000000,0,46.44,SELL
XOM,2024-11-08T00:00:00.000000,0,44.32,SELL
XOM,2024-11-11T00:00:00.000000,0,44.32,SELL
XOM,2024-11-12T00:00:00.000000,0,44.32,SELL
XOM,2024-11-13T00:00:00.000000,0,44.32,SELL
XOM,2024-11-14T00:00:00.000000,0,44.32,SELL
XOM,2024-11-15T00:00:00.000000,0,43.6,SELL
XOM,2024-11-18T00:00:00.000000,0,43.6,SELL
XOM,2024-11-19T00:00:00.000000,0,43.6,SELL
XOM,2024-11-20T00:00:00.000000,0,44.32,SELL
XOM,2024-11-21T00:00:00.000000,0,44.32,SELL
XOM,2024-11-22T00:00:00.000000,0,44.32,SELL
XOM,2024-11-25T00:00:00.000000,0,44.32,SELL
XOM,2024-11-26T00:00:00.000000,0,44.32,SELL
XOM,2024-11-27T00:00:00.000000,0,44.32,SELL
XOM,2024-11-29T00:00:00.000000,0,44.32,SELL
XOM,2024-12-02T00:00:00.000000,0,44.32,SELL
XOM,2024-12-03T00:00:00.000000,0,44.32,SELL
XOM,2024-12-04T00:00:00.000000,0,44.32,SELL
XOM,2024-12-05T00:00:00.000000,0,43.6,SELL
XOM,2024-12-06T00:00:00.000000,0,43.6,SELL
XOM,2024-12-09T00:00:00.000000,0,43.6,SELL
XOM,2024-12-10T00:00:00.000000,0,43.59,SELL
XOM,2024-12-11T00:00:00.000000,0,43.59,SELL
XOM,2024-12-12T00:00:00.000000,0,41.9,SELL
XOM,2024-12-13T00:00:00.000000,0,41.9,SELL
XOM,2024-12-16T00:00:00.000000,0,41.9,SELL
XOM,2024-12-17T00:00:00.000000,0,41.9,SELL
XOM,2024-12-18T00:00:00.000000,0,41.68,SELL
XOM,2024-12-19T00:00:00.000000,0,41.67,SELL
XOM,2024-12-20T00:00:00.000000,0,41.67,SELL
