ticker,date,predicted_signal,confidence,signal_label
AAPL,2023-02-21T00:00:00.000000,1,50.69,BUY
AAPL,2023-02-22T00:00:00.000000,1,50.69,BUY
AAPL,2023-02-23T00:00:00.000000,1,50.69,BUY
AAPL,2023-02-24T00:00:00.000000,1,50.69,BUY
AAPL,2023-02-27T00:00:00.000000,1,50.69,BUY
AAPL,2023-02-28T00:00:00.000000,1,50.69,BUY
AAPL,2023-03-01T00:00:00.000000,1,50.69,BUY
AAPL,2023-03-02T00:00:00.000000,1,50.69,BUY
AAPL,2023-03-03T00:00:00.000000,1,50.69,BUY
AAPL,2023-03-06T00:00:00.000000,1,50.69,BUY
AAPL,2023-03-07T00:00:00.000000,1,50.69,BUY
AAPL,2023-03-08T00:00:00.000000,1,50.69,BUY
AAPL,2023-03-09T00:00:00.000000,1,50.69,BUY
AAPL,2023-03-10T00:00:00.000000,1,50.69,BUY
AAPL,2023-03-13T00:00:00.000000,1,50.69,BUY
AAPL,2023-03-14T00:00:00.000000,1,50.69,BUY
AAPL,2023-03-15T00:00:00.000000,1,50.69,BUY
AAPL,2023-03-16T00:00:00.000000,1,50.69,BUY
AAPL,2023-03-17T00:00:00.000000,1,50.69,BUY
AAPL,2023-03-20T00:00:00.000000,1,50.69,BUY
AAPL,2023-03-21T00:00:00.000000,1,50.69,BUY
AAPL,2023-03-22T00:00:00.000000,1,50.69,BUY
AAPL,2023-03-23T00:00:00.000000,1,50.69,BUY
AAPL,2023-03-24T00:00:00.000000,1,50.69,BUY
AAPL,2023-03-27T00:00:00.000000,1,50.44,BUY
AAPL,2023-03-28T00:00:00.000000,1,48.73,BUY
AAPL,2023-03-29T00:00:00.000000,1,48.73,BUY
AAPL,2023-03-30T00:00:00.000000,1,48.73,BUY
AAPL,2023-03-31T00:00:00.000000,1,48.73,BUY
AAPL,2023-04-03T00:00:00.000000,1,48.73,BUY
AAPL,2023-04-04T00:00:00.000000,1,48.73,BUY
AAPL,2023-04-05T00:00:00.000000,1,48.73,BUY
AAPL,2023-04-06T00:00:00.000000,1,48.73,BUY
AAPL,2023-04-10T00:00:00.000000,1,48.73,BUY
AAPL,2023-04-11T00:00:00.000000,1,48.73,BUY
AAPL,2023-04-12T00:00:00.000000,1,48.73,BUY
AAPL,2023-04-13T00:00:00.000000,1,50.44,BUY
AAPL,2023-04-14T00:00:00.000000,1,50.44,BUY
AAPL,2023-04-17T00:00:00.000000,1,50.44,BUY
AAPL,2023-04-18T00:00:00.000000,1,50.44,BUY
AAPL,2023-04-19T00:00:00.000000,1,50.44,BUY
AAPL,2023-04-20T00:00:00.000000,1,50.44,BUY
AAPL,2023-04-21T00:00:00.000000,1,50.44,BUY
AAPL,2023-04-24T00:00:00.000000,1,50.69,BUY
AAPL,2023-04-25T00:00:00.000000,1,50.69,BUY
AAPL,2023-04-26T00:00:00.000000,1,50.69,BUY
AAPL,2023-04-27T00:00:00.000000,1,50.69,BUY
AAPL,2023-04-28T00:00:00.000000,1,50.69,BUY
AAPL,2023-05-01T00:00:00.000000,1,50.69,BUY
AAPL,2023-05-02T00:00:00.000000,1,50.69,BUY
AAPL,2023-05-03T00:00:00.000000,1,50.69,BUY
AAPL,2023-05-04T00:00:00.000000,1,50.69,BUY
AAPL,2023-05-05T00:00:00.000000,1,50.69,BUY
AAPL,2023-05-08T00:00:00.000000,1,50.69,BUY
AAPL,2023-05-09T00:00:00.000000,1,50.69,BUY
AAPL,2023-05-10T00:00:00.000000,1,50.69,BUY
AAPL,2023-05-11T00:00:00.000000,1,50.69,BUY
AAPL,2023-05-12T00:00:00.000000,1,50.69,BUY
AAPL,2023-05-15T00:00:00.000000,1,50.69,BUY
AAPL,2023-05-16T00:00:00.000000,1,50.44,BUY
AAPL,2023-05-17T00:00:00.000000,1,50.69,BUY
AAPL,2023-05-18T00:00:00.000000,1,50.69,BUY
AAPL,2023-05-19T00:00:00.000000,1,50.69,BUY
AAPL,2023-05-22T00:00:00.000000,1,50.69,BUY
AAPL,2023-05-23T00:00:00.000000,1,50.69,BUY
AAPL,2023-05-24T00:00:00.000000,1,50.69,BUY
AAPL,2023-05-25T00:00:00.000000,1,50.69,BUY
AAPL,2023-05-26T00:00:00.000000,1,50.69,BUY
AAPL,2023-05-30T00:00:00.000000,1,50.69,BUY
AAPL,2023-05-31T00:00:00.000000,1,50.69,BUY
AAPL,2023-06-01T00:00:00.000000,1,50.69,BUY
AAPL,2023-06-02T00:00:00.000000,1,50.69,BUY
AAPL,2023-06-05T00:00:00.000000,1,50.69,BUY
AAPL,2023-06-06T00:00:00.000000,1,50.69,BUY
AAPL,2023-06-07T00:00:00.000000,1,50.44,BUY
AAPL,2023-06-08T00:00:00.000000,1,50.44,BUY
AAPL,2023-06-09T00:00:00.000000,1,48.73,BUY
AAPL,2023-06-12T00:00:00.000000,0,48.73,SELL
AAPL,2023-06-13T00:00:00.000000,0,48.73,SELL
AAPL,2023-06-14T00:00:00.000000,0,46.09,SELL
AAPL,2023-06-15T00:00:00.000000,0,48.73,SELL
AAPL,2023-06-16T00:00:00.000000,1,48.73,BUY
AAPL,2023-06-20T00:00:00.000000,1,48.73,BUY
AAPL,2023-06-21T00:00:00.000000,1,48.73,BUY
AAPL,2023-06-22T00:00:00.000000,1,48.73,BUY
AAPL,2023-06-23T00:00:00.000000,1,48.73,BUY
AAPL,2023-06-26T00:00:00.000000,1,48.73,BUY
AAPL,2023-06-27T00:00:00.000000,1,48.73,BUY
AAPL,2023-06-28T00:00:00.000000,1,48.73,BUY
AAPL,2023-06-29T00:00:00.000000,1,48.73,BUY
AAPL,2023-06-30T00:00:00.000000,1,48.73,BUY
AAPL,2023-07-03T00:00:00.000000,1,48.73,BUY
AAPL,2023-07-05T00:00:00.000000,1,48.73,BUY
AAPL,2023-07-06T00:00:00.000000,1,48.73,BUY
AAPL,2023-07-07T00:00:00.000000,1,48.73,BUY
AAPL,2023-07-10T00:00:00.000000,1,50.44,BUY
AAPL,2023-07-11T00:00:00.000000,1,50.44,BUY
AAPL,2023-07-12T00:00:00.000000,1,50.44,BUY
AAPL,2023-07-13T00:00:00.000000,1,50.44,BUY
AAPL,2023-07-14T00:00:00.000000,1,50.44,BUY
AAPL,2023-07-17T00:00:00.000000,1,50.44,BUY
AAPL,2023-07-18T00:00:00.000000,1,50.44,BUY
AAPL,2023-07-19T00:00:00.000000,1,50.44,BUY
AAPL,2023-07-20T00:00:00.000000,1,50.44,BUY
AAPL,2023-07-21T00:00:00.000000,1,48.73,BUY
AAPL,2023-07-24T00:00:00.000000,1,48.73,BUY
AAPL,2023-07-25T00:00:00.000000,0,48.73,SELL
AAPL,2023-07-26T00:00:00.000000,0,48.73,SELL
AAPL,2023-07-27T00:00:00.000000,0,46.09,SELL
AAPL,2023-07-28T00:00:00.000000,0,46.09,SELL
AAPL,2023-07-31T00:00:00.000000,0,46.09,SELL
AAPL,2023-08-01T00:00:00.000000,0,46.09,SELL
AAPL,2023-08-02T00:00:00.000000,0,46.09,SELL
AAPL,2023-08-03T00:00:00.000000,0,48.73,SELL
AAPL,2023-08-04T00:00:00.000000,0,48.73,SELL
AAPL,2023-08-07T00:00:00.000000,0,46.09,SELL
AAPL,2023-08-08T00:00:00.000000,0,46.09,SELL
AAPL,2023-08-09T00:00:00.000000,0,42.94,SELL
AAPL,2023-08-10T00:00:00.000000,0,42.94,SELL
AAPL,2023-08-11T00:00:00.000000,0,42.94,SELL
AAPL,2023-08-14T00:00:00.000000,0,46.09,SELL
AAPL,2023-08-15T00:00:00.000000,0,48.73,SELL
AAPL,2023-08-16T00:00:00.000000,1,48.73,BUY
AAPL,2023-08-17T00:00:00.000000,0,48.73,SELL
AAPL,2023-08-18T00:00:00.000000,0,48.73,SELL
AAPL,2023-08-21T00:00:00.000000,0,48.73,SELL
AAPL,2023-08-22T00:00:00.000000,1,48.73,BUY
AAPL,2023-08-23T00:00:00.000000,1,48.73,BUY
AAPL,2023-08-24T00:00:00.000000,1,48.73,BUY
AAPL,2023-08-25T00:00:00.000000,1,50.44,BUY
AAPL,2023-08-28T00:00:00.000000,1,50.44,BUY
AAPL,2023-08-29T00:00:00.000000,1,50.44,BUY
AAPL,2023-08-30T00:00:00.000000,1,48.73,BUY
AAPL,2023-08-31T00:00:00.000000,1,48.73,BUY
AAPL,2023-09-01T00:00:00.000000,1,48.73,BUY
AAPL,2023-09-05T00:00:00.000000,1,48.73,BUY
AAPL,2023-09-06T00:00:00.000000,1,48.73,BUY
AAPL,2023-09-07T00:00:00.000000,1,48.73,BUY
AAPL,2023-09-08T00:00:00.000000,1,50.44,BUY
AAPL,2023-09-11T00:00:00.000000,1,50.44,BUY
AAPL,2023-09-12T00:00:00.000000,1,50.44,BUY
AAPL,2023-09-13T00:00:00.000000,1,50.69,BUY
AAPL,2023-09-14T00:00:00.000000,1,50.69,BUY
AAPL,2023-09-15T00:00:00.000000,1,50.69,BUY
AAPL,2023-09-18T00:00:00.000000,1,50.69,BUY
AAPL,2023-09-19T00:00:00.000000,1,50.69,BUY
AAPL,2023-09-20T00:00:00.000000,1,50.69,BUY
AAPL,2023-09-21T00:00:00.000000,1,50.69,BUY
AAPL,2023-09-22T00:00:00.000000,1,50.69,BUY
AAPL,2023-09-25T00:00:00.000000,1,50.69,BUY
AAPL,2023-09-26T00:00:00.000000,1,50.69,BUY
AAPL,2023-09-27T00:00:00.000000,1,50.69,BUY
AAPL,2023-09-28T00:00:00.000000,1,50.69,BUY
AAPL,2023-09-29T00:00:00.000000,1,50.69,BUY
AAPL,2023-10-02T00:00:00.000000,1,50.69,BUY
AAPL,2023-10-03T00:00:00.000000,1,50.69,BUY
AAPL,2023-10-04T00:00:00.000000,1,50.69,BUY
AAPL,2023-10-05T00:00:00.000000,1,50.69,BUY
AAPL,2023-10-06T00:00:00.000000,1,50.69,BUY
AAPL,2023-10-09T00:00:00.000000,1,50.69,BUY
AAPL,2023-10-10T00:00:00.000000,1,50.69,BUY
AAPL,2023-10-11T00:00:00.000000,1,50.69,BUY
AAPL,2023-10-12T00:00:00.000000,1,50.69,BUY
AAPL,2023-10-13T00:00:00.000000,1,50.69,BUY
AAPL,2023-10-16T00:00:00.000000,1,50.44,BUY
AAPL,2023-10-17T00:00:00.000000,1,50.44,BUY
AAPL,2023-10-18T00:00:00.000000,1,50.44,BUY
AAPL,2023-10-19T00:00:00.000000,1,50.44,BUY
AAPL,2023-10-20T00:00:00.000000,1,50.69,BUY
AAPL,2023-10-23T00:00:00.000000,1,50.69,BUY
AAPL,2023-10-24T00:00:00.000000,1,50.69,BUY
AAPL,2023-10-25T00:00:00.000000,1,50.69,BUY
AAPL,2023-10-26T00:00:00.000000,1,50.69,BUY
AAPL,2023-10-27T00:00:00.000000,1,50.69,BUY
AAPL,2023-10-30T00:00:00.000000,1,50.69,BUY
AAPL,2023-10-31T00:00:00.000000,1,50.69,BUY
AAPL,2023-11-01T00:00:00.000000,1,50.69,BUY
AAPL,2023-11-02T00:00:00.000000,1,50.69,BUY
AAPL,2023-11-03T00:00:00.000000,1,50.69,BUY
AAPL,2023-11-06T00:00:00.000000,1,50.69,BUY
AAPL,2023-11-07T00:00:00.000000,1,50.69,BUY
AAPL,2023-11-08T00:00:00.000000,1,50.69,BUY
AAPL,2023-11-09T00:00:00.000000,1,50.69,BUY
AAPL,2023-11-10T00:00:00.000000,1,50.69,BUY
AAPL,2023-11-13T00:00:00.000000,1,50.69,BUY
AAPL,2023-11-14T00:00:00.000000,1,50.69,BUY
AAPL,2023-11-15T00:00:00.000000,1,50.44,BUY
AAPL,2023-11-16T00:00:00.000000,1,50.44,BUY
AAPL,2023-11-17T00:00:00.000000,1,50.44,BUY
AAPL,2023-11-20T00:00:00.000000,1,50.44,BUY
AAPL,2023-11-21T00:00:00.000000,1,50.44,BUY
AAPL,2023-11-22T00:00:00.000000,1,50.44,BUY
AAPL,2023-11-24T00:00:00.000000,1,50.44,BUY
AAPL,2023-11-27T00:00:00.000000,1,50.44,BUY
AAPL,2023-11-28T00:00:00.000000,1,50.44,BUY
AAPL,2023-11-29T00:00:00.000000,1,50.44,BUY
AAPL,2023-11-30T00:00:00.000000,1,48.73,BUY
AAPL,2023-12-01T00:00:00.000000,1,48.73,BUY
AAPL,2023-12-04T00:00:00.000000,1,48.73,BUY
AAPL,2023-12-05T00:00:00.000000,1,48.73,BUY
AAPL,2023-12-06T00:00:00.000000,1,48.73,BUY
AAPL,2023-12-07T00:00:00.000000,1,50.44,BUY
AAPL,2023-12-08T00:00:00.000000,1,48.73,BUY
AAPL,2023-12-11T00:00:00.000000,1,48.73,BUY
AAPL,2023-12-12T00:00:00.000000,1,48.73,BUY
AAPL,2023-12-13T00:00:00.000000,0,46.09,SELL
AAPL,2023-12-14T00:00:00.000000,0,46.09,SELL
AAPL,2023-12-15T00:00:00.000000,0,46.09,SELL
AAPL,2023-12-18T00:00:00.000000,0,48.73,SELL
AAPL,2023-12-19T00:00:00.000000,1,48.73,BUY
AAPL,2023-12-20T00:00:00.000000,1,48.73,BUY
AAPL,2023-12-21T00:00:00.000000,1,48.73,BUY
AAPL,2023-12-22T00:00:00.000000,1,48.73,BUY
AAPL,2023-12-26T00:00:00.000000,1,48.73,BUY
AAPL,2023-12-27T00:00:00.000000,0,48.73,SELL
AAPL,2023-12-28T00:00:00.000000,0,48.73,SELL
AAPL,2023-12-29T00:00:00.000000,0,48.73,SELL
AAPL,2024-01-02T00:00:00.000000,0,48.73,SELL
AAPL,2024-01-03T00:00:00.000000,1,48.73,BUY
AAPL,2024-01-04T00:00:00.000000,0,48.73,SELL
AAPL,2024-01-05T00:00:00.000000,1,48.73,BUY
AAPL,2024-01-08T00:00:00.000000,0,48.73,SELL
AAPL,2024-01-09T00:00:00.000000,0,48.73,SELL
AAPL,2024-01-10T00:00:00.000000,1,48.73,BUY
AAPL,2024-01-11T00:00:00.000000,1,48.73,BUY
AAPL,2024-01-12T00:00:00.000000,1,48.73,BUY
AAPL,2024-01-16T00:00:00.000000,1,48.73,BUY
AAPL,2024-01-17T00:00:00.000000,0,48.73,SELL
AAPL,2024-01-18T00:00:00.000000,0,48.73,SELL
AAPL,2024-01-19T00:00:00.000000,0,48.73,SELL
AAPL,2024-01-22T00:00:00.000000,1,48.73,BUY
AAPL,2024-01-23T00:00:00.000000,1,50.44,BUY
AAPL,2024-01-24T00:00:00.000000,1,50.69,BUY
AAPL,2024-01-25T00:00:00.000000,1,50.69,BUY
AAPL,2024-01-26T00:00:00.000000,1,50.44,BUY
AAPL,2024-01-29T00:00:00.000000,1,50.44,BUY
AAPL,2024-01-30T00:00:00.000000,1,50.69,BUY
AAPL,2024-01-31T00:00:00.000000,1,50.69,BUY
AAPL,2024-02-01T00:00:00.000000,1,50.69,BUY
AAPL,2024-02-02T00:00:00.000000,1,50.69,BUY
AAPL,2024-02-05T00:00:00.000000,1,50.69,BUY
AAPL,2024-02-06T00:00:00.000000,1,50.69,BUY
AAPL,2024-02-07T00:00:00.000000,1,50.69,BUY
AAPL,2024-02-08T00:00:00.000000,1,58.57,BUY
AAPL,2024-02-09T00:00:00.000000,1,58.57,BUY
AAPL,2024-02-12T00:00:00.000000,1,58.57,BUY
AAPL,2024-02-13T00:00:00.000000,1,58.57,BUY
AAPL,2024-02-14T00:00:00.000000,1,50.69,BUY
AAPL,2024-02-15T00:00:00.000000,1,50.69,BUY
AAPL,2024-02-16T00:00:00.000000,1,50.69,BUY
AAPL,2024-02-20T00:00:00.000000,1,50.69,BUY
AAPL,2024-02-21T00:00:00.000000,1,50.44,BUY
AAPL,2024-02-22T00:00:00.000000,1,48.73,BUY
AAPL,2024-02-23T00:00:00.000000,1,48.73,BUY
AAPL,2024-02-26T00:00:00.000000,1,48.73,BUY
AAPL,2024-02-27T00:00:00.000000,1,48.73,BUY
AAPL,2024-02-28T00:00:00.000000,1,48.73,BUY
AAPL,2024-02-29T00:00:00.000000,1,48.73,BUY
AAPL,2024-03-01T00:00:00.000000,1,48.73,BUY
AAPL,2024-03-04T00:00:00.000000,1,48.73,BUY
AAPL,2024-03-05T00:00:00.000000,1,48.73,BUY
AAPL,2024-03-06T00:00:00.000000,1,48.73,BUY
AAPL,2024-03-07T00:00:00.000000,1,48.73,BUY
AAPL,2024-03-08T00:00:00.000000,1,48.73,BUY
AAPL,2024-03-11T00:00:00.000000,0,48.73,SELL
AAPL,2024-03-12T00:00:00.000000,0,46.09,SELL
AAPL,2024-03-13T00:00:00.000000,0,46.09,SELL
AAPL,2024-03-14T00:00:00.000000,0,42.94,SELL
AAPL,2024-03-15T00:00:00.000000,0,40.0,SELL
AAPL,2024-03-18T00:00:00.000000,0,39.62,SELL
AAPL,2024-03-19T00:00:00.000000,0,39.62,SELL
AAPL,2024-03-20T00:00:00.000000,0,40.0,SELL
AAPL,2024-03-21T00:00:00.000000,0,42.94,SELL
AAPL,2024-03-22T00:00:00.000000,0,42.94,SELL
AAPL,2024-03-25T00:00:00.000000,0,42.94,SELL
AAPL,2024-03-26T00:00:00.000000,0,46.09,SELL
AAPL,2024-03-27T00:00:00.000000,0,46.09,SELL
AAPL,2024-03-28T00:00:00.000000,0,46.09,SELL
AAPL,2024-04-01T00:00:00.000000,0,46.09,SELL
AAPL,2024-04-02T00:00:00.000000,0,46.09,SELL
AAPL,2024-04-03T00:00:00.000000,0,46.09,SELL
AAPL,2024-04-04T00:00:00.000000,0,46.09,SELL
AAPL,2024-04-05T00:00:00.000000,0,48.73,SELL
AAPL,2024-04-08T00:00:00.000000,1,48.73,BUY
AAPL,2024-04-09T00:00:00.000000,1,48.73,BUY
AAPL,2024-04-10T00:00:00.000000,1,50.44,BUY
AAPL,2024-04-11T00:00:00.000000,1,50.44,BUY
AAPL,2024-04-12T00:00:00.000000,1,50.44,BUY
AAPL,2024-04-15T00:00:00.000000,1,50.69,BUY
AAPL,2024-04-16T00:00:00.000000,1,50.69,BUY
AAPL,2024-04-17T00:00:00.000000,1,50.69,BUY
AAPL,2024-04-18T00:00:00.000000,1,50.69,BUY
AAPL,2024-04-19T00:00:00.000000,1,50.69,BUY
AAPL,2024-04-22T00:00:00.000000,1,50.69,BUY
AAPL,2024-04-23T00:00:00.000000,1,50.69,BUY
AAPL,2024-04-24T00:00:00.000000,1,50.69,BUY
AAPL,2024-04-25T00:00:00.000000,1,50.69,BUY
AAPL,2024-04-26T00:00:00.000000,1,50.69,BUY
AAPL,2024-04-29T00:00:00.000000,1,50.69,BUY
AAPL,2024-04-30T00:00:00.000000,1,50.69,BUY
AAPL,2024-05-01T00:00:00.000000,1,50.69,BUY
AAPL,2024-05-02T00:00:00.000000,1,50.69,BUY
AAPL,2024-05-03T00:00:00.000000,1,50.44,BUY
AAPL,2024-05-06T00:00:00.000000,1,50.69,BUY
AAPL,2024-05-07T00:00:00.000000,1,50.44,BUY
AAPL,2024-05-08T00:00:00.000000,1,50.44,BUY
AAPL,2024-05-09T00:00:00.000000,1,48.73,BUY
AAPL,2024-05-10T00:00:00.000000,0,48.73,SELL
AAPL,2024-05-13T00:00:00.000000,0,46.09,SELL
AAPL,2024-05-14T00:00:00.000000,0,42.94,SELL
AAPL,2024-05-15T00:00:00.000000,0,42.94,SELL
AAPL,2024-05-16T00:00:00.000000,0,42.94,SELL
AAPL,2024-05-17T00:00:00.000000,0,46.09,SELL
AAPL,2024-05-20T00:00:00.000000,0,46.09,SELL
AAPL,2024-05-21T00:00:00.000000,0,46.09,SELL
AAPL,2024-05-22T00:00:00.000000,0,42.94,SELL
AAPL,2024-05-23T00:00:00.000000,0,42.94,SELL
AAPL,2024-05-24T00:00:00.000000,0,46.09,SELL
AAPL,2024-05-28T00:00:00.000000,0,46.09,SELL
AAPL,2024-05-29T00:00:00.000000,0,46.09,SELL
AAPL,2024-05-30T00:00:00.000000,0,48.73,SELL
AAPL,2024-05-31T00:00:00.000000,0,48.73,SELL
AAPL,2024-06-03T00:00:00.000000,0,48.73,SELL
AAPL,2024-06-04T00:00:00.000000,0,48.73,SELL
AAPL,2024-06-05T00:00:00.000000,1,48.73,BUY
AAPL,2024-06-06T00:00:00.000000,1,48.73,BUY
AAPL,2024-06-07T00:00:00.000000,1,48.73,BUY
AAPL,2024-06-10T00:00:00.000000,1,48.73,BUY
AAPL,2024-06-11T00:00:00.000000,1,48.73,BUY
AAPL,2024-06-12T00:00:00.000000,1,48.73,BUY
AAPL,2024-06-13T00:00:00.000000,1,48.73,BUY
AAPL,2024-06-14T00:00:00.000000,1,48.73,BUY
AAPL,2024-06-17T00:00:00.000000,1,48.73,BUY
AAPL,2024-06-18T00:00:00.000000,1,50.44,BUY
AAPL,2024-06-20T00:00:00.000000,1,50.44,BUY
AAPL,2024-06-21T00:00:00.000000,1,50.44,BUY
AAPL,2024-06-24T00:00:00.000000,1,48.73,BUY
AAPL,2024-06-25T00:00:00.000000,1,48.73,BUY
AAPL,2024-06-26T00:00:00.000000,1,48.73,BUY
AAPL,2024-06-27T00:00:00.000000,1,48.73,BUY
AAPL,2024-06-28T00:00:00.000000,0,48.73,SELL
AAPL,2024-07-01T00:00:00.000000,0,48.73,SELL
AAPL,2024-07-02T00:00:00.000000,0,48.73,SELL
AAPL,2024-07-03T00:00:00.000000,0,46.09,SELL
AAPL,2024-07-05T00:00:00.000000,0,46.09,SELL
AAPL,2024-07-08T00:00:00.000000,0,46.09,SELL
AAPL,2024-07-09T00:00:00.000000,0,46.09,SELL
AAPL,2024-07-10T00:00:00.000000,0,46.09,SELL
AAPL,2024-07-11T00:00:00.000000,0,42.94,SELL
AAPL,2024-07-12T00:00:00.000000,0,42.94,SELL
AAPL,2024-07-15T00:00:00.000000,0,42.94,SELL
AAPL,2024-07-16T00:00:00.000000,0,42.94,SELL
AAPL,2024-07-17T00:00:00.000000,0,42.94,SELL
AAPL,2024-07-18T00:00:00.000000,0,42.94,SELL
AAPL,2024-07-19T00:00:00.000000,0,42.94,SELL
AAPL,2024-07-22T00:00:00.000000,0,42.94,SELL
AAPL,2024-07-23T00:00:00.000000,0,46.09,SELL
AAPL,2024-07-24T00:00:00.000000,0,46.09,SELL
AAPL,2024-07-25T00:00:00.000000,1,48.73,BUY
AAPL,2024-07-26T00:00:00.000000,1,48.73,BUY
AAPL,2024-07-29T00:00:00.000000,1,48.73,BUY
AAPL,2024-07-30T00:00:00.000000,1,50.44,BUY
AAPL,2024-07-31T00:00:00.000000,1,50.44,BUY
AAPL,2024-08-01T00:00:00.000000,1,50.69,BUY
AAPL,2024-08-02T00:00:00.000000,1,50.69,BUY
AAPL,2024-08-05T00:00:00.000000,1,50.69,BUY
AAPL,2024-08-06T00:00:00.000000,1,50.69,BUY
AAPL,2024-08-07T00:00:00.000000,1,50.44,BUY
AAPL,2024-08-08T00:00:00.000000,1,50.44,BUY
AAPL,2024-08-09T00:00:00.000000,1,50.44,BUY
AAPL,2024-08-12T00:00:00.000000,1,50.69,BUY
AAPL,2024-08-13T00:00:00.000000,1,50.69,BUY
AAPL,2024-08-14T00:00:00.000000,1,50.69,BUY
AAPL,2024-08-15T00:00:00.000000,1,50.44,BUY
AAPL,2024-08-16T00:00:00.000000,1,48.73,BUY
AAPL,2024-08-19T00:00:00.000000,0,48.73,SELL
AAPL,2024-08-20T00:00:00.000000,0,48.73,SELL
AAPL,2024-08-21T00:00:00.000000,1,48.73,BUY
AAPL,2024-08-22T00:00:00.000000,1,50.44,BUY
AAPL,2024-08-23T00:00:00.000000,1,50.44,BUY
AAPL,2024-08-26T00:00:00.000000,1,50.44,BUY
AAPL,2024-08-27T00:00:00.000000,1,50.44,BUY
AAPL,2024-08-28T00:00:00.000000,1,50.44,BUY
AAPL,2024-08-29T00:00:00.000000,1,50.44,BUY
AAPL,2024-08-30T00:00:00.000000,1,50.44,BUY
AAPL,2024-09-03T00:00:00.000000,1,50.44,BUY
AAPL,2024-09-04T00:00:00.000000,1,50.69,BUY
AAPL,2024-09-05T00:00:00.000000,1,50.69,BUY
AAPL,2024-09-06T00:00:00.000000,1,50.69,BUY
AAPL,2024-09-09T00:00:00.000000,1,50.69,BUY
AAPL,2024-09-10T00:00:00.000000,1,50.69,BUY
AAPL,2024-09-11T00:00:00.000000,1,50.69,BUY
AAPL,2024-09-12T00:00:00.000000,1,50.69,BUY
AAPL,2024-09-13T00:00:00.000000,1,50.69,BUY
AAPL,2024-09-16T00:00:00.000000,1,50.69,BUY
AAPL,2024-09-17T00:00:00.000000,1,50.69,BUY
AAPL,2024-09-18T00:00:00.000000,1,50.69,BUY
AAPL,2024-09-19T00:00:00.000000,1,50.69,BUY
AAPL,2024-09-20T00:00:00.000000,1,50.69,BUY
AAPL,2024-09-23T00:00:00.000000,1,50.69,BUY
AAPL,2024-09-24T00:00:00.000000,1,50.44,BUY
AAPL,2024-09-25T00:00:00.000000,1,48.73,BUY
AAPL,2024-09-26T00:00:00.000000,1,48.73,BUY
AAPL,2024-09-27T00:00:00.000000,1,48.73,BUY
AAPL,2024-09-30T00:00:00.000000,1,48.73,BUY
AAPL,2024-10-01T00:00:00.000000,1,48.73,BUY
AAPL,2024-10-02T00:00:00.000000,1,50.44,BUY
AAPL,2024-10-03T00:00:00.000000,1,48.73,BUY
AAPL,2024-10-04T00:00:00.000000,1,48.73,BUY
AAPL,2024-10-07T00:00:00.000000,1,48.73,BUY
AAPL,2024-10-08T00:00:00.000000,1,48.73,BUY
AAPL,2024-10-09T00:00:00.000000,1,48.73,BUY
AAPL,2024-10-10T00:00:00.000000,1,48.73,BUY
AAPL,2024-10-11T00:00:00.000000,1,48.73,BUY
AAPL,2024-10-14T00:00:00.000000,1,48.73,BUY
AAPL,2024-10-15T00:00:00.000000,1,48.73,BUY
AAPL,2024-10-16T00:00:00.000000,0,48.73,SELL
AAPL,2024-10-17T00:00:00.000000,0,46.09,SELL
AAPL,2024-10-18T00:00:00.000000,0,46.09,SELL
AAPL,2024-10-21T00:00:00.000000,0,46.09,SELL
AAPL,2024-10-22T00:00:00.000000,0,48.73,SELL
AAPL,2024-10-23T00:00:00.000000,1,48.73,BUY
AAPL,2024-10-24T00:00:00.000000,1,48.73,BUY
AAPL,2024-10-25T00:00:00.000000,1,48.73,BUY
AAPL,2024-10-28T00:00:00.000000,1,50.44,BUY
AAPL,2024-10-29T00:00:00.000000,1,50.44,BUY
AAPL,2024-10-30T00:00:00.000000,1,50.69,BUY
AAPL,2024-10-31T00:00:00.000000,1,50.69,BUY
AAPL,2024-11-01T00:00:00.000000,1,50.69,BUY
AAPL,2024-11-04T00:00:00.000000,1,50.69,BUY
AAPL,2024-11-05T00:00:00.000000,1,50.69,BUY
AAPL,2024-11-06T00:00:00.000000,1,50.69,BUY
AAPL,2024-11-07T00:00:00.000000,1,50.69,BUY
AAPL,2024-11-08T00:00:00.000000,1,50.69,BUY
AAPL,2024-11-11T00:00:00.000000,1,50.69,BUY
AAPL,2024-11-12T00:00:00.000000,1,50.69,BUY
AAPL,2024-11-13T00:00:00.000000,1,50.69,BUY
AAPL,2024-11-14T00:00:00.000000,1,50.44,BUY
AAPL,2024-11-15T00:00:00.000000,1,50.44,BUY
AAPL,2024-11-18T00:00:00.000000,1,50.44,BUY
AAPL,2024-11-19T00:00:00.000000,0,48.73,SELL
AAPL,2024-11-20T00:00:00.000000,0,46.09,SELL
AAPL,2024-11-21T00:00:00.000000,0,42.94,SELL
AAPL,2024-11-22T00:00:00.000000,0,42.94,SELL
AAPL,2024-11-25T00:00:00.000000,0,42.94,SELL
AAPL,2024-11-26T00:00:00.000000,0,48.73,SELL
AAPL,2024-11-27T00:00:00.000000,1,48.73,BUY
AAPL,2024-11-29T00:00:00.000000,1,50.44,BUY
AAPL,2024-12-02T00:00:00.000000,1,50.44,BUY
AAPL,2024-12-03T00:00:00.000000,1,50.44,BUY
AAPL,2024-12-04T00:00:00.000000,1,50.44,BUY
AAPL,2024-12-05T00:00:00.000000,1,50.44,BUY
AAPL,2024-12-06T00:00:00.000000,1,50.44,BUY
AAPL,2024-12-09T00:00:00.000000,1,50.44,BUY
AAPL,2024-12-10T00:00:00.000000,1,50.69,BUY
AAPL,2024-12-11T00:00:00.000000,1,50.69,BUY
AAPL,2024-12-12T00:00:00.000000,1,50.69,BUY
AAPL,2024-12-13T00:00:00.000000,1,50.69,BUY
AAPL,2024-12-16T00:00:00.000000,1,50.69,BUY
AAPL,2024-12-17T00:00:00.000000,1,50.69,BUY
AAPL,2024-12-18T00:00:00.000000,1,50.69,BUY
AAPL,2024-12-19T00:00:00.000000,1,50.69,BUY
AAPL,2024-12-20T00:00:00.000000,1,50.69,BUY
ABBV,2023-02-21T00:00:00.000000,0,42.94,SELL
ABBV,2023-02-22T00:00:00.000000,0,42.94,SELL
ABBV,2023-02-23T00:00:00.000000,0,46.09,SELL
ABBV,2023-02-24T00:00:00.000000,1,48.73,BUY
ABBV,2023-02-27T00:00:00.000000,1,48.73,BUY
ABBV,2023-02-28T00:00:00.000000,1,50.44,BUY
ABBV,2023-03-01T00:00:00.000000,1,50.44,BUY
ABBV,2023-03-02T00:00:00.000000,1,50.44,BUY
ABBV,2023-03-03T00:00:00.000000,1,50.69,BUY
ABBV,2023-03-06T00:00:00.000000,1,50.44,BUY
ABBV,2023-03-07T00:00:00.000000,1,50.44,BUY
ABBV,2023-03-08T00:00:00.000000,1,50.44,BUY
ABBV,2023-03-09T00:00:00.000000,1,50.44,BUY
ABBV,2023-03-10T00:00:00.000000,1,50.69,BUY
ABBV,2023-03-13T00:00:00.000000,1,50.69,BUY
ABBV,2023-03-14T00:00:00.000000,1,50.69,BUY
ABBV,2023-03-15T00:00:00.000000,1,50.69,BUY
ABBV,2023-03-16T00:00:00.000000,1,50.69,BUY
ABBV,2023-03-17T00:00:00.000000,1,50.69,BUY
ABBV,2023-03-20T00:00:00.000000,1,50.69,BUY
ABBV,2023-03-21T00:00:00.000000,1,50.69,BUY
ABBV,2023-03-22T00:00:00.000000,1,50.69,BUY
ABBV,2023-03-23T00:00:00.000000,1,50.69,BUY
ABBV,2023-03-24T00:00:00.000000,1,50.69,BUY
ABBV,2023-03-27T00:00:00.000000,1,50.69,BUY
ABBV,2023-03-28T00:00:00.000000,1,50.44,BUY
ABBV,2023-03-29T00:00:00.000000,1,50.44,BUY
ABBV,2023-03-30T00:00:00.000000,1,50.44,BUY
ABBV,2023-03-31T00:00:00.000000,1,50.44,BUY
ABBV,2023-04-03T00:00:00.000000,1,50.44,BUY
ABBV,2023-04-04T00:00:00.000000,1,48.73,BUY
ABBV,2023-04-05T00:00:00.000000,1,48.73,BUY
ABBV,2023-04-06T00:00:00.000000,1,48.73,BUY
ABBV,2023-04-10T00:00:00.000000,1,48.73,BUY
ABBV,2023-04-11T00:00:00.000000,1,48.73,BUY
ABBV,2023-04-12T00:00:00.000000,1,48.73,BUY
ABBV,2023-04-13T00:00:00.000000,1,48.73,BUY
ABBV,2023-04-14T00:00:00.000000,1,48.73,BUY
ABBV,2023-04-17T00:00:00.000000,1,48.73,BUY
ABBV,2023-04-18T00:00:00.000000,1,48.73,BUY
ABBV,2023-04-19T00:00:00.000000,1,48.73,BUY
ABBV,2023-04-20T00:00:00.000000,1,48.73,BUY
ABBV,2023-04-21T00:00:00.000000,0,48.73,SELL
ABBV,2023-04-24T00:00:00.000000,1,48.73,BUY
ABBV,2023-04-25T00:00:00.000000,1,48.73,BUY
ABBV,2023-04-26T00:00:00.000000,1,48.73,BUY
ABBV,2023-04-27T00:00:00.000000,1,50.44,BUY
ABBV,2023-04-28T00:00:00.000000,1,48.73,BUY
ABBV,2023-05-01T00:00:00.000000,1,48.73,BUY
ABBV,2023-05-02T00:00:00.000000,0,48.73,SELL
ABBV,2023-05-03T00:00:00.000000,1,48.73,BUY
ABBV,2023-05-04T00:00:00.000000,1,48.73,BUY
ABBV,2023-05-05T00:00:00.000000,1,48.73,BUY
ABBV,2023-05-08T00:00:00.000000,1,48.73,BUY
ABBV,2023-05-09T00:00:00.000000,1,48.73,BUY
ABBV,2023-05-10T00:00:00.000000,1,48.73,BUY
ABBV,2023-05-11T00:00:00.000000,0,42.94,SELL
ABBV,2023-05-12T00:00:00.000000,0,42.94,SELL
ABBV,2023-05-15T00:00:00.000000,0,46.09,SELL
ABBV,2023-05-16T00:00:00.000000,0,42.94,SELL
ABBV,2023-05-17T00:00:00.000000,0,46.09,SELL
ABBV,2023-05-18T00:00:00.000000,0,48.73,SELL
ABBV,2023-05-19T00:00:00.000000,0,48.73,SELL
ABBV,2023-05-22T00:00:00.000000,0,46.09,SELL
ABBV,2023-05-23T00:00:00.000000,0,46.09,SELL
ABBV,2023-05-24T00:00:00.000000,0,46.09,SELL
ABBV,2023-05-25T00:00:00.000000,0,48.73,SELL
ABBV,2023-05-26T00:00:00.000000,0,48.73,SELL
ABBV,2023-05-30T00:00:00.000000,0,46.09,SELL
ABBV,2023-05-31T00:00:00.000000,0,42.94,SELL
ABBV,2023-06-01T00:00:00.000000,0,39.62,SELL
ABBV,2023-06-02T00:00:00.000000,0,39.62,SELL
ABBV,2023-06-05T00:00:00.000000,0,40.0,SELL
ABBV,2023-06-06T00:00:00.000000,0,42.94,SELL
ABBV,2023-06-07T00:00:00.000000,0,42.94,SELL
ABBV,2023-06-08T00:00:00.000000,0,42.94,SELL
ABBV,2023-06-09T00:00:00.000000,0,39.62,SELL
ABBV,2023-06-12T00:00:00.000000,0,39.62,SELL
ABBV,2023-06-13T00:00:00.000000,0,39.62,SELL
ABBV,2023-06-14T00:00:00.000000,0,40.0,SELL
ABBV,2023-06-15T00:00:00.000000,0,42.94,SELL
ABBV,2023-06-16T00:00:00.000000,0,42.94,SELL
ABBV,2023-06-20T00:00:00.000000,0,46.09,SELL
ABBV,2023-06-21T00:00:00.000000,0,46.09,SELL
ABBV,2023-06-22T00:00:00.000000,0,46.09,SELL
ABBV,2023-06-23T00:00:00.000000,0,46.09,SELL
ABBV,2023-06-26T00:00:00.000000,0,48.73,SELL
ABBV,2023-06-27T00:00:00.000000,1,48.73,BUY
ABBV,2023-06-28T00:00:00.000000,1,48.73,BUY
ABBV,2023-06-29T00:00:00.000000,1,48.73,BUY
ABBV,2023-06-30T00:00:00.000000,1,48.73,BUY
ABBV,2023-07-03T00:00:00.000000,1,50.44,BUY
ABBV,2023-07-05T00:00:00.000000,1,50.44,BUY
ABBV,2023-07-06T00:00:00.000000,1,50.44,BUY
ABBV,2023-07-07T00:00:00.000000,1,48.73,BUY
ABBV,2023-07-10T00:00:00.000000,1,48.73,BUY
ABBV,2023-07-11T00:00:00.000000,1,48.73,BUY
ABBV,2023-07-12T00:00:00.000000,1,48.73,BUY
ABBV,2023-07-13T00:00:00.000000,1,48.73,BUY
ABBV,2023-07-14T00:00:00.000000,1,48.73,BUY
ABBV,2023-07-17T00:00:00.000000,1,48.73,BUY
ABBV,2023-07-18T00:00:00.000000,1,48.73,BUY
ABBV,2023-07-19T00:00:00.000000,1,48.73,BUY
ABBV,2023-07-20T00:00:00.000000,1,48.73,BUY
ABBV,2023-07-21T00:00:00.000000,0,46.09,SELL
ABBV,2023-07-24T00:00:00.000000,0,46.09,SELL
ABBV,2023-07-25T00:00:00.000000,0,46.09,SELL
ABBV,2023-07-26T00:00:00.000000,0,46.09,SELL
ABBV,2023-07-27T00:00:00.000000,0,48.73,SELL
ABBV,2023-07-28T00:00:00.000000,0,48.73,SELL
ABBV,2023-07-31T00:00:00.000000,0,46.09,SELL
ABBV,2023-08-01T00:00:00.000000,0,46.09,SELL
ABBV,2023-08-02T00:00:00.000000,0,46.09,SELL
ABBV,2023-08-03T00:00:00.000000,0,48.73,SELL
ABBV,2023-08-04T00:00:00.000000,0,48.73,SELL
ABBV,2023-08-07T00:00:00.000000,0,48.73,SELL
ABBV,2023-08-08T00:00:00.000000,0,48.73,SELL
ABBV,2023-08-09T00:00:00.000000,1,48.73,BUY
ABBV,2023-08-10T00:00:00.000000,1,48.73,BUY
ABBV,2023-08-11T00:00:00.000000,1,48.73,BUY
ABBV,2023-08-14T00:00:00.000000,1,50.44,BUY
ABBV,2023-08-15T00:00:00.000000,1,50.44,BUY
ABBV,2023-08-16T00:00:00.000000,1,50.44,BUY
ABBV,2023-08-17T00:00:00.000000,1,50.44,BUY
ABBV,2023-08-18T00:00:00.000000,1,50.44,BUY
ABBV,2023-08-21T00:00:00.000000,1,50.44,BUY
ABBV,2023-08-22T00:00:00.000000,1,50.44,BUY
ABBV,2023-08-23T00:00:00.000000,1,50.44,BUY
ABBV,2023-08-24T00:00:00.000000,1,50.44,BUY
ABBV,2023-08-25T00:00:00.000000,1,50.44,BUY
ABBV,2023-08-28T00:00:00.000000,1,50.44,BUY
ABBV,2023-08-29T00:00:00.000000,1,50.44,BUY
ABBV,2023-08-30T00:00:00.000000,1,48.73,BUY
ABBV,2023-08-31T00:00:00.000000,0,48.73,SELL
ABBV,2023-09-01T00:00:00.000000,0,46.09,SELL
ABBV,2023-09-05T00:00:00.000000,0,42.94,SELL
ABBV,2023-09-06T00:00:00.000000,0,42.94,SELL
ABBV,2023-09-07T00:00:00.000000,0,42.94,SELL
ABBV,2023-09-08T00:00:00.000000,0,42.94,SELL
ABBV,2023-09-11T00:00:00.000000,0,42.94,SELL
ABBV,2023-09-12T00:00:00.000000,0,42.94,SELL
ABBV,2023-09-13T00:00:00.000000,0,42.94,SELL
ABBV,2023-09-14T00:00:00.000000,0,42.94,SELL
ABBV,2023-09-15T00:00:00.000000,0,42.94,SELL
ABBV,2023-09-18T00:00:00.000000,0,46.09,SELL
ABBV,2023-09-19T00:00:00.000000,0,46.09,SELL
ABBV,2023-09-20T00:00:00.000000,0,48.73,SELL
ABBV,2023-09-21T00:00:00.000000,1,48.73,BUY
ABBV,2023-09-22T00:00:00.000000,1,48.73,BUY
ABBV,2023-09-25T00:00:00.000000,1,48.73,BUY
ABBV,2023-09-26T00:00:00.000000,1,50.44,BUY
ABBV,2023-09-27T00:00:00.000000,1,50.44,BUY
ABBV,2023-09-28T00:00:00.000000,1,50.44,BUY
ABBV,2023-09-29T00:00:00.000000,1,50.69,BUY
ABBV,2023-10-02T00:00:00.000000,1,50.69,BUY
ABBV,2023-10-03T00:00:00.000000,1,50.69,BUY
ABBV,2023-10-04T00:00:00.000000,1,50.69,BUY
ABBV,2023-10-05T00:00:00.000000,1,50.69,BUY
ABBV,2023-10-06T00:00:00.000000,1,50.69,BUY
ABBV,2023-10-09T00:00:00.000000,1,50.69,BUY
ABBV,2023-10-10T00:00:00.000000,1,50.69,BUY
ABBV,2023-10-11T00:00:00.000000,1,50.69,BUY
ABBV,2023-10-12T00:00:00.000000,1,50.44,BUY
ABBV,2023-10-13T00:00:00.000000,1,48.73,BUY
ABBV,2023-10-16T00:00:00.000000,0,48.73,SELL
ABBV,2023-10-17T00:00:00.000000,0,48.73,SELL
ABBV,2023-10-18T00:00:00.000000,0,46.09,SELL
ABBV,2023-10-19T00:00:00.000000,0,48.73,SELL
ABBV,2023-10-20T00:00:00.000000,1,48.73,BUY
ABBV,2023-10-23T00:00:00.000000,1,48.73,BUY
ABBV,2023-10-24T00:00:00.000000,1,50.44,BUY
ABBV,2023-10-25T00:00:00.000000,1,50.69,BUY
ABBV,2023-10-26T00:00:00.000000,1,50.69,BUY
ABBV,2023-10-27T00:00:00.000000,1,50.69,BUY
ABBV,2023-10-30T00:00:00.000000,1,50.69,BUY
ABBV,2023-10-31T00:00:00.000000,1,50.69,BUY
ABBV,2023-11-01T00:00:00.000000,1,50.69,BUY
ABBV,2023-11-02T00:00:00.000000,1,50.69,BUY
ABBV,2023-11-03T00:00:00.000000,1,50.69,BUY
ABBV,2023-11-06T00:00:00.000000,1,50.69,BUY
ABBV,2023-11-07T00:00:00.000000,1,50.69,BUY
ABBV,2023-11-08T00:00:00.000000,1,50.44,BUY
ABBV,2023-11-09T00:00:00.000000,1,48.73,BUY
ABBV,2023-11-10T00:00:00.000000,0,48.73,SELL
ABBV,2023-11-13T00:00:00.000000,0,42.94,SELL
ABBV,2023-11-14T00:00:00.000000,0,42.94,SELL
ABBV,2023-11-15T00:00:00.000000,0,39.62,SELL
ABBV,2023-11-16T00:00:00.000000,0,39.62,SELL
ABBV,2023-11-17T00:00:00.000000,0,39.62,SELL
ABBV,2023-11-20T00:00:00.000000,0,39.62,SELL
ABBV,2023-11-21T00:00:00.000000,0,39.62,SELL
ABBV,2023-11-22T00:00:00.000000,0,39.62,SELL
ABBV,2023-11-24T00:00:00.000000,0,39.62,SELL
ABBV,2023-11-27T00:00:00.000000,0,39.62,SELL
ABBV,2023-11-28T00:00:00.000000,0,39.62,SELL
ABBV,2023-11-29T00:00:00.000000,0,39.62,SELL
ABBV,2023-11-30T00:00:00.000000,0,39.62,SELL
ABBV,2023-12-01T00:00:00.000000,0,39.62,SELL
ABBV,2023-12-04T00:00:00.000000,0,39.62,SELL
ABBV,2023-12-05T00:00:00.000000,0,42.94,SELL
ABBV,2023-12-06T00:00:00.000000,0,42.94,SELL
ABBV,2023-12-07T00:00:00.000000,0,42.94,SELL
ABBV,2023-12-08T00:00:00.000000,0,46.09,SELL
ABBV,2023-12-11T00:00:00.000000,0,46.09,SELL
ABBV,2023-12-12T00:00:00.000000,0,48.73,SELL
ABBV,2023-12-13T00:00:00.000000,0,48.73,SELL
ABBV,2023-12-14T00:00:00.000000,0,48.73,SELL
ABBV,2023-12-15T00:00:00.000000,1,48.73,BUY
ABBV,2023-12-18T00:00:00.000000,1,48.73,BUY
ABBV,2023-12-19T00:00:00.000000,1,48.73,BUY
ABBV,2023-12-20T00:00:00.000000,1,48.73,BUY
ABBV,2023-12-21T00:00:00.000000,1,48.73,BUY
ABBV,2023-12-22T00:00:00.000000,1,48.73,BUY
ABBV,2023-12-26T00:00:00.000000,0,48.73,SELL
ABBV,2023-12-27T00:00:00.000000,0,46.09,SELL
ABBV,2023-12-28T00:00:00.000000,0,46.09,SELL
ABBV,2023-12-29T00:00:00.000000,0,46.09,SELL
ABBV,2024-01-02T00:00:00.000000,0,48.73,SELL
ABBV,2024-01-03T00:00:00.000000,0,48.73,SELL
ABBV,2024-01-04T00:00:00.000000,1,48.73,BUY
ABBV,2024-01-05T00:00:00.000000,1,48.73,BUY
ABBV,2024-01-08T00:00:00.000000,1,48.73,BUY
ABBV,2024-01-09T00:00:00.000000,1,50.44,BUY
ABBV,2024-01-10T00:00:00.000000,1,50.44,BUY
ABBV,2024-01-11T00:00:00.000000,1,48.73,BUY
ABBV,2024-01-12T00:00:00.000000,1,48.73,BUY
ABBV,2024-01-16T00:00:00.000000,1,50.44,BUY
ABBV,2024-01-17T00:00:00.000000,1,50.44,BUY
ABBV,2024-01-18T00:00:00.000000,1,50.44,BUY
ABBV,2024-01-19T00:00:00.000000,1,50.44,BUY
ABBV,2024-01-22T00:00:00.000000,1,50.44,BUY
ABBV,2024-01-23T00:00:00.000000,1,48.73,BUY
ABBV,2024-01-24T00:00:00.000000,1,48.73,BUY
ABBV,2024-01-25T00:00:00.000000,1,48.73,BUY
ABBV,2024-01-26T00:00:00.000000,1,48.73,BUY
ABBV,2024-01-29T00:00:00.000000,1,48.73,BUY
ABBV,2024-01-30T00:00:00.000000,1,48.73,BUY
ABBV,2024-01-31T00:00:00.000000,1,48.73,BUY
ABBV,2024-02-01T00:00:00.000000,1,48.73,BUY
ABBV,2024-02-02T00:00:00.000000,1,48.73,BUY
ABBV,2024-02-05T00:00:00.000000,1,48.73,BUY
ABBV,2024-02-06T00:00:00.000000,1,48.73,BUY
ABBV,2024-02-07T00:00:00.000000,1,48.73,BUY
ABBV,2024-02-08T00:00:00.000000,1,48.73,BUY
ABBV,2024-02-09T00:00:00.000000,1,50.44,BUY
ABBV,2024-02-12T00:00:00.000000,1,50.44,BUY
ABBV,2024-02-13T00:00:00.000000,1,50.44,BUY
ABBV,2024-02-14T00:00:00.000000,1,50.44,BUY
ABBV,2024-02-15T00:00:00.000000,1,50.44,BUY
ABBV,2024-02-16T00:00:00.000000,1,50.44,BUY
ABBV,2024-02-20T00:00:00.000000,1,50.44,BUY
ABBV,2024-02-21T00:00:00.000000,1,50.44,BUY
ABBV,2024-02-22T00:00:00.000000,1,48.73,BUY
ABBV,2024-02-23T00:00:00.000000,1,48.73,BUY
ABBV,2024-02-26T00:00:00.000000,1,48.73,BUY
ABBV,2024-02-27T00:00:00.000000,1,48.73,BUY
ABBV,2024-02-28T00:00:00.000000,1,48.73,BUY
ABBV,2024-02-29T00:00:00.000000,1,48.73,BUY
ABBV,2024-03-01T00:00:00.000000,1,48.73,BUY
ABBV,2024-03-04T00:00:00.000000,0,48.73,SELL
ABBV,2024-03-05T00:00:00.000000,0,46.09,SELL
ABBV,2024-03-06T00:00:00.000000,0,46.09,SELL
ABBV,2024-03-07T00:00:00.000000,0,46.09,SELL
ABBV,2024-03-08T00:00:00.000000,0,46.09,SELL
ABBV,2024-03-11T00:00:00.000000,0,48.73,SELL
ABBV,2024-03-12T00:00:00.000000,0,48.73,SELL
ABBV,2024-03-13T00:00:00.000000,0,48.73,SELL
ABBV,2024-03-14T00:00:00.000000,0,46.09,SELL
ABBV,2024-03-15T00:00:00.000000,0,42.94,SELL
ABBV,2024-03-18T00:00:00.000000,0,42.94,SELL
ABBV,2024-03-19T00:00:00.000000,0,42.94,SELL
ABBV,2024-03-20T00:00:00.000000,0,42.94,SELL
ABBV,2024-03-21T00:00:00.000000,0,42.94,SELL
ABBV,2024-03-22T00:00:00.000000,0,42.94,SELL
ABBV,2024-03-25T00:00:00.000000,0,39.62,SELL
ABBV,2024-03-26T00:00:00.000000,0,39.62,SELL
ABBV,2024-03-27T00:00:00.000000,0,39.62,SELL
ABBV,2024-03-28T00:00:00.000000,0,39.62,SELL
ABBV,2024-04-01T00:00:00.000000,0,39.62,SELL
ABBV,2024-04-02T00:00:00.000000,0,39.62,SELL
ABBV,2024-04-03T00:00:00.000000,0,39.62,SELL
ABBV,2024-04-04T00:00:00.000000,0,39.62,SELL
ABBV,2024-04-05T00:00:00.000000,0,42.94,SELL
ABBV,2024-04-08T00:00:00.000000,0,42.94,SELL
ABBV,2024-04-09T00:00:00.000000,0,42.94,SELL
ABBV,2024-04-10T00:00:00.000000,0,42.94,SELL
ABBV,2024-04-11T00:00:00.000000,0,42.94,SELL
ABBV,2024-04-12T00:00:00.000000,0,42.94,SELL
ABBV,2024-04-15T00:00:00.000000,0,42.94,SELL
ABBV,2024-04-16T00:00:00.000000,0,46.09,SELL
ABBV,2024-04-17T00:00:00.000000,0,48.73,SELL
ABBV,2024-04-18T00:00:00.000000,1,48.73,BUY
ABBV,2024-04-19T00:00:00.000000,1,50.44,BUY
ABBV,2024-04-22T00:00:00.000000,1,50.44,BUY
ABBV,2024-04-23T00:00:00.000000,1,50.69,BUY
ABBV,2024-04-24T00:00:00.000000,1,50.69,BUY
ABBV,2024-04-25T00:00:00.000000,1,50.69,BUY
ABBV,2024-04-26T00:00:00.000000,1,50.69,BUY
ABBV,2024-04-29T00:00:00.000000,1,50.69,BUY
ABBV,2024-04-30T00:00:00.000000,1,50.44,BUY
ABBV,2024-05-01T00:00:00.000000,1,50.44,BUY
ABBV,2024-05-02T00:00:00.000000,1,50.44,BUY
ABBV,2024-05-03T00:00:00.000000,1,50.69,BUY
ABBV,2024-05-06T00:00:00.000000,1,50.69,BUY
ABBV,2024-05-07T00:00:00.000000,1,50.69,BUY
ABBV,2024-05-08T00:00:00.000000,1,50.44,BUY
ABBV,2024-05-09T00:00:00.000000,1,48.73,BUY
ABBV,2024-05-10T00:00:00.000000,0,42.94,SELL
ABBV,2024-05-13T00:00:00.000000,0,42.94,SELL
ABBV,2024-05-14T00:00:00.000000,0,46.09,SELL
ABBV,2024-05-15T00:00:00.000000,0,42.94,SELL
ABBV,2024-05-16T00:00:00.000000,0,42.94,SELL
ABBV,2024-05-17T00:00:00.000000,0,46.09,SELL
ABBV,2024-05-20T00:00:00.000000,0,42.94,SELL
ABBV,2024-05-21T00:00:00.000000,0,42.94,SELL
ABBV,2024-05-22T00:00:00.000000,0,46.09,SELL
ABBV,2024-05-23T00:00:00.000000,0,46.09,SELL
ABBV,2024-05-24T00:00:00.000000,0,48.73,SELL
ABBV,2024-05-28T00:00:00.000000,0,48.73,SELL
ABBV,2024-05-29T00:00:00.000000,0,48.73,SELL
ABBV,2024-05-30T00:00:00.000000,1,48.73,BUY
ABBV,2024-05-31T00:00:00.000000,1,48.73,BUY
ABBV,2024-06-03T00:00:00.000000,1,48.73,BUY
ABBV,2024-06-04T00:00:00.000000,1,50.44,BUY
ABBV,2024-06-05T00:00:00.000000,1,50.44,BUY
ABBV,2024-06-06T00:00:00.000000,1,48.73,BUY
ABBV,2024-06-07T00:00:00.000000,1,48.73,BUY
ABBV,2024-06-10T00:00:00.000000,1,48.73,BUY
ABBV,2024-06-11T00:00:00.000000,1,48.73,BUY
ABBV,2024-06-12T00:00:00.000000,1,48.73,BUY
ABBV,2024-06-13T00:00:00.000000,1,50.44,BUY
ABBV,2024-06-14T00:00:00.000000,1,50.44,BUY
ABBV,2024-06-17T00:00:00.000000,1,50.44,BUY
ABBV,2024-06-18T00:00:00.000000,1,50.44,BUY
ABBV,2024-06-20T00:00:00.000000,1,50.44,BUY
ABBV,2024-06-21T00:00:00.000000,1,50.69,BUY
ABBV,2024-06-24T00:00:00.000000,1,50.69,BUY
ABBV,2024-06-25T00:00:00.000000,1,50.69,BUY
ABBV,2024-06-26T00:00:00.000000,1,50.44,BUY
ABBV,2024-06-27T00:00:00.000000,1,50.44,BUY
ABBV,2024-06-28T00:00:00.000000,1,50.44,BUY
ABBV,2024-07-01T00:00:00.000000,1,50.44,BUY
ABBV,2024-07-02T00:00:00.000000,1,50.44,BUY
ABBV,2024-07-03T00:00:00.000000,1,50.44,BUY
ABBV,2024-07-05T00:00:00.000000,1,50.44,BUY
ABBV,2024-07-08T00:00:00.000000,1,50.44,BUY
ABBV,2024-07-09T00:00:00.000000,1,50.69,BUY
ABBV,2024-07-10T00:00:00.000000,1,50.69,BUY
ABBV,2024-07-11T00:00:00.000000,1,50.44,BUY
ABBV,2024-07-12T00:00:00.000000,1,48.73,BUY
ABBV,2024-07-15T00:00:00.000000,0,46.09,SELL
ABBV,2024-07-16T00:00:00.000000,0,46.09,SELL
ABBV,2024-07-17T00:00:00.000000,0,42.94,SELL
ABBV,2024-07-18T00:00:00.000000,0,42.94,SELL
ABBV,2024-07-19T00:00:00.000000,0,46.09,SELL
ABBV,2024-07-22T00:00:00.000000,1,48.73,BUY
ABBV,2024-07-23T00:00:00.000000,1,48.73,BUY
ABBV,2024-07-24T00:00:00.000000,1,50.44,BUY
ABBV,2024-07-25T00:00:00.000000,1,50.44,BUY
ABBV,2024-07-26T00:00:00.000000,1,50.44,BUY
ABBV,2024-07-29T00:00:00.000000,1,50.44,BUY
ABBV,2024-07-30T00:00:00.000000,1,50.44,BUY
ABBV,2024-07-31T00:00:00.000000,1,50.44,BUY
ABBV,2024-08-01T00:00:00.000000,1,50.69,BUY
ABBV,2024-08-02T00:00:00.000000,1,50.44,BUY
ABBV,2024-08-05T00:00:00.000000,1,50.69,BUY
ABBV,2024-08-06T00:00:00.000000,1,50.69,BUY
ABBV,2024-08-07T00:00:00.000000,1,50.69,BUY
ABBV,2024-08-08T00:00:00.000000,1,50.69,BUY
ABBV,2024-08-09T00:00:00.000000,1,50.69,BUY
ABBV,2024-08-12T00:00:00.000000,1,50.69,BUY
ABBV,2024-08-13T00:00:00.000000,1,50.44,BUY
ABBV,2024-08-14T00:00:00.000000,1,50.44,BUY
ABBV,2024-08-15T00:00:00.000000,1,48.73,BUY
ABBV,2024-08-16T00:00:00.000000,1,48.73,BUY
ABBV,2024-08-19T00:00:00.000000,0,48.73,SELL
ABBV,2024-08-20T00:00:00.000000,0,46.09,SELL
ABBV,2024-08-21T00:00:00.000000,0,46.09,SELL
ABBV,2024-08-22T00:00:00.000000,0,46.09,SELL
ABBV,2024-08-23T00:00:00.000000,0,48.73,SELL
ABBV,2024-08-26T00:00:00.000000,0,46.09,SELL
ABBV,2024-08-27T00:00:00.000000,0,46.09,SELL
ABBV,2024-08-28T00:00:00.000000,0,48.73,SELL
ABBV,2024-08-29T00:00:00.000000,1,48.73,BUY
ABBV,2024-08-30T00:00:00.000000,1,48.73,BUY
ABBV,2024-09-03T00:00:00.000000,1,48.73,BUY
ABBV,2024-09-04T00:00:00.000000,1,50.44,BUY
ABBV,2024-09-05T00:00:00.000000,1,50.44,BUY
ABBV,2024-09-06T00:00:00.000000,1,50.69,BUY
ABBV,2024-09-09T00:00:00.000000,1,50.69,BUY
ABBV,2024-09-10T00:00:00.000000,1,50.69,BUY
ABBV,2024-09-11T00:00:00.000000,1,50.69,BUY
ABBV,2024-09-12T00:00:00.000000,1,50.69,BUY
ABBV,2024-09-13T00:00:00.000000,1,50.69,BUY
ABBV,2024-09-16T00:00:00.000000,1,50.69,BUY
ABBV,2024-09-17T00:00:00.000000,1,50.69,BUY
ABBV,2024-09-18T00:00:00.000000,1,50.69,BUY
ABBV,2024-09-19T00:00:00.000000,1,50.69,BUY
ABBV,2024-09-20T00:00:00.000000,1,50.44,BUY
ABBV,2024-09-23T00:00:00.000000,1,48.73,BUY
ABBV,2024-09-24T00:00:00.000000,0,46.09,SELL
ABBV,2024-09-25T00:00:00.000000,0,46.09,SELL
ABBV,2024-09-26T00:00:00.000000,0,42.94,SELL
ABBV,2024-09-27T00:00:00.000000,0,42.94,SELL
ABBV,2024-09-30T00:00:00.000000,0,46.09,SELL
ABBV,2024-10-01T00:00:00.000000,0,46.09,SELL
ABBV,2024-10-02T00:00:00.000000,0,48.73,SELL
ABBV,2024-10-03T00:00:00.000000,0,48.73,SELL
ABBV,2024-10-04T00:00:00.000000,1,48.73,BUY
ABBV,2024-10-07T00:00:00.000000,1,48.73,BUY
ABBV,2024-10-08T00:00:00.000000,1,48.73,BUY
ABBV,2024-10-09T00:00:00.000000,1,50.44,BUY
ABBV,2024-10-10T00:00:00.000000,1,50.44,BUY
ABBV,2024-10-11T00:00:00.000000,1,50.44,BUY
ABBV,2024-10-14T00:00:00.000000,1,50.44,BUY
ABBV,2024-10-15T00:00:00.000000,1,50.44,BUY
ABBV,2024-10-16T00:00:00.000000,1,50.44,BUY
ABBV,2024-10-17T00:00:00.000000,1,50.44,BUY
ABBV,2024-10-18T00:00:00.000000,1,50.44,BUY
ABBV,2024-10-21T00:00:00.000000,1,48.73,BUY
ABBV,2024-10-22T00:00:00.000000,1,48.73,BUY
ABBV,2024-10-23T00:00:00.000000,1,48.73,BUY
ABBV,2024-10-24T00:00:00.000000,1,48.73,BUY
ABBV,2024-10-25T00:00:00.000000,0,48.73,SELL
ABBV,2024-10-28T00:00:00.000000,0,48.73,SELL
ABBV,2024-10-29T00:00:00.000000,0,48.73,SELL
ABBV,2024-10-30T00:00:00.000000,0,46.09,SELL
ABBV,2024-10-31T00:00:00.000000,0,48.73,SELL
ABBV,2024-11-01T00:00:00.000000,1,48.73,BUY
ABBV,2024-11-04T00:00:00.000000,1,50.44,BUY
ABBV,2024-11-05T00:00:00.000000,1,50.44,BUY
ABBV,2024-11-06T00:00:00.000000,1,50.44,BUY
ABBV,2024-11-07T00:00:00.000000,1,50.44,BUY
ABBV,2024-11-08T00:00:00.000000,1,48.73,BUY
ABBV,2024-11-11T00:00:00.000000,1,48.73,BUY
ABBV,2024-11-12T00:00:00.000000,0,48.73,SELL
ABBV,2024-11-13T00:00:00.000000,0,46.09,SELL
ABBV,2024-11-14T00:00:00.000000,0,46.09,SELL
ABBV,2024-11-15T00:00:00.000000,0,46.09,SELL
ABBV,2024-11-18T00:00:00.000000,0,46.09,SELL
ABBV,2024-11-19T00:00:00.000000,0,42.94,SELL
ABBV,2024-11-20T00:00:00.000000,0,42.94,SELL
ABBV,2024-11-21T00:00:00.000000,0,39.62,SELL
ABBV,2024-11-22T00:00:00.000000,0,39.62,SELL
ABBV,2024-11-25T00:00:00.000000,0,39.62,SELL
ABBV,2024-11-26T00:00:00.000000,0,39.62,SELL
ABBV,2024-11-27T00:00:00.000000,0,39.62,SELL
ABBV,2024-11-29T00:00:00.000000,0,39.62,SELL
ABBV,2024-12-02T00:00:00.000000,0,39.62,SELL
ABBV,2024-12-03T00:00:00.000000,0,40.0,SELL
ABBV,2024-12-04T00:00:00.000000,0,42.94,SELL
ABBV,2024-12-05T00:00:00.000000,0,42.94,SELL
ABBV,2024-12-06T00:00:00.000000,0,42.94,SELL
ABBV,2024-12-09T00:00:00.000000,0,42.94,SELL
ABBV,2024-12-10T00:00:00.000000,0,46.09,SELL
ABBV,2024-12-11T00:00:00.000000,0,48.73,SELL
ABBV,2024-12-12T00:00:00.000000,1,48.73,BUY
ABBV,2024-12-13T00:00:00.000000,1,48.73,BUY
ABBV,2024-12-16T00:00:00.000000,1,48.73,BUY
ABBV,2024-12-17T00:00:00.000000,1,50.44,BUY
ABBV,2024-12-18T00:00:00.000000,1,48.73,BUY
ABBV,2024-12-19T00:00:00.000000,1,50.69,BUY
ABBV,2024-12-20T00:00:00.000000,1,50.69,BUY
ADBE,2023-02-21T00:00:00.000000,0,48.73,SELL
ADBE,2023-02-22T00:00:00.000000,0,48.73,SELL
ADBE,2023-02-23T00:00:00.000000,1,48.73,BUY
ADBE,2023-02-24T00:00:00.000000,1,48.73,BUY
ADBE,2023-02-27T00:00:00.000000,1,48.73,BUY
ADBE,2023-02-28T00:00:00.000000,1,48.73,BUY
ADBE,2023-03-01T00:00:00.000000,1,48.73,BUY
ADBE,2023-03-02T00:00:00.000000,1,50.44,BUY
ADBE,2023-03-03T00:00:00.000000,1,50.44,BUY
ADBE,2023-03-06T00:00:00.000000,1,50.44,BUY
ADBE,2023-03-07T00:00:00.000000,1,50.44,BUY
ADBE,2023-03-08T00:00:00.000000,1,50.44,BUY
ADBE,2023-03-09T00:00:00.000000,1,48.73,BUY
ADBE,2023-03-10T00:00:00.000000,1,48.73,BUY
ADBE,2023-03-13T00:00:00.000000,1,48.73,BUY
ADBE,2023-03-14T00:00:00.000000,1,48.73,BUY
ADBE,2023-03-15T00:00:00.000000,1,50.44,BUY
ADBE,2023-03-16T00:00:00.000000,1,50.69,BUY
ADBE,2023-03-17T00:00:00.000000,1,50.69,BUY
ADBE,2023-03-20T00:00:00.000000,1,50.69,BUY
ADBE,2023-03-21T00:00:00.000000,1,50.69,BUY
ADBE,2023-03-22T00:00:00.000000,1,50.44,BUY
ADBE,2023-03-23T00:00:00.000000,1,50.44,BUY
ADBE,2023-03-24T00:00:00.000000,1,48.73,BUY
ADBE,2023-03-27T00:00:00.000000,0,48.73,SELL
ADBE,2023-03-28T00:00:00.000000,0,48.73,SELL
ADBE,2023-03-29T00:00:00.000000,0,48.73,SELL
ADBE,2023-03-30T00:00:00.000000,1,48.73,BUY
ADBE,2023-03-31T00:00:00.000000,1,48.73,BUY
ADBE,2023-04-03T00:00:00.000000,1,48.73,BUY
ADBE,2023-04-04T00:00:00.000000,1,48.73,BUY
ADBE,2023-04-05T00:00:00.000000,1,48.73,BUY
ADBE,2023-04-06T00:00:00.000000,0,48.73,SELL
ADBE,2023-04-10T00:00:00.000000,0,48.73,SELL
ADBE,2023-04-11T00:00:00.000000,0,48.73,SELL
ADBE,2023-04-12T00:00:00.000000,1,48.73,BUY
ADBE,2023-04-13T00:00:00.000000,1,48.73,BUY
ADBE,2023-04-14T00:00:00.000000,1,48.73,BUY
ADBE,2023-04-17T00:00:00.000000,1,48.73,BUY
ADBE,2023-04-18T00:00:00.000000,1,48.73,BUY
ADBE,2023-04-19T00:00:00.000000,1,50.44,BUY
ADBE,2023-04-20T00:00:00.000000,1,50.44,BUY
ADBE,2023-04-21T00:00:00.000000,1,50.44,BUY
ADBE,2023-04-24T00:00:00.000000,1,50.44,BUY
ADBE,2023-04-25T00:00:00.000000,1,50.44,BUY
ADBE,2023-04-26T00:00:00.000000,1,50.69,BUY
ADBE,2023-04-27T00:00:00.000000,1,50.69,BUY
ADBE,2023-04-28T00:00:00.000000,1,50.69,BUY
ADBE,2023-05-01T00:00:00.000000,1,50.69,BUY
ADBE,2023-05-02T00:00:00.000000,1,50.69,BUY
ADBE,2023-05-03T00:00:00.000000,1,50.69,BUY
ADBE,2023-05-04T00:00:00.000000,1,50.69,BUY
ADBE,2023-05-05T00:00:00.000000,1,50.69,BUY
ADBE,2023-05-08T00:00:00.000000,1,50.69,BUY
ADBE,2023-05-09T00:00:00.000000,1,50.69,BUY
ADBE,2023-05-10T00:00:00.000000,1,50.69,BUY
ADBE,2023-05-11T00:00:00.000000,1,50.69,BUY
ADBE,2023-05-12T00:00:00.000000,1,50.69,BUY
ADBE,2023-05-15T00:00:00.000000,1,50.69,BUY
ADBE,2023-05-16T00:00:00.000000,1,50.44,BUY
ADBE,2023-05-17T00:00:00.000000,1,48.73,BUY
ADBE,2023-05-18T00:00:00.000000,1,48.73,BUY
ADBE,2023-05-19T00:00:00.000000,1,50.44,BUY
ADBE,2023-05-22T00:00:00.000000,1,48.73,BUY
ADBE,2023-05-23T00:00:00.000000,1,48.73,BUY
ADBE,2023-05-24T00:00:00.000000,1,48.73,BUY
ADBE,2023-05-25T00:00:00.000000,1,48.73,BUY
ADBE,2023-05-26T00:00:00.000000,1,48.73,BUY
ADBE,2023-05-30T00:00:00.000000,1,48.73,BUY
ADBE,2023-05-31T00:00:00.000000,1,48.73,BUY
ADBE,2023-06-01T00:00:00.000000,1,48.73,BUY
ADBE,2023-06-02T00:00:00.000000,1,48.73,BUY
ADBE,2023-06-05T00:00:00.000000,1,48.73,BUY
ADBE,2023-06-06T00:00:00.000000,0,48.73,SELL
ADBE,2023-06-07T00:00:00.000000,0,46.09,SELL
ADBE,2023-06-08T00:00:00.000000,0,46.09,SELL
ADBE,2023-06-09T00:00:00.000000,0,46.09,SELL
ADBE,2023-06-12T00:00:00.000000,0,42.94,SELL
ADBE,2023-06-13T00:00:00.000000,0,42.94,SELL
ADBE,2023-06-14T00:00:00.000000,0,42.94,SELL
ADBE,2023-06-15T00:00:00.000000,0,42.94,SELL
ADBE,2023-06-16T00:00:00.000000,0,42.94,SELL
ADBE,2023-06-20T00:00:00.000000,0,42.94,SELL
ADBE,2023-06-21T00:00:00.000000,0,42.94,SELL
ADBE,2023-06-22T00:00:00.000000,0,42.94,SELL
ADBE,2023-06-23T00:00:00.000000,0,42.94,SELL
ADBE,2023-06-26T00:00:00.000000,0,42.94,SELL
ADBE,2023-06-27T00:00:00.000000,0,42.94,SELL
ADBE,2023-06-28T00:00:00.000000,0,42.94,SELL
ADBE,2023-06-29T00:00:00.000000,0,42.94,SELL
ADBE,2023-06-30T00:00:00.000000,0,42.94,SELL
ADBE,2023-07-03T00:00:00.000000,0,42.94,SELL
ADBE,2023-07-05T00:00:00.000000,0,42.94,SELL
ADBE,2023-07-06T00:00:00.000000,0,42.94,SELL
ADBE,2023-07-07T00:00:00.000000,0,42.94,SELL
ADBE,2023-07-10T00:00:00.000000,0,42.94,SELL
ADBE,2023-07-11T00:00:00.000000,0,42.94,SELL
ADBE,2023-07-12T00:00:00.000000,0,42.94,SELL
ADBE,2023-07-13T00:00:00.000000,0,42.94,SELL
ADBE,2023-07-14T00:00:00.000000,0,42.94,SELL
ADBE,2023-07-17T00:00:00.000000,0,42.94,SELL
ADBE,2023-07-18T00:00:00.000000,0,42.94,SELL
ADBE,2023-07-19T00:00:00.000000,0,42.94,SELL
ADBE,2023-07-20T00:00:00.000000,0,42.94,SELL
ADBE,2023-07-21T00:00:00.000000,0,42.94,SELL
ADBE,2023-07-24T00:00:00.000000,0,42.94,SELL
ADBE,2023-07-25T00:00:00.000000,0,42.94,SELL
ADBE,2023-07-26T00:00:00.000000,0,42.94,SELL
ADBE,2023-07-27T00:00:00.000000,0,42.94,SELL
ADBE,2023-07-28T00:00:00.000000,0,42.94,SELL
ADBE,2023-07-31T00:00:00.000000,0,42.94,SELL
ADBE,2023-08-01T00:00:00.000000,0,46.09,SELL
ADBE,2023-08-02T00:00:00.000000,0,46.09,SELL
ADBE,2023-08-03T00:00:00.000000,0,46.09,SELL
ADBE,2023-08-04T00:00:00.000000,0,46.09,SELL
ADBE,2023-08-07T00:00:00.000000,0,46.09,SELL
ADBE,2023-08-08T00:00:00.000000,0,46.09,SELL
ADBE,2023-08-09T00:00:00.000000,0,46.09,SELL
ADBE,2023-08-10T00:00:00.000000,0,46.09,SELL
ADBE,2023-08-11T00:00:00.000000,0,48.73,SELL
ADBE,2023-08-14T00:00:00.000000,1,48.73,BUY
ADBE,2023-08-15T00:00:00.000000,1,48.73,BUY
ADBE,2023-08-16T00:00:00.000000,1,48.73,BUY
ADBE,2023-08-17T00:00:00.000000,1,48.73,BUY
ADBE,2023-08-18T00:00:00.000000,1,48.73,BUY
ADBE,2023-08-21T00:00:00.000000,1,50.44,BUY
ADBE,2023-08-22T00:00:00.000000,1,50.44,BUY
ADBE,2023-08-23T00:00:00.000000,1,50.44,BUY
ADBE,2023-08-24T00:00:00.000000,1,50.44,BUY
ADBE,2023-08-25T00:00:00.000000,1,50.44,BUY
ADBE,2023-08-28T00:00:00.000000,1,50.44,BUY
ADBE,2023-08-29T00:00:00.000000,1,50.44,BUY
ADBE,2023-08-30T00:00:00.000000,1,48.73,BUY
ADBE,2023-08-31T00:00:00.000000,1,48.73,BUY
ADBE,2023-09-01T00:00:00.000000,1,48.73,BUY
ADBE,2023-09-05T00:00:00.000000,1,48.73,BUY
ADBE,2023-09-06T00:00:00.000000,1,48.73,BUY
ADBE,2023-09-07T00:00:00.000000,1,48.73,BUY
ADBE,2023-09-08T00:00:00.000000,1,48.73,BUY
ADBE,2023-09-11T00:00:00.000000,0,48.73,SELL
ADBE,2023-09-12T00:00:00.000000,1,48.73,BUY
ADBE,2023-09-13T00:00:00.000000,0,48.73,SELL
ADBE,2023-09-14T00:00:00.000000,1,48.73,BUY
ADBE,2023-09-15T00:00:00.000000,1,48.73,BUY
ADBE,2023-09-18T00:00:00.000000,1,48.73,BUY
ADBE,2023-09-19T00:00:00.000000,1,48.73,BUY
ADBE,2023-09-20T00:00:00.000000,1,48.73,BUY
ADBE,2023-09-21T00:00:00.000000,1,48.73,BUY
ADBE,2023-09-22T00:00:00.000000,1,50.44,BUY
ADBE,2023-09-25T00:00:00.000000,1,50.44,BUY
ADBE,2023-09-26T00:00:00.000000,1,50.44,BUY
ADBE,2023-09-27T00:00:00.000000,1,50.44,BUY
ADBE,2023-09-28T00:00:00.000000,1,50.44,BUY
ADBE,2023-09-29T00:00:00.000000,1,50.69,BUY
ADBE,2023-10-02T00:00:00.000000,1,50.69,BUY
ADBE,2023-10-03T00:00:00.000000,1,50.69,BUY
ADBE,2023-10-04T00:00:00.000000,1,50.69,BUY
ADBE,2023-10-05T00:00:00.000000,1,50.69,BUY
ADBE,2023-10-06T00:00:00.000000,1,50.69,BUY
ADBE,2023-10-09T00:00:00.000000,1,50.69,BUY
ADBE,2023-10-10T00:00:00.000000,1,50.44,BUY
ADBE,2023-10-11T00:00:00.000000,1,50.44,BUY
ADBE,2023-10-12T00:00:00.000000,1,50.44,BUY
ADBE,2023-10-13T00:00:00.000000,1,50.44,BUY
ADBE,2023-10-16T00:00:00.000000,1,48.73,BUY
ADBE,2023-10-17T00:00:00.000000,1,48.73,BUY
ADBE,2023-10-18T00:00:00.000000,1,48.73,BUY
ADBE,2023-10-19T00:00:00.000000,1,48.73,BUY
ADBE,2023-10-20T00:00:00.000000,1,48.73,BUY
ADBE,2023-10-23T00:00:00.000000,1,48.73,BUY
ADBE,2023-10-24T00:00:00.000000,1,48.73,BUY
ADBE,2023-10-25T00:00:00.000000,1,48.73,BUY
ADBE,2023-10-26T00:00:00.000000,1,48.73,BUY
ADBE,2023-10-27T00:00:00.000000,1,48.73,BUY
ADBE,2023-10-30T00:00:00.000000,1,48.73,BUY
ADBE,2023-10-31T00:00:00.000000,1,50.44,BUY
ADBE,2023-11-01T00:00:00.000000,1,50.44,BUY
ADBE,2023-11-02T00:00:00.000000,1,50.44,BUY
ADBE,2023-11-03T00:00:00.000000,1,50.44,BUY
ADBE,2023-11-06T00:00:00.000000,1,48.73,BUY
ADBE,2023-11-07T00:00:00.000000,1,48.73,BUY
ADBE,2023-11-08T00:00:00.000000,0,48.73,SELL
ADBE,2023-11-09T00:00:00.000000,0,46.09,SELL
ADBE,2023-11-10T00:00:00.000000,0,46.09,SELL
ADBE,2023-11-13T00:00:00.000000,0,46.09,SELL
ADBE,2023-11-14T00:00:00.000000,0,46.09,SELL
ADBE,2023-11-15T00:00:00.000000,0,46.09,SELL
ADBE,2023-11-16T00:00:00.000000,0,46.09,SELL
ADBE,2023-11-17T00:00:00.000000,0,46.09,SELL
ADBE,2023-11-20T00:00:00.000000,0,46.09,SELL
ADBE,2023-11-21T00:00:00.000000,0,46.09,SELL
ADBE,2023-11-22T00:00:00.000000,0,46.09,SELL
ADBE,2023-11-24T00:00:00.000000,0,46.09,SELL
ADBE,2023-11-27T00:00:00.000000,0,46.09,SELL
ADBE,2023-11-28T00:00:00.000000,0,46.09,SELL
ADBE,2023-11-29T00:00:00.000000,0,46.09,SELL
ADBE,2023-11-30T00:00:00.000000,0,46.09,SELL
ADBE,2023-12-01T00:00:00.000000,0,46.09,SELL
ADBE,2023-12-04T00:00:00.000000,0,46.09,SELL
ADBE,2023-12-05T00:00:00.000000,0,46.09,SELL
ADBE,2023-12-06T00:00:00.000000,0,46.09,SELL
ADBE,2023-12-07T00:00:00.000000,0,46.09,SELL
ADBE,2023-12-08T00:00:00.000000,0,46.09,SELL
ADBE,2023-12-11T00:00:00.000000,0,48.73,SELL
ADBE,2023-12-12T00:00:00.000000,0,48.73,SELL
ADBE,2023-12-13T00:00:00.000000,0,46.09,SELL
ADBE,2023-12-14T00:00:00.000000,0,46.09,SELL
ADBE,2023-12-15T00:00:00.000000,0,46.09,SELL
ADBE,2023-12-18T00:00:00.000000,0,46.09,SELL
ADBE,2023-12-19T00:00:00.000000,0,46.09,SELL
ADBE,2023-12-20T00:00:00.000000,0,46.09,SELL
ADBE,2023-12-21T00:00:00.000000,1,48.73,BUY
ADBE,2023-12-22T00:00:00.000000,1,48.73,BUY
ADBE,2023-12-26T00:00:00.000000,1,48.73,BUY
ADBE,2023-12-27T00:00:00.000000,0,48.73,SELL
ADBE,2023-12-28T00:00:00.000000,0,46.09,SELL
ADBE,2023-12-29T00:00:00.000000,0,46.09,SELL
ADBE,2024-01-02T00:00:00.000000,0,46.09,SELL
ADBE,2024-01-03T00:00:00.000000,0,48.73,SELL
ADBE,2024-01-04T00:00:00.000000,1,48.73,BUY
ADBE,2024-01-05T00:00:00.000000,1,48.73,BUY
ADBE,2024-01-08T00:00:00.000000,1,48.73,BUY
ADBE,2024-01-09T00:00:00.000000,1,48.73,BUY
ADBE,2024-01-10T00:00:00.000000,1,50.44,BUY
ADBE,2024-01-11T00:00:00.000000,1,50.44,BUY
ADBE,2024-01-12T00:00:00.000000,1,50.44,BUY
ADBE,2024-01-16T00:00:00.000000,1,50.44,BUY
ADBE,2024-01-17T00:00:00.000000,1,48.73,BUY
ADBE,2024-01-18T00:00:00.000000,1,48.73,BUY
ADBE,2024-01-19T00:00:00.000000,1,48.73,BUY
ADBE,2024-01-22T00:00:00.000000,1,48.73,BUY
ADBE,2024-01-23T00:00:00.000000,1,48.73,BUY
ADBE,2024-01-24T00:00:00.000000,1,48.73,BUY
ADBE,2024-01-25T00:00:00.000000,1,48.73,BUY
ADBE,2024-01-26T00:00:00.000000,1,48.73,BUY
ADBE,2024-01-29T00:00:00.000000,1,48.73,BUY
ADBE,2024-01-30T00:00:00.000000,1,48.73,BUY
ADBE,2024-01-31T00:00:00.000000,1,48.73,BUY
ADBE,2024-02-01T00:00:00.000000,1,48.73,BUY
ADBE,2024-02-02T00:00:00.000000,1,48.73,BUY
ADBE,2024-02-05T00:00:00.000000,1,48.73,BUY
ADBE,2024-02-06T00:00:00.000000,1,48.73,BUY
ADBE,2024-02-07T00:00:00.000000,1,48.73,BUY
ADBE,2024-02-08T00:00:00.000000,1,48.73,BUY
ADBE,2024-02-09T00:00:00.000000,1,48.73,BUY
ADBE,2024-02-12T00:00:00.000000,1,48.73,BUY
ADBE,2024-02-13T00:00:00.000000,1,50.44,BUY
ADBE,2024-02-14T00:00:00.000000,1,50.69,BUY
ADBE,2024-02-15T00:00:00.000000,1,50.69,BUY
ADBE,2024-02-16T00:00:00.000000,1,50.69,BUY
ADBE,2024-02-20T00:00:00.000000,1,50.44,BUY
ADBE,2024-02-21T00:00:00.000000,1,50.44,BUY
ADBE,2024-02-22T00:00:00.000000,1,48.73,BUY
ADBE,2024-02-23T00:00:00.000000,1,50.44,BUY
ADBE,2024-02-26T00:00:00.000000,1,50.44,BUY
ADBE,2024-02-27T00:00:00.000000,1,50.44,BUY
ADBE,2024-02-28T00:00:00.000000,1,50.44,BUY
ADBE,2024-02-29T00:00:00.000000,1,48.73,BUY
ADBE,2024-03-01T00:00:00.000000,1,48.73,BUY
ADBE,2024-03-04T00:00:00.000000,0,48.73,SELL
ADBE,2024-03-05T00:00:00.000000,0,48.73,SELL
ADBE,2024-03-06T00:00:00.000000,0,48.73,SELL
ADBE,2024-03-07T00:00:00.000000,1,48.73,BUY
ADBE,2024-03-08T00:00:00.000000,1,48.73,BUY
ADBE,2024-03-11T00:00:00.000000,1,48.73,BUY
ADBE,2024-03-12T00:00:00.000000,1,48.73,BUY
ADBE,2024-03-13T00:00:00.000000,1,48.73,BUY
ADBE,2024-03-14T00:00:00.000000,1,48.73,BUY
ADBE,2024-03-15T00:00:00.000000,0,48.73,SELL
ADBE,2024-03-18T00:00:00.000000,0,46.09,SELL
ADBE,2024-03-19T00:00:00.000000,0,46.09,SELL
ADBE,2024-03-20T00:00:00.000000,0,46.09,SELL
ADBE,2024-03-21T00:00:00.000000,0,46.09,SELL
ADBE,2024-03-22T00:00:00.000000,1,48.73,BUY
ADBE,2024-03-25T00:00:00.000000,1,50.44,BUY
ADBE,2024-03-26T00:00:00.000000,1,50.44,BUY
ADBE,2024-03-27T00:00:00.000000,1,50.44,BUY
ADBE,2024-03-28T00:00:00.000000,1,50.44,BUY
ADBE,2024-04-01T00:00:00.000000,1,50.44,BUY
ADBE,2024-04-02T00:00:00.000000,1,50.44,BUY
ADBE,2024-04-03T00:00:00.000000,1,50.44,BUY
ADBE,2024-04-04T00:00:00.000000,1,50.44,BUY
ADBE,2024-04-05T00:00:00.000000,1,50.44,BUY
ADBE,2024-04-08T00:00:00.000000,1,50.44,BUY
ADBE,2024-04-09T00:00:00.000000,1,50.44,BUY
ADBE,2024-04-10T00:00:00.000000,1,50.44,BUY
ADBE,2024-04-11T00:00:00.000000,1,50.44,BUY
ADBE,2024-04-12T00:00:00.000000,1,50.69,BUY
ADBE,2024-04-15T00:00:00.000000,1,50.69,BUY
ADBE,2024-04-16T00:00:00.000000,1,50.69,BUY
ADBE,2024-04-17T00:00:00.000000,1,50.69,BUY
ADBE,2024-04-18T00:00:00.000000,1,50.69,BUY
ADBE,2024-04-19T00:00:00.000000,1,50.69,BUY
ADBE,2024-04-22T00:00:00.000000,1,50.69,BUY
ADBE,2024-04-23T00:00:00.000000,1,50.69,BUY
ADBE,2024-04-24T00:00:00.000000,1,50.69,BUY
ADBE,2024-04-25T00:00:00.000000,1,50.69,BUY
ADBE,2024-04-26T00:00:00.000000,1,50.69,BUY
ADBE,2024-04-29T00:00:00.000000,1,50.69,BUY
ADBE,2024-04-30T00:00:00.000000,1,50.69,BUY
ADBE,2024-05-01T00:00:00.000000,1,50.69,BUY
ADBE,2024-05-02T00:00:00.000000,1,50.69,BUY
ADBE,2024-05-03T00:00:00.000000,1,58.57,BUY
ADBE,2024-05-06T00:00:00.000000,1,58.57,BUY
ADBE,2024-05-07T00:00:00.000000,1,58.57,BUY
ADBE,2024-05-08T00:00:00.000000,1,50.69,BUY
ADBE,2024-05-09T00:00:00.000000,1,50.69,BUY
ADBE,2024-05-10T00:00:00.000000,1,50.69,BUY
ADBE,2024-05-13T00:00:00.000000,1,48.73,BUY
ADBE,2024-05-14T00:00:00.000000,1,48.73,BUY
ADBE,2024-05-15T00:00:00.000000,1,48.73,BUY
ADBE,2024-05-16T00:00:00.000000,1,48.73,BUY
ADBE,2024-05-17T00:00:00.000000,1,48.73,BUY
ADBE,2024-05-20T00:00:00.000000,1,48.73,BUY
ADBE,2024-05-21T00:00:00.000000,1,48.73,BUY
ADBE,2024-05-22T00:00:00.000000,1,48.73,BUY
ADBE,2024-05-23T00:00:00.000000,1,48.73,BUY
ADBE,2024-05-24T00:00:00.000000,1,48.73,BUY
ADBE,2024-05-28T00:00:00.000000,1,48.73,BUY
ADBE,2024-05-29T00:00:00.000000,1,48.73,BUY
ADBE,2024-05-30T00:00:00.000000,1,50.44,BUY
ADBE,2024-05-31T00:00:00.000000,1,48.73,BUY
ADBE,2024-06-03T00:00:00.000000,1,48.73,BUY
ADBE,2024-06-04T00:00:00.000000,1,50.44,BUY
ADBE,2024-06-05T00:00:00.000000,1,50.44,BUY
ADBE,2024-06-06T00:00:00.000000,1,50.69,BUY
ADBE,2024-06-07T00:00:00.000000,1,50.69,BUY
ADBE,2024-06-10T00:00:00.000000,1,50.44,BUY
ADBE,2024-06-11T00:00:00.000000,1,50.44,BUY
ADBE,2024-06-12T00:00:00.000000,1,50.44,BUY
ADBE,2024-06-13T00:00:00.000000,1,48.73,BUY
ADBE,2024-06-14T00:00:00.000000,1,48.73,BUY
ADBE,2024-06-17T00:00:00.000000,1,48.73,BUY
ADBE,2024-06-18T00:00:00.000000,1,48.73,BUY
ADBE,2024-06-20T00:00:00.000000,1,50.44,BUY
ADBE,2024-06-21T00:00:00.000000,1,50.44,BUY
ADBE,2024-06-24T00:00:00.000000,1,48.73,BUY
ADBE,2024-06-25T00:00:00.000000,1,48.73,BUY
ADBE,2024-06-26T00:00:00.000000,0,48.73,SELL
ADBE,2024-06-27T00:00:00.000000,0,46.09,SELL
ADBE,2024-06-28T00:00:00.000000,0,46.09,SELL
ADBE,2024-07-01T00:00:00.000000,0,46.09,SELL
ADBE,2024-07-02T00:00:00.000000,0,46.09,SELL
ADBE,2024-07-03T00:00:00.000000,0,46.09,SELL
ADBE,2024-07-05T00:00:00.000000,0,46.09,SELL
ADBE,2024-07-08T00:00:00.000000,0,46.09,SELL
ADBE,2024-07-09T00:00:00.000000,0,42.94,SELL
ADBE,2024-07-10T00:00:00.000000,0,42.94,SELL
ADBE,2024-07-11T00:00:00.000000,0,42.94,SELL
ADBE,2024-07-12T00:00:00.000000,0,42.94,SELL
ADBE,2024-07-15T00:00:00.000000,0,42.94,SELL
ADBE,2024-07-16T00:00:00.000000,0,42.94,SELL
ADBE,2024-07-17T00:00:00.000000,0,42.94,SELL
ADBE,2024-07-18T00:00:00.000000,0,42.94,SELL
ADBE,2024-07-19T00:00:00.000000,0,46.09,SELL
ADBE,2024-07-22T00:00:00.000000,0,46.09,SELL
ADBE,2024-07-23T00:00:00.000000,0,46.09,SELL
ADBE,2024-07-24T00:00:00.000000,0,48.73,SELL
ADBE,2024-07-25T00:00:00.000000,1,48.73,BUY
ADBE,2024-07-26T00:00:00.000000,1,48.73,BUY
ADBE,2024-07-29T00:00:00.000000,1,48.73,BUY
ADBE,2024-07-30T00:00:00.000000,1,50.44,BUY
ADBE,2024-07-31T00:00:00.000000,1,50.44,BUY
ADBE,2024-08-01T00:00:00.000000,1,50.44,BUY
ADBE,2024-08-02T00:00:00.000000,1,50.44,BUY
ADBE,2024-08-05T00:00:00.000000,1,50.44,BUY
ADBE,2024-08-06T00:00:00.000000,1,50.44,BUY
ADBE,2024-08-07T00:00:00.000000,1,48.73,BUY
ADBE,2024-08-08T00:00:00.000000,1,48.73,BUY
ADBE,2024-08-09T00:00:00.000000,1,48.73,BUY
ADBE,2024-08-12T00:00:00.000000,1,48.73,BUY
ADBE,2024-08-13T00:00:00.000000,1,48.73,BUY
ADBE,2024-08-14T00:00:00.000000,1,48.73,BUY
ADBE,2024-08-15T00:00:00.000000,1,48.73,BUY
ADBE,2024-08-16T00:00:00.000000,0,46.09,SELL
ADBE,2024-08-19T00:00:00.000000,0,46.09,SELL
ADBE,2024-08-20T00:00:00.000000,0,46.09,SELL
ADBE,2024-08-21T00:00:00.000000,0,46.09,SELL
ADBE,2024-08-22T00:00:00.000000,0,46.09,SELL
ADBE,2024-08-23T00:00:00.000000,0,48.73,SELL
ADBE,2024-08-26T00:00:00.000000,0,48.73,SELL
ADBE,2024-08-27T00:00:00.000000,0,48.73,SELL
ADBE,2024-08-28T00:00:00.000000,0,48.73,SELL
ADBE,2024-08-29T00:00:00.000000,0,48.73,SELL
ADBE,2024-08-30T00:00:00.000000,1,48.73,BUY
ADBE,2024-09-03T00:00:00.000000,1,48.73,BUY
ADBE,2024-09-04T00:00:00.000000,1,48.73,BUY
ADBE,2024-09-05T00:00:00.000000,1,48.73,BUY
ADBE,2024-09-06T00:00:00.000000,1,48.73,BUY
ADBE,2024-09-09T00:00:00.000000,1,50.44,BUY
ADBE,2024-09-10T00:00:00.000000,1,50.44,BUY
ADBE,2024-09-11T00:00:00.000000,1,50.44,BUY
ADBE,2024-09-12T00:00:00.000000,1,50.44,BUY
ADBE,2024-09-13T00:00:00.000000,1,50.44,BUY
ADBE,2024-09-16T00:00:00.000000,1,50.44,BUY
ADBE,2024-09-17T00:00:00.000000,1,50.44,BUY
ADBE,2024-09-18T00:00:00.000000,1,50.69,BUY
ADBE,2024-09-19T00:00:00.000000,1,50.69,BUY
ADBE,2024-09-20T00:00:00.000000,1,50.69,BUY
ADBE,2024-09-23T00:00:00.000000,1,50.69,BUY
ADBE,2024-09-24T00:00:00.000000,1,50.69,BUY
ADBE,2024-09-25T00:00:00.000000,1,50.69,BUY
ADBE,2024-09-26T00:00:00.000000,1,50.69,BUY
ADBE,2024-09-27T00:00:00.000000,1,50.44,BUY
ADBE,2024-09-30T00:00:00.000000,1,50.44,BUY
ADBE,2024-10-01T00:00:00.000000,1,48.73,BUY
ADBE,2024-10-02T00:00:00.000000,1,48.73,BUY
ADBE,2024-10-03T00:00:00.000000,1,50.44,BUY
ADBE,2024-10-04T00:00:00.000000,1,50.44,BUY
ADBE,2024-10-07T00:00:00.000000,1,50.44,BUY
ADBE,2024-10-08T00:00:00.000000,1,50.44,BUY
ADBE,2024-10-09T00:00:00.000000,1,50.44,BUY
ADBE,2024-10-10T00:00:00.000000,1,50.44,BUY
ADBE,2024-10-11T00:00:00.000000,1,50.44,BUY
ADBE,2024-10-14T00:00:00.000000,1,50.44,BUY
ADBE,2024-10-15T00:00:00.000000,1,48.73,BUY
ADBE,2024-10-16T00:00:00.000000,1,48.73,BUY
ADBE,2024-10-17T00:00:00.000000,1,48.73,BUY
ADBE,2024-10-18T00:00:00.000000,1,48.73,BUY
ADBE,2024-10-21T00:00:00.000000,1,48.73,BUY
ADBE,2024-10-22T00:00:00.000000,1,48.73,BUY
ADBE,2024-10-23T00:00:00.000000,1,48.73,BUY
ADBE,2024-10-24T00:00:00.000000,1,50.44,BUY
ADBE,2024-10-25T00:00:00.000000,1,50.44,BUY
ADBE,2024-10-28T00:00:00.000000,1,50.44,BUY
ADBE,2024-10-29T00:00:00.000000,1,50.44,BUY
ADBE,2024-10-30T00:00:00.000000,1,50.44,BUY
ADBE,2024-10-31T00:00:00.000000,1,50.44,BUY
ADBE,2024-11-01T00:00:00.000000,1,50.44,BUY
ADBE,2024-11-04T00:00:00.000000,1,50.44,BUY
ADBE,2024-11-05T00:00:00.000000,1,50.44,BUY
ADBE,2024-11-06T00:00:00.000000,1,50.44,BUY
ADBE,2024-11-07T00:00:00.000000,1,50.44,BUY
ADBE,2024-11-08T00:00:00.000000,1,48.73,BUY
ADBE,2024-11-11T00:00:00.000000,1,48.73,BUY
ADBE,2024-11-12T00:00:00.000000,1,48.73,BUY
ADBE,2024-11-13T00:00:00.000000,1,48.73,BUY
ADBE,2024-11-14T00:00:00.000000,1,48.73,BUY
ADBE,2024-11-15T00:00:00.000000,1,48.73,BUY
ADBE,2024-11-18T00:00:00.000000,1,48.73,BUY
ADBE,2024-11-19T00:00:00.000000,1,48.73,BUY
ADBE,2024-11-20T00:00:00.000000,0,48.73,SELL
ADBE,2024-11-21T00:00:00.000000,0,46.09,SELL
ADBE,2024-11-22T00:00:00.000000,0,46.09,SELL
ADBE,2024-11-25T00:00:00.000000,0,48.73,SELL
ADBE,2024-11-26T00:00:00.000000,1,48.73,BUY
ADBE,2024-11-27T00:00:00.000000,1,48.73,BUY
ADBE,2024-11-29T00:00:00.000000,1,48.73,BUY
ADBE,2024-12-02T00:00:00.000000,1,48.73,BUY
ADBE,2024-12-03T00:00:00.000000,1,48.73,BUY
ADBE,2024-12-04T00:00:00.000000,0,48.73,SELL
ADBE,2024-12-05T00:00:00.000000,0,48.73,SELL
ADBE,2024-12-06T00:00:00.000000,1,48.73,BUY
ADBE,2024-12-09T00:00:00.000000,1,48.73,BUY
ADBE,2024-12-10T00:00:00.000000,1,48.73,BUY
ADBE,2024-12-11T00:00:00.000000,1,48.73,BUY
ADBE,2024-12-12T00:00:00.000000,1,48.73,BUY
ADBE,2024-12-13T00:00:00.000000,0,48.73,SELL
ADBE,2024-12-16T00:00:00.000000,0,46.09,SELL
ADBE,2024-12-17T00:00:00.000000,0,46.09,SELL
ADBE,2024-12-18T00:00:00.000000,0,48.73,SELL
ADBE,2024-12-19T00:00:00.000000,1,48.73,BUY
ADBE,2024-12-20T00:00:00.000000,1,50.44,BUY
AMD,2023-02-21T00:00:00.000000,0,48.73,SELL
AMD,2023-02-22T00:00:00.000000,0,48.73,SELL
AMD,2023-02-23T00:00:00.000000,0,48.73,SELL
AMD,2023-02-24T00:00:00.000000,1,48.73,BUY
AMD,2023-02-27T00:00:00.000000,1,48.73,BUY
AMD,2023-02-28T00:00:00.000000,1,50.44,BUY
AMD,2023-03-01T00:00:00.000000,1,50.44,BUY
AMD,2023-03-02T00:00:00.000000,1,50.44,BUY
AMD,2023-03-03T00:00:00.000000,1,50.44,BUY
AMD,2023-03-06T00:00:00.000000,1,50.44,BUY
AMD,2023-03-07T00:00:00.000000,1,48.73,BUY
AMD,2023-03-08T00:00:00.000000,1,48.73,BUY
AMD,2023-03-09T00:00:00.000000,1,48.73,BUY
AMD,2023-03-10T00:00:00.000000,1,48.73,BUY
AMD,2023-03-13T00:00:00.000000,1,50.44,BUY
AMD,2023-03-14T00:00:00.000000,1,48.73,BUY
AMD,2023-03-15T00:00:00.000000,1,48.73,BUY
AMD,2023-03-16T00:00:00.000000,1,48.73,BUY
AMD,2023-03-17T00:00:00.000000,1,48.73,BUY
AMD,2023-03-20T00:00:00.000000,1,50.44,BUY
AMD,2023-03-21T00:00:00.000000,1,50.44,BUY
AMD,2023-03-22T00:00:00.000000,1,50.44,BUY
AMD,2023-03-23T00:00:00.000000,1,50.44,BUY
AMD,2023-03-24T00:00:00.000000,1,48.73,BUY
AMD,2023-03-27T00:00:00.000000,1,48.73,BUY
AMD,2023-03-28T00:00:00.000000,1,48.73,BUY
AMD,2023-03-29T00:00:00.000000,1,48.73,BUY
AMD,2023-03-30T00:00:00.000000,0,48.73,SELL
AMD,2023-03-31T00:00:00.000000,0,48.73,SELL
AMD,2023-04-03T00:00:00.000000,0,48.73,SELL
AMD,2023-04-04T00:00:00.000000,0,46.09,SELL
AMD,2023-04-05T00:00:00.000000,0,46.09,SELL
AMD,2023-04-06T00:00:00.000000,0,46.09,SELL
AMD,2023-04-10T00:00:00.000000,0,46.09,SELL
AMD,2023-04-11T00:00:00.000000,0,42.94,SELL
AMD,2023-04-12T00:00:00.000000,0,46.09,SELL
AMD,2023-04-13T00:00:00.000000,0,46.09,SELL
AMD,2023-04-14T00:00:00.000000,0,46.09,SELL
AMD,2023-04-17T00:00:00.000000,0,46.09,SELL
AMD,2023-04-18T00:00:00.000000,0,42.94,SELL
AMD,2023-04-19T00:00:00.000000,0,42.94,SELL
AMD,2023-04-20T00:00:00.000000,0,42.94,SELL
AMD,2023-04-21T00:00:00.000000,0,48.73,SELL
AMD,2023-04-24T00:00:00.000000,1,48.73,BUY
AMD,2023-04-25T00:00:00.000000,1,48.73,BUY
AMD,2023-04-26T00:00:00.000000,1,48.73,BUY
AMD,2023-04-27T00:00:00.000000,1,48.73,BUY
AMD,2023-04-28T00:00:00.000000,0,48.73,SELL
AMD,2023-05-01T00:00:00.000000,1,48.73,BUY
AMD,2023-05-02T00:00:00.000000,1,48.73,BUY
AMD,2023-05-03T00:00:00.000000,1,50.44,BUY
AMD,2023-05-04T00:00:00.000000,1,50.44,BUY
AMD,2023-05-05T00:00:00.000000,1,50.44,BUY
AMD,2023-05-08T00:00:00.000000,1,50.44,BUY
AMD,2023-05-09T00:00:00.000000,1,50.44,BUY
AMD,2023-05-10T00:00:00.000000,1,50.44,BUY
AMD,2023-05-11T00:00:00.000000,1,50.44,BUY
AMD,2023-05-12T00:00:00.000000,1,50.44,BUY
AMD,2023-05-15T00:00:00.000000,1,50.44,BUY
AMD,2023-05-16T00:00:00.000000,1,48.73,BUY
AMD,2023-05-17T00:00:00.000000,1,48.73,BUY
AMD,2023-05-18T00:00:00.000000,1,50.44,BUY
AMD,2023-05-19T00:00:00.000000,1,50.0,BUY
AMD,2023-05-22T00:00:00.000000,1,50.44,BUY
AMD,2023-05-23T00:00:00.000000,1,50.44,BUY
AMD,2023-05-24T00:00:00.000000,1,50.44,BUY
AMD,2023-05-25T00:00:00.000000,1,48.73,BUY
AMD,2023-05-26T00:00:00.000000,1,48.73,BUY
AMD,2023-05-30T00:00:00.000000,1,48.73,BUY
AMD,2023-05-31T00:00:00.000000,1,48.73,BUY
AMD,2023-06-01T00:00:00.000000,1,48.73,BUY
AMD,2023-06-02T00:00:00.000000,1,48.73,BUY
AMD,2023-06-05T00:00:00.000000,0,48.73,SELL
AMD,2023-06-06T00:00:00.000000,0,48.73,SELL
AMD,2023-06-07T00:00:00.000000,0,48.73,SELL
AMD,2023-06-08T00:00:00.000000,0,46.09,SELL
AMD,2023-06-09T00:00:00.000000,0,46.09,SELL
AMD,2023-06-12T00:00:00.000000,0,46.09,SELL
AMD,2023-06-13T00:00:00.000000,0,46.09,SELL
AMD,2023-06-14T00:00:00.000000,0,42.94,SELL
AMD,2023-06-15T00:00:00.000000,0,42.94,SELL
AMD,2023-06-16T00:00:00.000000,0,42.94,SELL
AMD,2023-06-20T00:00:00.000000,0,42.94,SELL
AMD,2023-06-21T00:00:00.000000,0,42.94,SELL
AMD,2023-06-22T00:00:00.000000,0,42.94,SELL
AMD,2023-06-23T00:00:00.000000,0,42.94,SELL
AMD,2023-06-26T00:00:00.000000,0,42.94,SELL
AMD,2023-06-27T00:00:00.000000,0,42.94,SELL
AMD,2023-06-28T00:00:00.000000,0,42.94,SELL
AMD,2023-06-29T00:00:00.000000,0,46.09,SELL
AMD,2023-06-30T00:00:00.000000,0,48.73,SELL
AMD,2023-07-03T00:00:00.000000,0,48.73,SELL
AMD,2023-07-05T00:00:00.000000,0,46.09,SELL
AMD,2023-07-06T00:00:00.000000,0,46.09,SELL
AMD,2023-07-07T00:00:00.000000,0,42.94,SELL
AMD,2023-07-10T00:00:00.000000,0,42.94,SELL
AMD,2023-07-11T00:00:00.000000,0,42.94,SELL
AMD,2023-07-12T00:00:00.000000,0,46.09,SELL
AMD,2023-07-13T00:00:00.000000,0,46.09,SELL
AMD,2023-07-14T00:00:00.000000,0,46.09,SELL
AMD,2023-07-17T00:00:00.000000,0,48.73,SELL
AMD,2023-07-18T00:00:00.000000,0,48.73,SELL
AMD,2023-07-19T00:00:00.000000,0,46.09,SELL
AMD,2023-07-20T00:00:00.000000,0,46.09,SELL
AMD,2023-07-21T00:00:00.000000,0,46.09,SELL
AMD,2023-07-24T00:00:00.000000,0,42.94,SELL
AMD,2023-07-25T00:00:00.000000,0,42.94,SELL
AMD,2023-07-26T00:00:00.000000,0,46.09,SELL
AMD,2023-07-27T00:00:00.000000,0,46.09,SELL
AMD,2023-07-28T00:00:00.000000,0,48.73,SELL
AMD,2023-07-31T00:00:00.000000,0,48.73,SELL
AMD,2023-08-01T00:00:00.000000,0,48.73,SELL
AMD,2023-08-02T00:00:00.000000,0,46.09,SELL
AMD,2023-08-03T00:00:00.000000,0,48.73,SELL
AMD,2023-08-04T00:00:00.000000,0,48.73,SELL
AMD,2023-08-07T00:00:00.000000,1,48.73,BUY
AMD,2023-08-08T00:00:00.000000,1,48.73,BUY
AMD,2023-08-09T00:00:00.000000,1,48.73,BUY
AMD,2023-08-10T00:00:00.000000,1,50.44,BUY
AMD,2023-08-11T00:00:00.000000,1,50.44,BUY
AMD,2023-08-14T00:00:00.000000,1,50.44,BUY
AMD,2023-08-15T00:00:00.000000,1,50.69,BUY
AMD,2023-08-16T00:00:00.000000,1,50.69,BUY
AMD,2023-08-17T00:00:00.000000,1,50.69,BUY
AMD,2023-08-18T00:00:00.000000,1,50.69,BUY
AMD,2023-08-21T00:00:00.000000,1,50.69,BUY
AMD,2023-08-22T00:00:00.000000,1,50.69,BUY
AMD,2023-08-23T00:00:00.000000,1,50.69,BUY
AMD,2023-08-24T00:00:00.000000,1,50.69,BUY
AMD,2023-08-25T00:00:00.000000,1,50.69,BUY
AMD,2023-08-28T00:00:00.000000,1,50.69,BUY
AMD,2023-08-29T00:00:00.000000,1,50.69,BUY
AMD,2023-08-30T00:00:00.000000,1,50.69,BUY
AMD,2023-08-31T00:00:00.000000,1,50.69,BUY
AMD,2023-09-01T00:00:00.000000,1,50.69,BUY
AMD,2023-09-05T00:00:00.000000,1,50.44,BUY
AMD,2023-09-06T00:00:00.000000,1,48.73,BUY
AMD,2023-09-07T00:00:00.000000,1,48.73,BUY
AMD,2023-09-08T00:00:00.000000,1,48.73,BUY
AMD,2023-09-11T00:00:00.000000,1,48.73,BUY
AMD,2023-09-12T00:00:00.000000,1,50.44,BUY
AMD,2023-09-13T00:00:00.000000,1,50.44,BUY
AMD,2023-09-14T00:00:00.000000,1,50.44,BUY
AMD,2023-09-15T00:00:00.000000,1,50.69,BUY
AMD,2023-09-18T00:00:00.000000,1,50.69,BUY
AMD,2023-09-19T00:00:00.000000,1,50.69,BUY
AMD,2023-09-20T00:00:00.000000,1,50.69,BUY
AMD,2023-09-21T00:00:00.000000,1,50.69,BUY
AMD,2023-09-22T00:00:00.000000,1,50.69,BUY
AMD,2023-09-25T00:00:00.000000,1,50.69,BUY
AMD,2023-09-26T00:00:00.000000,1,50.69,BUY
AMD,2023-09-27T00:00:00.000000,1,50.69,BUY
AMD,2023-09-28T00:00:00.000000,1,50.69,BUY
AMD,2023-09-29T00:00:00.000000,1,50.69,BUY
AMD,2023-10-02T00:00:00.000000,1,50.69,BUY
AMD,2023-10-03T00:00:00.000000,1,50.69,BUY
AMD,2023-10-04T00:00:00.000000,1,50.69,BUY
AMD,2023-10-05T00:00:00.000000,1,50.69,BUY
AMD,2023-10-06T00:00:00.000000,1,50.69,BUY
AMD,2023-10-09T00:00:00.000000,1,50.69,BUY
AMD,2023-10-10T00:00:00.000000,1,50.69,BUY
AMD,2023-10-11T00:00:00.000000,1,50.44,BUY
AMD,2023-10-12T00:00:00.000000,1,50.44,BUY
AMD,2023-10-13T00:00:00.000000,1,50.44,BUY
AMD,2023-10-16T00:00:00.000000,1,50.44,BUY
AMD,2023-10-17T00:00:00.000000,1,50.44,BUY
AMD,2023-10-18T00:00:00.000000,1,50.44,BUY
AMD,2023-10-19T00:00:00.000000,1,50.44,BUY
AMD,2023-10-20T00:00:00.000000,1,50.44,BUY
AMD,2023-10-23T00:00:00.000000,1,50.69,BUY
AMD,2023-10-24T00:00:00.000000,1,50.69,BUY
AMD,2023-10-25T00:00:00.000000,1,50.69,BUY
AMD,2023-10-26T00:00:00.000000,1,50.69,BUY
AMD,2023-10-27T00:00:00.000000,1,50.69,BUY
AMD,2023-10-30T00:00:00.000000,1,50.69,BUY
AMD,2023-10-31T00:00:00.000000,1,50.69,BUY
AMD,2023-11-01T00:00:00.000000,1,50.69,BUY
AMD,2023-11-02T00:00:00.000000,1,50.69,BUY
AMD,2023-11-03T00:00:00.000000,1,50.69,BUY
AMD,2023-11-06T00:00:00.000000,1,50.69,BUY
AMD,2023-11-07T00:00:00.000000,1,50.44,BUY
AMD,2023-11-08T00:00:00.000000,1,50.44,BUY
AMD,2023-11-09T00:00:00.000000,1,50.44,BUY
AMD,2023-11-10T00:00:00.000000,1,50.44,BUY
AMD,2023-11-13T00:00:00.000000,1,48.73,BUY
AMD,2023-11-14T00:00:00.000000,1,48.73,BUY
AMD,2023-11-15T00:00:00.000000,1,48.73,BUY
AMD,2023-11-16T00:00:00.000000,1,48.73,BUY
AMD,2023-11-17T00:00:00.000000,0,48.73,SELL
AMD,2023-11-20T00:00:00.000000,0,48.73,SELL
AMD,2023-11-21T00:00:00.000000,0,46.09,SELL
AMD,2023-11-22T00:00:00.000000,0,46.09,SELL
AMD,2023-11-24T00:00:00.000000,0,46.09,SELL
AMD,2023-11-27T00:00:00.000000,0,46.09,SELL
AMD,2023-11-28T00:00:00.000000,0,46.09,SELL
AMD,2023-11-29T00:00:00.000000,0,42.94,SELL
AMD,2023-11-30T00:00:00.000000,0,42.94,SELL
AMD,2023-12-01T00:00:00.000000,0,42.94,SELL
AMD,2023-12-04T00:00:00.000000,0,42.94,SELL
AMD,2023-12-05T00:00:00.000000,0,42.94,SELL
AMD,2023-12-06T00:00:00.000000,0,42.94,SELL
AMD,2023-12-07T00:00:00.000000,0,42.94,SELL
AMD,2023-12-08T00:00:00.000000,0,42.94,SELL
AMD,2023-12-11T00:00:00.000000,0,42.94,SELL
AMD,2023-12-12T00:00:00.000000,0,42.94,SELL
AMD,2023-12-13T00:00:00.000000,0,42.94,SELL
AMD,2023-12-14T00:00:00.000000,0,46.09,SELL
AMD,2023-12-15T00:00:00.000000,0,46.09,SELL
AMD,2023-12-18T00:00:00.000000,0,46.09,SELL
AMD,2023-12-19T00:00:00.000000,0,46.09,SELL
AMD,2023-12-20T00:00:00.000000,0,48.73,SELL
AMD,2023-12-21T00:00:00.000000,0,48.73,SELL
AMD,2023-12-22T00:00:00.000000,0,48.73,SELL
AMD,2023-12-26T00:00:00.000000,0,46.09,SELL
AMD,2023-12-27T00:00:00.000000,0,46.09,SELL
AMD,2023-12-28T00:00:00.000000,0,46.09,SELL
AMD,2023-12-29T00:00:00.000000,0,46.09,SELL
AMD,2024-01-02T00:00:00.000000,0,46.09,SELL
AMD,2024-01-03T00:00:00.000000,0,46.09,SELL
AMD,2024-01-04T00:00:00.000000,0,46.09,SELL
AMD,2024-01-05T00:00:00.000000,0,46.09,SELL
AMD,2024-01-08T00:00:00.000000,0,42.94,SELL
AMD,2024-01-09T00:00:00.000000,0,46.09,SELL
AMD,2024-01-10T00:00:00.000000,0,46.09,SELL
AMD,2024-01-11T00:00:00.000000,0,46.09,SELL
AMD,2024-01-12T00:00:00.000000,0,46.09,SELL
AMD,2024-01-16T00:00:00.000000,0,46.09,SELL
AMD,2024-01-17T00:00:00.000000,0,46.09,SELL
AMD,2024-01-18T00:00:00.000000,0,46.09,SELL
AMD,2024-01-19T00:00:00.000000,0,48.73,SELL
AMD,2024-01-22T00:00:00.000000,1,48.73,BUY
AMD,2024-01-23T00:00:00.000000,1,48.73,BUY
AMD,2024-01-24T00:00:00.000000,1,48.73,BUY
AMD,2024-01-25T00:00:00.000000,1,48.73,BUY
AMD,2024-01-26T00:00:00.000000,0,48.73,SELL
AMD,2024-01-29T00:00:00.000000,0,48.73,SELL
AMD,2024-01-30T00:00:00.000000,0,48.73,SELL
AMD,2024-01-31T00:00:00.000000,0,48.73,SELL
AMD,2024-02-01T00:00:00.000000,0,46.09,SELL
AMD,2024-02-02T00:00:00.000000,0,46.09,SELL
AMD,2024-02-05T00:00:00.000000,0,46.09,SELL
AMD,2024-02-06T00:00:00.000000,0,46.09,SELL
AMD,2024-02-07T00:00:00.000000,0,46.09,SELL
AMD,2024-02-08T00:00:00.000000,0,46.09,SELL
AMD,2024-02-09T00:00:00.000000,0,46.09,SELL
AMD,2024-02-12T00:00:00.000000,0,46.09,SELL
AMD,2024-02-13T00:00:00.000000,0,46.09,SELL
AMD,2024-02-14T00:00:00.000000,0,48.73,SELL
AMD,2024-02-15T00:00:00.000000,0,48.73,SELL
AMD,2024-02-16T00:00:00.000000,0,48.73,SELL
AMD,2024-02-20T00:00:00.000000,0,48.73,SELL
AMD,2024-02-21T00:00:00.000000,0,46.09,SELL
AMD,2024-02-22T00:00:00.000000,0,46.09,SELL
AMD,2024-02-23T00:00:00.000000,0,46.09,SELL
AMD,2024-02-26T00:00:00.000000,0,46.09,SELL
AMD,2024-02-27T00:00:00.000000,1,48.73,BUY
AMD,2024-02-28T00:00:00.000000,1,48.73,BUY
AMD,2024-02-29T00:00:00.000000,1,48.73,BUY
AMD,2024-03-01T00:00:00.000000,0,48.73,SELL
AMD,2024-03-04T00:00:00.000000,0,46.09,SELL
AMD,2024-03-05T00:00:00.000000,0,46.09,SELL
AMD,2024-03-06T00:00:00.000000,0,48.73,SELL
AMD,2024-03-07T00:00:00.000000,1,48.73,BUY
AMD,2024-03-08T00:00:00.000000,1,48.73,BUY
AMD,2024-03-11T00:00:00.000000,0,48.73,SELL
AMD,2024-03-12T00:00:00.000000,0,48.73,SELL
AMD,2024-03-13T00:00:00.000000,0,46.09,SELL
AMD,2024-03-14T00:00:00.000000,0,46.09,SELL
AMD,2024-03-15T00:00:00.000000,0,46.09,SELL
AMD,2024-03-18T00:00:00.000000,0,46.09,SELL
AMD,2024-03-19T00:00:00.000000,0,46.09,SELL
AMD,2024-03-20T00:00:00.000000,0,48.73,SELL
AMD,2024-03-21T00:00:00.000000,1,48.73,BUY
AMD,2024-03-22T00:00:00.000000,1,50.44,BUY
AMD,2024-03-25T00:00:00.000000,1,50.44,BUY
AMD,2024-03-26T00:00:00.000000,1,50.44,BUY
AMD,2024-03-27T00:00:00.000000,1,50.44,BUY
AMD,2024-03-28T00:00:00.000000,1,50.44,BUY
AMD,2024-04-01T00:00:00.000000,1,50.44,BUY
AMD,2024-04-02T00:00:00.000000,1,48.73,BUY
AMD,2024-04-03T00:00:00.000000,1,48.73,BUY
AMD,2024-04-04T00:00:00.000000,1,48.73,BUY
AMD,2024-04-05T00:00:00.000000,1,48.73,BUY
AMD,2024-04-08T00:00:00.000000,1,50.44,BUY
AMD,2024-04-09T00:00:00.000000,1,50.44,BUY
AMD,2024-04-10T00:00:00.000000,1,50.69,BUY
AMD,2024-04-11T00:00:00.000000,1,50.69,BUY
AMD,2024-04-12T00:00:00.000000,1,50.69,BUY
AMD,2024-04-15T00:00:00.000000,1,50.69,BUY
AMD,2024-04-16T00:00:00.000000,1,50.69,BUY
AMD,2024-04-17T00:00:00.000000,1,50.69,BUY
AMD,2024-04-18T00:00:00.000000,1,50.69,BUY
AMD,2024-04-19T00:00:00.000000,1,50.69,BUY
AMD,2024-04-22T00:00:00.000000,1,50.69,BUY
AMD,2024-04-23T00:00:00.000000,1,50.69,BUY
AMD,2024-04-24T00:00:00.000000,1,50.69,BUY
AMD,2024-04-25T00:00:00.000000,1,50.69,BUY
AMD,2024-04-26T00:00:00.000000,1,50.69,BUY
AMD,2024-04-29T00:00:00.000000,1,50.69,BUY
AMD,2024-04-30T00:00:00.000000,1,50.69,BUY
AMD,2024-05-01T00:00:00.000000,1,50.69,BUY
AMD,2024-05-02T00:00:00.000000,1,50.69,BUY
AMD,2024-05-03T00:00:00.000000,1,50.69,BUY
AMD,2024-05-06T00:00:00.000000,1,50.69,BUY
AMD,2024-05-07T00:00:00.000000,1,58.57,BUY
AMD,2024-05-08T00:00:00.000000,1,65.85,BUY
AMD,2024-05-09T00:00:00.000000,1,58.57,BUY
AMD,2024-05-10T00:00:00.000000,1,58.57,BUY
AMD,2024-05-13T00:00:00.000000,1,50.69,BUY
AMD,2024-05-14T00:00:00.000000,1,50.69,BUY
AMD,2024-05-15T00:00:00.000000,1,48.73,BUY
AMD,2024-05-16T00:00:00.000000,1,48.73,BUY
AMD,2024-05-17T00:00:00.000000,1,50.44,BUY
AMD,2024-05-20T00:00:00.000000,1,50.44,BUY
AMD,2024-05-21T00:00:00.000000,1,50.44,BUY
AMD,2024-05-22T00:00:00.000000,1,48.73,BUY
AMD,2024-05-23T00:00:00.000000,1,48.73,BUY
AMD,2024-05-24T00:00:00.000000,1,48.73,BUY
AMD,2024-05-28T00:00:00.000000,1,48.73,BUY
AMD,2024-05-29T00:00:00.000000,1,48.73,BUY
AMD,2024-05-30T00:00:00.000000,1,48.73,BUY
AMD,2024-05-31T00:00:00.000000,1,50.44,BUY
AMD,2024-06-03T00:00:00.000000,1,50.44,BUY
AMD,2024-06-04T00:00:00.000000,1,50.44,BUY
AMD,2024-06-05T00:00:00.000000,1,50.44,BUY
AMD,2024-06-06T00:00:00.000000,1,48.73,BUY
AMD,2024-06-07T00:00:00.000000,1,48.73,BUY
AMD,2024-06-10T00:00:00.000000,1,48.73,BUY
AMD,2024-06-11T00:00:00.000000,1,50.44,BUY
AMD,2024-06-12T00:00:00.000000,1,50.44,BUY
AMD,2024-06-13T00:00:00.000000,1,50.44,BUY
AMD,2024-06-14T00:00:00.000000,1,50.44,BUY
AMD,2024-06-17T00:00:00.000000,1,50.44,BUY
AMD,2024-06-18T00:00:00.000000,1,50.44,BUY
AMD,2024-06-20T00:00:00.000000,1,50.69,BUY
AMD,2024-06-21T00:00:00.000000,1,50.69,BUY
AMD,2024-06-24T00:00:00.000000,1,50.69,BUY
AMD,2024-06-25T00:00:00.000000,1,50.69,BUY
AMD,2024-06-26T00:00:00.000000,1,50.44,BUY
AMD,2024-06-27T00:00:00.000000,1,50.44,BUY
AMD,2024-06-28T00:00:00.000000,1,48.73,BUY
AMD,2024-07-01T00:00:00.000000,1,48.73,BUY
AMD,2024-07-02T00:00:00.000000,1,48.73,BUY
AMD,2024-07-03T00:00:00.000000,1,50.44,BUY
AMD,2024-07-05T00:00:00.000000,1,50.69,BUY
AMD,2024-07-08T00:00:00.000000,1,50.69,BUY
AMD,2024-07-09T00:00:00.000000,1,50.69,BUY
AMD,2024-07-10T00:00:00.000000,1,50.69,BUY
AMD,2024-07-11T00:00:00.000000,1,50.44,BUY
AMD,2024-07-12T00:00:00.000000,1,50.44,BUY
AMD,2024-07-15T00:00:00.000000,1,48.73,BUY
AMD,2024-07-16T00:00:00.000000,1,48.73,BUY
AMD,2024-07-17T00:00:00.000000,1,48.73,BUY
AMD,2024-07-18T00:00:00.000000,0,48.73,SELL
AMD,2024-07-19T00:00:00.000000,0,46.09,SELL
AMD,2024-07-22T00:00:00.000000,0,46.09,SELL
AMD,2024-07-23T00:00:00.000000,0,46.09,SELL
AMD,2024-07-24T00:00:00.000000,1,48.73,BUY
AMD,2024-07-25T00:00:00.000000,1,50.69,BUY
AMD,2024-07-26T00:00:00.000000,1,50.69,BUY
AMD,2024-07-29T00:00:00.000000,1,50.69,BUY
AMD,2024-07-30T00:00:00.000000,1,50.69,BUY
AMD,2024-07-31T00:00:00.000000,1,50.69,BUY
AMD,2024-08-01T00:00:00.000000,1,50.69,BUY
AMD,2024-08-02T00:00:00.000000,1,50.44,BUY
AMD,2024-08-05T00:00:00.000000,1,50.44,BUY
AMD,2024-08-06T00:00:00.000000,1,50.69,BUY
AMD,2024-08-07T00:00:00.000000,1,50.44,BUY
AMD,2024-08-08T00:00:00.000000,1,48.73,BUY
AMD,2024-08-09T00:00:00.000000,1,48.75,BUY
AMD,2024-08-12T00:00:00.000000,1,50.44,BUY
AMD,2024-08-13T00:00:00.000000,1,50.44,BUY
AMD,2024-08-14T00:00:00.000000,1,50.44,BUY
AMD,2024-08-15T00:00:00.000000,1,48.73,BUY
AMD,2024-08-16T00:00:00.000000,0,46.09,SELL
AMD,2024-08-19T00:00:00.000000,0,46.09,SELL
AMD,2024-08-20T00:00:00.000000,0,46.09,SELL
AMD,2024-08-21T00:00:00.000000,0,46.09,SELL
AMD,2024-08-22T00:00:00.000000,0,48.73,SELL
AMD,2024-08-23T00:00:00.000000,0,48.73,SELL
AMD,2024-08-26T00:00:00.000000,0,48.73,SELL
AMD,2024-08-27T00:00:00.000000,0,48.73,SELL
AMD,2024-08-28T00:00:00.000000,0,48.73,SELL
AMD,2024-08-29T00:00:00.000000,0,48.73,SELL
AMD,2024-08-30T00:00:00.000000,0,48.73,SELL
AMD,2024-09-03T00:00:00.000000,1,48.73,BUY
AMD,2024-09-04T00:00:00.000000,1,48.73,BUY
AMD,2024-09-05T00:00:00.000000,1,50.44,BUY
AMD,2024-09-06T00:00:00.000000,1,50.44,BUY
AMD,2024-09-09T00:00:00.000000,1,50.69,BUY
AMD,2024-09-10T00:00:00.000000,1,50.69,BUY
AMD,2024-09-11T00:00:00.000000,1,50.69,BUY
AMD,2024-09-12T00:00:00.000000,1,50.69,BUY
AMD,2024-09-13T00:00:00.000000,1,50.69,BUY
AMD,2024-09-16T00:00:00.000000,1,50.69,BUY
AMD,2024-09-17T00:00:00.000000,1,50.44,BUY
AMD,2024-09-18T00:00:00.000000,1,50.44,BUY
AMD,2024-09-19T00:00:00.000000,1,50.44,BUY
AMD,2024-09-20T00:00:00.000000,1,50.44,BUY
AMD,2024-09-23T00:00:00.000000,1,50.44,BUY
AMD,2024-09-24T00:00:00.000000,1,50.44,BUY
AMD,2024-09-25T00:00:00.000000,1,48.73,BUY
AMD,2024-09-26T00:00:00.000000,1,48.73,BUY
AMD,2024-09-27T00:00:00.000000,1,48.73,BUY
AMD,2024-09-30T00:00:00.000000,1,48.73,BUY
AMD,2024-10-01T00:00:00.000000,1,48.73,BUY
AMD,2024-10-02T00:00:00.000000,1,48.73,BUY
AMD,2024-10-03T00:00:00.000000,1,48.73,BUY
AMD,2024-10-04T00:00:00.000000,0,48.73,SELL
AMD,2024-10-07T00:00:00.000000,0,48.73,SELL
AMD,2024-10-08T00:00:00.000000,0,48.73,SELL
AMD,2024-10-09T00:00:00.000000,1,48.73,BUY
AMD,2024-10-10T00:00:00.000000,1,48.73,BUY
AMD,2024-10-11T00:00:00.000000,1,48.73,BUY
AMD,2024-10-14T00:00:00.000000,0,48.73,SELL
AMD,2024-10-15T00:00:00.000000,0,46.09,SELL
AMD,2024-10-16T00:00:00.000000,0,46.09,SELL
AMD,2024-10-17T00:00:00.000000,0,46.09,SELL
AMD,2024-10-18T00:00:00.000000,0,46.09,SELL
AMD,2024-10-21T00:00:00.000000,0,48.73,SELL
AMD,2024-10-22T00:00:00.000000,0,48.73,SELL
AMD,2024-10-23T00:00:00.000000,0,48.73,SELL
AMD,2024-10-24T00:00:00.000000,1,48.73,BUY
AMD,2024-10-25T00:00:00.000000,1,48.73,BUY
AMD,2024-10-28T00:00:00.000000,1,48.73,BUY
AMD,2024-10-29T00:00:00.000000,1,48.73,BUY
AMD,2024-10-30T00:00:00.000000,1,48.73,BUY
AMD,2024-10-31T00:00:00.000000,1,48.73,BUY
AMD,2024-11-01T00:00:00.000000,1,48.73,BUY
AMD,2024-11-04T00:00:00.000000,1,48.73,BUY
AMD,2024-11-05T00:00:00.000000,1,48.73,BUY
AMD,2024-11-06T00:00:00.000000,1,50.44,BUY
AMD,2024-11-07T00:00:00.000000,1,50.44,BUY
AMD,2024-11-08T00:00:00.000000,1,48.73,BUY
AMD,2024-11-11T00:00:00.000000,1,48.73,BUY
AMD,2024-11-12T00:00:00.000000,1,48.73,BUY
AMD,2024-11-13T00:00:00.000000,0,46.09,SELL
AMD,2024-11-14T00:00:00.000000,0,46.09,SELL
AMD,2024-11-15T00:00:00.000000,0,42.94,SELL
AMD,2024-11-18T00:00:00.000000,0,42.94,SELL
AMD,2024-11-19T00:00:00.000000,0,46.09,SELL
AMD,2024-11-20T00:00:00.000000,0,46.09,SELL
AMD,2024-11-21T00:00:00.000000,0,48.73,SELL
AMD,2024-11-22T00:00:00.000000,0,46.09,SELL
AMD,2024-11-25T00:00:00.000000,0,42.94,SELL
AMD,2024-11-26T00:00:00.000000,0,46.09,SELL
AMD,2024-11-27T00:00:00.000000,0,48.73,SELL
AMD,2024-11-29T00:00:00.000000,0,46.09,SELL
AMD,2024-12-02T00:00:00.000000,0,48.73,SELL
AMD,2024-12-03T00:00:00.000000,0,48.73,SELL
AMD,2024-12-04T00:00:00.000000,0,46.09,SELL
AMD,2024-12-05T00:00:00.000000,0,42.94,SELL
AMD,2024-12-06T00:00:00.000000,0,42.94,SELL
AMD,2024-12-09T00:00:00.000000,0,46.09,SELL
AMD,2024-12-10T00:00:00.000000,0,46.09,SELL
AMD,2024-12-11T00:00:00.000000,0,48.73,SELL
AMD,2024-12-12T00:00:00.000000,1,48.73,BUY
AMD,2024-12-13T00:00:00.000000,1,50.44,BUY
AMD,2024-12-16T00:00:00.000000,1,50.69,BUY
AMD,2024-12-17T00:00:00.000000,1,50.69,BUY
AMD,2024-12-18T00:00:00.000000,1,50.69,BUY
AMD,2024-12-19T00:00:00.000000,1,50.69,BUY
AMD,2024-12-20T00:00:00.000000,1,50.69,BUY
AMZN,2023-02-21T00:00:00.000000,1,50.44,BUY
AMZN,2023-02-22T00:00:00.000000,1,50.69,BUY
AMZN,2023-02-23T00:00:00.000000,1,50.69,BUY
AMZN,2023-02-24T00:00:00.000000,1,50.69,BUY
AMZN,2023-02-27T00:00:00.000000,1,50.69,BUY
AMZN,2023-02-28T00:00:00.000000,1,50.69,BUY
AMZN,2023-03-01T00:00:00.000000,1,50.69,BUY
AMZN,2023-03-02T00:00:00.000000,1,50.69,BUY
AMZN,2023-03-03T00:00:00.000000,1,50.69,BUY
AMZN,2023-03-06T00:00:00.000000,1,50.69,BUY
AMZN,2023-03-07T00:00:00.000000,1,50.69,BUY
AMZN,2023-03-08T00:00:00.000000,1,50.69,BUY
AMZN,2023-03-09T00:00:00.000000,1,50.69,BUY
AMZN,2023-03-10T00:00:00.000000,1,50.69,BUY
AMZN,2023-03-13T00:00:00.000000,1,50.69,BUY
AMZN,2023-03-14T00:00:00.000000,1,50.69,BUY
AMZN,2023-03-15T00:00:00.000000,1,50.69,BUY
AMZN,2023-03-16T00:00:00.000000,1,50.69,BUY
AMZN,2023-03-17T00:00:00.000000,1,50.69,BUY
AMZN,2023-03-20T00:00:00.000000,1,50.69,BUY
AMZN,2023-03-21T00:00:00.000000,1,50.69,BUY
AMZN,2023-03-22T00:00:00.000000,1,50.69,BUY
AMZN,2023-03-23T00:00:00.000000,1,50.69,BUY
AMZN,2023-03-24T00:00:00.000000,1,50.69,BUY
AMZN,2023-03-27T00:00:00.000000,1,50.69,BUY
AMZN,2023-03-28T00:00:00.000000,1,50.69,BUY
AMZN,2023-03-29T00:00:00.000000,1,50.69,BUY
AMZN,2023-03-30T00:00:00.000000,1,50.69,BUY
AMZN,2023-03-31T00:00:00.000000,1,50.69,BUY
AMZN,2023-04-03T00:00:00.000000,1,50.44,BUY
AMZN,2023-04-04T00:00:00.000000,1,50.44,BUY
AMZN,2023-04-05T00:00:00.000000,1,50.44,BUY
AMZN,2023-04-06T00:00:00.000000,1,48.73,BUY
AMZN,2023-04-10T00:00:00.000000,1,48.73,BUY
AMZN,2023-04-11T00:00:00.000000,1,48.73,BUY
AMZN,2023-04-12T00:00:00.000000,1,48.73,BUY
AMZN,2023-04-13T00:00:00.000000,1,48.73,BUY
AMZN,2023-04-14T00:00:00.000000,1,48.73,BUY
AMZN,2023-04-17T00:00:00.000000,1,48.73,BUY
AMZN,2023-04-18T00:00:00.000000,1,48.73,BUY
AMZN,2023-04-19T00:00:00.000000,1,48.73,BUY
AMZN,2023-04-20T00:00:00.000000,1,48.73,BUY
AMZN,2023-04-21T00:00:00.000000,1,48.73,BUY
AMZN,2023-04-24T00:00:00.000000,1,50.44,BUY
AMZN,2023-04-25T00:00:00.000000,1,50.44,BUY
AMZN,2023-04-26T00:00:00.000000,1,50.44,BUY
AMZN,2023-04-27T00:00:00.000000,1,50.44,BUY
AMZN,2023-04-28T00:00:00.000000,1,50.44,BUY
AMZN,2023-05-01T00:00:00.000000,1,50.44,BUY
AMZN,2023-05-02T00:00:00.000000,1,50.44,BUY
AMZN,2023-05-03T00:00:00.000000,1,50.44,BUY
AMZN,2023-05-04T00:00:00.000000,1,50.44,BUY
AMZN,2023-05-05T00:00:00.000000,1,50.69,BUY
AMZN,2023-05-08T00:00:00.000000,1,50.69,BUY
AMZN,2023-05-09T00:00:00.000000,1,50.69,BUY
AMZN,2023-05-10T00:00:00.000000,1,50.44,BUY
AMZN,2023-05-11T00:00:00.000000,1,48.73,BUY
AMZN,2023-05-12T00:00:00.000000,1,48.73,BUY
AMZN,2023-05-15T00:00:00.000000,1,48.73,BUY
AMZN,2023-05-16T00:00:00.000000,1,48.73,BUY
AMZN,2023-05-17T00:00:00.000000,1,48.73,BUY
AMZN,2023-05-18T00:00:00.000000,1,48.73,BUY
AMZN,2023-05-19T00:00:00.000000,1,48.73,BUY
AMZN,2023-05-22T00:00:00.000000,1,48.73,BUY
AMZN,2023-05-23T00:00:00.000000,1,48.73,BUY
AMZN,2023-05-24T00:00:00.000000,1,48.73,BUY
AMZN,2023-05-25T00:00:00.000000,1,48.73,BUY
AMZN,2023-05-26T00:00:00.000000,1,48.73,BUY
AMZN,2023-05-30T00:00:00.000000,1,48.73,BUY
AMZN,2023-05-31T00:00:00.000000,1,48.73,BUY
AMZN,2023-06-01T00:00:00.000000,1,50.44,BUY
AMZN,2023-06-02T00:00:00.000000,1,50.44,BUY
AMZN,2023-06-05T00:00:00.000000,1,50.44,BUY
AMZN,2023-06-06T00:00:00.000000,1,50.44,BUY
AMZN,2023-06-07T00:00:00.000000,1,48.73,BUY
AMZN,2023-06-08T00:00:00.000000,1,48.73,BUY
AMZN,2023-06-09T00:00:00.000000,0,48.73,SELL
AMZN,2023-06-12T00:00:00.000000,0,46.09,SELL
AMZN,2023-06-13T00:00:00.000000,0,46.09,SELL
AMZN,2023-06-14T00:00:00.000000,0,42.94,SELL
AMZN,2023-06-15T00:00:00.000000,0,42.94,SELL
AMZN,2023-06-16T00:00:00.000000,0,42.94,SELL
AMZN,2023-06-20T00:00:00.000000,0,42.94,SELL
AMZN,2023-06-21T00:00:00.000000,0,42.94,SELL
AMZN,2023-06-22T00:00:00.000000,0,42.94,SELL
AMZN,2023-06-23T00:00:00.000000,0,42.94,SELL
AMZN,2023-06-26T00:00:00.000000,0,42.94,SELL
AMZN,2023-06-27T00:00:00.000000,0,46.09,SELL
AMZN,2023-06-28T00:00:00.000000,0,46.09,SELL
AMZN,2023-06-29T00:00:00.000000,0,46.09,SELL
AMZN,2023-06-30T00:00:00.000000,0,46.09,SELL
AMZN,2023-07-03T00:00:00.000000,0,46.09,SELL
AMZN,2023-07-05T00:00:00.000000,0,46.09,SELL
AMZN,2023-07-06T00:00:00.000000,0,46.09,SELL
AMZN,2023-07-07T00:00:00.000000,0,48.73,SELL
AMZN,2023-07-10T00:00:00.000000,0,48.73,SELL
AMZN,2023-07-11T00:00:00.000000,0,48.73,SELL
AMZN,2023-07-12T00:00:00.000000,0,46.09,SELL
AMZN,2023-07-13T00:00:00.000000,0,46.09,SELL
AMZN,2023-07-14T00:00:00.000000,0,46.09,SELL
AMZN,2023-07-17T00:00:00.000000,0,46.09,SELL
AMZN,2023-07-18T00:00:00.000000,0,46.09,SELL
AMZN,2023-07-19T00:00:00.000000,0,46.09,SELL
AMZN,2023-07-20T00:00:00.000000,0,42.94,SELL
AMZN,2023-07-21T00:00:00.000000,0,42.94,SELL
AMZN,2023-07-24T00:00:00.000000,0,42.94,SELL
AMZN,2023-07-25T00:00:00.000000,0,42.94,SELL
AMZN,2023-07-26T00:00:00.000000,0,42.94,SELL
AMZN,2023-07-27T00:00:00.000000,0,42.94,SELL
AMZN,2023-07-28T00:00:00.000000,0,42.94,SELL
AMZN,2023-07-31T00:00:00.000000,0,42.94,SELL
AMZN,2023-08-01T00:00:00.000000,0,42.94,SELL
AMZN,2023-08-02T00:00:00.000000,0,42.94,SELL
AMZN,2023-08-03T00:00:00.000000,0,42.94,SELL
AMZN,2023-08-04T00:00:00.000000,0,42.94,SELL
AMZN,2023-08-07T00:00:00.000000,0,46.09,SELL
AMZN,2023-08-08T00:00:00.000000,0,46.09,SELL
AMZN,2023-08-09T00:00:00.000000,0,48.73,SELL
AMZN,2023-08-10T00:00:00.000000,1,48.73,BUY
AMZN,2023-08-11T00:00:00.000000,1,48.73,BUY
AMZN,2023-08-14T00:00:00.000000,1,50.44,BUY
AMZN,2023-08-15T00:00:00.000000,1,50.44,BUY
AMZN,2023-08-16T00:00:00.000000,1,50.44,BUY
AMZN,2023-08-17T00:00:00.000000,1,50.44,BUY
AMZN,2023-08-18T00:00:00.000000,1,50.0,BUY
AMZN,2023-08-21T00:00:00.000000,1,50.44,BUY
AMZN,2023-08-22T00:00:00.000000,1,50.44,BUY
AMZN,2023-08-23T00:00:00.000000,1,50.44,BUY
AMZN,2023-08-24T00:00:00.000000,1,50.44,BUY
AMZN,2023-08-25T00:00:00.000000,1,50.69,BUY
AMZN,2023-08-28T00:00:00.000000,1,50.69,BUY
AMZN,2023-08-29T00:00:00.000000,1,50.69,BUY
AMZN,2023-08-30T00:00:00.000000,1,50.44,BUY
AMZN,2023-08-31T00:00:00.000000,1,48.73,BUY
AMZN,2023-09-01T00:00:00.000000,0,48.73,SELL
AMZN,2023-09-05T00:00:00.000000,0,48.73,SELL
AMZN,2023-09-06T00:00:00.000000,0,48.73,SELL
AMZN,2023-09-07T00:00:00.000000,1,48.73,BUY
AMZN,2023-09-08T00:00:00.000000,1,48.73,BUY
AMZN,2023-09-11T00:00:00.000000,1,48.73,BUY
AMZN,2023-09-12T00:00:00.000000,1,48.73,BUY
AMZN,2023-09-13T00:00:00.000000,1,50.44,BUY
AMZN,2023-09-14T00:00:00.000000,1,50.44,BUY
AMZN,2023-09-15T00:00:00.000000,1,50.44,BUY
AMZN,2023-09-18T00:00:00.000000,1,50.69,BUY
AMZN,2023-09-19T00:00:00.000000,1,50.69,BUY
AMZN,2023-09-20T00:00:00.000000,1,50.69,BUY
AMZN,2023-09-21T00:00:00.000000,1,50.69,BUY
AMZN,2023-09-22T00:00:00.000000,1,50.69,BUY
AMZN,2023-09-25T00:00:00.000000,1,50.69,BUY
AMZN,2023-09-26T00:00:00.000000,1,50.69,BUY
AMZN,2023-09-27T00:00:00.000000,1,50.69,BUY
AMZN,2023-09-28T00:00:00.000000,1,50.69,BUY
AMZN,2023-09-29T00:00:00.000000,1,50.69,BUY
AMZN,2023-10-02T00:00:00.000000,1,50.69,BUY
AMZN,2023-10-03T00:00:00.000000,1,50.69,BUY
AMZN,2023-10-04T00:00:00.000000,1,50.69,BUY
AMZN,2023-10-05T00:00:00.000000,1,50.69,BUY
AMZN,2023-10-06T00:00:00.000000,1,50.69,BUY
AMZN,2023-10-09T00:00:00.000000,1,50.69,BUY
AMZN,2023-10-10T00:00:00.000000,1,50.69,BUY
AMZN,2023-10-11T00:00:00.000000,1,50.69,BUY
AMZN,2023-10-12T00:00:00.000000,1,50.44,BUY
AMZN,2023-10-13T00:00:00.000000,1,50.44,BUY
AMZN,2023-10-16T00:00:00.000000,1,48.73,BUY
AMZN,2023-10-17T00:00:00.000000,1,48.73,BUY
AMZN,2023-10-18T00:00:00.000000,1,48.73,BUY
AMZN,2023-10-19T00:00:00.000000,1,48.73,BUY
AMZN,2023-10-20T00:00:00.000000,1,48.73,BUY
AMZN,2023-10-23T00:00:00.000000,1,50.44,BUY
AMZN,2023-10-24T00:00:00.000000,1,50.69,BUY
AMZN,2023-10-25T00:00:00.000000,1,50.69,BUY
AMZN,2023-10-26T00:00:00.000000,1,50.69,BUY
AMZN,2023-10-27T00:00:00.000000,1,50.69,BUY
AMZN,2023-10-30T00:00:00.000000,1,50.69,BUY
AMZN,2023-10-31T00:00:00.000000,1,50.69,BUY
AMZN,2023-11-01T00:00:00.000000,1,50.69,BUY
AMZN,2023-11-02T00:00:00.000000,1,50.69,BUY
AMZN,2023-11-03T00:00:00.000000,1,50.69,BUY
AMZN,2023-11-06T00:00:00.000000,1,50.69,BUY
AMZN,2023-11-07T00:00:00.000000,1,50.69,BUY
AMZN,2023-11-08T00:00:00.000000,1,50.44,BUY
AMZN,2023-11-09T00:00:00.000000,1,50.44,BUY
AMZN,2023-11-10T00:00:00.000000,1,50.44,BUY
AMZN,2023-11-13T00:00:00.000000,1,48.73,BUY
AMZN,2023-11-14T00:00:00.000000,1,48.73,BUY
AMZN,2023-11-15T00:00:00.000000,1,48.73,BUY
AMZN,2023-11-16T00:00:00.000000,0,48.73,SELL
AMZN,2023-11-17T00:00:00.000000,0,46.09,SELL
AMZN,2023-11-20T00:00:00.000000,0,46.09,SELL
AMZN,2023-11-21T00:00:00.000000,0,46.09,SELL
AMZN,2023-11-22T00:00:00.000000,0,48.73,SELL
AMZN,2023-11-24T00:00:00.000000,0,48.73,SELL
AMZN,2023-11-27T00:00:00.000000,0,48.73,SELL
AMZN,2023-11-28T00:00:00.000000,0,48.73,SELL
AMZN,2023-11-29T00:00:00.000000,0,46.09,SELL
AMZN,2023-11-30T00:00:00.000000,0,46.09,SELL
AMZN,2023-12-01T00:00:00.000000,0,46.09,SELL
AMZN,2023-12-04T00:00:00.000000,0,46.09,SELL
AMZN,2023-12-05T00:00:00.000000,0,48.73,SELL
AMZN,2023-12-06T00:00:00.000000,1,48.73,BUY
AMZN,2023-12-07T00:00:00.000000,1,50.44,BUY
AMZN,2023-12-08T00:00:00.000000,1,50.44,BUY
AMZN,2023-12-11T00:00:00.000000,1,50.44,BUY
AMZN,2023-12-12T00:00:00.000000,1,50.44,BUY
AMZN,2023-12-13T00:00:00.000000,1,48.73,BUY
AMZN,2023-12-14T00:00:00.000000,1,48.73,BUY
AMZN,2023-12-15T00:00:00.000000,1,48.73,BUY
AMZN,2023-12-18T00:00:00.000000,1,50.44,BUY
AMZN,2023-12-19T00:00:00.000000,1,50.44,BUY
AMZN,2023-12-20T00:00:00.000000,1,50.44,BUY
AMZN,2023-12-21T00:00:00.000000,1,50.44,BUY
AMZN,2023-12-22T00:00:00.000000,1,48.73,BUY
AMZN,2023-12-26T00:00:00.000000,1,48.73,BUY
AMZN,2023-12-27T00:00:00.000000,1,48.73,BUY
AMZN,2023-12-28T00:00:00.000000,1,48.73,BUY
AMZN,2023-12-29T00:00:00.000000,1,48.73,BUY
AMZN,2024-01-02T00:00:00.000000,1,48.73,BUY
AMZN,2024-01-03T00:00:00.000000,1,48.73,BUY
AMZN,2024-01-04T00:00:00.000000,1,48.73,BUY
AMZN,2024-01-05T00:00:00.000000,1,48.73,BUY
AMZN,2024-01-08T00:00:00.000000,1,48.73,BUY
AMZN,2024-01-09T00:00:00.000000,1,48.73,BUY
AMZN,2024-01-10T00:00:00.000000,1,48.73,BUY
AMZN,2024-01-11T00:00:00.000000,1,48.73,BUY
AMZN,2024-01-12T00:00:00.000000,1,48.73,BUY
AMZN,2024-01-16T00:00:00.000000,1,48.73,BUY
AMZN,2024-01-17T00:00:00.000000,1,48.73,BUY
AMZN,2024-01-18T00:00:00.000000,0,48.73,SELL
AMZN,2024-01-19T00:00:00.000000,0,46.09,SELL
AMZN,2024-01-22T00:00:00.000000,0,46.09,SELL
AMZN,2024-01-23T00:00:00.000000,0,46.09,SELL
AMZN,2024-01-24T00:00:00.000000,0,46.09,SELL
AMZN,2024-01-25T00:00:00.000000,0,46.09,SELL
AMZN,2024-01-26T00:00:00.000000,0,46.09,SELL
AMZN,2024-01-29T00:00:00.000000,0,46.09,SELL
AMZN,2024-01-30T00:00:00.000000,0,46.09,SELL
AMZN,2024-01-31T00:00:00.000000,0,46.09,SELL
AMZN,2024-02-01T00:00:00.000000,0,46.09,SELL
AMZN,2024-02-02T00:00:00.000000,0,46.09,SELL
AMZN,2024-02-05T00:00:00.000000,0,46.09,SELL
AMZN,2024-02-06T00:00:00.000000,0,48.73,SELL
AMZN,2024-02-07T00:00:00.000000,0,48.73,SELL
AMZN,2024-02-08T00:00:00.000000,1,48.73,BUY
AMZN,2024-02-09T00:00:00.000000,1,50.44,BUY
AMZN,2024-02-12T00:00:00.000000,1,50.44,BUY
AMZN,2024-02-13T00:00:00.000000,1,50.44,BUY
AMZN,2024-02-14T00:00:00.000000,1,50.44,BUY
AMZN,2024-02-15T00:00:00.000000,1,50.44,BUY
AMZN,2024-02-16T00:00:00.000000,1,50.44,BUY
AMZN,2024-02-20T00:00:00.000000,1,50.44,BUY
AMZN,2024-02-21T00:00:00.000000,1,50.44,BUY
AMZN,2024-02-22T00:00:00.000000,1,50.44,BUY
AMZN,2024-02-23T00:00:00.000000,1,50.44,BUY
AMZN,2024-02-26T00:00:00.000000,1,50.44,BUY
AMZN,2024-02-27T00:00:00.000000,1,50.44,BUY
AMZN,2024-02-28T00:00:00.000000,1,50.44,BUY
AMZN,2024-02-29T00:00:00.000000,1,48.73,BUY
AMZN,2024-03-01T00:00:00.000000,1,48.73,BUY
AMZN,2024-03-04T00:00:00.000000,1,48.73,BUY
AMZN,2024-03-05T00:00:00.000000,1,48.73,BUY
AMZN,2024-03-06T00:00:00.000000,1,50.44,BUY
AMZN,2024-03-07T00:00:00.000000,1,50.44,BUY
AMZN,2024-03-08T00:00:00.000000,1,50.44,BUY
AMZN,2024-03-11T00:00:00.000000,1,48.73,BUY
AMZN,2024-03-12T00:00:00.000000,1,48.73,BUY
AMZN,2024-03-13T00:00:00.000000,1,48.73,BUY
AMZN,2024-03-14T00:00:00.000000,1,48.73,BUY
AMZN,2024-03-15T00:00:00.000000,0,48.73,SELL
AMZN,2024-03-18T00:00:00.000000,0,48.73,SELL
AMZN,2024-03-19T00:00:00.000000,0,48.73,SELL
AMZN,2024-03-20T00:00:00.000000,0,46.09,SELL
AMZN,2024-03-21T00:00:00.000000,0,42.94,SELL
AMZN,2024-03-22T00:00:00.000000,0,42.94,SELL
AMZN,2024-03-25T00:00:00.000000,0,42.94,SELL
AMZN,2024-03-26T00:00:00.000000,0,42.94,SELL
AMZN,2024-03-27T00:00:00.000000,0,42.94,SELL
AMZN,2024-03-28T00:00:00.000000,0,42.94,SELL
AMZN,2024-04-01T00:00:00.000000,0,42.94,SELL
AMZN,2024-04-02T00:00:00.000000,0,42.94,SELL
AMZN,2024-04-03T00:00:00.000000,0,42.94,SELL
AMZN,2024-04-04T00:00:00.000000,0,42.94,SELL
AMZN,2024-04-05T00:00:00.000000,0,46.09,SELL
AMZN,2024-04-08T00:00:00.000000,0,46.09,SELL
AMZN,2024-04-09T00:00:00.000000,0,48.73,SELL
AMZN,2024-04-10T00:00:00.000000,0,48.73,SELL
AMZN,2024-04-11T00:00:00.000000,1,48.73,BUY
AMZN,2024-04-12T00:00:00.000000,1,48.73,BUY
AMZN,2024-04-15T00:00:00.000000,1,48.73,BUY
AMZN,2024-04-16T00:00:00.000000,1,48.73,BUY
AMZN,2024-04-17T00:00:00.000000,1,50.44,BUY
AMZN,2024-04-18T00:00:00.000000,1,50.44,BUY
AMZN,2024-04-19T00:00:00.000000,1,50.44,BUY
AMZN,2024-04-22T00:00:00.000000,1,50.44,BUY
AMZN,2024-04-23T00:00:00.000000,1,50.44,BUY
AMZN,2024-04-24T00:00:00.000000,1,50.44,BUY
AMZN,2024-04-25T00:00:00.000000,1,50.69,BUY
AMZN,2024-04-26T00:00:00.000000,1,50.69,BUY
AMZN,2024-04-29T00:00:00.000000,1,50.69,BUY
AMZN,2024-04-30T00:00:00.000000,1,50.69,BUY
AMZN,2024-05-01T00:00:00.000000,1,50.69,BUY
AMZN,2024-05-02T00:00:00.000000,1,50.44,BUY
AMZN,2024-05-03T00:00:00.000000,1,50.44,BUY
AMZN,2024-05-06T00:00:00.000000,1,50.44,BUY
AMZN,2024-05-07T00:00:00.000000,1,50.44,BUY
AMZN,2024-05-08T00:00:00.000000,1,48.73,BUY
AMZN,2024-05-09T00:00:00.000000,0,48.73,SELL
AMZN,2024-05-10T00:00:00.000000,0,42.94,SELL
AMZN,2024-05-13T00:00:00.000000,0,42.94,SELL
AMZN,2024-05-14T00:00:00.000000,0,42.94,SELL
AMZN,2024-05-15T00:00:00.000000,0,42.94,SELL
AMZN,2024-05-16T00:00:00.000000,0,42.94,SELL
AMZN,2024-05-17T00:00:00.000000,0,46.09,SELL
AMZN,2024-05-20T00:00:00.000000,0,46.09,SELL
AMZN,2024-05-21T00:00:00.000000,0,46.09,SELL
AMZN,2024-05-22T00:00:00.000000,0,46.09,SELL
AMZN,2024-05-23T00:00:00.000000,0,46.09,SELL
AMZN,2024-05-24T00:00:00.000000,0,46.09,SELL
AMZN,2024-05-28T00:00:00.000000,0,48.73,SELL
AMZN,2024-05-29T00:00:00.000000,1,48.73,BUY
AMZN,2024-05-30T00:00:00.000000,1,50.44,BUY
AMZN,2024-05-31T00:00:00.000000,1,50.44,BUY
AMZN,2024-06-03T00:00:00.000000,1,50.44,BUY
AMZN,2024-06-04T00:00:00.000000,1,50.69,BUY
AMZN,2024-06-05T00:00:00.000000,1,50.69,BUY
AMZN,2024-06-06T00:00:00.000000,1,50.69,BUY
AMZN,2024-06-07T00:00:00.000000,1,50.69,BUY
AMZN,2024-06-10T00:00:00.000000,1,50.69,BUY
AMZN,2024-06-11T00:00:00.000000,1,50.69,BUY
AMZN,2024-06-12T00:00:00.000000,1,50.44,BUY
AMZN,2024-06-13T00:00:00.000000,1,50.44,BUY
AMZN,2024-06-14T00:00:00.000000,1,50.44,BUY
AMZN,2024-06-17T00:00:00.000000,1,50.44,BUY
AMZN,2024-06-18T00:00:00.000000,1,50.69,BUY
AMZN,2024-06-20T00:00:00.000000,1,50.69,BUY
AMZN,2024-06-21T00:00:00.000000,1,50.69,BUY
AMZN,2024-06-24T00:00:00.000000,1,50.69,BUY
AMZN,2024-06-25T00:00:00.000000,1,50.69,BUY
AMZN,2024-06-26T00:00:00.000000,1,50.69,BUY
AMZN,2024-06-27T00:00:00.000000,1,50.69,BUY
AMZN,2024-06-28T00:00:00.000000,1,50.69,BUY
AMZN,2024-07-01T00:00:00.000000,1,50.44,BUY
AMZN,2024-07-02T00:00:00.000000,1,50.69,BUY
AMZN,2024-07-03T00:00:00.000000,1,50.69,BUY
AMZN,2024-07-05T00:00:00.000000,1,50.69,BUY
AMZN,2024-07-08T00:00:00.000000,1,50.69,BUY
AMZN,2024-07-09T00:00:00.000000,1,50.69,BUY
AMZN,2024-07-10T00:00:00.000000,1,50.69,BUY
AMZN,2024-07-11T00:00:00.000000,1,50.44,BUY
AMZN,2024-07-12T00:00:00.000000,1,50.44,BUY
AMZN,2024-07-15T00:00:00.000000,1,50.44,BUY
AMZN,2024-07-16T00:00:00.000000,1,50.44,BUY
AMZN,2024-07-17T00:00:00.000000,1,48.73,BUY
AMZN,2024-07-18T00:00:00.000000,1,48.73,BUY
AMZN,2024-07-19T00:00:00.000000,1,48.73,BUY
AMZN,2024-07-22T00:00:00.000000,1,48.73,BUY
AMZN,2024-07-23T00:00:00.000000,1,50.44,BUY
AMZN,2024-07-24T00:00:00.000000,1,50.44,BUY
AMZN,2024-07-25T00:00:00.000000,1,50.44,BUY
AMZN,2024-07-26T00:00:00.000000,1,50.44,BUY
AMZN,2024-07-29T00:00:00.000000,1,50.44,BUY
AMZN,2024-07-30T00:00:00.000000,1,50.44,BUY
AMZN,2024-07-31T00:00:00.000000,1,50.44,BUY
AMZN,2024-08-01T00:00:00.000000,1,50.44,BUY
AMZN,2024-08-02T00:00:00.000000,1,50.69,BUY
AMZN,2024-08-05T00:00:00.000000,1,50.44,BUY
AMZN,2024-08-06T00:00:00.000000,0,48.73,SELL
AMZN,2024-08-07T00:00:00.000000,0,46.09,SELL
AMZN,2024-08-08T00:00:00.000000,0,42.94,SELL
AMZN,2024-08-09T00:00:00.000000,0,42.94,SELL
AMZN,2024-08-12T00:00:00.000000,1,48.73,BUY
AMZN,2024-08-13T00:00:00.000000,1,50.44,BUY
AMZN,2024-08-14T00:00:00.000000,1,50.44,BUY
AMZN,2024-08-15T00:00:00.000000,1,48.73,BUY
AMZN,2024-08-16T00:00:00.000000,0,42.94,SELL
AMZN,2024-08-19T00:00:00.000000,0,46.09,SELL
AMZN,2024-08-20T00:00:00.000000,0,48.73,SELL
AMZN,2024-08-21T00:00:00.000000,1,48.73,BUY
AMZN,2024-08-22T00:00:00.000000,1,48.73,BUY
AMZN,2024-08-23T00:00:00.000000,1,50.44,BUY
AMZN,2024-08-26T00:00:00.000000,1,50.44,BUY
AMZN,2024-08-27T00:00:00.000000,1,50.44,BUY
AMZN,2024-08-28T00:00:00.000000,1,50.69,BUY
AMZN,2024-08-29T00:00:00.000000,1,50.69,BUY
AMZN,2024-08-30T00:00:00.000000,1,50.69,BUY
AMZN,2024-09-03T00:00:00.000000,1,50.69,BUY
AMZN,2024-09-04T00:00:00.000000,1,50.69,BUY
AMZN,2024-09-05T00:00:00.000000,1,50.69,BUY
AMZN,2024-09-06T00:00:00.000000,1,50.69,BUY
AMZN,2024-09-09T00:00:00.000000,1,50.69,BUY
AMZN,2024-09-10T00:00:00.000000,1,50.69,BUY
AMZN,2024-09-11T00:00:00.000000,1,50.69,BUY
AMZN,2024-09-12T00:00:00.000000,1,50.69,BUY
AMZN,2024-09-13T00:00:00.000000,1,50.69,BUY
AMZN,2024-09-16T00:00:00.000000,1,50.69,BUY
AMZN,2024-09-17T00:00:00.000000,1,50.69,BUY
AMZN,2024-09-18T00:00:00.000000,1,50.69,BUY
AMZN,2024-09-19T00:00:00.000000,1,50.69,BUY
AMZN,2024-09-20T00:00:00.000000,1,50.44,BUY
AMZN,2024-09-23T00:00:00.000000,1,50.44,BUY
AMZN,2024-09-24T00:00:00.000000,1,48.73,BUY
AMZN,2024-09-25T00:00:00.000000,1,48.73,BUY
AMZN,2024-09-26T00:00:00.000000,1,48.73,BUY
AMZN,2024-09-27T00:00:00.000000,1,48.73,BUY
AMZN,2024-09-30T00:00:00.000000,1,48.73,BUY
AMZN,2024-10-01T00:00:00.000000,1,48.73,BUY
AMZN,2024-10-02T00:00:00.000000,1,48.73,BUY
AMZN,2024-10-03T00:00:00.000000,1,48.73,BUY
AMZN,2024-10-04T00:00:00.000000,1,50.44,BUY
AMZN,2024-10-07T00:00:00.000000,1,50.44,BUY
AMZN,2024-10-08T00:00:00.000000,1,50.69,BUY
AMZN,2024-10-09T00:00:00.000000,1,50.69,BUY
AMZN,2024-10-10T00:00:00.000000,1,50.69,BUY
AMZN,2024-10-11T00:00:00.000000,1,50.69,BUY
AMZN,2024-10-14T00:00:00.000000,1,50.44,BUY
AMZN,2024-10-15T00:00:00.000000,1,48.73,BUY
AMZN,2024-10-16T00:00:00.000000,0,48.73,SELL
AMZN,2024-10-17T00:00:00.000000,0,46.09,SELL
AMZN,2024-10-18T00:00:00.000000,0,46.09,SELL
AMZN,2024-10-21T00:00:00.000000,0,46.09,SELL
AMZN,2024-10-22T00:00:00.000000,0,48.73,SELL
AMZN,2024-10-23T00:00:00.000000,1,48.73,BUY
AMZN,2024-10-24T00:00:00.000000,1,48.73,BUY
AMZN,2024-10-25T00:00:00.000000,1,48.73,BUY
AMZN,2024-10-28T00:00:00.000000,1,48.73,BUY
AMZN,2024-10-29T00:00:00.000000,1,50.44,BUY
AMZN,2024-10-30T00:00:00.000000,1,50.44,BUY
AMZN,2024-10-31T00:00:00.000000,1,50.44,BUY
AMZN,2024-11-01T00:00:00.000000,1,50.44,BUY
AMZN,2024-11-04T00:00:00.000000,1,50.44,BUY
AMZN,2024-11-05T00:00:00.000000,1,50.44,BUY
AMZN,2024-11-06T00:00:00.000000,1,50.44,BUY
AMZN,2024-11-07T00:00:00.000000,1,50.44,BUY
AMZN,2024-11-08T00:00:00.000000,1,48.73,BUY
AMZN,2024-11-11T00:00:00.000000,1,48.73,BUY
AMZN,2024-11-12T00:00:00.000000,1,48.73,BUY
AMZN,2024-11-13T00:00:00.000000,1,48.73,BUY
AMZN,2024-11-14T00:00:00.000000,1,48.73,BUY
AMZN,2024-11-15T00:00:00.000000,0,48.73,SELL
AMZN,2024-11-18T00:00:00.000000,0,48.73,SELL
AMZN,2024-11-19T00:00:00.000000,0,46.09,SELL
AMZN,2024-11-20T00:00:00.000000,0,42.94,SELL
AMZN,2024-11-21T00:00:00.000000,0,42.94,SELL
AMZN,2024-11-22T00:00:00.000000,0,42.94,SELL
AMZN,2024-11-25T00:00:00.000000,0,42.94,SELL
AMZN,2024-11-26T00:00:00.000000,0,46.09,SELL
AMZN,2024-11-27T00:00:00.000000,0,46.09,SELL
AMZN,2024-11-29T00:00:00.000000,0,48.73,SELL
AMZN,2024-12-02T00:00:00.000000,0,46.09,SELL
AMZN,2024-12-03T00:00:00.000000,0,46.09,SELL
AMZN,2024-12-04T00:00:00.000000,0,46.09,SELL
AMZN,2024-12-05T00:00:00.000000,0,42.94,SELL
AMZN,2024-12-06T00:00:00.000000,0,42.94,SELL
AMZN,2024-12-09T00:00:00.000000,0,46.09,SELL
AMZN,2024-12-10T00:00:00.000000,0,48.73,SELL
AMZN,2024-12-11T00:00:00.000000,1,48.73,BUY
AMZN,2024-12-12T00:00:00.000000,1,48.73,BUY
AMZN,2024-12-13T00:00:00.000000,1,48.73,BUY
AMZN,2024-12-16T00:00:00.000000,1,48.73,BUY
AMZN,2024-12-17T00:00:00.000000,1,48.73,BUY
AMZN,2024-12-18T00:00:00.000000,1,48.73,BUY
AMZN,2024-12-19T00:00:00.000000,1,48.73,BUY
AMZN,2024-12-20T00:00:00.000000,1,48.73,BUY
BAC,2023-02-21T00:00:00.000000,1,50.44,BUY
BAC,2023-02-22T00:00:00.000000,1,50.69,BUY
BAC,2023-02-23T00:00:00.000000,1,50.69,BUY
BAC,2023-02-24T00:00:00.000000,1,50.69,BUY
BAC,2023-02-27T00:00:00.000000,1,50.69,BUY
BAC,2023-02-28T00:00:00.000000,1,50.69,BUY
BAC,2023-03-01T00:00:00.000000,1,50.69,BUY
BAC,2023-03-02T00:00:00.000000,1,50.69,BUY
BAC,2023-03-03T00:00:00.000000,1,50.69,BUY
BAC,2023-03-06T00:00:00.000000,1,50.69,BUY
BAC,2023-03-07T00:00:00.000000,1,50.69,BUY
BAC,2023-03-08T00:00:00.000000,1,50.44,BUY
BAC,2023-03-09T00:00:00.000000,1,50.44,BUY
BAC,2023-03-10T00:00:00.000000,1,48.73,BUY
BAC,2023-03-13T00:00:00.000000,0,48.73,SELL
BAC,2023-03-14T00:00:00.000000,0,39.62,SELL
BAC,2023-03-15T00:00:00.000000,0,39.62,SELL
BAC,2023-03-16T00:00:00.000000,0,39.62,SELL
BAC,2023-03-17T00:00:00.000000,0,39.62,SELL
BAC,2023-03-20T00:00:00.000000,0,39.62,SELL
BAC,2023-03-21T00:00:00.000000,0,39.62,SELL
BAC,2023-03-22T00:00:00.000000,0,39.62,SELL
BAC,2023-03-23T00:00:00.000000,0,39.62,SELL
BAC,2023-03-24T00:00:00.000000,0,39.62,SELL
BAC,2023-03-27T00:00:00.000000,0,39.62,SELL
BAC,2023-03-28T00:00:00.000000,0,39.62,SELL
BAC,2023-03-29T00:00:00.000000,0,39.62,SELL
BAC,2023-03-30T00:00:00.000000,0,39.62,SELL
BAC,2023-03-31T00:00:00.000000,0,39.62,SELL
BAC,2023-04-03T00:00:00.000000,0,39.62,SELL
BAC,2023-04-04T00:00:00.000000,0,39.62,SELL
BAC,2023-04-05T00:00:00.000000,0,39.62,SELL
BAC,2023-04-06T00:00:00.000000,0,39.62,SELL
BAC,2023-04-10T00:00:00.000000,0,39.62,SELL
BAC,2023-04-11T00:00:00.000000,0,39.62,SELL
BAC,2023-04-12T00:00:00.000000,0,39.62,SELL
BAC,2023-04-13T00:00:00.000000,0,39.62,SELL
BAC,2023-04-14T00:00:00.000000,0,40.0,SELL
BAC,2023-04-17T00:00:00.000000,0,42.94,SELL
BAC,2023-04-18T00:00:00.000000,0,42.94,SELL
BAC,2023-04-19T00:00:00.000000,0,42.94,SELL
BAC,2023-04-20T00:00:00.000000,0,42.94,SELL
BAC,2023-04-21T00:00:00.000000,0,46.09,SELL
BAC,2023-04-24T00:00:00.000000,0,48.73,SELL
BAC,2023-04-25T00:00:00.000000,1,48.73,BUY
BAC,2023-04-26T00:00:00.000000,1,48.73,BUY
BAC,2023-04-27T00:00:00.000000,1,48.73,BUY
BAC,2023-04-28T00:00:00.000000,1,48.73,BUY
BAC,2023-05-01T00:00:00.000000,1,50.44,BUY
BAC,2023-05-02T00:00:00.000000,1,50.44,BUY
BAC,2023-05-03T00:00:00.000000,1,50.69,BUY
BAC,2023-05-04T00:00:00.000000,1,50.69,BUY
BAC,2023-05-05T00:00:00.000000,1,50.69,BUY
BAC,2023-05-08T00:00:00.000000,1,50.69,BUY
BAC,2023-05-09T00:00:00.000000,1,50.69,BUY
BAC,2023-05-10T00:00:00.000000,1,50.69,BUY
BAC,2023-05-11T00:00:00.000000,1,50.44,BUY
BAC,2023-05-12T00:00:00.000000,1,48.73,BUY
BAC,2023-05-15T00:00:00.000000,0,46.09,SELL
BAC,2023-05-16T00:00:00.000000,0,42.94,SELL
BAC,2023-05-17T00:00:00.000000,0,46.09,SELL
BAC,2023-05-18T00:00:00.000000,0,46.09,SELL
BAC,2023-05-19T00:00:00.000000,0,48.73,SELL
BAC,2023-05-22T00:00:00.000000,0,48.73,SELL
BAC,2023-05-23T00:00:00.000000,0,46.09,SELL
BAC,2023-05-24T00:00:00.000000,0,46.09,SELL
BAC,2023-05-25T00:00:00.000000,0,46.09,SELL
BAC,2023-05-26T00:00:00.000000,0,46.09,SELL
BAC,2023-05-30T00:00:00.000000,0,42.94,SELL
BAC,2023-05-31T00:00:00.000000,0,42.94,SELL
BAC,2023-06-01T00:00:00.000000,0,46.09,SELL
BAC,2023-06-02T00:00:00.000000,0,46.09,SELL
BAC,2023-06-05T00:00:00.000000,0,48.73,SELL
BAC,2023-06-06T00:00:00.000000,0,48.73,SELL
BAC,2023-06-07T00:00:00.000000,0,48.73,SELL
BAC,2023-06-08T00:00:00.000000,0,46.09,SELL
BAC,2023-06-09T00:00:00.000000,0,46.09,SELL
BAC,2023-06-12T00:00:00.000000,0,46.09,SELL
BAC,2023-06-13T00:00:00.000000,0,46.09,SELL
BAC,2023-06-14T00:00:00.000000,0,46.09,SELL
BAC,2023-06-15T00:00:00.000000,0,46.09,SELL
BAC,2023-06-16T00:00:00.000000,0,48.73,SELL
BAC,2023-06-20T00:00:00.000000,0,48.73,SELL
BAC,2023-06-21T00:00:00.000000,0,48.73,SELL
BAC,2023-06-22T00:00:00.000000,0,48.73,SELL
BAC,2023-06-23T00:00:00.000000,0,48.73,SELL
BAC,2023-06-26T00:00:00.000000,0,48.73,SELL
BAC,2023-06-27T00:00:00.000000,0,48.73,SELL
BAC,2023-06-28T00:00:00.000000,0,48.73,SELL
BAC,2023-06-29T00:00:00.000000,0,48.73,SELL
BAC,2023-06-30T00:00:00.000000,0,48.73,SELL
BAC,2023-07-03T00:00:00.000000,0,48.73,SELL
BAC,2023-07-05T00:00:00.000000,0,46.09,SELL
BAC,2023-07-06T00:00:00.000000,0,46.09,SELL
BAC,2023-07-07T00:00:00.000000,0,46.09,SELL
BAC,2023-07-10T00:00:00.000000,0,42.94,SELL
BAC,2023-07-11T00:00:00.000000,0,42.94,SELL
BAC,2023-07-12T00:00:00.000000,0,42.94,SELL
BAC,2023-07-13T00:00:00.000000,0,42.94,SELL
BAC,2023-07-14T00:00:00.000000,0,42.94,SELL
BAC,2023-07-17T00:00:00.000000,0,42.94,SELL
BAC,2023-07-18T00:00:00.000000,0,42.94,SELL
BAC,2023-07-19T00:00:00.000000,0,42.94,SELL
BAC,2023-07-20T00:00:00.000000,0,42.94,SELL
BAC,2023-07-21T00:00:00.000000,0,42.94,SELL
BAC,2023-07-24T00:00:00.000000,0,42.94,SELL
BAC,2023-07-25T00:00:00.000000,0,42.94,SELL
BAC,2023-07-26T00:00:00.000000,0,42.94,SELL
BAC,2023-07-27T00:00:00.000000,0,42.94,SELL
BAC,2023-07-28T00:00:00.000000,0,46.09,SELL
BAC,2023-07-31T00:00:00.000000,0,42.94,SELL
BAC,2023-08-01T00:00:00.000000,0,42.94,SELL
BAC,2023-08-02T00:00:00.000000,0,42.94,SELL
BAC,2023-08-03T00:00:00.000000,0,42.94,SELL
BAC,2023-08-04T00:00:00.000000,0,42.94,SELL
BAC,2023-08-07T00:00:00.000000,0,46.09,SELL
BAC,2023-08-08T00:00:00.000000,0,46.09,SELL
BAC,2023-08-09T00:00:00.000000,0,48.73,SELL
BAC,2023-08-10T00:00:00.000000,1,48.73,BUY
BAC,2023-08-11T00:00:00.000000,1,48.73,BUY
BAC,2023-08-14T00:00:00.000000,1,50.44,BUY
BAC,2023-08-15T00:00:00.000000,1,50.44,BUY
BAC,2023-08-16T00:00:00.000000,1,50.44,BUY
BAC,2023-08-17T00:00:00.000000,1,50.44,BUY
BAC,2023-08-18T00:00:00.000000,1,50.44,BUY
BAC,2023-08-21T00:00:00.000000,1,50.44,BUY
BAC,2023-08-22T00:00:00.000000,1,50.44,BUY
BAC,2023-08-23T00:00:00.000000,1,50.69,BUY
BAC,2023-08-24T00:00:00.000000,1,50.44,BUY
BAC,2023-08-25T00:00:00.000000,1,50.44,BUY
BAC,2023-08-28T00:00:00.000000,1,50.44,BUY
BAC,2023-08-29T00:00:00.000000,1,50.44,BUY
BAC,2023-08-30T00:00:00.000000,1,48.73,BUY
BAC,2023-08-31T00:00:00.000000,0,46.09,SELL
BAC,2023-09-01T00:00:00.000000,0,42.94,SELL
BAC,2023-09-05T00:00:00.000000,0,42.94,SELL
BAC,2023-09-06T00:00:00.000000,0,42.94,SELL
BAC,2023-09-07T00:00:00.000000,0,42.94,SELL
BAC,2023-09-08T00:00:00.000000,0,42.94,SELL
BAC,2023-09-11T00:00:00.000000,0,42.94,SELL
BAC,2023-09-12T00:00:00.000000,0,42.94,SELL
BAC,2023-09-13T00:00:00.000000,0,42.94,SELL
BAC,2023-09-14T00:00:00.000000,0,46.09,SELL
BAC,2023-09-15T00:00:00.000000,0,46.09,SELL
BAC,2023-09-18T00:00:00.000000,0,46.09,SELL
BAC,2023-09-19T00:00:00.000000,0,46.09,SELL
BAC,2023-09-20T00:00:00.000000,0,48.73,SELL
BAC,2023-09-21T00:00:00.000000,1,48.73,BUY
BAC,2023-09-22T00:00:00.000000,1,48.73,BUY
BAC,2023-09-25T00:00:00.000000,1,48.73,BUY
BAC,2023-09-26T00:00:00.000000,1,50.44,BUY
BAC,2023-09-27T00:00:00.000000,1,50.44,BUY
BAC,2023-09-28T00:00:00.000000,1,50.44,BUY
BAC,2023-09-29T00:00:00.000000,1,50.44,BUY
BAC,2023-10-02T00:00:00.000000,1,50.69,BUY
BAC,2023-10-03T00:00:00.000000,1,50.69,BUY
BAC,2023-10-04T00:00:00.000000,1,50.69,BUY
BAC,2023-10-05T00:00:00.000000,1,50.44,BUY
BAC,2023-10-06T00:00:00.000000,1,50.44,BUY
BAC,2023-10-09T00:00:00.000000,1,48.73,BUY
BAC,2023-10-10T00:00:00.000000,1,48.73,BUY
BAC,2023-10-11T00:00:00.000000,0,48.73,SELL
BAC,2023-10-12T00:00:00.000000,0,46.09,SELL
BAC,2023-10-13T00:00:00.000000,0,42.94,SELL
BAC,2023-10-16T00:00:00.000000,0,42.94,SELL
BAC,2023-10-17T00:00:00.000000,0,42.94,SELL
BAC,2023-10-18T00:00:00.000000,0,42.94,SELL
BAC,2023-10-19T00:00:00.000000,0,42.94,SELL
BAC,2023-10-20T00:00:00.000000,0,46.09,SELL
BAC,2023-10-23T00:00:00.000000,1,48.73,BUY
BAC,2023-10-24T00:00:00.000000,1,50.44,BUY
BAC,2023-10-25T00:00:00.000000,1,50.44,BUY
BAC,2023-10-26T00:00:00.000000,1,50.44,BUY
BAC,2023-10-27T00:00:00.000000,1,50.69,BUY
BAC,2023-10-30T00:00:00.000000,1,50.69,BUY
BAC,2023-10-31T00:00:00.000000,1,50.69,BUY
BAC,2023-11-01T00:00:00.000000,1,50.69,BUY
BAC,2023-11-02T00:00:00.000000,1,50.69,BUY
BAC,2023-11-03T00:00:00.000000,1,50.44,BUY
BAC,2023-11-06T00:00:00.000000,1,50.44,BUY
BAC,2023-11-07T00:00:00.000000,1,48.73,BUY
BAC,2023-11-08T00:00:00.000000,1,48.73,BUY
BAC,2023-11-09T00:00:00.000000,1,48.73,BUY
BAC,2023-11-10T00:00:00.000000,0,48.73,SELL
BAC,2023-11-13T00:00:00.000000,0,46.09,SELL
BAC,2023-11-14T00:00:00.000000,0,42.94,SELL
BAC,2023-11-15T00:00:00.000000,0,42.94,SELL
BAC,2023-11-16T00:00:00.000000,0,42.94,SELL
BAC,2023-11-17T00:00:00.000000,0,42.94,SELL
BAC,2023-11-20T00:00:00.000000,0,42.94,SELL
BAC,2023-11-21T00:00:00.000000,0,42.94,SELL
BAC,2023-11-22T00:00:00.000000,0,42.94,SELL
BAC,2023-11-24T00:00:00.000000,0,46.09,SELL
BAC,2023-11-27T00:00:00.000000,0,42.94,SELL
BAC,2023-11-28T00:00:00.000000,0,42.94,SELL
BAC,2023-11-29T00:00:00.000000,0,42.94,SELL
BAC,2023-11-30T00:00:00.000000,0,42.94,SELL
BAC,2023-12-01T00:00:00.000000,0,42.94,SELL
BAC,2023-12-04T00:00:00.000000,0,42.94,SELL
BAC,2023-12-05T00:00:00.000000,0,46.09,SELL
BAC,2023-12-06T00:00:00.000000,0,46.09,SELL
BAC,2023-12-07T00:00:00.000000,0,48.73,SELL
BAC,2023-12-08T00:00:00.000000,0,48.73,SELL
BAC,2023-12-11T00:00:00.000000,0,48.73,SELL
BAC,2023-12-12T00:00:00.000000,0,46.09,SELL
BAC,2023-12-13T00:00:00.000000,0,46.09,SELL
BAC,2023-12-14T00:00:00.000000,0,42.94,SELL
BAC,2023-12-15T00:00:00.000000,0,42.94,SELL
BAC,2023-12-18T00:00:00.000000,0,46.09,SELL
BAC,2023-12-19T00:00:00.000000,0,46.09,SELL
BAC,2023-12-20T00:00:00.000000,0,46.09,SELL
BAC,2023-12-21T00:00:00.000000,0,46.09,SELL
BAC,2023-12-22T00:00:00.000000,0,46.09,SELL
BAC,2023-12-26T00:00:00.000000,0,42.94,SELL
BAC,2023-12-27T00:00:00.000000,0,42.94,SELL
BAC,2023-12-28T00:00:00.000000,0,42.94,SELL
BAC,2023-12-29T00:00:00.000000,0,42.94,SELL
BAC,2024-01-02T00:00:00.000000,0,42.94,SELL
BAC,2024-01-03T00:00:00.000000,0,42.94,SELL
BAC,2024-01-04T00:00:00.000000,0,42.94,SELL
BAC,2024-01-05T00:00:00.000000,0,42.94,SELL
BAC,2024-01-08T00:00:00.000000,0,46.09,SELL
BAC,2024-01-09T00:00:00.000000,0,46.09,SELL
BAC,2024-01-10T00:00:00.000000,0,46.09,SELL
BAC,2024-01-11T00:00:00.000000,0,46.09,SELL
BAC,2024-01-12T00:00:00.000000,0,42.94,SELL
BAC,2024-01-16T00:00:00.000000,0,42.94,SELL
BAC,2024-01-17T00:00:00.000000,0,42.94,SELL
BAC,2024-01-18T00:00:00.000000,0,42.94,SELL
BAC,2024-01-19T00:00:00.000000,0,42.94,SELL
BAC,2024-01-22T00:00:00.000000,0,42.94,SELL
BAC,2024-01-23T00:00:00.000000,0,42.94,SELL
BAC,2024-01-24T00:00:00.000000,0,42.94,SELL
BAC,2024-01-25T00:00:00.000000,0,42.94,SELL
BAC,2024-01-26T00:00:00.000000,0,42.94,SELL
BAC,2024-01-29T00:00:00.000000,0,42.94,SELL
BAC,2024-01-30T00:00:00.000000,0,42.94,SELL
BAC,2024-01-31T00:00:00.000000,0,46.09,SELL
BAC,2024-02-01T00:00:00.000000,0,48.73,SELL
BAC,2024-02-02T00:00:00.000000,1,48.73,BUY
BAC,2024-02-05T00:00:00.000000,1,48.73,BUY
BAC,2024-02-06T00:00:00.000000,1,48.73,BUY
BAC,2024-02-07T00:00:00.000000,1,48.73,BUY
BAC,2024-02-08T00:00:00.000000,1,48.73,BUY
BAC,2024-02-09T00:00:00.000000,1,48.73,BUY
BAC,2024-02-12T00:00:00.000000,1,50.44,BUY
BAC,2024-02-13T00:00:00.000000,1,50.69,BUY
BAC,2024-02-14T00:00:00.000000,1,50.69,BUY
BAC,2024-02-15T00:00:00.000000,1,50.69,BUY
BAC,2024-02-16T00:00:00.000000,1,48.73,BUY
BAC,2024-02-20T00:00:00.000000,1,48.73,BUY
BAC,2024-02-21T00:00:00.000000,0,46.09,SELL
BAC,2024-02-22T00:00:00.000000,0,46.09,SELL
BAC,2024-02-23T00:00:00.000000,0,46.09,SELL
BAC,2024-02-26T00:00:00.000000,0,46.09,SELL
BAC,2024-02-27T00:00:00.000000,0,46.09,SELL
BAC,2024-02-28T00:00:00.000000,0,48.73,SELL
BAC,2024-02-29T00:00:00.000000,1,48.73,BUY
BAC,2024-03-01T00:00:00.000000,1,48.73,BUY
BAC,2024-03-04T00:00:00.000000,1,48.73,BUY
BAC,2024-03-05T00:00:00.000000,1,48.73,BUY
BAC,2024-03-06T00:00:00.000000,1,48.73,BUY
BAC,2024-03-07T00:00:00.000000,1,48.73,BUY
BAC,2024-03-08T00:00:00.000000,1,50.44,BUY
BAC,2024-03-11T00:00:00.000000,1,50.44,BUY
BAC,2024-03-12T00:00:00.000000,1,50.44,BUY
BAC,2024-03-13T00:00:00.000000,1,50.44,BUY
BAC,2024-03-14T00:00:00.000000,1,50.44,BUY
BAC,2024-03-15T00:00:00.000000,1,48.73,BUY
BAC,2024-03-18T00:00:00.000000,1,48.73,BUY
BAC,2024-03-19T00:00:00.000000,1,48.73,BUY
BAC,2024-03-20T00:00:00.000000,1,48.73,BUY
BAC,2024-03-21T00:00:00.000000,0,48.73,SELL
BAC,2024-03-22T00:00:00.000000,0,48.73,SELL
BAC,2024-03-25T00:00:00.000000,0,46.09,SELL
BAC,2024-03-26T00:00:00.000000,0,46.09,SELL
BAC,2024-03-27T00:00:00.000000,0,46.09,SELL
BAC,2024-03-28T00:00:00.000000,0,42.94,SELL
BAC,2024-04-01T00:00:00.000000,0,42.94,SELL
BAC,2024-04-02T00:00:00.000000,0,42.94,SELL
BAC,2024-04-03T00:00:00.000000,0,42.94,SELL
BAC,2024-04-04T00:00:00.000000,0,42.94,SELL
BAC,2024-04-05T00:00:00.000000,0,46.09,SELL
BAC,2024-04-08T00:00:00.000000,0,46.09,SELL
BAC,2024-04-09T00:00:00.000000,0,46.09,SELL
BAC,2024-04-10T00:00:00.000000,0,46.09,SELL
BAC,2024-04-11T00:00:00.000000,0,46.09,SELL
BAC,2024-04-12T00:00:00.000000,0,46.09,SELL
BAC,2024-04-15T00:00:00.000000,0,46.09,SELL
BAC,2024-04-16T00:00:00.000000,0,48.73,SELL
BAC,2024-04-17T00:00:00.000000,0,46.09,SELL
BAC,2024-04-18T00:00:00.000000,0,46.09,SELL
BAC,2024-04-19T00:00:00.000000,0,48.73,SELL
BAC,2024-04-22T00:00:00.000000,1,48.73,BUY
BAC,2024-04-23T00:00:00.000000,1,48.73,BUY
BAC,2024-04-24T00:00:00.000000,1,50.44,BUY
BAC,2024-04-25T00:00:00.000000,1,50.44,BUY
BAC,2024-04-26T00:00:00.000000,1,50.44,BUY
BAC,2024-04-29T00:00:00.000000,1,50.44,BUY
BAC,2024-04-30T00:00:00.000000,1,50.44,BUY
BAC,2024-05-01T00:00:00.000000,1,50.44,BUY
BAC,2024-05-02T00:00:00.000000,1,50.44,BUY
BAC,2024-05-03T00:00:00.000000,1,50.44,BUY
BAC,2024-05-06T00:00:00.000000,1,50.44,BUY
BAC,2024-05-07T00:00:00.000000,1,50.44,BUY
BAC,2024-05-08T00:00:00.000000,1,48.73,BUY
BAC,2024-05-09T00:00:00.000000,0,48.73,SELL
BAC,2024-05-10T00:00:00.000000,0,42.94,SELL
BAC,2024-05-13T00:00:00.000000,0,42.94,SELL
BAC,2024-05-14T00:00:00.000000,0,42.94,SELL
BAC,2024-05-15T00:00:00.000000,0,39.62,SELL
BAC,2024-05-16T00:00:00.000000,0,39.62,SELL
BAC,2024-05-17T00:00:00.000000,0,39.62,SELL
BAC,2024-05-20T00:00:00.000000,0,39.62,SELL
BAC,2024-05-21T00:00:00.000000,0,39.62,SELL
BAC,2024-05-22T00:00:00.000000,0,42.94,SELL
BAC,2024-05-23T00:00:00.000000,0,42.94,SELL
BAC,2024-05-24T00:00:00.000000,0,42.94,SELL
BAC,2024-05-28T00:00:00.000000,0,42.94,SELL
BAC,2024-05-29T00:00:00.000000,0,42.94,SELL
BAC,2024-05-30T00:00:00.000000,0,42.94,SELL
BAC,2024-05-31T00:00:00.000000,0,42.94,SELL
BAC,2024-06-03T00:00:00.000000,0,42.94,SELL
BAC,2024-06-04T00:00:00.000000,0,46.09,SELL
BAC,2024-06-05T00:00:00.000000,0,46.09,SELL
BAC,2024-06-06T00:00:00.000000,0,48.73,SELL
BAC,2024-06-07T00:00:00.000000,0,48.73,SELL
BAC,2024-06-10T00:00:00.000000,0,48.73,SELL
BAC,2024-06-11T00:00:00.000000,0,48.73,SELL
BAC,2024-06-12T00:00:00.000000,0,48.73,SELL
BAC,2024-06-13T00:00:00.000000,0,48.73,SELL
BAC,2024-06-14T00:00:00.000000,1,48.73,BUY
BAC,2024-06-17T00:00:00.000000,1,48.73,BUY
BAC,2024-06-18T00:00:00.000000,1,48.73,BUY
BAC,2024-06-20T00:00:00.000000,1,48.73,BUY
BAC,2024-06-21T00:00:00.000000,1,50.44,BUY
BAC,2024-06-24T00:00:00.000000,1,50.44,BUY
BAC,2024-06-25T00:00:00.000000,1,50.44,BUY
BAC,2024-06-26T00:00:00.000000,1,50.44,BUY
BAC,2024-06-27T00:00:00.000000,1,48.73,BUY
BAC,2024-06-28T00:00:00.000000,1,48.73,BUY
BAC,2024-07-01T00:00:00.000000,1,48.73,BUY
BAC,2024-07-02T00:00:00.000000,1,48.73,BUY
BAC,2024-07-03T00:00:00.000000,1,48.73,BUY
BAC,2024-07-05T00:00:00.000000,1,50.44,BUY
BAC,2024-07-08T00:00:00.000000,1,50.44,BUY
BAC,2024-07-09T00:00:00.000000,1,50.44,BUY
BAC,2024-07-10T00:00:00.000000,1,48.73,BUY
BAC,2024-07-11T00:00:00.000000,1,48.73,BUY
BAC,2024-07-12T00:00:00.000000,0,46.09,SELL
BAC,2024-07-15T00:00:00.000000,0,46.09,SELL
BAC,2024-07-16T00:00:00.000000,0,46.09,SELL
BAC,2024-07-17T00:00:00.000000,0,46.09,SELL
BAC,2024-07-18T00:00:00.000000,0,46.09,SELL
BAC,2024-07-19T00:00:00.000000,0,48.73,SELL
BAC,2024-07-22T00:00:00.000000,1,48.73,BUY
BAC,2024-07-23T00:00:00.000000,1,48.73,BUY
BAC,2024-07-24T00:00:00.000000,1,48.73,BUY
BAC,2024-07-25T00:00:00.000000,1,48.73,BUY
BAC,2024-07-26T00:00:00.000000,1,48.73,BUY
BAC,2024-07-29T00:00:00.000000,1,48.73,BUY
BAC,2024-07-30T00:00:00.000000,1,48.73,BUY
BAC,2024-07-31T00:00:00.000000,1,48.73,BUY
BAC,2024-08-01T00:00:00.000000,1,48.73,BUY
BAC,2024-08-02T00:00:00.000000,1,48.73,BUY
BAC,2024-08-05T00:00:00.000000,0,46.09,SELL
BAC,2024-08-06T00:00:00.000000,0,39.62,SELL
BAC,2024-08-07T00:00:00.000000,0,39.62,SELL
BAC,2024-08-08T00:00:00.000000,0,39.62,SELL
BAC,2024-08-09T00:00:00.000000,0,39.62,SELL
BAC,2024-08-12T00:00:00.000000,0,39.62,SELL
BAC,2024-08-13T00:00:00.000000,0,39.62,SELL
BAC,2024-08-14T00:00:00.000000,0,39.62,SELL
BAC,2024-08-15T00:00:00.000000,0,39.62,SELL
BAC,2024-08-16T00:00:00.000000,0,39.62,SELL
BAC,2024-08-19T00:00:00.000000,0,39.62,SELL
BAC,2024-08-20T00:00:00.000000,0,39.62,SELL
BAC,2024-08-21T00:00:00.000000,0,39.62,SELL
BAC,2024-08-22T00:00:00.000000,0,39.62,SELL
BAC,2024-08-23T00:00:00.000000,0,39.62,SELL
BAC,2024-08-26T00:00:00.000000,0,39.62,SELL
BAC,2024-08-27T00:00:00.000000,0,39.62,SELL
BAC,2024-08-28T00:00:00.000000,0,39.62,SELL
BAC,2024-08-29T00:00:00.000000,0,39.62,SELL
BAC,2024-08-30T00:00:00.000000,0,40.0,SELL
BAC,2024-09-03T00:00:00.000000,0,42.94,SELL
BAC,2024-09-04T00:00:00.000000,0,42.94,SELL
BAC,2024-09-05T00:00:00.000000,0,46.09,SELL
BAC,2024-09-06T00:00:00.000000,1,48.73,BUY
BAC,2024-09-09T00:00:00.000000,1,50.44,BUY
BAC,2024-09-10T00:00:00.000000,1,50.44,BUY
BAC,2024-09-11T00:00:00.000000,1,50.44,BUY
BAC,2024-09-12T00:00:00.000000,1,50.44,BUY
BAC,2024-09-13T00:00:00.000000,1,50.44,BUY
BAC,2024-09-16T00:00:00.000000,1,50.69,BUY
BAC,2024-09-17T00:00:00.000000,1,50.69,BUY
BAC,2024-09-18T00:00:00.000000,1,50.69,BUY
BAC,2024-09-19T00:00:00.000000,1,50.69,BUY
BAC,2024-09-20T00:00:00.000000,1,50.44,BUY
BAC,2024-09-23T00:00:00.000000,1,48.73,BUY
BAC,2024-09-24T00:00:00.000000,0,46.09,SELL
BAC,2024-09-25T00:00:00.000000,0,42.94,SELL
BAC,2024-09-26T00:00:00.000000,0,42.94,SELL
BAC,2024-09-27T00:00:00.000000,0,42.94,SELL
BAC,2024-09-30T00:00:00.000000,0,42.94,SELL
BAC,2024-10-01T00:00:00.000000,0,42.94,SELL
BAC,2024-10-02T00:00:00.000000,0,42.94,SELL
BAC,2024-10-03T00:00:00.000000,0,42.94,SELL
BAC,2024-10-04T00:00:00.000000,0,42.94,SELL
BAC,2024-10-07T00:00:00.000000,0,42.94,SELL
BAC,2024-10-08T00:00:00.000000,0,42.94,SELL
BAC,2024-10-09T00:00:00.000000,0,42.94,SELL
BAC,2024-10-10T00:00:00.000000,0,42.94,SELL
BAC,2024-10-11T00:00:00.000000,0,46.09,SELL
BAC,2024-10-14T00:00:00.000000,0,42.94,SELL
BAC,2024-10-15T00:00:00.000000,0,42.94,SELL
BAC,2024-10-16T00:00:00.000000,0,42.94,SELL
BAC,2024-10-17T00:00:00.000000,0,42.94,SELL
BAC,2024-10-18T00:00:00.000000,0,46.09,SELL
BAC,2024-10-21T00:00:00.000000,0,48.73,SELL
BAC,2024-10-22T00:00:00.000000,0,48.73,SELL
BAC,2024-10-23T00:00:00.000000,0,48.73,SELL
BAC,2024-10-24T00:00:00.000000,0,48.73,SELL
BAC,2024-10-25T00:00:00.000000,0,46.09,SELL
BAC,2024-10-28T00:00:00.000000,0,48.73,SELL
BAC,2024-10-29T00:00:00.000000,0,48.73,SELL
BAC,2024-10-30T00:00:00.000000,0,48.73,SELL
BAC,2024-10-31T00:00:00.000000,0,48.73,SELL
BAC,2024-11-01T00:00:00.000000,0,48.73,SELL
BAC,2024-11-04T00:00:00.000000,1,48.73,BUY
BAC,2024-11-05T00:00:00.000000,1,48.73,BUY
BAC,2024-11-06T00:00:00.000000,0,48.73,SELL
BAC,2024-11-07T00:00:00.000000,0,46.09,SELL
BAC,2024-11-08T00:00:00.000000,0,46.09,SELL
BAC,2024-11-11T00:00:00.000000,0,42.94,SELL
BAC,2024-11-12T00:00:00.000000,0,46.09,SELL
BAC,2024-11-13T00:00:00.000000,0,46.09,SELL
BAC,2024-11-14T00:00:00.000000,0,48.73,SELL
BAC,2024-11-15T00:00:00.000000,0,46.09,SELL
BAC,2024-11-18T00:00:00.000000,0,46.09,SELL
BAC,2024-11-19T00:00:00.000000,0,46.09,SELL
BAC,2024-11-20T00:00:00.000000,0,42.94,SELL
BAC,2024-11-21T00:00:00.000000,0,42.94,SELL
BAC,2024-11-22T00:00:00.000000,0,42.94,SELL
BAC,2024-11-25T00:00:00.000000,0,42.94,SELL
BAC,2024-11-26T00:00:00.000000,0,42.94,SELL
BAC,2024-11-27T00:00:00.000000,0,42.94,SELL
BAC,2024-11-29T00:00:00.000000,0,42.94,SELL
BAC,2024-12-02T00:00:00.000000,0,46.09,SELL
BAC,2024-12-03T00:00:00.000000,0,42.94,SELL
BAC,2024-12-04T00:00:00.000000,0,42.94,SELL
BAC,2024-12-05T00:00:00.000000,0,42.94,SELL
BAC,2024-12-06T00:00:00.000000,0,39.62,SELL
BAC,2024-12-09T00:00:00.000000,0,39.62,SELL
BAC,2024-12-10T00:00:00.000000,0,39.62,SELL
BAC,2024-12-11T00:00:00.000000,0,39.62,SELL
BAC,2024-12-12T00:00:00.000000,0,39.62,SELL
BAC,2024-12-13T00:00:00.000000,0,42.94,SELL
BAC,2024-12-16T00:00:00.000000,0,42.94,SELL
BAC,2024-12-17T00:00:00.000000,0,42.94,SELL
BAC,2024-12-18T00:00:00.000000,0,42.94,SELL
BAC,2024-12-19T00:00:00.000000,0,42.94,SELL
BAC,2024-12-20T00:00:00.000000,0,46.09,SELL
C,2023-02-21T00:00:00.000000,1,50.44,BUY
C,2023-02-22T00:00:00.000000,1,50.44,BUY
C,2023-02-23T00:00:00.000000,1,50.44,BUY
C,2023-02-24T00:00:00.000000,1,50.44,BUY
C,2023-02-27T00:00:00.000000,1,50.44,BUY
C,2023-02-28T00:00:00.000000,1,50.69,BUY
C,2023-03-01T00:00:00.000000,1,50.69,BUY
C,2023-03-02T00:00:00.000000,1,50.69,BUY
C,2023-03-03T00:00:00.000000,1,50.69,BUY
C,2023-03-06T00:00:00.000000,1,50.69,BUY
C,2023-03-07T00:00:00.000000,1,50.69,BUY
C,2023-03-08T00:00:00.000000,1,50.69,BUY
C,2023-03-09T00:00:00.000000,1,50.69,BUY
C,2023-03-10T00:00:00.000000,1,50.69,BUY
C,2023-03-13T00:00:00.000000,1,50.69,BUY
C,2023-03-14T00:00:00.000000,1,48.73,BUY
C,2023-03-15T00:00:00.000000,1,48.73,BUY
C,2023-03-16T00:00:00.000000,0,46.09,SELL
C,2023-03-17T00:00:00.000000,0,42.94,SELL
C,2023-03-20T00:00:00.000000,0,39.62,SELL
C,2023-03-21T00:00:00.000000,0,39.62,SELL
C,2023-03-22T00:00:00.000000,0,39.62,SELL
C,2023-03-23T00:00:00.000000,0,39.62,SELL
C,2023-03-24T00:00:00.000000,0,39.62,SELL
C,2023-03-27T00:00:00.000000,0,39.62,SELL
C,2023-03-28T00:00:00.000000,0,39.62,SELL
C,2023-03-29T00:00:00.000000,0,39.62,SELL
C,2023-03-30T00:00:00.000000,0,39.62,SELL
C,2023-03-31T00:00:00.000000,0,39.62,SELL
C,2023-04-03T00:00:00.000000,0,39.62,SELL
C,2023-04-04T00:00:00.000000,0,39.62,SELL
C,2023-04-05T00:00:00.000000,0,39.62,SELL
C,2023-04-06T00:00:00.000000,0,39.62,SELL
C,2023-04-10T00:00:00.000000,0,40.0,SELL
C,2023-04-11T00:00:00.000000,0,42.94,SELL
C,2023-04-12T00:00:00.000000,0,42.94,SELL
C,2023-04-13T00:00:00.000000,0,42.94,SELL
C,2023-04-14T00:00:00.000000,0,42.94,SELL
C,2023-04-17T00:00:00.000000,0,42.94,SELL
C,2023-04-18T00:00:00.000000,0,42.94,SELL
C,2023-04-19T00:00:00.000000,0,42.94,SELL
C,2023-04-20T00:00:00.000000,0,46.09,SELL
C,2023-04-21T00:00:00.000000,0,48.73,SELL
C,2023-04-24T00:00:00.000000,1,48.73,BUY
C,2023-04-25T00:00:00.000000,1,48.73,BUY
C,2023-04-26T00:00:00.000000,1,48.73,BUY
C,2023-04-27T00:00:00.000000,1,48.73,BUY
C,2023-04-28T00:00:00.000000,1,48.73,BUY
C,2023-05-01T00:00:00.000000,1,48.73,BUY
C,2023-05-02T00:00:00.000000,1,50.44,BUY
C,2023-05-03T00:00:00.000000,1,50.69,BUY
C,2023-05-04T00:00:00.000000,1,50.69,BUY
C,2023-05-05T00:00:00.000000,1,50.69,BUY
C,2023-05-08T00:00:00.000000,1,50.69,BUY
C,2023-05-09T00:00:00.000000,1,50.69,BUY
C,2023-05-10T00:00:00.000000,1,50.44,BUY
C,2023-05-11T00:00:00.000000,1,48.73,BUY
C,2023-05-12T00:00:00.000000,0,48.73,SELL
C,2023-05-15T00:00:00.000000,0,48.73,SELL
C,2023-05-16T00:00:00.000000,0,46.09,SELL
C,2023-05-17T00:00:00.000000,0,48.73,SELL
C,2023-05-18T00:00:00.000000,1,48.73,BUY
C,2023-05-19T00:00:00.000000,1,48.73,BUY
C,2023-05-22T00:00:00.000000,1,48.73,BUY
C,2023-05-23T00:00:00.000000,1,48.73,BUY
C,2023-05-24T00:00:00.000000,0,48.73,SELL
C,2023-05-25T00:00:00.000000,0,48.73,SELL
C,2023-05-26T00:00:00.000000,0,46.09,SELL
C,2023-05-30T00:00:00.000000,0,46.09,SELL
C,2023-05-31T00:00:00.000000,0,42.94,SELL
C,2023-06-01T00:00:00.000000,0,42.94,SELL
C,2023-06-02T00:00:00.000000,0,42.94,SELL
C,2023-06-05T00:00:00.000000,0,42.94,SELL
C,2023-06-06T00:00:00.000000,0,42.94,SELL
C,2023-06-07T00:00:00.000000,0,42.94,SELL
C,2023-06-08T00:00:00.000000,0,42.94,SELL
C,2023-06-09T00:00:00.000000,0,39.62,SELL
C,2023-06-12T00:00:00.000000,0,39.62,SELL
C,2023-06-13T00:00:00.000000,0,42.94,SELL
C,2023-06-14T00:00:00.000000,0,42.94,SELL
C,2023-06-15T00:00:00.000000,0,46.09,SELL
C,2023-06-16T00:00:00.000000,0,46.09,SELL
C,2023-06-20T00:00:00.000000,0,48.73,SELL
C,2023-06-21T00:00:00.000000,0,48.73,SELL
C,2023-06-22T00:00:00.000000,0,48.73,SELL
C,2023-06-23T00:00:00.000000,0,48.73,SELL
C,2023-06-26T00:00:00.000000,1,48.73,BUY
C,2023-06-27T00:00:00.000000,1,48.73,BUY
C,2023-06-28T00:00:00.000000,1,48.73,BUY
C,2023-06-29T00:00:00.000000,1,48.73,BUY
C,2023-06-30T00:00:00.000000,1,48.73,BUY
C,2023-07-03T00:00:00.000000,1,48.73,BUY
C,2023-07-05T00:00:00.000000,0,48.73,SELL
C,2023-07-06T00:00:00.000000,0,46.09,SELL
C,2023-07-07T00:00:00.000000,0,46.09,SELL
C,2023-07-10T00:00:00.000000,0,42.94,SELL
C,2023-07-11T00:00:00.000000,0,42.94,SELL
C,2023-07-12T00:00:00.000000,0,42.94,SELL
C,2023-07-13T00:00:00.000000,0,46.09,SELL
C,2023-07-14T00:00:00.000000,0,42.94,SELL
C,2023-07-17T00:00:00.000000,0,42.94,SELL
C,2023-07-18T00:00:00.000000,0,42.94,SELL
C,2023-07-19T00:00:00.000000,0,42.94,SELL
C,2023-07-20T00:00:00.000000,0,42.94,SELL
C,2023-07-21T00:00:00.000000,0,39.62,SELL
C,2023-07-24T00:00:00.000000,0,39.62,SELL
C,2023-07-25T00:00:00.000000,0,39.62,SELL
C,2023-07-26T00:00:00.000000,0,39.62,SELL
C,2023-07-27T00:00:00.000000,0,39.62,SELL
C,2023-07-28T00:00:00.000000,0,39.62,SELL
C,2023-07-31T00:00:00.000000,0,39.62,SELL
C,2023-08-01T00:00:00.000000,0,39.62,SELL
C,2023-08-02T00:00:00.000000,0,39.62,SELL
C,2023-08-03T00:00:00.000000,0,39.62,SELL
C,2023-08-04T00:00:00.000000,0,39.62,SELL
C,2023-08-07T00:00:00.000000,0,39.62,SELL
C,2023-08-08T00:00:00.000000,0,39.62,SELL
C,2023-08-09T00:00:00.000000,0,39.62,SELL
C,2023-08-10T00:00:00.000000,0,42.94,SELL
C,2023-08-11T00:00:00.000000,0,42.94,SELL
C,2023-08-14T00:00:00.000000,0,42.94,SELL
C,2023-08-15T00:00:00.000000,0,42.94,SELL
C,2023-08-16T00:00:00.000000,0,46.09,SELL
C,2023-08-17T00:00:00.000000,0,46.09,SELL
C,2023-08-18T00:00:00.000000,0,46.09,SELL
C,2023-08-21T00:00:00.000000,0,46.09,SELL
C,2023-08-22T00:00:00.000000,0,46.09,SELL
C,2023-08-23T00:00:00.000000,0,46.09,SELL
C,2023-08-24T00:00:00.000000,0,42.94,SELL
C,2023-08-25T00:00:00.000000,0,42.94,SELL
C,2023-08-28T00:00:00.000000,0,42.94,SELL
C,2023-08-29T00:00:00.000000,0,42.94,SELL
C,2023-08-30T00:00:00.000000,0,39.62,SELL
C,2023-08-31T00:00:00.000000,0,39.62,SELL
C,2023-09-01T00:00:00.000000,0,39.62,SELL
C,2023-09-05T00:00:00.000000,0,39.62,SELL
C,2023-09-06T00:00:00.000000,0,39.62,SELL
C,2023-09-07T00:00:00.000000,0,39.62,SELL
C,2023-09-08T00:00:00.000000,0,39.62,SELL
C,2023-09-11T00:00:00.000000,0,39.62,SELL
C,2023-09-12T00:00:00.000000,0,39.62,SELL
C,2023-09-13T00:00:00.000000,0,39.62,SELL
C,2023-09-14T00:00:00.000000,0,39.62,SELL
C,2023-09-15T00:00:00.000000,0,39.62,SELL
C,2023-09-18T00:00:00.000000,0,42.94,SELL
C,2023-09-19T00:00:00.000000,0,42.94,SELL
C,2023-09-20T00:00:00.000000,0,42.94,SELL
C,2023-09-21T00:00:00.000000,0,46.09,SELL
C,2023-09-22T00:00:00.000000,0,46.09,SELL
C,2023-09-25T00:00:00.000000,0,48.73,SELL
C,2023-09-26T00:00:00.000000,1,48.73,BUY
C,2023-09-27T00:00:00.000000,1,48.73,BUY
C,2023-09-28T00:00:00.000000,1,48.73,BUY
C,2023-09-29T00:00:00.000000,1,50.44,BUY
C,2023-10-02T00:00:00.000000,1,50.44,BUY
C,2023-10-03T00:00:00.000000,1,50.44,BUY
C,2023-10-04T00:00:00.000000,1,50.44,BUY
C,2023-10-05T00:00:00.000000,1,50.44,BUY
C,2023-10-06T00:00:00.000000,1,48.73,BUY
C,2023-10-09T00:00:00.000000,1,48.73,BUY
C,2023-10-10T00:00:00.000000,1,48.73,BUY
C,2023-10-11T00:00:00.000000,1,48.73,BUY
C,2023-10-12T00:00:00.000000,1,48.73,BUY
C,2023-10-13T00:00:00.000000,0,48.73,SELL
C,2023-10-16T00:00:00.000000,0,46.09,SELL
C,2023-10-17T00:00:00.000000,0,46.09,SELL
C,2023-10-18T00:00:00.000000,0,46.09,SELL
C,2023-10-19T00:00:00.000000,0,48.73,SELL
C,2023-10-20T00:00:00.000000,1,48.73,BUY
C,2023-10-23T00:00:00.000000,1,48.73,BUY
C,2023-10-24T00:00:00.000000,1,48.73,BUY
C,2023-10-25T00:00:00.000000,1,48.73,BUY
C,2023-10-26T00:00:00.000000,1,48.73,BUY
C,2023-10-27T00:00:00.000000,1,48.73,BUY
C,2023-10-30T00:00:00.000000,1,50.44,BUY
C,2023-10-31T00:00:00.000000,1,50.44,BUY
C,2023-11-01T00:00:00.000000,1,50.44,BUY
C,2023-11-02T00:00:00.000000,1,50.44,BUY
C,2023-11-03T00:00:00.000000,1,48.73,BUY
C,2023-11-06T00:00:00.000000,0,48.73,SELL
C,2023-11-07T00:00:00.000000,0,48.73,SELL
C,2023-11-08T00:00:00.000000,0,48.73,SELL
C,2023-11-09T00:00:00.000000,0,46.09,SELL
C,2023-11-10T00:00:00.000000,0,46.09,SELL
C,2023-11-13T00:00:00.000000,0,46.09,SELL
C,2023-11-14T00:00:00.000000,0,42.94,SELL
C,2023-11-15T00:00:00.000000,0,42.94,SELL
C,2023-11-16T00:00:00.000000,0,42.94,SELL
C,2023-11-17T00:00:00.000000,0,42.94,SELL
C,2023-11-20T00:00:00.000000,0,42.94,SELL
C,2023-11-21T00:00:00.000000,0,46.09,SELL
C,2023-11-22T00:00:00.000000,0,46.09,SELL
C,2023-11-24T00:00:00.000000,0,46.09,SELL
C,2023-11-27T00:00:00.000000,0,46.09,SELL
C,2023-11-28T00:00:00.000000,0,46.09,SELL
C,2023-11-29T00:00:00.000000,0,46.09,SELL
C,2023-11-30T00:00:00.000000,0,42.94,SELL
C,2023-12-01T00:00:00.000000,0,42.94,SELL
C,2023-12-04T00:00:00.000000,0,42.94,SELL
C,2023-12-05T00:00:00.000000,0,46.09,SELL
C,2023-12-06T00:00:00.000000,0,46.09,SELL
C,2023-12-07T00:00:00.000000,0,48.73,SELL
C,2023-12-08T00:00:00.000000,0,48.73,SELL
C,2023-12-11T00:00:00.000000,0,48.73,SELL
C,2023-12-12T00:00:00.000000,0,46.09,SELL
C,2023-12-13T00:00:00.000000,0,42.94,SELL
C,2023-12-14T00:00:00.000000,0,42.94,SELL
C,2023-12-15T00:00:00.000000,0,42.94,SELL
C,2023-12-18T00:00:00.000000,0,42.94,SELL
C,2023-12-19T00:00:00.000000,0,42.94,SELL
C,2023-12-20T00:00:00.000000,0,42.94,SELL
C,2023-12-21T00:00:00.000000,0,42.94,SELL
C,2023-12-22T00:00:00.000000,0,42.94,SELL
C,2023-12-26T00:00:00.000000,0,39.62,SELL
C,2023-12-27T00:00:00.000000,0,39.62,SELL
C,2023-12-28T00:00:00.000000,0,39.62,SELL
C,2023-12-29T00:00:00.000000,0,39.62,SELL
C,2024-01-02T00:00:00.000000,0,39.62,SELL
C,2024-01-03T00:00:00.000000,0,39.62,SELL
C,2024-01-04T00:00:00.000000,0,39.62,SELL
C,2024-01-05T00:00:00.000000,0,42.94,SELL
C,2024-01-08T00:00:00.000000,0,42.94,SELL
C,2024-01-09T00:00:00.000000,0,42.94,SELL
C,2024-01-10T00:00:00.000000,0,42.94,SELL
C,2024-01-11T00:00:00.000000,0,42.94,SELL
C,2024-01-12T00:00:00.000000,0,42.94,SELL
C,2024-01-16T00:00:00.000000,0,42.94,SELL
C,2024-01-17T00:00:00.000000,0,42.94,SELL
C,2024-01-18T00:00:00.000000,0,42.94,SELL
C,2024-01-19T00:00:00.000000,0,46.09,SELL
C,2024-01-22T00:00:00.000000,0,42.94,SELL
C,2024-01-23T00:00:00.000000,0,42.94,SELL
C,2024-01-24T00:00:00.000000,0,46.09,SELL
C,2024-01-25T00:00:00.000000,0,46.09,SELL
C,2024-01-26T00:00:00.000000,0,46.09,SELL
C,2024-01-29T00:00:00.000000,0,48.73,SELL
C,2024-01-30T00:00:00.000000,0,48.73,SELL
C,2024-01-31T00:00:00.000000,0,48.73,SELL
C,2024-02-01T00:00:00.000000,0,48.73,SELL
C,2024-02-02T00:00:00.000000,1,48.73,BUY
C,2024-02-05T00:00:00.000000,1,48.73,BUY
C,2024-02-06T00:00:00.000000,1,48.73,BUY
C,2024-02-07T00:00:00.000000,1,48.73,BUY
C,2024-02-08T00:00:00.000000,1,48.73,BUY
C,2024-02-09T00:00:00.000000,1,48.73,BUY
C,2024-02-12T00:00:00.000000,1,50.44,BUY
C,2024-02-13T00:00:00.000000,1,50.44,BUY
C,2024-02-14T00:00:00.000000,1,50.69,BUY
C,2024-02-15T00:00:00.000000,1,50.69,BUY
C,2024-02-16T00:00:00.000000,1,50.44,BUY
C,2024-02-20T00:00:00.000000,1,48.73,BUY
C,2024-02-21T00:00:00.000000,1,48.73,BUY
C,2024-02-22T00:00:00.000000,0,48.73,SELL
C,2024-02-23T00:00:00.000000,0,46.09,SELL
C,2024-02-26T00:00:00.000000,0,46.09,SELL
C,2024-02-27T00:00:00.000000,0,46.09,SELL
C,2024-02-28T00:00:00.000000,0,42.94,SELL
C,2024-02-29T00:00:00.000000,0,46.09,SELL
C,2024-03-01T00:00:00.000000,0,46.09,SELL
C,2024-03-04T00:00:00.000000,0,42.94,SELL
C,2024-03-05T00:00:00.000000,0,42.94,SELL
C,2024-03-06T00:00:00.000000,0,46.09,SELL
C,2024-03-07T00:00:00.000000,0,46.09,SELL
C,2024-03-08T00:00:00.000000,0,46.09,SELL
C,2024-03-11T00:00:00.000000,0,48.73,SELL
C,2024-03-12T00:00:00.000000,0,46.09,SELL
C,2024-03-13T00:00:00.000000,0,46.09,SELL
C,2024-03-14T00:00:00.000000,0,46.09,SELL
C,2024-03-15T00:00:00.000000,0,46.09,SELL
C,2024-03-18T00:00:00.000000,0,46.09,SELL
C,2024-03-19T00:00:00.000000,0,46.09,SELL
C,2024-03-20T00:00:00.000000,0,46.09,SELL
C,2024-03-21T00:00:00.000000,0,46.09,SELL
C,2024-03-22T00:00:00.000000,0,46.09,SELL
C,2024-03-25T00:00:00.000000,0,46.09,SELL
C,2024-03-26T00:00:00.000000,0,46.09,SELL
C,2024-03-27T00:00:00.000000,0,46.09,SELL
C,2024-03-28T00:00:00.000000,0,46.09,SELL
C,2024-04-01T00:00:00.000000,0,46.09,SELL
C,2024-04-02T00:00:00.000000,0,46.09,SELL
C,2024-04-03T00:00:00.000000,0,48.73,SELL
C,2024-04-04T00:00:00.000000,0,48.73,SELL
C,2024-04-05T00:00:00.000000,1,48.73,BUY
C,2024-04-08T00:00:00.000000,0,48.73,SELL
C,2024-04-09T00:00:00.000000,0,48.73,SELL
C,2024-04-10T00:00:00.000000,0,48.73,SELL
C,2024-04-11T00:00:00.000000,1,48.73,BUY
C,2024-04-12T00:00:00.000000,1,48.73,BUY
C,2024-04-15T00:00:00.000000,1,48.73,BUY
C,2024-04-16T00:00:00.000000,1,48.73,BUY
C,2024-04-17T00:00:00.000000,1,48.73,BUY
C,2024-04-18T00:00:00.000000,1,48.73,BUY
C,2024-04-19T00:00:00.000000,1,48.73,BUY
C,2024-04-22T00:00:00.000000,1,48.73,BUY
C,2024-04-23T00:00:00.000000,1,48.73,BUY
C,2024-04-24T00:00:00.000000,1,50.44,BUY
C,2024-04-25T00:00:00.000000,1,50.44,BUY
C,2024-04-26T00:00:00.000000,1,50.44,BUY
C,2024-04-29T00:00:00.000000,1,48.73,BUY
C,2024-04-30T00:00:00.000000,1,48.73,BUY
C,2024-05-01T00:00:00.000000,1,48.73,BUY
C,2024-05-02T00:00:00.000000,0,48.73,SELL
C,2024-05-03T00:00:00.000000,1,48.73,BUY
C,2024-05-06T00:00:00.000000,1,48.73,BUY
C,2024-05-07T00:00:00.000000,1,48.73,BUY
C,2024-05-08T00:00:00.000000,1,48.73,BUY
C,2024-05-09T00:00:00.000000,0,46.09,SELL
C,2024-05-10T00:00:00.000000,0,42.94,SELL
C,2024-05-13T00:00:00.000000,0,39.62,SELL
C,2024-05-14T00:00:00.000000,0,39.62,SELL
C,2024-05-15T00:00:00.000000,0,40.0,SELL
C,2024-05-16T00:00:00.000000,0,42.94,SELL
C,2024-05-17T00:00:00.000000,0,42.94,SELL
C,2024-05-20T00:00:00.000000,0,42.94,SELL
C,2024-05-21T00:00:00.000000,0,42.94,SELL
C,2024-05-22T00:00:00.000000,0,42.94,SELL
C,2024-05-23T00:00:00.000000,0,42.94,SELL
C,2024-05-24T00:00:00.000000,0,42.94,SELL
C,2024-05-28T00:00:00.000000,0,42.94,SELL
C,2024-05-29T00:00:00.000000,0,46.09,SELL
C,2024-05-30T00:00:00.000000,0,46.09,SELL
C,2024-05-31T00:00:00.000000,0,46.09,SELL
C,2024-06-03T00:00:00.000000,0,46.09,SELL
C,2024-06-04T00:00:00.000000,0,46.09,SELL
C,2024-06-05T00:00:00.000000,0,48.73,SELL
C,2024-06-06T00:00:00.000000,0,48.73,SELL
C,2024-06-07T00:00:00.000000,0,46.09,SELL
C,2024-06-10T00:00:00.000000,0,46.09,SELL
C,2024-06-11T00:00:00.000000,0,46.09,SELL
C,2024-06-12T00:00:00.000000,0,46.09,SELL
C,2024-06-13T00:00:00.000000,0,46.09,SELL
C,2024-06-14T00:00:00.000000,0,46.09,SELL
C,2024-06-17T00:00:00.000000,0,46.09,SELL
C,2024-06-18T00:00:00.000000,0,46.09,SELL
C,2024-06-20T00:00:00.000000,0,46.09,SELL
C,2024-06-21T00:00:00.000000,0,46.09,SELL
C,2024-06-24T00:00:00.000000,0,46.09,SELL
C,2024-06-25T00:00:00.000000,0,46.09,SELL
C,2024-06-26T00:00:00.000000,0,42.94,SELL
C,2024-06-27T00:00:00.000000,0,42.94,SELL
C,2024-06-28T00:00:00.000000,0,42.94,SELL
C,2024-07-01T00:00:00.000000,0,42.94,SELL
C,2024-07-02T00:00:00.000000,0,46.09,SELL
C,2024-07-03T00:00:00.000000,0,48.73,SELL
C,2024-07-05T00:00:00.000000,1,48.73,BUY
C,2024-07-08T00:00:00.000000,1,50.44,BUY
C,2024-07-09T00:00:00.000000,1,50.44,BUY
C,2024-07-10T00:00:00.000000,1,50.44,BUY
C,2024-07-11T00:00:00.000000,1,50.44,BUY
C,2024-07-12T00:00:00.000000,1,50.44,BUY
C,2024-07-15T00:00:00.000000,1,50.44,BUY
C,2024-07-16T00:00:00.000000,1,50.44,BUY
C,2024-07-17T00:00:00.000000,1,48.73,BUY
C,2024-07-18T00:00:00.000000,1,48.73,BUY
C,2024-07-19T00:00:00.000000,1,50.44,BUY
C,2024-07-22T00:00:00.000000,1,50.69,BUY
C,2024-07-23T00:00:00.000000,1,50.69,BUY
C,2024-07-24T00:00:00.000000,1,50.69,BUY
C,2024-07-25T00:00:00.000000,1,50.44,BUY
C,2024-07-26T00:00:00.000000,1,50.44,BUY
C,2024-07-29T00:00:00.000000,1,50.44,BUY
C,2024-07-30T00:00:00.000000,1,50.44,BUY
C,2024-07-31T00:00:00.000000,1,50.44,BUY
C,2024-08-01T00:00:00.000000,1,50.44,BUY
C,2024-08-02T00:00:00.000000,1,50.44,BUY
C,2024-08-05T00:00:00.000000,1,48.73,BUY
C,2024-08-06T00:00:00.000000,0,46.09,SELL
C,2024-08-07T00:00:00.000000,0,42.94,SELL
C,2024-08-08T00:00:00.000000,0,39.62,SELL
C,2024-08-09T00:00:00.000000,0,39.62,SELL
C,2024-08-12T00:00:00.000000,0,39.62,SELL
C,2024-08-13T00:00:00.000000,0,39.62,SELL
C,2024-08-14T00:00:00.000000,0,39.62,SELL
C,2024-08-15T00:00:00.000000,0,39.62,SELL
C,2024-08-16T00:00:00.000000,0,39.62,SELL
C,2024-08-19T00:00:00.000000,0,39.62,SELL
C,2024-08-20T00:00:00.000000,0,39.62,SELL
C,2024-08-21T00:00:00.000000,0,39.62,SELL
C,2024-08-22T00:00:00.000000,0,39.62,SELL
C,2024-08-23T00:00:00.000000,0,39.62,SELL
C,2024-08-26T00:00:00.000000,0,39.62,SELL
C,2024-08-27T00:00:00.000000,0,39.62,SELL
C,2024-08-28T00:00:00.000000,0,39.62,SELL
C,2024-08-29T00:00:00.000000,0,42.94,SELL
C,2024-08-30T00:00:00.000000,0,42.94,SELL
C,2024-09-03T00:00:00.000000,0,42.94,SELL
C,2024-09-04T00:00:00.000000,0,46.09,SELL
C,2024-09-05T00:00:00.000000,0,46.09,SELL
C,2024-09-06T00:00:00.000000,0,48.73,SELL
C,2024-09-09T00:00:00.000000,1,48.73,BUY
C,2024-09-10T00:00:00.000000,1,50.44,BUY
C,2024-09-11T00:00:00.000000,1,48.73,BUY
C,2024-09-12T00:00:00.000000,1,48.73,BUY
C,2024-09-13T00:00:00.000000,1,48.73,BUY
C,2024-09-16T00:00:00.000000,1,48.73,BUY
C,2024-09-17T00:00:00.000000,1,50.0,BUY
C,2024-09-18T00:00:00.000000,1,48.73,BUY
C,2024-09-19T00:00:00.000000,0,48.73,SELL
C,2024-09-20T00:00:00.000000,0,42.94,SELL
C,2024-09-23T00:00:00.000000,0,42.94,SELL
C,2024-09-24T00:00:00.000000,0,42.94,SELL
C,2024-09-25T00:00:00.000000,0,42.94,SELL
C,2024-09-26T00:00:00.000000,0,42.94,SELL
C,2024-09-27T00:00:00.000000,0,42.94,SELL
C,2024-09-30T00:00:00.000000,0,42.94,SELL
C,2024-10-01T00:00:00.000000,0,42.94,SELL
C,2024-10-02T00:00:00.000000,0,42.94,SELL
C,2024-10-03T00:00:00.000000,0,42.94,SELL
C,2024-10-04T00:00:00.000000,0,46.09,SELL
C,2024-10-07T00:00:00.000000,0,42.94,SELL
C,2024-10-08T00:00:00.000000,0,46.09,SELL
C,2024-10-09T00:00:00.000000,0,46.09,SELL
C,2024-10-10T00:00:00.000000,0,46.09,SELL
C,2024-10-11T00:00:00.000000,0,46.09,SELL
C,2024-10-14T00:00:00.000000,0,46.09,SELL
C,2024-10-15T00:00:00.000000,0,46.09,SELL
C,2024-10-16T00:00:00.000000,0,46.09,SELL
C,2024-10-17T00:00:00.000000,0,46.09,SELL
C,2024-10-18T00:00:00.000000,0,46.09,SELL
C,2024-10-21T00:00:00.000000,0,46.09,SELL
C,2024-10-22T00:00:00.000000,0,46.09,SELL
C,2024-10-23T00:00:00.000000,0,46.09,SELL
C,2024-10-24T00:00:00.000000,0,46.09,SELL
C,2024-10-25T00:00:00.000000,0,46.09,SELL
C,2024-10-28T00:00:00.000000,0,46.09,SELL
C,2024-10-29T00:00:00.000000,0,46.09,SELL
C,2024-10-30T00:00:00.000000,0,46.09,SELL
C,2024-10-31T00:00:00.000000,0,46.09,SELL
C,2024-11-01T00:00:00.000000,0,46.09,SELL
C,2024-11-04T00:00:00.000000,0,48.73,SELL
C,2024-11-05T00:00:00.000000,1,48.73,BUY
C,2024-11-06T00:00:00.000000,0,48.73,SELL
C,2024-11-07T00:00:00.000000,0,46.09,SELL
C,2024-11-08T00:00:00.000000,0,46.09,SELL
C,2024-11-11T00:00:00.000000,0,42.94,SELL
C,2024-11-12T00:00:00.000000,0,46.09,SELL
C,2024-11-13T00:00:00.000000,0,46.09,SELL
C,2024-11-14T00:00:00.000000,0,46.09,SELL
C,2024-11-15T00:00:00.000000,0,42.94,SELL
C,2024-11-18T00:00:00.000000,0,42.94,SELL
C,2024-11-19T00:00:00.000000,0,42.94,SELL
C,2024-11-20T00:00:00.000000,0,42.94,SELL
C,2024-11-21T00:00:00.000000,0,39.62,SELL
C,2024-11-22T00:00:00.000000,0,39.62,SELL
C,2024-11-25T00:00:00.000000,0,39.62,SELL
C,2024-11-26T00:00:00.000000,0,39.62,SELL
C,2024-11-27T00:00:00.000000,0,39.62,SELL
C,2024-11-29T00:00:00.000000,0,39.62,SELL
C,2024-12-02T00:00:00.000000,0,40.0,SELL
C,2024-12-03T00:00:00.000000,0,39.62,SELL
C,2024-12-04T00:00:00.000000,0,39.62,SELL
C,2024-12-05T00:00:00.000000,0,39.62,SELL
C,2024-12-06T00:00:00.000000,0,39.62,SELL
C,2024-12-09T00:00:00.000000,0,39.62,SELL
C,2024-12-10T00:00:00.000000,0,39.62,SELL
C,2024-12-11T00:00:00.000000,0,42.94,SELL
C,2024-12-12T00:00:00.000000,0,42.94,SELL
C,2024-12-13T00:00:00.000000,0,42.94,SELL
C,2024-12-16T00:00:00.000000,0,46.09,SELL
C,2024-12-17T00:00:00.000000,0,46.09,SELL
C,2024-12-18T00:00:00.000000,0,46.09,SELL
C,2024-12-19T00:00:00.000000,1,48.73,BUY
C,2024-12-20T00:00:00.000000,1,48.73,BUY
COP,2023-02-21T00:00:00.000000,0,39.62,SELL
COP,2023-02-22T00:00:00.000000,0,42.94,SELL
COP,2023-02-23T00:00:00.000000,0,46.09,SELL
COP,2023-02-24T00:00:00.000000,1,48.73,BUY
COP,2023-02-27T00:00:00.000000,1,48.73,BUY
COP,2023-02-28T00:00:00.000000,1,50.44,BUY
COP,2023-03-01T00:00:00.000000,1,50.44,BUY
COP,2023-03-02T00:00:00.000000,1,50.69,BUY
COP,2023-03-03T00:00:00.000000,1,50.44,BUY
COP,2023-03-06T00:00:00.000000,1,50.44,BUY
COP,2023-03-07T00:00:00.000000,1,50.44,BUY
COP,2023-03-08T00:00:00.000000,1,50.44,BUY
COP,2023-03-09T00:00:00.000000,1,50.44,BUY
COP,2023-03-10T00:00:00.000000,1,50.44,BUY
COP,2023-03-13T00:00:00.000000,1,50.69,BUY
COP,2023-03-14T00:00:00.000000,1,50.69,BUY
COP,2023-03-15T00:00:00.000000,1,50.69,BUY
COP,2023-03-16T00:00:00.000000,1,50.69,BUY
COP,2023-03-17T00:00:00.000000,1,50.69,BUY
COP,2023-03-20T00:00:00.000000,1,50.69,BUY
COP,2023-03-21T00:00:00.000000,1,50.69,BUY
COP,2023-03-22T00:00:00.000000,1,50.69,BUY
COP,2023-03-23T00:00:00.000000,1,50.69,BUY
COP,2023-03-24T00:00:00.000000,1,50.69,BUY
COP,2023-03-27T00:00:00.000000,1,50.44,BUY
COP,2023-03-28T00:00:00.000000,1,48.73,BUY
COP,2023-03-29T00:00:00.000000,0,46.09,SELL
COP,2023-03-30T00:00:00.000000,0,46.09,SELL
COP,2023-03-31T00:00:00.000000,0,46.09,SELL
COP,2023-04-03T00:00:00.000000,1,48.73,BUY
COP,2023-04-04T00:00:00.000000,1,48.73,BUY
COP,2023-04-05T00:00:00.000000,1,48.73,BUY
COP,2023-04-06T00:00:00.000000,1,48.73,BUY
COP,2023-04-10T00:00:00.000000,1,48.73,BUY
COP,2023-04-11T00:00:00.000000,1,48.73,BUY
COP,2023-04-12T00:00:00.000000,0,48.73,SELL
COP,2023-04-13T00:00:00.000000,0,48.73,SELL
COP,2023-04-14T00:00:00.000000,0,46.09,SELL
COP,2023-04-17T00:00:00.000000,0,46.09,SELL
COP,2023-04-18T00:00:00.000000,0,46.09,SELL
COP,2023-04-19T00:00:00.000000,0,46.09,SELL
COP,2023-04-20T00:00:00.000000,0,46.09,SELL
COP,2023-04-21T00:00:00.000000,0,42.94,SELL
COP,2023-04-24T00:00:00.000000,0,42.94,SELL
COP,2023-04-25T00:00:00.000000,0,42.94,SELL
COP,2023-04-26T00:00:00.000000,0,42.94,SELL
COP,2023-04-27T00:00:00.000000,0,42.94,SELL
COP,2023-04-28T00:00:00.000000,0,42.94,SELL
COP,2023-05-01T00:00:00.000000,0,42.94,SELL
COP,2023-05-02T00:00:00.000000,0,46.09,SELL
COP,2023-05-03T00:00:00.000000,0,46.09,SELL
COP,2023-05-04T00:00:00.000000,0,46.09,SELL
COP,2023-05-05T00:00:00.000000,0,48.73,SELL
COP,2023-05-08T00:00:00.000000,1,48.73,BUY
COP,2023-05-09T00:00:00.000000,1,48.73,BUY
COP,2023-05-10T00:00:00.000000,1,48.73,BUY
COP,2023-05-11T00:00:00.000000,0,48.73,SELL
COP,2023-05-12T00:00:00.000000,0,46.09,SELL
COP,2023-05-15T00:00:00.000000,0,46.09,SELL
COP,2023-05-16T00:00:00.000000,0,46.09,SELL
COP,2023-05-17T00:00:00.000000,0,46.09,SELL
COP,2023-05-18T00:00:00.000000,1,48.73,BUY
COP,2023-05-19T00:00:00.000000,1,50.44,BUY
COP,2023-05-22T00:00:00.000000,1,50.44,BUY
COP,2023-05-23T00:00:00.000000,1,50.44,BUY
COP,2023-05-24T00:00:00.000000,1,50.44,BUY
COP,2023-05-25T00:00:00.000000,1,50.44,BUY
COP,2023-05-26T00:00:00.000000,1,50.44,BUY
COP,2023-05-30T00:00:00.000000,1,50.44,BUY
COP,2023-05-31T00:00:00.000000,1,48.73,BUY
COP,2023-06-01T00:00:00.000000,1,48.73,BUY
COP,2023-06-02T00:00:00.000000,1,48.73,BUY
COP,2023-06-05T00:00:00.000000,1,48.73,BUY
COP,2023-06-06T00:00:00.000000,0,48.73,SELL
COP,2023-06-07T00:00:00.000000,0,46.09,SELL
COP,2023-06-08T00:00:00.000000,0,42.94,SELL
COP,2023-06-09T00:00:00.000000,0,42.94,SELL
COP,2023-06-12T00:00:00.000000,0,39.62,SELL
COP,2023-06-13T00:00:00.000000,0,39.62,SELL
COP,2023-06-14T00:00:00.000000,0,39.62,SELL
COP,2023-06-15T00:00:00.000000,0,39.62,SELL
COP,2023-06-16T00:00:00.000000,0,42.94,SELL
COP,2023-06-20T00:00:00.000000,0,42.94,SELL
COP,2023-06-21T00:00:00.000000,0,42.94,SELL
COP,2023-06-22T00:00:00.000000,0,42.94,SELL
COP,2023-06-23T00:00:00.000000,0,42.94,SELL
COP,2023-06-26T00:00:00.000000,0,42.94,SELL
COP,2023-06-27T00:00:00.000000,0,40.0,SELL
COP,2023-06-28T00:00:00.000000,0,42.94,SELL
COP,2023-06-29T00:00:00.000000,0,40.0,SELL
COP,2023-06-30T00:00:00.000000,0,42.94,SELL
COP,2023-07-03T00:00:00.000000,0,42.94,SELL
COP,2023-07-05T00:00:00.000000,0,42.94,SELL
COP,2023-07-06T00:00:00.000000,0,42.94,SELL
COP,2023-07-07T00:00:00.000000,0,46.09,SELL
COP,2023-07-10T00:00:00.000000,0,46.09,SELL
COP,2023-07-11T00:00:00.000000,0,46.09,SELL
COP,2023-07-12T00:00:00.000000,0,46.09,SELL
COP,2023-07-13T00:00:00.000000,0,46.09,SELL
COP,2023-07-14T00:00:00.000000,0,48.73,SELL
COP,2023-07-17T00:00:00.000000,1,48.73,BUY
COP,2023-07-18T00:00:00.000000,1,48.73,BUY
COP,2023-07-19T00:00:00.000000,0,48.73,SELL
COP,2023-07-20T00:00:00.000000,0,46.09,SELL
COP,2023-07-21T00:00:00.000000,0,46.09,SELL
COP,2023-07-24T00:00:00.000000,0,46.09,SELL
COP,2023-07-25T00:00:00.000000,0,46.09,SELL
COP,2023-07-26T00:00:00.000000,0,46.09,SELL
COP,2023-07-27T00:00:00.000000,0,48.73,SELL
COP,2023-07-28T00:00:00.000000,1,48.73,BUY
COP,2023-07-31T00:00:00.000000,0,48.73,SELL
COP,2023-08-01T00:00:00.000000,0,48.73,SELL
COP,2023-08-02T00:00:00.000000,0,48.73,SELL
COP,2023-08-03T00:00:00.000000,0,48.73,SELL
COP,2023-08-04T00:00:00.000000,1,48.73,BUY
COP,2023-08-07T00:00:00.000000,1,48.73,BUY
COP,2023-08-08T00:00:00.000000,1,48.73,BUY
COP,2023-08-09T00:00:00.000000,0,48.73,SELL
COP,2023-08-10T00:00:00.000000,1,48.73,BUY
COP,2023-08-11T00:00:00.000000,1,48.73,BUY
COP,2023-08-14T00:00:00.000000,1,50.44,BUY
COP,2023-08-15T00:00:00.000000,1,50.44,BUY
COP,2023-08-16T00:00:00.000000,1,50.44,BUY
COP,2023-08-17T00:00:00.000000,1,50.44,BUY
COP,2023-08-18T00:00:00.000000,1,50.44,BUY
COP,2023-08-21T00:00:00.000000,1,50.44,BUY
COP,2023-08-22T00:00:00.000000,1,50.44,BUY
COP,2023-08-23T00:00:00.000000,1,50.44,BUY
COP,2023-08-24T00:00:00.000000,1,50.44,BUY
COP,2023-08-25T00:00:00.000000,1,50.44,BUY
COP,2023-08-28T00:00:00.000000,1,50.44,BUY
COP,2023-08-29T00:00:00.000000,1,50.44,BUY
COP,2023-08-30T00:00:00.000000,1,48.73,BUY
COP,2023-08-31T00:00:00.000000,1,48.73,BUY
COP,2023-09-01T00:00:00.000000,0,46.09,SELL
COP,2023-09-05T00:00:00.000000,0,46.09,SELL
COP,2023-09-06T00:00:00.000000,0,46.09,SELL
COP,2023-09-07T00:00:00.000000,0,46.09,SELL
COP,2023-09-08T00:00:00.000000,0,46.09,SELL
COP,2023-09-11T00:00:00.000000,0,48.73,SELL
COP,2023-09-12T00:00:00.000000,0,48.73,SELL
COP,2023-09-13T00:00:00.000000,0,48.73,SELL
COP,2023-09-14T00:00:00.000000,0,48.73,SELL
COP,2023-09-15T00:00:00.000000,0,46.09,SELL
COP,2023-09-18T00:00:00.000000,0,48.73,SELL
COP,2023-09-19T00:00:00.000000,0,48.73,SELL
COP,2023-09-20T00:00:00.000000,0,48.73,SELL
COP,2023-09-21T00:00:00.000000,1,48.73,BUY
COP,2023-09-22T00:00:00.000000,1,48.73,BUY
COP,2023-09-25T00:00:00.000000,0,48.73,SELL
COP,2023-09-26T00:00:00.000000,0,48.73,SELL
COP,2023-09-27T00:00:00.000000,1,48.73,BUY
COP,2023-09-28T00:00:00.000000,1,48.73,BUY
COP,2023-09-29T00:00:00.000000,1,50.44,BUY
COP,2023-10-02T00:00:00.000000,1,50.44,BUY
COP,2023-10-03T00:00:00.000000,1,50.44,BUY
COP,2023-10-04T00:00:00.000000,1,48.73,BUY
COP,2023-10-05T00:00:00.000000,1,48.73,BUY
COP,2023-10-06T00:00:00.000000,1,48.73,BUY
COP,2023-10-09T00:00:00.000000,0,48.73,SELL
COP,2023-10-10T00:00:00.000000,0,48.73,SELL
COP,2023-10-11T00:00:00.000000,0,48.73,SELL
COP,2023-10-12T00:00:00.000000,0,46.09,SELL
COP,2023-10-13T00:00:00.000000,0,46.09,SELL
COP,2023-10-16T00:00:00.000000,0,42.94,SELL
COP,2023-10-17T00:00:00.000000,0,42.94,SELL
COP,2023-10-18T00:00:00.000000,0,42.94,SELL
COP,2023-10-19T00:00:00.000000,0,46.09,SELL
COP,2023-10-20T00:00:00.000000,0,48.73,SELL
COP,2023-10-23T00:00:00.000000,1,48.73,BUY
COP,2023-10-24T00:00:00.000000,1,48.73,BUY
COP,2023-10-25T00:00:00.000000,1,50.44,BUY
COP,2023-10-26T00:00:00.000000,1,50.44,BUY
COP,2023-10-27T00:00:00.000000,1,50.69,BUY
COP,2023-10-30T00:00:00.000000,1,50.69,BUY
COP,2023-10-31T00:00:00.000000,1,50.69,BUY
COP,2023-11-01T00:00:00.000000,1,50.69,BUY
COP,2023-11-02T00:00:00.000000,1,50.69,BUY
COP,2023-11-03T00:00:00.000000,1,50.69,BUY
COP,2023-11-06T00:00:00.000000,1,50.44,BUY
COP,2023-11-07T00:00:00.000000,1,50.44,BUY
COP,2023-11-08T00:00:00.000000,1,48.73,BUY
COP,2023-11-09T00:00:00.000000,0,46.09,SELL
COP,2023-11-10T00:00:00.000000,0,46.09,SELL
COP,2023-11-13T00:00:00.000000,0,42.94,SELL
COP,2023-11-14T00:00:00.000000,0,42.94,SELL
COP,2023-11-15T00:00:00.000000,0,40.0,SELL
COP,2023-11-16T00:00:00.000000,0,39.62,SELL
COP,2023-11-17T00:00:00.000000,0,39.62,SELL
COP,2023-11-20T00:00:00.000000,0,39.62,SELL
COP,2023-11-21T00:00:00.000000,0,39.62,SELL
COP,2023-11-22T00:00:00.000000,0,39.62,SELL
COP,2023-11-24T00:00:00.000000,0,39.62,SELL
COP,2023-11-27T00:00:00.000000,0,39.62,SELL
COP,2023-11-28T00:00:00.000000,0,39.62,SELL
COP,2023-11-29T00:00:00.000000,0,39.62,SELL
COP,2023-11-30T00:00:00.000000,0,39.62,SELL
COP,2023-12-01T00:00:00.000000,0,39.62,SELL
COP,2023-12-04T00:00:00.000000,0,39.62,SELL
COP,2023-12-05T00:00:00.000000,0,39.62,SELL
COP,2023-12-06T00:00:00.000000,0,42.94,SELL
COP,2023-12-07T00:00:00.000000,0,42.94,SELL
COP,2023-12-08T00:00:00.000000,0,42.94,SELL
COP,2023-12-11T00:00:00.000000,0,42.94,SELL
COP,2023-12-12T00:00:00.000000,0,42.94,SELL
COP,2023-12-13T00:00:00.000000,0,39.62,SELL
COP,2023-12-14T00:00:00.000000,0,39.62,SELL
COP,2023-12-15T00:00:00.000000,0,39.62,SELL
COP,2023-12-18T00:00:00.000000,0,39.62,SELL
COP,2023-12-19T00:00:00.000000,0,39.62,SELL
COP,2023-12-20T00:00:00.000000,0,39.62,SELL
COP,2023-12-21T00:00:00.000000,0,39.62,SELL
COP,2023-12-22T00:00:00.000000,0,39.62,SELL
COP,2023-12-26T00:00:00.000000,0,39.62,SELL
COP,2023-12-27T00:00:00.000000,0,39.62,SELL
COP,2023-12-28T00:00:00.000000,0,39.62,SELL
COP,2023-12-29T00:00:00.000000,0,39.62,SELL
COP,2024-01-02T00:00:00.000000,0,42.94,SELL
COP,2024-01-03T00:00:00.000000,0,42.94,SELL
COP,2024-01-04T00:00:00.000000,0,42.94,SELL
COP,2024-01-05T00:00:00.000000,0,42.94,SELL
COP,2024-01-08T00:00:00.000000,0,42.94,SELL
COP,2024-01-09T00:00:00.000000,0,42.94,SELL
COP,2024-01-10T00:00:00.000000,0,42.94,SELL
COP,2024-01-11T00:00:00.000000,0,42.94,SELL
COP,2024-01-12T00:00:00.000000,0,42.94,SELL
COP,2024-01-16T00:00:00.000000,0,42.94,SELL
COP,2024-01-17T00:00:00.000000,0,42.94,SELL
COP,2024-01-18T00:00:00.000000,0,42.94,SELL
COP,2024-01-19T00:00:00.000000,0,42.94,SELL
COP,2024-01-22T00:00:00.000000,0,39.62,SELL
COP,2024-01-23T00:00:00.000000,0,39.62,SELL
COP,2024-01-24T00:00:00.000000,0,39.62,SELL
COP,2024-01-25T00:00:00.000000,0,39.62,SELL
COP,2024-01-26T00:00:00.000000,0,39.62,SELL
COP,2024-01-29T00:00:00.000000,0,39.62,SELL
COP,2024-01-30T00:00:00.000000,0,39.62,SELL
COP,2024-01-31T00:00:00.000000,0,39.62,SELL
COP,2024-02-01T00:00:00.000000,0,39.62,SELL
COP,2024-02-02T00:00:00.000000,0,39.62,SELL
COP,2024-02-05T00:00:00.000000,0,42.94,SELL
COP,2024-02-06T00:00:00.000000,0,42.94,SELL
COP,2024-02-07T00:00:00.000000,0,42.94,SELL
COP,2024-02-08T00:00:00.000000,0,46.09,SELL
COP,2024-02-09T00:00:00.000000,0,48.73,SELL
COP,2024-02-12T00:00:00.000000,1,48.73,BUY
COP,2024-02-13T00:00:00.000000,1,50.44,BUY
COP,2024-02-14T00:00:00.000000,1,50.44,BUY
COP,2024-02-15T00:00:00.000000,1,50.44,BUY
COP,2024-02-16T00:00:00.000000,1,48.73,BUY
COP,2024-02-20T00:00:00.000000,1,48.73,BUY
COP,2024-02-21T00:00:00.000000,0,48.73,SELL
COP,2024-02-22T00:00:00.000000,0,46.09,SELL
COP,2024-02-23T00:00:00.000000,0,46.09,SELL
COP,2024-02-26T00:00:00.000000,0,42.94,SELL
COP,2024-02-27T00:00:00.000000,0,42.94,SELL
COP,2024-02-28T00:00:00.000000,0,42.94,SELL
COP,2024-02-29T00:00:00.000000,0,46.09,SELL
COP,2024-03-01T00:00:00.000000,0,46.09,SELL
COP,2024-03-04T00:00:00.000000,0,42.94,SELL
COP,2024-03-05T00:00:00.000000,0,42.94,SELL
COP,2024-03-06T00:00:00.000000,0,42.94,SELL
COP,2024-03-07T00:00:00.000000,0,42.94,SELL
COP,2024-03-08T00:00:00.000000,0,42.94,SELL
COP,2024-03-11T00:00:00.000000,0,42.94,SELL
COP,2024-03-12T00:00:00.000000,0,42.94,SELL
COP,2024-03-13T00:00:00.000000,0,42.94,SELL
COP,2024-03-14T00:00:00.000000,0,42.94,SELL
COP,2024-03-15T00:00:00.000000,0,42.94,SELL
COP,2024-03-18T00:00:00.000000,0,42.94,SELL
COP,2024-03-19T00:00:00.000000,0,42.94,SELL
COP,2024-03-20T00:00:00.000000,0,42.94,SELL
COP,2024-03-21T00:00:00.000000,0,46.09,SELL
COP,2024-03-22T00:00:00.000000,0,46.09,SELL
COP,2024-03-25T00:00:00.000000,0,46.09,SELL
COP,2024-03-26T00:00:00.000000,0,46.09,SELL
COP,2024-03-27T00:00:00.000000,0,46.09,SELL
COP,2024-03-28T00:00:00.000000,0,46.09,SELL
COP,2024-04-01T00:00:00.000000,0,48.73,SELL
COP,2024-04-02T00:00:00.000000,0,48.73,SELL
COP,2024-04-03T00:00:00.000000,0,48.73,SELL
COP,2024-04-04T00:00:00.000000,1,48.73,BUY
COP,2024-04-05T00:00:00.000000,1,48.73,BUY
COP,2024-04-08T00:00:00.000000,1,48.73,BUY
COP,2024-04-09T00:00:00.000000,1,50.44,BUY
COP,2024-04-10T00:00:00.000000,1,50.44,BUY
COP,2024-04-11T00:00:00.000000,1,50.44,BUY
COP,2024-04-12T00:00:00.000000,1,50.44,BUY
COP,2024-04-15T00:00:00.000000,1,50.44,BUY
COP,2024-04-16T00:00:00.000000,1,50.44,BUY
COP,2024-04-17T00:00:00.000000,1,50.69,BUY
COP,2024-04-18T00:00:00.000000,1,50.69,BUY
COP,2024-04-19T00:00:00.000000,1,50.69,BUY
COP,2024-04-22T00:00:00.000000,1,50.69,BUY
COP,2024-04-23T00:00:00.000000,1,50.69,BUY
COP,2024-04-24T00:00:00.000000,1,50.69,BUY
COP,2024-04-25T00:00:00.000000,1,50.69,BUY
COP,2024-04-26T00:00:00.000000,1,50.69,BUY
COP,2024-04-29T00:00:00.000000,1,50.69,BUY
COP,2024-04-30T00:00:00.000000,1,50.44,BUY
COP,2024-05-01T00:00:00.000000,1,48.73,BUY
COP,2024-05-02T00:00:00.000000,1,48.73,BUY
COP,2024-05-03T00:00:00.000000,0,46.09,SELL
COP,2024-05-06T00:00:00.000000,0,42.94,SELL
COP,2024-05-07T00:00:00.000000,0,42.94,SELL
COP,2024-05-08T00:00:00.000000,0,42.94,SELL
COP,2024-05-09T00:00:00.000000,0,39.62,SELL
COP,2024-05-10T00:00:00.000000,0,39.62,SELL
COP,2024-05-13T00:00:00.000000,0,39.62,SELL
COP,2024-05-14T00:00:00.000000,0,39.62,SELL
COP,2024-05-15T00:00:00.000000,0,39.62,SELL
COP,2024-05-16T00:00:00.000000,0,39.62,SELL
COP,2024-05-17T00:00:00.000000,0,39.62,SELL
COP,2024-05-20T00:00:00.000000,0,39.62,SELL
COP,2024-05-21T00:00:00.000000,0,39.62,SELL
COP,2024-05-22T00:00:00.000000,0,39.62,SELL
COP,2024-05-23T00:00:00.000000,0,39.62,SELL
COP,2024-05-24T00:00:00.000000,0,39.62,SELL
COP,2024-05-28T00:00:00.000000,0,39.62,SELL
COP,2024-05-29T00:00:00.000000,0,39.62,SELL
COP,2024-05-30T00:00:00.000000,0,39.62,SELL
COP,2024-05-31T00:00:00.000000,0,39.62,SELL
COP,2024-06-03T00:00:00.000000,0,40.0,SELL
COP,2024-06-04T00:00:00.000000,0,42.94,SELL
COP,2024-06-05T00:00:00.000000,0,39.62,SELL
COP,2024-06-06T00:00:00.000000,0,39.62,SELL
COP,2024-06-07T00:00:00.000000,0,39.62,SELL
COP,2024-06-10T00:00:00.000000,0,39.62,SELL
COP,2024-06-11T00:00:00.000000,0,39.62,SELL
COP,2024-06-12T00:00:00.000000,0,39.62,SELL
COP,2024-06-13T00:00:00.000000,0,39.62,SELL
COP,2024-06-14T00:00:00.000000,0,42.94,SELL
COP,2024-06-17T00:00:00.000000,0,42.94,SELL
COP,2024-06-18T00:00:00.000000,0,42.94,SELL
COP,2024-06-20T00:00:00.000000,0,42.94,SELL
COP,2024-06-21T00:00:00.000000,0,46.09,SELL
COP,2024-06-24T00:00:00.000000,0,48.73,SELL
COP,2024-06-25T00:00:00.000000,1,48.73,BUY
COP,2024-06-26T00:00:00.000000,0,48.73,SELL
COP,2024-06-27T00:00:00.000000,0,46.09,SELL
COP,2024-06-28T00:00:00.000000,0,46.09,SELL
COP,2024-07-01T00:00:00.000000,0,42.94,SELL
COP,2024-07-02T00:00:00.000000,0,46.09,SELL
COP,2024-07-03T00:00:00.000000,0,48.73,SELL
COP,2024-07-05T00:00:00.000000,1,48.73,BUY
COP,2024-07-08T00:00:00.000000,1,50.44,BUY
COP,2024-07-09T00:00:00.000000,1,50.44,BUY
COP,2024-07-10T00:00:00.000000,1,48.73,BUY
COP,2024-07-11T00:00:00.000000,1,48.73,BUY
COP,2024-07-12T00:00:00.000000,0,46.09,SELL
COP,2024-07-15T00:00:00.000000,0,46.09,SELL
COP,2024-07-16T00:00:00.000000,0,42.94,SELL
COP,2024-07-17T00:00:00.000000,0,42.94,SELL
COP,2024-07-18T00:00:00.000000,0,42.94,SELL
COP,2024-07-19T00:00:00.000000,0,42.94,SELL
COP,2024-07-22T00:00:00.000000,0,42.94,SELL
COP,2024-07-23T00:00:00.000000,0,48.73,SELL
COP,2024-07-24T00:00:00.000000,1,48.73,BUY
COP,2024-07-25T00:00:00.000000,1,48.73,BUY
COP,2024-07-26T00:00:00.000000,1,48.73,BUY
COP,2024-07-29T00:00:00.000000,1,48.73,BUY
COP,2024-07-30T00:00:00.000000,1,48.73,BUY
COP,2024-07-31T00:00:00.000000,1,48.73,BUY
COP,2024-08-01T00:00:00.000000,1,50.44,BUY
COP,2024-08-02T00:00:00.000000,1,50.44,BUY
COP,2024-08-05T00:00:00.000000,1,48.73,BUY
COP,2024-08-06T00:00:00.000000,1,48.73,BUY
COP,2024-08-07T00:00:00.000000,0,46.09,SELL
COP,2024-08-08T00:00:00.000000,0,46.09,SELL
COP,2024-08-09T00:00:00.000000,0,46.09,SELL
COP,2024-08-12T00:00:00.000000,0,48.73,SELL
COP,2024-08-13T00:00:00.000000,0,48.73,SELL
COP,2024-08-14T00:00:00.000000,0,46.09,SELL
COP,2024-08-15T00:00:00.000000,0,42.94,SELL
COP,2024-08-16T00:00:00.000000,0,39.62,SELL
COP,2024-08-19T00:00:00.000000,0,39.62,SELL
COP,2024-08-20T00:00:00.000000,0,39.62,SELL
COP,2024-08-21T00:00:00.000000,0,42.94,SELL
COP,2024-08-22T00:00:00.000000,0,42.94,SELL
COP,2024-08-23T00:00:00.000000,0,42.94,SELL
COP,2024-08-26T00:00:00.000000,0,42.94,SELL
COP,2024-08-27T00:00:00.000000,0,42.94,SELL
COP,2024-08-28T00:00:00.000000,0,42.94,SELL
COP,2024-08-29T00:00:00.000000,0,46.09,SELL
COP,2024-08-30T00:00:00.000000,0,48.73,SELL
COP,2024-09-03T00:00:00.000000,1,48.73,BUY
COP,2024-09-04T00:00:00.000000,1,48.73,BUY
COP,2024-09-05T00:00:00.000000,1,48.73,BUY
COP,2024-09-06T00:00:00.000000,1,50.44,BUY
COP,2024-09-09T00:00:00.000000,1,50.44,BUY
COP,2024-09-10T00:00:00.000000,1,50.44,BUY
COP,2024-09-11T00:00:00.000000,1,50.44,BUY
COP,2024-09-12T00:00:00.000000,1,48.73,BUY
COP,2024-09-13T00:00:00.000000,1,48.73,BUY
COP,2024-09-16T00:00:00.000000,1,48.73,BUY
COP,2024-09-17T00:00:00.000000,1,48.73,BUY
COP,2024-09-18T00:00:00.000000,1,48.73,BUY
COP,2024-09-19T00:00:00.000000,0,46.09,SELL
COP,2024-09-20T00:00:00.000000,0,42.94,SELL
COP,2024-09-23T00:00:00.000000,0,42.94,SELL
COP,2024-09-24T00:00:00.000000,0,39.62,SELL
COP,2024-09-25T00:00:00.000000,0,39.62,SELL
COP,2024-09-26T00:00:00.000000,0,39.62,SELL
COP,2024-09-27T00:00:00.000000,0,39.62,SELL
COP,2024-09-30T00:00:00.000000,0,42.94,SELL
COP,2024-10-01T00:00:00.000000,0,42.94,SELL
COP,2024-10-02T00:00:00.000000,0,42.94,SELL
COP,2024-10-03T00:00:00.000000,0,42.94,SELL
COP,2024-10-04T00:00:00.000000,0,42.94,SELL
COP,2024-10-07T00:00:00.000000,0,42.94,SELL
COP,2024-10-08T00:00:00.000000,0,42.94,SELL
COP,2024-10-09T00:00:00.000000,0,42.94,SELL
COP,2024-10-10T00:00:00.000000,0,42.94,SELL
COP,2024-10-11T00:00:00.000000,0,42.94,SELL
COP,2024-10-14T00:00:00.000000,0,42.94,SELL
COP,2024-10-15T00:00:00.000000,0,42.94,SELL
COP,2024-10-16T00:00:00.000000,0,42.94,SELL
COP,2024-10-17T00:00:00.000000,0,42.94,SELL
COP,2024-10-18T00:00:00.000000,0,42.94,SELL
COP,2024-10-21T00:00:00.000000,0,42.94,SELL
COP,2024-10-22T00:00:00.000000,0,42.94,SELL
COP,2024-10-23T00:00:00.000000,0,42.94,SELL
COP,2024-10-24T00:00:00.000000,0,42.94,SELL
COP,2024-10-25T00:00:00.000000,0,42.94,SELL
COP,2024-10-28T00:00:00.000000,0,42.94,SELL
COP,2024-10-29T00:00:00.000000,0,42.94,SELL
COP,2024-10-30T00:00:00.000000,0,46.09,SELL
COP,2024-10-31T00:00:00.000000,0,46.09,SELL
COP,2024-11-01T00:00:00.000000,0,48.73,SELL
COP,2024-11-04T00:00:00.000000,1,48.73,BUY
COP,2024-11-05T00:00:00.000000,1,48.73,BUY
COP,2024-11-06T00:00:00.000000,1,48.73,BUY
COP,2024-11-07T00:00:00.000000,1,48.73,BUY
COP,2024-11-08T00:00:00.000000,1,48.73,BUY
COP,2024-11-11T00:00:00.000000,0,48.73,SELL
COP,2024-11-12T00:00:00.000000,0,48.73,SELL
COP,2024-11-13T00:00:00.000000,1,48.73,BUY
COP,2024-11-14T00:00:00.000000,1,48.73,BUY
COP,2024-11-15T00:00:00.000000,0,48.73,SELL
COP,2024-11-18T00:00:00.000000,0,48.73,SELL
COP,2024-11-19T00:00:00.000000,0,46.09,SELL
COP,2024-11-20T00:00:00.000000,0,46.09,SELL
COP,2024-11-21T00:00:00.000000,0,42.94,SELL
COP,2024-11-22T00:00:00.000000,0,42.94,SELL
COP,2024-11-25T00:00:00.000000,0,42.94,SELL
COP,2024-11-26T00:00:00.000000,0,42.94,SELL
COP,2024-11-27T00:00:00.000000,0,42.94,SELL
COP,2024-11-29T00:00:00.000000,0,42.94,SELL
COP,2024-12-02T00:00:00.000000,0,42.94,SELL
COP,2024-12-03T00:00:00.000000,0,42.94,SELL
COP,2024-12-04T00:00:00.000000,0,42.94,SELL
COP,2024-12-05T00:00:00.000000,0,39.62,SELL
COP,2024-12-06T00:00:00.000000,0,39.62,SELL
COP,2024-12-09T00:00:00.000000,0,39.62,SELL
COP,2024-12-10T00:00:00.000000,0,39.62,SELL
COP,2024-12-11T00:00:00.000000,0,39.62,SELL
COP,2024-12-12T00:00:00.000000,0,39.62,SELL
COP,2024-12-13T00:00:00.000000,0,39.62,SELL
COP,2024-12-16T00:00:00.000000,0,39.62,SELL
COP,2024-12-17T00:00:00.000000,0,39.62,SELL
COP,2024-12-18T00:00:00.000000,0,39.62,SELL
COP,2024-12-19T00:00:00.000000,0,39.62,SELL
COP,2024-12-20T00:00:00.000000,0,39.62,SELL
COST,2023-02-21T00:00:00.000000,1,50.44,BUY
COST,2023-02-22T00:00:00.000000,1,50.44,BUY
COST,2023-02-23T00:00:00.000000,1,50.69,BUY
COST,2023-02-24T00:00:00.000000,1,50.69,BUY
COST,2023-02-27T00:00:00.000000,1,50.69,BUY
COST,2023-02-28T00:00:00.000000,1,50.69,BUY
COST,2023-03-01T00:00:00.000000,1,50.69,BUY
COST,2023-03-02T00:00:00.000000,1,50.69,BUY
COST,2023-03-03T00:00:00.000000,1,50.69,BUY
COST,2023-03-06T00:00:00.000000,1,50.69,BUY
COST,2023-03-07T00:00:00.000000,1,50.69,BUY
COST,2023-03-08T00:00:00.000000,1,50.69,BUY
COST,2023-03-09T00:00:00.000000,1,50.69,BUY
COST,2023-03-10T00:00:00.000000,1,50.69,BUY
COST,2023-03-13T00:00:00.000000,1,50.69,BUY
COST,2023-03-14T00:00:00.000000,1,50.69,BUY
COST,2023-03-15T00:00:00.000000,1,50.69,BUY
COST,2023-03-16T00:00:00.000000,1,50.69,BUY
COST,2023-03-17T00:00:00.000000,1,50.69,BUY
COST,2023-03-20T00:00:00.000000,1,50.69,BUY
COST,2023-03-21T00:00:00.000000,1,50.69,BUY
COST,2023-03-22T00:00:00.000000,1,50.69,BUY
COST,2023-03-23T00:00:00.000000,1,50.69,BUY
COST,2023-03-24T00:00:00.000000,1,50.69,BUY
COST,2023-03-27T00:00:00.000000,1,50.69,BUY
COST,2023-03-28T00:00:00.000000,1,50.69,BUY
COST,2023-03-29T00:00:00.000000,1,50.69,BUY
COST,2023-03-30T00:00:00.000000,1,50.69,BUY
COST,2023-03-31T00:00:00.000000,1,50.69,BUY
COST,2023-04-03T00:00:00.000000,1,50.69,BUY
COST,2023-04-04T00:00:00.000000,1,50.69,BUY
COST,2023-04-05T00:00:00.000000,1,50.44,BUY
COST,2023-04-06T00:00:00.000000,1,50.44,BUY
COST,2023-04-10T00:00:00.000000,1,50.44,BUY
COST,2023-04-11T00:00:00.000000,1,50.44,BUY
COST,2023-04-12T00:00:00.000000,1,50.44,BUY
COST,2023-04-13T00:00:00.000000,1,50.44,BUY
COST,2023-04-14T00:00:00.000000,1,50.44,BUY
COST,2023-04-17T00:00:00.000000,1,50.44,BUY
COST,2023-04-18T00:00:00.000000,1,50.44,BUY
COST,2023-04-19T00:00:00.000000,1,50.44,BUY
COST,2023-04-20T00:00:00.000000,1,50.44,BUY
COST,2023-04-21T00:00:00.000000,1,50.44,BUY
COST,2023-04-24T00:00:00.000000,1,50.44,BUY
COST,2023-04-25T00:00:00.000000,1,50.44,BUY
COST,2023-04-26T00:00:00.000000,1,50.44,BUY
COST,2023-04-27T00:00:00.000000,1,50.44,BUY
COST,2023-04-28T00:00:00.000000,1,50.44,BUY
COST,2023-05-01T00:00:00.000000,1,50.44,BUY
COST,2023-05-02T00:00:00.000000,1,50.44,BUY
COST,2023-05-03T00:00:00.000000,1,50.44,BUY
COST,2023-05-04T00:00:00.000000,1,50.69,BUY
COST,2023-05-05T00:00:00.000000,1,50.69,BUY
COST,2023-05-08T00:00:00.000000,1,50.69,BUY
COST,2023-05-09T00:00:00.000000,1,50.69,BUY
COST,2023-05-10T00:00:00.000000,1,50.69,BUY
COST,2023-05-11T00:00:00.000000,1,50.69,BUY
COST,2023-05-12T00:00:00.000000,1,50.44,BUY
COST,2023-05-15T00:00:00.000000,1,50.44,BUY
COST,2023-05-16T00:00:00.000000,1,50.69,BUY
COST,2023-05-17T00:00:00.000000,1,50.69,BUY
COST,2023-05-18T00:00:00.000000,1,50.69,BUY
COST,2023-05-19T00:00:00.000000,1,50.69,BUY
COST,2023-05-22T00:00:00.000000,1,50.69,BUY
COST,2023-05-23T00:00:00.000000,1,50.69,BUY
COST,2023-05-24T00:00:00.000000,1,50.69,BUY
COST,2023-05-25T00:00:00.000000,1,50.69,BUY
COST,2023-05-26T00:00:00.000000,1,50.69,BUY
COST,2023-05-30T00:00:00.000000,1,50.69,BUY
COST,2023-05-31T00:00:00.000000,1,50.69,BUY
COST,2023-06-01T00:00:00.000000,1,50.69,BUY
COST,2023-06-02T00:00:00.000000,1,50.69,BUY
COST,2023-06-05T00:00:00.000000,1,50.69,BUY
COST,2023-06-06T00:00:00.000000,1,50.69,BUY
COST,2023-06-07T00:00:00.000000,1,50.69,BUY
COST,2023-06-08T00:00:00.000000,1,50.69,BUY
COST,2023-06-09T00:00:00.000000,1,50.44,BUY
COST,2023-06-12T00:00:00.000000,1,50.44,BUY
COST,2023-06-13T00:00:00.000000,1,50.44,BUY
COST,2023-06-14T00:00:00.000000,1,50.44,BUY
COST,2023-06-15T00:00:00.000000,1,50.44,BUY
COST,2023-06-16T00:00:00.000000,1,50.44,BUY
COST,2023-06-20T00:00:00.000000,1,50.44,BUY
COST,2023-06-21T00:00:00.000000,1,50.44,BUY
COST,2023-06-22T00:00:00.000000,1,50.44,BUY
COST,2023-06-23T00:00:00.000000,1,50.44,BUY
COST,2023-06-26T00:00:00.000000,1,50.44,BUY
COST,2023-06-27T00:00:00.000000,1,50.44,BUY
COST,2023-06-28T00:00:00.000000,1,50.44,BUY
COST,2023-06-29T00:00:00.000000,1,50.69,BUY
COST,2023-06-30T00:00:00.000000,1,50.69,BUY
COST,2023-07-03T00:00:00.000000,1,50.44,BUY
COST,2023-07-05T00:00:00.000000,1,50.44,BUY
COST,2023-07-06T00:00:00.000000,1,50.44,BUY
COST,2023-07-07T00:00:00.000000,1,50.44,BUY
COST,2023-07-10T00:00:00.000000,1,50.69,BUY
COST,2023-07-11T00:00:00.000000,1,50.69,BUY
COST,2023-07-12T00:00:00.000000,1,50.44,BUY
COST,2023-07-13T00:00:00.000000,1,50.44,BUY
COST,2023-07-14T00:00:00.000000,1,50.44,BUY
COST,2023-07-17T00:00:00.000000,1,50.44,BUY
COST,2023-07-18T00:00:00.000000,1,50.44,BUY
COST,2023-07-19T00:00:00.000000,1,50.44,BUY
COST,2023-07-20T00:00:00.000000,1,50.44,BUY
COST,2023-07-21T00:00:00.000000,1,50.44,BUY
COST,2023-07-24T00:00:00.000000,1,50.44,BUY
COST,2023-07-25T00:00:00.000000,1,48.73,BUY
COST,2023-07-26T00:00:00.000000,1,48.73,BUY
COST,2023-07-27T00:00:00.000000,1,48.73,BUY
COST,2023-07-28T00:00:00.000000,1,50.0,BUY
COST,2023-07-31T00:00:00.000000,1,48.73,BUY
COST,2023-08-01T00:00:00.000000,1,48.73,BUY
COST,2023-08-02T00:00:00.000000,1,48.73,BUY
COST,2023-08-03T00:00:00.000000,1,48.73,BUY
COST,2023-08-04T00:00:00.000000,1,48.73,BUY
COST,2023-08-07T00:00:00.000000,1,48.73,BUY
COST,2023-08-08T00:00:00.000000,1,48.73,BUY
COST,2023-08-09T00:00:00.000000,1,48.73,BUY
COST,2023-08-10T00:00:00.000000,1,48.73,BUY
COST,2023-08-11T00:00:00.000000,1,48.73,BUY
COST,2023-08-14T00:00:00.000000,1,48.73,BUY
COST,2023-08-15T00:00:00.000000,1,48.73,BUY
COST,2023-08-16T00:00:00.000000,1,48.73,BUY
COST,2023-08-17T00:00:00.000000,1,48.73,BUY
COST,2023-08-18T00:00:00.000000,1,48.73,BUY
COST,2023-08-21T00:00:00.000000,1,48.73,BUY
COST,2023-08-22T00:00:00.000000,1,48.73,BUY
COST,2023-08-23T00:00:00.000000,1,48.73,BUY
COST,2023-08-24T00:00:00.000000,1,48.73,BUY
COST,2023-08-25T00:00:00.000000,1,48.73,BUY
COST,2023-08-28T00:00:00.000000,1,50.44,BUY
COST,2023-08-29T00:00:00.000000,1,50.44,BUY
COST,2023-08-30T00:00:00.000000,1,50.44,BUY
COST,2023-08-31T00:00:00.000000,1,48.73,BUY
COST,2023-09-01T00:00:00.000000,1,48.73,BUY
COST,2023-09-05T00:00:00.000000,1,48.73,BUY
COST,2023-09-06T00:00:00.000000,1,48.73,BUY
COST,2023-09-07T00:00:00.000000,1,48.73,BUY
COST,2023-09-08T00:00:00.000000,1,48.73,BUY
COST,2023-09-11T00:00:00.000000,1,48.73,BUY
COST,2023-09-12T00:00:00.000000,1,50.44,BUY
COST,2023-09-13T00:00:00.000000,1,50.44,BUY
COST,2023-09-14T00:00:00.000000,1,50.44,BUY
COST,2023-09-15T00:00:00.000000,1,50.44,BUY
COST,2023-09-18T00:00:00.000000,1,50.69,BUY
COST,2023-09-19T00:00:00.000000,1,50.69,BUY
COST,2023-09-20T00:00:00.000000,1,50.69,BUY
COST,2023-09-21T00:00:00.000000,1,50.69,BUY
COST,2023-09-22T00:00:00.000000,1,50.69,BUY
COST,2023-09-25T00:00:00.000000,1,50.69,BUY
COST,2023-09-26T00:00:00.000000,1,50.69,BUY
COST,2023-09-27T00:00:00.000000,1,50.69,BUY
COST,2023-09-28T00:00:00.000000,1,50.69,BUY
COST,2023-09-29T00:00:00.000000,1,50.69,BUY
COST,2023-10-02T00:00:00.000000,1,50.69,BUY
COST,2023-10-03T00:00:00.000000,1,50.69,BUY
COST,2023-10-04T00:00:00.000000,1,50.69,BUY
COST,2023-10-05T00:00:00.000000,1,50.69,BUY
COST,2023-10-06T00:00:00.000000,1,50.69,BUY
COST,2023-10-09T00:00:00.000000,1,50.69,BUY
COST,2023-10-10T00:00:00.000000,1,50.69,BUY
COST,2023-10-11T00:00:00.000000,1,50.69,BUY
COST,2023-10-12T00:00:00.000000,1,50.69,BUY
COST,2023-10-13T00:00:00.000000,1,50.69,BUY
COST,2023-10-16T00:00:00.000000,1,50.69,BUY
COST,2023-10-17T00:00:00.000000,1,50.69,BUY
COST,2023-10-18T00:00:00.000000,1,50.69,BUY
COST,2023-10-19T00:00:00.000000,1,50.69,BUY
COST,2023-10-20T00:00:00.000000,1,50.69,BUY
COST,2023-10-23T00:00:00.000000,1,50.69,BUY
COST,2023-10-24T00:00:00.000000,1,50.69,BUY
COST,2023-10-25T00:00:00.000000,1,50.69,BUY
COST,2023-10-26T00:00:00.000000,1,50.69,BUY
COST,2023-10-27T00:00:00.000000,1,50.69,BUY
COST,2023-10-30T00:00:00.000000,1,50.69,BUY
COST,2023-10-31T00:00:00.000000,1,50.69,BUY
COST,2023-11-01T00:00:00.000000,1,50.69,BUY
COST,2023-11-02T00:00:00.000000,1,50.69,BUY
COST,2023-11-03T00:00:00.000000,1,50.69,BUY
COST,2023-11-06T00:00:00.000000,1,50.69,BUY
COST,2023-11-07T00:00:00.000000,1,50.69,BUY
COST,2023-11-08T00:00:00.000000,1,50.44,BUY
COST,2023-11-09T00:00:00.000000,1,50.44,BUY
COST,2023-11-10T00:00:00.000000,1,50.44,BUY
COST,2023-11-13T00:00:00.000000,1,48.73,BUY
COST,2023-11-14T00:00:00.000000,1,48.73,BUY
COST,2023-11-15T00:00:00.000000,1,48.73,BUY
COST,2023-11-16T00:00:00.000000,0,48.73,SELL
COST,2023-11-17T00:00:00.000000,1,48.73,BUY
COST,2023-11-20T00:00:00.000000,1,48.73,BUY
COST,2023-11-21T00:00:00.000000,1,48.73,BUY
COST,2023-11-22T00:00:00.000000,1,48.73,BUY
COST,2023-11-24T00:00:00.000000,1,48.73,BUY
COST,2023-11-27T00:00:00.000000,1,48.73,BUY
COST,2023-11-28T00:00:00.000000,1,48.73,BUY
COST,2023-11-29T00:00:00.000000,1,48.73,BUY
COST,2023-11-30T00:00:00.000000,1,48.73,BUY
COST,2023-12-01T00:00:00.000000,1,48.73,BUY
COST,2023-12-04T00:00:00.000000,1,48.73,BUY
COST,2023-12-05T00:00:00.000000,1,48.73,BUY
COST,2023-12-06T00:00:00.000000,1,48.73,BUY
COST,2023-12-07T00:00:00.000000,1,50.44,BUY
COST,2023-12-08T00:00:00.000000,1,50.44,BUY
COST,2023-12-11T00:00:00.000000,1,50.44,BUY
COST,2023-12-12T00:00:00.000000,1,50.44,BUY
COST,2023-12-13T00:00:00.000000,1,48.73,BUY
COST,2023-12-14T00:00:00.000000,1,48.73,BUY
COST,2023-12-15T00:00:00.000000,1,48.73,BUY
COST,2023-12-18T00:00:00.000000,1,48.73,BUY
COST,2023-12-19T00:00:00.000000,1,48.73,BUY
COST,2023-12-20T00:00:00.000000,1,48.73,BUY
COST,2023-12-21T00:00:00.000000,1,48.73,BUY
COST,2023-12-22T00:00:00.000000,1,48.73,BUY
COST,2023-12-26T00:00:00.000000,0,48.73,SELL
COST,2023-12-27T00:00:00.000000,0,46.09,SELL
COST,2023-12-28T00:00:00.000000,0,46.09,SELL
COST,2023-12-29T00:00:00.000000,0,46.09,SELL
COST,2024-01-02T00:00:00.000000,0,46.09,SELL
COST,2024-01-03T00:00:00.000000,0,46.09,SELL
COST,2024-01-04T00:00:00.000000,0,46.09,SELL
COST,2024-01-05T00:00:00.000000,0,48.73,SELL
COST,2024-01-08T00:00:00.000000,0,48.73,SELL
COST,2024-01-09T00:00:00.000000,0,48.73,SELL
COST,2024-01-10T00:00:00.000000,1,48.73,BUY
COST,2024-01-11T00:00:00.000000,1,48.73,BUY
COST,2024-01-12T00:00:00.000000,1,48.73,BUY
COST,2024-01-16T00:00:00.000000,1,48.73,BUY
COST,2024-01-17T00:00:00.000000,1,48.73,BUY
COST,2024-01-18T00:00:00.000000,1,48.73,BUY
COST,2024-01-19T00:00:00.000000,1,48.73,BUY
COST,2024-01-22T00:00:00.000000,1,48.73,BUY
COST,2024-01-23T00:00:00.000000,1,48.73,BUY
COST,2024-01-24T00:00:00.000000,1,48.73,BUY
COST,2024-01-25T00:00:00.000000,1,48.73,BUY
COST,2024-01-26T00:00:00.000000,1,48.73,BUY
COST,2024-01-29T00:00:00.000000,1,48.73,BUY
COST,2024-01-30T00:00:00.000000,1,48.73,BUY
COST,2024-01-31T00:00:00.000000,1,48.73,BUY
COST,2024-02-01T00:00:00.000000,1,48.73,BUY
COST,2024-02-02T00:00:00.000000,1,48.73,BUY
COST,2024-02-05T00:00:00.000000,1,48.73,BUY
COST,2024-02-06T00:00:00.000000,1,48.73,BUY
COST,2024-02-07T00:00:00.000000,1,48.73,BUY
COST,2024-02-08T00:00:00.000000,1,48.73,BUY
COST,2024-02-09T00:00:00.000000,1,48.73,BUY
COST,2024-02-12T00:00:00.000000,1,48.73,BUY
COST,2024-02-13T00:00:00.000000,1,50.44,BUY
COST,2024-02-14T00:00:00.000000,1,50.44,BUY
COST,2024-02-15T00:00:00.000000,1,50.44,BUY
COST,2024-02-16T00:00:00.000000,1,50.44,BUY
COST,2024-02-20T00:00:00.000000,1,50.44,BUY
COST,2024-02-21T00:00:00.000000,1,50.44,BUY
COST,2024-02-22T00:00:00.000000,1,50.44,BUY
COST,2024-02-23T00:00:00.000000,1,50.44,BUY
COST,2024-02-26T00:00:00.000000,1,50.44,BUY
COST,2024-02-27T00:00:00.000000,1,50.44,BUY
COST,2024-02-28T00:00:00.000000,1,48.73,BUY
COST,2024-02-29T00:00:00.000000,1,48.73,BUY
COST,2024-03-01T00:00:00.000000,1,48.73,BUY
COST,2024-03-04T00:00:00.000000,1,48.73,BUY
COST,2024-03-05T00:00:00.000000,1,48.73,BUY
COST,2024-03-06T00:00:00.000000,1,48.73,BUY
COST,2024-03-07T00:00:00.000000,1,48.73,BUY
COST,2024-03-08T00:00:00.000000,1,48.73,BUY
COST,2024-03-11T00:00:00.000000,1,48.73,BUY
COST,2024-03-12T00:00:00.000000,0,48.73,SELL
COST,2024-03-13T00:00:00.000000,0,48.73,SELL
COST,2024-03-14T00:00:00.000000,0,46.09,SELL
COST,2024-03-15T00:00:00.000000,0,46.09,SELL
COST,2024-03-18T00:00:00.000000,0,46.09,SELL
COST,2024-03-19T00:00:00.000000,0,48.73,SELL
COST,2024-03-20T00:00:00.000000,0,46.09,SELL
COST,2024-03-21T00:00:00.000000,0,46.09,SELL
COST,2024-03-22T00:00:00.000000,0,46.09,SELL
COST,2024-03-25T00:00:00.000000,0,46.09,SELL
COST,2024-03-26T00:00:00.000000,0,46.09,SELL
COST,2024-03-27T00:00:00.000000,0,46.09,SELL
COST,2024-03-28T00:00:00.000000,0,46.09,SELL
COST,2024-04-01T00:00:00.000000,0,46.09,SELL
COST,2024-04-02T00:00:00.000000,0,46.09,SELL
COST,2024-04-03T00:00:00.000000,0,48.73,SELL
COST,2024-04-04T00:00:00.000000,0,48.73,SELL
COST,2024-04-05T00:00:00.000000,1,48.73,BUY
COST,2024-04-08T00:00:00.000000,1,48.73,BUY
COST,2024-04-09T00:00:00.000000,1,48.73,BUY
COST,2024-04-10T00:00:00.000000,1,48.73,BUY
COST,2024-04-11T00:00:00.000000,1,48.73,BUY
COST,2024-04-12T00:00:00.000000,1,48.73,BUY
COST,2024-04-15T00:00:00.000000,1,48.73,BUY
COST,2024-04-16T00:00:00.000000,1,48.73,BUY
COST,2024-04-17T00:00:00.000000,1,50.44,BUY
COST,2024-04-18T00:00:00.000000,1,50.44,BUY
COST,2024-04-19T00:00:00.000000,1,50.44,BUY
COST,2024-04-22T00:00:00.000000,1,50.44,BUY
COST,2024-04-23T00:00:00.000000,1,50.44,BUY
COST,2024-04-24T00:00:00.000000,1,50.44,BUY
COST,2024-04-25T00:00:00.000000,1,50.69,BUY
COST,2024-04-26T00:00:00.000000,1,50.69,BUY
COST,2024-04-29T00:00:00.000000,1,50.44,BUY
COST,2024-04-30T00:00:00.000000,1,50.44,BUY
COST,2024-05-01T00:00:00.000000,1,50.44,BUY
COST,2024-05-02T00:00:00.000000,1,50.69,BUY
COST,2024-05-03T00:00:00.000000,1,50.69,BUY
COST,2024-05-06T00:00:00.000000,1,50.69,BUY
COST,2024-05-07T00:00:00.000000,1,50.69,BUY
COST,2024-05-08T00:00:00.000000,1,50.69,BUY
COST,2024-05-09T00:00:00.000000,1,50.69,BUY
COST,2024-05-10T00:00:00.000000,1,50.44,BUY
COST,2024-05-13T00:00:00.000000,1,48.73,BUY
COST,2024-05-14T00:00:00.000000,1,48.73,BUY
COST,2024-05-15T00:00:00.000000,1,48.73,BUY
COST,2024-05-16T00:00:00.000000,1,48.73,BUY
COST,2024-05-17T00:00:00.000000,1,48.73,BUY
COST,2024-05-20T00:00:00.000000,1,48.73,BUY
COST,2024-05-21T00:00:00.000000,1,48.73,BUY
COST,2024-05-22T00:00:00.000000,1,48.73,BUY
COST,2024-05-23T00:00:00.000000,1,48.73,BUY
COST,2024-05-24T00:00:00.000000,1,48.73,BUY
COST,2024-05-28T00:00:00.000000,1,48.73,BUY
COST,2024-05-29T00:00:00.000000,1,48.73,BUY
COST,2024-05-30T00:00:00.000000,1,48.73,BUY
COST,2024-05-31T00:00:00.000000,1,48.73,BUY
COST,2024-06-03T00:00:00.000000,1,48.73,BUY
COST,2024-06-04T00:00:00.000000,1,48.73,BUY
COST,2024-06-05T00:00:00.000000,1,48.73,BUY
COST,2024-06-06T00:00:00.000000,1,48.73,BUY
COST,2024-06-07T00:00:00.000000,1,48.73,BUY
COST,2024-06-10T00:00:00.000000,1,48.73,BUY
COST,2024-06-11T00:00:00.000000,1,48.73,BUY
COST,2024-06-12T00:00:00.000000,1,48.73,BUY
COST,2024-06-13T00:00:00.000000,1,48.73,BUY
COST,2024-06-14T00:00:00.000000,1,48.73,BUY
COST,2024-06-17T00:00:00.000000,1,48.73,BUY
COST,2024-06-18T00:00:00.000000,1,48.73,BUY
COST,2024-06-20T00:00:00.000000,1,48.73,BUY
COST,2024-06-21T00:00:00.000000,1,48.73,BUY
COST,2024-06-24T00:00:00.000000,1,48.73,BUY
COST,2024-06-25T00:00:00.000000,1,48.73,BUY
COST,2024-06-26T00:00:00.000000,1,48.73,BUY
COST,2024-06-27T00:00:00.000000,1,48.73,BUY
COST,2024-06-28T00:00:00.000000,1,48.73,BUY
COST,2024-07-01T00:00:00.000000,1,48.73,BUY
COST,2024-07-02T00:00:00.000000,1,48.73,BUY
COST,2024-07-03T00:00:00.000000,1,48.73,BUY
COST,2024-07-05T00:00:00.000000,1,48.73,BUY
COST,2024-07-08T00:00:00.000000,1,48.73,BUY
COST,2024-07-09T00:00:00.000000,1,48.73,BUY
COST,2024-07-10T00:00:00.000000,1,48.73,BUY
COST,2024-07-11T00:00:00.000000,1,48.73,BUY
COST,2024-07-12T00:00:00.000000,1,48.73,BUY
COST,2024-07-15T00:00:00.000000,0,46.09,SELL
COST,2024-07-16T00:00:00.000000,0,46.09,SELL
COST,2024-07-17T00:00:00.000000,0,46.09,SELL
COST,2024-07-18T00:00:00.000000,0,46.09,SELL
COST,2024-07-19T00:00:00.000000,0,46.09,SELL
COST,2024-07-22T00:00:00.000000,0,48.73,SELL
COST,2024-07-23T00:00:00.000000,0,48.73,SELL
COST,2024-07-24T00:00:00.000000,0,48.73,SELL
COST,2024-07-25T00:00:00.000000,0,48.73,SELL
COST,2024-07-26T00:00:00.000000,0,48.73,SELL
COST,2024-07-29T00:00:00.000000,0,48.73,SELL
COST,2024-07-30T00:00:00.000000,0,48.73,SELL
COST,2024-07-31T00:00:00.000000,1,48.73,BUY
COST,2024-08-01T00:00:00.000000,1,48.73,BUY
COST,2024-08-02T00:00:00.000000,1,48.73,BUY
COST,2024-08-05T00:00:00.000000,1,48.73,BUY
COST,2024-08-06T00:00:00.000000,1,48.73,BUY
COST,2024-08-07T00:00:00.000000,1,48.73,BUY
COST,2024-08-08T00:00:00.000000,1,48.73,BUY
COST,2024-08-09T00:00:00.000000,1,48.73,BUY
COST,2024-08-12T00:00:00.000000,1,48.73,BUY
COST,2024-08-13T00:00:00.000000,1,48.73,BUY
COST,2024-08-14T00:00:00.000000,1,48.73,BUY
COST,2024-08-15T00:00:00.000000,0,48.73,SELL
COST,2024-08-16T00:00:00.000000,0,46.09,SELL
COST,2024-08-19T00:00:00.000000,0,46.09,SELL
COST,2024-08-20T00:00:00.000000,0,46.09,SELL
COST,2024-08-21T00:00:00.000000,0,46.09,SELL
COST,2024-08-22T00:00:00.000000,0,48.73,SELL
COST,2024-08-23T00:00:00.000000,0,48.73,SELL
COST,2024-08-26T00:00:00.000000,0,48.73,SELL
COST,2024-08-27T00:00:00.000000,0,48.73,SELL
COST,2024-08-28T00:00:00.000000,0,48.73,SELL
COST,2024-08-29T00:00:00.000000,0,48.73,SELL
COST,2024-08-30T00:00:00.000000,0,48.73,SELL
COST,2024-09-03T00:00:00.000000,0,48.73,SELL
COST,2024-09-04T00:00:00.000000,1,48.73,BUY
COST,2024-09-05T00:00:00.000000,1,48.73,BUY
COST,2024-09-06T00:00:00.000000,1,48.73,BUY
COST,2024-09-09T00:00:00.000000,1,48.73,BUY
COST,2024-09-10T00:00:00.000000,1,48.73,BUY
COST,2024-09-11T00:00:00.000000,1,48.73,BUY
COST,2024-09-12T00:00:00.000000,1,48.73,BUY
COST,2024-09-13T00:00:00.000000,1,48.73,BUY
COST,2024-09-16T00:00:00.000000,1,48.73,BUY
COST,2024-09-17T00:00:00.000000,1,48.73,BUY
COST,2024-09-18T00:00:00.000000,1,48.73,BUY
COST,2024-09-19T00:00:00.000000,1,48.73,BUY
COST,2024-09-20T00:00:00.000000,1,48.73,BUY
COST,2024-09-23T00:00:00.000000,1,48.73,BUY
COST,2024-09-24T00:00:00.000000,1,48.73,BUY
COST,2024-09-25T00:00:00.000000,1,48.73,BUY
COST,2024-09-26T00:00:00.000000,1,48.73,BUY
COST,2024-09-27T00:00:00.000000,1,48.73,BUY
COST,2024-09-30T00:00:00.000000,1,48.73,BUY
COST,2024-10-01T00:00:00.000000,1,48.73,BUY
COST,2024-10-02T00:00:00.000000,1,48.73,BUY
COST,2024-10-03T00:00:00.000000,1,48.73,BUY
COST,2024-10-04T00:00:00.000000,1,48.73,BUY
COST,2024-10-07T00:00:00.000000,1,48.73,BUY
COST,2024-10-08T00:00:00.000000,1,50.44,BUY
COST,2024-10-09T00:00:00.000000,1,50.44,BUY
COST,2024-10-10T00:00:00.000000,1,50.44,BUY
COST,2024-10-11T00:00:00.000000,1,50.44,BUY
COST,2024-10-14T00:00:00.000000,1,48.73,BUY
COST,2024-10-15T00:00:00.000000,1,48.73,BUY
COST,2024-10-16T00:00:00.000000,1,48.73,BUY
COST,2024-10-17T00:00:00.000000,1,48.73,BUY
COST,2024-10-18T00:00:00.000000,1,48.73,BUY
COST,2024-10-21T00:00:00.000000,1,48.73,BUY
COST,2024-10-22T00:00:00.000000,1,48.73,BUY
COST,2024-10-23T00:00:00.000000,1,48.73,BUY
COST,2024-10-24T00:00:00.000000,1,48.73,BUY
COST,2024-10-25T00:00:00.000000,1,48.73,BUY
COST,2024-10-28T00:00:00.000000,1,48.73,BUY
COST,2024-10-29T00:00:00.000000,1,48.73,BUY
COST,2024-10-30T00:00:00.000000,1,48.73,BUY
COST,2024-10-31T00:00:00.000000,1,48.73,BUY
COST,2024-11-01T00:00:00.000000,1,48.73,BUY
COST,2024-11-04T00:00:00.000000,1,50.44,BUY
COST,2024-11-05T00:00:00.000000,1,50.44,BUY
COST,2024-11-06T00:00:00.000000,1,50.44,BUY
COST,2024-11-07T00:00:00.000000,1,50.44,BUY
COST,2024-11-08T00:00:00.000000,1,50.44,BUY
COST,2024-11-11T00:00:00.000000,1,48.73,BUY
COST,2024-11-12T00:00:00.000000,1,48.73,BUY
COST,2024-11-13T00:00:00.000000,1,48.73,BUY
COST,2024-11-14T00:00:00.000000,1,48.73,BUY
COST,2024-11-15T00:00:00.000000,1,48.73,BUY
COST,2024-11-18T00:00:00.000000,1,48.73,BUY
COST,2024-11-19T00:00:00.000000,1,48.73,BUY
COST,2024-11-20T00:00:00.000000,0,48.73,SELL
COST,2024-11-21T00:00:00.000000,0,48.73,SELL
COST,2024-11-22T00:00:00.000000,1,48.73,BUY
COST,2024-11-25T00:00:00.000000,1,48.73,BUY
COST,2024-11-26T00:00:00.000000,1,48.73,BUY
COST,2024-11-27T00:00:00.000000,1,48.73,BUY
COST,2024-11-29T00:00:00.000000,1,48.73,BUY
COST,2024-12-02T00:00:00.000000,0,48.73,SELL
COST,2024-12-03T00:00:00.000000,0,48.73,SELL
COST,2024-12-04T00:00:00.000000,0,48.73,SELL
COST,2024-12-05T00:00:00.000000,0,48.73,SELL
COST,2024-12-06T00:00:00.000000,0,48.73,SELL
COST,2024-12-09T00:00:00.000000,0,48.73,SELL
COST,2024-12-10T00:00:00.000000,0,48.73,SELL
COST,2024-12-11T00:00:00.000000,0,48.73,SELL
COST,2024-12-12T00:00:00.000000,0,48.73,SELL
COST,2024-12-13T00:00:00.000000,0,48.73,SELL
COST,2024-12-16T00:00:00.000000,1,48.73,BUY
COST,2024-12-17T00:00:00.000000,1,48.73,BUY
COST,2024-12-18T00:00:00.000000,1,48.73,BUY
COST,2024-12-19T00:00:00.000000,1,48.73,BUY
COST,2024-12-20T00:00:00.000000,1,48.73,BUY
CRM,2023-02-21T00:00:00.000000,0,46.09,SELL
CRM,2023-02-22T00:00:00.000000,0,46.09,SELL
CRM,2023-02-23T00:00:00.000000,0,48.73,SELL
CRM,2023-02-24T00:00:00.000000,1,48.73,BUY
CRM,2023-02-27T00:00:00.000000,1,48.73,BUY
CRM,2023-02-28T00:00:00.000000,1,50.44,BUY
CRM,2023-03-01T00:00:00.000000,1,50.44,BUY
CRM,2023-03-02T00:00:00.000000,1,50.44,BUY
CRM,2023-03-03T00:00:00.000000,1,50.44,BUY
CRM,2023-03-06T00:00:00.000000,1,50.44,BUY
CRM,2023-03-07T00:00:00.000000,1,48.73,BUY
CRM,2023-03-08T00:00:00.000000,1,48.73,BUY
CRM,2023-03-09T00:00:00.000000,1,48.73,BUY
CRM,2023-03-10T00:00:00.000000,1,48.73,BUY
CRM,2023-03-13T00:00:00.000000,1,48.73,BUY
CRM,2023-03-14T00:00:00.000000,1,48.73,BUY
CRM,2023-03-15T00:00:00.000000,1,48.73,BUY
CRM,2023-03-16T00:00:00.000000,0,48.73,SELL
CRM,2023-03-17T00:00:00.000000,0,48.73,SELL
CRM,2023-03-20T00:00:00.000000,0,48.73,SELL
CRM,2023-03-21T00:00:00.000000,0,48.73,SELL
CRM,2023-03-22T00:00:00.000000,0,46.09,SELL
CRM,2023-03-23T00:00:00.000000,0,46.09,SELL
CRM,2023-03-24T00:00:00.000000,0,42.94,SELL
CRM,2023-03-27T00:00:00.000000,0,42.94,SELL
CRM,2023-03-28T00:00:00.000000,0,42.94,SELL
CRM,2023-03-29T00:00:00.000000,0,42.94,SELL
CRM,2023-03-30T00:00:00.000000,0,42.94,SELL
CRM,2023-03-31T00:00:00.000000,0,42.94,SELL
CRM,2023-04-03T00:00:00.000000,0,42.94,SELL
CRM,2023-04-04T00:00:00.000000,0,42.94,SELL
CRM,2023-04-05T00:00:00.000000,0,42.94,SELL
CRM,2023-04-06T00:00:00.000000,0,42.94,SELL
CRM,2023-04-10T00:00:00.000000,0,42.94,SELL
CRM,2023-04-11T00:00:00.000000,0,42.94,SELL
CRM,2023-04-12T00:00:00.000000,0,46.09,SELL
CRM,2023-04-13T00:00:00.000000,0,46.09,SELL
CRM,2023-04-14T00:00:00.000000,0,46.09,SELL
CRM,2023-04-17T00:00:00.000000,0,46.09,SELL
CRM,2023-04-18T00:00:00.000000,0,48.73,SELL
CRM,2023-04-19T00:00:00.000000,0,48.73,SELL
CRM,2023-04-20T00:00:00.000000,0,48.73,SELL
CRM,2023-04-21T00:00:00.000000,1,48.73,BUY
CRM,2023-04-24T00:00:00.000000,1,48.73,BUY
CRM,2023-04-25T00:00:00.000000,1,48.73,BUY
CRM,2023-04-26T00:00:00.000000,1,48.73,BUY
CRM,2023-04-27T00:00:00.000000,1,48.73,BUY
CRM,2023-04-28T00:00:00.000000,1,50.44,BUY
CRM,2023-05-01T00:00:00.000000,1,50.44,BUY
CRM,2023-05-02T00:00:00.000000,1,50.44,BUY
CRM,2023-05-03T00:00:00.000000,1,50.69,BUY
CRM,2023-05-04T00:00:00.000000,1,50.69,BUY
CRM,2023-05-05T00:00:00.000000,1,50.69,BUY
CRM,2023-05-08T00:00:00.000000,1,50.69,BUY
CRM,2023-05-09T00:00:00.000000,1,50.69,BUY
CRM,2023-05-10T00:00:00.000000,1,50.69,BUY
CRM,2023-05-11T00:00:00.000000,1,50.44,BUY
CRM,2023-05-12T00:00:00.000000,1,48.73,BUY
CRM,2023-05-15T00:00:00.000000,1,48.73,BUY
CRM,2023-05-16T00:00:00.000000,1,48.73,BUY
CRM,2023-05-17T00:00:00.000000,1,48.73,BUY
CRM,2023-05-18T00:00:00.000000,1,48.73,BUY
CRM,2023-05-19T00:00:00.000000,1,48.73,BUY
CRM,2023-05-22T00:00:00.000000,1,48.73,BUY
CRM,2023-05-23T00:00:00.000000,1,48.73,BUY
CRM,2023-05-24T00:00:00.000000,1,48.73,BUY
CRM,2023-05-25T00:00:00.000000,1,48.73,BUY
CRM,2023-05-26T00:00:00.000000,1,48.73,BUY
CRM,2023-05-30T00:00:00.000000,1,48.73,BUY
CRM,2023-05-31T00:00:00.000000,1,48.73,BUY
CRM,2023-06-01T00:00:00.000000,1,48.73,BUY
CRM,2023-06-02T00:00:00.000000,1,48.73,BUY
CRM,2023-06-05T00:00:00.000000,1,48.73,BUY
CRM,2023-06-06T00:00:00.000000,1,48.73,BUY
CRM,2023-06-07T00:00:00.000000,1,48.73,BUY
CRM,2023-06-08T00:00:00.000000,1,48.73,BUY
CRM,2023-06-09T00:00:00.000000,1,48.73,BUY
CRM,2023-06-12T00:00:00.000000,1,48.73,BUY
CRM,2023-06-13T00:00:00.000000,1,48.73,BUY
CRM,2023-06-14T00:00:00.000000,1,48.73,BUY
CRM,2023-06-15T00:00:00.000000,0,48.73,SELL
CRM,2023-06-16T00:00:00.000000,1,48.73,BUY
CRM,2023-06-20T00:00:00.000000,1,48.73,BUY
CRM,2023-06-21T00:00:00.000000,1,48.73,BUY
CRM,2023-06-22T00:00:00.000000,1,50.44,BUY
CRM,2023-06-23T00:00:00.000000,1,50.44,BUY
CRM,2023-06-26T00:00:00.000000,1,50.44,BUY
CRM,2023-06-27T00:00:00.000000,1,48.73,BUY
CRM,2023-06-28T00:00:00.000000,1,48.73,BUY
CRM,2023-06-29T00:00:00.000000,1,50.44,BUY
CRM,2023-06-30T00:00:00.000000,1,50.44,BUY
CRM,2023-07-03T00:00:00.000000,1,50.69,BUY
CRM,2023-07-05T00:00:00.000000,1,50.44,BUY
CRM,2023-07-06T00:00:00.000000,1,50.44,BUY
CRM,2023-07-07T00:00:00.000000,1,50.44,BUY
CRM,2023-07-10T00:00:00.000000,1,50.44,BUY
CRM,2023-07-11T00:00:00.000000,1,48.73,BUY
CRM,2023-07-12T00:00:00.000000,1,48.73,BUY
CRM,2023-07-13T00:00:00.000000,1,48.73,BUY
CRM,2023-07-14T00:00:00.000000,1,48.73,BUY
CRM,2023-07-17T00:00:00.000000,1,48.73,BUY
CRM,2023-07-18T00:00:00.000000,1,48.73,BUY
CRM,2023-07-19T00:00:00.000000,1,48.73,BUY
CRM,2023-07-20T00:00:00.000000,1,48.73,BUY
CRM,2023-07-21T00:00:00.000000,1,48.73,BUY
CRM,2023-07-24T00:00:00.000000,1,48.73,BUY
CRM,2023-07-25T00:00:00.000000,0,48.73,SELL
CRM,2023-07-26T00:00:00.000000,0,48.73,SELL
CRM,2023-07-27T00:00:00.000000,0,48.73,SELL
CRM,2023-07-28T00:00:00.000000,0,48.73,SELL
CRM,2023-07-31T00:00:00.000000,0,46.09,SELL
CRM,2023-08-01T00:00:00.000000,0,46.09,SELL
CRM,2023-08-02T00:00:00.000000,0,48.73,SELL
CRM,2023-08-03T00:00:00.000000,1,48.73,BUY
CRM,2023-08-04T00:00:00.000000,1,48.73,BUY
CRM,2023-08-07T00:00:00.000000,0,48.73,SELL
CRM,2023-08-08T00:00:00.000000,1,48.73,BUY
CRM,2023-08-09T00:00:00.000000,1,48.73,BUY
CRM,2023-08-10T00:00:00.000000,1,48.73,BUY
CRM,2023-08-11T00:00:00.000000,1,48.73,BUY
CRM,2023-08-14T00:00:00.000000,1,50.44,BUY
CRM,2023-08-15T00:00:00.000000,1,50.44,BUY
CRM,2023-08-16T00:00:00.000000,1,50.44,BUY
CRM,2023-08-17T00:00:00.000000,1,50.44,BUY
CRM,2023-08-18T00:00:00.000000,1,50.44,BUY
CRM,2023-08-21T00:00:00.000000,1,50.44,BUY
CRM,2023-08-22T00:00:00.000000,1,50.44,BUY
CRM,2023-08-23T00:00:00.000000,1,50.69,BUY
CRM,2023-08-24T00:00:00.000000,1,50.69,BUY
CRM,2023-08-25T00:00:00.000000,1,50.69,BUY
CRM,2023-08-28T00:00:00.000000,1,50.69,BUY
CRM,2023-08-29T00:00:00.000000,1,50.69,BUY
CRM,2023-08-30T00:00:00.000000,1,50.69,BUY
CRM,2023-08-31T00:00:00.000000,1,50.44,BUY
CRM,2023-09-01T00:00:00.000000,1,50.44,BUY
CRM,2023-09-05T00:00:00.000000,1,50.44,BUY
CRM,2023-09-06T00:00:00.000000,1,48.73,BUY
CRM,2023-09-07T00:00:00.000000,1,48.73,BUY
CRM,2023-09-08T00:00:00.000000,1,48.73,BUY
CRM,2023-09-11T00:00:00.000000,1,48.73,BUY
CRM,2023-09-12T00:00:00.000000,1,48.73,BUY
CRM,2023-09-13T00:00:00.000000,1,48.73,BUY
CRM,2023-09-14T00:00:00.000000,1,48.73,BUY
CRM,2023-09-15T00:00:00.000000,1,48.73,BUY
CRM,2023-09-18T00:00:00.000000,1,48.73,BUY
CRM,2023-09-19T00:00:00.000000,1,48.73,BUY
CRM,2023-09-20T00:00:00.000000,1,48.73,BUY
CRM,2023-09-21T00:00:00.000000,1,48.73,BUY
CRM,2023-09-22T00:00:00.000000,1,50.44,BUY
CRM,2023-09-25T00:00:00.000000,1,50.44,BUY
CRM,2023-09-26T00:00:00.000000,1,50.44,BUY
CRM,2023-09-27T00:00:00.000000,1,50.44,BUY
CRM,2023-09-28T00:00:00.000000,1,50.69,BUY
CRM,2023-09-29T00:00:00.000000,1,50.69,BUY
CRM,2023-10-02T00:00:00.000000,1,50.69,BUY
CRM,2023-10-03T00:00:00.000000,1,50.69,BUY
CRM,2023-10-04T00:00:00.000000,1,50.69,BUY
CRM,2023-10-05T00:00:00.000000,1,50.69,BUY
CRM,2023-10-06T00:00:00.000000,1,50.69,BUY
CRM,2023-10-09T00:00:00.000000,1,50.44,BUY
CRM,2023-10-10T00:00:00.000000,1,50.44,BUY
CRM,2023-10-11T00:00:00.000000,1,50.44,BUY
CRM,2023-10-12T00:00:00.000000,1,50.44,BUY
CRM,2023-10-13T00:00:00.000000,1,50.44,BUY
CRM,2023-10-16T00:00:00.000000,1,48.73,BUY
CRM,2023-10-17T00:00:00.000000,1,48.73,BUY
CRM,2023-10-18T00:00:00.000000,1,48.73,BUY
CRM,2023-10-19T00:00:00.000000,1,50.44,BUY
CRM,2023-10-20T00:00:00.000000,1,50.69,BUY
CRM,2023-10-23T00:00:00.000000,1,50.69,BUY
CRM,2023-10-24T00:00:00.000000,1,50.69,BUY
CRM,2023-10-25T00:00:00.000000,1,50.69,BUY
CRM,2023-10-26T00:00:00.000000,1,50.69,BUY
CRM,2023-10-27T00:00:00.000000,1,50.69,BUY
CRM,2023-10-30T00:00:00.000000,1,50.69,BUY
CRM,2023-10-31T00:00:00.000000,1,50.69,BUY
CRM,2023-11-01T00:00:00.000000,1,50.69,BUY
CRM,2023-11-02T00:00:00.000000,1,50.69,BUY
CRM,2023-11-03T00:00:00.000000,1,50.69,BUY
CRM,2023-11-06T00:00:00.000000,1,50.69,BUY
CRM,2023-11-07T00:00:00.000000,1,50.69,BUY
CRM,2023-11-08T00:00:00.000000,1,50.69,BUY
CRM,2023-11-09T00:00:00.000000,1,50.69,BUY
CRM,2023-11-10T00:00:00.000000,1,50.69,BUY
CRM,2023-11-13T00:00:00.000000,1,50.44,BUY
CRM,2023-11-14T00:00:00.000000,1,50.44,BUY
CRM,2023-11-15T00:00:00.000000,1,48.73,BUY
CRM,2023-11-16T00:00:00.000000,0,48.73,SELL
CRM,2023-11-17T00:00:00.000000,1,48.73,BUY
CRM,2023-11-20T00:00:00.000000,1,48.73,BUY
CRM,2023-11-21T00:00:00.000000,1,48.73,BUY
CRM,2023-11-22T00:00:00.000000,1,48.73,BUY
CRM,2023-11-24T00:00:00.000000,1,48.73,BUY
CRM,2023-11-27T00:00:00.000000,1,48.73,BUY
CRM,2023-11-28T00:00:00.000000,0,48.73,SELL
CRM,2023-11-29T00:00:00.000000,0,48.73,SELL
CRM,2023-11-30T00:00:00.000000,0,46.09,SELL
CRM,2023-12-01T00:00:00.000000,0,46.09,SELL
CRM,2023-12-04T00:00:00.000000,0,48.73,SELL
CRM,2023-12-05T00:00:00.000000,1,48.73,BUY
CRM,2023-12-06T00:00:00.000000,1,48.73,BUY
CRM,2023-12-07T00:00:00.000000,1,48.73,BUY
CRM,2023-12-08T00:00:00.000000,1,48.73,BUY
CRM,2023-12-11T00:00:00.000000,0,48.73,SELL
CRM,2023-12-12T00:00:00.000000,0,48.73,SELL
CRM,2023-12-13T00:00:00.000000,0,48.73,SELL
CRM,2023-12-14T00:00:00.000000,0,48.73,SELL
CRM,2023-12-15T00:00:00.000000,0,46.09,SELL
CRM,2023-12-18T00:00:00.000000,0,46.09,SELL
CRM,2023-12-19T00:00:00.000000,0,46.09,SELL
CRM,2023-12-20T00:00:00.000000,0,46.09,SELL
CRM,2023-12-21T00:00:00.000000,0,46.09,SELL
CRM,2023-12-22T00:00:00.000000,0,46.09,SELL
CRM,2023-12-26T00:00:00.000000,0,42.94,SELL
CRM,2023-12-27T00:00:00.000000,0,42.94,SELL
CRM,2023-12-28T00:00:00.000000,0,42.94,SELL
CRM,2023-12-29T00:00:00.000000,0,42.94,SELL
CRM,2024-01-02T00:00:00.000000,0,46.09,SELL
CRM,2024-01-03T00:00:00.000000,0,46.09,SELL
CRM,2024-01-04T00:00:00.000000,0,46.09,SELL
CRM,2024-01-05T00:00:00.000000,0,46.09,SELL
CRM,2024-01-08T00:00:00.000000,0,46.09,SELL
CRM,2024-01-09T00:00:00.000000,0,48.73,SELL
CRM,2024-01-10T00:00:00.000000,1,48.73,BUY
CRM,2024-01-11T00:00:00.000000,1,48.73,BUY
CRM,2024-01-12T00:00:00.000000,1,48.73,BUY
CRM,2024-01-16T00:00:00.000000,1,48.73,BUY
CRM,2024-01-17T00:00:00.000000,0,48.73,SELL
CRM,2024-01-18T00:00:00.000000,0,48.73,SELL
CRM,2024-01-19T00:00:00.000000,0,48.73,SELL
CRM,2024-01-22T00:00:00.000000,0,48.73,SELL
CRM,2024-01-23T00:00:00.000000,0,48.73,SELL
CRM,2024-01-24T00:00:00.000000,1,48.73,BUY
CRM,2024-01-25T00:00:00.000000,0,48.73,SELL
CRM,2024-01-26T00:00:00.000000,0,48.73,SELL
CRM,2024-01-29T00:00:00.000000,0,48.73,SELL
CRM,2024-01-30T00:00:00.000000,0,46.09,SELL
CRM,2024-01-31T00:00:00.000000,0,46.09,SELL
CRM,2024-02-01T00:00:00.000000,0,46.09,SELL
CRM,2024-02-02T00:00:00.000000,0,46.09,SELL
CRM,2024-02-05T00:00:00.000000,0,46.09,SELL
CRM,2024-02-06T00:00:00.000000,0,42.94,SELL
CRM,2024-02-07T00:00:00.000000,0,42.94,SELL
CRM,2024-02-08T00:00:00.000000,0,42.94,SELL
CRM,2024-02-09T00:00:00.000000,0,46.09,SELL
CRM,2024-02-12T00:00:00.000000,0,46.09,SELL
CRM,2024-02-13T00:00:00.000000,0,48.73,SELL
CRM,2024-02-14T00:00:00.000000,0,48.73,SELL
CRM,2024-02-15T00:00:00.000000,0,46.09,SELL
CRM,2024-02-16T00:00:00.000000,0,46.09,SELL
CRM,2024-02-20T00:00:00.000000,0,46.09,SELL
CRM,2024-02-21T00:00:00.000000,0,46.09,SELL
CRM,2024-02-22T00:00:00.000000,0,46.09,SELL
CRM,2024-02-23T00:00:00.000000,0,46.09,SELL
CRM,2024-02-26T00:00:00.000000,0,46.09,SELL
CRM,2024-02-27T00:00:00.000000,0,46.09,SELL
CRM,2024-02-28T00:00:00.000000,0,46.09,SELL
CRM,2024-02-29T00:00:00.000000,0,48.73,SELL
CRM,2024-03-01T00:00:00.000000,0,48.73,SELL
CRM,2024-03-04T00:00:00.000000,1,48.73,BUY
CRM,2024-03-05T00:00:00.000000,1,48.73,BUY
CRM,2024-03-06T00:00:00.000000,1,48.73,BUY
CRM,2024-03-07T00:00:00.000000,1,48.73,BUY
CRM,2024-03-08T00:00:00.000000,1,48.73,BUY
CRM,2024-03-11T00:00:00.000000,1,48.73,BUY
CRM,2024-03-12T00:00:00.000000,1,48.73,BUY
CRM,2024-03-13T00:00:00.000000,1,48.73,BUY
CRM,2024-03-14T00:00:00.000000,1,48.73,BUY
CRM,2024-03-15T00:00:00.000000,1,48.73,BUY
CRM,2024-03-18T00:00:00.000000,1,48.73,BUY
CRM,2024-03-19T00:00:00.000000,1,48.73,BUY
CRM,2024-03-20T00:00:00.000000,0,48.73,SELL
CRM,2024-03-21T00:00:00.000000,0,48.73,SELL
CRM,2024-03-22T00:00:00.000000,1,48.73,BUY
CRM,2024-03-25T00:00:00.000000,1,48.73,BUY
CRM,2024-03-26T00:00:00.000000,0,48.73,SELL
CRM,2024-03-27T00:00:00.000000,0,46.09,SELL
CRM,2024-03-28T00:00:00.000000,0,46.09,SELL
CRM,2024-04-01T00:00:00.000000,0,42.94,SELL
CRM,2024-04-02T00:00:00.000000,0,46.09,SELL
CRM,2024-04-03T00:00:00.000000,0,46.09,SELL
CRM,2024-04-04T00:00:00.000000,0,46.09,SELL
CRM,2024-04-05T00:00:00.000000,0,48.73,SELL
CRM,2024-04-08T00:00:00.000000,1,48.73,BUY
CRM,2024-04-09T00:00:00.000000,1,48.73,BUY
CRM,2024-04-10T00:00:00.000000,1,48.73,BUY
CRM,2024-04-11T00:00:00.000000,1,48.73,BUY
CRM,2024-04-12T00:00:00.000000,1,48.73,BUY
CRM,2024-04-15T00:00:00.000000,1,50.44,BUY
CRM,2024-04-16T00:00:00.000000,1,50.44,BUY
CRM,2024-04-17T00:00:00.000000,1,50.44,BUY
CRM,2024-04-18T00:00:00.000000,1,50.44,BUY
CRM,2024-04-19T00:00:00.000000,1,50.44,BUY
CRM,2024-04-22T00:00:00.000000,1,50.44,BUY
CRM,2024-04-23T00:00:00.000000,1,50.44,BUY
CRM,2024-04-24T00:00:00.000000,1,50.69,BUY
CRM,2024-04-25T00:00:00.000000,1,50.69,BUY
CRM,2024-04-26T00:00:00.000000,1,50.69,BUY
CRM,2024-04-29T00:00:00.000000,1,50.44,BUY
CRM,2024-04-30T00:00:00.000000,1,50.44,BUY
CRM,2024-05-01T00:00:00.000000,1,50.44,BUY
CRM,2024-05-02T00:00:00.000000,1,50.44,BUY
CRM,2024-05-03T00:00:00.000000,1,50.44,BUY
CRM,2024-05-06T00:00:00.000000,1,50.69,BUY
CRM,2024-05-07T00:00:00.000000,1,50.44,BUY
CRM,2024-05-08T00:00:00.000000,1,50.44,BUY
CRM,2024-05-09T00:00:00.000000,1,48.73,BUY
CRM,2024-05-10T00:00:00.000000,0,48.73,SELL
CRM,2024-05-13T00:00:00.000000,0,46.09,SELL
CRM,2024-05-14T00:00:00.000000,0,42.94,SELL
CRM,2024-05-15T00:00:00.000000,0,42.94,SELL
CRM,2024-05-16T00:00:00.000000,0,46.09,SELL
CRM,2024-05-17T00:00:00.000000,0,48.73,SELL
CRM,2024-05-20T00:00:00.000000,1,48.73,BUY
CRM,2024-05-21T00:00:00.000000,1,48.73,BUY
CRM,2024-05-22T00:00:00.000000,1,48.73,BUY
CRM,2024-05-23T00:00:00.000000,1,50.44,BUY
CRM,2024-05-24T00:00:00.000000,1,50.44,BUY
CRM,2024-05-28T00:00:00.000000,1,50.44,BUY
CRM,2024-05-29T00:00:00.000000,1,50.44,BUY
CRM,2024-05-30T00:00:00.000000,1,50.44,BUY
CRM,2024-05-31T00:00:00.000000,1,48.73,BUY
CRM,2024-06-03T00:00:00.000000,1,48.73,BUY
CRM,2024-06-04T00:00:00.000000,1,50.44,BUY
CRM,2024-06-05T00:00:00.000000,1,50.69,BUY
CRM,2024-06-06T00:00:00.000000,1,50.69,BUY
CRM,2024-06-07T00:00:00.000000,1,50.69,BUY
CRM,2024-06-10T00:00:00.000000,1,50.44,BUY
CRM,2024-06-11T00:00:00.000000,1,48.73,BUY
CRM,2024-06-12T00:00:00.000000,1,48.73,BUY
CRM,2024-06-13T00:00:00.000000,1,48.73,BUY
CRM,2024-06-14T00:00:00.000000,1,50.69,BUY
CRM,2024-06-17T00:00:00.000000,1,50.69,BUY
CRM,2024-06-18T00:00:00.000000,1,50.69,BUY
CRM,2024-06-20T00:00:00.000000,1,50.69,BUY
CRM,2024-06-21T00:00:00.000000,1,50.69,BUY
CRM,2024-06-24T00:00:00.000000,1,50.69,BUY
CRM,2024-06-25T00:00:00.000000,1,50.69,BUY
CRM,2024-06-26T00:00:00.000000,1,50.44,BUY
CRM,2024-06-27T00:00:00.000000,1,48.73,BUY
CRM,2024-06-28T00:00:00.000000,1,48.73,BUY
CRM,2024-07-01T00:00:00.000000,1,48.73,BUY
CRM,2024-07-02T00:00:00.000000,1,48.73,BUY
CRM,2024-07-03T00:00:00.000000,1,50.44,BUY
CRM,2024-07-05T00:00:00.000000,1,50.44,BUY
CRM,2024-07-08T00:00:00.000000,1,50.44,BUY
CRM,2024-07-09T00:00:00.000000,1,50.44,BUY
CRM,2024-07-10T00:00:00.000000,1,50.69,BUY
CRM,2024-07-11T00:00:00.000000,1,50.69,BUY
CRM,2024-07-12T00:00:00.000000,1,50.69,BUY
CRM,2024-07-15T00:00:00.000000,1,50.69,BUY
CRM,2024-07-16T00:00:00.000000,1,50.69,BUY
CRM,2024-07-17T00:00:00.000000,1,50.69,BUY
CRM,2024-07-18T00:00:00.000000,1,50.44,BUY
CRM,2024-07-19T00:00:00.000000,1,50.44,BUY
CRM,2024-07-22T00:00:00.000000,1,48.73,BUY
CRM,2024-07-23T00:00:00.000000,1,48.73,BUY
CRM,2024-07-24T00:00:00.000000,1,50.44,BUY
CRM,2024-07-25T00:00:00.000000,1,50.44,BUY
CRM,2024-07-26T00:00:00.000000,1,50.44,BUY
CRM,2024-07-29T00:00:00.000000,1,50.44,BUY
CRM,2024-07-30T00:00:00.000000,1,50.44,BUY
CRM,2024-07-31T00:00:00.000000,1,50.44,BUY
CRM,2024-08-01T00:00:00.000000,1,50.44,BUY
CRM,2024-08-02T00:00:00.000000,1,50.44,BUY
CRM,2024-08-05T00:00:00.000000,1,50.44,BUY
CRM,2024-08-06T00:00:00.000000,1,50.44,BUY
CRM,2024-08-07T00:00:00.000000,1,50.44,BUY
CRM,2024-08-08T00:00:00.000000,1,48.73,BUY
CRM,2024-08-09T00:00:00.000000,1,48.73,BUY
CRM,2024-08-12T00:00:00.000000,1,50.44,BUY
CRM,2024-08-13T00:00:00.000000,1,50.44,BUY
CRM,2024-08-14T00:00:00.000000,1,48.73,BUY
CRM,2024-08-15T00:00:00.000000,0,48.73,SELL
CRM,2024-08-16T00:00:00.000000,0,46.09,SELL
CRM,2024-08-19T00:00:00.000000,0,42.94,SELL
CRM,2024-08-20T00:00:00.000000,0,42.94,SELL
CRM,2024-08-21T00:00:00.000000,0,46.09,SELL
CRM,2024-08-22T00:00:00.000000,0,48.73,SELL
CRM,2024-08-23T00:00:00.000000,0,48.73,SELL
CRM,2024-08-26T00:00:00.000000,0,48.73,SELL
CRM,2024-08-27T00:00:00.000000,0,46.09,SELL
CRM,2024-08-28T00:00:00.000000,0,48.73,SELL
CRM,2024-08-29T00:00:00.000000,0,48.73,SELL
CRM,2024-08-30T00:00:00.000000,1,48.73,BUY
CRM,2024-09-03T00:00:00.000000,0,48.73,SELL
CRM,2024-09-04T00:00:00.000000,0,48.73,SELL
CRM,2024-09-05T00:00:00.000000,0,48.73,SELL
CRM,2024-09-06T00:00:00.000000,0,48.73,SELL
CRM,2024-09-09T00:00:00.000000,1,48.73,BUY
CRM,2024-09-10T00:00:00.000000,1,50.44,BUY
CRM,2024-09-11T00:00:00.000000,1,50.44,BUY
CRM,2024-09-12T00:00:00.000000,1,50.44,BUY
CRM,2024-09-13T00:00:00.000000,1,50.44,BUY
CRM,2024-09-16T00:00:00.000000,1,50.44,BUY
CRM,2024-09-17T00:00:00.000000,1,50.44,BUY
CRM,2024-09-18T00:00:00.000000,1,50.44,BUY
CRM,2024-09-19T00:00:00.000000,1,48.73,BUY
CRM,2024-09-20T00:00:00.000000,1,48.73,BUY
CRM,2024-09-23T00:00:00.000000,0,48.73,SELL
CRM,2024-09-24T00:00:00.000000,0,46.09,SELL
CRM,2024-09-25T00:00:00.000000,0,46.09,SELL
CRM,2024-09-26T00:00:00.000000,0,46.09,SELL
CRM,2024-09-27T00:00:00.000000,0,46.09,SELL
CRM,2024-09-30T00:00:00.000000,0,46.09,SELL
CRM,2024-10-01T00:00:00.000000,0,46.09,SELL
CRM,2024-10-02T00:00:00.000000,0,48.73,SELL
CRM,2024-10-03T00:00:00.000000,0,48.73,SELL
CRM,2024-10-04T00:00:00.000000,0,48.73,SELL
CRM,2024-10-07T00:00:00.000000,0,48.73,SELL
CRM,2024-10-08T00:00:00.000000,0,48.73,SELL
CRM,2024-10-09T00:00:00.000000,1,48.73,BUY
CRM,2024-10-10T00:00:00.000000,1,48.73,BUY
CRM,2024-10-11T00:00:00.000000,1,48.73,BUY
CRM,2024-10-14T00:00:00.000000,0,48.73,SELL
CRM,2024-10-15T00:00:00.000000,0,48.73,SELL
CRM,2024-10-16T00:00:00.000000,0,48.73,SELL
CRM,2024-10-17T00:00:00.000000,0,48.73,SELL
CRM,2024-10-18T00:00:00.000000,0,48.73,SELL
CRM,2024-10-21T00:00:00.000000,1,48.73,BUY
CRM,2024-10-22T00:00:00.000000,1,48.73,BUY
CRM,2024-10-23T00:00:00.000000,1,48.73,BUY
CRM,2024-10-24T00:00:00.000000,1,48.73,BUY
CRM,2024-10-25T00:00:00.000000,1,48.73,BUY
CRM,2024-10-28T00:00:00.000000,1,50.44,BUY
CRM,2024-10-29T00:00:00.000000,1,50.44,BUY
CRM,2024-10-30T00:00:00.000000,1,50.44,BUY
CRM,2024-10-31T00:00:00.000000,1,50.44,BUY
CRM,2024-11-01T00:00:00.000000,1,50.44,BUY
CRM,2024-11-04T00:00:00.000000,1,50.44,BUY
CRM,2024-11-05T00:00:00.000000,1,50.44,BUY
CRM,2024-11-06T00:00:00.000000,1,50.44,BUY
CRM,2024-11-07T00:00:00.000000,1,48.73,BUY
CRM,2024-11-08T00:00:00.000000,1,48.73,BUY
CRM,2024-11-11T00:00:00.000000,1,48.73,BUY
CRM,2024-11-12T00:00:00.000000,1,48.73,BUY
CRM,2024-11-13T00:00:00.000000,1,48.73,BUY
CRM,2024-11-14T00:00:00.000000,1,48.73,BUY
CRM,2024-11-15T00:00:00.000000,1,48.73,BUY
CRM,2024-11-18T00:00:00.000000,0,48.73,SELL
CRM,2024-11-19T00:00:00.000000,0,46.09,SELL
CRM,2024-11-20T00:00:00.000000,0,42.94,SELL
CRM,2024-11-21T00:00:00.000000,0,42.94,SELL
CRM,2024-11-22T00:00:00.000000,0,42.94,SELL
CRM,2024-11-25T00:00:00.000000,0,42.94,SELL
CRM,2024-11-26T00:00:00.000000,0,46.09,SELL
CRM,2024-11-27T00:00:00.000000,0,46.09,SELL
CRM,2024-11-29T00:00:00.000000,0,46.09,SELL
CRM,2024-12-02T00:00:00.000000,0,42.94,SELL
CRM,2024-12-03T00:00:00.000000,0,42.94,SELL
CRM,2024-12-04T00:00:00.000000,0,42.94,SELL
CRM,2024-12-05T00:00:00.000000,0,42.94,SELL
CRM,2024-12-06T00:00:00.000000,0,42.94,SELL
CRM,2024-12-09T00:00:00.000000,0,46.09,SELL
CRM,2024-12-10T00:00:00.000000,0,46.09,SELL
CRM,2024-12-11T00:00:00.000000,0,46.09,SELL
CRM,2024-12-12T00:00:00.000000,0,42.94,SELL
CRM,2024-12-13T00:00:00.000000,0,42.94,SELL
CRM,2024-12-16T00:00:00.000000,0,46.09,SELL
CRM,2024-12-17T00:00:00.000000,0,46.09,SELL
CRM,2024-12-18T00:00:00.000000,0,46.09,SELL
CRM,2024-12-19T00:00:00.000000,0,48.73,SELL
CRM,2024-12-20T00:00:00.000000,1,48.73,BUY
CVS,2023-02-21T00:00:00.000000,0,42.94,SELL
CVS,2023-02-22T00:00:00.000000,0,42.94,SELL
CVS,2023-02-23T00:00:00.000000,0,48.73,SELL
CVS,2023-02-24T00:00:00.000000,1,48.73,BUY
CVS,2023-02-27T00:00:00.000000,1,48.73,BUY
CVS,2023-02-28T00:00:00.000000,1,48.73,BUY
CVS,2023-03-01T00:00:00.000000,1,48.73,BUY
CVS,2023-03-02T00:00:00.000000,1,48.73,BUY
CVS,2023-03-03T00:00:00.000000,1,50.44,BUY
CVS,2023-03-06T00:00:00.000000,1,50.44,BUY
CVS,2023-03-07T00:00:00.000000,1,50.44,BUY
CVS,2023-03-08T00:00:00.000000,1,48.73,BUY
CVS,2023-03-09T00:00:00.000000,0,46.09,SELL
CVS,2023-03-10T00:00:00.000000,0,42.94,SELL
CVS,2023-03-13T00:00:00.000000,0,39.62,SELL
CVS,2023-03-14T00:00:00.000000,0,39.62,SELL
CVS,2023-03-15T00:00:00.000000,0,39.62,SELL
CVS,2023-03-16T00:00:00.000000,0,39.62,SELL
CVS,2023-03-17T00:00:00.000000,0,39.62,SELL
CVS,2023-03-20T00:00:00.000000,0,39.62,SELL
CVS,2023-03-21T00:00:00.000000,0,39.62,SELL
CVS,2023-03-22T00:00:00.000000,0,39.62,SELL
CVS,2023-03-23T00:00:00.000000,0,39.62,SELL
CVS,2023-03-24T00:00:00.000000,0,39.62,SELL
CVS,2023-03-27T00:00:00.000000,0,39.62,SELL
CVS,2023-03-28T00:00:00.000000,0,39.62,SELL
CVS,2023-03-29T00:00:00.000000,0,39.62,SELL
CVS,2023-03-30T00:00:00.000000,0,39.62,SELL
CVS,2023-03-31T00:00:00.000000,0,39.62,SELL
CVS,2023-04-03T00:00:00.000000,0,39.62,SELL
CVS,2023-04-04T00:00:00.000000,0,39.62,SELL
CVS,2023-04-05T00:00:00.000000,0,39.62,SELL
CVS,2023-04-06T00:00:00.000000,0,39.62,SELL
CVS,2023-04-10T00:00:00.000000,0,39.62,SELL
CVS,2023-04-11T00:00:00.000000,0,39.62,SELL
CVS,2023-04-12T00:00:00.000000,0,42.94,SELL
CVS,2023-04-13T00:00:00.000000,0,42.94,SELL
CVS,2023-04-14T00:00:00.000000,0,42.94,SELL
CVS,2023-04-17T00:00:00.000000,0,42.94,SELL
CVS,2023-04-18T00:00:00.000000,0,42.94,SELL
CVS,2023-04-19T00:00:00.000000,0,46.09,SELL
CVS,2023-04-20T00:00:00.000000,0,46.09,SELL
CVS,2023-04-21T00:00:00.000000,0,46.09,SELL
CVS,2023-04-24T00:00:00.000000,0,46.09,SELL
CVS,2023-04-25T00:00:00.000000,0,42.94,SELL
CVS,2023-04-26T00:00:00.000000,0,42.94,SELL
CVS,2023-04-27T00:00:00.000000,0,46.09,SELL
CVS,2023-04-28T00:00:00.000000,0,46.09,SELL
CVS,2023-05-01T00:00:00.000000,0,46.09,SELL
CVS,2023-05-02T00:00:00.000000,0,46.09,SELL
CVS,2023-05-03T00:00:00.000000,0,46.09,SELL
CVS,2023-05-04T00:00:00.000000,0,46.09,SELL
CVS,2023-05-05T00:00:00.000000,0,48.73,SELL
CVS,2023-05-08T00:00:00.000000,1,48.73,BUY
CVS,2023-05-09T00:00:00.000000,1,48.73,BUY
CVS,2023-05-10T00:00:00.000000,1,48.73,BUY
CVS,2023-05-11T00:00:00.000000,0,46.09,SELL
CVS,2023-05-12T00:00:00.000000,0,46.09,SELL
CVS,2023-05-15T00:00:00.000000,0,42.94,SELL
CVS,2023-05-16T00:00:00.000000,0,42.94,SELL
CVS,2023-05-17T00:00:00.000000,0,42.94,SELL
CVS,2023-05-18T00:00:00.000000,0,42.94,SELL
CVS,2023-05-19T00:00:00.000000,0,46.09,SELL
CVS,2023-05-22T00:00:00.000000,0,46.09,SELL
CVS,2023-05-23T00:00:00.000000,0,46.09,SELL
CVS,2023-05-24T00:00:00.000000,0,46.09,SELL
CVS,2023-05-25T00:00:00.000000,0,46.09,SELL
CVS,2023-05-26T00:00:00.000000,0,42.94,SELL
CVS,2023-05-30T00:00:00.000000,0,46.09,SELL
CVS,2023-05-31T00:00:00.000000,0,46.09,SELL
CVS,2023-06-01T00:00:00.000000,0,46.09,SELL
CVS,2023-06-02T00:00:00.000000,0,48.73,SELL
CVS,2023-06-05T00:00:00.000000,0,48.73,SELL
CVS,2023-06-06T00:00:00.000000,1,48.73,BUY
CVS,2023-06-07T00:00:00.000000,0,48.73,SELL
CVS,2023-06-08T00:00:00.000000,0,46.09,SELL
CVS,2023-06-09T00:00:00.000000,0,42.94,SELL
CVS,2023-06-12T00:00:00.000000,0,42.94,SELL
CVS,2023-06-13T00:00:00.000000,0,42.94,SELL
CVS,2023-06-14T00:00:00.000000,0,46.09,SELL
CVS,2023-06-15T00:00:00.000000,0,48.73,SELL
CVS,2023-06-16T00:00:00.000000,0,48.73,SELL
CVS,2023-06-20T00:00:00.000000,0,48.73,SELL
CVS,2023-06-21T00:00:00.000000,1,48.73,BUY
CVS,2023-06-22T00:00:00.000000,1,48.73,BUY
CVS,2023-06-23T00:00:00.000000,1,48.73,BUY
CVS,2023-06-26T00:00:00.000000,1,48.73,BUY
CVS,2023-06-27T00:00:00.000000,0,48.73,SELL
CVS,2023-06-28T00:00:00.000000,0,46.09,SELL
CVS,2023-06-29T00:00:00.000000,0,46.09,SELL
CVS,2023-06-30T00:00:00.000000,0,46.09,SELL
CVS,2023-07-03T00:00:00.000000,0,46.09,SELL
CVS,2023-07-05T00:00:00.000000,0,46.09,SELL
CVS,2023-07-06T00:00:00.000000,0,46.09,SELL
CVS,2023-07-07T00:00:00.000000,0,48.73,SELL
CVS,2023-07-10T00:00:00.000000,0,48.73,SELL
CVS,2023-07-11T00:00:00.000000,0,48.73,SELL
CVS,2023-07-12T00:00:00.000000,0,46.09,SELL
CVS,2023-07-13T00:00:00.000000,0,46.09,SELL
CVS,2023-07-14T00:00:00.000000,0,46.09,SELL
CVS,2023-07-17T00:00:00.000000,0,48.73,SELL
CVS,2023-07-18T00:00:00.000000,0,48.73,SELL
CVS,2023-07-19T00:00:00.000000,0,46.09,SELL
CVS,2023-07-20T00:00:00.000000,0,46.09,SELL
CVS,2023-07-21T00:00:00.000000,0,42.94,SELL
CVS,2023-07-24T00:00:00.000000,0,42.94,SELL
CVS,2023-07-25T00:00:00.000000,0,46.09,SELL
CVS,2023-07-26T00:00:00.000000,0,48.73,SELL
CVS,2023-07-27T00:00:00.000000,0,48.73,SELL
CVS,2023-07-28T00:00:00.000000,0,48.73,SELL
CVS,2023-07-31T00:00:00.000000,0,46.09,SELL
CVS,2023-08-01T00:00:00.000000,0,46.09,SELL
CVS,2023-08-02T00:00:00.000000,0,42.94,SELL
CVS,2023-08-03T00:00:00.000000,0,42.94,SELL
CVS,2023-08-04T00:00:00.000000,0,42.94,SELL
CVS,2023-08-07T00:00:00.000000,0,44.38,SELL
CVS,2023-08-08T00:00:00.000000,0,42.94,SELL
CVS,2023-08-09T00:00:00.000000,0,42.94,SELL
CVS,2023-08-10T00:00:00.000000,0,42.94,SELL
CVS,2023-08-11T00:00:00.000000,0,46.09,SELL
CVS,2023-08-14T00:00:00.000000,0,48.73,SELL
CVS,2023-08-15T00:00:00.000000,1,48.73,BUY
CVS,2023-08-16T00:00:00.000000,1,48.73,BUY
CVS,2023-08-17T00:00:00.000000,1,48.73,BUY
CVS,2023-08-18T00:00:00.000000,0,48.73,SELL
CVS,2023-08-21T00:00:00.000000,0,48.73,SELL
CVS,2023-08-22T00:00:00.000000,0,48.73,SELL
CVS,2023-08-23T00:00:00.000000,0,48.73,SELL
CVS,2023-08-24T00:00:00.000000,1,48.73,BUY
CVS,2023-08-25T00:00:00.000000,1,48.73,BUY
CVS,2023-08-28T00:00:00.000000,1,48.73,BUY
CVS,2023-08-29T00:00:00.000000,1,48.73,BUY
CVS,2023-08-30T00:00:00.000000,0,46.09,SELL
CVS,2023-08-31T00:00:00.000000,0,42.94,SELL
CVS,2023-09-01T00:00:00.000000,0,40.0,SELL
CVS,2023-09-05T00:00:00.000000,0,39.62,SELL
CVS,2023-09-06T00:00:00.000000,0,39.62,SELL
CVS,2023-09-07T00:00:00.000000,0,42.94,SELL
CVS,2023-09-08T00:00:00.000000,0,42.94,SELL
CVS,2023-09-11T00:00:00.000000,0,42.94,SELL
CVS,2023-09-12T00:00:00.000000,0,42.94,SELL
CVS,2023-09-13T00:00:00.000000,0,42.94,SELL
CVS,2023-09-14T00:00:00.000000,0,42.94,SELL
CVS,2023-09-15T00:00:00.000000,0,42.94,SELL
CVS,2023-09-18T00:00:00.000000,0,42.94,SELL
CVS,2023-09-19T00:00:00.000000,0,46.09,SELL
CVS,2023-09-20T00:00:00.000000,0,46.09,SELL
CVS,2023-09-21T00:00:00.000000,0,48.73,SELL
CVS,2023-09-22T00:00:00.000000,0,48.73,SELL
CVS,2023-09-25T00:00:00.000000,1,48.73,BUY
CVS,2023-09-26T00:00:00.000000,1,48.73,BUY
CVS,2023-09-27T00:00:00.000000,1,50.44,BUY
CVS,2023-09-28T00:00:00.000000,1,50.44,BUY
CVS,2023-09-29T00:00:00.000000,1,50.44,BUY
CVS,2023-10-02T00:00:00.000000,1,50.69,BUY
CVS,2023-10-03T00:00:00.000000,1,50.69,BUY
CVS,2023-10-04T00:00:00.000000,1,50.69,BUY
CVS,2023-10-05T00:00:00.000000,1,50.69,BUY
CVS,2023-10-06T00:00:00.000000,1,50.69,BUY
CVS,2023-10-09T00:00:00.000000,1,50.69,BUY
CVS,2023-10-10T00:00:00.000000,1,50.69,BUY
CVS,2023-10-11T00:00:00.000000,1,50.44,BUY
CVS,2023-10-12T00:00:00.000000,1,48.73,BUY
CVS,2023-10-13T00:00:00.000000,1,48.73,BUY
CVS,2023-10-16T00:00:00.000000,1,48.73,BUY
CVS,2023-10-17T00:00:00.000000,1,48.73,BUY
CVS,2023-10-18T00:00:00.000000,0,48.73,SELL
CVS,2023-10-19T00:00:00.000000,1,48.73,BUY
CVS,2023-10-20T00:00:00.000000,1,48.73,BUY
CVS,2023-10-23T00:00:00.000000,1,48.73,BUY
CVS,2023-10-24T00:00:00.000000,1,48.73,BUY
CVS,2023-10-25T00:00:00.000000,1,50.44,BUY
CVS,2023-10-26T00:00:00.000000,1,50.44,BUY
CVS,2023-10-27T00:00:00.000000,1,50.44,BUY
CVS,2023-10-30T00:00:00.000000,1,50.44,BUY
CVS,2023-10-31T00:00:00.000000,1,50.44,BUY
CVS,2023-11-01T00:00:00.000000,1,50.44,BUY
CVS,2023-11-02T00:00:00.000000,1,50.44,BUY
CVS,2023-11-03T00:00:00.000000,1,48.73,BUY
CVS,2023-11-06T00:00:00.000000,1,48.73,BUY
CVS,2023-11-07T00:00:00.000000,0,48.73,SELL
CVS,2023-11-08T00:00:00.000000,0,46.09,SELL
CVS,2023-11-09T00:00:00.000000,0,46.09,SELL
CVS,2023-11-10T00:00:00.000000,0,42.94,SELL
CVS,2023-11-13T00:00:00.000000,0,42.94,SELL
CVS,2023-11-14T00:00:00.000000,0,39.62,SELL
CVS,2023-11-15T00:00:00.000000,0,39.62,SELL
CVS,2023-11-16T00:00:00.000000,0,39.62,SELL
CVS,2023-11-17T00:00:00.000000,0,39.62,SELL
CVS,2023-11-20T00:00:00.000000,0,39.62,SELL
CVS,2023-11-21T00:00:00.000000,0,39.62,SELL
CVS,2023-11-22T00:00:00.000000,0,39.62,SELL
CVS,2023-11-24T00:00:00.000000,0,39.62,SELL
CVS,2023-11-27T00:00:00.000000,0,39.62,SELL
CVS,2023-11-28T00:00:00.000000,0,39.62,SELL
CVS,2023-11-29T00:00:00.000000,0,39.62,SELL
CVS,2023-11-30T00:00:00.000000,0,42.94,SELL
CVS,2023-12-01T00:00:00.000000,0,40.0,SELL
CVS,2023-12-04T00:00:00.000000,0,40.0,SELL
CVS,2023-12-05T00:00:00.000000,0,42.94,SELL
CVS,2023-12-06T00:00:00.000000,0,42.94,SELL
CVS,2023-12-07T00:00:00.000000,0,46.09,SELL
CVS,2023-12-08T00:00:00.000000,0,48.73,SELL
CVS,2023-12-11T00:00:00.000000,0,48.73,SELL
CVS,2023-12-12T00:00:00.000000,0,48.73,SELL
CVS,2023-12-13T00:00:00.000000,0,46.09,SELL
CVS,2023-12-14T00:00:00.000000,0,46.09,SELL
CVS,2023-12-15T00:00:00.000000,0,46.09,SELL
CVS,2023-12-18T00:00:00.000000,0,46.09,SELL
CVS,2023-12-19T00:00:00.000000,0,46.09,SELL
CVS,2023-12-20T00:00:00.000000,0,46.09,SELL
CVS,2023-12-21T00:00:00.000000,0,46.09,SELL
CVS,2023-12-22T00:00:00.000000,0,42.94,SELL
CVS,2023-12-26T00:00:00.000000,0,42.94,SELL
CVS,2023-12-27T00:00:00.000000,0,42.94,SELL
CVS,2023-12-28T00:00:00.000000,0,42.94,SELL
CVS,2023-12-29T00:00:00.000000,0,42.94,SELL
CVS,2024-01-02T00:00:00.000000,0,42.94,SELL
CVS,2024-01-03T00:00:00.000000,0,42.94,SELL
CVS,2024-01-04T00:00:00.000000,0,42.94,SELL
CVS,2024-01-05T00:00:00.000000,0,46.09,SELL
CVS,2024-01-08T00:00:00.000000,0,48.73,SELL
CVS,2024-01-09T00:00:00.000000,1,48.73,BUY
CVS,2024-01-10T00:00:00.000000,1,48.73,BUY
CVS,2024-01-11T00:00:00.000000,0,48.73,SELL
CVS,2024-01-12T00:00:00.000000,0,48.73,SELL
CVS,2024-01-16T00:00:00.000000,0,46.09,SELL
CVS,2024-01-17T00:00:00.000000,0,46.09,SELL
CVS,2024-01-18T00:00:00.000000,0,46.09,SELL
CVS,2024-01-19T00:00:00.000000,0,42.94,SELL
CVS,2024-01-22T00:00:00.000000,0,42.94,SELL
CVS,2024-01-23T00:00:00.000000,0,42.94,SELL
CVS,2024-01-24T00:00:00.000000,0,42.94,SELL
CVS,2024-01-25T00:00:00.000000,0,39.62,SELL
CVS,2024-01-26T00:00:00.000000,0,39.62,SELL
CVS,2024-01-29T00:00:00.000000,0,39.62,SELL
CVS,2024-01-30T00:00:00.000000,0,39.62,SELL
CVS,2024-01-31T00:00:00.000000,0,39.62,SELL
CVS,2024-02-01T00:00:00.000000,0,39.62,SELL
CVS,2024-02-02T00:00:00.000000,0,39.62,SELL
CVS,2024-02-05T00:00:00.000000,0,42.94,SELL
CVS,2024-02-06T00:00:00.000000,0,42.94,SELL
CVS,2024-02-07T00:00:00.000000,0,42.94,SELL
CVS,2024-02-08T00:00:00.000000,0,42.94,SELL
CVS,2024-02-09T00:00:00.000000,0,48.73,SELL
CVS,2024-02-12T00:00:00.000000,1,50.0,BUY
CVS,2024-02-13T00:00:00.000000,1,50.44,BUY
CVS,2024-02-14T00:00:00.000000,1,50.44,BUY
CVS,2024-02-15T00:00:00.000000,1,50.44,BUY
CVS,2024-02-16T00:00:00.000000,1,48.73,BUY
CVS,2024-02-20T00:00:00.000000,1,48.73,BUY
CVS,2024-02-21T00:00:00.000000,0,46.09,SELL
CVS,2024-02-22T00:00:00.000000,0,46.09,SELL
CVS,2024-02-23T00:00:00.000000,0,46.09,SELL
CVS,2024-02-26T00:00:00.000000,0,46.09,SELL
CVS,2024-02-27T00:00:00.000000,0,46.09,SELL
CVS,2024-02-28T00:00:00.000000,0,46.09,SELL
CVS,2024-02-29T00:00:00.000000,0,42.94,SELL
CVS,2024-03-01T00:00:00.000000,0,42.94,SELL
CVS,2024-03-04T00:00:00.000000,0,42.94,SELL
CVS,2024-03-05T00:00:00.000000,0,42.94,SELL
CVS,2024-03-06T00:00:00.000000,0,42.94,SELL
CVS,2024-03-07T00:00:00.000000,0,42.94,SELL
CVS,2024-03-08T00:00:00.000000,0,42.94,SELL
CVS,2024-03-11T00:00:00.000000,0,39.62,SELL
CVS,2024-03-12T00:00:00.000000,0,39.62,SELL
CVS,2024-03-13T00:00:00.000000,0,39.62,SELL
CVS,2024-03-14T00:00:00.000000,0,39.62,SELL
CVS,2024-03-15T00:00:00.000000,0,39.62,SELL
CVS,2024-03-18T00:00:00.000000,0,39.62,SELL
CVS,2024-03-19T00:00:00.000000,0,39.62,SELL
CVS,2024-03-20T00:00:00.000000,0,39.62,SELL
CVS,2024-03-21T00:00:00.000000,0,42.94,SELL
CVS,2024-03-22T00:00:00.000000,0,42.94,SELL
CVS,2024-03-25T00:00:00.000000,0,42.94,SELL
CVS,2024-03-26T00:00:00.000000,0,42.94,SELL
CVS,2024-03-27T00:00:00.000000,0,42.94,SELL
CVS,2024-03-28T00:00:00.000000,0,42.94,SELL
CVS,2024-04-01T00:00:00.000000,0,42.94,SELL
CVS,2024-04-02T00:00:00.000000,0,42.94,SELL
CVS,2024-04-03T00:00:00.000000,0,46.09,SELL
CVS,2024-04-04T00:00:00.000000,0,46.09,SELL
CVS,2024-04-05T00:00:00.000000,0,46.09,SELL
CVS,2024-04-08T00:00:00.000000,0,46.09,SELL
CVS,2024-04-09T00:00:00.000000,0,48.73,SELL
CVS,2024-04-10T00:00:00.000000,1,48.73,BUY
CVS,2024-04-11T00:00:00.000000,1,48.73,BUY
CVS,2024-04-12T00:00:00.000000,1,48.73,BUY
CVS,2024-04-15T00:00:00.000000,0,48.73,SELL
CVS,2024-04-16T00:00:00.000000,1,48.73,BUY
CVS,2024-04-17T00:00:00.000000,1,48.73,BUY
CVS,2024-04-18T00:00:00.000000,1,50.44,BUY
CVS,2024-04-19T00:00:00.000000,1,50.44,BUY
CVS,2024-04-22T00:00:00.000000,1,50.44,BUY
CVS,2024-04-23T00:00:00.000000,1,50.44,BUY
CVS,2024-04-24T00:00:00.000000,1,48.73,BUY
CVS,2024-04-25T00:00:00.000000,1,48.73,BUY
CVS,2024-04-26T00:00:00.000000,0,48.73,SELL
CVS,2024-04-29T00:00:00.000000,0,48.73,SELL
CVS,2024-04-30T00:00:00.000000,0,46.09,SELL
CVS,2024-05-01T00:00:00.000000,0,46.09,SELL
CVS,2024-05-02T00:00:00.000000,0,39.62,SELL
CVS,2024-05-03T00:00:00.000000,0,39.62,SELL
CVS,2024-05-06T00:00:00.000000,0,39.62,SELL
CVS,2024-05-07T00:00:00.000000,0,39.62,SELL
CVS,2024-05-08T00:00:00.000000,0,39.62,SELL
CVS,2024-05-09T00:00:00.000000,0,39.62,SELL
CVS,2024-05-10T00:00:00.000000,0,39.62,SELL
CVS,2024-05-13T00:00:00.000000,0,39.62,SELL
CVS,2024-05-14T00:00:00.000000,0,39.62,SELL
CVS,2024-05-15T00:00:00.000000,0,39.62,SELL
CVS,2024-05-16T00:00:00.000000,0,39.62,SELL
CVS,2024-05-17T00:00:00.000000,0,39.62,SELL
CVS,2024-05-20T00:00:00.000000,0,39.62,SELL
CVS,2024-05-21T00:00:00.000000,0,39.62,SELL
CVS,2024-05-22T00:00:00.000000,0,39.62,SELL
CVS,2024-05-23T00:00:00.000000,0,39.62,SELL
CVS,2024-05-24T00:00:00.000000,0,42.94,SELL
CVS,2024-05-28T00:00:00.000000,0,46.09,SELL
CVS,2024-05-29T00:00:00.000000,0,48.73,SELL
CVS,2024-05-30T00:00:00.000000,1,48.73,BUY
CVS,2024-05-31T00:00:00.000000,1,50.44,BUY
CVS,2024-06-03T00:00:00.000000,1,50.44,BUY
CVS,2024-06-04T00:00:00.000000,1,50.44,BUY
CVS,2024-06-05T00:00:00.000000,1,48.73,BUY
CVS,2024-06-06T00:00:00.000000,1,48.73,BUY
CVS,2024-06-07T00:00:00.000000,1,48.73,BUY
CVS,2024-06-10T00:00:00.000000,1,48.73,BUY
CVS,2024-06-11T00:00:00.000000,1,48.73,BUY
CVS,2024-06-12T00:00:00.000000,1,50.44,BUY
CVS,2024-06-13T00:00:00.000000,1,50.44,BUY
CVS,2024-06-14T00:00:00.000000,1,50.44,BUY
CVS,2024-06-17T00:00:00.000000,1,50.44,BUY
CVS,2024-06-18T00:00:00.000000,1,50.69,BUY
CVS,2024-06-20T00:00:00.000000,1,50.69,BUY
CVS,2024-06-21T00:00:00.000000,1,50.69,BUY
CVS,2024-06-24T00:00:00.000000,1,50.69,BUY
CVS,2024-06-25T00:00:00.000000,1,50.69,BUY
CVS,2024-06-26T00:00:00.000000,1,50.69,BUY
CVS,2024-06-27T00:00:00.000000,1,50.69,BUY
CVS,2024-06-28T00:00:00.000000,1,50.69,BUY
CVS,2024-07-01T00:00:00.000000,1,50.69,BUY
CVS,2024-07-02T00:00:00.000000,1,50.69,BUY
CVS,2024-07-03T00:00:00.000000,1,58.57,BUY
CVS,2024-07-05T00:00:00.000000,1,58.57,BUY
CVS,2024-07-08T00:00:00.000000,1,50.69,BUY
CVS,2024-07-09T00:00:00.000000,1,50.69,BUY
CVS,2024-07-10T00:00:00.000000,1,50.69,BUY
CVS,2024-07-11T00:00:00.000000,1,50.44,BUY
CVS,2024-07-12T00:00:00.000000,0,48.73,SELL
CVS,2024-07-15T00:00:00.000000,0,46.09,SELL
CVS,2024-07-16T00:00:00.000000,0,42.94,SELL
CVS,2024-07-17T00:00:00.000000,0,42.94,SELL
CVS,2024-07-18T00:00:00.000000,0,42.94,SELL
CVS,2024-07-19T00:00:00.000000,0,42.94,SELL
CVS,2024-07-22T00:00:00.000000,0,46.09,SELL
CVS,2024-07-23T00:00:00.000000,1,48.73,BUY
CVS,2024-07-24T00:00:00.000000,1,50.44,BUY
CVS,2024-07-25T00:00:00.000000,1,50.44,BUY
CVS,2024-07-26T00:00:00.000000,1,50.44,BUY
CVS,2024-07-29T00:00:00.000000,1,50.44,BUY
CVS,2024-07-30T00:00:00.000000,1,50.69,BUY
CVS,2024-07-31T00:00:00.000000,1,50.69,BUY
CVS,2024-08-01T00:00:00.000000,1,50.69,BUY
CVS,2024-08-02T00:00:00.000000,1,50.69,BUY
CVS,2024-08-05T00:00:00.000000,1,50.69,BUY
CVS,2024-08-06T00:00:00.000000,1,50.69,BUY
CVS,2024-08-07T00:00:00.000000,1,50.69,BUY
CVS,2024-08-08T00:00:00.000000,1,50.69,BUY
CVS,2024-08-09T00:00:00.000000,1,50.69,BUY
CVS,2024-08-12T00:00:00.000000,1,50.69,BUY
CVS,2024-08-13T00:00:00.000000,1,50.69,BUY
CVS,2024-08-14T00:00:00.000000,1,50.69,BUY
CVS,2024-08-15T00:00:00.000000,1,50.69,BUY
CVS,2024-08-16T00:00:00.000000,1,48.73,BUY
CVS,2024-08-19T00:00:00.000000,0,42.94,SELL
CVS,2024-08-20T00:00:00.000000,0,39.62,SELL
CVS,2024-08-21T00:00:00.000000,0,39.62,SELL
CVS,2024-08-22T00:00:00.000000,0,39.62,SELL
CVS,2024-08-23T00:00:00.000000,0,39.62,SELL
CVS,2024-08-26T00:00:00.000000,0,39.62,SELL
CVS,2024-08-27T00:00:00.000000,0,39.62,SELL
CVS,2024-08-28T00:00:00.000000,0,39.62,SELL
CVS,2024-08-29T00:00:00.000000,0,42.94,SELL
CVS,2024-08-30T00:00:00.000000,0,42.94,SELL
CVS,2024-09-03T00:00:00.000000,0,42.94,SELL
CVS,2024-09-04T00:00:00.000000,0,42.94,SELL
CVS,2024-09-05T00:00:00.000000,0,46.09,SELL
CVS,2024-09-06T00:00:00.000000,0,48.73,SELL
CVS,2024-09-09T00:00:00.000000,1,48.73,BUY
CVS,2024-09-10T00:00:00.000000,1,48.73,BUY
CVS,2024-09-11T00:00:00.000000,1,48.73,BUY
CVS,2024-09-12T00:00:00.000000,1,48.73,BUY
CVS,2024-09-13T00:00:00.000000,1,48.73,BUY
CVS,2024-09-16T00:00:00.000000,1,48.73,BUY
CVS,2024-09-17T00:00:00.000000,1,48.73,BUY
CVS,2024-09-18T00:00:00.000000,1,48.73,BUY
CVS,2024-09-19T00:00:00.000000,1,48.73,BUY
CVS,2024-09-20T00:00:00.000000,0,48.73,SELL
CVS,2024-09-23T00:00:00.000000,0,46.09,SELL
CVS,2024-09-24T00:00:00.000000,0,42.94,SELL
CVS,2024-09-25T00:00:00.000000,0,42.94,SELL
CVS,2024-09-26T00:00:00.000000,0,42.94,SELL
CVS,2024-09-27T00:00:00.000000,0,42.94,SELL
CVS,2024-09-30T00:00:00.000000,0,42.94,SELL
CVS,2024-10-01T00:00:00.000000,0,42.94,SELL
CVS,2024-10-02T00:00:00.000000,0,46.09,SELL
CVS,2024-10-03T00:00:00.000000,0,46.09,SELL
CVS,2024-10-04T00:00:00.000000,0,46.09,SELL
CVS,2024-10-07T00:00:00.000000,0,46.09,SELL
CVS,2024-10-08T00:00:00.000000,0,46.09,SELL
CVS,2024-10-09T00:00:00.000000,0,48.73,SELL
CVS,2024-10-10T00:00:00.000000,0,46.09,SELL
CVS,2024-10-11T00:00:00.000000,0,48.73,SELL
CVS,2024-10-14T00:00:00.000000,0,46.09,SELL
CVS,2024-10-15T00:00:00.000000,0,46.09,SELL
CVS,2024-10-16T00:00:00.000000,0,46.09,SELL
CVS,2024-10-17T00:00:00.000000,0,46.09,SELL
CVS,2024-10-18T00:00:00.000000,0,42.94,SELL
CVS,2024-10-21T00:00:00.000000,0,42.94,SELL
CVS,2024-10-22T00:00:00.000000,0,42.94,SELL
CVS,2024-10-23T00:00:00.000000,0,39.62,SELL
CVS,2024-10-24T00:00:00.000000,0,42.94,SELL
CVS,2024-10-25T00:00:00.000000,0,42.94,SELL
CVS,2024-10-28T00:00:00.000000,0,42.94,SELL
CVS,2024-10-29T00:00:00.000000,0,42.94,SELL
CVS,2024-10-30T00:00:00.000000,0,42.94,SELL
CVS,2024-10-31T00:00:00.000000,0,39.62,SELL
CVS,2024-11-01T00:00:00.000000,0,42.94,SELL
CVS,2024-11-04T00:00:00.000000,0,42.94,SELL
CVS,2024-11-05T00:00:00.000000,0,42.94,SELL
CVS,2024-11-06T00:00:00.000000,0,42.94,SELL
CVS,2024-11-07T00:00:00.000000,0,42.94,SELL
CVS,2024-11-08T00:00:00.000000,0,46.09,SELL
CVS,2024-11-11T00:00:00.000000,0,46.09,SELL
CVS,2024-11-12T00:00:00.000000,0,42.94,SELL
CVS,2024-11-13T00:00:00.000000,0,42.94,SELL
CVS,2024-11-14T00:00:00.000000,0,42.94,SELL
CVS,2024-11-15T00:00:00.000000,0,39.62,SELL
CVS,2024-11-18T00:00:00.000000,0,39.62,SELL
CVS,2024-11-19T00:00:00.000000,0,39.62,SELL
CVS,2024-11-20T00:00:00.000000,0,39.62,SELL
CVS,2024-11-21T00:00:00.000000,0,39.62,SELL
CVS,2024-11-22T00:00:00.000000,0,39.62,SELL
CVS,2024-11-25T00:00:00.000000,0,39.62,SELL
CVS,2024-11-26T00:00:00.000000,0,39.62,SELL
CVS,2024-11-27T00:00:00.000000,0,39.62,SELL
CVS,2024-11-29T00:00:00.000000,0,39.62,SELL
CVS,2024-12-02T00:00:00.000000,0,42.94,SELL
CVS,2024-12-03T00:00:00.000000,0,42.94,SELL
CVS,2024-12-04T00:00:00.000000,0,42.94,SELL
CVS,2024-12-05T00:00:00.000000,0,42.94,SELL
CVS,2024-12-06T00:00:00.000000,0,42.94,SELL
CVS,2024-12-09T00:00:00.000000,0,42.94,SELL
CVS,2024-12-10T00:00:00.000000,0,42.94,SELL
CVS,2024-12-11T00:00:00.000000,0,42.94,SELL
CVS,2024-12-12T00:00:00.000000,0,42.94,SELL
CVS,2024-12-13T00:00:00.000000,0,46.09,SELL
CVS,2024-12-16T00:00:00.000000,0,46.09,SELL
CVS,2024-12-17T00:00:00.000000,0,39.62,SELL
CVS,2024-12-18T00:00:00.000000,0,39.62,SELL
CVS,2024-12-19T00:00:00.000000,0,39.62,SELL
CVS,2024-12-20T00:00:00.000000,0,39.62,SELL
CVX,2023-02-21T00:00:00.000000,0,46.09,SELL
CVX,2023-02-22T00:00:00.000000,1,48.73,BUY
CVX,2023-02-23T00:00:00.000000,1,48.73,BUY
CVX,2023-02-24T00:00:00.000000,1,50.44,BUY
CVX,2023-02-27T00:00:00.000000,1,50.44,BUY
CVX,2023-02-28T00:00:00.000000,1,50.69,BUY
CVX,2023-03-01T00:00:00.000000,1,50.69,BUY
CVX,2023-03-02T00:00:00.000000,1,50.69,BUY
CVX,2023-03-03T00:00:00.000000,1,50.69,BUY
CVX,2023-03-06T00:00:00.000000,1,50.69,BUY
CVX,2023-03-07T00:00:00.000000,1,50.69,BUY
CVX,2023-03-08T00:00:00.000000,1,50.69,BUY
CVX,2023-03-09T00:00:00.000000,1,50.69,BUY
CVX,2023-03-10T00:00:00.000000,1,50.69,BUY
CVX,2023-03-13T00:00:00.000000,1,50.69,BUY
CVX,2023-03-14T00:00:00.000000,1,50.69,BUY
CVX,2023-03-15T00:00:00.000000,1,50.69,BUY
CVX,2023-03-16T00:00:00.000000,1,50.69,BUY
CVX,2023-03-17T00:00:00.000000,1,50.44,BUY
CVX,2023-03-20T00:00:00.000000,1,50.44,BUY
CVX,2023-03-21T00:00:00.000000,1,50.69,BUY
CVX,2023-03-22T00:00:00.000000,1,50.44,BUY
CVX,2023-03-23T00:00:00.000000,1,50.69,BUY
CVX,2023-03-24T00:00:00.000000,1,50.44,BUY
CVX,2023-03-27T00:00:00.000000,1,48.73,BUY
CVX,2023-03-28T00:00:00.000000,0,48.73,SELL
CVX,2023-03-29T00:00:00.000000,0,46.09,SELL
CVX,2023-03-30T00:00:00.000000,0,42.94,SELL
CVX,2023-03-31T00:00:00.000000,0,46.09,SELL
CVX,2023-04-03T00:00:00.000000,1,48.73,BUY
CVX,2023-04-04T00:00:00.000000,1,48.73,BUY
CVX,2023-04-05T00:00:00.000000,1,48.73,BUY
CVX,2023-04-06T00:00:00.000000,1,48.73,BUY
CVX,2023-04-10T00:00:00.000000,1,48.73,BUY
CVX,2023-04-11T00:00:00.000000,1,48.73,BUY
CVX,2023-04-12T00:00:00.000000,1,48.73,BUY
CVX,2023-04-13T00:00:00.000000,0,48.73,SELL
CVX,2023-04-14T00:00:00.000000,0,48.73,SELL
CVX,2023-04-17T00:00:00.000000,0,48.73,SELL
CVX,2023-04-18T00:00:00.000000,0,48.73,SELL
CVX,2023-04-19T00:00:00.000000,0,48.73,SELL
CVX,2023-04-20T00:00:00.000000,0,48.73,SELL
CVX,2023-04-21T00:00:00.000000,0,48.73,SELL
CVX,2023-04-24T00:00:00.000000,0,48.73,SELL
CVX,2023-04-25T00:00:00.000000,0,48.73,SELL
CVX,2023-04-26T00:00:00.000000,1,48.73,BUY
CVX,2023-04-27T00:00:00.000000,1,48.73,BUY
CVX,2023-04-28T00:00:00.000000,1,48.73,BUY
CVX,2023-05-01T00:00:00.000000,0,48.73,SELL
CVX,2023-05-02T00:00:00.000000,0,48.73,SELL
CVX,2023-05-03T00:00:00.000000,0,48.73,SELL
CVX,2023-05-04T00:00:00.000000,1,48.73,BUY
CVX,2023-05-05T00:00:00.000000,1,48.73,BUY
CVX,2023-05-08T00:00:00.000000,1,48.73,BUY
CVX,2023-05-09T00:00:00.000000,1,48.73,BUY
CVX,2023-05-10T00:00:00.000000,1,48.73,BUY
CVX,2023-05-11T00:00:00.000000,1,48.73,BUY
CVX,2023-05-12T00:00:00.000000,0,48.73,SELL
CVX,2023-05-15T00:00:00.000000,0,48.73,SELL
CVX,2023-05-16T00:00:00.000000,0,46.09,SELL
CVX,2023-05-17T00:00:00.000000,0,46.09,SELL
CVX,2023-05-18T00:00:00.000000,1,48.73,BUY
CVX,2023-05-19T00:00:00.000000,1,48.73,BUY
CVX,2023-05-22T00:00:00.000000,1,48.73,BUY
CVX,2023-05-23T00:00:00.000000,1,48.73,BUY
CVX,2023-05-24T00:00:00.000000,0,48.73,SELL
CVX,2023-05-25T00:00:00.000000,0,48.73,SELL
CVX,2023-05-26T00:00:00.000000,1,48.73,BUY
CVX,2023-05-30T00:00:00.000000,1,48.73,BUY
CVX,2023-05-31T00:00:00.000000,0,48.73,SELL
CVX,2023-06-01T00:00:00.000000,0,48.73,SELL
CVX,2023-06-02T00:00:00.000000,0,48.73,SELL
CVX,2023-06-05T00:00:00.000000,0,48.73,SELL
CVX,2023-06-06T00:00:00.000000,1,48.73,BUY
CVX,2023-06-07T00:00:00.000000,0,48.73,SELL
CVX,2023-06-08T00:00:00.000000,0,46.09,SELL
CVX,2023-06-09T00:00:00.000000,0,42.94,SELL
CVX,2023-06-12T00:00:00.000000,0,42.94,SELL
CVX,2023-06-13T00:00:00.000000,0,42.94,SELL
CVX,2023-06-14T00:00:00.000000,0,42.94,SELL
CVX,2023-06-15T00:00:00.000000,0,46.09,SELL
CVX,2023-06-16T00:00:00.000000,0,46.09,SELL
CVX,2023-06-20T00:00:00.000000,0,46.09,SELL
CVX,2023-06-21T00:00:00.000000,0,46.09,SELL
CVX,2023-06-22T00:00:00.000000,0,46.09,SELL
CVX,2023-06-23T00:00:00.000000,0,46.09,SELL
CVX,2023-06-26T00:00:00.000000,0,46.09,SELL
CVX,2023-06-27T00:00:00.000000,0,42.94,SELL
CVX,2023-06-28T00:00:00.000000,0,46.09,SELL
CVX,2023-06-29T00:00:00.000000,0,42.94,SELL
CVX,2023-06-30T00:00:00.000000,0,46.09,SELL
CVX,2023-07-03T00:00:00.000000,0,46.09,SELL
CVX,2023-07-05T00:00:00.000000,0,46.09,SELL
CVX,2023-07-06T00:00:00.000000,0,42.94,SELL
CVX,2023-07-07T00:00:00.000000,0,46.09,SELL
CVX,2023-07-10T00:00:00.000000,0,46.09,SELL
CVX,2023-07-11T00:00:00.000000,0,46.09,SELL
CVX,2023-07-12T00:00:00.000000,0,46.09,SELL
CVX,2023-07-13T00:00:00.000000,0,46.09,SELL
CVX,2023-07-14T00:00:00.000000,0,46.09,SELL
CVX,2023-07-17T00:00:00.000000,0,46.09,SELL
CVX,2023-07-18T00:00:00.000000,0,46.09,SELL
CVX,2023-07-19T00:00:00.000000,0,46.09,SELL
CVX,2023-07-20T00:00:00.000000,0,46.09,SELL
CVX,2023-07-21T00:00:00.000000,0,42.94,SELL
CVX,2023-07-24T00:00:00.000000,0,42.94,SELL
CVX,2023-07-25T00:00:00.000000,0,46.09,SELL
CVX,2023-07-26T00:00:00.000000,0,46.09,SELL
CVX,2023-07-27T00:00:00.000000,0,46.09,SELL
CVX,2023-07-28T00:00:00.000000,0,46.09,SELL
CVX,2023-07-31T00:00:00.000000,0,46.09,SELL
CVX,2023-08-01T00:00:00.000000,0,46.09,SELL
CVX,2023-08-02T00:00:00.000000,0,46.09,SELL
CVX,2023-08-03T00:00:00.000000,0,48.73,SELL
CVX,2023-08-04T00:00:00.000000,1,48.73,BUY
CVX,2023-08-07T00:00:00.000000,1,48.73,BUY
CVX,2023-08-08T00:00:00.000000,1,48.73,BUY
CVX,2023-08-09T00:00:00.000000,1,48.73,BUY
CVX,2023-08-10T00:00:00.000000,1,48.73,BUY
CVX,2023-08-11T00:00:00.000000,1,50.44,BUY
CVX,2023-08-14T00:00:00.000000,1,50.44,BUY
CVX,2023-08-15T00:00:00.000000,1,50.69,BUY
CVX,2023-08-16T00:00:00.000000,1,50.69,BUY
CVX,2023-08-17T00:00:00.000000,1,50.69,BUY
CVX,2023-08-18T00:00:00.000000,1,50.44,BUY
CVX,2023-08-21T00:00:00.000000,1,50.44,BUY
CVX,2023-08-22T00:00:00.000000,1,50.44,BUY
CVX,2023-08-23T00:00:00.000000,1,50.69,BUY
CVX,2023-08-24T00:00:00.000000,1,50.69,BUY
CVX,2023-08-25T00:00:00.000000,1,50.69,BUY
CVX,2023-08-28T00:00:00.000000,1,50.69,BUY
CVX,2023-08-29T00:00:00.000000,1,50.69,BUY
CVX,2023-08-30T00:00:00.000000,1,50.44,BUY
CVX,2023-08-31T00:00:00.000000,1,48.73,BUY
CVX,2023-09-01T00:00:00.000000,0,48.73,SELL
CVX,2023-09-05T00:00:00.000000,0,46.09,SELL
CVX,2023-09-06T00:00:00.000000,0,46.09,SELL
CVX,2023-09-07T00:00:00.000000,0,46.09,SELL
CVX,2023-09-08T00:00:00.000000,0,48.73,SELL
CVX,2023-09-11T00:00:00.000000,0,48.73,SELL
CVX,2023-09-12T00:00:00.000000,0,48.73,SELL
CVX,2023-09-13T00:00:00.000000,0,48.73,SELL
CVX,2023-09-14T00:00:00.000000,0,48.73,SELL
CVX,2023-09-15T00:00:00.000000,0,48.73,SELL
CVX,2023-09-18T00:00:00.000000,1,48.73,BUY
CVX,2023-09-19T00:00:00.000000,1,48.73,BUY
CVX,2023-09-20T00:00:00.000000,1,48.73,BUY
CVX,2023-09-21T00:00:00.000000,1,48.73,BUY
CVX,2023-09-22T00:00:00.000000,1,48.73,BUY
CVX,2023-09-25T00:00:00.000000,1,48.73,BUY
CVX,2023-09-26T00:00:00.000000,1,48.73,BUY
CVX,2023-09-27T00:00:00.000000,1,48.73,BUY
CVX,2023-09-28T00:00:00.000000,1,48.73,BUY
CVX,2023-09-29T00:00:00.000000,1,50.44,BUY
CVX,2023-10-02T00:00:00.000000,1,50.44,BUY
CVX,2023-10-03T00:00:00.000000,1,50.44,BUY
CVX,2023-10-04T00:00:00.000000,1,50.44,BUY
CVX,2023-10-05T00:00:00.000000,1,48.73,BUY
CVX,2023-10-06T00:00:00.000000,1,48.73,BUY
CVX,2023-10-09T00:00:00.000000,1,48.73,BUY
CVX,2023-10-10T00:00:00.000000,1,48.73,BUY
CVX,2023-10-11T00:00:00.000000,1,48.73,BUY
CVX,2023-10-12T00:00:00.000000,1,48.73,BUY
CVX,2023-10-13T00:00:00.000000,0,48.73,SELL
CVX,2023-10-16T00:00:00.000000,0,46.09,SELL
CVX,2023-10-17T00:00:00.000000,0,46.09,SELL
CVX,2023-10-18T00:00:00.000000,0,46.09,SELL
CVX,2023-10-19T00:00:00.000000,0,48.73,SELL
CVX,2023-10-20T00:00:00.000000,1,48.73,BUY
CVX,2023-10-23T00:00:00.000000,1,50.44,BUY
CVX,2023-10-24T00:00:00.000000,1,50.44,BUY
CVX,2023-10-25T00:00:00.000000,1,50.44,BUY
CVX,2023-10-26T00:00:00.000000,1,50.69,BUY
CVX,2023-10-27T00:00:00.000000,1,50.69,BUY
CVX,2023-10-30T00:00:00.000000,1,50.44,BUY
CVX,2023-10-31T00:00:00.000000,1,50.44,BUY
CVX,2023-11-01T00:00:00.000000,1,50.44,BUY
CVX,2023-11-02T00:00:00.000000,1,50.44,BUY
CVX,2023-11-03T00:00:00.000000,1,48.73,BUY
CVX,2023-11-06T00:00:00.000000,0,46.09,SELL
CVX,2023-11-07T00:00:00.000000,0,42.94,SELL
CVX,2023-11-08T00:00:00.000000,0,39.62,SELL
CVX,2023-11-09T00:00:00.000000,0,39.62,SELL
CVX,2023-11-10T00:00:00.000000,0,39.62,SELL
CVX,2023-11-13T00:00:00.000000,0,39.62,SELL
CVX,2023-11-14T00:00:00.000000,0,39.62,SELL
CVX,2023-11-15T00:00:00.000000,0,39.62,SELL
CVX,2023-11-16T00:00:00.000000,0,39.62,SELL
CVX,2023-11-17T00:00:00.000000,0,39.62,SELL
CVX,2023-11-20T00:00:00.000000,0,39.62,SELL
CVX,2023-11-21T00:00:00.000000,0,39.62,SELL
CVX,2023-11-22T00:00:00.000000,0,39.62,SELL
CVX,2023-11-24T00:00:00.000000,0,39.62,SELL
CVX,2023-11-27T00:00:00.000000,0,39.62,SELL
CVX,2023-11-28T00:00:00.000000,0,39.62,SELL
CVX,2023-11-29T00:00:00.000000,0,39.62,SELL
CVX,2023-11-30T00:00:00.000000,0,39.62,SELL
CVX,2023-12-01T00:00:00.000000,0,39.62,SELL
CVX,2023-12-04T00:00:00.000000,0,42.94,SELL
CVX,2023-12-05T00:00:00.000000,0,42.94,SELL
CVX,2023-12-06T00:00:00.000000,0,42.94,SELL
CVX,2023-12-07T00:00:00.000000,0,46.09,SELL
CVX,2023-12-08T00:00:00.000000,0,46.09,SELL
CVX,2023-12-11T00:00:00.000000,0,46.09,SELL
CVX,2023-12-12T00:00:00.000000,0,46.09,SELL
CVX,2023-12-13T00:00:00.000000,0,42.94,SELL
CVX,2023-12-14T00:00:00.000000,0,42.94,SELL
CVX,2023-12-15T00:00:00.000000,0,42.94,SELL
CVX,2023-12-18T00:00:00.000000,0,42.94,SELL
CVX,2023-12-19T00:00:00.000000,0,42.94,SELL
CVX,2023-12-20T00:00:00.000000,0,42.94,SELL
CVX,2023-12-21T00:00:00.000000,0,46.09,SELL
CVX,2023-12-22T00:00:00.000000,0,42.94,SELL
CVX,2023-12-26T00:00:00.000000,0,42.94,SELL
CVX,2023-12-27T00:00:00.000000,0,42.94,SELL
CVX,2023-12-28T00:00:00.000000,0,42.94,SELL
CVX,2023-12-29T00:00:00.000000,0,42.94,SELL
CVX,2024-01-02T00:00:00.000000,0,46.09,SELL
CVX,2024-01-03T00:00:00.000000,0,46.09,SELL
CVX,2024-01-04T00:00:00.000000,0,46.09,SELL
CVX,2024-01-05T00:00:00.000000,0,48.73,SELL
CVX,2024-01-08T00:00:00.000000,1,48.73,BUY
CVX,2024-01-09T00:00:00.000000,1,48.73,BUY
CVX,2024-01-10T00:00:00.000000,1,48.73,BUY
CVX,2024-01-11T00:00:00.000000,1,48.73,BUY
CVX,2024-01-12T00:00:00.000000,0,48.73,SELL
CVX,2024-01-16T00:00:00.000000,0,48.73,SELL
CVX,2024-01-17T00:00:00.000000,0,48.73,SELL
CVX,2024-01-18T00:00:00.000000,0,46.09,SELL
CVX,2024-01-19T00:00:00.000000,0,46.09,SELL
CVX,2024-01-22T00:00:00.000000,0,42.94,SELL
CVX,2024-01-23T00:00:00.000000,0,42.94,SELL
CVX,2024-01-24T00:00:00.000000,0,42.94,SELL
CVX,2024-01-25T00:00:00.000000,0,39.62,SELL
CVX,2024-01-26T00:00:00.000000,0,39.62,SELL
CVX,2024-01-29T00:00:00.000000,0,39.62,SELL
CVX,2024-01-30T00:00:00.000000,0,39.62,SELL
CVX,2024-01-31T00:00:00.000000,0,39.62,SELL
CVX,2024-02-01T00:00:00.000000,0,42.94,SELL
CVX,2024-02-02T00:00:00.000000,0,42.94,SELL
CVX,2024-02-05T00:00:00.000000,0,42.94,SELL
CVX,2024-02-06T00:00:00.000000,0,46.09,SELL
CVX,2024-02-07T00:00:00.000000,0,48.73,SELL
CVX,2024-02-08T00:00:00.000000,1,48.73,BUY
CVX,2024-02-09T00:00:00.000000,1,48.73,BUY
CVX,2024-02-12T00:00:00.000000,1,50.44,BUY
CVX,2024-02-13T00:00:00.000000,1,50.44,BUY
CVX,2024-02-14T00:00:00.000000,1,50.69,BUY
CVX,2024-02-15T00:00:00.000000,1,50.69,BUY
CVX,2024-02-16T00:00:00.000000,1,50.69,BUY
CVX,2024-02-20T00:00:00.000000,1,50.69,BUY
CVX,2024-02-21T00:00:00.000000,1,50.44,BUY
CVX,2024-02-22T00:00:00.000000,1,50.44,BUY
CVX,2024-02-23T00:00:00.000000,1,48.73,BUY
CVX,2024-02-26T00:00:00.000000,1,48.73,BUY
CVX,2024-02-27T00:00:00.000000,1,48.73,BUY
CVX,2024-02-28T00:00:00.000000,1,48.73,BUY
CVX,2024-02-29T00:00:00.000000,1,48.73,BUY
CVX,2024-03-01T00:00:00.000000,0,48.73,SELL
CVX,2024-03-04T00:00:00.000000,0,48.73,SELL
CVX,2024-03-05T00:00:00.000000,0,46.09,SELL
CVX,2024-03-06T00:00:00.000000,0,42.94,SELL
CVX,2024-03-07T00:00:00.000000,0,42.94,SELL
CVX,2024-03-08T00:00:00.000000,0,42.94,SELL
CVX,2024-03-11T00:00:00.000000,0,42.94,SELL
CVX,2024-03-12T00:00:00.000000,0,42.94,SELL
CVX,2024-03-13T00:00:00.000000,0,42.94,SELL
CVX,2024-03-14T00:00:00.000000,0,42.94,SELL
CVX,2024-03-15T00:00:00.000000,0,39.62,SELL
CVX,2024-03-18T00:00:00.000000,0,40.0,SELL
CVX,2024-03-19T00:00:00.000000,0,42.94,SELL
CVX,2024-03-20T00:00:00.000000,0,42.94,SELL
CVX,2024-03-21T00:00:00.000000,0,42.94,SELL
CVX,2024-03-22T00:00:00.000000,0,42.94,SELL
CVX,2024-03-25T00:00:00.000000,0,46.09,SELL
CVX,2024-03-26T00:00:00.000000,0,42.94,SELL
CVX,2024-03-27T00:00:00.000000,0,42.94,SELL
CVX,2024-03-28T00:00:00.000000,0,42.94,SELL
CVX,2024-04-01T00:00:00.000000,0,42.94,SELL
CVX,2024-04-02T00:00:00.000000,0,42.94,SELL
CVX,2024-04-03T00:00:00.000000,0,42.94,SELL
CVX,2024-04-04T00:00:00.000000,0,46.09,SELL
CVX,2024-04-05T00:00:00.000000,0,46.09,SELL
CVX,2024-04-08T00:00:00.000000,0,48.73,SELL
CVX,2024-04-09T00:00:00.000000,1,48.73,BUY
CVX,2024-04-10T00:00:00.000000,1,48.73,BUY
CVX,2024-04-11T00:00:00.000000,1,48.73,BUY
CVX,2024-04-12T00:00:00.000000,1,48.73,BUY
CVX,2024-04-15T00:00:00.000000,1,50.44,BUY
CVX,2024-04-16T00:00:00.000000,1,50.44,BUY
CVX,2024-04-17T00:00:00.000000,1,50.44,BUY
CVX,2024-04-18T00:00:00.000000,1,50.44,BUY
CVX,2024-04-19T00:00:00.000000,1,50.44,BUY
CVX,2024-04-22T00:00:00.000000,1,50.44,BUY
CVX,2024-04-23T00:00:00.000000,1,50.69,BUY
CVX,2024-04-24T00:00:00.000000,1,50.69,BUY
CVX,2024-04-25T00:00:00.000000,1,50.69,BUY
CVX,2024-04-26T00:00:00.000000,1,50.69,BUY
CVX,2024-04-29T00:00:00.000000,1,50.69,BUY
CVX,2024-04-30T00:00:00.000000,1,50.69,BUY
CVX,2024-05-01T00:00:00.000000,1,50.69,BUY
CVX,2024-05-02T00:00:00.000000,1,50.69,BUY
CVX,2024-05-03T00:00:00.000000,1,50.69,BUY
CVX,2024-05-06T00:00:00.000000,1,50.69,BUY
CVX,2024-05-07T00:00:00.000000,1,50.69,BUY
CVX,2024-05-08T00:00:00.000000,1,50.69,BUY
CVX,2024-05-09T00:00:00.000000,1,50.44,BUY
CVX,2024-05-10T00:00:00.000000,1,48.73,BUY
CVX,2024-05-13T00:00:00.000000,0,48.73,SELL
CVX,2024-05-14T00:00:00.000000,0,48.73,SELL
CVX,2024-05-15T00:00:00.000000,0,48.73,SELL
CVX,2024-05-16T00:00:00.000000,1,48.73,BUY
CVX,2024-05-17T00:00:00.000000,1,48.73,BUY
CVX,2024-05-20T00:00:00.000000,0,48.73,SELL
CVX,2024-05-21T00:00:00.000000,1,48.73,BUY
CVX,2024-05-22T00:00:00.000000,1,48.73,BUY
CVX,2024-05-23T00:00:00.000000,1,48.73,BUY
CVX,2024-05-24T00:00:00.000000,1,48.73,BUY
CVX,2024-05-28T00:00:00.000000,1,48.73,BUY
CVX,2024-05-29T00:00:00.000000,1,48.73,BUY
CVX,2024-05-30T00:00:00.000000,1,50.44,BUY
CVX,2024-05-31T00:00:00.000000,1,50.44,BUY
CVX,2024-06-03T00:00:00.000000,1,50.44,BUY
CVX,2024-06-04T00:00:00.000000,1,50.44,BUY
CVX,2024-06-05T00:00:00.000000,1,48.73,BUY
CVX,2024-06-06T00:00:00.000000,1,48.73,BUY
CVX,2024-06-07T00:00:00.000000,0,48.73,SELL
CVX,2024-06-10T00:00:00.000000,0,48.73,SELL
CVX,2024-06-11T00:00:00.000000,1,48.73,BUY
CVX,2024-06-12T00:00:00.000000,0,48.73,SELL
CVX,2024-06-13T00:00:00.000000,1,48.73,BUY
CVX,2024-06-14T00:00:00.000000,1,48.73,BUY
CVX,2024-06-17T00:00:00.000000,0,48.73,SELL
CVX,2024-06-18T00:00:00.000000,0,46.09,SELL
CVX,2024-06-20T00:00:00.000000,0,48.73,SELL
CVX,2024-06-21T00:00:00.000000,0,48.73,SELL
CVX,2024-06-24T00:00:00.000000,1,48.73,BUY
CVX,2024-06-25T00:00:00.000000,1,48.73,BUY
CVX,2024-06-26T00:00:00.000000,0,48.73,SELL
CVX,2024-06-27T00:00:00.000000,0,48.73,SELL
CVX,2024-06-28T00:00:00.000000,0,46.09,SELL
CVX,2024-07-01T00:00:00.000000,0,46.09,SELL
CVX,2024-07-02T00:00:00.000000,0,46.09,SELL
CVX,2024-07-03T00:00:00.000000,0,48.73,SELL
CVX,2024-07-05T00:00:00.000000,1,48.73,BUY
CVX,2024-07-08T00:00:00.000000,0,48.73,SELL
CVX,2024-07-09T00:00:00.000000,0,48.73,SELL
CVX,2024-07-10T00:00:00.000000,0,46.09,SELL
CVX,2024-07-11T00:00:00.000000,0,42.94,SELL
CVX,2024-07-12T00:00:00.000000,0,42.94,SELL
CVX,2024-07-15T00:00:00.000000,0,39.62,SELL
CVX,2024-07-16T00:00:00.000000,0,39.62,SELL
CVX,2024-07-17T00:00:00.000000,0,39.62,SELL
CVX,2024-07-18T00:00:00.000000,0,39.62,SELL
CVX,2024-07-19T00:00:00.000000,0,39.62,SELL
CVX,2024-07-22T00:00:00.000000,0,39.62,SELL
CVX,2024-07-23T00:00:00.000000,0,42.94,SELL
CVX,2024-07-24T00:00:00.000000,0,42.94,SELL
CVX,2024-07-25T00:00:00.000000,0,46.09,SELL
CVX,2024-07-26T00:00:00.000000,0,46.09,SELL
CVX,2024-07-29T00:00:00.000000,0,46.09,SELL
CVX,2024-07-30T00:00:00.000000,0,46.09,SELL
CVX,2024-07-31T00:00:00.000000,1,48.73,BUY
CVX,2024-08-01T00:00:00.000000,1,48.73,BUY
CVX,2024-08-02T00:00:00.000000,1,48.73,BUY
CVX,2024-08-05T00:00:00.000000,1,48.73,BUY
CVX,2024-08-06T00:00:00.000000,0,48.73,SELL
CVX,2024-08-07T00:00:00.000000,0,46.09,SELL
CVX,2024-08-08T00:00:00.000000,0,42.94,SELL
CVX,2024-08-09T00:00:00.000000,0,42.94,SELL
CVX,2024-08-12T00:00:00.000000,0,42.94,SELL
CVX,2024-08-13T00:00:00.000000,0,42.94,SELL
CVX,2024-08-14T00:00:00.000000,0,42.94,SELL
CVX,2024-08-15T00:00:00.000000,0,39.62,SELL
CVX,2024-08-16T00:00:00.000000,0,39.62,SELL
CVX,2024-08-19T00:00:00.000000,0,39.62,SELL
CVX,2024-08-20T00:00:00.000000,0,39.62,SELL
CVX,2024-08-21T00:00:00.000000,0,39.62,SELL
CVX,2024-08-22T00:00:00.000000,0,39.62,SELL
CVX,2024-08-23T00:00:00.000000,0,39.62,SELL
CVX,2024-08-26T00:00:00.000000,0,39.62,SELL
CVX,2024-08-27T00:00:00.000000,0,39.62,SELL
CVX,2024-08-28T00:00:00.000000,0,39.62,SELL
CVX,2024-08-29T00:00:00.000000,0,42.94,SELL
CVX,2024-08-30T00:00:00.000000,0,42.94,SELL
CVX,2024-09-03T00:00:00.000000,0,42.94,SELL
CVX,2024-09-04T00:00:00.000000,0,46.09,SELL
CVX,2024-09-05T00:00:00.000000,0,46.09,SELL
CVX,2024-09-06T00:00:00.000000,1,48.73,BUY
CVX,2024-09-09T00:00:00.000000,1,48.73,BUY
CVX,2024-09-10T00:00:00.000000,1,48.73,BUY
CVX,2024-09-11T00:00:00.000000,1,48.73,BUY
CVX,2024-09-12T00:00:00.000000,1,48.73,BUY
CVX,2024-09-13T00:00:00.000000,1,48.73,BUY
CVX,2024-09-16T00:00:00.000000,1,48.73,BUY
CVX,2024-09-17T00:00:00.000000,1,48.73,BUY
CVX,2024-09-18T00:00:00.000000,1,48.73,BUY
CVX,2024-09-19T00:00:00.000000,0,48.73,SELL
CVX,2024-09-20T00:00:00.000000,0,46.09,SELL
CVX,2024-09-23T00:00:00.000000,0,42.94,SELL
CVX,2024-09-24T00:00:00.000000,0,42.94,SELL
CVX,2024-09-25T00:00:00.000000,0,42.94,SELL
CVX,2024-09-26T00:00:00.000000,0,42.94,SELL
CVX,2024-09-27T00:00:00.000000,0,42.94,SELL
CVX,2024-09-30T00:00:00.000000,0,42.94,SELL
CVX,2024-10-01T00:00:00.000000,0,42.94,SELL
CVX,2024-10-02T00:00:00.000000,0,42.94,SELL
CVX,2024-10-03T00:00:00.000000,0,46.09,SELL
CVX,2024-10-04T00:00:00.000000,0,46.09,SELL
CVX,2024-10-07T00:00:00.000000,0,48.73,SELL
CVX,2024-10-08T00:00:00.000000,1,48.73,BUY
CVX,2024-10-09T00:00:00.000000,1,48.73,BUY
CVX,2024-10-10T00:00:00.000000,1,48.73,BUY
CVX,2024-10-11T00:00:00.000000,1,50.44,BUY
CVX,2024-10-14T00:00:00.000000,1,48.73,BUY
CVX,2024-10-15T00:00:00.000000,1,48.73,BUY
CVX,2024-10-16T00:00:00.000000,1,48.73,BUY
CVX,2024-10-17T00:00:00.000000,0,48.73,SELL
CVX,2024-10-18T00:00:00.000000,0,48.73,SELL
CVX,2024-10-21T00:00:00.000000,0,48.73,SELL
CVX,2024-10-22T00:00:00.000000,0,48.73,SELL
CVX,2024-10-23T00:00:00.000000,0,48.73,SELL
CVX,2024-10-24T00:00:00.000000,1,48.73,BUY
CVX,2024-10-25T00:00:00.000000,1,48.73,BUY
CVX,2024-10-28T00:00:00.000000,1,48.73,BUY
CVX,2024-10-29T00:00:00.000000,1,48.73,BUY
CVX,2024-10-30T00:00:00.000000,1,48.73,BUY
CVX,2024-10-31T00:00:00.000000,1,48.73,BUY
CVX,2024-11-01T00:00:00.000000,1,50.44,BUY
CVX,2024-11-04T00:00:00.000000,1,50.44,BUY
CVX,2024-11-05T00:00:00.000000,1,50.44,BUY
CVX,2024-11-06T00:00:00.000000,1,50.44,BUY
CVX,2024-11-07T00:00:00.000000,1,50.44,BUY
CVX,2024-11-08T00:00:00.000000,1,48.73,BUY
CVX,2024-11-11T00:00:00.000000,1,48.73,BUY
CVX,2024-11-12T00:00:00.000000,1,48.73,BUY
CVX,2024-11-13T00:00:00.000000,1,48.73,BUY
CVX,2024-11-14T00:00:00.000000,1,48.73,BUY
CVX,2024-11-15T00:00:00.000000,1,48.73,BUY
CVX,2024-11-18T00:00:00.000000,1,48.73,BUY
CVX,2024-11-19T00:00:00.000000,0,48.73,SELL
CVX,2024-11-20T00:00:00.000000,0,46.09,SELL
CVX,2024-11-21T00:00:00.000000,0,46.09,SELL
CVX,2024-11-22T00:00:00.000000,0,46.09,SELL
CVX,2024-11-25T00:00:00.000000,0,46.09,SELL
CVX,2024-11-26T00:00:00.000000,0,48.73,SELL
CVX,2024-11-27T00:00:00.000000,0,48.73,SELL
CVX,2024-11-29T00:00:00.000000,0,48.73,SELL
CVX,2024-12-02T00:00:00.000000,0,48.73,SELL
CVX,2024-12-03T00:00:00.000000,0,46.09,SELL
CVX,2024-12-04T00:00:00.000000,0,46.09,SELL
CVX,2024-12-05T00:00:00.000000,0,42.94,SELL
CVX,2024-12-06T00:00:00.000000,0,42.94,SELL
CVX,2024-12-09T00:00:00.000000,0,42.94,SELL
CVX,2024-12-10T00:00:00.000000,0,42.94,SELL
CVX,2024-12-11T00:00:00.000000,0,42.94,SELL
CVX,2024-12-12T00:00:00.000000,0,42.94,SELL
CVX,2024-12-13T00:00:00.000000,0,42.94,SELL
CVX,2024-12-16T00:00:00.000000,0,46.09,SELL
CVX,2024-12-17T00:00:00.000000,0,46.09,SELL
CVX,2024-12-18T00:00:00.000000,0,42.94,SELL
CVX,2024-12-19T00:00:00.000000,0,42.94,SELL
CVX,2024-12-20T00:00:00.000000,0,42.94,SELL
DIA,2023-02-21T00:00:00.000000,1,50.69,BUY
DIA,2023-02-22T00:00:00.000000,1,50.69,BUY
DIA,2023-02-23T00:00:00.000000,1,50.69,BUY
DIA,2023-02-24T00:00:00.000000,1,50.69,BUY
DIA,2023-02-27T00:00:00.000000,1,50.69,BUY
DIA,2023-02-28T00:00:00.000000,1,50.69,BUY
DIA,2023-03-01T00:00:00.000000,1,50.69,BUY
DIA,2023-03-02T00:00:00.000000,1,50.69,BUY
DIA,2023-03-03T00:00:00.000000,1,50.69,BUY
DIA,2023-03-06T00:00:00.000000,1,50.69,BUY
DIA,2023-03-07T00:00:00.000000,1,50.69,BUY
DIA,2023-03-08T00:00:00.000000,1,50.69,BUY
DIA,2023-03-09T00:00:00.000000,1,50.69,BUY
DIA,2023-03-10T00:00:00.000000,1,50.69,BUY
DIA,2023-03-13T00:00:00.000000,1,50.69,BUY
DIA,2023-03-14T00:00:00.000000,1,50.69,BUY
DIA,2023-03-15T00:00:00.000000,1,50.69,BUY
DIA,2023-03-16T00:00:00.000000,1,50.69,BUY
DIA,2023-03-17T00:00:00.000000,1,50.69,BUY
DIA,2023-03-20T00:00:00.000000,1,50.69,BUY
DIA,2023-03-21T00:00:00.000000,1,50.69,BUY
DIA,2023-03-22T00:00:00.000000,1,50.69,BUY
DIA,2023-03-23T00:00:00.000000,1,50.69,BUY
DIA,2023-03-24T00:00:00.000000,1,50.69,BUY
DIA,2023-03-27T00:00:00.000000,1,48.73,BUY
DIA,2023-03-28T00:00:00.000000,0,48.73,SELL
DIA,2023-03-29T00:00:00.000000,0,48.73,SELL
DIA,2023-03-30T00:00:00.000000,0,48.73,SELL
DIA,2023-03-31T00:00:00.000000,1,48.73,BUY
DIA,2023-04-03T00:00:00.000000,1,48.73,BUY
DIA,2023-04-04T00:00:00.000000,1,48.73,BUY
DIA,2023-04-05T00:00:00.000000,1,48.73,BUY
DIA,2023-04-06T00:00:00.000000,1,50.0,BUY
DIA,2023-04-10T00:00:00.000000,1,50.0,BUY
DIA,2023-04-11T00:00:00.000000,1,48.73,BUY
DIA,2023-04-12T00:00:00.000000,1,50.44,BUY
DIA,2023-04-13T00:00:00.000000,1,50.44,BUY
DIA,2023-04-14T00:00:00.000000,1,50.44,BUY
DIA,2023-04-17T00:00:00.000000,1,50.44,BUY
DIA,2023-04-18T00:00:00.000000,1,50.44,BUY
DIA,2023-04-19T00:00:00.000000,1,50.44,BUY
DIA,2023-04-20T00:00:00.000000,1,50.69,BUY
DIA,2023-04-21T00:00:00.000000,1,50.69,BUY
DIA,2023-04-24T00:00:00.000000,1,50.69,BUY
DIA,2023-04-25T00:00:00.000000,1,50.69,BUY
DIA,2023-04-26T00:00:00.000000,1,50.69,BUY
DIA,2023-04-27T00:00:00.000000,1,50.69,BUY
DIA,2023-04-28T00:00:00.000000,1,50.69,BUY
DIA,2023-05-01T00:00:00.000000,1,50.69,BUY
DIA,2023-05-02T00:00:00.000000,1,50.69,BUY
DIA,2023-05-03T00:00:00.000000,1,50.69,BUY
DIA,2023-05-04T00:00:00.000000,1,50.69,BUY
DIA,2023-05-05T00:00:00.000000,1,50.69,BUY
DIA,2023-05-08T00:00:00.000000,1,50.69,BUY
DIA,2023-05-09T00:00:00.000000,1,50.69,BUY
DIA,2023-05-10T00:00:00.000000,1,50.69,BUY
DIA,2023-05-11T00:00:00.000000,1,50.69,BUY
DIA,2023-05-12T00:00:00.000000,1,50.69,BUY
DIA,2023-05-15T00:00:00.000000,1,50.69,BUY
DIA,2023-05-16T00:00:00.000000,1,50.44,BUY
DIA,2023-05-17T00:00:00.000000,1,50.69,BUY
DIA,2023-05-18T00:00:00.000000,1,50.69,BUY
DIA,2023-05-19T00:00:00.000000,1,50.69,BUY
DIA,2023-05-22T00:00:00.000000,1,50.44,BUY
DIA,2023-05-23T00:00:00.000000,1,50.44,BUY
DIA,2023-05-24T00:00:00.000000,1,50.44,BUY
DIA,2023-05-25T00:00:00.000000,1,50.44,BUY
DIA,2023-05-26T00:00:00.000000,1,50.44,BUY
DIA,2023-05-30T00:00:00.000000,1,50.44,BUY
DIA,2023-05-31T00:00:00.000000,1,50.44,BUY
DIA,2023-06-01T00:00:00.000000,1,50.44,BUY
DIA,2023-06-02T00:00:00.000000,1,50.44,BUY
DIA,2023-06-05T00:00:00.000000,1,50.44,BUY
DIA,2023-06-06T00:00:00.000000,1,50.69,BUY
DIA,2023-06-07T00:00:00.000000,1,50.44,BUY
DIA,2023-06-08T00:00:00.000000,1,48.73,BUY
DIA,2023-06-09T00:00:00.000000,0,48.73,SELL
DIA,2023-06-12T00:00:00.000000,0,46.09,SELL
DIA,2023-06-13T00:00:00.000000,0,46.09,SELL
DIA,2023-06-14T00:00:00.000000,0,48.73,SELL
DIA,2023-06-15T00:00:00.000000,1,48.73,BUY
DIA,2023-06-16T00:00:00.000000,1,48.73,BUY
DIA,2023-06-20T00:00:00.000000,1,50.44,BUY
DIA,2023-06-21T00:00:00.000000,1,50.44,BUY
DIA,2023-06-22T00:00:00.000000,1,50.44,BUY
DIA,2023-06-23T00:00:00.000000,1,50.44,BUY
DIA,2023-06-26T00:00:00.000000,1,50.69,BUY
DIA,2023-06-27T00:00:00.000000,1,50.69,BUY
DIA,2023-06-28T00:00:00.000000,1,50.69,BUY
DIA,2023-06-29T00:00:00.000000,1,50.69,BUY
DIA,2023-06-30T00:00:00.000000,1,50.69,BUY
DIA,2023-07-03T00:00:00.000000,1,50.69,BUY
DIA,2023-07-05T00:00:00.000000,1,50.69,BUY
DIA,2023-07-06T00:00:00.000000,1,50.69,BUY
DIA,2023-07-07T00:00:00.000000,1,50.44,BUY
DIA,2023-07-10T00:00:00.000000,1,50.44,BUY
DIA,2023-07-11T00:00:00.000000,1,50.44,BUY
DIA,2023-07-12T00:00:00.000000,1,48.73,BUY
DIA,2023-07-13T00:00:00.000000,1,48.73,BUY
DIA,2023-07-14T00:00:00.000000,1,48.73,BUY
DIA,2023-07-17T00:00:00.000000,1,48.73,BUY
DIA,2023-07-18T00:00:00.000000,1,48.73,BUY
DIA,2023-07-19T00:00:00.000000,1,48.73,BUY
DIA,2023-07-20T00:00:00.000000,1,48.73,BUY
DIA,2023-07-21T00:00:00.000000,1,48.73,BUY
DIA,2023-07-24T00:00:00.000000,1,48.73,BUY
DIA,2023-07-25T00:00:00.000000,1,48.73,BUY
DIA,2023-07-26T00:00:00.000000,0,48.73,SELL
DIA,2023-07-27T00:00:00.000000,0,48.73,SELL
DIA,2023-07-28T00:00:00.000000,1,48.73,BUY
DIA,2023-07-31T00:00:00.000000,1,48.73,BUY
DIA,2023-08-01T00:00:00.000000,0,48.73,SELL
DIA,2023-08-02T00:00:00.000000,0,48.73,SELL
DIA,2023-08-03T00:00:00.000000,1,48.73,BUY
DIA,2023-08-04T00:00:00.000000,1,48.73,BUY
DIA,2023-08-07T00:00:00.000000,1,48.73,BUY
DIA,2023-08-08T00:00:00.000000,1,48.73,BUY
DIA,2023-08-09T00:00:00.000000,0,48.73,SELL
DIA,2023-08-10T00:00:00.000000,1,48.73,BUY
DIA,2023-08-11T00:00:00.000000,1,48.73,BUY
DIA,2023-08-14T00:00:00.000000,1,48.73,BUY
DIA,2023-08-15T00:00:00.000000,1,50.44,BUY
DIA,2023-08-16T00:00:00.000000,1,50.44,BUY
DIA,2023-08-17T00:00:00.000000,1,50.44,BUY
DIA,2023-08-18T00:00:00.000000,1,50.44,BUY
DIA,2023-08-21T00:00:00.000000,1,50.44,BUY
DIA,2023-08-22T00:00:00.000000,1,50.44,BUY
DIA,2023-08-23T00:00:00.000000,1,50.44,BUY
DIA,2023-08-24T00:00:00.000000,1,50.44,BUY
DIA,2023-08-25T00:00:00.000000,1,50.44,BUY
DIA,2023-08-28T00:00:00.000000,1,50.44,BUY
DIA,2023-08-29T00:00:00.000000,1,50.44,BUY
DIA,2023-08-30T00:00:00.000000,1,48.73,BUY
DIA,2023-08-31T00:00:00.000000,1,48.73,BUY
DIA,2023-09-01T00:00:00.000000,0,48.73,SELL
DIA,2023-09-05T00:00:00.000000,0,46.09,SELL
DIA,2023-09-06T00:00:00.000000,0,46.09,SELL
DIA,2023-09-07T00:00:00.000000,0,46.09,SELL
DIA,2023-09-08T00:00:00.000000,0,46.09,SELL
DIA,2023-09-11T00:00:00.000000,0,46.09,SELL
DIA,2023-09-12T00:00:00.000000,0,46.09,SELL
DIA,2023-09-13T00:00:00.000000,0,46.09,SELL
DIA,2023-09-14T00:00:00.000000,0,48.73,SELL
DIA,2023-09-15T00:00:00.000000,0,48.73,SELL
DIA,2023-09-18T00:00:00.000000,0,48.73,SELL
DIA,2023-09-19T00:00:00.000000,1,48.73,BUY
DIA,2023-09-20T00:00:00.000000,1,48.73,BUY
DIA,2023-09-21T00:00:00.000000,1,48.73,BUY
DIA,2023-09-22T00:00:00.000000,1,48.73,BUY
DIA,2023-09-25T00:00:00.000000,1,50.44,BUY
DIA,2023-09-26T00:00:00.000000,1,50.44,BUY
DIA,2023-09-27T00:00:00.000000,1,50.44,BUY
DIA,2023-09-28T00:00:00.000000,1,50.44,BUY
DIA,2023-09-29T00:00:00.000000,1,50.44,BUY
DIA,2023-10-02T00:00:00.000000,1,50.69,BUY
DIA,2023-10-03T00:00:00.000000,1,50.69,BUY
DIA,2023-10-04T00:00:00.000000,1,50.69,BUY
DIA,2023-10-05T00:00:00.000000,1,50.44,BUY
DIA,2023-10-06T00:00:00.000000,1,50.44,BUY
DIA,2023-10-09T00:00:00.000000,1,50.44,BUY
DIA,2023-10-10T00:00:00.000000,1,50.44,BUY
DIA,2023-10-11T00:00:00.000000,1,48.73,BUY
DIA,2023-10-12T00:00:00.000000,1,48.73,BUY
DIA,2023-10-13T00:00:00.000000,1,48.73,BUY
DIA,2023-10-16T00:00:00.000000,1,48.73,BUY
DIA,2023-10-17T00:00:00.000000,0,48.73,SELL
DIA,2023-10-18T00:00:00.000000,1,48.73,BUY
DIA,2023-10-19T00:00:00.000000,1,48.73,BUY
DIA,2023-10-20T00:00:00.000000,1,50.44,BUY
DIA,2023-10-23T00:00:00.000000,1,50.44,BUY
DIA,2023-10-24T00:00:00.000000,1,50.69,BUY
DIA,2023-10-25T00:00:00.000000,1,50.69,BUY
DIA,2023-10-26T00:00:00.000000,1,50.69,BUY
DIA,2023-10-27T00:00:00.000000,1,50.69,BUY
DIA,2023-10-30T00:00:00.000000,1,50.69,BUY
DIA,2023-10-31T00:00:00.000000,1,50.69,BUY
DIA,2023-11-01T00:00:00.000000,1,50.69,BUY
DIA,2023-11-02T00:00:00.000000,1,50.69,BUY
DIA,2023-11-03T00:00:00.000000,1,50.69,BUY
DIA,2023-11-06T00:00:00.000000,1,50.69,BUY
DIA,2023-11-07T00:00:00.000000,1,50.44,BUY
DIA,2023-11-08T00:00:00.000000,1,50.44,BUY
DIA,2023-11-09T00:00:00.000000,1,48.73,BUY
DIA,2023-11-10T00:00:00.000000,0,48.73,SELL
DIA,2023-11-13T00:00:00.000000,0,46.09,SELL
DIA,2023-11-14T00:00:00.000000,0,42.94,SELL
DIA,2023-11-15T00:00:00.000000,0,42.94,SELL
DIA,2023-11-16T00:00:00.000000,0,42.94,SELL
DIA,2023-11-17T00:00:00.000000,0,42.94,SELL
DIA,2023-11-20T00:00:00.000000,0,42.94,SELL
DIA,2023-11-21T00:00:00.000000,0,46.09,SELL
DIA,2023-11-22T00:00:00.000000,0,46.09,SELL
DIA,2023-11-24T00:00:00.000000,0,48.73,SELL
DIA,2023-11-27T00:00:00.000000,1,48.73,BUY
DIA,2023-11-28T00:00:00.000000,1,48.73,BUY
DIA,2023-11-29T00:00:00.000000,1,48.73,BUY
DIA,2023-11-30T00:00:00.000000,1,48.73,BUY
DIA,2023-12-01T00:00:00.000000,1,48.73,BUY
DIA,2023-12-04T00:00:00.000000,1,48.73,BUY
DIA,2023-12-05T00:00:00.000000,1,48.73,BUY
DIA,2023-12-06T00:00:00.000000,1,50.44,BUY
DIA,2023-12-07T00:00:00.000000,1,50.44,BUY
DIA,2023-12-08T00:00:00.000000,1,50.69,BUY
DIA,2023-12-11T00:00:00.000000,1,50.69,BUY
DIA,2023-12-12T00:00:00.000000,1,50.44,BUY
DIA,2023-12-13T00:00:00.000000,1,50.44,BUY
DIA,2023-12-14T00:00:00.000000,1,50.44,BUY
DIA,2023-12-15T00:00:00.000000,1,50.44,BUY
DIA,2023-12-18T00:00:00.000000,1,50.44,BUY
DIA,2023-12-19T00:00:00.000000,1,50.44,BUY
DIA,2023-12-20T00:00:00.000000,1,50.44,BUY
DIA,2023-12-21T00:00:00.000000,1,50.44,BUY
DIA,2023-12-22T00:00:00.000000,1,50.44,BUY
DIA,2023-12-26T00:00:00.000000,1,48.73,BUY
DIA,2023-12-27T00:00:00.000000,1,48.73,BUY
DIA,2023-12-28T00:00:00.000000,1,48.73,BUY
DIA,2023-12-29T00:00:00.000000,1,48.73,BUY
DIA,2024-01-02T00:00:00.000000,1,50.44,BUY
DIA,2024-01-03T00:00:00.000000,1,50.44,BUY
DIA,2024-01-04T00:00:00.000000,1,50.44,BUY
DIA,2024-01-05T00:00:00.000000,1,50.69,BUY
DIA,2024-01-08T00:00:00.000000,1,50.69,BUY
DIA,2024-01-09T00:00:00.000000,1,50.69,BUY
DIA,2024-01-10T00:00:00.000000,1,50.69,BUY
DIA,2024-01-11T00:00:00.000000,1,50.44,BUY
DIA,2024-01-12T00:00:00.000000,1,50.44,BUY
DIA,2024-01-16T00:00:00.000000,1,50.44,BUY
DIA,2024-01-17T00:00:00.000000,1,50.69,BUY
DIA,2024-01-18T00:00:00.000000,1,50.44,BUY
DIA,2024-01-19T00:00:00.000000,1,50.44,BUY
DIA,2024-01-22T00:00:00.000000,1,50.44,BUY
DIA,2024-01-23T00:00:00.000000,1,50.44,BUY
DIA,2024-01-24T00:00:00.000000,1,50.44,BUY
DIA,2024-01-25T00:00:00.000000,1,50.44,BUY
DIA,2024-01-26T00:00:00.000000,1,50.44,BUY
DIA,2024-01-29T00:00:00.000000,1,48.73,BUY
DIA,2024-01-30T00:00:00.000000,1,48.73,BUY
DIA,2024-01-31T00:00:00.000000,1,48.73,BUY
DIA,2024-02-01T00:00:00.000000,1,48.73,BUY
DIA,2024-02-02T00:00:00.000000,1,48.73,BUY
DIA,2024-02-05T00:00:00.000000,1,50.44,BUY
DIA,2024-02-06T00:00:00.000000,1,50.44,BUY
DIA,2024-02-07T00:00:00.000000,1,50.44,BUY
DIA,2024-02-08T00:00:00.000000,1,50.44,BUY
DIA,2024-02-09T00:00:00.000000,1,50.44,BUY
DIA,2024-02-12T00:00:00.000000,1,50.44,BUY
DIA,2024-02-13T00:00:00.000000,1,50.69,BUY
DIA,2024-02-14T00:00:00.000000,1,50.69,BUY
DIA,2024-02-15T00:00:00.000000,1,50.69,BUY
DIA,2024-02-16T00:00:00.000000,1,50.69,BUY
DIA,2024-02-20T00:00:00.000000,1,50.69,BUY
DIA,2024-02-21T00:00:00.000000,1,50.44,BUY
DIA,2024-02-22T00:00:00.000000,1,50.44,BUY
DIA,2024-02-23T00:00:00.000000,1,50.44,BUY
DIA,2024-02-26T00:00:00.000000,1,50.44,BUY
DIA,2024-02-27T00:00:00.000000,1,50.44,BUY
DIA,2024-02-28T00:00:00.000000,1,50.44,BUY
DIA,2024-02-29T00:00:00.000000,1,50.44,BUY
DIA,2024-03-01T00:00:00.000000,1,50.44,BUY
DIA,2024-03-04T00:00:00.000000,1,50.44,BUY
DIA,2024-03-05T00:00:00.000000,1,50.44,BUY
DIA,2024-03-06T00:00:00.000000,1,50.44,BUY
DIA,2024-03-07T00:00:00.000000,1,50.44,BUY
DIA,2024-03-08T00:00:00.000000,1,50.69,BUY
DIA,2024-03-11T00:00:00.000000,1,50.44,BUY
DIA,2024-03-12T00:00:00.000000,1,50.44,BUY
DIA,2024-03-13T00:00:00.000000,1,50.44,BUY
DIA,2024-03-14T00:00:00.000000,1,50.44,BUY
DIA,2024-03-15T00:00:00.000000,1,48.73,BUY
DIA,2024-03-18T00:00:00.000000,1,48.73,BUY
DIA,2024-03-19T00:00:00.000000,1,48.73,BUY
DIA,2024-03-20T00:00:00.000000,1,48.73,BUY
DIA,2024-03-21T00:00:00.000000,0,48.73,SELL
DIA,2024-03-22T00:00:00.000000,0,48.73,SELL
DIA,2024-03-25T00:00:00.000000,0,48.73,SELL
DIA,2024-03-26T00:00:00.000000,1,48.73,BUY
DIA,2024-03-27T00:00:00.000000,1,48.73,BUY
DIA,2024-03-28T00:00:00.000000,0,48.73,SELL
DIA,2024-04-01T00:00:00.000000,0,48.73,SELL
DIA,2024-04-02T00:00:00.000000,0,46.09,SELL
DIA,2024-04-03T00:00:00.000000,0,48.73,SELL
DIA,2024-04-04T00:00:00.000000,0,48.73,SELL
DIA,2024-04-05T00:00:00.000000,1,48.73,BUY
DIA,2024-04-08T00:00:00.000000,1,48.73,BUY
DIA,2024-04-09T00:00:00.000000,1,48.73,BUY
DIA,2024-04-10T00:00:00.000000,1,48.73,BUY
DIA,2024-04-11T00:00:00.000000,1,48.73,BUY
DIA,2024-04-12T00:00:00.000000,1,48.73,BUY
DIA,2024-04-15T00:00:00.000000,1,50.44,BUY
DIA,2024-04-16T00:00:00.000000,1,50.44,BUY
DIA,2024-04-17T00:00:00.000000,1,50.44,BUY
DIA,2024-04-18T00:00:00.000000,1,50.44,BUY
DIA,2024-04-19T00:00:00.000000,1,50.44,BUY
DIA,2024-04-22T00:00:00.000000,1,50.69,BUY
DIA,2024-04-23T00:00:00.000000,1,50.69,BUY
DIA,2024-04-24T00:00:00.000000,1,50.69,BUY
DIA,2024-04-25T00:00:00.000000,1,50.69,BUY
DIA,2024-04-26T00:00:00.000000,1,50.69,BUY
DIA,2024-04-29T00:00:00.000000,1,50.69,BUY
DIA,2024-04-30T00:00:00.000000,1,50.44,BUY
DIA,2024-05-01T00:00:00.000000,1,50.44,BUY
DIA,2024-05-02T00:00:00.000000,1,50.44,BUY
DIA,2024-05-03T00:00:00.000000,1,50.44,BUY
DIA,2024-05-06T00:00:00.000000,1,50.44,BUY
DIA,2024-05-07T00:00:00.000000,1,50.44,BUY
DIA,2024-05-08T00:00:00.000000,1,50.44,BUY
DIA,2024-05-09T00:00:00.000000,1,48.73,BUY
DIA,2024-05-10T00:00:00.000000,0,46.09,SELL
DIA,2024-05-13T00:00:00.000000,0,46.09,SELL
DIA,2024-05-14T00:00:00.000000,0,46.09,SELL
DIA,2024-05-15T00:00:00.000000,0,46.09,SELL
DIA,2024-05-16T00:00:00.000000,0,48.73,SELL
DIA,2024-05-17T00:00:00.000000,1,48.73,BUY
DIA,2024-05-20T00:00:00.000000,1,48.73,BUY
DIA,2024-05-21T00:00:00.000000,1,48.73,BUY
DIA,2024-05-22T00:00:00.000000,1,50.44,BUY
DIA,2024-05-23T00:00:00.000000,1,50.44,BUY
DIA,2024-05-24T00:00:00.000000,1,50.44,BUY
DIA,2024-05-28T00:00:00.000000,1,50.44,BUY
DIA,2024-05-29T00:00:00.000000,1,50.44,BUY
DIA,2024-05-30T00:00:00.000000,1,50.44,BUY
DIA,2024-05-31T00:00:00.000000,1,50.44,BUY
DIA,2024-06-03T00:00:00.000000,1,50.44,BUY
DIA,2024-06-04T00:00:00.000000,1,50.69,BUY
DIA,2024-06-05T00:00:00.000000,1,50.69,BUY
DIA,2024-06-06T00:00:00.000000,1,50.69,BUY
DIA,2024-06-07T00:00:00.000000,1,50.69,BUY
DIA,2024-06-10T00:00:00.000000,1,50.44,BUY
DIA,2024-06-11T00:00:00.000000,1,50.44,BUY
DIA,2024-06-12T00:00:00.000000,1,48.73,BUY
DIA,2024-06-13T00:00:00.000000,1,48.73,BUY
DIA,2024-06-14T00:00:00.000000,1,50.44,BUY
DIA,2024-06-17T00:00:00.000000,1,50.44,BUY
DIA,2024-06-18T00:00:00.000000,1,50.44,BUY
DIA,2024-06-20T00:00:00.000000,1,50.69,BUY
DIA,2024-06-21T00:00:00.000000,1,50.69,BUY
DIA,2024-06-24T00:00:00.000000,1,50.69,BUY
DIA,2024-06-25T00:00:00.000000,1,50.69,BUY
DIA,2024-06-26T00:00:00.000000,1,50.69,BUY
DIA,2024-06-27T00:00:00.000000,1,50.69,BUY
DIA,2024-06-28T00:00:00.000000,1,50.69,BUY
DIA,2024-07-01T00:00:00.000000,1,50.44,BUY
DIA,2024-07-02T00:00:00.000000,1,50.69,BUY
DIA,2024-07-03T00:00:00.000000,1,50.69,BUY
DIA,2024-07-05T00:00:00.000000,1,50.69,BUY
DIA,2024-07-08T00:00:00.000000,1,50.69,BUY
DIA,2024-07-09T00:00:00.000000,1,50.69,BUY
DIA,2024-07-10T00:00:00.000000,1,50.69,BUY
DIA,2024-07-11T00:00:00.000000,1,50.69,BUY
DIA,2024-07-12T00:00:00.000000,1,50.69,BUY
DIA,2024-07-15T00:00:00.000000,1,50.44,BUY
DIA,2024-07-16T00:00:00.000000,1,50.44,BUY
DIA,2024-07-17T00:00:00.000000,1,48.73,BUY
DIA,2024-07-18T00:00:00.000000,1,48.73,BUY
DIA,2024-07-19T00:00:00.000000,1,48.73,BUY
DIA,2024-07-22T00:00:00.000000,1,50.44,BUY
DIA,2024-07-23T00:00:00.000000,1,50.44,BUY
DIA,2024-07-24T00:00:00.000000,1,50.44,BUY
DIA,2024-07-25T00:00:00.000000,1,50.69,BUY
DIA,2024-07-26T00:00:00.000000,1,50.69,BUY
DIA,2024-07-29T00:00:00.000000,1,50.69,BUY
DIA,2024-07-30T00:00:00.000000,1,50.44,BUY
DIA,2024-07-31T00:00:00.000000,1,50.69,BUY
DIA,2024-08-01T00:00:00.000000,1,50.69,BUY
DIA,2024-08-02T00:00:00.000000,1,50.69,BUY
DIA,2024-08-05T00:00:00.000000,1,50.69,BUY
DIA,2024-08-06T00:00:00.000000,1,50.69,BUY
DIA,2024-08-07T00:00:00.000000,1,50.44,BUY
DIA,2024-08-08T00:00:00.000000,1,50.44,BUY
DIA,2024-08-09T00:00:00.000000,1,50.44,BUY
DIA,2024-08-12T00:00:00.000000,1,50.44,BUY
DIA,2024-08-13T00:00:00.000000,1,50.44,BUY
DIA,2024-08-14T00:00:00.000000,1,50.44,BUY
DIA,2024-08-15T00:00:00.000000,1,48.73,BUY
DIA,2024-08-16T00:00:00.000000,0,46.09,SELL
DIA,2024-08-19T00:00:00.000000,0,42.94,SELL
DIA,2024-08-20T00:00:00.000000,0,42.94,SELL
DIA,2024-08-21T00:00:00.000000,0,42.94,SELL
DIA,2024-08-22T00:00:00.000000,0,42.94,SELL
DIA,2024-08-23T00:00:00.000000,0,46.09,SELL
DIA,2024-08-26T00:00:00.000000,0,46.09,SELL
DIA,2024-08-27T00:00:00.000000,0,46.09,SELL
DIA,2024-08-28T00:00:00.000000,0,46.09,SELL
DIA,2024-08-29T00:00:00.000000,1,48.73,BUY
DIA,2024-08-30T00:00:00.000000,1,48.73,BUY
DIA,2024-09-03T00:00:00.000000,1,50.44,BUY
DIA,2024-09-04T00:00:00.000000,1,50.44,BUY
DIA,2024-09-05T00:00:00.000000,1,50.69,BUY
DIA,2024-09-06T00:00:00.000000,1,50.69,BUY
DIA,2024-09-09T00:00:00.000000,1,50.69,BUY
DIA,2024-09-10T00:00:00.000000,1,50.69,BUY
DIA,2024-09-11T00:00:00.000000,1,50.69,BUY
DIA,2024-09-12T00:00:00.000000,1,50.69,BUY
DIA,2024-09-13T00:00:00.000000,1,50.69,BUY
DIA,2024-09-16T00:00:00.000000,1,50.69,BUY
DIA,2024-09-17T00:00:00.000000,1,50.69,BUY
DIA,2024-09-18T00:00:00.000000,1,50.69,BUY
DIA,2024-09-19T00:00:00.000000,1,50.69,BUY
DIA,2024-09-20T00:00:00.000000,1,50.69,BUY
DIA,2024-09-23T00:00:00.000000,1,50.69,BUY
DIA,2024-09-24T00:00:00.000000,1,50.44,BUY
DIA,2024-09-25T00:00:00.000000,1,50.44,BUY
DIA,2024-09-26T00:00:00.000000,1,50.44,BUY
DIA,2024-09-27T00:00:00.000000,1,50.44,BUY
DIA,2024-09-30T00:00:00.000000,1,50.44,BUY
DIA,2024-10-01T00:00:00.000000,1,50.44,BUY
DIA,2024-10-02T00:00:00.000000,1,50.44,BUY
DIA,2024-10-03T00:00:00.000000,1,50.44,BUY
DIA,2024-10-04T00:00:00.000000,1,50.44,BUY
DIA,2024-10-07T00:00:00.000000,1,50.44,BUY
DIA,2024-10-08T00:00:00.000000,1,50.44,BUY
DIA,2024-10-09T00:00:00.000000,1,50.69,BUY
DIA,2024-10-10T00:00:00.000000,1,50.69,BUY
DIA,2024-10-11T00:00:00.000000,1,50.69,BUY
DIA,2024-10-14T00:00:00.000000,1,50.69,BUY
DIA,2024-10-15T00:00:00.000000,1,50.44,BUY
DIA,2024-10-16T00:00:00.000000,1,50.69,BUY
DIA,2024-10-17T00:00:00.000000,1,50.69,BUY
DIA,2024-10-18T00:00:00.000000,1,50.69,BUY
DIA,2024-10-21T00:00:00.000000,1,50.69,BUY
DIA,2024-10-22T00:00:00.000000,1,50.69,BUY
DIA,2024-10-23T00:00:00.000000,1,50.69,BUY
DIA,2024-10-24T00:00:00.000000,1,50.69,BUY
DIA,2024-10-25T00:00:00.000000,1,50.69,BUY
DIA,2024-10-28T00:00:00.000000,1,50.69,BUY
DIA,2024-10-29T00:00:00.000000,1,50.69,BUY
DIA,2024-10-30T00:00:00.000000,1,50.69,BUY
DIA,2024-10-31T00:00:00.000000,1,50.69,BUY
DIA,2024-11-01T00:00:00.000000,1,50.69,BUY
DIA,2024-11-04T00:00:00.000000,1,50.69,BUY
DIA,2024-11-05T00:00:00.000000,1,50.69,BUY
DIA,2024-11-06T00:00:00.000000,1,50.69,BUY
DIA,2024-11-07T00:00:00.000000,1,50.69,BUY
DIA,2024-11-08T00:00:00.000000,1,50.69,BUY
DIA,2024-11-11T00:00:00.000000,1,50.69,BUY
DIA,2024-11-12T00:00:00.000000,1,50.44,BUY
DIA,2024-11-13T00:00:00.000000,1,50.44,BUY
DIA,2024-11-14T00:00:00.000000,1,50.44,BUY
DIA,2024-11-15T00:00:00.000000,1,50.44,BUY
DIA,2024-11-18T00:00:00.000000,1,48.73,BUY
DIA,2024-11-19T00:00:00.000000,1,48.73,BUY
DIA,2024-11-20T00:00:00.000000,0,48.73,SELL
DIA,2024-11-21T00:00:00.000000,0,46.09,SELL
DIA,2024-11-22T00:00:00.000000,0,46.09,SELL
DIA,2024-11-25T00:00:00.000000,0,46.09,SELL
DIA,2024-11-26T00:00:00.000000,1,48.73,BUY
DIA,2024-11-27T00:00:00.000000,1,48.73,BUY
DIA,2024-11-29T00:00:00.000000,1,50.44,BUY
DIA,2024-12-02T00:00:00.000000,1,50.44,BUY
DIA,2024-12-03T00:00:00.000000,1,50.44,BUY
DIA,2024-12-04T00:00:00.000000,1,50.44,BUY
DIA,2024-12-05T00:00:00.000000,1,48.73,BUY
DIA,2024-12-06T00:00:00.000000,1,48.73,BUY
DIA,2024-12-09T00:00:00.000000,1,50.44,BUY
DIA,2024-12-10T00:00:00.000000,1,50.44,BUY
DIA,2024-12-11T00:00:00.000000,1,50.44,BUY
DIA,2024-12-12T00:00:00.000000,1,50.44,BUY
DIA,2024-12-13T00:00:00.000000,1,50.69,BUY
DIA,2024-12-16T00:00:00.000000,1,50.69,BUY
DIA,2024-12-17T00:00:00.000000,1,50.69,BUY
DIA,2024-12-18T00:00:00.000000,1,50.44,BUY
DIA,2024-12-19T00:00:00.000000,1,50.44,BUY
DIA,2024-12-20T00:00:00.000000,1,50.44,BUY
GLD,2023-02-21T00:00:00.000000,0,42.94,SELL
GLD,2023-02-22T00:00:00.000000,0,42.94,SELL
GLD,2023-02-23T00:00:00.000000,0,46.09,SELL
GLD,2023-02-24T00:00:00.000000,0,48.73,SELL
GLD,2023-02-27T00:00:00.000000,1,48.73,BUY
GLD,2023-02-28T00:00:00.000000,1,48.73,BUY
GLD,2023-03-01T00:00:00.000000,1,48.73,BUY
GLD,2023-03-02T00:00:00.000000,1,50.44,BUY
GLD,2023-03-03T00:00:00.000000,1,50.69,BUY
GLD,2023-03-06T00:00:00.000000,1,50.44,BUY
GLD,2023-03-07T00:00:00.000000,1,50.44,BUY
GLD,2023-03-08T00:00:00.000000,1,50.44,BUY
GLD,2023-03-09T00:00:00.000000,1,48.73,BUY
GLD,2023-03-10T00:00:00.000000,1,48.73,BUY
GLD,2023-03-13T00:00:00.000000,1,48.73,BUY
GLD,2023-03-14T00:00:00.000000,1,50.44,BUY
GLD,2023-03-15T00:00:00.000000,1,50.44,BUY
GLD,2023-03-16T00:00:00.000000,1,50.69,BUY
GLD,2023-03-17T00:00:00.000000,1,50.69,BUY
GLD,2023-03-20T00:00:00.000000,1,50.69,BUY
GLD,2023-03-21T00:00:00.000000,1,50.69,BUY
GLD,2023-03-22T00:00:00.000000,1,50.69,BUY
GLD,2023-03-23T00:00:00.000000,1,50.69,BUY
GLD,2023-03-24T00:00:00.000000,1,50.69,BUY
GLD,2023-03-27T00:00:00.000000,1,50.69,BUY
GLD,2023-03-28T00:00:00.000000,1,50.44,BUY
GLD,2023-03-29T00:00:00.000000,1,50.44,BUY
GLD,2023-03-30T00:00:00.000000,1,48.73,BUY
GLD,2023-03-31T00:00:00.000000,1,48.73,BUY
GLD,2023-04-03T00:00:00.000000,1,48.73,BUY
GLD,2023-04-04T00:00:00.000000,1,48.73,BUY
GLD,2023-04-05T00:00:00.000000,1,48.73,BUY
GLD,2023-04-06T00:00:00.000000,1,48.73,BUY
GLD,2023-04-10T00:00:00.000000,1,48.73,BUY
GLD,2023-04-11T00:00:00.000000,1,48.73,BUY
GLD,2023-04-12T00:00:00.000000,1,48.73,BUY
GLD,2023-04-13T00:00:00.000000,1,48.73,BUY
GLD,2023-04-14T00:00:00.000000,0,48.73,SELL
GLD,2023-04-17T00:00:00.000000,1,48.73,BUY
GLD,2023-04-18T00:00:00.000000,1,48.73,BUY
GLD,2023-04-19T00:00:00.000000,1,48.73,BUY
GLD,2023-04-20T00:00:00.000000,1,48.73,BUY
GLD,2023-04-21T00:00:00.000000,1,48.73,BUY
GLD,2023-04-24T00:00:00.000000,1,48.73,BUY
GLD,2023-04-25T00:00:00.000000,1,50.44,BUY
GLD,2023-04-26T00:00:00.000000,1,50.44,BUY
GLD,2023-04-27T00:00:00.000000,1,50.44,BUY
GLD,2023-04-28T00:00:00.000000,1,50.44,BUY
GLD,2023-05-01T00:00:00.000000,1,50.44,BUY
GLD,2023-05-02T00:00:00.000000,1,50.69,BUY
GLD,2023-05-03T00:00:00.000000,1,50.69,BUY
GLD,2023-05-04T00:00:00.000000,1,50.69,BUY
GLD,2023-05-05T00:00:00.000000,1,50.69,BUY
GLD,2023-05-08T00:00:00.000000,1,50.69,BUY
GLD,2023-05-09T00:00:00.000000,1,50.69,BUY
GLD,2023-05-10T00:00:00.000000,1,50.69,BUY
GLD,2023-05-11T00:00:00.000000,1,50.69,BUY
GLD,2023-05-12T00:00:00.000000,1,50.69,BUY
GLD,2023-05-15T00:00:00.000000,1,50.69,BUY
GLD,2023-05-16T00:00:00.000000,1,50.69,BUY
GLD,2023-05-17T00:00:00.000000,1,50.69,BUY
GLD,2023-05-18T00:00:00.000000,1,50.69,BUY
GLD,2023-05-19T00:00:00.000000,1,50.69,BUY
GLD,2023-05-22T00:00:00.000000,1,50.69,BUY
GLD,2023-05-23T00:00:00.000000,1,50.69,BUY
GLD,2023-05-24T00:00:00.000000,1,50.69,BUY
GLD,2023-05-25T00:00:00.000000,1,50.69,BUY
GLD,2023-05-26T00:00:00.000000,1,50.69,BUY
GLD,2023-05-30T00:00:00.000000,1,50.44,BUY
GLD,2023-05-31T00:00:00.000000,1,48.73,BUY
GLD,2023-06-01T00:00:00.000000,1,48.73,BUY
GLD,2023-06-02T00:00:00.000000,1,48.73,BUY
GLD,2023-06-05T00:00:00.000000,1,48.73,BUY
GLD,2023-06-06T00:00:00.000000,1,48.73,BUY
GLD,2023-06-07T00:00:00.000000,0,46.09,SELL
GLD,2023-06-08T00:00:00.000000,0,42.94,SELL
GLD,2023-06-09T00:00:00.000000,0,39.62,SELL
GLD,2023-06-12T00:00:00.000000,0,39.62,SELL
GLD,2023-06-13T00:00:00.000000,0,39.62,SELL
GLD,2023-06-14T00:00:00.000000,0,39.62,SELL
GLD,2023-06-15T00:00:00.000000,0,39.62,SELL
GLD,2023-06-16T00:00:00.000000,0,39.62,SELL
GLD,2023-06-20T00:00:00.000000,0,39.62,SELL
GLD,2023-06-21T00:00:00.000000,0,39.62,SELL
GLD,2023-06-22T00:00:00.000000,0,39.62,SELL
GLD,2023-06-23T00:00:00.000000,0,39.62,SELL
GLD,2023-06-26T00:00:00.000000,0,39.62,SELL
GLD,2023-06-27T00:00:00.000000,0,42.94,SELL
GLD,2023-06-28T00:00:00.000000,0,42.94,SELL
GLD,2023-06-29T00:00:00.000000,0,42.94,SELL
GLD,2023-06-30T00:00:00.000000,0,42.94,SELL
GLD,2023-07-03T00:00:00.000000,0,42.94,SELL
GLD,2023-07-05T00:00:00.000000,0,42.94,SELL
GLD,2023-07-06T00:00:00.000000,0,42.94,SELL
GLD,2023-07-07T00:00:00.000000,0,42.94,SELL
GLD,2023-07-10T00:00:00.000000,0,42.94,SELL
GLD,2023-07-11T00:00:00.000000,0,42.94,SELL
GLD,2023-07-12T00:00:00.000000,0,42.94,SELL
GLD,2023-07-13T00:00:00.000000,0,42.94,SELL
GLD,2023-07-14T00:00:00.000000,0,42.94,SELL
GLD,2023-07-17T00:00:00.000000,0,42.94,SELL
GLD,2023-07-18T00:00:00.000000,0,42.94,SELL
GLD,2023-07-19T00:00:00.000000,0,42.94,SELL
GLD,2023-07-20T00:00:00.000000,0,42.94,SELL
GLD,2023-07-21T00:00:00.000000,0,42.94,SELL
GLD,2023-07-24T00:00:00.000000,0,42.94,SELL
GLD,2023-07-25T00:00:00.000000,0,42.94,SELL
GLD,2023-07-26T00:00:00.000000,0,42.94,SELL
GLD,2023-07-27T00:00:00.000000,0,42.94,SELL
GLD,2023-07-28T00:00:00.000000,0,42.94,SELL
GLD,2023-07-31T00:00:00.000000,0,42.94,SELL
GLD,2023-08-01T00:00:00.000000,0,42.94,SELL
GLD,2023-08-02T00:00:00.000000,0,42.94,SELL
GLD,2023-08-03T00:00:00.000000,0,46.09,SELL
GLD,2023-08-04T00:00:00.000000,0,46.09,SELL
GLD,2023-08-07T00:00:00.000000,0,46.09,SELL
GLD,2023-08-08T00:00:00.000000,0,46.09,SELL
GLD,2023-08-09T00:00:00.000000,0,46.09,SELL
GLD,2023-08-10T00:00:00.000000,0,48.73,SELL
GLD,2023-08-11T00:00:00.000000,0,48.73,SELL
GLD,2023-08-14T00:00:00.000000,1,48.73,BUY
GLD,2023-08-15T00:00:00.000000,1,48.73,BUY
GLD,2023-08-16T00:00:00.000000,1,48.73,BUY
GLD,2023-08-17T00:00:00.000000,0,48.73,SELL
GLD,2023-08-18T00:00:00.000000,0,48.73,SELL
GLD,2023-08-21T00:00:00.000000,0,48.73,SELL
GLD,2023-08-22T00:00:00.000000,0,46.09,SELL
GLD,2023-08-23T00:00:00.000000,0,46.09,SELL
GLD,2023-08-24T00:00:00.000000,0,46.09,SELL
GLD,2023-08-25T00:00:00.000000,0,46.09,SELL
GLD,2023-08-28T00:00:00.000000,0,46.09,SELL
GLD,2023-08-29T00:00:00.000000,0,42.94,SELL
GLD,2023-08-30T00:00:00.000000,0,42.94,SELL
GLD,2023-08-31T00:00:00.000000,0,42.94,SELL
GLD,2023-09-01T00:00:00.000000,0,42.94,SELL
GLD,2023-09-05T00:00:00.000000,0,42.94,SELL
GLD,2023-09-06T00:00:00.000000,0,42.94,SELL
GLD,2023-09-07T00:00:00.000000,0,42.94,SELL
GLD,2023-09-08T00:00:00.000000,0,46.09,SELL
GLD,2023-09-11T00:00:00.000000,0,42.94,SELL
GLD,2023-09-12T00:00:00.000000,0,46.09,SELL
GLD,2023-09-13T00:00:00.000000,0,42.94,SELL
GLD,2023-09-14T00:00:00.000000,0,42.94,SELL
GLD,2023-09-15T00:00:00.000000,0,42.94,SELL
GLD,2023-09-18T00:00:00.000000,0,42.94,SELL
GLD,2023-09-19T00:00:00.000000,0,42.94,SELL
GLD,2023-09-20T00:00:00.000000,0,42.94,SELL
GLD,2023-09-21T00:00:00.000000,0,46.09,SELL
GLD,2023-09-22T00:00:00.000000,0,46.09,SELL
GLD,2023-09-25T00:00:00.000000,0,46.09,SELL
GLD,2023-09-26T00:00:00.000000,0,48.73,SELL
GLD,2023-09-27T00:00:00.000000,1,48.73,BUY
GLD,2023-09-28T00:00:00.000000,1,48.73,BUY
GLD,2023-09-29T00:00:00.000000,1,48.73,BUY
GLD,2023-10-02T00:00:00.000000,1,48.73,BUY
GLD,2023-10-03T00:00:00.000000,1,48.73,BUY
GLD,2023-10-04T00:00:00.000000,0,48.73,SELL
GLD,2023-10-05T00:00:00.000000,0,46.09,SELL
GLD,2023-10-06T00:00:00.000000,0,46.09,SELL
GLD,2023-10-09T00:00:00.000000,0,42.94,SELL
GLD,2023-10-10T00:00:00.000000,0,42.94,SELL
GLD,2023-10-11T00:00:00.000000,0,42.94,SELL
GLD,2023-10-12T00:00:00.000000,0,42.94,SELL
GLD,2023-10-13T00:00:00.000000,0,42.94,SELL
GLD,2023-10-16T00:00:00.000000,0,42.94,SELL
GLD,2023-10-17T00:00:00.000000,0,42.94,SELL
GLD,2023-10-18T00:00:00.000000,0,42.94,SELL
GLD,2023-10-19T00:00:00.000000,0,46.09,SELL
GLD,2023-10-20T00:00:00.000000,0,48.73,SELL
GLD,2023-10-23T00:00:00.000000,1,48.73,BUY
GLD,2023-10-24T00:00:00.000000,1,50.44,BUY
GLD,2023-10-25T00:00:00.000000,1,50.44,BUY
GLD,2023-10-26T00:00:00.000000,1,50.69,BUY
GLD,2023-10-27T00:00:00.000000,1,50.69,BUY
GLD,2023-10-30T00:00:00.000000,1,50.69,BUY
GLD,2023-10-31T00:00:00.000000,1,50.69,BUY
GLD,2023-11-01T00:00:00.000000,1,50.69,BUY
GLD,2023-11-02T00:00:00.000000,1,50.69,BUY
GLD,2023-11-03T00:00:00.000000,1,50.69,BUY
GLD,2023-11-06T00:00:00.000000,1,50.69,BUY
GLD,2023-11-07T00:00:00.000000,1,50.69,BUY
GLD,2023-11-08T00:00:00.000000,1,50.44,BUY
GLD,2023-11-09T00:00:00.000000,1,50.44,BUY
GLD,2023-11-10T00:00:00.000000,1,48.73,BUY
GLD,2023-11-13T00:00:00.000000,1,48.73,BUY
GLD,2023-11-14T00:00:00.000000,0,46.09,SELL
GLD,2023-11-15T00:00:00.000000,0,42.94,SELL
GLD,2023-11-16T00:00:00.000000,0,39.62,SELL
GLD,2023-11-17T00:00:00.000000,0,39.62,SELL
GLD,2023-11-20T00:00:00.000000,0,39.62,SELL
GLD,2023-11-21T00:00:00.000000,0,39.62,SELL
GLD,2023-11-22T00:00:00.000000,0,40.0,SELL
GLD,2023-11-24T00:00:00.000000,0,42.94,SELL
GLD,2023-11-27T00:00:00.000000,0,42.94,SELL
GLD,2023-11-28T00:00:00.000000,0,40.0,SELL
GLD,2023-11-29T00:00:00.000000,0,40.0,SELL
GLD,2023-11-30T00:00:00.000000,0,40.0,SELL
GLD,2023-12-01T00:00:00.000000,0,42.94,SELL
GLD,2023-12-04T00:00:00.000000,0,42.94,SELL
GLD,2023-12-05T00:00:00.000000,0,42.94,SELL
GLD,2023-12-06T00:00:00.000000,0,46.09,SELL
GLD,2023-12-07T00:00:00.000000,0,46.09,SELL
GLD,2023-12-08T00:00:00.000000,0,46.09,SELL
GLD,2023-12-11T00:00:00.000000,0,46.09,SELL
GLD,2023-12-12T00:00:00.000000,0,42.94,SELL
GLD,2023-12-13T00:00:00.000000,0,42.94,SELL
GLD,2023-12-14T00:00:00.000000,0,42.94,SELL
GLD,2023-12-15T00:00:00.000000,0,42.94,SELL
GLD,2023-12-18T00:00:00.000000,0,42.94,SELL
GLD,2023-12-19T00:00:00.000000,0,42.94,SELL
GLD,2023-12-20T00:00:00.000000,0,42.94,SELL
GLD,2023-12-21T00:00:00.000000,0,42.94,SELL
GLD,2023-12-22T00:00:00.000000,0,39.62,SELL
GLD,2023-12-26T00:00:00.000000,0,39.62,SELL
GLD,2023-12-27T00:00:00.000000,0,39.62,SELL
GLD,2023-12-28T00:00:00.000000,0,39.62,SELL
GLD,2023-12-29T00:00:00.000000,0,39.62,SELL
GLD,2024-01-02T00:00:00.000000,0,40.0,SELL
GLD,2024-01-03T00:00:00.000000,0,42.94,SELL
GLD,2024-01-04T00:00:00.000000,0,42.94,SELL
GLD,2024-01-05T00:00:00.000000,0,42.94,SELL
GLD,2024-01-08T00:00:00.000000,0,42.94,SELL
GLD,2024-01-09T00:00:00.000000,0,42.94,SELL
GLD,2024-01-10T00:00:00.000000,0,42.94,SELL
GLD,2024-01-11T00:00:00.000000,0,42.94,SELL
GLD,2024-01-12T00:00:00.000000,0,42.94,SELL
GLD,2024-01-16T00:00:00.000000,0,42.94,SELL
GLD,2024-01-17T00:00:00.000000,0,42.94,SELL
GLD,2024-01-18T00:00:00.000000,0,42.94,SELL
GLD,2024-01-19T00:00:00.000000,0,42.94,SELL
GLD,2024-01-22T00:00:00.000000,0,42.94,SELL
GLD,2024-01-23T00:00:00.000000,0,40.0,SELL
GLD,2024-01-24T00:00:00.000000,0,39.62,SELL
GLD,2024-01-25T00:00:00.000000,0,39.62,SELL
GLD,2024-01-26T00:00:00.000000,0,39.62,SELL
GLD,2024-01-29T00:00:00.000000,0,39.62,SELL
GLD,2024-01-30T00:00:00.000000,0,39.62,SELL
GLD,2024-01-31T00:00:00.000000,0,39.62,SELL
GLD,2024-02-01T00:00:00.000000,0,39.62,SELL
GLD,2024-02-02T00:00:00.000000,0,39.62,SELL
GLD,2024-02-05T00:00:00.000000,0,39.62,SELL
GLD,2024-02-06T00:00:00.000000,0,39.62,SELL
GLD,2024-02-07T00:00:00.000000,0,39.62,SELL
GLD,2024-02-08T00:00:00.000000,0,40.0,SELL
GLD,2024-02-09T00:00:00.000000,0,42.94,SELL
GLD,2024-02-12T00:00:00.000000,0,42.94,SELL
GLD,2024-02-13T00:00:00.000000,0,42.94,SELL
GLD,2024-02-14T00:00:00.000000,0,42.94,SELL
GLD,2024-02-15T00:00:00.000000,0,46.09,SELL
GLD,2024-02-16T00:00:00.000000,0,46.09,SELL
GLD,2024-02-20T00:00:00.000000,0,42.94,SELL
GLD,2024-02-21T00:00:00.000000,0,42.94,SELL
GLD,2024-02-22T00:00:00.000000,0,42.94,SELL
GLD,2024-02-23T00:00:00.000000,0,42.94,SELL
GLD,2024-02-26T00:00:00.000000,0,42.94,SELL
GLD,2024-02-27T00:00:00.000000,0,42.94,SELL
GLD,2024-02-28T00:00:00.000000,0,42.94,SELL
GLD,2024-02-29T00:00:00.000000,0,42.94,SELL
GLD,2024-03-01T00:00:00.000000,0,46.09,SELL
GLD,2024-03-04T00:00:00.000000,0,46.09,SELL
GLD,2024-03-05T00:00:00.000000,0,46.09,SELL
GLD,2024-03-06T00:00:00.000000,0,48.73,SELL
GLD,2024-03-07T00:00:00.000000,1,48.73,BUY
GLD,2024-03-08T00:00:00.000000,1,50.44,BUY
GLD,2024-03-11T00:00:00.000000,1,50.44,BUY
GLD,2024-03-12T00:00:00.000000,1,50.44,BUY
GLD,2024-03-13T00:00:00.000000,1,50.44,BUY
GLD,2024-03-14T00:00:00.000000,1,50.44,BUY
GLD,2024-03-15T00:00:00.000000,1,50.44,BUY
GLD,2024-03-18T00:00:00.000000,1,48.73,BUY
GLD,2024-03-19T00:00:00.000000,1,48.73,BUY
GLD,2024-03-20T00:00:00.000000,1,48.73,BUY
GLD,2024-03-21T00:00:00.000000,1,50.44,BUY
GLD,2024-03-22T00:00:00.000000,1,50.44,BUY
GLD,2024-03-25T00:00:00.000000,1,50.44,BUY
GLD,2024-03-26T00:00:00.000000,1,48.73,BUY
GLD,2024-03-27T00:00:00.000000,1,48.73,BUY
GLD,2024-03-28T00:00:00.000000,1,48.73,BUY
GLD,2024-04-01T00:00:00.000000,1,48.73,BUY
GLD,2024-04-02T00:00:00.000000,1,48.73,BUY
GLD,2024-04-03T00:00:00.000000,1,48.73,BUY
GLD,2024-04-04T00:00:00.000000,1,48.73,BUY
GLD,2024-04-05T00:00:00.000000,1,50.44,BUY
GLD,2024-04-08T00:00:00.000000,1,50.44,BUY
GLD,2024-04-09T00:00:00.000000,1,50.69,BUY
GLD,2024-04-10T00:00:00.000000,1,50.69,BUY
GLD,2024-04-11T00:00:00.000000,1,50.69,BUY
GLD,2024-04-12T00:00:00.000000,1,50.69,BUY
GLD,2024-04-15T00:00:00.000000,1,50.69,BUY
GLD,2024-04-16T00:00:00.000000,1,50.69,BUY
GLD,2024-04-17T00:00:00.000000,1,50.69,BUY
GLD,2024-04-18T00:00:00.000000,1,50.69,BUY
GLD,2024-04-19T00:00:00.000000,1,50.69,BUY
GLD,2024-04-22T00:00:00.000000,1,50.69,BUY
GLD,2024-04-23T00:00:00.000000,1,50.69,BUY
GLD,2024-04-24T00:00:00.000000,1,50.69,BUY
GLD,2024-04-25T00:00:00.000000,1,50.69,BUY
GLD,2024-04-26T00:00:00.000000,1,50.69,BUY
GLD,2024-04-29T00:00:00.000000,1,50.44,BUY
GLD,2024-04-30T00:00:00.000000,1,50.44,BUY
GLD,2024-05-01T00:00:00.000000,1,50.44,BUY
GLD,2024-05-02T00:00:00.000000,1,50.44,BUY
GLD,2024-05-03T00:00:00.000000,1,48.73,BUY
GLD,2024-05-06T00:00:00.000000,1,48.73,BUY
GLD,2024-05-07T00:00:00.000000,1,48.73,BUY
GLD,2024-05-08T00:00:00.000000,0,48.73,SELL
GLD,2024-05-09T00:00:00.000000,0,46.09,SELL
GLD,2024-05-10T00:00:00.000000,0,42.94,SELL
GLD,2024-05-13T00:00:00.000000,0,42.94,SELL
GLD,2024-05-14T00:00:00.000000,0,39.62,SELL
GLD,2024-05-15T00:00:00.000000,0,39.62,SELL
GLD,2024-05-16T00:00:00.000000,0,39.62,SELL
GLD,2024-05-17T00:00:00.000000,0,42.94,SELL
GLD,2024-05-20T00:00:00.000000,0,42.94,SELL
GLD,2024-05-21T00:00:00.000000,0,42.94,SELL
GLD,2024-05-22T00:00:00.000000,0,42.94,SELL
GLD,2024-05-23T00:00:00.000000,0,46.09,SELL
GLD,2024-05-24T00:00:00.000000,0,48.73,SELL
GLD,2024-05-28T00:00:00.000000,0,48.73,SELL
GLD,2024-05-29T00:00:00.000000,0,48.73,SELL
GLD,2024-05-30T00:00:00.000000,1,48.73,BUY
GLD,2024-05-31T00:00:00.000000,1,48.73,BUY
GLD,2024-06-03T00:00:00.000000,1,50.44,BUY
GLD,2024-06-04T00:00:00.000000,1,50.44,BUY
GLD,2024-06-05T00:00:00.000000,1,50.44,BUY
GLD,2024-06-06T00:00:00.000000,1,48.73,BUY
GLD,2024-06-07T00:00:00.000000,1,48.73,BUY
GLD,2024-06-10T00:00:00.000000,1,48.73,BUY
GLD,2024-06-11T00:00:00.000000,0,48.73,SELL
GLD,2024-06-12T00:00:00.000000,0,48.73,SELL
GLD,2024-06-13T00:00:00.000000,0,46.09,SELL
GLD,2024-06-14T00:00:00.000000,0,46.09,SELL
GLD,2024-06-17T00:00:00.000000,0,46.09,SELL
GLD,2024-06-18T00:00:00.000000,0,46.09,SELL
GLD,2024-06-20T00:00:00.000000,0,46.09,SELL
GLD,2024-06-21T00:00:00.000000,0,46.09,SELL
GLD,2024-06-24T00:00:00.000000,0,46.09,SELL
GLD,2024-06-25T00:00:00.000000,0,46.09,SELL
GLD,2024-06-26T00:00:00.000000,0,46.09,SELL
GLD,2024-06-27T00:00:00.000000,0,42.94,SELL
GLD,2024-06-28T00:00:00.000000,0,42.94,SELL
GLD,2024-07-01T00:00:00.000000,0,42.94,SELL
GLD,2024-07-02T00:00:00.000000,0,42.94,SELL
GLD,2024-07-03T00:00:00.000000,0,42.94,SELL
GLD,2024-07-05T00:00:00.000000,0,46.09,SELL
GLD,2024-07-08T00:00:00.000000,0,48.73,SELL
GLD,2024-07-09T00:00:00.000000,1,48.73,BUY
GLD,2024-07-10T00:00:00.000000,1,48.73,BUY
GLD,2024-07-11T00:00:00.000000,0,48.73,SELL
GLD,2024-07-12T00:00:00.000000,0,46.09,SELL
GLD,2024-07-15T00:00:00.000000,0,42.94,SELL
GLD,2024-07-16T00:00:00.000000,0,42.94,SELL
GLD,2024-07-17T00:00:00.000000,0,42.94,SELL
GLD,2024-07-18T00:00:00.000000,0,42.94,SELL
GLD,2024-07-19T00:00:00.000000,0,46.09,SELL
GLD,2024-07-22T00:00:00.000000,0,48.73,SELL
GLD,2024-07-23T00:00:00.000000,1,48.73,BUY
GLD,2024-07-24T00:00:00.000000,1,48.73,BUY
GLD,2024-07-25T00:00:00.000000,1,48.73,BUY
GLD,2024-07-26T00:00:00.000000,1,48.73,BUY
GLD,2024-07-29T00:00:00.000000,1,50.44,BUY
GLD,2024-07-30T00:00:00.000000,1,50.44,BUY
GLD,2024-07-31T00:00:00.000000,1,50.44,BUY
GLD,2024-08-01T00:00:00.000000,1,50.44,BUY
GLD,2024-08-02T00:00:00.000000,1,50.44,BUY
GLD,2024-08-05T00:00:00.000000,1,50.69,BUY
GLD,2024-08-06T00:00:00.000000,1,50.69,BUY
GLD,2024-08-07T00:00:00.000000,1,50.69,BUY
GLD,2024-08-08T00:00:00.000000,1,50.69,BUY
GLD,2024-08-09T00:00:00.000000,1,50.44,BUY
GLD,2024-08-12T00:00:00.000000,1,50.69,BUY
GLD,2024-08-13T00:00:00.000000,1,50.44,BUY
GLD,2024-08-14T00:00:00.000000,1,50.44,BUY
GLD,2024-08-15T00:00:00.000000,1,50.44,BUY
GLD,2024-08-16T00:00:00.000000,1,48.73,BUY
GLD,2024-08-19T00:00:00.000000,0,46.09,SELL
GLD,2024-08-20T00:00:00.000000,0,42.94,SELL
GLD,2024-08-21T00:00:00.000000,0,42.94,SELL
GLD,2024-08-22T00:00:00.000000,0,46.09,SELL
GLD,2024-08-23T00:00:00.000000,0,48.73,SELL
GLD,2024-08-26T00:00:00.000000,0,48.73,SELL
GLD,2024-08-27T00:00:00.000000,0,46.09,SELL
GLD,2024-08-28T00:00:00.000000,0,46.09,SELL
GLD,2024-08-29T00:00:00.000000,0,48.73,SELL
GLD,2024-08-30T00:00:00.000000,1,48.73,BUY
GLD,2024-09-03T00:00:00.000000,1,48.73,BUY
GLD,2024-09-04T00:00:00.000000,1,50.44,BUY
GLD,2024-09-05T00:00:00.000000,1,50.44,BUY
GLD,2024-09-06T00:00:00.000000,1,50.69,BUY
GLD,2024-09-09T00:00:00.000000,1,50.69,BUY
GLD,2024-09-10T00:00:00.000000,1,50.69,BUY
GLD,2024-09-11T00:00:00.000000,1,50.69,BUY
GLD,2024-09-12T00:00:00.000000,1,50.69,BUY
GLD,2024-09-13T00:00:00.000000,1,50.69,BUY
GLD,2024-09-16T00:00:00.000000,1,50.69,BUY
GLD,2024-09-17T00:00:00.000000,1,50.69,BUY
GLD,2024-09-18T00:00:00.000000,1,50.69,BUY
GLD,2024-09-19T00:00:00.000000,1,50.69,BUY
GLD,2024-09-20T00:00:00.000000,1,50.69,BUY
GLD,2024-09-23T00:00:00.000000,1,50.69,BUY
GLD,2024-09-24T00:00:00.000000,1,50.69,BUY
GLD,2024-09-25T00:00:00.000000,1,50.44,BUY
GLD,2024-09-26T00:00:00.000000,1,50.44,BUY
GLD,2024-09-27T00:00:00.000000,1,50.44,BUY
GLD,2024-09-30T00:00:00.000000,1,50.44,BUY
GLD,2024-10-01T00:00:00.000000,1,50.44,BUY
GLD,2024-10-02T00:00:00.000000,1,50.44,BUY
GLD,2024-10-03T00:00:00.000000,1,48.73,BUY
GLD,2024-10-04T00:00:00.000000,1,48.73,BUY
GLD,2024-10-07T00:00:00.000000,1,48.73,BUY
GLD,2024-10-08T00:00:00.000000,1,48.73,BUY
GLD,2024-10-09T00:00:00.000000,1,50.44,BUY
GLD,2024-10-10T00:00:00.000000,1,50.44,BUY
GLD,2024-10-11T00:00:00.000000,1,48.73,BUY
GLD,2024-10-14T00:00:00.000000,1,48.73,BUY
GLD,2024-10-15T00:00:00.000000,0,48.73,SELL
GLD,2024-10-16T00:00:00.000000,0,46.09,SELL
GLD,2024-10-17T00:00:00.000000,0,46.09,SELL
GLD,2024-10-18T00:00:00.000000,0,48.73,SELL
GLD,2024-10-21T00:00:00.000000,0,48.73,SELL
GLD,2024-10-22T00:00:00.000000,0,48.73,SELL
GLD,2024-10-23T00:00:00.000000,1,48.73,BUY
GLD,2024-10-24T00:00:00.000000,1,48.73,BUY
GLD,2024-10-25T00:00:00.000000,1,48.73,BUY
GLD,2024-10-28T00:00:00.000000,1,48.73,BUY
GLD,2024-10-29T00:00:00.000000,1,50.0,BUY
GLD,2024-10-30T00:00:00.000000,1,50.44,BUY
GLD,2024-10-31T00:00:00.000000,1,50.44,BUY
GLD,2024-11-01T00:00:00.000000,1,50.44,BUY
GLD,2024-11-04T00:00:00.000000,1,50.69,BUY
GLD,2024-11-05T00:00:00.000000,1,50.69,BUY
GLD,2024-11-06T00:00:00.000000,1,50.69,BUY
GLD,2024-11-07T00:00:00.000000,1,50.44,BUY
GLD,2024-11-08T00:00:00.000000,1,50.44,BUY
GLD,2024-11-11T00:00:00.000000,1,48.73,BUY
GLD,2024-11-12T00:00:00.000000,1,48.73,BUY
GLD,2024-11-13T00:00:00.000000,0,48.73,SELL
GLD,2024-11-14T00:00:00.000000,0,48.73,SELL
GLD,2024-11-15T00:00:00.000000,0,42.94,SELL
GLD,2024-11-18T00:00:00.000000,0,39.62,SELL
GLD,2024-11-19T00:00:00.000000,0,39.62,SELL
GLD,2024-11-20T00:00:00.000000,0,39.62,SELL
GLD,2024-11-21T00:00:00.000000,0,39.62,SELL
GLD,2024-11-22T00:00:00.000000,0,39.62,SELL
GLD,2024-11-25T00:00:00.000000,0,39.62,SELL
GLD,2024-11-26T00:00:00.000000,0,42.94,SELL
GLD,2024-11-27T00:00:00.000000,0,42.94,SELL
GLD,2024-11-29T00:00:00.000000,0,46.09,SELL
GLD,2024-12-02T00:00:00.000000,0,46.09,SELL
GLD,2024-12-03T00:00:00.000000,0,46.09,SELL
GLD,2024-12-04T00:00:00.000000,0,46.09,SELL
GLD,2024-12-05T00:00:00.000000,0,42.94,SELL
GLD,2024-12-06T00:00:00.000000,0,42.94,SELL
GLD,2024-12-09T00:00:00.000000,0,42.94,SELL
GLD,2024-12-10T00:00:00.000000,0,42.94,SELL
GLD,2024-12-11T00:00:00.000000,0,42.94,SELL
GLD,2024-12-12T00:00:00.000000,0,46.09,SELL
GLD,2024-12-13T00:00:00.000000,1,48.73,BUY
GLD,2024-12-16T00:00:00.000000,1,48.73,BUY
GLD,2024-12-17T00:00:00.000000,1,50.44,BUY
GLD,2024-12-18T00:00:00.000000,1,50.44,BUY
GLD,2024-12-19T00:00:00.000000,1,50.44,BUY
GLD,2024-12-20T00:00:00.000000,1,50.69,BUY
GOOGL,2023-02-21T00:00:00.000000,1,50.69,BUY
GOOGL,2023-02-22T00:00:00.000000,1,50.44,BUY
GOOGL,2023-02-23T00:00:00.000000,1,50.44,BUY
GOOGL,2023-02-24T00:00:00.000000,1,50.44,BUY
GOOGL,2023-02-27T00:00:00.000000,1,50.44,BUY
GOOGL,2023-02-28T00:00:00.000000,1,50.69,BUY
GOOGL,2023-03-01T00:00:00.000000,1,50.69,BUY
GOOGL,2023-03-02T00:00:00.000000,1,50.69,BUY
GOOGL,2023-03-03T00:00:00.000000,1,50.69,BUY
GOOGL,2023-03-06T00:00:00.000000,1,50.69,BUY
GOOGL,2023-03-07T00:00:00.000000,1,50.69,BUY
GOOGL,2023-03-08T00:00:00.000000,1,50.44,BUY
GOOGL,2023-03-09T00:00:00.000000,1,50.44,BUY
GOOGL,2023-03-10T00:00:00.000000,1,50.44,BUY
GOOGL,2023-03-13T00:00:00.000000,1,50.44,BUY
GOOGL,2023-03-14T00:00:00.000000,1,50.69,BUY
GOOGL,2023-03-15T00:00:00.000000,1,50.69,BUY
GOOGL,2023-03-16T00:00:00.000000,1,50.69,BUY
GOOGL,2023-03-17T00:00:00.000000,1,50.69,BUY
GOOGL,2023-03-20T00:00:00.000000,1,50.69,BUY
GOOGL,2023-03-21T00:00:00.000000,1,50.69,BUY
GOOGL,2023-03-22T00:00:00.000000,1,50.69,BUY
GOOGL,2023-03-23T00:00:00.000000,1,50.69,BUY
GOOGL,2023-03-24T00:00:00.000000,1,50.69,BUY
GOOGL,2023-03-27T00:00:00.000000,1,50.44,BUY
GOOGL,2023-03-28T00:00:00.000000,1,50.44,BUY
GOOGL,2023-03-29T00:00:00.000000,1,48.73,BUY
GOOGL,2023-03-30T00:00:00.000000,1,48.73,BUY
GOOGL,2023-03-31T00:00:00.000000,1,48.73,BUY
GOOGL,2023-04-03T00:00:00.000000,1,48.73,BUY
GOOGL,2023-04-04T00:00:00.000000,1,48.73,BUY
GOOGL,2023-04-05T00:00:00.000000,1,48.73,BUY
GOOGL,2023-04-06T00:00:00.000000,1,48.73,BUY
GOOGL,2023-04-10T00:00:00.000000,0,48.73,SELL
GOOGL,2023-04-11T00:00:00.000000,0,48.73,SELL
GOOGL,2023-04-12T00:00:00.000000,0,48.73,SELL
GOOGL,2023-04-13T00:00:00.000000,0,48.73,SELL
GOOGL,2023-04-14T00:00:00.000000,0,46.09,SELL
GOOGL,2023-04-17T00:00:00.000000,0,46.09,SELL
GOOGL,2023-04-18T00:00:00.000000,0,46.09,SELL
GOOGL,2023-04-19T00:00:00.000000,0,48.73,SELL
GOOGL,2023-04-20T00:00:00.000000,1,48.73,BUY
GOOGL,2023-04-21T00:00:00.000000,1,48.73,BUY
GOOGL,2023-04-24T00:00:00.000000,1,50.44,BUY
GOOGL,2023-04-25T00:00:00.000000,1,50.44,BUY
GOOGL,2023-04-26T00:00:00.000000,1,50.44,BUY
GOOGL,2023-04-27T00:00:00.000000,1,50.44,BUY
GOOGL,2023-04-28T00:00:00.000000,1,50.44,BUY
GOOGL,2023-05-01T00:00:00.000000,1,50.44,BUY
GOOGL,2023-05-02T00:00:00.000000,1,50.44,BUY
GOOGL,2023-05-03T00:00:00.000000,1,50.44,BUY
GOOGL,2023-05-04T00:00:00.000000,1,50.69,BUY
GOOGL,2023-05-05T00:00:00.000000,1,50.69,BUY
GOOGL,2023-05-08T00:00:00.000000,1,50.69,BUY
GOOGL,2023-05-09T00:00:00.000000,1,50.69,BUY
GOOGL,2023-05-10T00:00:00.000000,1,50.69,BUY
GOOGL,2023-05-11T00:00:00.000000,1,50.44,BUY
GOOGL,2023-05-12T00:00:00.000000,1,50.44,BUY
GOOGL,2023-05-15T00:00:00.000000,1,50.44,BUY
GOOGL,2023-05-16T00:00:00.000000,1,48.73,BUY
GOOGL,2023-05-17T00:00:00.000000,1,50.44,BUY
GOOGL,2023-05-18T00:00:00.000000,1,49.73,BUY
GOOGL,2023-05-19T00:00:00.000000,1,50.44,BUY
GOOGL,2023-05-22T00:00:00.000000,1,50.44,BUY
GOOGL,2023-05-23T00:00:00.000000,1,50.44,BUY
GOOGL,2023-05-24T00:00:00.000000,1,50.44,BUY
GOOGL,2023-05-25T00:00:00.000000,1,50.44,BUY
GOOGL,2023-05-26T00:00:00.000000,1,48.73,BUY
GOOGL,2023-05-30T00:00:00.000000,1,48.73,BUY
GOOGL,2023-05-31T00:00:00.000000,1,48.73,BUY
GOOGL,2023-06-01T00:00:00.000000,1,48.73,BUY
GOOGL,2023-06-02T00:00:00.000000,1,48.73,BUY
GOOGL,2023-06-05T00:00:00.000000,1,48.73,BUY
GOOGL,2023-06-06T00:00:00.000000,1,48.73,BUY
GOOGL,2023-06-07T00:00:00.000000,0,48.73,SELL
GOOGL,2023-06-08T00:00:00.000000,0,46.09,SELL
GOOGL,2023-06-09T00:00:00.000000,0,42.94,SELL
GOOGL,2023-06-12T00:00:00.000000,0,42.94,SELL
GOOGL,2023-06-13T00:00:00.000000,0,39.62,SELL
GOOGL,2023-06-14T00:00:00.000000,0,39.62,SELL
GOOGL,2023-06-15T00:00:00.000000,0,39.62,SELL
GOOGL,2023-06-16T00:00:00.000000,0,39.62,SELL
GOOGL,2023-06-20T00:00:00.000000,0,42.94,SELL
GOOGL,2023-06-21T00:00:00.000000,0,42.94,SELL
GOOGL,2023-06-22T00:00:00.000000,0,42.94,SELL
GOOGL,2023-06-23T00:00:00.000000,0,42.94,SELL
GOOGL,2023-06-26T00:00:00.000000,0,42.94,SELL
GOOGL,2023-06-27T00:00:00.000000,0,42.94,SELL
GOOGL,2023-06-28T00:00:00.000000,0,42.94,SELL
GOOGL,2023-06-29T00:00:00.000000,0,42.94,SELL
GOOGL,2023-06-30T00:00:00.000000,0,46.09,SELL
GOOGL,2023-07-03T00:00:00.000000,0,48.73,SELL
GOOGL,2023-07-05T00:00:00.000000,0,48.73,SELL
GOOGL,2023-07-06T00:00:00.000000,0,46.09,SELL
GOOGL,2023-07-07T00:00:00.000000,0,46.09,SELL
GOOGL,2023-07-10T00:00:00.000000,0,46.72,SELL
GOOGL,2023-07-11T00:00:00.000000,0,48.73,SELL
GOOGL,2023-07-12T00:00:00.000000,0,48.73,SELL
GOOGL,2023-07-13T00:00:00.000000,0,48.73,SELL
GOOGL,2023-07-14T00:00:00.000000,0,48.73,SELL
GOOGL,2023-07-17T00:00:00.000000,0,48.73,SELL
GOOGL,2023-07-18T00:00:00.000000,1,48.73,BUY
GOOGL,2023-07-19T00:00:00.000000,1,48.73,BUY
GOOGL,2023-07-20T00:00:00.000000,1,48.73,BUY
GOOGL,2023-07-21T00:00:00.000000,0,48.73,SELL
GOOGL,2023-07-24T00:00:00.000000,0,46.09,SELL
GOOGL,2023-07-25T00:00:00.000000,0,42.94,SELL
GOOGL,2023-07-26T00:00:00.000000,0,42.94,SELL
GOOGL,2023-07-27T00:00:00.000000,0,46.09,SELL
GOOGL,2023-07-28T00:00:00.000000,0,46.09,SELL
GOOGL,2023-07-31T00:00:00.000000,0,46.09,SELL
GOOGL,2023-08-01T00:00:00.000000,0,46.09,SELL
GOOGL,2023-08-02T00:00:00.000000,0,46.09,SELL
GOOGL,2023-08-03T00:00:00.000000,0,46.09,SELL
GOOGL,2023-08-04T00:00:00.000000,0,46.09,SELL
GOOGL,2023-08-07T00:00:00.000000,0,46.09,SELL
GOOGL,2023-08-08T00:00:00.000000,0,42.94,SELL
GOOGL,2023-08-09T00:00:00.000000,0,42.94,SELL
GOOGL,2023-08-10T00:00:00.000000,0,46.09,SELL
GOOGL,2023-08-11T00:00:00.000000,0,46.09,SELL
GOOGL,2023-08-14T00:00:00.000000,0,46.09,SELL
GOOGL,2023-08-15T00:00:00.000000,0,46.09,SELL
GOOGL,2023-08-16T00:00:00.000000,0,48.73,SELL
GOOGL,2023-08-17T00:00:00.000000,0,48.73,SELL
GOOGL,2023-08-18T00:00:00.000000,1,48.73,BUY
GOOGL,2023-08-21T00:00:00.000000,1,48.73,BUY
GOOGL,2023-08-22T00:00:00.000000,1,48.73,BUY
GOOGL,2023-08-23T00:00:00.000000,1,48.73,BUY
GOOGL,2023-08-24T00:00:00.000000,1,50.44,BUY
GOOGL,2023-08-25T00:00:00.000000,1,50.44,BUY
GOOGL,2023-08-28T00:00:00.000000,1,50.44,BUY
GOOGL,2023-08-29T00:00:00.000000,1,50.44,BUY
GOOGL,2023-08-30T00:00:00.000000,1,50.44,BUY
GOOGL,2023-08-31T00:00:00.000000,1,48.73,BUY
GOOGL,2023-09-01T00:00:00.000000,1,48.73,BUY
GOOGL,2023-09-05T00:00:00.000000,0,48.73,SELL
GOOGL,2023-09-06T00:00:00.000000,1,48.73,BUY
GOOGL,2023-09-07T00:00:00.000000,1,48.73,BUY
GOOGL,2023-09-08T00:00:00.000000,1,48.73,BUY
GOOGL,2023-09-11T00:00:00.000000,1,48.73,BUY
GOOGL,2023-09-12T00:00:00.000000,1,48.73,BUY
GOOGL,2023-09-13T00:00:00.000000,0,48.73,SELL
GOOGL,2023-09-14T00:00:00.000000,1,48.73,BUY
GOOGL,2023-09-15T00:00:00.000000,0,48.73,SELL
GOOGL,2023-09-18T00:00:00.000000,0,48.73,SELL
GOOGL,2023-09-19T00:00:00.000000,1,48.73,BUY
GOOGL,2023-09-20T00:00:00.000000,1,48.73,BUY
GOOGL,2023-09-21T00:00:00.000000,1,48.73,BUY
GOOGL,2023-09-22T00:00:00.000000,1,50.44,BUY
GOOGL,2023-09-25T00:00:00.000000,1,50.44,BUY
GOOGL,2023-09-26T00:00:00.000000,1,50.44,BUY
GOOGL,2023-09-27T00:00:00.000000,1,50.44,BUY
GOOGL,2023-09-28T00:00:00.000000,1,50.69,BUY
GOOGL,2023-09-29T00:00:00.000000,1,50.69,BUY
GOOGL,2023-10-02T00:00:00.000000,1,50.69,BUY
GOOGL,2023-10-03T00:00:00.000000,1,50.69,BUY
GOOGL,2023-10-04T00:00:00.000000,1,50.69,BUY
GOOGL,2023-10-05T00:00:00.000000,1,50.69,BUY
GOOGL,2023-10-06T00:00:00.000000,1,50.69,BUY
GOOGL,2023-10-09T00:00:00.000000,1,50.69,BUY
GOOGL,2023-10-10T00:00:00.000000,1,50.69,BUY
GOOGL,2023-10-11T00:00:00.000000,1,50.69,BUY
GOOGL,2023-10-12T00:00:00.000000,1,50.69,BUY
GOOGL,2023-10-13T00:00:00.000000,1,50.69,BUY
GOOGL,2023-10-16T00:00:00.000000,1,50.44,BUY
GOOGL,2023-10-17T00:00:00.000000,1,50.44,BUY
GOOGL,2023-10-18T00:00:00.000000,1,50.44,BUY
GOOGL,2023-10-19T00:00:00.000000,1,50.44,BUY
GOOGL,2023-10-20T00:00:00.000000,1,50.44,BUY
GOOGL,2023-10-23T00:00:00.000000,1,50.69,BUY
GOOGL,2023-10-24T00:00:00.000000,1,50.69,BUY
GOOGL,2023-10-25T00:00:00.000000,1,50.69,BUY
GOOGL,2023-10-26T00:00:00.000000,1,50.69,BUY
GOOGL,2023-10-27T00:00:00.000000,1,50.69,BUY
GOOGL,2023-10-30T00:00:00.000000,1,50.69,BUY
GOOGL,2023-10-31T00:00:00.000000,1,50.69,BUY
GOOGL,2023-11-01T00:00:00.000000,1,50.69,BUY
GOOGL,2023-11-02T00:00:00.000000,1,50.69,BUY
GOOGL,2023-11-03T00:00:00.000000,1,50.69,BUY
GOOGL,2023-11-06T00:00:00.000000,1,50.69,BUY
GOOGL,2023-11-07T00:00:00.000000,1,48.73,BUY
GOOGL,2023-11-08T00:00:00.000000,0,46.09,SELL
GOOGL,2023-11-09T00:00:00.000000,0,42.94,SELL
GOOGL,2023-11-10T00:00:00.000000,0,42.94,SELL
GOOGL,2023-11-13T00:00:00.000000,0,42.94,SELL
GOOGL,2023-11-14T00:00:00.000000,0,42.94,SELL
GOOGL,2023-11-15T00:00:00.000000,0,42.94,SELL
GOOGL,2023-11-16T00:00:00.000000,0,42.94,SELL
GOOGL,2023-11-17T00:00:00.000000,0,42.94,SELL
GOOGL,2023-11-20T00:00:00.000000,0,42.94,SELL
GOOGL,2023-11-21T00:00:00.000000,0,42.94,SELL
GOOGL,2023-11-22T00:00:00.000000,0,46.09,SELL
GOOGL,2023-11-24T00:00:00.000000,0,46.09,SELL
GOOGL,2023-11-27T00:00:00.000000,0,46.09,SELL
GOOGL,2023-11-28T00:00:00.000000,0,46.09,SELL
GOOGL,2023-11-29T00:00:00.000000,0,46.09,SELL
GOOGL,2023-11-30T00:00:00.000000,0,46.09,SELL
GOOGL,2023-12-01T00:00:00.000000,0,46.09,SELL
GOOGL,2023-12-04T00:00:00.000000,0,46.09,SELL
GOOGL,2023-12-05T00:00:00.000000,0,46.09,SELL
GOOGL,2023-12-06T00:00:00.000000,0,48.73,SELL
GOOGL,2023-12-07T00:00:00.000000,1,48.73,BUY
GOOGL,2023-12-08T00:00:00.000000,1,50.44,BUY
GOOGL,2023-12-11T00:00:00.000000,1,50.44,BUY
GOOGL,2023-12-12T00:00:00.000000,1,48.73,BUY
GOOGL,2023-12-13T00:00:00.000000,0,46.09,SELL
GOOGL,2023-12-14T00:00:00.000000,0,42.94,SELL
GOOGL,2023-12-15T00:00:00.000000,0,42.94,SELL
GOOGL,2023-12-18T00:00:00.000000,0,46.09,SELL
GOOGL,2023-12-19T00:00:00.000000,0,46.09,SELL
GOOGL,2023-12-20T00:00:00.000000,0,48.73,SELL
GOOGL,2023-12-21T00:00:00.000000,0,48.73,SELL
GOOGL,2023-12-22T00:00:00.000000,0,46.09,SELL
GOOGL,2023-12-26T00:00:00.000000,0,42.94,SELL
GOOGL,2023-12-27T00:00:00.000000,0,42.94,SELL
GOOGL,2023-12-28T00:00:00.000000,0,42.94,SELL
GOOGL,2023-12-29T00:00:00.000000,0,42.94,SELL
GOOGL,2024-01-02T00:00:00.000000,0,42.94,SELL
GOOGL,2024-01-03T00:00:00.000000,0,42.94,SELL
GOOGL,2024-01-04T00:00:00.000000,0,42.94,SELL
GOOGL,2024-01-05T00:00:00.000000,0,46.09,SELL
GOOGL,2024-01-08T00:00:00.000000,0,46.09,SELL
GOOGL,2024-01-09T00:00:00.000000,0,46.09,SELL
GOOGL,2024-01-10T00:00:00.000000,0,46.09,SELL
GOOGL,2024-01-11T00:00:00.000000,0,46.09,SELL
GOOGL,2024-01-12T00:00:00.000000,0,46.09,SELL
GOOGL,2024-01-16T00:00:00.000000,0,48.73,SELL
GOOGL,2024-01-17T00:00:00.000000,1,48.73,BUY
GOOGL,2024-01-18T00:00:00.000000,0,48.73,SELL
GOOGL,2024-01-19T00:00:00.000000,0,48.73,SELL
GOOGL,2024-01-22T00:00:00.000000,0,46.09,SELL
GOOGL,2024-01-23T00:00:00.000000,0,48.73,SELL
GOOGL,2024-01-24T00:00:00.000000,0,48.73,SELL
GOOGL,2024-01-25T00:00:00.000000,0,48.73,SELL
GOOGL,2024-01-26T00:00:00.000000,0,48.73,SELL
GOOGL,2024-01-29T00:00:00.000000,0,48.73,SELL
GOOGL,2024-01-30T00:00:00.000000,0,48.73,SELL
GOOGL,2024-01-31T00:00:00.000000,0,48.73,SELL
GOOGL,2024-02-01T00:00:00.000000,0,48.73,SELL
GOOGL,2024-02-02T00:00:00.000000,0,48.73,SELL
GOOGL,2024-02-05T00:00:00.000000,0,46.09,SELL
GOOGL,2024-02-06T00:00:00.000000,0,46.09,SELL
GOOGL,2024-02-07T00:00:00.000000,0,48.73,SELL
GOOGL,2024-02-08T00:00:00.000000,0,48.73,SELL
GOOGL,2024-02-09T00:00:00.000000,0,48.73,SELL
GOOGL,2024-02-12T00:00:00.000000,0,48.73,SELL
GOOGL,2024-02-13T00:00:00.000000,0,48.73,SELL
GOOGL,2024-02-14T00:00:00.000000,0,48.73,SELL
GOOGL,2024-02-15T00:00:00.000000,0,46.09,SELL
GOOGL,2024-02-16T00:00:00.000000,0,46.09,SELL
GOOGL,2024-02-20T00:00:00.000000,0,46.09,SELL
GOOGL,2024-02-21T00:00:00.000000,0,46.09,SELL
GOOGL,2024-02-22T00:00:00.000000,0,42.94,SELL
GOOGL,2024-02-23T00:00:00.000000,0,46.09,SELL
GOOGL,2024-02-26T00:00:00.000000,0,46.09,SELL
GOOGL,2024-02-27T00:00:00.000000,0,46.09,SELL
GOOGL,2024-02-28T00:00:00.000000,0,46.09,SELL
GOOGL,2024-02-29T00:00:00.000000,0,46.09,SELL
GOOGL,2024-03-01T00:00:00.000000,0,46.09,SELL
GOOGL,2024-03-04T00:00:00.000000,0,46.09,SELL
GOOGL,2024-03-05T00:00:00.000000,0,48.73,SELL
GOOGL,2024-03-06T00:00:00.000000,0,48.73,SELL
GOOGL,2024-03-07T00:00:00.000000,0,48.73,SELL
GOOGL,2024-03-08T00:00:00.000000,0,48.73,SELL
GOOGL,2024-03-11T00:00:00.000000,0,46.09,SELL
GOOGL,2024-03-12T00:00:00.000000,0,46.09,SELL
GOOGL,2024-03-13T00:00:00.000000,0,46.09,SELL
GOOGL,2024-03-14T00:00:00.000000,0,46.09,SELL
GOOGL,2024-03-15T00:00:00.000000,0,42.94,SELL
GOOGL,2024-03-18T00:00:00.000000,0,42.94,SELL
GOOGL,2024-03-19T00:00:00.000000,0,42.94,SELL
GOOGL,2024-03-20T00:00:00.000000,0,46.09,SELL
GOOGL,2024-03-21T00:00:00.000000,0,46.09,SELL
GOOGL,2024-03-22T00:00:00.000000,0,48.73,SELL
GOOGL,2024-03-25T00:00:00.000000,0,48.73,SELL
GOOGL,2024-03-26T00:00:00.000000,0,46.09,SELL
GOOGL,2024-03-27T00:00:00.000000,0,46.09,SELL
GOOGL,2024-03-28T00:00:00.000000,0,46.09,SELL
GOOGL,2024-04-01T00:00:00.000000,0,46.09,SELL
GOOGL,2024-04-02T00:00:00.000000,0,46.09,SELL
GOOGL,2024-04-03T00:00:00.000000,0,42.94,SELL
GOOGL,2024-04-04T00:00:00.000000,0,42.94,SELL
GOOGL,2024-04-05T00:00:00.000000,0,46.09,SELL
GOOGL,2024-04-08T00:00:00.000000,0,46.09,SELL
GOOGL,2024-04-09T00:00:00.000000,0,46.09,SELL
GOOGL,2024-04-10T00:00:00.000000,0,48.73,SELL
GOOGL,2024-04-11T00:00:00.000000,0,48.73,SELL
GOOGL,2024-04-12T00:00:00.000000,0,48.73,SELL
GOOGL,2024-04-15T00:00:00.000000,1,48.73,BUY
GOOGL,2024-04-16T00:00:00.000000,1,48.73,BUY
GOOGL,2024-04-17T00:00:00.000000,1,50.44,BUY
GOOGL,2024-04-18T00:00:00.000000,1,50.44,BUY
GOOGL,2024-04-19T00:00:00.000000,1,50.44,BUY
GOOGL,2024-04-22T00:00:00.000000,1,50.44,BUY
GOOGL,2024-04-23T00:00:00.000000,1,50.69,BUY
GOOGL,2024-04-24T00:00:00.000000,1,50.69,BUY
GOOGL,2024-04-25T00:00:00.000000,1,50.69,BUY
GOOGL,2024-04-26T00:00:00.000000,1,50.69,BUY
GOOGL,2024-04-29T00:00:00.000000,1,50.69,BUY
GOOGL,2024-04-30T00:00:00.000000,1,50.69,BUY
GOOGL,2024-05-01T00:00:00.000000,1,50.69,BUY
GOOGL,2024-05-02T00:00:00.000000,1,50.69,BUY
GOOGL,2024-05-03T00:00:00.000000,1,50.44,BUY
GOOGL,2024-05-06T00:00:00.000000,1,50.44,BUY
GOOGL,2024-05-07T00:00:00.000000,1,50.44,BUY
GOOGL,2024-05-08T00:00:00.000000,1,50.44,BUY
GOOGL,2024-05-09T00:00:00.000000,1,48.73,BUY
GOOGL,2024-05-10T00:00:00.000000,1,48.73,BUY
GOOGL,2024-05-13T00:00:00.000000,0,46.09,SELL
GOOGL,2024-05-14T00:00:00.000000,0,46.09,SELL
GOOGL,2024-05-15T00:00:00.000000,0,42.94,SELL
GOOGL,2024-05-16T00:00:00.000000,0,42.94,SELL
GOOGL,2024-05-17T00:00:00.000000,0,46.09,SELL
GOOGL,2024-05-20T00:00:00.000000,0,46.09,SELL
GOOGL,2024-05-21T00:00:00.000000,0,48.73,SELL
GOOGL,2024-05-22T00:00:00.000000,0,48.73,SELL
GOOGL,2024-05-23T00:00:00.000000,0,48.73,SELL
GOOGL,2024-05-24T00:00:00.000000,1,48.73,BUY
GOOGL,2024-05-28T00:00:00.000000,1,48.73,BUY
GOOGL,2024-05-29T00:00:00.000000,1,50.44,BUY
GOOGL,2024-05-30T00:00:00.000000,1,50.44,BUY
GOOGL,2024-05-31T00:00:00.000000,1,50.69,BUY
GOOGL,2024-06-03T00:00:00.000000,1,50.69,BUY
GOOGL,2024-06-04T00:00:00.000000,1,50.69,BUY
GOOGL,2024-06-05T00:00:00.000000,1,50.69,BUY
GOOGL,2024-06-06T00:00:00.000000,1,50.69,BUY
GOOGL,2024-06-07T00:00:00.000000,1,50.69,BUY
GOOGL,2024-06-10T00:00:00.000000,1,50.69,BUY
GOOGL,2024-06-11T00:00:00.000000,1,50.69,BUY
GOOGL,2024-06-12T00:00:00.000000,1,50.69,BUY
GOOGL,2024-06-13T00:00:00.000000,1,50.69,BUY
GOOGL,2024-06-14T00:00:00.000000,1,50.69,BUY
GOOGL,2024-06-17T00:00:00.000000,1,50.69,BUY
GOOGL,2024-06-18T00:00:00.000000,1,50.69,BUY
GOOGL,2024-06-20T00:00:00.000000,1,50.69,BUY
GOOGL,2024-06-21T00:00:00.000000,1,50.69,BUY
GOOGL,2024-06-24T00:00:00.000000,1,50.69,BUY
GOOGL,2024-06-25T00:00:00.000000,1,50.69,BUY
GOOGL,2024-06-26T00:00:00.000000,1,50.44,BUY
GOOGL,2024-06-27T00:00:00.000000,1,50.44,BUY
GOOGL,2024-06-28T00:00:00.000000,1,48.73,BUY
GOOGL,2024-07-01T00:00:00.000000,1,48.73,BUY
GOOGL,2024-07-02T00:00:00.000000,1,48.73,BUY
GOOGL,2024-07-03T00:00:00.000000,1,48.73,BUY
GOOGL,2024-07-05T00:00:00.000000,1,50.44,BUY
GOOGL,2024-07-08T00:00:00.000000,1,50.44,BUY
GOOGL,2024-07-09T00:00:00.000000,1,50.44,BUY
GOOGL,2024-07-10T00:00:00.000000,1,50.44,BUY
GOOGL,2024-07-11T00:00:00.000000,1,50.44,BUY
GOOGL,2024-07-12T00:00:00.000000,1,50.44,BUY
GOOGL,2024-07-15T00:00:00.000000,1,48.73,BUY
GOOGL,2024-07-16T00:00:00.000000,0,48.73,SELL
GOOGL,2024-07-17T00:00:00.000000,0,46.09,SELL
GOOGL,2024-07-18T00:00:00.000000,0,46.09,SELL
GOOGL,2024-07-19T00:00:00.000000,0,46.09,SELL
GOOGL,2024-07-22T00:00:00.000000,0,46.09,SELL
GOOGL,2024-07-23T00:00:00.000000,0,48.73,SELL
GOOGL,2024-07-24T00:00:00.000000,1,48.73,BUY
GOOGL,2024-07-25T00:00:00.000000,1,48.73,BUY
GOOGL,2024-07-26T00:00:00.000000,0,48.73,SELL
GOOGL,2024-07-29T00:00:00.000000,0,46.09,SELL
GOOGL,2024-07-30T00:00:00.000000,0,46.09,SELL
GOOGL,2024-07-31T00:00:00.000000,0,48.73,SELL
GOOGL,2024-08-01T00:00:00.000000,1,48.73,BUY
GOOGL,2024-08-02T00:00:00.000000,1,48.73,BUY
GOOGL,2024-08-05T00:00:00.000000,1,48.73,BUY
GOOGL,2024-08-06T00:00:00.000000,0,48.73,SELL
GOOGL,2024-08-07T00:00:00.000000,0,42.94,SELL
GOOGL,2024-08-08T00:00:00.000000,0,39.62,SELL
GOOGL,2024-08-09T00:00:00.000000,0,39.62,SELL
GOOGL,2024-08-12T00:00:00.000000,0,40.0,SELL
GOOGL,2024-08-13T00:00:00.000000,0,46.09,SELL
GOOGL,2024-08-14T00:00:00.000000,1,48.73,BUY
GOOGL,2024-08-15T00:00:00.000000,0,46.09,SELL
GOOGL,2024-08-16T00:00:00.000000,0,42.94,SELL
GOOGL,2024-08-19T00:00:00.000000,0,39.62,SELL
GOOGL,2024-08-20T00:00:00.000000,0,42.94,SELL
GOOGL,2024-08-21T00:00:00.000000,0,42.94,SELL
GOOGL,2024-08-22T00:00:00.000000,0,46.09,SELL
GOOGL,2024-08-23T00:00:00.000000,0,48.73,SELL
GOOGL,2024-08-26T00:00:00.000000,0,46.09,SELL
GOOGL,2024-08-27T00:00:00.000000,0,46.09,SELL
GOOGL,2024-08-28T00:00:00.000000,0,42.94,SELL
GOOGL,2024-08-29T00:00:00.000000,0,46.09,SELL
GOOGL,2024-08-30T00:00:00.000000,0,48.73,SELL
GOOGL,2024-09-03T00:00:00.000000,1,48.73,BUY
GOOGL,2024-09-04T00:00:00.000000,1,48.73,BUY
GOOGL,2024-09-05T00:00:00.000000,1,50.44,BUY
GOOGL,2024-09-06T00:00:00.000000,1,50.44,BUY
GOOGL,2024-09-09T00:00:00.000000,1,50.44,BUY
GOOGL,2024-09-10T00:00:00.000000,1,50.44,BUY
GOOGL,2024-09-11T00:00:00.000000,1,50.44,BUY
GOOGL,2024-09-12T00:00:00.000000,1,50.44,BUY
GOOGL,2024-09-13T00:00:00.000000,1,50.44,BUY
GOOGL,2024-09-16T00:00:00.000000,1,50.69,BUY
GOOGL,2024-09-17T00:00:00.000000,1,50.69,BUY
GOOGL,2024-09-18T00:00:00.000000,1,50.44,BUY
GOOGL,2024-09-19T00:00:00.000000,1,48.73,BUY
GOOGL,2024-09-20T00:00:00.000000,0,46.09,SELL
GOOGL,2024-09-23T00:00:00.000000,0,42.94,SELL
GOOGL,2024-09-24T00:00:00.000000,0,42.94,SELL
GOOGL,2024-09-25T00:00:00.000000,0,42.94,SELL
GOOGL,2024-09-26T00:00:00.000000,0,42.94,SELL
GOOGL,2024-09-27T00:00:00.000000,0,46.09,SELL
GOOGL,2024-09-30T00:00:00.000000,0,48.73,SELL
GOOGL,2024-10-01T00:00:00.000000,0,48.73,SELL
GOOGL,2024-10-02T00:00:00.000000,0,48.73,SELL
GOOGL,2024-10-03T00:00:00.000000,0,48.73,SELL
GOOGL,2024-10-04T00:00:00.000000,0,48.73,SELL
GOOGL,2024-10-07T00:00:00.000000,0,48.73,SELL
GOOGL,2024-10-08T00:00:00.000000,1,48.73,BUY
GOOGL,2024-10-09T00:00:00.000000,1,48.73,BUY
GOOGL,2024-10-10T00:00:00.000000,1,48.73,BUY
GOOGL,2024-10-11T00:00:00.000000,1,48.73,BUY
GOOGL,2024-10-14T00:00:00.000000,1,48.73,BUY
GOOGL,2024-10-15T00:00:00.000000,1,48.73,BUY
GOOGL,2024-10-16T00:00:00.000000,1,48.73,BUY
GOOGL,2024-10-17T00:00:00.000000,0,48.73,SELL
GOOGL,2024-10-18T00:00:00.000000,0,48.73,SELL
GOOGL,2024-10-21T00:00:00.000000,0,46.09,SELL
GOOGL,2024-10-22T00:00:00.000000,0,46.09,SELL
GOOGL,2024-10-23T00:00:00.000000,0,46.09,SELL
GOOGL,2024-10-24T00:00:00.000000,0,46.09,SELL
GOOGL,2024-10-25T00:00:00.000000,0,46.09,SELL
GOOGL,2024-10-28T00:00:00.000000,0,48.73,SELL
GOOGL,2024-10-29T00:00:00.000000,0,48.73,SELL
GOOGL,2024-10-30T00:00:00.000000,1,48.73,BUY
GOOGL,2024-10-31T00:00:00.000000,1,48.73,BUY
GOOGL,2024-11-01T00:00:00.000000,1,48.73,BUY
GOOGL,2024-11-04T00:00:00.000000,1,50.44,BUY
GOOGL,2024-11-05T00:00:00.000000,1,50.44,BUY
GOOGL,2024-11-06T00:00:00.000000,1,50.44,BUY
GOOGL,2024-11-07T00:00:00.000000,1,48.73,BUY
GOOGL,2024-11-08T00:00:00.000000,1,48.73,BUY
GOOGL,2024-11-11T00:00:00.000000,1,48.73,BUY
GOOGL,2024-11-12T00:00:00.000000,0,48.73,SELL
GOOGL,2024-11-13T00:00:00.000000,0,48.73,SELL
GOOGL,2024-11-14T00:00:00.000000,1,48.73,BUY
GOOGL,2024-11-15T00:00:00.000000,0,48.73,SELL
GOOGL,2024-11-18T00:00:00.000000,0,48.73,SELL
GOOGL,2024-11-19T00:00:00.000000,0,46.09,SELL
GOOGL,2024-11-20T00:00:00.000000,0,42.94,SELL
GOOGL,2024-11-21T00:00:00.000000,0,42.94,SELL
GOOGL,2024-11-22T00:00:00.000000,0,42.94,SELL
GOOGL,2024-11-25T00:00:00.000000,0,42.94,SELL
GOOGL,2024-11-26T00:00:00.000000,0,42.94,SELL
GOOGL,2024-11-27T00:00:00.000000,0,46.09,SELL
GOOGL,2024-11-29T00:00:00.000000,0,46.09,SELL
GOOGL,2024-12-02T00:00:00.000000,0,48.73,SELL
GOOGL,2024-12-03T00:00:00.000000,0,48.73,SELL
GOOGL,2024-12-04T00:00:00.000000,0,46.09,SELL
GOOGL,2024-12-05T00:00:00.000000,0,42.94,SELL
GOOGL,2024-12-06T00:00:00.000000,0,42.94,SELL
GOOGL,2024-12-09T00:00:00.000000,0,42.94,SELL
GOOGL,2024-12-10T00:00:00.000000,0,46.09,SELL
GOOGL,2024-12-11T00:00:00.000000,1,48.73,BUY
GOOGL,2024-12-12T00:00:00.000000,1,50.44,BUY
GOOGL,2024-12-13T00:00:00.000000,1,50.44,BUY
GOOGL,2024-12-16T00:00:00.000000,1,50.44,BUY
GOOGL,2024-12-17T00:00:00.000000,1,50.69,BUY
GOOGL,2024-12-18T00:00:00.000000,1,50.44,BUY
GOOGL,2024-12-19T00:00:00.000000,1,50.44,BUY
GOOGL,2024-12-20T00:00:00.000000,1,50.44,BUY
GS,2023-02-21T00:00:00.000000,1,50.44,BUY
GS,2023-02-22T00:00:00.000000,1,50.44,BUY
GS,2023-02-23T00:00:00.000000,1,50.69,BUY
GS,2023-02-24T00:00:00.000000,1,50.69,BUY
GS,2023-02-27T00:00:00.000000,1,50.69,BUY
GS,2023-02-28T00:00:00.000000,1,50.69,BUY
GS,2023-03-01T00:00:00.000000,1,50.69,BUY
GS,2023-03-02T00:00:00.000000,1,50.69,BUY
GS,2023-03-03T00:00:00.000000,1,50.69,BUY
GS,2023-03-06T00:00:00.000000,1,50.69,BUY
GS,2023-03-07T00:00:00.000000,1,50.69,BUY
GS,2023-03-08T00:00:00.000000,1,50.69,BUY
GS,2023-03-09T00:00:00.000000,1,50.69,BUY
GS,2023-03-10T00:00:00.000000,1,50.69,BUY
GS,2023-03-13T00:00:00.000000,1,50.69,BUY
GS,2023-03-14T00:00:00.000000,1,50.44,BUY
GS,2023-03-15T00:00:00.000000,1,50.44,BUY
GS,2023-03-16T00:00:00.000000,1,48.73,BUY
GS,2023-03-17T00:00:00.000000,1,50.44,BUY
GS,2023-03-20T00:00:00.000000,1,48.73,BUY
GS,2023-03-21T00:00:00.000000,1,50.44,BUY
GS,2023-03-22T00:00:00.000000,1,50.44,BUY
GS,2023-03-23T00:00:00.000000,1,50.69,BUY
GS,2023-03-24T00:00:00.000000,1,50.44,BUY
GS,2023-03-27T00:00:00.000000,1,50.0,BUY
GS,2023-03-28T00:00:00.000000,1,48.73,BUY
GS,2023-03-29T00:00:00.000000,1,48.73,BUY
GS,2023-03-30T00:00:00.000000,1,48.73,BUY
GS,2023-03-31T00:00:00.000000,1,48.73,BUY
GS,2023-04-03T00:00:00.000000,1,50.44,BUY
GS,2023-04-04T00:00:00.000000,1,50.44,BUY
GS,2023-04-05T00:00:00.000000,1,50.44,BUY
GS,2023-04-06T00:00:00.000000,1,50.44,BUY
GS,2023-04-10T00:00:00.000000,1,50.44,BUY
GS,2023-04-11T00:00:00.000000,1,48.73,BUY
GS,2023-04-12T00:00:00.000000,1,48.73,BUY
GS,2023-04-13T00:00:00.000000,1,48.73,BUY
GS,2023-04-14T00:00:00.000000,1,48.73,BUY
GS,2023-04-17T00:00:00.000000,1,48.73,BUY
GS,2023-04-18T00:00:00.000000,1,48.73,BUY
GS,2023-04-19T00:00:00.000000,1,48.73,BUY
GS,2023-04-20T00:00:00.000000,1,50.44,BUY
GS,2023-04-21T00:00:00.000000,1,50.44,BUY
GS,2023-04-24T00:00:00.000000,1,50.44,BUY
GS,2023-04-25T00:00:00.000000,1,50.44,BUY
GS,2023-04-26T00:00:00.000000,1,50.69,BUY
GS,2023-04-27T00:00:00.000000,1,50.69,BUY
GS,2023-04-28T00:00:00.000000,1,50.69,BUY
GS,2023-05-01T00:00:00.000000,1,50.69,BUY
GS,2023-05-02T00:00:00.000000,1,50.69,BUY
GS,2023-05-03T00:00:00.000000,1,50.69,BUY
GS,2023-05-04T00:00:00.000000,1,50.69,BUY
GS,2023-05-05T00:00:00.000000,1,58.57,BUY
GS,2023-05-08T00:00:00.000000,1,58.57,BUY
GS,2023-05-09T00:00:00.000000,1,58.57,BUY
GS,2023-05-10T00:00:00.000000,1,65.85,BUY
GS,2023-05-11T00:00:00.000000,1,65.85,BUY
GS,2023-05-12T00:00:00.000000,1,58.57,BUY
GS,2023-05-15T00:00:00.000000,1,58.57,BUY
GS,2023-05-16T00:00:00.000000,1,50.69,BUY
GS,2023-05-17T00:00:00.000000,1,50.69,BUY
GS,2023-05-18T00:00:00.000000,1,50.69,BUY
GS,2023-05-19T00:00:00.000000,1,50.69,BUY
GS,2023-05-22T00:00:00.000000,1,50.69,BUY
GS,2023-05-23T00:00:00.000000,1,50.69,BUY
GS,2023-05-24T00:00:00.000000,1,50.69,BUY
GS,2023-05-25T00:00:00.000000,1,50.69,BUY
GS,2023-05-26T00:00:00.000000,1,50.44,BUY
GS,2023-05-30T00:00:00.000000,1,50.44,BUY
GS,2023-05-31T00:00:00.000000,1,50.44,BUY
GS,2023-06-01T00:00:00.000000,1,50.69,BUY
GS,2023-06-02T00:00:00.000000,1,50.69,BUY
GS,2023-06-05T00:00:00.000000,1,50.44,BUY
GS,2023-06-06T00:00:00.000000,1,50.44,BUY
GS,2023-06-07T00:00:00.000000,1,50.44,BUY
GS,2023-06-08T00:00:00.000000,1,50.44,BUY
GS,2023-06-09T00:00:00.000000,1,50.44,BUY
GS,2023-06-12T00:00:00.000000,1,48.73,BUY
GS,2023-06-13T00:00:00.000000,1,48.73,BUY
GS,2023-06-14T00:00:00.000000,1,48.73,BUY
GS,2023-06-15T00:00:00.000000,1,48.73,BUY
GS,2023-06-16T00:00:00.000000,1,48.73,BUY
GS,2023-06-20T00:00:00.000000,1,48.73,BUY
GS,2023-06-21T00:00:00.000000,1,50.44,BUY
GS,2023-06-22T00:00:00.000000,1,50.44,BUY
GS,2023-06-23T00:00:00.000000,1,50.44,BUY
GS,2023-06-26T00:00:00.000000,1,50.44,BUY
GS,2023-06-27T00:00:00.000000,1,50.44,BUY
GS,2023-06-28T00:00:00.000000,1,50.44,BUY
GS,2023-06-29T00:00:00.000000,1,50.44,BUY
GS,2023-06-30T00:00:00.000000,1,50.44,BUY
GS,2023-07-03T00:00:00.000000,1,50.44,BUY
GS,2023-07-05T00:00:00.000000,1,50.44,BUY
GS,2023-07-06T00:00:00.000000,1,48.73,BUY
GS,2023-07-07T00:00:00.000000,1,48.73,BUY
GS,2023-07-10T00:00:00.000000,1,48.73,BUY
GS,2023-07-11T00:00:00.000000,1,48.73,BUY
GS,2023-07-12T00:00:00.000000,1,48.73,BUY
GS,2023-07-13T00:00:00.000000,1,48.73,BUY
GS,2023-07-14T00:00:00.000000,1,48.73,BUY
GS,2023-07-17T00:00:00.000000,1,48.73,BUY
GS,2023-07-18T00:00:00.000000,0,48.73,SELL
GS,2023-07-19T00:00:00.000000,0,46.09,SELL
GS,2023-07-20T00:00:00.000000,0,42.94,SELL
GS,2023-07-21T00:00:00.000000,0,42.94,SELL
GS,2023-07-24T00:00:00.000000,0,42.94,SELL
GS,2023-07-25T00:00:00.000000,0,42.94,SELL
GS,2023-07-26T00:00:00.000000,0,46.09,SELL
GS,2023-07-27T00:00:00.000000,0,46.09,SELL
GS,2023-07-28T00:00:00.000000,0,46.09,SELL
GS,2023-07-31T00:00:00.000000,0,46.09,SELL
GS,2023-08-01T00:00:00.000000,0,46.09,SELL
GS,2023-08-02T00:00:00.000000,0,46.09,SELL
GS,2023-08-03T00:00:00.000000,0,48.73,SELL
GS,2023-08-04T00:00:00.000000,1,48.73,BUY
GS,2023-08-07T00:00:00.000000,1,48.73,BUY
GS,2023-08-08T00:00:00.000000,1,48.73,BUY
GS,2023-08-09T00:00:00.000000,1,48.73,BUY
GS,2023-08-10T00:00:00.000000,1,48.73,BUY
GS,2023-08-11T00:00:00.000000,1,50.44,BUY
GS,2023-08-14T00:00:00.000000,1,50.44,BUY
GS,2023-08-15T00:00:00.000000,1,50.44,BUY
GS,2023-08-16T00:00:00.000000,1,50.69,BUY
GS,2023-08-17T00:00:00.000000,1,50.69,BUY
GS,2023-08-18T00:00:00.000000,1,50.69,BUY
GS,2023-08-21T00:00:00.000000,1,50.69,BUY
GS,2023-08-22T00:00:00.000000,1,50.69,BUY
GS,2023-08-23T00:00:00.000000,1,50.69,BUY
GS,2023-08-24T00:00:00.000000,1,50.69,BUY
GS,2023-08-25T00:00:00.000000,1,50.69,BUY
GS,2023-08-28T00:00:00.000000,1,50.69,BUY
GS,2023-08-29T00:00:00.000000,1,50.69,BUY
GS,2023-08-30T00:00:00.000000,1,50.69,BUY
GS,2023-08-31T00:00:00.000000,1,50.44,BUY
GS,2023-09-01T00:00:00.000000,1,48.73,BUY
GS,2023-09-05T00:00:00.000000,1,48.73,BUY
GS,2023-09-06T00:00:00.000000,0,48.73,SELL
GS,2023-09-07T00:00:00.000000,1,48.73,BUY
GS,2023-09-08T00:00:00.000000,1,48.73,BUY
GS,2023-09-11T00:00:00.000000,1,48.73,BUY
GS,2023-09-12T00:00:00.000000,1,48.73,BUY
GS,2023-09-13T00:00:00.000000,1,50.44,BUY
GS,2023-09-14T00:00:00.000000,1,50.44,BUY
GS,2023-09-15T00:00:00.000000,1,48.73,BUY
GS,2023-09-18T00:00:00.000000,1,50.44,BUY
GS,2023-09-19T00:00:00.000000,1,50.44,BUY
GS,2023-09-20T00:00:00.000000,1,50.44,BUY
GS,2023-09-21T00:00:00.000000,1,50.44,BUY
GS,2023-09-22T00:00:00.000000,1,50.44,BUY
GS,2023-09-25T00:00:00.000000,1,50.44,BUY
GS,2023-09-26T00:00:00.000000,1,50.44,BUY
GS,2023-09-27T00:00:00.000000,1,50.44,BUY
GS,2023-09-28T00:00:00.000000,1,50.69,BUY
GS,2023-09-29T00:00:00.000000,1,50.69,BUY
GS,2023-10-02T00:00:00.000000,1,50.69,BUY
GS,2023-10-03T00:00:00.000000,1,50.69,BUY
GS,2023-10-04T00:00:00.000000,1,50.69,BUY
GS,2023-10-05T00:00:00.000000,1,50.69,BUY
GS,2023-10-06T00:00:00.000000,1,50.69,BUY
GS,2023-10-09T00:00:00.000000,1,50.69,BUY
GS,2023-10-10T00:00:00.000000,1,50.69,BUY
GS,2023-10-11T00:00:00.000000,1,50.69,BUY
GS,2023-10-12T00:00:00.000000,1,50.69,BUY
GS,2023-10-13T00:00:00.000000,1,50.69,BUY
GS,2023-10-16T00:00:00.000000,1,50.44,BUY
GS,2023-10-17T00:00:00.000000,1,48.73,BUY
GS,2023-10-18T00:00:00.000000,1,48.73,BUY
GS,2023-10-19T00:00:00.000000,1,50.44,BUY
GS,2023-10-20T00:00:00.000000,1,50.69,BUY
GS,2023-10-23T00:00:00.000000,1,50.69,BUY
GS,2023-10-24T00:00:00.000000,1,50.69,BUY
GS,2023-10-25T00:00:00.000000,1,50.69,BUY
GS,2023-10-26T00:00:00.000000,1,50.69,BUY
GS,2023-10-27T00:00:00.000000,1,50.69,BUY
GS,2023-10-30T00:00:00.000000,1,50.69,BUY
GS,2023-10-31T00:00:00.000000,1,50.69,BUY
GS,2023-11-01T00:00:00.000000,1,50.69,BUY
GS,2023-11-02T00:00:00.000000,1,50.69,BUY
GS,2023-11-03T00:00:00.000000,1,50.69,BUY
GS,2023-11-06T00:00:00.000000,1,50.44,BUY
GS,2023-11-07T00:00:00.000000,1,50.44,BUY
GS,2023-11-08T00:00:00.000000,1,50.44,BUY
GS,2023-11-09T00:00:00.000000,1,50.44,BUY
GS,2023-11-10T00:00:00.000000,1,48.73,BUY
GS,2023-11-13T00:00:00.000000,1,48.73,BUY
GS,2023-11-14T00:00:00.000000,0,48.73,SELL
GS,2023-11-15T00:00:00.000000,0,46.09,SELL
GS,2023-11-16T00:00:00.000000,0,46.09,SELL
GS,2023-11-17T00:00:00.000000,0,46.09,SELL
GS,2023-11-20T00:00:00.000000,0,46.09,SELL
GS,2023-11-21T00:00:00.000000,0,46.09,SELL
GS,2023-11-22T00:00:00.000000,0,46.09,SELL
GS,2023-11-24T00:00:00.000000,0,46.09,SELL
GS,2023-11-27T00:00:00.000000,0,46.09,SELL
GS,2023-11-28T00:00:00.000000,0,46.09,SELL
GS,2023-11-29T00:00:00.000000,0,46.09,SELL
GS,2023-11-30T00:00:00.000000,0,46.09,SELL
GS,2023-12-01T00:00:00.000000,0,46.09,SELL
GS,2023-12-04T00:00:00.000000,0,46.09,SELL
GS,2023-12-05T00:00:00.000000,0,46.09,SELL
GS,2023-12-06T00:00:00.000000,0,48.73,SELL
GS,2023-12-07T00:00:00.000000,1,48.73,BUY
GS,2023-12-08T00:00:00.000000,1,48.73,BUY
GS,2023-12-11T00:00:00.000000,1,48.73,BUY
GS,2023-12-12T00:00:00.000000,0,48.73,SELL
GS,2023-12-13T00:00:00.000000,0,48.73,SELL
GS,2023-12-14T00:00:00.000000,0,46.09,SELL
GS,2023-12-15T00:00:00.000000,0,46.09,SELL
GS,2023-12-18T00:00:00.000000,0,46.09,SELL
GS,2023-12-19T00:00:00.000000,0,46.09,SELL
GS,2023-12-20T00:00:00.000000,0,46.09,SELL
GS,2023-12-21T00:00:00.000000,0,46.09,SELL
GS,2023-12-22T00:00:00.000000,0,46.09,SELL
GS,2023-12-26T00:00:00.000000,0,46.09,SELL
GS,2023-12-27T00:00:00.000000,0,42.94,SELL
GS,2023-12-28T00:00:00.000000,0,42.94,SELL
GS,2023-12-29T00:00:00.000000,0,42.94,SELL
GS,2024-01-02T00:00:00.000000,0,46.09,SELL
GS,2024-01-03T00:00:00.000000,0,46.09,SELL
GS,2024-01-04T00:00:00.000000,0,46.09,SELL
GS,2024-01-05T00:00:00.000000,0,46.09,SELL
GS,2024-01-08T00:00:00.000000,0,46.09,SELL
GS,2024-01-09T00:00:00.000000,0,48.73,SELL
GS,2024-01-10T00:00:00.000000,0,48.73,SELL
GS,2024-01-11T00:00:00.000000,0,48.73,SELL
GS,2024-01-12T00:00:00.000000,1,48.73,BUY
GS,2024-01-16T00:00:00.000000,1,48.73,BUY
GS,2024-01-17T00:00:00.000000,1,48.73,BUY
GS,2024-01-18T00:00:00.000000,1,48.73,BUY
GS,2024-01-19T00:00:00.000000,1,50.44,BUY
GS,2024-01-22T00:00:00.000000,1,50.44,BUY
GS,2024-01-23T00:00:00.000000,1,50.44,BUY
GS,2024-01-24T00:00:00.000000,1,50.44,BUY
GS,2024-01-25T00:00:00.000000,1,50.44,BUY
GS,2024-01-26T00:00:00.000000,1,48.73,BUY
GS,2024-01-29T00:00:00.000000,1,48.73,BUY
GS,2024-01-30T00:00:00.000000,1,48.73,BUY
GS,2024-01-31T00:00:00.000000,1,48.73,BUY
GS,2024-02-01T00:00:00.000000,1,48.73,BUY
GS,2024-02-02T00:00:00.000000,1,48.73,BUY
GS,2024-02-05T00:00:00.000000,1,48.73,BUY
GS,2024-02-06T00:00:00.000000,1,48.73,BUY
GS,2024-02-07T00:00:00.000000,1,48.73,BUY
GS,2024-02-08T00:00:00.000000,0,48.73,SELL
GS,2024-02-09T00:00:00.000000,0,48.73,SELL
GS,2024-02-12T00:00:00.000000,1,48.73,BUY
GS,2024-02-13T00:00:00.000000,1,48.73,BUY
GS,2024-02-14T00:00:00.000000,1,48.73,BUY
GS,2024-02-15T00:00:00.000000,1,48.73,BUY
GS,2024-02-16T00:00:00.000000,1,48.73,BUY
GS,2024-02-20T00:00:00.000000,1,48.73,BUY
GS,2024-02-21T00:00:00.000000,1,48.73,BUY
GS,2024-02-22T00:00:00.000000,0,48.73,SELL
GS,2024-02-23T00:00:00.000000,1,48.73,BUY
GS,2024-02-26T00:00:00.000000,1,48.73,BUY
GS,2024-02-27T00:00:00.000000,1,48.73,BUY
GS,2024-02-28T00:00:00.000000,1,48.73,BUY
GS,2024-02-29T00:00:00.000000,1,48.73,BUY
GS,2024-03-01T00:00:00.000000,1,48.73,BUY
GS,2024-03-04T00:00:00.000000,1,48.73,BUY
GS,2024-03-05T00:00:00.000000,1,48.73,BUY
GS,2024-03-06T00:00:00.000000,1,50.44,BUY
GS,2024-03-07T00:00:00.000000,1,50.44,BUY
GS,2024-03-08T00:00:00.000000,1,50.44,BUY
GS,2024-03-11T00:00:00.000000,1,50.44,BUY
GS,2024-03-12T00:00:00.000000,1,50.44,BUY
GS,2024-03-13T00:00:00.000000,1,48.73,BUY
GS,2024-03-14T00:00:00.000000,1,48.73,BUY
GS,2024-03-15T00:00:00.000000,1,48.73,BUY
GS,2024-03-18T00:00:00.000000,1,48.73,BUY
GS,2024-03-19T00:00:00.000000,1,48.73,BUY
GS,2024-03-20T00:00:00.000000,0,48.73,SELL
GS,2024-03-21T00:00:00.000000,0,46.09,SELL
GS,2024-03-22T00:00:00.000000,0,46.09,SELL
GS,2024-03-25T00:00:00.000000,0,46.09,SELL
GS,2024-03-26T00:00:00.000000,0,48.73,SELL
GS,2024-03-27T00:00:00.000000,0,48.73,SELL
GS,2024-03-28T00:00:00.000000,0,46.09,SELL
GS,2024-04-01T00:00:00.000000,0,46.09,SELL
GS,2024-04-02T00:00:00.000000,0,46.09,SELL
GS,2024-04-03T00:00:00.000000,0,46.09,SELL
GS,2024-04-04T00:00:00.000000,0,48.73,SELL
GS,2024-04-05T00:00:00.000000,1,48.73,BUY
GS,2024-04-08T00:00:00.000000,1,48.73,BUY
GS,2024-04-09T00:00:00.000000,1,48.73,BUY
GS,2024-04-10T00:00:00.000000,1,48.73,BUY
GS,2024-04-11T00:00:00.000000,1,48.73,BUY
GS,2024-04-12T00:00:00.000000,1,48.73,BUY
GS,2024-04-15T00:00:00.000000,1,50.44,BUY
GS,2024-04-16T00:00:00.000000,1,50.44,BUY
GS,2024-04-17T00:00:00.000000,1,50.44,BUY
GS,2024-04-18T00:00:00.000000,1,50.44,BUY
GS,2024-04-19T00:00:00.000000,1,50.69,BUY
GS,2024-04-22T00:00:00.000000,1,50.69,BUY
GS,2024-04-23T00:00:00.000000,1,50.69,BUY
GS,2024-04-24T00:00:00.000000,1,50.44,BUY
GS,2024-04-25T00:00:00.000000,1,50.44,BUY
GS,2024-04-26T00:00:00.000000,1,50.44,BUY
GS,2024-04-29T00:00:00.000000,1,50.44,BUY
GS,2024-04-30T00:00:00.000000,1,50.44,BUY
GS,2024-05-01T00:00:00.000000,1,48.73,BUY
GS,2024-05-02T00:00:00.000000,1,48.73,BUY
GS,2024-05-03T00:00:00.000000,1,48.73,BUY
GS,2024-05-06T00:00:00.000000,1,48.73,BUY
GS,2024-05-07T00:00:00.000000,1,48.73,BUY
GS,2024-05-08T00:00:00.000000,0,48.73,SELL
GS,2024-05-09T00:00:00.000000,0,48.73,SELL
GS,2024-05-10T00:00:00.000000,0,46.09,SELL
GS,2024-05-13T00:00:00.000000,0,46.09,SELL
GS,2024-05-14T00:00:00.000000,0,46.09,SELL
GS,2024-05-15T00:00:00.000000,0,46.09,SELL
GS,2024-05-16T00:00:00.000000,0,46.09,SELL
GS,2024-05-17T00:00:00.000000,0,46.09,SELL
GS,2024-05-20T00:00:00.000000,0,46.09,SELL
GS,2024-05-21T00:00:00.000000,0,46.09,SELL
GS,2024-05-22T00:00:00.000000,0,48.73,SELL
GS,2024-05-23T00:00:00.000000,0,46.09,SELL
GS,2024-05-24T00:00:00.000000,0,46.09,SELL
GS,2024-05-28T00:00:00.000000,0,46.09,SELL
GS,2024-05-29T00:00:00.000000,0,48.73,SELL
GS,2024-05-30T00:00:00.000000,0,48.73,SELL
GS,2024-05-31T00:00:00.000000,0,48.73,SELL
GS,2024-06-03T00:00:00.000000,1,48.73,BUY
GS,2024-06-04T00:00:00.000000,1,48.73,BUY
GS,2024-06-05T00:00:00.000000,1,48.73,BUY
GS,2024-06-06T00:00:00.000000,1,48.73,BUY
GS,2024-06-07T00:00:00.000000,1,48.73,BUY
GS,2024-06-10T00:00:00.000000,1,48.73,BUY
GS,2024-06-11T00:00:00.000000,1,48.73,BUY
GS,2024-06-12T00:00:00.000000,1,48.73,BUY
GS,2024-06-13T00:00:00.000000,1,48.73,BUY
GS,2024-06-14T00:00:00.000000,1,48.73,BUY
GS,2024-06-17T00:00:00.000000,1,48.73,BUY
GS,2024-06-18T00:00:00.000000,1,50.44,BUY
GS,2024-06-20T00:00:00.000000,1,50.44,BUY
GS,2024-06-21T00:00:00.000000,1,50.44,BUY
GS,2024-06-24T00:00:00.000000,1,50.44,BUY
GS,2024-06-25T00:00:00.000000,1,50.44,BUY
GS,2024-06-26T00:00:00.000000,1,48.73,BUY
GS,2024-06-27T00:00:00.000000,1,48.73,BUY
GS,2024-06-28T00:00:00.000000,1,48.73,BUY
GS,2024-07-01T00:00:00.000000,1,48.73,BUY
GS,2024-07-02T00:00:00.000000,1,48.73,BUY
GS,2024-07-03T00:00:00.000000,1,50.44,BUY
GS,2024-07-05T00:00:00.000000,1,50.44,BUY
GS,2024-07-08T00:00:00.000000,1,50.44,BUY
GS,2024-07-09T00:00:00.000000,1,50.44,BUY
GS,2024-07-10T00:00:00.000000,1,50.44,BUY
GS,2024-07-11T00:00:00.000000,1,48.73,BUY
GS,2024-07-12T00:00:00.000000,1,48.73,BUY
GS,2024-07-15T00:00:00.000000,0,48.73,SELL
GS,2024-07-16T00:00:00.000000,0,48.73,SELL
GS,2024-07-17T00:00:00.000000,0,48.73,SELL
GS,2024-07-18T00:00:00.000000,0,48.73,SELL
GS,2024-07-19T00:00:00.000000,0,48.73,SELL
GS,2024-07-22T00:00:00.000000,0,48.73,SELL
GS,2024-07-23T00:00:00.000000,1,48.73,BUY
GS,2024-07-24T00:00:00.000000,1,48.73,BUY
GS,2024-07-25T00:00:00.000000,1,48.73,BUY
GS,2024-07-26T00:00:00.000000,1,48.73,BUY
GS,2024-07-29T00:00:00.000000,1,48.73,BUY
GS,2024-07-30T00:00:00.000000,1,48.73,BUY
GS,2024-07-31T00:00:00.000000,1,48.73,BUY
GS,2024-08-01T00:00:00.000000,1,48.73,BUY
GS,2024-08-02T00:00:00.000000,1,48.73,BUY
GS,2024-08-05T00:00:00.000000,1,48.73,BUY
GS,2024-08-06T00:00:00.000000,0,48.73,SELL
GS,2024-08-07T00:00:00.000000,0,48.73,SELL
GS,2024-08-08T00:00:00.000000,0,48.73,SELL
GS,2024-08-09T00:00:00.000000,1,48.73,BUY
GS,2024-08-12T00:00:00.000000,1,48.73,BUY
GS,2024-08-13T00:00:00.000000,1,48.73,BUY
GS,2024-08-14T00:00:00.000000,0,48.73,SELL
GS,2024-08-15T00:00:00.000000,0,46.09,SELL
GS,2024-08-16T00:00:00.000000,0,42.94,SELL
GS,2024-08-19T00:00:00.000000,0,42.94,SELL
GS,2024-08-20T00:00:00.000000,0,42.94,SELL
GS,2024-08-21T00:00:00.000000,0,46.09,SELL
GS,2024-08-22T00:00:00.000000,0,46.09,SELL
GS,2024-08-23T00:00:00.000000,0,46.09,SELL
GS,2024-08-26T00:00:00.000000,0,46.09,SELL
GS,2024-08-27T00:00:00.000000,0,46.09,SELL
GS,2024-08-28T00:00:00.000000,0,46.09,SELL
GS,2024-08-29T00:00:00.000000,0,48.73,SELL
GS,2024-08-30T00:00:00.000000,0,48.73,SELL
GS,2024-09-03T00:00:00.000000,0,48.73,SELL
GS,2024-09-04T00:00:00.000000,0,48.73,SELL
GS,2024-09-05T00:00:00.000000,0,48.73,SELL
GS,2024-09-06T00:00:00.000000,1,48.73,BUY
GS,2024-09-09T00:00:00.000000,1,48.73,BUY
GS,2024-09-10T00:00:00.000000,1,48.73,BUY
GS,2024-09-11T00:00:00.000000,1,48.73,BUY
GS,2024-09-12T00:00:00.000000,1,50.0,BUY
GS,2024-09-13T00:00:00.000000,1,50.44,BUY
GS,2024-09-16T00:00:00.000000,1,50.44,BUY
GS,2024-09-17T00:00:00.000000,1,50.44,BUY
GS,2024-09-18T00:00:00.000000,1,50.44,BUY
GS,2024-09-19T00:00:00.000000,1,50.44,BUY
GS,2024-09-20T00:00:00.000000,1,50.44,BUY
GS,2024-09-23T00:00:00.000000,1,48.73,BUY
GS,2024-09-24T00:00:00.000000,1,48.73,BUY
GS,2024-09-25T00:00:00.000000,0,48.73,SELL
GS,2024-09-26T00:00:00.000000,1,48.73,BUY
GS,2024-09-27T00:00:00.000000,1,48.73,BUY
GS,2024-09-30T00:00:00.000000,1,48.73,BUY
GS,2024-10-01T00:00:00.000000,1,48.73,BUY
GS,2024-10-02T00:00:00.000000,1,48.73,BUY
GS,2024-10-03T00:00:00.000000,1,48.73,BUY
GS,2024-10-04T00:00:00.000000,1,48.73,BUY
GS,2024-10-07T00:00:00.000000,1,48.73,BUY
GS,2024-10-08T00:00:00.000000,1,48.73,BUY
GS,2024-10-09T00:00:00.000000,1,48.73,BUY
GS,2024-10-10T00:00:00.000000,1,50.44,BUY
GS,2024-10-11T00:00:00.000000,1,50.44,BUY
GS,2024-10-14T00:00:00.000000,1,48.73,BUY
GS,2024-10-15T00:00:00.000000,1,48.73,BUY
GS,2024-10-16T00:00:00.000000,1,48.73,BUY
GS,2024-10-17T00:00:00.000000,1,48.73,BUY
GS,2024-10-18T00:00:00.000000,1,48.73,BUY
GS,2024-10-21T00:00:00.000000,1,48.73,BUY
GS,2024-10-22T00:00:00.000000,1,48.73,BUY
GS,2024-10-23T00:00:00.000000,1,48.73,BUY
GS,2024-10-24T00:00:00.000000,1,48.73,BUY
GS,2024-10-25T00:00:00.000000,1,48.73,BUY
GS,2024-10-28T00:00:00.000000,1,48.73,BUY
GS,2024-10-29T00:00:00.000000,1,48.73,BUY
GS,2024-10-30T00:00:00.000000,1,48.73,BUY
GS,2024-10-31T00:00:00.000000,1,48.73,BUY
GS,2024-11-01T00:00:00.000000,1,48.73,BUY
GS,2024-11-04T00:00:00.000000,1,48.73,BUY
GS,2024-11-05T00:00:00.000000,1,48.73,BUY
GS,2024-11-06T00:00:00.000000,1,48.73,BUY
GS,2024-11-07T00:00:00.000000,1,48.73,BUY
GS,2024-11-08T00:00:00.000000,1,48.73,BUY
GS,2024-11-11T00:00:00.000000,0,48.73,SELL
GS,2024-11-12T00:00:00.000000,0,48.73,SELL
GS,2024-11-13T00:00:00.000000,0,48.73,SELL
GS,2024-11-14T00:00:00.000000,0,46.09,SELL
GS,2024-11-15T00:00:00.000000,0,46.09,SELL
GS,2024-11-18T00:00:00.000000,0,42.94,SELL
GS,2024-11-19T00:00:00.000000,0,42.94,SELL
GS,2024-11-20T00:00:00.000000,0,42.94,SELL
GS,2024-11-21T00:00:00.000000,0,42.94,SELL
GS,2024-11-22T00:00:00.000000,0,42.94,SELL
GS,2024-11-25T00:00:00.000000,0,42.94,SELL
GS,2024-11-26T00:00:00.000000,0,42.94,SELL
GS,2024-11-27T00:00:00.000000,0,42.94,SELL
GS,2024-11-29T00:00:00.000000,0,42.94,SELL
GS,2024-12-02T00:00:00.000000,0,42.94,SELL
GS,2024-12-03T00:00:00.000000,0,42.94,SELL
GS,2024-12-04T00:00:00.000000,0,42.94,SELL
GS,2024-12-05T00:00:00.000000,0,42.94,SELL
GS,2024-12-06T00:00:00.000000,0,46.09,SELL
GS,2024-12-09T00:00:00.000000,0,46.09,SELL
GS,2024-12-10T00:00:00.000000,0,46.09,SELL
GS,2024-12-11T00:00:00.000000,0,46.09,SELL
GS,2024-12-12T00:00:00.000000,0,46.09,SELL
GS,2024-12-13T00:00:00.000000,0,46.09,SELL
GS,2024-12-16T00:00:00.000000,0,48.73,SELL
GS,2024-12-17T00:00:00.000000,0,48.73,SELL
GS,2024-12-18T00:00:00.000000,0,48.73,SELL
GS,2024-12-19T00:00:00.000000,0,48.73,SELL
GS,2024-12-20T00:00:00.000000,1,48.73,BUY
INTC,2023-02-21T00:00:00.000000,1,48.73,BUY
INTC,2023-02-22T00:00:00.000000,1,48.73,BUY
INTC,2023-02-23T00:00:00.000000,1,50.44,BUY
INTC,2023-02-24T00:00:00.000000,1,48.73,BUY
INTC,2023-02-27T00:00:00.000000,1,48.73,BUY
INTC,2023-02-28T00:00:00.000000,1,48.73,BUY
INTC,2023-03-01T00:00:00.000000,1,50.44,BUY
INTC,2023-03-02T00:00:00.000000,1,50.44,BUY
INTC,2023-03-03T00:00:00.000000,1,50.44,BUY
INTC,2023-03-06T00:00:00.000000,1,48.73,BUY
INTC,2023-03-07T00:00:00.000000,0,48.73,SELL
INTC,2023-03-08T00:00:00.000000,0,42.94,SELL
INTC,2023-03-09T00:00:00.000000,0,42.94,SELL
INTC,2023-03-10T00:00:00.000000,0,42.94,SELL
INTC,2023-03-13T00:00:00.000000,0,42.94,SELL
INTC,2023-03-14T00:00:00.000000,0,46.09,SELL
INTC,2023-03-15T00:00:00.000000,0,48.73,SELL
INTC,2023-03-16T00:00:00.000000,0,48.73,SELL
INTC,2023-03-17T00:00:00.000000,1,48.73,BUY
INTC,2023-03-20T00:00:00.000000,1,48.73,BUY
INTC,2023-03-21T00:00:00.000000,1,50.44,BUY
INTC,2023-03-22T00:00:00.000000,1,50.44,BUY
INTC,2023-03-23T00:00:00.000000,1,50.44,BUY
INTC,2023-03-24T00:00:00.000000,1,50.44,BUY
INTC,2023-03-27T00:00:00.000000,1,50.44,BUY
INTC,2023-03-28T00:00:00.000000,1,50.44,BUY
INTC,2023-03-29T00:00:00.000000,1,50.44,BUY
INTC,2023-03-30T00:00:00.000000,1,48.73,BUY
INTC,2023-03-31T00:00:00.000000,1,48.73,BUY
INTC,2023-04-03T00:00:00.000000,1,48.73,BUY
INTC,2023-04-04T00:00:00.000000,0,48.73,SELL
INTC,2023-04-05T00:00:00.000000,0,48.73,SELL
INTC,2023-04-06T00:00:00.000000,0,48.73,SELL
INTC,2023-04-10T00:00:00.000000,0,46.09,SELL
INTC,2023-04-11T00:00:00.000000,0,46.09,SELL
INTC,2023-04-12T00:00:00.000000,0,46.09,SELL
INTC,2023-04-13T00:00:00.000000,0,46.09,SELL
INTC,2023-04-14T00:00:00.000000,0,42.94,SELL
INTC,2023-04-17T00:00:00.000000,0,42.94,SELL
INTC,2023-04-18T00:00:00.000000,0,42.94,SELL
INTC,2023-04-19T00:00:00.000000,0,42.94,SELL
INTC,2023-04-20T00:00:00.000000,0,42.94,SELL
INTC,2023-04-21T00:00:00.000000,0,42.94,SELL
INTC,2023-04-24T00:00:00.000000,0,40.0,SELL
INTC,2023-04-25T00:00:00.000000,0,39.62,SELL
INTC,2023-04-26T00:00:00.000000,0,39.62,SELL
INTC,2023-04-27T00:00:00.000000,0,39.62,SELL
INTC,2023-04-28T00:00:00.000000,0,39.62,SELL
INTC,2023-05-01T00:00:00.000000,0,42.94,SELL
INTC,2023-05-02T00:00:00.000000,0,42.94,SELL
INTC,2023-05-03T00:00:00.000000,0,42.94,SELL
INTC,2023-05-04T00:00:00.000000,0,42.94,SELL
INTC,2023-05-05T00:00:00.000000,0,42.94,SELL
INTC,2023-05-08T00:00:00.000000,0,42.94,SELL
INTC,2023-05-09T00:00:00.000000,0,42.94,SELL
INTC,2023-05-10T00:00:00.000000,0,42.94,SELL
INTC,2023-05-11T00:00:00.000000,0,42.94,SELL
INTC,2023-05-12T00:00:00.000000,0,42.94,SELL
INTC,2023-05-15T00:00:00.000000,0,42.94,SELL
INTC,2023-05-16T00:00:00.000000,0,40.0,SELL
INTC,2023-05-17T00:00:00.000000,0,42.94,SELL
INTC,2023-05-18T00:00:00.000000,0,42.94,SELL
INTC,2023-05-19T00:00:00.000000,0,42.94,SELL
INTC,2023-05-22T00:00:00.000000,0,42.94,SELL
INTC,2023-05-23T00:00:00.000000,0,40.0,SELL
INTC,2023-05-24T00:00:00.000000,0,39.62,SELL
INTC,2023-05-25T00:00:00.000000,0,42.94,SELL
INTC,2023-05-26T00:00:00.000000,0,42.94,SELL
INTC,2023-05-30T00:00:00.000000,0,42.94,SELL
INTC,2023-05-31T00:00:00.000000,0,42.94,SELL
INTC,2023-06-01T00:00:00.000000,0,46.09,SELL
INTC,2023-06-02T00:00:00.000000,1,48.73,BUY
INTC,2023-06-05T00:00:00.000000,1,48.73,BUY
INTC,2023-06-06T00:00:00.000000,1,48.73,BUY
INTC,2023-06-07T00:00:00.000000,1,48.73,BUY
INTC,2023-06-08T00:00:00.000000,0,46.09,SELL
INTC,2023-06-09T00:00:00.000000,0,42.94,SELL
INTC,2023-06-12T00:00:00.000000,0,42.94,SELL
INTC,2023-06-13T00:00:00.000000,0,46.09,SELL
INTC,2023-06-14T00:00:00.000000,0,46.09,SELL
INTC,2023-06-15T00:00:00.000000,0,46.09,SELL
INTC,2023-06-16T00:00:00.000000,0,48.73,SELL
INTC,2023-06-20T00:00:00.000000,0,48.73,SELL
INTC,2023-06-21T00:00:00.000000,0,48.73,SELL
INTC,2023-06-22T00:00:00.000000,0,48.73,SELL
INTC,2023-06-23T00:00:00.000000,0,48.73,SELL
INTC,2023-06-26T00:00:00.000000,0,48.73,SELL
INTC,2023-06-27T00:00:00.000000,0,48.73,SELL
INTC,2023-06-28T00:00:00.000000,0,48.73,SELL
INTC,2023-06-29T00:00:00.000000,0,48.73,SELL
INTC,2023-06-30T00:00:00.000000,0,48.73,SELL
INTC,2023-07-03T00:00:00.000000,0,46.09,SELL
INTC,2023-07-05T00:00:00.000000,0,46.09,SELL
INTC,2023-07-06T00:00:00.000000,0,46.09,SELL
INTC,2023-07-07T00:00:00.000000,0,46.09,SELL
INTC,2023-07-10T00:00:00.000000,0,48.73,SELL
INTC,2023-07-11T00:00:00.000000,0,48.73,SELL
INTC,2023-07-12T00:00:00.000000,0,48.73,SELL
INTC,2023-07-13T00:00:00.000000,0,46.09,SELL
INTC,2023-07-14T00:00:00.000000,0,46.09,SELL
INTC,2023-07-17T00:00:00.000000,0,46.09,SELL
INTC,2023-07-18T00:00:00.000000,0,42.94,SELL
INTC,2023-07-19T00:00:00.000000,0,42.94,SELL
INTC,2023-07-20T00:00:00.000000,0,42.94,SELL
INTC,2023-07-21T00:00:00.000000,0,42.94,SELL
INTC,2023-07-24T00:00:00.000000,0,42.94,SELL
INTC,2023-07-25T00:00:00.000000,0,42.94,SELL
INTC,2023-07-26T00:00:00.000000,0,42.94,SELL
INTC,2023-07-27T00:00:00.000000,0,42.94,SELL
INTC,2023-07-28T00:00:00.000000,0,42.94,SELL
INTC,2023-07-31T00:00:00.000000,0,42.94,SELL
INTC,2023-08-01T00:00:00.000000,0,46.09,SELL
INTC,2023-08-02T00:00:00.000000,0,46.09,SELL
INTC,2023-08-03T00:00:00.000000,0,48.73,SELL
INTC,2023-08-04T00:00:00.000000,0,46.09,SELL
INTC,2023-08-07T00:00:00.000000,0,46.09,SELL
INTC,2023-08-08T00:00:00.000000,0,46.09,SELL
INTC,2023-08-09T00:00:00.000000,0,46.09,SELL
INTC,2023-08-10T00:00:00.000000,0,48.73,SELL
INTC,2023-08-11T00:00:00.000000,0,48.73,SELL
INTC,2023-08-14T00:00:00.000000,1,48.73,BUY
INTC,2023-08-15T00:00:00.000000,1,48.73,BUY
INTC,2023-08-16T00:00:00.000000,1,48.73,BUY
INTC,2023-08-17T00:00:00.000000,1,48.73,BUY
INTC,2023-08-18T00:00:00.000000,1,50.44,BUY
INTC,2023-08-21T00:00:00.000000,1,50.44,BUY
INTC,2023-08-22T00:00:00.000000,1,50.44,BUY
INTC,2023-08-23T00:00:00.000000,1,50.44,BUY
INTC,2023-08-24T00:00:00.000000,1,50.69,BUY
INTC,2023-08-25T00:00:00.000000,1,50.69,BUY
INTC,2023-08-28T00:00:00.000000,1,50.69,BUY
INTC,2023-08-29T00:00:00.000000,1,50.69,BUY
INTC,2023-08-30T00:00:00.000000,1,50.44,BUY
INTC,2023-08-31T00:00:00.000000,1,48.73,BUY
INTC,2023-09-01T00:00:00.000000,0,48.73,SELL
INTC,2023-09-05T00:00:00.000000,0,48.73,SELL
INTC,2023-09-06T00:00:00.000000,1,48.73,BUY
INTC,2023-09-07T00:00:00.000000,1,48.73,BUY
INTC,2023-09-08T00:00:00.000000,1,48.73,BUY
INTC,2023-09-11T00:00:00.000000,1,48.73,BUY
INTC,2023-09-12T00:00:00.000000,1,48.73,BUY
INTC,2023-09-13T00:00:00.000000,1,48.73,BUY
INTC,2023-09-14T00:00:00.000000,1,48.73,BUY
INTC,2023-09-15T00:00:00.000000,1,48.73,BUY
INTC,2023-09-18T00:00:00.000000,1,48.73,BUY
INTC,2023-09-19T00:00:00.000000,1,48.73,BUY
INTC,2023-09-20T00:00:00.000000,1,48.73,BUY
INTC,2023-09-21T00:00:00.000000,1,48.73,BUY
INTC,2023-09-22T00:00:00.000000,1,48.73,BUY
INTC,2023-09-25T00:00:00.000000,1,48.73,BUY
INTC,2023-09-26T00:00:00.000000,1,48.73,BUY
INTC,2023-09-27T00:00:00.000000,1,48.73,BUY
INTC,2023-09-28T00:00:00.000000,1,50.44,BUY
INTC,2023-09-29T00:00:00.000000,1,50.44,BUY
INTC,2023-10-02T00:00:00.000000,1,50.44,BUY
INTC,2023-10-03T00:00:00.000000,1,50.44,BUY
INTC,2023-10-04T00:00:00.000000,1,50.44,BUY
INTC,2023-10-05T00:00:00.000000,1,48.73,BUY
INTC,2023-10-06T00:00:00.000000,1,48.73,BUY
INTC,2023-10-09T00:00:00.000000,1,48.73,BUY
INTC,2023-10-10T00:00:00.000000,1,48.73,BUY
INTC,2023-10-11T00:00:00.000000,1,48.73,BUY
INTC,2023-10-12T00:00:00.000000,0,48.73,SELL
INTC,2023-10-13T00:00:00.000000,0,48.73,SELL
INTC,2023-10-16T00:00:00.000000,0,48.73,SELL
INTC,2023-10-17T00:00:00.000000,0,46.09,SELL
INTC,2023-10-18T00:00:00.000000,0,42.94,SELL
INTC,2023-10-19T00:00:00.000000,0,42.94,SELL
INTC,2023-10-20T00:00:00.000000,0,46.09,SELL
INTC,2023-10-23T00:00:00.000000,0,48.73,SELL
INTC,2023-10-24T00:00:00.000000,1,48.73,BUY
INTC,2023-10-25T00:00:00.000000,1,48.73,BUY
INTC,2023-10-26T00:00:00.000000,1,48.73,BUY
INTC,2023-10-27T00:00:00.000000,1,50.44,BUY
INTC,2023-10-30T00:00:00.000000,1,50.44,BUY
INTC,2023-10-31T00:00:00.000000,1,50.69,BUY
INTC,2023-11-01T00:00:00.000000,1,50.69,BUY
INTC,2023-11-02T00:00:00.000000,1,50.44,BUY
INTC,2023-11-03T00:00:00.000000,1,50.44,BUY
INTC,2023-11-06T00:00:00.000000,1,50.44,BUY
INTC,2023-11-07T00:00:00.000000,1,48.73,BUY
INTC,2023-11-08T00:00:00.000000,1,48.73,BUY
INTC,2023-11-09T00:00:00.000000,1,48.73,BUY
INTC,2023-11-10T00:00:00.000000,1,48.73,BUY
INTC,2023-11-13T00:00:00.000000,1,48.73,BUY
INTC,2023-11-14T00:00:00.000000,0,48.73,SELL
INTC,2023-11-15T00:00:00.000000,0,46.09,SELL
INTC,2023-11-16T00:00:00.000000,0,46.09,SELL
INTC,2023-11-17T00:00:00.000000,0,42.94,SELL
INTC,2023-11-20T00:00:00.000000,0,46.09,SELL
INTC,2023-11-21T00:00:00.000000,0,46.09,SELL
INTC,2023-11-22T00:00:00.000000,0,46.09,SELL
INTC,2023-11-24T00:00:00.000000,0,46.09,SELL
INTC,2023-11-27T00:00:00.000000,0,46.09,SELL
INTC,2023-11-28T00:00:00.000000,0,46.09,SELL
INTC,2023-11-29T00:00:00.000000,0,46.09,SELL
INTC,2023-11-30T00:00:00.000000,0,46.09,SELL
INTC,2023-12-01T00:00:00.000000,0,46.09,SELL
INTC,2023-12-04T00:00:00.000000,0,46.09,SELL
INTC,2023-12-05T00:00:00.000000,0,46.09,SELL
INTC,2023-12-06T00:00:00.000000,0,42.94,SELL
INTC,2023-12-07T00:00:00.000000,0,42.94,SELL
INTC,2023-12-08T00:00:00.000000,0,42.94,SELL
INTC,2023-12-11T00:00:00.000000,0,42.94,SELL
INTC,2023-12-12T00:00:00.000000,0,42.94,SELL
INTC,2023-12-13T00:00:00.000000,0,42.94,SELL
INTC,2023-12-14T00:00:00.000000,0,42.94,SELL
INTC,2023-12-15T00:00:00.000000,0,42.94,SELL
INTC,2023-12-18T00:00:00.000000,0,42.94,SELL
INTC,2023-12-19T00:00:00.000000,0,42.94,SELL
INTC,2023-12-20T00:00:00.000000,0,39.62,SELL
INTC,2023-12-21T00:00:00.000000,0,40.0,SELL
INTC,2023-12-22T00:00:00.000000,0,40.0,SELL
INTC,2023-12-26T00:00:00.000000,0,39.62,SELL
INTC,2023-12-27T00:00:00.000000,0,39.62,SELL
INTC,2023-12-28T00:00:00.000000,0,42.94,SELL
INTC,2023-12-29T00:00:00.000000,0,42.94,SELL
INTC,2024-01-02T00:00:00.000000,0,42.94,SELL
INTC,2024-01-03T00:00:00.000000,0,42.94,SELL
INTC,2024-01-04T00:00:00.000000,0,42.94,SELL
INTC,2024-01-05T00:00:00.000000,0,42.94,SELL
INTC,2024-01-08T00:00:00.000000,0,42.94,SELL
INTC,2024-01-09T00:00:00.000000,0,42.94,SELL
INTC,2024-01-10T00:00:00.000000,0,42.94,SELL
INTC,2024-01-11T00:00:00.000000,0,42.94,SELL
INTC,2024-01-12T00:00:00.000000,0,42.94,SELL
INTC,2024-01-16T00:00:00.000000,0,39.62,SELL
INTC,2024-01-17T00:00:00.000000,0,39.62,SELL
INTC,2024-01-18T00:00:00.000000,0,42.94,SELL
INTC,2024-01-19T00:00:00.000000,0,42.94,SELL
INTC,2024-01-22T00:00:00.000000,0,46.09,SELL
INTC,2024-01-23T00:00:00.000000,0,46.09,SELL
INTC,2024-01-24T00:00:00.000000,0,46.09,SELL
INTC,2024-01-25T00:00:00.000000,0,42.94,SELL
INTC,2024-01-26T00:00:00.000000,0,42.94,SELL
INTC,2024-01-29T00:00:00.000000,0,42.94,SELL
INTC,2024-01-30T00:00:00.000000,0,42.94,SELL
INTC,2024-01-31T00:00:00.000000,0,42.94,SELL
INTC,2024-02-01T00:00:00.000000,0,46.09,SELL
INTC,2024-02-02T00:00:00.000000,0,46.09,SELL
INTC,2024-02-05T00:00:00.000000,0,42.94,SELL
INTC,2024-02-06T00:00:00.000000,0,42.94,SELL
INTC,2024-02-07T00:00:00.000000,0,42.94,SELL
INTC,2024-02-08T00:00:00.000000,0,39.62,SELL
INTC,2024-02-09T00:00:00.000000,0,39.62,SELL
INTC,2024-02-12T00:00:00.000000,0,39.62,SELL
INTC,2024-02-13T00:00:00.000000,0,39.62,SELL
INTC,2024-02-14T00:00:00.000000,0,39.62,SELL
INTC,2024-02-15T00:00:00.000000,0,39.62,SELL
INTC,2024-02-16T00:00:00.000000,0,42.94,SELL
INTC,2024-02-20T00:00:00.000000,0,42.94,SELL
INTC,2024-02-21T00:00:00.000000,0,39.62,SELL
INTC,2024-02-22T00:00:00.000000,0,39.62,SELL
INTC,2024-02-23T00:00:00.000000,0,39.62,SELL
INTC,2024-02-26T00:00:00.000000,0,42.94,SELL
INTC,2024-02-27T00:00:00.000000,0,46.09,SELL
INTC,2024-02-28T00:00:00.000000,0,46.09,SELL
INTC,2024-02-29T00:00:00.000000,0,48.73,SELL
INTC,2024-03-01T00:00:00.000000,0,48.73,SELL
INTC,2024-03-04T00:00:00.000000,0,46.09,SELL
INTC,2024-03-05T00:00:00.000000,0,46.09,SELL
INTC,2024-03-06T00:00:00.000000,0,46.09,SELL
INTC,2024-03-07T00:00:00.000000,0,46.09,SELL
INTC,2024-03-08T00:00:00.000000,0,46.09,SELL
INTC,2024-03-11T00:00:00.000000,0,46.09,SELL
INTC,2024-03-12T00:00:00.000000,0,42.94,SELL
INTC,2024-03-13T00:00:00.000000,0,42.94,SELL
INTC,2024-03-14T00:00:00.000000,0,42.94,SELL
INTC,2024-03-15T00:00:00.000000,0,42.94,SELL
INTC,2024-03-18T00:00:00.000000,0,42.94,SELL
INTC,2024-03-19T00:00:00.000000,0,42.94,SELL
INTC,2024-03-20T00:00:00.000000,0,42.94,SELL
INTC,2024-03-21T00:00:00.000000,0,42.94,SELL
INTC,2024-03-22T00:00:00.000000,0,42.94,SELL
INTC,2024-03-25T00:00:00.000000,0,39.62,SELL
INTC,2024-03-26T00:00:00.000000,0,39.62,SELL
INTC,2024-03-27T00:00:00.000000,0,39.62,SELL
INTC,2024-03-28T00:00:00.000000,0,39.62,SELL
INTC,2024-04-01T00:00:00.000000,0,39.62,SELL
INTC,2024-04-02T00:00:00.000000,0,39.62,SELL
INTC,2024-04-03T00:00:00.000000,0,42.94,SELL
INTC,2024-04-04T00:00:00.000000,0,42.94,SELL
INTC,2024-04-05T00:00:00.000000,0,42.94,SELL
INTC,2024-04-08T00:00:00.000000,0,42.94,SELL
INTC,2024-04-09T00:00:00.000000,0,42.94,SELL
INTC,2024-04-10T00:00:00.000000,0,42.94,SELL
INTC,2024-04-11T00:00:00.000000,0,42.94,SELL
INTC,2024-04-12T00:00:00.000000,0,42.94,SELL
INTC,2024-04-15T00:00:00.000000,0,42.94,SELL
INTC,2024-04-16T00:00:00.000000,0,42.94,SELL
INTC,2024-04-17T00:00:00.000000,0,42.94,SELL
INTC,2024-04-18T00:00:00.000000,0,42.94,SELL
INTC,2024-04-19T00:00:00.000000,0,42.94,SELL
INTC,2024-04-22T00:00:00.000000,0,42.94,SELL
INTC,2024-04-23T00:00:00.000000,0,40.0,SELL
INTC,2024-04-24T00:00:00.000000,0,42.94,SELL
INTC,2024-04-25T00:00:00.000000,0,39.62,SELL
INTC,2024-04-26T00:00:00.000000,0,40.0,SELL
INTC,2024-04-29T00:00:00.000000,0,39.62,SELL
INTC,2024-04-30T00:00:00.000000,0,39.62,SELL
INTC,2024-05-01T00:00:00.000000,0,39.62,SELL
INTC,2024-05-02T00:00:00.000000,0,39.62,SELL
INTC,2024-05-03T00:00:00.000000,0,39.62,SELL
INTC,2024-05-06T00:00:00.000000,0,39.62,SELL
INTC,2024-05-07T00:00:00.000000,0,39.62,SELL
INTC,2024-05-08T00:00:00.000000,0,39.62,SELL
INTC,2024-05-09T00:00:00.000000,0,39.62,SELL
INTC,2024-05-10T00:00:00.000000,0,39.62,SELL
INTC,2024-05-13T00:00:00.000000,0,39.62,SELL
INTC,2024-05-14T00:00:00.000000,0,39.62,SELL
INTC,2024-05-15T00:00:00.000000,0,39.62,SELL
INTC,2024-05-16T00:00:00.000000,0,39.62,SELL
INTC,2024-05-17T00:00:00.000000,0,39.62,SELL
INTC,2024-05-20T00:00:00.000000,0,39.62,SELL
INTC,2024-05-21T00:00:00.000000,0,39.62,SELL
INTC,2024-05-22T00:00:00.000000,0,39.62,SELL
INTC,2024-05-23T00:00:00.000000,0,39.62,SELL
INTC,2024-05-24T00:00:00.000000,0,42.94,SELL
INTC,2024-05-28T00:00:00.000000,0,42.94,SELL
INTC,2024-05-29T00:00:00.000000,0,42.94,SELL
INTC,2024-05-30T00:00:00.000000,0,48.73,SELL
INTC,2024-05-31T00:00:00.000000,1,50.44,BUY
INTC,2024-06-03T00:00:00.000000,1,50.44,BUY
INTC,2024-06-04T00:00:00.000000,1,50.44,BUY
INTC,2024-06-05T00:00:00.000000,1,50.44,BUY
INTC,2024-06-06T00:00:00.000000,1,50.44,BUY
INTC,2024-06-07T00:00:00.000000,1,48.73,BUY
INTC,2024-06-10T00:00:00.000000,0,48.73,SELL
INTC,2024-06-11T00:00:00.000000,0,48.73,SELL
INTC,2024-06-12T00:00:00.000000,0,48.73,SELL
INTC,2024-06-13T00:00:00.000000,0,48.73,SELL
INTC,2024-06-14T00:00:00.000000,1,48.73,BUY
INTC,2024-06-17T00:00:00.000000,1,48.73,BUY
INTC,2024-06-18T00:00:00.000000,1,48.73,BUY
INTC,2024-06-20T00:00:00.000000,1,50.69,BUY
INTC,2024-06-21T00:00:00.000000,1,50.69,BUY
INTC,2024-06-24T00:00:00.000000,1,50.69,BUY
INTC,2024-06-25T00:00:00.000000,1,50.69,BUY
INTC,2024-06-26T00:00:00.000000,1,50.44,BUY
INTC,2024-06-27T00:00:00.000000,1,48.73,BUY
INTC,2024-06-28T00:00:00.000000,1,48.73,BUY
INTC,2024-07-01T00:00:00.000000,1,48.73,BUY
INTC,2024-07-02T00:00:00.000000,1,48.73,BUY
INTC,2024-07-03T00:00:00.000000,1,50.44,BUY
INTC,2024-07-05T00:00:00.000000,1,50.44,BUY
INTC,2024-07-08T00:00:00.000000,1,50.44,BUY
INTC,2024-07-09T00:00:00.000000,1,50.44,BUY
INTC,2024-07-10T00:00:00.000000,1,50.69,BUY
INTC,2024-07-11T00:00:00.000000,1,50.44,BUY
INTC,2024-07-12T00:00:00.000000,1,50.44,BUY
INTC,2024-07-15T00:00:00.000000,1,50.44,BUY
INTC,2024-07-16T00:00:00.000000,1,48.73,BUY
INTC,2024-07-17T00:00:00.000000,1,48.73,BUY
INTC,2024-07-18T00:00:00.000000,1,48.73,BUY
INTC,2024-07-19T00:00:00.000000,0,48.73,SELL
INTC,2024-07-22T00:00:00.000000,0,48.73,SELL
INTC,2024-07-23T00:00:00.000000,0,48.73,SELL
INTC,2024-07-24T00:00:00.000000,0,46.09,SELL
INTC,2024-07-25T00:00:00.000000,0,46.09,SELL
INTC,2024-07-26T00:00:00.000000,0,46.09,SELL
INTC,2024-07-29T00:00:00.000000,0,42.94,SELL
INTC,2024-07-30T00:00:00.000000,0,42.94,SELL
INTC,2024-07-31T00:00:00.000000,0,42.94,SELL
INTC,2024-08-01T00:00:00.000000,0,42.94,SELL
INTC,2024-08-02T00:00:00.000000,0,42.94,SELL
INTC,2024-08-05T00:00:00.000000,0,0.0,SELL
INTC,2024-08-06T00:00:00.000000,0,0.0,SELL
INTC,2024-08-07T00:00:00.000000,0,0.0,SELL
INTC,2024-08-08T00:00:00.000000,0,0.0,SELL
INTC,2024-08-09T00:00:00.000000,0,39.62,SELL
INTC,2024-08-12T00:00:00.000000,0,39.62,SELL
INTC,2024-08-13T00:00:00.000000,0,39.62,SELL
INTC,2024-08-14T00:00:00.000000,0,39.62,SELL
INTC,2024-08-15T00:00:00.000000,0,39.62,SELL
INTC,2024-08-16T00:00:00.000000,0,39.62,SELL
INTC,2024-08-19T00:00:00.000000,0,39.62,SELL
INTC,2024-08-20T00:00:00.000000,0,39.62,SELL
INTC,2024-08-21T00:00:00.000000,0,39.62,SELL
INTC,2024-08-22T00:00:00.000000,0,42.94,SELL
INTC,2024-08-23T00:00:00.000000,0,46.09,SELL
INTC,2024-08-26T00:00:00.000000,0,46.09,SELL
INTC,2024-08-27T00:00:00.000000,0,46.09,SELL
INTC,2024-08-28T00:00:00.000000,0,48.73,SELL
INTC,2024-08-29T00:00:00.000000,1,48.73,BUY
INTC,2024-08-30T00:00:00.000000,0,48.73,SELL
INTC,2024-09-03T00:00:00.000000,0,48.73,SELL
INTC,2024-09-04T00:00:00.000000,0,48.73,SELL
INTC,2024-09-05T00:00:00.000000,1,48.73,BUY
INTC,2024-09-06T00:00:00.000000,1,48.73,BUY
INTC,2024-09-09T00:00:00.000000,1,48.73,BUY
INTC,2024-09-10T00:00:00.000000,1,50.44,BUY
INTC,2024-09-11T00:00:00.000000,1,50.69,BUY
INTC,2024-09-12T00:00:00.000000,1,50.69,BUY
INTC,2024-09-13T00:00:00.000000,1,50.69,BUY
INTC,2024-09-16T00:00:00.000000,1,50.69,BUY
INTC,2024-09-17T00:00:00.000000,1,50.69,BUY
INTC,2024-09-18T00:00:00.000000,1,50.69,BUY
INTC,2024-09-19T00:00:00.000000,1,50.44,BUY
INTC,2024-09-20T00:00:00.000000,1,48.73,BUY
INTC,2024-09-23T00:00:00.000000,0,48.73,SELL
INTC,2024-09-24T00:00:00.000000,0,48.73,SELL
INTC,2024-09-25T00:00:00.000000,0,48.73,SELL
INTC,2024-09-26T00:00:00.000000,1,48.73,BUY
INTC,2024-09-27T00:00:00.000000,1,48.73,BUY
INTC,2024-09-30T00:00:00.000000,1,48.73,BUY
INTC,2024-10-01T00:00:00.000000,1,48.73,BUY
INTC,2024-10-02T00:00:00.000000,1,48.73,BUY
INTC,2024-10-03T00:00:00.000000,0,48.73,SELL
INTC,2024-10-04T00:00:00.000000,0,48.73,SELL
INTC,2024-10-07T00:00:00.000000,0,48.73,SELL
INTC,2024-10-08T00:00:00.000000,0,48.73,SELL
INTC,2024-10-09T00:00:00.000000,0,48.73,SELL
INTC,2024-10-10T00:00:00.000000,0,48.73,SELL
INTC,2024-10-11T00:00:00.000000,0,46.09,SELL
INTC,2024-10-14T00:00:00.000000,0,46.09,SELL
INTC,2024-10-15T00:00:00.000000,0,42.94,SELL
INTC,2024-10-16T00:00:00.000000,0,42.94,SELL
INTC,2024-10-17T00:00:00.000000,0,42.94,SELL
INTC,2024-10-18T00:00:00.000000,0,39.62,SELL
INTC,2024-10-21T00:00:00.000000,0,39.62,SELL
INTC,2024-10-22T00:00:00.000000,0,39.62,SELL
INTC,2024-10-23T00:00:00.000000,0,39.62,SELL
INTC,2024-10-24T00:00:00.000000,0,42.94,SELL
INTC,2024-10-25T00:00:00.000000,0,42.94,SELL
INTC,2024-10-28T00:00:00.000000,0,42.94,SELL
INTC,2024-10-29T00:00:00.000000,0,42.94,SELL
INTC,2024-10-30T00:00:00.000000,0,42.94,SELL
INTC,2024-10-31T00:00:00.000000,0,46.09,SELL
INTC,2024-11-01T00:00:00.000000,0,48.73,SELL
INTC,2024-11-04T00:00:00.000000,1,48.73,BUY
INTC,2024-11-05T00:00:00.000000,1,48.73,BUY
INTC,2024-11-06T00:00:00.000000,1,48.73,BUY
INTC,2024-11-07T00:00:00.000000,1,48.73,BUY
INTC,2024-11-08T00:00:00.000000,1,48.73,BUY
INTC,2024-11-11T00:00:00.000000,1,48.73,BUY
INTC,2024-11-12T00:00:00.000000,1,50.44,BUY
INTC,2024-11-13T00:00:00.000000,1,50.44,BUY
INTC,2024-11-14T00:00:00.000000,1,50.44,BUY
INTC,2024-11-15T00:00:00.000000,1,50.44,BUY
INTC,2024-11-18T00:00:00.000000,1,48.73,BUY
INTC,2024-11-19T00:00:00.000000,1,48.73,BUY
INTC,2024-11-20T00:00:00.000000,0,48.73,SELL
INTC,2024-11-21T00:00:00.000000,0,48.73,SELL
INTC,2024-11-22T00:00:00.000000,0,46.09,SELL
INTC,2024-11-25T00:00:00.000000,0,42.94,SELL
INTC,2024-11-26T00:00:00.000000,0,42.94,SELL
INTC,2024-11-27T00:00:00.000000,0,46.09,SELL
INTC,2024-11-29T00:00:00.000000,0,42.94,SELL
INTC,2024-12-02T00:00:00.000000,0,42.94,SELL
INTC,2024-12-03T00:00:00.000000,0,42.94,SELL
INTC,2024-12-04T00:00:00.000000,0,42.94,SELL
INTC,2024-12-05T00:00:00.000000,0,39.62,SELL
INTC,2024-12-06T00:00:00.000000,0,39.62,SELL
INTC,2024-12-09T00:00:00.000000,0,39.62,SELL
INTC,2024-12-10T00:00:00.000000,0,39.62,SELL
INTC,2024-12-11T00:00:00.000000,0,39.62,SELL
INTC,2024-12-12T00:00:00.000000,0,39.62,SELL
INTC,2024-12-13T00:00:00.000000,0,39.62,SELL
INTC,2024-12-16T00:00:00.000000,0,39.62,SELL
INTC,2024-12-17T00:00:00.000000,0,39.62,SELL
INTC,2024-12-18T00:00:00.000000,0,39.62,SELL
INTC,2024-12-19T00:00:00.000000,0,39.62,SELL
INTC,2024-12-20T00:00:00.000000,0,39.62,SELL
IWM,2023-02-21T00:00:00.000000,1,50.44,BUY
IWM,2023-02-22T00:00:00.000000,1,50.69,BUY
IWM,2023-02-23T00:00:00.000000,1,50.69,BUY
IWM,2023-02-24T00:00:00.000000,1,50.69,BUY
IWM,2023-02-27T00:00:00.000000,1,50.69,BUY
IWM,2023-02-28T00:00:00.000000,1,50.69,BUY
IWM,2023-03-01T00:00:00.000000,1,50.69,BUY
IWM,2023-03-02T00:00:00.000000,1,50.69,BUY
IWM,2023-03-03T00:00:00.000000,1,50.69,BUY
IWM,2023-03-06T00:00:00.000000,1,50.69,BUY
IWM,2023-03-07T00:00:00.000000,1,50.69,BUY
IWM,2023-03-08T00:00:00.000000,1,50.69,BUY
IWM,2023-03-09T00:00:00.000000,1,50.69,BUY
IWM,2023-03-10T00:00:00.000000,1,50.69,BUY
IWM,2023-03-13T00:00:00.000000,1,50.69,BUY
IWM,2023-03-14T00:00:00.000000,1,50.44,BUY
IWM,2023-03-15T00:00:00.000000,1,50.44,BUY
IWM,2023-03-16T00:00:00.000000,1,48.73,BUY
IWM,2023-03-17T00:00:00.000000,1,48.73,BUY
IWM,2023-03-20T00:00:00.000000,1,48.73,BUY
IWM,2023-03-21T00:00:00.000000,1,48.73,BUY
IWM,2023-03-22T00:00:00.000000,1,50.44,BUY
IWM,2023-03-23T00:00:00.000000,1,50.44,BUY
IWM,2023-03-24T00:00:00.000000,1,48.73,BUY
IWM,2023-03-27T00:00:00.000000,0,48.73,SELL
IWM,2023-03-28T00:00:00.000000,0,46.09,SELL
IWM,2023-03-29T00:00:00.000000,0,46.09,SELL
IWM,2023-03-30T00:00:00.000000,0,46.09,SELL
IWM,2023-03-31T00:00:00.000000,0,46.09,SELL
IWM,2023-04-03T00:00:00.000000,0,48.73,SELL
IWM,2023-04-04T00:00:00.000000,0,48.73,SELL
IWM,2023-04-05T00:00:00.000000,0,46.09,SELL
IWM,2023-04-06T00:00:00.000000,0,46.09,SELL
IWM,2023-04-10T00:00:00.000000,0,46.09,SELL
IWM,2023-04-11T00:00:00.000000,0,46.09,SELL
IWM,2023-04-12T00:00:00.000000,0,46.09,SELL
IWM,2023-04-13T00:00:00.000000,0,46.09,SELL
IWM,2023-04-14T00:00:00.000000,0,46.09,SELL
IWM,2023-04-17T00:00:00.000000,0,46.09,SELL
IWM,2023-04-18T00:00:00.000000,0,46.09,SELL
IWM,2023-04-19T00:00:00.000000,0,46.09,SELL
IWM,2023-04-20T00:00:00.000000,0,48.73,SELL
IWM,2023-04-21T00:00:00.000000,1,48.73,BUY
IWM,2023-04-24T00:00:00.000000,1,48.73,BUY
IWM,2023-04-25T00:00:00.000000,1,50.44,BUY
IWM,2023-04-26T00:00:00.000000,1,50.44,BUY
IWM,2023-04-27T00:00:00.000000,1,50.44,BUY
IWM,2023-04-28T00:00:00.000000,1,50.44,BUY
IWM,2023-05-01T00:00:00.000000,1,50.44,BUY
IWM,2023-05-02T00:00:00.000000,1,50.44,BUY
IWM,2023-05-03T00:00:00.000000,1,50.69,BUY
IWM,2023-05-04T00:00:00.000000,1,50.69,BUY
IWM,2023-05-05T00:00:00.000000,1,50.69,BUY
IWM,2023-05-08T00:00:00.000000,1,50.69,BUY
IWM,2023-05-09T00:00:00.000000,1,50.69,BUY
IWM,2023-05-10T00:00:00.000000,1,50.69,BUY
IWM,2023-05-11T00:00:00.000000,1,50.44,BUY
IWM,2023-05-12T00:00:00.000000,1,50.44,BUY
IWM,2023-05-15T00:00:00.000000,1,50.44,BUY
IWM,2023-05-16T00:00:00.000000,1,50.44,BUY
IWM,2023-05-17T00:00:00.000000,1,50.44,BUY
IWM,2023-05-18T00:00:00.000000,1,50.44,BUY
IWM,2023-05-19T00:00:00.000000,1,50.44,BUY
IWM,2023-05-22T00:00:00.000000,1,50.44,BUY
IWM,2023-05-23T00:00:00.000000,1,50.44,BUY
IWM,2023-05-24T00:00:00.000000,1,50.44,BUY
IWM,2023-05-25T00:00:00.000000,1,50.44,BUY
IWM,2023-05-26T00:00:00.000000,1,50.44,BUY
IWM,2023-05-30T00:00:00.000000,1,50.44,BUY
IWM,2023-05-31T00:00:00.000000,1,50.44,BUY
IWM,2023-06-01T00:00:00.000000,1,50.44,BUY
IWM,2023-06-02T00:00:00.000000,1,50.44,BUY
IWM,2023-06-05T00:00:00.000000,1,50.44,BUY
IWM,2023-06-06T00:00:00.000000,1,50.44,BUY
IWM,2023-06-07T00:00:00.000000,1,50.44,BUY
IWM,2023-06-08T00:00:00.000000,1,48.73,BUY
IWM,2023-06-09T00:00:00.000000,1,48.73,BUY
IWM,2023-06-12T00:00:00.000000,1,48.73,BUY
IWM,2023-06-13T00:00:00.000000,1,48.73,BUY
IWM,2023-06-14T00:00:00.000000,1,48.73,BUY
IWM,2023-06-15T00:00:00.000000,1,48.73,BUY
IWM,2023-06-16T00:00:00.000000,1,48.73,BUY
IWM,2023-06-20T00:00:00.000000,1,48.73,BUY
IWM,2023-06-21T00:00:00.000000,1,48.73,BUY
IWM,2023-06-22T00:00:00.000000,1,50.44,BUY
IWM,2023-06-23T00:00:00.000000,1,50.44,BUY
IWM,2023-06-26T00:00:00.000000,1,50.44,BUY
IWM,2023-06-27T00:00:00.000000,1,50.44,BUY
IWM,2023-06-28T00:00:00.000000,1,50.44,BUY
IWM,2023-06-29T00:00:00.000000,1,50.44,BUY
IWM,2023-06-30T00:00:00.000000,1,50.44,BUY
IWM,2023-07-03T00:00:00.000000,1,50.44,BUY
IWM,2023-07-05T00:00:00.000000,1,50.44,BUY
IWM,2023-07-06T00:00:00.000000,1,50.44,BUY
IWM,2023-07-07T00:00:00.000000,1,48.73,BUY
IWM,2023-07-10T00:00:00.000000,1,48.73,BUY
IWM,2023-07-11T00:00:00.000000,1,48.73,BUY
IWM,2023-07-12T00:00:00.000000,1,48.73,BUY
IWM,2023-07-13T00:00:00.000000,1,48.73,BUY
IWM,2023-07-14T00:00:00.000000,1,48.73,BUY
IWM,2023-07-17T00:00:00.000000,1,48.73,BUY
IWM,2023-07-18T00:00:00.000000,1,48.73,BUY
IWM,2023-07-19T00:00:00.000000,1,48.73,BUY
IWM,2023-07-20T00:00:00.000000,1,48.73,BUY
IWM,2023-07-21T00:00:00.000000,0,48.73,SELL
IWM,2023-07-24T00:00:00.000000,0,48.73,SELL
IWM,2023-07-25T00:00:00.000000,0,48.73,SELL
IWM,2023-07-26T00:00:00.000000,0,48.73,SELL
IWM,2023-07-27T00:00:00.000000,0,46.09,SELL
IWM,2023-07-28T00:00:00.000000,0,46.09,SELL
IWM,2023-07-31T00:00:00.000000,0,46.09,SELL
IWM,2023-08-01T00:00:00.000000,0,46.09,SELL
IWM,2023-08-02T00:00:00.000000,0,46.09,SELL
IWM,2023-08-03T00:00:00.000000,1,48.73,BUY
IWM,2023-08-04T00:00:00.000000,1,48.73,BUY
IWM,2023-08-07T00:00:00.000000,1,48.73,BUY
IWM,2023-08-08T00:00:00.000000,1,48.73,BUY
IWM,2023-08-09T00:00:00.000000,1,48.73,BUY
IWM,2023-08-10T00:00:00.000000,1,48.73,BUY
IWM,2023-08-11T00:00:00.000000,1,50.44,BUY
IWM,2023-08-14T00:00:00.000000,1,50.44,BUY
IWM,2023-08-15T00:00:00.000000,1,50.44,BUY
IWM,2023-08-16T00:00:00.000000,1,50.69,BUY
IWM,2023-08-17T00:00:00.000000,1,50.69,BUY
IWM,2023-08-18T00:00:00.000000,1,50.69,BUY
IWM,2023-08-21T00:00:00.000000,1,50.69,BUY
IWM,2023-08-22T00:00:00.000000,1,50.69,BUY
IWM,2023-08-23T00:00:00.000000,1,50.69,BUY
IWM,2023-08-24T00:00:00.000000,1,50.69,BUY
IWM,2023-08-25T00:00:00.000000,1,50.69,BUY
IWM,2023-08-28T00:00:00.000000,1,50.69,BUY
IWM,2023-08-29T00:00:00.000000,1,50.69,BUY
IWM,2023-08-30T00:00:00.000000,1,50.44,BUY
IWM,2023-08-31T00:00:00.000000,1,50.44,BUY
IWM,2023-09-01T00:00:00.000000,1,48.73,BUY
IWM,2023-09-05T00:00:00.000000,1,48.73,BUY
IWM,2023-09-06T00:00:00.000000,1,48.73,BUY
IWM,2023-09-07T00:00:00.000000,1,48.73,BUY
IWM,2023-09-08T00:00:00.000000,1,48.73,BUY
IWM,2023-09-11T00:00:00.000000,1,48.73,BUY
IWM,2023-09-12T00:00:00.000000,1,48.73,BUY
IWM,2023-09-13T00:00:00.000000,1,48.73,BUY
IWM,2023-09-14T00:00:00.000000,1,48.73,BUY
IWM,2023-09-15T00:00:00.000000,0,48.73,SELL
IWM,2023-09-18T00:00:00.000000,1,48.73,BUY
IWM,2023-09-19T00:00:00.000000,1,48.73,BUY
IWM,2023-09-20T00:00:00.000000,1,48.73,BUY
IWM,2023-09-21T00:00:00.000000,1,48.73,BUY
IWM,2023-09-22T00:00:00.000000,1,48.73,BUY
IWM,2023-09-25T00:00:00.000000,1,48.73,BUY
IWM,2023-09-26T00:00:00.000000,1,48.73,BUY
IWM,2023-09-27T00:00:00.000000,1,48.73,BUY
IWM,2023-09-28T00:00:00.000000,1,50.44,BUY
IWM,2023-09-29T00:00:00.000000,1,50.44,BUY
IWM,2023-10-02T00:00:00.000000,1,50.44,BUY
IWM,2023-10-03T00:00:00.000000,1,50.44,BUY
IWM,2023-10-04T00:00:00.000000,1,50.44,BUY
IWM,2023-10-05T00:00:00.000000,1,48.73,BUY
IWM,2023-10-06T00:00:00.000000,1,48.73,BUY
IWM,2023-10-09T00:00:00.000000,1,48.73,BUY
IWM,2023-10-10T00:00:00.000000,0,48.73,SELL
IWM,2023-10-11T00:00:00.000000,0,48.73,SELL
IWM,2023-10-12T00:00:00.000000,0,46.09,SELL
IWM,2023-10-13T00:00:00.000000,0,46.09,SELL
IWM,2023-10-16T00:00:00.000000,0,42.94,SELL
IWM,2023-10-17T00:00:00.000000,0,42.94,SELL
IWM,2023-10-18T00:00:00.000000,0,42.94,SELL
IWM,2023-10-19T00:00:00.000000,0,46.09,SELL
IWM,2023-10-20T00:00:00.000000,0,48.73,SELL
IWM,2023-10-23T00:00:00.000000,1,48.73,BUY
IWM,2023-10-24T00:00:00.000000,1,50.44,BUY
IWM,2023-10-25T00:00:00.000000,1,50.44,BUY
IWM,2023-10-26T00:00:00.000000,1,50.44,BUY
IWM,2023-10-27T00:00:00.000000,1,50.69,BUY
IWM,2023-10-30T00:00:00.000000,1,50.69,BUY
IWM,2023-10-31T00:00:00.000000,1,50.69,BUY
IWM,2023-11-01T00:00:00.000000,1,50.69,BUY
IWM,2023-11-02T00:00:00.000000,1,50.69,BUY
IWM,2023-11-03T00:00:00.000000,1,50.69,BUY
IWM,2023-11-06T00:00:00.000000,1,50.44,BUY
IWM,2023-11-07T00:00:00.000000,1,50.44,BUY
IWM,2023-11-08T00:00:00.000000,1,48.73,BUY
IWM,2023-11-09T00:00:00.000000,1,48.73,BUY
IWM,2023-11-10T00:00:00.000000,0,48.73,SELL
IWM,2023-11-13T00:00:00.000000,0,46.09,SELL
IWM,2023-11-14T00:00:00.000000,0,42.94,SELL
IWM,2023-11-15T00:00:00.000000,0,42.94,SELL
IWM,2023-11-16T00:00:00.000000,0,42.94,SELL
IWM,2023-11-17T00:00:00.000000,0,42.94,SELL
IWM,2023-11-20T00:00:00.000000,0,42.94,SELL
IWM,2023-11-21T00:00:00.000000,0,42.94,SELL
IWM,2023-11-22T00:00:00.000000,0,42.94,SELL
IWM,2023-11-24T00:00:00.000000,0,42.94,SELL
IWM,2023-11-27T00:00:00.000000,0,42.94,SELL
IWM,2023-11-28T00:00:00.000000,0,46.09,SELL
IWM,2023-11-29T00:00:00.000000,0,42.94,SELL
IWM,2023-11-30T00:00:00.000000,0,42.94,SELL
IWM,2023-12-01T00:00:00.000000,0,42.94,SELL
IWM,2023-12-04T00:00:00.000000,0,42.94,SELL
IWM,2023-12-05T00:00:00.000000,0,46.09,SELL
IWM,2023-12-06T00:00:00.000000,0,46.09,SELL
IWM,2023-12-07T00:00:00.000000,0,48.73,SELL
IWM,2023-12-08T00:00:00.000000,1,48.73,BUY
IWM,2023-12-11T00:00:00.000000,1,48.73,BUY
IWM,2023-12-12T00:00:00.000000,1,48.73,BUY
IWM,2023-12-13T00:00:00.000000,0,46.09,SELL
IWM,2023-12-14T00:00:00.000000,0,46.09,SELL
IWM,2023-12-15T00:00:00.000000,0,46.09,SELL
IWM,2023-12-18T00:00:00.000000,0,48.73,SELL
IWM,2023-12-19T00:00:00.000000,0,48.73,SELL
IWM,2023-12-20T00:00:00.000000,0,48.73,SELL
IWM,2023-12-21T00:00:00.000000,0,48.73,SELL
IWM,2023-12-22T00:00:00.000000,0,48.73,SELL
IWM,2023-12-26T00:00:00.000000,0,46.09,SELL
IWM,2023-12-27T00:00:00.000000,0,46.09,SELL
IWM,2023-12-28T00:00:00.000000,0,46.09,SELL
IWM,2023-12-29T00:00:00.000000,0,46.09,SELL
IWM,2024-01-02T00:00:00.000000,0,46.09,SELL
IWM,2024-01-03T00:00:00.000000,0,46.09,SELL
IWM,2024-01-04T00:00:00.000000,0,46.09,SELL
IWM,2024-01-05T00:00:00.000000,0,46.09,SELL
IWM,2024-01-08T00:00:00.000000,0,46.09,SELL
IWM,2024-01-09T00:00:00.000000,0,46.09,SELL
IWM,2024-01-10T00:00:00.000000,0,46.09,SELL
IWM,2024-01-11T00:00:00.000000,0,46.09,SELL
IWM,2024-01-12T00:00:00.000000,0,42.94,SELL
IWM,2024-01-16T00:00:00.000000,0,46.09,SELL
IWM,2024-01-17T00:00:00.000000,0,42.94,SELL
IWM,2024-01-18T00:00:00.000000,0,42.94,SELL
IWM,2024-01-19T00:00:00.000000,0,42.94,SELL
IWM,2024-01-22T00:00:00.000000,0,42.94,SELL
IWM,2024-01-23T00:00:00.000000,0,42.94,SELL
IWM,2024-01-24T00:00:00.000000,0,42.94,SELL
IWM,2024-01-25T00:00:00.000000,0,42.94,SELL
IWM,2024-01-26T00:00:00.000000,0,42.94,SELL
IWM,2024-01-29T00:00:00.000000,0,46.09,SELL
IWM,2024-01-30T00:00:00.000000,0,42.94,SELL
IWM,2024-01-31T00:00:00.000000,0,46.09,SELL
IWM,2024-02-01T00:00:00.000000,0,46.09,SELL
IWM,2024-02-02T00:00:00.000000,0,46.09,SELL
IWM,2024-02-05T00:00:00.000000,0,48.73,SELL
IWM,2024-02-06T00:00:00.000000,0,48.73,SELL
IWM,2024-02-07T00:00:00.000000,0,46.09,SELL
IWM,2024-02-08T00:00:00.000000,0,46.09,SELL
IWM,2024-02-09T00:00:00.000000,0,48.73,SELL
IWM,2024-02-12T00:00:00.000000,1,48.73,BUY
IWM,2024-02-13T00:00:00.000000,1,50.44,BUY
IWM,2024-02-14T00:00:00.000000,1,50.69,BUY
IWM,2024-02-15T00:00:00.000000,1,50.69,BUY
IWM,2024-02-16T00:00:00.000000,1,50.69,BUY
IWM,2024-02-20T00:00:00.000000,1,50.44,BUY
IWM,2024-02-21T00:00:00.000000,1,50.44,BUY
IWM,2024-02-22T00:00:00.000000,1,48.73,BUY
IWM,2024-02-23T00:00:00.000000,1,48.73,BUY
IWM,2024-02-26T00:00:00.000000,1,50.44,BUY
IWM,2024-02-27T00:00:00.000000,1,50.44,BUY
IWM,2024-02-28T00:00:00.000000,1,50.44,BUY
IWM,2024-02-29T00:00:00.000000,1,50.44,BUY
IWM,2024-03-01T00:00:00.000000,1,50.69,BUY
IWM,2024-03-04T00:00:00.000000,1,50.44,BUY
IWM,2024-03-05T00:00:00.000000,1,50.44,BUY
IWM,2024-03-06T00:00:00.000000,1,50.44,BUY
IWM,2024-03-07T00:00:00.000000,1,50.44,BUY
IWM,2024-03-08T00:00:00.000000,1,50.69,BUY
IWM,2024-03-11T00:00:00.000000,1,50.69,BUY
IWM,2024-03-12T00:00:00.000000,1,50.69,BUY
IWM,2024-03-13T00:00:00.000000,1,50.44,BUY
IWM,2024-03-14T00:00:00.000000,1,50.44,BUY
IWM,2024-03-15T00:00:00.000000,1,48.73,BUY
IWM,2024-03-18T00:00:00.000000,1,48.73,BUY
IWM,2024-03-19T00:00:00.000000,1,48.73,BUY
IWM,2024-03-20T00:00:00.000000,1,48.73,BUY
IWM,2024-03-21T00:00:00.000000,0,48.73,SELL
IWM,2024-03-22T00:00:00.000000,0,46.09,SELL
IWM,2024-03-25T00:00:00.000000,0,42.94,SELL
IWM,2024-03-26T00:00:00.000000,0,42.94,SELL
IWM,2024-03-27T00:00:00.000000,0,42.94,SELL
IWM,2024-03-28T00:00:00.000000,0,42.94,SELL
IWM,2024-04-01T00:00:00.000000,0,42.94,SELL
IWM,2024-04-02T00:00:00.000000,0,42.94,SELL
IWM,2024-04-03T00:00:00.000000,0,42.94,SELL
IWM,2024-04-04T00:00:00.000000,0,46.09,SELL
IWM,2024-04-05T00:00:00.000000,0,46.09,SELL
IWM,2024-04-08T00:00:00.000000,0,46.09,SELL
IWM,2024-04-09T00:00:00.000000,0,46.09,SELL
IWM,2024-04-10T00:00:00.000000,0,46.09,SELL
IWM,2024-04-11T00:00:00.000000,0,48.73,SELL
IWM,2024-04-12T00:00:00.000000,1,48.73,BUY
IWM,2024-04-15T00:00:00.000000,1,48.73,BUY
IWM,2024-04-16T00:00:00.000000,1,48.73,BUY
IWM,2024-04-17T00:00:00.000000,1,48.73,BUY
IWM,2024-04-18T00:00:00.000000,1,50.44,BUY
IWM,2024-04-19T00:00:00.000000,1,50.44,BUY
IWM,2024-04-22T00:00:00.000000,1,50.44,BUY
IWM,2024-04-23T00:00:00.000000,1,50.69,BUY
IWM,2024-04-24T00:00:00.000000,1,50.69,BUY
IWM,2024-04-25T00:00:00.000000,1,50.69,BUY
IWM,2024-04-26T00:00:00.000000,1,50.69,BUY
IWM,2024-04-29T00:00:00.000000,1,50.69,BUY
IWM,2024-04-30T00:00:00.000000,1,50.44,BUY
IWM,2024-05-01T00:00:00.000000,1,50.44,BUY
IWM,2024-05-02T00:00:00.000000,1,50.44,BUY
IWM,2024-05-03T00:00:00.000000,1,50.44,BUY
IWM,2024-05-06T00:00:00.000000,1,50.69,BUY
IWM,2024-05-07T00:00:00.000000,1,50.69,BUY
IWM,2024-05-08T00:00:00.000000,1,50.44,BUY
IWM,2024-05-09T00:00:00.000000,1,48.73,BUY
IWM,2024-05-10T00:00:00.000000,0,46.09,SELL
IWM,2024-05-13T00:00:00.000000,0,42.94,SELL
IWM,2024-05-14T00:00:00.000000,0,46.09,SELL
IWM,2024-05-15T00:00:00.000000,0,46.09,SELL
IWM,2024-05-16T00:00:00.000000,0,46.09,SELL
IWM,2024-05-17T00:00:00.000000,0,48.73,SELL
IWM,2024-05-20T00:00:00.000000,0,48.73,SELL
IWM,2024-05-21T00:00:00.000000,0,48.73,SELL
IWM,2024-05-22T00:00:00.000000,0,48.73,SELL
IWM,2024-05-23T00:00:00.000000,0,48.73,SELL
IWM,2024-05-24T00:00:00.000000,1,48.73,BUY
IWM,2024-05-28T00:00:00.000000,0,48.73,SELL
IWM,2024-05-29T00:00:00.000000,1,48.73,BUY
IWM,2024-05-30T00:00:00.000000,1,48.73,BUY
IWM,2024-05-31T00:00:00.000000,1,48.73,BUY
IWM,2024-06-03T00:00:00.000000,1,48.73,BUY
IWM,2024-06-04T00:00:00.000000,1,50.44,BUY
IWM,2024-06-05T00:00:00.000000,1,50.44,BUY
IWM,2024-06-06T00:00:00.000000,1,48.73,BUY
IWM,2024-06-07T00:00:00.000000,1,48.73,BUY
IWM,2024-06-10T00:00:00.000000,1,48.73,BUY
IWM,2024-06-11T00:00:00.000000,1,48.73,BUY
IWM,2024-06-12T00:00:00.000000,0,48.73,SELL
IWM,2024-06-13T00:00:00.000000,0,48.73,SELL
IWM,2024-06-14T00:00:00.000000,0,48.73,SELL
IWM,2024-06-17T00:00:00.000000,1,48.73,BUY
IWM,2024-06-18T00:00:00.000000,0,48.73,SELL
IWM,2024-06-20T00:00:00.000000,1,48.73,BUY
IWM,2024-06-21T00:00:00.000000,1,48.73,BUY
IWM,2024-06-24T00:00:00.000000,1,48.73,BUY
IWM,2024-06-25T00:00:00.000000,1,48.73,BUY
IWM,2024-06-26T00:00:00.000000,0,48.73,SELL
IWM,2024-06-27T00:00:00.000000,0,46.09,SELL
IWM,2024-06-28T00:00:00.000000,0,46.09,SELL
IWM,2024-07-01T00:00:00.000000,0,46.09,SELL
IWM,2024-07-02T00:00:00.000000,0,46.09,SELL
IWM,2024-07-03T00:00:00.000000,0,48.73,SELL
IWM,2024-07-05T00:00:00.000000,1,48.73,BUY
IWM,2024-07-08T00:00:00.000000,1,48.73,BUY
IWM,2024-07-09T00:00:00.000000,1,50.44,BUY
IWM,2024-07-10T00:00:00.000000,1,48.73,BUY
IWM,2024-07-11T00:00:00.000000,1,48.73,BUY
IWM,2024-07-12T00:00:00.000000,0,48.73,SELL
IWM,2024-07-15T00:00:00.000000,0,46.09,SELL
IWM,2024-07-16T00:00:00.000000,0,46.09,SELL
IWM,2024-07-17T00:00:00.000000,0,48.73,SELL
IWM,2024-07-18T00:00:00.000000,1,48.73,BUY
IWM,2024-07-19T00:00:00.000000,1,48.73,BUY
IWM,2024-07-22T00:00:00.000000,1,50.44,BUY
IWM,2024-07-23T00:00:00.000000,1,50.44,BUY
IWM,2024-07-24T00:00:00.000000,1,50.44,BUY
IWM,2024-07-25T00:00:00.000000,1,50.44,BUY
IWM,2024-07-26T00:00:00.000000,1,50.44,BUY
IWM,2024-07-29T00:00:00.000000,1,50.44,BUY
IWM,2024-07-30T00:00:00.000000,1,48.73,BUY
IWM,2024-07-31T00:00:00.000000,1,48.73,BUY
IWM,2024-08-01T00:00:00.000000,1,48.73,BUY
IWM,2024-08-02T00:00:00.000000,1,48.73,BUY
IWM,2024-08-05T00:00:00.000000,1,48.73,BUY
IWM,2024-08-06T00:00:00.000000,0,48.73,SELL
IWM,2024-08-07T00:00:00.000000,0,48.73,SELL
IWM,2024-08-08T00:00:00.000000,0,48.73,SELL
IWM,2024-08-09T00:00:00.000000,0,48.73,SELL
IWM,2024-08-12T00:00:00.000000,1,48.73,BUY
IWM,2024-08-13T00:00:00.000000,1,48.73,BUY
IWM,2024-08-14T00:00:00.000000,1,48.73,BUY
IWM,2024-08-15T00:00:00.000000,1,48.73,BUY
IWM,2024-08-16T00:00:00.000000,0,46.09,SELL
IWM,2024-08-19T00:00:00.000000,0,42.94,SELL
IWM,2024-08-20T00:00:00.000000,0,42.94,SELL
IWM,2024-08-21T00:00:00.000000,0,42.94,SELL
IWM,2024-08-22T00:00:00.000000,0,42.94,SELL
IWM,2024-08-23T00:00:00.000000,0,42.94,SELL
IWM,2024-08-26T00:00:00.000000,0,42.94,SELL
IWM,2024-08-27T00:00:00.000000,0,42.94,SELL
IWM,2024-08-28T00:00:00.000000,0,46.09,SELL
IWM,2024-08-29T00:00:00.000000,0,46.09,SELL
IWM,2024-08-30T00:00:00.000000,0,48.73,SELL
IWM,2024-09-03T00:00:00.000000,0,48.73,SELL
IWM,2024-09-04T00:00:00.000000,1,48.73,BUY
IWM,2024-09-05T00:00:00.000000,1,48.73,BUY
IWM,2024-09-06T00:00:00.000000,1,50.44,BUY
IWM,2024-09-09T00:00:00.000000,1,50.44,BUY
IWM,2024-09-10T00:00:00.000000,1,50.69,BUY
IWM,2024-09-11T00:00:00.000000,1,50.69,BUY
IWM,2024-09-12T00:00:00.000000,1,50.69,BUY
IWM,2024-09-13T00:00:00.000000,1,50.69,BUY
IWM,2024-09-16T00:00:00.000000,1,50.69,BUY
IWM,2024-09-17T00:00:00.000000,1,50.69,BUY
IWM,2024-09-18T00:00:00.000000,1,50.69,BUY
IWM,2024-09-19T00:00:00.000000,1,50.44,BUY
IWM,2024-09-20T00:00:00.000000,1,50.44,BUY
IWM,2024-09-23T00:00:00.000000,1,48.73,BUY
IWM,2024-09-24T00:00:00.000000,0,48.73,SELL
IWM,2024-09-25T00:00:00.000000,0,46.09,SELL
IWM,2024-09-26T00:00:00.000000,0,46.09,SELL
IWM,2024-09-27T00:00:00.000000,0,46.09,SELL
IWM,2024-09-30T00:00:00.000000,0,46.09,SELL
IWM,2024-10-01T00:00:00.000000,0,46.09,SELL
IWM,2024-10-02T00:00:00.000000,0,48.73,SELL
IWM,2024-10-03T00:00:00.000000,0,46.09,SELL
IWM,2024-10-04T00:00:00.000000,0,46.09,SELL
IWM,2024-10-07T00:00:00.000000,0,46.09,SELL
IWM,2024-10-08T00:00:00.000000,0,46.09,SELL
IWM,2024-10-09T00:00:00.000000,0,46.09,SELL
IWM,2024-10-10T00:00:00.000000,0,46.09,SELL
IWM,2024-10-11T00:00:00.000000,0,46.09,SELL
IWM,2024-10-14T00:00:00.000000,0,42.94,SELL
IWM,2024-10-15T00:00:00.000000,0,42.94,SELL
IWM,2024-10-16T00:00:00.000000,0,42.94,SELL
IWM,2024-10-17T00:00:00.000000,0,42.94,SELL
IWM,2024-10-18T00:00:00.000000,0,46.09,SELL
IWM,2024-10-21T00:00:00.000000,0,46.09,SELL
IWM,2024-10-22T00:00:00.000000,0,48.73,SELL
IWM,2024-10-23T00:00:00.000000,0,48.73,SELL
IWM,2024-10-24T00:00:00.000000,0,48.73,SELL
IWM,2024-10-25T00:00:00.000000,1,48.73,BUY
IWM,2024-10-28T00:00:00.000000,1,48.73,BUY
IWM,2024-10-29T00:00:00.000000,1,50.44,BUY
IWM,2024-10-30T00:00:00.000000,1,50.44,BUY
IWM,2024-10-31T00:00:00.000000,1,50.44,BUY
IWM,2024-11-01T00:00:00.000000,1,50.69,BUY
IWM,2024-11-04T00:00:00.000000,1,50.69,BUY
IWM,2024-11-05T00:00:00.000000,1,50.69,BUY
IWM,2024-11-06T00:00:00.000000,1,50.69,BUY
IWM,2024-11-07T00:00:00.000000,1,50.44,BUY
IWM,2024-11-08T00:00:00.000000,1,50.44,BUY
IWM,2024-11-11T00:00:00.000000,1,50.44,BUY
IWM,2024-11-12T00:00:00.000000,1,50.44,BUY
IWM,2024-11-13T00:00:00.000000,1,50.44,BUY
IWM,2024-11-14T00:00:00.000000,1,50.44,BUY
IWM,2024-11-15T00:00:00.000000,1,48.73,BUY
IWM,2024-11-18T00:00:00.000000,1,48.73,BUY
IWM,2024-11-19T00:00:00.000000,1,48.73,BUY
IWM,2024-11-20T00:00:00.000000,0,48.73,SELL
IWM,2024-11-21T00:00:00.000000,0,48.73,SELL
IWM,2024-11-22T00:00:00.000000,0,46.09,SELL
IWM,2024-11-25T00:00:00.000000,0,48.73,SELL
IWM,2024-11-26T00:00:00.000000,1,48.73,BUY
IWM,2024-11-27T00:00:00.000000,1,48.73,BUY
IWM,2024-11-29T00:00:00.000000,1,48.73,BUY
IWM,2024-12-02T00:00:00.000000,1,48.73,BUY
IWM,2024-12-03T00:00:00.000000,0,48.73,SELL
IWM,2024-12-04T00:00:00.000000,0,46.09,SELL
IWM,2024-12-05T00:00:00.000000,0,46.09,SELL
IWM,2024-12-06T00:00:00.000000,0,46.09,SELL
IWM,2024-12-09T00:00:00.000000,0,46.09,SELL
IWM,2024-12-10T00:00:00.000000,0,46.09,SELL
IWM,2024-12-11T00:00:00.000000,0,48.73,SELL
IWM,2024-12-12T00:00:00.000000,0,48.73,SELL
IWM,2024-12-13T00:00:00.000000,1,48.73,BUY
IWM,2024-12-16T00:00:00.000000,1,48.73,BUY
IWM,2024-12-17T00:00:00.000000,1,48.73,BUY
IWM,2024-12-18T00:00:00.000000,1,48.73,BUY
IWM,2024-12-19T00:00:00.000000,1,48.73,BUY
IWM,2024-12-20T00:00:00.000000,1,48.73,BUY
JNJ,2023-02-21T00:00:00.000000,0,39.62,SELL
JNJ,2023-02-22T00:00:00.000000,0,42.94,SELL
JNJ,2023-02-23T00:00:00.000000,0,42.94,SELL
JNJ,2023-02-24T00:00:00.000000,0,46.09,SELL
JNJ,2023-02-27T00:00:00.000000,0,46.09,SELL
JNJ,2023-02-28T00:00:00.000000,1,48.73,BUY
JNJ,2023-03-01T00:00:00.000000,1,48.73,BUY
JNJ,2023-03-02T00:00:00.000000,1,50.44,BUY
JNJ,2023-03-03T00:00:00.000000,1,50.44,BUY
JNJ,2023-03-06T00:00:00.000000,1,50.44,BUY
JNJ,2023-03-07T00:00:00.000000,1,48.73,BUY
JNJ,2023-03-08T00:00:00.000000,1,48.73,BUY
JNJ,2023-03-09T00:00:00.000000,1,48.73,BUY
JNJ,2023-03-10T00:00:00.000000,1,48.73,BUY
JNJ,2023-03-13T00:00:00.000000,0,48.73,SELL
JNJ,2023-03-14T00:00:00.000000,1,48.73,BUY
JNJ,2023-03-15T00:00:00.000000,0,48.73,SELL
JNJ,2023-03-16T00:00:00.000000,1,48.73,BUY
JNJ,2023-03-17T00:00:00.000000,1,48.73,BUY
JNJ,2023-03-20T00:00:00.000000,1,50.44,BUY
JNJ,2023-03-21T00:00:00.000000,1,50.44,BUY
JNJ,2023-03-22T00:00:00.000000,1,48.73,BUY
JNJ,2023-03-23T00:00:00.000000,1,48.73,BUY
JNJ,2023-03-24T00:00:00.000000,0,48.73,SELL
JNJ,2023-03-27T00:00:00.000000,0,46.09,SELL
JNJ,2023-03-28T00:00:00.000000,0,42.94,SELL
JNJ,2023-03-29T00:00:00.000000,0,42.94,SELL
JNJ,2023-03-30T00:00:00.000000,0,42.94,SELL
JNJ,2023-03-31T00:00:00.000000,0,42.94,SELL
JNJ,2023-04-03T00:00:00.000000,0,42.94,SELL
JNJ,2023-04-04T00:00:00.000000,0,42.94,SELL
JNJ,2023-04-05T00:00:00.000000,0,42.94,SELL
JNJ,2023-04-06T00:00:00.000000,0,46.09,SELL
JNJ,2023-04-10T00:00:00.000000,0,46.09,SELL
JNJ,2023-04-11T00:00:00.000000,0,46.09,SELL
JNJ,2023-04-12T00:00:00.000000,0,48.73,SELL
JNJ,2023-04-13T00:00:00.000000,0,48.73,SELL
JNJ,2023-04-14T00:00:00.000000,0,48.73,SELL
JNJ,2023-04-17T00:00:00.000000,0,48.73,SELL
JNJ,2023-04-18T00:00:00.000000,1,48.73,BUY
JNJ,2023-04-19T00:00:00.000000,1,48.73,BUY
JNJ,2023-04-20T00:00:00.000000,1,48.73,BUY
JNJ,2023-04-21T00:00:00.000000,1,50.44,BUY
JNJ,2023-04-24T00:00:00.000000,1,50.44,BUY
JNJ,2023-04-25T00:00:00.000000,1,50.44,BUY
JNJ,2023-04-26T00:00:00.000000,1,50.44,BUY
JNJ,2023-04-27T00:00:00.000000,1,50.69,BUY
JNJ,2023-04-28T00:00:00.000000,1,50.69,BUY
JNJ,2023-05-01T00:00:00.000000,1,50.69,BUY
JNJ,2023-05-02T00:00:00.000000,1,50.44,BUY
JNJ,2023-05-03T00:00:00.000000,1,50.44,BUY
JNJ,2023-05-04T00:00:00.000000,1,50.69,BUY
JNJ,2023-05-05T00:00:00.000000,1,50.69,BUY
JNJ,2023-05-08T00:00:00.000000,1,50.69,BUY
JNJ,2023-05-09T00:00:00.000000,1,50.69,BUY
JNJ,2023-05-10T00:00:00.000000,1,50.69,BUY
JNJ,2023-05-11T00:00:00.000000,1,50.69,BUY
JNJ,2023-05-12T00:00:00.000000,1,50.69,BUY
JNJ,2023-05-15T00:00:00.000000,1,50.69,BUY
JNJ,2023-05-16T00:00:00.000000,1,50.69,BUY
JNJ,2023-05-17T00:00:00.000000,1,50.69,BUY
JNJ,2023-05-18T00:00:00.000000,1,50.69,BUY
JNJ,2023-05-19T00:00:00.000000,1,50.69,BUY
JNJ,2023-05-22T00:00:00.000000,1,50.44,BUY
JNJ,2023-05-23T00:00:00.000000,1,50.44,BUY
JNJ,2023-05-24T00:00:00.000000,1,50.44,BUY
JNJ,2023-05-25T00:00:00.000000,1,50.44,BUY
JNJ,2023-05-26T00:00:00.000000,1,50.44,BUY
JNJ,2023-05-30T00:00:00.000000,1,48.73,BUY
JNJ,2023-05-31T00:00:00.000000,0,46.09,SELL
JNJ,2023-06-01T00:00:00.000000,0,42.94,SELL
JNJ,2023-06-02T00:00:00.000000,0,39.62,SELL
JNJ,2023-06-05T00:00:00.000000,0,39.62,SELL
JNJ,2023-06-06T00:00:00.000000,0,42.94,SELL
JNJ,2023-06-07T00:00:00.000000,0,42.94,SELL
JNJ,2023-06-08T00:00:00.000000,0,42.94,SELL
JNJ,2023-06-09T00:00:00.000000,0,39.62,SELL
JNJ,2023-06-12T00:00:00.000000,0,39.62,SELL
JNJ,2023-06-13T00:00:00.000000,0,39.62,SELL
JNJ,2023-06-14T00:00:00.000000,0,39.62,SELL
JNJ,2023-06-15T00:00:00.000000,0,42.94,SELL
JNJ,2023-06-16T00:00:00.000000,0,46.09,SELL
JNJ,2023-06-20T00:00:00.000000,0,48.73,SELL
JNJ,2023-06-21T00:00:00.000000,1,48.73,BUY
JNJ,2023-06-22T00:00:00.000000,1,48.73,BUY
JNJ,2023-06-23T00:00:00.000000,1,48.73,BUY
JNJ,2023-06-26T00:00:00.000000,1,48.73,BUY
JNJ,2023-06-27T00:00:00.000000,1,50.44,BUY
JNJ,2023-06-28T00:00:00.000000,1,50.44,BUY
JNJ,2023-06-29T00:00:00.000000,1,50.69,BUY
JNJ,2023-06-30T00:00:00.000000,1,50.69,BUY
JNJ,2023-07-03T00:00:00.000000,1,50.69,BUY
JNJ,2023-07-05T00:00:00.000000,1,50.44,BUY
JNJ,2023-07-06T00:00:00.000000,1,50.69,BUY
JNJ,2023-07-07T00:00:00.000000,1,50.69,BUY
JNJ,2023-07-10T00:00:00.000000,1,50.44,BUY
JNJ,2023-07-11T00:00:00.000000,1,50.44,BUY
JNJ,2023-07-12T00:00:00.000000,1,48.73,BUY
JNJ,2023-07-13T00:00:00.000000,1,48.73,BUY
JNJ,2023-07-14T00:00:00.000000,0,48.73,SELL
JNJ,2023-07-17T00:00:00.000000,0,46.09,SELL
JNJ,2023-07-18T00:00:00.000000,0,42.94,SELL
JNJ,2023-07-19T00:00:00.000000,0,42.94,SELL
JNJ,2023-07-20T00:00:00.000000,0,42.94,SELL
JNJ,2023-07-21T00:00:00.000000,0,42.94,SELL
JNJ,2023-07-24T00:00:00.000000,0,42.94,SELL
JNJ,2023-07-25T00:00:00.000000,0,42.94,SELL
JNJ,2023-07-26T00:00:00.000000,0,42.94,SELL
JNJ,2023-07-27T00:00:00.000000,0,46.09,SELL
JNJ,2023-07-28T00:00:00.000000,0,48.73,SELL
JNJ,2023-07-31T00:00:00.000000,0,46.09,SELL
JNJ,2023-08-01T00:00:00.000000,0,46.09,SELL
JNJ,2023-08-02T00:00:00.000000,0,46.09,SELL
JNJ,2023-08-03T00:00:00.000000,0,46.09,SELL
JNJ,2023-08-04T00:00:00.000000,0,48.73,SELL
JNJ,2023-08-07T00:00:00.000000,0,48.73,SELL
JNJ,2023-08-08T00:00:00.000000,0,48.73,SELL
JNJ,2023-08-09T00:00:00.000000,1,48.73,BUY
JNJ,2023-08-10T00:00:00.000000,1,48.73,BUY
JNJ,2023-08-11T00:00:00.000000,1,50.44,BUY
JNJ,2023-08-14T00:00:00.000000,1,50.44,BUY
JNJ,2023-08-15T00:00:00.000000,1,50.44,BUY
JNJ,2023-08-16T00:00:00.000000,1,50.69,BUY
JNJ,2023-08-17T00:00:00.000000,1,50.69,BUY
JNJ,2023-08-18T00:00:00.000000,1,50.69,BUY
JNJ,2023-08-21T00:00:00.000000,1,50.69,BUY
JNJ,2023-08-22T00:00:00.000000,1,50.69,BUY
JNJ,2023-08-23T00:00:00.000000,1,50.69,BUY
JNJ,2023-08-24T00:00:00.000000,1,50.69,BUY
JNJ,2023-08-25T00:00:00.000000,1,50.69,BUY
JNJ,2023-08-28T00:00:00.000000,1,50.69,BUY
JNJ,2023-08-29T00:00:00.000000,1,50.69,BUY
JNJ,2023-08-30T00:00:00.000000,1,50.69,BUY
JNJ,2023-08-31T00:00:00.000000,1,50.44,BUY
JNJ,2023-09-01T00:00:00.000000,1,48.73,BUY
JNJ,2023-09-05T00:00:00.000000,0,48.73,SELL
JNJ,2023-09-06T00:00:00.000000,0,46.09,SELL
JNJ,2023-09-07T00:00:00.000000,0,46.09,SELL
JNJ,2023-09-08T00:00:00.000000,0,46.09,SELL
JNJ,2023-09-11T00:00:00.000000,0,46.09,SELL
JNJ,2023-09-12T00:00:00.000000,0,46.09,SELL
JNJ,2023-09-13T00:00:00.000000,0,42.94,SELL
JNJ,2023-09-14T00:00:00.000000,0,42.94,SELL
JNJ,2023-09-15T00:00:00.000000,0,42.94,SELL
JNJ,2023-09-18T00:00:00.000000,0,42.94,SELL
JNJ,2023-09-19T00:00:00.000000,0,42.94,SELL
JNJ,2023-09-20T00:00:00.000000,0,42.94,SELL
JNJ,2023-09-21T00:00:00.000000,0,42.94,SELL
JNJ,2023-09-22T00:00:00.000000,0,46.09,SELL
JNJ,2023-09-25T00:00:00.000000,0,46.09,SELL
JNJ,2023-09-26T00:00:00.000000,0,48.73,SELL
JNJ,2023-09-27T00:00:00.000000,1,48.73,BUY
JNJ,2023-09-28T00:00:00.000000,1,48.73,BUY
JNJ,2023-09-29T00:00:00.000000,1,50.44,BUY
JNJ,2023-10-02T00:00:00.000000,1,50.44,BUY
JNJ,2023-10-03T00:00:00.000000,1,50.69,BUY
JNJ,2023-10-04T00:00:00.000000,1,50.69,BUY
JNJ,2023-10-05T00:00:00.000000,1,50.69,BUY
JNJ,2023-10-06T00:00:00.000000,1,50.69,BUY
JNJ,2023-10-09T00:00:00.000000,1,50.69,BUY
JNJ,2023-10-10T00:00:00.000000,1,50.44,BUY
JNJ,2023-10-11T00:00:00.000000,1,50.44,BUY
JNJ,2023-10-12T00:00:00.000000,1,48.73,BUY
JNJ,2023-10-13T00:00:00.000000,1,48.73,BUY
JNJ,2023-10-16T00:00:00.000000,0,48.73,SELL
JNJ,2023-10-17T00:00:00.000000,0,48.73,SELL
JNJ,2023-10-18T00:00:00.000000,0,48.73,SELL
JNJ,2023-10-19T00:00:00.000000,0,48.73,SELL
JNJ,2023-10-20T00:00:00.000000,1,48.73,BUY
JNJ,2023-10-23T00:00:00.000000,1,48.73,BUY
JNJ,2023-10-24T00:00:00.000000,1,48.73,BUY
JNJ,2023-10-25T00:00:00.000000,1,48.73,BUY
JNJ,2023-10-26T00:00:00.000000,1,50.44,BUY
JNJ,2023-10-27T00:00:00.000000,1,50.69,BUY
JNJ,2023-10-30T00:00:00.000000,1,50.69,BUY
JNJ,2023-10-31T00:00:00.000000,1,50.69,BUY
JNJ,2023-11-01T00:00:00.000000,1,50.69,BUY
JNJ,2023-11-02T00:00:00.000000,1,50.69,BUY
JNJ,2023-11-03T00:00:00.000000,1,50.44,BUY
JNJ,2023-11-06T00:00:00.000000,1,50.44,BUY
JNJ,2023-11-07T00:00:00.000000,1,48.73,BUY
JNJ,2023-11-08T00:00:00.000000,1,48.73,BUY
JNJ,2023-11-09T00:00:00.000000,0,48.73,SELL
JNJ,2023-11-10T00:00:00.000000,0,46.09,SELL
JNJ,2023-11-13T00:00:00.000000,0,42.94,SELL
JNJ,2023-11-14T00:00:00.000000,0,42.94,SELL
JNJ,2023-11-15T00:00:00.000000,0,39.62,SELL
JNJ,2023-11-16T00:00:00.000000,0,39.62,SELL
JNJ,2023-11-17T00:00:00.000000,0,39.62,SELL
JNJ,2023-11-20T00:00:00.000000,0,39.62,SELL
JNJ,2023-11-21T00:00:00.000000,0,39.62,SELL
JNJ,2023-11-22T00:00:00.000000,0,39.62,SELL
JNJ,2023-11-24T00:00:00.000000,0,39.62,SELL
JNJ,2023-11-27T00:00:00.000000,0,39.62,SELL
JNJ,2023-11-28T00:00:00.000000,0,39.62,SELL
JNJ,2023-11-29T00:00:00.000000,0,42.94,SELL
JNJ,2023-11-30T00:00:00.000000,0,42.94,SELL
JNJ,2023-12-01T00:00:00.000000,0,42.94,SELL
JNJ,2023-12-04T00:00:00.000000,0,42.94,SELL
JNJ,2023-12-05T00:00:00.000000,0,46.09,SELL
JNJ,2023-12-06T00:00:00.000000,0,48.73,SELL
JNJ,2023-12-07T00:00:00.000000,1,48.73,BUY
JNJ,2023-12-08T00:00:00.000000,1,48.73,BUY
JNJ,2023-12-11T00:00:00.000000,1,48.73,BUY
JNJ,2023-12-12T00:00:00.000000,1,48.73,BUY
JNJ,2023-12-13T00:00:00.000000,1,48.73,BUY
JNJ,2023-12-14T00:00:00.000000,1,48.73,BUY
JNJ,2023-12-15T00:00:00.000000,1,48.73,BUY
JNJ,2023-12-18T00:00:00.000000,1,48.73,BUY
JNJ,2023-12-19T00:00:00.000000,1,48.73,BUY
JNJ,2023-12-20T00:00:00.000000,0,46.09,SELL
JNJ,2023-12-21T00:00:00.000000,0,46.09,SELL
JNJ,2023-12-22T00:00:00.000000,0,42.94,SELL
JNJ,2023-12-26T00:00:00.000000,0,42.94,SELL
JNJ,2023-12-27T00:00:00.000000,0,40.0,SELL
JNJ,2023-12-28T00:00:00.000000,0,39.62,SELL
JNJ,2023-12-29T00:00:00.000000,0,42.94,SELL
JNJ,2024-01-02T00:00:00.000000,0,42.94,SELL
JNJ,2024-01-03T00:00:00.000000,0,42.94,SELL
JNJ,2024-01-04T00:00:00.000000,0,46.09,SELL
JNJ,2024-01-05T00:00:00.000000,0,48.73,SELL
JNJ,2024-01-08T00:00:00.000000,1,48.73,BUY
JNJ,2024-01-09T00:00:00.000000,1,48.73,BUY
JNJ,2024-01-10T00:00:00.000000,1,50.44,BUY
JNJ,2024-01-11T00:00:00.000000,1,50.44,BUY
JNJ,2024-01-12T00:00:00.000000,1,50.44,BUY
JNJ,2024-01-16T00:00:00.000000,1,50.44,BUY
JNJ,2024-01-17T00:00:00.000000,1,50.44,BUY
JNJ,2024-01-18T00:00:00.000000,1,50.69,BUY
JNJ,2024-01-19T00:00:00.000000,1,50.44,BUY
JNJ,2024-01-22T00:00:00.000000,1,50.44,BUY
JNJ,2024-01-23T00:00:00.000000,1,50.44,BUY
JNJ,2024-01-24T00:00:00.000000,1,50.44,BUY
JNJ,2024-01-25T00:00:00.000000,1,48.73,BUY
JNJ,2024-01-26T00:00:00.000000,1,48.73,BUY
JNJ,2024-01-29T00:00:00.000000,1,48.73,BUY
JNJ,2024-01-30T00:00:00.000000,1,48.73,BUY
JNJ,2024-01-31T00:00:00.000000,1,48.73,BUY
JNJ,2024-02-01T00:00:00.000000,1,48.73,BUY
JNJ,2024-02-02T00:00:00.000000,0,48.73,SELL
JNJ,2024-02-05T00:00:00.000000,0,48.73,SELL
JNJ,2024-02-06T00:00:00.000000,0,46.09,SELL
JNJ,2024-02-07T00:00:00.000000,0,46.09,SELL
JNJ,2024-02-08T00:00:00.000000,0,46.09,SELL
JNJ,2024-02-09T00:00:00.000000,0,48.73,SELL
JNJ,2024-02-12T00:00:00.000000,0,46.09,SELL
JNJ,2024-02-13T00:00:00.000000,0,46.09,SELL
JNJ,2024-02-14T00:00:00.000000,0,48.73,SELL
JNJ,2024-02-15T00:00:00.000000,0,46.09,SELL
JNJ,2024-02-16T00:00:00.000000,0,46.09,SELL
JNJ,2024-02-20T00:00:00.000000,0,42.94,SELL
JNJ,2024-02-21T00:00:00.000000,0,42.94,SELL
JNJ,2024-02-22T00:00:00.000000,0,39.62,SELL
JNJ,2024-02-23T00:00:00.000000,0,42.94,SELL
JNJ,2024-02-26T00:00:00.000000,0,42.94,SELL
JNJ,2024-02-27T00:00:00.000000,0,46.09,SELL
JNJ,2024-02-28T00:00:00.000000,0,46.09,SELL
JNJ,2024-02-29T00:00:00.000000,0,48.73,SELL
JNJ,2024-03-01T00:00:00.000000,0,48.73,SELL
JNJ,2024-03-04T00:00:00.000000,0,48.73,SELL
JNJ,2024-03-05T00:00:00.000000,0,48.73,SELL
JNJ,2024-03-06T00:00:00.000000,0,48.73,SELL
JNJ,2024-03-07T00:00:00.000000,1,48.73,BUY
JNJ,2024-03-08T00:00:00.000000,1,48.73,BUY
JNJ,2024-03-11T00:00:00.000000,1,50.44,BUY
JNJ,2024-03-12T00:00:00.000000,1,50.44,BUY
JNJ,2024-03-13T00:00:00.000000,1,50.44,BUY
JNJ,2024-03-14T00:00:00.000000,1,50.44,BUY
JNJ,2024-03-15T00:00:00.000000,1,50.44,BUY
JNJ,2024-03-18T00:00:00.000000,1,48.73,BUY
JNJ,2024-03-19T00:00:00.000000,1,48.73,BUY
JNJ,2024-03-20T00:00:00.000000,1,48.73,BUY
JNJ,2024-03-21T00:00:00.000000,0,48.73,SELL
JNJ,2024-03-22T00:00:00.000000,0,48.73,SELL
JNJ,2024-03-25T00:00:00.000000,0,46.09,SELL
JNJ,2024-03-26T00:00:00.000000,0,46.09,SELL
JNJ,2024-03-27T00:00:00.000000,0,46.09,SELL
JNJ,2024-03-28T00:00:00.000000,0,42.94,SELL
JNJ,2024-04-01T00:00:00.000000,0,42.94,SELL
JNJ,2024-04-02T00:00:00.000000,0,42.94,SELL
JNJ,2024-04-03T00:00:00.000000,0,42.94,SELL
JNJ,2024-04-04T00:00:00.000000,0,42.94,SELL
JNJ,2024-04-05T00:00:00.000000,0,42.94,SELL
JNJ,2024-04-08T00:00:00.000000,0,42.94,SELL
JNJ,2024-04-09T00:00:00.000000,0,42.94,SELL
JNJ,2024-04-10T00:00:00.000000,0,42.94,SELL
JNJ,2024-04-11T00:00:00.000000,0,42.94,SELL
JNJ,2024-04-12T00:00:00.000000,0,42.94,SELL
JNJ,2024-04-15T00:00:00.000000,0,42.94,SELL
JNJ,2024-04-16T00:00:00.000000,0,46.09,SELL
JNJ,2024-04-17T00:00:00.000000,0,42.94,SELL
JNJ,2024-04-18T00:00:00.000000,0,42.94,SELL
JNJ,2024-04-19T00:00:00.000000,0,42.94,SELL
JNJ,2024-04-22T00:00:00.000000,0,42.94,SELL
JNJ,2024-04-23T00:00:00.000000,0,46.09,SELL
JNJ,2024-04-24T00:00:00.000000,0,46.09,SELL
JNJ,2024-04-25T00:00:00.000000,0,46.09,SELL
JNJ,2024-04-26T00:00:00.000000,0,48.73,SELL
JNJ,2024-04-29T00:00:00.000000,0,46.09,SELL
JNJ,2024-04-30T00:00:00.000000,0,46.09,SELL
JNJ,2024-05-01T00:00:00.000000,0,48.73,SELL
JNJ,2024-05-02T00:00:00.000000,1,48.73,BUY
JNJ,2024-05-03T00:00:00.000000,1,50.44,BUY
JNJ,2024-05-06T00:00:00.000000,1,50.44,BUY
JNJ,2024-05-07T00:00:00.000000,1,50.69,BUY
JNJ,2024-05-08T00:00:00.000000,1,50.44,BUY
JNJ,2024-05-09T00:00:00.000000,1,48.73,BUY
JNJ,2024-05-10T00:00:00.000000,0,46.09,SELL
JNJ,2024-05-13T00:00:00.000000,0,42.94,SELL
JNJ,2024-05-14T00:00:00.000000,0,46.09,SELL
JNJ,2024-05-15T00:00:00.000000,0,46.09,SELL
JNJ,2024-05-16T00:00:00.000000,0,46.09,SELL
JNJ,2024-05-17T00:00:00.000000,0,46.09,SELL
JNJ,2024-05-20T00:00:00.000000,0,42.94,SELL
JNJ,2024-05-21T00:00:00.000000,0,44.66,SELL
JNJ,2024-05-22T00:00:00.000000,0,46.09,SELL
JNJ,2024-05-23T00:00:00.000000,0,48.73,SELL
JNJ,2024-05-24T00:00:00.000000,0,48.73,SELL
JNJ,2024-05-28T00:00:00.000000,1,48.73,BUY
JNJ,2024-05-29T00:00:00.000000,1,48.73,BUY
JNJ,2024-05-30T00:00:00.000000,1,48.73,BUY
JNJ,2024-05-31T00:00:00.000000,1,48.73,BUY
JNJ,2024-06-03T00:00:00.000000,1,48.73,BUY
JNJ,2024-06-04T00:00:00.000000,1,48.73,BUY
JNJ,2024-06-05T00:00:00.000000,1,48.73,BUY
JNJ,2024-06-06T00:00:00.000000,1,48.73,BUY
JNJ,2024-06-07T00:00:00.000000,0,48.73,SELL
JNJ,2024-06-10T00:00:00.000000,0,46.09,SELL
JNJ,2024-06-11T00:00:00.000000,0,42.94,SELL
JNJ,2024-06-12T00:00:00.000000,0,42.94,SELL
JNJ,2024-06-13T00:00:00.000000,0,42.94,SELL
JNJ,2024-06-14T00:00:00.000000,0,46.09,SELL
JNJ,2024-06-17T00:00:00.000000,0,46.09,SELL
JNJ,2024-06-18T00:00:00.000000,0,46.09,SELL
JNJ,2024-06-20T00:00:00.000000,0,46.09,SELL
JNJ,2024-06-21T00:00:00.000000,0,46.09,SELL
JNJ,2024-06-24T00:00:00.000000,0,46.09,SELL
JNJ,2024-06-25T00:00:00.000000,0,46.09,SELL
JNJ,2024-06-26T00:00:00.000000,0,46.09,SELL
JNJ,2024-06-27T00:00:00.000000,0,46.09,SELL
JNJ,2024-06-28T00:00:00.000000,0,46.09,SELL
JNJ,2024-07-01T00:00:00.000000,0,46.09,SELL
JNJ,2024-07-02T00:00:00.000000,0,48.73,SELL
JNJ,2024-07-03T00:00:00.000000,1,48.73,BUY
JNJ,2024-07-05T00:00:00.000000,1,50.44,BUY
JNJ,2024-07-08T00:00:00.000000,1,50.44,BUY
JNJ,2024-07-09T00:00:00.000000,1,50.44,BUY
JNJ,2024-07-10T00:00:00.000000,1,50.44,BUY
JNJ,2024-07-11T00:00:00.000000,1,50.44,BUY
JNJ,2024-07-12T00:00:00.000000,1,48.73,BUY
JNJ,2024-07-15T00:00:00.000000,1,48.73,BUY
JNJ,2024-07-16T00:00:00.000000,0,48.73,SELL
JNJ,2024-07-17T00:00:00.000000,0,46.09,SELL
JNJ,2024-07-18T00:00:00.000000,0,46.09,SELL
JNJ,2024-07-19T00:00:00.000000,0,48.73,SELL
JNJ,2024-07-22T00:00:00.000000,1,48.73,BUY
JNJ,2024-07-23T00:00:00.000000,1,50.44,BUY
JNJ,2024-07-24T00:00:00.000000,1,50.44,BUY
JNJ,2024-07-25T00:00:00.000000,1,50.44,BUY
JNJ,2024-07-26T00:00:00.000000,1,50.44,BUY
JNJ,2024-07-29T00:00:00.000000,1,50.44,BUY
JNJ,2024-07-30T00:00:00.000000,1,50.44,BUY
JNJ,2024-07-31T00:00:00.000000,1,50.44,BUY
JNJ,2024-08-01T00:00:00.000000,1,50.69,BUY
JNJ,2024-08-02T00:00:00.000000,1,50.44,BUY
JNJ,2024-08-05T00:00:00.000000,1,50.44,BUY
JNJ,2024-08-06T00:00:00.000000,1,50.69,BUY
JNJ,2024-08-07T00:00:00.000000,1,50.69,BUY
JNJ,2024-08-08T00:00:00.000000,1,50.69,BUY
JNJ,2024-08-09T00:00:00.000000,1,50.69,BUY
JNJ,2024-08-12T00:00:00.000000,1,50.69,BUY
JNJ,2024-08-13T00:00:00.000000,1,50.69,BUY
JNJ,2024-08-14T00:00:00.000000,1,50.44,BUY
JNJ,2024-08-15T00:00:00.000000,1,50.44,BUY
JNJ,2024-08-16T00:00:00.000000,1,48.73,BUY
JNJ,2024-08-19T00:00:00.000000,0,48.73,SELL
JNJ,2024-08-20T00:00:00.000000,0,42.94,SELL
JNJ,2024-08-21T00:00:00.000000,0,42.94,SELL
JNJ,2024-08-22T00:00:00.000000,0,42.94,SELL
JNJ,2024-08-23T00:00:00.000000,0,42.94,SELL
JNJ,2024-08-26T00:00:00.000000,0,42.94,SELL
JNJ,2024-08-27T00:00:00.000000,0,42.94,SELL
JNJ,2024-08-28T00:00:00.000000,0,42.94,SELL
JNJ,2024-08-29T00:00:00.000000,0,42.94,SELL
JNJ,2024-08-30T00:00:00.000000,0,46.09,SELL
JNJ,2024-09-03T00:00:00.000000,0,46.09,SELL
JNJ,2024-09-04T00:00:00.000000,0,48.73,SELL
JNJ,2024-09-05T00:00:00.000000,1,48.73,BUY
JNJ,2024-09-06T00:00:00.000000,1,48.73,BUY
JNJ,2024-09-09T00:00:00.000000,1,50.44,BUY
JNJ,2024-09-10T00:00:00.000000,1,50.44,BUY
JNJ,2024-09-11T00:00:00.000000,1,50.69,BUY
JNJ,2024-09-12T00:00:00.000000,1,50.69,BUY
JNJ,2024-09-13T00:00:00.000000,1,50.69,BUY
JNJ,2024-09-16T00:00:00.000000,1,50.69,BUY
JNJ,2024-09-17T00:00:00.000000,1,50.69,BUY
JNJ,2024-09-18T00:00:00.000000,1,50.69,BUY
JNJ,2024-09-19T00:00:00.000000,1,50.69,BUY
JNJ,2024-09-20T00:00:00.000000,1,50.69,BUY
JNJ,2024-09-23T00:00:00.000000,1,50.44,BUY
JNJ,2024-09-24T00:00:00.000000,1,48.73,BUY
JNJ,2024-09-25T00:00:00.000000,0,46.09,SELL
JNJ,2024-09-26T00:00:00.000000,0,42.94,SELL
JNJ,2024-09-27T00:00:00.000000,0,42.94,SELL
JNJ,2024-09-30T00:00:00.000000,0,42.94,SELL
JNJ,2024-10-01T00:00:00.000000,0,42.94,SELL
JNJ,2024-10-02T00:00:00.000000,0,42.94,SELL
JNJ,2024-10-03T00:00:00.000000,0,42.94,SELL
JNJ,2024-10-04T00:00:00.000000,0,42.94,SELL
JNJ,2024-10-07T00:00:00.000000,0,42.94,SELL
JNJ,2024-10-08T00:00:00.000000,0,42.94,SELL
JNJ,2024-10-09T00:00:00.000000,0,42.94,SELL
JNJ,2024-10-10T00:00:00.000000,0,42.94,SELL
JNJ,2024-10-11T00:00:00.000000,0,42.94,SELL
JNJ,2024-10-14T00:00:00.000000,0,42.94,SELL
JNJ,2024-10-15T00:00:00.000000,0,42.94,SELL
JNJ,2024-10-16T00:00:00.000000,0,42.94,SELL
JNJ,2024-10-17T00:00:00.000000,0,42.94,SELL
JNJ,2024-10-18T00:00:00.000000,0,42.94,SELL
JNJ,2024-10-21T00:00:00.000000,0,42.94,SELL
JNJ,2024-10-22T00:00:00.000000,0,46.09,SELL
JNJ,2024-10-23T00:00:00.000000,0,46.09,SELL
JNJ,2024-10-24T00:00:00.000000,0,46.09,SELL
JNJ,2024-10-25T00:00:00.000000,0,46.09,SELL
JNJ,2024-10-28T00:00:00.000000,0,46.09,SELL
JNJ,2024-10-29T00:00:00.000000,0,48.73,SELL
JNJ,2024-10-30T00:00:00.000000,1,48.73,BUY
JNJ,2024-10-31T00:00:00.000000,1,48.73,BUY
JNJ,2024-11-01T00:00:00.000000,1,48.73,BUY
JNJ,2024-11-04T00:00:00.000000,1,48.73,BUY
JNJ,2024-11-05T00:00:00.000000,1,50.44,BUY
JNJ,2024-11-06T00:00:00.000000,1,50.44,BUY
JNJ,2024-11-07T00:00:00.000000,1,48.73,BUY
JNJ,2024-11-08T00:00:00.000000,0,46.09,SELL
JNJ,2024-11-11T00:00:00.000000,0,46.09,SELL
JNJ,2024-11-12T00:00:00.000000,0,42.94,SELL
JNJ,2024-11-13T00:00:00.000000,0,39.62,SELL
JNJ,2024-11-14T00:00:00.000000,0,39.62,SELL
JNJ,2024-11-15T00:00:00.000000,0,39.62,SELL
JNJ,2024-11-18T00:00:00.000000,0,39.62,SELL
JNJ,2024-11-19T00:00:00.000000,0,39.62,SELL
JNJ,2024-11-20T00:00:00.000000,0,39.62,SELL
JNJ,2024-11-21T00:00:00.000000,0,39.62,SELL
JNJ,2024-11-22T00:00:00.000000,0,39.62,SELL
JNJ,2024-11-25T00:00:00.000000,0,39.62,SELL
JNJ,2024-11-26T00:00:00.000000,0,39.62,SELL
JNJ,2024-11-27T00:00:00.000000,0,39.62,SELL
JNJ,2024-11-29T00:00:00.000000,0,39.62,SELL
JNJ,2024-12-02T00:00:00.000000,0,42.94,SELL
JNJ,2024-12-03T00:00:00.000000,0,42.94,SELL
JNJ,2024-12-04T00:00:00.000000,0,42.94,SELL
JNJ,2024-12-05T00:00:00.000000,0,42.94,SELL
JNJ,2024-12-06T00:00:00.000000,0,42.94,SELL
JNJ,2024-12-09T00:00:00.000000,0,42.94,SELL
JNJ,2024-12-10T00:00:00.000000,0,42.94,SELL
JNJ,2024-12-11T00:00:00.000000,0,42.94,SELL
JNJ,2024-12-12T00:00:00.000000,0,42.94,SELL
JNJ,2024-12-13T00:00:00.000000,0,46.09,SELL
JNJ,2024-12-16T00:00:00.000000,0,46.09,SELL
JNJ,2024-12-17T00:00:00.000000,0,42.94,SELL
JNJ,2024-12-18T00:00:00.000000,0,39.62,SELL
JNJ,2024-12-19T00:00:00.000000,0,39.62,SELL
JNJ,2024-12-20T00:00:00.000000,0,42.94,SELL
JPM,2023-02-21T00:00:00.000000,1,50.44,BUY
JPM,2023-02-22T00:00:00.000000,1,50.44,BUY
JPM,2023-02-23T00:00:00.000000,1,50.69,BUY
JPM,2023-02-24T00:00:00.000000,1,50.44,BUY
JPM,2023-02-27T00:00:00.000000,1,50.69,BUY
JPM,2023-02-28T00:00:00.000000,1,50.69,BUY
JPM,2023-03-01T00:00:00.000000,1,50.69,BUY
JPM,2023-03-02T00:00:00.000000,1,50.69,BUY
JPM,2023-03-03T00:00:00.000000,1,50.69,BUY
JPM,2023-03-06T00:00:00.000000,1,50.69,BUY
JPM,2023-03-07T00:00:00.000000,1,50.69,BUY
JPM,2023-03-08T00:00:00.000000,1,50.69,BUY
JPM,2023-03-09T00:00:00.000000,1,50.69,BUY
JPM,2023-03-10T00:00:00.000000,1,50.69,BUY
JPM,2023-03-13T00:00:00.000000,1,50.69,BUY
JPM,2023-03-14T00:00:00.000000,1,50.69,BUY
JPM,2023-03-15T00:00:00.000000,1,50.69,BUY
JPM,2023-03-16T00:00:00.000000,1,50.44,BUY
JPM,2023-03-17T00:00:00.000000,1,50.44,BUY
JPM,2023-03-20T00:00:00.000000,1,50.44,BUY
JPM,2023-03-21T00:00:00.000000,1,48.73,BUY
JPM,2023-03-22T00:00:00.000000,1,48.73,BUY
JPM,2023-03-23T00:00:00.000000,1,50.44,BUY
JPM,2023-03-24T00:00:00.000000,1,50.44,BUY
JPM,2023-03-27T00:00:00.000000,1,48.73,BUY
JPM,2023-03-28T00:00:00.000000,1,48.73,BUY
JPM,2023-03-29T00:00:00.000000,0,46.09,SELL
JPM,2023-03-30T00:00:00.000000,0,46.09,SELL
JPM,2023-03-31T00:00:00.000000,0,46.09,SELL
JPM,2023-04-03T00:00:00.000000,0,46.09,SELL
JPM,2023-04-04T00:00:00.000000,0,46.09,SELL
JPM,2023-04-05T00:00:00.000000,0,46.09,SELL
JPM,2023-04-06T00:00:00.000000,0,46.09,SELL
JPM,2023-04-10T00:00:00.000000,0,46.09,SELL
JPM,2023-04-11T00:00:00.000000,0,46.09,SELL
JPM,2023-04-12T00:00:00.000000,0,42.94,SELL
JPM,2023-04-13T00:00:00.000000,0,42.94,SELL
JPM,2023-04-14T00:00:00.000000,0,42.94,SELL
JPM,2023-04-17T00:00:00.000000,0,42.94,SELL
JPM,2023-04-18T00:00:00.000000,0,46.09,SELL
JPM,2023-04-19T00:00:00.000000,0,46.09,SELL
JPM,2023-04-20T00:00:00.000000,0,48.73,SELL
JPM,2023-04-21T00:00:00.000000,1,48.73,BUY
JPM,2023-04-24T00:00:00.000000,1,48.73,BUY
JPM,2023-04-25T00:00:00.000000,1,50.44,BUY
JPM,2023-04-26T00:00:00.000000,1,50.44,BUY
JPM,2023-04-27T00:00:00.000000,1,50.44,BUY
JPM,2023-04-28T00:00:00.000000,1,50.44,BUY
JPM,2023-05-01T00:00:00.000000,1,50.44,BUY
JPM,2023-05-02T00:00:00.000000,1,50.69,BUY
JPM,2023-05-03T00:00:00.000000,1,50.69,BUY
JPM,2023-05-04T00:00:00.000000,1,50.69,BUY
JPM,2023-05-05T00:00:00.000000,1,50.69,BUY
JPM,2023-05-08T00:00:00.000000,1,50.69,BUY
JPM,2023-05-09T00:00:00.000000,1,50.69,BUY
JPM,2023-05-10T00:00:00.000000,1,50.69,BUY
JPM,2023-05-11T00:00:00.000000,1,50.69,BUY
JPM,2023-05-12T00:00:00.000000,1,50.44,BUY
JPM,2023-05-15T00:00:00.000000,1,50.44,BUY
JPM,2023-05-16T00:00:00.000000,1,50.44,BUY
JPM,2023-05-17T00:00:00.000000,1,50.44,BUY
JPM,2023-05-18T00:00:00.000000,1,48.73,BUY
JPM,2023-05-19T00:00:00.000000,1,48.73,BUY
JPM,2023-05-22T00:00:00.000000,1,48.73,BUY
JPM,2023-05-23T00:00:00.000000,1,48.73,BUY
JPM,2023-05-24T00:00:00.000000,1,48.73,BUY
JPM,2023-05-25T00:00:00.000000,1,48.73,BUY
JPM,2023-05-26T00:00:00.000000,0,48.73,SELL
JPM,2023-05-30T00:00:00.000000,0,46.09,SELL
JPM,2023-05-31T00:00:00.000000,0,46.09,SELL
JPM,2023-06-01T00:00:00.000000,0,46.09,SELL
JPM,2023-06-02T00:00:00.000000,0,48.73,SELL
JPM,2023-06-05T00:00:00.000000,0,48.73,SELL
JPM,2023-06-06T00:00:00.000000,0,48.73,SELL
JPM,2023-06-07T00:00:00.000000,0,46.09,SELL
JPM,2023-06-08T00:00:00.000000,0,42.94,SELL
JPM,2023-06-09T00:00:00.000000,0,42.94,SELL
JPM,2023-06-12T00:00:00.000000,0,40.0,SELL
JPM,2023-06-13T00:00:00.000000,0,42.94,SELL
JPM,2023-06-14T00:00:00.000000,0,42.94,SELL
JPM,2023-06-15T00:00:00.000000,0,42.94,SELL
JPM,2023-06-16T00:00:00.000000,0,46.09,SELL
JPM,2023-06-20T00:00:00.000000,0,46.09,SELL
JPM,2023-06-21T00:00:00.000000,0,46.09,SELL
JPM,2023-06-22T00:00:00.000000,0,48.73,SELL
JPM,2023-06-23T00:00:00.000000,1,48.73,BUY
JPM,2023-06-26T00:00:00.000000,1,48.73,BUY
JPM,2023-06-27T00:00:00.000000,1,48.73,BUY
JPM,2023-06-28T00:00:00.000000,1,50.44,BUY
JPM,2023-06-29T00:00:00.000000,1,50.44,BUY
JPM,2023-06-30T00:00:00.000000,1,50.44,BUY
JPM,2023-07-03T00:00:00.000000,1,50.44,BUY
JPM,2023-07-05T00:00:00.000000,1,50.44,BUY
JPM,2023-07-06T00:00:00.000000,1,50.44,BUY
JPM,2023-07-07T00:00:00.000000,1,50.44,BUY
JPM,2023-07-10T00:00:00.000000,1,50.44,BUY
JPM,2023-07-11T00:00:00.000000,1,50.44,BUY
JPM,2023-07-12T00:00:00.000000,1,50.44,BUY
JPM,2023-07-13T00:00:00.000000,1,50.44,BUY
JPM,2023-07-14T00:00:00.000000,1,50.44,BUY
JPM,2023-07-17T00:00:00.000000,1,50.44,BUY
JPM,2023-07-18T00:00:00.000000,1,50.44,BUY
JPM,2023-07-19T00:00:00.000000,1,48.73,BUY
JPM,2023-07-20T00:00:00.000000,1,48.73,BUY
JPM,2023-07-21T00:00:00.000000,1,48.73,BUY
JPM,2023-07-24T00:00:00.000000,1,48.73,BUY
JPM,2023-07-25T00:00:00.000000,1,48.73,BUY
JPM,2023-07-26T00:00:00.000000,1,48.73,BUY
JPM,2023-07-27T00:00:00.000000,1,48.73,BUY
JPM,2023-07-28T00:00:00.000000,1,48.73,BUY
JPM,2023-07-31T00:00:00.000000,0,48.73,SELL
JPM,2023-08-01T00:00:00.000000,0,48.73,SELL
JPM,2023-08-02T00:00:00.000000,0,46.09,SELL
JPM,2023-08-03T00:00:00.000000,0,48.73,SELL
JPM,2023-08-04T00:00:00.000000,0,48.73,SELL
JPM,2023-08-07T00:00:00.000000,0,48.73,SELL
JPM,2023-08-08T00:00:00.000000,1,48.73,BUY
JPM,2023-08-09T00:00:00.000000,1,48.73,BUY
JPM,2023-08-10T00:00:00.000000,1,48.73,BUY
JPM,2023-08-11T00:00:00.000000,1,48.73,BUY
JPM,2023-08-14T00:00:00.000000,1,50.44,BUY
JPM,2023-08-15T00:00:00.000000,1,50.44,BUY
JPM,2023-08-16T00:00:00.000000,1,50.44,BUY
JPM,2023-08-17T00:00:00.000000,1,50.44,BUY
JPM,2023-08-18T00:00:00.000000,1,50.44,BUY
JPM,2023-08-21T00:00:00.000000,1,50.44,BUY
JPM,2023-08-22T00:00:00.000000,1,50.44,BUY
JPM,2023-08-23T00:00:00.000000,1,50.44,BUY
JPM,2023-08-24T00:00:00.000000,1,50.44,BUY
JPM,2023-08-25T00:00:00.000000,1,50.69,BUY
JPM,2023-08-28T00:00:00.000000,1,50.69,BUY
JPM,2023-08-29T00:00:00.000000,1,50.44,BUY
JPM,2023-08-30T00:00:00.000000,1,50.44,BUY
JPM,2023-08-31T00:00:00.000000,1,48.73,BUY
JPM,2023-09-01T00:00:00.000000,0,48.73,SELL
JPM,2023-09-05T00:00:00.000000,0,46.09,SELL
JPM,2023-09-06T00:00:00.000000,0,46.09,SELL
JPM,2023-09-07T00:00:00.000000,0,46.09,SELL
JPM,2023-09-08T00:00:00.000000,0,46.09,SELL
JPM,2023-09-11T00:00:00.000000,0,42.94,SELL
JPM,2023-09-12T00:00:00.000000,0,42.94,SELL
JPM,2023-09-13T00:00:00.000000,0,42.94,SELL
JPM,2023-09-14T00:00:00.000000,0,42.94,SELL
JPM,2023-09-15T00:00:00.000000,0,42.94,SELL
JPM,2023-09-18T00:00:00.000000,0,46.09,SELL
JPM,2023-09-19T00:00:00.000000,0,46.09,SELL
JPM,2023-09-20T00:00:00.000000,0,46.09,SELL
JPM,2023-09-21T00:00:00.000000,0,48.73,SELL
JPM,2023-09-22T00:00:00.000000,1,48.73,BUY
JPM,2023-09-25T00:00:00.000000,1,48.73,BUY
JPM,2023-09-26T00:00:00.000000,1,50.44,BUY
JPM,2023-09-27T00:00:00.000000,1,50.44,BUY
JPM,2023-09-28T00:00:00.000000,1,50.44,BUY
JPM,2023-09-29T00:00:00.000000,1,50.69,BUY
JPM,2023-10-02T00:00:00.000000,1,50.69,BUY
JPM,2023-10-03T00:00:00.000000,1,50.69,BUY
JPM,2023-10-04T00:00:00.000000,1,50.69,BUY
JPM,2023-10-05T00:00:00.000000,1,50.69,BUY
JPM,2023-10-06T00:00:00.000000,1,50.69,BUY
JPM,2023-10-09T00:00:00.000000,1,50.69,BUY
JPM,2023-10-10T00:00:00.000000,1,50.69,BUY
JPM,2023-10-11T00:00:00.000000,1,50.44,BUY
JPM,2023-10-12T00:00:00.000000,1,50.44,BUY
JPM,2023-10-13T00:00:00.000000,1,50.44,BUY
JPM,2023-10-16T00:00:00.000000,1,48.73,BUY
JPM,2023-10-17T00:00:00.000000,1,48.73,BUY
JPM,2023-10-18T00:00:00.000000,1,48.73,BUY
JPM,2023-10-19T00:00:00.000000,1,48.73,BUY
JPM,2023-10-20T00:00:00.000000,1,48.73,BUY
JPM,2023-10-23T00:00:00.000000,1,50.44,BUY
JPM,2023-10-24T00:00:00.000000,1,50.44,BUY
JPM,2023-10-25T00:00:00.000000,1,48.73,BUY
JPM,2023-10-26T00:00:00.000000,1,48.73,BUY
JPM,2023-10-27T00:00:00.000000,1,48.73,BUY
JPM,2023-10-30T00:00:00.000000,1,49.89,BUY
JPM,2023-10-31T00:00:00.000000,1,50.44,BUY
JPM,2023-11-01T00:00:00.000000,1,50.44,BUY
JPM,2023-11-02T00:00:00.000000,1,48.73,BUY
JPM,2023-11-03T00:00:00.000000,1,48.73,BUY
JPM,2023-11-06T00:00:00.000000,0,48.73,SELL
JPM,2023-11-07T00:00:00.000000,0,46.09,SELL
JPM,2023-11-08T00:00:00.000000,0,42.94,SELL
JPM,2023-11-09T00:00:00.000000,0,42.94,SELL
JPM,2023-11-10T00:00:00.000000,0,42.94,SELL
JPM,2023-11-13T00:00:00.000000,0,40.0,SELL
JPM,2023-11-14T00:00:00.000000,0,39.62,SELL
JPM,2023-11-15T00:00:00.000000,0,39.62,SELL
JPM,2023-11-16T00:00:00.000000,0,39.62,SELL
JPM,2023-11-17T00:00:00.000000,0,42.94,SELL
JPM,2023-11-20T00:00:00.000000,0,42.94,SELL
JPM,2023-11-21T00:00:00.000000,0,42.94,SELL
JPM,2023-11-22T00:00:00.000000,0,46.09,SELL
JPM,2023-11-24T00:00:00.000000,1,48.73,BUY
JPM,2023-11-27T00:00:00.000000,1,48.73,BUY
JPM,2023-11-28T00:00:00.000000,1,48.73,BUY
JPM,2023-11-29T00:00:00.000000,1,48.73,BUY
JPM,2023-11-30T00:00:00.000000,1,48.73,BUY
JPM,2023-12-01T00:00:00.000000,1,48.73,BUY
JPM,2023-12-04T00:00:00.000000,1,48.73,BUY
JPM,2023-12-05T00:00:00.000000,1,50.44,BUY
JPM,2023-12-06T00:00:00.000000,1,50.44,BUY
JPM,2023-12-07T00:00:00.000000,1,50.44,BUY
JPM,2023-12-08T00:00:00.000000,1,50.44,BUY
JPM,2023-12-11T00:00:00.000000,1,50.44,BUY
JPM,2023-12-12T00:00:00.000000,1,50.44,BUY
JPM,2023-12-13T00:00:00.000000,1,50.44,BUY
JPM,2023-12-14T00:00:00.000000,1,48.73,BUY
JPM,2023-12-15T00:00:00.000000,1,48.73,BUY
JPM,2023-12-18T00:00:00.000000,1,50.44,BUY
JPM,2023-12-19T00:00:00.000000,1,50.44,BUY
JPM,2023-12-20T00:00:00.000000,1,48.73,BUY
JPM,2023-12-21T00:00:00.000000,1,48.73,BUY
JPM,2023-12-22T00:00:00.000000,1,48.73,BUY
JPM,2023-12-26T00:00:00.000000,1,48.73,BUY
JPM,2023-12-27T00:00:00.000000,0,48.73,SELL
JPM,2023-12-28T00:00:00.000000,0,48.73,SELL
JPM,2023-12-29T00:00:00.000000,0,48.73,SELL
JPM,2024-01-02T00:00:00.000000,1,48.73,BUY
JPM,2024-01-03T00:00:00.000000,1,48.73,BUY
JPM,2024-01-04T00:00:00.000000,1,48.73,BUY
JPM,2024-01-05T00:00:00.000000,1,50.44,BUY
JPM,2024-01-08T00:00:00.000000,1,50.44,BUY
JPM,2024-01-09T00:00:00.000000,1,50.44,BUY
JPM,2024-01-10T00:00:00.000000,1,50.44,BUY
JPM,2024-01-11T00:00:00.000000,1,50.44,BUY
JPM,2024-01-12T00:00:00.000000,1,50.44,BUY
JPM,2024-01-16T00:00:00.000000,1,50.44,BUY
JPM,2024-01-17T00:00:00.000000,1,50.44,BUY
JPM,2024-01-18T00:00:00.000000,1,50.44,BUY
JPM,2024-01-19T00:00:00.000000,1,50.44,BUY
JPM,2024-01-22T00:00:00.000000,1,50.44,BUY
JPM,2024-01-23T00:00:00.000000,1,50.44,BUY
JPM,2024-01-24T00:00:00.000000,1,50.44,BUY
JPM,2024-01-25T00:00:00.000000,1,48.73,BUY
JPM,2024-01-26T00:00:00.000000,1,48.73,BUY
JPM,2024-01-29T00:00:00.000000,1,48.73,BUY
JPM,2024-01-30T00:00:00.000000,1,48.73,BUY
JPM,2024-01-31T00:00:00.000000,1,48.73,BUY
JPM,2024-02-01T00:00:00.000000,1,48.73,BUY
JPM,2024-02-02T00:00:00.000000,1,48.73,BUY
JPM,2024-02-05T00:00:00.000000,1,48.73,BUY
JPM,2024-02-06T00:00:00.000000,1,48.73,BUY
JPM,2024-02-07T00:00:00.000000,1,48.73,BUY
JPM,2024-02-08T00:00:00.000000,1,48.73,BUY
JPM,2024-02-09T00:00:00.000000,1,48.73,BUY
JPM,2024-02-12T00:00:00.000000,1,50.44,BUY
JPM,2024-02-13T00:00:00.000000,1,50.44,BUY
JPM,2024-02-14T00:00:00.000000,1,50.69,BUY
JPM,2024-02-15T00:00:00.000000,1,50.69,BUY
JPM,2024-02-16T00:00:00.000000,1,50.69,BUY
JPM,2024-02-20T00:00:00.000000,1,50.44,BUY
JPM,2024-02-21T00:00:00.000000,1,50.44,BUY
JPM,2024-02-22T00:00:00.000000,1,50.44,BUY
JPM,2024-02-23T00:00:00.000000,1,50.44,BUY
JPM,2024-02-26T00:00:00.000000,1,50.44,BUY
JPM,2024-02-27T00:00:00.000000,1,50.44,BUY
JPM,2024-02-28T00:00:00.000000,1,50.44,BUY
JPM,2024-02-29T00:00:00.000000,1,50.44,BUY
JPM,2024-03-01T00:00:00.000000,1,50.44,BUY
JPM,2024-03-04T00:00:00.000000,1,50.44,BUY
JPM,2024-03-05T00:00:00.000000,1,50.44,BUY
JPM,2024-03-06T00:00:00.000000,1,50.69,BUY
JPM,2024-03-07T00:00:00.000000,1,50.69,BUY
JPM,2024-03-08T00:00:00.000000,1,50.69,BUY
JPM,2024-03-11T00:00:00.000000,1,50.69,BUY
JPM,2024-03-12T00:00:00.000000,1,50.69,BUY
JPM,2024-03-13T00:00:00.000000,1,50.69,BUY
JPM,2024-03-14T00:00:00.000000,1,50.69,BUY
JPM,2024-03-15T00:00:00.000000,1,50.44,BUY
JPM,2024-03-18T00:00:00.000000,1,50.44,BUY
JPM,2024-03-19T00:00:00.000000,1,50.44,BUY
JPM,2024-03-20T00:00:00.000000,1,50.44,BUY
JPM,2024-03-21T00:00:00.000000,1,50.44,BUY
JPM,2024-03-22T00:00:00.000000,1,50.44,BUY
JPM,2024-03-25T00:00:00.000000,1,50.44,BUY
JPM,2024-03-26T00:00:00.000000,1,50.44,BUY
JPM,2024-03-27T00:00:00.000000,1,50.44,BUY
JPM,2024-03-28T00:00:00.000000,1,48.73,BUY
JPM,2024-04-01T00:00:00.000000,1,48.73,BUY
JPM,2024-04-02T00:00:00.000000,1,48.73,BUY
JPM,2024-04-03T00:00:00.000000,1,50.44,BUY
JPM,2024-04-04T00:00:00.000000,1,50.44,BUY
JPM,2024-04-05T00:00:00.000000,1,50.44,BUY
JPM,2024-04-08T00:00:00.000000,1,50.44,BUY
JPM,2024-04-09T00:00:00.000000,1,50.44,BUY
JPM,2024-04-10T00:00:00.000000,1,50.44,BUY
JPM,2024-04-11T00:00:00.000000,1,50.69,BUY
JPM,2024-04-12T00:00:00.000000,1,50.69,BUY
JPM,2024-04-15T00:00:00.000000,1,50.44,BUY
JPM,2024-04-16T00:00:00.000000,1,50.44,BUY
JPM,2024-04-17T00:00:00.000000,1,48.73,BUY
JPM,2024-04-18T00:00:00.000000,1,48.73,BUY
JPM,2024-04-19T00:00:00.000000,1,48.73,BUY
JPM,2024-04-22T00:00:00.000000,1,50.44,BUY
JPM,2024-04-23T00:00:00.000000,1,50.44,BUY
JPM,2024-04-24T00:00:00.000000,1,50.44,BUY
JPM,2024-04-25T00:00:00.000000,1,50.44,BUY
JPM,2024-04-26T00:00:00.000000,1,48.73,BUY
JPM,2024-04-29T00:00:00.000000,1,48.73,BUY
JPM,2024-04-30T00:00:00.000000,1,48.73,BUY
JPM,2024-05-01T00:00:00.000000,1,48.73,BUY
JPM,2024-05-02T00:00:00.000000,1,48.73,BUY
JPM,2024-05-03T00:00:00.000000,1,50.44,BUY
JPM,2024-05-06T00:00:00.000000,1,50.44,BUY
JPM,2024-05-07T00:00:00.000000,1,50.44,BUY
JPM,2024-05-08T00:00:00.000000,1,50.44,BUY
JPM,2024-05-09T00:00:00.000000,1,48.73,BUY
JPM,2024-05-10T00:00:00.000000,0,46.09,SELL
JPM,2024-05-13T00:00:00.000000,0,42.94,SELL
JPM,2024-05-14T00:00:00.000000,0,46.09,SELL
JPM,2024-05-15T00:00:00.000000,0,46.09,SELL
JPM,2024-05-16T00:00:00.000000,0,46.09,SELL
JPM,2024-05-17T00:00:00.000000,0,46.09,SELL
JPM,2024-05-20T00:00:00.000000,0,46.09,SELL
JPM,2024-05-21T00:00:00.000000,0,48.73,SELL
JPM,2024-05-22T00:00:00.000000,0,48.73,SELL
JPM,2024-05-23T00:00:00.000000,1,48.73,BUY
JPM,2024-05-24T00:00:00.000000,1,48.73,BUY
JPM,2024-05-28T00:00:00.000000,1,48.73,BUY
JPM,2024-05-29T00:00:00.000000,1,48.73,BUY
JPM,2024-05-30T00:00:00.000000,1,50.44,BUY
JPM,2024-05-31T00:00:00.000000,1,50.44,BUY
JPM,2024-06-03T00:00:00.000000,1,50.44,BUY
JPM,2024-06-04T00:00:00.000000,1,50.44,BUY
JPM,2024-06-05T00:00:00.000000,1,50.44,BUY
JPM,2024-06-06T00:00:00.000000,1,50.69,BUY
JPM,2024-06-07T00:00:00.000000,1,50.44,BUY
JPM,2024-06-10T00:00:00.000000,1,50.44,BUY
JPM,2024-06-11T00:00:00.000000,1,50.44,BUY
JPM,2024-06-12T00:00:00.000000,1,50.44,BUY
JPM,2024-06-13T00:00:00.000000,1,50.44,BUY
JPM,2024-06-14T00:00:00.000000,1,50.44,BUY
JPM,2024-06-17T00:00:00.000000,1,50.44,BUY
JPM,2024-06-18T00:00:00.000000,1,50.44,BUY
JPM,2024-06-20T00:00:00.000000,1,50.44,BUY
JPM,2024-06-21T00:00:00.000000,1,50.44,BUY
JPM,2024-06-24T00:00:00.000000,1,50.44,BUY
JPM,2024-06-25T00:00:00.000000,1,48.73,BUY
JPM,2024-06-26T00:00:00.000000,1,48.73,BUY
JPM,2024-06-27T00:00:00.000000,0,48.73,SELL
JPM,2024-06-28T00:00:00.000000,0,48.73,SELL
JPM,2024-07-01T00:00:00.000000,0,48.73,SELL
JPM,2024-07-02T00:00:00.000000,1,48.73,BUY
JPM,2024-07-03T00:00:00.000000,1,50.44,BUY
JPM,2024-07-05T00:00:00.000000,1,50.69,BUY
JPM,2024-07-08T00:00:00.000000,1,50.69,BUY
JPM,2024-07-09T00:00:00.000000,1,50.69,BUY
JPM,2024-07-10T00:00:00.000000,1,50.69,BUY
JPM,2024-07-11T00:00:00.000000,1,50.44,BUY
JPM,2024-07-12T00:00:00.000000,1,50.44,BUY
JPM,2024-07-15T00:00:00.000000,1,50.44,BUY
JPM,2024-07-16T00:00:00.000000,1,50.44,BUY
JPM,2024-07-17T00:00:00.000000,1,50.44,BUY
JPM,2024-07-18T00:00:00.000000,1,50.44,BUY
JPM,2024-07-19T00:00:00.000000,1,50.44,BUY
JPM,2024-07-22T00:00:00.000000,1,50.69,BUY
JPM,2024-07-23T00:00:00.000000,1,50.69,BUY
JPM,2024-07-24T00:00:00.000000,1,50.69,BUY
JPM,2024-07-25T00:00:00.000000,1,50.69,BUY
JPM,2024-07-26T00:00:00.000000,1,50.69,BUY
JPM,2024-07-29T00:00:00.000000,1,50.69,BUY
JPM,2024-07-30T00:00:00.000000,1,50.69,BUY
JPM,2024-07-31T00:00:00.000000,1,50.69,BUY
JPM,2024-08-01T00:00:00.000000,1,50.69,BUY
JPM,2024-08-02T00:00:00.000000,1,50.69,BUY
JPM,2024-08-05T00:00:00.000000,1,50.69,BUY
JPM,2024-08-06T00:00:00.000000,1,50.44,BUY
JPM,2024-08-07T00:00:00.000000,1,48.73,BUY
JPM,2024-08-08T00:00:00.000000,1,48.73,BUY
JPM,2024-08-09T00:00:00.000000,1,48.73,BUY
JPM,2024-08-12T00:00:00.000000,1,48.73,BUY
JPM,2024-08-13T00:00:00.000000,1,48.73,BUY
JPM,2024-08-14T00:00:00.000000,1,48.73,BUY
JPM,2024-08-15T00:00:00.000000,0,46.09,SELL
JPM,2024-08-16T00:00:00.000000,0,42.94,SELL
JPM,2024-08-19T00:00:00.000000,0,39.62,SELL
JPM,2024-08-20T00:00:00.000000,0,42.94,SELL
JPM,2024-08-21T00:00:00.000000,0,42.94,SELL
JPM,2024-08-22T00:00:00.000000,0,42.94,SELL
JPM,2024-08-23T00:00:00.000000,0,42.94,SELL
JPM,2024-08-26T00:00:00.000000,0,42.94,SELL
JPM,2024-08-27T00:00:00.000000,0,42.94,SELL
JPM,2024-08-28T00:00:00.000000,0,46.09,SELL
JPM,2024-08-29T00:00:00.000000,0,48.73,SELL
JPM,2024-08-30T00:00:00.000000,1,48.73,BUY
JPM,2024-09-03T00:00:00.000000,1,48.73,BUY
JPM,2024-09-04T00:00:00.000000,1,48.73,BUY
JPM,2024-09-05T00:00:00.000000,1,50.44,BUY
JPM,2024-09-06T00:00:00.000000,1,50.44,BUY
JPM,2024-09-09T00:00:00.000000,1,50.69,BUY
JPM,2024-09-10T00:00:00.000000,1,50.69,BUY
JPM,2024-09-11T00:00:00.000000,1,50.69,BUY
JPM,2024-09-12T00:00:00.000000,1,50.69,BUY
JPM,2024-09-13T00:00:00.000000,1,50.69,BUY
JPM,2024-09-16T00:00:00.000000,1,50.69,BUY
JPM,2024-09-17T00:00:00.000000,1,50.69,BUY
JPM,2024-09-18T00:00:00.000000,1,50.69,BUY
JPM,2024-09-19T00:00:00.000000,1,50.69,BUY
JPM,2024-09-20T00:00:00.000000,1,50.69,BUY
JPM,2024-09-23T00:00:00.000000,1,48.73,BUY
JPM,2024-09-24T00:00:00.000000,0,46.09,SELL
JPM,2024-09-25T00:00:00.000000,0,42.94,SELL
JPM,2024-09-26T00:00:00.000000,0,42.94,SELL
JPM,2024-09-27T00:00:00.000000,0,42.94,SELL
JPM,2024-09-30T00:00:00.000000,0,46.09,SELL
JPM,2024-10-01T00:00:00.000000,0,46.09,SELL
JPM,2024-10-02T00:00:00.000000,0,48.73,SELL
JPM,2024-10-03T00:00:00.000000,0,48.73,SELL
JPM,2024-10-04T00:00:00.000000,1,48.73,BUY
JPM,2024-10-07T00:00:00.000000,1,48.73,BUY
JPM,2024-10-08T00:00:00.000000,1,50.0,BUY
JPM,2024-10-09T00:00:00.000000,1,50.44,BUY
JPM,2024-10-10T00:00:00.000000,1,50.44,BUY
JPM,2024-10-11T00:00:00.000000,1,50.44,BUY
JPM,2024-10-14T00:00:00.000000,1,50.44,BUY
JPM,2024-10-15T00:00:00.000000,1,50.44,BUY
JPM,2024-10-16T00:00:00.000000,1,50.44,BUY
JPM,2024-10-17T00:00:00.000000,1,50.44,BUY
JPM,2024-10-18T00:00:00.000000,1,50.44,BUY
JPM,2024-10-21T00:00:00.000000,1,50.44,BUY
JPM,2024-10-22T00:00:00.000000,1,50.44,BUY
JPM,2024-10-23T00:00:00.000000,1,50.44,BUY
JPM,2024-10-24T00:00:00.000000,1,50.44,BUY
JPM,2024-10-25T00:00:00.000000,1,50.44,BUY
JPM,2024-10-28T00:00:00.000000,1,50.44,BUY
JPM,2024-10-29T00:00:00.000000,1,50.44,BUY
JPM,2024-10-30T00:00:00.000000,1,50.44,BUY
JPM,2024-10-31T00:00:00.000000,1,50.44,BUY
JPM,2024-11-01T00:00:00.000000,1,50.44,BUY
JPM,2024-11-04T00:00:00.000000,1,50.69,BUY
JPM,2024-11-05T00:00:00.000000,1,50.69,BUY
JPM,2024-11-06T00:00:00.000000,1,50.69,BUY
JPM,2024-11-07T00:00:00.000000,1,50.44,BUY
JPM,2024-11-08T00:00:00.000000,1,48.73,BUY
JPM,2024-11-11T00:00:00.000000,1,48.73,BUY
JPM,2024-11-12T00:00:00.000000,1,48.73,BUY
JPM,2024-11-13T00:00:00.000000,1,48.73,BUY
JPM,2024-11-14T00:00:00.000000,0,48.73,SELL
JPM,2024-11-15T00:00:00.000000,0,48.73,SELL
JPM,2024-11-18T00:00:00.000000,0,46.09,SELL
JPM,2024-11-19T00:00:00.000000,0,46.09,SELL
JPM,2024-11-20T00:00:00.000000,0,42.94,SELL
JPM,2024-11-21T00:00:00.000000,0,42.94,SELL
JPM,2024-11-22T00:00:00.000000,0,42.94,SELL
JPM,2024-11-25T00:00:00.000000,0,42.94,SELL
JPM,2024-11-26T00:00:00.000000,0,42.94,SELL
JPM,2024-11-27T00:00:00.000000,0,42.94,SELL
JPM,2024-11-29T00:00:00.000000,0,46.09,SELL
JPM,2024-12-02T00:00:00.000000,0,46.09,SELL
JPM,2024-12-03T00:00:00.000000,0,46.09,SELL
JPM,2024-12-04T00:00:00.000000,0,42.94,SELL
JPM,2024-12-05T00:00:00.000000,0,42.94,SELL
JPM,2024-12-06T00:00:00.000000,0,42.94,SELL
JPM,2024-12-09T00:00:00.000000,0,42.94,SELL
JPM,2024-12-10T00:00:00.000000,0,42.94,SELL
JPM,2024-12-11T00:00:00.000000,0,42.94,SELL
JPM,2024-12-12T00:00:00.000000,0,42.94,SELL
JPM,2024-12-13T00:00:00.000000,0,42.94,SELL
JPM,2024-12-16T00:00:00.000000,0,46.09,SELL
JPM,2024-12-17T00:00:00.000000,0,46.09,SELL
JPM,2024-12-18T00:00:00.000000,0,42.94,SELL
JPM,2024-12-19T00:00:00.000000,0,46.09,SELL
JPM,2024-12-20T00:00:00.000000,1,48.73,BUY
MCD,2023-02-21T00:00:00.000000,1,50.44,BUY
MCD,2023-02-22T00:00:00.000000,1,50.69,BUY
MCD,2023-02-23T00:00:00.000000,1,50.69,BUY
MCD,2023-02-24T00:00:00.000000,1,50.69,BUY
MCD,2023-02-27T00:00:00.000000,1,50.69,BUY
MCD,2023-02-28T00:00:00.000000,1,50.69,BUY
MCD,2023-03-01T00:00:00.000000,1,50.69,BUY
MCD,2023-03-02T00:00:00.000000,1,50.69,BUY
MCD,2023-03-03T00:00:00.000000,1,50.69,BUY
MCD,2023-03-06T00:00:00.000000,1,50.69,BUY
MCD,2023-03-07T00:00:00.000000,1,50.69,BUY
MCD,2023-03-08T00:00:00.000000,1,50.69,BUY
MCD,2023-03-09T00:00:00.000000,1,50.69,BUY
MCD,2023-03-10T00:00:00.000000,1,50.69,BUY
MCD,2023-03-13T00:00:00.000000,1,50.69,BUY
MCD,2023-03-14T00:00:00.000000,1,50.69,BUY
MCD,2023-03-15T00:00:00.000000,1,50.69,BUY
MCD,2023-03-16T00:00:00.000000,1,50.69,BUY
MCD,2023-03-17T00:00:00.000000,1,50.69,BUY
MCD,2023-03-20T00:00:00.000000,1,50.69,BUY
MCD,2023-03-21T00:00:00.000000,1,50.69,BUY
MCD,2023-03-22T00:00:00.000000,1,50.69,BUY
MCD,2023-03-23T00:00:00.000000,1,50.69,BUY
MCD,2023-03-24T00:00:00.000000,1,50.69,BUY
MCD,2023-03-27T00:00:00.000000,1,50.69,BUY
MCD,2023-03-28T00:00:00.000000,1,50.44,BUY
MCD,2023-03-29T00:00:00.000000,1,50.44,BUY
MCD,2023-03-30T00:00:00.000000,1,50.44,BUY
MCD,2023-03-31T00:00:00.000000,1,50.44,BUY
MCD,2023-04-03T00:00:00.000000,1,50.44,BUY
MCD,2023-04-04T00:00:00.000000,1,50.44,BUY
MCD,2023-04-05T00:00:00.000000,1,50.44,BUY
MCD,2023-04-06T00:00:00.000000,1,50.44,BUY
MCD,2023-04-10T00:00:00.000000,1,50.44,BUY
MCD,2023-04-11T00:00:00.000000,1,50.44,BUY
MCD,2023-04-12T00:00:00.000000,1,50.44,BUY
MCD,2023-04-13T00:00:00.000000,1,48.73,BUY
MCD,2023-04-14T00:00:00.000000,1,48.73,BUY
MCD,2023-04-17T00:00:00.000000,1,48.73,BUY
MCD,2023-04-18T00:00:00.000000,1,48.73,BUY
MCD,2023-04-19T00:00:00.000000,1,50.44,BUY
MCD,2023-04-20T00:00:00.000000,1,50.44,BUY
MCD,2023-04-21T00:00:00.000000,1,50.44,BUY
MCD,2023-04-24T00:00:00.000000,1,50.44,BUY
MCD,2023-04-25T00:00:00.000000,1,50.69,BUY
MCD,2023-04-26T00:00:00.000000,1,50.69,BUY
MCD,2023-04-27T00:00:00.000000,1,50.69,BUY
MCD,2023-04-28T00:00:00.000000,1,50.69,BUY
MCD,2023-05-01T00:00:00.000000,1,50.69,BUY
MCD,2023-05-02T00:00:00.000000,1,50.69,BUY
MCD,2023-05-03T00:00:00.000000,1,50.69,BUY
MCD,2023-05-04T00:00:00.000000,1,50.69,BUY
MCD,2023-05-05T00:00:00.000000,1,50.69,BUY
MCD,2023-05-08T00:00:00.000000,1,50.69,BUY
MCD,2023-05-09T00:00:00.000000,1,50.69,BUY
MCD,2023-05-10T00:00:00.000000,1,50.69,BUY
MCD,2023-05-11T00:00:00.000000,1,50.69,BUY
MCD,2023-05-12T00:00:00.000000,1,50.69,BUY
MCD,2023-05-15T00:00:00.000000,1,50.69,BUY
MCD,2023-05-16T00:00:00.000000,1,50.69,BUY
MCD,2023-05-17T00:00:00.000000,1,50.69,BUY
MCD,2023-05-18T00:00:00.000000,1,50.69,BUY
MCD,2023-05-19T00:00:00.000000,1,50.69,BUY
MCD,2023-05-22T00:00:00.000000,1,50.69,BUY
MCD,2023-05-23T00:00:00.000000,1,50.69,BUY
MCD,2023-05-24T00:00:00.000000,1,50.69,BUY
MCD,2023-05-25T00:00:00.000000,1,50.69,BUY
MCD,2023-05-26T00:00:00.000000,1,50.69,BUY
MCD,2023-05-30T00:00:00.000000,1,50.44,BUY
MCD,2023-05-31T00:00:00.000000,1,48.73,BUY
MCD,2023-06-01T00:00:00.000000,0,48.73,SELL
MCD,2023-06-02T00:00:00.000000,0,46.09,SELL
MCD,2023-06-05T00:00:00.000000,0,46.09,SELL
MCD,2023-06-06T00:00:00.000000,0,48.73,SELL
MCD,2023-06-07T00:00:00.000000,0,48.73,SELL
MCD,2023-06-08T00:00:00.000000,0,46.09,SELL
MCD,2023-06-09T00:00:00.000000,0,42.94,SELL
MCD,2023-06-12T00:00:00.000000,0,39.62,SELL
MCD,2023-06-13T00:00:00.000000,0,39.62,SELL
MCD,2023-06-14T00:00:00.000000,0,42.94,SELL
MCD,2023-06-15T00:00:00.000000,0,42.94,SELL
MCD,2023-06-16T00:00:00.000000,0,46.09,SELL
MCD,2023-06-20T00:00:00.000000,0,48.73,SELL
MCD,2023-06-21T00:00:00.000000,0,48.73,SELL
MCD,2023-06-22T00:00:00.000000,0,48.73,SELL
MCD,2023-06-23T00:00:00.000000,1,48.73,BUY
MCD,2023-06-26T00:00:00.000000,1,48.73,BUY
MCD,2023-06-27T00:00:00.000000,1,48.73,BUY
MCD,2023-06-28T00:00:00.000000,1,48.73,BUY
MCD,2023-06-29T00:00:00.000000,1,48.73,BUY
MCD,2023-06-30T00:00:00.000000,1,48.73,BUY
MCD,2023-07-03T00:00:00.000000,1,48.73,BUY
MCD,2023-07-05T00:00:00.000000,1,48.73,BUY
MCD,2023-07-06T00:00:00.000000,1,48.73,BUY
MCD,2023-07-07T00:00:00.000000,1,50.44,BUY
MCD,2023-07-10T00:00:00.000000,1,48.73,BUY
MCD,2023-07-11T00:00:00.000000,1,48.73,BUY
MCD,2023-07-12T00:00:00.000000,1,48.73,BUY
MCD,2023-07-13T00:00:00.000000,1,48.73,BUY
MCD,2023-07-14T00:00:00.000000,1,48.73,BUY
MCD,2023-07-17T00:00:00.000000,1,48.73,BUY
MCD,2023-07-18T00:00:00.000000,1,48.73,BUY
MCD,2023-07-19T00:00:00.000000,0,48.73,SELL
MCD,2023-07-20T00:00:00.000000,0,48.73,SELL
MCD,2023-07-21T00:00:00.000000,0,46.09,SELL
MCD,2023-07-24T00:00:00.000000,0,46.09,SELL
MCD,2023-07-25T00:00:00.000000,0,42.94,SELL
MCD,2023-07-26T00:00:00.000000,0,42.94,SELL
MCD,2023-07-27T00:00:00.000000,0,42.94,SELL
MCD,2023-07-28T00:00:00.000000,0,42.94,SELL
MCD,2023-07-31T00:00:00.000000,0,42.94,SELL
MCD,2023-08-01T00:00:00.000000,0,42.94,SELL
MCD,2023-08-02T00:00:00.000000,0,42.94,SELL
MCD,2023-08-03T00:00:00.000000,0,42.94,SELL
MCD,2023-08-04T00:00:00.000000,0,42.94,SELL
MCD,2023-08-07T00:00:00.000000,0,42.94,SELL
MCD,2023-08-08T00:00:00.000000,0,42.94,SELL
MCD,2023-08-09T00:00:00.000000,0,42.94,SELL
MCD,2023-08-10T00:00:00.000000,0,46.09,SELL
MCD,2023-08-11T00:00:00.000000,0,46.09,SELL
MCD,2023-08-14T00:00:00.000000,0,48.73,SELL
MCD,2023-08-15T00:00:00.000000,0,48.73,SELL
MCD,2023-08-16T00:00:00.000000,1,48.73,BUY
MCD,2023-08-17T00:00:00.000000,1,48.73,BUY
MCD,2023-08-18T00:00:00.000000,1,48.73,BUY
MCD,2023-08-21T00:00:00.000000,1,48.73,BUY
MCD,2023-08-22T00:00:00.000000,1,48.73,BUY
MCD,2023-08-23T00:00:00.000000,1,48.73,BUY
MCD,2023-08-24T00:00:00.000000,1,48.73,BUY
MCD,2023-08-25T00:00:00.000000,1,50.44,BUY
MCD,2023-08-28T00:00:00.000000,1,50.44,BUY
MCD,2023-08-29T00:00:00.000000,1,50.44,BUY
MCD,2023-08-30T00:00:00.000000,1,48.73,BUY
MCD,2023-08-31T00:00:00.000000,1,48.73,BUY
MCD,2023-09-01T00:00:00.000000,0,46.09,SELL
MCD,2023-09-05T00:00:00.000000,0,46.09,SELL
MCD,2023-09-06T00:00:00.000000,0,46.09,SELL
MCD,2023-09-07T00:00:00.000000,0,46.09,SELL
MCD,2023-09-08T00:00:00.000000,0,46.09,SELL
MCD,2023-09-11T00:00:00.000000,0,46.09,SELL
MCD,2023-09-12T00:00:00.000000,0,46.09,SELL
MCD,2023-09-13T00:00:00.000000,0,42.94,SELL
MCD,2023-09-14T00:00:00.000000,0,42.94,SELL
MCD,2023-09-15T00:00:00.000000,0,42.94,SELL
MCD,2023-09-18T00:00:00.000000,0,46.09,SELL
MCD,2023-09-19T00:00:00.000000,0,46.09,SELL
MCD,2023-09-20T00:00:00.000000,0,46.09,SELL
MCD,2023-09-21T00:00:00.000000,0,46.09,SELL
MCD,2023-09-22T00:00:00.000000,0,46.09,SELL
MCD,2023-09-25T00:00:00.000000,0,48.73,SELL
MCD,2023-09-26T00:00:00.000000,1,48.73,BUY
MCD,2023-09-27T00:00:00.000000,1,48.73,BUY
MCD,2023-09-28T00:00:00.000000,1,48.73,BUY
MCD,2023-09-29T00:00:00.000000,1,48.73,BUY
MCD,2023-10-02T00:00:00.000000,1,50.44,BUY
MCD,2023-10-03T00:00:00.000000,1,50.44,BUY
MCD,2023-10-04T00:00:00.000000,1,50.44,BUY
MCD,2023-10-05T00:00:00.000000,1,50.44,BUY
MCD,2023-10-06T00:00:00.000000,1,50.44,BUY
MCD,2023-10-09T00:00:00.000000,1,50.44,BUY
MCD,2023-10-10T00:00:00.000000,1,48.73,BUY
MCD,2023-10-11T00:00:00.000000,1,48.73,BUY
MCD,2023-10-12T00:00:00.000000,1,48.73,BUY
MCD,2023-10-13T00:00:00.000000,0,48.73,SELL
MCD,2023-10-16T00:00:00.000000,0,42.94,SELL
MCD,2023-10-17T00:00:00.000000,0,42.94,SELL
MCD,2023-10-18T00:00:00.000000,0,42.94,SELL
MCD,2023-10-19T00:00:00.000000,0,42.94,SELL
MCD,2023-10-20T00:00:00.000000,0,42.94,SELL
MCD,2023-10-23T00:00:00.000000,0,46.09,SELL
MCD,2023-10-24T00:00:00.000000,0,48.73,SELL
MCD,2023-10-25T00:00:00.000000,1,48.73,BUY
MCD,2023-10-26T00:00:00.000000,1,48.73,BUY
MCD,2023-10-27T00:00:00.000000,1,50.44,BUY
MCD,2023-10-30T00:00:00.000000,1,50.69,BUY
MCD,2023-10-31T00:00:00.000000,1,50.69,BUY
MCD,2023-11-01T00:00:00.000000,1,50.69,BUY
MCD,2023-11-02T00:00:00.000000,1,50.69,BUY
MCD,2023-11-03T00:00:00.000000,1,50.69,BUY
MCD,2023-11-06T00:00:00.000000,1,50.69,BUY
MCD,2023-11-07T00:00:00.000000,1,50.69,BUY
MCD,2023-11-08T00:00:00.000000,1,50.69,BUY
MCD,2023-11-09T00:00:00.000000,1,50.69,BUY
MCD,2023-11-10T00:00:00.000000,1,50.69,BUY
MCD,2023-11-13T00:00:00.000000,1,50.44,BUY
MCD,2023-11-14T00:00:00.000000,1,48.73,BUY
MCD,2023-11-15T00:00:00.000000,0,46.09,SELL
MCD,2023-11-16T00:00:00.000000,0,46.09,SELL
MCD,2023-11-17T00:00:00.000000,0,46.09,SELL
MCD,2023-11-20T00:00:00.000000,0,46.09,SELL
MCD,2023-11-21T00:00:00.000000,0,48.73,SELL
MCD,2023-11-22T00:00:00.000000,1,48.73,BUY
MCD,2023-11-24T00:00:00.000000,1,48.73,BUY
MCD,2023-11-27T00:00:00.000000,1,48.73,BUY
MCD,2023-11-28T00:00:00.000000,1,48.73,BUY
MCD,2023-11-29T00:00:00.000000,1,48.73,BUY
MCD,2023-11-30T00:00:00.000000,1,48.73,BUY
MCD,2023-12-01T00:00:00.000000,1,48.73,BUY
MCD,2023-12-04T00:00:00.000000,1,48.73,BUY
MCD,2023-12-05T00:00:00.000000,1,48.73,BUY
MCD,2023-12-06T00:00:00.000000,1,50.44,BUY
MCD,2023-12-07T00:00:00.000000,1,50.44,BUY
MCD,2023-12-08T00:00:00.000000,1,50.44,BUY
MCD,2023-12-11T00:00:00.000000,1,50.44,BUY
MCD,2023-12-12T00:00:00.000000,1,50.44,BUY
MCD,2023-12-13T00:00:00.000000,1,50.44,BUY
MCD,2023-12-14T00:00:00.000000,1,48.73,BUY
MCD,2023-12-15T00:00:00.000000,1,48.73,BUY
MCD,2023-12-18T00:00:00.000000,1,48.73,BUY
MCD,2023-12-19T00:00:00.000000,1,48.73,BUY
MCD,2023-12-20T00:00:00.000000,1,48.73,BUY
MCD,2023-12-21T00:00:00.000000,1,48.73,BUY
MCD,2023-12-22T00:00:00.000000,0,48.73,SELL
MCD,2023-12-26T00:00:00.000000,0,46.09,SELL
MCD,2023-12-27T00:00:00.000000,0,42.94,SELL
MCD,2023-12-28T00:00:00.000000,0,42.94,SELL
MCD,2023-12-29T00:00:00.000000,0,42.94,SELL
MCD,2024-01-02T00:00:00.000000,0,42.94,SELL
MCD,2024-01-03T00:00:00.000000,0,42.94,SELL
MCD,2024-01-04T00:00:00.000000,0,46.09,SELL
MCD,2024-01-05T00:00:00.000000,0,48.73,SELL
MCD,2024-01-08T00:00:00.000000,0,48.73,SELL
MCD,2024-01-09T00:00:00.000000,0,48.73,SELL
MCD,2024-01-10T00:00:00.000000,0,48.73,SELL
MCD,2024-01-11T00:00:00.000000,0,48.73,SELL
MCD,2024-01-12T00:00:00.000000,1,48.73,BUY
MCD,2024-01-16T00:00:00.000000,1,50.44,BUY
MCD,2024-01-17T00:00:00.000000,1,50.44,BUY
MCD,2024-01-18T00:00:00.000000,1,50.69,BUY
MCD,2024-01-19T00:00:00.000000,1,50.44,BUY
MCD,2024-01-22T00:00:00.000000,1,50.44,BUY
MCD,2024-01-23T00:00:00.000000,1,50.44,BUY
MCD,2024-01-24T00:00:00.000000,1,50.44,BUY
MCD,2024-01-25T00:00:00.000000,1,50.44,BUY
MCD,2024-01-26T00:00:00.000000,1,48.73,BUY
MCD,2024-01-29T00:00:00.000000,1,48.73,BUY
MCD,2024-01-30T00:00:00.000000,1,48.73,BUY
MCD,2024-01-31T00:00:00.000000,1,48.73,BUY
MCD,2024-02-01T00:00:00.000000,1,48.73,BUY
MCD,2024-02-02T00:00:00.000000,1,48.73,BUY
MCD,2024-02-05T00:00:00.000000,1,48.73,BUY
MCD,2024-02-06T00:00:00.000000,1,50.44,BUY
MCD,2024-02-07T00:00:00.000000,1,48.73,BUY
MCD,2024-02-08T00:00:00.000000,1,48.73,BUY
MCD,2024-02-09T00:00:00.000000,1,50.44,BUY
MCD,2024-02-12T00:00:00.000000,1,50.69,BUY
MCD,2024-02-13T00:00:00.000000,1,50.69,BUY
MCD,2024-02-14T00:00:00.000000,1,50.69,BUY
MCD,2024-02-15T00:00:00.000000,1,50.69,BUY
MCD,2024-02-16T00:00:00.000000,1,50.69,BUY
MCD,2024-02-20T00:00:00.000000,1,50.44,BUY
MCD,2024-02-21T00:00:00.000000,1,50.44,BUY
MCD,2024-02-22T00:00:00.000000,1,48.73,BUY
MCD,2024-02-23T00:00:00.000000,1,48.73,BUY
MCD,2024-02-26T00:00:00.000000,1,48.73,BUY
MCD,2024-02-27T00:00:00.000000,1,48.73,BUY
MCD,2024-02-28T00:00:00.000000,1,50.44,BUY
MCD,2024-02-29T00:00:00.000000,1,50.44,BUY
MCD,2024-03-01T00:00:00.000000,1,50.44,BUY
MCD,2024-03-04T00:00:00.000000,1,50.44,BUY
MCD,2024-03-05T00:00:00.000000,1,50.44,BUY
MCD,2024-03-06T00:00:00.000000,1,50.44,BUY
MCD,2024-03-07T00:00:00.000000,1,50.44,BUY
MCD,2024-03-08T00:00:00.000000,1,50.44,BUY
MCD,2024-03-11T00:00:00.000000,1,50.44,BUY
MCD,2024-03-12T00:00:00.000000,1,48.73,BUY
MCD,2024-03-13T00:00:00.000000,1,48.73,BUY
MCD,2024-03-14T00:00:00.000000,0,48.73,SELL
MCD,2024-03-15T00:00:00.000000,0,46.09,SELL
MCD,2024-03-18T00:00:00.000000,0,46.09,SELL
MCD,2024-03-19T00:00:00.000000,0,46.09,SELL
MCD,2024-03-20T00:00:00.000000,0,46.09,SELL
MCD,2024-03-21T00:00:00.000000,0,46.09,SELL
MCD,2024-03-22T00:00:00.000000,0,46.09,SELL
MCD,2024-03-25T00:00:00.000000,0,46.09,SELL
MCD,2024-03-26T00:00:00.000000,0,42.94,SELL
MCD,2024-03-27T00:00:00.000000,0,42.94,SELL
MCD,2024-03-28T00:00:00.000000,0,42.94,SELL
MCD,2024-04-01T00:00:00.000000,0,42.94,SELL
MCD,2024-04-02T00:00:00.000000,0,42.94,SELL
MCD,2024-04-03T00:00:00.000000,0,46.09,SELL
MCD,2024-04-04T00:00:00.000000,0,46.09,SELL
MCD,2024-04-05T00:00:00.000000,0,46.09,SELL
MCD,2024-04-08T00:00:00.000000,0,46.09,SELL
MCD,2024-04-09T00:00:00.000000,0,46.09,SELL
MCD,2024-04-10T00:00:00.000000,0,46.09,SELL
MCD,2024-04-11T00:00:00.000000,0,48.73,SELL
MCD,2024-04-12T00:00:00.000000,1,48.73,BUY
MCD,2024-04-15T00:00:00.000000,1,48.73,BUY
MCD,2024-04-16T00:00:00.000000,1,48.73,BUY
MCD,2024-04-17T00:00:00.000000,0,48.73,SELL
MCD,2024-04-18T00:00:00.000000,0,48.73,SELL
MCD,2024-04-19T00:00:00.000000,0,48.73,SELL
MCD,2024-04-22T00:00:00.000000,1,48.73,BUY
MCD,2024-04-23T00:00:00.000000,1,50.44,BUY
MCD,2024-04-24T00:00:00.000000,1,50.69,BUY
MCD,2024-04-25T00:00:00.000000,1,50.69,BUY
MCD,2024-04-26T00:00:00.000000,1,50.69,BUY
MCD,2024-04-29T00:00:00.000000,1,50.69,BUY
MCD,2024-04-30T00:00:00.000000,1,50.69,BUY
MCD,2024-05-01T00:00:00.000000,1,50.69,BUY
MCD,2024-05-02T00:00:00.000000,1,50.69,BUY
MCD,2024-05-03T00:00:00.000000,1,50.69,BUY
MCD,2024-05-06T00:00:00.000000,1,58.57,BUY
MCD,2024-05-07T00:00:00.000000,1,58.57,BUY
MCD,2024-05-08T00:00:00.000000,1,58.57,BUY
MCD,2024-05-09T00:00:00.000000,1,58.57,BUY
MCD,2024-05-10T00:00:00.000000,1,50.69,BUY
MCD,2024-05-13T00:00:00.000000,1,50.69,BUY
MCD,2024-05-14T00:00:00.000000,1,50.69,BUY
MCD,2024-05-15T00:00:00.000000,1,50.44,BUY
MCD,2024-05-16T00:00:00.000000,1,48.73,BUY
MCD,2024-05-17T00:00:00.000000,1,48.73,BUY
MCD,2024-05-20T00:00:00.000000,0,46.09,SELL
MCD,2024-05-21T00:00:00.000000,0,46.09,SELL
MCD,2024-05-22T00:00:00.000000,1,48.73,BUY
MCD,2024-05-23T00:00:00.000000,1,48.73,BUY
MCD,2024-05-24T00:00:00.000000,1,48.73,BUY
MCD,2024-05-28T00:00:00.000000,1,48.73,BUY
MCD,2024-05-29T00:00:00.000000,1,48.73,BUY
MCD,2024-05-30T00:00:00.000000,1,48.73,BUY
MCD,2024-05-31T00:00:00.000000,1,48.73,BUY
MCD,2024-06-03T00:00:00.000000,1,48.73,BUY
MCD,2024-06-04T00:00:00.000000,1,48.73,BUY
MCD,2024-06-05T00:00:00.000000,0,48.73,SELL
MCD,2024-06-06T00:00:00.000000,0,46.09,SELL
MCD,2024-06-07T00:00:00.000000,0,46.09,SELL
MCD,2024-06-10T00:00:00.000000,0,42.94,SELL
MCD,2024-06-11T00:00:00.000000,0,42.94,SELL
MCD,2024-06-12T00:00:00.000000,0,42.94,SELL
MCD,2024-06-13T00:00:00.000000,0,46.09,SELL
MCD,2024-06-14T00:00:00.000000,1,48.73,BUY
MCD,2024-06-17T00:00:00.000000,1,50.44,BUY
MCD,2024-06-18T00:00:00.000000,1,50.44,BUY
MCD,2024-06-20T00:00:00.000000,1,50.44,BUY
MCD,2024-06-21T00:00:00.000000,1,50.44,BUY
MCD,2024-06-24T00:00:00.000000,1,50.44,BUY
MCD,2024-06-25T00:00:00.000000,1,50.44,BUY
MCD,2024-06-26T00:00:00.000000,1,48.73,BUY
MCD,2024-06-27T00:00:00.000000,1,48.73,BUY
MCD,2024-06-28T00:00:00.000000,1,48.73,BUY
MCD,2024-07-01T00:00:00.000000,1,50.44,BUY
MCD,2024-07-02T00:00:00.000000,1,50.44,BUY
MCD,2024-07-03T00:00:00.000000,1,50.44,BUY
MCD,2024-07-05T00:00:00.000000,1,50.69,BUY
MCD,2024-07-08T00:00:00.000000,1,50.69,BUY
MCD,2024-07-09T00:00:00.000000,1,50.69,BUY
MCD,2024-07-10T00:00:00.000000,1,58.57,BUY
MCD,2024-07-11T00:00:00.000000,1,58.57,BUY
MCD,2024-07-12T00:00:00.000000,1,50.69,BUY
MCD,2024-07-15T00:00:00.000000,1,50.44,BUY
MCD,2024-07-16T00:00:00.000000,0,46.09,SELL
MCD,2024-07-17T00:00:00.000000,0,42.94,SELL
MCD,2024-07-18T00:00:00.000000,0,42.94,SELL
MCD,2024-07-19T00:00:00.000000,0,46.09,SELL
MCD,2024-07-22T00:00:00.000000,0,48.73,SELL
MCD,2024-07-23T00:00:00.000000,1,48.73,BUY
MCD,2024-07-24T00:00:00.000000,1,50.44,BUY
MCD,2024-07-25T00:00:00.000000,1,50.44,BUY
MCD,2024-07-26T00:00:00.000000,1,50.44,BUY
MCD,2024-07-29T00:00:00.000000,1,50.44,BUY
MCD,2024-07-30T00:00:00.000000,1,50.69,BUY
MCD,2024-07-31T00:00:00.000000,1,50.69,BUY
MCD,2024-08-01T00:00:00.000000,1,50.69,BUY
MCD,2024-08-02T00:00:00.000000,1,50.69,BUY
MCD,2024-08-05T00:00:00.000000,1,50.69,BUY
MCD,2024-08-06T00:00:00.000000,1,50.69,BUY
MCD,2024-08-07T00:00:00.000000,1,50.69,BUY
MCD,2024-08-08T00:00:00.000000,1,50.69,BUY
MCD,2024-08-09T00:00:00.000000,1,50.69,BUY
MCD,2024-08-12T00:00:00.000000,1,50.69,BUY
MCD,2024-08-13T00:00:00.000000,1,50.69,BUY
MCD,2024-08-14T00:00:00.000000,1,50.69,BUY
MCD,2024-08-15T00:00:00.000000,1,50.69,BUY
MCD,2024-08-16T00:00:00.000000,1,50.69,BUY
MCD,2024-08-19T00:00:00.000000,1,50.69,BUY
MCD,2024-08-20T00:00:00.000000,1,50.69,BUY
MCD,2024-08-21T00:00:00.000000,1,50.44,BUY
MCD,2024-08-22T00:00:00.000000,1,48.73,BUY
MCD,2024-08-23T00:00:00.000000,1,48.73,BUY
MCD,2024-08-26T00:00:00.000000,1,48.73,BUY
MCD,2024-08-27T00:00:00.000000,1,48.73,BUY
MCD,2024-08-28T00:00:00.000000,1,48.73,BUY
MCD,2024-08-29T00:00:00.000000,1,48.73,BUY
MCD,2024-08-30T00:00:00.000000,1,48.73,BUY
MCD,2024-09-03T00:00:00.000000,1,48.73,BUY
MCD,2024-09-04T00:00:00.000000,1,48.73,BUY
MCD,2024-09-05T00:00:00.000000,1,50.44,BUY
MCD,2024-09-06T00:00:00.000000,1,50.44,BUY
MCD,2024-09-09T00:00:00.000000,1,50.44,BUY
MCD,2024-09-10T00:00:00.000000,1,50.69,BUY
MCD,2024-09-11T00:00:00.000000,1,50.69,BUY
MCD,2024-09-12T00:00:00.000000,1,50.44,BUY
MCD,2024-09-13T00:00:00.000000,1,50.44,BUY
MCD,2024-09-16T00:00:00.000000,1,50.44,BUY
MCD,2024-09-17T00:00:00.000000,1,50.69,BUY
MCD,2024-09-18T00:00:00.000000,1,50.69,BUY
MCD,2024-09-19T00:00:00.000000,1,50.69,BUY
MCD,2024-09-20T00:00:00.000000,1,50.69,BUY
MCD,2024-09-23T00:00:00.000000,1,50.44,BUY
MCD,2024-09-24T00:00:00.000000,1,50.44,BUY
MCD,2024-09-25T00:00:00.000000,1,48.73,BUY
MCD,2024-09-26T00:00:00.000000,1,48.73,BUY
MCD,2024-09-27T00:00:00.000000,1,48.73,BUY
MCD,2024-09-30T00:00:00.000000,1,50.44,BUY
MCD,2024-10-01T00:00:00.000000,1,48.73,BUY
MCD,2024-10-02T00:00:00.000000,1,48.73,BUY
MCD,2024-10-03T00:00:00.000000,1,48.73,BUY
MCD,2024-10-04T00:00:00.000000,1,48.73,BUY
MCD,2024-10-07T00:00:00.000000,1,48.73,BUY
MCD,2024-10-08T00:00:00.000000,1,50.44,BUY
MCD,2024-10-09T00:00:00.000000,1,50.44,BUY
MCD,2024-10-10T00:00:00.000000,1,50.44,BUY
MCD,2024-10-11T00:00:00.000000,1,50.44,BUY
MCD,2024-10-14T00:00:00.000000,1,50.44,BUY
MCD,2024-10-15T00:00:00.000000,1,48.73,BUY
MCD,2024-10-16T00:00:00.000000,1,48.73,BUY
MCD,2024-10-17T00:00:00.000000,1,48.73,BUY
MCD,2024-10-18T00:00:00.000000,1,48.73,BUY
MCD,2024-10-21T00:00:00.000000,1,48.73,BUY
MCD,2024-10-22T00:00:00.000000,1,50.44,BUY
MCD,2024-10-23T00:00:00.000000,1,50.44,BUY
MCD,2024-10-24T00:00:00.000000,1,50.44,BUY
MCD,2024-10-25T00:00:00.000000,1,50.44,BUY
MCD,2024-10-28T00:00:00.000000,1,50.44,BUY
MCD,2024-10-29T00:00:00.000000,1,50.44,BUY
MCD,2024-10-30T00:00:00.000000,1,50.44,BUY
MCD,2024-10-31T00:00:00.000000,1,50.44,BUY
MCD,2024-11-01T00:00:00.000000,1,50.44,BUY
MCD,2024-11-04T00:00:00.000000,1,50.44,BUY
MCD,2024-11-05T00:00:00.000000,1,50.44,BUY
MCD,2024-11-06T00:00:00.000000,1,50.44,BUY
MCD,2024-11-07T00:00:00.000000,1,50.44,BUY
MCD,2024-11-08T00:00:00.000000,1,48.73,BUY
MCD,2024-11-11T00:00:00.000000,1,48.73,BUY
MCD,2024-11-12T00:00:00.000000,1,48.73,BUY
MCD,2024-11-13T00:00:00.000000,1,48.73,BUY
MCD,2024-11-14T00:00:00.000000,1,48.73,BUY
MCD,2024-11-15T00:00:00.000000,1,48.73,BUY
MCD,2024-11-18T00:00:00.000000,0,48.73,SELL
MCD,2024-11-19T00:00:00.000000,0,46.09,SELL
MCD,2024-11-20T00:00:00.000000,0,42.94,SELL
MCD,2024-11-21T00:00:00.000000,0,42.94,SELL
MCD,2024-11-22T00:00:00.000000,0,39.62,SELL
MCD,2024-11-25T00:00:00.000000,0,39.62,SELL
MCD,2024-11-26T00:00:00.000000,0,42.94,SELL
MCD,2024-11-27T00:00:00.000000,0,42.94,SELL
MCD,2024-11-29T00:00:00.000000,0,46.09,SELL
MCD,2024-12-02T00:00:00.000000,0,46.09,SELL
MCD,2024-12-03T00:00:00.000000,0,46.09,SELL
MCD,2024-12-04T00:00:00.000000,0,42.94,SELL
MCD,2024-12-05T00:00:00.000000,0,42.94,SELL
MCD,2024-12-06T00:00:00.000000,0,42.94,SELL
MCD,2024-12-09T00:00:00.000000,1,48.73,BUY
MCD,2024-12-10T00:00:00.000000,1,50.44,BUY
MCD,2024-12-11T00:00:00.000000,1,50.69,BUY
MCD,2024-12-12T00:00:00.000000,1,50.69,BUY
MCD,2024-12-13T00:00:00.000000,1,50.69,BUY
MCD,2024-12-16T00:00:00.000000,1,50.69,BUY
MCD,2024-12-17T00:00:00.000000,1,50.69,BUY
MCD,2024-12-18T00:00:00.000000,1,58.57,BUY
MCD,2024-12-19T00:00:00.000000,1,58.57,BUY
MCD,2024-12-20T00:00:00.000000,1,50.69,BUY
META,2023-02-21T00:00:00.000000,0,42.94,SELL
META,2023-02-22T00:00:00.000000,0,42.94,SELL
META,2023-02-23T00:00:00.000000,0,42.94,SELL
META,2023-02-24T00:00:00.000000,0,42.94,SELL
META,2023-02-27T00:00:00.000000,0,42.94,SELL
META,2023-02-28T00:00:00.000000,0,42.94,SELL
META,2023-03-01T00:00:00.000000,0,42.94,SELL
META,2023-03-02T00:00:00.000000,0,46.09,SELL
META,2023-03-03T00:00:00.000000,0,46.09,SELL
META,2023-03-06T00:00:00.000000,0,46.09,SELL
META,2023-03-07T00:00:00.000000,0,46.09,SELL
META,2023-03-08T00:00:00.000000,0,46.09,SELL
META,2023-03-09T00:00:00.000000,0,46.09,SELL
META,2023-03-10T00:00:00.000000,0,46.09,SELL
META,2023-03-13T00:00:00.000000,0,46.09,SELL
META,2023-03-14T00:00:00.000000,0,46.09,SELL
META,2023-03-15T00:00:00.000000,0,46.09,SELL
META,2023-03-16T00:00:00.000000,0,46.09,SELL
META,2023-03-17T00:00:00.000000,0,48.73,SELL
META,2023-03-20T00:00:00.000000,1,48.73,BUY
META,2023-03-21T00:00:00.000000,1,48.73,BUY
META,2023-03-22T00:00:00.000000,0,48.73,SELL
META,2023-03-23T00:00:00.000000,0,48.73,SELL
META,2023-03-24T00:00:00.000000,0,46.09,SELL
META,2023-03-27T00:00:00.000000,0,46.09,SELL
META,2023-03-28T00:00:00.000000,0,46.09,SELL
META,2023-03-29T00:00:00.000000,0,46.09,SELL
META,2023-03-30T00:00:00.000000,0,42.94,SELL
META,2023-03-31T00:00:00.000000,0,42.94,SELL
META,2023-04-03T00:00:00.000000,0,42.94,SELL
META,2023-04-04T00:00:00.000000,0,42.94,SELL
META,2023-04-05T00:00:00.000000,0,46.09,SELL
META,2023-04-06T00:00:00.000000,0,46.09,SELL
META,2023-04-10T00:00:00.000000,0,46.09,SELL
META,2023-04-11T00:00:00.000000,0,42.94,SELL
META,2023-04-12T00:00:00.000000,0,46.09,SELL
META,2023-04-13T00:00:00.000000,0,46.09,SELL
META,2023-04-14T00:00:00.000000,0,46.09,SELL
META,2023-04-17T00:00:00.000000,0,46.09,SELL
META,2023-04-18T00:00:00.000000,0,46.09,SELL
META,2023-04-19T00:00:00.000000,0,48.73,SELL
META,2023-04-20T00:00:00.000000,0,48.73,SELL
META,2023-04-21T00:00:00.000000,1,48.73,BUY
META,2023-04-24T00:00:00.000000,1,48.73,BUY
META,2023-04-25T00:00:00.000000,1,48.73,BUY
META,2023-04-26T00:00:00.000000,1,50.44,BUY
META,2023-04-27T00:00:00.000000,1,50.44,BUY
META,2023-04-28T00:00:00.000000,1,50.44,BUY
META,2023-05-01T00:00:00.000000,1,50.0,BUY
META,2023-05-02T00:00:00.000000,1,48.73,BUY
META,2023-05-03T00:00:00.000000,1,48.73,BUY
META,2023-05-04T00:00:00.000000,1,48.73,BUY
META,2023-05-05T00:00:00.000000,1,48.73,BUY
META,2023-05-08T00:00:00.000000,1,48.73,BUY
META,2023-05-09T00:00:00.000000,1,48.73,BUY
META,2023-05-10T00:00:00.000000,0,48.73,SELL
META,2023-05-11T00:00:00.000000,0,48.73,SELL
META,2023-05-12T00:00:00.000000,0,48.73,SELL
META,2023-05-15T00:00:00.000000,0,48.73,SELL
META,2023-05-16T00:00:00.000000,0,48.73,SELL
META,2023-05-17T00:00:00.000000,0,48.73,SELL
META,2023-05-18T00:00:00.000000,0,46.09,SELL
META,2023-05-19T00:00:00.000000,0,46.09,SELL
META,2023-05-22T00:00:00.000000,0,46.09,SELL
META,2023-05-23T00:00:00.000000,0,46.09,SELL
META,2023-05-24T00:00:00.000000,0,46.09,SELL
META,2023-05-25T00:00:00.000000,0,46.09,SELL
META,2023-05-26T00:00:00.000000,0,46.09,SELL
META,2023-05-30T00:00:00.000000,0,48.73,SELL
META,2023-05-31T00:00:00.000000,0,48.73,SELL
META,2023-06-01T00:00:00.000000,1,48.73,BUY
META,2023-06-02T00:00:00.000000,1,48.73,BUY
META,2023-06-05T00:00:00.000000,1,48.73,BUY
META,2023-06-06T00:00:00.000000,1,48.73,BUY
META,2023-06-07T00:00:00.000000,1,48.73,BUY
META,2023-06-08T00:00:00.000000,0,48.73,SELL
META,2023-06-09T00:00:00.000000,0,46.09,SELL
META,2023-06-12T00:00:00.000000,0,46.09,SELL
META,2023-06-13T00:00:00.000000,0,46.09,SELL
META,2023-06-14T00:00:00.000000,0,46.09,SELL
META,2023-06-15T00:00:00.000000,0,46.09,SELL
META,2023-06-16T00:00:00.000000,0,46.09,SELL
META,2023-06-20T00:00:00.000000,0,46.09,SELL
META,2023-06-21T00:00:00.000000,0,46.09,SELL
META,2023-06-22T00:00:00.000000,0,46.09,SELL
META,2023-06-23T00:00:00.000000,0,46.09,SELL
META,2023-06-26T00:00:00.000000,0,46.09,SELL
META,2023-06-27T00:00:00.000000,0,46.09,SELL
META,2023-06-28T00:00:00.000000,0,46.09,SELL
META,2023-06-29T00:00:00.000000,0,46.09,SELL
META,2023-06-30T00:00:00.000000,0,48.73,SELL
META,2023-07-03T00:00:00.000000,0,48.73,SELL
META,2023-07-05T00:00:00.000000,0,48.73,SELL
META,2023-07-06T00:00:00.000000,0,48.73,SELL
META,2023-07-07T00:00:00.000000,1,48.73,BUY
META,2023-07-10T00:00:00.000000,1,48.73,BUY
META,2023-07-11T00:00:00.000000,1,48.73,BUY
META,2023-07-12T00:00:00.000000,0,48.73,SELL
META,2023-07-13T00:00:00.000000,0,48.73,SELL
META,2023-07-14T00:00:00.000000,0,46.09,SELL
META,2023-07-17T00:00:00.000000,0,46.09,SELL
META,2023-07-18T00:00:00.000000,0,46.09,SELL
META,2023-07-19T00:00:00.000000,0,46.09,SELL
META,2023-07-20T00:00:00.000000,0,46.09,SELL
META,2023-07-21T00:00:00.000000,0,46.09,SELL
META,2023-07-24T00:00:00.000000,0,46.09,SELL
META,2023-07-25T00:00:00.000000,0,42.94,SELL
META,2023-07-26T00:00:00.000000,0,42.94,SELL
META,2023-07-27T00:00:00.000000,0,42.94,SELL
META,2023-07-28T00:00:00.000000,0,46.09,SELL
META,2023-07-31T00:00:00.000000,0,46.09,SELL
META,2023-08-01T00:00:00.000000,0,46.09,SELL
META,2023-08-02T00:00:00.000000,0,46.09,SELL
META,2023-08-03T00:00:00.000000,0,46.09,SELL
META,2023-08-04T00:00:00.000000,0,46.09,SELL
META,2023-08-07T00:00:00.000000,0,46.09,SELL
META,2023-08-08T00:00:00.000000,0,46.09,SELL
META,2023-08-09T00:00:00.000000,0,46.09,SELL
META,2023-08-10T00:00:00.000000,0,48.73,SELL
META,2023-08-11T00:00:00.000000,1,48.73,BUY
META,2023-08-14T00:00:00.000000,1,48.73,BUY
META,2023-08-15T00:00:00.000000,1,48.73,BUY
META,2023-08-16T00:00:00.000000,1,48.73,BUY
META,2023-08-17T00:00:00.000000,1,50.44,BUY
META,2023-08-18T00:00:00.000000,1,50.44,BUY
META,2023-08-21T00:00:00.000000,1,50.44,BUY
META,2023-08-22T00:00:00.000000,1,50.44,BUY
META,2023-08-23T00:00:00.000000,1,50.44,BUY
META,2023-08-24T00:00:00.000000,1,50.69,BUY
META,2023-08-25T00:00:00.000000,1,50.69,BUY
META,2023-08-28T00:00:00.000000,1,50.69,BUY
META,2023-08-29T00:00:00.000000,1,50.69,BUY
META,2023-08-30T00:00:00.000000,1,50.69,BUY
META,2023-08-31T00:00:00.000000,1,50.44,BUY
META,2023-09-01T00:00:00.000000,1,50.44,BUY
META,2023-09-05T00:00:00.000000,1,50.44,BUY
META,2023-09-06T00:00:00.000000,1,50.44,BUY
META,2023-09-07T00:00:00.000000,1,50.44,BUY
META,2023-09-08T00:00:00.000000,1,50.44,BUY
META,2023-09-11T00:00:00.000000,1,50.44,BUY
META,2023-09-12T00:00:00.000000,1,50.44,BUY
META,2023-09-13T00:00:00.000000,1,50.44,BUY
META,2023-09-14T00:00:00.000000,1,50.44,BUY
META,2023-09-15T00:00:00.000000,1,50.44,BUY
META,2023-09-18T00:00:00.000000,1,50.44,BUY
META,2023-09-19T00:00:00.000000,1,50.44,BUY
META,2023-09-20T00:00:00.000000,1,50.44,BUY
META,2023-09-21T00:00:00.000000,1,50.44,BUY
META,2023-09-22T00:00:00.000000,1,50.44,BUY
META,2023-09-25T00:00:00.000000,1,50.44,BUY
META,2023-09-26T00:00:00.000000,1,50.69,BUY
META,2023-09-27T00:00:00.000000,1,50.69,BUY
META,2023-09-28T00:00:00.000000,1,50.69,BUY
META,2023-09-29T00:00:00.000000,1,50.69,BUY
META,2023-10-02T00:00:00.000000,1,50.69,BUY
META,2023-10-03T00:00:00.000000,1,50.69,BUY
META,2023-10-04T00:00:00.000000,1,50.69,BUY
META,2023-10-05T00:00:00.000000,1,50.69,BUY
META,2023-10-06T00:00:00.000000,1,50.69,BUY
META,2023-10-09T00:00:00.000000,1,50.69,BUY
META,2023-10-10T00:00:00.000000,1,50.69,BUY
META,2023-10-11T00:00:00.000000,1,50.69,BUY
META,2023-10-12T00:00:00.000000,1,50.69,BUY
META,2023-10-13T00:00:00.000000,1,50.44,BUY
META,2023-10-16T00:00:00.000000,1,50.44,BUY
META,2023-10-17T00:00:00.000000,1,50.44,BUY
META,2023-10-18T00:00:00.000000,1,50.44,BUY
META,2023-10-19T00:00:00.000000,1,50.44,BUY
META,2023-10-20T00:00:00.000000,1,50.44,BUY
META,2023-10-23T00:00:00.000000,1,50.44,BUY
META,2023-10-24T00:00:00.000000,1,50.44,BUY
META,2023-10-25T00:00:00.000000,1,50.44,BUY
META,2023-10-26T00:00:00.000000,1,50.69,BUY
META,2023-10-27T00:00:00.000000,1,50.69,BUY
META,2023-10-30T00:00:00.000000,1,50.69,BUY
META,2023-10-31T00:00:00.000000,1,50.69,BUY
META,2023-11-01T00:00:00.000000,1,50.69,BUY
META,2023-11-02T00:00:00.000000,1,50.69,BUY
META,2023-11-03T00:00:00.000000,1,50.69,BUY
META,2023-11-06T00:00:00.000000,1,50.69,BUY
META,2023-11-07T00:00:00.000000,1,50.44,BUY
META,2023-11-08T00:00:00.000000,1,48.73,BUY
META,2023-11-09T00:00:00.000000,1,48.73,BUY
META,2023-11-10T00:00:00.000000,1,48.73,BUY
META,2023-11-13T00:00:00.000000,1,48.73,BUY
META,2023-11-14T00:00:00.000000,0,48.73,SELL
META,2023-11-15T00:00:00.000000,0,46.09,SELL
META,2023-11-16T00:00:00.000000,0,46.09,SELL
META,2023-11-17T00:00:00.000000,0,46.09,SELL
META,2023-11-20T00:00:00.000000,0,46.09,SELL
META,2023-11-21T00:00:00.000000,0,46.09,SELL
META,2023-11-22T00:00:00.000000,0,46.09,SELL
META,2023-11-24T00:00:00.000000,0,46.09,SELL
META,2023-11-27T00:00:00.000000,0,46.09,SELL
META,2023-11-28T00:00:00.000000,0,48.73,SELL
META,2023-11-29T00:00:00.000000,0,46.09,SELL
META,2023-11-30T00:00:00.000000,0,46.09,SELL
META,2023-12-01T00:00:00.000000,0,46.09,SELL
META,2023-12-04T00:00:00.000000,0,46.09,SELL
META,2023-12-05T00:00:00.000000,0,46.09,SELL
META,2023-12-06T00:00:00.000000,0,48.73,SELL
META,2023-12-07T00:00:00.000000,1,48.73,BUY
META,2023-12-08T00:00:00.000000,1,50.44,BUY
META,2023-12-11T00:00:00.000000,1,50.44,BUY
META,2023-12-12T00:00:00.000000,1,50.44,BUY
META,2023-12-13T00:00:00.000000,1,48.73,BUY
META,2023-12-14T00:00:00.000000,1,48.73,BUY
META,2023-12-15T00:00:00.000000,0,48.73,SELL
META,2023-12-18T00:00:00.000000,0,48.73,SELL
META,2023-12-19T00:00:00.000000,0,48.73,SELL
META,2023-12-20T00:00:00.000000,1,48.73,BUY
META,2023-12-21T00:00:00.000000,1,48.73,BUY
META,2023-12-22T00:00:00.000000,1,48.73,BUY
META,2023-12-26T00:00:00.000000,0,48.73,SELL
META,2023-12-27T00:00:00.000000,0,48.73,SELL
META,2023-12-28T00:00:00.000000,0,46.09,SELL
META,2023-12-29T00:00:00.000000,0,46.09,SELL
META,2024-01-02T00:00:00.000000,0,48.73,SELL
META,2024-01-03T00:00:00.000000,0,48.73,SELL
META,2024-01-04T00:00:00.000000,0,48.73,SELL
META,2024-01-05T00:00:00.000000,0,48.73,SELL
META,2024-01-08T00:00:00.000000,0,48.73,SELL
META,2024-01-09T00:00:00.000000,1,48.73,BUY
META,2024-01-10T00:00:00.000000,1,48.73,BUY
META,2024-01-11T00:00:00.000000,1,48.73,BUY
META,2024-01-12T00:00:00.000000,1,48.73,BUY
META,2024-01-16T00:00:00.000000,1,48.73,BUY
META,2024-01-17T00:00:00.000000,1,48.73,BUY
META,2024-01-18T00:00:00.000000,1,48.73,BUY
META,2024-01-19T00:00:00.000000,1,48.73,BUY
META,2024-01-22T00:00:00.000000,1,48.73,BUY
META,2024-01-23T00:00:00.000000,0,48.73,SELL
META,2024-01-24T00:00:00.000000,1,48.73,BUY
META,2024-01-25T00:00:00.000000,0,48.73,SELL
META,2024-01-26T00:00:00.000000,0,48.73,SELL
META,2024-01-29T00:00:00.000000,0,48.73,SELL
META,2024-01-30T00:00:00.000000,0,48.73,SELL
META,2024-01-31T00:00:00.000000,0,48.73,SELL
META,2024-02-01T00:00:00.000000,0,48.73,SELL
META,2024-02-02T00:00:00.000000,0,46.09,SELL
META,2024-02-05T00:00:00.000000,0,46.09,SELL
META,2024-02-06T00:00:00.000000,0,46.09,SELL
META,2024-02-07T00:00:00.000000,0,46.09,SELL
META,2024-02-08T00:00:00.000000,0,46.09,SELL
META,2024-02-09T00:00:00.000000,0,46.09,SELL
META,2024-02-12T00:00:00.000000,0,46.09,SELL
META,2024-02-13T00:00:00.000000,0,42.94,SELL
META,2024-02-14T00:00:00.000000,0,42.94,SELL
META,2024-02-15T00:00:00.000000,0,42.94,SELL
META,2024-02-16T00:00:00.000000,0,42.94,SELL
META,2024-02-20T00:00:00.000000,0,42.94,SELL
META,2024-02-21T00:00:00.000000,0,42.94,SELL
META,2024-02-22T00:00:00.000000,0,42.94,SELL
META,2024-02-23T00:00:00.000000,0,42.94,SELL
META,2024-02-26T00:00:00.000000,0,42.94,SELL
META,2024-02-27T00:00:00.000000,0,42.94,SELL
META,2024-02-28T00:00:00.000000,0,42.94,SELL
META,2024-02-29T00:00:00.000000,0,42.94,SELL
META,2024-03-01T00:00:00.000000,0,42.94,SELL
META,2024-03-04T00:00:00.000000,0,42.94,SELL
META,2024-03-05T00:00:00.000000,0,42.94,SELL
META,2024-03-06T00:00:00.000000,0,42.94,SELL
META,2024-03-07T00:00:00.000000,0,42.94,SELL
META,2024-03-08T00:00:00.000000,0,42.94,SELL
META,2024-03-11T00:00:00.000000,0,42.94,SELL
META,2024-03-12T00:00:00.000000,0,42.94,SELL
META,2024-03-13T00:00:00.000000,0,42.94,SELL
META,2024-03-14T00:00:00.000000,0,42.94,SELL
META,2024-03-15T00:00:00.000000,0,42.94,SELL
META,2024-03-18T00:00:00.000000,0,42.94,SELL
META,2024-03-19T00:00:00.000000,0,42.94,SELL
META,2024-03-20T00:00:00.000000,0,42.94,SELL
META,2024-03-21T00:00:00.000000,0,42.94,SELL
META,2024-03-22T00:00:00.000000,0,42.94,SELL
META,2024-03-25T00:00:00.000000,0,42.94,SELL
META,2024-03-26T00:00:00.000000,0,42.94,SELL
META,2024-03-27T00:00:00.000000,0,42.94,SELL
META,2024-03-28T00:00:00.000000,0,42.94,SELL
META,2024-04-01T00:00:00.000000,0,42.94,SELL
META,2024-04-02T00:00:00.000000,0,46.09,SELL
META,2024-04-03T00:00:00.000000,0,46.09,SELL
META,2024-04-04T00:00:00.000000,0,46.09,SELL
META,2024-04-05T00:00:00.000000,0,48.73,SELL
META,2024-04-08T00:00:00.000000,1,48.73,BUY
META,2024-04-09T00:00:00.000000,1,48.73,BUY
META,2024-04-10T00:00:00.000000,1,48.73,BUY
META,2024-04-11T00:00:00.000000,1,48.73,BUY
META,2024-04-12T00:00:00.000000,1,48.73,BUY
META,2024-04-15T00:00:00.000000,1,48.73,BUY
META,2024-04-16T00:00:00.000000,1,48.73,BUY
META,2024-04-17T00:00:00.000000,1,48.73,BUY
META,2024-04-18T00:00:00.000000,1,48.73,BUY
META,2024-04-19T00:00:00.000000,1,48.73,BUY
META,2024-04-22T00:00:00.000000,1,48.73,BUY
META,2024-04-23T00:00:00.000000,1,48.73,BUY
META,2024-04-24T00:00:00.000000,1,50.44,BUY
META,2024-04-25T00:00:00.000000,1,50.44,BUY
META,2024-04-26T00:00:00.000000,1,48.73,BUY
META,2024-04-29T00:00:00.000000,1,48.73,BUY
META,2024-04-30T00:00:00.000000,1,48.73,BUY
META,2024-05-01T00:00:00.000000,1,50.44,BUY
META,2024-05-02T00:00:00.000000,1,50.69,BUY
META,2024-05-03T00:00:00.000000,1,50.69,BUY
META,2024-05-06T00:00:00.000000,1,50.69,BUY
META,2024-05-07T00:00:00.000000,1,50.69,BUY
META,2024-05-08T00:00:00.000000,1,50.69,BUY
META,2024-05-09T00:00:00.000000,1,50.44,BUY
META,2024-05-10T00:00:00.000000,1,48.73,BUY
META,2024-05-13T00:00:00.000000,1,48.73,BUY
META,2024-05-14T00:00:00.000000,0,48.73,SELL
META,2024-05-15T00:00:00.000000,0,48.73,SELL
META,2024-05-16T00:00:00.000000,1,48.73,BUY
META,2024-05-17T00:00:00.000000,1,48.73,BUY
META,2024-05-20T00:00:00.000000,1,50.44,BUY
META,2024-05-21T00:00:00.000000,1,50.44,BUY
META,2024-05-22T00:00:00.000000,1,50.44,BUY
META,2024-05-23T00:00:00.000000,1,50.69,BUY
META,2024-05-24T00:00:00.000000,1,50.69,BUY
META,2024-05-28T00:00:00.000000,1,50.69,BUY
META,2024-05-29T00:00:00.000000,1,50.69,BUY
META,2024-05-30T00:00:00.000000,1,50.69,BUY
META,2024-05-31T00:00:00.000000,1,50.69,BUY
META,2024-06-03T00:00:00.000000,1,50.69,BUY
META,2024-06-04T00:00:00.000000,1,50.69,BUY
META,2024-06-05T00:00:00.000000,1,50.69,BUY
META,2024-06-06T00:00:00.000000,1,50.69,BUY
META,2024-06-07T00:00:00.000000,1,50.69,BUY
META,2024-06-10T00:00:00.000000,1,50.69,BUY
META,2024-06-11T00:00:00.000000,1,50.44,BUY
META,2024-06-12T00:00:00.000000,1,50.44,BUY
META,2024-06-13T00:00:00.000000,1,50.44,BUY
META,2024-06-14T00:00:00.000000,1,50.44,BUY
META,2024-06-17T00:00:00.000000,1,50.44,BUY
META,2024-06-18T00:00:00.000000,1,50.44,BUY
META,2024-06-20T00:00:00.000000,1,48.73,BUY
META,2024-06-21T00:00:00.000000,1,48.73,BUY
META,2024-06-24T00:00:00.000000,1,48.73,BUY
META,2024-06-25T00:00:00.000000,1,50.44,BUY
META,2024-06-26T00:00:00.000000,1,48.73,BUY
META,2024-06-27T00:00:00.000000,1,48.73,BUY
META,2024-06-28T00:00:00.000000,1,48.73,BUY
META,2024-07-01T00:00:00.000000,1,48.73,BUY
META,2024-07-02T00:00:00.000000,1,48.73,BUY
META,2024-07-03T00:00:00.000000,1,48.73,BUY
META,2024-07-05T00:00:00.000000,1,48.73,BUY
META,2024-07-08T00:00:00.000000,1,48.73,BUY
META,2024-07-09T00:00:00.000000,1,48.73,BUY
META,2024-07-10T00:00:00.000000,1,48.73,BUY
META,2024-07-11T00:00:00.000000,1,48.73,BUY
META,2024-07-12T00:00:00.000000,1,48.73,BUY
META,2024-07-15T00:00:00.000000,0,48.73,SELL
META,2024-07-16T00:00:00.000000,0,46.09,SELL
META,2024-07-17T00:00:00.000000,0,46.09,SELL
META,2024-07-18T00:00:00.000000,0,46.09,SELL
META,2024-07-19T00:00:00.000000,0,46.09,SELL
META,2024-07-22T00:00:00.000000,1,48.73,BUY
META,2024-07-23T00:00:00.000000,1,48.73,BUY
META,2024-07-24T00:00:00.000000,1,48.73,BUY
META,2024-07-25T00:00:00.000000,1,48.73,BUY
META,2024-07-26T00:00:00.000000,1,48.73,BUY
META,2024-07-29T00:00:00.000000,1,48.73,BUY
META,2024-07-30T00:00:00.000000,1,48.73,BUY
META,2024-07-31T00:00:00.000000,1,48.73,BUY
META,2024-08-01T00:00:00.000000,1,50.44,BUY
META,2024-08-02T00:00:00.000000,1,50.44,BUY
META,2024-08-05T00:00:00.000000,1,50.44,BUY
META,2024-08-06T00:00:00.000000,1,50.44,BUY
META,2024-08-07T00:00:00.000000,1,50.44,BUY
META,2024-08-08T00:00:00.000000,1,50.44,BUY
META,2024-08-09T00:00:00.000000,1,48.73,BUY
META,2024-08-12T00:00:00.000000,1,48.73,BUY
META,2024-08-13T00:00:00.000000,1,48.73,BUY
META,2024-08-14T00:00:00.000000,1,48.73,BUY
META,2024-08-15T00:00:00.000000,0,48.73,SELL
META,2024-08-16T00:00:00.000000,0,46.09,SELL
META,2024-08-19T00:00:00.000000,0,46.09,SELL
META,2024-08-20T00:00:00.000000,0,46.09,SELL
META,2024-08-21T00:00:00.000000,0,46.09,SELL
META,2024-08-22T00:00:00.000000,0,46.09,SELL
META,2024-08-23T00:00:00.000000,0,46.09,SELL
META,2024-08-26T00:00:00.000000,0,46.09,SELL
META,2024-08-27T00:00:00.000000,0,42.94,SELL
META,2024-08-28T00:00:00.000000,0,42.94,SELL
META,2024-08-29T00:00:00.000000,0,42.94,SELL
META,2024-08-30T00:00:00.000000,0,46.09,SELL
META,2024-09-03T00:00:00.000000,0,46.09,SELL
META,2024-09-04T00:00:00.000000,0,48.73,SELL
META,2024-09-05T00:00:00.000000,0,48.73,SELL
META,2024-09-06T00:00:00.000000,1,48.73,BUY
META,2024-09-09T00:00:00.000000,1,48.73,BUY
META,2024-09-10T00:00:00.000000,1,48.73,BUY
META,2024-09-11T00:00:00.000000,1,50.44,BUY
META,2024-09-12T00:00:00.000000,1,50.44,BUY
META,2024-09-13T00:00:00.000000,1,50.44,BUY
META,2024-09-16T00:00:00.000000,1,50.44,BUY
META,2024-09-17T00:00:00.000000,1,50.44,BUY
META,2024-09-18T00:00:00.000000,1,50.44,BUY
META,2024-09-19T00:00:00.000000,1,50.44,BUY
META,2024-09-20T00:00:00.000000,1,48.73,BUY
META,2024-09-23T00:00:00.000000,1,48.73,BUY
META,2024-09-24T00:00:00.000000,0,48.73,SELL
META,2024-09-25T00:00:00.000000,0,46.09,SELL
META,2024-09-26T00:00:00.000000,0,46.09,SELL
META,2024-09-27T00:00:00.000000,0,46.09,SELL
META,2024-09-30T00:00:00.000000,0,46.09,SELL
META,2024-10-01T00:00:00.000000,0,48.73,SELL
META,2024-10-02T00:00:00.000000,0,48.73,SELL
META,2024-10-03T00:00:00.000000,0,48.73,SELL
META,2024-10-04T00:00:00.000000,0,48.73,SELL
META,2024-10-07T00:00:00.000000,0,48.73,SELL
META,2024-10-08T00:00:00.000000,0,48.73,SELL
META,2024-10-09T00:00:00.000000,0,48.73,SELL
META,2024-10-10T00:00:00.000000,0,48.73,SELL
META,2024-10-11T00:00:00.000000,0,48.73,SELL
META,2024-10-14T00:00:00.000000,0,48.73,SELL
META,2024-10-15T00:00:00.000000,0,48.73,SELL
META,2024-10-16T00:00:00.000000,0,48.73,SELL
META,2024-10-17T00:00:00.000000,0,48.73,SELL
META,2024-10-18T00:00:00.000000,0,48.73,SELL
META,2024-10-21T00:00:00.000000,0,48.73,SELL
META,2024-10-22T00:00:00.000000,0,48.73,SELL
META,2024-10-23T00:00:00.000000,0,48.73,SELL
META,2024-10-24T00:00:00.000000,1,48.73,BUY
META,2024-10-25T00:00:00.000000,1,48.73,BUY
META,2024-10-28T00:00:00.000000,1,48.73,BUY
META,2024-10-29T00:00:00.000000,1,48.73,BUY
META,2024-10-30T00:00:00.000000,1,48.73,BUY
META,2024-10-31T00:00:00.000000,1,48.73,BUY
META,2024-11-01T00:00:00.000000,1,48.73,BUY
META,2024-11-04T00:00:00.000000,1,48.73,BUY
META,2024-11-05T00:00:00.000000,1,48.73,BUY
META,2024-11-06T00:00:00.000000,1,48.73,BUY
META,2024-11-07T00:00:00.000000,1,48.73,BUY
META,2024-11-08T00:00:00.000000,1,48.73,BUY
META,2024-11-11T00:00:00.000000,1,48.73,BUY
META,2024-11-12T00:00:00.000000,1,48.73,BUY
META,2024-11-13T00:00:00.000000,0,48.73,SELL
META,2024-11-14T00:00:00.000000,0,46.09,SELL
META,2024-11-15T00:00:00.000000,0,46.09,SELL
META,2024-11-18T00:00:00.000000,0,46.09,SELL
META,2024-11-19T00:00:00.000000,0,46.09,SELL
META,2024-11-20T00:00:00.000000,0,46.09,SELL
META,2024-11-21T00:00:00.000000,0,46.09,SELL
META,2024-11-22T00:00:00.000000,0,46.09,SELL
META,2024-11-25T00:00:00.000000,0,48.73,SELL
META,2024-11-26T00:00:00.000000,1,48.73,BUY
META,2024-11-27T00:00:00.000000,1,48.73,BUY
META,2024-11-29T00:00:00.000000,1,48.73,BUY
META,2024-12-02T00:00:00.000000,1,48.73,BUY
META,2024-12-03T00:00:00.000000,1,48.73,BUY
META,2024-12-04T00:00:00.000000,1,48.73,BUY
META,2024-12-05T00:00:00.000000,1,48.73,BUY
META,2024-12-06T00:00:00.000000,1,48.73,BUY
META,2024-12-09T00:00:00.000000,1,48.73,BUY
META,2024-12-10T00:00:00.000000,1,48.73,BUY
META,2024-12-11T00:00:00.000000,1,48.73,BUY
META,2024-12-12T00:00:00.000000,1,48.73,BUY
META,2024-12-13T00:00:00.000000,1,48.73,BUY
META,2024-12-16T00:00:00.000000,1,48.73,BUY
META,2024-12-17T00:00:00.000000,1,48.73,BUY
META,2024-12-18T00:00:00.000000,1,48.73,BUY
META,2024-12-19T00:00:00.000000,1,48.73,BUY
META,2024-12-20T00:00:00.000000,1,48.73,BUY
MRNA,2023-02-21T00:00:00.000000,0,42.94,SELL
MRNA,2023-02-22T00:00:00.000000,0,46.09,SELL
MRNA,2023-02-23T00:00:00.000000,0,46.09,SELL
MRNA,2023-02-24T00:00:00.000000,0,48.73,SELL
MRNA,2023-02-27T00:00:00.000000,0,48.73,SELL
MRNA,2023-02-28T00:00:00.000000,1,48.73,BUY
MRNA,2023-03-01T00:00:00.000000,1,50.44,BUY
MRNA,2023-03-02T00:00:00.000000,1,50.69,BUY
MRNA,2023-03-03T00:00:00.000000,1,50.69,BUY
MRNA,2023-03-06T00:00:00.000000,1,50.69,BUY
MRNA,2023-03-07T00:00:00.000000,1,50.69,BUY
MRNA,2023-03-08T00:00:00.000000,1,50.69,BUY
MRNA,2023-03-09T00:00:00.000000,1,48.73,BUY
MRNA,2023-03-10T00:00:00.000000,0,46.09,SELL
MRNA,2023-03-13T00:00:00.000000,0,48.73,SELL
MRNA,2023-03-14T00:00:00.000000,1,48.73,BUY
MRNA,2023-03-15T00:00:00.000000,1,48.73,BUY
MRNA,2023-03-16T00:00:00.000000,1,50.44,BUY
MRNA,2023-03-17T00:00:00.000000,1,50.44,BUY
MRNA,2023-03-20T00:00:00.000000,1,50.44,BUY
MRNA,2023-03-21T00:00:00.000000,1,50.44,BUY
MRNA,2023-03-22T00:00:00.000000,1,50.69,BUY
MRNA,2023-03-23T00:00:00.000000,1,50.69,BUY
MRNA,2023-03-24T00:00:00.000000,1,50.69,BUY
MRNA,2023-03-27T00:00:00.000000,1,50.69,BUY
MRNA,2023-03-28T00:00:00.000000,1,50.69,BUY
MRNA,2023-03-29T00:00:00.000000,1,50.69,BUY
MRNA,2023-03-30T00:00:00.000000,1,50.69,BUY
MRNA,2023-03-31T00:00:00.000000,1,50.69,BUY
MRNA,2023-04-03T00:00:00.000000,1,50.44,BUY
MRNA,2023-04-04T00:00:00.000000,1,50.44,BUY
MRNA,2023-04-05T00:00:00.000000,1,48.73,BUY
MRNA,2023-04-06T00:00:00.000000,1,48.73,BUY
MRNA,2023-04-10T00:00:00.000000,1,48.73,BUY
MRNA,2023-04-11T00:00:00.000000,0,48.73,SELL
MRNA,2023-04-12T00:00:00.000000,0,46.09,SELL
MRNA,2023-04-13T00:00:00.000000,0,48.73,SELL
MRNA,2023-04-14T00:00:00.000000,0,48.73,SELL
MRNA,2023-04-17T00:00:00.000000,0,48.73,SELL
MRNA,2023-04-18T00:00:00.000000,0,48.73,SELL
MRNA,2023-04-19T00:00:00.000000,0,46.09,SELL
MRNA,2023-04-20T00:00:00.000000,0,46.09,SELL
MRNA,2023-04-21T00:00:00.000000,0,46.09,SELL
MRNA,2023-04-24T00:00:00.000000,0,48.73,SELL
MRNA,2023-04-25T00:00:00.000000,1,50.44,BUY
MRNA,2023-04-26T00:00:00.000000,1,50.44,BUY
MRNA,2023-04-27T00:00:00.000000,1,48.73,BUY
MRNA,2023-04-28T00:00:00.000000,1,48.73,BUY
MRNA,2023-05-01T00:00:00.000000,0,48.73,SELL
MRNA,2023-05-02T00:00:00.000000,0,48.73,SELL
MRNA,2023-05-03T00:00:00.000000,0,46.09,SELL
MRNA,2023-05-04T00:00:00.000000,0,46.09,SELL
MRNA,2023-05-05T00:00:00.000000,0,48.73,SELL
MRNA,2023-05-08T00:00:00.000000,1,48.73,BUY
MRNA,2023-05-09T00:00:00.000000,1,48.73,BUY
MRNA,2023-05-10T00:00:00.000000,0,46.09,SELL
MRNA,2023-05-11T00:00:00.000000,0,46.09,SELL
MRNA,2023-05-12T00:00:00.000000,0,46.09,SELL
MRNA,2023-05-15T00:00:00.000000,0,46.09,SELL
MRNA,2023-05-16T00:00:00.000000,0,46.09,SELL
MRNA,2023-05-17T00:00:00.000000,1,48.73,BUY
MRNA,2023-05-18T00:00:00.000000,1,48.73,BUY
MRNA,2023-05-19T00:00:00.000000,1,48.73,BUY
MRNA,2023-05-22T00:00:00.000000,1,48.73,BUY
MRNA,2023-05-23T00:00:00.000000,1,48.73,BUY
MRNA,2023-05-24T00:00:00.000000,0,48.73,SELL
MRNA,2023-05-25T00:00:00.000000,1,48.73,BUY
MRNA,2023-05-26T00:00:00.000000,1,48.73,BUY
MRNA,2023-05-30T00:00:00.000000,1,50.44,BUY
MRNA,2023-05-31T00:00:00.000000,1,48.73,BUY
MRNA,2023-06-01T00:00:00.000000,1,50.44,BUY
MRNA,2023-06-02T00:00:00.000000,1,50.44,BUY
MRNA,2023-06-05T00:00:00.000000,1,50.69,BUY
MRNA,2023-06-06T00:00:00.000000,1,50.69,BUY
MRNA,2023-06-07T00:00:00.000000,1,50.69,BUY
MRNA,2023-06-08T00:00:00.000000,1,50.69,BUY
MRNA,2023-06-09T00:00:00.000000,1,50.44,BUY
MRNA,2023-06-12T00:00:00.000000,1,50.44,BUY
MRNA,2023-06-13T00:00:00.000000,1,50.69,BUY
MRNA,2023-06-14T00:00:00.000000,1,50.69,BUY
MRNA,2023-06-15T00:00:00.000000,1,50.69,BUY
MRNA,2023-06-16T00:00:00.000000,1,50.44,BUY
MRNA,2023-06-20T00:00:00.000000,1,48.73,BUY
MRNA,2023-06-21T00:00:00.000000,1,48.73,BUY
MRNA,2023-06-22T00:00:00.000000,0,48.73,SELL
MRNA,2023-06-23T00:00:00.000000,0,48.73,SELL
MRNA,2023-06-26T00:00:00.000000,1,48.73,BUY
MRNA,2023-06-27T00:00:00.000000,1,48.73,BUY
MRNA,2023-06-28T00:00:00.000000,1,50.44,BUY
MRNA,2023-06-29T00:00:00.000000,1,50.44,BUY
MRNA,2023-06-30T00:00:00.000000,1,50.44,BUY
MRNA,2023-07-03T00:00:00.000000,1,50.44,BUY
MRNA,2023-07-05T00:00:00.000000,1,48.73,BUY
MRNA,2023-07-06T00:00:00.000000,0,48.73,SELL
MRNA,2023-07-07T00:00:00.000000,0,48.73,SELL
MRNA,2023-07-10T00:00:00.000000,0,48.73,SELL
MRNA,2023-07-11T00:00:00.000000,1,48.73,BUY
MRNA,2023-07-12T00:00:00.000000,1,48.73,BUY
MRNA,2023-07-13T00:00:00.000000,1,48.73,BUY
MRNA,2023-07-14T00:00:00.000000,0,48.73,SELL
MRNA,2023-07-17T00:00:00.000000,0,48.73,SELL
MRNA,2023-07-18T00:00:00.000000,0,46.09,SELL
MRNA,2023-07-19T00:00:00.000000,0,46.09,SELL
MRNA,2023-07-20T00:00:00.000000,0,46.09,SELL
MRNA,2023-07-21T00:00:00.000000,0,46.09,SELL
MRNA,2023-07-24T00:00:00.000000,0,46.09,SELL
MRNA,2023-07-25T00:00:00.000000,0,46.09,SELL
MRNA,2023-07-26T00:00:00.000000,0,42.94,SELL
MRNA,2023-07-27T00:00:00.000000,0,42.94,SELL
MRNA,2023-07-28T00:00:00.000000,0,42.94,SELL
MRNA,2023-07-31T00:00:00.000000,0,42.94,SELL
MRNA,2023-08-01T00:00:00.000000,0,42.94,SELL
MRNA,2023-08-02T00:00:00.000000,0,42.94,SELL
MRNA,2023-08-03T00:00:00.000000,0,42.94,SELL
MRNA,2023-08-04T00:00:00.000000,0,42.94,SELL
MRNA,2023-08-07T00:00:00.000000,0,42.94,SELL
MRNA,2023-08-08T00:00:00.000000,0,39.62,SELL
MRNA,2023-08-09T00:00:00.000000,0,39.62,SELL
MRNA,2023-08-10T00:00:00.000000,0,39.62,SELL
MRNA,2023-08-11T00:00:00.000000,0,39.62,SELL
MRNA,2023-08-14T00:00:00.000000,0,39.62,SELL
MRNA,2023-08-15T00:00:00.000000,0,39.62,SELL
MRNA,2023-08-16T00:00:00.000000,0,39.62,SELL
MRNA,2023-08-17T00:00:00.000000,0,39.62,SELL
MRNA,2023-08-18T00:00:00.000000,0,39.62,SELL
MRNA,2023-08-21T00:00:00.000000,0,39.62,SELL
MRNA,2023-08-22T00:00:00.000000,0,42.94,SELL
MRNA,2023-08-23T00:00:00.000000,0,46.09,SELL
MRNA,2023-08-24T00:00:00.000000,0,46.09,SELL
MRNA,2023-08-25T00:00:00.000000,0,48.73,SELL
MRNA,2023-08-28T00:00:00.000000,1,48.73,BUY
MRNA,2023-08-29T00:00:00.000000,1,48.73,BUY
MRNA,2023-08-30T00:00:00.000000,1,48.73,BUY
MRNA,2023-08-31T00:00:00.000000,1,50.44,BUY
MRNA,2023-09-01T00:00:00.000000,1,50.44,BUY
MRNA,2023-09-05T00:00:00.000000,1,50.44,BUY
MRNA,2023-09-06T00:00:00.000000,1,50.44,BUY
MRNA,2023-09-07T00:00:00.000000,1,50.44,BUY
MRNA,2023-09-08T00:00:00.000000,1,50.69,BUY
MRNA,2023-09-11T00:00:00.000000,1,50.69,BUY
MRNA,2023-09-12T00:00:00.000000,1,50.69,BUY
MRNA,2023-09-13T00:00:00.000000,1,50.69,BUY
MRNA,2023-09-14T00:00:00.000000,1,50.69,BUY
MRNA,2023-09-15T00:00:00.000000,1,50.69,BUY
MRNA,2023-09-18T00:00:00.000000,1,50.44,BUY
MRNA,2023-09-19T00:00:00.000000,1,50.44,BUY
MRNA,2023-09-20T00:00:00.000000,1,48.73,BUY
MRNA,2023-09-21T00:00:00.000000,1,48.73,BUY
MRNA,2023-09-22T00:00:00.000000,1,48.73,BUY
MRNA,2023-09-25T00:00:00.000000,1,48.73,BUY
MRNA,2023-09-26T00:00:00.000000,1,50.44,BUY
MRNA,2023-09-27T00:00:00.000000,1,50.69,BUY
MRNA,2023-09-28T00:00:00.000000,1,50.69,BUY
MRNA,2023-09-29T00:00:00.000000,1,50.69,BUY
MRNA,2023-10-02T00:00:00.000000,1,50.69,BUY
MRNA,2023-10-03T00:00:00.000000,1,50.69,BUY
MRNA,2023-10-04T00:00:00.000000,1,50.69,BUY
MRNA,2023-10-05T00:00:00.000000,1,50.44,BUY
MRNA,2023-10-06T00:00:00.000000,1,50.44,BUY
MRNA,2023-10-09T00:00:00.000000,1,50.44,BUY
MRNA,2023-10-10T00:00:00.000000,1,50.44,BUY
MRNA,2023-10-11T00:00:00.000000,1,50.44,BUY
MRNA,2023-10-12T00:00:00.000000,1,50.44,BUY
MRNA,2023-10-13T00:00:00.000000,1,50.69,BUY
MRNA,2023-10-16T00:00:00.000000,1,50.69,BUY
MRNA,2023-10-17T00:00:00.000000,1,50.69,BUY
MRNA,2023-10-18T00:00:00.000000,1,50.44,BUY
MRNA,2023-10-19T00:00:00.000000,1,50.44,BUY
MRNA,2023-10-20T00:00:00.000000,1,50.44,BUY
MRNA,2023-10-23T00:00:00.000000,1,48.73,BUY
MRNA,2023-10-24T00:00:00.000000,1,48.73,BUY
MRNA,2023-10-25T00:00:00.000000,1,50.44,BUY
MRNA,2023-10-26T00:00:00.000000,1,48.73,BUY
MRNA,2023-10-27T00:00:00.000000,1,48.73,BUY
MRNA,2023-10-30T00:00:00.000000,0,46.09,SELL
MRNA,2023-10-31T00:00:00.000000,0,46.09,SELL
MRNA,2023-11-01T00:00:00.000000,0,42.94,SELL
MRNA,2023-11-02T00:00:00.000000,0,42.94,SELL
MRNA,2023-11-03T00:00:00.000000,0,42.94,SELL
MRNA,2023-11-06T00:00:00.000000,0,39.62,SELL
MRNA,2023-11-07T00:00:00.000000,0,39.62,SELL
MRNA,2023-11-08T00:00:00.000000,0,39.62,SELL
MRNA,2023-11-09T00:00:00.000000,0,42.94,SELL
MRNA,2023-11-10T00:00:00.000000,0,42.94,SELL
MRNA,2023-11-13T00:00:00.000000,0,42.94,SELL
MRNA,2023-11-14T00:00:00.000000,0,42.94,SELL
MRNA,2023-11-15T00:00:00.000000,0,42.94,SELL
MRNA,2023-11-16T00:00:00.000000,0,42.94,SELL
MRNA,2023-11-17T00:00:00.000000,0,42.94,SELL
MRNA,2023-11-20T00:00:00.000000,0,42.94,SELL
MRNA,2023-11-21T00:00:00.000000,0,40.0,SELL
MRNA,2023-11-22T00:00:00.000000,0,42.94,SELL
MRNA,2023-11-24T00:00:00.000000,0,42.94,SELL
MRNA,2023-11-27T00:00:00.000000,0,42.94,SELL
MRNA,2023-11-28T00:00:00.000000,0,46.09,SELL
MRNA,2023-11-29T00:00:00.000000,0,46.09,SELL
MRNA,2023-11-30T00:00:00.000000,0,46.09,SELL
MRNA,2023-12-01T00:00:00.000000,0,48.73,SELL
MRNA,2023-12-04T00:00:00.000000,1,48.73,BUY
MRNA,2023-12-05T00:00:00.000000,1,48.73,BUY
MRNA,2023-12-06T00:00:00.000000,1,50.44,BUY
MRNA,2023-12-07T00:00:00.000000,1,50.44,BUY
MRNA,2023-12-08T00:00:00.000000,1,50.44,BUY
MRNA,2023-12-11T00:00:00.000000,1,50.44,BUY
MRNA,2023-12-12T00:00:00.000000,1,50.44,BUY
MRNA,2023-12-13T00:00:00.000000,1,48.73,BUY
MRNA,2023-12-14T00:00:00.000000,1,48.73,BUY
MRNA,2023-12-15T00:00:00.000000,0,48.73,SELL
MRNA,2023-12-18T00:00:00.000000,0,46.09,SELL
MRNA,2023-12-19T00:00:00.000000,0,46.09,SELL
MRNA,2023-12-20T00:00:00.000000,0,46.09,SELL
MRNA,2023-12-21T00:00:00.000000,0,46.09,SELL
MRNA,2023-12-22T00:00:00.000000,0,42.94,SELL
MRNA,2023-12-26T00:00:00.000000,0,42.94,SELL
MRNA,2023-12-27T00:00:00.000000,0,42.94,SELL
MRNA,2023-12-28T00:00:00.000000,0,42.94,SELL
MRNA,2023-12-29T00:00:00.000000,0,42.94,SELL
MRNA,2024-01-02T00:00:00.000000,0,42.94,SELL
MRNA,2024-01-03T00:00:00.000000,0,42.94,SELL
MRNA,2024-01-04T00:00:00.000000,0,42.94,SELL
MRNA,2024-01-05T00:00:00.000000,0,42.94,SELL
MRNA,2024-01-08T00:00:00.000000,0,42.94,SELL
MRNA,2024-01-09T00:00:00.000000,0,42.94,SELL
MRNA,2024-01-10T00:00:00.000000,0,42.94,SELL
MRNA,2024-01-11T00:00:00.000000,0,42.94,SELL
MRNA,2024-01-12T00:00:00.000000,0,42.94,SELL
MRNA,2024-01-16T00:00:00.000000,0,42.94,SELL
MRNA,2024-01-17T00:00:00.000000,0,42.94,SELL
MRNA,2024-01-18T00:00:00.000000,0,42.94,SELL
MRNA,2024-01-19T00:00:00.000000,0,42.94,SELL
MRNA,2024-01-22T00:00:00.000000,0,42.94,SELL
MRNA,2024-01-23T00:00:00.000000,0,42.94,SELL
MRNA,2024-01-24T00:00:00.000000,0,42.94,SELL
MRNA,2024-01-25T00:00:00.000000,0,42.94,SELL
MRNA,2024-01-26T00:00:00.000000,0,42.94,SELL
MRNA,2024-01-29T00:00:00.000000,0,42.94,SELL
MRNA,2024-01-30T00:00:00.000000,0,42.94,SELL
MRNA,2024-01-31T00:00:00.000000,0,40.0,SELL
MRNA,2024-02-01T00:00:00.000000,0,42.94,SELL
MRNA,2024-02-02T00:00:00.000000,0,42.94,SELL
MRNA,2024-02-05T00:00:00.000000,0,42.94,SELL
MRNA,2024-02-06T00:00:00.000000,0,42.94,SELL
MRNA,2024-02-07T00:00:00.000000,0,46.09,SELL
MRNA,2024-02-08T00:00:00.000000,0,46.09,SELL
MRNA,2024-02-09T00:00:00.000000,0,48.73,SELL
MRNA,2024-02-12T00:00:00.000000,0,46.09,SELL
MRNA,2024-02-13T00:00:00.000000,0,46.09,SELL
MRNA,2024-02-14T00:00:00.000000,0,42.94,SELL
MRNA,2024-02-15T00:00:00.000000,0,42.94,SELL
MRNA,2024-02-16T00:00:00.000000,0,42.94,SELL
MRNA,2024-02-20T00:00:00.000000,0,42.94,SELL
MRNA,2024-02-21T00:00:00.000000,0,42.94,SELL
MRNA,2024-02-22T00:00:00.000000,0,39.62,SELL
MRNA,2024-02-23T00:00:00.000000,0,39.62,SELL
MRNA,2024-02-26T00:00:00.000000,0,39.62,SELL
MRNA,2024-02-27T00:00:00.000000,0,42.94,SELL
MRNA,2024-02-28T00:00:00.000000,0,42.94,SELL
MRNA,2024-02-29T00:00:00.000000,0,42.94,SELL
MRNA,2024-03-01T00:00:00.000000,0,42.94,SELL
MRNA,2024-03-04T00:00:00.000000,0,46.09,SELL
MRNA,2024-03-05T00:00:00.000000,0,46.09,SELL
MRNA,2024-03-06T00:00:00.000000,1,48.73,BUY
MRNA,2024-03-07T00:00:00.000000,1,48.73,BUY
MRNA,2024-03-08T00:00:00.000000,1,48.73,BUY
MRNA,2024-03-11T00:00:00.000000,1,48.73,BUY
MRNA,2024-03-12T00:00:00.000000,1,48.73,BUY
MRNA,2024-03-13T00:00:00.000000,1,48.73,BUY
MRNA,2024-03-14T00:00:00.000000,1,48.73,BUY
MRNA,2024-03-15T00:00:00.000000,1,48.73,BUY
MRNA,2024-03-18T00:00:00.000000,0,48.73,SELL
MRNA,2024-03-19T00:00:00.000000,0,48.73,SELL
MRNA,2024-03-20T00:00:00.000000,0,46.09,SELL
MRNA,2024-03-21T00:00:00.000000,0,46.09,SELL
MRNA,2024-03-22T00:00:00.000000,0,48.73,SELL
MRNA,2024-03-25T00:00:00.000000,0,48.73,SELL
MRNA,2024-03-26T00:00:00.000000,0,46.09,SELL
MRNA,2024-03-27T00:00:00.000000,0,42.94,SELL
MRNA,2024-03-28T00:00:00.000000,0,42.94,SELL
MRNA,2024-04-01T00:00:00.000000,0,42.94,SELL
MRNA,2024-04-02T00:00:00.000000,0,42.94,SELL
MRNA,2024-04-03T00:00:00.000000,0,42.94,SELL
MRNA,2024-04-04T00:00:00.000000,0,42.94,SELL
MRNA,2024-04-05T00:00:00.000000,0,46.09,SELL
MRNA,2024-04-08T00:00:00.000000,0,46.09,SELL
MRNA,2024-04-09T00:00:00.000000,0,48.73,SELL
MRNA,2024-04-10T00:00:00.000000,1,48.73,BUY
MRNA,2024-04-11T00:00:00.000000,1,48.73,BUY
MRNA,2024-04-12T00:00:00.000000,1,48.73,BUY
MRNA,2024-04-15T00:00:00.000000,1,48.73,BUY
MRNA,2024-04-16T00:00:00.000000,1,48.73,BUY
MRNA,2024-04-17T00:00:00.000000,1,48.73,BUY
MRNA,2024-04-18T00:00:00.000000,1,50.44,BUY
MRNA,2024-04-19T00:00:00.000000,1,50.44,BUY
MRNA,2024-04-22T00:00:00.000000,1,50.44,BUY
MRNA,2024-04-23T00:00:00.000000,1,50.69,BUY
MRNA,2024-04-24T00:00:00.000000,1,50.69,BUY
MRNA,2024-04-25T00:00:00.000000,1,50.69,BUY
MRNA,2024-04-26T00:00:00.000000,1,50.69,BUY
MRNA,2024-04-29T00:00:00.000000,1,50.69,BUY
MRNA,2024-04-30T00:00:00.000000,1,50.44,BUY
MRNA,2024-05-01T00:00:00.000000,1,50.44,BUY
MRNA,2024-05-02T00:00:00.000000,1,50.44,BUY
MRNA,2024-05-03T00:00:00.000000,1,50.44,BUY
MRNA,2024-05-06T00:00:00.000000,1,50.44,BUY
MRNA,2024-05-07T00:00:00.000000,1,50.44,BUY
MRNA,2024-05-08T00:00:00.000000,1,50.44,BUY
MRNA,2024-05-09T00:00:00.000000,1,48.73,BUY
MRNA,2024-05-10T00:00:00.000000,1,48.73,BUY
MRNA,2024-05-13T00:00:00.000000,1,48.73,BUY
MRNA,2024-05-14T00:00:00.000000,1,48.73,BUY
MRNA,2024-05-15T00:00:00.000000,0,48.73,SELL
MRNA,2024-05-16T00:00:00.000000,0,48.73,SELL
MRNA,2024-05-17T00:00:00.000000,0,46.09,SELL
MRNA,2024-05-20T00:00:00.000000,0,46.09,SELL
MRNA,2024-05-21T00:00:00.000000,0,46.09,SELL
MRNA,2024-05-22T00:00:00.000000,0,46.09,SELL
MRNA,2024-05-23T00:00:00.000000,0,46.09,SELL
MRNA,2024-05-24T00:00:00.000000,0,46.09,SELL
MRNA,2024-05-28T00:00:00.000000,0,46.09,SELL
MRNA,2024-05-29T00:00:00.000000,0,46.09,SELL
MRNA,2024-05-30T00:00:00.000000,0,46.09,SELL
MRNA,2024-05-31T00:00:00.000000,0,46.09,SELL
MRNA,2024-06-03T00:00:00.000000,0,46.09,SELL
MRNA,2024-06-04T00:00:00.000000,0,46.09,SELL
MRNA,2024-06-05T00:00:00.000000,0,46.09,SELL
MRNA,2024-06-06T00:00:00.000000,0,46.09,SELL
MRNA,2024-06-07T00:00:00.000000,0,46.09,SELL
MRNA,2024-06-10T00:00:00.000000,0,46.09,SELL
MRNA,2024-06-11T00:00:00.000000,0,46.09,SELL
MRNA,2024-06-12T00:00:00.000000,0,46.09,SELL
MRNA,2024-06-13T00:00:00.000000,0,46.09,SELL
MRNA,2024-06-14T00:00:00.000000,0,46.09,SELL
MRNA,2024-06-17T00:00:00.000000,0,46.09,SELL
MRNA,2024-06-18T00:00:00.000000,0,46.09,SELL
MRNA,2024-06-20T00:00:00.000000,0,46.09,SELL
MRNA,2024-06-21T00:00:00.000000,1,48.73,BUY
MRNA,2024-06-24T00:00:00.000000,1,50.44,BUY
MRNA,2024-06-25T00:00:00.000000,1,50.44,BUY
MRNA,2024-06-26T00:00:00.000000,1,50.44,BUY
MRNA,2024-06-27T00:00:00.000000,1,50.44,BUY
MRNA,2024-06-28T00:00:00.000000,1,48.73,BUY
MRNA,2024-07-01T00:00:00.000000,0,42.94,SELL
MRNA,2024-07-02T00:00:00.000000,0,42.94,SELL
MRNA,2024-07-03T00:00:00.000000,0,42.94,SELL
MRNA,2024-07-05T00:00:00.000000,0,42.94,SELL
MRNA,2024-07-08T00:00:00.000000,0,42.94,SELL
MRNA,2024-07-09T00:00:00.000000,0,42.94,SELL
MRNA,2024-07-10T00:00:00.000000,0,42.94,SELL
MRNA,2024-07-11T00:00:00.000000,0,40.0,SELL
MRNA,2024-07-12T00:00:00.000000,0,39.62,SELL
MRNA,2024-07-15T00:00:00.000000,0,39.62,SELL
MRNA,2024-07-16T00:00:00.000000,0,39.62,SELL
MRNA,2024-07-17T00:00:00.000000,0,39.62,SELL
MRNA,2024-07-18T00:00:00.000000,0,39.62,SELL
MRNA,2024-07-19T00:00:00.000000,0,39.62,SELL
MRNA,2024-07-22T00:00:00.000000,0,42.94,SELL
MRNA,2024-07-23T00:00:00.000000,0,42.94,SELL
MRNA,2024-07-24T00:00:00.000000,0,48.73,SELL
MRNA,2024-07-25T00:00:00.000000,1,48.73,BUY
MRNA,2024-07-26T00:00:00.000000,1,50.44,BUY
MRNA,2024-07-29T00:00:00.000000,1,50.44,BUY
MRNA,2024-07-30T00:00:00.000000,1,50.69,BUY
MRNA,2024-07-31T00:00:00.000000,1,50.69,BUY
MRNA,2024-08-01T00:00:00.000000,1,50.69,BUY
MRNA,2024-08-02T00:00:00.000000,1,50.44,BUY
MRNA,2024-08-05T00:00:00.000000,0,39.62,SELL
MRNA,2024-08-06T00:00:00.000000,0,39.62,SELL
MRNA,2024-08-07T00:00:00.000000,0,39.62,SELL
MRNA,2024-08-08T00:00:00.000000,0,39.62,SELL
MRNA,2024-08-09T00:00:00.000000,0,42.94,SELL
MRNA,2024-08-12T00:00:00.000000,0,42.94,SELL
MRNA,2024-08-13T00:00:00.000000,0,42.94,SELL
MRNA,2024-08-14T00:00:00.000000,0,42.94,SELL
MRNA,2024-08-15T00:00:00.000000,0,42.94,SELL
MRNA,2024-08-16T00:00:00.000000,0,39.62,SELL
MRNA,2024-08-19T00:00:00.000000,0,39.62,SELL
MRNA,2024-08-20T00:00:00.000000,0,39.62,SELL
MRNA,2024-08-21T00:00:00.000000,0,39.62,SELL
MRNA,2024-08-22T00:00:00.000000,0,42.94,SELL
MRNA,2024-08-23T00:00:00.000000,0,42.94,SELL
MRNA,2024-08-26T00:00:00.000000,0,42.94,SELL
MRNA,2024-08-27T00:00:00.000000,0,42.94,SELL
MRNA,2024-08-28T00:00:00.000000,0,46.09,SELL
MRNA,2024-08-29T00:00:00.000000,0,48.73,SELL
MRNA,2024-08-30T00:00:00.000000,0,48.73,SELL
MRNA,2024-09-03T00:00:00.000000,1,48.73,BUY
MRNA,2024-09-04T00:00:00.000000,1,48.73,BUY
MRNA,2024-09-05T00:00:00.000000,1,48.73,BUY
MRNA,2024-09-06T00:00:00.000000,1,48.73,BUY
MRNA,2024-09-09T00:00:00.000000,1,48.73,BUY
MRNA,2024-09-10T00:00:00.000000,1,48.73,BUY
MRNA,2024-09-11T00:00:00.000000,1,48.73,BUY
MRNA,2024-09-12T00:00:00.000000,0,48.73,SELL
MRNA,2024-09-13T00:00:00.000000,0,48.73,SELL
MRNA,2024-09-16T00:00:00.000000,0,46.09,SELL
MRNA,2024-09-17T00:00:00.000000,0,48.73,SELL
MRNA,2024-09-18T00:00:00.000000,1,48.73,BUY
MRNA,2024-09-19T00:00:00.000000,1,50.44,BUY
MRNA,2024-09-20T00:00:00.000000,1,50.69,BUY
MRNA,2024-09-23T00:00:00.000000,1,50.69,BUY
MRNA,2024-09-24T00:00:00.000000,1,50.69,BUY
MRNA,2024-09-25T00:00:00.000000,1,50.69,BUY
MRNA,2024-09-26T00:00:00.000000,1,50.69,BUY
MRNA,2024-09-27T00:00:00.000000,1,50.69,BUY
MRNA,2024-09-30T00:00:00.000000,1,50.69,BUY
MRNA,2024-10-01T00:00:00.000000,1,50.44,BUY
MRNA,2024-10-02T00:00:00.000000,1,48.73,BUY
MRNA,2024-10-03T00:00:00.000000,1,48.73,BUY
MRNA,2024-10-04T00:00:00.000000,0,48.73,SELL
MRNA,2024-10-07T00:00:00.000000,0,48.73,SELL
MRNA,2024-10-08T00:00:00.000000,1,48.73,BUY
MRNA,2024-10-09T00:00:00.000000,1,48.73,BUY
MRNA,2024-10-10T00:00:00.000000,1,48.73,BUY
MRNA,2024-10-11T00:00:00.000000,1,48.73,BUY
MRNA,2024-10-14T00:00:00.000000,1,48.73,BUY
MRNA,2024-10-15T00:00:00.000000,0,48.73,SELL
MRNA,2024-10-16T00:00:00.000000,0,42.94,SELL
MRNA,2024-10-17T00:00:00.000000,0,42.94,SELL
MRNA,2024-10-18T00:00:00.000000,0,39.62,SELL
MRNA,2024-10-21T00:00:00.000000,0,39.62,SELL
MRNA,2024-10-22T00:00:00.000000,0,39.62,SELL
MRNA,2024-10-23T00:00:00.000000,0,39.62,SELL
MRNA,2024-10-24T00:00:00.000000,0,39.62,SELL
MRNA,2024-10-25T00:00:00.000000,0,39.62,SELL
MRNA,2024-10-28T00:00:00.000000,0,39.62,SELL
MRNA,2024-10-29T00:00:00.000000,0,39.62,SELL
MRNA,2024-10-30T00:00:00.000000,0,40.0,SELL
MRNA,2024-10-31T00:00:00.000000,0,39.62,SELL
MRNA,2024-11-01T00:00:00.000000,0,42.94,SELL
MRNA,2024-11-04T00:00:00.000000,0,42.94,SELL
MRNA,2024-11-05T00:00:00.000000,0,42.94,SELL
MRNA,2024-11-06T00:00:00.000000,0,42.94,SELL
MRNA,2024-11-07T00:00:00.000000,0,42.94,SELL
MRNA,2024-11-08T00:00:00.000000,0,42.94,SELL
MRNA,2024-11-11T00:00:00.000000,0,46.09,SELL
MRNA,2024-11-12T00:00:00.000000,0,42.94,SELL
MRNA,2024-11-13T00:00:00.000000,0,39.62,SELL
MRNA,2024-11-14T00:00:00.000000,0,39.62,SELL
MRNA,2024-11-15T00:00:00.000000,0,39.62,SELL
MRNA,2024-11-18T00:00:00.000000,0,39.62,SELL
MRNA,2024-11-19T00:00:00.000000,0,39.62,SELL
MRNA,2024-11-20T00:00:00.000000,0,39.62,SELL
MRNA,2024-11-21T00:00:00.000000,0,39.62,SELL
MRNA,2024-11-22T00:00:00.000000,0,39.62,SELL
MRNA,2024-11-25T00:00:00.000000,0,39.62,SELL
MRNA,2024-11-26T00:00:00.000000,0,39.62,SELL
MRNA,2024-11-27T00:00:00.000000,0,39.62,SELL
MRNA,2024-11-29T00:00:00.000000,0,39.62,SELL
MRNA,2024-12-02T00:00:00.000000,0,39.62,SELL
MRNA,2024-12-03T00:00:00.000000,0,39.62,SELL
MRNA,2024-12-04T00:00:00.000000,0,39.97,SELL
MRNA,2024-12-05T00:00:00.000000,0,42.94,SELL
MRNA,2024-12-06T00:00:00.000000,0,42.94,SELL
MRNA,2024-12-09T00:00:00.000000,0,42.94,SELL
MRNA,2024-12-10T00:00:00.000000,0,46.09,SELL
MRNA,2024-12-11T00:00:00.000000,0,46.09,SELL
MRNA,2024-12-12T00:00:00.000000,0,48.73,SELL
MRNA,2024-12-13T00:00:00.000000,1,48.73,BUY
MRNA,2024-12-16T00:00:00.000000,1,50.44,BUY
MRNA,2024-12-17T00:00:00.000000,1,50.69,BUY
MRNA,2024-12-18T00:00:00.000000,1,50.69,BUY
MRNA,2024-12-19T00:00:00.000000,1,50.69,BUY
MRNA,2024-12-20T00:00:00.000000,1,50.69,BUY
MS,2023-02-21T00:00:00.000000,1,50.44,BUY
MS,2023-02-22T00:00:00.000000,1,50.69,BUY
MS,2023-02-23T00:00:00.000000,1,50.69,BUY
MS,2023-02-24T00:00:00.000000,1,50.69,BUY
MS,2023-02-27T00:00:00.000000,1,50.69,BUY
MS,2023-02-28T00:00:00.000000,1,50.69,BUY
MS,2023-03-01T00:00:00.000000,1,50.69,BUY
MS,2023-03-02T00:00:00.000000,1,50.69,BUY
MS,2023-03-03T00:00:00.000000,1,50.69,BUY
MS,2023-03-06T00:00:00.000000,1,50.69,BUY
MS,2023-03-07T00:00:00.000000,1,50.69,BUY
MS,2023-03-08T00:00:00.000000,1,50.69,BUY
MS,2023-03-09T00:00:00.000000,1,50.69,BUY
MS,2023-03-10T00:00:00.000000,1,50.69,BUY
MS,2023-03-13T00:00:00.000000,1,50.44,BUY
MS,2023-03-14T00:00:00.000000,1,48.73,BUY
MS,2023-03-15T00:00:00.000000,1,48.73,BUY
MS,2023-03-16T00:00:00.000000,0,42.94,SELL
MS,2023-03-17T00:00:00.000000,0,42.94,SELL
MS,2023-03-20T00:00:00.000000,0,39.62,SELL
MS,2023-03-21T00:00:00.000000,0,39.62,SELL
MS,2023-03-22T00:00:00.000000,0,39.62,SELL
MS,2023-03-23T00:00:00.000000,0,39.62,SELL
MS,2023-03-24T00:00:00.000000,0,39.62,SELL
MS,2023-03-27T00:00:00.000000,0,39.62,SELL
MS,2023-03-28T00:00:00.000000,0,39.62,SELL
MS,2023-03-29T00:00:00.000000,0,39.62,SELL
MS,2023-03-30T00:00:00.000000,0,39.62,SELL
MS,2023-03-31T00:00:00.000000,0,39.62,SELL
MS,2023-04-03T00:00:00.000000,0,42.94,SELL
MS,2023-04-04T00:00:00.000000,0,42.94,SELL
MS,2023-04-05T00:00:00.000000,0,42.94,SELL
MS,2023-04-06T00:00:00.000000,0,42.94,SELL
MS,2023-04-10T00:00:00.000000,0,42.94,SELL
MS,2023-04-11T00:00:00.000000,0,42.94,SELL
MS,2023-04-12T00:00:00.000000,0,39.62,SELL
MS,2023-04-13T00:00:00.000000,0,42.94,SELL
MS,2023-04-14T00:00:00.000000,0,42.94,SELL
MS,2023-04-17T00:00:00.000000,0,42.94,SELL
MS,2023-04-18T00:00:00.000000,0,42.94,SELL
MS,2023-04-19T00:00:00.000000,0,42.94,SELL
MS,2023-04-20T00:00:00.000000,0,42.94,SELL
MS,2023-04-21T00:00:00.000000,0,46.09,SELL
MS,2023-04-24T00:00:00.000000,0,48.73,SELL
MS,2023-04-25T00:00:00.000000,1,48.73,BUY
MS,2023-04-26T00:00:00.000000,1,48.73,BUY
MS,2023-04-27T00:00:00.000000,1,48.73,BUY
MS,2023-04-28T00:00:00.000000,1,48.73,BUY
MS,2023-05-01T00:00:00.000000,1,50.44,BUY
MS,2023-05-02T00:00:00.000000,1,50.44,BUY
MS,2023-05-03T00:00:00.000000,1,50.44,BUY
MS,2023-05-04T00:00:00.000000,1,50.69,BUY
MS,2023-05-05T00:00:00.000000,1,50.69,BUY
MS,2023-05-08T00:00:00.000000,1,50.69,BUY
MS,2023-05-09T00:00:00.000000,1,50.69,BUY
MS,2023-05-10T00:00:00.000000,1,50.69,BUY
MS,2023-05-11T00:00:00.000000,1,50.69,BUY
MS,2023-05-12T00:00:00.000000,1,50.44,BUY
MS,2023-05-15T00:00:00.000000,1,50.0,BUY
MS,2023-05-16T00:00:00.000000,1,48.73,BUY
MS,2023-05-17T00:00:00.000000,1,48.73,BUY
MS,2023-05-18T00:00:00.000000,1,48.73,BUY
MS,2023-05-19T00:00:00.000000,1,48.73,BUY
MS,2023-05-22T00:00:00.000000,1,48.73,BUY
MS,2023-05-23T00:00:00.000000,1,48.73,BUY
MS,2023-05-24T00:00:00.000000,0,48.73,SELL
MS,2023-05-25T00:00:00.000000,0,48.73,SELL
MS,2023-05-26T00:00:00.000000,0,46.09,SELL
MS,2023-05-30T00:00:00.000000,0,46.09,SELL
MS,2023-05-31T00:00:00.000000,0,46.09,SELL
MS,2023-06-01T00:00:00.000000,0,46.09,SELL
MS,2023-06-02T00:00:00.000000,0,48.73,SELL
MS,2023-06-05T00:00:00.000000,0,46.09,SELL
MS,2023-06-06T00:00:00.000000,0,46.09,SELL
MS,2023-06-07T00:00:00.000000,0,46.09,SELL
MS,2023-06-08T00:00:00.000000,0,42.94,SELL
MS,2023-06-09T00:00:00.000000,0,42.94,SELL
MS,2023-06-12T00:00:00.000000,0,42.94,SELL
MS,2023-06-13T00:00:00.000000,0,42.94,SELL
MS,2023-06-14T00:00:00.000000,0,42.94,SELL
MS,2023-06-15T00:00:00.000000,0,42.94,SELL
MS,2023-06-16T00:00:00.000000,0,42.94,SELL
MS,2023-06-20T00:00:00.000000,0,42.94,SELL
MS,2023-06-21T00:00:00.000000,0,46.09,SELL
MS,2023-06-22T00:00:00.000000,0,46.09,SELL
MS,2023-06-23T00:00:00.000000,0,46.09,SELL
MS,2023-06-26T00:00:00.000000,0,42.94,SELL
MS,2023-06-27T00:00:00.000000,0,42.94,SELL
MS,2023-06-28T00:00:00.000000,0,42.94,SELL
MS,2023-06-29T00:00:00.000000,0,46.09,SELL
MS,2023-06-30T00:00:00.000000,0,46.09,SELL
MS,2023-07-03T00:00:00.000000,0,46.09,SELL
MS,2023-07-05T00:00:00.000000,0,46.09,SELL
MS,2023-07-06T00:00:00.000000,0,42.94,SELL
MS,2023-07-07T00:00:00.000000,0,42.94,SELL
MS,2023-07-10T00:00:00.000000,0,42.94,SELL
MS,2023-07-11T00:00:00.000000,0,42.94,SELL
MS,2023-07-12T00:00:00.000000,0,42.94,SELL
MS,2023-07-13T00:00:00.000000,0,42.94,SELL
MS,2023-07-14T00:00:00.000000,0,42.94,SELL
MS,2023-07-17T00:00:00.000000,0,42.94,SELL
MS,2023-07-18T00:00:00.000000,0,42.94,SELL
MS,2023-07-19T00:00:00.000000,0,42.94,SELL
MS,2023-07-20T00:00:00.000000,0,42.94,SELL
MS,2023-07-21T00:00:00.000000,0,42.94,SELL
MS,2023-07-24T00:00:00.000000,0,42.94,SELL
MS,2023-07-25T00:00:00.000000,0,42.94,SELL
MS,2023-07-26T00:00:00.000000,0,42.94,SELL
MS,2023-07-27T00:00:00.000000,0,42.94,SELL
MS,2023-07-28T00:00:00.000000,0,42.94,SELL
MS,2023-07-31T00:00:00.000000,0,42.94,SELL
MS,2023-08-01T00:00:00.000000,0,42.94,SELL
MS,2023-08-02T00:00:00.000000,0,42.94,SELL
MS,2023-08-03T00:00:00.000000,0,42.94,SELL
MS,2023-08-04T00:00:00.000000,0,42.94,SELL
MS,2023-08-07T00:00:00.000000,0,42.94,SELL
MS,2023-08-08T00:00:00.000000,0,42.94,SELL
MS,2023-08-09T00:00:00.000000,0,42.94,SELL
MS,2023-08-10T00:00:00.000000,0,42.94,SELL
MS,2023-08-11T00:00:00.000000,0,46.09,SELL
MS,2023-08-14T00:00:00.000000,0,48.73,SELL
MS,2023-08-15T00:00:00.000000,0,48.73,SELL
MS,2023-08-16T00:00:00.000000,0,48.73,SELL
MS,2023-08-17T00:00:00.000000,0,46.09,SELL
MS,2023-08-18T00:00:00.000000,0,48.73,SELL
MS,2023-08-21T00:00:00.000000,0,48.73,SELL
MS,2023-08-22T00:00:00.000000,1,48.73,BUY
MS,2023-08-23T00:00:00.000000,1,48.73,BUY
MS,2023-08-24T00:00:00.000000,0,48.73,SELL
MS,2023-08-25T00:00:00.000000,1,48.73,BUY
MS,2023-08-28T00:00:00.000000,1,48.73,BUY
MS,2023-08-29T00:00:00.000000,0,48.73,SELL
MS,2023-08-30T00:00:00.000000,0,46.09,SELL
MS,2023-08-31T00:00:00.000000,0,42.94,SELL
MS,2023-09-01T00:00:00.000000,0,42.94,SELL
MS,2023-09-05T00:00:00.000000,0,42.94,SELL
MS,2023-09-06T00:00:00.000000,0,42.94,SELL
MS,2023-09-07T00:00:00.000000,0,42.94,SELL
MS,2023-09-08T00:00:00.000000,0,42.94,SELL
MS,2023-09-11T00:00:00.000000,0,42.94,SELL
MS,2023-09-12T00:00:00.000000,0,42.94,SELL
MS,2023-09-13T00:00:00.000000,0,42.94,SELL
MS,2023-09-14T00:00:00.000000,0,46.09,SELL
MS,2023-09-15T00:00:00.000000,0,46.09,SELL
MS,2023-09-18T00:00:00.000000,0,46.09,SELL
MS,2023-09-19T00:00:00.000000,0,48.73,SELL
MS,2023-09-20T00:00:00.000000,1,48.73,BUY
MS,2023-09-21T00:00:00.000000,1,48.73,BUY
MS,2023-09-22T00:00:00.000000,1,48.73,BUY
MS,2023-09-25T00:00:00.000000,1,48.73,BUY
MS,2023-09-26T00:00:00.000000,1,48.73,BUY
MS,2023-09-27T00:00:00.000000,1,50.44,BUY
MS,2023-09-28T00:00:00.000000,1,50.44,BUY
MS,2023-09-29T00:00:00.000000,1,50.69,BUY
MS,2023-10-02T00:00:00.000000,1,50.69,BUY
MS,2023-10-03T00:00:00.000000,1,50.69,BUY
MS,2023-10-04T00:00:00.000000,1,50.69,BUY
MS,2023-10-05T00:00:00.000000,1,50.69,BUY
MS,2023-10-06T00:00:00.000000,1,50.69,BUY
MS,2023-10-09T00:00:00.000000,1,50.69,BUY
MS,2023-10-10T00:00:00.000000,1,50.69,BUY
MS,2023-10-11T00:00:00.000000,1,50.44,BUY
MS,2023-10-12T00:00:00.000000,1,48.73,BUY
MS,2023-10-13T00:00:00.000000,0,48.73,SELL
MS,2023-10-16T00:00:00.000000,0,46.09,SELL
MS,2023-10-17T00:00:00.000000,0,42.94,SELL
MS,2023-10-18T00:00:00.000000,0,42.94,SELL
MS,2023-10-19T00:00:00.000000,0,42.94,SELL
MS,2023-10-20T00:00:00.000000,0,46.09,SELL
MS,2023-10-23T00:00:00.000000,0,46.09,SELL
MS,2023-10-24T00:00:00.000000,0,46.09,SELL
MS,2023-10-25T00:00:00.000000,0,42.94,SELL
MS,2023-10-26T00:00:00.000000,0,42.94,SELL
MS,2023-10-27T00:00:00.000000,0,42.94,SELL
MS,2023-10-30T00:00:00.000000,0,46.09,SELL
MS,2023-10-31T00:00:00.000000,0,46.09,SELL
MS,2023-11-01T00:00:00.000000,0,48.73,SELL
MS,2023-11-02T00:00:00.000000,0,46.09,SELL
MS,2023-11-03T00:00:00.000000,0,46.09,SELL
MS,2023-11-06T00:00:00.000000,0,46.09,SELL
MS,2023-11-07T00:00:00.000000,0,46.09,SELL
MS,2023-11-08T00:00:00.000000,0,46.09,SELL
MS,2023-11-09T00:00:00.000000,0,46.09,SELL
MS,2023-11-10T00:00:00.000000,0,42.94,SELL
MS,2023-11-13T00:00:00.000000,0,42.94,SELL
MS,2023-11-14T00:00:00.000000,0,42.94,SELL
MS,2023-11-15T00:00:00.000000,0,42.94,SELL
MS,2023-11-16T00:00:00.000000,0,42.94,SELL
MS,2023-11-17T00:00:00.000000,0,42.94,SELL
MS,2023-11-20T00:00:00.000000,0,42.94,SELL
MS,2023-11-21T00:00:00.000000,0,46.09,SELL
MS,2023-11-22T00:00:00.000000,0,46.09,SELL
MS,2023-11-24T00:00:00.000000,0,46.09,SELL
MS,2023-11-27T00:00:00.000000,0,46.09,SELL
MS,2023-11-28T00:00:00.000000,0,42.94,SELL
MS,2023-11-29T00:00:00.000000,0,42.94,SELL
MS,2023-11-30T00:00:00.000000,0,42.94,SELL
MS,2023-12-01T00:00:00.000000,0,42.94,SELL
MS,2023-12-04T00:00:00.000000,0,42.94,SELL
MS,2023-12-05T00:00:00.000000,0,42.94,SELL
MS,2023-12-06T00:00:00.000000,0,46.09,SELL
MS,2023-12-07T00:00:00.000000,0,46.09,SELL
MS,2023-12-08T00:00:00.000000,0,46.09,SELL
MS,2023-12-11T00:00:00.000000,0,46.09,SELL
MS,2023-12-12T00:00:00.000000,0,46.09,SELL
MS,2023-12-13T00:00:00.000000,0,42.94,SELL
MS,2023-12-14T00:00:00.000000,0,46.09,SELL
MS,2023-12-15T00:00:00.000000,0,46.09,SELL
MS,2023-12-18T00:00:00.000000,0,48.73,SELL
MS,2023-12-19T00:00:00.000000,1,48.73,BUY
MS,2023-12-20T00:00:00.000000,1,48.73,BUY
MS,2023-12-21T00:00:00.000000,0,48.73,SELL
MS,2023-12-22T00:00:00.000000,0,48.73,SELL
MS,2023-12-26T00:00:00.000000,0,46.09,SELL
MS,2023-12-27T00:00:00.000000,0,46.09,SELL
MS,2023-12-28T00:00:00.000000,0,46.09,SELL
MS,2023-12-29T00:00:00.000000,0,46.09,SELL
MS,2024-01-02T00:00:00.000000,0,46.09,SELL
MS,2024-01-03T00:00:00.000000,0,48.73,SELL
MS,2024-01-04T00:00:00.000000,0,48.73,SELL
MS,2024-01-05T00:00:00.000000,1,48.73,BUY
MS,2024-01-08T00:00:00.000000,1,48.73,BUY
MS,2024-01-09T00:00:00.000000,1,48.73,BUY
MS,2024-01-10T00:00:00.000000,1,48.73,BUY
MS,2024-01-11T00:00:00.000000,1,48.73,BUY
MS,2024-01-12T00:00:00.000000,0,46.09,SELL
MS,2024-01-16T00:00:00.000000,0,46.09,SELL
MS,2024-01-17T00:00:00.000000,0,42.94,SELL
MS,2024-01-18T00:00:00.000000,0,42.94,SELL
MS,2024-01-19T00:00:00.000000,0,42.94,SELL
MS,2024-01-22T00:00:00.000000,0,42.94,SELL
MS,2024-01-23T00:00:00.000000,0,42.94,SELL
MS,2024-01-24T00:00:00.000000,0,42.94,SELL
MS,2024-01-25T00:00:00.000000,0,42.94,SELL
MS,2024-01-26T00:00:00.000000,0,39.62,SELL
MS,2024-01-29T00:00:00.000000,0,39.62,SELL
MS,2024-01-30T00:00:00.000000,0,39.62,SELL
MS,2024-01-31T00:00:00.000000,0,39.62,SELL
MS,2024-02-01T00:00:00.000000,0,39.62,SELL
MS,2024-02-02T00:00:00.000000,0,39.62,SELL
MS,2024-02-05T00:00:00.000000,0,39.62,SELL
MS,2024-02-06T00:00:00.000000,0,42.94,SELL
MS,2024-02-07T00:00:00.000000,0,42.94,SELL
MS,2024-02-08T00:00:00.000000,0,42.94,SELL
MS,2024-02-09T00:00:00.000000,0,42.94,SELL
MS,2024-02-12T00:00:00.000000,0,42.94,SELL
MS,2024-02-13T00:00:00.000000,0,46.09,SELL
MS,2024-02-14T00:00:00.000000,0,46.09,SELL
MS,2024-02-15T00:00:00.000000,0,46.09,SELL
MS,2024-02-16T00:00:00.000000,0,46.09,SELL
MS,2024-02-20T00:00:00.000000,0,42.94,SELL
MS,2024-02-21T00:00:00.000000,0,42.94,SELL
MS,2024-02-22T00:00:00.000000,0,39.62,SELL
MS,2024-02-23T00:00:00.000000,0,42.94,SELL
MS,2024-02-26T00:00:00.000000,0,42.94,SELL
MS,2024-02-27T00:00:00.000000,0,42.94,SELL
MS,2024-02-28T00:00:00.000000,0,42.94,SELL
MS,2024-02-29T00:00:00.000000,0,46.09,SELL
MS,2024-03-01T00:00:00.000000,0,46.09,SELL
MS,2024-03-04T00:00:00.000000,0,42.94,SELL
MS,2024-03-05T00:00:00.000000,0,42.94,SELL
MS,2024-03-06T00:00:00.000000,0,46.09,SELL
MS,2024-03-07T00:00:00.000000,0,46.09,SELL
MS,2024-03-08T00:00:00.000000,0,48.73,SELL
MS,2024-03-11T00:00:00.000000,0,48.73,SELL
MS,2024-03-12T00:00:00.000000,0,46.09,SELL
MS,2024-03-13T00:00:00.000000,0,46.09,SELL
MS,2024-03-14T00:00:00.000000,0,46.09,SELL
MS,2024-03-15T00:00:00.000000,0,46.09,SELL
MS,2024-03-18T00:00:00.000000,0,46.09,SELL
MS,2024-03-19T00:00:00.000000,0,42.94,SELL
MS,2024-03-20T00:00:00.000000,0,42.94,SELL
MS,2024-03-21T00:00:00.000000,0,42.94,SELL
MS,2024-03-22T00:00:00.000000,0,42.94,SELL
MS,2024-03-25T00:00:00.000000,0,42.94,SELL
MS,2024-03-26T00:00:00.000000,0,42.94,SELL
MS,2024-03-27T00:00:00.000000,0,42.94,SELL
MS,2024-03-28T00:00:00.000000,0,42.94,SELL
MS,2024-04-01T00:00:00.000000,0,42.94,SELL
MS,2024-04-02T00:00:00.000000,0,42.94,SELL
MS,2024-04-03T00:00:00.000000,0,42.94,SELL
MS,2024-04-04T00:00:00.000000,0,42.94,SELL
MS,2024-04-05T00:00:00.000000,0,42.94,SELL
MS,2024-04-08T00:00:00.000000,0,42.94,SELL
MS,2024-04-09T00:00:00.000000,0,42.94,SELL
MS,2024-04-10T00:00:00.000000,0,42.94,SELL
MS,2024-04-11T00:00:00.000000,0,42.94,SELL
MS,2024-04-12T00:00:00.000000,0,42.94,SELL
MS,2024-04-15T00:00:00.000000,0,42.94,SELL
MS,2024-04-16T00:00:00.000000,0,46.09,SELL
MS,2024-04-17T00:00:00.000000,0,46.09,SELL
MS,2024-04-18T00:00:00.000000,0,48.73,SELL
MS,2024-04-19T00:00:00.000000,0,48.73,SELL
MS,2024-04-22T00:00:00.000000,1,48.73,BUY
MS,2024-04-23T00:00:00.000000,1,48.73,BUY
MS,2024-04-24T00:00:00.000000,1,48.73,BUY
MS,2024-04-25T00:00:00.000000,1,48.73,BUY
MS,2024-04-26T00:00:00.000000,1,48.73,BUY
MS,2024-04-29T00:00:00.000000,1,48.73,BUY
MS,2024-04-30T00:00:00.000000,1,48.73,BUY
MS,2024-05-01T00:00:00.000000,1,48.73,BUY
MS,2024-05-02T00:00:00.000000,1,48.73,BUY
MS,2024-05-03T00:00:00.000000,1,48.73,BUY
MS,2024-05-06T00:00:00.000000,1,48.73,BUY
MS,2024-05-07T00:00:00.000000,0,48.73,SELL
MS,2024-05-08T00:00:00.000000,0,46.09,SELL
MS,2024-05-09T00:00:00.000000,0,42.94,SELL
MS,2024-05-10T00:00:00.000000,0,42.94,SELL
MS,2024-05-13T00:00:00.000000,0,42.94,SELL
MS,2024-05-14T00:00:00.000000,0,42.94,SELL
MS,2024-05-15T00:00:00.000000,0,42.94,SELL
MS,2024-05-16T00:00:00.000000,0,42.94,SELL
MS,2024-05-17T00:00:00.000000,0,42.94,SELL
MS,2024-05-20T00:00:00.000000,0,42.94,SELL
MS,2024-05-21T00:00:00.000000,0,42.94,SELL
MS,2024-05-22T00:00:00.000000,0,46.09,SELL
MS,2024-05-23T00:00:00.000000,0,46.09,SELL
MS,2024-05-24T00:00:00.000000,0,46.09,SELL
MS,2024-05-28T00:00:00.000000,0,48.73,SELL
MS,2024-05-29T00:00:00.000000,0,48.73,SELL
MS,2024-05-30T00:00:00.000000,0,48.73,SELL
MS,2024-05-31T00:00:00.000000,0,48.73,SELL
MS,2024-06-03T00:00:00.000000,0,48.73,SELL
MS,2024-06-04T00:00:00.000000,1,48.73,BUY
MS,2024-06-05T00:00:00.000000,1,48.73,BUY
MS,2024-06-06T00:00:00.000000,1,48.73,BUY
MS,2024-06-07T00:00:00.000000,0,48.73,SELL
MS,2024-06-10T00:00:00.000000,0,46.09,SELL
MS,2024-06-11T00:00:00.000000,0,42.94,SELL
MS,2024-06-12T00:00:00.000000,0,42.94,SELL
MS,2024-06-13T00:00:00.000000,0,42.94,SELL
MS,2024-06-14T00:00:00.000000,0,42.94,SELL
MS,2024-06-17T00:00:00.000000,0,42.94,SELL
MS,2024-06-18T00:00:00.000000,0,42.94,SELL
MS,2024-06-20T00:00:00.000000,0,42.94,SELL
MS,2024-06-21T00:00:00.000000,0,42.94,SELL
MS,2024-06-24T00:00:00.000000,0,46.09,SELL
MS,2024-06-25T00:00:00.000000,0,46.09,SELL
MS,2024-06-26T00:00:00.000000,0,42.94,SELL
MS,2024-06-27T00:00:00.000000,0,42.94,SELL
MS,2024-06-28T00:00:00.000000,0,42.94,SELL
MS,2024-07-01T00:00:00.000000,0,42.94,SELL
MS,2024-07-02T00:00:00.000000,0,46.09,SELL
MS,2024-07-03T00:00:00.000000,0,48.73,SELL
MS,2024-07-05T00:00:00.000000,1,48.73,BUY
MS,2024-07-08T00:00:00.000000,1,48.73,BUY
MS,2024-07-09T00:00:00.000000,1,48.73,BUY
MS,2024-07-10T00:00:00.000000,1,48.73,BUY
MS,2024-07-11T00:00:00.000000,1,48.73,BUY
MS,2024-07-12T00:00:00.000000,1,48.73,BUY
MS,2024-07-15T00:00:00.000000,1,48.73,BUY
MS,2024-07-16T00:00:00.000000,1,48.73,BUY
MS,2024-07-17T00:00:00.000000,1,48.73,BUY
MS,2024-07-18T00:00:00.000000,1,48.73,BUY
MS,2024-07-19T00:00:00.000000,1,48.73,BUY
MS,2024-07-22T00:00:00.000000,1,50.44,BUY
MS,2024-07-23T00:00:00.000000,1,50.44,BUY
MS,2024-07-24T00:00:00.000000,1,50.44,BUY
MS,2024-07-25T00:00:00.000000,1,50.44,BUY
MS,2024-07-26T00:00:00.000000,1,50.44,BUY
MS,2024-07-29T00:00:00.000000,1,50.44,BUY
MS,2024-07-30T00:00:00.000000,1,50.44,BUY
MS,2024-07-31T00:00:00.000000,1,50.44,BUY
MS,2024-08-01T00:00:00.000000,1,50.44,BUY
MS,2024-08-02T00:00:00.000000,1,48.73,BUY
MS,2024-08-05T00:00:00.000000,1,48.73,BUY
MS,2024-08-06T00:00:00.000000,0,48.73,SELL
MS,2024-08-07T00:00:00.000000,0,46.09,SELL
MS,2024-08-08T00:00:00.000000,0,42.94,SELL
MS,2024-08-09T00:00:00.000000,0,42.94,SELL
MS,2024-08-12T00:00:00.000000,0,39.62,SELL
MS,2024-08-13T00:00:00.000000,0,39.62,SELL
MS,2024-08-14T00:00:00.000000,0,39.62,SELL
MS,2024-08-15T00:00:00.000000,0,39.62,SELL
MS,2024-08-16T00:00:00.000000,0,39.62,SELL
MS,2024-08-19T00:00:00.000000,0,39.62,SELL
MS,2024-08-20T00:00:00.000000,0,39.62,SELL
MS,2024-08-21T00:00:00.000000,0,39.62,SELL
MS,2024-08-22T00:00:00.000000,0,39.62,SELL
MS,2024-08-23T00:00:00.000000,0,42.94,SELL
MS,2024-08-26T00:00:00.000000,0,42.94,SELL
MS,2024-08-27T00:00:00.000000,0,42.94,SELL
MS,2024-08-28T00:00:00.000000,0,42.94,SELL
MS,2024-08-29T00:00:00.000000,0,42.94,SELL
MS,2024-08-30T00:00:00.000000,0,46.09,SELL
MS,2024-09-03T00:00:00.000000,0,46.09,SELL
MS,2024-09-04T00:00:00.000000,0,46.09,SELL
MS,2024-09-05T00:00:00.000000,1,48.73,BUY
MS,2024-09-06T00:00:00.000000,1,48.73,BUY
MS,2024-09-09T00:00:00.000000,1,50.44,BUY
MS,2024-09-10T00:00:00.000000,1,50.44,BUY
MS,2024-09-11T00:00:00.000000,1,50.44,BUY
MS,2024-09-12T00:00:00.000000,1,50.44,BUY
MS,2024-09-13T00:00:00.000000,1,48.73,BUY
MS,2024-09-16T00:00:00.000000,1,48.73,BUY
MS,2024-09-17T00:00:00.000000,1,48.73,BUY
MS,2024-09-18T00:00:00.000000,1,48.73,BUY
MS,2024-09-19T00:00:00.000000,1,48.73,BUY
MS,2024-09-20T00:00:00.000000,0,46.09,SELL
MS,2024-09-23T00:00:00.000000,0,42.94,SELL
MS,2024-09-24T00:00:00.000000,0,42.94,SELL
MS,2024-09-25T00:00:00.000000,0,42.94,SELL
MS,2024-09-26T00:00:00.000000,0,42.94,SELL
MS,2024-09-27T00:00:00.000000,0,42.94,SELL
MS,2024-09-30T00:00:00.000000,0,42.94,SELL
MS,2024-10-01T00:00:00.000000,0,46.09,SELL
MS,2024-10-02T00:00:00.000000,0,46.09,SELL
MS,2024-10-03T00:00:00.000000,0,46.09,SELL
MS,2024-10-04T00:00:00.000000,0,48.73,SELL
MS,2024-10-07T00:00:00.000000,1,48.73,BUY
MS,2024-10-08T00:00:00.000000,1,48.73,BUY
MS,2024-10-09T00:00:00.000000,1,50.44,BUY
MS,2024-10-10T00:00:00.000000,1,50.44,BUY
MS,2024-10-11T00:00:00.000000,1,50.44,BUY
MS,2024-10-14T00:00:00.000000,1,50.44,BUY
MS,2024-10-15T00:00:00.000000,1,50.44,BUY
MS,2024-10-16T00:00:00.000000,1,50.44,BUY
MS,2024-10-17T00:00:00.000000,1,50.44,BUY
MS,2024-10-18T00:00:00.000000,1,50.44,BUY
MS,2024-10-21T00:00:00.000000,1,50.44,BUY
MS,2024-10-22T00:00:00.000000,1,50.44,BUY
MS,2024-10-23T00:00:00.000000,1,48.73,BUY
MS,2024-10-24T00:00:00.000000,1,48.73,BUY
MS,2024-10-25T00:00:00.000000,1,48.73,BUY
MS,2024-10-28T00:00:00.000000,1,48.73,BUY
MS,2024-10-29T00:00:00.000000,1,48.73,BUY
MS,2024-10-30T00:00:00.000000,1,48.73,BUY
MS,2024-10-31T00:00:00.000000,1,48.73,BUY
MS,2024-11-01T00:00:00.000000,1,48.73,BUY
MS,2024-11-04T00:00:00.000000,1,48.73,BUY
MS,2024-11-05T00:00:00.000000,0,48.73,SELL
MS,2024-11-06T00:00:00.000000,0,48.73,SELL
MS,2024-11-07T00:00:00.000000,0,46.09,SELL
MS,2024-11-08T00:00:00.000000,0,46.09,SELL
MS,2024-11-11T00:00:00.000000,0,42.94,SELL
MS,2024-11-12T00:00:00.000000,0,42.94,SELL
MS,2024-11-13T00:00:00.000000,0,46.09,SELL
MS,2024-11-14T00:00:00.000000,0,46.09,SELL
MS,2024-11-15T00:00:00.000000,0,46.09,SELL
MS,2024-11-18T00:00:00.000000,0,42.94,SELL
MS,2024-11-19T00:00:00.000000,0,42.94,SELL
MS,2024-11-20T00:00:00.000000,0,42.94,SELL
MS,2024-11-21T00:00:00.000000,0,42.94,SELL
MS,2024-11-22T00:00:00.000000,0,42.94,SELL
MS,2024-11-25T00:00:00.000000,0,42.94,SELL
MS,2024-11-26T00:00:00.000000,0,42.94,SELL
MS,2024-11-27T00:00:00.000000,0,42.94,SELL
MS,2024-11-29T00:00:00.000000,0,42.94,SELL
MS,2024-12-02T00:00:00.000000,0,42.94,SELL
MS,2024-12-03T00:00:00.000000,0,42.94,SELL
MS,2024-12-04T00:00:00.000000,0,39.62,SELL
MS,2024-12-05T00:00:00.000000,0,39.62,SELL
MS,2024-12-06T00:00:00.000000,0,39.62,SELL
MS,2024-12-09T00:00:00.000000,0,39.62,SELL
MS,2024-12-10T00:00:00.000000,0,39.62,SELL
MS,2024-12-11T00:00:00.000000,0,39.62,SELL
MS,2024-12-12T00:00:00.000000,0,39.62,SELL
MS,2024-12-13T00:00:00.000000,0,39.62,SELL
MS,2024-12-16T00:00:00.000000,0,39.62,SELL
MS,2024-12-17T00:00:00.000000,0,39.62,SELL
MS,2024-12-18T00:00:00.000000,0,42.94,SELL
MS,2024-12-19T00:00:00.000000,0,42.94,SELL
MS,2024-12-20T00:00:00.000000,0,42.94,SELL
MSFT,2023-02-21T00:00:00.000000,1,48.73,BUY
MSFT,2023-02-22T00:00:00.000000,1,48.73,BUY
MSFT,2023-02-23T00:00:00.000000,1,48.73,BUY
MSFT,2023-02-24T00:00:00.000000,1,48.73,BUY
MSFT,2023-02-27T00:00:00.000000,1,48.73,BUY
MSFT,2023-02-28T00:00:00.000000,1,50.44,BUY
MSFT,2023-03-01T00:00:00.000000,1,50.44,BUY
MSFT,2023-03-02T00:00:00.000000,1,50.69,BUY
MSFT,2023-03-03T00:00:00.000000,1,50.69,BUY
MSFT,2023-03-06T00:00:00.000000,1,50.69,BUY
MSFT,2023-03-07T00:00:00.000000,1,50.69,BUY
MSFT,2023-03-08T00:00:00.000000,1,50.69,BUY
MSFT,2023-03-09T00:00:00.000000,1,50.44,BUY
MSFT,2023-03-10T00:00:00.000000,1,50.44,BUY
MSFT,2023-03-13T00:00:00.000000,1,50.44,BUY
MSFT,2023-03-14T00:00:00.000000,1,50.44,BUY
MSFT,2023-03-15T00:00:00.000000,1,50.44,BUY
MSFT,2023-03-16T00:00:00.000000,1,50.69,BUY
MSFT,2023-03-17T00:00:00.000000,1,50.69,BUY
MSFT,2023-03-20T00:00:00.000000,1,50.69,BUY
MSFT,2023-03-21T00:00:00.000000,1,50.69,BUY
MSFT,2023-03-22T00:00:00.000000,1,50.44,BUY
MSFT,2023-03-23T00:00:00.000000,1,50.44,BUY
MSFT,2023-03-24T00:00:00.000000,1,50.44,BUY
MSFT,2023-03-27T00:00:00.000000,1,48.73,BUY
MSFT,2023-03-28T00:00:00.000000,1,48.73,BUY
MSFT,2023-03-29T00:00:00.000000,1,48.73,BUY
MSFT,2023-03-30T00:00:00.000000,1,48.73,BUY
MSFT,2023-03-31T00:00:00.000000,1,48.73,BUY
MSFT,2023-04-03T00:00:00.000000,1,48.73,BUY
MSFT,2023-04-04T00:00:00.000000,1,48.73,BUY
MSFT,2023-04-05T00:00:00.000000,1,48.73,BUY
MSFT,2023-04-06T00:00:00.000000,1,48.73,BUY
MSFT,2023-04-10T00:00:00.000000,1,48.73,BUY
MSFT,2023-04-11T00:00:00.000000,0,48.73,SELL
MSFT,2023-04-12T00:00:00.000000,1,48.73,BUY
MSFT,2023-04-13T00:00:00.000000,1,48.73,BUY
MSFT,2023-04-14T00:00:00.000000,1,48.73,BUY
MSFT,2023-04-17T00:00:00.000000,1,48.73,BUY
MSFT,2023-04-18T00:00:00.000000,1,48.73,BUY
MSFT,2023-04-19T00:00:00.000000,1,48.73,BUY
MSFT,2023-04-20T00:00:00.000000,1,48.73,BUY
MSFT,2023-04-21T00:00:00.000000,1,50.44,BUY
MSFT,2023-04-24T00:00:00.000000,1,50.44,BUY
MSFT,2023-04-25T00:00:00.000000,1,50.44,BUY
MSFT,2023-04-26T00:00:00.000000,1,50.44,BUY
MSFT,2023-04-27T00:00:00.000000,1,50.44,BUY
MSFT,2023-04-28T00:00:00.000000,1,50.44,BUY
MSFT,2023-05-01T00:00:00.000000,1,50.44,BUY
MSFT,2023-05-02T00:00:00.000000,1,50.44,BUY
MSFT,2023-05-03T00:00:00.000000,1,50.44,BUY
MSFT,2023-05-04T00:00:00.000000,1,50.44,BUY
MSFT,2023-05-05T00:00:00.000000,1,50.44,BUY
MSFT,2023-05-08T00:00:00.000000,1,50.44,BUY
MSFT,2023-05-09T00:00:00.000000,1,50.44,BUY
MSFT,2023-05-10T00:00:00.000000,1,48.73,BUY
MSFT,2023-05-11T00:00:00.000000,1,48.73,BUY
MSFT,2023-05-12T00:00:00.000000,1,48.73,BUY
MSFT,2023-05-15T00:00:00.000000,1,48.73,BUY
MSFT,2023-05-16T00:00:00.000000,1,48.73,BUY
MSFT,2023-05-17T00:00:00.000000,1,48.73,BUY
MSFT,2023-05-18T00:00:00.000000,1,48.73,BUY
MSFT,2023-05-19T00:00:00.000000,1,48.73,BUY
MSFT,2023-05-22T00:00:00.000000,1,48.73,BUY
MSFT,2023-05-23T00:00:00.000000,1,48.73,BUY
MSFT,2023-05-24T00:00:00.000000,1,48.73,BUY
MSFT,2023-05-25T00:00:00.000000,1,48.73,BUY
MSFT,2023-05-26T00:00:00.000000,1,48.73,BUY
MSFT,2023-05-30T00:00:00.000000,1,48.73,BUY
MSFT,2023-05-31T00:00:00.000000,1,48.73,BUY
MSFT,2023-06-01T00:00:00.000000,1,48.73,BUY
MSFT,2023-06-02T00:00:00.000000,1,50.44,BUY
MSFT,2023-06-05T00:00:00.000000,1,50.44,BUY
MSFT,2023-06-06T00:00:00.000000,1,50.44,BUY
MSFT,2023-06-07T00:00:00.000000,1,50.0,BUY
MSFT,2023-06-08T00:00:00.000000,1,48.73,BUY
MSFT,2023-06-09T00:00:00.000000,1,48.73,BUY
MSFT,2023-06-12T00:00:00.000000,0,48.73,SELL
MSFT,2023-06-13T00:00:00.000000,0,46.09,SELL
MSFT,2023-06-14T00:00:00.000000,0,46.09,SELL
MSFT,2023-06-15T00:00:00.000000,0,48.73,SELL
MSFT,2023-06-16T00:00:00.000000,0,48.73,SELL
MSFT,2023-06-20T00:00:00.000000,0,48.73,SELL
MSFT,2023-06-21T00:00:00.000000,0,48.73,SELL
MSFT,2023-06-22T00:00:00.000000,0,48.73,SELL
MSFT,2023-06-23T00:00:00.000000,0,46.09,SELL
MSFT,2023-06-26T00:00:00.000000,0,46.09,SELL
MSFT,2023-06-27T00:00:00.000000,0,46.09,SELL
MSFT,2023-06-28T00:00:00.000000,0,48.73,SELL
MSFT,2023-06-29T00:00:00.000000,1,48.73,BUY
MSFT,2023-06-30T00:00:00.000000,1,48.73,BUY
MSFT,2023-07-03T00:00:00.000000,1,48.73,BUY
MSFT,2023-07-05T00:00:00.000000,1,48.73,BUY
MSFT,2023-07-06T00:00:00.000000,1,48.73,BUY
MSFT,2023-07-07T00:00:00.000000,1,48.73,BUY
MSFT,2023-07-10T00:00:00.000000,1,48.73,BUY
MSFT,2023-07-11T00:00:00.000000,1,48.73,BUY
MSFT,2023-07-12T00:00:00.000000,1,48.73,BUY
MSFT,2023-07-13T00:00:00.000000,1,48.73,BUY
MSFT,2023-07-14T00:00:00.000000,1,48.73,BUY
MSFT,2023-07-17T00:00:00.000000,1,48.73,BUY
MSFT,2023-07-18T00:00:00.000000,1,48.73,BUY
MSFT,2023-07-19T00:00:00.000000,1,48.73,BUY
MSFT,2023-07-20T00:00:00.000000,1,48.73,BUY
MSFT,2023-07-21T00:00:00.000000,1,48.73,BUY
MSFT,2023-07-24T00:00:00.000000,1,48.73,BUY
MSFT,2023-07-25T00:00:00.000000,1,48.73,BUY
MSFT,2023-07-26T00:00:00.000000,0,48.73,SELL
MSFT,2023-07-27T00:00:00.000000,0,48.73,SELL
MSFT,2023-07-28T00:00:00.000000,0,48.73,SELL
MSFT,2023-07-31T00:00:00.000000,1,48.73,BUY
MSFT,2023-08-01T00:00:00.000000,1,48.73,BUY
MSFT,2023-08-02T00:00:00.000000,1,48.73,BUY
MSFT,2023-08-03T00:00:00.000000,1,48.73,BUY
MSFT,2023-08-04T00:00:00.000000,1,50.44,BUY
MSFT,2023-08-07T00:00:00.000000,1,50.44,BUY
MSFT,2023-08-08T00:00:00.000000,1,50.44,BUY
MSFT,2023-08-09T00:00:00.000000,1,50.44,BUY
MSFT,2023-08-10T00:00:00.000000,1,50.44,BUY
MSFT,2023-08-11T00:00:00.000000,1,50.69,BUY
MSFT,2023-08-14T00:00:00.000000,1,50.69,BUY
MSFT,2023-08-15T00:00:00.000000,1,50.69,BUY
MSFT,2023-08-16T00:00:00.000000,1,50.69,BUY
MSFT,2023-08-17T00:00:00.000000,1,50.69,BUY
MSFT,2023-08-18T00:00:00.000000,1,50.69,BUY
MSFT,2023-08-21T00:00:00.000000,1,50.69,BUY
MSFT,2023-08-22T00:00:00.000000,1,50.69,BUY
MSFT,2023-08-23T00:00:00.000000,1,50.69,BUY
MSFT,2023-08-24T00:00:00.000000,1,50.69,BUY
MSFT,2023-08-25T00:00:00.000000,1,50.69,BUY
MSFT,2023-08-28T00:00:00.000000,1,50.69,BUY
MSFT,2023-08-29T00:00:00.000000,1,50.69,BUY
MSFT,2023-08-30T00:00:00.000000,1,50.69,BUY
MSFT,2023-08-31T00:00:00.000000,1,50.69,BUY
MSFT,2023-09-01T00:00:00.000000,1,50.44,BUY
MSFT,2023-09-05T00:00:00.000000,1,50.44,BUY
MSFT,2023-09-06T00:00:00.000000,1,50.44,BUY
MSFT,2023-09-07T00:00:00.000000,1,50.44,BUY
MSFT,2023-09-08T00:00:00.000000,1,50.44,BUY
MSFT,2023-09-11T00:00:00.000000,1,50.44,BUY
MSFT,2023-09-12T00:00:00.000000,1,50.44,BUY
MSFT,2023-09-13T00:00:00.000000,1,50.44,BUY
MSFT,2023-09-14T00:00:00.000000,1,50.44,BUY
MSFT,2023-09-15T00:00:00.000000,1,50.44,BUY
MSFT,2023-09-18T00:00:00.000000,1,50.44,BUY
MSFT,2023-09-19T00:00:00.000000,1,50.44,BUY
MSFT,2023-09-20T00:00:00.000000,1,50.44,BUY
MSFT,2023-09-21T00:00:00.000000,1,50.69,BUY
MSFT,2023-09-22T00:00:00.000000,1,50.69,BUY
MSFT,2023-09-25T00:00:00.000000,1,50.69,BUY
MSFT,2023-09-26T00:00:00.000000,1,50.69,BUY
MSFT,2023-09-27T00:00:00.000000,1,50.69,BUY
MSFT,2023-09-28T00:00:00.000000,1,50.69,BUY
MSFT,2023-09-29T00:00:00.000000,1,50.69,BUY
MSFT,2023-10-02T00:00:00.000000,1,50.69,BUY
MSFT,2023-10-03T00:00:00.000000,1,50.69,BUY
MSFT,2023-10-04T00:00:00.000000,1,50.69,BUY
MSFT,2023-10-05T00:00:00.000000,1,50.69,BUY
MSFT,2023-10-06T00:00:00.000000,1,50.69,BUY
MSFT,2023-10-09T00:00:00.000000,1,50.69,BUY
MSFT,2023-10-10T00:00:00.000000,1,50.69,BUY
MSFT,2023-10-11T00:00:00.000000,1,50.69,BUY
MSFT,2023-10-12T00:00:00.000000,1,50.69,BUY
MSFT,2023-10-13T00:00:00.000000,1,50.69,BUY
MSFT,2023-10-16T00:00:00.000000,1,50.69,BUY
MSFT,2023-10-17T00:00:00.000000,1,50.69,BUY
MSFT,2023-10-18T00:00:00.000000,1,50.69,BUY
MSFT,2023-10-19T00:00:00.000000,1,50.69,BUY
MSFT,2023-10-20T00:00:00.000000,1,50.69,BUY
MSFT,2023-10-23T00:00:00.000000,1,50.69,BUY
MSFT,2023-10-24T00:00:00.000000,1,50.69,BUY
MSFT,2023-10-25T00:00:00.000000,1,50.69,BUY
MSFT,2023-10-26T00:00:00.000000,1,50.69,BUY
MSFT,2023-10-27T00:00:00.000000,1,50.69,BUY
MSFT,2023-10-30T00:00:00.000000,1,50.69,BUY
MSFT,2023-10-31T00:00:00.000000,1,50.69,BUY
MSFT,2023-11-01T00:00:00.000000,1,50.69,BUY
MSFT,2023-11-02T00:00:00.000000,1,50.69,BUY
MSFT,2023-11-03T00:00:00.000000,1,50.44,BUY
MSFT,2023-11-06T00:00:00.000000,1,50.44,BUY
MSFT,2023-11-07T00:00:00.000000,1,50.44,BUY
MSFT,2023-11-08T00:00:00.000000,1,50.44,BUY
MSFT,2023-11-09T00:00:00.000000,1,50.44,BUY
MSFT,2023-11-10T00:00:00.000000,1,48.73,BUY
MSFT,2023-11-13T00:00:00.000000,1,48.73,BUY
MSFT,2023-11-14T00:00:00.000000,0,48.73,SELL
MSFT,2023-11-15T00:00:00.000000,0,46.09,SELL
MSFT,2023-11-16T00:00:00.000000,0,46.09,SELL
MSFT,2023-11-17T00:00:00.000000,0,46.09,SELL
MSFT,2023-11-20T00:00:00.000000,0,46.09,SELL
MSFT,2023-11-21T00:00:00.000000,0,46.09,SELL
MSFT,2023-11-22T00:00:00.000000,0,46.09,SELL
MSFT,2023-11-24T00:00:00.000000,0,46.09,SELL
MSFT,2023-11-27T00:00:00.000000,0,46.09,SELL
MSFT,2023-11-28T00:00:00.000000,0,46.09,SELL
MSFT,2023-11-29T00:00:00.000000,0,46.09,SELL
MSFT,2023-11-30T00:00:00.000000,0,48.73,SELL
MSFT,2023-12-01T00:00:00.000000,0,48.73,SELL
MSFT,2023-12-04T00:00:00.000000,0,48.73,SELL
MSFT,2023-12-05T00:00:00.000000,0,48.73,SELL
MSFT,2023-12-06T00:00:00.000000,1,48.73,BUY
MSFT,2023-12-07T00:00:00.000000,1,48.73,BUY
MSFT,2023-12-08T00:00:00.000000,1,50.44,BUY
MSFT,2023-12-11T00:00:00.000000,1,50.44,BUY
MSFT,2023-12-12T00:00:00.000000,1,50.44,BUY
MSFT,2023-12-13T00:00:00.000000,1,50.44,BUY
MSFT,2023-12-14T00:00:00.000000,1,50.44,BUY
MSFT,2023-12-15T00:00:00.000000,1,50.44,BUY
MSFT,2023-12-18T00:00:00.000000,1,50.44,BUY
MSFT,2023-12-19T00:00:00.000000,1,50.44,BUY
MSFT,2023-12-20T00:00:00.000000,1,50.44,BUY
MSFT,2023-12-21T00:00:00.000000,1,50.44,BUY
MSFT,2023-12-22T00:00:00.000000,1,50.44,BUY
MSFT,2023-12-26T00:00:00.000000,1,50.44,BUY
MSFT,2023-12-27T00:00:00.000000,1,48.73,BUY
MSFT,2023-12-28T00:00:00.000000,1,48.73,BUY
MSFT,2023-12-29T00:00:00.000000,1,48.73,BUY
MSFT,2024-01-02T00:00:00.000000,1,50.44,BUY
MSFT,2024-01-03T00:00:00.000000,1,50.44,BUY
MSFT,2024-01-04T00:00:00.000000,1,50.69,BUY
MSFT,2024-01-05T00:00:00.000000,1,50.69,BUY
MSFT,2024-01-08T00:00:00.000000,1,50.69,BUY
MSFT,2024-01-09T00:00:00.000000,1,50.69,BUY
MSFT,2024-01-10T00:00:00.000000,1,50.69,BUY
MSFT,2024-01-11T00:00:00.000000,1,50.69,BUY
MSFT,2024-01-12T00:00:00.000000,1,50.69,BUY
MSFT,2024-01-16T00:00:00.000000,1,50.69,BUY
MSFT,2024-01-17T00:00:00.000000,1,50.69,BUY
MSFT,2024-01-18T00:00:00.000000,1,50.69,BUY
MSFT,2024-01-19T00:00:00.000000,1,50.69,BUY
MSFT,2024-01-22T00:00:00.000000,1,50.69,BUY
MSFT,2024-01-23T00:00:00.000000,1,50.69,BUY
MSFT,2024-01-24T00:00:00.000000,1,50.44,BUY
MSFT,2024-01-25T00:00:00.000000,1,50.44,BUY
MSFT,2024-01-26T00:00:00.000000,1,50.44,BUY
MSFT,2024-01-29T00:00:00.000000,1,50.44,BUY
MSFT,2024-01-30T00:00:00.000000,1,50.44,BUY
MSFT,2024-01-31T00:00:00.000000,1,50.44,BUY
MSFT,2024-02-01T00:00:00.000000,1,50.44,BUY
MSFT,2024-02-02T00:00:00.000000,1,50.44,BUY
MSFT,2024-02-05T00:00:00.000000,1,50.44,BUY
MSFT,2024-02-06T00:00:00.000000,1,48.73,BUY
MSFT,2024-02-07T00:00:00.000000,1,48.73,BUY
MSFT,2024-02-08T00:00:00.000000,1,48.73,BUY
MSFT,2024-02-09T00:00:00.000000,1,48.73,BUY
MSFT,2024-02-12T00:00:00.000000,1,48.73,BUY
MSFT,2024-02-13T00:00:00.000000,1,48.73,BUY
MSFT,2024-02-14T00:00:00.000000,1,48.73,BUY
MSFT,2024-02-15T00:00:00.000000,1,48.73,BUY
MSFT,2024-02-16T00:00:00.000000,1,48.73,BUY
MSFT,2024-02-20T00:00:00.000000,1,48.73,BUY
MSFT,2024-02-21T00:00:00.000000,1,48.73,BUY
MSFT,2024-02-22T00:00:00.000000,1,48.73,BUY
MSFT,2024-02-23T00:00:00.000000,1,48.73,BUY
MSFT,2024-02-26T00:00:00.000000,1,48.73,BUY
MSFT,2024-02-27T00:00:00.000000,1,48.73,BUY
MSFT,2024-02-28T00:00:00.000000,1,48.73,BUY
MSFT,2024-02-29T00:00:00.000000,1,48.73,BUY
MSFT,2024-03-01T00:00:00.000000,1,48.73,BUY
MSFT,2024-03-04T00:00:00.000000,1,48.73,BUY
MSFT,2024-03-05T00:00:00.000000,1,48.73,BUY
MSFT,2024-03-06T00:00:00.000000,1,50.44,BUY
MSFT,2024-03-07T00:00:00.000000,1,50.44,BUY
MSFT,2024-03-08T00:00:00.000000,1,50.44,BUY
MSFT,2024-03-11T00:00:00.000000,1,50.44,BUY
MSFT,2024-03-12T00:00:00.000000,1,50.44,BUY
MSFT,2024-03-13T00:00:00.000000,1,50.69,BUY
MSFT,2024-03-14T00:00:00.000000,1,50.69,BUY
MSFT,2024-03-15T00:00:00.000000,1,50.44,BUY
MSFT,2024-03-18T00:00:00.000000,1,50.44,BUY
MSFT,2024-03-19T00:00:00.000000,1,50.44,BUY
MSFT,2024-03-20T00:00:00.000000,1,50.44,BUY
MSFT,2024-03-21T00:00:00.000000,1,50.44,BUY
MSFT,2024-03-22T00:00:00.000000,1,50.44,BUY
MSFT,2024-03-25T00:00:00.000000,1,50.44,BUY
MSFT,2024-03-26T00:00:00.000000,1,50.44,BUY
MSFT,2024-03-27T00:00:00.000000,1,50.44,BUY
MSFT,2024-03-28T00:00:00.000000,1,50.44,BUY
MSFT,2024-04-01T00:00:00.000000,1,50.44,BUY
MSFT,2024-04-02T00:00:00.000000,1,50.44,BUY
MSFT,2024-04-03T00:00:00.000000,1,50.44,BUY
MSFT,2024-04-04T00:00:00.000000,1,50.44,BUY
MSFT,2024-04-05T00:00:00.000000,1,50.69,BUY
MSFT,2024-04-08T00:00:00.000000,1,50.69,BUY
MSFT,2024-04-09T00:00:00.000000,1,50.69,BUY
MSFT,2024-04-10T00:00:00.000000,1,50.69,BUY
MSFT,2024-04-11T00:00:00.000000,1,50.69,BUY
MSFT,2024-04-12T00:00:00.000000,1,50.69,BUY
MSFT,2024-04-15T00:00:00.000000,1,50.69,BUY
MSFT,2024-04-16T00:00:00.000000,1,50.69,BUY
MSFT,2024-04-17T00:00:00.000000,1,50.69,BUY
MSFT,2024-04-18T00:00:00.000000,1,50.69,BUY
MSFT,2024-04-19T00:00:00.000000,1,50.69,BUY
MSFT,2024-04-22T00:00:00.000000,1,50.69,BUY
MSFT,2024-04-23T00:00:00.000000,1,50.69,BUY
MSFT,2024-04-24T00:00:00.000000,1,50.69,BUY
MSFT,2024-04-25T00:00:00.000000,1,50.69,BUY
MSFT,2024-04-26T00:00:00.000000,1,50.69,BUY
MSFT,2024-04-29T00:00:00.000000,1,50.69,BUY
MSFT,2024-04-30T00:00:00.000000,1,50.69,BUY
MSFT,2024-05-01T00:00:00.000000,1,50.44,BUY
MSFT,2024-05-02T00:00:00.000000,1,50.44,BUY
MSFT,2024-05-03T00:00:00.000000,1,48.73,BUY
MSFT,2024-05-06T00:00:00.000000,1,50.44,BUY
MSFT,2024-05-07T00:00:00.000000,1,50.44,BUY
MSFT,2024-05-08T00:00:00.000000,1,50.44,BUY
MSFT,2024-05-09T00:00:00.000000,1,48.73,BUY
MSFT,2024-05-10T00:00:00.000000,0,48.73,SELL
MSFT,2024-05-13T00:00:00.000000,0,46.09,SELL
MSFT,2024-05-14T00:00:00.000000,0,42.94,SELL
MSFT,2024-05-15T00:00:00.000000,0,46.09,SELL
MSFT,2024-05-16T00:00:00.000000,0,46.09,SELL
MSFT,2024-05-17T00:00:00.000000,1,48.73,BUY
MSFT,2024-05-20T00:00:00.000000,1,48.73,BUY
MSFT,2024-05-21T00:00:00.000000,1,48.73,BUY
MSFT,2024-05-22T00:00:00.000000,1,48.73,BUY
MSFT,2024-05-23T00:00:00.000000,1,48.73,BUY
MSFT,2024-05-24T00:00:00.000000,1,48.73,BUY
MSFT,2024-05-28T00:00:00.000000,1,50.44,BUY
MSFT,2024-05-29T00:00:00.000000,1,50.44,BUY
MSFT,2024-05-30T00:00:00.000000,1,50.44,BUY
MSFT,2024-05-31T00:00:00.000000,1,50.44,BUY
MSFT,2024-06-03T00:00:00.000000,1,50.44,BUY
MSFT,2024-06-04T00:00:00.000000,1,50.44,BUY
MSFT,2024-06-05T00:00:00.000000,1,50.69,BUY
MSFT,2024-06-06T00:00:00.000000,1,50.69,BUY
MSFT,2024-06-07T00:00:00.000000,1,50.69,BUY
MSFT,2024-06-10T00:00:00.000000,1,50.69,BUY
MSFT,2024-06-11T00:00:00.000000,1,50.69,BUY
MSFT,2024-06-12T00:00:00.000000,1,50.69,BUY
MSFT,2024-06-13T00:00:00.000000,1,50.69,BUY
MSFT,2024-06-14T00:00:00.000000,1,50.69,BUY
MSFT,2024-06-17T00:00:00.000000,1,50.69,BUY
MSFT,2024-06-18T00:00:00.000000,1,50.69,BUY
MSFT,2024-06-20T00:00:00.000000,1,50.69,BUY
MSFT,2024-06-21T00:00:00.000000,1,50.69,BUY
MSFT,2024-06-24T00:00:00.000000,1,50.69,BUY
MSFT,2024-06-25T00:00:00.000000,1,50.69,BUY
MSFT,2024-06-26T00:00:00.000000,1,50.69,BUY
MSFT,2024-06-27T00:00:00.000000,1,50.69,BUY
MSFT,2024-06-28T00:00:00.000000,1,50.69,BUY
MSFT,2024-07-01T00:00:00.000000,1,50.44,BUY
MSFT,2024-07-02T00:00:00.000000,1,50.44,BUY
MSFT,2024-07-03T00:00:00.000000,1,50.44,BUY
MSFT,2024-07-05T00:00:00.000000,1,50.69,BUY
MSFT,2024-07-08T00:00:00.000000,1,50.69,BUY
MSFT,2024-07-09T00:00:00.000000,1,50.69,BUY
MSFT,2024-07-10T00:00:00.000000,1,50.69,BUY
MSFT,2024-07-11T00:00:00.000000,1,50.69,BUY
MSFT,2024-07-12T00:00:00.000000,1,50.44,BUY
MSFT,2024-07-15T00:00:00.000000,1,50.44,BUY
MSFT,2024-07-16T00:00:00.000000,1,48.73,BUY
MSFT,2024-07-17T00:00:00.000000,1,48.73,BUY
MSFT,2024-07-18T00:00:00.000000,1,48.73,BUY
MSFT,2024-07-19T00:00:00.000000,1,50.44,BUY
MSFT,2024-07-22T00:00:00.000000,1,50.44,BUY
MSFT,2024-07-23T00:00:00.000000,1,50.44,BUY
MSFT,2024-07-24T00:00:00.000000,1,50.69,BUY
MSFT,2024-07-25T00:00:00.000000,1,50.69,BUY
MSFT,2024-07-26T00:00:00.000000,1,50.69,BUY
MSFT,2024-07-29T00:00:00.000000,1,50.44,BUY
MSFT,2024-07-30T00:00:00.000000,1,50.69,BUY
MSFT,2024-07-31T00:00:00.000000,1,50.69,BUY
MSFT,2024-08-01T00:00:00.000000,1,50.69,BUY
MSFT,2024-08-02T00:00:00.000000,1,50.69,BUY
MSFT,2024-08-05T00:00:00.000000,1,50.69,BUY
MSFT,2024-08-06T00:00:00.000000,1,50.44,BUY
MSFT,2024-08-07T00:00:00.000000,1,50.44,BUY
MSFT,2024-08-08T00:00:00.000000,1,50.44,BUY
MSFT,2024-08-09T00:00:00.000000,1,50.44,BUY
MSFT,2024-08-12T00:00:00.000000,1,50.44,BUY
MSFT,2024-08-13T00:00:00.000000,1,50.44,BUY
MSFT,2024-08-14T00:00:00.000000,1,50.44,BUY
MSFT,2024-08-15T00:00:00.000000,1,48.73,BUY
MSFT,2024-08-16T00:00:00.000000,1,48.73,BUY
MSFT,2024-08-19T00:00:00.000000,1,48.73,BUY
MSFT,2024-08-20T00:00:00.000000,1,48.73,BUY
MSFT,2024-08-21T00:00:00.000000,1,48.73,BUY
MSFT,2024-08-22T00:00:00.000000,1,48.73,BUY
MSFT,2024-08-23T00:00:00.000000,1,48.73,BUY
MSFT,2024-08-26T00:00:00.000000,1,48.73,BUY
MSFT,2024-08-27T00:00:00.000000,1,48.73,BUY
MSFT,2024-08-28T00:00:00.000000,1,48.73,BUY
MSFT,2024-08-29T00:00:00.000000,1,48.73,BUY
MSFT,2024-08-30T00:00:00.000000,1,50.44,BUY
MSFT,2024-09-03T00:00:00.000000,1,50.44,BUY
MSFT,2024-09-04T00:00:00.000000,1,50.69,BUY
MSFT,2024-09-05T00:00:00.000000,1,50.69,BUY
MSFT,2024-09-06T00:00:00.000000,1,50.69,BUY
MSFT,2024-09-09T00:00:00.000000,1,50.69,BUY
MSFT,2024-09-10T00:00:00.000000,1,50.69,BUY
MSFT,2024-09-11T00:00:00.000000,1,50.69,BUY
MSFT,2024-09-12T00:00:00.000000,1,50.69,BUY
MSFT,2024-09-13T00:00:00.000000,1,50.69,BUY
MSFT,2024-09-16T00:00:00.000000,1,50.69,BUY
MSFT,2024-09-17T00:00:00.000000,1,50.69,BUY
MSFT,2024-09-18T00:00:00.000000,1,50.69,BUY
MSFT,2024-09-19T00:00:00.000000,1,50.69,BUY
MSFT,2024-09-20T00:00:00.000000,1,50.69,BUY
MSFT,2024-09-23T00:00:00.000000,1,50.44,BUY
MSFT,2024-09-24T00:00:00.000000,1,50.44,BUY
MSFT,2024-09-25T00:00:00.000000,1,48.73,BUY
MSFT,2024-09-26T00:00:00.000000,1,48.73,BUY
MSFT,2024-09-27T00:00:00.000000,1,48.73,BUY
MSFT,2024-09-30T00:00:00.000000,1,48.73,BUY
MSFT,2024-10-01T00:00:00.000000,1,48.73,BUY
MSFT,2024-10-02T00:00:00.000000,1,48.73,BUY
MSFT,2024-10-03T00:00:00.000000,1,48.73,BUY
MSFT,2024-10-04T00:00:00.000000,0,48.73,SELL
MSFT,2024-10-07T00:00:00.000000,0,48.73,SELL
MSFT,2024-10-08T00:00:00.000000,0,48.73,SELL
MSFT,2024-10-09T00:00:00.000000,0,48.73,SELL
MSFT,2024-10-10T00:00:00.000000,1,48.73,BUY
MSFT,2024-10-11T00:00:00.000000,1,48.73,BUY
MSFT,2024-10-14T00:00:00.000000,1,48.73,BUY
MSFT,2024-10-15T00:00:00.000000,0,48.73,SELL
MSFT,2024-10-16T00:00:00.000000,0,46.09,SELL
MSFT,2024-10-17T00:00:00.000000,0,46.09,SELL
MSFT,2024-10-18T00:00:00.000000,0,46.09,SELL
MSFT,2024-10-21T00:00:00.000000,0,46.09,SELL
MSFT,2024-10-22T00:00:00.000000,0,46.09,SELL
MSFT,2024-10-23T00:00:00.000000,0,48.73,SELL
MSFT,2024-10-24T00:00:00.000000,0,48.73,SELL
MSFT,2024-10-25T00:00:00.000000,1,48.73,BUY
MSFT,2024-10-28T00:00:00.000000,1,48.73,BUY
MSFT,2024-10-29T00:00:00.000000,1,50.44,BUY
MSFT,2024-10-30T00:00:00.000000,1,50.44,BUY
MSFT,2024-10-31T00:00:00.000000,1,50.44,BUY
MSFT,2024-11-01T00:00:00.000000,1,50.44,BUY
MSFT,2024-11-04T00:00:00.000000,1,50.69,BUY
MSFT,2024-11-05T00:00:00.000000,1,50.69,BUY
MSFT,2024-11-06T00:00:00.000000,1,50.69,BUY
MSFT,2024-11-07T00:00:00.000000,1,50.44,BUY
MSFT,2024-11-08T00:00:00.000000,1,50.44,BUY
MSFT,2024-11-11T00:00:00.000000,1,50.44,BUY
MSFT,2024-11-12T00:00:00.000000,1,50.44,BUY
MSFT,2024-11-13T00:00:00.000000,1,48.73,BUY
MSFT,2024-11-14T00:00:00.000000,1,48.73,BUY
MSFT,2024-11-15T00:00:00.000000,1,48.73,BUY
MSFT,2024-11-18T00:00:00.000000,1,48.73,BUY
MSFT,2024-11-19T00:00:00.000000,0,48.73,SELL
MSFT,2024-11-20T00:00:00.000000,0,48.73,SELL
MSFT,2024-11-21T00:00:00.000000,0,46.09,SELL
MSFT,2024-11-22T00:00:00.000000,0,46.09,SELL
MSFT,2024-11-25T00:00:00.000000,0,48.73,SELL
MSFT,2024-11-26T00:00:00.000000,1,48.73,BUY
MSFT,2024-11-27T00:00:00.000000,1,50.44,BUY
MSFT,2024-11-29T00:00:00.000000,1,50.44,BUY
MSFT,2024-12-02T00:00:00.000000,1,50.69,BUY
MSFT,2024-12-03T00:00:00.000000,1,50.44,BUY
MSFT,2024-12-04T00:00:00.000000,1,50.44,BUY
MSFT,2024-12-05T00:00:00.000000,1,50.44,BUY
MSFT,2024-12-06T00:00:00.000000,1,50.44,BUY
MSFT,2024-12-09T00:00:00.000000,1,50.44,BUY
MSFT,2024-12-10T00:00:00.000000,1,50.44,BUY
MSFT,2024-12-11T00:00:00.000000,1,50.69,BUY
MSFT,2024-12-12T00:00:00.000000,1,50.69,BUY
MSFT,2024-12-13T00:00:00.000000,1,50.69,BUY
MSFT,2024-12-16T00:00:00.000000,1,50.69,BUY
MSFT,2024-12-17T00:00:00.000000,1,50.44,BUY
MSFT,2024-12-18T00:00:00.000000,1,50.44,BUY
MSFT,2024-12-19T00:00:00.000000,1,50.69,BUY
MSFT,2024-12-20T00:00:00.000000,1,50.69,BUY
NFLX,2023-02-21T00:00:00.000000,0,46.09,SELL
NFLX,2023-02-22T00:00:00.000000,0,48.73,SELL
NFLX,2023-02-23T00:00:00.000000,1,48.73,BUY
NFLX,2023-02-24T00:00:00.000000,0,48.73,SELL
NFLX,2023-02-27T00:00:00.000000,0,46.09,SELL
NFLX,2023-02-28T00:00:00.000000,0,48.73,SELL
NFLX,2023-03-01T00:00:00.000000,1,48.73,BUY
NFLX,2023-03-02T00:00:00.000000,1,50.44,BUY
NFLX,2023-03-03T00:00:00.000000,1,50.44,BUY
NFLX,2023-03-06T00:00:00.000000,1,50.44,BUY
NFLX,2023-03-07T00:00:00.000000,1,50.44,BUY
NFLX,2023-03-08T00:00:00.000000,1,48.73,BUY
NFLX,2023-03-09T00:00:00.000000,0,42.94,SELL
NFLX,2023-03-10T00:00:00.000000,0,46.09,SELL
NFLX,2023-03-13T00:00:00.000000,0,46.09,SELL
NFLX,2023-03-14T00:00:00.000000,0,42.94,SELL
NFLX,2023-03-15T00:00:00.000000,0,42.94,SELL
NFLX,2023-03-16T00:00:00.000000,0,42.94,SELL
NFLX,2023-03-17T00:00:00.000000,0,42.94,SELL
NFLX,2023-03-20T00:00:00.000000,0,42.94,SELL
NFLX,2023-03-21T00:00:00.000000,0,42.94,SELL
NFLX,2023-03-22T00:00:00.000000,0,42.94,SELL
NFLX,2023-03-23T00:00:00.000000,0,46.09,SELL
NFLX,2023-03-24T00:00:00.000000,0,42.94,SELL
NFLX,2023-03-27T00:00:00.000000,0,42.94,SELL
NFLX,2023-03-28T00:00:00.000000,0,42.94,SELL
NFLX,2023-03-29T00:00:00.000000,0,46.09,SELL
NFLX,2023-03-30T00:00:00.000000,0,46.09,SELL
NFLX,2023-03-31T00:00:00.000000,0,48.73,SELL
NFLX,2023-04-03T00:00:00.000000,1,48.73,BUY
NFLX,2023-04-04T00:00:00.000000,1,48.73,BUY
NFLX,2023-04-05T00:00:00.000000,1,48.73,BUY
NFLX,2023-04-06T00:00:00.000000,1,48.73,BUY
NFLX,2023-04-10T00:00:00.000000,1,48.73,BUY
NFLX,2023-04-11T00:00:00.000000,1,48.73,BUY
NFLX,2023-04-12T00:00:00.000000,1,48.73,BUY
NFLX,2023-04-13T00:00:00.000000,1,48.73,BUY
NFLX,2023-04-14T00:00:00.000000,0,48.73,SELL
NFLX,2023-04-17T00:00:00.000000,0,48.73,SELL
NFLX,2023-04-18T00:00:00.000000,0,48.73,SELL
NFLX,2023-04-19T00:00:00.000000,0,48.73,SELL
NFLX,2023-04-20T00:00:00.000000,0,46.09,SELL
NFLX,2023-04-21T00:00:00.000000,0,48.73,SELL
NFLX,2023-04-24T00:00:00.000000,0,48.73,SELL
NFLX,2023-04-25T00:00:00.000000,1,48.73,BUY
NFLX,2023-04-26T00:00:00.000000,1,48.73,BUY
NFLX,2023-04-27T00:00:00.000000,1,48.73,BUY
NFLX,2023-04-28T00:00:00.000000,1,48.73,BUY
NFLX,2023-05-01T00:00:00.000000,1,48.73,BUY
NFLX,2023-05-02T00:00:00.000000,1,50.44,BUY
NFLX,2023-05-03T00:00:00.000000,1,50.44,BUY
NFLX,2023-05-04T00:00:00.000000,1,50.69,BUY
NFLX,2023-05-05T00:00:00.000000,1,50.69,BUY
NFLX,2023-05-08T00:00:00.000000,1,50.69,BUY
NFLX,2023-05-09T00:00:00.000000,1,50.69,BUY
NFLX,2023-05-10T00:00:00.000000,1,50.69,BUY
NFLX,2023-05-11T00:00:00.000000,1,50.44,BUY
NFLX,2023-05-12T00:00:00.000000,1,50.44,BUY
NFLX,2023-05-15T00:00:00.000000,1,50.44,BUY
NFLX,2023-05-16T00:00:00.000000,1,50.44,BUY
NFLX,2023-05-17T00:00:00.000000,1,50.44,BUY
NFLX,2023-05-18T00:00:00.000000,1,50.44,BUY
NFLX,2023-05-19T00:00:00.000000,1,50.44,BUY
NFLX,2023-05-22T00:00:00.000000,1,50.44,BUY
NFLX,2023-05-23T00:00:00.000000,1,50.44,BUY
NFLX,2023-05-24T00:00:00.000000,1,50.44,BUY
NFLX,2023-05-25T00:00:00.000000,1,50.44,BUY
NFLX,2023-05-26T00:00:00.000000,1,50.44,BUY
NFLX,2023-05-30T00:00:00.000000,1,50.44,BUY
NFLX,2023-05-31T00:00:00.000000,1,50.44,BUY
NFLX,2023-06-01T00:00:00.000000,1,50.44,BUY
NFLX,2023-06-02T00:00:00.000000,1,50.44,BUY
NFLX,2023-06-05T00:00:00.000000,1,50.44,BUY
NFLX,2023-06-06T00:00:00.000000,1,50.44,BUY
NFLX,2023-06-07T00:00:00.000000,1,48.73,BUY
NFLX,2023-06-08T00:00:00.000000,1,48.73,BUY
NFLX,2023-06-09T00:00:00.000000,0,48.73,SELL
NFLX,2023-06-12T00:00:00.000000,0,46.09,SELL
NFLX,2023-06-13T00:00:00.000000,0,46.09,SELL
NFLX,2023-06-14T00:00:00.000000,0,42.94,SELL
NFLX,2023-06-15T00:00:00.000000,0,42.94,SELL
NFLX,2023-06-16T00:00:00.000000,0,42.94,SELL
NFLX,2023-06-20T00:00:00.000000,0,42.94,SELL
NFLX,2023-06-21T00:00:00.000000,0,42.94,SELL
NFLX,2023-06-22T00:00:00.000000,0,42.94,SELL
NFLX,2023-06-23T00:00:00.000000,0,42.94,SELL
NFLX,2023-06-26T00:00:00.000000,0,42.94,SELL
NFLX,2023-06-27T00:00:00.000000,0,42.94,SELL
NFLX,2023-06-28T00:00:00.000000,0,42.94,SELL
NFLX,2023-06-29T00:00:00.000000,0,42.94,SELL
NFLX,2023-06-30T00:00:00.000000,0,42.94,SELL
NFLX,2023-07-03T00:00:00.000000,0,42.94,SELL
NFLX,2023-07-05T00:00:00.000000,0,42.94,SELL
NFLX,2023-07-06T00:00:00.000000,0,42.94,SELL
NFLX,2023-07-07T00:00:00.000000,0,42.94,SELL
NFLX,2023-07-10T00:00:00.000000,0,42.94,SELL
NFLX,2023-07-11T00:00:00.000000,0,42.94,SELL
NFLX,2023-07-12T00:00:00.000000,0,42.94,SELL
NFLX,2023-07-13T00:00:00.000000,0,42.94,SELL
NFLX,2023-07-14T00:00:00.000000,0,42.94,SELL
NFLX,2023-07-17T00:00:00.000000,0,42.94,SELL
NFLX,2023-07-18T00:00:00.000000,0,46.09,SELL
NFLX,2023-07-19T00:00:00.000000,0,46.09,SELL
NFLX,2023-07-20T00:00:00.000000,0,46.09,SELL
NFLX,2023-07-21T00:00:00.000000,0,42.94,SELL
NFLX,2023-07-24T00:00:00.000000,0,42.94,SELL
NFLX,2023-07-25T00:00:00.000000,0,42.94,SELL
NFLX,2023-07-26T00:00:00.000000,0,42.94,SELL
NFLX,2023-07-27T00:00:00.000000,0,42.94,SELL
NFLX,2023-07-28T00:00:00.000000,0,42.94,SELL
NFLX,2023-07-31T00:00:00.000000,0,42.94,SELL
NFLX,2023-08-01T00:00:00.000000,0,42.94,SELL
NFLX,2023-08-02T00:00:00.000000,0,42.94,SELL
NFLX,2023-08-03T00:00:00.000000,0,46.09,SELL
NFLX,2023-08-04T00:00:00.000000,0,46.09,SELL
NFLX,2023-08-07T00:00:00.000000,0,46.09,SELL
NFLX,2023-08-08T00:00:00.000000,0,46.09,SELL
NFLX,2023-08-09T00:00:00.000000,0,46.09,SELL
NFLX,2023-08-10T00:00:00.000000,1,48.73,BUY
NFLX,2023-08-11T00:00:00.000000,1,48.73,BUY
NFLX,2023-08-14T00:00:00.000000,1,48.73,BUY
NFLX,2023-08-15T00:00:00.000000,1,50.44,BUY
NFLX,2023-08-16T00:00:00.000000,1,50.44,BUY
NFLX,2023-08-17T00:00:00.000000,1,50.44,BUY
NFLX,2023-08-18T00:00:00.000000,1,50.44,BUY
NFLX,2023-08-21T00:00:00.000000,1,50.44,BUY
NFLX,2023-08-22T00:00:00.000000,1,50.69,BUY
NFLX,2023-08-23T00:00:00.000000,1,50.69,BUY
NFLX,2023-08-24T00:00:00.000000,1,50.69,BUY
NFLX,2023-08-25T00:00:00.000000,1,50.69,BUY
NFLX,2023-08-28T00:00:00.000000,1,50.69,BUY
NFLX,2023-08-29T00:00:00.000000,1,50.44,BUY
NFLX,2023-08-30T00:00:00.000000,1,48.73,BUY
NFLX,2023-08-31T00:00:00.000000,1,48.73,BUY
NFLX,2023-09-01T00:00:00.000000,0,48.73,SELL
NFLX,2023-09-05T00:00:00.000000,0,48.73,SELL
NFLX,2023-09-06T00:00:00.000000,0,48.73,SELL
NFLX,2023-09-07T00:00:00.000000,0,48.73,SELL
NFLX,2023-09-08T00:00:00.000000,0,48.73,SELL
NFLX,2023-09-11T00:00:00.000000,0,48.73,SELL
NFLX,2023-09-12T00:00:00.000000,0,48.73,SELL
NFLX,2023-09-13T00:00:00.000000,0,48.73,SELL
NFLX,2023-09-14T00:00:00.000000,1,48.73,BUY
NFLX,2023-09-15T00:00:00.000000,0,48.73,SELL
NFLX,2023-09-18T00:00:00.000000,0,46.09,SELL
NFLX,2023-09-19T00:00:00.000000,0,46.09,SELL
NFLX,2023-09-20T00:00:00.000000,0,46.09,SELL
NFLX,2023-09-21T00:00:00.000000,0,46.09,SELL
NFLX,2023-09-22T00:00:00.000000,0,48.73,SELL
NFLX,2023-09-25T00:00:00.000000,1,48.73,BUY
NFLX,2023-09-26T00:00:00.000000,1,48.73,BUY
NFLX,2023-09-27T00:00:00.000000,1,48.73,BUY
NFLX,2023-09-28T00:00:00.000000,1,48.73,BUY
NFLX,2023-09-29T00:00:00.000000,1,48.73,BUY
NFLX,2023-10-02T00:00:00.000000,1,48.73,BUY
NFLX,2023-10-03T00:00:00.000000,1,48.73,BUY
NFLX,2023-10-04T00:00:00.000000,1,48.73,BUY
NFLX,2023-10-05T00:00:00.000000,0,48.73,SELL
NFLX,2023-10-06T00:00:00.000000,0,46.09,SELL
NFLX,2023-10-09T00:00:00.000000,0,46.09,SELL
NFLX,2023-10-10T00:00:00.000000,0,42.94,SELL
NFLX,2023-10-11T00:00:00.000000,0,42.94,SELL
NFLX,2023-10-12T00:00:00.000000,0,42.94,SELL
NFLX,2023-10-13T00:00:00.000000,0,42.94,SELL
NFLX,2023-10-16T00:00:00.000000,0,42.94,SELL
NFLX,2023-10-17T00:00:00.000000,0,42.94,SELL
NFLX,2023-10-18T00:00:00.000000,0,42.94,SELL
NFLX,2023-10-19T00:00:00.000000,0,42.94,SELL
NFLX,2023-10-20T00:00:00.000000,0,46.09,SELL
NFLX,2023-10-23T00:00:00.000000,1,48.73,BUY
NFLX,2023-10-24T00:00:00.000000,1,48.73,BUY
NFLX,2023-10-25T00:00:00.000000,1,50.44,BUY
NFLX,2023-10-26T00:00:00.000000,1,50.44,BUY
NFLX,2023-10-27T00:00:00.000000,1,50.44,BUY
NFLX,2023-10-30T00:00:00.000000,1,50.44,BUY
NFLX,2023-10-31T00:00:00.000000,1,50.44,BUY
NFLX,2023-11-01T00:00:00.000000,1,50.44,BUY
NFLX,2023-11-02T00:00:00.000000,1,50.44,BUY
NFLX,2023-11-03T00:00:00.000000,1,50.44,BUY
NFLX,2023-11-06T00:00:00.000000,1,50.44,BUY
NFLX,2023-11-07T00:00:00.000000,1,50.44,BUY
NFLX,2023-11-08T00:00:00.000000,1,48.73,BUY
NFLX,2023-11-09T00:00:00.000000,0,48.73,SELL
NFLX,2023-11-10T00:00:00.000000,0,46.09,SELL
NFLX,2023-11-13T00:00:00.000000,0,46.09,SELL
NFLX,2023-11-14T00:00:00.000000,0,42.94,SELL
NFLX,2023-11-15T00:00:00.000000,0,42.94,SELL
NFLX,2023-11-16T00:00:00.000000,0,42.94,SELL
NFLX,2023-11-17T00:00:00.000000,0,42.94,SELL
NFLX,2023-11-20T00:00:00.000000,0,42.94,SELL
NFLX,2023-11-21T00:00:00.000000,0,42.94,SELL
NFLX,2023-11-22T00:00:00.000000,0,42.94,SELL
NFLX,2023-11-24T00:00:00.000000,0,46.09,SELL
NFLX,2023-11-27T00:00:00.000000,0,46.09,SELL
NFLX,2023-11-28T00:00:00.000000,0,46.09,SELL
NFLX,2023-11-29T00:00:00.000000,0,46.09,SELL
NFLX,2023-11-30T00:00:00.000000,0,46.09,SELL
NFLX,2023-12-01T00:00:00.000000,0,46.09,SELL
NFLX,2023-12-04T00:00:00.000000,0,48.73,SELL
NFLX,2023-12-05T00:00:00.000000,0,46.09,SELL
NFLX,2023-12-06T00:00:00.000000,0,46.09,SELL
NFLX,2023-12-07T00:00:00.000000,0,42.94,SELL
NFLX,2023-12-08T00:00:00.000000,0,42.94,SELL
NFLX,2023-12-11T00:00:00.000000,0,42.94,SELL
NFLX,2023-12-12T00:00:00.000000,0,42.94,SELL
NFLX,2023-12-13T00:00:00.000000,0,39.62,SELL
NFLX,2023-12-14T00:00:00.000000,0,39.62,SELL
NFLX,2023-12-15T00:00:00.000000,0,39.62,SELL
NFLX,2023-12-18T00:00:00.000000,0,39.62,SELL
NFLX,2023-12-19T00:00:00.000000,0,39.62,SELL
NFLX,2023-12-20T00:00:00.000000,0,39.62,SELL
NFLX,2023-12-21T00:00:00.000000,0,39.62,SELL
NFLX,2023-12-22T00:00:00.000000,0,39.62,SELL
NFLX,2023-12-26T00:00:00.000000,0,39.62,SELL
NFLX,2023-12-27T00:00:00.000000,0,39.62,SELL
NFLX,2023-12-28T00:00:00.000000,0,39.62,SELL
NFLX,2023-12-29T00:00:00.000000,0,39.62,SELL
NFLX,2024-01-02T00:00:00.000000,0,39.62,SELL
NFLX,2024-01-03T00:00:00.000000,0,39.62,SELL
NFLX,2024-01-04T00:00:00.000000,0,39.62,SELL
NFLX,2024-01-05T00:00:00.000000,0,42.94,SELL
NFLX,2024-01-08T00:00:00.000000,0,42.94,SELL
NFLX,2024-01-09T00:00:00.000000,0,42.94,SELL
NFLX,2024-01-10T00:00:00.000000,0,42.94,SELL
NFLX,2024-01-11T00:00:00.000000,0,42.94,SELL
NFLX,2024-01-12T00:00:00.000000,0,42.94,SELL
NFLX,2024-01-16T00:00:00.000000,0,46.09,SELL
NFLX,2024-01-17T00:00:00.000000,0,46.09,SELL
NFLX,2024-01-18T00:00:00.000000,0,48.73,SELL
NFLX,2024-01-19T00:00:00.000000,0,48.73,SELL
NFLX,2024-01-22T00:00:00.000000,0,46.09,SELL
NFLX,2024-01-23T00:00:00.000000,0,48.73,SELL
NFLX,2024-01-24T00:00:00.000000,0,48.73,SELL
NFLX,2024-01-25T00:00:00.000000,0,48.73,SELL
NFLX,2024-01-26T00:00:00.000000,0,46.09,SELL
NFLX,2024-01-29T00:00:00.000000,0,48.73,SELL
NFLX,2024-01-30T00:00:00.000000,1,48.73,BUY
NFLX,2024-01-31T00:00:00.000000,1,48.73,BUY
NFLX,2024-02-01T00:00:00.000000,1,48.73,BUY
NFLX,2024-02-02T00:00:00.000000,1,48.73,BUY
NFLX,2024-02-05T00:00:00.000000,1,48.73,BUY
NFLX,2024-02-06T00:00:00.000000,0,48.73,SELL
NFLX,2024-02-07T00:00:00.000000,0,48.73,SELL
NFLX,2024-02-08T00:00:00.000000,0,48.73,SELL
NFLX,2024-02-09T00:00:00.000000,1,48.73,BUY
NFLX,2024-02-12T00:00:00.000000,1,48.73,BUY
NFLX,2024-02-13T00:00:00.000000,1,48.73,BUY
NFLX,2024-02-14T00:00:00.000000,0,48.73,SELL
NFLX,2024-02-15T00:00:00.000000,0,48.73,SELL
NFLX,2024-02-16T00:00:00.000000,0,46.09,SELL
NFLX,2024-02-20T00:00:00.000000,0,46.09,SELL
NFLX,2024-02-21T00:00:00.000000,0,42.94,SELL
NFLX,2024-02-22T00:00:00.000000,0,42.94,SELL
NFLX,2024-02-23T00:00:00.000000,0,42.94,SELL
NFLX,2024-02-26T00:00:00.000000,0,39.62,SELL
NFLX,2024-02-27T00:00:00.000000,0,39.62,SELL
NFLX,2024-02-28T00:00:00.000000,0,39.62,SELL
NFLX,2024-02-29T00:00:00.000000,0,42.94,SELL
NFLX,2024-03-01T00:00:00.000000,0,42.94,SELL
NFLX,2024-03-04T00:00:00.000000,0,42.94,SELL
NFLX,2024-03-05T00:00:00.000000,0,42.94,SELL
NFLX,2024-03-06T00:00:00.000000,0,42.94,SELL
NFLX,2024-03-07T00:00:00.000000,0,42.94,SELL
NFLX,2024-03-08T00:00:00.000000,0,42.94,SELL
NFLX,2024-03-11T00:00:00.000000,0,42.94,SELL
NFLX,2024-03-12T00:00:00.000000,0,42.94,SELL
NFLX,2024-03-13T00:00:00.000000,0,42.94,SELL
NFLX,2024-03-14T00:00:00.000000,0,46.09,SELL
NFLX,2024-03-15T00:00:00.000000,0,46.09,SELL
NFLX,2024-03-18T00:00:00.000000,0,42.94,SELL
NFLX,2024-03-19T00:00:00.000000,0,42.94,SELL
NFLX,2024-03-20T00:00:00.000000,0,42.94,SELL
NFLX,2024-03-21T00:00:00.000000,0,42.94,SELL
NFLX,2024-03-22T00:00:00.000000,0,42.94,SELL
NFLX,2024-03-25T00:00:00.000000,0,42.94,SELL
NFLX,2024-03-26T00:00:00.000000,0,42.94,SELL
NFLX,2024-03-27T00:00:00.000000,0,42.94,SELL
NFLX,2024-03-28T00:00:00.000000,0,40.0,SELL
NFLX,2024-04-01T00:00:00.000000,0,39.62,SELL
NFLX,2024-04-02T00:00:00.000000,0,39.62,SELL
NFLX,2024-04-03T00:00:00.000000,0,39.62,SELL
NFLX,2024-04-04T00:00:00.000000,0,39.62,SELL
NFLX,2024-04-05T00:00:00.000000,0,42.94,SELL
NFLX,2024-04-08T00:00:00.000000,0,42.94,SELL
NFLX,2024-04-09T00:00:00.000000,0,46.09,SELL
NFLX,2024-04-10T00:00:00.000000,0,46.09,SELL
NFLX,2024-04-11T00:00:00.000000,0,46.09,SELL
NFLX,2024-04-12T00:00:00.000000,0,46.09,SELL
NFLX,2024-04-15T00:00:00.000000,0,46.09,SELL
NFLX,2024-04-16T00:00:00.000000,1,48.73,BUY
NFLX,2024-04-17T00:00:00.000000,1,48.73,BUY
NFLX,2024-04-18T00:00:00.000000,1,50.44,BUY
NFLX,2024-04-19T00:00:00.000000,1,50.44,BUY
NFLX,2024-04-22T00:00:00.000000,1,48.73,BUY
NFLX,2024-04-23T00:00:00.000000,0,48.73,SELL
NFLX,2024-04-24T00:00:00.000000,0,46.09,SELL
NFLX,2024-04-25T00:00:00.000000,0,48.73,SELL
NFLX,2024-04-26T00:00:00.000000,1,48.73,BUY
NFLX,2024-04-29T00:00:00.000000,0,48.73,SELL
NFLX,2024-04-30T00:00:00.000000,0,42.94,SELL
NFLX,2024-05-01T00:00:00.000000,0,39.62,SELL
NFLX,2024-05-02T00:00:00.000000,0,39.62,SELL
NFLX,2024-05-03T00:00:00.000000,0,39.62,SELL
NFLX,2024-05-06T00:00:00.000000,0,39.62,SELL
NFLX,2024-05-07T00:00:00.000000,0,39.62,SELL
NFLX,2024-05-08T00:00:00.000000,0,39.62,SELL
NFLX,2024-05-09T00:00:00.000000,0,39.62,SELL
NFLX,2024-05-10T00:00:00.000000,0,42.94,SELL
NFLX,2024-05-13T00:00:00.000000,0,39.62,SELL
NFLX,2024-05-14T00:00:00.000000,0,42.94,SELL
NFLX,2024-05-15T00:00:00.000000,0,42.94,SELL
NFLX,2024-05-16T00:00:00.000000,0,42.94,SELL
NFLX,2024-05-17T00:00:00.000000,0,46.09,SELL
NFLX,2024-05-20T00:00:00.000000,0,48.73,SELL
NFLX,2024-05-21T00:00:00.000000,1,48.73,BUY
NFLX,2024-05-22T00:00:00.000000,1,48.73,BUY
NFLX,2024-05-23T00:00:00.000000,1,48.73,BUY
NFLX,2024-05-24T00:00:00.000000,1,50.44,BUY
NFLX,2024-05-28T00:00:00.000000,1,50.44,BUY
NFLX,2024-05-29T00:00:00.000000,1,50.44,BUY
NFLX,2024-05-30T00:00:00.000000,1,50.44,BUY
NFLX,2024-05-31T00:00:00.000000,1,50.44,BUY
NFLX,2024-06-03T00:00:00.000000,1,50.44,BUY
NFLX,2024-06-04T00:00:00.000000,1,50.44,BUY
NFLX,2024-06-05T00:00:00.000000,1,50.44,BUY
NFLX,2024-06-06T00:00:00.000000,1,50.44,BUY
NFLX,2024-06-07T00:00:00.000000,1,48.73,BUY
NFLX,2024-06-10T00:00:00.000000,1,48.73,BUY
NFLX,2024-06-11T00:00:00.000000,1,48.73,BUY
NFLX,2024-06-12T00:00:00.000000,1,48.73,BUY
NFLX,2024-06-13T00:00:00.000000,1,48.73,BUY
NFLX,2024-06-14T00:00:00.000000,1,48.73,BUY
NFLX,2024-06-17T00:00:00.000000,1,48.73,BUY
NFLX,2024-06-18T00:00:00.000000,1,50.44,BUY
NFLX,2024-06-20T00:00:00.000000,1,50.44,BUY
NFLX,2024-06-21T00:00:00.000000,1,50.44,BUY
NFLX,2024-06-24T00:00:00.000000,1,50.44,BUY
NFLX,2024-06-25T00:00:00.000000,1,48.73,BUY
NFLX,2024-06-26T00:00:00.000000,1,48.73,BUY
NFLX,2024-06-27T00:00:00.000000,1,48.73,BUY
NFLX,2024-06-28T00:00:00.000000,1,48.73,BUY
NFLX,2024-07-01T00:00:00.000000,1,48.73,BUY
NFLX,2024-07-02T00:00:00.000000,1,48.73,BUY
NFLX,2024-07-03T00:00:00.000000,1,48.73,BUY
NFLX,2024-07-05T00:00:00.000000,1,48.73,BUY
NFLX,2024-07-08T00:00:00.000000,1,50.44,BUY
NFLX,2024-07-09T00:00:00.000000,1,50.44,BUY
NFLX,2024-07-10T00:00:00.000000,1,50.69,BUY
NFLX,2024-07-11T00:00:00.000000,1,50.44,BUY
NFLX,2024-07-12T00:00:00.000000,1,48.73,BUY
NFLX,2024-07-15T00:00:00.000000,0,46.09,SELL
NFLX,2024-07-16T00:00:00.000000,0,46.09,SELL
NFLX,2024-07-17T00:00:00.000000,0,42.94,SELL
NFLX,2024-07-18T00:00:00.000000,0,42.94,SELL
NFLX,2024-07-19T00:00:00.000000,0,42.94,SELL
NFLX,2024-07-22T00:00:00.000000,0,46.09,SELL
NFLX,2024-07-23T00:00:00.000000,0,46.09,SELL
NFLX,2024-07-24T00:00:00.000000,0,46.09,SELL
NFLX,2024-07-25T00:00:00.000000,0,46.09,SELL
NFLX,2024-07-26T00:00:00.000000,0,46.09,SELL
NFLX,2024-07-29T00:00:00.000000,0,46.09,SELL
NFLX,2024-07-30T00:00:00.000000,0,46.09,SELL
NFLX,2024-07-31T00:00:00.000000,0,46.09,SELL
NFLX,2024-08-01T00:00:00.000000,0,48.73,SELL
NFLX,2024-08-02T00:00:00.000000,0,48.73,SELL
NFLX,2024-08-05T00:00:00.000000,0,48.73,SELL
NFLX,2024-08-06T00:00:00.000000,0,46.09,SELL
NFLX,2024-08-07T00:00:00.000000,0,46.09,SELL
NFLX,2024-08-08T00:00:00.000000,0,46.09,SELL
NFLX,2024-08-09T00:00:00.000000,0,46.09,SELL
NFLX,2024-08-12T00:00:00.000000,0,46.09,SELL
NFLX,2024-08-13T00:00:00.000000,0,46.09,SELL
NFLX,2024-08-14T00:00:00.000000,0,42.94,SELL
NFLX,2024-08-15T00:00:00.000000,0,42.94,SELL
NFLX,2024-08-16T00:00:00.000000,0,39.62,SELL
NFLX,2024-08-19T00:00:00.000000,0,39.62,SELL
NFLX,2024-08-20T00:00:00.000000,0,42.94,SELL
NFLX,2024-08-21T00:00:00.000000,0,42.94,SELL
NFLX,2024-08-22T00:00:00.000000,0,46.09,SELL
NFLX,2024-08-23T00:00:00.000000,0,46.09,SELL
NFLX,2024-08-26T00:00:00.000000,0,46.09,SELL
NFLX,2024-08-27T00:00:00.000000,0,46.09,SELL
NFLX,2024-08-28T00:00:00.000000,0,46.09,SELL
NFLX,2024-08-29T00:00:00.000000,0,46.09,SELL
NFLX,2024-08-30T00:00:00.000000,0,46.09,SELL
NFLX,2024-09-03T00:00:00.000000,0,46.09,SELL
NFLX,2024-09-04T00:00:00.000000,0,46.09,SELL
NFLX,2024-09-05T00:00:00.000000,0,46.09,SELL
NFLX,2024-09-06T00:00:00.000000,0,46.09,SELL
NFLX,2024-09-09T00:00:00.000000,0,48.73,SELL
NFLX,2024-09-10T00:00:00.000000,1,48.73,BUY
NFLX,2024-09-11T00:00:00.000000,1,48.73,BUY
NFLX,2024-09-12T00:00:00.000000,1,48.73,BUY
NFLX,2024-09-13T00:00:00.000000,1,48.73,BUY
NFLX,2024-09-16T00:00:00.000000,1,48.73,BUY
NFLX,2024-09-17T00:00:00.000000,1,50.44,BUY
NFLX,2024-09-18T00:00:00.000000,1,50.44,BUY
NFLX,2024-09-19T00:00:00.000000,1,50.44,BUY
NFLX,2024-09-20T00:00:00.000000,1,48.73,BUY
NFLX,2024-09-23T00:00:00.000000,0,46.09,SELL
NFLX,2024-09-24T00:00:00.000000,0,42.94,SELL
NFLX,2024-09-25T00:00:00.000000,0,42.94,SELL
NFLX,2024-09-26T00:00:00.000000,0,42.94,SELL
NFLX,2024-09-27T00:00:00.000000,0,42.94,SELL
NFLX,2024-09-30T00:00:00.000000,0,42.94,SELL
NFLX,2024-10-01T00:00:00.000000,0,46.09,SELL
NFLX,2024-10-02T00:00:00.000000,0,46.09,SELL
NFLX,2024-10-03T00:00:00.000000,0,46.09,SELL
NFLX,2024-10-04T00:00:00.000000,0,42.94,SELL
NFLX,2024-10-07T00:00:00.000000,0,46.09,SELL
NFLX,2024-10-08T00:00:00.000000,0,46.09,SELL
NFLX,2024-10-09T00:00:00.000000,0,48.73,SELL
NFLX,2024-10-10T00:00:00.000000,0,48.73,SELL
NFLX,2024-10-11T00:00:00.000000,1,48.73,BUY
NFLX,2024-10-14T00:00:00.000000,1,48.73,BUY
NFLX,2024-10-15T00:00:00.000000,0,48.73,SELL
NFLX,2024-10-16T00:00:00.000000,0,46.09,SELL
NFLX,2024-10-17T00:00:00.000000,0,46.09,SELL
NFLX,2024-10-18T00:00:00.000000,0,46.09,SELL
NFLX,2024-10-21T00:00:00.000000,0,46.09,SELL
NFLX,2024-10-22T00:00:00.000000,0,48.73,SELL
NFLX,2024-10-23T00:00:00.000000,1,48.73,BUY
NFLX,2024-10-24T00:00:00.000000,1,50.44,BUY
NFLX,2024-10-25T00:00:00.000000,1,50.44,BUY
NFLX,2024-10-28T00:00:00.000000,1,50.44,BUY
NFLX,2024-10-29T00:00:00.000000,1,48.73,BUY
NFLX,2024-10-30T00:00:00.000000,1,50.44,BUY
NFLX,2024-10-31T00:00:00.000000,1,50.44,BUY
NFLX,2024-11-01T00:00:00.000000,1,50.44,BUY
NFLX,2024-11-04T00:00:00.000000,1,50.69,BUY
NFLX,2024-11-05T00:00:00.000000,1,50.44,BUY
NFLX,2024-11-06T00:00:00.000000,1,50.44,BUY
NFLX,2024-11-07T00:00:00.000000,1,50.44,BUY
NFLX,2024-11-08T00:00:00.000000,1,48.73,BUY
NFLX,2024-11-11T00:00:00.000000,1,48.73,BUY
NFLX,2024-11-12T00:00:00.000000,1,48.73,BUY
NFLX,2024-11-13T00:00:00.000000,1,50.44,BUY
NFLX,2024-11-14T00:00:00.000000,1,50.44,BUY
NFLX,2024-11-15T00:00:00.000000,1,50.44,BUY
NFLX,2024-11-18T00:00:00.000000,1,50.44,BUY
NFLX,2024-11-19T00:00:00.000000,1,48.73,BUY
NFLX,2024-11-20T00:00:00.000000,0,48.73,SELL
NFLX,2024-11-21T00:00:00.000000,0,48.73,SELL
NFLX,2024-11-22T00:00:00.000000,1,48.73,BUY
NFLX,2024-11-25T00:00:00.000000,1,48.73,BUY
NFLX,2024-11-26T00:00:00.000000,1,48.73,BUY
NFLX,2024-11-27T00:00:00.000000,1,48.73,BUY
NFLX,2024-11-29T00:00:00.000000,1,48.73,BUY
NFLX,2024-12-02T00:00:00.000000,1,48.73,BUY
NFLX,2024-12-03T00:00:00.000000,1,48.73,BUY
NFLX,2024-12-04T00:00:00.000000,1,48.73,BUY
NFLX,2024-12-05T00:00:00.000000,1,48.73,BUY
NFLX,2024-12-06T00:00:00.000000,1,48.73,BUY
NFLX,2024-12-09T00:00:00.000000,1,48.73,BUY
NFLX,2024-12-10T00:00:00.000000,1,48.73,BUY
NFLX,2024-12-11T00:00:00.000000,1,48.73,BUY
NFLX,2024-12-12T00:00:00.000000,1,48.73,BUY
NFLX,2024-12-13T00:00:00.000000,1,48.73,BUY
NFLX,2024-12-16T00:00:00.000000,1,48.73,BUY
NFLX,2024-12-17T00:00:00.000000,1,48.73,BUY
NFLX,2024-12-18T00:00:00.000000,1,48.73,BUY
NFLX,2024-12-19T00:00:00.000000,1,50.44,BUY
NFLX,2024-12-20T00:00:00.000000,1,50.44,BUY
NKE,2023-02-21T00:00:00.000000,0,48.73,SELL
NKE,2023-02-22T00:00:00.000000,1,48.73,BUY
NKE,2023-02-23T00:00:00.000000,1,50.44,BUY
NKE,2023-02-24T00:00:00.000000,1,50.44,BUY
NKE,2023-02-27T00:00:00.000000,1,50.44,BUY
NKE,2023-02-28T00:00:00.000000,1,50.69,BUY
NKE,2023-03-01T00:00:00.000000,1,50.69,BUY
NKE,2023-03-02T00:00:00.000000,1,50.69,BUY
NKE,2023-03-03T00:00:00.000000,1,50.69,BUY
NKE,2023-03-06T00:00:00.000000,1,50.69,BUY
NKE,2023-03-07T00:00:00.000000,1,50.69,BUY
NKE,2023-03-08T00:00:00.000000,1,50.69,BUY
NKE,2023-03-09T00:00:00.000000,1,50.44,BUY
NKE,2023-03-10T00:00:00.000000,1,50.44,BUY
NKE,2023-03-13T00:00:00.000000,1,50.44,BUY
NKE,2023-03-14T00:00:00.000000,1,50.69,BUY
NKE,2023-03-15T00:00:00.000000,1,50.69,BUY
NKE,2023-03-16T00:00:00.000000,1,50.69,BUY
NKE,2023-03-17T00:00:00.000000,1,50.69,BUY
NKE,2023-03-20T00:00:00.000000,1,50.69,BUY
NKE,2023-03-21T00:00:00.000000,1,50.69,BUY
NKE,2023-03-22T00:00:00.000000,1,50.69,BUY
NKE,2023-03-23T00:00:00.000000,1,50.69,BUY
NKE,2023-03-24T00:00:00.000000,1,50.69,BUY
NKE,2023-03-27T00:00:00.000000,1,48.73,BUY
NKE,2023-03-28T00:00:00.000000,0,48.73,SELL
NKE,2023-03-29T00:00:00.000000,0,46.09,SELL
NKE,2023-03-30T00:00:00.000000,0,46.09,SELL
NKE,2023-03-31T00:00:00.000000,0,48.73,SELL
NKE,2023-04-03T00:00:00.000000,1,48.73,BUY
NKE,2023-04-04T00:00:00.000000,1,48.73,BUY
NKE,2023-04-05T00:00:00.000000,0,48.73,SELL
NKE,2023-04-06T00:00:00.000000,0,48.73,SELL
NKE,2023-04-10T00:00:00.000000,0,46.09,SELL
NKE,2023-04-11T00:00:00.000000,0,42.94,SELL
NKE,2023-04-12T00:00:00.000000,0,42.94,SELL
NKE,2023-04-13T00:00:00.000000,0,46.09,SELL
NKE,2023-04-14T00:00:00.000000,0,46.09,SELL
NKE,2023-04-17T00:00:00.000000,0,46.09,SELL
NKE,2023-04-18T00:00:00.000000,0,46.09,SELL
NKE,2023-04-19T00:00:00.000000,0,46.09,SELL
NKE,2023-04-20T00:00:00.000000,0,48.73,SELL
NKE,2023-04-21T00:00:00.000000,0,48.73,SELL
NKE,2023-04-24T00:00:00.000000,1,48.73,BUY
NKE,2023-04-25T00:00:00.000000,1,48.73,BUY
NKE,2023-04-26T00:00:00.000000,1,48.73,BUY
NKE,2023-04-27T00:00:00.000000,1,50.44,BUY
NKE,2023-04-28T00:00:00.000000,1,50.44,BUY
NKE,2023-05-01T00:00:00.000000,1,50.44,BUY
NKE,2023-05-02T00:00:00.000000,1,50.44,BUY
NKE,2023-05-03T00:00:00.000000,1,50.44,BUY
NKE,2023-05-04T00:00:00.000000,1,50.69,BUY
NKE,2023-05-05T00:00:00.000000,1,50.69,BUY
NKE,2023-05-08T00:00:00.000000,1,50.69,BUY
NKE,2023-05-09T00:00:00.000000,1,50.69,BUY
NKE,2023-05-10T00:00:00.000000,1,50.69,BUY
NKE,2023-05-11T00:00:00.000000,1,50.69,BUY
NKE,2023-05-12T00:00:00.000000,1,50.69,BUY
NKE,2023-05-15T00:00:00.000000,1,50.69,BUY
NKE,2023-05-16T00:00:00.000000,1,50.69,BUY
NKE,2023-05-17T00:00:00.000000,1,50.69,BUY
NKE,2023-05-18T00:00:00.000000,1,50.69,BUY
NKE,2023-05-19T00:00:00.000000,1,50.69,BUY
NKE,2023-05-22T00:00:00.000000,1,50.69,BUY
NKE,2023-05-23T00:00:00.000000,1,50.69,BUY
NKE,2023-05-24T00:00:00.000000,1,48.73,BUY
NKE,2023-05-25T00:00:00.000000,0,46.09,SELL
NKE,2023-05-26T00:00:00.000000,0,42.94,SELL
NKE,2023-05-30T00:00:00.000000,0,42.94,SELL
NKE,2023-05-31T00:00:00.000000,0,42.94,SELL
NKE,2023-06-01T00:00:00.000000,0,39.62,SELL
NKE,2023-06-02T00:00:00.000000,0,39.62,SELL
NKE,2023-06-05T00:00:00.000000,0,39.62,SELL
NKE,2023-06-06T00:00:00.000000,0,39.62,SELL
NKE,2023-06-07T00:00:00.000000,0,39.62,SELL
NKE,2023-06-08T00:00:00.000000,0,39.62,SELL
NKE,2023-06-09T00:00:00.000000,0,39.62,SELL
NKE,2023-06-12T00:00:00.000000,0,39.62,SELL
NKE,2023-06-13T00:00:00.000000,0,39.62,SELL
NKE,2023-06-14T00:00:00.000000,0,39.62,SELL
NKE,2023-06-15T00:00:00.000000,0,39.62,SELL
NKE,2023-06-16T00:00:00.000000,0,39.62,SELL
NKE,2023-06-20T00:00:00.000000,0,39.62,SELL
NKE,2023-06-21T00:00:00.000000,0,39.62,SELL
NKE,2023-06-22T00:00:00.000000,0,42.94,SELL
NKE,2023-06-23T00:00:00.000000,0,42.94,SELL
NKE,2023-06-26T00:00:00.000000,0,42.94,SELL
NKE,2023-06-27T00:00:00.000000,0,46.09,SELL
NKE,2023-06-28T00:00:00.000000,0,48.73,SELL
NKE,2023-06-29T00:00:00.000000,1,48.73,BUY
NKE,2023-06-30T00:00:00.000000,1,48.73,BUY
NKE,2023-07-03T00:00:00.000000,1,48.73,BUY
NKE,2023-07-05T00:00:00.000000,1,48.73,BUY
NKE,2023-07-06T00:00:00.000000,1,48.73,BUY
NKE,2023-07-07T00:00:00.000000,1,50.44,BUY
NKE,2023-07-10T00:00:00.000000,1,50.44,BUY
NKE,2023-07-11T00:00:00.000000,1,50.44,BUY
NKE,2023-07-12T00:00:00.000000,1,50.44,BUY
NKE,2023-07-13T00:00:00.000000,1,50.44,BUY
NKE,2023-07-14T00:00:00.000000,1,48.73,BUY
NKE,2023-07-17T00:00:00.000000,0,48.73,SELL
NKE,2023-07-18T00:00:00.000000,0,43.15,SELL
NKE,2023-07-19T00:00:00.000000,0,42.94,SELL
NKE,2023-07-20T00:00:00.000000,0,42.94,SELL
NKE,2023-07-21T00:00:00.000000,0,42.94,SELL
NKE,2023-07-24T00:00:00.000000,0,42.94,SELL
NKE,2023-07-25T00:00:00.000000,0,42.94,SELL
NKE,2023-07-26T00:00:00.000000,0,42.94,SELL
NKE,2023-07-27T00:00:00.000000,0,39.62,SELL
NKE,2023-07-28T00:00:00.000000,0,42.94,SELL
NKE,2023-07-31T00:00:00.000000,0,39.62,SELL
NKE,2023-08-01T00:00:00.000000,0,39.62,SELL
NKE,2023-08-02T00:00:00.000000,0,42.94,SELL
NKE,2023-08-03T00:00:00.000000,0,42.94,SELL
NKE,2023-08-04T00:00:00.000000,0,42.94,SELL
NKE,2023-08-07T00:00:00.000000,0,42.94,SELL
NKE,2023-08-08T00:00:00.000000,0,42.94,SELL
NKE,2023-08-09T00:00:00.000000,0,42.94,SELL
NKE,2023-08-10T00:00:00.000000,0,46.09,SELL
NKE,2023-08-11T00:00:00.000000,1,48.73,BUY
NKE,2023-08-14T00:00:00.000000,1,50.44,BUY
NKE,2023-08-15T00:00:00.000000,1,50.44,BUY
NKE,2023-08-16T00:00:00.000000,1,50.44,BUY
NKE,2023-08-17T00:00:00.000000,1,50.44,BUY
NKE,2023-08-18T00:00:00.000000,1,50.44,BUY
NKE,2023-08-21T00:00:00.000000,1,50.44,BUY
NKE,2023-08-22T00:00:00.000000,1,50.69,BUY
NKE,2023-08-23T00:00:00.000000,1,50.69,BUY
NKE,2023-08-24T00:00:00.000000,1,50.44,BUY
NKE,2023-08-25T00:00:00.000000,1,50.44,BUY
NKE,2023-08-28T00:00:00.000000,1,50.44,BUY
NKE,2023-08-29T00:00:00.000000,1,50.44,BUY
NKE,2023-08-30T00:00:00.000000,1,50.44,BUY
NKE,2023-08-31T00:00:00.000000,1,50.44,BUY
NKE,2023-09-01T00:00:00.000000,1,48.73,BUY
NKE,2023-09-05T00:00:00.000000,0,46.09,SELL
NKE,2023-09-06T00:00:00.000000,0,42.94,SELL
NKE,2023-09-07T00:00:00.000000,0,42.94,SELL
NKE,2023-09-08T00:00:00.000000,0,42.94,SELL
NKE,2023-09-11T00:00:00.000000,0,46.09,SELL
NKE,2023-09-12T00:00:00.000000,0,48.73,SELL
NKE,2023-09-13T00:00:00.000000,1,48.73,BUY
NKE,2023-09-14T00:00:00.000000,1,48.73,BUY
NKE,2023-09-15T00:00:00.000000,1,48.73,BUY
NKE,2023-09-18T00:00:00.000000,1,48.73,BUY
NKE,2023-09-19T00:00:00.000000,1,48.73,BUY
NKE,2023-09-20T00:00:00.000000,0,48.73,SELL
NKE,2023-09-21T00:00:00.000000,0,48.73,SELL
NKE,2023-09-22T00:00:00.000000,0,48.73,SELL
NKE,2023-09-25T00:00:00.000000,0,48.73,SELL
NKE,2023-09-26T00:00:00.000000,0,48.73,SELL
NKE,2023-09-27T00:00:00.000000,0,48.73,SELL
NKE,2023-09-28T00:00:00.000000,1,48.73,BUY
NKE,2023-09-29T00:00:00.000000,1,48.73,BUY
NKE,2023-10-02T00:00:00.000000,1,48.73,BUY
NKE,2023-10-03T00:00:00.000000,1,48.73,BUY
NKE,2023-10-04T00:00:00.000000,1,48.73,BUY
NKE,2023-10-05T00:00:00.000000,0,48.73,SELL
NKE,2023-10-06T00:00:00.000000,0,48.73,SELL
NKE,2023-10-09T00:00:00.000000,0,48.73,SELL
NKE,2023-10-10T00:00:00.000000,0,48.73,SELL
NKE,2023-10-11T00:00:00.000000,0,48.73,SELL
NKE,2023-10-12T00:00:00.000000,1,48.73,BUY
NKE,2023-10-13T00:00:00.000000,0,48.73,SELL
NKE,2023-10-16T00:00:00.000000,0,48.73,SELL
NKE,2023-10-17T00:00:00.000000,0,46.09,SELL
NKE,2023-10-18T00:00:00.000000,0,46.09,SELL
NKE,2023-10-19T00:00:00.000000,0,46.09,SELL
NKE,2023-10-20T00:00:00.000000,0,48.73,SELL
NKE,2023-10-23T00:00:00.000000,1,48.73,BUY
NKE,2023-10-24T00:00:00.000000,1,48.73,BUY
NKE,2023-10-25T00:00:00.000000,1,48.73,BUY
NKE,2023-10-26T00:00:00.000000,1,48.73,BUY
NKE,2023-10-27T00:00:00.000000,1,48.73,BUY
NKE,2023-10-30T00:00:00.000000,1,50.44,BUY
NKE,2023-10-31T00:00:00.000000,1,50.44,BUY
NKE,2023-11-01T00:00:00.000000,1,50.44,BUY
NKE,2023-11-02T00:00:00.000000,1,50.44,BUY
NKE,2023-11-03T00:00:00.000000,1,50.44,BUY
NKE,2023-11-06T00:00:00.000000,1,50.44,BUY
NKE,2023-11-07T00:00:00.000000,1,48.73,BUY
NKE,2023-11-08T00:00:00.000000,0,48.73,SELL
NKE,2023-11-09T00:00:00.000000,0,46.09,SELL
NKE,2023-11-10T00:00:00.000000,0,42.94,SELL
NKE,2023-11-13T00:00:00.000000,0,42.94,SELL
NKE,2023-11-14T00:00:00.000000,0,42.94,SELL
NKE,2023-11-15T00:00:00.000000,0,39.62,SELL
NKE,2023-11-16T00:00:00.000000,0,39.62,SELL
NKE,2023-11-17T00:00:00.000000,0,39.62,SELL
NKE,2023-11-20T00:00:00.000000,0,39.62,SELL
NKE,2023-11-21T00:00:00.000000,0,39.62,SELL
NKE,2023-11-22T00:00:00.000000,0,39.62,SELL
NKE,2023-11-24T00:00:00.000000,0,39.62,SELL
NKE,2023-11-27T00:00:00.000000,0,39.62,SELL
NKE,2023-11-28T00:00:00.000000,0,39.62,SELL
NKE,2023-11-29T00:00:00.000000,0,39.62,SELL
NKE,2023-11-30T00:00:00.000000,0,39.62,SELL
NKE,2023-12-01T00:00:00.000000,0,39.62,SELL
NKE,2023-12-04T00:00:00.000000,0,39.62,SELL
NKE,2023-12-05T00:00:00.000000,0,39.62,SELL
NKE,2023-12-06T00:00:00.000000,0,42.94,SELL
NKE,2023-12-07T00:00:00.000000,0,42.94,SELL
NKE,2023-12-08T00:00:00.000000,0,42.94,SELL
NKE,2023-12-11T00:00:00.000000,0,42.94,SELL
NKE,2023-12-12T00:00:00.000000,0,42.94,SELL
NKE,2023-12-13T00:00:00.000000,0,42.94,SELL
NKE,2023-12-14T00:00:00.000000,0,42.94,SELL
NKE,2023-12-15T00:00:00.000000,0,42.94,SELL
NKE,2023-12-18T00:00:00.000000,0,46.09,SELL
NKE,2023-12-19T00:00:00.000000,0,46.09,SELL
NKE,2023-12-20T00:00:00.000000,0,46.09,SELL
NKE,2023-12-21T00:00:00.000000,0,46.09,SELL
NKE,2023-12-22T00:00:00.000000,0,46.09,SELL
NKE,2023-12-26T00:00:00.000000,0,42.94,SELL
NKE,2023-12-27T00:00:00.000000,0,40.0,SELL
NKE,2023-12-28T00:00:00.000000,0,39.62,SELL
NKE,2023-12-29T00:00:00.000000,0,39.62,SELL
NKE,2024-01-02T00:00:00.000000,0,39.62,SELL
NKE,2024-01-03T00:00:00.000000,0,42.94,SELL
NKE,2024-01-04T00:00:00.000000,0,42.94,SELL
NKE,2024-01-05T00:00:00.000000,0,42.94,SELL
NKE,2024-01-08T00:00:00.000000,0,39.62,SELL
NKE,2024-01-09T00:00:00.000000,0,39.62,SELL
NKE,2024-01-10T00:00:00.000000,0,39.62,SELL
NKE,2024-01-11T00:00:00.000000,0,39.62,SELL
NKE,2024-01-12T00:00:00.000000,0,39.62,SELL
NKE,2024-01-16T00:00:00.000000,0,39.62,SELL
NKE,2024-01-17T00:00:00.000000,0,39.62,SELL
NKE,2024-01-18T00:00:00.000000,0,39.62,SELL
NKE,2024-01-19T00:00:00.000000,0,39.62,SELL
NKE,2024-01-22T00:00:00.000000,0,39.62,SELL
NKE,2024-01-23T00:00:00.000000,0,39.62,SELL
NKE,2024-01-24T00:00:00.000000,0,39.62,SELL
NKE,2024-01-25T00:00:00.000000,0,39.62,SELL
NKE,2024-01-26T00:00:00.000000,0,39.62,SELL
NKE,2024-01-29T00:00:00.000000,0,39.62,SELL
NKE,2024-01-30T00:00:00.000000,0,39.62,SELL
NKE,2024-01-31T00:00:00.000000,0,39.62,SELL
NKE,2024-02-01T00:00:00.000000,0,39.62,SELL
NKE,2024-02-02T00:00:00.000000,0,39.62,SELL
NKE,2024-02-05T00:00:00.000000,0,39.62,SELL
NKE,2024-02-06T00:00:00.000000,0,42.94,SELL
NKE,2024-02-07T00:00:00.000000,0,42.94,SELL
NKE,2024-02-08T00:00:00.000000,0,42.94,SELL
NKE,2024-02-09T00:00:00.000000,0,48.73,SELL
NKE,2024-02-12T00:00:00.000000,1,48.73,BUY
NKE,2024-02-13T00:00:00.000000,1,48.73,BUY
NKE,2024-02-14T00:00:00.000000,1,50.44,BUY
NKE,2024-02-15T00:00:00.000000,1,50.44,BUY
NKE,2024-02-16T00:00:00.000000,1,50.44,BUY
NKE,2024-02-20T00:00:00.000000,1,50.44,BUY
NKE,2024-02-21T00:00:00.000000,1,48.73,BUY
NKE,2024-02-22T00:00:00.000000,1,48.73,BUY
NKE,2024-02-23T00:00:00.000000,1,50.44,BUY
NKE,2024-02-26T00:00:00.000000,1,50.44,BUY
NKE,2024-02-27T00:00:00.000000,1,50.69,BUY
NKE,2024-02-28T00:00:00.000000,1,50.69,BUY
NKE,2024-02-29T00:00:00.000000,1,50.44,BUY
NKE,2024-03-01T00:00:00.000000,1,50.44,BUY
NKE,2024-03-04T00:00:00.000000,1,50.44,BUY
NKE,2024-03-05T00:00:00.000000,1,50.44,BUY
NKE,2024-03-06T00:00:00.000000,1,48.73,BUY
NKE,2024-03-07T00:00:00.000000,1,48.73,BUY
NKE,2024-03-08T00:00:00.000000,1,48.73,BUY
NKE,2024-03-11T00:00:00.000000,0,48.73,SELL
NKE,2024-03-12T00:00:00.000000,0,46.09,SELL
NKE,2024-03-13T00:00:00.000000,0,46.09,SELL
NKE,2024-03-14T00:00:00.000000,0,42.94,SELL
NKE,2024-03-15T00:00:00.000000,0,39.62,SELL
NKE,2024-03-18T00:00:00.000000,0,39.62,SELL
NKE,2024-03-19T00:00:00.000000,0,39.62,SELL
NKE,2024-03-20T00:00:00.000000,0,39.62,SELL
NKE,2024-03-21T00:00:00.000000,0,39.62,SELL
NKE,2024-03-22T00:00:00.000000,0,42.94,SELL
NKE,2024-03-25T00:00:00.000000,0,40.0,SELL
NKE,2024-03-26T00:00:00.000000,0,42.94,SELL
NKE,2024-03-27T00:00:00.000000,0,42.94,SELL
NKE,2024-03-28T00:00:00.000000,0,39.62,SELL
NKE,2024-04-01T00:00:00.000000,0,39.62,SELL
NKE,2024-04-02T00:00:00.000000,0,39.62,SELL
NKE,2024-04-03T00:00:00.000000,0,39.62,SELL
NKE,2024-04-04T00:00:00.000000,0,40.0,SELL
NKE,2024-04-05T00:00:00.000000,0,42.94,SELL
NKE,2024-04-08T00:00:00.000000,0,42.94,SELL
NKE,2024-04-09T00:00:00.000000,0,42.94,SELL
NKE,2024-04-10T00:00:00.000000,0,42.94,SELL
NKE,2024-04-11T00:00:00.000000,0,46.09,SELL
NKE,2024-04-12T00:00:00.000000,0,48.73,SELL
NKE,2024-04-15T00:00:00.000000,1,48.73,BUY
NKE,2024-04-16T00:00:00.000000,1,48.73,BUY
NKE,2024-04-17T00:00:00.000000,1,48.73,BUY
NKE,2024-04-18T00:00:00.000000,0,48.73,SELL
NKE,2024-04-19T00:00:00.000000,1,48.73,BUY
NKE,2024-04-22T00:00:00.000000,1,48.73,BUY
NKE,2024-04-23T00:00:00.000000,1,50.44,BUY
NKE,2024-04-24T00:00:00.000000,1,50.44,BUY
NKE,2024-04-25T00:00:00.000000,1,50.69,BUY
NKE,2024-04-26T00:00:00.000000,1,50.69,BUY
NKE,2024-04-29T00:00:00.000000,1,50.69,BUY
NKE,2024-04-30T00:00:00.000000,1,50.69,BUY
NKE,2024-05-01T00:00:00.000000,1,50.69,BUY
NKE,2024-05-02T00:00:00.000000,1,50.69,BUY
NKE,2024-05-03T00:00:00.000000,1,50.69,BUY
NKE,2024-05-06T00:00:00.000000,1,50.69,BUY
NKE,2024-05-07T00:00:00.000000,1,50.69,BUY
NKE,2024-05-08T00:00:00.000000,1,48.73,BUY
NKE,2024-05-09T00:00:00.000000,0,42.94,SELL
NKE,2024-05-10T00:00:00.000000,0,42.94,SELL
NKE,2024-05-13T00:00:00.000000,0,39.62,SELL
NKE,2024-05-14T00:00:00.000000,0,39.62,SELL
NKE,2024-05-15T00:00:00.000000,0,39.62,SELL
NKE,2024-05-16T00:00:00.000000,0,39.62,SELL
NKE,2024-05-17T00:00:00.000000,0,39.62,SELL
NKE,2024-05-20T00:00:00.000000,0,39.62,SELL
NKE,2024-05-21T00:00:00.000000,0,42.94,SELL
NKE,2024-05-22T00:00:00.000000,0,42.94,SELL
NKE,2024-05-23T00:00:00.000000,0,40.0,SELL
NKE,2024-05-24T00:00:00.000000,0,42.94,SELL
NKE,2024-05-28T00:00:00.000000,0,42.94,SELL
NKE,2024-05-29T00:00:00.000000,0,42.94,SELL
NKE,2024-05-30T00:00:00.000000,0,42.94,SELL
NKE,2024-05-31T00:00:00.000000,0,46.09,SELL
NKE,2024-06-03T00:00:00.000000,0,48.73,SELL
NKE,2024-06-04T00:00:00.000000,1,48.73,BUY
NKE,2024-06-05T00:00:00.000000,1,48.73,BUY
NKE,2024-06-06T00:00:00.000000,1,48.73,BUY
NKE,2024-06-07T00:00:00.000000,1,48.73,BUY
NKE,2024-06-10T00:00:00.000000,1,48.73,BUY
NKE,2024-06-11T00:00:00.000000,1,48.73,BUY
NKE,2024-06-12T00:00:00.000000,1,48.73,BUY
NKE,2024-06-13T00:00:00.000000,1,48.73,BUY
NKE,2024-06-14T00:00:00.000000,1,48.73,BUY
NKE,2024-06-17T00:00:00.000000,1,50.44,BUY
NKE,2024-06-18T00:00:00.000000,1,50.44,BUY
NKE,2024-06-20T00:00:00.000000,1,50.44,BUY
NKE,2024-06-21T00:00:00.000000,1,50.44,BUY
NKE,2024-06-24T00:00:00.000000,1,50.44,BUY
NKE,2024-06-25T00:00:00.000000,1,48.73,BUY
NKE,2024-06-26T00:00:00.000000,1,48.73,BUY
NKE,2024-06-27T00:00:00.000000,1,48.73,BUY
NKE,2024-06-28T00:00:00.000000,0,48.73,SELL
NKE,2024-07-01T00:00:00.000000,0,39.62,SELL
NKE,2024-07-02T00:00:00.000000,0,39.62,SELL
NKE,2024-07-03T00:00:00.000000,0,39.62,SELL
NKE,2024-07-05T00:00:00.000000,0,39.62,SELL
NKE,2024-07-08T00:00:00.000000,0,39.62,SELL
NKE,2024-07-09T00:00:00.000000,0,39.62,SELL
NKE,2024-07-10T00:00:00.000000,0,39.62,SELL
NKE,2024-07-11T00:00:00.000000,0,39.62,SELL
NKE,2024-07-12T00:00:00.000000,0,39.62,SELL
NKE,2024-07-15T00:00:00.000000,0,39.62,SELL
NKE,2024-07-16T00:00:00.000000,0,39.62,SELL
NKE,2024-07-17T00:00:00.000000,0,39.62,SELL
NKE,2024-07-18T00:00:00.000000,0,39.62,SELL
NKE,2024-07-19T00:00:00.000000,0,39.62,SELL
NKE,2024-07-22T00:00:00.000000,0,39.62,SELL
NKE,2024-07-23T00:00:00.000000,0,39.62,SELL
NKE,2024-07-24T00:00:00.000000,0,39.62,SELL
NKE,2024-07-25T00:00:00.000000,0,39.62,SELL
NKE,2024-07-26T00:00:00.000000,0,39.62,SELL
NKE,2024-07-29T00:00:00.000000,0,39.62,SELL
NKE,2024-07-30T00:00:00.000000,0,39.62,SELL
NKE,2024-07-31T00:00:00.000000,0,39.62,SELL
NKE,2024-08-01T00:00:00.000000,0,42.94,SELL
NKE,2024-08-02T00:00:00.000000,0,42.94,SELL
NKE,2024-08-05T00:00:00.000000,0,46.09,SELL
NKE,2024-08-06T00:00:00.000000,0,48.73,SELL
NKE,2024-08-07T00:00:00.000000,1,48.73,BUY
NKE,2024-08-08T00:00:00.000000,1,50.44,BUY
NKE,2024-08-09T00:00:00.000000,1,50.69,BUY
NKE,2024-08-12T00:00:00.000000,1,50.69,BUY
NKE,2024-08-13T00:00:00.000000,1,50.69,BUY
NKE,2024-08-14T00:00:00.000000,1,50.44,BUY
NKE,2024-08-15T00:00:00.000000,1,50.44,BUY
NKE,2024-08-16T00:00:00.000000,1,48.73,BUY
NKE,2024-08-19T00:00:00.000000,1,48.73,BUY
NKE,2024-08-20T00:00:00.000000,1,48.73,BUY
NKE,2024-08-21T00:00:00.000000,1,48.73,BUY
NKE,2024-08-22T00:00:00.000000,1,48.73,BUY
NKE,2024-08-23T00:00:00.000000,1,48.73,BUY
NKE,2024-08-26T00:00:00.000000,1,48.73,BUY
NKE,2024-08-27T00:00:00.000000,1,48.73,BUY
NKE,2024-08-28T00:00:00.000000,1,48.73,BUY
NKE,2024-08-29T00:00:00.000000,1,48.73,BUY
NKE,2024-08-30T00:00:00.000000,1,48.73,BUY
NKE,2024-09-03T00:00:00.000000,1,48.73,BUY
NKE,2024-09-04T00:00:00.000000,1,48.73,BUY
NKE,2024-09-05T00:00:00.000000,1,48.73,BUY
NKE,2024-09-06T00:00:00.000000,1,48.73,BUY
NKE,2024-09-09T00:00:00.000000,1,50.44,BUY
NKE,2024-09-10T00:00:00.000000,1,50.44,BUY
NKE,2024-09-11T00:00:00.000000,1,50.69,BUY
NKE,2024-09-12T00:00:00.000000,1,50.69,BUY
NKE,2024-09-13T00:00:00.000000,1,50.44,BUY
NKE,2024-09-16T00:00:00.000000,1,50.69,BUY
NKE,2024-09-17T00:00:00.000000,1,50.69,BUY
NKE,2024-09-18T00:00:00.000000,1,50.69,BUY
NKE,2024-09-19T00:00:00.000000,1,50.44,BUY
NKE,2024-09-20T00:00:00.000000,1,48.73,BUY
NKE,2024-09-23T00:00:00.000000,0,46.09,SELL
NKE,2024-09-24T00:00:00.000000,0,42.94,SELL
NKE,2024-09-25T00:00:00.000000,0,42.94,SELL
NKE,2024-09-26T00:00:00.000000,0,46.09,SELL
NKE,2024-09-27T00:00:00.000000,0,46.09,SELL
NKE,2024-09-30T00:00:00.000000,1,48.73,BUY
NKE,2024-10-01T00:00:00.000000,1,48.73,BUY
NKE,2024-10-02T00:00:00.000000,1,48.73,BUY
NKE,2024-10-03T00:00:00.000000,0,48.73,SELL
NKE,2024-10-04T00:00:00.000000,0,46.09,SELL
NKE,2024-10-07T00:00:00.000000,0,46.09,SELL
NKE,2024-10-08T00:00:00.000000,0,46.09,SELL
NKE,2024-10-09T00:00:00.000000,0,42.94,SELL
NKE,2024-10-10T00:00:00.000000,0,42.94,SELL
NKE,2024-10-11T00:00:00.000000,0,42.94,SELL
NKE,2024-10-14T00:00:00.000000,0,42.94,SELL
NKE,2024-10-15T00:00:00.000000,0,39.62,SELL
NKE,2024-10-16T00:00:00.000000,0,39.62,SELL
NKE,2024-10-17T00:00:00.000000,0,39.62,SELL
NKE,2024-10-18T00:00:00.000000,0,39.62,SELL
NKE,2024-10-21T00:00:00.000000,0,39.62,SELL
NKE,2024-10-22T00:00:00.000000,0,39.62,SELL
NKE,2024-10-23T00:00:00.000000,0,42.94,SELL
NKE,2024-10-24T00:00:00.000000,0,42.94,SELL
NKE,2024-10-25T00:00:00.000000,0,42.94,SELL
NKE,2024-10-28T00:00:00.000000,0,42.94,SELL
NKE,2024-10-29T00:00:00.000000,0,46.09,SELL
NKE,2024-10-30T00:00:00.000000,0,46.09,SELL
NKE,2024-10-31T00:00:00.000000,0,46.09,SELL
NKE,2024-11-01T00:00:00.000000,0,46.09,SELL
NKE,2024-11-04T00:00:00.000000,0,42.94,SELL
NKE,2024-11-05T00:00:00.000000,0,42.94,SELL
NKE,2024-11-06T00:00:00.000000,0,42.94,SELL
NKE,2024-11-07T00:00:00.000000,0,39.62,SELL
NKE,2024-11-08T00:00:00.000000,0,39.62,SELL
NKE,2024-11-11T00:00:00.000000,0,39.62,SELL
NKE,2024-11-12T00:00:00.000000,0,39.62,SELL
NKE,2024-11-13T00:00:00.000000,0,39.62,SELL
NKE,2024-11-14T00:00:00.000000,0,39.62,SELL
NKE,2024-11-15T00:00:00.000000,0,39.62,SELL
NKE,2024-11-18T00:00:00.000000,0,39.62,SELL
NKE,2024-11-19T00:00:00.000000,0,39.62,SELL
NKE,2024-11-20T00:00:00.000000,0,39.62,SELL
NKE,2024-11-21T00:00:00.000000,0,39.62,SELL
NKE,2024-11-22T00:00:00.000000,0,39.62,SELL
NKE,2024-11-25T00:00:00.000000,0,39.62,SELL
NKE,2024-11-26T00:00:00.000000,0,39.62,SELL
NKE,2024-11-27T00:00:00.000000,0,42.94,SELL
NKE,2024-11-29T00:00:00.000000,0,42.94,SELL
NKE,2024-12-02T00:00:00.000000,0,42.94,SELL
NKE,2024-12-03T00:00:00.000000,0,42.94,SELL
NKE,2024-12-04T00:00:00.000000,0,42.94,SELL
NKE,2024-12-05T00:00:00.000000,0,42.94,SELL
NKE,2024-12-06T00:00:00.000000,0,42.94,SELL
NKE,2024-12-09T00:00:00.000000,0,46.09,SELL
NKE,2024-12-10T00:00:00.000000,0,48.73,SELL
NKE,2024-12-11T00:00:00.000000,1,48.73,BUY
NKE,2024-12-12T00:00:00.000000,1,48.73,BUY
NKE,2024-12-13T00:00:00.000000,1,48.73,BUY
NKE,2024-12-16T00:00:00.000000,1,50.44,BUY
NKE,2024-12-17T00:00:00.000000,1,50.69,BUY
NKE,2024-12-18T00:00:00.000000,1,50.69,BUY
NKE,2024-12-19T00:00:00.000000,1,50.69,BUY
NKE,2024-12-20T00:00:00.000000,1,50.69,BUY
NVDA,2023-02-21T00:00:00.000000,1,50.69,BUY
NVDA,2023-02-22T00:00:00.000000,1,50.69,BUY
NVDA,2023-02-23T00:00:00.000000,1,50.69,BUY
NVDA,2023-02-24T00:00:00.000000,1,50.69,BUY
NVDA,2023-02-27T00:00:00.000000,1,50.69,BUY
NVDA,2023-02-28T00:00:00.000000,1,50.69,BUY
NVDA,2023-03-01T00:00:00.000000,1,50.69,BUY
NVDA,2023-03-02T00:00:00.000000,1,50.69,BUY
NVDA,2023-03-03T00:00:00.000000,1,50.69,BUY
NVDA,2023-03-06T00:00:00.000000,1,50.69,BUY
NVDA,2023-03-07T00:00:00.000000,1,50.69,BUY
NVDA,2023-03-08T00:00:00.000000,1,50.69,BUY
NVDA,2023-03-09T00:00:00.000000,1,50.69,BUY
NVDA,2023-03-10T00:00:00.000000,1,50.69,BUY
NVDA,2023-03-13T00:00:00.000000,1,50.69,BUY
NVDA,2023-03-14T00:00:00.000000,1,50.69,BUY
NVDA,2023-03-15T00:00:00.000000,1,50.69,BUY
NVDA,2023-03-16T00:00:00.000000,1,50.69,BUY
NVDA,2023-03-17T00:00:00.000000,1,50.69,BUY
NVDA,2023-03-20T00:00:00.000000,1,50.69,BUY
NVDA,2023-03-21T00:00:00.000000,1,50.69,BUY
NVDA,2023-03-22T00:00:00.000000,1,50.69,BUY
NVDA,2023-03-23T00:00:00.000000,1,50.69,BUY
NVDA,2023-03-24T00:00:00.000000,1,50.69,BUY
NVDA,2023-03-27T00:00:00.000000,1,50.69,BUY
NVDA,2023-03-28T00:00:00.000000,1,50.69,BUY
NVDA,2023-03-29T00:00:00.000000,1,50.69,BUY
NVDA,2023-03-30T00:00:00.000000,1,50.69,BUY
NVDA,2023-03-31T00:00:00.000000,1,50.69,BUY
NVDA,2023-04-03T00:00:00.000000,1,50.69,BUY
NVDA,2023-04-04T00:00:00.000000,1,50.69,BUY
NVDA,2023-04-05T00:00:00.000000,1,50.69,BUY
NVDA,2023-04-06T00:00:00.000000,1,50.69,BUY
NVDA,2023-04-10T00:00:00.000000,1,50.69,BUY
NVDA,2023-04-11T00:00:00.000000,1,50.44,BUY
NVDA,2023-04-12T00:00:00.000000,1,50.69,BUY
NVDA,2023-04-13T00:00:00.000000,1,50.69,BUY
NVDA,2023-04-14T00:00:00.000000,1,50.69,BUY
NVDA,2023-04-17T00:00:00.000000,1,50.69,BUY
NVDA,2023-04-18T00:00:00.000000,1,50.69,BUY
NVDA,2023-04-19T00:00:00.000000,1,50.69,BUY
NVDA,2023-04-20T00:00:00.000000,1,50.69,BUY
NVDA,2023-04-21T00:00:00.000000,1,50.69,BUY
NVDA,2023-04-24T00:00:00.000000,1,50.69,BUY
NVDA,2023-04-25T00:00:00.000000,1,50.69,BUY
NVDA,2023-04-26T00:00:00.000000,1,50.69,BUY
NVDA,2023-04-27T00:00:00.000000,1,50.69,BUY
NVDA,2023-04-28T00:00:00.000000,1,50.69,BUY
NVDA,2023-05-01T00:00:00.000000,1,50.69,BUY
NVDA,2023-05-02T00:00:00.000000,1,50.69,BUY
NVDA,2023-05-03T00:00:00.000000,1,50.69,BUY
NVDA,2023-05-04T00:00:00.000000,1,50.69,BUY
NVDA,2023-05-05T00:00:00.000000,1,50.69,BUY
NVDA,2023-05-08T00:00:00.000000,1,50.69,BUY
NVDA,2023-05-09T00:00:00.000000,1,50.69,BUY
NVDA,2023-05-10T00:00:00.000000,1,50.69,BUY
NVDA,2023-05-11T00:00:00.000000,1,50.69,BUY
NVDA,2023-05-12T00:00:00.000000,1,50.69,BUY
NVDA,2023-05-15T00:00:00.000000,1,50.69,BUY
NVDA,2023-05-16T00:00:00.000000,1,50.69,BUY
NVDA,2023-05-17T00:00:00.000000,1,50.69,BUY
NVDA,2023-05-18T00:00:00.000000,1,50.69,BUY
NVDA,2023-05-19T00:00:00.000000,1,50.69,BUY
NVDA,2023-05-22T00:00:00.000000,1,50.69,BUY
NVDA,2023-05-23T00:00:00.000000,1,50.69,BUY
NVDA,2023-05-24T00:00:00.000000,1,50.69,BUY
NVDA,2023-05-25T00:00:00.000000,1,50.69,BUY
NVDA,2023-05-26T00:00:00.000000,1,50.69,BUY
NVDA,2023-05-30T00:00:00.000000,1,50.69,BUY
NVDA,2023-05-31T00:00:00.000000,1,50.69,BUY
NVDA,2023-06-01T00:00:00.000000,1,50.69,BUY
NVDA,2023-06-02T00:00:00.000000,1,50.69,BUY
NVDA,2023-06-05T00:00:00.000000,1,50.69,BUY
NVDA,2023-06-06T00:00:00.000000,1,50.69,BUY
NVDA,2023-06-07T00:00:00.000000,1,50.69,BUY
NVDA,2023-06-08T00:00:00.000000,1,50.69,BUY
NVDA,2023-06-09T00:00:00.000000,1,50.44,BUY
NVDA,2023-06-12T00:00:00.000000,1,50.44,BUY
NVDA,2023-06-13T00:00:00.000000,1,50.44,BUY
NVDA,2023-06-14T00:00:00.000000,1,50.44,BUY
NVDA,2023-06-15T00:00:00.000000,1,50.44,BUY
NVDA,2023-06-16T00:00:00.000000,1,48.73,BUY
NVDA,2023-06-20T00:00:00.000000,1,48.73,BUY
NVDA,2023-06-21T00:00:00.000000,1,48.73,BUY
NVDA,2023-06-22T00:00:00.000000,1,48.73,BUY
NVDA,2023-06-23T00:00:00.000000,1,48.73,BUY
NVDA,2023-06-26T00:00:00.000000,1,48.73,BUY
NVDA,2023-06-27T00:00:00.000000,1,48.73,BUY
NVDA,2023-06-28T00:00:00.000000,1,50.44,BUY
NVDA,2023-06-29T00:00:00.000000,1,50.44,BUY
NVDA,2023-06-30T00:00:00.000000,1,50.44,BUY
NVDA,2023-07-03T00:00:00.000000,1,50.44,BUY
NVDA,2023-07-05T00:00:00.000000,1,50.69,BUY
NVDA,2023-07-06T00:00:00.000000,1,50.69,BUY
NVDA,2023-07-07T00:00:00.000000,1,50.69,BUY
NVDA,2023-07-10T00:00:00.000000,1,50.69,BUY
NVDA,2023-07-11T00:00:00.000000,1,50.69,BUY
NVDA,2023-07-12T00:00:00.000000,1,50.69,BUY
NVDA,2023-07-13T00:00:00.000000,1,50.69,BUY
NVDA,2023-07-14T00:00:00.000000,1,50.69,BUY
NVDA,2023-07-17T00:00:00.000000,1,50.69,BUY
NVDA,2023-07-18T00:00:00.000000,1,50.69,BUY
NVDA,2023-07-19T00:00:00.000000,1,50.44,BUY
NVDA,2023-07-20T00:00:00.000000,1,50.44,BUY
NVDA,2023-07-21T00:00:00.000000,1,50.69,BUY
NVDA,2023-07-24T00:00:00.000000,1,50.69,BUY
NVDA,2023-07-25T00:00:00.000000,1,50.44,BUY
NVDA,2023-07-26T00:00:00.000000,1,50.44,BUY
NVDA,2023-07-27T00:00:00.000000,1,50.69,BUY
NVDA,2023-07-28T00:00:00.000000,1,50.69,BUY
NVDA,2023-07-31T00:00:00.000000,1,50.69,BUY
NVDA,2023-08-01T00:00:00.000000,1,50.69,BUY
NVDA,2023-08-02T00:00:00.000000,1,50.69,BUY
NVDA,2023-08-03T00:00:00.000000,1,50.69,BUY
NVDA,2023-08-04T00:00:00.000000,1,50.69,BUY
NVDA,2023-08-07T00:00:00.000000,1,50.69,BUY
NVDA,2023-08-08T00:00:00.000000,1,50.69,BUY
NVDA,2023-08-09T00:00:00.000000,1,50.69,BUY
NVDA,2023-08-10T00:00:00.000000,1,50.69,BUY
NVDA,2023-08-11T00:00:00.000000,1,50.69,BUY
NVDA,2023-08-14T00:00:00.000000,1,50.69,BUY
NVDA,2023-08-15T00:00:00.000000,1,50.69,BUY
NVDA,2023-08-16T00:00:00.000000,1,50.69,BUY
NVDA,2023-08-17T00:00:00.000000,1,50.69,BUY
NVDA,2023-08-18T00:00:00.000000,1,50.69,BUY
NVDA,2023-08-21T00:00:00.000000,1,50.69,BUY
NVDA,2023-08-22T00:00:00.000000,1,50.69,BUY
NVDA,2023-08-23T00:00:00.000000,1,50.69,BUY
NVDA,2023-08-24T00:00:00.000000,1,50.69,BUY
NVDA,2023-08-25T00:00:00.000000,1,50.69,BUY
NVDA,2023-08-28T00:00:00.000000,1,50.69,BUY
NVDA,2023-08-29T00:00:00.000000,1,50.69,BUY
NVDA,2023-08-30T00:00:00.000000,1,50.69,BUY
NVDA,2023-08-31T00:00:00.000000,1,50.69,BUY
NVDA,2023-09-01T00:00:00.000000,1,50.69,BUY
NVDA,2023-09-05T00:00:00.000000,1,50.69,BUY
NVDA,2023-09-06T00:00:00.000000,1,50.69,BUY
NVDA,2023-09-07T00:00:00.000000,1,50.69,BUY
NVDA,2023-09-08T00:00:00.000000,1,50.69,BUY
NVDA,2023-09-11T00:00:00.000000,1,50.69,BUY
NVDA,2023-09-12T00:00:00.000000,1,50.69,BUY
NVDA,2023-09-13T00:00:00.000000,1,50.69,BUY
NVDA,2023-09-14T00:00:00.000000,1,50.69,BUY
NVDA,2023-09-15T00:00:00.000000,1,50.69,BUY
NVDA,2023-09-18T00:00:00.000000,1,50.69,BUY
NVDA,2023-09-19T00:00:00.000000,1,50.69,BUY
NVDA,2023-09-20T00:00:00.000000,1,50.69,BUY
NVDA,2023-09-21T00:00:00.000000,1,50.69,BUY
NVDA,2023-09-22T00:00:00.000000,1,50.69,BUY
NVDA,2023-09-25T00:00:00.000000,1,50.69,BUY
NVDA,2023-09-26T00:00:00.000000,1,50.69,BUY
NVDA,2023-09-27T00:00:00.000000,1,50.69,BUY
NVDA,2023-09-28T00:00:00.000000,1,50.69,BUY
NVDA,2023-09-29T00:00:00.000000,1,50.69,BUY
NVDA,2023-10-02T00:00:00.000000,1,50.69,BUY
NVDA,2023-10-03T00:00:00.000000,1,50.69,BUY
NVDA,2023-10-04T00:00:00.000000,1,50.69,BUY
NVDA,2023-10-05T00:00:00.000000,1,50.69,BUY
NVDA,2023-10-06T00:00:00.000000,1,50.69,BUY
NVDA,2023-10-09T00:00:00.000000,1,50.69,BUY
NVDA,2023-10-10T00:00:00.000000,1,50.69,BUY
NVDA,2023-10-11T00:00:00.000000,1,50.69,BUY
NVDA,2023-10-12T00:00:00.000000,1,50.69,BUY
NVDA,2023-10-13T00:00:00.000000,1,50.69,BUY
NVDA,2023-10-16T00:00:00.000000,1,50.69,BUY
NVDA,2023-10-17T00:00:00.000000,1,50.69,BUY
NVDA,2023-10-18T00:00:00.000000,1,50.69,BUY
NVDA,2023-10-19T00:00:00.000000,1,50.69,BUY
NVDA,2023-10-20T00:00:00.000000,1,50.69,BUY
NVDA,2023-10-23T00:00:00.000000,1,50.69,BUY
NVDA,2023-10-24T00:00:00.000000,1,50.69,BUY
NVDA,2023-10-25T00:00:00.000000,1,58.57,BUY
NVDA,2023-10-26T00:00:00.000000,1,58.57,BUY
NVDA,2023-10-27T00:00:00.000000,1,50.69,BUY
NVDA,2023-10-30T00:00:00.000000,1,50.69,BUY
NVDA,2023-10-31T00:00:00.000000,1,50.69,BUY
NVDA,2023-11-01T00:00:00.000000,1,50.69,BUY
NVDA,2023-11-02T00:00:00.000000,1,50.69,BUY
NVDA,2023-11-03T00:00:00.000000,1,50.69,BUY
NVDA,2023-11-06T00:00:00.000000,1,50.69,BUY
NVDA,2023-11-07T00:00:00.000000,1,50.69,BUY
NVDA,2023-11-08T00:00:00.000000,1,50.69,BUY
NVDA,2023-11-09T00:00:00.000000,1,50.69,BUY
NVDA,2023-11-10T00:00:00.000000,1,50.69,BUY
NVDA,2023-11-13T00:00:00.000000,1,50.69,BUY
NVDA,2023-11-14T00:00:00.000000,1,50.69,BUY
NVDA,2023-11-15T00:00:00.000000,1,50.69,BUY
NVDA,2023-11-16T00:00:00.000000,1,50.69,BUY
NVDA,2023-11-17T00:00:00.000000,1,50.69,BUY
NVDA,2023-11-20T00:00:00.000000,1,50.69,BUY
NVDA,2023-11-21T00:00:00.000000,1,50.69,BUY
NVDA,2023-11-22T00:00:00.000000,1,50.69,BUY
NVDA,2023-11-24T00:00:00.000000,1,50.69,BUY
NVDA,2023-11-27T00:00:00.000000,1,50.69,BUY
NVDA,2023-11-28T00:00:00.000000,1,50.69,BUY
NVDA,2023-11-29T00:00:00.000000,1,50.69,BUY
NVDA,2023-11-30T00:00:00.000000,1,50.69,BUY
NVDA,2023-12-01T00:00:00.000000,1,50.69,BUY
NVDA,2023-12-04T00:00:00.000000,1,50.69,BUY
NVDA,2023-12-05T00:00:00.000000,1,50.69,BUY
NVDA,2023-12-06T00:00:00.000000,1,50.69,BUY
NVDA,2023-12-07T00:00:00.000000,1,50.69,BUY
NVDA,2023-12-08T00:00:00.000000,1,50.69,BUY
NVDA,2023-12-11T00:00:00.000000,1,50.69,BUY
NVDA,2023-12-12T00:00:00.000000,1,50.69,BUY
NVDA,2023-12-13T00:00:00.000000,1,50.69,BUY
NVDA,2023-12-14T00:00:00.000000,1,50.44,BUY
NVDA,2023-12-15T00:00:00.000000,1,50.44,BUY
NVDA,2023-12-18T00:00:00.000000,1,50.44,BUY
NVDA,2023-12-19T00:00:00.000000,1,50.44,BUY
NVDA,2023-12-20T00:00:00.000000,1,50.69,BUY
NVDA,2023-12-21T00:00:00.000000,1,50.44,BUY
NVDA,2023-12-22T00:00:00.000000,1,50.44,BUY
NVDA,2023-12-26T00:00:00.000000,1,50.44,BUY
NVDA,2023-12-27T00:00:00.000000,1,50.44,BUY
NVDA,2023-12-28T00:00:00.000000,1,50.44,BUY
NVDA,2023-12-29T00:00:00.000000,1,50.69,BUY
NVDA,2024-01-02T00:00:00.000000,1,50.69,BUY
NVDA,2024-01-03T00:00:00.000000,1,50.69,BUY
NVDA,2024-01-04T00:00:00.000000,1,50.69,BUY
NVDA,2024-01-05T00:00:00.000000,1,50.69,BUY
NVDA,2024-01-08T00:00:00.000000,1,50.69,BUY
NVDA,2024-01-09T00:00:00.000000,1,50.69,BUY
NVDA,2024-01-10T00:00:00.000000,1,50.69,BUY
NVDA,2024-01-11T00:00:00.000000,1,50.69,BUY
NVDA,2024-01-12T00:00:00.000000,1,50.69,BUY
NVDA,2024-01-16T00:00:00.000000,1,50.69,BUY
NVDA,2024-01-17T00:00:00.000000,1,50.69,BUY
NVDA,2024-01-18T00:00:00.000000,1,50.69,BUY
NVDA,2024-01-19T00:00:00.000000,1,50.69,BUY
NVDA,2024-01-22T00:00:00.000000,1,50.69,BUY
NVDA,2024-01-23T00:00:00.000000,1,50.69,BUY
NVDA,2024-01-24T00:00:00.000000,1,50.69,BUY
NVDA,2024-01-25T00:00:00.000000,1,50.69,BUY
NVDA,2024-01-26T00:00:00.000000,1,50.69,BUY
NVDA,2024-01-29T00:00:00.000000,1,50.69,BUY
NVDA,2024-01-30T00:00:00.000000,1,50.69,BUY
NVDA,2024-01-31T00:00:00.000000,1,50.69,BUY
NVDA,2024-02-01T00:00:00.000000,1,50.69,BUY
NVDA,2024-02-02T00:00:00.000000,1,50.69,BUY
NVDA,2024-02-05T00:00:00.000000,1,50.69,BUY
NVDA,2024-02-06T00:00:00.000000,1,50.69,BUY
NVDA,2024-02-07T00:00:00.000000,1,50.69,BUY
NVDA,2024-02-08T00:00:00.000000,1,50.69,BUY
NVDA,2024-02-09T00:00:00.000000,1,50.69,BUY
NVDA,2024-02-12T00:00:00.000000,1,50.69,BUY
NVDA,2024-02-13T00:00:00.000000,1,50.69,BUY
NVDA,2024-02-14T00:00:00.000000,1,50.69,BUY
NVDA,2024-02-15T00:00:00.000000,1,50.69,BUY
NVDA,2024-02-16T00:00:00.000000,1,50.69,BUY
NVDA,2024-02-20T00:00:00.000000,1,50.69,BUY
NVDA,2024-02-21T00:00:00.000000,1,50.69,BUY
NVDA,2024-02-22T00:00:00.000000,1,50.69,BUY
NVDA,2024-02-23T00:00:00.000000,1,50.69,BUY
NVDA,2024-02-26T00:00:00.000000,1,50.69,BUY
NVDA,2024-02-27T00:00:00.000000,1,50.69,BUY
NVDA,2024-02-28T00:00:00.000000,1,50.69,BUY
NVDA,2024-02-29T00:00:00.000000,1,50.69,BUY
NVDA,2024-03-01T00:00:00.000000,1,50.69,BUY
NVDA,2024-03-04T00:00:00.000000,1,50.69,BUY
NVDA,2024-03-05T00:00:00.000000,1,50.44,BUY
NVDA,2024-03-06T00:00:00.000000,1,50.44,BUY
NVDA,2024-03-07T00:00:00.000000,1,50.44,BUY
NVDA,2024-03-08T00:00:00.000000,1,50.44,BUY
NVDA,2024-03-11T00:00:00.000000,1,50.44,BUY
NVDA,2024-03-12T00:00:00.000000,1,50.44,BUY
NVDA,2024-03-13T00:00:00.000000,1,50.44,BUY
NVDA,2024-03-14T00:00:00.000000,1,50.44,BUY
NVDA,2024-03-15T00:00:00.000000,1,50.44,BUY
NVDA,2024-03-18T00:00:00.000000,1,50.44,BUY
NVDA,2024-03-19T00:00:00.000000,1,50.44,BUY
NVDA,2024-03-20T00:00:00.000000,1,50.44,BUY
NVDA,2024-03-21T00:00:00.000000,1,50.44,BUY
NVDA,2024-03-22T00:00:00.000000,1,50.69,BUY
NVDA,2024-03-25T00:00:00.000000,1,50.69,BUY
NVDA,2024-03-26T00:00:00.000000,1,50.69,BUY
NVDA,2024-03-27T00:00:00.000000,1,50.69,BUY
NVDA,2024-03-28T00:00:00.000000,1,50.69,BUY
NVDA,2024-04-01T00:00:00.000000,1,50.69,BUY
NVDA,2024-04-02T00:00:00.000000,1,50.69,BUY
NVDA,2024-04-03T00:00:00.000000,1,50.69,BUY
NVDA,2024-04-04T00:00:00.000000,1,50.69,BUY
NVDA,2024-04-05T00:00:00.000000,1,50.69,BUY
NVDA,2024-04-08T00:00:00.000000,1,50.69,BUY
NVDA,2024-04-09T00:00:00.000000,1,50.69,BUY
NVDA,2024-04-10T00:00:00.000000,1,50.69,BUY
NVDA,2024-04-11T00:00:00.000000,1,50.69,BUY
NVDA,2024-04-12T00:00:00.000000,1,50.69,BUY
NVDA,2024-04-15T00:00:00.000000,1,50.69,BUY
NVDA,2024-04-16T00:00:00.000000,1,50.69,BUY
NVDA,2024-04-17T00:00:00.000000,1,50.69,BUY
NVDA,2024-04-18T00:00:00.000000,1,50.69,BUY
NVDA,2024-04-19T00:00:00.000000,1,50.69,BUY
NVDA,2024-04-22T00:00:00.000000,1,50.69,BUY
NVDA,2024-04-23T00:00:00.000000,1,50.69,BUY
NVDA,2024-04-24T00:00:00.000000,1,50.69,BUY
NVDA,2024-04-25T00:00:00.000000,1,50.69,BUY
NVDA,2024-04-26T00:00:00.000000,1,50.69,BUY
NVDA,2024-04-29T00:00:00.000000,1,50.69,BUY
NVDA,2024-04-30T00:00:00.000000,1,50.69,BUY
NVDA,2024-05-01T00:00:00.000000,1,50.69,BUY
NVDA,2024-05-02T00:00:00.000000,1,50.69,BUY
NVDA,2024-05-03T00:00:00.000000,1,50.69,BUY
NVDA,2024-05-06T00:00:00.000000,1,50.69,BUY
NVDA,2024-05-07T00:00:00.000000,1,50.69,BUY
NVDA,2024-05-08T00:00:00.000000,1,50.69,BUY
NVDA,2024-05-09T00:00:00.000000,1,50.69,BUY
NVDA,2024-05-10T00:00:00.000000,1,50.69,BUY
NVDA,2024-05-13T00:00:00.000000,1,50.69,BUY
NVDA,2024-05-14T00:00:00.000000,1,50.69,BUY
NVDA,2024-05-15T00:00:00.000000,1,50.69,BUY
NVDA,2024-05-16T00:00:00.000000,1,50.69,BUY
NVDA,2024-05-17T00:00:00.000000,1,50.69,BUY
NVDA,2024-05-20T00:00:00.000000,1,50.69,BUY
NVDA,2024-05-21T00:00:00.000000,1,50.69,BUY
NVDA,2024-05-22T00:00:00.000000,1,50.69,BUY
NVDA,2024-05-23T00:00:00.000000,1,50.69,BUY
NVDA,2024-05-24T00:00:00.000000,1,50.69,BUY
NVDA,2024-05-28T00:00:00.000000,1,50.69,BUY
NVDA,2024-05-29T00:00:00.000000,1,50.69,BUY
NVDA,2024-05-30T00:00:00.000000,1,50.69,BUY
NVDA,2024-05-31T00:00:00.000000,1,50.69,BUY
NVDA,2024-06-03T00:00:00.000000,1,50.69,BUY
NVDA,2024-06-04T00:00:00.000000,1,50.69,BUY
NVDA,2024-06-05T00:00:00.000000,1,50.69,BUY
NVDA,2024-06-06T00:00:00.000000,1,50.69,BUY
NVDA,2024-06-07T00:00:00.000000,1,50.44,BUY
NVDA,2024-06-10T00:00:00.000000,1,50.44,BUY
NVDA,2024-06-11T00:00:00.000000,1,50.44,BUY
NVDA,2024-06-12T00:00:00.000000,1,50.44,BUY
NVDA,2024-06-13T00:00:00.000000,1,50.44,BUY
NVDA,2024-06-14T00:00:00.000000,1,50.44,BUY
NVDA,2024-06-17T00:00:00.000000,1,50.44,BUY
NVDA,2024-06-18T00:00:00.000000,1,50.44,BUY
NVDA,2024-06-20T00:00:00.000000,1,50.44,BUY
NVDA,2024-06-21T00:00:00.000000,1,50.44,BUY
NVDA,2024-06-24T00:00:00.000000,1,50.44,BUY
NVDA,2024-06-25T00:00:00.000000,1,50.44,BUY
NVDA,2024-06-26T00:00:00.000000,1,50.44,BUY
NVDA,2024-06-27T00:00:00.000000,1,50.44,BUY
NVDA,2024-06-28T00:00:00.000000,1,50.44,BUY
NVDA,2024-07-01T00:00:00.000000,1,50.44,BUY
NVDA,2024-07-02T00:00:00.000000,1,50.44,BUY
NVDA,2024-07-03T00:00:00.000000,1,50.44,BUY
NVDA,2024-07-05T00:00:00.000000,1,50.44,BUY
NVDA,2024-07-08T00:00:00.000000,1,50.44,BUY
NVDA,2024-07-09T00:00:00.000000,1,50.69,BUY
NVDA,2024-07-10T00:00:00.000000,1,50.69,BUY
NVDA,2024-07-11T00:00:00.000000,1,50.44,BUY
NVDA,2024-07-12T00:00:00.000000,1,50.44,BUY
NVDA,2024-07-15T00:00:00.000000,1,50.44,BUY
NVDA,2024-07-16T00:00:00.000000,1,48.73,BUY
NVDA,2024-07-17T00:00:00.000000,1,48.73,BUY
NVDA,2024-07-18T00:00:00.000000,0,48.73,SELL
NVDA,2024-07-19T00:00:00.000000,1,48.73,BUY
NVDA,2024-07-22T00:00:00.000000,1,48.73,BUY
NVDA,2024-07-23T00:00:00.000000,1,50.44,BUY
NVDA,2024-07-24T00:00:00.000000,1,50.69,BUY
NVDA,2024-07-25T00:00:00.000000,1,50.69,BUY
NVDA,2024-07-26T00:00:00.000000,1,50.69,BUY
NVDA,2024-07-29T00:00:00.000000,1,50.69,BUY
NVDA,2024-07-30T00:00:00.000000,1,50.69,BUY
NVDA,2024-07-31T00:00:00.000000,1,50.44,BUY
NVDA,2024-08-01T00:00:00.000000,1,50.69,BUY
NVDA,2024-08-02T00:00:00.000000,1,50.69,BUY
NVDA,2024-08-05T00:00:00.000000,1,50.69,BUY
NVDA,2024-08-06T00:00:00.000000,1,50.69,BUY
NVDA,2024-08-07T00:00:00.000000,1,50.69,BUY
NVDA,2024-08-08T00:00:00.000000,1,50.69,BUY
NVDA,2024-08-09T00:00:00.000000,1,50.69,BUY
NVDA,2024-08-12T00:00:00.000000,1,50.69,BUY
NVDA,2024-08-13T00:00:00.000000,1,50.69,BUY
NVDA,2024-08-14T00:00:00.000000,1,50.69,BUY
NVDA,2024-08-15T00:00:00.000000,1,50.69,BUY
NVDA,2024-08-16T00:00:00.000000,1,50.69,BUY
NVDA,2024-08-19T00:00:00.000000,1,50.69,BUY
NVDA,2024-08-20T00:00:00.000000,1,50.69,BUY
NVDA,2024-08-21T00:00:00.000000,1,50.69,BUY
NVDA,2024-08-22T00:00:00.000000,1,50.69,BUY
NVDA,2024-08-23T00:00:00.000000,1,50.44,BUY
NVDA,2024-08-26T00:00:00.000000,1,50.44,BUY
NVDA,2024-08-27T00:00:00.000000,1,50.44,BUY
NVDA,2024-08-28T00:00:00.000000,1,50.44,BUY
NVDA,2024-08-29T00:00:00.000000,1,50.44,BUY
NVDA,2024-08-30T00:00:00.000000,1,50.44,BUY
NVDA,2024-09-03T00:00:00.000000,1,50.44,BUY
NVDA,2024-09-04T00:00:00.000000,1,50.69,BUY
NVDA,2024-09-05T00:00:00.000000,1,50.69,BUY
NVDA,2024-09-06T00:00:00.000000,1,50.69,BUY
NVDA,2024-09-09T00:00:00.000000,1,50.69,BUY
NVDA,2024-09-10T00:00:00.000000,1,50.69,BUY
NVDA,2024-09-11T00:00:00.000000,1,50.69,BUY
NVDA,2024-09-12T00:00:00.000000,1,50.69,BUY
NVDA,2024-09-13T00:00:00.000000,1,50.69,BUY
NVDA,2024-09-16T00:00:00.000000,1,50.69,BUY
NVDA,2024-09-17T00:00:00.000000,1,50.44,BUY
NVDA,2024-09-18T00:00:00.000000,1,50.44,BUY
NVDA,2024-09-19T00:00:00.000000,1,50.69,BUY
NVDA,2024-09-20T00:00:00.000000,1,50.69,BUY
NVDA,2024-09-23T00:00:00.000000,1,50.69,BUY
NVDA,2024-09-24T00:00:00.000000,1,50.69,BUY
NVDA,2024-09-25T00:00:00.000000,1,50.69,BUY
NVDA,2024-09-26T00:00:00.000000,1,50.69,BUY
NVDA,2024-09-27T00:00:00.000000,1,50.69,BUY
NVDA,2024-09-30T00:00:00.000000,1,50.69,BUY
NVDA,2024-10-01T00:00:00.000000,1,50.69,BUY
NVDA,2024-10-02T00:00:00.000000,1,50.44,BUY
NVDA,2024-10-03T00:00:00.000000,1,50.44,BUY
NVDA,2024-10-04T00:00:00.000000,1,50.44,BUY
NVDA,2024-10-07T00:00:00.000000,1,50.44,BUY
NVDA,2024-10-08T00:00:00.000000,1,50.44,BUY
NVDA,2024-10-09T00:00:00.000000,1,50.44,BUY
NVDA,2024-10-10T00:00:00.000000,1,50.44,BUY
NVDA,2024-10-11T00:00:00.000000,1,50.44,BUY
NVDA,2024-10-14T00:00:00.000000,1,50.44,BUY
NVDA,2024-10-15T00:00:00.000000,1,50.44,BUY
NVDA,2024-10-16T00:00:00.000000,1,50.44,BUY
NVDA,2024-10-17T00:00:00.000000,1,50.44,BUY
NVDA,2024-10-18T00:00:00.000000,1,50.44,BUY
NVDA,2024-10-21T00:00:00.000000,1,50.44,BUY
NVDA,2024-10-22T00:00:00.000000,1,50.44,BUY
NVDA,2024-10-23T00:00:00.000000,1,50.44,BUY
NVDA,2024-10-24T00:00:00.000000,1,50.44,BUY
NVDA,2024-10-25T00:00:00.000000,1,50.44,BUY
NVDA,2024-10-28T00:00:00.000000,1,50.44,BUY
NVDA,2024-10-29T00:00:00.000000,1,50.44,BUY
NVDA,2024-10-30T00:00:00.000000,1,50.44,BUY
NVDA,2024-10-31T00:00:00.000000,1,50.44,BUY
NVDA,2024-11-01T00:00:00.000000,1,50.44,BUY
NVDA,2024-11-04T00:00:00.000000,1,50.44,BUY
NVDA,2024-11-05T00:00:00.000000,1,50.69,BUY
NVDA,2024-11-06T00:00:00.000000,1,50.69,BUY
NVDA,2024-11-07T00:00:00.000000,1,50.69,BUY
NVDA,2024-11-08T00:00:00.000000,1,50.44,BUY
NVDA,2024-11-11T00:00:00.000000,1,50.44,BUY
NVDA,2024-11-12T00:00:00.000000,1,48.73,BUY
NVDA,2024-11-13T00:00:00.000000,1,48.73,BUY
NVDA,2024-11-14T00:00:00.000000,1,48.73,BUY
NVDA,2024-11-15T00:00:00.000000,1,48.73,BUY
NVDA,2024-11-18T00:00:00.000000,1,48.73,BUY
NVDA,2024-11-19T00:00:00.000000,1,48.73,BUY
NVDA,2024-11-20T00:00:00.000000,1,48.73,BUY
NVDA,2024-11-21T00:00:00.000000,1,48.73,BUY
NVDA,2024-11-22T00:00:00.000000,1,48.73,BUY
NVDA,2024-11-25T00:00:00.000000,1,50.44,BUY
NVDA,2024-11-26T00:00:00.000000,1,50.44,BUY
NVDA,2024-11-27T00:00:00.000000,1,50.69,BUY
NVDA,2024-11-29T00:00:00.000000,1,50.69,BUY
NVDA,2024-12-02T00:00:00.000000,1,50.69,BUY
NVDA,2024-12-03T00:00:00.000000,1,50.69,BUY
NVDA,2024-12-04T00:00:00.000000,1,50.69,BUY
NVDA,2024-12-05T00:00:00.000000,1,50.69,BUY
NVDA,2024-12-06T00:00:00.000000,1,50.69,BUY
NVDA,2024-12-09T00:00:00.000000,1,50.44,BUY
NVDA,2024-12-10T00:00:00.000000,1,50.44,BUY
NVDA,2024-12-11T00:00:00.000000,1,50.44,BUY
NVDA,2024-12-12T00:00:00.000000,1,50.69,BUY
NVDA,2024-12-13T00:00:00.000000,1,50.69,BUY
NVDA,2024-12-16T00:00:00.000000,1,50.69,BUY
NVDA,2024-12-17T00:00:00.000000,1,50.69,BUY
NVDA,2024-12-18T00:00:00.000000,1,50.69,BUY
NVDA,2024-12-19T00:00:00.000000,1,50.69,BUY
NVDA,2024-12-20T00:00:00.000000,1,50.69,BUY
ORCL,2023-02-21T00:00:00.000000,0,46.09,SELL
ORCL,2023-02-22T00:00:00.000000,0,48.73,SELL
ORCL,2023-02-23T00:00:00.000000,1,48.73,BUY
ORCL,2023-02-24T00:00:00.000000,1,48.73,BUY
ORCL,2023-02-27T00:00:00.000000,1,50.44,BUY
ORCL,2023-02-28T00:00:00.000000,1,50.44,BUY
ORCL,2023-03-01T00:00:00.000000,1,50.69,BUY
ORCL,2023-03-02T00:00:00.000000,1,50.69,BUY
ORCL,2023-03-03T00:00:00.000000,1,50.69,BUY
ORCL,2023-03-06T00:00:00.000000,1,50.69,BUY
ORCL,2023-03-07T00:00:00.000000,1,50.69,BUY
ORCL,2023-03-08T00:00:00.000000,1,50.69,BUY
ORCL,2023-03-09T00:00:00.000000,1,50.69,BUY
ORCL,2023-03-10T00:00:00.000000,1,50.69,BUY
ORCL,2023-03-13T00:00:00.000000,1,50.69,BUY
ORCL,2023-03-14T00:00:00.000000,1,50.44,BUY
ORCL,2023-03-15T00:00:00.000000,1,50.44,BUY
ORCL,2023-03-16T00:00:00.000000,1,50.44,BUY
ORCL,2023-03-17T00:00:00.000000,1,50.44,BUY
ORCL,2023-03-20T00:00:00.000000,1,50.69,BUY
ORCL,2023-03-21T00:00:00.000000,1,50.69,BUY
ORCL,2023-03-22T00:00:00.000000,1,50.69,BUY
ORCL,2023-03-23T00:00:00.000000,1,50.69,BUY
ORCL,2023-03-24T00:00:00.000000,1,50.44,BUY
ORCL,2023-03-27T00:00:00.000000,0,48.73,SELL
ORCL,2023-03-28T00:00:00.000000,0,46.09,SELL
ORCL,2023-03-29T00:00:00.000000,0,42.94,SELL
ORCL,2023-03-30T00:00:00.000000,0,46.09,SELL
ORCL,2023-03-31T00:00:00.000000,0,48.73,SELL
ORCL,2023-04-03T00:00:00.000000,1,48.73,BUY
ORCL,2023-04-04T00:00:00.000000,1,48.73,BUY
ORCL,2023-04-05T00:00:00.000000,1,48.73,BUY
ORCL,2023-04-06T00:00:00.000000,1,48.73,BUY
ORCL,2023-04-10T00:00:00.000000,1,48.73,BUY
ORCL,2023-04-11T00:00:00.000000,1,48.73,BUY
ORCL,2023-04-12T00:00:00.000000,1,48.73,BUY
ORCL,2023-04-13T00:00:00.000000,1,48.73,BUY
ORCL,2023-04-14T00:00:00.000000,0,48.73,SELL
ORCL,2023-04-17T00:00:00.000000,0,48.73,SELL
ORCL,2023-04-18T00:00:00.000000,0,48.73,SELL
ORCL,2023-04-19T00:00:00.000000,1,48.73,BUY
ORCL,2023-04-20T00:00:00.000000,1,48.73,BUY
ORCL,2023-04-21T00:00:00.000000,1,48.73,BUY
ORCL,2023-04-24T00:00:00.000000,1,50.44,BUY
ORCL,2023-04-25T00:00:00.000000,1,50.44,BUY
ORCL,2023-04-26T00:00:00.000000,1,50.44,BUY
ORCL,2023-04-27T00:00:00.000000,1,50.44,BUY
ORCL,2023-04-28T00:00:00.000000,1,50.44,BUY
ORCL,2023-05-01T00:00:00.000000,1,50.44,BUY
ORCL,2023-05-02T00:00:00.000000,1,50.44,BUY
ORCL,2023-05-03T00:00:00.000000,1,50.69,BUY
ORCL,2023-05-04T00:00:00.000000,1,50.69,BUY
ORCL,2023-05-05T00:00:00.000000,1,50.69,BUY
ORCL,2023-05-08T00:00:00.000000,1,50.69,BUY
ORCL,2023-05-09T00:00:00.000000,1,50.69,BUY
ORCL,2023-05-10T00:00:00.000000,1,50.44,BUY
ORCL,2023-05-11T00:00:00.000000,1,50.44,BUY
ORCL,2023-05-12T00:00:00.000000,1,48.73,BUY
ORCL,2023-05-15T00:00:00.000000,1,48.73,BUY
ORCL,2023-05-16T00:00:00.000000,1,48.73,BUY
ORCL,2023-05-17T00:00:00.000000,1,48.73,BUY
ORCL,2023-05-18T00:00:00.000000,1,48.73,BUY
ORCL,2023-05-19T00:00:00.000000,1,48.73,BUY
ORCL,2023-05-22T00:00:00.000000,1,48.73,BUY
ORCL,2023-05-23T00:00:00.000000,1,48.73,BUY
ORCL,2023-05-24T00:00:00.000000,1,48.73,BUY
ORCL,2023-05-25T00:00:00.000000,1,48.73,BUY
ORCL,2023-05-26T00:00:00.000000,1,48.73,BUY
ORCL,2023-05-30T00:00:00.000000,1,48.73,BUY
ORCL,2023-05-31T00:00:00.000000,1,48.73,BUY
ORCL,2023-06-01T00:00:00.000000,1,50.44,BUY
ORCL,2023-06-02T00:00:00.000000,1,50.69,BUY
ORCL,2023-06-05T00:00:00.000000,1,50.69,BUY
ORCL,2023-06-06T00:00:00.000000,1,50.44,BUY
ORCL,2023-06-07T00:00:00.000000,1,50.44,BUY
ORCL,2023-06-08T00:00:00.000000,1,48.73,BUY
ORCL,2023-06-09T00:00:00.000000,0,48.73,SELL
ORCL,2023-06-12T00:00:00.000000,0,46.09,SELL
ORCL,2023-06-13T00:00:00.000000,0,46.09,SELL
ORCL,2023-06-14T00:00:00.000000,0,46.09,SELL
ORCL,2023-06-15T00:00:00.000000,0,46.09,SELL
ORCL,2023-06-16T00:00:00.000000,0,46.09,SELL
ORCL,2023-06-20T00:00:00.000000,0,46.09,SELL
ORCL,2023-06-21T00:00:00.000000,0,46.09,SELL
ORCL,2023-06-22T00:00:00.000000,0,46.09,SELL
ORCL,2023-06-23T00:00:00.000000,0,46.09,SELL
ORCL,2023-06-26T00:00:00.000000,0,46.09,SELL
ORCL,2023-06-27T00:00:00.000000,0,46.09,SELL
ORCL,2023-06-28T00:00:00.000000,0,46.09,SELL
ORCL,2023-06-29T00:00:00.000000,0,42.94,SELL
ORCL,2023-06-30T00:00:00.000000,0,42.94,SELL
ORCL,2023-07-03T00:00:00.000000,0,42.94,SELL
ORCL,2023-07-05T00:00:00.000000,0,42.94,SELL
ORCL,2023-07-06T00:00:00.000000,0,42.94,SELL
ORCL,2023-07-07T00:00:00.000000,0,42.94,SELL
ORCL,2023-07-10T00:00:00.000000,0,42.94,SELL
ORCL,2023-07-11T00:00:00.000000,0,42.94,SELL
ORCL,2023-07-12T00:00:00.000000,0,39.62,SELL
ORCL,2023-07-13T00:00:00.000000,0,39.62,SELL
ORCL,2023-07-14T00:00:00.000000,0,39.62,SELL
ORCL,2023-07-17T00:00:00.000000,0,39.62,SELL
ORCL,2023-07-18T00:00:00.000000,0,40.0,SELL
ORCL,2023-07-19T00:00:00.000000,0,39.62,SELL
ORCL,2023-07-20T00:00:00.000000,0,39.62,SELL
ORCL,2023-07-21T00:00:00.000000,0,39.62,SELL
ORCL,2023-07-24T00:00:00.000000,0,39.62,SELL
ORCL,2023-07-25T00:00:00.000000,0,39.62,SELL
ORCL,2023-07-26T00:00:00.000000,0,39.62,SELL
ORCL,2023-07-27T00:00:00.000000,0,39.62,SELL
ORCL,2023-07-28T00:00:00.000000,0,39.62,SELL
ORCL,2023-07-31T00:00:00.000000,0,39.62,SELL
ORCL,2023-08-01T00:00:00.000000,0,39.62,SELL
ORCL,2023-08-02T00:00:00.000000,0,39.62,SELL
ORCL,2023-08-03T00:00:00.000000,0,39.62,SELL
ORCL,2023-08-04T00:00:00.000000,0,39.62,SELL
ORCL,2023-08-07T00:00:00.000000,0,42.94,SELL
ORCL,2023-08-08T00:00:00.000000,0,42.94,SELL
ORCL,2023-08-09T00:00:00.000000,0,42.94,SELL
ORCL,2023-08-10T00:00:00.000000,0,42.94,SELL
ORCL,2023-08-11T00:00:00.000000,0,46.09,SELL
ORCL,2023-08-14T00:00:00.000000,0,48.73,SELL
ORCL,2023-08-15T00:00:00.000000,1,48.73,BUY
ORCL,2023-08-16T00:00:00.000000,1,48.73,BUY
ORCL,2023-08-17T00:00:00.000000,1,48.73,BUY
ORCL,2023-08-18T00:00:00.000000,1,50.44,BUY
ORCL,2023-08-21T00:00:00.000000,1,50.44,BUY
ORCL,2023-08-22T00:00:00.000000,1,50.44,BUY
ORCL,2023-08-23T00:00:00.000000,1,50.69,BUY
ORCL,2023-08-24T00:00:00.000000,1,50.69,BUY
ORCL,2023-08-25T00:00:00.000000,1,50.69,BUY
ORCL,2023-08-28T00:00:00.000000,1,50.69,BUY
ORCL,2023-08-29T00:00:00.000000,1,50.69,BUY
ORCL,2023-08-30T00:00:00.000000,1,50.69,BUY
ORCL,2023-08-31T00:00:00.000000,1,50.69,BUY
ORCL,2023-09-01T00:00:00.000000,1,50.44,BUY
ORCL,2023-09-05T00:00:00.000000,1,50.44,BUY
ORCL,2023-09-06T00:00:00.000000,1,50.44,BUY
ORCL,2023-09-07T00:00:00.000000,1,50.44,BUY
ORCL,2023-09-08T00:00:00.000000,1,50.44,BUY
ORCL,2023-09-11T00:00:00.000000,1,48.73,BUY
ORCL,2023-09-12T00:00:00.000000,1,50.44,BUY
ORCL,2023-09-13T00:00:00.000000,1,48.73,BUY
ORCL,2023-09-14T00:00:00.000000,1,48.73,BUY
ORCL,2023-09-15T00:00:00.000000,1,48.73,BUY
ORCL,2023-09-18T00:00:00.000000,1,48.73,BUY
ORCL,2023-09-19T00:00:00.000000,1,50.69,BUY
ORCL,2023-09-20T00:00:00.000000,1,50.69,BUY
ORCL,2023-09-21T00:00:00.000000,1,50.44,BUY
ORCL,2023-09-22T00:00:00.000000,1,50.44,BUY
ORCL,2023-09-25T00:00:00.000000,1,50.44,BUY
ORCL,2023-09-26T00:00:00.000000,1,50.44,BUY
ORCL,2023-09-27T00:00:00.000000,1,50.69,BUY
ORCL,2023-09-28T00:00:00.000000,1,50.69,BUY
ORCL,2023-09-29T00:00:00.000000,1,50.69,BUY
ORCL,2023-10-02T00:00:00.000000,1,50.69,BUY
ORCL,2023-10-03T00:00:00.000000,1,50.69,BUY
ORCL,2023-10-04T00:00:00.000000,1,50.69,BUY
ORCL,2023-10-05T00:00:00.000000,1,50.69,BUY
ORCL,2023-10-06T00:00:00.000000,1,50.69,BUY
ORCL,2023-10-09T00:00:00.000000,1,50.69,BUY
ORCL,2023-10-10T00:00:00.000000,1,50.69,BUY
ORCL,2023-10-11T00:00:00.000000,1,50.44,BUY
ORCL,2023-10-12T00:00:00.000000,1,48.73,BUY
ORCL,2023-10-13T00:00:00.000000,1,48.73,BUY
ORCL,2023-10-16T00:00:00.000000,1,48.73,BUY
ORCL,2023-10-17T00:00:00.000000,1,48.73,BUY
ORCL,2023-10-18T00:00:00.000000,1,48.73,BUY
ORCL,2023-10-19T00:00:00.000000,1,48.73,BUY
ORCL,2023-10-20T00:00:00.000000,1,50.44,BUY
ORCL,2023-10-23T00:00:00.000000,1,50.44,BUY
ORCL,2023-10-24T00:00:00.000000,1,50.44,BUY
ORCL,2023-10-25T00:00:00.000000,1,50.69,BUY
ORCL,2023-10-26T00:00:00.000000,1,50.69,BUY
ORCL,2023-10-27T00:00:00.000000,1,50.69,BUY
ORCL,2023-10-30T00:00:00.000000,1,50.69,BUY
ORCL,2023-10-31T00:00:00.000000,1,50.69,BUY
ORCL,2023-11-01T00:00:00.000000,1,50.69,BUY
ORCL,2023-11-02T00:00:00.000000,1,50.69,BUY
ORCL,2023-11-03T00:00:00.000000,1,50.44,BUY
ORCL,2023-11-06T00:00:00.000000,1,50.44,BUY
ORCL,2023-11-07T00:00:00.000000,1,48.73,BUY
ORCL,2023-11-08T00:00:00.000000,1,48.73,BUY
ORCL,2023-11-09T00:00:00.000000,0,48.73,SELL
ORCL,2023-11-10T00:00:00.000000,0,48.73,SELL
ORCL,2023-11-13T00:00:00.000000,0,46.09,SELL
ORCL,2023-11-14T00:00:00.000000,0,42.94,SELL
ORCL,2023-11-15T00:00:00.000000,0,42.94,SELL
ORCL,2023-11-16T00:00:00.000000,0,42.94,SELL
ORCL,2023-11-17T00:00:00.000000,0,42.94,SELL
ORCL,2023-11-20T00:00:00.000000,0,46.09,SELL
ORCL,2023-11-21T00:00:00.000000,0,46.09,SELL
ORCL,2023-11-22T00:00:00.000000,0,46.09,SELL
ORCL,2023-11-24T00:00:00.000000,0,46.09,SELL
ORCL,2023-11-27T00:00:00.000000,0,46.09,SELL
ORCL,2023-11-28T00:00:00.000000,0,46.09,SELL
ORCL,2023-11-29T00:00:00.000000,0,42.94,SELL
ORCL,2023-11-30T00:00:00.000000,0,42.94,SELL
ORCL,2023-12-01T00:00:00.000000,0,42.94,SELL
ORCL,2023-12-04T00:00:00.000000,0,42.94,SELL
ORCL,2023-12-05T00:00:00.000000,0,42.94,SELL
ORCL,2023-12-06T00:00:00.000000,0,46.09,SELL
ORCL,2023-12-07T00:00:00.000000,0,46.09,SELL
ORCL,2023-12-08T00:00:00.000000,0,42.94,SELL
ORCL,2023-12-11T00:00:00.000000,0,42.94,SELL
ORCL,2023-12-12T00:00:00.000000,0,42.94,SELL
ORCL,2023-12-13T00:00:00.000000,0,39.62,SELL
ORCL,2023-12-14T00:00:00.000000,0,39.62,SELL
ORCL,2023-12-15T00:00:00.000000,0,39.62,SELL
ORCL,2023-12-18T00:00:00.000000,0,39.62,SELL
ORCL,2023-12-19T00:00:00.000000,0,39.62,SELL
ORCL,2023-12-20T00:00:00.000000,0,39.62,SELL
ORCL,2023-12-21T00:00:00.000000,0,39.62,SELL
ORCL,2023-12-22T00:00:00.000000,0,39.62,SELL
ORCL,2023-12-26T00:00:00.000000,0,39.62,SELL
ORCL,2023-12-27T00:00:00.000000,0,39.62,SELL
ORCL,2023-12-28T00:00:00.000000,0,39.62,SELL
ORCL,2023-12-29T00:00:00.000000,0,39.62,SELL
ORCL,2024-01-02T00:00:00.000000,0,39.62,SELL
ORCL,2024-01-03T00:00:00.000000,0,39.62,SELL
ORCL,2024-01-04T00:00:00.000000,0,39.62,SELL
ORCL,2024-01-05T00:00:00.000000,0,42.94,SELL
ORCL,2024-01-08T00:00:00.000000,0,42.94,SELL
ORCL,2024-01-09T00:00:00.000000,0,42.94,SELL
ORCL,2024-01-10T00:00:00.000000,0,46.09,SELL
ORCL,2024-01-11T00:00:00.000000,0,46.09,SELL
ORCL,2024-01-12T00:00:00.000000,0,46.09,SELL
ORCL,2024-01-16T00:00:00.000000,0,48.73,SELL
ORCL,2024-01-17T00:00:00.000000,1,48.73,BUY
ORCL,2024-01-18T00:00:00.000000,1,50.44,BUY
ORCL,2024-01-19T00:00:00.000000,1,50.44,BUY
ORCL,2024-01-22T00:00:00.000000,1,50.44,BUY
ORCL,2024-01-23T00:00:00.000000,1,50.44,BUY
ORCL,2024-01-24T00:00:00.000000,1,50.44,BUY
ORCL,2024-01-25T00:00:00.000000,1,50.44,BUY
ORCL,2024-01-26T00:00:00.000000,1,50.69,BUY
ORCL,2024-01-29T00:00:00.000000,1,50.69,BUY
ORCL,2024-01-30T00:00:00.000000,1,50.69,BUY
ORCL,2024-01-31T00:00:00.000000,1,50.44,BUY
ORCL,2024-02-01T00:00:00.000000,1,50.44,BUY
ORCL,2024-02-02T00:00:00.000000,1,50.44,BUY
ORCL,2024-02-05T00:00:00.000000,1,48.73,BUY
ORCL,2024-02-06T00:00:00.000000,1,48.73,BUY
ORCL,2024-02-07T00:00:00.000000,1,48.73,BUY
ORCL,2024-02-08T00:00:00.000000,1,48.73,BUY
ORCL,2024-02-09T00:00:00.000000,1,50.44,BUY
ORCL,2024-02-12T00:00:00.000000,1,50.44,BUY
ORCL,2024-02-13T00:00:00.000000,1,50.44,BUY
ORCL,2024-02-14T00:00:00.000000,1,50.69,BUY
ORCL,2024-02-15T00:00:00.000000,1,50.44,BUY
ORCL,2024-02-16T00:00:00.000000,1,48.73,BUY
ORCL,2024-02-20T00:00:00.000000,1,48.73,BUY
ORCL,2024-02-21T00:00:00.000000,0,46.09,SELL
ORCL,2024-02-22T00:00:00.000000,0,42.94,SELL
ORCL,2024-02-23T00:00:00.000000,0,42.94,SELL
ORCL,2024-02-26T00:00:00.000000,0,42.94,SELL
ORCL,2024-02-27T00:00:00.000000,0,42.94,SELL
ORCL,2024-02-28T00:00:00.000000,0,42.94,SELL
ORCL,2024-02-29T00:00:00.000000,0,42.94,SELL
ORCL,2024-03-01T00:00:00.000000,0,42.94,SELL
ORCL,2024-03-04T00:00:00.000000,0,39.62,SELL
ORCL,2024-03-05T00:00:00.000000,0,39.62,SELL
ORCL,2024-03-06T00:00:00.000000,0,40.0,SELL
ORCL,2024-03-07T00:00:00.000000,0,42.94,SELL
ORCL,2024-03-08T00:00:00.000000,0,42.94,SELL
ORCL,2024-03-11T00:00:00.000000,0,42.94,SELL
ORCL,2024-03-12T00:00:00.000000,0,42.94,SELL
ORCL,2024-03-13T00:00:00.000000,0,42.94,SELL
ORCL,2024-03-14T00:00:00.000000,0,46.09,SELL
ORCL,2024-03-15T00:00:00.000000,0,46.09,SELL
ORCL,2024-03-18T00:00:00.000000,0,46.09,SELL
ORCL,2024-03-19T00:00:00.000000,0,48.73,SELL
ORCL,2024-03-20T00:00:00.000000,0,48.73,SELL
ORCL,2024-03-21T00:00:00.000000,0,48.73,SELL
ORCL,2024-03-22T00:00:00.000000,0,48.73,SELL
ORCL,2024-03-25T00:00:00.000000,0,48.73,SELL
ORCL,2024-03-26T00:00:00.000000,0,46.09,SELL
ORCL,2024-03-27T00:00:00.000000,0,46.09,SELL
ORCL,2024-03-28T00:00:00.000000,0,46.09,SELL
ORCL,2024-04-01T00:00:00.000000,0,42.94,SELL
ORCL,2024-04-02T00:00:00.000000,0,42.94,SELL
ORCL,2024-04-03T00:00:00.000000,0,42.94,SELL
ORCL,2024-04-04T00:00:00.000000,0,42.94,SELL
ORCL,2024-04-05T00:00:00.000000,0,42.94,SELL
ORCL,2024-04-08T00:00:00.000000,0,42.94,SELL
ORCL,2024-04-09T00:00:00.000000,0,42.94,SELL
ORCL,2024-04-10T00:00:00.000000,0,42.94,SELL
ORCL,2024-04-11T00:00:00.000000,0,46.09,SELL
ORCL,2024-04-12T00:00:00.000000,0,42.94,SELL
ORCL,2024-04-15T00:00:00.000000,0,46.09,SELL
ORCL,2024-04-16T00:00:00.000000,0,46.09,SELL
ORCL,2024-04-17T00:00:00.000000,0,46.09,SELL
ORCL,2024-04-18T00:00:00.000000,0,48.73,SELL
ORCL,2024-04-19T00:00:00.000000,0,48.73,SELL
ORCL,2024-04-22T00:00:00.000000,0,48.73,SELL
ORCL,2024-04-23T00:00:00.000000,0,48.73,SELL
ORCL,2024-04-24T00:00:00.000000,1,48.73,BUY
ORCL,2024-04-25T00:00:00.000000,1,48.73,BUY
ORCL,2024-04-26T00:00:00.000000,1,48.73,BUY
ORCL,2024-04-29T00:00:00.000000,0,48.73,SELL
ORCL,2024-04-30T00:00:00.000000,0,46.09,SELL
ORCL,2024-05-01T00:00:00.000000,0,42.94,SELL
ORCL,2024-05-02T00:00:00.000000,0,39.62,SELL
ORCL,2024-05-03T00:00:00.000000,0,39.62,SELL
ORCL,2024-05-06T00:00:00.000000,0,39.62,SELL
ORCL,2024-05-07T00:00:00.000000,0,39.62,SELL
ORCL,2024-05-08T00:00:00.000000,0,39.62,SELL
ORCL,2024-05-09T00:00:00.000000,0,39.62,SELL
ORCL,2024-05-10T00:00:00.000000,0,39.62,SELL
ORCL,2024-05-13T00:00:00.000000,0,39.62,SELL
ORCL,2024-05-14T00:00:00.000000,0,39.62,SELL
ORCL,2024-05-15T00:00:00.000000,0,39.62,SELL
ORCL,2024-05-16T00:00:00.000000,0,39.62,SELL
ORCL,2024-05-17T00:00:00.000000,0,42.94,SELL
ORCL,2024-05-20T00:00:00.000000,0,42.94,SELL
ORCL,2024-05-21T00:00:00.000000,0,42.94,SELL
ORCL,2024-05-22T00:00:00.000000,0,42.94,SELL
ORCL,2024-05-23T00:00:00.000000,0,46.09,SELL
ORCL,2024-05-24T00:00:00.000000,0,46.09,SELL
ORCL,2024-05-28T00:00:00.000000,0,48.73,SELL
ORCL,2024-05-29T00:00:00.000000,1,48.73,BUY
ORCL,2024-05-30T00:00:00.000000,1,48.73,BUY
ORCL,2024-05-31T00:00:00.000000,1,50.44,BUY
ORCL,2024-06-03T00:00:00.000000,1,50.44,BUY
ORCL,2024-06-04T00:00:00.000000,1,50.69,BUY
ORCL,2024-06-05T00:00:00.000000,1,50.69,BUY
ORCL,2024-06-06T00:00:00.000000,1,50.69,BUY
ORCL,2024-06-07T00:00:00.000000,1,50.69,BUY
ORCL,2024-06-10T00:00:00.000000,1,50.69,BUY
ORCL,2024-06-11T00:00:00.000000,1,50.44,BUY
ORCL,2024-06-12T00:00:00.000000,1,50.44,BUY
ORCL,2024-06-13T00:00:00.000000,1,50.44,BUY
ORCL,2024-06-14T00:00:00.000000,1,50.44,BUY
ORCL,2024-06-17T00:00:00.000000,1,50.69,BUY
ORCL,2024-06-18T00:00:00.000000,1,50.69,BUY
ORCL,2024-06-20T00:00:00.000000,1,50.69,BUY
ORCL,2024-06-21T00:00:00.000000,1,50.69,BUY
ORCL,2024-06-24T00:00:00.000000,1,50.44,BUY
ORCL,2024-06-25T00:00:00.000000,1,50.44,BUY
ORCL,2024-06-26T00:00:00.000000,1,50.44,BUY
ORCL,2024-06-27T00:00:00.000000,1,48.73,BUY
ORCL,2024-06-28T00:00:00.000000,1,48.73,BUY
ORCL,2024-07-01T00:00:00.000000,1,48.73,BUY
ORCL,2024-07-02T00:00:00.000000,1,48.73,BUY
ORCL,2024-07-03T00:00:00.000000,1,48.73,BUY
ORCL,2024-07-05T00:00:00.000000,1,48.73,BUY
ORCL,2024-07-08T00:00:00.000000,1,48.73,BUY
ORCL,2024-07-09T00:00:00.000000,1,48.73,BUY
ORCL,2024-07-10T00:00:00.000000,0,48.73,SELL
ORCL,2024-07-11T00:00:00.000000,0,46.09,SELL
ORCL,2024-07-12T00:00:00.000000,0,46.09,SELL
ORCL,2024-07-15T00:00:00.000000,0,42.94,SELL
ORCL,2024-07-16T00:00:00.000000,0,42.94,SELL
ORCL,2024-07-17T00:00:00.000000,0,42.94,SELL
ORCL,2024-07-18T00:00:00.000000,0,40.0,SELL
ORCL,2024-07-19T00:00:00.000000,0,42.94,SELL
ORCL,2024-07-22T00:00:00.000000,0,42.94,SELL
ORCL,2024-07-23T00:00:00.000000,0,42.94,SELL
ORCL,2024-07-24T00:00:00.000000,0,46.09,SELL
ORCL,2024-07-25T00:00:00.000000,0,48.73,SELL
ORCL,2024-07-26T00:00:00.000000,1,48.73,BUY
ORCL,2024-07-29T00:00:00.000000,1,48.73,BUY
ORCL,2024-07-30T00:00:00.000000,1,48.73,BUY
ORCL,2024-07-31T00:00:00.000000,0,48.73,SELL
ORCL,2024-08-01T00:00:00.000000,1,48.73,BUY
ORCL,2024-08-02T00:00:00.000000,1,48.73,BUY
ORCL,2024-08-05T00:00:00.000000,1,48.73,BUY
ORCL,2024-08-06T00:00:00.000000,0,48.73,SELL
ORCL,2024-08-07T00:00:00.000000,0,46.09,SELL
ORCL,2024-08-08T00:00:00.000000,0,42.94,SELL
ORCL,2024-08-09T00:00:00.000000,0,42.94,SELL
ORCL,2024-08-12T00:00:00.000000,0,42.94,SELL
ORCL,2024-08-13T00:00:00.000000,0,42.94,SELL
ORCL,2024-08-14T00:00:00.000000,0,42.94,SELL
ORCL,2024-08-15T00:00:00.000000,0,39.62,SELL
ORCL,2024-08-16T00:00:00.000000,0,39.62,SELL
ORCL,2024-08-19T00:00:00.000000,0,39.62,SELL
ORCL,2024-08-20T00:00:00.000000,0,39.62,SELL
ORCL,2024-08-21T00:00:00.000000,0,39.62,SELL
ORCL,2024-08-22T00:00:00.000000,0,39.62,SELL
ORCL,2024-08-23T00:00:00.000000,0,42.94,SELL
ORCL,2024-08-26T00:00:00.000000,0,42.94,SELL
ORCL,2024-08-27T00:00:00.000000,0,42.94,SELL
ORCL,2024-08-28T00:00:00.000000,0,42.94,SELL
ORCL,2024-08-29T00:00:00.000000,0,42.94,SELL
ORCL,2024-08-30T00:00:00.000000,0,42.94,SELL
ORCL,2024-09-03T00:00:00.000000,0,46.09,SELL
ORCL,2024-09-04T00:00:00.000000,0,48.73,SELL
ORCL,2024-09-05T00:00:00.000000,1,48.73,BUY
ORCL,2024-09-06T00:00:00.000000,1,48.73,BUY
ORCL,2024-09-09T00:00:00.000000,1,50.44,BUY
ORCL,2024-09-10T00:00:00.000000,1,50.44,BUY
ORCL,2024-09-11T00:00:00.000000,1,50.44,BUY
ORCL,2024-09-12T00:00:00.000000,1,50.44,BUY
ORCL,2024-09-13T00:00:00.000000,1,50.44,BUY
ORCL,2024-09-16T00:00:00.000000,1,50.44,BUY
ORCL,2024-09-17T00:00:00.000000,1,50.44,BUY
ORCL,2024-09-18T00:00:00.000000,1,50.44,BUY
ORCL,2024-09-19T00:00:00.000000,1,50.44,BUY
ORCL,2024-09-20T00:00:00.000000,1,48.73,BUY
ORCL,2024-09-23T00:00:00.000000,0,48.73,SELL
ORCL,2024-09-24T00:00:00.000000,0,46.09,SELL
ORCL,2024-09-25T00:00:00.000000,0,42.94,SELL
ORCL,2024-09-26T00:00:00.000000,0,42.94,SELL
ORCL,2024-09-27T00:00:00.000000,0,42.94,SELL
ORCL,2024-09-30T00:00:00.000000,0,42.94,SELL
ORCL,2024-10-01T00:00:00.000000,0,42.94,SELL
ORCL,2024-10-02T00:00:00.000000,0,42.94,SELL
ORCL,2024-10-03T00:00:00.000000,0,42.94,SELL
ORCL,2024-10-04T00:00:00.000000,0,42.94,SELL
ORCL,2024-10-07T00:00:00.000000,0,42.94,SELL
ORCL,2024-10-08T00:00:00.000000,0,42.94,SELL
ORCL,2024-10-09T00:00:00.000000,0,42.94,SELL
ORCL,2024-10-10T00:00:00.000000,0,42.94,SELL
ORCL,2024-10-11T00:00:00.000000,0,42.94,SELL
ORCL,2024-10-14T00:00:00.000000,0,42.94,SELL
ORCL,2024-10-15T00:00:00.000000,0,42.94,SELL
ORCL,2024-10-16T00:00:00.000000,0,42.94,SELL
ORCL,2024-10-17T00:00:00.000000,0,42.94,SELL
ORCL,2024-10-18T00:00:00.000000,0,42.94,SELL
ORCL,2024-10-21T00:00:00.000000,0,46.09,SELL
ORCL,2024-10-22T00:00:00.000000,0,46.09,SELL
ORCL,2024-10-23T00:00:00.000000,0,48.73,SELL
ORCL,2024-10-24T00:00:00.000000,0,48.73,SELL
ORCL,2024-10-25T00:00:00.000000,0,48.73,SELL
ORCL,2024-10-28T00:00:00.000000,0,48.73,SELL
ORCL,2024-10-29T00:00:00.000000,0,48.73,SELL
ORCL,2024-10-30T00:00:00.000000,0,48.73,SELL
ORCL,2024-10-31T00:00:00.000000,0,48.73,SELL
ORCL,2024-11-01T00:00:00.000000,0,48.73,SELL
ORCL,2024-11-04T00:00:00.000000,1,48.73,BUY
ORCL,2024-11-05T00:00:00.000000,1,48.73,BUY
ORCL,2024-11-06T00:00:00.000000,0,48.73,SELL
ORCL,2024-11-07T00:00:00.000000,0,46.09,SELL
ORCL,2024-11-08T00:00:00.000000,0,42.94,SELL
ORCL,2024-11-11T00:00:00.000000,0,42.94,SELL
ORCL,2024-11-12T00:00:00.000000,0,42.94,SELL
ORCL,2024-11-13T00:00:00.000000,0,46.09,SELL
ORCL,2024-11-14T00:00:00.000000,0,46.09,SELL
ORCL,2024-11-15T00:00:00.000000,0,46.09,SELL
ORCL,2024-11-18T00:00:00.000000,0,42.94,SELL
ORCL,2024-11-19T00:00:00.000000,0,42.94,SELL
ORCL,2024-11-20T00:00:00.000000,0,42.94,SELL
ORCL,2024-11-21T00:00:00.000000,0,42.94,SELL
ORCL,2024-11-22T00:00:00.000000,0,42.94,SELL
ORCL,2024-11-25T00:00:00.000000,0,42.94,SELL
ORCL,2024-11-26T00:00:00.000000,0,46.09,SELL
ORCL,2024-11-27T00:00:00.000000,0,46.09,SELL
ORCL,2024-11-29T00:00:00.000000,0,46.09,SELL
ORCL,2024-12-02T00:00:00.000000,0,46.09,SELL
ORCL,2024-12-03T00:00:00.000000,0,46.09,SELL
ORCL,2024-12-04T00:00:00.000000,0,46.09,SELL
ORCL,2024-12-05T00:00:00.000000,0,46.09,SELL
ORCL,2024-12-06T00:00:00.000000,0,42.94,SELL
ORCL,2024-12-09T00:00:00.000000,0,42.94,SELL
ORCL,2024-12-10T00:00:00.000000,0,42.94,SELL
ORCL,2024-12-11T00:00:00.000000,0,42.94,SELL
ORCL,2024-12-12T00:00:00.000000,0,42.94,SELL
ORCL,2024-12-13T00:00:00.000000,0,42.94,SELL
ORCL,2024-12-16T00:00:00.000000,0,46.09,SELL
ORCL,2024-12-17T00:00:00.000000,0,48.73,SELL
ORCL,2024-12-18T00:00:00.000000,1,48.73,BUY
ORCL,2024-12-19T00:00:00.000000,1,48.73,BUY
ORCL,2024-12-20T00:00:00.000000,1,48.73,BUY
OXY,2023-02-21T00:00:00.000000,0,42.94,SELL
OXY,2023-02-22T00:00:00.000000,0,46.09,SELL
OXY,2023-02-23T00:00:00.000000,0,48.73,SELL
OXY,2023-02-24T00:00:00.000000,1,48.73,BUY
OXY,2023-02-27T00:00:00.000000,1,48.73,BUY
OXY,2023-02-28T00:00:00.000000,1,48.73,BUY
OXY,2023-03-01T00:00:00.000000,1,50.44,BUY
OXY,2023-03-02T00:00:00.000000,1,50.44,BUY
OXY,2023-03-03T00:00:00.000000,1,50.44,BUY
OXY,2023-03-06T00:00:00.000000,1,50.44,BUY
OXY,2023-03-07T00:00:00.000000,1,48.73,BUY
OXY,2023-03-08T00:00:00.000000,1,48.73,BUY
OXY,2023-03-09T00:00:00.000000,1,48.73,BUY
OXY,2023-03-10T00:00:00.000000,1,48.73,BUY
OXY,2023-03-13T00:00:00.000000,1,48.73,BUY
OXY,2023-03-14T00:00:00.000000,1,48.73,BUY
OXY,2023-03-15T00:00:00.000000,1,48.73,BUY
OXY,2023-03-16T00:00:00.000000,1,48.73,BUY
OXY,2023-03-17T00:00:00.000000,1,50.44,BUY
OXY,2023-03-20T00:00:00.000000,1,50.44,BUY
OXY,2023-03-21T00:00:00.000000,1,50.44,BUY
OXY,2023-03-22T00:00:00.000000,1,50.44,BUY
OXY,2023-03-23T00:00:00.000000,1,50.44,BUY
OXY,2023-03-24T00:00:00.000000,1,50.44,BUY
OXY,2023-03-27T00:00:00.000000,1,48.73,BUY
OXY,2023-03-28T00:00:00.000000,0,46.09,SELL
OXY,2023-03-29T00:00:00.000000,0,46.09,SELL
OXY,2023-03-30T00:00:00.000000,0,48.73,SELL
OXY,2023-03-31T00:00:00.000000,1,48.73,BUY
OXY,2023-04-03T00:00:00.000000,1,48.73,BUY
OXY,2023-04-04T00:00:00.000000,1,48.73,BUY
OXY,2023-04-05T00:00:00.000000,1,48.73,BUY
OXY,2023-04-06T00:00:00.000000,1,48.73,BUY
OXY,2023-04-10T00:00:00.000000,1,48.73,BUY
OXY,2023-04-11T00:00:00.000000,1,48.73,BUY
OXY,2023-04-12T00:00:00.000000,0,48.73,SELL
OXY,2023-04-13T00:00:00.000000,0,46.09,SELL
OXY,2023-04-14T00:00:00.000000,0,46.09,SELL
OXY,2023-04-17T00:00:00.000000,0,46.09,SELL
OXY,2023-04-18T00:00:00.000000,0,42.94,SELL
OXY,2023-04-19T00:00:00.000000,0,42.94,SELL
OXY,2023-04-20T00:00:00.000000,0,42.94,SELL
OXY,2023-04-21T00:00:00.000000,0,42.94,SELL
OXY,2023-04-24T00:00:00.000000,0,42.94,SELL
OXY,2023-04-25T00:00:00.000000,0,42.94,SELL
OXY,2023-04-26T00:00:00.000000,0,42.94,SELL
OXY,2023-04-27T00:00:00.000000,0,42.94,SELL
OXY,2023-04-28T00:00:00.000000,0,42.94,SELL
OXY,2023-05-01T00:00:00.000000,0,42.94,SELL
OXY,2023-05-02T00:00:00.000000,0,42.94,SELL
OXY,2023-05-03T00:00:00.000000,0,42.94,SELL
OXY,2023-05-04T00:00:00.000000,0,46.09,SELL
OXY,2023-05-05T00:00:00.000000,0,48.73,SELL
OXY,2023-05-08T00:00:00.000000,0,48.73,SELL
OXY,2023-05-09T00:00:00.000000,0,48.73,SELL
OXY,2023-05-10T00:00:00.000000,0,48.73,SELL
OXY,2023-05-11T00:00:00.000000,0,46.09,SELL
OXY,2023-05-12T00:00:00.000000,0,42.94,SELL
OXY,2023-05-15T00:00:00.000000,0,42.94,SELL
OXY,2023-05-16T00:00:00.000000,0,42.94,SELL
OXY,2023-05-17T00:00:00.000000,0,42.94,SELL
OXY,2023-05-18T00:00:00.000000,0,46.09,SELL
OXY,2023-05-19T00:00:00.000000,0,46.09,SELL
OXY,2023-05-22T00:00:00.000000,0,46.09,SELL
OXY,2023-05-23T00:00:00.000000,0,42.94,SELL
OXY,2023-05-24T00:00:00.000000,0,42.94,SELL
OXY,2023-05-25T00:00:00.000000,0,46.09,SELL
OXY,2023-05-26T00:00:00.000000,0,46.09,SELL
OXY,2023-05-30T00:00:00.000000,0,46.09,SELL
OXY,2023-05-31T00:00:00.000000,0,46.09,SELL
OXY,2023-06-01T00:00:00.000000,0,46.09,SELL
OXY,2023-06-02T00:00:00.000000,0,42.94,SELL
OXY,2023-06-05T00:00:00.000000,0,42.94,SELL
OXY,2023-06-06T00:00:00.000000,0,42.94,SELL
OXY,2023-06-07T00:00:00.000000,0,42.94,SELL
OXY,2023-06-08T00:00:00.000000,0,42.94,SELL
OXY,2023-06-09T00:00:00.000000,0,39.62,SELL
OXY,2023-06-12T00:00:00.000000,0,39.62,SELL
OXY,2023-06-13T00:00:00.000000,0,39.62,SELL
OXY,2023-06-14T00:00:00.000000,0,39.62,SELL
OXY,2023-06-15T00:00:00.000000,0,39.62,SELL
OXY,2023-06-16T00:00:00.000000,0,42.94,SELL
OXY,2023-06-20T00:00:00.000000,0,42.94,SELL
OXY,2023-06-21T00:00:00.000000,0,42.94,SELL
OXY,2023-06-22T00:00:00.000000,0,42.94,SELL
OXY,2023-06-23T00:00:00.000000,0,42.94,SELL
OXY,2023-06-26T00:00:00.000000,0,42.94,SELL
OXY,2023-06-27T00:00:00.000000,0,42.94,SELL
OXY,2023-06-28T00:00:00.000000,0,42.94,SELL
OXY,2023-06-29T00:00:00.000000,0,42.94,SELL
OXY,2023-06-30T00:00:00.000000,0,42.94,SELL
OXY,2023-07-03T00:00:00.000000,0,42.94,SELL
OXY,2023-07-05T00:00:00.000000,0,42.94,SELL
OXY,2023-07-06T00:00:00.000000,0,42.94,SELL
OXY,2023-07-07T00:00:00.000000,0,42.94,SELL
OXY,2023-07-10T00:00:00.000000,0,42.94,SELL
OXY,2023-07-11T00:00:00.000000,0,42.94,SELL
OXY,2023-07-12T00:00:00.000000,0,42.94,SELL
OXY,2023-07-13T00:00:00.000000,0,42.94,SELL
OXY,2023-07-14T00:00:00.000000,0,42.94,SELL
OXY,2023-07-17T00:00:00.000000,0,42.94,SELL
OXY,2023-07-18T00:00:00.000000,0,42.94,SELL
OXY,2023-07-19T00:00:00.000000,0,42.94,SELL
OXY,2023-07-20T00:00:00.000000,0,42.94,SELL
OXY,2023-07-21T00:00:00.000000,0,42.94,SELL
OXY,2023-07-24T00:00:00.000000,0,39.62,SELL
OXY,2023-07-25T00:00:00.000000,0,39.62,SELL
OXY,2023-07-26T00:00:00.000000,0,42.94,SELL
OXY,2023-07-27T00:00:00.000000,0,42.94,SELL
OXY,2023-07-28T00:00:00.000000,0,42.94,SELL
OXY,2023-07-31T00:00:00.000000,0,42.94,SELL
OXY,2023-08-01T00:00:00.000000,0,42.94,SELL
OXY,2023-08-02T00:00:00.000000,0,42.94,SELL
OXY,2023-08-03T00:00:00.000000,0,42.94,SELL
OXY,2023-08-04T00:00:00.000000,0,42.94,SELL
OXY,2023-08-07T00:00:00.000000,0,42.94,SELL
OXY,2023-08-08T00:00:00.000000,0,46.09,SELL
OXY,2023-08-09T00:00:00.000000,0,46.09,SELL
OXY,2023-08-10T00:00:00.000000,0,48.73,SELL
OXY,2023-08-11T00:00:00.000000,1,48.73,BUY
OXY,2023-08-14T00:00:00.000000,1,48.73,BUY
OXY,2023-08-15T00:00:00.000000,1,50.44,BUY
OXY,2023-08-16T00:00:00.000000,1,50.44,BUY
OXY,2023-08-17T00:00:00.000000,1,50.44,BUY
OXY,2023-08-18T00:00:00.000000,1,50.44,BUY
OXY,2023-08-21T00:00:00.000000,1,50.44,BUY
OXY,2023-08-22T00:00:00.000000,1,50.44,BUY
OXY,2023-08-23T00:00:00.000000,1,50.69,BUY
OXY,2023-08-24T00:00:00.000000,1,50.69,BUY
OXY,2023-08-25T00:00:00.000000,1,50.69,BUY
OXY,2023-08-28T00:00:00.000000,1,50.69,BUY
OXY,2023-08-29T00:00:00.000000,1,50.69,BUY
OXY,2023-08-30T00:00:00.000000,1,50.44,BUY
OXY,2023-08-31T00:00:00.000000,1,48.73,BUY
OXY,2023-09-01T00:00:00.000000,0,48.73,SELL
OXY,2023-09-05T00:00:00.000000,0,46.09,SELL
OXY,2023-09-06T00:00:00.000000,0,46.09,SELL
OXY,2023-09-07T00:00:00.000000,0,46.09,SELL
OXY,2023-09-08T00:00:00.000000,0,46.09,SELL
OXY,2023-09-11T00:00:00.000000,0,48.73,SELL
OXY,2023-09-12T00:00:00.000000,0,48.73,SELL
OXY,2023-09-13T00:00:00.000000,0,48.73,SELL
OXY,2023-09-14T00:00:00.000000,0,48.73,SELL
OXY,2023-09-15T00:00:00.000000,0,48.73,SELL
OXY,2023-09-18T00:00:00.000000,0,48.73,SELL
OXY,2023-09-19T00:00:00.000000,1,48.73,BUY
OXY,2023-09-20T00:00:00.000000,1,48.73,BUY
OXY,2023-09-21T00:00:00.000000,1,48.73,BUY
OXY,2023-09-22T00:00:00.000000,1,48.73,BUY
OXY,2023-09-25T00:00:00.000000,1,48.73,BUY
OXY,2023-09-26T00:00:00.000000,1,48.73,BUY
OXY,2023-09-27T00:00:00.000000,1,48.73,BUY
OXY,2023-09-28T00:00:00.000000,1,50.44,BUY
OXY,2023-09-29T00:00:00.000000,1,50.44,BUY
OXY,2023-10-02T00:00:00.000000,1,50.44,BUY
OXY,2023-10-03T00:00:00.000000,1,50.44,BUY
OXY,2023-10-04T00:00:00.000000,1,50.44,BUY
OXY,2023-10-05T00:00:00.000000,1,48.73,BUY
OXY,2023-10-06T00:00:00.000000,1,48.73,BUY
OXY,2023-10-09T00:00:00.000000,1,48.73,BUY
OXY,2023-10-10T00:00:00.000000,1,48.73,BUY
OXY,2023-10-11T00:00:00.000000,1,48.73,BUY
OXY,2023-10-12T00:00:00.000000,0,48.73,SELL
OXY,2023-10-13T00:00:00.000000,0,46.09,SELL
OXY,2023-10-16T00:00:00.000000,0,46.09,SELL
OXY,2023-10-17T00:00:00.000000,0,42.94,SELL
OXY,2023-10-18T00:00:00.000000,0,42.94,SELL
OXY,2023-10-19T00:00:00.000000,0,42.94,SELL
OXY,2023-10-20T00:00:00.000000,0,48.73,SELL
OXY,2023-10-23T00:00:00.000000,1,48.73,BUY
OXY,2023-10-24T00:00:00.000000,1,50.44,BUY
OXY,2023-10-25T00:00:00.000000,1,50.44,BUY
OXY,2023-10-26T00:00:00.000000,1,50.44,BUY
OXY,2023-10-27T00:00:00.000000,1,50.69,BUY
OXY,2023-10-30T00:00:00.000000,1,50.69,BUY
OXY,2023-10-31T00:00:00.000000,1,50.69,BUY
OXY,2023-11-01T00:00:00.000000,1,50.69,BUY
OXY,2023-11-02T00:00:00.000000,1,50.69,BUY
OXY,2023-11-03T00:00:00.000000,1,50.69,BUY
OXY,2023-11-06T00:00:00.000000,1,50.44,BUY
OXY,2023-11-07T00:00:00.000000,1,50.44,BUY
OXY,2023-11-08T00:00:00.000000,1,48.73,BUY
OXY,2023-11-09T00:00:00.000000,1,48.73,BUY
OXY,2023-11-10T00:00:00.000000,0,46.09,SELL
OXY,2023-11-13T00:00:00.000000,0,42.94,SELL
OXY,2023-11-14T00:00:00.000000,0,39.62,SELL
OXY,2023-11-15T00:00:00.000000,0,39.62,SELL
OXY,2023-11-16T00:00:00.000000,0,39.62,SELL
OXY,2023-11-17T00:00:00.000000,0,39.62,SELL
OXY,2023-11-20T00:00:00.000000,0,39.62,SELL
OXY,2023-11-21T00:00:00.000000,0,39.62,SELL
OXY,2023-11-22T00:00:00.000000,0,39.62,SELL
OXY,2023-11-24T00:00:00.000000,0,39.62,SELL
OXY,2023-11-27T00:00:00.000000,0,39.62,SELL
OXY,2023-11-28T00:00:00.000000,0,39.62,SELL
OXY,2023-11-29T00:00:00.000000,0,39.62,SELL
OXY,2023-11-30T00:00:00.000000,0,39.62,SELL
OXY,2023-12-01T00:00:00.000000,0,39.62,SELL
OXY,2023-12-04T00:00:00.000000,0,39.62,SELL
OXY,2023-12-05T00:00:00.000000,0,39.62,SELL
OXY,2023-12-06T00:00:00.000000,0,39.62,SELL
OXY,2023-12-07T00:00:00.000000,0,39.62,SELL
OXY,2023-12-08T00:00:00.000000,0,39.62,SELL
OXY,2023-12-11T00:00:00.000000,0,39.62,SELL
OXY,2023-12-12T00:00:00.000000,0,39.62,SELL
OXY,2023-12-13T00:00:00.000000,0,39.62,SELL
OXY,2023-12-14T00:00:00.000000,0,39.62,SELL
OXY,2023-12-15T00:00:00.000000,0,39.62,SELL
OXY,2023-12-18T00:00:00.000000,0,39.62,SELL
OXY,2023-12-19T00:00:00.000000,0,39.62,SELL
OXY,2023-12-20T00:00:00.000000,0,39.62,SELL
OXY,2023-12-21T00:00:00.000000,0,39.62,SELL
OXY,2023-12-22T00:00:00.000000,0,39.62,SELL
OXY,2023-12-26T00:00:00.000000,0,39.62,SELL
OXY,2023-12-27T00:00:00.000000,0,39.62,SELL
OXY,2023-12-28T00:00:00.000000,0,39.62,SELL
OXY,2023-12-29T00:00:00.000000,0,39.62,SELL
OXY,2024-01-02T00:00:00.000000,0,39.62,SELL
OXY,2024-01-03T00:00:00.000000,0,39.62,SELL
OXY,2024-01-04T00:00:00.000000,0,39.62,SELL
OXY,2024-01-05T00:00:00.000000,0,39.62,SELL
OXY,2024-01-08T00:00:00.000000,0,39.62,SELL
OXY,2024-01-09T00:00:00.000000,0,39.62,SELL
OXY,2024-01-10T00:00:00.000000,0,39.62,SELL
OXY,2024-01-11T00:00:00.000000,0,39.62,SELL
OXY,2024-01-12T00:00:00.000000,0,39.62,SELL
OXY,2024-01-16T00:00:00.000000,0,39.62,SELL
OXY,2024-01-17T00:00:00.000000,0,39.62,SELL
OXY,2024-01-18T00:00:00.000000,0,39.62,SELL
OXY,2024-01-19T00:00:00.000000,0,39.62,SELL
OXY,2024-01-22T00:00:00.000000,0,39.62,SELL
OXY,2024-01-23T00:00:00.000000,0,39.62,SELL
OXY,2024-01-24T00:00:00.000000,0,39.62,SELL
OXY,2024-01-25T00:00:00.000000,0,39.62,SELL
OXY,2024-01-26T00:00:00.000000,0,39.62,SELL
OXY,2024-01-29T00:00:00.000000,0,39.62,SELL
OXY,2024-01-30T00:00:00.000000,0,39.62,SELL
OXY,2024-01-31T00:00:00.000000,0,39.62,SELL
OXY,2024-02-01T00:00:00.000000,0,39.62,SELL
OXY,2024-02-02T00:00:00.000000,0,39.62,SELL
OXY,2024-02-05T00:00:00.000000,0,39.62,SELL
OXY,2024-02-06T00:00:00.000000,0,42.94,SELL
OXY,2024-02-07T00:00:00.000000,0,42.94,SELL
OXY,2024-02-08T00:00:00.000000,0,42.94,SELL
OXY,2024-02-09T00:00:00.000000,0,46.09,SELL
OXY,2024-02-12T00:00:00.000000,0,48.73,SELL
OXY,2024-02-13T00:00:00.000000,1,48.73,BUY
OXY,2024-02-14T00:00:00.000000,1,48.73,BUY
OXY,2024-02-15T00:00:00.000000,1,48.73,BUY
OXY,2024-02-16T00:00:00.000000,1,48.73,BUY
OXY,2024-02-20T00:00:00.000000,0,48.73,SELL
OXY,2024-02-21T00:00:00.000000,0,48.73,SELL
OXY,2024-02-22T00:00:00.000000,0,46.09,SELL
OXY,2024-02-23T00:00:00.000000,0,48.73,SELL
OXY,2024-02-26T00:00:00.000000,0,48.73,SELL
OXY,2024-02-27T00:00:00.000000,0,48.73,SELL
OXY,2024-02-28T00:00:00.000000,0,48.73,SELL
OXY,2024-02-29T00:00:00.000000,0,48.73,SELL
OXY,2024-03-01T00:00:00.000000,0,46.09,SELL
OXY,2024-03-04T00:00:00.000000,0,46.09,SELL
OXY,2024-03-05T00:00:00.000000,0,46.09,SELL
OXY,2024-03-06T00:00:00.000000,0,46.09,SELL
OXY,2024-03-07T00:00:00.000000,0,46.09,SELL
OXY,2024-03-08T00:00:00.000000,0,46.09,SELL
OXY,2024-03-11T00:00:00.000000,0,46.09,SELL
OXY,2024-03-12T00:00:00.000000,0,46.09,SELL
OXY,2024-03-13T00:00:00.000000,0,46.09,SELL
OXY,2024-03-14T00:00:00.000000,0,46.09,SELL
OXY,2024-03-15T00:00:00.000000,0,46.09,SELL
OXY,2024-03-18T00:00:00.000000,0,46.09,SELL
OXY,2024-03-19T00:00:00.000000,0,46.09,SELL
OXY,2024-03-20T00:00:00.000000,0,48.73,SELL
OXY,2024-03-21T00:00:00.000000,0,48.73,SELL
OXY,2024-03-22T00:00:00.000000,0,48.73,SELL
OXY,2024-03-25T00:00:00.000000,0,46.09,SELL
OXY,2024-03-26T00:00:00.000000,0,46.09,SELL
OXY,2024-03-27T00:00:00.000000,0,46.09,SELL
OXY,2024-03-28T00:00:00.000000,0,46.09,SELL
OXY,2024-04-01T00:00:00.000000,0,42.94,SELL
OXY,2024-04-02T00:00:00.000000,0,42.94,SELL
OXY,2024-04-03T00:00:00.000000,0,46.09,SELL
OXY,2024-04-04T00:00:00.000000,0,46.09,SELL
OXY,2024-04-05T00:00:00.000000,1,48.73,BUY
OXY,2024-04-08T00:00:00.000000,1,48.73,BUY
OXY,2024-04-09T00:00:00.000000,1,48.73,BUY
OXY,2024-04-10T00:00:00.000000,1,48.73,BUY
OXY,2024-04-11T00:00:00.000000,1,50.44,BUY
OXY,2024-04-12T00:00:00.000000,1,50.44,BUY
OXY,2024-04-15T00:00:00.000000,1,50.44,BUY
OXY,2024-04-16T00:00:00.000000,1,50.44,BUY
OXY,2024-04-17T00:00:00.000000,1,50.44,BUY
OXY,2024-04-18T00:00:00.000000,1,50.44,BUY
OXY,2024-04-19T00:00:00.000000,1,50.44,BUY
OXY,2024-04-22T00:00:00.000000,1,50.44,BUY
OXY,2024-04-23T00:00:00.000000,1,50.44,BUY
OXY,2024-04-24T00:00:00.000000,1,50.44,BUY
OXY,2024-04-25T00:00:00.000000,1,50.44,BUY
OXY,2024-04-26T00:00:00.000000,1,50.44,BUY
OXY,2024-04-29T00:00:00.000000,1,50.44,BUY
OXY,2024-04-30T00:00:00.000000,1,48.73,BUY
OXY,2024-05-01T00:00:00.000000,1,48.73,BUY
OXY,2024-05-02T00:00:00.000000,0,48.73,SELL
OXY,2024-05-03T00:00:00.000000,0,46.09,SELL
OXY,2024-05-06T00:00:00.000000,0,46.09,SELL
OXY,2024-05-07T00:00:00.000000,0,46.09,SELL
OXY,2024-05-08T00:00:00.000000,0,46.09,SELL
OXY,2024-05-09T00:00:00.000000,0,42.94,SELL
OXY,2024-05-10T00:00:00.000000,0,39.62,SELL
OXY,2024-05-13T00:00:00.000000,0,39.62,SELL
OXY,2024-05-14T00:00:00.000000,0,39.62,SELL
OXY,2024-05-15T00:00:00.000000,0,39.62,SELL
OXY,2024-05-16T00:00:00.000000,0,39.62,SELL
OXY,2024-05-17T00:00:00.000000,0,39.62,SELL
OXY,2024-05-20T00:00:00.000000,0,39.62,SELL
OXY,2024-05-21T00:00:00.000000,0,39.62,SELL
OXY,2024-05-22T00:00:00.000000,0,39.62,SELL
OXY,2024-05-23T00:00:00.000000,0,39.62,SELL
OXY,2024-05-24T00:00:00.000000,0,39.62,SELL
OXY,2024-05-28T00:00:00.000000,0,39.62,SELL
OXY,2024-05-29T00:00:00.000000,0,39.62,SELL
OXY,2024-05-30T00:00:00.000000,0,40.0,SELL
OXY,2024-05-31T00:00:00.000000,0,42.94,SELL
OXY,2024-06-03T00:00:00.000000,0,42.94,SELL
OXY,2024-06-04T00:00:00.000000,0,42.94,SELL
OXY,2024-06-05T00:00:00.000000,0,42.94,SELL
OXY,2024-06-06T00:00:00.000000,0,42.94,SELL
OXY,2024-06-07T00:00:00.000000,0,39.62,SELL
OXY,2024-06-10T00:00:00.000000,0,39.62,SELL
OXY,2024-06-11T00:00:00.000000,0,42.94,SELL
OXY,2024-06-12T00:00:00.000000,0,42.94,SELL
OXY,2024-06-13T00:00:00.000000,0,42.94,SELL
OXY,2024-06-14T00:00:00.000000,0,42.94,SELL
OXY,2024-06-17T00:00:00.000000,0,42.94,SELL
OXY,2024-06-18T00:00:00.000000,0,42.94,SELL
OXY,2024-06-20T00:00:00.000000,0,46.09,SELL
OXY,2024-06-21T00:00:00.000000,0,48.73,SELL
OXY,2024-06-24T00:00:00.000000,1,48.73,BUY
OXY,2024-06-25T00:00:00.000000,1,48.73,BUY
OXY,2024-06-26T00:00:00.000000,1,48.73,BUY
OXY,2024-06-27T00:00:00.000000,1,48.73,BUY
OXY,2024-06-28T00:00:00.000000,1,48.73,BUY
OXY,2024-07-01T00:00:00.000000,1,48.73,BUY
OXY,2024-07-02T00:00:00.000000,1,48.73,BUY
OXY,2024-07-03T00:00:00.000000,1,50.44,BUY
OXY,2024-07-05T00:00:00.000000,1,50.44,BUY
OXY,2024-07-08T00:00:00.000000,1,48.73,BUY
OXY,2024-07-09T00:00:00.000000,1,48.73,BUY
OXY,2024-07-10T00:00:00.000000,1,48.73,BUY
OXY,2024-07-11T00:00:00.000000,0,48.73,SELL
OXY,2024-07-12T00:00:00.000000,0,42.94,SELL
OXY,2024-07-15T00:00:00.000000,0,42.94,SELL
OXY,2024-07-16T00:00:00.000000,0,39.62,SELL
OXY,2024-07-17T00:00:00.000000,0,39.62,SELL
OXY,2024-07-18T00:00:00.000000,0,39.62,SELL
OXY,2024-07-19T00:00:00.000000,0,39.62,SELL
OXY,2024-07-22T00:00:00.000000,0,39.62,SELL
OXY,2024-07-23T00:00:00.000000,0,42.94,SELL
OXY,2024-07-24T00:00:00.000000,0,46.09,SELL
OXY,2024-07-25T00:00:00.000000,0,46.09,SELL
OXY,2024-07-26T00:00:00.000000,0,46.09,SELL
OXY,2024-07-29T00:00:00.000000,0,46.09,SELL
OXY,2024-07-30T00:00:00.000000,0,46.09,SELL
OXY,2024-07-31T00:00:00.000000,0,48.73,SELL
OXY,2024-08-01T00:00:00.000000,1,48.73,BUY
OXY,2024-08-02T00:00:00.000000,1,48.73,BUY
OXY,2024-08-05T00:00:00.000000,0,48.73,SELL
OXY,2024-08-06T00:00:00.000000,0,42.94,SELL
OXY,2024-08-07T00:00:00.000000,0,39.62,SELL
OXY,2024-08-08T00:00:00.000000,0,39.62,SELL
OXY,2024-08-09T00:00:00.000000,0,39.62,SELL
OXY,2024-08-12T00:00:00.000000,0,39.62,SELL
OXY,2024-08-13T00:00:00.000000,0,39.62,SELL
OXY,2024-08-14T00:00:00.000000,0,40.0,SELL
OXY,2024-08-15T00:00:00.000000,0,39.62,SELL
OXY,2024-08-16T00:00:00.000000,0,39.62,SELL
OXY,2024-08-19T00:00:00.000000,0,39.62,SELL
OXY,2024-08-20T00:00:00.000000,0,39.62,SELL
OXY,2024-08-21T00:00:00.000000,0,39.62,SELL
OXY,2024-08-22T00:00:00.000000,0,42.94,SELL
OXY,2024-08-23T00:00:00.000000,0,42.94,SELL
OXY,2024-08-26T00:00:00.000000,0,42.94,SELL
OXY,2024-08-27T00:00:00.000000,0,39.62,SELL
OXY,2024-08-28T00:00:00.000000,0,39.62,SELL
OXY,2024-08-29T00:00:00.000000,0,39.62,SELL
OXY,2024-08-30T00:00:00.000000,0,39.62,SELL
OXY,2024-09-03T00:00:00.000000,0,39.62,SELL
OXY,2024-09-04T00:00:00.000000,0,40.0,SELL
OXY,2024-09-05T00:00:00.000000,0,42.94,SELL
OXY,2024-09-06T00:00:00.000000,0,42.94,SELL
OXY,2024-09-09T00:00:00.000000,0,42.94,SELL
OXY,2024-09-10T00:00:00.000000,0,46.09,SELL
OXY,2024-09-11T00:00:00.000000,0,42.94,SELL
OXY,2024-09-12T00:00:00.000000,0,42.94,SELL
OXY,2024-09-13T00:00:00.000000,0,42.94,SELL
OXY,2024-09-16T00:00:00.000000,0,39.62,SELL
OXY,2024-09-17T00:00:00.000000,0,39.62,SELL
OXY,2024-09-18T00:00:00.000000,0,39.62,SELL
OXY,2024-09-19T00:00:00.000000,0,39.62,SELL
OXY,2024-09-20T00:00:00.000000,0,39.62,SELL
OXY,2024-09-23T00:00:00.000000,0,39.62,SELL
OXY,2024-09-24T00:00:00.000000,0,39.62,SELL
OXY,2024-09-25T00:00:00.000000,0,39.62,SELL
OXY,2024-09-26T00:00:00.000000,0,39.62,SELL
OXY,2024-09-27T00:00:00.000000,0,39.62,SELL
OXY,2024-09-30T00:00:00.000000,0,39.62,SELL
OXY,2024-10-01T00:00:00.000000,0,39.62,SELL
OXY,2024-10-02T00:00:00.000000,0,39.62,SELL
OXY,2024-10-03T00:00:00.000000,0,39.62,SELL
OXY,2024-10-04T00:00:00.000000,0,39.62,SELL
OXY,2024-10-07T00:00:00.000000,0,39.62,SELL
OXY,2024-10-08T00:00:00.000000,0,42.94,SELL
OXY,2024-10-09T00:00:00.000000,0,42.94,SELL
OXY,2024-10-10T00:00:00.000000,0,42.94,SELL
OXY,2024-10-11T00:00:00.000000,0,46.09,SELL
OXY,2024-10-14T00:00:00.000000,0,46.09,SELL
OXY,2024-10-15T00:00:00.000000,0,46.09,SELL
OXY,2024-10-16T00:00:00.000000,0,46.09,SELL
OXY,2024-10-17T00:00:00.000000,0,48.73,SELL
OXY,2024-10-18T00:00:00.000000,0,48.73,SELL
OXY,2024-10-21T00:00:00.000000,1,48.73,BUY
OXY,2024-10-22T00:00:00.000000,1,48.73,BUY
OXY,2024-10-23T00:00:00.000000,1,48.73,BUY
OXY,2024-10-24T00:00:00.000000,1,48.73,BUY
OXY,2024-10-25T00:00:00.000000,1,48.73,BUY
OXY,2024-10-28T00:00:00.000000,0,48.73,SELL
OXY,2024-10-29T00:00:00.000000,0,48.73,SELL
OXY,2024-10-30T00:00:00.000000,0,48.73,SELL
OXY,2024-10-31T00:00:00.000000,0,48.73,SELL
OXY,2024-11-01T00:00:00.000000,1,48.73,BUY
OXY,2024-11-04T00:00:00.000000,1,48.73,BUY
OXY,2024-11-05T00:00:00.000000,1,48.73,BUY
OXY,2024-11-06T00:00:00.000000,0,48.73,SELL
OXY,2024-11-07T00:00:00.000000,0,46.09,SELL
OXY,2024-11-08T00:00:00.000000,0,42.94,SELL
OXY,2024-11-11T00:00:00.000000,0,42.94,SELL
OXY,2024-11-12T00:00:00.000000,0,39.62,SELL
OXY,2024-11-13T00:00:00.000000,0,39.62,SELL
OXY,2024-11-14T00:00:00.000000,0,39.62,SELL
OXY,2024-11-15T00:00:00.000000,0,39.62,SELL
OXY,2024-11-18T00:00:00.000000,0,39.62,SELL
OXY,2024-11-19T00:00:00.000000,0,39.62,SELL
OXY,2024-11-20T00:00:00.000000,0,39.62,SELL
OXY,2024-11-21T00:00:00.000000,0,39.62,SELL
OXY,2024-11-22T00:00:00.000000,0,39.62,SELL
OXY,2024-11-25T00:00:00.000000,0,39.62,SELL
OXY,2024-11-26T00:00:00.000000,0,42.94,SELL
OXY,2024-11-27T00:00:00.000000,0,42.94,SELL
OXY,2024-11-29T00:00:00.000000,0,46.09,SELL
OXY,2024-12-02T00:00:00.000000,0,46.09,SELL
OXY,2024-12-03T00:00:00.000000,0,45.18,SELL
OXY,2024-12-04T00:00:00.000000,0,42.94,SELL
OXY,2024-12-05T00:00:00.000000,0,42.94,SELL
OXY,2024-12-06T00:00:00.000000,0,42.94,SELL
OXY,2024-12-09T00:00:00.000000,0,42.94,SELL
OXY,2024-12-10T00:00:00.000000,0,42.94,SELL
OXY,2024-12-11T00:00:00.000000,0,42.94,SELL
OXY,2024-12-12T00:00:00.000000,0,42.94,SELL
OXY,2024-12-13T00:00:00.000000,0,42.94,SELL
OXY,2024-12-16T00:00:00.000000,0,42.94,SELL
OXY,2024-12-17T00:00:00.000000,0,42.94,SELL
OXY,2024-12-18T00:00:00.000000,0,39.62,SELL
OXY,2024-12-19T00:00:00.000000,0,39.62,SELL
OXY,2024-12-20T00:00:00.000000,0,39.62,SELL
PFE,2023-02-21T00:00:00.000000,0,48.73,SELL
PFE,2023-02-22T00:00:00.000000,1,48.73,BUY
PFE,2023-02-23T00:00:00.000000,1,50.44,BUY
PFE,2023-02-24T00:00:00.000000,1,50.44,BUY
PFE,2023-02-27T00:00:00.000000,1,50.44,BUY
PFE,2023-02-28T00:00:00.000000,1,50.69,BUY
PFE,2023-03-01T00:00:00.000000,1,50.69,BUY
PFE,2023-03-02T00:00:00.000000,1,50.69,BUY
PFE,2023-03-03T00:00:00.000000,1,50.69,BUY
PFE,2023-03-06T00:00:00.000000,1,50.44,BUY
PFE,2023-03-07T00:00:00.000000,1,50.44,BUY
PFE,2023-03-08T00:00:00.000000,1,48.73,BUY
PFE,2023-03-09T00:00:00.000000,0,46.09,SELL
PFE,2023-03-10T00:00:00.000000,0,42.94,SELL
PFE,2023-03-13T00:00:00.000000,0,42.94,SELL
PFE,2023-03-14T00:00:00.000000,0,42.94,SELL
PFE,2023-03-15T00:00:00.000000,0,46.09,SELL
PFE,2023-03-16T00:00:00.000000,0,48.73,SELL
PFE,2023-03-17T00:00:00.000000,0,48.73,SELL
PFE,2023-03-20T00:00:00.000000,1,48.73,BUY
PFE,2023-03-21T00:00:00.000000,1,48.73,BUY
PFE,2023-03-22T00:00:00.000000,1,48.73,BUY
PFE,2023-03-23T00:00:00.000000,1,48.73,BUY
PFE,2023-03-24T00:00:00.000000,0,48.73,SELL
PFE,2023-03-27T00:00:00.000000,0,46.09,SELL
PFE,2023-03-28T00:00:00.000000,0,42.94,SELL
PFE,2023-03-29T00:00:00.000000,0,42.94,SELL
PFE,2023-03-30T00:00:00.000000,0,42.94,SELL
PFE,2023-03-31T00:00:00.000000,0,46.09,SELL
PFE,2023-04-03T00:00:00.000000,0,46.09,SELL
PFE,2023-04-04T00:00:00.000000,0,46.09,SELL
PFE,2023-04-05T00:00:00.000000,0,46.09,SELL
PFE,2023-04-06T00:00:00.000000,0,46.09,SELL
PFE,2023-04-10T00:00:00.000000,0,46.09,SELL
PFE,2023-04-11T00:00:00.000000,0,46.09,SELL
PFE,2023-04-12T00:00:00.000000,0,46.09,SELL
PFE,2023-04-13T00:00:00.000000,0,46.09,SELL
PFE,2023-04-14T00:00:00.000000,0,46.09,SELL
PFE,2023-04-17T00:00:00.000000,0,46.09,SELL
PFE,2023-04-18T00:00:00.000000,0,46.09,SELL
PFE,2023-04-19T00:00:00.000000,0,46.09,SELL
PFE,2023-04-20T00:00:00.000000,0,46.09,SELL
PFE,2023-04-21T00:00:00.000000,0,46.09,SELL
PFE,2023-04-24T00:00:00.000000,0,46.09,SELL
PFE,2023-04-25T00:00:00.000000,0,42.94,SELL
PFE,2023-04-26T00:00:00.000000,0,42.94,SELL
PFE,2023-04-27T00:00:00.000000,0,42.94,SELL
PFE,2023-04-28T00:00:00.000000,0,42.94,SELL
PFE,2023-05-01T00:00:00.000000,0,42.94,SELL
PFE,2023-05-02T00:00:00.000000,0,42.94,SELL
PFE,2023-05-03T00:00:00.000000,0,42.94,SELL
PFE,2023-05-04T00:00:00.000000,0,40.0,SELL
PFE,2023-05-05T00:00:00.000000,0,42.94,SELL
PFE,2023-05-08T00:00:00.000000,0,42.94,SELL
PFE,2023-05-09T00:00:00.000000,0,39.62,SELL
PFE,2023-05-10T00:00:00.000000,0,39.62,SELL
PFE,2023-05-11T00:00:00.000000,0,39.62,SELL
PFE,2023-05-12T00:00:00.000000,0,39.62,SELL
PFE,2023-05-15T00:00:00.000000,0,39.62,SELL
PFE,2023-05-16T00:00:00.000000,0,39.62,SELL
PFE,2023-05-17T00:00:00.000000,0,39.62,SELL
PFE,2023-05-18T00:00:00.000000,0,39.62,SELL
PFE,2023-05-19T00:00:00.000000,0,42.94,SELL
PFE,2023-05-22T00:00:00.000000,0,42.94,SELL
PFE,2023-05-23T00:00:00.000000,0,46.09,SELL
PFE,2023-05-24T00:00:00.000000,0,46.09,SELL
PFE,2023-05-25T00:00:00.000000,0,48.73,SELL
PFE,2023-05-26T00:00:00.000000,1,48.73,BUY
PFE,2023-05-30T00:00:00.000000,1,48.73,BUY
PFE,2023-05-31T00:00:00.000000,1,48.73,BUY
PFE,2023-06-01T00:00:00.000000,1,48.73,BUY
PFE,2023-06-02T00:00:00.000000,1,48.73,BUY
PFE,2023-06-05T00:00:00.000000,1,50.44,BUY
PFE,2023-06-06T00:00:00.000000,1,50.44,BUY
PFE,2023-06-07T00:00:00.000000,1,50.44,BUY
PFE,2023-06-08T00:00:00.000000,1,48.73,BUY
PFE,2023-06-09T00:00:00.000000,0,46.09,SELL
PFE,2023-06-12T00:00:00.000000,0,42.94,SELL
PFE,2023-06-13T00:00:00.000000,0,42.94,SELL
PFE,2023-06-14T00:00:00.000000,0,42.94,SELL
PFE,2023-06-15T00:00:00.000000,0,46.09,SELL
PFE,2023-06-16T00:00:00.000000,0,46.09,SELL
PFE,2023-06-20T00:00:00.000000,0,46.09,SELL
PFE,2023-06-21T00:00:00.000000,0,46.09,SELL
PFE,2023-06-22T00:00:00.000000,0,42.94,SELL
PFE,2023-06-23T00:00:00.000000,0,42.94,SELL
PFE,2023-06-26T00:00:00.000000,0,46.09,SELL
PFE,2023-06-27T00:00:00.000000,0,42.94,SELL
PFE,2023-06-28T00:00:00.000000,0,42.94,SELL
PFE,2023-06-29T00:00:00.000000,0,42.94,SELL
PFE,2023-06-30T00:00:00.000000,0,42.94,SELL
PFE,2023-07-03T00:00:00.000000,0,46.09,SELL
PFE,2023-07-05T00:00:00.000000,0,46.09,SELL
PFE,2023-07-06T00:00:00.000000,0,42.94,SELL
PFE,2023-07-07T00:00:00.000000,0,42.94,SELL
PFE,2023-07-10T00:00:00.000000,0,42.94,SELL
PFE,2023-07-11T00:00:00.000000,0,42.94,SELL
PFE,2023-07-12T00:00:00.000000,0,42.94,SELL
PFE,2023-07-13T00:00:00.000000,0,42.94,SELL
PFE,2023-07-14T00:00:00.000000,0,42.94,SELL
PFE,2023-07-17T00:00:00.000000,0,42.94,SELL
PFE,2023-07-18T00:00:00.000000,0,42.94,SELL
PFE,2023-07-19T00:00:00.000000,0,42.94,SELL
PFE,2023-07-20T00:00:00.000000,0,39.62,SELL
PFE,2023-07-21T00:00:00.000000,0,39.62,SELL
PFE,2023-07-24T00:00:00.000000,0,39.62,SELL
PFE,2023-07-25T00:00:00.000000,0,39.62,SELL
PFE,2023-07-26T00:00:00.000000,0,39.62,SELL
PFE,2023-07-27T00:00:00.000000,0,40.0,SELL
PFE,2023-07-28T00:00:00.000000,0,42.94,SELL
PFE,2023-07-31T00:00:00.000000,0,42.94,SELL
PFE,2023-08-01T00:00:00.000000,0,42.94,SELL
PFE,2023-08-02T00:00:00.000000,0,42.94,SELL
PFE,2023-08-03T00:00:00.000000,0,42.94,SELL
PFE,2023-08-04T00:00:00.000000,0,42.94,SELL
PFE,2023-08-07T00:00:00.000000,0,42.94,SELL
PFE,2023-08-08T00:00:00.000000,0,42.94,SELL
PFE,2023-08-09T00:00:00.000000,0,42.94,SELL
PFE,2023-08-10T00:00:00.000000,0,42.94,SELL
PFE,2023-08-11T00:00:00.000000,0,42.94,SELL
PFE,2023-08-14T00:00:00.000000,0,42.94,SELL
PFE,2023-08-15T00:00:00.000000,0,46.09,SELL
PFE,2023-08-16T00:00:00.000000,0,46.09,SELL
PFE,2023-08-17T00:00:00.000000,0,46.09,SELL
PFE,2023-08-18T00:00:00.000000,0,46.09,SELL
PFE,2023-08-21T00:00:00.000000,0,48.73,SELL
PFE,2023-08-22T00:00:00.000000,1,48.73,BUY
PFE,2023-08-23T00:00:00.000000,1,48.73,BUY
PFE,2023-08-24T00:00:00.000000,1,48.73,BUY
PFE,2023-08-25T00:00:00.000000,1,48.73,BUY
PFE,2023-08-28T00:00:00.000000,1,48.73,BUY
PFE,2023-08-29T00:00:00.000000,1,48.73,BUY
PFE,2023-08-30T00:00:00.000000,1,48.73,BUY
PFE,2023-08-31T00:00:00.000000,1,48.73,BUY
PFE,2023-09-01T00:00:00.000000,1,48.73,BUY
PFE,2023-09-05T00:00:00.000000,0,48.73,SELL
PFE,2023-09-06T00:00:00.000000,0,46.09,SELL
PFE,2023-09-07T00:00:00.000000,0,46.09,SELL
PFE,2023-09-08T00:00:00.000000,0,46.09,SELL
PFE,2023-09-11T00:00:00.000000,0,46.09,SELL
PFE,2023-09-12T00:00:00.000000,0,42.94,SELL
PFE,2023-09-13T00:00:00.000000,0,42.94,SELL
PFE,2023-09-14T00:00:00.000000,0,42.94,SELL
PFE,2023-09-15T00:00:00.000000,0,42.94,SELL
PFE,2023-09-18T00:00:00.000000,0,42.94,SELL
PFE,2023-09-19T00:00:00.000000,0,42.94,SELL
PFE,2023-09-20T00:00:00.000000,0,39.62,SELL
PFE,2023-09-21T00:00:00.000000,0,42.94,SELL
PFE,2023-09-22T00:00:00.000000,0,42.94,SELL
PFE,2023-09-25T00:00:00.000000,0,42.94,SELL
PFE,2023-09-26T00:00:00.000000,0,42.94,SELL
PFE,2023-09-27T00:00:00.000000,0,42.94,SELL
PFE,2023-09-28T00:00:00.000000,0,46.09,SELL
PFE,2023-09-29T00:00:00.000000,0,46.09,SELL
PFE,2023-10-02T00:00:00.000000,0,48.73,SELL
PFE,2023-10-03T00:00:00.000000,1,48.73,BUY
PFE,2023-10-04T00:00:00.000000,1,48.73,BUY
PFE,2023-10-05T00:00:00.000000,1,48.73,BUY
PFE,2023-10-06T00:00:00.000000,1,50.44,BUY
PFE,2023-10-09T00:00:00.000000,1,50.44,BUY
PFE,2023-10-10T00:00:00.000000,1,50.44,BUY
PFE,2023-10-11T00:00:00.000000,1,50.44,BUY
PFE,2023-10-12T00:00:00.000000,1,50.44,BUY
PFE,2023-10-13T00:00:00.000000,1,50.44,BUY
PFE,2023-10-16T00:00:00.000000,1,50.44,BUY
PFE,2023-10-17T00:00:00.000000,1,50.44,BUY
PFE,2023-10-18T00:00:00.000000,1,48.73,BUY
PFE,2023-10-19T00:00:00.000000,1,48.73,BUY
PFE,2023-10-20T00:00:00.000000,1,48.73,BUY
PFE,2023-10-23T00:00:00.000000,1,48.73,BUY
PFE,2023-10-24T00:00:00.000000,1,48.73,BUY
PFE,2023-10-25T00:00:00.000000,1,48.73,BUY
PFE,2023-10-26T00:00:00.000000,1,50.44,BUY
PFE,2023-10-27T00:00:00.000000,1,50.44,BUY
PFE,2023-10-30T00:00:00.000000,1,50.44,BUY
PFE,2023-10-31T00:00:00.000000,1,50.44,BUY
PFE,2023-11-01T00:00:00.000000,1,50.44,BUY
PFE,2023-11-02T00:00:00.000000,1,48.73,BUY
PFE,2023-11-03T00:00:00.000000,1,48.73,BUY
PFE,2023-11-06T00:00:00.000000,1,48.73,BUY
PFE,2023-11-07T00:00:00.000000,1,48.73,BUY
PFE,2023-11-08T00:00:00.000000,0,48.73,SELL
PFE,2023-11-09T00:00:00.000000,0,46.09,SELL
PFE,2023-11-10T00:00:00.000000,0,42.94,SELL
PFE,2023-11-13T00:00:00.000000,0,42.94,SELL
PFE,2023-11-14T00:00:00.000000,0,42.94,SELL
PFE,2023-11-15T00:00:00.000000,0,39.62,SELL
PFE,2023-11-16T00:00:00.000000,0,39.62,SELL
PFE,2023-11-17T00:00:00.000000,0,39.62,SELL
PFE,2023-11-20T00:00:00.000000,0,39.62,SELL
PFE,2023-11-21T00:00:00.000000,0,39.62,SELL
PFE,2023-11-22T00:00:00.000000,0,39.62,SELL
PFE,2023-11-24T00:00:00.000000,0,39.62,SELL
PFE,2023-11-27T00:00:00.000000,0,39.62,SELL
PFE,2023-11-28T00:00:00.000000,0,39.62,SELL
PFE,2023-11-29T00:00:00.000000,0,39.62,SELL
PFE,2023-11-30T00:00:00.000000,0,39.62,SELL
PFE,2023-12-01T00:00:00.000000,0,39.62,SELL
PFE,2023-12-04T00:00:00.000000,0,39.62,SELL
PFE,2023-12-05T00:00:00.000000,0,42.94,SELL
PFE,2023-12-06T00:00:00.000000,0,42.94,SELL
PFE,2023-12-07T00:00:00.000000,0,42.94,SELL
PFE,2023-12-08T00:00:00.000000,0,42.94,SELL
PFE,2023-12-11T00:00:00.000000,0,42.94,SELL
PFE,2023-12-12T00:00:00.000000,0,42.94,SELL
PFE,2023-12-13T00:00:00.000000,0,39.62,SELL
PFE,2023-12-14T00:00:00.000000,0,39.62,SELL
PFE,2023-12-15T00:00:00.000000,0,39.62,SELL
PFE,2023-12-18T00:00:00.000000,0,39.62,SELL
PFE,2023-12-19T00:00:00.000000,0,39.62,SELL
PFE,2023-12-20T00:00:00.000000,0,39.62,SELL
PFE,2023-12-21T00:00:00.000000,0,39.62,SELL
PFE,2023-12-22T00:00:00.000000,0,39.62,SELL
PFE,2023-12-26T00:00:00.000000,0,39.62,SELL
PFE,2023-12-27T00:00:00.000000,0,39.62,SELL
PFE,2023-12-28T00:00:00.000000,0,39.62,SELL
PFE,2023-12-29T00:00:00.000000,0,39.62,SELL
PFE,2024-01-02T00:00:00.000000,0,39.62,SELL
PFE,2024-01-03T00:00:00.000000,0,42.94,SELL
PFE,2024-01-04T00:00:00.000000,0,42.94,SELL
PFE,2024-01-05T00:00:00.000000,0,46.09,SELL
PFE,2024-01-08T00:00:00.000000,0,46.09,SELL
PFE,2024-01-09T00:00:00.000000,0,48.73,SELL
PFE,2024-01-10T00:00:00.000000,0,48.73,SELL
PFE,2024-01-11T00:00:00.000000,0,48.73,SELL
PFE,2024-01-12T00:00:00.000000,1,48.73,BUY
PFE,2024-01-16T00:00:00.000000,1,48.73,BUY
PFE,2024-01-17T00:00:00.000000,1,48.73,BUY
PFE,2024-01-18T00:00:00.000000,1,48.73,BUY
PFE,2024-01-19T00:00:00.000000,1,48.73,BUY
PFE,2024-01-22T00:00:00.000000,0,48.73,SELL
PFE,2024-01-23T00:00:00.000000,0,46.09,SELL
PFE,2024-01-24T00:00:00.000000,0,42.94,SELL
PFE,2024-01-25T00:00:00.000000,0,42.94,SELL
PFE,2024-01-26T00:00:00.000000,0,42.94,SELL
PFE,2024-01-29T00:00:00.000000,0,42.94,SELL
PFE,2024-01-30T00:00:00.000000,0,42.94,SELL
PFE,2024-01-31T00:00:00.000000,0,42.94,SELL
PFE,2024-02-01T00:00:00.000000,0,40.0,SELL
PFE,2024-02-02T00:00:00.000000,0,40.0,SELL
PFE,2024-02-05T00:00:00.000000,0,40.0,SELL
PFE,2024-02-06T00:00:00.000000,0,39.62,SELL
PFE,2024-02-07T00:00:00.000000,0,39.62,SELL
PFE,2024-02-08T00:00:00.000000,0,39.62,SELL
PFE,2024-02-09T00:00:00.000000,0,39.62,SELL
PFE,2024-02-12T00:00:00.000000,0,39.62,SELL
PFE,2024-02-13T00:00:00.000000,0,39.62,SELL
PFE,2024-02-14T00:00:00.000000,0,39.62,SELL
PFE,2024-02-15T00:00:00.000000,0,40.0,SELL
PFE,2024-02-16T00:00:00.000000,0,40.0,SELL
PFE,2024-02-20T00:00:00.000000,0,39.62,SELL
PFE,2024-02-21T00:00:00.000000,0,39.62,SELL
PFE,2024-02-22T00:00:00.000000,0,39.62,SELL
PFE,2024-02-23T00:00:00.000000,0,39.62,SELL
PFE,2024-02-26T00:00:00.000000,0,39.62,SELL
PFE,2024-02-27T00:00:00.000000,0,42.94,SELL
PFE,2024-02-28T00:00:00.000000,0,42.94,SELL
PFE,2024-02-29T00:00:00.000000,0,42.94,SELL
PFE,2024-03-01T00:00:00.000000,0,42.94,SELL
PFE,2024-03-04T00:00:00.000000,0,42.94,SELL
PFE,2024-03-05T00:00:00.000000,0,42.94,SELL
PFE,2024-03-06T00:00:00.000000,0,42.94,SELL
PFE,2024-03-07T00:00:00.000000,0,42.94,SELL
PFE,2024-03-08T00:00:00.000000,0,42.94,SELL
PFE,2024-03-11T00:00:00.000000,0,42.94,SELL
PFE,2024-03-12T00:00:00.000000,0,42.94,SELL
PFE,2024-03-13T00:00:00.000000,0,42.94,SELL
PFE,2024-03-14T00:00:00.000000,0,42.94,SELL
PFE,2024-03-15T00:00:00.000000,0,42.94,SELL
PFE,2024-03-18T00:00:00.000000,0,42.94,SELL
PFE,2024-03-19T00:00:00.000000,0,42.94,SELL
PFE,2024-03-20T00:00:00.000000,0,42.94,SELL
PFE,2024-03-21T00:00:00.000000,0,42.94,SELL
PFE,2024-03-22T00:00:00.000000,0,42.94,SELL
PFE,2024-03-25T00:00:00.000000,0,42.94,SELL
PFE,2024-03-26T00:00:00.000000,0,42.94,SELL
PFE,2024-03-27T00:00:00.000000,0,39.62,SELL
PFE,2024-03-28T00:00:00.000000,0,39.62,SELL
PFE,2024-04-01T00:00:00.000000,0,39.62,SELL
PFE,2024-04-02T00:00:00.000000,0,39.62,SELL
PFE,2024-04-03T00:00:00.000000,0,39.62,SELL
PFE,2024-04-04T00:00:00.000000,0,42.94,SELL
PFE,2024-04-05T00:00:00.000000,0,42.94,SELL
PFE,2024-04-08T00:00:00.000000,0,42.94,SELL
PFE,2024-04-09T00:00:00.000000,0,42.94,SELL
PFE,2024-04-10T00:00:00.000000,0,42.94,SELL
PFE,2024-04-11T00:00:00.000000,0,42.94,SELL
PFE,2024-04-12T00:00:00.000000,0,42.94,SELL
PFE,2024-04-15T00:00:00.000000,0,42.94,SELL
PFE,2024-04-16T00:00:00.000000,0,46.09,SELL
PFE,2024-04-17T00:00:00.000000,0,46.09,SELL
PFE,2024-04-18T00:00:00.000000,0,42.94,SELL
PFE,2024-04-19T00:00:00.000000,0,42.94,SELL
PFE,2024-04-22T00:00:00.000000,0,46.09,SELL
PFE,2024-04-23T00:00:00.000000,0,46.09,SELL
PFE,2024-04-24T00:00:00.000000,0,46.09,SELL
PFE,2024-04-25T00:00:00.000000,0,46.09,SELL
PFE,2024-04-26T00:00:00.000000,0,46.09,SELL
PFE,2024-04-29T00:00:00.000000,0,46.09,SELL
PFE,2024-04-30T00:00:00.000000,0,42.94,SELL
PFE,2024-05-01T00:00:00.000000,0,42.94,SELL
PFE,2024-05-02T00:00:00.000000,0,46.09,SELL
PFE,2024-05-03T00:00:00.000000,0,46.09,SELL
PFE,2024-05-06T00:00:00.000000,0,48.73,SELL
PFE,2024-05-07T00:00:00.000000,0,48.73,SELL
PFE,2024-05-08T00:00:00.000000,0,48.73,SELL
PFE,2024-05-09T00:00:00.000000,0,46.09,SELL
PFE,2024-05-10T00:00:00.000000,0,42.94,SELL
PFE,2024-05-13T00:00:00.000000,0,46.09,SELL
PFE,2024-05-14T00:00:00.000000,0,46.09,SELL
PFE,2024-05-15T00:00:00.000000,0,48.73,SELL
PFE,2024-05-16T00:00:00.000000,0,48.73,SELL
PFE,2024-05-17T00:00:00.000000,0,48.73,SELL
PFE,2024-05-20T00:00:00.000000,0,46.09,SELL
PFE,2024-05-21T00:00:00.000000,0,46.09,SELL
PFE,2024-05-22T00:00:00.000000,0,46.09,SELL
PFE,2024-05-23T00:00:00.000000,0,46.09,SELL
PFE,2024-05-24T00:00:00.000000,0,48.73,SELL
PFE,2024-05-28T00:00:00.000000,0,48.73,SELL
PFE,2024-05-29T00:00:00.000000,1,48.73,BUY
PFE,2024-05-30T00:00:00.000000,1,48.73,BUY
PFE,2024-05-31T00:00:00.000000,1,48.73,BUY
PFE,2024-06-03T00:00:00.000000,1,48.73,BUY
PFE,2024-06-04T00:00:00.000000,1,48.73,BUY
PFE,2024-06-05T00:00:00.000000,1,48.73,BUY
PFE,2024-06-06T00:00:00.000000,1,48.73,BUY
PFE,2024-06-07T00:00:00.000000,1,48.73,BUY
PFE,2024-06-10T00:00:00.000000,1,48.73,BUY
PFE,2024-06-11T00:00:00.000000,0,48.73,SELL
PFE,2024-06-12T00:00:00.000000,0,48.73,SELL
PFE,2024-06-13T00:00:00.000000,0,48.73,SELL
PFE,2024-06-14T00:00:00.000000,1,48.73,BUY
PFE,2024-06-17T00:00:00.000000,1,48.73,BUY
PFE,2024-06-18T00:00:00.000000,1,48.73,BUY
PFE,2024-06-20T00:00:00.000000,1,48.73,BUY
PFE,2024-06-21T00:00:00.000000,1,48.73,BUY
PFE,2024-06-24T00:00:00.000000,0,48.73,SELL
PFE,2024-06-25T00:00:00.000000,0,48.73,SELL
PFE,2024-06-26T00:00:00.000000,0,46.09,SELL
PFE,2024-06-27T00:00:00.000000,0,46.09,SELL
PFE,2024-06-28T00:00:00.000000,0,42.94,SELL
PFE,2024-07-01T00:00:00.000000,0,42.94,SELL
PFE,2024-07-02T00:00:00.000000,0,42.94,SELL
PFE,2024-07-03T00:00:00.000000,0,42.94,SELL
PFE,2024-07-05T00:00:00.000000,0,48.73,SELL
PFE,2024-07-08T00:00:00.000000,0,48.73,SELL
PFE,2024-07-09T00:00:00.000000,0,48.73,SELL
PFE,2024-07-10T00:00:00.000000,0,48.73,SELL
PFE,2024-07-11T00:00:00.000000,0,46.09,SELL
PFE,2024-07-12T00:00:00.000000,0,42.94,SELL
PFE,2024-07-15T00:00:00.000000,0,42.94,SELL
PFE,2024-07-16T00:00:00.000000,0,42.94,SELL
PFE,2024-07-17T00:00:00.000000,0,42.94,SELL
PFE,2024-07-18T00:00:00.000000,0,42.94,SELL
PFE,2024-07-19T00:00:00.000000,0,42.94,SELL
PFE,2024-07-22T00:00:00.000000,0,48.73,SELL
PFE,2024-07-23T00:00:00.000000,1,48.73,BUY
PFE,2024-07-24T00:00:00.000000,1,48.73,BUY
PFE,2024-07-25T00:00:00.000000,1,48.73,BUY
PFE,2024-07-26T00:00:00.000000,1,48.73,BUY
PFE,2024-07-29T00:00:00.000000,1,48.73,BUY
PFE,2024-07-30T00:00:00.000000,1,48.73,BUY
PFE,2024-07-31T00:00:00.000000,1,50.44,BUY
PFE,2024-08-01T00:00:00.000000,1,50.44,BUY
PFE,2024-08-02T00:00:00.000000,1,50.44,BUY
PFE,2024-08-05T00:00:00.000000,1,50.44,BUY
PFE,2024-08-06T00:00:00.000000,1,50.44,BUY
PFE,2024-08-07T00:00:00.000000,1,50.44,BUY
PFE,2024-08-08T00:00:00.000000,1,50.69,BUY
PFE,2024-08-09T00:00:00.000000,1,50.69,BUY
PFE,2024-08-12T00:00:00.000000,1,50.69,BUY
PFE,2024-08-13T00:00:00.000000,1,50.69,BUY
PFE,2024-08-14T00:00:00.000000,1,50.69,BUY
PFE,2024-08-15T00:00:00.000000,1,50.69,BUY
PFE,2024-08-16T00:00:00.000000,1,50.44,BUY
PFE,2024-08-19T00:00:00.000000,0,46.09,SELL
PFE,2024-08-20T00:00:00.000000,0,42.94,SELL
PFE,2024-08-21T00:00:00.000000,0,39.62,SELL
PFE,2024-08-22T00:00:00.000000,0,39.62,SELL
PFE,2024-08-23T00:00:00.000000,0,42.94,SELL
PFE,2024-08-26T00:00:00.000000,0,39.62,SELL
PFE,2024-08-27T00:00:00.000000,0,39.62,SELL
PFE,2024-08-28T00:00:00.000000,0,39.62,SELL
PFE,2024-08-29T00:00:00.000000,0,39.62,SELL
PFE,2024-08-30T00:00:00.000000,0,39.62,SELL
PFE,2024-09-03T00:00:00.000000,0,42.94,SELL
PFE,2024-09-04T00:00:00.000000,0,42.94,SELL
PFE,2024-09-05T00:00:00.000000,0,42.94,SELL
PFE,2024-09-06T00:00:00.000000,0,46.09,SELL
PFE,2024-09-09T00:00:00.000000,1,48.73,BUY
PFE,2024-09-10T00:00:00.000000,1,48.73,BUY
PFE,2024-09-11T00:00:00.000000,1,48.73,BUY
PFE,2024-09-12T00:00:00.000000,1,50.44,BUY
PFE,2024-09-13T00:00:00.000000,1,50.44,BUY
PFE,2024-09-16T00:00:00.000000,1,50.44,BUY
PFE,2024-09-17T00:00:00.000000,1,50.44,BUY
PFE,2024-09-18T00:00:00.000000,1,50.44,BUY
PFE,2024-09-19T00:00:00.000000,1,50.44,BUY
PFE,2024-09-20T00:00:00.000000,1,50.44,BUY
PFE,2024-09-23T00:00:00.000000,1,48.73,BUY
PFE,2024-09-24T00:00:00.000000,0,48.73,SELL
PFE,2024-09-25T00:00:00.000000,0,46.09,SELL
PFE,2024-09-26T00:00:00.000000,0,46.09,SELL
PFE,2024-09-27T00:00:00.000000,0,42.94,SELL
PFE,2024-09-30T00:00:00.000000,0,46.09,SELL
PFE,2024-10-01T00:00:00.000000,0,46.09,SELL
PFE,2024-10-02T00:00:00.000000,0,46.09,SELL
PFE,2024-10-03T00:00:00.000000,0,42.94,SELL
PFE,2024-10-04T00:00:00.000000,0,42.94,SELL
PFE,2024-10-07T00:00:00.000000,0,42.94,SELL
PFE,2024-10-08T00:00:00.000000,0,42.94,SELL
PFE,2024-10-09T00:00:00.000000,0,46.09,SELL
PFE,2024-10-10T00:00:00.000000,0,46.09,SELL
PFE,2024-10-11T00:00:00.000000,0,48.73,SELL
PFE,2024-10-14T00:00:00.000000,0,46.09,SELL
PFE,2024-10-15T00:00:00.000000,0,46.09,SELL
PFE,2024-10-16T00:00:00.000000,0,42.94,SELL
PFE,2024-10-17T00:00:00.000000,0,42.94,SELL
PFE,2024-10-18T00:00:00.000000,0,42.94,SELL
PFE,2024-10-21T00:00:00.000000,0,42.94,SELL
PFE,2024-10-22T00:00:00.000000,0,42.94,SELL
PFE,2024-10-23T00:00:00.000000,0,42.94,SELL
PFE,2024-10-24T00:00:00.000000,0,42.94,SELL
PFE,2024-10-25T00:00:00.000000,0,42.94,SELL
PFE,2024-10-28T00:00:00.000000,0,42.94,SELL
PFE,2024-10-29T00:00:00.000000,0,42.94,SELL
PFE,2024-10-30T00:00:00.000000,0,42.94,SELL
PFE,2024-10-31T00:00:00.000000,0,42.94,SELL
PFE,2024-11-01T00:00:00.000000,0,42.94,SELL
PFE,2024-11-04T00:00:00.000000,0,42.94,SELL
PFE,2024-11-05T00:00:00.000000,0,46.09,SELL
PFE,2024-11-06T00:00:00.000000,0,46.09,SELL
PFE,2024-11-07T00:00:00.000000,0,42.94,SELL
PFE,2024-11-08T00:00:00.000000,0,39.62,SELL
PFE,2024-11-11T00:00:00.000000,0,39.62,SELL
PFE,2024-11-12T00:00:00.000000,0,39.62,SELL
PFE,2024-11-13T00:00:00.000000,0,39.62,SELL
PFE,2024-11-14T00:00:00.000000,0,39.62,SELL
PFE,2024-11-15T00:00:00.000000,0,39.62,SELL
PFE,2024-11-18T00:00:00.000000,0,39.62,SELL
PFE,2024-11-19T00:00:00.000000,0,4.75,SELL
PFE,2024-11-20T00:00:00.000000,0,14.28,SELL
PFE,2024-11-21T00:00:00.000000,0,25.47,SELL
PFE,2024-11-22T00:00:00.000000,0,32.73,SELL
PFE,2024-11-25T00:00:00.000000,0,29.04,SELL
PFE,2024-11-26T00:00:00.000000,0,39.62,SELL
PFE,2024-11-27T00:00:00.000000,0,39.62,SELL
PFE,2024-11-29T00:00:00.000000,0,39.62,SELL
PFE,2024-12-02T00:00:00.000000,0,39.62,SELL
PFE,2024-12-03T00:00:00.000000,0,39.62,SELL
PFE,2024-12-04T00:00:00.000000,0,39.62,SELL
PFE,2024-12-05T00:00:00.000000,0,39.62,SELL
PFE,2024-12-06T00:00:00.000000,0,39.62,SELL
PFE,2024-12-09T00:00:00.000000,0,42.94,SELL
PFE,2024-12-10T00:00:00.000000,0,42.94,SELL
PFE,2024-12-11T00:00:00.000000,0,42.94,SELL
PFE,2024-12-12T00:00:00.000000,0,42.94,SELL
PFE,2024-12-13T00:00:00.000000,0,42.94,SELL
PFE,2024-12-16T00:00:00.000000,0,46.09,SELL
PFE,2024-12-17T00:00:00.000000,0,46.09,SELL
PFE,2024-12-18T00:00:00.000000,0,46.09,SELL
PFE,2024-12-19T00:00:00.000000,1,48.73,BUY
PFE,2024-12-20T00:00:00.000000,1,50.44,BUY
PYPL,2023-02-21T00:00:00.000000,0,46.09,SELL
PYPL,2023-02-22T00:00:00.000000,0,46.09,SELL
PYPL,2023-02-23T00:00:00.000000,0,48.73,SELL
PYPL,2023-02-24T00:00:00.000000,0,48.73,SELL
PYPL,2023-02-27T00:00:00.000000,1,48.73,BUY
PYPL,2023-02-28T00:00:00.000000,1,48.73,BUY
PYPL,2023-03-01T00:00:00.000000,1,50.44,BUY
PYPL,2023-03-02T00:00:00.000000,1,50.44,BUY
PYPL,2023-03-03T00:00:00.000000,1,50.44,BUY
PYPL,2023-03-06T00:00:00.000000,1,48.73,BUY
PYPL,2023-03-07T00:00:00.000000,1,48.73,BUY
PYPL,2023-03-08T00:00:00.000000,1,48.73,BUY
PYPL,2023-03-09T00:00:00.000000,0,48.73,SELL
PYPL,2023-03-10T00:00:00.000000,0,48.73,SELL
PYPL,2023-03-13T00:00:00.000000,0,48.73,SELL
PYPL,2023-03-14T00:00:00.000000,0,48.73,SELL
PYPL,2023-03-15T00:00:00.000000,1,48.73,BUY
PYPL,2023-03-16T00:00:00.000000,1,48.73,BUY
PYPL,2023-03-17T00:00:00.000000,1,48.73,BUY
PYPL,2023-03-20T00:00:00.000000,1,48.73,BUY
PYPL,2023-03-21T00:00:00.000000,1,50.44,BUY
PYPL,2023-03-22T00:00:00.000000,1,48.73,BUY
PYPL,2023-03-23T00:00:00.000000,1,48.73,BUY
PYPL,2023-03-24T00:00:00.000000,1,48.73,BUY
PYPL,2023-03-27T00:00:00.000000,0,46.09,SELL
PYPL,2023-03-28T00:00:00.000000,0,46.09,SELL
PYPL,2023-03-29T00:00:00.000000,0,42.94,SELL
PYPL,2023-03-30T00:00:00.000000,0,42.94,SELL
PYPL,2023-03-31T00:00:00.000000,0,46.09,SELL
PYPL,2023-04-03T00:00:00.000000,0,46.09,SELL
PYPL,2023-04-04T00:00:00.000000,0,46.09,SELL
PYPL,2023-04-05T00:00:00.000000,0,46.09,SELL
PYPL,2023-04-06T00:00:00.000000,0,42.94,SELL
PYPL,2023-04-10T00:00:00.000000,0,42.94,SELL
PYPL,2023-04-11T00:00:00.000000,0,42.94,SELL
PYPL,2023-04-12T00:00:00.000000,0,42.94,SELL
PYPL,2023-04-13T00:00:00.000000,0,42.94,SELL
PYPL,2023-04-14T00:00:00.000000,0,42.94,SELL
PYPL,2023-04-17T00:00:00.000000,0,42.94,SELL
PYPL,2023-04-18T00:00:00.000000,0,46.09,SELL
PYPL,2023-04-19T00:00:00.000000,0,46.09,SELL
PYPL,2023-04-20T00:00:00.000000,0,46.09,SELL
PYPL,2023-04-21T00:00:00.000000,0,48.73,SELL
PYPL,2023-04-24T00:00:00.000000,0,48.73,SELL
PYPL,2023-04-25T00:00:00.000000,0,48.73,SELL
PYPL,2023-04-26T00:00:00.000000,0,48.73,SELL
PYPL,2023-04-27T00:00:00.000000,1,48.73,BUY
PYPL,2023-04-28T00:00:00.000000,1,48.73,BUY
PYPL,2023-05-01T00:00:00.000000,1,48.73,BUY
PYPL,2023-05-02T00:00:00.000000,1,48.73,BUY
PYPL,2023-05-03T00:00:00.000000,1,48.73,BUY
PYPL,2023-05-04T00:00:00.000000,1,48.73,BUY
PYPL,2023-05-05T00:00:00.000000,1,50.44,BUY
PYPL,2023-05-08T00:00:00.000000,1,50.44,BUY
PYPL,2023-05-09T00:00:00.000000,1,50.44,BUY
PYPL,2023-05-10T00:00:00.000000,1,48.73,BUY
PYPL,2023-05-11T00:00:00.000000,0,48.73,SELL
PYPL,2023-05-12T00:00:00.000000,0,46.09,SELL
PYPL,2023-05-15T00:00:00.000000,0,42.94,SELL
PYPL,2023-05-16T00:00:00.000000,0,39.62,SELL
PYPL,2023-05-17T00:00:00.000000,0,39.62,SELL
PYPL,2023-05-18T00:00:00.000000,0,39.62,SELL
PYPL,2023-05-19T00:00:00.000000,0,39.62,SELL
PYPL,2023-05-22T00:00:00.000000,0,39.62,SELL
PYPL,2023-05-23T00:00:00.000000,0,39.62,SELL
PYPL,2023-05-24T00:00:00.000000,0,39.62,SELL
PYPL,2023-05-25T00:00:00.000000,0,39.62,SELL
PYPL,2023-05-26T00:00:00.000000,0,39.62,SELL
PYPL,2023-05-30T00:00:00.000000,0,39.62,SELL
PYPL,2023-05-31T00:00:00.000000,0,39.62,SELL
PYPL,2023-06-01T00:00:00.000000,0,39.62,SELL
PYPL,2023-06-02T00:00:00.000000,0,39.62,SELL
PYPL,2023-06-05T00:00:00.000000,0,42.94,SELL
PYPL,2023-06-06T00:00:00.000000,0,42.94,SELL
PYPL,2023-06-07T00:00:00.000000,0,42.94,SELL
PYPL,2023-06-08T00:00:00.000000,0,42.94,SELL
PYPL,2023-06-09T00:00:00.000000,0,42.94,SELL
PYPL,2023-06-12T00:00:00.000000,0,42.94,SELL
PYPL,2023-06-13T00:00:00.000000,0,42.94,SELL
PYPL,2023-06-14T00:00:00.000000,0,42.94,SELL
PYPL,2023-06-15T00:00:00.000000,0,46.09,SELL
PYPL,2023-06-16T00:00:00.000000,0,46.09,SELL
PYPL,2023-06-20T00:00:00.000000,0,48.73,SELL
PYPL,2023-06-21T00:00:00.000000,0,46.09,SELL
PYPL,2023-06-22T00:00:00.000000,0,48.73,SELL
PYPL,2023-06-23T00:00:00.000000,0,48.73,SELL
PYPL,2023-06-26T00:00:00.000000,1,48.73,BUY
PYPL,2023-06-27T00:00:00.000000,1,48.73,BUY
PYPL,2023-06-28T00:00:00.000000,1,48.73,BUY
PYPL,2023-06-29T00:00:00.000000,1,48.73,BUY
PYPL,2023-06-30T00:00:00.000000,1,48.73,BUY
PYPL,2023-07-03T00:00:00.000000,1,48.73,BUY
PYPL,2023-07-05T00:00:00.000000,1,50.44,BUY
PYPL,2023-07-06T00:00:00.000000,1,50.44,BUY
PYPL,2023-07-07T00:00:00.000000,1,50.44,BUY
PYPL,2023-07-10T00:00:00.000000,1,50.44,BUY
PYPL,2023-07-11T00:00:00.000000,1,50.44,BUY
PYPL,2023-07-12T00:00:00.000000,1,48.73,BUY
PYPL,2023-07-13T00:00:00.000000,1,48.73,BUY
PYPL,2023-07-14T00:00:00.000000,1,48.73,BUY
PYPL,2023-07-17T00:00:00.000000,1,48.73,BUY
PYPL,2023-07-18T00:00:00.000000,1,48.73,BUY
PYPL,2023-07-19T00:00:00.000000,1,48.73,BUY
PYPL,2023-07-20T00:00:00.000000,0,48.73,SELL
PYPL,2023-07-21T00:00:00.000000,0,48.73,SELL
PYPL,2023-07-24T00:00:00.000000,0,48.73,SELL
PYPL,2023-07-25T00:00:00.000000,0,48.73,SELL
PYPL,2023-07-26T00:00:00.000000,0,46.09,SELL
PYPL,2023-07-27T00:00:00.000000,0,46.09,SELL
PYPL,2023-07-28T00:00:00.000000,0,46.09,SELL
PYPL,2023-07-31T00:00:00.000000,0,46.09,SELL
PYPL,2023-08-01T00:00:00.000000,0,42.94,SELL
PYPL,2023-08-02T00:00:00.000000,0,42.94,SELL
PYPL,2023-08-03T00:00:00.000000,0,42.94,SELL
PYPL,2023-08-04T00:00:00.000000,0,42.94,SELL
PYPL,2023-08-07T00:00:00.000000,0,39.62,SELL
PYPL,2023-08-08T00:00:00.000000,0,39.62,SELL
PYPL,2023-08-09T00:00:00.000000,0,39.62,SELL
PYPL,2023-08-10T00:00:00.000000,0,39.62,SELL
PYPL,2023-08-11T00:00:00.000000,0,39.62,SELL
PYPL,2023-08-14T00:00:00.000000,0,42.94,SELL
PYPL,2023-08-15T00:00:00.000000,0,42.94,SELL
PYPL,2023-08-16T00:00:00.000000,0,42.94,SELL
PYPL,2023-08-17T00:00:00.000000,0,42.94,SELL
PYPL,2023-08-18T00:00:00.000000,0,40.0,SELL
PYPL,2023-08-21T00:00:00.000000,0,42.94,SELL
PYPL,2023-08-22T00:00:00.000000,0,42.94,SELL
PYPL,2023-08-23T00:00:00.000000,0,42.94,SELL
PYPL,2023-08-24T00:00:00.000000,0,46.09,SELL
PYPL,2023-08-25T00:00:00.000000,0,46.09,SELL
PYPL,2023-08-28T00:00:00.000000,0,42.94,SELL
PYPL,2023-08-29T00:00:00.000000,0,42.94,SELL
PYPL,2023-08-30T00:00:00.000000,0,42.94,SELL
PYPL,2023-08-31T00:00:00.000000,0,42.94,SELL
PYPL,2023-09-01T00:00:00.000000,0,42.94,SELL
PYPL,2023-09-05T00:00:00.000000,0,42.94,SELL
PYPL,2023-09-06T00:00:00.000000,0,42.94,SELL
PYPL,2023-09-07T00:00:00.000000,0,42.94,SELL
PYPL,2023-09-08T00:00:00.000000,0,46.09,SELL
PYPL,2023-09-11T00:00:00.000000,0,46.09,SELL
PYPL,2023-09-12T00:00:00.000000,0,48.73,SELL
PYPL,2023-09-13T00:00:00.000000,1,48.73,BUY
PYPL,2023-09-14T00:00:00.000000,1,48.73,BUY
PYPL,2023-09-15T00:00:00.000000,1,50.44,BUY
PYPL,2023-09-18T00:00:00.000000,1,50.44,BUY
PYPL,2023-09-19T00:00:00.000000,1,50.44,BUY
PYPL,2023-09-20T00:00:00.000000,1,50.44,BUY
PYPL,2023-09-21T00:00:00.000000,1,50.44,BUY
PYPL,2023-09-22T00:00:00.000000,1,50.69,BUY
PYPL,2023-09-25T00:00:00.000000,1,50.69,BUY
PYPL,2023-09-26T00:00:00.000000,1,50.69,BUY
PYPL,2023-09-27T00:00:00.000000,1,50.69,BUY
PYPL,2023-09-28T00:00:00.000000,1,50.69,BUY
PYPL,2023-09-29T00:00:00.000000,1,50.69,BUY
PYPL,2023-10-02T00:00:00.000000,1,50.69,BUY
PYPL,2023-10-03T00:00:00.000000,1,50.69,BUY
PYPL,2023-10-04T00:00:00.000000,1,50.69,BUY
PYPL,2023-10-05T00:00:00.000000,1,50.69,BUY
PYPL,2023-10-06T00:00:00.000000,1,50.69,BUY
PYPL,2023-10-09T00:00:00.000000,1,50.44,BUY
PYPL,2023-10-10T00:00:00.000000,1,50.44,BUY
PYPL,2023-10-11T00:00:00.000000,1,50.44,BUY
PYPL,2023-10-12T00:00:00.000000,1,48.73,BUY
PYPL,2023-10-13T00:00:00.000000,1,48.73,BUY
PYPL,2023-10-16T00:00:00.000000,1,48.73,BUY
PYPL,2023-10-17T00:00:00.000000,0,48.73,SELL
PYPL,2023-10-18T00:00:00.000000,0,46.09,SELL
PYPL,2023-10-19T00:00:00.000000,0,46.09,SELL
PYPL,2023-10-20T00:00:00.000000,0,48.73,SELL
PYPL,2023-10-23T00:00:00.000000,1,48.73,BUY
PYPL,2023-10-24T00:00:00.000000,1,48.73,BUY
PYPL,2023-10-25T00:00:00.000000,1,48.73,BUY
PYPL,2023-10-26T00:00:00.000000,1,48.73,BUY
PYPL,2023-10-27T00:00:00.000000,1,48.73,BUY
PYPL,2023-10-30T00:00:00.000000,1,48.73,BUY
PYPL,2023-10-31T00:00:00.000000,1,48.73,BUY
PYPL,2023-11-01T00:00:00.000000,1,48.73,BUY
PYPL,2023-11-02T00:00:00.000000,1,48.73,BUY
PYPL,2023-11-03T00:00:00.000000,0,48.73,SELL
PYPL,2023-11-06T00:00:00.000000,0,48.73,SELL
PYPL,2023-11-07T00:00:00.000000,0,46.09,SELL
PYPL,2023-11-08T00:00:00.000000,0,42.94,SELL
PYPL,2023-11-09T00:00:00.000000,0,42.94,SELL
PYPL,2023-11-10T00:00:00.000000,0,42.94,SELL
PYPL,2023-11-13T00:00:00.000000,0,42.94,SELL
PYPL,2023-11-14T00:00:00.000000,0,42.94,SELL
PYPL,2023-11-15T00:00:00.000000,0,42.94,SELL
PYPL,2023-11-16T00:00:00.000000,0,40.0,SELL
PYPL,2023-11-17T00:00:00.000000,0,42.94,SELL
PYPL,2023-11-20T00:00:00.000000,0,42.94,SELL
PYPL,2023-11-21T00:00:00.000000,0,42.94,SELL
PYPL,2023-11-22T00:00:00.000000,0,42.94,SELL
PYPL,2023-11-24T00:00:00.000000,0,42.94,SELL
PYPL,2023-11-27T00:00:00.000000,0,42.94,SELL
PYPL,2023-11-28T00:00:00.000000,0,42.94,SELL
PYPL,2023-11-29T00:00:00.000000,0,42.94,SELL
PYPL,2023-11-30T00:00:00.000000,0,42.94,SELL
PYPL,2023-12-01T00:00:00.000000,0,42.94,SELL
PYPL,2023-12-04T00:00:00.000000,0,42.94,SELL
PYPL,2023-12-05T00:00:00.000000,0,42.94,SELL
PYPL,2023-12-06T00:00:00.000000,0,42.94,SELL
PYPL,2023-12-07T00:00:00.000000,0,46.09,SELL
PYPL,2023-12-08T00:00:00.000000,0,46.09,SELL
PYPL,2023-12-11T00:00:00.000000,0,46.09,SELL
PYPL,2023-12-12T00:00:00.000000,0,42.94,SELL
PYPL,2023-12-13T00:00:00.000000,0,42.94,SELL
PYPL,2023-12-14T00:00:00.000000,0,42.94,SELL
PYPL,2023-12-15T00:00:00.000000,0,42.94,SELL
PYPL,2023-12-18T00:00:00.000000,0,42.94,SELL
PYPL,2023-12-19T00:00:00.000000,0,42.94,SELL
PYPL,2023-12-20T00:00:00.000000,0,42.94,SELL
PYPL,2023-12-21T00:00:00.000000,0,40.0,SELL
PYPL,2023-12-22T00:00:00.000000,0,39.62,SELL
PYPL,2023-12-26T00:00:00.000000,0,39.62,SELL
PYPL,2023-12-27T00:00:00.000000,0,39.62,SELL
PYPL,2023-12-28T00:00:00.000000,0,39.62,SELL
PYPL,2023-12-29T00:00:00.000000,0,39.62,SELL
PYPL,2024-01-02T00:00:00.000000,0,39.62,SELL
PYPL,2024-01-03T00:00:00.000000,0,39.62,SELL
PYPL,2024-01-04T00:00:00.000000,0,39.62,SELL
PYPL,2024-01-05T00:00:00.000000,0,39.62,SELL
PYPL,2024-01-08T00:00:00.000000,0,39.62,SELL
PYPL,2024-01-09T00:00:00.000000,0,39.62,SELL
PYPL,2024-01-10T00:00:00.000000,0,39.62,SELL
PYPL,2024-01-11T00:00:00.000000,0,39.62,SELL
PYPL,2024-01-12T00:00:00.000000,0,40.0,SELL
PYPL,2024-01-16T00:00:00.000000,0,42.94,SELL
PYPL,2024-01-17T00:00:00.000000,0,42.94,SELL
PYPL,2024-01-18T00:00:00.000000,0,42.94,SELL
PYPL,2024-01-19T00:00:00.000000,0,42.94,SELL
PYPL,2024-01-22T00:00:00.000000,0,42.94,SELL
PYPL,2024-01-23T00:00:00.000000,0,46.09,SELL
PYPL,2024-01-24T00:00:00.000000,0,46.09,SELL
PYPL,2024-01-25T00:00:00.000000,0,46.09,SELL
PYPL,2024-01-26T00:00:00.000000,0,46.09,SELL
PYPL,2024-01-29T00:00:00.000000,0,46.09,SELL
PYPL,2024-01-30T00:00:00.000000,0,46.09,SELL
PYPL,2024-01-31T00:00:00.000000,0,46.09,SELL
PYPL,2024-02-01T00:00:00.000000,0,48.73,SELL
PYPL,2024-02-02T00:00:00.000000,1,48.73,BUY
PYPL,2024-02-05T00:00:00.000000,0,46.09,SELL
PYPL,2024-02-06T00:00:00.000000,0,46.09,SELL
PYPL,2024-02-07T00:00:00.000000,0,42.94,SELL
PYPL,2024-02-08T00:00:00.000000,0,42.94,SELL
PYPL,2024-02-09T00:00:00.000000,0,42.94,SELL
PYPL,2024-02-12T00:00:00.000000,0,42.94,SELL
PYPL,2024-02-13T00:00:00.000000,0,46.09,SELL
PYPL,2024-02-14T00:00:00.000000,0,48.73,SELL
PYPL,2024-02-15T00:00:00.000000,0,48.73,SELL
PYPL,2024-02-16T00:00:00.000000,0,46.09,SELL
PYPL,2024-02-20T00:00:00.000000,0,46.09,SELL
PYPL,2024-02-21T00:00:00.000000,0,42.94,SELL
PYPL,2024-02-22T00:00:00.000000,0,42.94,SELL
PYPL,2024-02-23T00:00:00.000000,0,39.62,SELL
PYPL,2024-02-26T00:00:00.000000,0,42.94,SELL
PYPL,2024-02-27T00:00:00.000000,0,42.94,SELL
PYPL,2024-02-28T00:00:00.000000,0,42.94,SELL
PYPL,2024-02-29T00:00:00.000000,0,46.09,SELL
PYPL,2024-03-01T00:00:00.000000,0,46.09,SELL
PYPL,2024-03-04T00:00:00.000000,0,42.94,SELL
PYPL,2024-03-05T00:00:00.000000,0,42.94,SELL
PYPL,2024-03-06T00:00:00.000000,0,42.94,SELL
PYPL,2024-03-07T00:00:00.000000,0,46.09,SELL
PYPL,2024-03-08T00:00:00.000000,0,46.09,SELL
PYPL,2024-03-11T00:00:00.000000,0,48.73,SELL
PYPL,2024-03-12T00:00:00.000000,1,48.73,BUY
PYPL,2024-03-13T00:00:00.000000,1,48.73,BUY
PYPL,2024-03-14T00:00:00.000000,0,46.09,SELL
PYPL,2024-03-15T00:00:00.000000,0,46.09,SELL
PYPL,2024-03-18T00:00:00.000000,0,46.09,SELL
PYPL,2024-03-19T00:00:00.000000,0,46.09,SELL
PYPL,2024-03-20T00:00:00.000000,0,46.09,SELL
PYPL,2024-03-21T00:00:00.000000,0,46.09,SELL
PYPL,2024-03-22T00:00:00.000000,0,46.09,SELL
PYPL,2024-03-25T00:00:00.000000,0,46.09,SELL
PYPL,2024-03-26T00:00:00.000000,0,42.94,SELL
PYPL,2024-03-27T00:00:00.000000,0,42.94,SELL
PYPL,2024-03-28T00:00:00.000000,0,42.94,SELL
PYPL,2024-04-01T00:00:00.000000,0,42.94,SELL
PYPL,2024-04-02T00:00:00.000000,0,42.94,SELL
PYPL,2024-04-03T00:00:00.000000,0,42.94,SELL
PYPL,2024-04-04T00:00:00.000000,0,42.94,SELL
PYPL,2024-04-05T00:00:00.000000,0,42.94,SELL
PYPL,2024-04-08T00:00:00.000000,0,42.94,SELL
PYPL,2024-04-09T00:00:00.000000,0,42.94,SELL
PYPL,2024-04-10T00:00:00.000000,0,42.94,SELL
PYPL,2024-04-11T00:00:00.000000,0,42.94,SELL
PYPL,2024-04-12T00:00:00.000000,0,42.94,SELL
PYPL,2024-04-15T00:00:00.000000,0,42.94,SELL
PYPL,2024-04-16T00:00:00.000000,0,46.09,SELL
PYPL,2024-04-17T00:00:00.000000,0,46.09,SELL
PYPL,2024-04-18T00:00:00.000000,0,48.73,SELL
PYPL,2024-04-19T00:00:00.000000,0,48.73,SELL
PYPL,2024-04-22T00:00:00.000000,0,48.73,SELL
PYPL,2024-04-23T00:00:00.000000,1,48.73,BUY
PYPL,2024-04-24T00:00:00.000000,1,48.73,BUY
PYPL,2024-04-25T00:00:00.000000,1,50.44,BUY
PYPL,2024-04-26T00:00:00.000000,1,50.44,BUY
PYPL,2024-04-29T00:00:00.000000,1,50.0,BUY
PYPL,2024-04-30T00:00:00.000000,1,48.73,BUY
PYPL,2024-05-01T00:00:00.000000,1,48.73,BUY
PYPL,2024-05-02T00:00:00.000000,1,48.73,BUY
PYPL,2024-05-03T00:00:00.000000,1,48.73,BUY
PYPL,2024-05-06T00:00:00.000000,1,50.44,BUY
PYPL,2024-05-07T00:00:00.000000,1,50.44,BUY
PYPL,2024-05-08T00:00:00.000000,1,50.44,BUY
PYPL,2024-05-09T00:00:00.000000,1,48.73,BUY
PYPL,2024-05-10T00:00:00.000000,0,48.73,SELL
PYPL,2024-05-13T00:00:00.000000,0,48.73,SELL
PYPL,2024-05-14T00:00:00.000000,0,46.09,SELL
PYPL,2024-05-15T00:00:00.000000,0,42.94,SELL
PYPL,2024-05-16T00:00:00.000000,0,42.94,SELL
PYPL,2024-05-17T00:00:00.000000,0,42.94,SELL
PYPL,2024-05-20T00:00:00.000000,0,39.62,SELL
PYPL,2024-05-21T00:00:00.000000,0,39.62,SELL
PYPL,2024-05-22T00:00:00.000000,0,39.62,SELL
PYPL,2024-05-23T00:00:00.000000,0,39.62,SELL
PYPL,2024-05-24T00:00:00.000000,0,40.0,SELL
PYPL,2024-05-28T00:00:00.000000,0,42.94,SELL
PYPL,2024-05-29T00:00:00.000000,0,42.94,SELL
PYPL,2024-05-30T00:00:00.000000,0,42.94,SELL
PYPL,2024-05-31T00:00:00.000000,0,42.94,SELL
PYPL,2024-06-03T00:00:00.000000,0,42.94,SELL
PYPL,2024-06-04T00:00:00.000000,0,42.94,SELL
PYPL,2024-06-05T00:00:00.000000,0,42.94,SELL
PYPL,2024-06-06T00:00:00.000000,0,42.94,SELL
PYPL,2024-06-07T00:00:00.000000,0,42.94,SELL
PYPL,2024-06-10T00:00:00.000000,0,42.94,SELL
PYPL,2024-06-11T00:00:00.000000,0,42.94,SELL
PYPL,2024-06-12T00:00:00.000000,0,46.09,SELL
PYPL,2024-06-13T00:00:00.000000,0,46.09,SELL
PYPL,2024-06-14T00:00:00.000000,0,46.09,SELL
PYPL,2024-06-17T00:00:00.000000,0,46.09,SELL
PYPL,2024-06-18T00:00:00.000000,0,46.09,SELL
PYPL,2024-06-20T00:00:00.000000,0,46.09,SELL
PYPL,2024-06-21T00:00:00.000000,0,46.09,SELL
PYPL,2024-06-24T00:00:00.000000,0,46.09,SELL
PYPL,2024-06-25T00:00:00.000000,0,46.09,SELL
PYPL,2024-06-26T00:00:00.000000,0,46.09,SELL
PYPL,2024-06-27T00:00:00.000000,0,42.94,SELL
PYPL,2024-06-28T00:00:00.000000,0,39.62,SELL
PYPL,2024-07-01T00:00:00.000000,0,39.62,SELL
PYPL,2024-07-02T00:00:00.000000,0,39.62,SELL
PYPL,2024-07-03T00:00:00.000000,0,39.62,SELL
PYPL,2024-07-05T00:00:00.000000,0,39.62,SELL
PYPL,2024-07-08T00:00:00.000000,0,42.94,SELL
PYPL,2024-07-09T00:00:00.000000,0,42.94,SELL
PYPL,2024-07-10T00:00:00.000000,0,42.94,SELL
PYPL,2024-07-11T00:00:00.000000,0,39.62,SELL
PYPL,2024-07-12T00:00:00.000000,0,39.62,SELL
PYPL,2024-07-15T00:00:00.000000,0,39.62,SELL
PYPL,2024-07-16T00:00:00.000000,0,39.62,SELL
PYPL,2024-07-17T00:00:00.000000,0,39.62,SELL
PYPL,2024-07-18T00:00:00.000000,0,39.62,SELL
PYPL,2024-07-19T00:00:00.000000,0,40.0,SELL
PYPL,2024-07-22T00:00:00.000000,0,42.94,SELL
PYPL,2024-07-23T00:00:00.000000,0,42.94,SELL
PYPL,2024-07-24T00:00:00.000000,0,46.09,SELL
PYPL,2024-07-25T00:00:00.000000,1,48.73,BUY
PYPL,2024-07-26T00:00:00.000000,1,48.73,BUY
PYPL,2024-07-29T00:00:00.000000,1,48.73,BUY
PYPL,2024-07-30T00:00:00.000000,1,48.73,BUY
PYPL,2024-07-31T00:00:00.000000,1,48.73,BUY
PYPL,2024-08-01T00:00:00.000000,1,50.44,BUY
PYPL,2024-08-02T00:00:00.000000,1,50.44,BUY
PYPL,2024-08-05T00:00:00.000000,1,50.44,BUY
PYPL,2024-08-06T00:00:00.000000,1,50.44,BUY
PYPL,2024-08-07T00:00:00.000000,1,50.44,BUY
PYPL,2024-08-08T00:00:00.000000,1,50.69,BUY
PYPL,2024-08-09T00:00:00.000000,1,50.69,BUY
PYPL,2024-08-12T00:00:00.000000,1,50.69,BUY
PYPL,2024-08-13T00:00:00.000000,1,50.69,BUY
PYPL,2024-08-14T00:00:00.000000,1,50.44,BUY
PYPL,2024-08-15T00:00:00.000000,1,48.73,BUY
PYPL,2024-08-16T00:00:00.000000,0,48.73,SELL
PYPL,2024-08-19T00:00:00.000000,0,46.09,SELL
PYPL,2024-08-20T00:00:00.000000,0,42.94,SELL
PYPL,2024-08-21T00:00:00.000000,0,42.94,SELL
PYPL,2024-08-22T00:00:00.000000,0,42.94,SELL
PYPL,2024-08-23T00:00:00.000000,0,42.94,SELL
PYPL,2024-08-26T00:00:00.000000,0,42.94,SELL
PYPL,2024-08-27T00:00:00.000000,0,42.94,SELL
PYPL,2024-08-28T00:00:00.000000,0,42.94,SELL
PYPL,2024-08-29T00:00:00.000000,0,42.94,SELL
PYPL,2024-08-30T00:00:00.000000,0,42.94,SELL
PYPL,2024-09-03T00:00:00.000000,0,42.94,SELL
PYPL,2024-09-04T00:00:00.000000,0,46.09,SELL
PYPL,2024-09-05T00:00:00.000000,0,46.09,SELL
PYPL,2024-09-06T00:00:00.000000,0,46.09,SELL
PYPL,2024-09-09T00:00:00.000000,0,48.73,SELL
PYPL,2024-09-10T00:00:00.000000,0,48.73,SELL
PYPL,2024-09-11T00:00:00.000000,0,46.09,SELL
PYPL,2024-09-12T00:00:00.000000,0,46.09,SELL
PYPL,2024-09-13T00:00:00.000000,0,46.09,SELL
PYPL,2024-09-16T00:00:00.000000,0,46.09,SELL
PYPL,2024-09-17T00:00:00.000000,0,46.09,SELL
PYPL,2024-09-18T00:00:00.000000,0,42.94,SELL
PYPL,2024-09-19T00:00:00.000000,0,42.94,SELL
PYPL,2024-09-20T00:00:00.000000,0,42.94,SELL
PYPL,2024-09-23T00:00:00.000000,0,42.94,SELL
PYPL,2024-09-24T00:00:00.000000,0,42.94,SELL
PYPL,2024-09-25T00:00:00.000000,0,42.94,SELL
PYPL,2024-09-26T00:00:00.000000,0,42.94,SELL
PYPL,2024-09-27T00:00:00.000000,0,42.94,SELL
PYPL,2024-09-30T00:00:00.000000,0,42.94,SELL
PYPL,2024-10-01T00:00:00.000000,0,42.94,SELL
PYPL,2024-10-02T00:00:00.000000,0,42.94,SELL
PYPL,2024-10-03T00:00:00.000000,0,42.94,SELL
PYPL,2024-10-04T00:00:00.000000,0,42.94,SELL
PYPL,2024-10-07T00:00:00.000000,0,42.94,SELL
PYPL,2024-10-08T00:00:00.000000,0,42.94,SELL
PYPL,2024-10-09T00:00:00.000000,0,46.09,SELL
PYPL,2024-10-10T00:00:00.000000,0,46.09,SELL
PYPL,2024-10-11T00:00:00.000000,0,46.09,SELL
PYPL,2024-10-14T00:00:00.000000,0,46.09,SELL
PYPL,2024-10-15T00:00:00.000000,0,42.94,SELL
PYPL,2024-10-16T00:00:00.000000,0,42.94,SELL
PYPL,2024-10-17T00:00:00.000000,0,42.94,SELL
PYPL,2024-10-18T00:00:00.000000,0,42.94,SELL
PYPL,2024-10-21T00:00:00.000000,0,42.94,SELL
PYPL,2024-10-22T00:00:00.000000,0,46.09,SELL
PYPL,2024-10-23T00:00:00.000000,0,46.09,SELL
PYPL,2024-10-24T00:00:00.000000,0,46.09,SELL
PYPL,2024-10-25T00:00:00.000000,0,46.09,SELL
PYPL,2024-10-28T00:00:00.000000,1,48.73,BUY
PYPL,2024-10-29T00:00:00.000000,1,48.73,BUY
PYPL,2024-10-30T00:00:00.000000,1,48.73,BUY
PYPL,2024-10-31T00:00:00.000000,1,50.44,BUY
PYPL,2024-11-01T00:00:00.000000,1,50.44,BUY
PYPL,2024-11-04T00:00:00.000000,1,50.44,BUY
PYPL,2024-11-05T00:00:00.000000,1,50.69,BUY
PYPL,2024-11-06T00:00:00.000000,1,50.69,BUY
PYPL,2024-11-07T00:00:00.000000,1,50.44,BUY
PYPL,2024-11-08T00:00:00.000000,1,50.44,BUY
PYPL,2024-11-11T00:00:00.000000,1,50.44,BUY
PYPL,2024-11-12T00:00:00.000000,1,48.73,BUY
PYPL,2024-11-13T00:00:00.000000,1,48.73,BUY
PYPL,2024-11-14T00:00:00.000000,1,48.73,BUY
PYPL,2024-11-15T00:00:00.000000,1,50.44,BUY
PYPL,2024-11-18T00:00:00.000000,1,48.73,BUY
PYPL,2024-11-19T00:00:00.000000,1,48.73,BUY
PYPL,2024-11-20T00:00:00.000000,1,48.73,BUY
PYPL,2024-11-21T00:00:00.000000,0,48.73,SELL
PYPL,2024-11-22T00:00:00.000000,0,48.73,SELL
PYPL,2024-11-25T00:00:00.000000,1,48.73,BUY
PYPL,2024-11-26T00:00:00.000000,1,48.73,BUY
PYPL,2024-11-27T00:00:00.000000,1,48.73,BUY
PYPL,2024-11-29T00:00:00.000000,1,48.73,BUY
PYPL,2024-12-02T00:00:00.000000,1,48.73,BUY
PYPL,2024-12-03T00:00:00.000000,0,46.09,SELL
PYPL,2024-12-04T00:00:00.000000,0,42.94,SELL
PYPL,2024-12-05T00:00:00.000000,0,42.94,SELL
PYPL,2024-12-06T00:00:00.000000,0,42.94,SELL
PYPL,2024-12-09T00:00:00.000000,0,42.94,SELL
PYPL,2024-12-10T00:00:00.000000,0,42.94,SELL
PYPL,2024-12-11T00:00:00.000000,0,42.94,SELL
PYPL,2024-12-12T00:00:00.000000,0,46.09,SELL
PYPL,2024-12-13T00:00:00.000000,0,46.09,SELL
PYPL,2024-12-16T00:00:00.000000,0,46.09,SELL
PYPL,2024-12-17T00:00:00.000000,0,46.09,SELL
PYPL,2024-12-18T00:00:00.000000,0,48.73,SELL
PYPL,2024-12-19T00:00:00.000000,1,48.73,BUY
PYPL,2024-12-20T00:00:00.000000,1,48.73,BUY
QQQ,2023-02-21T00:00:00.000000,1,50.44,BUY
QQQ,2023-02-22T00:00:00.000000,1,50.44,BUY
QQQ,2023-02-23T00:00:00.000000,1,50.69,BUY
QQQ,2023-02-24T00:00:00.000000,1,50.69,BUY
QQQ,2023-02-27T00:00:00.000000,1,50.69,BUY
QQQ,2023-02-28T00:00:00.000000,1,50.69,BUY
QQQ,2023-03-01T00:00:00.000000,1,50.69,BUY
QQQ,2023-03-02T00:00:00.000000,1,50.69,BUY
QQQ,2023-03-03T00:00:00.000000,1,50.69,BUY
QQQ,2023-03-06T00:00:00.000000,1,50.69,BUY
QQQ,2023-03-07T00:00:00.000000,1,50.69,BUY
QQQ,2023-03-08T00:00:00.000000,1,50.69,BUY
QQQ,2023-03-09T00:00:00.000000,1,50.69,BUY
QQQ,2023-03-10T00:00:00.000000,1,50.69,BUY
QQQ,2023-03-13T00:00:00.000000,1,50.69,BUY
QQQ,2023-03-14T00:00:00.000000,1,50.69,BUY
QQQ,2023-03-15T00:00:00.000000,1,50.69,BUY
QQQ,2023-03-16T00:00:00.000000,1,50.69,BUY
QQQ,2023-03-17T00:00:00.000000,1,50.69,BUY
QQQ,2023-03-20T00:00:00.000000,1,50.69,BUY
QQQ,2023-03-21T00:00:00.000000,1,50.69,BUY
QQQ,2023-03-22T00:00:00.000000,1,50.69,BUY
QQQ,2023-03-23T00:00:00.000000,1,50.69,BUY
QQQ,2023-03-24T00:00:00.000000,1,50.69,BUY
QQQ,2023-03-27T00:00:00.000000,1,50.44,BUY
QQQ,2023-03-28T00:00:00.000000,1,50.44,BUY
QQQ,2023-03-29T00:00:00.000000,1,50.44,BUY
QQQ,2023-03-30T00:00:00.000000,1,50.44,BUY
QQQ,2023-03-31T00:00:00.000000,1,50.44,BUY
QQQ,2023-04-03T00:00:00.000000,1,50.44,BUY
QQQ,2023-04-04T00:00:00.000000,1,50.44,BUY
QQQ,2023-04-05T00:00:00.000000,1,50.44,BUY
QQQ,2023-04-06T00:00:00.000000,1,50.44,BUY
QQQ,2023-04-10T00:00:00.000000,1,50.44,BUY
QQQ,2023-04-11T00:00:00.000000,1,50.44,BUY
QQQ,2023-04-12T00:00:00.000000,1,50.44,BUY
QQQ,2023-04-13T00:00:00.000000,1,50.44,BUY
QQQ,2023-04-14T00:00:00.000000,1,50.44,BUY
QQQ,2023-04-17T00:00:00.000000,1,50.44,BUY
QQQ,2023-04-18T00:00:00.000000,1,50.44,BUY
QQQ,2023-04-19T00:00:00.000000,1,50.44,BUY
QQQ,2023-04-20T00:00:00.000000,1,50.69,BUY
QQQ,2023-04-21T00:00:00.000000,1,50.69,BUY
QQQ,2023-04-24T00:00:00.000000,1,50.69,BUY
QQQ,2023-04-25T00:00:00.000000,1,50.69,BUY
QQQ,2023-04-26T00:00:00.000000,1,50.69,BUY
QQQ,2023-04-27T00:00:00.000000,1,50.69,BUY
QQQ,2023-04-28T00:00:00.000000,1,50.69,BUY
QQQ,2023-05-01T00:00:00.000000,1,50.69,BUY
QQQ,2023-05-02T00:00:00.000000,1,50.69,BUY
QQQ,2023-05-03T00:00:00.000000,1,50.69,BUY
QQQ,2023-05-04T00:00:00.000000,1,50.69,BUY
QQQ,2023-05-05T00:00:00.000000,1,50.69,BUY
QQQ,2023-05-08T00:00:00.000000,1,50.69,BUY
QQQ,2023-05-09T00:00:00.000000,1,50.69,BUY
QQQ,2023-05-10T00:00:00.000000,1,50.69,BUY
QQQ,2023-05-11T00:00:00.000000,1,50.69,BUY
QQQ,2023-05-12T00:00:00.000000,1,50.69,BUY
QQQ,2023-05-15T00:00:00.000000,1,50.69,BUY
QQQ,2023-05-16T00:00:00.000000,1,50.69,BUY
QQQ,2023-05-17T00:00:00.000000,1,50.69,BUY
QQQ,2023-05-18T00:00:00.000000,1,50.69,BUY
QQQ,2023-05-19T00:00:00.000000,1,50.69,BUY
QQQ,2023-05-22T00:00:00.000000,1,50.69,BUY
QQQ,2023-05-23T00:00:00.000000,1,50.69,BUY
QQQ,2023-05-24T00:00:00.000000,1,50.69,BUY
QQQ,2023-05-25T00:00:00.000000,1,50.69,BUY
QQQ,2023-05-26T00:00:00.000000,1,50.69,BUY
QQQ,2023-05-30T00:00:00.000000,1,50.69,BUY
QQQ,2023-05-31T00:00:00.000000,1,50.69,BUY
QQQ,2023-06-01T00:00:00.000000,1,50.69,BUY
QQQ,2023-06-02T00:00:00.000000,1,50.69,BUY
QQQ,2023-06-05T00:00:00.000000,1,50.69,BUY
QQQ,2023-06-06T00:00:00.000000,1,50.69,BUY
QQQ,2023-06-07T00:00:00.000000,1,50.44,BUY
QQQ,2023-06-08T00:00:00.000000,1,50.44,BUY
QQQ,2023-06-09T00:00:00.000000,1,48.73,BUY
QQQ,2023-06-12T00:00:00.000000,1,48.73,BUY
QQQ,2023-06-13T00:00:00.000000,1,48.73,BUY
QQQ,2023-06-14T00:00:00.000000,1,48.73,BUY
QQQ,2023-06-15T00:00:00.000000,1,48.73,BUY
QQQ,2023-06-16T00:00:00.000000,1,48.73,BUY
QQQ,2023-06-20T00:00:00.000000,1,48.73,BUY
QQQ,2023-06-21T00:00:00.000000,1,48.73,BUY
QQQ,2023-06-22T00:00:00.000000,1,48.73,BUY
QQQ,2023-06-23T00:00:00.000000,1,48.73,BUY
QQQ,2023-06-26T00:00:00.000000,1,48.73,BUY
QQQ,2023-06-27T00:00:00.000000,1,48.73,BUY
QQQ,2023-06-28T00:00:00.000000,1,48.73,BUY
QQQ,2023-06-29T00:00:00.000000,1,50.44,BUY
QQQ,2023-06-30T00:00:00.000000,1,50.44,BUY
QQQ,2023-07-03T00:00:00.000000,1,50.44,BUY
QQQ,2023-07-05T00:00:00.000000,1,50.44,BUY
QQQ,2023-07-06T00:00:00.000000,1,50.44,BUY
QQQ,2023-07-07T00:00:00.000000,1,50.44,BUY
QQQ,2023-07-10T00:00:00.000000,1,50.44,BUY
QQQ,2023-07-11T00:00:00.000000,1,50.44,BUY
QQQ,2023-07-12T00:00:00.000000,1,50.44,BUY
QQQ,2023-07-13T00:00:00.000000,1,50.44,BUY
QQQ,2023-07-14T00:00:00.000000,1,50.44,BUY
QQQ,2023-07-17T00:00:00.000000,1,50.44,BUY
QQQ,2023-07-18T00:00:00.000000,1,50.44,BUY
QQQ,2023-07-19T00:00:00.000000,1,50.44,BUY
QQQ,2023-07-20T00:00:00.000000,1,50.44,BUY
QQQ,2023-07-21T00:00:00.000000,1,50.44,BUY
QQQ,2023-07-24T00:00:00.000000,1,50.44,BUY
QQQ,2023-07-25T00:00:00.000000,1,48.73,BUY
QQQ,2023-07-26T00:00:00.000000,1,48.73,BUY
QQQ,2023-07-27T00:00:00.000000,1,48.73,BUY
QQQ,2023-07-28T00:00:00.000000,1,48.73,BUY
QQQ,2023-07-31T00:00:00.000000,1,48.73,BUY
QQQ,2023-08-01T00:00:00.000000,1,48.73,BUY
QQQ,2023-08-02T00:00:00.000000,1,48.73,BUY
QQQ,2023-08-03T00:00:00.000000,1,50.44,BUY
QQQ,2023-08-04T00:00:00.000000,1,48.73,BUY
QQQ,2023-08-07T00:00:00.000000,1,48.73,BUY
QQQ,2023-08-08T00:00:00.000000,1,48.73,BUY
QQQ,2023-08-09T00:00:00.000000,1,48.73,BUY
QQQ,2023-08-10T00:00:00.000000,1,50.44,BUY
QQQ,2023-08-11T00:00:00.000000,1,50.44,BUY
QQQ,2023-08-14T00:00:00.000000,1,50.44,BUY
QQQ,2023-08-15T00:00:00.000000,1,50.69,BUY
QQQ,2023-08-16T00:00:00.000000,1,50.69,BUY
QQQ,2023-08-17T00:00:00.000000,1,50.69,BUY
QQQ,2023-08-18T00:00:00.000000,1,50.69,BUY
QQQ,2023-08-21T00:00:00.000000,1,50.69,BUY
QQQ,2023-08-22T00:00:00.000000,1,50.69,BUY
QQQ,2023-08-23T00:00:00.000000,1,50.69,BUY
QQQ,2023-08-24T00:00:00.000000,1,50.69,BUY
QQQ,2023-08-25T00:00:00.000000,1,50.69,BUY
QQQ,2023-08-28T00:00:00.000000,1,50.69,BUY
QQQ,2023-08-29T00:00:00.000000,1,50.69,BUY
QQQ,2023-08-30T00:00:00.000000,1,50.69,BUY
QQQ,2023-08-31T00:00:00.000000,1,50.69,BUY
QQQ,2023-09-01T00:00:00.000000,1,50.44,BUY
QQQ,2023-09-05T00:00:00.000000,1,50.44,BUY
QQQ,2023-09-06T00:00:00.000000,1,50.44,BUY
QQQ,2023-09-07T00:00:00.000000,1,50.44,BUY
QQQ,2023-09-08T00:00:00.000000,1,50.44,BUY
QQQ,2023-09-11T00:00:00.000000,1,50.44,BUY
QQQ,2023-09-12T00:00:00.000000,1,50.44,BUY
QQQ,2023-09-13T00:00:00.000000,1,50.69,BUY
QQQ,2023-09-14T00:00:00.000000,1,50.69,BUY
QQQ,2023-09-15T00:00:00.000000,1,50.69,BUY
QQQ,2023-09-18T00:00:00.000000,1,50.69,BUY
QQQ,2023-09-19T00:00:00.000000,1,50.69,BUY
QQQ,2023-09-20T00:00:00.000000,1,50.69,BUY
QQQ,2023-09-21T00:00:00.000000,1,50.69,BUY
QQQ,2023-09-22T00:00:00.000000,1,50.69,BUY
QQQ,2023-09-25T00:00:00.000000,1,50.69,BUY
QQQ,2023-09-26T00:00:00.000000,1,50.69,BUY
QQQ,2023-09-27T00:00:00.000000,1,50.69,BUY
QQQ,2023-09-28T00:00:00.000000,1,50.69,BUY
QQQ,2023-09-29T00:00:00.000000,1,50.69,BUY
QQQ,2023-10-02T00:00:00.000000,1,50.69,BUY
QQQ,2023-10-03T00:00:00.000000,1,50.69,BUY
QQQ,2023-10-04T00:00:00.000000,1,50.69,BUY
QQQ,2023-10-05T00:00:00.000000,1,50.69,BUY
QQQ,2023-10-06T00:00:00.000000,1,50.69,BUY
QQQ,2023-10-09T00:00:00.000000,1,50.69,BUY
QQQ,2023-10-10T00:00:00.000000,1,50.69,BUY
QQQ,2023-10-11T00:00:00.000000,1,50.69,BUY
QQQ,2023-10-12T00:00:00.000000,1,50.69,BUY
QQQ,2023-10-13T00:00:00.000000,1,50.69,BUY
QQQ,2023-10-16T00:00:00.000000,1,50.69,BUY
QQQ,2023-10-17T00:00:00.000000,1,50.69,BUY
QQQ,2023-10-18T00:00:00.000000,1,50.69,BUY
QQQ,2023-10-19T00:00:00.000000,1,50.69,BUY
QQQ,2023-10-20T00:00:00.000000,1,50.69,BUY
QQQ,2023-10-23T00:00:00.000000,1,50.69,BUY
QQQ,2023-10-24T00:00:00.000000,1,50.69,BUY
QQQ,2023-10-25T00:00:00.000000,1,50.69,BUY
QQQ,2023-10-26T00:00:00.000000,1,50.69,BUY
QQQ,2023-10-27T00:00:00.000000,1,50.69,BUY
QQQ,2023-10-30T00:00:00.000000,1,50.69,BUY
QQQ,2023-10-31T00:00:00.000000,1,50.69,BUY
QQQ,2023-11-01T00:00:00.000000,1,50.69,BUY
QQQ,2023-11-02T00:00:00.000000,1,50.69,BUY
QQQ,2023-11-03T00:00:00.000000,1,50.69,BUY
QQQ,2023-11-06T00:00:00.000000,1,50.69,BUY
QQQ,2023-11-07T00:00:00.000000,1,50.69,BUY
QQQ,2023-11-08T00:00:00.000000,1,50.69,BUY
QQQ,2023-11-09T00:00:00.000000,1,50.69,BUY
QQQ,2023-11-10T00:00:00.000000,1,50.44,BUY
QQQ,2023-11-13T00:00:00.000000,1,50.44,BUY
QQQ,2023-11-14T00:00:00.000000,1,50.44,BUY
QQQ,2023-11-15T00:00:00.000000,1,48.73,BUY
QQQ,2023-11-16T00:00:00.000000,1,48.73,BUY
QQQ,2023-11-17T00:00:00.000000,1,48.73,BUY
QQQ,2023-11-20T00:00:00.000000,1,48.73,BUY
QQQ,2023-11-21T00:00:00.000000,1,48.73,BUY
QQQ,2023-11-22T00:00:00.000000,1,48.73,BUY
QQQ,2023-11-24T00:00:00.000000,1,48.73,BUY
QQQ,2023-11-27T00:00:00.000000,1,50.44,BUY
QQQ,2023-11-28T00:00:00.000000,1,50.44,BUY
QQQ,2023-11-29T00:00:00.000000,1,50.44,BUY
QQQ,2023-11-30T00:00:00.000000,1,50.44,BUY
QQQ,2023-12-01T00:00:00.000000,1,50.44,BUY
QQQ,2023-12-04T00:00:00.000000,1,50.44,BUY
QQQ,2023-12-05T00:00:00.000000,1,50.44,BUY
QQQ,2023-12-06T00:00:00.000000,1,50.44,BUY
QQQ,2023-12-07T00:00:00.000000,1,50.69,BUY
QQQ,2023-12-08T00:00:00.000000,1,50.69,BUY
QQQ,2023-12-11T00:00:00.000000,1,50.69,BUY
QQQ,2023-12-12T00:00:00.000000,1,50.69,BUY
QQQ,2023-12-13T00:00:00.000000,1,50.44,BUY
QQQ,2023-12-14T00:00:00.000000,1,50.44,BUY
QQQ,2023-12-15T00:00:00.000000,1,50.44,BUY
QQQ,2023-12-18T00:00:00.000000,1,50.44,BUY
QQQ,2023-12-19T00:00:00.000000,1,50.44,BUY
QQQ,2023-12-20T00:00:00.000000,1,50.44,BUY
QQQ,2023-12-21T00:00:00.000000,1,50.44,BUY
QQQ,2023-12-22T00:00:00.000000,1,50.44,BUY
QQQ,2023-12-26T00:00:00.000000,1,50.44,BUY
QQQ,2023-12-27T00:00:00.000000,1,50.44,BUY
QQQ,2023-12-28T00:00:00.000000,1,50.44,BUY
QQQ,2023-12-29T00:00:00.000000,1,50.44,BUY
QQQ,2024-01-02T00:00:00.000000,1,50.44,BUY
QQQ,2024-01-03T00:00:00.000000,1,50.44,BUY
QQQ,2024-01-04T00:00:00.000000,1,50.44,BUY
QQQ,2024-01-05T00:00:00.000000,1,50.69,BUY
QQQ,2024-01-08T00:00:00.000000,1,50.69,BUY
QQQ,2024-01-09T00:00:00.000000,1,50.69,BUY
QQQ,2024-01-10T00:00:00.000000,1,50.69,BUY
QQQ,2024-01-11T00:00:00.000000,1,50.69,BUY
QQQ,2024-01-12T00:00:00.000000,1,50.69,BUY
QQQ,2024-01-16T00:00:00.000000,1,50.69,BUY
QQQ,2024-01-17T00:00:00.000000,1,50.69,BUY
QQQ,2024-01-18T00:00:00.000000,1,50.69,BUY
QQQ,2024-01-19T00:00:00.000000,1,50.69,BUY
QQQ,2024-01-22T00:00:00.000000,1,50.69,BUY
QQQ,2024-01-23T00:00:00.000000,1,50.69,BUY
QQQ,2024-01-24T00:00:00.000000,1,50.69,BUY
QQQ,2024-01-25T00:00:00.000000,1,50.69,BUY
QQQ,2024-01-26T00:00:00.000000,1,50.69,BUY
QQQ,2024-01-29T00:00:00.000000,1,50.69,BUY
QQQ,2024-01-30T00:00:00.000000,1,50.44,BUY
QQQ,2024-01-31T00:00:00.000000,1,50.44,BUY
QQQ,2024-02-01T00:00:00.000000,1,50.44,BUY
QQQ,2024-02-02T00:00:00.000000,1,50.44,BUY
QQQ,2024-02-05T00:00:00.000000,1,50.44,BUY
QQQ,2024-02-06T00:00:00.000000,1,50.44,BUY
QQQ,2024-02-07T00:00:00.000000,1,50.69,BUY
QQQ,2024-02-08T00:00:00.000000,1,50.69,BUY
QQQ,2024-02-09T00:00:00.000000,1,50.69,BUY
QQQ,2024-02-12T00:00:00.000000,1,50.69,BUY
QQQ,2024-02-13T00:00:00.000000,1,50.69,BUY
QQQ,2024-02-14T00:00:00.000000,1,50.69,BUY
QQQ,2024-02-15T00:00:00.000000,1,50.69,BUY
QQQ,2024-02-16T00:00:00.000000,1,50.69,BUY
QQQ,2024-02-20T00:00:00.000000,1,50.44,BUY
QQQ,2024-02-21T00:00:00.000000,1,50.44,BUY
QQQ,2024-02-22T00:00:00.000000,1,50.44,BUY
QQQ,2024-02-23T00:00:00.000000,1,50.44,BUY
QQQ,2024-02-26T00:00:00.000000,1,50.44,BUY
QQQ,2024-02-27T00:00:00.000000,1,50.69,BUY
QQQ,2024-02-28T00:00:00.000000,1,50.69,BUY
QQQ,2024-02-29T00:00:00.000000,1,50.69,BUY
QQQ,2024-03-01T00:00:00.000000,1,50.44,BUY
QQQ,2024-03-04T00:00:00.000000,1,50.44,BUY
QQQ,2024-03-05T00:00:00.000000,1,50.44,BUY
QQQ,2024-03-06T00:00:00.000000,1,50.69,BUY
QQQ,2024-03-07T00:00:00.000000,1,50.69,BUY
QQQ,2024-03-08T00:00:00.000000,1,50.69,BUY
QQQ,2024-03-11T00:00:00.000000,1,50.69,BUY
QQQ,2024-03-12T00:00:00.000000,1,50.44,BUY
QQQ,2024-03-13T00:00:00.000000,1,50.44,BUY
QQQ,2024-03-14T00:00:00.000000,1,50.44,BUY
QQQ,2024-03-15T00:00:00.000000,1,50.44,BUY
QQQ,2024-03-18T00:00:00.000000,1,50.44,BUY
QQQ,2024-03-19T00:00:00.000000,1,50.44,BUY
QQQ,2024-03-20T00:00:00.000000,1,50.44,BUY
QQQ,2024-03-21T00:00:00.000000,1,48.73,BUY
QQQ,2024-03-22T00:00:00.000000,1,48.73,BUY
QQQ,2024-03-25T00:00:00.000000,1,48.73,BUY
QQQ,2024-03-26T00:00:00.000000,1,48.73,BUY
QQQ,2024-03-27T00:00:00.000000,1,48.73,BUY
QQQ,2024-03-28T00:00:00.000000,0,48.73,SELL
QQQ,2024-04-01T00:00:00.000000,0,46.09,SELL
QQQ,2024-04-02T00:00:00.000000,0,46.09,SELL
QQQ,2024-04-03T00:00:00.000000,0,46.09,SELL
QQQ,2024-04-04T00:00:00.000000,0,48.73,SELL
QQQ,2024-04-05T00:00:00.000000,1,48.73,BUY
QQQ,2024-04-08T00:00:00.000000,1,48.73,BUY
QQQ,2024-04-09T00:00:00.000000,1,48.73,BUY
QQQ,2024-04-10T00:00:00.000000,1,50.44,BUY
QQQ,2024-04-11T00:00:00.000000,1,50.44,BUY
QQQ,2024-04-12T00:00:00.000000,1,50.44,BUY
QQQ,2024-04-15T00:00:00.000000,1,50.69,BUY
QQQ,2024-04-16T00:00:00.000000,1,50.69,BUY
QQQ,2024-04-17T00:00:00.000000,1,50.69,BUY
QQQ,2024-04-18T00:00:00.000000,1,50.69,BUY
QQQ,2024-04-19T00:00:00.000000,1,50.69,BUY
QQQ,2024-04-22T00:00:00.000000,1,50.69,BUY
QQQ,2024-04-23T00:00:00.000000,1,50.69,BUY
QQQ,2024-04-24T00:00:00.000000,1,50.69,BUY
QQQ,2024-04-25T00:00:00.000000,1,50.69,BUY
QQQ,2024-04-26T00:00:00.000000,1,50.69,BUY
QQQ,2024-04-29T00:00:00.000000,1,50.69,BUY
QQQ,2024-04-30T00:00:00.000000,1,50.69,BUY
QQQ,2024-05-01T00:00:00.000000,1,50.69,BUY
QQQ,2024-05-02T00:00:00.000000,1,50.69,BUY
QQQ,2024-05-03T00:00:00.000000,1,50.44,BUY
QQQ,2024-05-06T00:00:00.000000,1,50.69,BUY
QQQ,2024-05-07T00:00:00.000000,1,50.69,BUY
QQQ,2024-05-08T00:00:00.000000,1,50.69,BUY
QQQ,2024-05-09T00:00:00.000000,1,50.44,BUY
QQQ,2024-05-10T00:00:00.000000,1,48.73,BUY
QQQ,2024-05-13T00:00:00.000000,1,48.73,BUY
QQQ,2024-05-14T00:00:00.000000,0,48.73,SELL
QQQ,2024-05-15T00:00:00.000000,0,48.73,SELL
QQQ,2024-05-16T00:00:00.000000,0,48.73,SELL
QQQ,2024-05-17T00:00:00.000000,1,48.73,BUY
QQQ,2024-05-20T00:00:00.000000,1,48.73,BUY
QQQ,2024-05-21T00:00:00.000000,1,48.73,BUY
QQQ,2024-05-22T00:00:00.000000,1,48.73,BUY
QQQ,2024-05-23T00:00:00.000000,1,50.44,BUY
QQQ,2024-05-24T00:00:00.000000,1,50.44,BUY
QQQ,2024-05-28T00:00:00.000000,1,50.44,BUY
QQQ,2024-05-29T00:00:00.000000,1,50.44,BUY
QQQ,2024-05-30T00:00:00.000000,1,50.44,BUY
QQQ,2024-05-31T00:00:00.000000,1,50.69,BUY
QQQ,2024-06-03T00:00:00.000000,1,50.69,BUY
QQQ,2024-06-04T00:00:00.000000,1,50.69,BUY
QQQ,2024-06-05T00:00:00.000000,1,50.69,BUY
QQQ,2024-06-06T00:00:00.000000,1,50.69,BUY
QQQ,2024-06-07T00:00:00.000000,1,50.69,BUY
QQQ,2024-06-10T00:00:00.000000,1,50.69,BUY
QQQ,2024-06-11T00:00:00.000000,1,50.69,BUY
QQQ,2024-06-12T00:00:00.000000,1,50.69,BUY
QQQ,2024-06-13T00:00:00.000000,1,50.69,BUY
QQQ,2024-06-14T00:00:00.000000,1,50.69,BUY
QQQ,2024-06-17T00:00:00.000000,1,50.69,BUY
QQQ,2024-06-18T00:00:00.000000,1,50.69,BUY
QQQ,2024-06-20T00:00:00.000000,1,50.69,BUY
QQQ,2024-06-21T00:00:00.000000,1,50.69,BUY
QQQ,2024-06-24T00:00:00.000000,1,50.69,BUY
QQQ,2024-06-25T00:00:00.000000,1,50.69,BUY
QQQ,2024-06-26T00:00:00.000000,1,50.69,BUY
QQQ,2024-06-27T00:00:00.000000,1,50.44,BUY
QQQ,2024-06-28T00:00:00.000000,1,50.44,BUY
QQQ,2024-07-01T00:00:00.000000,1,50.44,BUY
QQQ,2024-07-02T00:00:00.000000,1,50.69,BUY
QQQ,2024-07-03T00:00:00.000000,1,50.44,BUY
QQQ,2024-07-05T00:00:00.000000,1,50.44,BUY
QQQ,2024-07-08T00:00:00.000000,1,50.44,BUY
QQQ,2024-07-09T00:00:00.000000,1,50.44,BUY
QQQ,2024-07-10T00:00:00.000000,1,50.44,BUY
QQQ,2024-07-11T00:00:00.000000,1,50.44,BUY
QQQ,2024-07-12T00:00:00.000000,1,50.44,BUY
QQQ,2024-07-15T00:00:00.000000,1,48.73,BUY
QQQ,2024-07-16T00:00:00.000000,1,48.73,BUY
QQQ,2024-07-17T00:00:00.000000,1,48.73,BUY
QQQ,2024-07-18T00:00:00.000000,1,48.73,BUY
QQQ,2024-07-19T00:00:00.000000,1,48.73,BUY
QQQ,2024-07-22T00:00:00.000000,1,48.73,BUY
QQQ,2024-07-23T00:00:00.000000,1,50.44,BUY
QQQ,2024-07-24T00:00:00.000000,1,50.44,BUY
QQQ,2024-07-25T00:00:00.000000,1,50.44,BUY
QQQ,2024-07-26T00:00:00.000000,1,50.44,BUY
QQQ,2024-07-29T00:00:00.000000,1,50.44,BUY
QQQ,2024-07-30T00:00:00.000000,1,50.44,BUY
QQQ,2024-07-31T00:00:00.000000,1,50.44,BUY
QQQ,2024-08-01T00:00:00.000000,1,50.44,BUY
QQQ,2024-08-02T00:00:00.000000,1,50.69,BUY
QQQ,2024-08-05T00:00:00.000000,1,50.44,BUY
QQQ,2024-08-06T00:00:00.000000,1,50.44,BUY
QQQ,2024-08-07T00:00:00.000000,1,48.73,BUY
QQQ,2024-08-08T00:00:00.000000,1,48.73,BUY
QQQ,2024-08-09T00:00:00.000000,1,48.73,BUY
QQQ,2024-08-12T00:00:00.000000,1,48.73,BUY
QQQ,2024-08-13T00:00:00.000000,1,48.73,BUY
QQQ,2024-08-14T00:00:00.000000,1,48.73,BUY
QQQ,2024-08-15T00:00:00.000000,1,48.73,BUY
QQQ,2024-08-16T00:00:00.000000,0,48.73,SELL
QQQ,2024-08-19T00:00:00.000000,0,46.09,SELL
QQQ,2024-08-20T00:00:00.000000,0,46.09,SELL
QQQ,2024-08-21T00:00:00.000000,0,48.73,SELL
QQQ,2024-08-22T00:00:00.000000,1,48.73,BUY
QQQ,2024-08-23T00:00:00.000000,1,48.73,BUY
QQQ,2024-08-26T00:00:00.000000,1,48.73,BUY
QQQ,2024-08-27T00:00:00.000000,1,48.73,BUY
QQQ,2024-08-28T00:00:00.000000,1,48.73,BUY
QQQ,2024-08-29T00:00:00.000000,1,48.73,BUY
QQQ,2024-08-30T00:00:00.000000,1,48.73,BUY
QQQ,2024-09-03T00:00:00.000000,1,48.73,BUY
QQQ,2024-09-04T00:00:00.000000,1,50.44,BUY
QQQ,2024-09-05T00:00:00.000000,1,50.44,BUY
QQQ,2024-09-06T00:00:00.000000,1,50.44,BUY
QQQ,2024-09-09T00:00:00.000000,1,50.44,BUY
QQQ,2024-09-10T00:00:00.000000,1,50.69,BUY
QQQ,2024-09-11T00:00:00.000000,1,50.69,BUY
QQQ,2024-09-12T00:00:00.000000,1,50.69,BUY
QQQ,2024-09-13T00:00:00.000000,1,50.69,BUY
QQQ,2024-09-16T00:00:00.000000,1,50.69,BUY
QQQ,2024-09-17T00:00:00.000000,1,50.69,BUY
QQQ,2024-09-18T00:00:00.000000,1,50.69,BUY
QQQ,2024-09-19T00:00:00.000000,1,50.69,BUY
QQQ,2024-09-20T00:00:00.000000,1,50.44,BUY
QQQ,2024-09-23T00:00:00.000000,1,50.44,BUY
QQQ,2024-09-24T00:00:00.000000,1,50.44,BUY
QQQ,2024-09-25T00:00:00.000000,1,50.44,BUY
QQQ,2024-09-26T00:00:00.000000,1,50.44,BUY
QQQ,2024-09-27T00:00:00.000000,1,50.44,BUY
QQQ,2024-09-30T00:00:00.000000,1,50.44,BUY
QQQ,2024-10-01T00:00:00.000000,1,50.44,BUY
QQQ,2024-10-02T00:00:00.000000,1,50.44,BUY
QQQ,2024-10-03T00:00:00.000000,1,50.44,BUY
QQQ,2024-10-04T00:00:00.000000,1,50.44,BUY
QQQ,2024-10-07T00:00:00.000000,1,50.44,BUY
QQQ,2024-10-08T00:00:00.000000,1,50.44,BUY
QQQ,2024-10-09T00:00:00.000000,1,50.69,BUY
QQQ,2024-10-10T00:00:00.000000,1,50.69,BUY
QQQ,2024-10-11T00:00:00.000000,1,50.69,BUY
QQQ,2024-10-14T00:00:00.000000,1,50.69,BUY
QQQ,2024-10-15T00:00:00.000000,1,50.44,BUY
QQQ,2024-10-16T00:00:00.000000,1,50.44,BUY
QQQ,2024-10-17T00:00:00.000000,1,50.44,BUY
QQQ,2024-10-18T00:00:00.000000,1,50.44,BUY
QQQ,2024-10-21T00:00:00.000000,1,50.44,BUY
QQQ,2024-10-22T00:00:00.000000,1,50.44,BUY
QQQ,2024-10-23T00:00:00.000000,1,50.44,BUY
QQQ,2024-10-24T00:00:00.000000,1,50.69,BUY
QQQ,2024-10-25T00:00:00.000000,1,50.69,BUY
QQQ,2024-10-28T00:00:00.000000,1,50.69,BUY
QQQ,2024-10-29T00:00:00.000000,1,50.69,BUY
QQQ,2024-10-30T00:00:00.000000,1,50.69,BUY
QQQ,2024-10-31T00:00:00.000000,1,50.69,BUY
QQQ,2024-11-01T00:00:00.000000,1,50.69,BUY
QQQ,2024-11-04T00:00:00.000000,1,50.69,BUY
QQQ,2024-11-05T00:00:00.000000,1,50.69,BUY
QQQ,2024-11-06T00:00:00.000000,1,50.69,BUY
QQQ,2024-11-07T00:00:00.000000,1,50.69,BUY
QQQ,2024-11-08T00:00:00.000000,1,50.69,BUY
QQQ,2024-11-11T00:00:00.000000,1,50.44,BUY
QQQ,2024-11-12T00:00:00.000000,1,50.44,BUY
QQQ,2024-11-13T00:00:00.000000,1,50.44,BUY
QQQ,2024-11-14T00:00:00.000000,1,50.44,BUY
QQQ,2024-11-15T00:00:00.000000,1,48.73,BUY
QQQ,2024-11-18T00:00:00.000000,1,48.73,BUY
QQQ,2024-11-19T00:00:00.000000,1,48.73,BUY
QQQ,2024-11-20T00:00:00.000000,0,48.73,SELL
QQQ,2024-11-21T00:00:00.000000,0,48.73,SELL
QQQ,2024-11-22T00:00:00.000000,0,48.73,SELL
QQQ,2024-11-25T00:00:00.000000,1,48.73,BUY
QQQ,2024-11-26T00:00:00.000000,1,48.73,BUY
QQQ,2024-11-27T00:00:00.000000,1,50.44,BUY
QQQ,2024-11-29T00:00:00.000000,1,50.44,BUY
QQQ,2024-12-02T00:00:00.000000,1,50.44,BUY
QQQ,2024-12-03T00:00:00.000000,1,50.44,BUY
QQQ,2024-12-04T00:00:00.000000,1,50.44,BUY
QQQ,2024-12-05T00:00:00.000000,1,50.44,BUY
QQQ,2024-12-06T00:00:00.000000,1,50.44,BUY
QQQ,2024-12-09T00:00:00.000000,1,50.44,BUY
QQQ,2024-12-10T00:00:00.000000,1,50.69,BUY
QQQ,2024-12-11T00:00:00.000000,1,50.69,BUY
QQQ,2024-12-12T00:00:00.000000,1,50.69,BUY
QQQ,2024-12-13T00:00:00.000000,1,50.69,BUY
QQQ,2024-12-16T00:00:00.000000,1,50.69,BUY
QQQ,2024-12-17T00:00:00.000000,1,50.69,BUY
QQQ,2024-12-18T00:00:00.000000,1,50.69,BUY
QQQ,2024-12-19T00:00:00.000000,1,50.69,BUY
QQQ,2024-12-20T00:00:00.000000,1,50.69,BUY
SLB,2023-02-21T00:00:00.000000,0,39.62,SELL
SLB,2023-02-22T00:00:00.000000,0,42.94,SELL
SLB,2023-02-23T00:00:00.000000,0,46.09,SELL
SLB,2023-02-24T00:00:00.000000,0,46.09,SELL
SLB,2023-02-27T00:00:00.000000,0,46.09,SELL
SLB,2023-02-28T00:00:00.000000,0,48.73,SELL
SLB,2023-03-01T00:00:00.000000,1,48.73,BUY
SLB,2023-03-02T00:00:00.000000,1,50.44,BUY
SLB,2023-03-03T00:00:00.000000,1,50.44,BUY
SLB,2023-03-06T00:00:00.000000,1,50.44,BUY
SLB,2023-03-07T00:00:00.000000,1,48.73,BUY
SLB,2023-03-08T00:00:00.000000,1,48.73,BUY
SLB,2023-03-09T00:00:00.000000,1,48.73,BUY
SLB,2023-03-10T00:00:00.000000,1,48.73,BUY
SLB,2023-03-13T00:00:00.000000,1,50.44,BUY
SLB,2023-03-14T00:00:00.000000,1,48.73,BUY
SLB,2023-03-15T00:00:00.000000,1,48.73,BUY
SLB,2023-03-16T00:00:00.000000,0,42.94,SELL
SLB,2023-03-17T00:00:00.000000,0,39.62,SELL
SLB,2023-03-20T00:00:00.000000,0,39.62,SELL
SLB,2023-03-21T00:00:00.000000,0,39.62,SELL
SLB,2023-03-22T00:00:00.000000,0,39.62,SELL
SLB,2023-03-23T00:00:00.000000,0,39.62,SELL
SLB,2023-03-24T00:00:00.000000,0,39.62,SELL
SLB,2023-03-27T00:00:00.000000,0,39.62,SELL
SLB,2023-03-28T00:00:00.000000,0,39.62,SELL
SLB,2023-03-29T00:00:00.000000,0,39.62,SELL
SLB,2023-03-30T00:00:00.000000,0,39.62,SELL
SLB,2023-03-31T00:00:00.000000,0,39.62,SELL
SLB,2023-04-03T00:00:00.000000,0,39.62,SELL
SLB,2023-04-04T00:00:00.000000,0,42.94,SELL
SLB,2023-04-05T00:00:00.000000,0,42.94,SELL
SLB,2023-04-06T00:00:00.000000,0,42.94,SELL
SLB,2023-04-10T00:00:00.000000,0,42.94,SELL
SLB,2023-04-11T00:00:00.000000,0,42.94,SELL
SLB,2023-04-12T00:00:00.000000,0,42.94,SELL
SLB,2023-04-13T00:00:00.000000,0,42.94,SELL
SLB,2023-04-14T00:00:00.000000,0,42.94,SELL
SLB,2023-04-17T00:00:00.000000,0,42.94,SELL
SLB,2023-04-18T00:00:00.000000,0,42.94,SELL
SLB,2023-04-19T00:00:00.000000,0,42.94,SELL
SLB,2023-04-20T00:00:00.000000,0,42.94,SELL
SLB,2023-04-21T00:00:00.000000,0,42.94,SELL
SLB,2023-04-24T00:00:00.000000,0,42.94,SELL
SLB,2023-04-25T00:00:00.000000,0,42.94,SELL
SLB,2023-04-26T00:00:00.000000,0,42.94,SELL
SLB,2023-04-27T00:00:00.000000,0,42.94,SELL
SLB,2023-04-28T00:00:00.000000,0,42.94,SELL
SLB,2023-05-01T00:00:00.000000,0,42.94,SELL
SLB,2023-05-02T00:00:00.000000,0,42.94,SELL
SLB,2023-05-03T00:00:00.000000,0,42.94,SELL
SLB,2023-05-04T00:00:00.000000,0,42.94,SELL
SLB,2023-05-05T00:00:00.000000,0,39.62,SELL
SLB,2023-05-08T00:00:00.000000,0,40.0,SELL
SLB,2023-05-09T00:00:00.000000,0,39.62,SELL
SLB,2023-05-10T00:00:00.000000,0,39.62,SELL
SLB,2023-05-11T00:00:00.000000,0,39.62,SELL
SLB,2023-05-12T00:00:00.000000,0,41.33,SELL
SLB,2023-05-15T00:00:00.000000,0,39.62,SELL
SLB,2023-05-16T00:00:00.000000,0,39.62,SELL
SLB,2023-05-17T00:00:00.000000,0,39.62,SELL
SLB,2023-05-18T00:00:00.000000,0,39.62,SELL
SLB,2023-05-19T00:00:00.000000,0,42.94,SELL
SLB,2023-05-22T00:00:00.000000,0,46.09,SELL
SLB,2023-05-23T00:00:00.000000,0,46.09,SELL
SLB,2023-05-24T00:00:00.000000,0,42.94,SELL
SLB,2023-05-25T00:00:00.000000,0,42.94,SELL
SLB,2023-05-26T00:00:00.000000,0,42.94,SELL
SLB,2023-05-30T00:00:00.000000,0,42.94,SELL
SLB,2023-05-31T00:00:00.000000,0,42.94,SELL
SLB,2023-06-01T00:00:00.000000,0,46.09,SELL
SLB,2023-06-02T00:00:00.000000,0,48.73,SELL
SLB,2023-06-05T00:00:00.000000,0,48.73,SELL
SLB,2023-06-06T00:00:00.000000,0,48.73,SELL
SLB,2023-06-07T00:00:00.000000,0,46.09,SELL
SLB,2023-06-08T00:00:00.000000,0,46.09,SELL
SLB,2023-06-09T00:00:00.000000,0,42.94,SELL
SLB,2023-06-12T00:00:00.000000,0,42.94,SELL
SLB,2023-06-13T00:00:00.000000,0,42.94,SELL
SLB,2023-06-14T00:00:00.000000,0,42.94,SELL
SLB,2023-06-15T00:00:00.000000,0,42.94,SELL
SLB,2023-06-16T00:00:00.000000,0,46.09,SELL
SLB,2023-06-20T00:00:00.000000,0,42.94,SELL
SLB,2023-06-21T00:00:00.000000,0,42.94,SELL
SLB,2023-06-22T00:00:00.000000,0,42.94,SELL
SLB,2023-06-23T00:00:00.000000,0,42.94,SELL
SLB,2023-06-26T00:00:00.000000,0,42.94,SELL
SLB,2023-06-27T00:00:00.000000,0,42.94,SELL
SLB,2023-06-28T00:00:00.000000,0,42.94,SELL
SLB,2023-06-29T00:00:00.000000,0,42.94,SELL
SLB,2023-06-30T00:00:00.000000,0,42.94,SELL
SLB,2023-07-03T00:00:00.000000,0,42.94,SELL
SLB,2023-07-05T00:00:00.000000,0,42.94,SELL
SLB,2023-07-06T00:00:00.000000,0,42.94,SELL
SLB,2023-07-07T00:00:00.000000,0,42.94,SELL
SLB,2023-07-10T00:00:00.000000,0,42.94,SELL
SLB,2023-07-11T00:00:00.000000,0,46.09,SELL
SLB,2023-07-12T00:00:00.000000,0,48.73,SELL
SLB,2023-07-13T00:00:00.000000,0,48.73,SELL
SLB,2023-07-14T00:00:00.000000,1,48.73,BUY
SLB,2023-07-17T00:00:00.000000,1,48.73,BUY
SLB,2023-07-18T00:00:00.000000,1,48.73,BUY
SLB,2023-07-19T00:00:00.000000,1,48.73,BUY
SLB,2023-07-20T00:00:00.000000,0,48.73,SELL
SLB,2023-07-21T00:00:00.000000,0,48.73,SELL
SLB,2023-07-24T00:00:00.000000,0,48.73,SELL
SLB,2023-07-25T00:00:00.000000,1,48.73,BUY
SLB,2023-07-26T00:00:00.000000,1,48.73,BUY
SLB,2023-07-27T00:00:00.000000,1,48.73,BUY
SLB,2023-07-28T00:00:00.000000,1,50.44,BUY
SLB,2023-07-31T00:00:00.000000,1,50.44,BUY
SLB,2023-08-01T00:00:00.000000,1,50.44,BUY
SLB,2023-08-02T00:00:00.000000,1,50.44,BUY
SLB,2023-08-03T00:00:00.000000,1,50.44,BUY
SLB,2023-08-04T00:00:00.000000,1,50.44,BUY
SLB,2023-08-07T00:00:00.000000,1,50.44,BUY
SLB,2023-08-08T00:00:00.000000,1,50.44,BUY
SLB,2023-08-09T00:00:00.000000,1,50.44,BUY
SLB,2023-08-10T00:00:00.000000,1,50.44,BUY
SLB,2023-08-11T00:00:00.000000,1,50.44,BUY
SLB,2023-08-14T00:00:00.000000,1,50.69,BUY
SLB,2023-08-15T00:00:00.000000,1,50.69,BUY
SLB,2023-08-16T00:00:00.000000,1,50.69,BUY
SLB,2023-08-17T00:00:00.000000,1,50.69,BUY
SLB,2023-08-18T00:00:00.000000,1,50.69,BUY
SLB,2023-08-21T00:00:00.000000,1,50.44,BUY
SLB,2023-08-22T00:00:00.000000,1,50.69,BUY
SLB,2023-08-23T00:00:00.000000,1,50.69,BUY
SLB,2023-08-24T00:00:00.000000,1,50.69,BUY
SLB,2023-08-25T00:00:00.000000,1,50.69,BUY
SLB,2023-08-28T00:00:00.000000,1,50.69,BUY
SLB,2023-08-29T00:00:00.000000,1,50.69,BUY
SLB,2023-08-30T00:00:00.000000,1,50.44,BUY
SLB,2023-08-31T00:00:00.000000,1,48.73,BUY
SLB,2023-09-01T00:00:00.000000,0,48.73,SELL
SLB,2023-09-05T00:00:00.000000,0,46.09,SELL
SLB,2023-09-06T00:00:00.000000,0,46.09,SELL
SLB,2023-09-07T00:00:00.000000,0,46.09,SELL
SLB,2023-09-08T00:00:00.000000,0,48.73,SELL
SLB,2023-09-11T00:00:00.000000,0,48.73,SELL
SLB,2023-09-12T00:00:00.000000,0,48.73,SELL
SLB,2023-09-13T00:00:00.000000,0,48.73,SELL
SLB,2023-09-14T00:00:00.000000,0,48.73,SELL
SLB,2023-09-15T00:00:00.000000,0,48.73,SELL
SLB,2023-09-18T00:00:00.000000,0,48.73,SELL
SLB,2023-09-19T00:00:00.000000,0,48.73,SELL
SLB,2023-09-20T00:00:00.000000,0,48.73,SELL
SLB,2023-09-21T00:00:00.000000,1,48.73,BUY
SLB,2023-09-22T00:00:00.000000,1,48.73,BUY
SLB,2023-09-25T00:00:00.000000,1,48.73,BUY
SLB,2023-09-26T00:00:00.000000,1,48.73,BUY
SLB,2023-09-27T00:00:00.000000,1,50.44,BUY
SLB,2023-09-28T00:00:00.000000,1,50.44,BUY
SLB,2023-09-29T00:00:00.000000,1,50.69,BUY
SLB,2023-10-02T00:00:00.000000,1,50.69,BUY
SLB,2023-10-03T00:00:00.000000,1,50.44,BUY
SLB,2023-10-04T00:00:00.000000,1,50.44,BUY
SLB,2023-10-05T00:00:00.000000,1,50.44,BUY
SLB,2023-10-06T00:00:00.000000,1,50.44,BUY
SLB,2023-10-09T00:00:00.000000,1,48.73,BUY
SLB,2023-10-10T00:00:00.000000,1,48.73,BUY
SLB,2023-10-11T00:00:00.000000,1,48.73,BUY
SLB,2023-10-12T00:00:00.000000,0,48.73,SELL
SLB,2023-10-13T00:00:00.000000,0,46.09,SELL
SLB,2023-10-16T00:00:00.000000,0,46.09,SELL
SLB,2023-10-17T00:00:00.000000,0,42.94,SELL
SLB,2023-10-18T00:00:00.000000,0,42.94,SELL
SLB,2023-10-19T00:00:00.000000,0,46.09,SELL
SLB,2023-10-20T00:00:00.000000,0,48.73,SELL
SLB,2023-10-23T00:00:00.000000,1,48.73,BUY
SLB,2023-10-24T00:00:00.000000,1,48.73,BUY
SLB,2023-10-25T00:00:00.000000,1,50.44,BUY
SLB,2023-10-26T00:00:00.000000,1,50.44,BUY
SLB,2023-10-27T00:00:00.000000,1,50.44,BUY
SLB,2023-10-30T00:00:00.000000,1,50.69,BUY
SLB,2023-10-31T00:00:00.000000,1,50.69,BUY
SLB,2023-11-01T00:00:00.000000,1,50.69,BUY
SLB,2023-11-02T00:00:00.000000,1,50.69,BUY
SLB,2023-11-03T00:00:00.000000,1,50.44,BUY
SLB,2023-11-06T00:00:00.000000,1,50.44,BUY
SLB,2023-11-07T00:00:00.000000,1,48.73,BUY
SLB,2023-11-08T00:00:00.000000,0,48.73,SELL
SLB,2023-11-09T00:00:00.000000,0,46.09,SELL
SLB,2023-11-10T00:00:00.000000,0,42.94,SELL
SLB,2023-11-13T00:00:00.000000,0,39.62,SELL
SLB,2023-11-14T00:00:00.000000,0,39.62,SELL
SLB,2023-11-15T00:00:00.000000,0,39.62,SELL
SLB,2023-11-16T00:00:00.000000,0,39.62,SELL
SLB,2023-11-17T00:00:00.000000,0,39.62,SELL
SLB,2023-11-20T00:00:00.000000,0,39.62,SELL
SLB,2023-11-21T00:00:00.000000,0,39.62,SELL
SLB,2023-11-22T00:00:00.000000,0,39.62,SELL
SLB,2023-11-24T00:00:00.000000,0,39.62,SELL
SLB,2023-11-27T00:00:00.000000,0,39.62,SELL
SLB,2023-11-28T00:00:00.000000,0,39.62,SELL
SLB,2023-11-29T00:00:00.000000,0,39.62,SELL
SLB,2023-11-30T00:00:00.000000,0,39.62,SELL
SLB,2023-12-01T00:00:00.000000,0,39.62,SELL
SLB,2023-12-04T00:00:00.000000,0,39.62,SELL
SLB,2023-12-05T00:00:00.000000,0,39.62,SELL
SLB,2023-12-06T00:00:00.000000,0,39.62,SELL
SLB,2023-12-07T00:00:00.000000,0,39.62,SELL
SLB,2023-12-08T00:00:00.000000,0,42.94,SELL
SLB,2023-12-11T00:00:00.000000,0,40.0,SELL
SLB,2023-12-12T00:00:00.000000,0,42.94,SELL
SLB,2023-12-13T00:00:00.000000,0,39.62,SELL
SLB,2023-12-14T00:00:00.000000,0,39.62,SELL
SLB,2023-12-15T00:00:00.000000,0,39.62,SELL
SLB,2023-12-18T00:00:00.000000,0,39.62,SELL
SLB,2023-12-19T00:00:00.000000,0,39.62,SELL
SLB,2023-12-20T00:00:00.000000,0,39.62,SELL
SLB,2023-12-21T00:00:00.000000,0,39.62,SELL
SLB,2023-12-22T00:00:00.000000,0,39.62,SELL
SLB,2023-12-26T00:00:00.000000,0,39.62,SELL
SLB,2023-12-27T00:00:00.000000,0,39.62,SELL
SLB,2023-12-28T00:00:00.000000,0,42.94,SELL
SLB,2023-12-29T00:00:00.000000,0,42.94,SELL
SLB,2024-01-02T00:00:00.000000,0,42.94,SELL
SLB,2024-01-03T00:00:00.000000,0,42.94,SELL
SLB,2024-01-04T00:00:00.000000,0,42.94,SELL
SLB,2024-01-05T00:00:00.000000,0,42.94,SELL
SLB,2024-01-08T00:00:00.000000,0,42.94,SELL
SLB,2024-01-09T00:00:00.000000,0,42.94,SELL
SLB,2024-01-10T00:00:00.000000,0,42.94,SELL
SLB,2024-01-11T00:00:00.000000,0,42.94,SELL
SLB,2024-01-12T00:00:00.000000,0,42.94,SELL
SLB,2024-01-16T00:00:00.000000,0,39.62,SELL
SLB,2024-01-17T00:00:00.000000,0,40.0,SELL
SLB,2024-01-18T00:00:00.000000,0,39.62,SELL
SLB,2024-01-19T00:00:00.000000,0,39.62,SELL
SLB,2024-01-22T00:00:00.000000,0,39.62,SELL
SLB,2024-01-23T00:00:00.000000,0,39.62,SELL
SLB,2024-01-24T00:00:00.000000,0,39.62,SELL
SLB,2024-01-25T00:00:00.000000,0,39.62,SELL
SLB,2024-01-26T00:00:00.000000,0,39.62,SELL
SLB,2024-01-29T00:00:00.000000,0,39.62,SELL
SLB,2024-01-30T00:00:00.000000,0,42.94,SELL
SLB,2024-01-31T00:00:00.000000,0,42.94,SELL
SLB,2024-02-01T00:00:00.000000,0,42.94,SELL
SLB,2024-02-02T00:00:00.000000,0,42.94,SELL
SLB,2024-02-05T00:00:00.000000,0,46.09,SELL
SLB,2024-02-06T00:00:00.000000,0,48.73,SELL
SLB,2024-02-07T00:00:00.000000,0,48.73,SELL
SLB,2024-02-08T00:00:00.000000,1,48.73,BUY
SLB,2024-02-09T00:00:00.000000,1,50.44,BUY
SLB,2024-02-12T00:00:00.000000,1,50.44,BUY
SLB,2024-02-13T00:00:00.000000,1,50.44,BUY
SLB,2024-02-14T00:00:00.000000,1,50.44,BUY
SLB,2024-02-15T00:00:00.000000,1,48.73,BUY
SLB,2024-02-16T00:00:00.000000,0,48.73,SELL
SLB,2024-02-20T00:00:00.000000,0,48.73,SELL
SLB,2024-02-21T00:00:00.000000,0,46.09,SELL
SLB,2024-02-22T00:00:00.000000,0,42.94,SELL
SLB,2024-02-23T00:00:00.000000,0,42.94,SELL
SLB,2024-02-26T00:00:00.000000,0,42.94,SELL
SLB,2024-02-27T00:00:00.000000,0,46.09,SELL
SLB,2024-02-28T00:00:00.000000,0,46.09,SELL
SLB,2024-02-29T00:00:00.000000,0,48.73,SELL
SLB,2024-03-01T00:00:00.000000,0,48.73,SELL
SLB,2024-03-04T00:00:00.000000,0,48.73,SELL
SLB,2024-03-05T00:00:00.000000,0,46.09,SELL
SLB,2024-03-06T00:00:00.000000,0,46.09,SELL
SLB,2024-03-07T00:00:00.000000,0,46.09,SELL
SLB,2024-03-08T00:00:00.000000,0,46.09,SELL
SLB,2024-03-11T00:00:00.000000,0,46.09,SELL
SLB,2024-03-12T00:00:00.000000,0,46.09,SELL
SLB,2024-03-13T00:00:00.000000,0,46.09,SELL
SLB,2024-03-14T00:00:00.000000,0,46.09,SELL
SLB,2024-03-15T00:00:00.000000,0,46.09,SELL
SLB,2024-03-18T00:00:00.000000,0,46.09,SELL
SLB,2024-03-19T00:00:00.000000,0,48.73,SELL
SLB,2024-03-20T00:00:00.000000,0,48.73,SELL
SLB,2024-03-21T00:00:00.000000,0,48.73,SELL
SLB,2024-03-22T00:00:00.000000,0,48.73,SELL
SLB,2024-03-25T00:00:00.000000,0,46.09,SELL
SLB,2024-03-26T00:00:00.000000,0,46.09,SELL
SLB,2024-03-27T00:00:00.000000,0,46.09,SELL
SLB,2024-03-28T00:00:00.000000,0,42.94,SELL
SLB,2024-04-01T00:00:00.000000,0,42.94,SELL
SLB,2024-04-02T00:00:00.000000,0,42.94,SELL
SLB,2024-04-03T00:00:00.000000,0,42.94,SELL
SLB,2024-04-04T00:00:00.000000,0,42.94,SELL
SLB,2024-04-05T00:00:00.000000,0,46.09,SELL
SLB,2024-04-08T00:00:00.000000,0,46.09,SELL
SLB,2024-04-09T00:00:00.000000,0,46.09,SELL
SLB,2024-04-10T00:00:00.000000,0,46.09,SELL
SLB,2024-04-11T00:00:00.000000,0,46.09,SELL
SLB,2024-04-12T00:00:00.000000,0,46.09,SELL
SLB,2024-04-15T00:00:00.000000,0,46.09,SELL
SLB,2024-04-16T00:00:00.000000,0,46.09,SELL
SLB,2024-04-17T00:00:00.000000,0,46.09,SELL
SLB,2024-04-18T00:00:00.000000,0,48.73,SELL
SLB,2024-04-19T00:00:00.000000,0,48.73,SELL
SLB,2024-04-22T00:00:00.000000,0,46.09,SELL
SLB,2024-04-23T00:00:00.000000,0,46.09,SELL
SLB,2024-04-24T00:00:00.000000,0,46.09,SELL
SLB,2024-04-25T00:00:00.000000,0,46.09,SELL
SLB,2024-04-26T00:00:00.000000,0,42.94,SELL
SLB,2024-04-29T00:00:00.000000,0,39.62,SELL
SLB,2024-04-30T00:00:00.000000,0,39.62,SELL
SLB,2024-05-01T00:00:00.000000,0,39.62,SELL
SLB,2024-05-02T00:00:00.000000,0,39.62,SELL
SLB,2024-05-03T00:00:00.000000,0,39.62,SELL
SLB,2024-05-06T00:00:00.000000,0,39.62,SELL
SLB,2024-05-07T00:00:00.000000,0,39.62,SELL
SLB,2024-05-08T00:00:00.000000,0,39.62,SELL
SLB,2024-05-09T00:00:00.000000,0,39.62,SELL
SLB,2024-05-10T00:00:00.000000,0,39.62,SELL
SLB,2024-05-13T00:00:00.000000,0,39.62,SELL
SLB,2024-05-14T00:00:00.000000,0,39.62,SELL
SLB,2024-05-15T00:00:00.000000,0,39.62,SELL
SLB,2024-05-16T00:00:00.000000,0,39.62,SELL
SLB,2024-05-17T00:00:00.000000,0,39.62,SELL
SLB,2024-05-20T00:00:00.000000,0,39.62,SELL
SLB,2024-05-21T00:00:00.000000,0,39.62,SELL
SLB,2024-05-22T00:00:00.000000,0,39.62,SELL
SLB,2024-05-23T00:00:00.000000,0,39.62,SELL
SLB,2024-05-24T00:00:00.000000,0,42.94,SELL
SLB,2024-05-28T00:00:00.000000,0,42.94,SELL
SLB,2024-05-29T00:00:00.000000,0,42.94,SELL
SLB,2024-05-30T00:00:00.000000,0,42.94,SELL
SLB,2024-05-31T00:00:00.000000,0,42.94,SELL
SLB,2024-06-03T00:00:00.000000,0,42.94,SELL
SLB,2024-06-04T00:00:00.000000,0,42.94,SELL
SLB,2024-06-05T00:00:00.000000,0,42.94,SELL
SLB,2024-06-06T00:00:00.000000,0,39.62,SELL
SLB,2024-06-07T00:00:00.000000,0,39.62,SELL
SLB,2024-06-10T00:00:00.000000,0,39.62,SELL
SLB,2024-06-11T00:00:00.000000,0,39.62,SELL
SLB,2024-06-12T00:00:00.000000,0,39.62,SELL
SLB,2024-06-13T00:00:00.000000,0,42.94,SELL
SLB,2024-06-14T00:00:00.000000,0,42.94,SELL
SLB,2024-06-17T00:00:00.000000,0,42.94,SELL
SLB,2024-06-18T00:00:00.000000,0,42.94,SELL
SLB,2024-06-20T00:00:00.000000,0,42.94,SELL
SLB,2024-06-21T00:00:00.000000,0,42.94,SELL
SLB,2024-06-24T00:00:00.000000,0,46.09,SELL
SLB,2024-06-25T00:00:00.000000,0,48.73,SELL
SLB,2024-06-26T00:00:00.000000,0,48.73,SELL
SLB,2024-06-27T00:00:00.000000,0,48.73,SELL
SLB,2024-06-28T00:00:00.000000,0,46.09,SELL
SLB,2024-07-01T00:00:00.000000,0,48.73,SELL
SLB,2024-07-02T00:00:00.000000,1,48.73,BUY
SLB,2024-07-03T00:00:00.000000,1,48.73,BUY
SLB,2024-07-05T00:00:00.000000,1,48.73,BUY
SLB,2024-07-08T00:00:00.000000,1,50.44,BUY
SLB,2024-07-09T00:00:00.000000,1,48.73,BUY
SLB,2024-07-10T00:00:00.000000,1,50.44,BUY
SLB,2024-07-11T00:00:00.000000,1,48.73,BUY
SLB,2024-07-12T00:00:00.000000,0,46.09,SELL
SLB,2024-07-15T00:00:00.000000,0,42.94,SELL
SLB,2024-07-16T00:00:00.000000,0,42.94,SELL
SLB,2024-07-17T00:00:00.000000,0,40.0,SELL
SLB,2024-07-18T00:00:00.000000,0,42.94,SELL
SLB,2024-07-19T00:00:00.000000,0,42.94,SELL
SLB,2024-07-22T00:00:00.000000,0,42.94,SELL
SLB,2024-07-23T00:00:00.000000,0,46.09,SELL
SLB,2024-07-24T00:00:00.000000,0,46.09,SELL
SLB,2024-07-25T00:00:00.000000,0,48.73,SELL
SLB,2024-07-26T00:00:00.000000,0,48.73,SELL
SLB,2024-07-29T00:00:00.000000,0,48.73,SELL
SLB,2024-07-30T00:00:00.000000,0,48.73,SELL
SLB,2024-07-31T00:00:00.000000,0,48.73,SELL
SLB,2024-08-01T00:00:00.000000,0,48.73,SELL
SLB,2024-08-02T00:00:00.000000,0,48.73,SELL
SLB,2024-08-05T00:00:00.000000,0,46.09,SELL
SLB,2024-08-06T00:00:00.000000,0,42.94,SELL
SLB,2024-08-07T00:00:00.000000,0,42.94,SELL
SLB,2024-08-08T00:00:00.000000,0,39.62,SELL
SLB,2024-08-09T00:00:00.000000,0,39.62,SELL
SLB,2024-08-12T00:00:00.000000,0,39.62,SELL
SLB,2024-08-13T00:00:00.000000,0,39.62,SELL
SLB,2024-08-14T00:00:00.000000,0,39.62,SELL
SLB,2024-08-15T00:00:00.000000,0,39.62,SELL
SLB,2024-08-16T00:00:00.000000,0,39.62,SELL
SLB,2024-08-19T00:00:00.000000,0,39.62,SELL
SLB,2024-08-20T00:00:00.000000,0,39.62,SELL
SLB,2024-08-21T00:00:00.000000,0,39.62,SELL
SLB,2024-08-22T00:00:00.000000,0,39.62,SELL
SLB,2024-08-23T00:00:00.000000,0,39.62,SELL
SLB,2024-08-26T00:00:00.000000,0,39.62,SELL
SLB,2024-08-27T00:00:00.000000,0,39.62,SELL
SLB,2024-08-28T00:00:00.000000,0,39.62,SELL
SLB,2024-08-29T00:00:00.000000,0,39.62,SELL
SLB,2024-08-30T00:00:00.000000,0,39.62,SELL
SLB,2024-09-03T00:00:00.000000,0,39.62,SELL
SLB,2024-09-04T00:00:00.000000,0,39.62,SELL
SLB,2024-09-05T00:00:00.000000,0,39.62,SELL
SLB,2024-09-06T00:00:00.000000,0,42.94,SELL
SLB,2024-09-09T00:00:00.000000,0,42.94,SELL
SLB,2024-09-10T00:00:00.000000,0,46.09,SELL
SLB,2024-09-11T00:00:00.000000,0,42.94,SELL
SLB,2024-09-12T00:00:00.000000,0,42.94,SELL
SLB,2024-09-13T00:00:00.000000,0,42.94,SELL
SLB,2024-09-16T00:00:00.000000,0,39.62,SELL
SLB,2024-09-17T00:00:00.000000,0,39.62,SELL
SLB,2024-09-18T00:00:00.000000,0,39.62,SELL
SLB,2024-09-19T00:00:00.000000,0,39.62,SELL
SLB,2024-09-20T00:00:00.000000,0,39.62,SELL
SLB,2024-09-23T00:00:00.000000,0,39.62,SELL
SLB,2024-09-24T00:00:00.000000,0,39.62,SELL
SLB,2024-09-25T00:00:00.000000,0,39.62,SELL
SLB,2024-09-26T00:00:00.000000,0,39.62,SELL
SLB,2024-09-27T00:00:00.000000,0,39.62,SELL
SLB,2024-09-30T00:00:00.000000,0,42.94,SELL
SLB,2024-10-01T00:00:00.000000,0,42.94,SELL
SLB,2024-10-02T00:00:00.000000,0,42.94,SELL
SLB,2024-10-03T00:00:00.000000,0,42.94,SELL
SLB,2024-10-04T00:00:00.000000,0,42.94,SELL
SLB,2024-10-07T00:00:00.000000,0,42.94,SELL
SLB,2024-10-08T00:00:00.000000,0,46.09,SELL
SLB,2024-10-09T00:00:00.000000,0,48.73,SELL
SLB,2024-10-10T00:00:00.000000,0,48.73,SELL
SLB,2024-10-11T00:00:00.000000,0,46.09,SELL
SLB,2024-10-14T00:00:00.000000,0,46.09,SELL
SLB,2024-10-15T00:00:00.000000,0,42.94,SELL
SLB,2024-10-16T00:00:00.000000,0,42.94,SELL
SLB,2024-10-17T00:00:00.000000,0,42.94,SELL
SLB,2024-10-18T00:00:00.000000,0,42.94,SELL
SLB,2024-10-21T00:00:00.000000,0,42.94,SELL
SLB,2024-10-22T00:00:00.000000,0,42.94,SELL
SLB,2024-10-23T00:00:00.000000,0,42.94,SELL
SLB,2024-10-24T00:00:00.000000,0,42.94,SELL
SLB,2024-10-25T00:00:00.000000,0,42.94,SELL
SLB,2024-10-28T00:00:00.000000,0,46.09,SELL
SLB,2024-10-29T00:00:00.000000,0,46.09,SELL
SLB,2024-10-30T00:00:00.000000,0,42.94,SELL
SLB,2024-10-31T00:00:00.000000,0,42.94,SELL
SLB,2024-11-01T00:00:00.000000,0,42.94,SELL
SLB,2024-11-04T00:00:00.000000,0,42.94,SELL
SLB,2024-11-05T00:00:00.000000,0,46.09,SELL
SLB,2024-11-06T00:00:00.000000,0,42.94,SELL
SLB,2024-11-07T00:00:00.000000,0,42.94,SELL
SLB,2024-11-08T00:00:00.000000,0,42.94,SELL
SLB,2024-11-11T00:00:00.000000,0,42.94,SELL
SLB,2024-11-12T00:00:00.000000,0,42.94,SELL
SLB,2024-11-13T00:00:00.000000,0,42.94,SELL
SLB,2024-11-14T00:00:00.000000,0,42.94,SELL
SLB,2024-11-15T00:00:00.000000,0,42.94,SELL
SLB,2024-11-18T00:00:00.000000,0,42.94,SELL
SLB,2024-11-19T00:00:00.000000,0,42.94,SELL
SLB,2024-11-20T00:00:00.000000,0,39.62,SELL
SLB,2024-11-21T00:00:00.000000,0,39.62,SELL
SLB,2024-11-22T00:00:00.000000,0,39.62,SELL
SLB,2024-11-25T00:00:00.000000,0,39.62,SELL
SLB,2024-11-26T00:00:00.000000,0,42.94,SELL
SLB,2024-11-27T00:00:00.000000,0,42.94,SELL
SLB,2024-11-29T00:00:00.000000,0,42.94,SELL
SLB,2024-12-02T00:00:00.000000,0,39.62,SELL
SLB,2024-12-03T00:00:00.000000,0,39.62,SELL
SLB,2024-12-04T00:00:00.000000,0,39.62,SELL
SLB,2024-12-05T00:00:00.000000,0,39.62,SELL
SLB,2024-12-06T00:00:00.000000,0,39.62,SELL
SLB,2024-12-09T00:00:00.000000,0,39.62,SELL
SLB,2024-12-10T00:00:00.000000,0,39.62,SELL
SLB,2024-12-11T00:00:00.000000,0,39.62,SELL
SLB,2024-12-12T00:00:00.000000,0,39.62,SELL
SLB,2024-12-13T00:00:00.000000,0,39.62,SELL
SLB,2024-12-16T00:00:00.000000,0,39.62,SELL
SLB,2024-12-17T00:00:00.000000,0,39.62,SELL
SLB,2024-12-18T00:00:00.000000,0,39.62,SELL
SLB,2024-12-19T00:00:00.000000,0,39.62,SELL
SLB,2024-12-20T00:00:00.000000,0,39.62,SELL
SNAP,2023-02-21T00:00:00.000000,1,50.44,BUY
SNAP,2023-02-22T00:00:00.000000,1,48.73,BUY
SNAP,2023-02-23T00:00:00.000000,0,48.73,SELL
SNAP,2023-02-24T00:00:00.000000,0,46.09,SELL
SNAP,2023-02-27T00:00:00.000000,0,48.73,SELL
SNAP,2023-02-28T00:00:00.000000,1,48.73,BUY
SNAP,2023-03-01T00:00:00.000000,1,48.73,BUY
SNAP,2023-03-02T00:00:00.000000,1,48.73,BUY
SNAP,2023-03-03T00:00:00.000000,1,48.73,BUY
SNAP,2023-03-06T00:00:00.000000,1,48.73,BUY
SNAP,2023-03-07T00:00:00.000000,0,46.09,SELL
SNAP,2023-03-08T00:00:00.000000,0,46.09,SELL
SNAP,2023-03-09T00:00:00.000000,0,46.09,SELL
SNAP,2023-03-10T00:00:00.000000,0,48.73,SELL
SNAP,2023-03-13T00:00:00.000000,0,46.09,SELL
SNAP,2023-03-14T00:00:00.000000,0,46.09,SELL
SNAP,2023-03-15T00:00:00.000000,0,46.09,SELL
SNAP,2023-03-16T00:00:00.000000,0,46.09,SELL
SNAP,2023-03-17T00:00:00.000000,1,48.73,BUY
SNAP,2023-03-20T00:00:00.000000,1,48.73,BUY
SNAP,2023-03-21T00:00:00.000000,1,48.73,BUY
SNAP,2023-03-22T00:00:00.000000,1,48.73,BUY
SNAP,2023-03-23T00:00:00.000000,1,48.73,BUY
SNAP,2023-03-24T00:00:00.000000,0,46.09,SELL
SNAP,2023-03-27T00:00:00.000000,0,42.94,SELL
SNAP,2023-03-28T00:00:00.000000,0,42.94,SELL
SNAP,2023-03-29T00:00:00.000000,0,42.94,SELL
SNAP,2023-03-30T00:00:00.000000,0,42.94,SELL
SNAP,2023-03-31T00:00:00.000000,0,42.94,SELL
SNAP,2023-04-03T00:00:00.000000,0,42.94,SELL
SNAP,2023-04-04T00:00:00.000000,0,42.94,SELL
SNAP,2023-04-05T00:00:00.000000,0,42.94,SELL
SNAP,2023-04-06T00:00:00.000000,0,42.94,SELL
SNAP,2023-04-10T00:00:00.000000,0,39.62,SELL
SNAP,2023-04-11T00:00:00.000000,0,39.62,SELL
SNAP,2023-04-12T00:00:00.000000,0,39.62,SELL
SNAP,2023-04-13T00:00:00.000000,0,39.62,SELL
SNAP,2023-04-14T00:00:00.000000,0,39.62,SELL
SNAP,2023-04-17T00:00:00.000000,0,39.62,SELL
SNAP,2023-04-18T00:00:00.000000,0,39.62,SELL
SNAP,2023-04-19T00:00:00.000000,0,39.62,SELL
SNAP,2023-04-20T00:00:00.000000,0,39.62,SELL
SNAP,2023-04-21T00:00:00.000000,0,39.62,SELL
SNAP,2023-04-24T00:00:00.000000,0,39.62,SELL
SNAP,2023-04-25T00:00:00.000000,0,42.94,SELL
SNAP,2023-04-26T00:00:00.000000,0,42.94,SELL
SNAP,2023-04-27T00:00:00.000000,0,42.94,SELL
SNAP,2023-04-28T00:00:00.000000,0,42.94,SELL
SNAP,2023-05-01T00:00:00.000000,0,40.0,SELL
SNAP,2023-05-02T00:00:00.000000,0,40.0,SELL
SNAP,2023-05-03T00:00:00.000000,0,39.62,SELL
SNAP,2023-05-04T00:00:00.000000,0,39.62,SELL
SNAP,2023-05-05T00:00:00.000000,0,39.62,SELL
SNAP,2023-05-08T00:00:00.000000,0,39.62,SELL
SNAP,2023-05-09T00:00:00.000000,0,39.62,SELL
SNAP,2023-05-10T00:00:00.000000,0,39.62,SELL
SNAP,2023-05-11T00:00:00.000000,0,39.62,SELL
SNAP,2023-05-12T00:00:00.000000,0,39.62,SELL
SNAP,2023-05-15T00:00:00.000000,0,39.62,SELL
SNAP,2023-05-16T00:00:00.000000,0,39.62,SELL
SNAP,2023-05-17T00:00:00.000000,0,39.62,SELL
SNAP,2023-05-18T00:00:00.000000,0,42.94,SELL
SNAP,2023-05-19T00:00:00.000000,0,42.94,SELL
SNAP,2023-05-22T00:00:00.000000,0,46.09,SELL
SNAP,2023-05-23T00:00:00.000000,0,46.09,SELL
SNAP,2023-05-24T00:00:00.000000,0,48.73,SELL
SNAP,2023-05-25T00:00:00.000000,1,48.73,BUY
SNAP,2023-05-26T00:00:00.000000,1,48.73,BUY
SNAP,2023-05-30T00:00:00.000000,1,50.44,BUY
SNAP,2023-05-31T00:00:00.000000,1,50.69,BUY
SNAP,2023-06-01T00:00:00.000000,1,50.69,BUY
SNAP,2023-06-02T00:00:00.000000,1,50.69,BUY
SNAP,2023-06-05T00:00:00.000000,1,50.69,BUY
SNAP,2023-06-06T00:00:00.000000,1,50.69,BUY
SNAP,2023-06-07T00:00:00.000000,1,50.69,BUY
SNAP,2023-06-08T00:00:00.000000,1,50.69,BUY
SNAP,2023-06-09T00:00:00.000000,1,50.69,BUY
SNAP,2023-06-12T00:00:00.000000,1,50.69,BUY
SNAP,2023-06-13T00:00:00.000000,1,50.44,BUY
SNAP,2023-06-14T00:00:00.000000,1,48.73,BUY
SNAP,2023-06-15T00:00:00.000000,1,48.73,BUY
SNAP,2023-06-16T00:00:00.000000,0,46.09,SELL
SNAP,2023-06-20T00:00:00.000000,0,42.94,SELL
SNAP,2023-06-21T00:00:00.000000,0,42.94,SELL
SNAP,2023-06-22T00:00:00.000000,0,42.94,SELL
SNAP,2023-06-23T00:00:00.000000,0,42.94,SELL
SNAP,2023-06-26T00:00:00.000000,0,42.94,SELL
SNAP,2023-06-27T00:00:00.000000,0,42.94,SELL
SNAP,2023-06-28T00:00:00.000000,0,42.94,SELL
SNAP,2023-06-29T00:00:00.000000,0,46.09,SELL
SNAP,2023-06-30T00:00:00.000000,0,48.73,SELL
SNAP,2023-07-03T00:00:00.000000,0,48.73,SELL
SNAP,2023-07-05T00:00:00.000000,0,48.73,SELL
SNAP,2023-07-06T00:00:00.000000,0,48.73,SELL
SNAP,2023-07-07T00:00:00.000000,0,48.73,SELL
SNAP,2023-07-10T00:00:00.000000,0,48.73,SELL
SNAP,2023-07-11T00:00:00.000000,0,48.73,SELL
SNAP,2023-07-12T00:00:00.000000,0,46.09,SELL
SNAP,2023-07-13T00:00:00.000000,0,46.09,SELL
SNAP,2023-07-14T00:00:00.000000,0,46.09,SELL
SNAP,2023-07-17T00:00:00.000000,0,46.09,SELL
SNAP,2023-07-18T00:00:00.000000,0,46.09,SELL
SNAP,2023-07-19T00:00:00.000000,0,46.09,SELL
SNAP,2023-07-20T00:00:00.000000,0,42.94,SELL
SNAP,2023-07-21T00:00:00.000000,0,42.94,SELL
SNAP,2023-07-24T00:00:00.000000,0,42.94,SELL
SNAP,2023-07-25T00:00:00.000000,0,42.94,SELL
SNAP,2023-07-26T00:00:00.000000,0,39.62,SELL
SNAP,2023-07-27T00:00:00.000000,0,39.62,SELL
SNAP,2023-07-28T00:00:00.000000,0,39.62,SELL
SNAP,2023-07-31T00:00:00.000000,0,39.62,SELL
SNAP,2023-08-01T00:00:00.000000,0,39.62,SELL
SNAP,2023-08-02T00:00:00.000000,0,39.62,SELL
SNAP,2023-08-03T00:00:00.000000,0,39.62,SELL
SNAP,2023-08-04T00:00:00.000000,0,39.62,SELL
SNAP,2023-08-07T00:00:00.000000,0,39.62,SELL
SNAP,2023-08-08T00:00:00.000000,0,39.62,SELL
SNAP,2023-08-09T00:00:00.000000,0,39.62,SELL
SNAP,2023-08-10T00:00:00.000000,0,39.62,SELL
SNAP,2023-08-11T00:00:00.000000,0,42.94,SELL
SNAP,2023-08-14T00:00:00.000000,0,46.09,SELL
SNAP,2023-08-15T00:00:00.000000,0,46.09,SELL
SNAP,2023-08-16T00:00:00.000000,1,48.73,BUY
SNAP,2023-08-17T00:00:00.000000,0,48.73,SELL
SNAP,2023-08-18T00:00:00.000000,0,46.09,SELL
SNAP,2023-08-21T00:00:00.000000,0,42.94,SELL
SNAP,2023-08-22T00:00:00.000000,0,46.09,SELL
SNAP,2023-08-23T00:00:00.000000,1,48.73,BUY
SNAP,2023-08-24T00:00:00.000000,0,48.73,SELL
SNAP,2023-08-25T00:00:00.000000,0,46.09,SELL
SNAP,2023-08-28T00:00:00.000000,0,42.94,SELL
SNAP,2023-08-29T00:00:00.000000,0,40.0,SELL
SNAP,2023-08-30T00:00:00.000000,0,39.62,SELL
SNAP,2023-08-31T00:00:00.000000,0,39.62,SELL
SNAP,2023-09-01T00:00:00.000000,0,40.0,SELL
SNAP,2023-09-05T00:00:00.000000,0,42.94,SELL
SNAP,2023-09-06T00:00:00.000000,0,42.94,SELL
SNAP,2023-09-07T00:00:00.000000,0,42.94,SELL
SNAP,2023-09-08T00:00:00.000000,0,42.94,SELL
SNAP,2023-09-11T00:00:00.000000,0,42.94,SELL
SNAP,2023-09-12T00:00:00.000000,0,46.09,SELL
SNAP,2023-09-13T00:00:00.000000,0,46.09,SELL
SNAP,2023-09-14T00:00:00.000000,0,48.73,SELL
SNAP,2023-09-15T00:00:00.000000,1,48.73,BUY
SNAP,2023-09-18T00:00:00.000000,1,48.73,BUY
SNAP,2023-09-19T00:00:00.000000,1,48.73,BUY
SNAP,2023-09-20T00:00:00.000000,1,48.73,BUY
SNAP,2023-09-21T00:00:00.000000,0,46.09,SELL
SNAP,2023-09-22T00:00:00.000000,0,46.09,SELL
SNAP,2023-09-25T00:00:00.000000,0,46.09,SELL
SNAP,2023-09-26T00:00:00.000000,0,46.09,SELL
SNAP,2023-09-27T00:00:00.000000,0,48.73,SELL
SNAP,2023-09-28T00:00:00.000000,0,48.73,SELL
SNAP,2023-09-29T00:00:00.000000,0,48.73,SELL
SNAP,2023-10-02T00:00:00.000000,0,46.09,SELL
SNAP,2023-10-03T00:00:00.000000,0,46.09,SELL
SNAP,2023-10-04T00:00:00.000000,0,48.73,SELL
SNAP,2023-10-05T00:00:00.000000,0,46.09,SELL
SNAP,2023-10-06T00:00:00.000000,0,46.09,SELL
SNAP,2023-10-09T00:00:00.000000,0,46.09,SELL
SNAP,2023-10-10T00:00:00.000000,0,46.09,SELL
SNAP,2023-10-11T00:00:00.000000,0,46.09,SELL
SNAP,2023-10-12T00:00:00.000000,0,46.09,SELL
SNAP,2023-10-13T00:00:00.000000,0,48.73,SELL
SNAP,2023-10-16T00:00:00.000000,1,48.73,BUY
SNAP,2023-10-17T00:00:00.000000,1,48.73,BUY
SNAP,2023-10-18T00:00:00.000000,1,48.73,BUY
SNAP,2023-10-19T00:00:00.000000,1,48.73,BUY
SNAP,2023-10-20T00:00:00.000000,1,48.73,BUY
SNAP,2023-10-23T00:00:00.000000,1,50.44,BUY
SNAP,2023-10-24T00:00:00.000000,1,50.44,BUY
SNAP,2023-10-25T00:00:00.000000,1,50.44,BUY
SNAP,2023-10-26T00:00:00.000000,1,50.69,BUY
SNAP,2023-10-27T00:00:00.000000,1,50.44,BUY
SNAP,2023-10-30T00:00:00.000000,1,50.44,BUY
SNAP,2023-10-31T00:00:00.000000,1,50.44,BUY
SNAP,2023-11-01T00:00:00.000000,1,50.44,BUY
SNAP,2023-11-02T00:00:00.000000,1,50.44,BUY
SNAP,2023-11-03T00:00:00.000000,1,48.73,BUY
SNAP,2023-11-06T00:00:00.000000,1,48.73,BUY
SNAP,2023-11-07T00:00:00.000000,0,48.73,SELL
SNAP,2023-11-08T00:00:00.000000,0,48.73,SELL
SNAP,2023-11-09T00:00:00.000000,0,46.09,SELL
SNAP,2023-11-10T00:00:00.000000,0,46.09,SELL
SNAP,2023-11-13T00:00:00.000000,0,42.94,SELL
SNAP,2023-11-14T00:00:00.000000,0,42.94,SELL
SNAP,2023-11-15T00:00:00.000000,0,42.94,SELL
SNAP,2023-11-16T00:00:00.000000,0,42.94,SELL
SNAP,2023-11-17T00:00:00.000000,0,42.94,SELL
SNAP,2023-11-20T00:00:00.000000,0,42.94,SELL
SNAP,2023-11-21T00:00:00.000000,0,42.94,SELL
SNAP,2023-11-22T00:00:00.000000,0,42.94,SELL
SNAP,2023-11-24T00:00:00.000000,0,42.94,SELL
SNAP,2023-11-27T00:00:00.000000,0,42.94,SELL
SNAP,2023-11-28T00:00:00.000000,0,42.94,SELL
SNAP,2023-11-29T00:00:00.000000,0,42.94,SELL
SNAP,2023-11-30T00:00:00.000000,0,42.94,SELL
SNAP,2023-12-01T00:00:00.000000,0,42.94,SELL
SNAP,2023-12-04T00:00:00.000000,0,42.94,SELL
SNAP,2023-12-05T00:00:00.000000,0,42.94,SELL
SNAP,2023-12-06T00:00:00.000000,0,42.94,SELL
SNAP,2023-12-07T00:00:00.000000,0,42.94,SELL
SNAP,2023-12-08T00:00:00.000000,0,46.09,SELL
SNAP,2023-12-11T00:00:00.000000,0,46.09,SELL
SNAP,2023-12-12T00:00:00.000000,0,46.09,SELL
SNAP,2023-12-13T00:00:00.000000,0,46.09,SELL
SNAP,2023-12-14T00:00:00.000000,0,42.94,SELL
SNAP,2023-12-15T00:00:00.000000,0,42.94,SELL
SNAP,2023-12-18T00:00:00.000000,0,46.09,SELL
SNAP,2023-12-19T00:00:00.000000,0,46.09,SELL
SNAP,2023-12-20T00:00:00.000000,0,42.94,SELL
SNAP,2023-12-21T00:00:00.000000,0,42.94,SELL
SNAP,2023-12-22T00:00:00.000000,0,42.94,SELL
SNAP,2023-12-26T00:00:00.000000,0,42.94,SELL
SNAP,2023-12-27T00:00:00.000000,0,42.94,SELL
SNAP,2023-12-28T00:00:00.000000,0,42.94,SELL
SNAP,2023-12-29T00:00:00.000000,0,42.94,SELL
SNAP,2024-01-02T00:00:00.000000,0,39.62,SELL
SNAP,2024-01-03T00:00:00.000000,0,39.62,SELL
SNAP,2024-01-04T00:00:00.000000,0,39.62,SELL
SNAP,2024-01-05T00:00:00.000000,0,39.62,SELL
SNAP,2024-01-08T00:00:00.000000,0,39.62,SELL
SNAP,2024-01-09T00:00:00.000000,0,39.62,SELL
SNAP,2024-01-10T00:00:00.000000,0,39.62,SELL
SNAP,2024-01-11T00:00:00.000000,0,40.0,SELL
SNAP,2024-01-12T00:00:00.000000,0,42.94,SELL
SNAP,2024-01-16T00:00:00.000000,0,39.62,SELL
SNAP,2024-01-17T00:00:00.000000,0,39.62,SELL
SNAP,2024-01-18T00:00:00.000000,0,39.62,SELL
SNAP,2024-01-19T00:00:00.000000,0,39.62,SELL
SNAP,2024-01-22T00:00:00.000000,0,42.94,SELL
SNAP,2024-01-23T00:00:00.000000,0,42.94,SELL
SNAP,2024-01-24T00:00:00.000000,0,42.94,SELL
SNAP,2024-01-25T00:00:00.000000,0,40.0,SELL
SNAP,2024-01-26T00:00:00.000000,0,39.62,SELL
SNAP,2024-01-29T00:00:00.000000,0,39.62,SELL
SNAP,2024-01-30T00:00:00.000000,0,39.62,SELL
SNAP,2024-01-31T00:00:00.000000,0,39.62,SELL
SNAP,2024-02-01T00:00:00.000000,0,39.62,SELL
SNAP,2024-02-02T00:00:00.000000,0,39.62,SELL
SNAP,2024-02-05T00:00:00.000000,0,39.62,SELL
SNAP,2024-02-06T00:00:00.000000,0,39.62,SELL
SNAP,2024-02-07T00:00:00.000000,0,39.62,SELL
SNAP,2024-02-08T00:00:00.000000,0,39.62,SELL
SNAP,2024-02-09T00:00:00.000000,0,39.62,SELL
SNAP,2024-02-12T00:00:00.000000,0,39.62,SELL
SNAP,2024-02-13T00:00:00.000000,0,39.62,SELL
SNAP,2024-02-14T00:00:00.000000,0,39.62,SELL
SNAP,2024-02-15T00:00:00.000000,0,39.62,SELL
SNAP,2024-02-16T00:00:00.000000,0,39.62,SELL
SNAP,2024-02-20T00:00:00.000000,0,39.62,SELL
SNAP,2024-02-21T00:00:00.000000,0,39.62,SELL
SNAP,2024-02-22T00:00:00.000000,0,39.62,SELL
SNAP,2024-02-23T00:00:00.000000,0,39.62,SELL
SNAP,2024-02-26T00:00:00.000000,0,39.62,SELL
SNAP,2024-02-27T00:00:00.000000,0,39.62,SELL
SNAP,2024-02-28T00:00:00.000000,0,39.62,SELL
SNAP,2024-02-29T00:00:00.000000,0,39.62,SELL
SNAP,2024-03-01T00:00:00.000000,0,40.0,SELL
SNAP,2024-03-04T00:00:00.000000,0,42.94,SELL
SNAP,2024-03-05T00:00:00.000000,0,42.94,SELL
SNAP,2024-03-06T00:00:00.000000,0,42.94,SELL
SNAP,2024-03-07T00:00:00.000000,0,42.94,SELL
SNAP,2024-03-08T00:00:00.000000,0,42.94,SELL
SNAP,2024-03-11T00:00:00.000000,0,42.94,SELL
SNAP,2024-03-12T00:00:00.000000,0,42.94,SELL
SNAP,2024-03-13T00:00:00.000000,0,42.94,SELL
SNAP,2024-03-14T00:00:00.000000,0,42.94,SELL
SNAP,2024-03-15T00:00:00.000000,0,42.94,SELL
SNAP,2024-03-18T00:00:00.000000,0,46.09,SELL
SNAP,2024-03-19T00:00:00.000000,1,48.73,BUY
SNAP,2024-03-20T00:00:00.000000,1,48.73,BUY
SNAP,2024-03-21T00:00:00.000000,1,50.44,BUY
SNAP,2024-03-22T00:00:00.000000,1,50.44,BUY
SNAP,2024-03-25T00:00:00.000000,1,48.73,BUY
SNAP,2024-03-26T00:00:00.000000,0,48.73,SELL
SNAP,2024-03-27T00:00:00.000000,0,46.09,SELL
SNAP,2024-03-28T00:00:00.000000,0,42.94,SELL
SNAP,2024-04-01T00:00:00.000000,0,42.94,SELL
SNAP,2024-04-02T00:00:00.000000,0,42.94,SELL
SNAP,2024-04-03T00:00:00.000000,0,42.94,SELL
SNAP,2024-04-04T00:00:00.000000,0,42.94,SELL
SNAP,2024-04-05T00:00:00.000000,0,42.94,SELL
SNAP,2024-04-08T00:00:00.000000,0,42.94,SELL
SNAP,2024-04-09T00:00:00.000000,0,46.09,SELL
SNAP,2024-04-10T00:00:00.000000,0,46.09,SELL
SNAP,2024-04-11T00:00:00.000000,0,46.09,SELL
SNAP,2024-04-12T00:00:00.000000,0,46.09,SELL
SNAP,2024-04-15T00:00:00.000000,0,46.09,SELL
SNAP,2024-04-16T00:00:00.000000,0,48.73,SELL
SNAP,2024-04-17T00:00:00.000000,0,48.73,SELL
SNAP,2024-04-18T00:00:00.000000,1,48.73,BUY
SNAP,2024-04-19T00:00:00.000000,1,48.73,BUY
SNAP,2024-04-22T00:00:00.000000,1,48.73,BUY
SNAP,2024-04-23T00:00:00.000000,1,50.44,BUY
SNAP,2024-04-24T00:00:00.000000,1,50.44,BUY
SNAP,2024-04-25T00:00:00.000000,1,48.73,BUY
SNAP,2024-04-26T00:00:00.000000,1,48.73,BUY
SNAP,2024-04-29T00:00:00.000000,1,48.73,BUY
SNAP,2024-04-30T00:00:00.000000,1,48.73,BUY
SNAP,2024-05-01T00:00:00.000000,1,50.44,BUY
SNAP,2024-05-02T00:00:00.000000,1,50.44,BUY
SNAP,2024-05-03T00:00:00.000000,1,50.44,BUY
SNAP,2024-05-06T00:00:00.000000,1,50.44,BUY
SNAP,2024-05-07T00:00:00.000000,1,50.44,BUY
SNAP,2024-05-08T00:00:00.000000,1,50.44,BUY
SNAP,2024-05-09T00:00:00.000000,1,48.73,BUY
SNAP,2024-05-10T00:00:00.000000,1,48.73,BUY
SNAP,2024-05-13T00:00:00.000000,1,48.73,BUY
SNAP,2024-05-14T00:00:00.000000,1,48.73,BUY
SNAP,2024-05-15T00:00:00.000000,1,48.73,BUY
SNAP,2024-05-16T00:00:00.000000,0,48.73,SELL
SNAP,2024-05-17T00:00:00.000000,0,48.73,SELL
SNAP,2024-05-20T00:00:00.000000,0,46.09,SELL
SNAP,2024-05-21T00:00:00.000000,0,46.09,SELL
SNAP,2024-05-22T00:00:00.000000,0,42.94,SELL
SNAP,2024-05-23T00:00:00.000000,0,42.94,SELL
SNAP,2024-05-24T00:00:00.000000,0,42.94,SELL
SNAP,2024-05-28T00:00:00.000000,0,42.94,SELL
SNAP,2024-05-29T00:00:00.000000,0,42.94,SELL
SNAP,2024-05-30T00:00:00.000000,0,42.94,SELL
SNAP,2024-05-31T00:00:00.000000,0,42.94,SELL
SNAP,2024-06-03T00:00:00.000000,0,42.94,SELL
SNAP,2024-06-04T00:00:00.000000,0,42.94,SELL
SNAP,2024-06-05T00:00:00.000000,0,42.94,SELL
SNAP,2024-06-06T00:00:00.000000,0,42.94,SELL
SNAP,2024-06-07T00:00:00.000000,0,42.94,SELL
SNAP,2024-06-10T00:00:00.000000,0,42.94,SELL
SNAP,2024-06-11T00:00:00.000000,0,42.94,SELL
SNAP,2024-06-12T00:00:00.000000,0,42.94,SELL
SNAP,2024-06-13T00:00:00.000000,0,42.94,SELL
SNAP,2024-06-14T00:00:00.000000,0,42.94,SELL
SNAP,2024-06-17T00:00:00.000000,0,42.94,SELL
SNAP,2024-06-18T00:00:00.000000,0,42.94,SELL
SNAP,2024-06-20T00:00:00.000000,0,42.94,SELL
SNAP,2024-06-21T00:00:00.000000,0,46.09,SELL
SNAP,2024-06-24T00:00:00.000000,0,46.09,SELL
SNAP,2024-06-25T00:00:00.000000,0,46.09,SELL
SNAP,2024-06-26T00:00:00.000000,0,42.94,SELL
SNAP,2024-06-27T00:00:00.000000,0,42.94,SELL
SNAP,2024-06-28T00:00:00.000000,0,42.94,SELL
SNAP,2024-07-01T00:00:00.000000,0,46.09,SELL
SNAP,2024-07-02T00:00:00.000000,0,46.09,SELL
SNAP,2024-07-03T00:00:00.000000,0,46.09,SELL
SNAP,2024-07-05T00:00:00.000000,0,48.73,SELL
SNAP,2024-07-08T00:00:00.000000,0,48.73,SELL
SNAP,2024-07-09T00:00:00.000000,1,48.73,BUY
SNAP,2024-07-10T00:00:00.000000,1,48.73,BUY
SNAP,2024-07-11T00:00:00.000000,1,48.73,BUY
SNAP,2024-07-12T00:00:00.000000,0,48.73,SELL
SNAP,2024-07-15T00:00:00.000000,0,46.09,SELL
SNAP,2024-07-16T00:00:00.000000,0,42.94,SELL
SNAP,2024-07-17T00:00:00.000000,0,42.94,SELL
SNAP,2024-07-18T00:00:00.000000,0,39.62,SELL
SNAP,2024-07-19T00:00:00.000000,0,39.62,SELL
SNAP,2024-07-22T00:00:00.000000,0,42.94,SELL
SNAP,2024-07-23T00:00:00.000000,0,42.94,SELL
SNAP,2024-07-24T00:00:00.000000,0,42.94,SELL
SNAP,2024-07-25T00:00:00.000000,0,39.62,SELL
SNAP,2024-07-26T00:00:00.000000,0,39.62,SELL
SNAP,2024-07-29T00:00:00.000000,0,39.62,SELL
SNAP,2024-07-30T00:00:00.000000,0,39.62,SELL
SNAP,2024-07-31T00:00:00.000000,0,39.62,SELL
SNAP,2024-08-01T00:00:00.000000,0,39.62,SELL
SNAP,2024-08-02T00:00:00.000000,0,39.62,SELL
SNAP,2024-08-05T00:00:00.000000,0,0.0,SELL
SNAP,2024-08-06T00:00:00.000000,0,0.0,SELL
SNAP,2024-08-07T00:00:00.000000,0,0.0,SELL
SNAP,2024-08-08T00:00:00.000000,0,21.15,SELL
SNAP,2024-08-09T00:00:00.000000,0,39.62,SELL
SNAP,2024-08-12T00:00:00.000000,0,39.62,SELL
SNAP,2024-08-13T00:00:00.000000,0,39.62,SELL
SNAP,2024-08-14T00:00:00.000000,0,39.62,SELL
SNAP,2024-08-15T00:00:00.000000,0,39.62,SELL
SNAP,2024-08-16T00:00:00.000000,0,39.62,SELL
SNAP,2024-08-19T00:00:00.000000,0,39.62,SELL
SNAP,2024-08-20T00:00:00.000000,0,39.62,SELL
SNAP,2024-08-21T00:00:00.000000,0,39.62,SELL
SNAP,2024-08-22T00:00:00.000000,0,42.94,SELL
SNAP,2024-08-23T00:00:00.000000,0,42.94,SELL
SNAP,2024-08-26T00:00:00.000000,0,42.94,SELL
SNAP,2024-08-27T00:00:00.000000,0,42.94,SELL
SNAP,2024-08-28T00:00:00.000000,0,42.94,SELL
SNAP,2024-08-29T00:00:00.000000,0,42.94,SELL
SNAP,2024-08-30T00:00:00.000000,0,42.94,SELL
SNAP,2024-09-03T00:00:00.000000,0,42.94,SELL
SNAP,2024-09-04T00:00:00.000000,0,42.94,SELL
SNAP,2024-09-05T00:00:00.000000,0,46.09,SELL
SNAP,2024-09-06T00:00:00.000000,0,46.09,SELL
SNAP,2024-09-09T00:00:00.000000,0,48.73,SELL
SNAP,2024-09-10T00:00:00.000000,1,48.73,BUY
SNAP,2024-09-11T00:00:00.000000,1,48.73,BUY
SNAP,2024-09-12T00:00:00.000000,1,48.73,BUY
SNAP,2024-09-13T00:00:00.000000,1,48.73,BUY
SNAP,2024-09-16T00:00:00.000000,1,48.73,BUY
SNAP,2024-09-17T00:00:00.000000,1,48.73,BUY
SNAP,2024-09-18T00:00:00.000000,0,48.73,SELL
SNAP,2024-09-19T00:00:00.000000,0,46.09,SELL
SNAP,2024-09-20T00:00:00.000000,0,46.09,SELL
SNAP,2024-09-23T00:00:00.000000,0,46.09,SELL
SNAP,2024-09-24T00:00:00.000000,0,46.09,SELL
SNAP,2024-09-25T00:00:00.000000,0,46.09,SELL
SNAP,2024-09-26T00:00:00.000000,0,46.09,SELL
SNAP,2024-09-27T00:00:00.000000,0,48.73,SELL
SNAP,2024-09-30T00:00:00.000000,0,48.73,SELL
SNAP,2024-10-01T00:00:00.000000,0,48.73,SELL
SNAP,2024-10-02T00:00:00.000000,0,48.73,SELL
SNAP,2024-10-03T00:00:00.000000,0,46.09,SELL
SNAP,2024-10-04T00:00:00.000000,0,46.09,SELL
SNAP,2024-10-07T00:00:00.000000,0,46.09,SELL
SNAP,2024-10-08T00:00:00.000000,0,46.09,SELL
SNAP,2024-10-09T00:00:00.000000,0,46.09,SELL
SNAP,2024-10-10T00:00:00.000000,0,42.94,SELL
SNAP,2024-10-11T00:00:00.000000,0,42.94,SELL
SNAP,2024-10-14T00:00:00.000000,0,42.94,SELL
SNAP,2024-10-15T00:00:00.000000,0,42.94,SELL
SNAP,2024-10-16T00:00:00.000000,0,40.0,SELL
SNAP,2024-10-17T00:00:00.000000,0,40.0,SELL
SNAP,2024-10-18T00:00:00.000000,0,39.62,SELL
SNAP,2024-10-21T00:00:00.000000,0,39.62,SELL
SNAP,2024-10-22T00:00:00.000000,0,39.62,SELL
SNAP,2024-10-23T00:00:00.000000,0,39.62,SELL
SNAP,2024-10-24T00:00:00.000000,0,39.62,SELL
SNAP,2024-10-25T00:00:00.000000,0,39.62,SELL
SNAP,2024-10-28T00:00:00.000000,0,39.62,SELL
SNAP,2024-10-29T00:00:00.000000,0,39.62,SELL
SNAP,2024-10-30T00:00:00.000000,0,40.0,SELL
SNAP,2024-10-31T00:00:00.000000,0,42.94,SELL
SNAP,2024-11-01T00:00:00.000000,0,42.94,SELL
SNAP,2024-11-04T00:00:00.000000,0,46.09,SELL
SNAP,2024-11-05T00:00:00.000000,0,48.73,SELL
SNAP,2024-11-06T00:00:00.000000,1,48.73,BUY
SNAP,2024-11-07T00:00:00.000000,1,48.73,BUY
SNAP,2024-11-08T00:00:00.000000,1,48.73,BUY
SNAP,2024-11-11T00:00:00.000000,1,48.73,BUY
SNAP,2024-11-12T00:00:00.000000,1,48.73,BUY
SNAP,2024-11-13T00:00:00.000000,1,48.73,BUY
SNAP,2024-11-14T00:00:00.000000,1,48.73,BUY
SNAP,2024-11-15T00:00:00.000000,1,50.44,BUY
SNAP,2024-11-18T00:00:00.000000,1,50.44,BUY
SNAP,2024-11-19T00:00:00.000000,1,48.73,BUY
SNAP,2024-11-20T00:00:00.000000,0,46.09,SELL
SNAP,2024-11-21T00:00:00.000000,0,42.94,SELL
SNAP,2024-11-22T00:00:00.000000,0,39.62,SELL
SNAP,2024-11-25T00:00:00.000000,0,39.62,SELL
SNAP,2024-11-26T00:00:00.000000,0,39.62,SELL
SNAP,2024-11-27T00:00:00.000000,0,39.62,SELL
SNAP,2024-11-29T00:00:00.000000,0,39.62,SELL
SNAP,2024-12-02T00:00:00.000000,0,39.62,SELL
SNAP,2024-12-03T00:00:00.000000,0,39.62,SELL
SNAP,2024-12-04T00:00:00.000000,0,39.62,SELL
SNAP,2024-12-05T00:00:00.000000,0,42.94,SELL
SNAP,2024-12-06T00:00:00.000000,0,42.94,SELL
SNAP,2024-12-09T00:00:00.000000,0,42.94,SELL
SNAP,2024-12-10T00:00:00.000000,0,42.94,SELL
SNAP,2024-12-11T00:00:00.000000,0,42.94,SELL
SNAP,2024-12-12T00:00:00.000000,0,42.94,SELL
SNAP,2024-12-13T00:00:00.000000,0,42.94,SELL
SNAP,2024-12-16T00:00:00.000000,0,42.94,SELL
SNAP,2024-12-17T00:00:00.000000,0,46.09,SELL
SNAP,2024-12-18T00:00:00.000000,0,46.09,SELL
SNAP,2024-12-19T00:00:00.000000,1,48.73,BUY
SNAP,2024-12-20T00:00:00.000000,1,48.73,BUY
SPY,2023-02-21T00:00:00.000000,1,50.69,BUY
SPY,2023-02-22T00:00:00.000000,1,50.69,BUY
SPY,2023-02-23T00:00:00.000000,1,50.69,BUY
SPY,2023-02-24T00:00:00.000000,1,50.69,BUY
SPY,2023-02-27T00:00:00.000000,1,50.69,BUY
SPY,2023-02-28T00:00:00.000000,1,50.69,BUY
SPY,2023-03-01T00:00:00.000000,1,50.69,BUY
SPY,2023-03-02T00:00:00.000000,1,50.69,BUY
SPY,2023-03-03T00:00:00.000000,1,50.69,BUY
SPY,2023-03-06T00:00:00.000000,1,50.69,BUY
SPY,2023-03-07T00:00:00.000000,1,50.69,BUY
SPY,2023-03-08T00:00:00.000000,1,50.69,BUY
SPY,2023-03-09T00:00:00.000000,1,50.69,BUY
SPY,2023-03-10T00:00:00.000000,1,50.69,BUY
SPY,2023-03-13T00:00:00.000000,1,50.69,BUY
SPY,2023-03-14T00:00:00.000000,1,50.69,BUY
SPY,2023-03-15T00:00:00.000000,1,50.69,BUY
SPY,2023-03-16T00:00:00.000000,1,50.69,BUY
SPY,2023-03-17T00:00:00.000000,1,50.69,BUY
SPY,2023-03-20T00:00:00.000000,1,50.69,BUY
SPY,2023-03-21T00:00:00.000000,1,50.69,BUY
SPY,2023-03-22T00:00:00.000000,1,50.69,BUY
SPY,2023-03-23T00:00:00.000000,1,50.69,BUY
SPY,2023-03-24T00:00:00.000000,1,50.69,BUY
SPY,2023-03-27T00:00:00.000000,1,50.69,BUY
SPY,2023-03-28T00:00:00.000000,1,50.69,BUY
SPY,2023-03-29T00:00:00.000000,1,50.69,BUY
SPY,2023-03-30T00:00:00.000000,1,50.69,BUY
SPY,2023-03-31T00:00:00.000000,1,50.69,BUY
SPY,2023-04-03T00:00:00.000000,1,50.69,BUY
SPY,2023-04-04T00:00:00.000000,1,50.69,BUY
SPY,2023-04-05T00:00:00.000000,1,50.69,BUY
SPY,2023-04-06T00:00:00.000000,1,50.69,BUY
SPY,2023-04-10T00:00:00.000000,1,50.69,BUY
SPY,2023-04-11T00:00:00.000000,1,50.69,BUY
SPY,2023-04-12T00:00:00.000000,1,50.69,BUY
SPY,2023-04-13T00:00:00.000000,1,50.69,BUY
SPY,2023-04-14T00:00:00.000000,1,50.69,BUY
SPY,2023-04-17T00:00:00.000000,1,50.69,BUY
SPY,2023-04-18T00:00:00.000000,1,50.69,BUY
SPY,2023-04-19T00:00:00.000000,1,50.69,BUY
SPY,2023-04-20T00:00:00.000000,1,50.69,BUY
SPY,2023-04-21T00:00:00.000000,1,50.69,BUY
SPY,2023-04-24T00:00:00.000000,1,50.69,BUY
SPY,2023-04-25T00:00:00.000000,1,50.69,BUY
SPY,2023-04-26T00:00:00.000000,1,50.69,BUY
SPY,2023-04-27T00:00:00.000000,1,50.69,BUY
SPY,2023-04-28T00:00:00.000000,1,50.69,BUY
SPY,2023-05-01T00:00:00.000000,1,50.69,BUY
SPY,2023-05-02T00:00:00.000000,1,50.69,BUY
SPY,2023-05-03T00:00:00.000000,1,50.69,BUY
SPY,2023-05-04T00:00:00.000000,1,50.69,BUY
SPY,2023-05-05T00:00:00.000000,1,50.69,BUY
SPY,2023-05-08T00:00:00.000000,1,50.69,BUY
SPY,2023-05-09T00:00:00.000000,1,50.69,BUY
SPY,2023-05-10T00:00:00.000000,1,50.69,BUY
SPY,2023-05-11T00:00:00.000000,1,50.69,BUY
SPY,2023-05-12T00:00:00.000000,1,50.69,BUY
SPY,2023-05-15T00:00:00.000000,1,50.69,BUY
SPY,2023-05-16T00:00:00.000000,1,50.69,BUY
SPY,2023-05-17T00:00:00.000000,1,50.69,BUY
SPY,2023-05-18T00:00:00.000000,1,50.69,BUY
SPY,2023-05-19T00:00:00.000000,1,50.69,BUY
SPY,2023-05-22T00:00:00.000000,1,50.69,BUY
SPY,2023-05-23T00:00:00.000000,1,50.69,BUY
SPY,2023-05-24T00:00:00.000000,1,50.69,BUY
SPY,2023-05-25T00:00:00.000000,1,50.69,BUY
SPY,2023-05-26T00:00:00.000000,1,50.69,BUY
SPY,2023-05-30T00:00:00.000000,1,50.69,BUY
SPY,2023-05-31T00:00:00.000000,1,50.69,BUY
SPY,2023-06-01T00:00:00.000000,1,50.69,BUY
SPY,2023-06-02T00:00:00.000000,1,50.69,BUY
SPY,2023-06-05T00:00:00.000000,1,50.69,BUY
SPY,2023-06-06T00:00:00.000000,1,50.69,BUY
SPY,2023-06-07T00:00:00.000000,1,50.69,BUY
SPY,2023-06-08T00:00:00.000000,1,50.69,BUY
SPY,2023-06-09T00:00:00.000000,1,50.69,BUY
SPY,2023-06-12T00:00:00.000000,1,50.44,BUY
SPY,2023-06-13T00:00:00.000000,1,50.44,BUY
SPY,2023-06-14T00:00:00.000000,1,50.44,BUY
SPY,2023-06-15T00:00:00.000000,1,50.44,BUY
SPY,2023-06-16T00:00:00.000000,1,50.44,BUY
SPY,2023-06-20T00:00:00.000000,1,50.69,BUY
SPY,2023-06-21T00:00:00.000000,1,50.69,BUY
SPY,2023-06-22T00:00:00.000000,1,50.69,BUY
SPY,2023-06-23T00:00:00.000000,1,50.69,BUY
SPY,2023-06-26T00:00:00.000000,1,50.69,BUY
SPY,2023-06-27T00:00:00.000000,1,50.69,BUY
SPY,2023-06-28T00:00:00.000000,1,50.69,BUY
SPY,2023-06-29T00:00:00.000000,1,50.69,BUY
SPY,2023-06-30T00:00:00.000000,1,50.69,BUY
SPY,2023-07-03T00:00:00.000000,1,50.69,BUY
SPY,2023-07-05T00:00:00.000000,1,50.69,BUY
SPY,2023-07-06T00:00:00.000000,1,50.69,BUY
SPY,2023-07-07T00:00:00.000000,1,50.69,BUY
SPY,2023-07-10T00:00:00.000000,1,50.69,BUY
SPY,2023-07-11T00:00:00.000000,1,50.69,BUY
SPY,2023-07-12T00:00:00.000000,1,50.69,BUY
SPY,2023-07-13T00:00:00.000000,1,50.69,BUY
SPY,2023-07-14T00:00:00.000000,1,50.69,BUY
SPY,2023-07-17T00:00:00.000000,1,50.69,BUY
SPY,2023-07-18T00:00:00.000000,1,50.69,BUY
SPY,2023-07-19T00:00:00.000000,1,50.69,BUY
SPY,2023-07-20T00:00:00.000000,1,50.69,BUY
SPY,2023-07-21T00:00:00.000000,1,50.69,BUY
SPY,2023-07-24T00:00:00.000000,1,50.69,BUY
SPY,2023-07-25T00:00:00.000000,1,50.44,BUY
SPY,2023-07-26T00:00:00.000000,1,50.44,BUY
SPY,2023-07-27T00:00:00.000000,1,50.44,BUY
SPY,2023-07-28T00:00:00.000000,1,50.44,BUY
SPY,2023-07-31T00:00:00.000000,1,50.44,BUY
SPY,2023-08-01T00:00:00.000000,1,50.44,BUY
SPY,2023-08-02T00:00:00.000000,1,50.44,BUY
SPY,2023-08-03T00:00:00.000000,1,50.44,BUY
SPY,2023-08-04T00:00:00.000000,1,50.44,BUY
SPY,2023-08-07T00:00:00.000000,1,50.44,BUY
SPY,2023-08-08T00:00:00.000000,1,50.44,BUY
SPY,2023-08-09T00:00:00.000000,1,50.44,BUY
SPY,2023-08-10T00:00:00.000000,1,50.44,BUY
SPY,2023-08-11T00:00:00.000000,1,50.69,BUY
SPY,2023-08-14T00:00:00.000000,1,50.69,BUY
SPY,2023-08-15T00:00:00.000000,1,50.69,BUY
SPY,2023-08-16T00:00:00.000000,1,50.69,BUY
SPY,2023-08-17T00:00:00.000000,1,50.69,BUY
SPY,2023-08-18T00:00:00.000000,1,50.69,BUY
SPY,2023-08-21T00:00:00.000000,1,50.69,BUY
SPY,2023-08-22T00:00:00.000000,1,50.69,BUY
SPY,2023-08-23T00:00:00.000000,1,50.69,BUY
SPY,2023-08-24T00:00:00.000000,1,50.69,BUY
SPY,2023-08-25T00:00:00.000000,1,50.69,BUY
SPY,2023-08-28T00:00:00.000000,1,50.69,BUY
SPY,2023-08-29T00:00:00.000000,1,50.69,BUY
SPY,2023-08-30T00:00:00.000000,1,50.69,BUY
SPY,2023-08-31T00:00:00.000000,1,50.69,BUY
SPY,2023-09-01T00:00:00.000000,1,50.69,BUY
SPY,2023-09-05T00:00:00.000000,1,50.44,BUY
SPY,2023-09-06T00:00:00.000000,1,50.44,BUY
SPY,2023-09-07T00:00:00.000000,1,50.44,BUY
SPY,2023-09-08T00:00:00.000000,1,50.44,BUY
SPY,2023-09-11T00:00:00.000000,1,50.44,BUY
SPY,2023-09-12T00:00:00.000000,1,50.69,BUY
SPY,2023-09-13T00:00:00.000000,1,50.69,BUY
SPY,2023-09-14T00:00:00.000000,1,50.69,BUY
SPY,2023-09-15T00:00:00.000000,1,50.69,BUY
SPY,2023-09-18T00:00:00.000000,1,50.69,BUY
SPY,2023-09-19T00:00:00.000000,1,50.69,BUY
SPY,2023-09-20T00:00:00.000000,1,50.69,BUY
SPY,2023-09-21T00:00:00.000000,1,50.69,BUY
SPY,2023-09-22T00:00:00.000000,1,50.69,BUY
SPY,2023-09-25T00:00:00.000000,1,50.69,BUY
SPY,2023-09-26T00:00:00.000000,1,50.69,BUY
SPY,2023-09-27T00:00:00.000000,1,50.69,BUY
SPY,2023-09-28T00:00:00.000000,1,50.69,BUY
SPY,2023-09-29T00:00:00.000000,1,50.69,BUY
SPY,2023-10-02T00:00:00.000000,1,50.69,BUY
SPY,2023-10-03T00:00:00.000000,1,50.69,BUY
SPY,2023-10-04T00:00:00.000000,1,50.69,BUY
SPY,2023-10-05T00:00:00.000000,1,50.69,BUY
SPY,2023-10-06T00:00:00.000000,1,50.69,BUY
SPY,2023-10-09T00:00:00.000000,1,50.69,BUY
SPY,2023-10-10T00:00:00.000000,1,50.69,BUY
SPY,2023-10-11T00:00:00.000000,1,50.69,BUY
SPY,2023-10-12T00:00:00.000000,1,50.69,BUY
SPY,2023-10-13T00:00:00.000000,1,50.69,BUY
SPY,2023-10-16T00:00:00.000000,1,50.69,BUY
SPY,2023-10-17T00:00:00.000000,1,50.69,BUY
SPY,2023-10-18T00:00:00.000000,1,50.69,BUY
SPY,2023-10-19T00:00:00.000000,1,50.69,BUY
SPY,2023-10-20T00:00:00.000000,1,50.69,BUY
SPY,2023-10-23T00:00:00.000000,1,50.69,BUY
SPY,2023-10-24T00:00:00.000000,1,50.69,BUY
SPY,2023-10-25T00:00:00.000000,1,50.69,BUY
SPY,2023-10-26T00:00:00.000000,1,50.69,BUY
SPY,2023-10-27T00:00:00.000000,1,50.69,BUY
SPY,2023-10-30T00:00:00.000000,1,50.69,BUY
SPY,2023-10-31T00:00:00.000000,1,50.69,BUY
SPY,2023-11-01T00:00:00.000000,1,50.69,BUY
SPY,2023-11-02T00:00:00.000000,1,50.69,BUY
SPY,2023-11-03T00:00:00.000000,1,50.69,BUY
SPY,2023-11-06T00:00:00.000000,1,50.69,BUY
SPY,2023-11-07T00:00:00.000000,1,50.69,BUY
SPY,2023-11-08T00:00:00.000000,1,50.69,BUY
SPY,2023-11-09T00:00:00.000000,1,50.69,BUY
SPY,2023-11-10T00:00:00.000000,1,50.44,BUY
SPY,2023-11-13T00:00:00.000000,1,50.44,BUY
SPY,2023-11-14T00:00:00.000000,1,48.73,BUY
SPY,2023-11-15T00:00:00.000000,1,48.73,BUY
SPY,2023-11-16T00:00:00.000000,1,48.73,BUY
SPY,2023-11-17T00:00:00.000000,1,48.73,BUY
SPY,2023-11-20T00:00:00.000000,1,48.73,BUY
SPY,2023-11-21T00:00:00.000000,1,48.73,BUY
SPY,2023-11-22T00:00:00.000000,1,50.44,BUY
SPY,2023-11-24T00:00:00.000000,1,50.44,BUY
SPY,2023-11-27T00:00:00.000000,1,50.44,BUY
SPY,2023-11-28T00:00:00.000000,1,50.44,BUY
SPY,2023-11-29T00:00:00.000000,1,50.44,BUY
SPY,2023-11-30T00:00:00.000000,1,50.44,BUY
SPY,2023-12-01T00:00:00.000000,1,50.44,BUY
SPY,2023-12-04T00:00:00.000000,1,50.44,BUY
SPY,2023-12-05T00:00:00.000000,1,50.44,BUY
SPY,2023-12-06T00:00:00.000000,1,50.69,BUY
SPY,2023-12-07T00:00:00.000000,1,50.69,BUY
SPY,2023-12-08T00:00:00.000000,1,50.69,BUY
SPY,2023-12-11T00:00:00.000000,1,50.69,BUY
SPY,2023-12-12T00:00:00.000000,1,50.69,BUY
SPY,2023-12-13T00:00:00.000000,1,50.69,BUY
SPY,2023-12-14T00:00:00.000000,1,50.44,BUY
SPY,2023-12-15T00:00:00.000000,1,50.44,BUY
SPY,2023-12-18T00:00:00.000000,1,50.69,BUY
SPY,2023-12-19T00:00:00.000000,1,50.69,BUY
SPY,2023-12-20T00:00:00.000000,1,50.44,BUY
SPY,2023-12-21T00:00:00.000000,1,50.44,BUY
SPY,2023-12-22T00:00:00.000000,1,50.44,BUY
SPY,2023-12-26T00:00:00.000000,1,50.44,BUY
SPY,2023-12-27T00:00:00.000000,1,50.44,BUY
SPY,2023-12-28T00:00:00.000000,1,50.44,BUY
SPY,2023-12-29T00:00:00.000000,1,50.44,BUY
SPY,2024-01-02T00:00:00.000000,1,50.69,BUY
SPY,2024-01-03T00:00:00.000000,1,50.69,BUY
SPY,2024-01-04T00:00:00.000000,1,50.69,BUY
SPY,2024-01-05T00:00:00.000000,1,50.69,BUY
SPY,2024-01-08T00:00:00.000000,1,50.69,BUY
SPY,2024-01-09T00:00:00.000000,1,50.69,BUY
SPY,2024-01-10T00:00:00.000000,1,50.69,BUY
SPY,2024-01-11T00:00:00.000000,1,50.69,BUY
SPY,2024-01-12T00:00:00.000000,1,50.69,BUY
SPY,2024-01-16T00:00:00.000000,1,50.69,BUY
SPY,2024-01-17T00:00:00.000000,1,50.69,BUY
SPY,2024-01-18T00:00:00.000000,1,50.69,BUY
SPY,2024-01-19T00:00:00.000000,1,50.69,BUY
SPY,2024-01-22T00:00:00.000000,1,50.69,BUY
SPY,2024-01-23T00:00:00.000000,1,50.69,BUY
SPY,2024-01-24T00:00:00.000000,1,50.69,BUY
SPY,2024-01-25T00:00:00.000000,1,50.69,BUY
SPY,2024-01-26T00:00:00.000000,1,50.69,BUY
SPY,2024-01-29T00:00:00.000000,1,50.69,BUY
SPY,2024-01-30T00:00:00.000000,1,50.69,BUY
SPY,2024-01-31T00:00:00.000000,1,50.69,BUY
SPY,2024-02-01T00:00:00.000000,1,50.69,BUY
SPY,2024-02-02T00:00:00.000000,1,50.69,BUY
SPY,2024-02-05T00:00:00.000000,1,50.69,BUY
SPY,2024-02-06T00:00:00.000000,1,50.69,BUY
SPY,2024-02-07T00:00:00.000000,1,50.69,BUY
SPY,2024-02-08T00:00:00.000000,1,50.69,BUY
SPY,2024-02-09T00:00:00.000000,1,50.69,BUY
SPY,2024-02-12T00:00:00.000000,1,50.69,BUY
SPY,2024-02-13T00:00:00.000000,1,50.69,BUY
SPY,2024-02-14T00:00:00.000000,1,50.69,BUY
SPY,2024-02-15T00:00:00.000000,1,50.69,BUY
SPY,2024-02-16T00:00:00.000000,1,50.69,BUY
SPY,2024-02-20T00:00:00.000000,1,50.69,BUY
SPY,2024-02-21T00:00:00.000000,1,50.69,BUY
SPY,2024-02-22T00:00:00.000000,1,50.69,BUY
SPY,2024-02-23T00:00:00.000000,1,50.69,BUY
SPY,2024-02-26T00:00:00.000000,1,50.69,BUY
SPY,2024-02-27T00:00:00.000000,1,50.69,BUY
SPY,2024-02-28T00:00:00.000000,1,50.69,BUY
SPY,2024-02-29T00:00:00.000000,1,50.69,BUY
SPY,2024-03-01T00:00:00.000000,1,50.69,BUY
SPY,2024-03-04T00:00:00.000000,1,50.69,BUY
SPY,2024-03-05T00:00:00.000000,1,50.69,BUY
SPY,2024-03-06T00:00:00.000000,1,50.69,BUY
SPY,2024-03-07T00:00:00.000000,1,50.69,BUY
SPY,2024-03-08T00:00:00.000000,1,50.69,BUY
SPY,2024-03-11T00:00:00.000000,1,50.69,BUY
SPY,2024-03-12T00:00:00.000000,1,50.69,BUY
SPY,2024-03-13T00:00:00.000000,1,50.69,BUY
SPY,2024-03-14T00:00:00.000000,1,50.69,BUY
SPY,2024-03-15T00:00:00.000000,1,50.69,BUY
SPY,2024-03-18T00:00:00.000000,1,50.69,BUY
SPY,2024-03-19T00:00:00.000000,1,50.69,BUY
SPY,2024-03-20T00:00:00.000000,1,50.69,BUY
SPY,2024-03-21T00:00:00.000000,1,50.44,BUY
SPY,2024-03-22T00:00:00.000000,1,50.44,BUY
SPY,2024-03-25T00:00:00.000000,1,50.44,BUY
SPY,2024-03-26T00:00:00.000000,1,50.44,BUY
SPY,2024-03-27T00:00:00.000000,1,50.44,BUY
SPY,2024-03-28T00:00:00.000000,1,50.44,BUY
SPY,2024-04-01T00:00:00.000000,1,48.73,BUY
SPY,2024-04-02T00:00:00.000000,1,48.73,BUY
SPY,2024-04-03T00:00:00.000000,1,48.73,BUY
SPY,2024-04-04T00:00:00.000000,1,50.44,BUY
SPY,2024-04-05T00:00:00.000000,1,50.44,BUY
SPY,2024-04-08T00:00:00.000000,1,50.44,BUY
SPY,2024-04-09T00:00:00.000000,1,50.44,BUY
SPY,2024-04-10T00:00:00.000000,1,50.44,BUY
SPY,2024-04-11T00:00:00.000000,1,50.44,BUY
SPY,2024-04-12T00:00:00.000000,1,50.69,BUY
SPY,2024-04-15T00:00:00.000000,1,50.69,BUY
SPY,2024-04-16T00:00:00.000000,1,50.69,BUY
SPY,2024-04-17T00:00:00.000000,1,50.69,BUY
SPY,2024-04-18T00:00:00.000000,1,50.69,BUY
SPY,2024-04-19T00:00:00.000000,1,50.69,BUY
SPY,2024-04-22T00:00:00.000000,1,50.69,BUY
SPY,2024-04-23T00:00:00.000000,1,50.69,BUY
SPY,2024-04-24T00:00:00.000000,1,50.69,BUY
SPY,2024-04-25T00:00:00.000000,1,50.69,BUY
SPY,2024-04-26T00:00:00.000000,1,50.69,BUY
SPY,2024-04-29T00:00:00.000000,1,50.69,BUY
SPY,2024-04-30T00:00:00.000000,1,50.69,BUY
SPY,2024-05-01T00:00:00.000000,1,50.69,BUY
SPY,2024-05-02T00:00:00.000000,1,50.44,BUY
SPY,2024-05-03T00:00:00.000000,1,50.44,BUY
SPY,2024-05-06T00:00:00.000000,1,50.44,BUY
SPY,2024-05-07T00:00:00.000000,1,50.44,BUY
SPY,2024-05-08T00:00:00.000000,1,50.44,BUY
SPY,2024-05-09T00:00:00.000000,1,50.44,BUY
SPY,2024-05-10T00:00:00.000000,1,48.73,BUY
SPY,2024-05-13T00:00:00.000000,0,48.73,SELL
SPY,2024-05-14T00:00:00.000000,0,48.73,SELL
SPY,2024-05-15T00:00:00.000000,0,48.73,SELL
SPY,2024-05-16T00:00:00.000000,0,48.73,SELL
SPY,2024-05-17T00:00:00.000000,1,48.73,BUY
SPY,2024-05-20T00:00:00.000000,1,48.73,BUY
SPY,2024-05-21T00:00:00.000000,1,50.44,BUY
SPY,2024-05-22T00:00:00.000000,1,50.44,BUY
SPY,2024-05-23T00:00:00.000000,1,50.44,BUY
SPY,2024-05-24T00:00:00.000000,1,50.69,BUY
SPY,2024-05-28T00:00:00.000000,1,50.69,BUY
SPY,2024-05-29T00:00:00.000000,1,50.69,BUY
SPY,2024-05-30T00:00:00.000000,1,50.69,BUY
SPY,2024-05-31T00:00:00.000000,1,50.69,BUY
SPY,2024-06-03T00:00:00.000000,1,50.69,BUY
SPY,2024-06-04T00:00:00.000000,1,50.69,BUY
SPY,2024-06-05T00:00:00.000000,1,50.69,BUY
SPY,2024-06-06T00:00:00.000000,1,50.69,BUY
SPY,2024-06-07T00:00:00.000000,1,50.69,BUY
SPY,2024-06-10T00:00:00.000000,1,50.69,BUY
SPY,2024-06-11T00:00:00.000000,1,50.69,BUY
SPY,2024-06-12T00:00:00.000000,1,50.69,BUY
SPY,2024-06-13T00:00:00.000000,1,50.69,BUY
SPY,2024-06-14T00:00:00.000000,1,50.69,BUY
SPY,2024-06-17T00:00:00.000000,1,50.69,BUY
SPY,2024-06-18T00:00:00.000000,1,50.69,BUY
SPY,2024-06-20T00:00:00.000000,1,50.69,BUY
SPY,2024-06-21T00:00:00.000000,1,50.69,BUY
SPY,2024-06-24T00:00:00.000000,1,50.69,BUY
SPY,2024-06-25T00:00:00.000000,1,50.69,BUY
SPY,2024-06-26T00:00:00.000000,1,50.69,BUY
SPY,2024-06-27T00:00:00.000000,1,50.69,BUY
SPY,2024-06-28T00:00:00.000000,1,50.69,BUY
SPY,2024-07-01T00:00:00.000000,1,50.69,BUY
SPY,2024-07-02T00:00:00.000000,1,50.69,BUY
SPY,2024-07-03T00:00:00.000000,1,50.69,BUY
SPY,2024-07-05T00:00:00.000000,1,50.69,BUY
SPY,2024-07-08T00:00:00.000000,1,50.69,BUY
SPY,2024-07-09T00:00:00.000000,1,50.69,BUY
SPY,2024-07-10T00:00:00.000000,1,50.69,BUY
SPY,2024-07-11T00:00:00.000000,1,50.69,BUY
SPY,2024-07-12T00:00:00.000000,1,50.69,BUY
SPY,2024-07-15T00:00:00.000000,1,50.69,BUY
SPY,2024-07-16T00:00:00.000000,1,50.69,BUY
SPY,2024-07-17T00:00:00.000000,1,50.44,BUY
SPY,2024-07-18T00:00:00.000000,1,50.44,BUY
SPY,2024-07-19T00:00:00.000000,1,50.44,BUY
SPY,2024-07-22T00:00:00.000000,1,50.69,BUY
SPY,2024-07-23T00:00:00.000000,1,50.69,BUY
SPY,2024-07-24T00:00:00.000000,1,50.69,BUY
SPY,2024-07-25T00:00:00.000000,1,50.69,BUY
SPY,2024-07-26T00:00:00.000000,1,50.69,BUY
SPY,2024-07-29T00:00:00.000000,1,50.69,BUY
SPY,2024-07-30T00:00:00.000000,1,50.69,BUY
SPY,2024-07-31T00:00:00.000000,1,50.69,BUY
SPY,2024-08-01T00:00:00.000000,1,50.69,BUY
SPY,2024-08-02T00:00:00.000000,1,50.69,BUY
SPY,2024-08-05T00:00:00.000000,1,50.69,BUY
SPY,2024-08-06T00:00:00.000000,1,50.44,BUY
SPY,2024-08-07T00:00:00.000000,1,50.44,BUY
SPY,2024-08-08T00:00:00.000000,1,48.73,BUY
SPY,2024-08-09T00:00:00.000000,1,48.73,BUY
SPY,2024-08-12T00:00:00.000000,1,48.73,BUY
SPY,2024-08-13T00:00:00.000000,1,50.44,BUY
SPY,2024-08-14T00:00:00.000000,1,48.73,BUY
SPY,2024-08-15T00:00:00.000000,1,48.73,BUY
SPY,2024-08-16T00:00:00.000000,0,48.73,SELL
SPY,2024-08-19T00:00:00.000000,0,48.73,SELL
SPY,2024-08-20T00:00:00.000000,0,48.73,SELL
SPY,2024-08-21T00:00:00.000000,0,48.73,SELL
SPY,2024-08-22T00:00:00.000000,1,48.73,BUY
SPY,2024-08-23T00:00:00.000000,1,48.73,BUY
SPY,2024-08-26T00:00:00.000000,1,48.73,BUY
SPY,2024-08-27T00:00:00.000000,1,48.73,BUY
SPY,2024-08-28T00:00:00.000000,1,48.73,BUY
SPY,2024-08-29T00:00:00.000000,1,50.44,BUY
SPY,2024-08-30T00:00:00.000000,1,50.44,BUY
SPY,2024-09-03T00:00:00.000000,1,50.44,BUY
SPY,2024-09-04T00:00:00.000000,1,50.44,BUY
SPY,2024-09-05T00:00:00.000000,1,50.44,BUY
SPY,2024-09-06T00:00:00.000000,1,50.69,BUY
SPY,2024-09-09T00:00:00.000000,1,50.69,BUY
SPY,2024-09-10T00:00:00.000000,1,50.69,BUY
SPY,2024-09-11T00:00:00.000000,1,50.69,BUY
SPY,2024-09-12T00:00:00.000000,1,50.69,BUY
SPY,2024-09-13T00:00:00.000000,1,50.69,BUY
SPY,2024-09-16T00:00:00.000000,1,50.69,BUY
SPY,2024-09-17T00:00:00.000000,1,50.69,BUY
SPY,2024-09-18T00:00:00.000000,1,50.69,BUY
SPY,2024-09-19T00:00:00.000000,1,50.69,BUY
SPY,2024-09-20T00:00:00.000000,1,50.69,BUY
SPY,2024-09-23T00:00:00.000000,1,50.69,BUY
SPY,2024-09-24T00:00:00.000000,1,50.69,BUY
SPY,2024-09-25T00:00:00.000000,1,50.44,BUY
SPY,2024-09-26T00:00:00.000000,1,50.44,BUY
SPY,2024-09-27T00:00:00.000000,1,50.69,BUY
SPY,2024-09-30T00:00:00.000000,1,50.69,BUY
SPY,2024-10-01T00:00:00.000000,1,50.69,BUY
SPY,2024-10-02T00:00:00.000000,1,50.69,BUY
SPY,2024-10-03T00:00:00.000000,1,50.69,BUY
SPY,2024-10-04T00:00:00.000000,1,50.69,BUY
SPY,2024-10-07T00:00:00.000000,1,50.69,BUY
SPY,2024-10-08T00:00:00.000000,1,50.69,BUY
SPY,2024-10-09T00:00:00.000000,1,50.69,BUY
SPY,2024-10-10T00:00:00.000000,1,50.69,BUY
SPY,2024-10-11T00:00:00.000000,1,50.69,BUY
SPY,2024-10-14T00:00:00.000000,1,50.69,BUY
SPY,2024-10-15T00:00:00.000000,1,50.69,BUY
SPY,2024-10-16T00:00:00.000000,1,50.69,BUY
SPY,2024-10-17T00:00:00.000000,1,50.69,BUY
SPY,2024-10-18T00:00:00.000000,1,50.69,BUY
SPY,2024-10-21T00:00:00.000000,1,50.69,BUY
SPY,2024-10-22T00:00:00.000000,1,50.69,BUY
SPY,2024-10-23T00:00:00.000000,1,50.69,BUY
SPY,2024-10-24T00:00:00.000000,1,50.69,BUY
SPY,2024-10-25T00:00:00.000000,1,50.69,BUY
SPY,2024-10-28T00:00:00.000000,1,50.69,BUY
SPY,2024-10-29T00:00:00.000000,1,50.69,BUY
SPY,2024-10-30T00:00:00.000000,1,50.69,BUY
SPY,2024-10-31T00:00:00.000000,1,50.69,BUY
SPY,2024-11-01T00:00:00.000000,1,50.69,BUY
SPY,2024-11-04T00:00:00.000000,1,50.69,BUY
SPY,2024-11-05T00:00:00.000000,1,50.69,BUY
SPY,2024-11-06T00:00:00.000000,1,50.69,BUY
SPY,2024-11-07T00:00:00.000000,1,50.69,BUY
SPY,2024-11-08T00:00:00.000000,1,50.69,BUY
SPY,2024-11-11T00:00:00.000000,1,50.69,BUY
SPY,2024-11-12T00:00:00.000000,1,50.69,BUY
SPY,2024-11-13T00:00:00.000000,1,50.44,BUY
SPY,2024-11-14T00:00:00.000000,1,50.44,BUY
SPY,2024-11-15T00:00:00.000000,1,50.44,BUY
SPY,2024-11-18T00:00:00.000000,1,50.44,BUY
SPY,2024-11-19T00:00:00.000000,1,48.73,BUY
SPY,2024-11-20T00:00:00.000000,1,48.73,BUY
SPY,2024-11-21T00:00:00.000000,1,48.73,BUY
SPY,2024-11-22T00:00:00.000000,1,48.73,BUY
SPY,2024-11-25T00:00:00.000000,1,48.73,BUY
SPY,2024-11-26T00:00:00.000000,1,50.44,BUY
SPY,2024-11-27T00:00:00.000000,1,50.44,BUY
SPY,2024-11-29T00:00:00.000000,1,50.69,BUY
SPY,2024-12-02T00:00:00.000000,1,50.69,BUY
SPY,2024-12-03T00:00:00.000000,1,50.69,BUY
SPY,2024-12-04T00:00:00.000000,1,50.69,BUY
SPY,2024-12-05T00:00:00.000000,1,50.69,BUY
SPY,2024-12-06T00:00:00.000000,1,50.69,BUY
SPY,2024-12-09T00:00:00.000000,1,50.69,BUY
SPY,2024-12-10T00:00:00.000000,1,50.69,BUY
SPY,2024-12-11T00:00:00.000000,1,50.69,BUY
SPY,2024-12-12T00:00:00.000000,1,50.69,BUY
SPY,2024-12-13T00:00:00.000000,1,50.69,BUY
SPY,2024-12-16T00:00:00.000000,1,50.69,BUY
SPY,2024-12-17T00:00:00.000000,1,50.69,BUY
SPY,2024-12-18T00:00:00.000000,1,50.69,BUY
SPY,2024-12-19T00:00:00.000000,1,50.69,BUY
SPY,2024-12-20T00:00:00.000000,1,50.69,BUY
TGT,2023-02-21T00:00:00.000000,1,50.44,BUY
TGT,2023-02-22T00:00:00.000000,1,50.69,BUY
TGT,2023-02-23T00:00:00.000000,1,50.69,BUY
TGT,2023-02-24T00:00:00.000000,1,50.69,BUY
TGT,2023-02-27T00:00:00.000000,1,50.69,BUY
TGT,2023-02-28T00:00:00.000000,1,50.69,BUY
TGT,2023-03-01T00:00:00.000000,1,50.69,BUY
TGT,2023-03-02T00:00:00.000000,1,50.69,BUY
TGT,2023-03-03T00:00:00.000000,1,50.69,BUY
TGT,2023-03-06T00:00:00.000000,1,50.69,BUY
TGT,2023-03-07T00:00:00.000000,1,50.69,BUY
TGT,2023-03-08T00:00:00.000000,1,50.69,BUY
TGT,2023-03-09T00:00:00.000000,1,50.69,BUY
TGT,2023-03-10T00:00:00.000000,1,50.69,BUY
TGT,2023-03-13T00:00:00.000000,1,50.69,BUY
TGT,2023-03-14T00:00:00.000000,1,50.69,BUY
TGT,2023-03-15T00:00:00.000000,1,50.44,BUY
TGT,2023-03-16T00:00:00.000000,1,50.44,BUY
TGT,2023-03-17T00:00:00.000000,1,50.44,BUY
TGT,2023-03-20T00:00:00.000000,1,50.69,BUY
TGT,2023-03-21T00:00:00.000000,1,50.69,BUY
TGT,2023-03-22T00:00:00.000000,1,50.69,BUY
TGT,2023-03-23T00:00:00.000000,1,50.44,BUY
TGT,2023-03-24T00:00:00.000000,1,48.73,BUY
TGT,2023-03-27T00:00:00.000000,0,46.09,SELL
TGT,2023-03-28T00:00:00.000000,0,42.94,SELL
TGT,2023-03-29T00:00:00.000000,0,42.94,SELL
TGT,2023-03-30T00:00:00.000000,0,42.94,SELL
TGT,2023-03-31T00:00:00.000000,0,46.09,SELL
TGT,2023-04-03T00:00:00.000000,0,46.09,SELL
TGT,2023-04-04T00:00:00.000000,0,46.09,SELL
TGT,2023-04-05T00:00:00.000000,0,42.94,SELL
TGT,2023-04-06T00:00:00.000000,0,42.94,SELL
TGT,2023-04-10T00:00:00.000000,0,46.09,SELL
TGT,2023-04-11T00:00:00.000000,0,42.94,SELL
TGT,2023-04-12T00:00:00.000000,0,42.94,SELL
TGT,2023-04-13T00:00:00.000000,0,42.94,SELL
TGT,2023-04-14T00:00:00.000000,0,42.94,SELL
TGT,2023-04-17T00:00:00.000000,0,46.09,SELL
TGT,2023-04-18T00:00:00.000000,0,46.09,SELL
TGT,2023-04-19T00:00:00.000000,0,46.09,SELL
TGT,2023-04-20T00:00:00.000000,0,46.09,SELL
TGT,2023-04-21T00:00:00.000000,0,48.73,SELL
TGT,2023-04-24T00:00:00.000000,1,48.73,BUY
TGT,2023-04-25T00:00:00.000000,1,48.73,BUY
TGT,2023-04-26T00:00:00.000000,0,48.73,SELL
TGT,2023-04-27T00:00:00.000000,0,48.73,SELL
TGT,2023-04-28T00:00:00.000000,0,48.73,SELL
TGT,2023-05-01T00:00:00.000000,0,48.73,SELL
TGT,2023-05-02T00:00:00.000000,1,48.73,BUY
TGT,2023-05-03T00:00:00.000000,1,50.44,BUY
TGT,2023-05-04T00:00:00.000000,1,50.44,BUY
TGT,2023-05-05T00:00:00.000000,1,50.44,BUY
TGT,2023-05-08T00:00:00.000000,1,50.44,BUY
TGT,2023-05-09T00:00:00.000000,1,50.44,BUY
TGT,2023-05-10T00:00:00.000000,1,50.44,BUY
TGT,2023-05-11T00:00:00.000000,1,48.73,BUY
TGT,2023-05-12T00:00:00.000000,1,48.73,BUY
TGT,2023-05-15T00:00:00.000000,0,48.73,SELL
TGT,2023-05-16T00:00:00.000000,0,48.73,SELL
TGT,2023-05-17T00:00:00.000000,1,48.73,BUY
TGT,2023-05-18T00:00:00.000000,1,48.73,BUY
TGT,2023-05-19T00:00:00.000000,1,48.73,BUY
TGT,2023-05-22T00:00:00.000000,1,50.44,BUY
TGT,2023-05-23T00:00:00.000000,1,50.44,BUY
TGT,2023-05-24T00:00:00.000000,1,50.44,BUY
TGT,2023-05-25T00:00:00.000000,1,50.69,BUY
TGT,2023-05-26T00:00:00.000000,1,50.69,BUY
TGT,2023-05-30T00:00:00.000000,1,50.69,BUY
TGT,2023-05-31T00:00:00.000000,1,50.44,BUY
TGT,2023-06-01T00:00:00.000000,0,48.73,SELL
TGT,2023-06-02T00:00:00.000000,0,42.94,SELL
TGT,2023-06-05T00:00:00.000000,0,42.94,SELL
TGT,2023-06-06T00:00:00.000000,0,42.94,SELL
TGT,2023-06-07T00:00:00.000000,0,42.94,SELL
TGT,2023-06-08T00:00:00.000000,0,39.62,SELL
TGT,2023-06-09T00:00:00.000000,0,39.62,SELL
TGT,2023-06-12T00:00:00.000000,0,39.62,SELL
TGT,2023-06-13T00:00:00.000000,0,39.62,SELL
TGT,2023-06-14T00:00:00.000000,0,39.62,SELL
TGT,2023-06-15T00:00:00.000000,0,39.62,SELL
TGT,2023-06-16T00:00:00.000000,0,39.62,SELL
TGT,2023-06-20T00:00:00.000000,0,39.62,SELL
TGT,2023-06-21T00:00:00.000000,0,39.62,SELL
TGT,2023-06-22T00:00:00.000000,0,39.62,SELL
TGT,2023-06-23T00:00:00.000000,0,39.62,SELL
TGT,2023-06-26T00:00:00.000000,0,39.62,SELL
TGT,2023-06-27T00:00:00.000000,0,42.94,SELL
TGT,2023-06-28T00:00:00.000000,0,46.09,SELL
TGT,2023-06-29T00:00:00.000000,0,48.73,SELL
TGT,2023-06-30T00:00:00.000000,1,48.73,BUY
TGT,2023-07-03T00:00:00.000000,1,50.44,BUY
TGT,2023-07-05T00:00:00.000000,1,50.44,BUY
TGT,2023-07-06T00:00:00.000000,1,50.44,BUY
TGT,2023-07-07T00:00:00.000000,1,50.44,BUY
TGT,2023-07-10T00:00:00.000000,1,50.69,BUY
TGT,2023-07-11T00:00:00.000000,1,50.69,BUY
TGT,2023-07-12T00:00:00.000000,1,50.44,BUY
TGT,2023-07-13T00:00:00.000000,1,50.44,BUY
TGT,2023-07-14T00:00:00.000000,1,48.73,BUY
TGT,2023-07-17T00:00:00.000000,1,48.73,BUY
TGT,2023-07-18T00:00:00.000000,1,48.73,BUY
TGT,2023-07-19T00:00:00.000000,0,48.73,SELL
TGT,2023-07-20T00:00:00.000000,0,46.09,SELL
TGT,2023-07-21T00:00:00.000000,0,42.94,SELL
TGT,2023-07-24T00:00:00.000000,0,42.94,SELL
TGT,2023-07-25T00:00:00.000000,0,42.94,SELL
TGT,2023-07-26T00:00:00.000000,0,42.94,SELL
TGT,2023-07-27T00:00:00.000000,0,42.94,SELL
TGT,2023-07-28T00:00:00.000000,0,42.94,SELL
TGT,2023-07-31T00:00:00.000000,0,42.94,SELL
TGT,2023-08-01T00:00:00.000000,0,42.94,SELL
TGT,2023-08-02T00:00:00.000000,0,42.94,SELL
TGT,2023-08-03T00:00:00.000000,0,42.94,SELL
TGT,2023-08-04T00:00:00.000000,0,42.94,SELL
TGT,2023-08-07T00:00:00.000000,0,42.94,SELL
TGT,2023-08-08T00:00:00.000000,0,42.94,SELL
TGT,2023-08-09T00:00:00.000000,0,42.94,SELL
TGT,2023-08-10T00:00:00.000000,0,42.94,SELL
TGT,2023-08-11T00:00:00.000000,0,42.94,SELL
TGT,2023-08-14T00:00:00.000000,0,46.09,SELL
TGT,2023-08-15T00:00:00.000000,0,48.73,SELL
TGT,2023-08-16T00:00:00.000000,0,48.73,SELL
TGT,2023-08-17T00:00:00.000000,0,48.73,SELL
TGT,2023-08-18T00:00:00.000000,0,48.73,SELL
TGT,2023-08-21T00:00:00.000000,1,48.73,BUY
TGT,2023-08-22T00:00:00.000000,1,48.73,BUY
TGT,2023-08-23T00:00:00.000000,1,48.73,BUY
TGT,2023-08-24T00:00:00.000000,1,48.73,BUY
TGT,2023-08-25T00:00:00.000000,1,48.73,BUY
TGT,2023-08-28T00:00:00.000000,1,48.73,BUY
TGT,2023-08-29T00:00:00.000000,0,48.73,SELL
TGT,2023-08-30T00:00:00.000000,0,46.09,SELL
TGT,2023-08-31T00:00:00.000000,0,46.09,SELL
TGT,2023-09-01T00:00:00.000000,0,42.94,SELL
TGT,2023-09-05T00:00:00.000000,0,42.94,SELL
TGT,2023-09-06T00:00:00.000000,0,42.94,SELL
TGT,2023-09-07T00:00:00.000000,0,42.94,SELL
TGT,2023-09-08T00:00:00.000000,0,42.94,SELL
TGT,2023-09-11T00:00:00.000000,0,42.94,SELL
TGT,2023-09-12T00:00:00.000000,0,46.09,SELL
TGT,2023-09-13T00:00:00.000000,0,46.09,SELL
TGT,2023-09-14T00:00:00.000000,0,46.09,SELL
TGT,2023-09-15T00:00:00.000000,0,46.09,SELL
TGT,2023-09-18T00:00:00.000000,0,46.09,SELL
TGT,2023-09-19T00:00:00.000000,0,46.09,SELL
TGT,2023-09-20T00:00:00.000000,0,48.73,SELL
TGT,2023-09-21T00:00:00.000000,0,48.73,SELL
TGT,2023-09-22T00:00:00.000000,1,48.73,BUY
TGT,2023-09-25T00:00:00.000000,1,48.73,BUY
TGT,2023-09-26T00:00:00.000000,1,48.73,BUY
TGT,2023-09-27T00:00:00.000000,1,48.73,BUY
TGT,2023-09-28T00:00:00.000000,1,48.73,BUY
TGT,2023-09-29T00:00:00.000000,1,48.73,BUY
TGT,2023-10-02T00:00:00.000000,1,48.73,BUY
TGT,2023-10-03T00:00:00.000000,1,48.73,BUY
TGT,2023-10-04T00:00:00.000000,1,48.73,BUY
TGT,2023-10-05T00:00:00.000000,0,48.73,SELL
TGT,2023-10-06T00:00:00.000000,0,42.94,SELL
TGT,2023-10-09T00:00:00.000000,0,42.94,SELL
TGT,2023-10-10T00:00:00.000000,0,42.94,SELL
TGT,2023-10-11T00:00:00.000000,0,39.62,SELL
TGT,2023-10-12T00:00:00.000000,0,42.94,SELL
TGT,2023-10-13T00:00:00.000000,0,42.94,SELL
TGT,2023-10-16T00:00:00.000000,0,42.94,SELL
TGT,2023-10-17T00:00:00.000000,0,42.94,SELL
TGT,2023-10-18T00:00:00.000000,0,39.62,SELL
TGT,2023-10-19T00:00:00.000000,0,42.94,SELL
TGT,2023-10-20T00:00:00.000000,0,42.94,SELL
TGT,2023-10-23T00:00:00.000000,0,48.73,SELL
TGT,2023-10-24T00:00:00.000000,1,48.73,BUY
TGT,2023-10-25T00:00:00.000000,1,50.44,BUY
TGT,2023-10-26T00:00:00.000000,1,50.44,BUY
TGT,2023-10-27T00:00:00.000000,1,50.69,BUY
TGT,2023-10-30T00:00:00.000000,1,50.69,BUY
TGT,2023-10-31T00:00:00.000000,1,50.69,BUY
TGT,2023-11-01T00:00:00.000000,1,50.69,BUY
TGT,2023-11-02T00:00:00.000000,1,50.69,BUY
TGT,2023-11-03T00:00:00.000000,1,50.69,BUY
TGT,2023-11-06T00:00:00.000000,1,50.69,BUY
TGT,2023-11-07T00:00:00.000000,1,50.69,BUY
TGT,2023-11-08T00:00:00.000000,1,50.69,BUY
TGT,2023-11-09T00:00:00.000000,1,50.69,BUY
TGT,2023-11-10T00:00:00.000000,1,50.44,BUY
TGT,2023-11-13T00:00:00.000000,1,48.73,BUY
TGT,2023-11-14T00:00:00.000000,0,48.73,SELL
TGT,2023-11-15T00:00:00.000000,0,46.09,SELL
TGT,2023-11-16T00:00:00.000000,0,42.94,SELL
TGT,2023-11-17T00:00:00.000000,0,46.09,SELL
TGT,2023-11-20T00:00:00.000000,0,48.73,SELL
TGT,2023-11-21T00:00:00.000000,0,48.73,SELL
TGT,2023-11-22T00:00:00.000000,1,48.73,BUY
TGT,2023-11-24T00:00:00.000000,1,48.73,BUY
TGT,2023-11-27T00:00:00.000000,1,48.73,BUY
TGT,2023-11-28T00:00:00.000000,1,48.73,BUY
TGT,2023-11-29T00:00:00.000000,0,48.73,SELL
TGT,2023-11-30T00:00:00.000000,0,48.73,SELL
TGT,2023-12-01T00:00:00.000000,0,46.09,SELL
TGT,2023-12-04T00:00:00.000000,0,46.09,SELL
TGT,2023-12-05T00:00:00.000000,0,46.09,SELL
TGT,2023-12-06T00:00:00.000000,0,46.09,SELL
TGT,2023-12-07T00:00:00.000000,0,46.09,SELL
TGT,2023-12-08T00:00:00.000000,0,46.09,SELL
TGT,2023-12-11T00:00:00.000000,0,46.09,SELL
TGT,2023-12-12T00:00:00.000000,0,46.09,SELL
TGT,2023-12-13T00:00:00.000000,0,46.09,SELL
TGT,2023-12-14T00:00:00.000000,0,46.09,SELL
TGT,2023-12-15T00:00:00.000000,0,46.09,SELL
TGT,2023-12-18T00:00:00.000000,0,46.09,SELL
TGT,2023-12-19T00:00:00.000000,0,42.94,SELL
TGT,2023-12-20T00:00:00.000000,0,42.94,SELL
TGT,2023-12-21T00:00:00.000000,0,42.94,SELL
TGT,2023-12-22T00:00:00.000000,0,42.94,SELL
TGT,2023-12-26T00:00:00.000000,0,39.62,SELL
TGT,2023-12-27T00:00:00.000000,0,39.62,SELL
TGT,2023-12-28T00:00:00.000000,0,39.62,SELL
TGT,2023-12-29T00:00:00.000000,0,39.62,SELL
TGT,2024-01-02T00:00:00.000000,0,39.62,SELL
TGT,2024-01-03T00:00:00.000000,0,39.62,SELL
TGT,2024-01-04T00:00:00.000000,0,39.62,SELL
TGT,2024-01-05T00:00:00.000000,0,42.94,SELL
TGT,2024-01-08T00:00:00.000000,0,42.94,SELL
TGT,2024-01-09T00:00:00.000000,0,42.94,SELL
TGT,2024-01-10T00:00:00.000000,0,42.94,SELL
TGT,2024-01-11T00:00:00.000000,0,42.94,SELL
TGT,2024-01-12T00:00:00.000000,0,42.94,SELL
TGT,2024-01-16T00:00:00.000000,0,46.09,SELL
TGT,2024-01-17T00:00:00.000000,0,46.09,SELL
TGT,2024-01-18T00:00:00.000000,0,46.09,SELL
TGT,2024-01-19T00:00:00.000000,0,46.09,SELL
TGT,2024-01-22T00:00:00.000000,0,46.09,SELL
TGT,2024-01-23T00:00:00.000000,0,46.09,SELL
TGT,2024-01-24T00:00:00.000000,0,46.09,SELL
TGT,2024-01-25T00:00:00.000000,0,46.09,SELL
TGT,2024-01-26T00:00:00.000000,0,46.09,SELL
TGT,2024-01-29T00:00:00.000000,0,46.09,SELL
TGT,2024-01-30T00:00:00.000000,0,42.94,SELL
TGT,2024-01-31T00:00:00.000000,0,42.94,SELL
TGT,2024-02-01T00:00:00.000000,0,42.94,SELL
TGT,2024-02-02T00:00:00.000000,0,46.09,SELL
TGT,2024-02-05T00:00:00.000000,0,46.09,SELL
TGT,2024-02-06T00:00:00.000000,0,46.09,SELL
TGT,2024-02-07T00:00:00.000000,0,46.09,SELL
TGT,2024-02-08T00:00:00.000000,0,48.73,SELL
TGT,2024-02-09T00:00:00.000000,1,48.73,BUY
TGT,2024-02-12T00:00:00.000000,1,48.73,BUY
TGT,2024-02-13T00:00:00.000000,1,50.44,BUY
TGT,2024-02-14T00:00:00.000000,1,50.44,BUY
TGT,2024-02-15T00:00:00.000000,1,48.73,BUY
TGT,2024-02-16T00:00:00.000000,1,48.73,BUY
TGT,2024-02-20T00:00:00.000000,0,48.73,SELL
TGT,2024-02-21T00:00:00.000000,0,46.09,SELL
TGT,2024-02-22T00:00:00.000000,0,42.94,SELL
TGT,2024-02-23T00:00:00.000000,0,42.94,SELL
TGT,2024-02-26T00:00:00.000000,0,46.09,SELL
TGT,2024-02-27T00:00:00.000000,0,46.09,SELL
TGT,2024-02-28T00:00:00.000000,0,46.09,SELL
TGT,2024-02-29T00:00:00.000000,0,46.09,SELL
TGT,2024-03-01T00:00:00.000000,0,46.09,SELL
TGT,2024-03-04T00:00:00.000000,0,42.94,SELL
TGT,2024-03-05T00:00:00.000000,0,42.94,SELL
TGT,2024-03-06T00:00:00.000000,0,42.94,SELL
TGT,2024-03-07T00:00:00.000000,0,46.09,SELL
TGT,2024-03-08T00:00:00.000000,0,46.09,SELL
TGT,2024-03-11T00:00:00.000000,0,46.09,SELL
TGT,2024-03-12T00:00:00.000000,0,48.73,SELL
TGT,2024-03-13T00:00:00.000000,0,48.73,SELL
TGT,2024-03-14T00:00:00.000000,0,46.09,SELL
TGT,2024-03-15T00:00:00.000000,0,46.09,SELL
TGT,2024-03-18T00:00:00.000000,0,46.09,SELL
TGT,2024-03-19T00:00:00.000000,0,46.09,SELL
TGT,2024-03-20T00:00:00.000000,0,46.09,SELL
TGT,2024-03-21T00:00:00.000000,0,42.94,SELL
TGT,2024-03-22T00:00:00.000000,0,42.94,SELL
TGT,2024-03-25T00:00:00.000000,0,42.94,SELL
TGT,2024-03-26T00:00:00.000000,0,42.94,SELL
TGT,2024-03-27T00:00:00.000000,0,42.94,SELL
TGT,2024-03-28T00:00:00.000000,0,42.94,SELL
TGT,2024-04-01T00:00:00.000000,0,42.94,SELL
TGT,2024-04-02T00:00:00.000000,0,42.94,SELL
TGT,2024-04-03T00:00:00.000000,0,42.94,SELL
TGT,2024-04-04T00:00:00.000000,0,42.94,SELL
TGT,2024-04-05T00:00:00.000000,0,42.94,SELL
TGT,2024-04-08T00:00:00.000000,0,42.94,SELL
TGT,2024-04-09T00:00:00.000000,0,42.94,SELL
TGT,2024-04-10T00:00:00.000000,0,46.09,SELL
TGT,2024-04-11T00:00:00.000000,0,46.09,SELL
TGT,2024-04-12T00:00:00.000000,0,48.73,SELL
TGT,2024-04-15T00:00:00.000000,1,48.73,BUY
TGT,2024-04-16T00:00:00.000000,1,48.73,BUY
TGT,2024-04-17T00:00:00.000000,1,48.73,BUY
TGT,2024-04-18T00:00:00.000000,1,48.73,BUY
TGT,2024-04-19T00:00:00.000000,1,48.73,BUY
TGT,2024-04-22T00:00:00.000000,1,48.73,BUY
TGT,2024-04-23T00:00:00.000000,1,50.44,BUY
TGT,2024-04-24T00:00:00.000000,1,50.44,BUY
TGT,2024-04-25T00:00:00.000000,1,50.44,BUY
TGT,2024-04-26T00:00:00.000000,1,48.73,BUY
TGT,2024-04-29T00:00:00.000000,1,48.73,BUY
TGT,2024-04-30T00:00:00.000000,0,46.09,SELL
TGT,2024-05-01T00:00:00.000000,0,46.09,SELL
TGT,2024-05-02T00:00:00.000000,0,46.09,SELL
TGT,2024-05-03T00:00:00.000000,0,42.94,SELL
TGT,2024-05-06T00:00:00.000000,0,42.94,SELL
TGT,2024-05-07T00:00:00.000000,0,39.62,SELL
TGT,2024-05-08T00:00:00.000000,0,39.62,SELL
TGT,2024-05-09T00:00:00.000000,0,39.62,SELL
TGT,2024-05-10T00:00:00.000000,0,39.62,SELL
TGT,2024-05-13T00:00:00.000000,0,39.62,SELL
TGT,2024-05-14T00:00:00.000000,0,39.62,SELL
TGT,2024-05-15T00:00:00.000000,0,39.62,SELL
TGT,2024-05-16T00:00:00.000000,0,39.62,SELL
TGT,2024-05-17T00:00:00.000000,0,39.62,SELL
TGT,2024-05-20T00:00:00.000000,0,39.62,SELL
TGT,2024-05-21T00:00:00.000000,0,42.94,SELL
TGT,2024-05-22T00:00:00.000000,0,42.94,SELL
TGT,2024-05-23T00:00:00.000000,0,42.94,SELL
TGT,2024-05-24T00:00:00.000000,0,42.94,SELL
TGT,2024-05-28T00:00:00.000000,0,39.62,SELL
TGT,2024-05-29T00:00:00.000000,0,39.62,SELL
TGT,2024-05-30T00:00:00.000000,0,39.62,SELL
TGT,2024-05-31T00:00:00.000000,0,42.94,SELL
TGT,2024-06-03T00:00:00.000000,0,42.94,SELL
TGT,2024-06-04T00:00:00.000000,0,46.09,SELL
TGT,2024-06-05T00:00:00.000000,0,46.09,SELL
TGT,2024-06-06T00:00:00.000000,0,46.09,SELL
TGT,2024-06-07T00:00:00.000000,0,48.73,SELL
TGT,2024-06-10T00:00:00.000000,1,48.73,BUY
TGT,2024-06-11T00:00:00.000000,1,50.44,BUY
TGT,2024-06-12T00:00:00.000000,1,50.69,BUY
TGT,2024-06-13T00:00:00.000000,1,50.69,BUY
TGT,2024-06-14T00:00:00.000000,1,50.69,BUY
TGT,2024-06-17T00:00:00.000000,1,50.69,BUY
TGT,2024-06-18T00:00:00.000000,1,50.69,BUY
TGT,2024-06-20T00:00:00.000000,1,50.69,BUY
TGT,2024-06-21T00:00:00.000000,1,50.69,BUY
TGT,2024-06-24T00:00:00.000000,1,50.69,BUY
TGT,2024-06-25T00:00:00.000000,1,50.44,BUY
TGT,2024-06-26T00:00:00.000000,1,48.73,BUY
TGT,2024-06-27T00:00:00.000000,0,48.73,SELL
TGT,2024-06-28T00:00:00.000000,0,46.09,SELL
TGT,2024-07-01T00:00:00.000000,0,42.94,SELL
TGT,2024-07-02T00:00:00.000000,0,46.09,SELL
TGT,2024-07-03T00:00:00.000000,0,48.73,SELL
TGT,2024-07-05T00:00:00.000000,1,50.44,BUY
TGT,2024-07-08T00:00:00.000000,1,50.44,BUY
TGT,2024-07-09T00:00:00.000000,1,50.69,BUY
TGT,2024-07-10T00:00:00.000000,1,50.69,BUY
TGT,2024-07-11T00:00:00.000000,1,50.69,BUY
TGT,2024-07-12T00:00:00.000000,1,50.44,BUY
TGT,2024-07-15T00:00:00.000000,1,48.73,BUY
TGT,2024-07-16T00:00:00.000000,0,48.73,SELL
TGT,2024-07-17T00:00:00.000000,0,48.73,SELL
TGT,2024-07-18T00:00:00.000000,0,48.73,SELL
TGT,2024-07-19T00:00:00.000000,1,48.73,BUY
TGT,2024-07-22T00:00:00.000000,1,48.73,BUY
TGT,2024-07-23T00:00:00.000000,1,50.44,BUY
TGT,2024-07-24T00:00:00.000000,1,50.44,BUY
TGT,2024-07-25T00:00:00.000000,1,50.44,BUY
TGT,2024-07-26T00:00:00.000000,1,50.44,BUY
TGT,2024-07-29T00:00:00.000000,1,50.44,BUY
TGT,2024-07-30T00:00:00.000000,1,50.44,BUY
TGT,2024-07-31T00:00:00.000000,1,50.44,BUY
TGT,2024-08-01T00:00:00.000000,1,50.44,BUY
TGT,2024-08-02T00:00:00.000000,1,50.44,BUY
TGT,2024-08-05T00:00:00.000000,1,50.44,BUY
TGT,2024-08-06T00:00:00.000000,1,48.73,BUY
TGT,2024-08-07T00:00:00.000000,0,46.09,SELL
TGT,2024-08-08T00:00:00.000000,0,42.94,SELL
TGT,2024-08-09T00:00:00.000000,0,40.0,SELL
TGT,2024-08-12T00:00:00.000000,0,42.94,SELL
TGT,2024-08-13T00:00:00.000000,0,42.94,SELL
TGT,2024-08-14T00:00:00.000000,0,42.94,SELL
TGT,2024-08-15T00:00:00.000000,0,42.94,SELL
TGT,2024-08-16T00:00:00.000000,0,39.62,SELL
TGT,2024-08-19T00:00:00.000000,0,39.62,SELL
TGT,2024-08-20T00:00:00.000000,0,39.62,SELL
TGT,2024-08-21T00:00:00.000000,0,39.62,SELL
TGT,2024-08-22T00:00:00.000000,0,42.94,SELL
TGT,2024-08-23T00:00:00.000000,0,46.09,SELL
TGT,2024-08-26T00:00:00.000000,0,46.09,SELL
TGT,2024-08-27T00:00:00.000000,0,46.09,SELL
TGT,2024-08-28T00:00:00.000000,0,46.09,SELL
TGT,2024-08-29T00:00:00.000000,0,42.94,SELL
TGT,2024-08-30T00:00:00.000000,0,42.94,SELL
TGT,2024-09-03T00:00:00.000000,0,42.94,SELL
TGT,2024-09-04T00:00:00.000000,0,42.94,SELL
TGT,2024-09-05T00:00:00.000000,0,42.94,SELL
TGT,2024-09-06T00:00:00.000000,0,42.94,SELL
TGT,2024-09-09T00:00:00.000000,0,42.94,SELL
TGT,2024-09-10T00:00:00.000000,0,42.94,SELL
TGT,2024-09-11T00:00:00.000000,0,42.94,SELL
TGT,2024-09-12T00:00:00.000000,0,42.94,SELL
TGT,2024-09-13T00:00:00.000000,0,42.94,SELL
TGT,2024-09-16T00:00:00.000000,0,42.94,SELL
TGT,2024-09-17T00:00:00.000000,0,42.94,SELL
TGT,2024-09-18T00:00:00.000000,0,42.94,SELL
TGT,2024-09-19T00:00:00.000000,0,42.94,SELL
TGT,2024-09-20T00:00:00.000000,0,40.0,SELL
TGT,2024-09-23T00:00:00.000000,0,39.62,SELL
TGT,2024-09-24T00:00:00.000000,0,39.62,SELL
TGT,2024-09-25T00:00:00.000000,0,39.62,SELL
TGT,2024-09-26T00:00:00.000000,0,39.62,SELL
TGT,2024-09-27T00:00:00.000000,0,39.62,SELL
TGT,2024-09-30T00:00:00.000000,0,42.94,SELL
TGT,2024-10-01T00:00:00.000000,0,42.94,SELL
TGT,2024-10-02T00:00:00.000000,0,42.94,SELL
TGT,2024-10-03T00:00:00.000000,0,42.94,SELL
TGT,2024-10-04T00:00:00.000000,0,42.94,SELL
TGT,2024-10-07T00:00:00.000000,0,42.94,SELL
TGT,2024-10-08T00:00:00.000000,0,42.94,SELL
TGT,2024-10-09T00:00:00.000000,0,42.94,SELL
TGT,2024-10-10T00:00:00.000000,0,42.94,SELL
TGT,2024-10-11T00:00:00.000000,0,42.94,SELL
TGT,2024-10-14T00:00:00.000000,0,42.94,SELL
TGT,2024-10-15T00:00:00.000000,0,42.94,SELL
TGT,2024-10-16T00:00:00.000000,0,42.94,SELL
TGT,2024-10-17T00:00:00.000000,0,42.94,SELL
TGT,2024-10-18T00:00:00.000000,0,42.94,SELL
TGT,2024-10-21T00:00:00.000000,0,42.94,SELL
TGT,2024-10-22T00:00:00.000000,0,46.09,SELL
TGT,2024-10-23T00:00:00.000000,0,46.09,SELL
TGT,2024-10-24T00:00:00.000000,0,48.73,SELL
TGT,2024-10-25T00:00:00.000000,0,48.73,SELL
TGT,2024-10-28T00:00:00.000000,1,48.73,BUY
TGT,2024-10-29T00:00:00.000000,1,50.44,BUY
TGT,2024-10-30T00:00:00.000000,1,50.44,BUY
TGT,2024-10-31T00:00:00.000000,1,50.44,BUY
TGT,2024-11-01T00:00:00.000000,1,50.44,BUY
TGT,2024-11-04T00:00:00.000000,1,50.44,BUY
TGT,2024-11-05T00:00:00.000000,1,50.44,BUY
TGT,2024-11-06T00:00:00.000000,1,50.44,BUY
TGT,2024-11-07T00:00:00.000000,1,48.73,BUY
TGT,2024-11-08T00:00:00.000000,0,48.73,SELL
TGT,2024-11-11T00:00:00.000000,0,48.73,SELL
TGT,2024-11-12T00:00:00.000000,0,48.73,SELL
TGT,2024-11-13T00:00:00.000000,1,48.73,BUY
TGT,2024-11-14T00:00:00.000000,1,48.73,BUY
TGT,2024-11-15T00:00:00.000000,0,48.73,SELL
TGT,2024-11-18T00:00:00.000000,0,46.09,SELL
TGT,2024-11-19T00:00:00.000000,0,42.94,SELL
TGT,2024-11-20T00:00:00.000000,0,42.94,SELL
TGT,2024-11-21T00:00:00.000000,0,39.62,SELL
TGT,2024-11-22T00:00:00.000000,0,39.62,SELL
TGT,2024-11-25T00:00:00.000000,0,39.62,SELL
TGT,2024-11-26T00:00:00.000000,0,39.62,SELL
TGT,2024-11-27T00:00:00.000000,0,39.62,SELL
TGT,2024-11-29T00:00:00.000000,0,39.62,SELL
TGT,2024-12-02T00:00:00.000000,0,39.62,SELL
TGT,2024-12-03T00:00:00.000000,0,39.62,SELL
TGT,2024-12-04T00:00:00.000000,0,39.62,SELL
TGT,2024-12-05T00:00:00.000000,0,39.62,SELL
TGT,2024-12-06T00:00:00.000000,0,39.62,SELL
TGT,2024-12-09T00:00:00.000000,0,39.62,SELL
TGT,2024-12-10T00:00:00.000000,0,42.94,SELL
TGT,2024-12-11T00:00:00.000000,0,42.94,SELL
TGT,2024-12-12T00:00:00.000000,0,46.09,SELL
TGT,2024-12-13T00:00:00.000000,0,46.09,SELL
TGT,2024-12-16T00:00:00.000000,0,46.09,SELL
TGT,2024-12-17T00:00:00.000000,1,48.73,BUY
TGT,2024-12-18T00:00:00.000000,1,48.73,BUY
TGT,2024-12-19T00:00:00.000000,1,50.69,BUY
TGT,2024-12-20T00:00:00.000000,1,50.69,BUY
TLT,2023-02-21T00:00:00.000000,0,42.94,SELL
TLT,2023-02-22T00:00:00.000000,0,46.09,SELL
TLT,2023-02-23T00:00:00.000000,0,46.09,SELL
TLT,2023-02-24T00:00:00.000000,1,48.73,BUY
TLT,2023-02-27T00:00:00.000000,1,48.73,BUY
TLT,2023-02-28T00:00:00.000000,1,48.73,BUY
TLT,2023-03-01T00:00:00.000000,1,50.44,BUY
TLT,2023-03-02T00:00:00.000000,1,50.44,BUY
TLT,2023-03-03T00:00:00.000000,1,50.44,BUY
TLT,2023-03-06T00:00:00.000000,1,50.44,BUY
TLT,2023-03-07T00:00:00.000000,1,50.44,BUY
TLT,2023-03-08T00:00:00.000000,1,50.44,BUY
TLT,2023-03-09T00:00:00.000000,1,50.44,BUY
TLT,2023-03-10T00:00:00.000000,1,50.44,BUY
TLT,2023-03-13T00:00:00.000000,1,50.44,BUY
TLT,2023-03-14T00:00:00.000000,1,50.69,BUY
TLT,2023-03-15T00:00:00.000000,1,50.69,BUY
TLT,2023-03-16T00:00:00.000000,1,50.69,BUY
TLT,2023-03-17T00:00:00.000000,1,50.69,BUY
TLT,2023-03-20T00:00:00.000000,1,50.69,BUY
TLT,2023-03-21T00:00:00.000000,1,50.69,BUY
TLT,2023-03-22T00:00:00.000000,1,50.69,BUY
TLT,2023-03-23T00:00:00.000000,1,50.69,BUY
TLT,2023-03-24T00:00:00.000000,1,50.44,BUY
TLT,2023-03-27T00:00:00.000000,1,48.73,BUY
TLT,2023-03-28T00:00:00.000000,1,48.73,BUY
TLT,2023-03-29T00:00:00.000000,0,48.73,SELL
TLT,2023-03-30T00:00:00.000000,0,46.09,SELL
TLT,2023-03-31T00:00:00.000000,0,42.94,SELL
TLT,2023-04-03T00:00:00.000000,0,42.94,SELL
TLT,2023-04-04T00:00:00.000000,0,42.94,SELL
TLT,2023-04-05T00:00:00.000000,0,42.94,SELL
TLT,2023-04-06T00:00:00.000000,0,42.94,SELL
TLT,2023-04-10T00:00:00.000000,0,42.94,SELL
TLT,2023-04-11T00:00:00.000000,0,42.94,SELL
TLT,2023-04-12T00:00:00.000000,0,42.94,SELL
TLT,2023-04-13T00:00:00.000000,0,42.94,SELL
TLT,2023-04-14T00:00:00.000000,0,42.94,SELL
TLT,2023-04-17T00:00:00.000000,0,42.94,SELL
TLT,2023-04-18T00:00:00.000000,0,42.94,SELL
TLT,2023-04-19T00:00:00.000000,0,42.94,SELL
TLT,2023-04-20T00:00:00.000000,0,42.94,SELL
TLT,2023-04-21T00:00:00.000000,0,46.09,SELL
TLT,2023-04-24T00:00:00.000000,0,46.09,SELL
TLT,2023-04-25T00:00:00.000000,0,48.73,SELL
TLT,2023-04-26T00:00:00.000000,1,48.73,BUY
TLT,2023-04-27T00:00:00.000000,1,48.73,BUY
TLT,2023-04-28T00:00:00.000000,1,50.44,BUY
TLT,2023-05-01T00:00:00.000000,1,50.44,BUY
TLT,2023-05-02T00:00:00.000000,1,48.73,BUY
TLT,2023-05-03T00:00:00.000000,1,48.73,BUY
TLT,2023-05-04T00:00:00.000000,1,48.73,BUY
TLT,2023-05-05T00:00:00.000000,1,50.44,BUY
TLT,2023-05-08T00:00:00.000000,1,50.44,BUY
TLT,2023-05-09T00:00:00.000000,1,50.44,BUY
TLT,2023-05-10T00:00:00.000000,1,50.44,BUY
TLT,2023-05-11T00:00:00.000000,1,48.73,BUY
TLT,2023-05-12T00:00:00.000000,0,48.73,SELL
TLT,2023-05-15T00:00:00.000000,0,48.73,SELL
TLT,2023-05-16T00:00:00.000000,0,48.73,SELL
TLT,2023-05-17T00:00:00.000000,1,48.73,BUY
TLT,2023-05-18T00:00:00.000000,1,48.73,BUY
TLT,2023-05-19T00:00:00.000000,1,48.73,BUY
TLT,2023-05-22T00:00:00.000000,1,48.73,BUY
TLT,2023-05-23T00:00:00.000000,0,48.73,SELL
TLT,2023-05-24T00:00:00.000000,0,46.09,SELL
TLT,2023-05-25T00:00:00.000000,0,48.73,SELL
TLT,2023-05-26T00:00:00.000000,0,48.73,SELL
TLT,2023-05-30T00:00:00.000000,0,46.09,SELL
TLT,2023-05-31T00:00:00.000000,0,46.09,SELL
TLT,2023-06-01T00:00:00.000000,0,42.94,SELL
TLT,2023-06-02T00:00:00.000000,0,42.94,SELL
TLT,2023-06-05T00:00:00.000000,0,42.94,SELL
TLT,2023-06-06T00:00:00.000000,0,42.94,SELL
TLT,2023-06-07T00:00:00.000000,0,42.94,SELL
TLT,2023-06-08T00:00:00.000000,0,39.62,SELL
TLT,2023-06-09T00:00:00.000000,0,39.62,SELL
TLT,2023-06-12T00:00:00.000000,0,39.62,SELL
TLT,2023-06-13T00:00:00.000000,0,39.62,SELL
TLT,2023-06-14T00:00:00.000000,0,39.62,SELL
TLT,2023-06-15T00:00:00.000000,0,39.62,SELL
TLT,2023-06-16T00:00:00.000000,0,39.62,SELL
TLT,2023-06-20T00:00:00.000000,0,40.0,SELL
TLT,2023-06-21T00:00:00.000000,0,42.94,SELL
TLT,2023-06-22T00:00:00.000000,0,42.94,SELL
TLT,2023-06-23T00:00:00.000000,0,42.94,SELL
TLT,2023-06-26T00:00:00.000000,0,46.09,SELL
TLT,2023-06-27T00:00:00.000000,0,48.73,SELL
TLT,2023-06-28T00:00:00.000000,0,48.73,SELL
TLT,2023-06-29T00:00:00.000000,0,48.73,SELL
TLT,2023-06-30T00:00:00.000000,0,48.73,SELL
TLT,2023-07-03T00:00:00.000000,0,48.73,SELL
TLT,2023-07-05T00:00:00.000000,1,48.73,BUY
TLT,2023-07-06T00:00:00.000000,1,48.73,BUY
TLT,2023-07-07T00:00:00.000000,1,48.73,BUY
TLT,2023-07-10T00:00:00.000000,0,48.73,SELL
TLT,2023-07-11T00:00:00.000000,0,48.73,SELL
TLT,2023-07-12T00:00:00.000000,0,46.09,SELL
TLT,2023-07-13T00:00:00.000000,0,42.94,SELL
TLT,2023-07-14T00:00:00.000000,0,42.94,SELL
TLT,2023-07-17T00:00:00.000000,0,42.94,SELL
TLT,2023-07-18T00:00:00.000000,0,42.94,SELL
TLT,2023-07-19T00:00:00.000000,0,42.94,SELL
TLT,2023-07-20T00:00:00.000000,0,42.94,SELL
TLT,2023-07-21T00:00:00.000000,0,42.94,SELL
TLT,2023-07-24T00:00:00.000000,0,40.0,SELL
TLT,2023-07-25T00:00:00.000000,0,40.0,SELL
TLT,2023-07-26T00:00:00.000000,0,42.94,SELL
TLT,2023-07-27T00:00:00.000000,0,42.94,SELL
TLT,2023-07-28T00:00:00.000000,0,42.94,SELL
TLT,2023-07-31T00:00:00.000000,0,39.62,SELL
TLT,2023-08-01T00:00:00.000000,0,39.62,SELL
TLT,2023-08-02T00:00:00.000000,0,39.62,SELL
TLT,2023-08-03T00:00:00.000000,0,39.62,SELL
TLT,2023-08-04T00:00:00.000000,0,39.62,SELL
TLT,2023-08-07T00:00:00.000000,0,39.62,SELL
TLT,2023-08-08T00:00:00.000000,0,42.94,SELL
TLT,2023-08-09T00:00:00.000000,0,42.94,SELL
TLT,2023-08-10T00:00:00.000000,0,42.94,SELL
TLT,2023-08-11T00:00:00.000000,0,46.09,SELL
TLT,2023-08-14T00:00:00.000000,0,48.73,SELL
TLT,2023-08-15T00:00:00.000000,1,48.73,BUY
TLT,2023-08-16T00:00:00.000000,1,48.73,BUY
TLT,2023-08-17T00:00:00.000000,1,48.73,BUY
TLT,2023-08-18T00:00:00.000000,1,48.73,BUY
TLT,2023-08-21T00:00:00.000000,1,50.44,BUY
TLT,2023-08-22T00:00:00.000000,1,50.44,BUY
TLT,2023-08-23T00:00:00.000000,1,50.44,BUY
TLT,2023-08-24T00:00:00.000000,1,50.44,BUY
TLT,2023-08-25T00:00:00.000000,1,50.44,BUY
TLT,2023-08-28T00:00:00.000000,1,50.44,BUY
TLT,2023-08-29T00:00:00.000000,1,50.44,BUY
TLT,2023-08-30T00:00:00.000000,1,48.73,BUY
TLT,2023-08-31T00:00:00.000000,1,48.73,BUY
TLT,2023-09-01T00:00:00.000000,0,48.73,SELL
TLT,2023-09-05T00:00:00.000000,0,46.09,SELL
TLT,2023-09-06T00:00:00.000000,0,46.09,SELL
TLT,2023-09-07T00:00:00.000000,0,48.73,SELL
TLT,2023-09-08T00:00:00.000000,0,48.73,SELL
TLT,2023-09-11T00:00:00.000000,0,48.73,SELL
TLT,2023-09-12T00:00:00.000000,0,48.73,SELL
TLT,2023-09-13T00:00:00.000000,0,48.73,SELL
TLT,2023-09-14T00:00:00.000000,0,48.73,SELL
TLT,2023-09-15T00:00:00.000000,0,48.73,SELL
TLT,2023-09-18T00:00:00.000000,1,48.73,BUY
TLT,2023-09-19T00:00:00.000000,1,48.73,BUY
TLT,2023-09-20T00:00:00.000000,1,48.73,BUY
TLT,2023-09-21T00:00:00.000000,1,48.73,BUY
TLT,2023-09-22T00:00:00.000000,1,48.73,BUY
TLT,2023-09-25T00:00:00.000000,1,48.73,BUY
TLT,2023-09-26T00:00:00.000000,1,48.73,BUY
TLT,2023-09-27T00:00:00.000000,1,50.44,BUY
TLT,2023-09-28T00:00:00.000000,1,50.44,BUY
TLT,2023-09-29T00:00:00.000000,1,50.44,BUY
TLT,2023-10-02T00:00:00.000000,1,50.44,BUY
TLT,2023-10-03T00:00:00.000000,1,48.73,BUY
TLT,2023-10-04T00:00:00.000000,1,48.73,BUY
TLT,2023-10-05T00:00:00.000000,1,48.73,BUY
TLT,2023-10-06T00:00:00.000000,0,48.73,SELL
TLT,2023-10-09T00:00:00.000000,0,46.09,SELL
TLT,2023-10-10T00:00:00.000000,0,46.09,SELL
TLT,2023-10-11T00:00:00.000000,0,42.94,SELL
TLT,2023-10-12T00:00:00.000000,0,42.94,SELL
TLT,2023-10-13T00:00:00.000000,0,42.94,SELL
TLT,2023-10-16T00:00:00.000000,0,42.94,SELL
TLT,2023-10-17T00:00:00.000000,0,42.94,SELL
TLT,2023-10-18T00:00:00.000000,0,42.94,SELL
TLT,2023-10-19T00:00:00.000000,0,42.94,SELL
TLT,2023-10-20T00:00:00.000000,0,46.09,SELL
TLT,2023-10-23T00:00:00.000000,0,48.73,SELL
TLT,2023-10-24T00:00:00.000000,1,48.73,BUY
TLT,2023-10-25T00:00:00.000000,1,50.44,BUY
TLT,2023-10-26T00:00:00.000000,1,50.69,BUY
TLT,2023-10-27T00:00:00.000000,1,50.69,BUY
TLT,2023-10-30T00:00:00.000000,1,50.69,BUY
TLT,2023-10-31T00:00:00.000000,1,50.69,BUY
TLT,2023-11-01T00:00:00.000000,1,50.69,BUY
TLT,2023-11-02T00:00:00.000000,1,50.69,BUY
TLT,2023-11-03T00:00:00.000000,1,50.69,BUY
TLT,2023-11-06T00:00:00.000000,1,50.69,BUY
TLT,2023-11-07T00:00:00.000000,1,50.69,BUY
TLT,2023-11-08T00:00:00.000000,1,50.69,BUY
TLT,2023-11-09T00:00:00.000000,1,50.69,BUY
TLT,2023-11-10T00:00:00.000000,1,50.69,BUY
TLT,2023-11-13T00:00:00.000000,1,50.44,BUY
TLT,2023-11-14T00:00:00.000000,1,48.73,BUY
TLT,2023-11-15T00:00:00.000000,1,48.73,BUY
TLT,2023-11-16T00:00:00.000000,0,46.09,SELL
TLT,2023-11-17T00:00:00.000000,0,46.09,SELL
TLT,2023-11-20T00:00:00.000000,0,46.09,SELL
TLT,2023-11-21T00:00:00.000000,0,46.09,SELL
TLT,2023-11-22T00:00:00.000000,0,46.09,SELL
TLT,2023-11-24T00:00:00.000000,0,46.09,SELL
TLT,2023-11-27T00:00:00.000000,0,42.94,SELL
TLT,2023-11-28T00:00:00.000000,0,42.94,SELL
TLT,2023-11-29T00:00:00.000000,0,42.94,SELL
TLT,2023-11-30T00:00:00.000000,0,42.94,SELL
TLT,2023-12-01T00:00:00.000000,0,42.94,SELL
TLT,2023-12-04T00:00:00.000000,0,42.94,SELL
TLT,2023-12-05T00:00:00.000000,0,42.94,SELL
TLT,2023-12-06T00:00:00.000000,0,46.09,SELL
TLT,2023-12-07T00:00:00.000000,0,48.73,SELL
TLT,2023-12-08T00:00:00.000000,1,48.73,BUY
TLT,2023-12-11T00:00:00.000000,1,48.73,BUY
TLT,2023-12-12T00:00:00.000000,1,48.73,BUY
TLT,2023-12-13T00:00:00.000000,1,48.73,BUY
TLT,2023-12-14T00:00:00.000000,1,48.73,BUY
TLT,2023-12-15T00:00:00.000000,1,50.44,BUY
TLT,2023-12-18T00:00:00.000000,1,50.44,BUY
TLT,2023-12-19T00:00:00.000000,1,50.69,BUY
TLT,2023-12-20T00:00:00.000000,1,50.69,BUY
TLT,2023-12-21T00:00:00.000000,1,50.69,BUY
TLT,2023-12-22T00:00:00.000000,1,50.44,BUY
TLT,2023-12-26T00:00:00.000000,1,50.44,BUY
TLT,2023-12-27T00:00:00.000000,1,50.44,BUY
TLT,2023-12-28T00:00:00.000000,1,50.44,BUY
TLT,2023-12-29T00:00:00.000000,1,50.44,BUY
TLT,2024-01-02T00:00:00.000000,1,50.44,BUY
TLT,2024-01-03T00:00:00.000000,1,50.44,BUY
TLT,2024-01-04T00:00:00.000000,1,50.44,BUY
TLT,2024-01-05T00:00:00.000000,1,50.44,BUY
TLT,2024-01-08T00:00:00.000000,1,50.44,BUY
TLT,2024-01-09T00:00:00.000000,1,50.44,BUY
TLT,2024-01-10T00:00:00.000000,1,50.44,BUY
TLT,2024-01-11T00:00:00.000000,1,50.44,BUY
TLT,2024-01-12T00:00:00.000000,1,48.73,BUY
TLT,2024-01-16T00:00:00.000000,1,48.73,BUY
TLT,2024-01-17T00:00:00.000000,0,48.73,SELL
TLT,2024-01-18T00:00:00.000000,0,48.73,SELL
TLT,2024-01-19T00:00:00.000000,0,48.73,SELL
TLT,2024-01-22T00:00:00.000000,0,46.09,SELL
TLT,2024-01-23T00:00:00.000000,0,42.94,SELL
TLT,2024-01-24T00:00:00.000000,0,42.94,SELL
TLT,2024-01-25T00:00:00.000000,0,42.94,SELL
TLT,2024-01-26T00:00:00.000000,0,42.94,SELL
TLT,2024-01-29T00:00:00.000000,0,39.62,SELL
TLT,2024-01-30T00:00:00.000000,0,39.62,SELL
TLT,2024-01-31T00:00:00.000000,0,39.62,SELL
TLT,2024-02-01T00:00:00.000000,0,39.62,SELL
TLT,2024-02-02T00:00:00.000000,0,39.62,SELL
TLT,2024-02-05T00:00:00.000000,0,42.94,SELL
TLT,2024-02-06T00:00:00.000000,0,42.94,SELL
TLT,2024-02-07T00:00:00.000000,0,42.94,SELL
TLT,2024-02-08T00:00:00.000000,0,42.94,SELL
TLT,2024-02-09T00:00:00.000000,0,42.94,SELL
TLT,2024-02-12T00:00:00.000000,0,46.09,SELL
TLT,2024-02-13T00:00:00.000000,0,48.73,SELL
TLT,2024-02-14T00:00:00.000000,1,48.73,BUY
TLT,2024-02-15T00:00:00.000000,1,48.73,BUY
TLT,2024-02-16T00:00:00.000000,1,48.73,BUY
TLT,2024-02-20T00:00:00.000000,0,48.73,SELL
TLT,2024-02-21T00:00:00.000000,0,46.09,SELL
TLT,2024-02-22T00:00:00.000000,0,42.94,SELL
TLT,2024-02-23T00:00:00.000000,0,42.94,SELL
TLT,2024-02-26T00:00:00.000000,0,42.94,SELL
TLT,2024-02-27T00:00:00.000000,0,42.94,SELL
TLT,2024-02-28T00:00:00.000000,0,46.09,SELL
TLT,2024-02-29T00:00:00.000000,0,46.09,SELL
TLT,2024-03-01T00:00:00.000000,0,46.09,SELL
TLT,2024-03-04T00:00:00.000000,0,46.09,SELL
TLT,2024-03-05T00:00:00.000000,0,42.94,SELL
TLT,2024-03-06T00:00:00.000000,0,46.09,SELL
TLT,2024-03-07T00:00:00.000000,0,48.73,SELL
TLT,2024-03-08T00:00:00.000000,1,48.73,BUY
TLT,2024-03-11T00:00:00.000000,1,48.73,BUY
TLT,2024-03-12T00:00:00.000000,1,50.44,BUY
TLT,2024-03-13T00:00:00.000000,1,48.73,BUY
TLT,2024-03-14T00:00:00.000000,1,48.73,BUY
TLT,2024-03-15T00:00:00.000000,1,48.73,BUY
TLT,2024-03-18T00:00:00.000000,1,48.73,BUY
TLT,2024-03-19T00:00:00.000000,1,48.73,BUY
TLT,2024-03-20T00:00:00.000000,1,48.73,BUY
TLT,2024-03-21T00:00:00.000000,1,48.73,BUY
TLT,2024-03-22T00:00:00.000000,1,48.73,BUY
TLT,2024-03-25T00:00:00.000000,0,46.09,SELL
TLT,2024-03-26T00:00:00.000000,0,46.09,SELL
TLT,2024-03-27T00:00:00.000000,0,42.94,SELL
TLT,2024-03-28T00:00:00.000000,0,42.94,SELL
TLT,2024-04-01T00:00:00.000000,0,42.94,SELL
TLT,2024-04-02T00:00:00.000000,0,42.94,SELL
TLT,2024-04-03T00:00:00.000000,0,42.94,SELL
TLT,2024-04-04T00:00:00.000000,0,42.94,SELL
TLT,2024-04-05T00:00:00.000000,0,42.94,SELL
TLT,2024-04-08T00:00:00.000000,0,46.09,SELL
TLT,2024-04-09T00:00:00.000000,0,46.09,SELL
TLT,2024-04-10T00:00:00.000000,0,48.73,SELL
TLT,2024-04-11T00:00:00.000000,1,48.73,BUY
TLT,2024-04-12T00:00:00.000000,1,48.73,BUY
TLT,2024-04-15T00:00:00.000000,1,48.73,BUY
TLT,2024-04-16T00:00:00.000000,1,48.73,BUY
TLT,2024-04-17T00:00:00.000000,1,50.44,BUY
TLT,2024-04-18T00:00:00.000000,1,50.44,BUY
TLT,2024-04-19T00:00:00.000000,1,50.44,BUY
TLT,2024-04-22T00:00:00.000000,1,50.44,BUY
TLT,2024-04-23T00:00:00.000000,1,50.69,BUY
TLT,2024-04-24T00:00:00.000000,1,50.69,BUY
TLT,2024-04-25T00:00:00.000000,1,50.69,BUY
TLT,2024-04-26T00:00:00.000000,1,50.69,BUY
TLT,2024-04-29T00:00:00.000000,1,50.44,BUY
TLT,2024-04-30T00:00:00.000000,1,48.73,BUY
TLT,2024-05-01T00:00:00.000000,1,48.73,BUY
TLT,2024-05-02T00:00:00.000000,1,48.73,BUY
TLT,2024-05-03T00:00:00.000000,0,48.73,SELL
TLT,2024-05-06T00:00:00.000000,1,48.73,BUY
TLT,2024-05-07T00:00:00.000000,1,48.73,BUY
TLT,2024-05-08T00:00:00.000000,1,48.73,BUY
TLT,2024-05-09T00:00:00.000000,0,48.73,SELL
TLT,2024-05-10T00:00:00.000000,0,42.94,SELL
TLT,2024-05-13T00:00:00.000000,0,42.94,SELL
TLT,2024-05-14T00:00:00.000000,0,42.94,SELL
TLT,2024-05-15T00:00:00.000000,0,42.94,SELL
TLT,2024-05-16T00:00:00.000000,0,46.09,SELL
TLT,2024-05-17T00:00:00.000000,0,48.73,SELL
TLT,2024-05-20T00:00:00.000000,0,48.73,SELL
TLT,2024-05-21T00:00:00.000000,1,48.73,BUY
TLT,2024-05-22T00:00:00.000000,1,48.73,BUY
TLT,2024-05-23T00:00:00.000000,1,48.73,BUY
TLT,2024-05-24T00:00:00.000000,1,48.73,BUY
TLT,2024-05-28T00:00:00.000000,1,48.73,BUY
TLT,2024-05-29T00:00:00.000000,1,48.73,BUY
TLT,2024-05-30T00:00:00.000000,1,50.44,BUY
TLT,2024-05-31T00:00:00.000000,1,50.44,BUY
TLT,2024-06-03T00:00:00.000000,1,48.73,BUY
TLT,2024-06-04T00:00:00.000000,1,48.73,BUY
TLT,2024-06-05T00:00:00.000000,1,48.73,BUY
TLT,2024-06-06T00:00:00.000000,1,48.73,BUY
TLT,2024-06-07T00:00:00.000000,1,48.73,BUY
TLT,2024-06-10T00:00:00.000000,1,48.73,BUY
TLT,2024-06-11T00:00:00.000000,1,48.73,BUY
TLT,2024-06-12T00:00:00.000000,0,48.73,SELL
TLT,2024-06-13T00:00:00.000000,0,48.73,SELL
TLT,2024-06-14T00:00:00.000000,0,48.73,SELL
TLT,2024-06-17T00:00:00.000000,1,48.73,BUY
TLT,2024-06-18T00:00:00.000000,1,50.44,BUY
TLT,2024-06-20T00:00:00.000000,1,50.44,BUY
TLT,2024-06-21T00:00:00.000000,1,50.44,BUY
TLT,2024-06-24T00:00:00.000000,1,50.44,BUY
TLT,2024-06-25T00:00:00.000000,1,50.44,BUY
TLT,2024-06-26T00:00:00.000000,1,50.44,BUY
TLT,2024-06-27T00:00:00.000000,1,50.44,BUY
TLT,2024-06-28T00:00:00.000000,1,50.44,BUY
TLT,2024-07-01T00:00:00.000000,1,50.44,BUY
TLT,2024-07-02T00:00:00.000000,1,50.44,BUY
TLT,2024-07-03T00:00:00.000000,1,50.44,BUY
TLT,2024-07-05T00:00:00.000000,1,50.44,BUY
TLT,2024-07-08T00:00:00.000000,1,50.44,BUY
TLT,2024-07-09T00:00:00.000000,1,50.44,BUY
TLT,2024-07-10T00:00:00.000000,1,50.44,BUY
TLT,2024-07-11T00:00:00.000000,1,48.73,BUY
TLT,2024-07-12T00:00:00.000000,0,48.73,SELL
TLT,2024-07-15T00:00:00.000000,0,42.94,SELL
TLT,2024-07-16T00:00:00.000000,0,42.94,SELL
TLT,2024-07-17T00:00:00.000000,0,42.94,SELL
TLT,2024-07-18T00:00:00.000000,0,42.94,SELL
TLT,2024-07-19T00:00:00.000000,0,42.94,SELL
TLT,2024-07-22T00:00:00.000000,0,48.73,SELL
TLT,2024-07-23T00:00:00.000000,1,48.73,BUY
TLT,2024-07-24T00:00:00.000000,1,48.73,BUY
TLT,2024-07-25T00:00:00.000000,1,48.73,BUY
TLT,2024-07-26T00:00:00.000000,1,48.73,BUY
TLT,2024-07-29T00:00:00.000000,1,48.73,BUY
TLT,2024-07-30T00:00:00.000000,1,48.73,BUY
TLT,2024-07-31T00:00:00.000000,1,48.73,BUY
TLT,2024-08-01T00:00:00.000000,1,48.73,BUY
TLT,2024-08-02T00:00:00.000000,1,50.44,BUY
TLT,2024-08-05T00:00:00.000000,1,50.44,BUY
TLT,2024-08-06T00:00:00.000000,1,50.44,BUY
TLT,2024-08-07T00:00:00.000000,1,50.69,BUY
TLT,2024-08-08T00:00:00.000000,1,50.69,BUY
TLT,2024-08-09T00:00:00.000000,1,50.69,BUY
TLT,2024-08-12T00:00:00.000000,1,50.69,BUY
TLT,2024-08-13T00:00:00.000000,1,50.69,BUY
TLT,2024-08-14T00:00:00.000000,1,50.44,BUY
TLT,2024-08-15T00:00:00.000000,1,48.73,BUY
TLT,2024-08-16T00:00:00.000000,0,48.73,SELL
TLT,2024-08-19T00:00:00.000000,0,46.09,SELL
TLT,2024-08-20T00:00:00.000000,0,42.94,SELL
TLT,2024-08-21T00:00:00.000000,0,42.94,SELL
TLT,2024-08-22T00:00:00.000000,0,42.94,SELL
TLT,2024-08-23T00:00:00.000000,0,46.09,SELL
TLT,2024-08-26T00:00:00.000000,0,46.09,SELL
TLT,2024-08-27T00:00:00.000000,0,46.09,SELL
TLT,2024-08-28T00:00:00.000000,0,42.94,SELL
TLT,2024-08-29T00:00:00.000000,0,42.94,SELL
TLT,2024-08-30T00:00:00.000000,0,46.09,SELL
TLT,2024-09-03T00:00:00.000000,0,46.09,SELL
TLT,2024-09-04T00:00:00.000000,1,48.73,BUY
TLT,2024-09-05T00:00:00.000000,1,48.73,BUY
TLT,2024-09-06T00:00:00.000000,1,50.44,BUY
TLT,2024-09-09T00:00:00.000000,1,50.44,BUY
TLT,2024-09-10T00:00:00.000000,1,50.69,BUY
TLT,2024-09-11T00:00:00.000000,1,50.69,BUY
TLT,2024-09-12T00:00:00.000000,1,50.69,BUY
TLT,2024-09-13T00:00:00.000000,1,50.69,BUY
TLT,2024-09-16T00:00:00.000000,1,50.69,BUY
TLT,2024-09-17T00:00:00.000000,1,50.69,BUY
TLT,2024-09-18T00:00:00.000000,1,50.69,BUY
TLT,2024-09-19T00:00:00.000000,1,50.69,BUY
TLT,2024-09-20T00:00:00.000000,1,50.44,BUY
TLT,2024-09-23T00:00:00.000000,1,48.73,BUY
TLT,2024-09-24T00:00:00.000000,0,48.73,SELL
TLT,2024-09-25T00:00:00.000000,0,46.09,SELL
TLT,2024-09-26T00:00:00.000000,0,42.94,SELL
TLT,2024-09-27T00:00:00.000000,0,42.94,SELL
TLT,2024-09-30T00:00:00.000000,0,42.94,SELL
TLT,2024-10-01T00:00:00.000000,0,42.94,SELL
TLT,2024-10-02T00:00:00.000000,0,42.94,SELL
TLT,2024-10-03T00:00:00.000000,0,42.94,SELL
TLT,2024-10-04T00:00:00.000000,0,42.94,SELL
TLT,2024-10-07T00:00:00.000000,0,42.94,SELL
TLT,2024-10-08T00:00:00.000000,0,42.94,SELL
TLT,2024-10-09T00:00:00.000000,0,42.94,SELL
TLT,2024-10-10T00:00:00.000000,0,42.94,SELL
TLT,2024-10-11T00:00:00.000000,0,42.94,SELL
TLT,2024-10-14T00:00:00.000000,0,42.94,SELL
TLT,2024-10-15T00:00:00.000000,0,39.62,SELL
TLT,2024-10-16T00:00:00.000000,0,39.62,SELL
TLT,2024-10-17T00:00:00.000000,0,39.62,SELL
TLT,2024-10-18T00:00:00.000000,0,39.62,SELL
TLT,2024-10-21T00:00:00.000000,0,39.62,SELL
TLT,2024-10-22T00:00:00.000000,0,39.62,SELL
TLT,2024-10-23T00:00:00.000000,0,39.62,SELL
TLT,2024-10-24T00:00:00.000000,0,39.62,SELL
TLT,2024-10-25T00:00:00.000000,0,39.62,SELL
TLT,2024-10-28T00:00:00.000000,0,39.62,SELL
TLT,2024-10-29T00:00:00.000000,0,42.94,SELL
TLT,2024-10-30T00:00:00.000000,0,42.94,SELL
TLT,2024-10-31T00:00:00.000000,0,42.94,SELL
TLT,2024-11-01T00:00:00.000000,0,42.94,SELL
TLT,2024-11-04T00:00:00.000000,0,42.94,SELL
TLT,2024-11-05T00:00:00.000000,0,42.94,SELL
TLT,2024-11-06T00:00:00.000000,0,42.94,SELL
TLT,2024-11-07T00:00:00.000000,0,42.94,SELL
TLT,2024-11-08T00:00:00.000000,0,42.94,SELL
TLT,2024-11-11T00:00:00.000000,0,42.94,SELL
TLT,2024-11-12T00:00:00.000000,0,42.94,SELL
TLT,2024-11-13T00:00:00.000000,0,42.94,SELL
TLT,2024-11-14T00:00:00.000000,0,42.94,SELL
TLT,2024-11-15T00:00:00.000000,0,39.62,SELL
TLT,2024-11-18T00:00:00.000000,0,39.62,SELL
TLT,2024-11-19T00:00:00.000000,0,39.62,SELL
TLT,2024-11-20T00:00:00.000000,0,39.62,SELL
TLT,2024-11-21T00:00:00.000000,0,39.62,SELL
TLT,2024-11-22T00:00:00.000000,0,39.62,SELL
TLT,2024-11-25T00:00:00.000000,0,39.62,SELL
TLT,2024-11-26T00:00:00.000000,0,42.94,SELL
TLT,2024-11-27T00:00:00.000000,0,42.94,SELL
TLT,2024-11-29T00:00:00.000000,0,46.09,SELL
TLT,2024-12-02T00:00:00.000000,0,46.09,SELL
TLT,2024-12-03T00:00:00.000000,0,46.09,SELL
TLT,2024-12-04T00:00:00.000000,0,46.09,SELL
TLT,2024-12-05T00:00:00.000000,0,46.09,SELL
TLT,2024-12-06T00:00:00.000000,0,42.94,SELL
TLT,2024-12-09T00:00:00.000000,0,42.94,SELL
TLT,2024-12-10T00:00:00.000000,0,46.09,SELL
TLT,2024-12-11T00:00:00.000000,0,48.73,SELL
TLT,2024-12-12T00:00:00.000000,0,48.73,SELL
TLT,2024-12-13T00:00:00.000000,1,48.73,BUY
TLT,2024-12-16T00:00:00.000000,1,48.73,BUY
TLT,2024-12-17T00:00:00.000000,1,48.73,BUY
TLT,2024-12-18T00:00:00.000000,0,48.73,SELL
TLT,2024-12-19T00:00:00.000000,1,50.44,BUY
TLT,2024-12-20T00:00:00.000000,1,50.44,BUY
TSLA,2023-02-21T00:00:00.000000,0,46.09,SELL
TSLA,2023-02-22T00:00:00.000000,0,46.09,SELL
TSLA,2023-02-23T00:00:00.000000,0,46.09,SELL
TSLA,2023-02-24T00:00:00.000000,0,46.09,SELL
TSLA,2023-02-27T00:00:00.000000,0,46.09,SELL
TSLA,2023-02-28T00:00:00.000000,0,46.09,SELL
TSLA,2023-03-01T00:00:00.000000,0,48.73,SELL
TSLA,2023-03-02T00:00:00.000000,1,48.73,BUY
TSLA,2023-03-03T00:00:00.000000,1,48.73,BUY
TSLA,2023-03-06T00:00:00.000000,1,48.73,BUY
TSLA,2023-03-07T00:00:00.000000,1,48.73,BUY
TSLA,2023-03-08T00:00:00.000000,1,48.73,BUY
TSLA,2023-03-09T00:00:00.000000,1,50.44,BUY
TSLA,2023-03-10T00:00:00.000000,1,48.73,BUY
TSLA,2023-03-13T00:00:00.000000,1,48.73,BUY
TSLA,2023-03-14T00:00:00.000000,1,50.44,BUY
TSLA,2023-03-15T00:00:00.000000,1,50.44,BUY
TSLA,2023-03-16T00:00:00.000000,1,50.69,BUY
TSLA,2023-03-17T00:00:00.000000,1,50.69,BUY
TSLA,2023-03-20T00:00:00.000000,1,50.69,BUY
TSLA,2023-03-21T00:00:00.000000,1,50.44,BUY
TSLA,2023-03-22T00:00:00.000000,1,50.44,BUY
TSLA,2023-03-23T00:00:00.000000,1,50.44,BUY
TSLA,2023-03-24T00:00:00.000000,1,50.44,BUY
TSLA,2023-03-27T00:00:00.000000,1,50.44,BUY
TSLA,2023-03-28T00:00:00.000000,1,50.44,BUY
TSLA,2023-03-29T00:00:00.000000,1,50.44,BUY
TSLA,2023-03-30T00:00:00.000000,1,50.44,BUY
TSLA,2023-03-31T00:00:00.000000,1,50.44,BUY
TSLA,2023-04-03T00:00:00.000000,1,50.44,BUY
TSLA,2023-04-04T00:00:00.000000,1,50.44,BUY
TSLA,2023-04-05T00:00:00.000000,1,50.44,BUY
TSLA,2023-04-06T00:00:00.000000,1,50.44,BUY
TSLA,2023-04-10T00:00:00.000000,1,50.44,BUY
TSLA,2023-04-11T00:00:00.000000,1,48.73,BUY
TSLA,2023-04-12T00:00:00.000000,1,50.44,BUY
TSLA,2023-04-13T00:00:00.000000,1,50.69,BUY
TSLA,2023-04-14T00:00:00.000000,1,50.44,BUY
TSLA,2023-04-17T00:00:00.000000,1,50.44,BUY
TSLA,2023-04-18T00:00:00.000000,1,50.69,BUY
TSLA,2023-04-19T00:00:00.000000,1,50.69,BUY
TSLA,2023-04-20T00:00:00.000000,1,50.69,BUY
TSLA,2023-04-21T00:00:00.000000,1,50.69,BUY
TSLA,2023-04-24T00:00:00.000000,1,50.69,BUY
TSLA,2023-04-25T00:00:00.000000,1,50.69,BUY
TSLA,2023-04-26T00:00:00.000000,1,50.69,BUY
TSLA,2023-04-27T00:00:00.000000,1,50.69,BUY
TSLA,2023-04-28T00:00:00.000000,1,50.69,BUY
TSLA,2023-05-01T00:00:00.000000,1,50.69,BUY
TSLA,2023-05-02T00:00:00.000000,1,50.69,BUY
TSLA,2023-05-03T00:00:00.000000,1,50.69,BUY
TSLA,2023-05-04T00:00:00.000000,1,50.69,BUY
TSLA,2023-05-05T00:00:00.000000,1,50.69,BUY
TSLA,2023-05-08T00:00:00.000000,1,50.69,BUY
TSLA,2023-05-09T00:00:00.000000,1,50.69,BUY
TSLA,2023-05-10T00:00:00.000000,1,50.69,BUY
TSLA,2023-05-11T00:00:00.000000,1,50.69,BUY
TSLA,2023-05-12T00:00:00.000000,1,50.69,BUY
TSLA,2023-05-15T00:00:00.000000,1,50.69,BUY
TSLA,2023-05-16T00:00:00.000000,1,50.69,BUY
TSLA,2023-05-17T00:00:00.000000,1,50.69,BUY
TSLA,2023-05-18T00:00:00.000000,1,50.69,BUY
TSLA,2023-05-19T00:00:00.000000,1,50.69,BUY
TSLA,2023-05-22T00:00:00.000000,1,50.69,BUY
TSLA,2023-05-23T00:00:00.000000,1,50.69,BUY
TSLA,2023-05-24T00:00:00.000000,1,50.69,BUY
TSLA,2023-05-25T00:00:00.000000,1,50.69,BUY
TSLA,2023-05-26T00:00:00.000000,1,50.69,BUY
TSLA,2023-05-30T00:00:00.000000,1,50.44,BUY
TSLA,2023-05-31T00:00:00.000000,1,50.44,BUY
TSLA,2023-06-01T00:00:00.000000,1,50.44,BUY
TSLA,2023-06-02T00:00:00.000000,1,50.44,BUY
TSLA,2023-06-05T00:00:00.000000,1,50.44,BUY
TSLA,2023-06-06T00:00:00.000000,1,50.44,BUY
TSLA,2023-06-07T00:00:00.000000,1,48.73,BUY
TSLA,2023-06-08T00:00:00.000000,1,48.73,BUY
TSLA,2023-06-09T00:00:00.000000,1,48.73,BUY
TSLA,2023-06-12T00:00:00.000000,0,48.73,SELL
TSLA,2023-06-13T00:00:00.000000,0,48.73,SELL
TSLA,2023-06-14T00:00:00.000000,0,48.73,SELL
TSLA,2023-06-15T00:00:00.000000,0,46.09,SELL
TSLA,2023-06-16T00:00:00.000000,0,46.09,SELL
TSLA,2023-06-20T00:00:00.000000,0,46.09,SELL
TSLA,2023-06-21T00:00:00.000000,0,46.09,SELL
TSLA,2023-06-22T00:00:00.000000,0,46.09,SELL
TSLA,2023-06-23T00:00:00.000000,0,46.09,SELL
TSLA,2023-06-26T00:00:00.000000,0,46.09,SELL
TSLA,2023-06-27T00:00:00.000000,0,42.94,SELL
TSLA,2023-06-28T00:00:00.000000,0,42.94,SELL
TSLA,2023-06-29T00:00:00.000000,0,42.94,SELL
TSLA,2023-06-30T00:00:00.000000,0,42.94,SELL
TSLA,2023-07-03T00:00:00.000000,0,42.94,SELL
TSLA,2023-07-05T00:00:00.000000,0,46.09,SELL
TSLA,2023-07-06T00:00:00.000000,0,46.09,SELL
TSLA,2023-07-07T00:00:00.000000,0,46.09,SELL
TSLA,2023-07-10T00:00:00.000000,0,46.09,SELL
TSLA,2023-07-11T00:00:00.000000,0,46.09,SELL
TSLA,2023-07-12T00:00:00.000000,0,46.09,SELL
TSLA,2023-07-13T00:00:00.000000,0,46.09,SELL
TSLA,2023-07-14T00:00:00.000000,0,46.09,SELL
TSLA,2023-07-17T00:00:00.000000,0,46.09,SELL
TSLA,2023-07-18T00:00:00.000000,0,46.09,SELL
TSLA,2023-07-19T00:00:00.000000,0,46.09,SELL
TSLA,2023-07-20T00:00:00.000000,0,46.09,SELL
TSLA,2023-07-21T00:00:00.000000,0,46.09,SELL
TSLA,2023-07-24T00:00:00.000000,0,42.94,SELL
TSLA,2023-07-25T00:00:00.000000,0,42.94,SELL
TSLA,2023-07-26T00:00:00.000000,0,42.94,SELL
TSLA,2023-07-27T00:00:00.000000,0,42.94,SELL
TSLA,2023-07-28T00:00:00.000000,0,42.94,SELL
TSLA,2023-07-31T00:00:00.000000,0,46.09,SELL
TSLA,2023-08-01T00:00:00.000000,0,46.09,SELL
TSLA,2023-08-02T00:00:00.000000,0,46.09,SELL
TSLA,2023-08-03T00:00:00.000000,0,48.73,SELL
TSLA,2023-08-04T00:00:00.000000,1,48.73,BUY
TSLA,2023-08-07T00:00:00.000000,1,48.73,BUY
TSLA,2023-08-08T00:00:00.000000,1,48.73,BUY
TSLA,2023-08-09T00:00:00.000000,1,50.44,BUY
TSLA,2023-08-10T00:00:00.000000,1,50.44,BUY
TSLA,2023-08-11T00:00:00.000000,1,50.69,BUY
TSLA,2023-08-14T00:00:00.000000,1,50.69,BUY
TSLA,2023-08-15T00:00:00.000000,1,50.69,BUY
TSLA,2023-08-16T00:00:00.000000,1,50.69,BUY
TSLA,2023-08-17T00:00:00.000000,1,50.69,BUY
TSLA,2023-08-18T00:00:00.000000,1,50.69,BUY
TSLA,2023-08-21T00:00:00.000000,1,50.69,BUY
TSLA,2023-08-22T00:00:00.000000,1,50.69,BUY
TSLA,2023-08-23T00:00:00.000000,1,50.69,BUY
TSLA,2023-08-24T00:00:00.000000,1,50.69,BUY
TSLA,2023-08-25T00:00:00.000000,1,50.69,BUY
TSLA,2023-08-28T00:00:00.000000,1,50.69,BUY
TSLA,2023-08-29T00:00:00.000000,1,50.69,BUY
TSLA,2023-08-30T00:00:00.000000,1,50.69,BUY
TSLA,2023-08-31T00:00:00.000000,1,50.44,BUY
TSLA,2023-09-01T00:00:00.000000,1,50.44,BUY
TSLA,2023-09-05T00:00:00.000000,1,50.69,BUY
TSLA,2023-09-06T00:00:00.000000,1,50.44,BUY
TSLA,2023-09-07T00:00:00.000000,1,50.44,BUY
TSLA,2023-09-08T00:00:00.000000,1,50.44,BUY
TSLA,2023-09-11T00:00:00.000000,1,50.44,BUY
TSLA,2023-09-12T00:00:00.000000,1,50.44,BUY
TSLA,2023-09-13T00:00:00.000000,1,50.44,BUY
TSLA,2023-09-14T00:00:00.000000,1,50.44,BUY
TSLA,2023-09-15T00:00:00.000000,1,50.44,BUY
TSLA,2023-09-18T00:00:00.000000,1,48.73,BUY
TSLA,2023-09-19T00:00:00.000000,1,48.73,BUY
TSLA,2023-09-20T00:00:00.000000,1,48.73,BUY
TSLA,2023-09-21T00:00:00.000000,1,48.73,BUY
TSLA,2023-09-22T00:00:00.000000,1,48.73,BUY
TSLA,2023-09-25T00:00:00.000000,1,48.73,BUY
TSLA,2023-09-26T00:00:00.000000,1,50.44,BUY
TSLA,2023-09-27T00:00:00.000000,1,50.44,BUY
TSLA,2023-09-28T00:00:00.000000,1,50.69,BUY
TSLA,2023-09-29T00:00:00.000000,1,50.69,BUY
TSLA,2023-10-02T00:00:00.000000,1,50.69,BUY
TSLA,2023-10-03T00:00:00.000000,1,50.69,BUY
TSLA,2023-10-04T00:00:00.000000,1,50.69,BUY
TSLA,2023-10-05T00:00:00.000000,1,50.69,BUY
TSLA,2023-10-06T00:00:00.000000,1,50.69,BUY
TSLA,2023-10-09T00:00:00.000000,1,50.69,BUY
TSLA,2023-10-10T00:00:00.000000,1,50.69,BUY
TSLA,2023-10-11T00:00:00.000000,1,50.69,BUY
TSLA,2023-10-12T00:00:00.000000,1,50.69,BUY
TSLA,2023-10-13T00:00:00.000000,1,50.69,BUY
TSLA,2023-10-16T00:00:00.000000,1,50.69,BUY
TSLA,2023-10-17T00:00:00.000000,1,50.69,BUY
TSLA,2023-10-18T00:00:00.000000,1,50.69,BUY
TSLA,2023-10-19T00:00:00.000000,1,50.69,BUY
TSLA,2023-10-20T00:00:00.000000,1,50.69,BUY
TSLA,2023-10-23T00:00:00.000000,1,50.69,BUY
TSLA,2023-10-24T00:00:00.000000,1,50.69,BUY
TSLA,2023-10-25T00:00:00.000000,1,50.69,BUY
TSLA,2023-10-26T00:00:00.000000,1,58.57,BUY
TSLA,2023-10-27T00:00:00.000000,1,58.57,BUY
TSLA,2023-10-30T00:00:00.000000,1,58.57,BUY
TSLA,2023-10-31T00:00:00.000000,1,50.69,BUY
TSLA,2023-11-01T00:00:00.000000,1,50.69,BUY
TSLA,2023-11-02T00:00:00.000000,1,50.69,BUY
TSLA,2023-11-03T00:00:00.000000,1,50.69,BUY
TSLA,2023-11-06T00:00:00.000000,1,50.69,BUY
TSLA,2023-11-07T00:00:00.000000,1,50.44,BUY
TSLA,2023-11-08T00:00:00.000000,1,50.44,BUY
TSLA,2023-11-09T00:00:00.000000,1,48.73,BUY
TSLA,2023-11-10T00:00:00.000000,1,48.73,BUY
TSLA,2023-11-13T00:00:00.000000,0,48.73,SELL
TSLA,2023-11-14T00:00:00.000000,1,48.73,BUY
TSLA,2023-11-15T00:00:00.000000,1,48.73,BUY
TSLA,2023-11-16T00:00:00.000000,1,48.73,BUY
TSLA,2023-11-17T00:00:00.000000,1,48.73,BUY
TSLA,2023-11-20T00:00:00.000000,1,48.73,BUY
TSLA,2023-11-21T00:00:00.000000,1,48.73,BUY
TSLA,2023-11-22T00:00:00.000000,1,48.73,BUY
TSLA,2023-11-24T00:00:00.000000,1,48.73,BUY
TSLA,2023-11-27T00:00:00.000000,1,48.73,BUY
TSLA,2023-11-28T00:00:00.000000,1,48.73,BUY
TSLA,2023-11-29T00:00:00.000000,1,48.73,BUY
TSLA,2023-11-30T00:00:00.000000,1,48.73,BUY
TSLA,2023-12-01T00:00:00.000000,1,48.73,BUY
TSLA,2023-12-04T00:00:00.000000,1,48.73,BUY
TSLA,2023-12-05T00:00:00.000000,1,48.73,BUY
TSLA,2023-12-06T00:00:00.000000,1,48.73,BUY
TSLA,2023-12-07T00:00:00.000000,1,48.73,BUY
TSLA,2023-12-08T00:00:00.000000,1,50.44,BUY
TSLA,2023-12-11T00:00:00.000000,1,50.44,BUY
TSLA,2023-12-12T00:00:00.000000,1,50.44,BUY
TSLA,2023-12-13T00:00:00.000000,1,50.44,BUY
TSLA,2023-12-14T00:00:00.000000,1,50.44,BUY
TSLA,2023-12-15T00:00:00.000000,1,48.73,BUY
TSLA,2023-12-18T00:00:00.000000,1,48.73,BUY
TSLA,2023-12-19T00:00:00.000000,1,50.44,BUY
TSLA,2023-12-20T00:00:00.000000,1,50.44,BUY
TSLA,2023-12-21T00:00:00.000000,1,50.44,BUY
TSLA,2023-12-22T00:00:00.000000,1,48.73,BUY
TSLA,2023-12-26T00:00:00.000000,1,48.73,BUY
TSLA,2023-12-27T00:00:00.000000,0,48.73,SELL
TSLA,2023-12-28T00:00:00.000000,0,48.73,SELL
TSLA,2023-12-29T00:00:00.000000,1,48.73,BUY
TSLA,2024-01-02T00:00:00.000000,1,48.73,BUY
TSLA,2024-01-03T00:00:00.000000,1,48.73,BUY
TSLA,2024-01-04T00:00:00.000000,1,48.73,BUY
TSLA,2024-01-05T00:00:00.000000,1,48.73,BUY
TSLA,2024-01-08T00:00:00.000000,1,48.73,BUY
TSLA,2024-01-09T00:00:00.000000,1,48.73,BUY
TSLA,2024-01-10T00:00:00.000000,1,50.44,BUY
TSLA,2024-01-11T00:00:00.000000,1,50.44,BUY
TSLA,2024-01-12T00:00:00.000000,1,50.44,BUY
TSLA,2024-01-16T00:00:00.000000,1,50.44,BUY
TSLA,2024-01-17T00:00:00.000000,1,50.44,BUY
TSLA,2024-01-18T00:00:00.000000,1,50.44,BUY
TSLA,2024-01-19T00:00:00.000000,1,50.44,BUY
TSLA,2024-01-22T00:00:00.000000,1,50.44,BUY
TSLA,2024-01-23T00:00:00.000000,1,50.44,BUY
TSLA,2024-01-24T00:00:00.000000,1,50.44,BUY
TSLA,2024-01-25T00:00:00.000000,1,50.44,BUY
TSLA,2024-01-26T00:00:00.000000,0,42.94,SELL
TSLA,2024-01-29T00:00:00.000000,0,39.62,SELL
TSLA,2024-01-30T00:00:00.000000,0,39.62,SELL
TSLA,2024-01-31T00:00:00.000000,0,42.94,SELL
TSLA,2024-02-01T00:00:00.000000,0,46.09,SELL
TSLA,2024-02-02T00:00:00.000000,0,42.94,SELL
TSLA,2024-02-05T00:00:00.000000,0,42.94,SELL
TSLA,2024-02-06T00:00:00.000000,0,42.94,SELL
TSLA,2024-02-07T00:00:00.000000,0,42.94,SELL
TSLA,2024-02-08T00:00:00.000000,0,42.94,SELL
TSLA,2024-02-09T00:00:00.000000,0,46.09,SELL
TSLA,2024-02-12T00:00:00.000000,1,50.44,BUY
TSLA,2024-02-13T00:00:00.000000,1,50.69,BUY
TSLA,2024-02-14T00:00:00.000000,1,50.69,BUY
TSLA,2024-02-15T00:00:00.000000,1,50.69,BUY
TSLA,2024-02-16T00:00:00.000000,1,50.69,BUY
TSLA,2024-02-20T00:00:00.000000,1,50.69,BUY
TSLA,2024-02-21T00:00:00.000000,1,50.69,BUY
TSLA,2024-02-22T00:00:00.000000,1,50.69,BUY
TSLA,2024-02-23T00:00:00.000000,1,50.69,BUY
TSLA,2024-02-26T00:00:00.000000,1,50.69,BUY
TSLA,2024-02-27T00:00:00.000000,1,50.69,BUY
TSLA,2024-02-28T00:00:00.000000,1,50.69,BUY
TSLA,2024-02-29T00:00:00.000000,1,50.69,BUY
TSLA,2024-03-01T00:00:00.000000,1,50.69,BUY
TSLA,2024-03-04T00:00:00.000000,1,50.69,BUY
TSLA,2024-03-05T00:00:00.000000,1,50.69,BUY
TSLA,2024-03-06T00:00:00.000000,1,50.69,BUY
TSLA,2024-03-07T00:00:00.000000,1,50.69,BUY
TSLA,2024-03-08T00:00:00.000000,1,58.57,BUY
TSLA,2024-03-11T00:00:00.000000,1,58.57,BUY
TSLA,2024-03-12T00:00:00.000000,1,58.57,BUY
TSLA,2024-03-13T00:00:00.000000,1,58.57,BUY
TSLA,2024-03-14T00:00:00.000000,1,58.57,BUY
TSLA,2024-03-15T00:00:00.000000,1,58.57,BUY
TSLA,2024-03-18T00:00:00.000000,1,58.57,BUY
TSLA,2024-03-19T00:00:00.000000,1,50.69,BUY
TSLA,2024-03-20T00:00:00.000000,1,50.69,BUY
TSLA,2024-03-21T00:00:00.000000,1,50.69,BUY
TSLA,2024-03-22T00:00:00.000000,1,50.44,BUY
TSLA,2024-03-25T00:00:00.000000,1,48.73,BUY
TSLA,2024-03-26T00:00:00.000000,0,48.73,SELL
TSLA,2024-03-27T00:00:00.000000,0,46.09,SELL
TSLA,2024-03-28T00:00:00.000000,0,46.09,SELL
TSLA,2024-04-01T00:00:00.000000,0,48.73,SELL
TSLA,2024-04-02T00:00:00.000000,1,48.73,BUY
TSLA,2024-04-03T00:00:00.000000,1,48.73,BUY
TSLA,2024-04-04T00:00:00.000000,1,48.73,BUY
TSLA,2024-04-05T00:00:00.000000,1,50.44,BUY
TSLA,2024-04-08T00:00:00.000000,1,50.44,BUY
TSLA,2024-04-09T00:00:00.000000,1,50.69,BUY
TSLA,2024-04-10T00:00:00.000000,1,50.69,BUY
TSLA,2024-04-11T00:00:00.000000,1,50.69,BUY
TSLA,2024-04-12T00:00:00.000000,1,50.69,BUY
TSLA,2024-04-15T00:00:00.000000,1,50.69,BUY
TSLA,2024-04-16T00:00:00.000000,1,50.69,BUY
TSLA,2024-04-17T00:00:00.000000,1,50.69,BUY
TSLA,2024-04-18T00:00:00.000000,1,50.69,BUY
TSLA,2024-04-19T00:00:00.000000,1,50.69,BUY
TSLA,2024-04-22T00:00:00.000000,1,50.69,BUY
TSLA,2024-04-23T00:00:00.000000,1,50.69,BUY
TSLA,2024-04-24T00:00:00.000000,1,58.57,BUY
TSLA,2024-04-25T00:00:00.000000,1,58.57,BUY
TSLA,2024-04-26T00:00:00.000000,1,50.69,BUY
TSLA,2024-04-29T00:00:00.000000,1,50.69,BUY
TSLA,2024-04-30T00:00:00.000000,1,50.69,BUY
TSLA,2024-05-01T00:00:00.000000,1,50.44,BUY
TSLA,2024-05-02T00:00:00.000000,1,50.44,BUY
TSLA,2024-05-03T00:00:00.000000,1,50.44,BUY
TSLA,2024-05-06T00:00:00.000000,1,50.44,BUY
TSLA,2024-05-07T00:00:00.000000,1,50.44,BUY
TSLA,2024-05-08T00:00:00.000000,1,50.44,BUY
TSLA,2024-05-09T00:00:00.000000,1,50.44,BUY
TSLA,2024-05-10T00:00:00.000000,1,50.44,BUY
TSLA,2024-05-13T00:00:00.000000,1,50.44,BUY
TSLA,2024-05-14T00:00:00.000000,1,50.69,BUY
TSLA,2024-05-15T00:00:00.000000,1,50.69,BUY
TSLA,2024-05-16T00:00:00.000000,1,50.44,BUY
TSLA,2024-05-17T00:00:00.000000,0,48.73,SELL
TSLA,2024-05-20T00:00:00.000000,0,46.09,SELL
TSLA,2024-05-21T00:00:00.000000,0,46.09,SELL
TSLA,2024-05-22T00:00:00.000000,0,42.94,SELL
TSLA,2024-05-23T00:00:00.000000,0,46.09,SELL
TSLA,2024-05-24T00:00:00.000000,0,46.09,SELL
TSLA,2024-05-28T00:00:00.000000,0,46.09,SELL
TSLA,2024-05-29T00:00:00.000000,1,48.73,BUY
TSLA,2024-05-30T00:00:00.000000,1,48.73,BUY
TSLA,2024-05-31T00:00:00.000000,1,48.73,BUY
TSLA,2024-06-03T00:00:00.000000,1,50.44,BUY
TSLA,2024-06-04T00:00:00.000000,1,50.44,BUY
TSLA,2024-06-05T00:00:00.000000,1,50.69,BUY
TSLA,2024-06-06T00:00:00.000000,1,50.69,BUY
TSLA,2024-06-07T00:00:00.000000,1,50.44,BUY
TSLA,2024-06-10T00:00:00.000000,1,50.44,BUY
TSLA,2024-06-11T00:00:00.000000,1,50.69,BUY
TSLA,2024-06-12T00:00:00.000000,1,50.69,BUY
TSLA,2024-06-13T00:00:00.000000,1,50.69,BUY
TSLA,2024-06-14T00:00:00.000000,1,50.69,BUY
TSLA,2024-06-17T00:00:00.000000,1,50.69,BUY
TSLA,2024-06-18T00:00:00.000000,1,50.69,BUY
TSLA,2024-06-20T00:00:00.000000,1,50.44,BUY
TSLA,2024-06-21T00:00:00.000000,1,50.44,BUY
TSLA,2024-06-24T00:00:00.000000,1,50.44,BUY
TSLA,2024-06-25T00:00:00.000000,1,50.44,BUY
TSLA,2024-06-26T00:00:00.000000,1,50.44,BUY
TSLA,2024-06-27T00:00:00.000000,1,48.73,BUY
TSLA,2024-06-28T00:00:00.000000,1,48.73,BUY
TSLA,2024-07-01T00:00:00.000000,1,48.73,BUY
TSLA,2024-07-02T00:00:00.000000,1,48.73,BUY
TSLA,2024-07-03T00:00:00.000000,1,48.73,BUY
TSLA,2024-07-05T00:00:00.000000,1,48.73,BUY
TSLA,2024-07-08T00:00:00.000000,1,48.73,BUY
TSLA,2024-07-09T00:00:00.000000,1,48.73,BUY
TSLA,2024-07-10T00:00:00.000000,1,48.73,BUY
TSLA,2024-07-11T00:00:00.000000,0,48.73,SELL
TSLA,2024-07-12T00:00:00.000000,0,48.73,SELL
TSLA,2024-07-15T00:00:00.000000,0,46.09,SELL
TSLA,2024-07-16T00:00:00.000000,0,46.09,SELL
TSLA,2024-07-17T00:00:00.000000,0,46.09,SELL
TSLA,2024-07-18T00:00:00.000000,0,42.94,SELL
TSLA,2024-07-19T00:00:00.000000,0,42.94,SELL
TSLA,2024-07-22T00:00:00.000000,0,42.94,SELL
TSLA,2024-07-23T00:00:00.000000,0,42.94,SELL
TSLA,2024-07-24T00:00:00.000000,0,42.94,SELL
TSLA,2024-07-25T00:00:00.000000,0,42.94,SELL
TSLA,2024-07-26T00:00:00.000000,0,42.94,SELL
TSLA,2024-07-29T00:00:00.000000,0,42.94,SELL
TSLA,2024-07-30T00:00:00.000000,0,46.09,SELL
TSLA,2024-07-31T00:00:00.000000,0,48.73,SELL
TSLA,2024-08-01T00:00:00.000000,1,48.73,BUY
TSLA,2024-08-02T00:00:00.000000,1,48.73,BUY
TSLA,2024-08-05T00:00:00.000000,1,48.73,BUY
TSLA,2024-08-06T00:00:00.000000,0,46.09,SELL
TSLA,2024-08-07T00:00:00.000000,0,46.09,SELL
TSLA,2024-08-08T00:00:00.000000,0,46.09,SELL
TSLA,2024-08-09T00:00:00.000000,1,48.73,BUY
TSLA,2024-08-12T00:00:00.000000,1,48.73,BUY
TSLA,2024-08-13T00:00:00.000000,1,50.44,BUY
TSLA,2024-08-14T00:00:00.000000,1,48.73,BUY
TSLA,2024-08-15T00:00:00.000000,1,48.73,BUY
TSLA,2024-08-16T00:00:00.000000,0,48.73,SELL
TSLA,2024-08-19T00:00:00.000000,0,46.09,SELL
TSLA,2024-08-20T00:00:00.000000,0,46.09,SELL
TSLA,2024-08-21T00:00:00.000000,0,46.09,SELL
TSLA,2024-08-22T00:00:00.000000,0,48.73,SELL
TSLA,2024-08-23T00:00:00.000000,1,48.73,BUY
TSLA,2024-08-26T00:00:00.000000,1,48.73,BUY
TSLA,2024-08-27T00:00:00.000000,1,48.73,BUY
TSLA,2024-08-28T00:00:00.000000,1,48.73,BUY
TSLA,2024-08-29T00:00:00.000000,1,50.44,BUY
TSLA,2024-08-30T00:00:00.000000,1,50.44,BUY
TSLA,2024-09-03T00:00:00.000000,1,50.69,BUY
TSLA,2024-09-04T00:00:00.000000,1,50.69,BUY
TSLA,2024-09-05T00:00:00.000000,1,50.69,BUY
TSLA,2024-09-06T00:00:00.000000,1,50.44,BUY
TSLA,2024-09-09T00:00:00.000000,1,50.44,BUY
TSLA,2024-09-10T00:00:00.000000,1,50.44,BUY
TSLA,2024-09-11T00:00:00.000000,1,50.44,BUY
TSLA,2024-09-12T00:00:00.000000,1,50.44,BUY
TSLA,2024-09-13T00:00:00.000000,1,50.44,BUY
TSLA,2024-09-16T00:00:00.000000,1,50.44,BUY
TSLA,2024-09-17T00:00:00.000000,1,50.44,BUY
TSLA,2024-09-18T00:00:00.000000,1,50.44,BUY
TSLA,2024-09-19T00:00:00.000000,1,50.44,BUY
TSLA,2024-09-20T00:00:00.000000,1,48.73,BUY
TSLA,2024-09-23T00:00:00.000000,1,48.73,BUY
TSLA,2024-09-24T00:00:00.000000,1,48.73,BUY
TSLA,2024-09-25T00:00:00.000000,0,48.73,SELL
TSLA,2024-09-26T00:00:00.000000,0,48.73,SELL
TSLA,2024-09-27T00:00:00.000000,0,48.73,SELL
TSLA,2024-09-30T00:00:00.000000,0,48.73,SELL
TSLA,2024-10-01T00:00:00.000000,0,46.09,SELL
TSLA,2024-10-02T00:00:00.000000,0,46.09,SELL
TSLA,2024-10-03T00:00:00.000000,0,46.09,SELL
TSLA,2024-10-04T00:00:00.000000,0,46.09,SELL
TSLA,2024-10-07T00:00:00.000000,0,46.09,SELL
TSLA,2024-10-08T00:00:00.000000,0,46.09,SELL
TSLA,2024-10-09T00:00:00.000000,0,46.09,SELL
TSLA,2024-10-10T00:00:00.000000,1,48.73,BUY
TSLA,2024-10-11T00:00:00.000000,1,48.73,BUY
TSLA,2024-10-14T00:00:00.000000,1,48.73,BUY
TSLA,2024-10-15T00:00:00.000000,1,48.73,BUY
TSLA,2024-10-16T00:00:00.000000,1,50.44,BUY
TSLA,2024-10-17T00:00:00.000000,1,50.69,BUY
TSLA,2024-10-18T00:00:00.000000,1,50.69,BUY
TSLA,2024-10-21T00:00:00.000000,1,50.69,BUY
TSLA,2024-10-22T00:00:00.000000,1,50.69,BUY
TSLA,2024-10-23T00:00:00.000000,1,50.69,BUY
TSLA,2024-10-24T00:00:00.000000,1,50.44,BUY
TSLA,2024-10-25T00:00:00.000000,1,50.44,BUY
TSLA,2024-10-28T00:00:00.000000,1,48.73,BUY
TSLA,2024-10-29T00:00:00.000000,1,48.73,BUY
TSLA,2024-10-30T00:00:00.000000,1,48.73,BUY
TSLA,2024-10-31T00:00:00.000000,1,48.73,BUY
TSLA,2024-11-01T00:00:00.000000,1,48.73,BUY
TSLA,2024-11-04T00:00:00.000000,1,48.73,BUY
TSLA,2024-11-05T00:00:00.000000,1,48.73,BUY
TSLA,2024-11-06T00:00:00.000000,1,48.73,BUY
TSLA,2024-11-07T00:00:00.000000,1,48.73,BUY
TSLA,2024-11-08T00:00:00.000000,1,48.73,BUY
TSLA,2024-11-11T00:00:00.000000,1,48.73,BUY
TSLA,2024-11-12T00:00:00.000000,1,48.73,BUY
TSLA,2024-11-13T00:00:00.000000,0,48.73,SELL
TSLA,2024-11-14T00:00:00.000000,0,46.09,SELL
TSLA,2024-11-15T00:00:00.000000,0,46.09,SELL
TSLA,2024-11-18T00:00:00.000000,0,42.94,SELL
TSLA,2024-11-19T00:00:00.000000,0,42.94,SELL
TSLA,2024-11-20T00:00:00.000000,0,42.94,SELL
TSLA,2024-11-21T00:00:00.000000,0,42.94,SELL
TSLA,2024-11-22T00:00:00.000000,0,42.94,SELL
TSLA,2024-11-25T00:00:00.000000,0,42.94,SELL
TSLA,2024-11-26T00:00:00.000000,0,42.94,SELL
TSLA,2024-11-27T00:00:00.000000,0,42.94,SELL
TSLA,2024-11-29T00:00:00.000000,0,39.62,SELL
TSLA,2024-12-02T00:00:00.000000,0,39.62,SELL
TSLA,2024-12-03T00:00:00.000000,0,40.0,SELL
TSLA,2024-12-04T00:00:00.000000,0,42.94,SELL
TSLA,2024-12-05T00:00:00.000000,0,42.94,SELL
TSLA,2024-12-06T00:00:00.000000,0,42.94,SELL
TSLA,2024-12-09T00:00:00.000000,0,40.0,SELL
TSLA,2024-12-10T00:00:00.000000,0,40.0,SELL
TSLA,2024-12-11T00:00:00.000000,0,42.94,SELL
TSLA,2024-12-12T00:00:00.000000,0,42.94,SELL
TSLA,2024-12-13T00:00:00.000000,0,42.94,SELL
TSLA,2024-12-16T00:00:00.000000,0,42.94,SELL
TSLA,2024-12-17T00:00:00.000000,0,42.94,SELL
TSLA,2024-12-18T00:00:00.000000,0,42.94,SELL
TSLA,2024-12-19T00:00:00.000000,0,42.94,SELL
TSLA,2024-12-20T00:00:00.000000,0,42.94,SELL
UBER,2023-02-21T00:00:00.000000,0,46.09,SELL
UBER,2023-02-22T00:00:00.000000,0,48.73,SELL
UBER,2023-02-23T00:00:00.000000,1,48.73,BUY
UBER,2023-02-24T00:00:00.000000,0,48.73,SELL
UBER,2023-02-27T00:00:00.000000,0,48.73,SELL
UBER,2023-02-28T00:00:00.000000,0,48.73,SELL
UBER,2023-03-01T00:00:00.000000,1,48.73,BUY
UBER,2023-03-02T00:00:00.000000,1,48.73,BUY
UBER,2023-03-03T00:00:00.000000,1,48.73,BUY
UBER,2023-03-06T00:00:00.000000,1,48.73,BUY
UBER,2023-03-07T00:00:00.000000,1,48.73,BUY
UBER,2023-03-08T00:00:00.000000,1,48.73,BUY
UBER,2023-03-09T00:00:00.000000,0,48.73,SELL
UBER,2023-03-10T00:00:00.000000,0,48.73,SELL
UBER,2023-03-13T00:00:00.000000,0,48.73,SELL
UBER,2023-03-14T00:00:00.000000,0,46.09,SELL
UBER,2023-03-15T00:00:00.000000,0,48.73,SELL
UBER,2023-03-16T00:00:00.000000,0,48.73,SELL
UBER,2023-03-17T00:00:00.000000,1,48.73,BUY
UBER,2023-03-20T00:00:00.000000,1,48.73,BUY
UBER,2023-03-21T00:00:00.000000,0,48.73,SELL
UBER,2023-03-22T00:00:00.000000,0,48.73,SELL
UBER,2023-03-23T00:00:00.000000,0,46.09,SELL
UBER,2023-03-24T00:00:00.000000,0,42.94,SELL
UBER,2023-03-27T00:00:00.000000,0,39.62,SELL
UBER,2023-03-28T00:00:00.000000,0,39.62,SELL
UBER,2023-03-29T00:00:00.000000,0,39.62,SELL
UBER,2023-03-30T00:00:00.000000,0,39.62,SELL
UBER,2023-03-31T00:00:00.000000,0,42.94,SELL
UBER,2023-04-03T00:00:00.000000,0,42.94,SELL
UBER,2023-04-04T00:00:00.000000,0,42.94,SELL
UBER,2023-04-05T00:00:00.000000,0,42.94,SELL
UBER,2023-04-06T00:00:00.000000,0,39.62,SELL
UBER,2023-04-10T00:00:00.000000,0,39.62,SELL
UBER,2023-04-11T00:00:00.000000,0,39.62,SELL
UBER,2023-04-12T00:00:00.000000,0,39.62,SELL
UBER,2023-04-13T00:00:00.000000,0,39.62,SELL
UBER,2023-04-14T00:00:00.000000,0,40.0,SELL
UBER,2023-04-17T00:00:00.000000,0,42.94,SELL
UBER,2023-04-18T00:00:00.000000,0,42.94,SELL
UBER,2023-04-19T00:00:00.000000,0,42.94,SELL
UBER,2023-04-20T00:00:00.000000,0,42.94,SELL
UBER,2023-04-21T00:00:00.000000,0,46.09,SELL
UBER,2023-04-24T00:00:00.000000,0,46.09,SELL
UBER,2023-04-25T00:00:00.000000,0,48.73,SELL
UBER,2023-04-26T00:00:00.000000,0,48.73,SELL
UBER,2023-04-27T00:00:00.000000,1,48.73,BUY
UBER,2023-04-28T00:00:00.000000,1,48.73,BUY
UBER,2023-05-01T00:00:00.000000,1,48.73,BUY
UBER,2023-05-02T00:00:00.000000,1,48.73,BUY
UBER,2023-05-03T00:00:00.000000,1,50.44,BUY
UBER,2023-05-04T00:00:00.000000,1,50.44,BUY
UBER,2023-05-05T00:00:00.000000,1,50.69,BUY
UBER,2023-05-08T00:00:00.000000,1,50.69,BUY
UBER,2023-05-09T00:00:00.000000,1,50.69,BUY
UBER,2023-05-10T00:00:00.000000,1,50.44,BUY
UBER,2023-05-11T00:00:00.000000,1,50.44,BUY
UBER,2023-05-12T00:00:00.000000,1,50.44,BUY
UBER,2023-05-15T00:00:00.000000,1,50.44,BUY
UBER,2023-05-16T00:00:00.000000,1,50.44,BUY
UBER,2023-05-17T00:00:00.000000,1,50.44,BUY
UBER,2023-05-18T00:00:00.000000,1,50.44,BUY
UBER,2023-05-19T00:00:00.000000,1,50.44,BUY
UBER,2023-05-22T00:00:00.000000,1,50.44,BUY
UBER,2023-05-23T00:00:00.000000,1,50.69,BUY
UBER,2023-05-24T00:00:00.000000,1,50.44,BUY
UBER,2023-05-25T00:00:00.000000,1,50.44,BUY
UBER,2023-05-26T00:00:00.000000,1,48.73,BUY
UBER,2023-05-30T00:00:00.000000,1,48.73,BUY
UBER,2023-05-31T00:00:00.000000,1,48.73,BUY
UBER,2023-06-01T00:00:00.000000,1,48.73,BUY
UBER,2023-06-02T00:00:00.000000,1,48.73,BUY
UBER,2023-06-05T00:00:00.000000,0,48.73,SELL
UBER,2023-06-06T00:00:00.000000,0,46.09,SELL
UBER,2023-06-07T00:00:00.000000,0,42.94,SELL
UBER,2023-06-08T00:00:00.000000,0,42.94,SELL
UBER,2023-06-09T00:00:00.000000,0,39.62,SELL
UBER,2023-06-12T00:00:00.000000,0,39.62,SELL
UBER,2023-06-13T00:00:00.000000,0,39.62,SELL
UBER,2023-06-14T00:00:00.000000,0,39.62,SELL
UBER,2023-06-15T00:00:00.000000,0,39.62,SELL
UBER,2023-06-16T00:00:00.000000,0,42.94,SELL
UBER,2023-06-20T00:00:00.000000,0,42.94,SELL
UBER,2023-06-21T00:00:00.000000,0,42.94,SELL
UBER,2023-06-22T00:00:00.000000,0,42.94,SELL
UBER,2023-06-23T00:00:00.000000,0,42.94,SELL
UBER,2023-06-26T00:00:00.000000,0,46.09,SELL
UBER,2023-06-27T00:00:00.000000,0,46.09,SELL
UBER,2023-06-28T00:00:00.000000,0,48.73,SELL
UBER,2023-06-29T00:00:00.000000,0,48.73,SELL
UBER,2023-06-30T00:00:00.000000,0,48.73,SELL
UBER,2023-07-03T00:00:00.000000,0,48.73,SELL
UBER,2023-07-05T00:00:00.000000,0,46.09,SELL
UBER,2023-07-06T00:00:00.000000,0,46.09,SELL
UBER,2023-07-07T00:00:00.000000,0,46.09,SELL
UBER,2023-07-10T00:00:00.000000,0,48.73,SELL
UBER,2023-07-11T00:00:00.000000,0,48.73,SELL
UBER,2023-07-12T00:00:00.000000,0,48.73,SELL
UBER,2023-07-13T00:00:00.000000,0,46.09,SELL
UBER,2023-07-14T00:00:00.000000,0,46.09,SELL
UBER,2023-07-17T00:00:00.000000,0,42.94,SELL
UBER,2023-07-18T00:00:00.000000,0,42.94,SELL
UBER,2023-07-19T00:00:00.000000,0,42.94,SELL
UBER,2023-07-20T00:00:00.000000,0,42.94,SELL
UBER,2023-07-21T00:00:00.000000,0,42.94,SELL
UBER,2023-07-24T00:00:00.000000,0,42.94,SELL
UBER,2023-07-25T00:00:00.000000,0,42.94,SELL
UBER,2023-07-26T00:00:00.000000,0,42.94,SELL
UBER,2023-07-27T00:00:00.000000,0,42.94,SELL
UBER,2023-07-28T00:00:00.000000,0,42.94,SELL
UBER,2023-07-31T00:00:00.000000,0,42.94,SELL
UBER,2023-08-01T00:00:00.000000,0,42.94,SELL
UBER,2023-08-02T00:00:00.000000,0,42.94,SELL
UBER,2023-08-03T00:00:00.000000,0,42.94,SELL
UBER,2023-08-04T00:00:00.000000,0,46.09,SELL
UBER,2023-08-07T00:00:00.000000,0,42.94,SELL
UBER,2023-08-08T00:00:00.000000,0,42.94,SELL
UBER,2023-08-09T00:00:00.000000,0,42.94,SELL
UBER,2023-08-10T00:00:00.000000,0,46.09,SELL
UBER,2023-08-11T00:00:00.000000,0,46.09,SELL
UBER,2023-08-14T00:00:00.000000,0,48.73,SELL
UBER,2023-08-15T00:00:00.000000,1,48.73,BUY
UBER,2023-08-16T00:00:00.000000,1,48.73,BUY
UBER,2023-08-17T00:00:00.000000,1,48.73,BUY
UBER,2023-08-18T00:00:00.000000,1,48.73,BUY
UBER,2023-08-21T00:00:00.000000,1,48.73,BUY
UBER,2023-08-22T00:00:00.000000,1,50.44,BUY
UBER,2023-08-23T00:00:00.000000,1,50.44,BUY
UBER,2023-08-24T00:00:00.000000,1,50.44,BUY
UBER,2023-08-25T00:00:00.000000,1,50.44,BUY
UBER,2023-08-28T00:00:00.000000,1,50.44,BUY
UBER,2023-08-29T00:00:00.000000,1,50.44,BUY
UBER,2023-08-30T00:00:00.000000,1,48.73,BUY
UBER,2023-08-31T00:00:00.000000,1,48.73,BUY
UBER,2023-09-01T00:00:00.000000,0,48.73,SELL
UBER,2023-09-05T00:00:00.000000,0,46.09,SELL
UBER,2023-09-06T00:00:00.000000,0,46.09,SELL
UBER,2023-09-07T00:00:00.000000,0,46.09,SELL
UBER,2023-09-08T00:00:00.000000,0,46.09,SELL
UBER,2023-09-11T00:00:00.000000,0,46.09,SELL
UBER,2023-09-12T00:00:00.000000,0,46.09,SELL
UBER,2023-09-13T00:00:00.000000,0,46.09,SELL
UBER,2023-09-14T00:00:00.000000,0,46.09,SELL
UBER,2023-09-15T00:00:00.000000,0,48.73,SELL
UBER,2023-09-18T00:00:00.000000,0,48.73,SELL
UBER,2023-09-19T00:00:00.000000,0,48.73,SELL
UBER,2023-09-20T00:00:00.000000,0,48.73,SELL
UBER,2023-09-21T00:00:00.000000,0,48.73,SELL
UBER,2023-09-22T00:00:00.000000,0,48.73,SELL
UBER,2023-09-25T00:00:00.000000,1,48.73,BUY
UBER,2023-09-26T00:00:00.000000,1,48.73,BUY
UBER,2023-09-27T00:00:00.000000,1,48.73,BUY
UBER,2023-09-28T00:00:00.000000,1,50.44,BUY
UBER,2023-09-29T00:00:00.000000,1,50.44,BUY
UBER,2023-10-02T00:00:00.000000,1,50.69,BUY
UBER,2023-10-03T00:00:00.000000,1,50.69,BUY
UBER,2023-10-04T00:00:00.000000,1,50.69,BUY
UBER,2023-10-05T00:00:00.000000,1,50.69,BUY
UBER,2023-10-06T00:00:00.000000,1,50.69,BUY
UBER,2023-10-09T00:00:00.000000,1,50.69,BUY
UBER,2023-10-10T00:00:00.000000,1,50.44,BUY
UBER,2023-10-11T00:00:00.000000,1,50.44,BUY
UBER,2023-10-12T00:00:00.000000,1,50.44,BUY
UBER,2023-10-13T00:00:00.000000,1,48.73,BUY
UBER,2023-10-16T00:00:00.000000,1,48.73,BUY
UBER,2023-10-17T00:00:00.000000,0,46.09,SELL
UBER,2023-10-18T00:00:00.000000,0,46.09,SELL
UBER,2023-10-19T00:00:00.000000,0,46.09,SELL
UBER,2023-10-20T00:00:00.000000,0,48.73,SELL
UBER,2023-10-23T00:00:00.000000,1,48.73,BUY
UBER,2023-10-24T00:00:00.000000,1,48.73,BUY
UBER,2023-10-25T00:00:00.000000,1,50.44,BUY
UBER,2023-10-26T00:00:00.000000,1,50.44,BUY
UBER,2023-10-27T00:00:00.000000,1,50.44,BUY
UBER,2023-10-30T00:00:00.000000,1,50.69,BUY
UBER,2023-10-31T00:00:00.000000,1,50.69,BUY
UBER,2023-11-01T00:00:00.000000,1,50.69,BUY
UBER,2023-11-02T00:00:00.000000,1,50.69,BUY
UBER,2023-11-03T00:00:00.000000,1,50.69,BUY
UBER,2023-11-06T00:00:00.000000,1,50.69,BUY
UBER,2023-11-07T00:00:00.000000,1,50.44,BUY
UBER,2023-11-08T00:00:00.000000,1,50.44,BUY
UBER,2023-11-09T00:00:00.000000,1,50.44,BUY
UBER,2023-11-10T00:00:00.000000,1,48.73,BUY
UBER,2023-11-13T00:00:00.000000,1,48.73,BUY
UBER,2023-11-14T00:00:00.000000,1,48.73,BUY
UBER,2023-11-15T00:00:00.000000,0,48.73,SELL
UBER,2023-11-16T00:00:00.000000,0,48.73,SELL
UBER,2023-11-17T00:00:00.000000,0,48.73,SELL
UBER,2023-11-20T00:00:00.000000,0,48.73,SELL
UBER,2023-11-21T00:00:00.000000,1,48.73,BUY
UBER,2023-11-22T00:00:00.000000,1,48.73,BUY
UBER,2023-11-24T00:00:00.000000,1,48.73,BUY
UBER,2023-11-27T00:00:00.000000,1,48.73,BUY
UBER,2023-11-28T00:00:00.000000,0,48.73,SELL
UBER,2023-11-29T00:00:00.000000,0,48.73,SELL
UBER,2023-11-30T00:00:00.000000,0,48.73,SELL
UBER,2023-12-01T00:00:00.000000,0,48.73,SELL
UBER,2023-12-04T00:00:00.000000,0,48.73,SELL
UBER,2023-12-05T00:00:00.000000,0,48.73,SELL
UBER,2023-12-06T00:00:00.000000,0,48.73,SELL
UBER,2023-12-07T00:00:00.000000,0,48.73,SELL
UBER,2023-12-08T00:00:00.000000,0,48.73,SELL
UBER,2023-12-11T00:00:00.000000,0,48.73,SELL
UBER,2023-12-12T00:00:00.000000,0,46.09,SELL
UBER,2023-12-13T00:00:00.000000,0,46.09,SELL
UBER,2023-12-14T00:00:00.000000,0,46.09,SELL
UBER,2023-12-15T00:00:00.000000,0,46.09,SELL
UBER,2023-12-18T00:00:00.000000,0,42.94,SELL
UBER,2023-12-19T00:00:00.000000,0,42.94,SELL
UBER,2023-12-20T00:00:00.000000,0,42.94,SELL
UBER,2023-12-21T00:00:00.000000,0,42.94,SELL
UBER,2023-12-22T00:00:00.000000,0,42.94,SELL
UBER,2023-12-26T00:00:00.000000,0,39.62,SELL
UBER,2023-12-27T00:00:00.000000,0,39.62,SELL
UBER,2023-12-28T00:00:00.000000,0,39.62,SELL
UBER,2023-12-29T00:00:00.000000,0,39.62,SELL
UBER,2024-01-02T00:00:00.000000,0,39.62,SELL
UBER,2024-01-03T00:00:00.000000,0,39.62,SELL
UBER,2024-01-04T00:00:00.000000,0,39.62,SELL
UBER,2024-01-05T00:00:00.000000,0,39.62,SELL
UBER,2024-01-08T00:00:00.000000,0,39.62,SELL
UBER,2024-01-09T00:00:00.000000,0,39.62,SELL
UBER,2024-01-10T00:00:00.000000,0,39.62,SELL
UBER,2024-01-11T00:00:00.000000,0,39.62,SELL
UBER,2024-01-12T00:00:00.000000,0,39.62,SELL
UBER,2024-01-16T00:00:00.000000,0,39.62,SELL
UBER,2024-01-17T00:00:00.000000,0,39.62,SELL
UBER,2024-01-18T00:00:00.000000,0,42.94,SELL
UBER,2024-01-19T00:00:00.000000,0,42.94,SELL
UBER,2024-01-22T00:00:00.000000,0,42.94,SELL
UBER,2024-01-23T00:00:00.000000,0,42.94,SELL
UBER,2024-01-24T00:00:00.000000,0,42.94,SELL
UBER,2024-01-25T00:00:00.000000,0,42.94,SELL
UBER,2024-01-26T00:00:00.000000,0,42.94,SELL
UBER,2024-01-29T00:00:00.000000,0,42.94,SELL
UBER,2024-01-30T00:00:00.000000,0,42.94,SELL
UBER,2024-01-31T00:00:00.000000,0,46.09,SELL
UBER,2024-02-01T00:00:00.000000,0,48.73,SELL
UBER,2024-02-02T00:00:00.000000,0,48.73,SELL
UBER,2024-02-05T00:00:00.000000,0,48.73,SELL
UBER,2024-02-06T00:00:00.000000,0,48.73,SELL
UBER,2024-02-07T00:00:00.000000,1,48.73,BUY
UBER,2024-02-08T00:00:00.000000,1,48.73,BUY
UBER,2024-02-09T00:00:00.000000,1,48.73,BUY
UBER,2024-02-12T00:00:00.000000,1,50.44,BUY
UBER,2024-02-13T00:00:00.000000,1,50.44,BUY
UBER,2024-02-14T00:00:00.000000,1,50.44,BUY
UBER,2024-02-15T00:00:00.000000,1,50.44,BUY
UBER,2024-02-16T00:00:00.000000,1,50.44,BUY
UBER,2024-02-20T00:00:00.000000,1,50.44,BUY
UBER,2024-02-21T00:00:00.000000,1,50.44,BUY
UBER,2024-02-22T00:00:00.000000,1,50.44,BUY
UBER,2024-02-23T00:00:00.000000,1,48.73,BUY
UBER,2024-02-26T00:00:00.000000,1,48.73,BUY
UBER,2024-02-27T00:00:00.000000,1,48.73,BUY
UBER,2024-02-28T00:00:00.000000,1,48.73,BUY
UBER,2024-02-29T00:00:00.000000,1,48.73,BUY
UBER,2024-03-01T00:00:00.000000,1,48.73,BUY
UBER,2024-03-04T00:00:00.000000,0,48.73,SELL
UBER,2024-03-05T00:00:00.000000,0,46.09,SELL
UBER,2024-03-06T00:00:00.000000,0,46.09,SELL
UBER,2024-03-07T00:00:00.000000,0,46.09,SELL
UBER,2024-03-08T00:00:00.000000,0,42.94,SELL
UBER,2024-03-11T00:00:00.000000,0,42.94,SELL
UBER,2024-03-12T00:00:00.000000,0,42.94,SELL
UBER,2024-03-13T00:00:00.000000,0,42.94,SELL
UBER,2024-03-14T00:00:00.000000,0,42.94,SELL
UBER,2024-03-15T00:00:00.000000,0,42.94,SELL
UBER,2024-03-18T00:00:00.000000,0,42.94,SELL
UBER,2024-03-19T00:00:00.000000,0,42.94,SELL
UBER,2024-03-20T00:00:00.000000,0,39.62,SELL
UBER,2024-03-21T00:00:00.000000,0,39.62,SELL
UBER,2024-03-22T00:00:00.000000,0,39.62,SELL
UBER,2024-03-25T00:00:00.000000,0,39.62,SELL
UBER,2024-03-26T00:00:00.000000,0,42.94,SELL
UBER,2024-03-27T00:00:00.000000,0,42.94,SELL
UBER,2024-03-28T00:00:00.000000,0,39.62,SELL
UBER,2024-04-01T00:00:00.000000,0,39.62,SELL
UBER,2024-04-02T00:00:00.000000,0,39.62,SELL
UBER,2024-04-03T00:00:00.000000,0,39.62,SELL
UBER,2024-04-04T00:00:00.000000,0,42.94,SELL
UBER,2024-04-05T00:00:00.000000,0,42.94,SELL
UBER,2024-04-08T00:00:00.000000,0,42.94,SELL
UBER,2024-04-09T00:00:00.000000,0,42.94,SELL
UBER,2024-04-10T00:00:00.000000,0,42.94,SELL
UBER,2024-04-11T00:00:00.000000,0,42.94,SELL
UBER,2024-04-12T00:00:00.000000,0,42.94,SELL
UBER,2024-04-15T00:00:00.000000,0,46.09,SELL
UBER,2024-04-16T00:00:00.000000,0,48.73,SELL
UBER,2024-04-17T00:00:00.000000,0,48.73,SELL
UBER,2024-04-18T00:00:00.000000,1,48.73,BUY
UBER,2024-04-19T00:00:00.000000,1,48.73,BUY
UBER,2024-04-22T00:00:00.000000,1,48.73,BUY
UBER,2024-04-23T00:00:00.000000,1,48.73,BUY
UBER,2024-04-24T00:00:00.000000,1,48.73,BUY
UBER,2024-04-25T00:00:00.000000,1,50.44,BUY
UBER,2024-04-26T00:00:00.000000,1,50.44,BUY
UBER,2024-04-29T00:00:00.000000,1,50.44,BUY
UBER,2024-04-30T00:00:00.000000,0,46.09,SELL
UBER,2024-05-01T00:00:00.000000,0,39.62,SELL
UBER,2024-05-02T00:00:00.000000,0,39.62,SELL
UBER,2024-05-03T00:00:00.000000,0,39.62,SELL
UBER,2024-05-06T00:00:00.000000,0,39.62,SELL
UBER,2024-05-07T00:00:00.000000,0,40.0,SELL
UBER,2024-05-08T00:00:00.000000,0,42.94,SELL
UBER,2024-05-09T00:00:00.000000,0,42.94,SELL
UBER,2024-05-10T00:00:00.000000,0,39.62,SELL
UBER,2024-05-13T00:00:00.000000,0,39.62,SELL
UBER,2024-05-14T00:00:00.000000,0,39.62,SELL
UBER,2024-05-15T00:00:00.000000,0,42.94,SELL
UBER,2024-05-16T00:00:00.000000,0,42.94,SELL
UBER,2024-05-17T00:00:00.000000,0,48.73,SELL
UBER,2024-05-20T00:00:00.000000,0,46.09,SELL
UBER,2024-05-21T00:00:00.000000,0,46.09,SELL
UBER,2024-05-22T00:00:00.000000,0,42.94,SELL
UBER,2024-05-23T00:00:00.000000,0,46.09,SELL
UBER,2024-05-24T00:00:00.000000,0,46.09,SELL
UBER,2024-05-28T00:00:00.000000,0,46.09,SELL
UBER,2024-05-29T00:00:00.000000,0,48.73,SELL
UBER,2024-05-30T00:00:00.000000,1,48.73,BUY
UBER,2024-05-31T00:00:00.000000,1,48.73,BUY
UBER,2024-06-03T00:00:00.000000,1,48.73,BUY
UBER,2024-06-04T00:00:00.000000,1,48.73,BUY
UBER,2024-06-05T00:00:00.000000,1,48.73,BUY
UBER,2024-06-06T00:00:00.000000,1,48.73,BUY
UBER,2024-06-07T00:00:00.000000,0,48.73,SELL
UBER,2024-06-10T00:00:00.000000,1,48.73,BUY
UBER,2024-06-11T00:00:00.000000,1,48.73,BUY
UBER,2024-06-12T00:00:00.000000,0,48.73,SELL
UBER,2024-06-13T00:00:00.000000,0,48.73,SELL
UBER,2024-06-14T00:00:00.000000,1,48.73,BUY
UBER,2024-06-17T00:00:00.000000,1,48.73,BUY
UBER,2024-06-18T00:00:00.000000,1,48.73,BUY
UBER,2024-06-20T00:00:00.000000,1,48.73,BUY
UBER,2024-06-21T00:00:00.000000,1,48.73,BUY
UBER,2024-06-24T00:00:00.000000,1,50.0,BUY
UBER,2024-06-25T00:00:00.000000,1,50.44,BUY
UBER,2024-06-26T00:00:00.000000,1,50.44,BUY
UBER,2024-06-27T00:00:00.000000,1,50.44,BUY
UBER,2024-06-28T00:00:00.000000,1,50.44,BUY
UBER,2024-07-01T00:00:00.000000,1,50.44,BUY
UBER,2024-07-02T00:00:00.000000,1,50.44,BUY
UBER,2024-07-03T00:00:00.000000,1,50.44,BUY
UBER,2024-07-05T00:00:00.000000,1,50.44,BUY
UBER,2024-07-08T00:00:00.000000,1,50.69,BUY
UBER,2024-07-09T00:00:00.000000,1,50.69,BUY
UBER,2024-07-10T00:00:00.000000,1,50.69,BUY
UBER,2024-07-11T00:00:00.000000,1,50.69,BUY
UBER,2024-07-12T00:00:00.000000,1,48.73,BUY
UBER,2024-07-15T00:00:00.000000,0,46.09,SELL
UBER,2024-07-16T00:00:00.000000,0,46.09,SELL
UBER,2024-07-17T00:00:00.000000,0,42.94,SELL
UBER,2024-07-18T00:00:00.000000,0,42.94,SELL
UBER,2024-07-19T00:00:00.000000,0,42.94,SELL
UBER,2024-07-22T00:00:00.000000,0,42.94,SELL
UBER,2024-07-23T00:00:00.000000,0,46.09,SELL
UBER,2024-07-24T00:00:00.000000,0,46.09,SELL
UBER,2024-07-25T00:00:00.000000,1,48.73,BUY
UBER,2024-07-26T00:00:00.000000,1,48.73,BUY
UBER,2024-07-29T00:00:00.000000,0,48.73,SELL
UBER,2024-07-30T00:00:00.000000,0,48.73,SELL
UBER,2024-07-31T00:00:00.000000,0,48.73,SELL
UBER,2024-08-01T00:00:00.000000,0,46.09,SELL
UBER,2024-08-02T00:00:00.000000,0,48.73,SELL
UBER,2024-08-05T00:00:00.000000,0,42.94,SELL
UBER,2024-08-06T00:00:00.000000,0,39.62,SELL
UBER,2024-08-07T00:00:00.000000,0,39.62,SELL
UBER,2024-08-08T00:00:00.000000,0,40.0,SELL
UBER,2024-08-09T00:00:00.000000,0,42.94,SELL
UBER,2024-08-12T00:00:00.000000,0,48.73,SELL
UBER,2024-08-13T00:00:00.000000,0,46.09,SELL
UBER,2024-08-14T00:00:00.000000,0,46.09,SELL
UBER,2024-08-15T00:00:00.000000,0,46.09,SELL
UBER,2024-08-16T00:00:00.000000,0,46.09,SELL
UBER,2024-08-19T00:00:00.000000,0,48.73,SELL
UBER,2024-08-20T00:00:00.000000,1,48.73,BUY
UBER,2024-08-21T00:00:00.000000,1,48.73,BUY
UBER,2024-08-22T00:00:00.000000,1,48.73,BUY
UBER,2024-08-23T00:00:00.000000,1,48.73,BUY
UBER,2024-08-26T00:00:00.000000,0,48.73,SELL
UBER,2024-08-27T00:00:00.000000,0,46.09,SELL
UBER,2024-08-28T00:00:00.000000,0,48.73,SELL
UBER,2024-08-29T00:00:00.000000,0,48.73,SELL
UBER,2024-08-30T00:00:00.000000,0,48.73,SELL
UBER,2024-09-03T00:00:00.000000,0,46.09,SELL
UBER,2024-09-04T00:00:00.000000,0,48.73,SELL
UBER,2024-09-05T00:00:00.000000,0,48.73,SELL
UBER,2024-09-06T00:00:00.000000,1,48.73,BUY
UBER,2024-09-09T00:00:00.000000,1,48.73,BUY
UBER,2024-09-10T00:00:00.000000,1,50.44,BUY
UBER,2024-09-11T00:00:00.000000,1,50.44,BUY
UBER,2024-09-12T00:00:00.000000,1,50.44,BUY
UBER,2024-09-13T00:00:00.000000,1,50.44,BUY
UBER,2024-09-16T00:00:00.000000,1,50.44,BUY
UBER,2024-09-17T00:00:00.000000,1,50.44,BUY
UBER,2024-09-18T00:00:00.000000,1,50.44,BUY
UBER,2024-09-19T00:00:00.000000,1,48.73,BUY
UBER,2024-09-20T00:00:00.000000,0,46.09,SELL
UBER,2024-09-23T00:00:00.000000,0,42.94,SELL
UBER,2024-09-24T00:00:00.000000,0,42.94,SELL
UBER,2024-09-25T00:00:00.000000,0,42.94,SELL
UBER,2024-09-26T00:00:00.000000,0,42.94,SELL
UBER,2024-09-27T00:00:00.000000,0,42.94,SELL
UBER,2024-09-30T00:00:00.000000,0,42.94,SELL
UBER,2024-10-01T00:00:00.000000,0,42.94,SELL
UBER,2024-10-02T00:00:00.000000,0,42.94,SELL
UBER,2024-10-03T00:00:00.000000,0,42.94,SELL
UBER,2024-10-04T00:00:00.000000,0,42.94,SELL
UBER,2024-10-07T00:00:00.000000,0,42.94,SELL
UBER,2024-10-08T00:00:00.000000,0,42.94,SELL
UBER,2024-10-09T00:00:00.000000,0,42.94,SELL
UBER,2024-10-10T00:00:00.000000,0,42.94,SELL
UBER,2024-10-11T00:00:00.000000,0,42.94,SELL
UBER,2024-10-14T00:00:00.000000,0,42.94,SELL
UBER,2024-10-15T00:00:00.000000,0,42.94,SELL
UBER,2024-10-16T00:00:00.000000,0,42.94,SELL
UBER,2024-10-17T00:00:00.000000,0,46.09,SELL
UBER,2024-10-18T00:00:00.000000,0,46.09,SELL
UBER,2024-10-21T00:00:00.000000,0,46.09,SELL
UBER,2024-10-22T00:00:00.000000,0,46.09,SELL
UBER,2024-10-23T00:00:00.000000,0,46.09,SELL
UBER,2024-10-24T00:00:00.000000,0,48.73,SELL
UBER,2024-10-25T00:00:00.000000,0,48.73,SELL
UBER,2024-10-28T00:00:00.000000,0,48.73,SELL
UBER,2024-10-29T00:00:00.000000,0,48.73,SELL
UBER,2024-10-30T00:00:00.000000,0,48.73,SELL
UBER,2024-10-31T00:00:00.000000,1,48.73,BUY
UBER,2024-11-01T00:00:00.000000,1,48.73,BUY
UBER,2024-11-04T00:00:00.000000,1,48.73,BUY
UBER,2024-11-05T00:00:00.000000,1,48.73,BUY
UBER,2024-11-06T00:00:00.000000,1,48.73,BUY
UBER,2024-11-07T00:00:00.000000,1,50.44,BUY
UBER,2024-11-08T00:00:00.000000,1,50.44,BUY
UBER,2024-11-11T00:00:00.000000,1,48.73,BUY
UBER,2024-11-12T00:00:00.000000,1,48.73,BUY
UBER,2024-11-13T00:00:00.000000,0,46.09,SELL
UBER,2024-11-14T00:00:00.000000,0,42.94,SELL
UBER,2024-11-15T00:00:00.000000,0,42.94,SELL
UBER,2024-11-18T00:00:00.000000,0,42.94,SELL
UBER,2024-11-19T00:00:00.000000,0,39.62,SELL
UBER,2024-11-20T00:00:00.000000,0,39.62,SELL
UBER,2024-11-21T00:00:00.000000,0,39.62,SELL
UBER,2024-11-22T00:00:00.000000,0,39.62,SELL
UBER,2024-11-25T00:00:00.000000,0,39.62,SELL
UBER,2024-11-26T00:00:00.000000,0,39.62,SELL
UBER,2024-11-27T00:00:00.000000,0,42.94,SELL
UBER,2024-11-29T00:00:00.000000,0,46.09,SELL
UBER,2024-12-02T00:00:00.000000,0,46.09,SELL
UBER,2024-12-03T00:00:00.000000,0,42.94,SELL
UBER,2024-12-04T00:00:00.000000,0,42.94,SELL
UBER,2024-12-05T00:00:00.000000,0,42.94,SELL
UBER,2024-12-06T00:00:00.000000,0,42.94,SELL
UBER,2024-12-09T00:00:00.000000,0,42.94,SELL
UBER,2024-12-10T00:00:00.000000,0,42.94,SELL
UBER,2024-12-11T00:00:00.000000,0,46.09,SELL
UBER,2024-12-12T00:00:00.000000,0,46.09,SELL
UBER,2024-12-13T00:00:00.000000,0,42.94,SELL
UBER,2024-12-16T00:00:00.000000,0,42.94,SELL
UBER,2024-12-17T00:00:00.000000,0,42.94,SELL
UBER,2024-12-18T00:00:00.000000,0,39.62,SELL
UBER,2024-12-19T00:00:00.000000,0,39.62,SELL
UBER,2024-12-20T00:00:00.000000,0,39.62,SELL
UNH,2023-02-21T00:00:00.000000,0,48.73,SELL
UNH,2023-02-22T00:00:00.000000,1,48.73,BUY
UNH,2023-02-23T00:00:00.000000,1,50.44,BUY
UNH,2023-02-24T00:00:00.000000,1,50.44,BUY
UNH,2023-02-27T00:00:00.000000,1,50.44,BUY
UNH,2023-02-28T00:00:00.000000,1,50.44,BUY
UNH,2023-03-01T00:00:00.000000,1,50.69,BUY
UNH,2023-03-02T00:00:00.000000,1,50.69,BUY
UNH,2023-03-03T00:00:00.000000,1,50.69,BUY
UNH,2023-03-06T00:00:00.000000,1,50.69,BUY
UNH,2023-03-07T00:00:00.000000,1,50.69,BUY
UNH,2023-03-08T00:00:00.000000,1,50.69,BUY
UNH,2023-03-09T00:00:00.000000,1,50.69,BUY
UNH,2023-03-10T00:00:00.000000,1,50.69,BUY
UNH,2023-03-13T00:00:00.000000,1,50.69,BUY
UNH,2023-03-14T00:00:00.000000,1,50.69,BUY
UNH,2023-03-15T00:00:00.000000,1,50.69,BUY
UNH,2023-03-16T00:00:00.000000,1,50.69,BUY
UNH,2023-03-17T00:00:00.000000,1,50.69,BUY
UNH,2023-03-20T00:00:00.000000,1,50.69,BUY
UNH,2023-03-21T00:00:00.000000,1,50.69,BUY
UNH,2023-03-22T00:00:00.000000,1,50.69,BUY
UNH,2023-03-23T00:00:00.000000,1,50.69,BUY
UNH,2023-03-24T00:00:00.000000,1,50.44,BUY
UNH,2023-03-27T00:00:00.000000,1,50.44,BUY
UNH,2023-03-28T00:00:00.000000,1,48.73,BUY
UNH,2023-03-29T00:00:00.000000,1,48.73,BUY
UNH,2023-03-30T00:00:00.000000,1,48.73,BUY
UNH,2023-03-31T00:00:00.000000,1,50.44,BUY
UNH,2023-04-03T00:00:00.000000,1,50.44,BUY
UNH,2023-04-04T00:00:00.000000,1,50.44,BUY
UNH,2023-04-05T00:00:00.000000,1,50.44,BUY
UNH,2023-04-06T00:00:00.000000,1,50.44,BUY
UNH,2023-04-10T00:00:00.000000,1,50.44,BUY
UNH,2023-04-11T00:00:00.000000,1,48.73,BUY
UNH,2023-04-12T00:00:00.000000,1,48.73,BUY
UNH,2023-04-13T00:00:00.000000,1,48.73,BUY
UNH,2023-04-14T00:00:00.000000,1,48.73,BUY
UNH,2023-04-17T00:00:00.000000,1,48.73,BUY
UNH,2023-04-18T00:00:00.000000,0,48.73,SELL
UNH,2023-04-19T00:00:00.000000,0,48.73,SELL
UNH,2023-04-20T00:00:00.000000,0,48.73,SELL
UNH,2023-04-21T00:00:00.000000,0,48.73,SELL
UNH,2023-04-24T00:00:00.000000,0,48.73,SELL
UNH,2023-04-25T00:00:00.000000,1,48.73,BUY
UNH,2023-04-26T00:00:00.000000,1,48.73,BUY
UNH,2023-04-27T00:00:00.000000,1,48.73,BUY
UNH,2023-04-28T00:00:00.000000,1,48.73,BUY
UNH,2023-05-01T00:00:00.000000,1,48.73,BUY
UNH,2023-05-02T00:00:00.000000,1,48.73,BUY
UNH,2023-05-03T00:00:00.000000,1,48.73,BUY
UNH,2023-05-04T00:00:00.000000,1,50.44,BUY
UNH,2023-05-05T00:00:00.000000,1,50.44,BUY
UNH,2023-05-08T00:00:00.000000,1,50.44,BUY
UNH,2023-05-09T00:00:00.000000,1,50.69,BUY
UNH,2023-05-10T00:00:00.000000,1,50.44,BUY
UNH,2023-05-11T00:00:00.000000,1,50.44,BUY
UNH,2023-05-12T00:00:00.000000,1,50.44,BUY
UNH,2023-05-15T00:00:00.000000,1,50.44,BUY
UNH,2023-05-16T00:00:00.000000,1,50.44,BUY
UNH,2023-05-17T00:00:00.000000,1,50.44,BUY
UNH,2023-05-18T00:00:00.000000,1,50.44,BUY
UNH,2023-05-19T00:00:00.000000,1,50.44,BUY
UNH,2023-05-22T00:00:00.000000,1,50.44,BUY
UNH,2023-05-23T00:00:00.000000,1,50.44,BUY
UNH,2023-05-24T00:00:00.000000,1,50.44,BUY
UNH,2023-05-25T00:00:00.000000,1,50.69,BUY
UNH,2023-05-26T00:00:00.000000,1,50.69,BUY
UNH,2023-05-30T00:00:00.000000,1,50.69,BUY
UNH,2023-05-31T00:00:00.000000,1,50.44,BUY
UNH,2023-06-01T00:00:00.000000,1,50.69,BUY
UNH,2023-06-02T00:00:00.000000,1,50.69,BUY
UNH,2023-06-05T00:00:00.000000,1,50.69,BUY
UNH,2023-06-06T00:00:00.000000,1,50.69,BUY
UNH,2023-06-07T00:00:00.000000,1,50.69,BUY
UNH,2023-06-08T00:00:00.000000,1,50.44,BUY
UNH,2023-06-09T00:00:00.000000,1,48.73,BUY
UNH,2023-06-12T00:00:00.000000,1,48.73,BUY
UNH,2023-06-13T00:00:00.000000,1,48.73,BUY
UNH,2023-06-14T00:00:00.000000,1,48.73,BUY
UNH,2023-06-15T00:00:00.000000,1,50.44,BUY
UNH,2023-06-16T00:00:00.000000,1,50.44,BUY
UNH,2023-06-20T00:00:00.000000,1,48.73,BUY
UNH,2023-06-21T00:00:00.000000,1,50.44,BUY
UNH,2023-06-22T00:00:00.000000,1,50.69,BUY
UNH,2023-06-23T00:00:00.000000,1,50.69,BUY
UNH,2023-06-26T00:00:00.000000,1,50.69,BUY
UNH,2023-06-27T00:00:00.000000,1,50.44,BUY
UNH,2023-06-28T00:00:00.000000,1,50.44,BUY
UNH,2023-06-29T00:00:00.000000,1,48.73,BUY
UNH,2023-06-30T00:00:00.000000,1,50.44,BUY
UNH,2023-07-03T00:00:00.000000,1,50.44,BUY
UNH,2023-07-05T00:00:00.000000,1,50.44,BUY
UNH,2023-07-06T00:00:00.000000,1,50.69,BUY
UNH,2023-07-07T00:00:00.000000,1,50.69,BUY
UNH,2023-07-10T00:00:00.000000,1,50.69,BUY
UNH,2023-07-11T00:00:00.000000,1,50.69,BUY
UNH,2023-07-12T00:00:00.000000,1,50.69,BUY
UNH,2023-07-13T00:00:00.000000,1,50.69,BUY
UNH,2023-07-14T00:00:00.000000,1,50.69,BUY
UNH,2023-07-17T00:00:00.000000,1,50.44,BUY
UNH,2023-07-18T00:00:00.000000,1,50.44,BUY
UNH,2023-07-19T00:00:00.000000,1,50.44,BUY
UNH,2023-07-20T00:00:00.000000,1,50.44,BUY
UNH,2023-07-21T00:00:00.000000,1,48.73,BUY
UNH,2023-07-24T00:00:00.000000,1,48.73,BUY
UNH,2023-07-25T00:00:00.000000,0,48.73,SELL
UNH,2023-07-26T00:00:00.000000,0,46.09,SELL
UNH,2023-07-27T00:00:00.000000,0,46.09,SELL
UNH,2023-07-28T00:00:00.000000,0,46.09,SELL
UNH,2023-07-31T00:00:00.000000,0,46.09,SELL
UNH,2023-08-01T00:00:00.000000,0,46.09,SELL
UNH,2023-08-02T00:00:00.000000,0,46.09,SELL
UNH,2023-08-03T00:00:00.000000,0,46.09,SELL
UNH,2023-08-04T00:00:00.000000,0,46.09,SELL
UNH,2023-08-07T00:00:00.000000,0,48.73,SELL
UNH,2023-08-08T00:00:00.000000,0,48.73,SELL
UNH,2023-08-09T00:00:00.000000,0,48.73,SELL
UNH,2023-08-10T00:00:00.000000,0,48.73,SELL
UNH,2023-08-11T00:00:00.000000,1,48.73,BUY
UNH,2023-08-14T00:00:00.000000,1,48.73,BUY
UNH,2023-08-15T00:00:00.000000,1,48.73,BUY
UNH,2023-08-16T00:00:00.000000,1,48.73,BUY
UNH,2023-08-17T00:00:00.000000,1,50.44,BUY
UNH,2023-08-18T00:00:00.000000,1,50.44,BUY
UNH,2023-08-21T00:00:00.000000,1,50.44,BUY
UNH,2023-08-22T00:00:00.000000,1,50.44,BUY
UNH,2023-08-23T00:00:00.000000,1,50.44,BUY
UNH,2023-08-24T00:00:00.000000,1,50.69,BUY
UNH,2023-08-25T00:00:00.000000,1,50.69,BUY
UNH,2023-08-28T00:00:00.000000,1,50.69,BUY
UNH,2023-08-29T00:00:00.000000,1,50.69,BUY
UNH,2023-08-30T00:00:00.000000,1,50.44,BUY
UNH,2023-08-31T00:00:00.000000,1,50.44,BUY
UNH,2023-09-01T00:00:00.000000,1,50.44,BUY
UNH,2023-09-05T00:00:00.000000,1,48.73,BUY
UNH,2023-09-06T00:00:00.000000,1,48.73,BUY
UNH,2023-09-07T00:00:00.000000,1,48.73,BUY
UNH,2023-09-08T00:00:00.000000,1,48.73,BUY
UNH,2023-09-11T00:00:00.000000,1,48.73,BUY
UNH,2023-09-12T00:00:00.000000,1,48.73,BUY
UNH,2023-09-13T00:00:00.000000,1,48.73,BUY
UNH,2023-09-14T00:00:00.000000,1,48.73,BUY
UNH,2023-09-15T00:00:00.000000,1,48.73,BUY
UNH,2023-09-18T00:00:00.000000,1,48.73,BUY
UNH,2023-09-19T00:00:00.000000,1,48.73,BUY
UNH,2023-09-20T00:00:00.000000,1,48.73,BUY
UNH,2023-09-21T00:00:00.000000,1,48.73,BUY
UNH,2023-09-22T00:00:00.000000,1,50.44,BUY
UNH,2023-09-25T00:00:00.000000,1,50.44,BUY
UNH,2023-09-26T00:00:00.000000,1,50.44,BUY
UNH,2023-09-27T00:00:00.000000,1,50.44,BUY
UNH,2023-09-28T00:00:00.000000,1,50.69,BUY
UNH,2023-09-29T00:00:00.000000,1,50.69,BUY
UNH,2023-10-02T00:00:00.000000,1,50.69,BUY
UNH,2023-10-03T00:00:00.000000,1,50.69,BUY
UNH,2023-10-04T00:00:00.000000,1,50.69,BUY
UNH,2023-10-05T00:00:00.000000,1,50.69,BUY
UNH,2023-10-06T00:00:00.000000,1,50.69,BUY
UNH,2023-10-09T00:00:00.000000,1,50.69,BUY
UNH,2023-10-10T00:00:00.000000,1,50.69,BUY
UNH,2023-10-11T00:00:00.000000,1,50.44,BUY
UNH,2023-10-12T00:00:00.000000,1,50.44,BUY
UNH,2023-10-13T00:00:00.000000,1,50.44,BUY
UNH,2023-10-16T00:00:00.000000,1,50.44,BUY
UNH,2023-10-17T00:00:00.000000,1,50.44,BUY
UNH,2023-10-18T00:00:00.000000,1,50.44,BUY
UNH,2023-10-19T00:00:00.000000,1,50.44,BUY
UNH,2023-10-20T00:00:00.000000,1,50.44,BUY
UNH,2023-10-23T00:00:00.000000,1,50.44,BUY
UNH,2023-10-24T00:00:00.000000,1,50.44,BUY
UNH,2023-10-25T00:00:00.000000,1,50.44,BUY
UNH,2023-10-26T00:00:00.000000,1,50.44,BUY
UNH,2023-10-27T00:00:00.000000,1,50.44,BUY
UNH,2023-10-30T00:00:00.000000,1,50.44,BUY
UNH,2023-10-31T00:00:00.000000,1,50.44,BUY
UNH,2023-11-01T00:00:00.000000,1,50.44,BUY
UNH,2023-11-02T00:00:00.000000,1,50.44,BUY
UNH,2023-11-03T00:00:00.000000,1,50.44,BUY
UNH,2023-11-06T00:00:00.000000,1,50.44,BUY
UNH,2023-11-07T00:00:00.000000,1,50.44,BUY
UNH,2023-11-08T00:00:00.000000,1,50.44,BUY
UNH,2023-11-09T00:00:00.000000,1,48.73,BUY
UNH,2023-11-10T00:00:00.000000,1,48.73,BUY
UNH,2023-11-13T00:00:00.000000,1,48.73,BUY
UNH,2023-11-14T00:00:00.000000,1,48.73,BUY
UNH,2023-11-15T00:00:00.000000,0,48.73,SELL
UNH,2023-11-16T00:00:00.000000,0,46.09,SELL
UNH,2023-11-17T00:00:00.000000,0,46.09,SELL
UNH,2023-11-20T00:00:00.000000,0,48.73,SELL
UNH,2023-11-21T00:00:00.000000,0,48.73,SELL
UNH,2023-11-22T00:00:00.000000,1,48.73,BUY
UNH,2023-11-24T00:00:00.000000,1,50.44,BUY
UNH,2023-11-27T00:00:00.000000,1,50.44,BUY
UNH,2023-11-28T00:00:00.000000,1,50.44,BUY
UNH,2023-11-29T00:00:00.000000,1,50.44,BUY
UNH,2023-11-30T00:00:00.000000,1,50.44,BUY
UNH,2023-12-01T00:00:00.000000,1,48.73,BUY
UNH,2023-12-04T00:00:00.000000,1,48.73,BUY
UNH,2023-12-05T00:00:00.000000,1,50.44,BUY
UNH,2023-12-06T00:00:00.000000,1,50.44,BUY
UNH,2023-12-07T00:00:00.000000,1,50.69,BUY
UNH,2023-12-08T00:00:00.000000,1,50.69,BUY
UNH,2023-12-11T00:00:00.000000,1,50.69,BUY
UNH,2023-12-12T00:00:00.000000,1,50.44,BUY
UNH,2023-12-13T00:00:00.000000,1,50.44,BUY
UNH,2023-12-14T00:00:00.000000,1,50.44,BUY
UNH,2023-12-15T00:00:00.000000,1,48.73,BUY
UNH,2023-12-18T00:00:00.000000,1,50.44,BUY
UNH,2023-12-19T00:00:00.000000,1,50.69,BUY
UNH,2023-12-20T00:00:00.000000,1,50.69,BUY
UNH,2023-12-21T00:00:00.000000,1,50.69,BUY
UNH,2023-12-22T00:00:00.000000,1,50.44,BUY
UNH,2023-12-26T00:00:00.000000,1,48.73,BUY
UNH,2023-12-27T00:00:00.000000,1,48.73,BUY
UNH,2023-12-28T00:00:00.000000,0,48.73,SELL
UNH,2023-12-29T00:00:00.000000,0,48.73,SELL
UNH,2024-01-02T00:00:00.000000,1,48.73,BUY
UNH,2024-01-03T00:00:00.000000,1,48.73,BUY
UNH,2024-01-04T00:00:00.000000,1,48.73,BUY
UNH,2024-01-05T00:00:00.000000,1,48.73,BUY
UNH,2024-01-08T00:00:00.000000,1,50.44,BUY
UNH,2024-01-09T00:00:00.000000,1,50.44,BUY
UNH,2024-01-10T00:00:00.000000,1,50.44,BUY
UNH,2024-01-11T00:00:00.000000,1,50.44,BUY
UNH,2024-01-12T00:00:00.000000,1,50.44,BUY
UNH,2024-01-16T00:00:00.000000,1,50.44,BUY
UNH,2024-01-17T00:00:00.000000,1,50.69,BUY
UNH,2024-01-18T00:00:00.000000,1,50.69,BUY
UNH,2024-01-19T00:00:00.000000,1,50.69,BUY
UNH,2024-01-22T00:00:00.000000,1,50.69,BUY
UNH,2024-01-23T00:00:00.000000,1,50.69,BUY
UNH,2024-01-24T00:00:00.000000,1,50.69,BUY
UNH,2024-01-25T00:00:00.000000,1,50.69,BUY
UNH,2024-01-26T00:00:00.000000,1,50.69,BUY
UNH,2024-01-29T00:00:00.000000,1,50.69,BUY
UNH,2024-01-30T00:00:00.000000,1,50.69,BUY
UNH,2024-01-31T00:00:00.000000,1,50.69,BUY
UNH,2024-02-01T00:00:00.000000,1,50.69,BUY
UNH,2024-02-02T00:00:00.000000,1,50.69,BUY
UNH,2024-02-05T00:00:00.000000,1,50.69,BUY
UNH,2024-02-06T00:00:00.000000,1,50.69,BUY
UNH,2024-02-07T00:00:00.000000,1,50.69,BUY
UNH,2024-02-08T00:00:00.000000,1,50.69,BUY
UNH,2024-02-09T00:00:00.000000,1,50.69,BUY
UNH,2024-02-12T00:00:00.000000,1,58.57,BUY
UNH,2024-02-13T00:00:00.000000,1,58.57,BUY
UNH,2024-02-14T00:00:00.000000,1,58.57,BUY
UNH,2024-02-15T00:00:00.000000,1,58.57,BUY
UNH,2024-02-16T00:00:00.000000,1,58.57,BUY
UNH,2024-02-20T00:00:00.000000,1,58.57,BUY
UNH,2024-02-21T00:00:00.000000,1,58.57,BUY
UNH,2024-02-22T00:00:00.000000,1,58.57,BUY
UNH,2024-02-23T00:00:00.000000,1,50.69,BUY
UNH,2024-02-26T00:00:00.000000,1,50.69,BUY
UNH,2024-02-27T00:00:00.000000,1,50.69,BUY
UNH,2024-02-28T00:00:00.000000,1,50.69,BUY
UNH,2024-02-29T00:00:00.000000,1,50.69,BUY
UNH,2024-03-01T00:00:00.000000,1,50.69,BUY
UNH,2024-03-04T00:00:00.000000,1,50.69,BUY
UNH,2024-03-05T00:00:00.000000,1,50.69,BUY
UNH,2024-03-06T00:00:00.000000,1,50.69,BUY
UNH,2024-03-07T00:00:00.000000,1,50.69,BUY
UNH,2024-03-08T00:00:00.000000,1,50.69,BUY
UNH,2024-03-11T00:00:00.000000,1,50.69,BUY
UNH,2024-03-12T00:00:00.000000,1,50.69,BUY
UNH,2024-03-13T00:00:00.000000,1,50.69,BUY
UNH,2024-03-14T00:00:00.000000,1,50.44,BUY
UNH,2024-03-15T00:00:00.000000,1,48.73,BUY
UNH,2024-03-18T00:00:00.000000,1,48.73,BUY
UNH,2024-03-19T00:00:00.000000,1,48.73,BUY
UNH,2024-03-20T00:00:00.000000,1,48.73,BUY
UNH,2024-03-21T00:00:00.000000,1,48.73,BUY
UNH,2024-03-22T00:00:00.000000,1,50.44,BUY
UNH,2024-03-25T00:00:00.000000,1,50.44,BUY
UNH,2024-03-26T00:00:00.000000,1,50.44,BUY
UNH,2024-03-27T00:00:00.000000,1,50.44,BUY
UNH,2024-03-28T00:00:00.000000,1,50.44,BUY
UNH,2024-04-01T00:00:00.000000,1,50.44,BUY
UNH,2024-04-02T00:00:00.000000,1,50.44,BUY
UNH,2024-04-03T00:00:00.000000,1,50.44,BUY
UNH,2024-04-04T00:00:00.000000,1,50.44,BUY
UNH,2024-04-05T00:00:00.000000,1,50.44,BUY
UNH,2024-04-08T00:00:00.000000,1,50.44,BUY
UNH,2024-04-09T00:00:00.000000,1,50.44,BUY
UNH,2024-04-10T00:00:00.000000,1,50.69,BUY
UNH,2024-04-11T00:00:00.000000,1,50.69,BUY
UNH,2024-04-12T00:00:00.000000,1,50.69,BUY
UNH,2024-04-15T00:00:00.000000,1,50.69,BUY
UNH,2024-04-16T00:00:00.000000,1,50.69,BUY
UNH,2024-04-17T00:00:00.000000,1,50.69,BUY
UNH,2024-04-18T00:00:00.000000,1,50.69,BUY
UNH,2024-04-19T00:00:00.000000,1,50.69,BUY
UNH,2024-04-22T00:00:00.000000,1,50.69,BUY
UNH,2024-04-23T00:00:00.000000,1,50.69,BUY
UNH,2024-04-24T00:00:00.000000,1,50.69,BUY
UNH,2024-04-25T00:00:00.000000,1,50.44,BUY
UNH,2024-04-26T00:00:00.000000,1,50.44,BUY
UNH,2024-04-29T00:00:00.000000,1,50.44,BUY
UNH,2024-04-30T00:00:00.000000,1,50.44,BUY
UNH,2024-05-01T00:00:00.000000,1,50.44,BUY
UNH,2024-05-02T00:00:00.000000,1,50.44,BUY
UNH,2024-05-03T00:00:00.000000,1,48.73,BUY
UNH,2024-05-06T00:00:00.000000,1,48.73,BUY
UNH,2024-05-07T00:00:00.000000,1,48.73,BUY
UNH,2024-05-08T00:00:00.000000,0,48.73,SELL
UNH,2024-05-09T00:00:00.000000,0,46.09,SELL
UNH,2024-05-10T00:00:00.000000,0,46.09,SELL
UNH,2024-05-13T00:00:00.000000,0,46.09,SELL
UNH,2024-05-14T00:00:00.000000,0,42.94,SELL
UNH,2024-05-15T00:00:00.000000,0,42.94,SELL
UNH,2024-05-16T00:00:00.000000,0,45.01,SELL
UNH,2024-05-17T00:00:00.000000,0,46.09,SELL
UNH,2024-05-20T00:00:00.000000,0,46.09,SELL
UNH,2024-05-21T00:00:00.000000,0,48.73,SELL
UNH,2024-05-22T00:00:00.000000,1,48.73,BUY
UNH,2024-05-23T00:00:00.000000,1,48.73,BUY
UNH,2024-05-24T00:00:00.000000,1,48.73,BUY
UNH,2024-05-28T00:00:00.000000,1,48.73,BUY
UNH,2024-05-29T00:00:00.000000,1,48.73,BUY
UNH,2024-05-30T00:00:00.000000,1,48.73,BUY
UNH,2024-05-31T00:00:00.000000,1,48.73,BUY
UNH,2024-06-03T00:00:00.000000,1,48.73,BUY
UNH,2024-06-04T00:00:00.000000,1,50.44,BUY
UNH,2024-06-05T00:00:00.000000,1,50.69,BUY
UNH,2024-06-06T00:00:00.000000,1,50.69,BUY
UNH,2024-06-07T00:00:00.000000,1,50.44,BUY
UNH,2024-06-10T00:00:00.000000,1,50.44,BUY
UNH,2024-06-11T00:00:00.000000,1,48.73,BUY
UNH,2024-06-12T00:00:00.000000,1,48.73,BUY
UNH,2024-06-13T00:00:00.000000,1,48.73,BUY
UNH,2024-06-14T00:00:00.000000,1,50.44,BUY
UNH,2024-06-17T00:00:00.000000,1,50.69,BUY
UNH,2024-06-18T00:00:00.000000,1,50.69,BUY
UNH,2024-06-20T00:00:00.000000,1,50.69,BUY
UNH,2024-06-21T00:00:00.000000,1,50.69,BUY
UNH,2024-06-24T00:00:00.000000,1,50.69,BUY
UNH,2024-06-25T00:00:00.000000,1,50.69,BUY
UNH,2024-06-26T00:00:00.000000,1,50.69,BUY
UNH,2024-06-27T00:00:00.000000,1,50.69,BUY
UNH,2024-06-28T00:00:00.000000,1,50.69,BUY
UNH,2024-07-01T00:00:00.000000,1,50.69,BUY
UNH,2024-07-02T00:00:00.000000,1,50.69,BUY
UNH,2024-07-03T00:00:00.000000,1,50.69,BUY
UNH,2024-07-05T00:00:00.000000,1,50.69,BUY
UNH,2024-07-08T00:00:00.000000,1,50.69,BUY
UNH,2024-07-09T00:00:00.000000,1,50.69,BUY
UNH,2024-07-10T00:00:00.000000,1,50.69,BUY
UNH,2024-07-11T00:00:00.000000,1,58.57,BUY
UNH,2024-07-12T00:00:00.000000,1,58.57,BUY
UNH,2024-07-15T00:00:00.000000,1,50.69,BUY
UNH,2024-07-16T00:00:00.000000,1,50.69,BUY
UNH,2024-07-17T00:00:00.000000,1,50.69,BUY
UNH,2024-07-18T00:00:00.000000,1,50.44,BUY
UNH,2024-07-19T00:00:00.000000,1,50.44,BUY
UNH,2024-07-22T00:00:00.000000,1,50.44,BUY
UNH,2024-07-23T00:00:00.000000,1,50.44,BUY
UNH,2024-07-24T00:00:00.000000,1,50.0,BUY
UNH,2024-07-25T00:00:00.000000,1,48.73,BUY
UNH,2024-07-26T00:00:00.000000,1,48.73,BUY
UNH,2024-07-29T00:00:00.000000,1,48.73,BUY
UNH,2024-07-30T00:00:00.000000,1,48.73,BUY
UNH,2024-07-31T00:00:00.000000,1,48.73,BUY
UNH,2024-08-01T00:00:00.000000,1,48.73,BUY
UNH,2024-08-02T00:00:00.000000,1,48.73,BUY
UNH,2024-08-05T00:00:00.000000,1,48.73,BUY
UNH,2024-08-06T00:00:00.000000,0,48.73,SELL
UNH,2024-08-07T00:00:00.000000,0,48.73,SELL
UNH,2024-08-08T00:00:00.000000,1,48.73,BUY
UNH,2024-08-09T00:00:00.000000,1,48.73,BUY
UNH,2024-08-12T00:00:00.000000,1,48.73,BUY
UNH,2024-08-13T00:00:00.000000,1,48.73,BUY
UNH,2024-08-14T00:00:00.000000,1,48.73,BUY
UNH,2024-08-15T00:00:00.000000,1,48.73,BUY
UNH,2024-08-16T00:00:00.000000,0,48.73,SELL
UNH,2024-08-19T00:00:00.000000,0,48.73,SELL
UNH,2024-08-20T00:00:00.000000,0,46.09,SELL
UNH,2024-08-21T00:00:00.000000,0,46.09,SELL
UNH,2024-08-22T00:00:00.000000,0,46.09,SELL
UNH,2024-08-23T00:00:00.000000,0,46.09,SELL
UNH,2024-08-26T00:00:00.000000,0,46.09,SELL
UNH,2024-08-27T00:00:00.000000,0,46.09,SELL
UNH,2024-08-28T00:00:00.000000,0,46.09,SELL
UNH,2024-08-29T00:00:00.000000,0,48.73,SELL
UNH,2024-08-30T00:00:00.000000,0,48.73,SELL
UNH,2024-09-03T00:00:00.000000,1,48.73,BUY
UNH,2024-09-04T00:00:00.000000,1,48.73,BUY
UNH,2024-09-05T00:00:00.000000,1,48.73,BUY
UNH,2024-09-06T00:00:00.000000,1,48.73,BUY
UNH,2024-09-09T00:00:00.000000,1,50.44,BUY
UNH,2024-09-10T00:00:00.000000,1,50.44,BUY
UNH,2024-09-11T00:00:00.000000,1,50.44,BUY
UNH,2024-09-12T00:00:00.000000,1,50.44,BUY
UNH,2024-09-13T00:00:00.000000,1,50.44,BUY
UNH,2024-09-16T00:00:00.000000,1,50.44,BUY
UNH,2024-09-17T00:00:00.000000,1,50.44,BUY
UNH,2024-09-18T00:00:00.000000,1,50.44,BUY
UNH,2024-09-19T00:00:00.000000,1,50.69,BUY
UNH,2024-09-20T00:00:00.000000,1,50.69,BUY
UNH,2024-09-23T00:00:00.000000,1,50.69,BUY
UNH,2024-09-24T00:00:00.000000,1,50.69,BUY
UNH,2024-09-25T00:00:00.000000,1,50.44,BUY
UNH,2024-09-26T00:00:00.000000,1,50.44,BUY
UNH,2024-09-27T00:00:00.000000,1,50.44,BUY
UNH,2024-09-30T00:00:00.000000,1,50.44,BUY
UNH,2024-10-01T00:00:00.000000,1,50.44,BUY
UNH,2024-10-02T00:00:00.000000,1,50.44,BUY
UNH,2024-10-03T00:00:00.000000,1,50.44,BUY
UNH,2024-10-04T00:00:00.000000,1,50.44,BUY
UNH,2024-10-07T00:00:00.000000,1,50.44,BUY
UNH,2024-10-08T00:00:00.000000,1,50.44,BUY
UNH,2024-10-09T00:00:00.000000,1,50.44,BUY
UNH,2024-10-10T00:00:00.000000,1,50.44,BUY
UNH,2024-10-11T00:00:00.000000,1,50.44,BUY
UNH,2024-10-14T00:00:00.000000,1,50.44,BUY
UNH,2024-10-15T00:00:00.000000,1,50.44,BUY
UNH,2024-10-16T00:00:00.000000,1,50.44,BUY
UNH,2024-10-17T00:00:00.000000,1,50.44,BUY
UNH,2024-10-18T00:00:00.000000,1,48.73,BUY
UNH,2024-10-21T00:00:00.000000,1,48.73,BUY
UNH,2024-10-22T00:00:00.000000,1,48.73,BUY
UNH,2024-10-23T00:00:00.000000,1,50.44,BUY
UNH,2024-10-24T00:00:00.000000,1,50.44,BUY
UNH,2024-10-25T00:00:00.000000,1,50.44,BUY
UNH,2024-10-28T00:00:00.000000,1,50.44,BUY
UNH,2024-10-29T00:00:00.000000,1,50.44,BUY
UNH,2024-10-30T00:00:00.000000,1,50.44,BUY
UNH,2024-10-31T00:00:00.000000,1,50.44,BUY
UNH,2024-11-01T00:00:00.000000,1,50.69,BUY
UNH,2024-11-04T00:00:00.000000,1,50.69,BUY
UNH,2024-11-05T00:00:00.000000,1,50.69,BUY
UNH,2024-11-06T00:00:00.000000,1,50.69,BUY
UNH,2024-11-07T00:00:00.000000,1,50.44,BUY
UNH,2024-11-08T00:00:00.000000,1,50.44,BUY
UNH,2024-11-11T00:00:00.000000,1,50.44,BUY
UNH,2024-11-12T00:00:00.000000,1,50.44,BUY
UNH,2024-11-13T00:00:00.000000,1,50.44,BUY
UNH,2024-11-14T00:00:00.000000,1,48.73,BUY
UNH,2024-11-15T00:00:00.000000,1,48.73,BUY
UNH,2024-11-18T00:00:00.000000,0,48.73,SELL
UNH,2024-11-19T00:00:00.000000,0,46.09,SELL
UNH,2024-11-20T00:00:00.000000,0,46.09,SELL
UNH,2024-11-21T00:00:00.000000,0,46.09,SELL
UNH,2024-11-22T00:00:00.000000,0,46.09,SELL
UNH,2024-11-25T00:00:00.000000,0,46.09,SELL
UNH,2024-11-26T00:00:00.000000,0,46.09,SELL
UNH,2024-11-27T00:00:00.000000,0,46.09,SELL
UNH,2024-11-29T00:00:00.000000,0,46.09,SELL
UNH,2024-12-02T00:00:00.000000,0,46.09,SELL
UNH,2024-12-03T00:00:00.000000,0,46.09,SELL
UNH,2024-12-04T00:00:00.000000,0,46.09,SELL
UNH,2024-12-05T00:00:00.000000,0,46.09,SELL
UNH,2024-12-06T00:00:00.000000,0,46.09,SELL
UNH,2024-12-09T00:00:00.000000,0,42.94,SELL
UNH,2024-12-10T00:00:00.000000,0,42.94,SELL
UNH,2024-12-11T00:00:00.000000,0,46.09,SELL
UNH,2024-12-12T00:00:00.000000,0,46.09,SELL
UNH,2024-12-13T00:00:00.000000,0,46.09,SELL
UNH,2024-12-16T00:00:00.000000,0,48.73,SELL
UNH,2024-12-17T00:00:00.000000,0,48.73,SELL
UNH,2024-12-18T00:00:00.000000,1,48.73,BUY
UNH,2024-12-19T00:00:00.000000,1,48.73,BUY
UNH,2024-12-20T00:00:00.000000,1,50.44,BUY
WFC,2023-02-21T00:00:00.000000,1,50.44,BUY
WFC,2023-02-22T00:00:00.000000,1,50.44,BUY
WFC,2023-02-23T00:00:00.000000,1,50.69,BUY
WFC,2023-02-24T00:00:00.000000,1,50.69,BUY
WFC,2023-02-27T00:00:00.000000,1,50.69,BUY
WFC,2023-02-28T00:00:00.000000,1,50.69,BUY
WFC,2023-03-01T00:00:00.000000,1,50.69,BUY
WFC,2023-03-02T00:00:00.000000,1,50.69,BUY
WFC,2023-03-03T00:00:00.000000,1,50.69,BUY
WFC,2023-03-06T00:00:00.000000,1,50.69,BUY
WFC,2023-03-07T00:00:00.000000,1,50.69,BUY
WFC,2023-03-08T00:00:00.000000,1,50.69,BUY
WFC,2023-03-09T00:00:00.000000,1,50.44,BUY
WFC,2023-03-10T00:00:00.000000,1,50.44,BUY
WFC,2023-03-13T00:00:00.000000,1,48.73,BUY
WFC,2023-03-14T00:00:00.000000,0,42.94,SELL
WFC,2023-03-15T00:00:00.000000,0,39.62,SELL
WFC,2023-03-16T00:00:00.000000,0,39.62,SELL
WFC,2023-03-17T00:00:00.000000,0,39.62,SELL
WFC,2023-03-20T00:00:00.000000,0,39.62,SELL
WFC,2023-03-21T00:00:00.000000,0,39.62,SELL
WFC,2023-03-22T00:00:00.000000,0,39.62,SELL
WFC,2023-03-23T00:00:00.000000,0,39.62,SELL
WFC,2023-03-24T00:00:00.000000,0,39.62,SELL
WFC,2023-03-27T00:00:00.000000,0,39.62,SELL
WFC,2023-03-28T00:00:00.000000,0,39.62,SELL
WFC,2023-03-29T00:00:00.000000,0,39.62,SELL
WFC,2023-03-30T00:00:00.000000,0,39.62,SELL
WFC,2023-03-31T00:00:00.000000,0,39.62,SELL
WFC,2023-04-03T00:00:00.000000,0,39.62,SELL
WFC,2023-04-04T00:00:00.000000,0,39.62,SELL
WFC,2023-04-05T00:00:00.000000,0,39.62,SELL
WFC,2023-04-06T00:00:00.000000,0,39.62,SELL
WFC,2023-04-10T00:00:00.000000,0,39.62,SELL
WFC,2023-04-11T00:00:00.000000,0,39.62,SELL
WFC,2023-04-12T00:00:00.000000,0,39.62,SELL
WFC,2023-04-13T00:00:00.000000,0,39.62,SELL
WFC,2023-04-14T00:00:00.000000,0,39.62,SELL
WFC,2023-04-17T00:00:00.000000,0,39.62,SELL
WFC,2023-04-18T00:00:00.000000,0,39.62,SELL
WFC,2023-04-19T00:00:00.000000,0,42.94,SELL
WFC,2023-04-20T00:00:00.000000,0,42.94,SELL
WFC,2023-04-21T00:00:00.000000,0,46.09,SELL
WFC,2023-04-24T00:00:00.000000,0,48.73,SELL
WFC,2023-04-25T00:00:00.000000,1,48.73,BUY
WFC,2023-04-26T00:00:00.000000,1,48.73,BUY
WFC,2023-04-27T00:00:00.000000,1,48.73,BUY
WFC,2023-04-28T00:00:00.000000,1,48.73,BUY
WFC,2023-05-01T00:00:00.000000,1,50.44,BUY
WFC,2023-05-02T00:00:00.000000,1,50.69,BUY
WFC,2023-05-03T00:00:00.000000,1,50.69,BUY
WFC,2023-05-04T00:00:00.000000,1,50.69,BUY
WFC,2023-05-05T00:00:00.000000,1,50.69,BUY
WFC,2023-05-08T00:00:00.000000,1,50.69,BUY
WFC,2023-05-09T00:00:00.000000,1,50.69,BUY
WFC,2023-05-10T00:00:00.000000,1,50.69,BUY
WFC,2023-05-11T00:00:00.000000,1,48.73,BUY
WFC,2023-05-12T00:00:00.000000,0,48.73,SELL
WFC,2023-05-15T00:00:00.000000,0,46.09,SELL
WFC,2023-05-16T00:00:00.000000,0,46.09,SELL
WFC,2023-05-17T00:00:00.000000,0,46.09,SELL
WFC,2023-05-18T00:00:00.000000,0,46.09,SELL
WFC,2023-05-19T00:00:00.000000,0,48.73,SELL
WFC,2023-05-22T00:00:00.000000,0,48.73,SELL
WFC,2023-05-23T00:00:00.000000,1,48.73,BUY
WFC,2023-05-24T00:00:00.000000,1,48.73,BUY
WFC,2023-05-25T00:00:00.000000,1,48.73,BUY
WFC,2023-05-26T00:00:00.000000,1,48.73,BUY
WFC,2023-05-30T00:00:00.000000,0,48.73,SELL
WFC,2023-05-31T00:00:00.000000,0,48.73,SELL
WFC,2023-06-01T00:00:00.000000,0,48.73,SELL
WFC,2023-06-02T00:00:00.000000,1,48.73,BUY
WFC,2023-06-05T00:00:00.000000,1,48.73,BUY
WFC,2023-06-06T00:00:00.000000,1,48.73,BUY
WFC,2023-06-07T00:00:00.000000,0,48.73,SELL
WFC,2023-06-08T00:00:00.000000,0,46.09,SELL
WFC,2023-06-09T00:00:00.000000,0,42.94,SELL
WFC,2023-06-12T00:00:00.000000,0,42.94,SELL
WFC,2023-06-13T00:00:00.000000,0,42.94,SELL
WFC,2023-06-14T00:00:00.000000,0,42.94,SELL
WFC,2023-06-15T00:00:00.000000,0,42.94,SELL
WFC,2023-06-16T00:00:00.000000,0,42.94,SELL
WFC,2023-06-20T00:00:00.000000,0,42.94,SELL
WFC,2023-06-21T00:00:00.000000,0,42.94,SELL
WFC,2023-06-22T00:00:00.000000,0,42.94,SELL
WFC,2023-06-23T00:00:00.000000,0,42.94,SELL
WFC,2023-06-26T00:00:00.000000,0,42.94,SELL
WFC,2023-06-27T00:00:00.000000,0,42.94,SELL
WFC,2023-06-28T00:00:00.000000,0,42.94,SELL
WFC,2023-06-29T00:00:00.000000,0,42.94,SELL
WFC,2023-06-30T00:00:00.000000,0,42.94,SELL
WFC,2023-07-03T00:00:00.000000,0,46.09,SELL
WFC,2023-07-05T00:00:00.000000,0,46.09,SELL
WFC,2023-07-06T00:00:00.000000,0,46.09,SELL
WFC,2023-07-07T00:00:00.000000,0,46.09,SELL
WFC,2023-07-10T00:00:00.000000,0,46.09,SELL
WFC,2023-07-11T00:00:00.000000,0,46.09,SELL
WFC,2023-07-12T00:00:00.000000,0,42.94,SELL
WFC,2023-07-13T00:00:00.000000,0,42.94,SELL
WFC,2023-07-14T00:00:00.000000,0,42.94,SELL
WFC,2023-07-17T00:00:00.000000,0,42.94,SELL
WFC,2023-07-18T00:00:00.000000,0,45.02,SELL
WFC,2023-07-19T00:00:00.000000,0,46.09,SELL
WFC,2023-07-20T00:00:00.000000,0,42.94,SELL
WFC,2023-07-21T00:00:00.000000,0,42.94,SELL
WFC,2023-07-24T00:00:00.000000,0,42.94,SELL
WFC,2023-07-25T00:00:00.000000,0,42.94,SELL
WFC,2023-07-26T00:00:00.000000,0,46.09,SELL
WFC,2023-07-27T00:00:00.000000,0,42.94,SELL
WFC,2023-07-28T00:00:00.000000,0,42.94,SELL
WFC,2023-07-31T00:00:00.000000,0,42.94,SELL
WFC,2023-08-01T00:00:00.000000,0,42.94,SELL
WFC,2023-08-02T00:00:00.000000,0,42.94,SELL
WFC,2023-08-03T00:00:00.000000,0,42.94,SELL
WFC,2023-08-04T00:00:00.000000,0,42.94,SELL
WFC,2023-08-07T00:00:00.000000,0,42.94,SELL
WFC,2023-08-08T00:00:00.000000,0,42.94,SELL
WFC,2023-08-09T00:00:00.000000,0,42.94,SELL
WFC,2023-08-10T00:00:00.000000,0,42.94,SELL
WFC,2023-08-11T00:00:00.000000,0,46.09,SELL
WFC,2023-08-14T00:00:00.000000,0,46.09,SELL
WFC,2023-08-15T00:00:00.000000,0,48.73,SELL
WFC,2023-08-16T00:00:00.000000,1,48.73,BUY
WFC,2023-08-17T00:00:00.000000,1,48.73,BUY
WFC,2023-08-18T00:00:00.000000,1,48.73,BUY
WFC,2023-08-21T00:00:00.000000,1,48.73,BUY
WFC,2023-08-22T00:00:00.000000,1,48.73,BUY
WFC,2023-08-23T00:00:00.000000,1,50.44,BUY
WFC,2023-08-24T00:00:00.000000,1,48.73,BUY
WFC,2023-08-25T00:00:00.000000,1,50.44,BUY
WFC,2023-08-28T00:00:00.000000,1,48.73,BUY
WFC,2023-08-29T00:00:00.000000,1,48.73,BUY
WFC,2023-08-30T00:00:00.000000,1,48.73,BUY
WFC,2023-08-31T00:00:00.000000,0,46.09,SELL
WFC,2023-09-01T00:00:00.000000,0,46.09,SELL
WFC,2023-09-05T00:00:00.000000,0,42.94,SELL
WFC,2023-09-06T00:00:00.000000,0,42.94,SELL
WFC,2023-09-07T00:00:00.000000,0,42.94,SELL
WFC,2023-09-08T00:00:00.000000,0,42.94,SELL
WFC,2023-09-11T00:00:00.000000,0,42.94,SELL
WFC,2023-09-12T00:00:00.000000,0,42.94,SELL
WFC,2023-09-13T00:00:00.000000,0,42.94,SELL
WFC,2023-09-14T00:00:00.000000,0,42.94,SELL
WFC,2023-09-15T00:00:00.000000,0,42.94,SELL
WFC,2023-09-18T00:00:00.000000,0,46.09,SELL
WFC,2023-09-19T00:00:00.000000,0,46.09,SELL
WFC,2023-09-20T00:00:00.000000,0,46.09,SELL
WFC,2023-09-21T00:00:00.000000,0,48.73,SELL
WFC,2023-09-22T00:00:00.000000,0,48.73,SELL
WFC,2023-09-25T00:00:00.000000,1,48.73,BUY
WFC,2023-09-26T00:00:00.000000,1,48.73,BUY
WFC,2023-09-27T00:00:00.000000,1,48.73,BUY
WFC,2023-09-28T00:00:00.000000,1,48.73,BUY
WFC,2023-09-29T00:00:00.000000,1,50.44,BUY
WFC,2023-10-02T00:00:00.000000,1,50.44,BUY
WFC,2023-10-03T00:00:00.000000,1,50.44,BUY
WFC,2023-10-04T00:00:00.000000,1,50.44,BUY
WFC,2023-10-05T00:00:00.000000,1,50.44,BUY
WFC,2023-10-06T00:00:00.000000,1,48.73,BUY
WFC,2023-10-09T00:00:00.000000,1,48.73,BUY
WFC,2023-10-10T00:00:00.000000,1,48.73,BUY
WFC,2023-10-11T00:00:00.000000,0,48.73,SELL
WFC,2023-10-12T00:00:00.000000,0,46.09,SELL
WFC,2023-10-13T00:00:00.000000,0,42.94,SELL
WFC,2023-10-16T00:00:00.000000,0,42.94,SELL
WFC,2023-10-17T00:00:00.000000,0,42.94,SELL
WFC,2023-10-18T00:00:00.000000,0,42.94,SELL
WFC,2023-10-19T00:00:00.000000,0,42.94,SELL
WFC,2023-10-20T00:00:00.000000,0,46.09,SELL
WFC,2023-10-23T00:00:00.000000,0,48.73,SELL
WFC,2023-10-24T00:00:00.000000,1,48.73,BUY
WFC,2023-10-25T00:00:00.000000,1,48.73,BUY
WFC,2023-10-26T00:00:00.000000,1,48.73,BUY
WFC,2023-10-27T00:00:00.000000,1,48.73,BUY
WFC,2023-10-30T00:00:00.000000,1,50.44,BUY
WFC,2023-10-31T00:00:00.000000,1,50.44,BUY
WFC,2023-11-01T00:00:00.000000,1,50.44,BUY
WFC,2023-11-02T00:00:00.000000,1,50.44,BUY
WFC,2023-11-03T00:00:00.000000,1,48.73,BUY
WFC,2023-11-06T00:00:00.000000,1,48.73,BUY
WFC,2023-11-07T00:00:00.000000,0,48.73,SELL
WFC,2023-11-08T00:00:00.000000,0,48.73,SELL
WFC,2023-11-09T00:00:00.000000,0,46.09,SELL
WFC,2023-11-10T00:00:00.000000,0,42.94,SELL
WFC,2023-11-13T00:00:00.000000,0,42.94,SELL
WFC,2023-11-14T00:00:00.000000,0,39.62,SELL
WFC,2023-11-15T00:00:00.000000,0,39.62,SELL
WFC,2023-11-16T00:00:00.000000,0,39.62,SELL
WFC,2023-11-17T00:00:00.000000,0,39.62,SELL
WFC,2023-11-20T00:00:00.000000,0,42.94,SELL
WFC,2023-11-21T00:00:00.000000,0,42.94,SELL
WFC,2023-11-22T00:00:00.000000,0,42.94,SELL
WFC,2023-11-24T00:00:00.000000,0,46.09,SELL
WFC,2023-11-27T00:00:00.000000,0,46.09,SELL
WFC,2023-11-28T00:00:00.000000,0,46.09,SELL
WFC,2023-11-29T00:00:00.000000,0,42.94,SELL
WFC,2023-11-30T00:00:00.000000,0,46.09,SELL
WFC,2023-12-01T00:00:00.000000,0,46.09,SELL
WFC,2023-12-04T00:00:00.000000,0,46.09,SELL
WFC,2023-12-05T00:00:00.000000,0,48.73,SELL
WFC,2023-12-06T00:00:00.000000,1,48.73,BUY
WFC,2023-12-07T00:00:00.000000,1,48.73,BUY
WFC,2023-12-08T00:00:00.000000,1,48.73,BUY
WFC,2023-12-11T00:00:00.000000,1,48.73,BUY
WFC,2023-12-12T00:00:00.000000,1,48.73,BUY
WFC,2023-12-13T00:00:00.000000,1,48.73,BUY
WFC,2023-12-14T00:00:00.000000,1,48.73,BUY
WFC,2023-12-15T00:00:00.000000,1,48.73,BUY
WFC,2023-12-18T00:00:00.000000,1,48.73,BUY
WFC,2023-12-19T00:00:00.000000,1,48.73,BUY
WFC,2023-12-20T00:00:00.000000,1,48.73,BUY
WFC,2023-12-21T00:00:00.000000,1,48.73,BUY
WFC,2023-12-22T00:00:00.000000,1,48.73,BUY
WFC,2023-12-26T00:00:00.000000,0,48.73,SELL
WFC,2023-12-27T00:00:00.000000,0,46.09,SELL
WFC,2023-12-28T00:00:00.000000,0,46.09,SELL
WFC,2023-12-29T00:00:00.000000,0,46.09,SELL
WFC,2024-01-02T00:00:00.000000,0,46.09,SELL
WFC,2024-01-03T00:00:00.000000,0,46.09,SELL
WFC,2024-01-04T00:00:00.000000,0,42.94,SELL
WFC,2024-01-05T00:00:00.000000,0,46.09,SELL
WFC,2024-01-08T00:00:00.000000,0,46.09,SELL
WFC,2024-01-09T00:00:00.000000,0,46.09,SELL
WFC,2024-01-10T00:00:00.000000,0,46.09,SELL
WFC,2024-01-11T00:00:00.000000,0,42.94,SELL
WFC,2024-01-12T00:00:00.000000,0,42.94,SELL
WFC,2024-01-16T00:00:00.000000,0,42.94,SELL
WFC,2024-01-17T00:00:00.000000,0,42.94,SELL
WFC,2024-01-18T00:00:00.000000,0,42.94,SELL
WFC,2024-01-19T00:00:00.000000,0,42.94,SELL
WFC,2024-01-22T00:00:00.000000,0,42.94,SELL
WFC,2024-01-23T00:00:00.000000,0,42.94,SELL
WFC,2024-01-24T00:00:00.000000,0,42.94,SELL
WFC,2024-01-25T00:00:00.000000,0,42.94,SELL
WFC,2024-01-26T00:00:00.000000,0,42.94,SELL
WFC,2024-01-29T00:00:00.000000,0,42.94,SELL
WFC,2024-01-30T00:00:00.000000,0,42.94,SELL
WFC,2024-01-31T00:00:00.000000,0,46.09,SELL
WFC,2024-02-01T00:00:00.000000,0,46.09,SELL
WFC,2024-02-02T00:00:00.000000,0,48.73,SELL
WFC,2024-02-05T00:00:00.000000,0,48.73,SELL
WFC,2024-02-06T00:00:00.000000,0,48.73,SELL
WFC,2024-02-07T00:00:00.000000,1,48.73,BUY
WFC,2024-02-08T00:00:00.000000,0,48.73,SELL
WFC,2024-02-09T00:00:00.000000,1,48.73,BUY
WFC,2024-02-12T00:00:00.000000,1,50.44,BUY
WFC,2024-02-13T00:00:00.000000,1,50.69,BUY
WFC,2024-02-14T00:00:00.000000,1,50.69,BUY
WFC,2024-02-15T00:00:00.000000,1,50.69,BUY
WFC,2024-02-16T00:00:00.000000,1,50.44,BUY
WFC,2024-02-20T00:00:00.000000,1,48.73,BUY
WFC,2024-02-21T00:00:00.000000,1,48.73,BUY
WFC,2024-02-22T00:00:00.000000,1,48.73,BUY
WFC,2024-02-23T00:00:00.000000,1,48.73,BUY
WFC,2024-02-26T00:00:00.000000,1,48.73,BUY
WFC,2024-02-27T00:00:00.000000,1,48.73,BUY
WFC,2024-02-28T00:00:00.000000,1,48.73,BUY
WFC,2024-02-29T00:00:00.000000,1,48.73,BUY
WFC,2024-03-01T00:00:00.000000,1,48.73,BUY
WFC,2024-03-04T00:00:00.000000,1,48.73,BUY
WFC,2024-03-05T00:00:00.000000,1,48.73,BUY
WFC,2024-03-06T00:00:00.000000,1,48.73,BUY
WFC,2024-03-07T00:00:00.000000,1,48.73,BUY
WFC,2024-03-08T00:00:00.000000,1,48.73,BUY
WFC,2024-03-11T00:00:00.000000,1,50.44,BUY
WFC,2024-03-12T00:00:00.000000,1,50.44,BUY
WFC,2024-03-13T00:00:00.000000,1,48.73,BUY
WFC,2024-03-14T00:00:00.000000,1,48.73,BUY
WFC,2024-03-15T00:00:00.000000,1,48.73,BUY
WFC,2024-03-18T00:00:00.000000,1,48.73,BUY
WFC,2024-03-19T00:00:00.000000,0,48.73,SELL
WFC,2024-03-20T00:00:00.000000,0,48.73,SELL
WFC,2024-03-21T00:00:00.000000,0,46.09,SELL
WFC,2024-03-22T00:00:00.000000,0,42.94,SELL
WFC,2024-03-25T00:00:00.000000,0,42.94,SELL
WFC,2024-03-26T00:00:00.000000,0,42.94,SELL
WFC,2024-03-27T00:00:00.000000,0,42.94,SELL
WFC,2024-03-28T00:00:00.000000,0,42.94,SELL
WFC,2024-04-01T00:00:00.000000,0,39.62,SELL
WFC,2024-04-02T00:00:00.000000,0,39.62,SELL
WFC,2024-04-03T00:00:00.000000,0,42.94,SELL
WFC,2024-04-04T00:00:00.000000,0,42.94,SELL
WFC,2024-04-05T00:00:00.000000,0,42.94,SELL
WFC,2024-04-08T00:00:00.000000,0,42.94,SELL
WFC,2024-04-09T00:00:00.000000,0,42.94,SELL
WFC,2024-04-10T00:00:00.000000,0,46.09,SELL
WFC,2024-04-11T00:00:00.000000,0,46.09,SELL
WFC,2024-04-12T00:00:00.000000,0,46.09,SELL
WFC,2024-04-15T00:00:00.000000,0,46.09,SELL
WFC,2024-04-16T00:00:00.000000,0,48.73,SELL
WFC,2024-04-17T00:00:00.000000,0,48.73,SELL
WFC,2024-04-18T00:00:00.000000,1,48.73,BUY
WFC,2024-04-19T00:00:00.000000,1,48.73,BUY
WFC,2024-04-22T00:00:00.000000,1,50.44,BUY
WFC,2024-04-23T00:00:00.000000,1,50.44,BUY
WFC,2024-04-24T00:00:00.000000,1,50.44,BUY
WFC,2024-04-25T00:00:00.000000,1,50.69,BUY
WFC,2024-04-26T00:00:00.000000,1,50.69,BUY
WFC,2024-04-29T00:00:00.000000,1,50.69,BUY
WFC,2024-04-30T00:00:00.000000,1,50.44,BUY
WFC,2024-05-01T00:00:00.000000,1,50.44,BUY
WFC,2024-05-02T00:00:00.000000,1,50.44,BUY
WFC,2024-05-03T00:00:00.000000,1,50.69,BUY
WFC,2024-05-06T00:00:00.000000,1,50.69,BUY
WFC,2024-05-07T00:00:00.000000,1,50.44,BUY
WFC,2024-05-08T00:00:00.000000,1,50.44,BUY
WFC,2024-05-09T00:00:00.000000,0,48.73,SELL
WFC,2024-05-10T00:00:00.000000,0,42.94,SELL
WFC,2024-05-13T00:00:00.000000,0,42.94,SELL
WFC,2024-05-14T00:00:00.000000,0,42.94,SELL
WFC,2024-05-15T00:00:00.000000,0,42.94,SELL
WFC,2024-05-16T00:00:00.000000,0,42.94,SELL
WFC,2024-05-17T00:00:00.000000,0,42.94,SELL
WFC,2024-05-20T00:00:00.000000,0,42.94,SELL
WFC,2024-05-21T00:00:00.000000,0,42.94,SELL
WFC,2024-05-22T00:00:00.000000,0,42.94,SELL
WFC,2024-05-23T00:00:00.000000,0,42.94,SELL
WFC,2024-05-24T00:00:00.000000,0,42.94,SELL
WFC,2024-05-28T00:00:00.000000,0,42.94,SELL
WFC,2024-05-29T00:00:00.000000,0,42.94,SELL
WFC,2024-05-30T00:00:00.000000,0,42.94,SELL
WFC,2024-05-31T00:00:00.000000,0,42.94,SELL
WFC,2024-06-03T00:00:00.000000,0,42.94,SELL
WFC,2024-06-04T00:00:00.000000,0,42.94,SELL
WFC,2024-06-05T00:00:00.000000,0,46.09,SELL
WFC,2024-06-06T00:00:00.000000,0,46.09,SELL
WFC,2024-06-07T00:00:00.000000,0,46.09,SELL
WFC,2024-06-10T00:00:00.000000,0,46.09,SELL
WFC,2024-06-11T00:00:00.000000,0,46.09,SELL
WFC,2024-06-12T00:00:00.000000,0,46.09,SELL
WFC,2024-06-13T00:00:00.000000,0,46.09,SELL
WFC,2024-06-14T00:00:00.000000,0,46.09,SELL
WFC,2024-06-17T00:00:00.000000,0,46.09,SELL
WFC,2024-06-18T00:00:00.000000,0,46.09,SELL
WFC,2024-06-20T00:00:00.000000,0,46.09,SELL
WFC,2024-06-21T00:00:00.000000,0,46.09,SELL
WFC,2024-06-24T00:00:00.000000,0,48.73,SELL
WFC,2024-06-25T00:00:00.000000,1,48.73,BUY
WFC,2024-06-26T00:00:00.000000,1,48.73,BUY
WFC,2024-06-27T00:00:00.000000,1,48.73,BUY
WFC,2024-06-28T00:00:00.000000,1,48.73,BUY
WFC,2024-07-01T00:00:00.000000,1,48.73,BUY
WFC,2024-07-02T00:00:00.000000,1,48.73,BUY
WFC,2024-07-03T00:00:00.000000,1,50.44,BUY
WFC,2024-07-05T00:00:00.000000,1,50.44,BUY
WFC,2024-07-08T00:00:00.000000,1,50.69,BUY
WFC,2024-07-09T00:00:00.000000,1,50.44,BUY
WFC,2024-07-10T00:00:00.000000,1,50.44,BUY
WFC,2024-07-11T00:00:00.000000,1,48.73,BUY
WFC,2024-07-12T00:00:00.000000,1,48.73,BUY
WFC,2024-07-15T00:00:00.000000,0,48.73,SELL
WFC,2024-07-16T00:00:00.000000,1,48.73,BUY
WFC,2024-07-17T00:00:00.000000,1,48.73,BUY
WFC,2024-07-18T00:00:00.000000,1,50.44,BUY
WFC,2024-07-19T00:00:00.000000,1,50.69,BUY
WFC,2024-07-22T00:00:00.000000,1,50.69,BUY
WFC,2024-07-23T00:00:00.000000,1,50.69,BUY
WFC,2024-07-24T00:00:00.000000,1,50.44,BUY
WFC,2024-07-25T00:00:00.000000,1,50.44,BUY
WFC,2024-07-26T00:00:00.000000,1,50.44,BUY
WFC,2024-07-29T00:00:00.000000,1,50.69,BUY
WFC,2024-07-30T00:00:00.000000,1,50.69,BUY
WFC,2024-07-31T00:00:00.000000,1,50.69,BUY
WFC,2024-08-01T00:00:00.000000,1,50.69,BUY
WFC,2024-08-02T00:00:00.000000,1,50.69,BUY
WFC,2024-08-05T00:00:00.000000,1,50.69,BUY
WFC,2024-08-06T00:00:00.000000,1,48.73,BUY
WFC,2024-08-07T00:00:00.000000,1,48.73,BUY
WFC,2024-08-08T00:00:00.000000,1,48.73,BUY
WFC,2024-08-09T00:00:00.000000,1,48.73,BUY
WFC,2024-08-12T00:00:00.000000,1,48.73,BUY
WFC,2024-08-13T00:00:00.000000,0,48.73,SELL
WFC,2024-08-14T00:00:00.000000,0,42.94,SELL
WFC,2024-08-15T00:00:00.000000,0,39.62,SELL
WFC,2024-08-16T00:00:00.000000,0,39.62,SELL
WFC,2024-08-19T00:00:00.000000,0,39.62,SELL
WFC,2024-08-20T00:00:00.000000,0,39.62,SELL
WFC,2024-08-21T00:00:00.000000,0,39.62,SELL
WFC,2024-08-22T00:00:00.000000,0,39.62,SELL
WFC,2024-08-23T00:00:00.000000,0,39.62,SELL
WFC,2024-08-26T00:00:00.000000,0,39.62,SELL
WFC,2024-08-27T00:00:00.000000,0,39.62,SELL
WFC,2024-08-28T00:00:00.000000,0,39.62,SELL
WFC,2024-08-29T00:00:00.000000,0,42.94,SELL
WFC,2024-08-30T00:00:00.000000,0,42.94,SELL
WFC,2024-09-03T00:00:00.000000,0,42.94,SELL
WFC,2024-09-04T00:00:00.000000,0,42.94,SELL
WFC,2024-09-05T00:00:00.000000,0,46.09,SELL
WFC,2024-09-06T00:00:00.000000,0,46.09,SELL
WFC,2024-09-09T00:00:00.000000,1,48.73,BUY
WFC,2024-09-10T00:00:00.000000,1,48.73,BUY
WFC,2024-09-11T00:00:00.000000,1,48.73,BUY
WFC,2024-09-12T00:00:00.000000,1,48.73,BUY
WFC,2024-09-13T00:00:00.000000,0,48.73,SELL
WFC,2024-09-16T00:00:00.000000,0,48.73,SELL
WFC,2024-09-17T00:00:00.000000,1,48.73,BUY
WFC,2024-09-18T00:00:00.000000,0,48.73,SELL
WFC,2024-09-19T00:00:00.000000,0,46.09,SELL
WFC,2024-09-20T00:00:00.000000,0,42.94,SELL
WFC,2024-09-23T00:00:00.000000,0,40.0,SELL
WFC,2024-09-24T00:00:00.000000,0,39.62,SELL
WFC,2024-09-25T00:00:00.000000,0,39.62,SELL
WFC,2024-09-26T00:00:00.000000,0,39.62,SELL
WFC,2024-09-27T00:00:00.000000,0,40.0,SELL
WFC,2024-09-30T00:00:00.000000,0,42.94,SELL
WFC,2024-10-01T00:00:00.000000,0,42.94,SELL
WFC,2024-10-02T00:00:00.000000,0,46.09,SELL
WFC,2024-10-03T00:00:00.000000,0,46.09,SELL
WFC,2024-10-04T00:00:00.000000,0,46.09,SELL
WFC,2024-10-07T00:00:00.000000,0,46.09,SELL
WFC,2024-10-08T00:00:00.000000,0,48.73,SELL
WFC,2024-10-09T00:00:00.000000,1,48.73,BUY
WFC,2024-10-10T00:00:00.000000,1,48.73,BUY
WFC,2024-10-11T00:00:00.000000,1,48.73,BUY
WFC,2024-10-14T00:00:00.000000,1,48.73,BUY
WFC,2024-10-15T00:00:00.000000,0,48.73,SELL
WFC,2024-10-16T00:00:00.000000,0,48.73,SELL
WFC,2024-10-17T00:00:00.000000,0,48.73,SELL
WFC,2024-10-18T00:00:00.000000,1,48.73,BUY
WFC,2024-10-21T00:00:00.000000,1,48.73,BUY
WFC,2024-10-22T00:00:00.000000,1,48.73,BUY
WFC,2024-10-23T00:00:00.000000,1,48.73,BUY
WFC,2024-10-24T00:00:00.000000,1,48.73,BUY
WFC,2024-10-25T00:00:00.000000,0,48.73,SELL
WFC,2024-10-28T00:00:00.000000,0,48.73,SELL
WFC,2024-10-29T00:00:00.000000,0,48.73,SELL
WFC,2024-10-30T00:00:00.000000,0,48.73,SELL
WFC,2024-10-31T00:00:00.000000,1,48.73,BUY
WFC,2024-11-01T00:00:00.000000,1,48.73,BUY
WFC,2024-11-04T00:00:00.000000,1,48.73,BUY
WFC,2024-11-05T00:00:00.000000,1,48.73,BUY
WFC,2024-11-06T00:00:00.000000,0,48.73,SELL
WFC,2024-11-07T00:00:00.000000,0,46.09,SELL
WFC,2024-11-08T00:00:00.000000,0,46.09,SELL
WFC,2024-11-11T00:00:00.000000,0,42.94,SELL
WFC,2024-11-12T00:00:00.000000,0,42.94,SELL
WFC,2024-11-13T00:00:00.000000,0,42.94,SELL
WFC,2024-11-14T00:00:00.000000,0,42.94,SELL
WFC,2024-11-15T00:00:00.000000,0,42.94,SELL
WFC,2024-11-18T00:00:00.000000,0,42.94,SELL
WFC,2024-11-19T00:00:00.000000,0,42.94,SELL
WFC,2024-11-20T00:00:00.000000,0,42.94,SELL
WFC,2024-11-21T00:00:00.000000,0,42.94,SELL
WFC,2024-11-22T00:00:00.000000,0,42.94,SELL
WFC,2024-11-25T00:00:00.000000,0,42.94,SELL
WFC,2024-11-26T00:00:00.000000,0,42.94,SELL
WFC,2024-11-27T00:00:00.000000,0,42.94,SELL
WFC,2024-11-29T00:00:00.000000,0,42.94,SELL
WFC,2024-12-02T00:00:00.000000,0,42.94,SELL
WFC,2024-12-03T00:00:00.000000,0,42.94,SELL
WFC,2024-12-04T00:00:00.000000,0,42.94,SELL
WFC,2024-12-05T00:00:00.000000,0,39.62,SELL
WFC,2024-12-06T00:00:00.000000,0,39.62,SELL
WFC,2024-12-09T00:00:00.000000,0,39.62,SELL
WFC,2024-12-10T00:00:00.000000,0,39.62,SELL
WFC,2024-12-11T00:00:00.000000,0,39.62,SELL
WFC,2024-12-12T00:00:00.000000,0,39.62,SELL
WFC,2024-12-13T00:00:00.000000,0,42.94,SELL
WFC,2024-12-16T00:00:00.000000,0,42.94,SELL
WFC,2024-12-17T00:00:00.000000,0,42.94,SELL
WFC,2024-12-18T00:00:00.000000,0,42.94,SELL
WFC,2024-12-19T00:00:00.000000,0,42.94,SELL
WFC,2024-12-20T00:00:00.000000,0,46.09,SELL
WMT,2023-02-21T00:00:00.000000,0,42.94,SELL
WMT,2023-02-22T00:00:00.000000,0,46.09,SELL
WMT,2023-02-23T00:00:00.000000,1,48.73,BUY
WMT,2023-02-24T00:00:00.000000,1,50.44,BUY
WMT,2023-02-27T00:00:00.000000,1,50.44,BUY
WMT,2023-02-28T00:00:00.000000,1,50.69,BUY
WMT,2023-03-01T00:00:00.000000,1,50.69,BUY
WMT,2023-03-02T00:00:00.000000,1,50.69,BUY
WMT,2023-03-03T00:00:00.000000,1,50.69,BUY
WMT,2023-03-06T00:00:00.000000,1,50.69,BUY
WMT,2023-03-07T00:00:00.000000,1,50.69,BUY
WMT,2023-03-08T00:00:00.000000,1,50.69,BUY
WMT,2023-03-09T00:00:00.000000,1,50.69,BUY
WMT,2023-03-10T00:00:00.000000,1,50.69,BUY
WMT,2023-03-13T00:00:00.000000,1,50.69,BUY
WMT,2023-03-14T00:00:00.000000,1,50.69,BUY
WMT,2023-03-15T00:00:00.000000,1,50.69,BUY
WMT,2023-03-16T00:00:00.000000,1,50.69,BUY
WMT,2023-03-17T00:00:00.000000,1,50.69,BUY
WMT,2023-03-20T00:00:00.000000,1,50.69,BUY
WMT,2023-03-21T00:00:00.000000,1,50.69,BUY
WMT,2023-03-22T00:00:00.000000,1,50.69,BUY
WMT,2023-03-23T00:00:00.000000,1,50.69,BUY
WMT,2023-03-24T00:00:00.000000,1,50.69,BUY
WMT,2023-03-27T00:00:00.000000,1,50.44,BUY
WMT,2023-03-28T00:00:00.000000,1,48.73,BUY
WMT,2023-03-29T00:00:00.000000,1,48.73,BUY
WMT,2023-03-30T00:00:00.000000,1,48.73,BUY
WMT,2023-03-31T00:00:00.000000,1,48.73,BUY
WMT,2023-04-03T00:00:00.000000,1,50.44,BUY
WMT,2023-04-04T00:00:00.000000,1,48.73,BUY
WMT,2023-04-05T00:00:00.000000,1,48.73,BUY
WMT,2023-04-06T00:00:00.000000,1,48.73,BUY
WMT,2023-04-10T00:00:00.000000,1,48.73,BUY
WMT,2023-04-11T00:00:00.000000,1,48.73,BUY
WMT,2023-04-12T00:00:00.000000,1,48.73,BUY
WMT,2023-04-13T00:00:00.000000,1,48.73,BUY
WMT,2023-04-14T00:00:00.000000,0,48.73,SELL
WMT,2023-04-17T00:00:00.000000,0,48.73,SELL
WMT,2023-04-18T00:00:00.000000,0,46.09,SELL
WMT,2023-04-19T00:00:00.000000,0,46.09,SELL
WMT,2023-04-20T00:00:00.000000,0,46.09,SELL
WMT,2023-04-21T00:00:00.000000,0,48.73,SELL
WMT,2023-04-24T00:00:00.000000,0,48.73,SELL
WMT,2023-04-25T00:00:00.000000,0,48.73,SELL
WMT,2023-04-26T00:00:00.000000,1,48.73,BUY
WMT,2023-04-27T00:00:00.000000,1,48.73,BUY
WMT,2023-04-28T00:00:00.000000,1,48.73,BUY
WMT,2023-05-01T00:00:00.000000,1,48.73,BUY
WMT,2023-05-02T00:00:00.000000,1,48.73,BUY
WMT,2023-05-03T00:00:00.000000,1,48.73,BUY
WMT,2023-05-04T00:00:00.000000,1,48.73,BUY
WMT,2023-05-05T00:00:00.000000,1,50.44,BUY
WMT,2023-05-08T00:00:00.000000,1,50.44,BUY
WMT,2023-05-09T00:00:00.000000,1,50.44,BUY
WMT,2023-05-10T00:00:00.000000,1,50.44,BUY
WMT,2023-05-11T00:00:00.000000,1,50.44,BUY
WMT,2023-05-12T00:00:00.000000,1,48.73,BUY
WMT,2023-05-15T00:00:00.000000,1,48.73,BUY
WMT,2023-05-16T00:00:00.000000,1,48.73,BUY
WMT,2023-05-17T00:00:00.000000,1,48.73,BUY
WMT,2023-05-18T00:00:00.000000,1,48.73,BUY
WMT,2023-05-19T00:00:00.000000,1,48.73,BUY
WMT,2023-05-22T00:00:00.000000,1,48.73,BUY
WMT,2023-05-23T00:00:00.000000,1,48.73,BUY
WMT,2023-05-24T00:00:00.000000,0,48.73,SELL
WMT,2023-05-25T00:00:00.000000,0,46.09,SELL
WMT,2023-05-26T00:00:00.000000,0,46.09,SELL
WMT,2023-05-30T00:00:00.000000,0,42.94,SELL
WMT,2023-05-31T00:00:00.000000,0,42.94,SELL
WMT,2023-06-01T00:00:00.000000,0,42.94,SELL
WMT,2023-06-02T00:00:00.000000,0,42.94,SELL
WMT,2023-06-05T00:00:00.000000,0,42.94,SELL
WMT,2023-06-06T00:00:00.000000,0,42.94,SELL
WMT,2023-06-07T00:00:00.000000,0,42.94,SELL
WMT,2023-06-08T00:00:00.000000,0,39.62,SELL
WMT,2023-06-09T00:00:00.000000,0,39.62,SELL
WMT,2023-06-12T00:00:00.000000,0,39.62,SELL
WMT,2023-06-13T00:00:00.000000,0,39.62,SELL
WMT,2023-06-14T00:00:00.000000,0,39.62,SELL
WMT,2023-06-15T00:00:00.000000,0,42.94,SELL
WMT,2023-06-16T00:00:00.000000,0,46.09,SELL
WMT,2023-06-20T00:00:00.000000,0,46.09,SELL
WMT,2023-06-21T00:00:00.000000,0,48.73,SELL
WMT,2023-06-22T00:00:00.000000,1,48.73,BUY
WMT,2023-06-23T00:00:00.000000,1,48.73,BUY
WMT,2023-06-26T00:00:00.000000,1,48.73,BUY
WMT,2023-06-27T00:00:00.000000,1,48.73,BUY
WMT,2023-06-28T00:00:00.000000,1,50.44,BUY
WMT,2023-06-29T00:00:00.000000,1,50.44,BUY
WMT,2023-06-30T00:00:00.000000,1,50.44,BUY
WMT,2023-07-03T00:00:00.000000,1,50.44,BUY
WMT,2023-07-05T00:00:00.000000,1,48.73,BUY
WMT,2023-07-06T00:00:00.000000,1,48.73,BUY
WMT,2023-07-07T00:00:00.000000,1,48.73,BUY
WMT,2023-07-10T00:00:00.000000,1,48.73,BUY
WMT,2023-07-11T00:00:00.000000,1,48.73,BUY
WMT,2023-07-12T00:00:00.000000,0,48.73,SELL
WMT,2023-07-13T00:00:00.000000,0,46.09,SELL
WMT,2023-07-14T00:00:00.000000,0,46.09,SELL
WMT,2023-07-17T00:00:00.000000,0,42.94,SELL
WMT,2023-07-18T00:00:00.000000,0,42.94,SELL
WMT,2023-07-19T00:00:00.000000,0,42.94,SELL
WMT,2023-07-20T00:00:00.000000,0,42.94,SELL
WMT,2023-07-21T00:00:00.000000,0,39.62,SELL
WMT,2023-07-24T00:00:00.000000,0,39.62,SELL
WMT,2023-07-25T00:00:00.000000,0,39.62,SELL
WMT,2023-07-26T00:00:00.000000,0,39.62,SELL
WMT,2023-07-27T00:00:00.000000,0,39.62,SELL
WMT,2023-07-28T00:00:00.000000,0,42.94,SELL
WMT,2023-07-31T00:00:00.000000,0,42.94,SELL
WMT,2023-08-01T00:00:00.000000,0,42.94,SELL
WMT,2023-08-02T00:00:00.000000,0,42.94,SELL
WMT,2023-08-03T00:00:00.000000,0,42.94,SELL
WMT,2023-08-04T00:00:00.000000,0,46.09,SELL
WMT,2023-08-07T00:00:00.000000,0,46.09,SELL
WMT,2023-08-08T00:00:00.000000,0,46.09,SELL
WMT,2023-08-09T00:00:00.000000,0,46.09,SELL
WMT,2023-08-10T00:00:00.000000,0,48.73,SELL
WMT,2023-08-11T00:00:00.000000,1,48.73,BUY
WMT,2023-08-14T00:00:00.000000,1,48.73,BUY
WMT,2023-08-15T00:00:00.000000,1,48.73,BUY
WMT,2023-08-16T00:00:00.000000,1,48.73,BUY
WMT,2023-08-17T00:00:00.000000,1,48.73,BUY
WMT,2023-08-18T00:00:00.000000,1,48.73,BUY
WMT,2023-08-21T00:00:00.000000,1,48.73,BUY
WMT,2023-08-22T00:00:00.000000,1,48.73,BUY
WMT,2023-08-23T00:00:00.000000,1,48.73,BUY
WMT,2023-08-24T00:00:00.000000,0,48.73,SELL
WMT,2023-08-25T00:00:00.000000,1,48.73,BUY
WMT,2023-08-28T00:00:00.000000,0,48.73,SELL
WMT,2023-08-29T00:00:00.000000,0,48.73,SELL
WMT,2023-08-30T00:00:00.000000,0,46.09,SELL
WMT,2023-08-31T00:00:00.000000,0,42.94,SELL
WMT,2023-09-01T00:00:00.000000,0,42.94,SELL
WMT,2023-09-05T00:00:00.000000,0,42.94,SELL
WMT,2023-09-06T00:00:00.000000,0,42.94,SELL
WMT,2023-09-07T00:00:00.000000,0,42.94,SELL
WMT,2023-09-08T00:00:00.000000,0,42.94,SELL
WMT,2023-09-11T00:00:00.000000,0,42.94,SELL
WMT,2023-09-12T00:00:00.000000,0,42.94,SELL
WMT,2023-09-13T00:00:00.000000,0,46.09,SELL
WMT,2023-09-14T00:00:00.000000,0,46.09,SELL
WMT,2023-09-15T00:00:00.000000,0,48.73,SELL
WMT,2023-09-18T00:00:00.000000,1,48.73,BUY
WMT,2023-09-19T00:00:00.000000,1,48.73,BUY
WMT,2023-09-20T00:00:00.000000,1,50.44,BUY
WMT,2023-09-21T00:00:00.000000,1,50.44,BUY
WMT,2023-09-22T00:00:00.000000,1,50.44,BUY
WMT,2023-09-25T00:00:00.000000,1,50.69,BUY
WMT,2023-09-26T00:00:00.000000,1,50.69,BUY
WMT,2023-09-27T00:00:00.000000,1,50.69,BUY
WMT,2023-09-28T00:00:00.000000,1,50.69,BUY
WMT,2023-09-29T00:00:00.000000,1,50.69,BUY
WMT,2023-10-02T00:00:00.000000,1,50.69,BUY
WMT,2023-10-03T00:00:00.000000,1,50.69,BUY
WMT,2023-10-04T00:00:00.000000,1,50.69,BUY
WMT,2023-10-05T00:00:00.000000,1,50.69,BUY
WMT,2023-10-06T00:00:00.000000,1,50.69,BUY
WMT,2023-10-09T00:00:00.000000,1,50.44,BUY
WMT,2023-10-10T00:00:00.000000,1,50.44,BUY
WMT,2023-10-11T00:00:00.000000,1,48.73,BUY
WMT,2023-10-12T00:00:00.000000,1,48.73,BUY
WMT,2023-10-13T00:00:00.000000,0,48.73,SELL
WMT,2023-10-16T00:00:00.000000,0,48.73,SELL
WMT,2023-10-17T00:00:00.000000,0,48.73,SELL
WMT,2023-10-18T00:00:00.000000,0,48.73,SELL
WMT,2023-10-19T00:00:00.000000,0,48.73,SELL
WMT,2023-10-20T00:00:00.000000,1,48.73,BUY
WMT,2023-10-23T00:00:00.000000,1,50.44,BUY
WMT,2023-10-24T00:00:00.000000,1,50.44,BUY
WMT,2023-10-25T00:00:00.000000,1,50.69,BUY
WMT,2023-10-26T00:00:00.000000,1,50.69,BUY
WMT,2023-10-27T00:00:00.000000,1,50.69,BUY
WMT,2023-10-30T00:00:00.000000,1,50.69,BUY
WMT,2023-10-31T00:00:00.000000,1,50.69,BUY
WMT,2023-11-01T00:00:00.000000,1,50.69,BUY
WMT,2023-11-02T00:00:00.000000,1,50.69,BUY
WMT,2023-11-03T00:00:00.000000,1,50.69,BUY
WMT,2023-11-06T00:00:00.000000,1,50.69,BUY
WMT,2023-11-07T00:00:00.000000,1,50.69,BUY
WMT,2023-11-08T00:00:00.000000,1,50.69,BUY
WMT,2023-11-09T00:00:00.000000,1,50.44,BUY
WMT,2023-11-10T00:00:00.000000,1,48.73,BUY
WMT,2023-11-13T00:00:00.000000,0,46.09,SELL
WMT,2023-11-14T00:00:00.000000,0,42.94,SELL
WMT,2023-11-15T00:00:00.000000,0,42.94,SELL
WMT,2023-11-16T00:00:00.000000,0,42.94,SELL
WMT,2023-11-17T00:00:00.000000,0,42.94,SELL
WMT,2023-11-20T00:00:00.000000,0,40.0,SELL
WMT,2023-11-21T00:00:00.000000,0,39.62,SELL
WMT,2023-11-22T00:00:00.000000,0,39.62,SELL
WMT,2023-11-24T00:00:00.000000,0,39.62,SELL
WMT,2023-11-27T00:00:00.000000,0,39.62,SELL
WMT,2023-11-28T00:00:00.000000,0,39.62,SELL
WMT,2023-11-29T00:00:00.000000,0,39.62,SELL
WMT,2023-11-30T00:00:00.000000,0,39.62,SELL
WMT,2023-12-01T00:00:00.000000,0,39.62,SELL
WMT,2023-12-04T00:00:00.000000,0,39.62,SELL
WMT,2023-12-05T00:00:00.000000,0,39.62,SELL
WMT,2023-12-06T00:00:00.000000,0,39.62,SELL
WMT,2023-12-07T00:00:00.000000,0,39.62,SELL
WMT,2023-12-08T00:00:00.000000,0,39.62,SELL
WMT,2023-12-11T00:00:00.000000,0,39.62,SELL
WMT,2023-12-12T00:00:00.000000,0,39.62,SELL
WMT,2023-12-13T00:00:00.000000,0,39.62,SELL
WMT,2023-12-14T00:00:00.000000,0,39.62,SELL
WMT,2023-12-15T00:00:00.000000,0,39.62,SELL
WMT,2023-12-18T00:00:00.000000,0,39.62,SELL
WMT,2023-12-19T00:00:00.000000,0,39.62,SELL
WMT,2023-12-20T00:00:00.000000,0,39.62,SELL
WMT,2023-12-21T00:00:00.000000,0,39.62,SELL
WMT,2023-12-22T00:00:00.000000,0,39.62,SELL
WMT,2023-12-26T00:00:00.000000,0,39.62,SELL
WMT,2023-12-27T00:00:00.000000,0,39.62,SELL
WMT,2023-12-28T00:00:00.000000,0,39.62,SELL
WMT,2023-12-29T00:00:00.000000,0,39.62,SELL
WMT,2024-01-02T00:00:00.000000,0,39.62,SELL
WMT,2024-01-03T00:00:00.000000,0,42.94,SELL
WMT,2024-01-04T00:00:00.000000,0,42.94,SELL
WMT,2024-01-05T00:00:00.000000,0,46.09,SELL
WMT,2024-01-08T00:00:00.000000,0,48.73,SELL
WMT,2024-01-09T00:00:00.000000,1,48.73,BUY
WMT,2024-01-10T00:00:00.000000,1,48.73,BUY
WMT,2024-01-11T00:00:00.000000,1,48.73,BUY
WMT,2024-01-12T00:00:00.000000,1,48.73,BUY
WMT,2024-01-16T00:00:00.000000,1,50.44,BUY
WMT,2024-01-17T00:00:00.000000,1,50.44,BUY
WMT,2024-01-18T00:00:00.000000,1,50.69,BUY
WMT,2024-01-19T00:00:00.000000,1,50.44,BUY
WMT,2024-01-22T00:00:00.000000,1,50.44,BUY
WMT,2024-01-23T00:00:00.000000,1,50.44,BUY
WMT,2024-01-24T00:00:00.000000,1,50.44,BUY
WMT,2024-01-25T00:00:00.000000,1,48.73,BUY
WMT,2024-01-26T00:00:00.000000,1,48.73,BUY
WMT,2024-01-29T00:00:00.000000,1,48.73,BUY
WMT,2024-01-30T00:00:00.000000,1,48.73,BUY
WMT,2024-01-31T00:00:00.000000,1,48.73,BUY
WMT,2024-02-01T00:00:00.000000,1,50.44,BUY
WMT,2024-02-02T00:00:00.000000,1,50.44,BUY
WMT,2024-02-05T00:00:00.000000,1,50.44,BUY
WMT,2024-02-06T00:00:00.000000,1,50.44,BUY
WMT,2024-02-07T00:00:00.000000,1,50.44,BUY
WMT,2024-02-08T00:00:00.000000,1,50.44,BUY
WMT,2024-02-09T00:00:00.000000,1,50.44,BUY
WMT,2024-02-12T00:00:00.000000,1,50.44,BUY
WMT,2024-02-13T00:00:00.000000,1,50.44,BUY
WMT,2024-02-14T00:00:00.000000,1,50.69,BUY
WMT,2024-02-15T00:00:00.000000,1,50.44,BUY
WMT,2024-02-16T00:00:00.000000,1,50.44,BUY
WMT,2024-02-20T00:00:00.000000,1,50.44,BUY
WMT,2024-02-21T00:00:00.000000,1,48.73,BUY
WMT,2024-02-22T00:00:00.000000,0,48.73,SELL
WMT,2024-02-23T00:00:00.000000,0,46.09,SELL
WMT,2024-02-26T00:00:00.000000,0,46.09,SELL
WMT,2024-02-27T00:00:00.000000,0,42.94,SELL
WMT,2024-02-28T00:00:00.000000,0,42.94,SELL
WMT,2024-02-29T00:00:00.000000,0,42.94,SELL
WMT,2024-03-01T00:00:00.000000,0,42.94,SELL
WMT,2024-03-04T00:00:00.000000,0,42.94,SELL
WMT,2024-03-05T00:00:00.000000,0,42.94,SELL
WMT,2024-03-06T00:00:00.000000,0,42.94,SELL
WMT,2024-03-07T00:00:00.000000,0,42.94,SELL
WMT,2024-03-08T00:00:00.000000,0,42.94,SELL
WMT,2024-03-11T00:00:00.000000,0,42.94,SELL
WMT,2024-03-12T00:00:00.000000,0,42.94,SELL
WMT,2024-03-13T00:00:00.000000,0,42.94,SELL
WMT,2024-03-14T00:00:00.000000,0,42.94,SELL
WMT,2024-03-15T00:00:00.000000,0,40.0,SELL
WMT,2024-03-18T00:00:00.000000,0,42.94,SELL
WMT,2024-03-19T00:00:00.000000,0,42.94,SELL
WMT,2024-03-20T00:00:00.000000,0,42.94,SELL
WMT,2024-03-21T00:00:00.000000,0,42.94,SELL
WMT,2024-03-22T00:00:00.000000,0,42.94,SELL
WMT,2024-03-25T00:00:00.000000,0,42.94,SELL
WMT,2024-03-26T00:00:00.000000,0,42.94,SELL
WMT,2024-03-27T00:00:00.000000,0,42.94,SELL
WMT,2024-03-28T00:00:00.000000,0,42.94,SELL
WMT,2024-04-01T00:00:00.000000,0,42.94,SELL
WMT,2024-04-02T00:00:00.000000,0,42.94,SELL
WMT,2024-04-03T00:00:00.000000,0,42.94,SELL
WMT,2024-04-04T00:00:00.000000,0,42.94,SELL
WMT,2024-04-05T00:00:00.000000,0,42.94,SELL
WMT,2024-04-08T00:00:00.000000,0,42.94,SELL
WMT,2024-04-09T00:00:00.000000,0,46.09,SELL
WMT,2024-04-10T00:00:00.000000,0,46.09,SELL
WMT,2024-04-11T00:00:00.000000,0,46.09,SELL
WMT,2024-04-12T00:00:00.000000,0,46.09,SELL
WMT,2024-04-15T00:00:00.000000,0,48.73,SELL
WMT,2024-04-16T00:00:00.000000,0,48.73,SELL
WMT,2024-04-17T00:00:00.000000,1,48.73,BUY
WMT,2024-04-18T00:00:00.000000,1,48.73,BUY
WMT,2024-04-19T00:00:00.000000,1,48.73,BUY
WMT,2024-04-22T00:00:00.000000,1,48.73,BUY
WMT,2024-04-23T00:00:00.000000,1,48.73,BUY
WMT,2024-04-24T00:00:00.000000,1,48.73,BUY
WMT,2024-04-25T00:00:00.000000,1,48.73,BUY
WMT,2024-04-26T00:00:00.000000,1,48.73,BUY
WMT,2024-04-29T00:00:00.000000,1,48.73,BUY
WMT,2024-04-30T00:00:00.000000,0,48.73,SELL
WMT,2024-05-01T00:00:00.000000,0,46.09,SELL
WMT,2024-05-02T00:00:00.000000,0,46.09,SELL
WMT,2024-05-03T00:00:00.000000,0,42.94,SELL
WMT,2024-05-06T00:00:00.000000,0,46.09,SELL
WMT,2024-05-07T00:00:00.000000,0,42.94,SELL
WMT,2024-05-08T00:00:00.000000,0,42.94,SELL
WMT,2024-05-09T00:00:00.000000,0,42.94,SELL
WMT,2024-05-10T00:00:00.000000,0,39.62,SELL
WMT,2024-05-13T00:00:00.000000,0,39.62,SELL
WMT,2024-05-14T00:00:00.000000,0,39.62,SELL
WMT,2024-05-15T00:00:00.000000,0,39.62,SELL
WMT,2024-05-16T00:00:00.000000,0,39.62,SELL
WMT,2024-05-17T00:00:00.000000,0,42.94,SELL
WMT,2024-05-20T00:00:00.000000,0,42.94,SELL
WMT,2024-05-21T00:00:00.000000,0,46.09,SELL
WMT,2024-05-22T00:00:00.000000,0,48.73,SELL
WMT,2024-05-23T00:00:00.000000,1,48.73,BUY
WMT,2024-05-24T00:00:00.000000,1,48.73,BUY
WMT,2024-05-28T00:00:00.000000,1,48.73,BUY
WMT,2024-05-29T00:00:00.000000,1,50.44,BUY
WMT,2024-05-30T00:00:00.000000,1,50.44,BUY
WMT,2024-05-31T00:00:00.000000,1,50.44,BUY
WMT,2024-06-03T00:00:00.000000,1,50.44,BUY
WMT,2024-06-04T00:00:00.000000,1,50.44,BUY
WMT,2024-06-05T00:00:00.000000,1,50.44,BUY
WMT,2024-06-06T00:00:00.000000,1,50.69,BUY
WMT,2024-06-07T00:00:00.000000,1,50.69,BUY
WMT,2024-06-10T00:00:00.000000,1,50.69,BUY
WMT,2024-06-11T00:00:00.000000,1,50.44,BUY
WMT,2024-06-12T00:00:00.000000,1,50.44,BUY
WMT,2024-06-13T00:00:00.000000,1,50.44,BUY
WMT,2024-06-14T00:00:00.000000,1,48.73,BUY
WMT,2024-06-17T00:00:00.000000,1,50.44,BUY
WMT,2024-06-18T00:00:00.000000,1,50.44,BUY
WMT,2024-06-20T00:00:00.000000,1,50.44,BUY
WMT,2024-06-21T00:00:00.000000,1,50.44,BUY
WMT,2024-06-24T00:00:00.000000,1,50.44,BUY
WMT,2024-06-25T00:00:00.000000,1,50.44,BUY
WMT,2024-06-26T00:00:00.000000,1,50.44,BUY
WMT,2024-06-27T00:00:00.000000,1,50.44,BUY
WMT,2024-06-28T00:00:00.000000,1,50.44,BUY
WMT,2024-07-01T00:00:00.000000,1,50.44,BUY
WMT,2024-07-02T00:00:00.000000,1,50.44,BUY
WMT,2024-07-03T00:00:00.000000,1,50.44,BUY
WMT,2024-07-05T00:00:00.000000,1,50.44,BUY
WMT,2024-07-08T00:00:00.000000,1,50.44,BUY
WMT,2024-07-09T00:00:00.000000,1,50.44,BUY
WMT,2024-07-10T00:00:00.000000,1,50.44,BUY
WMT,2024-07-11T00:00:00.000000,1,50.44,BUY
WMT,2024-07-12T00:00:00.000000,1,50.44,BUY
WMT,2024-07-15T00:00:00.000000,1,48.73,BUY
WMT,2024-07-16T00:00:00.000000,0,48.73,SELL
WMT,2024-07-17T00:00:00.000000,0,46.09,SELL
WMT,2024-07-18T00:00:00.000000,0,46.09,SELL
WMT,2024-07-19T00:00:00.000000,0,46.09,SELL
WMT,2024-07-22T00:00:00.000000,1,48.73,BUY
WMT,2024-07-23T00:00:00.000000,1,50.44,BUY
WMT,2024-07-24T00:00:00.000000,1,50.44,BUY
WMT,2024-07-25T00:00:00.000000,1,50.44,BUY
WMT,2024-07-26T00:00:00.000000,1,50.44,BUY
WMT,2024-07-29T00:00:00.000000,1,50.44,BUY
WMT,2024-07-30T00:00:00.000000,1,50.44,BUY
WMT,2024-07-31T00:00:00.000000,1,50.44,BUY
WMT,2024-08-01T00:00:00.000000,1,50.44,BUY
WMT,2024-08-02T00:00:00.000000,1,50.44,BUY
WMT,2024-08-05T00:00:00.000000,1,50.44,BUY
WMT,2024-08-06T00:00:00.000000,1,48.73,BUY
WMT,2024-08-07T00:00:00.000000,1,48.73,BUY
WMT,2024-08-08T00:00:00.000000,1,48.73,BUY
WMT,2024-08-09T00:00:00.000000,0,48.73,SELL
WMT,2024-08-12T00:00:00.000000,0,48.73,SELL
WMT,2024-08-13T00:00:00.000000,0,46.09,SELL
WMT,2024-08-14T00:00:00.000000,0,42.94,SELL
WMT,2024-08-15T00:00:00.000000,0,39.62,SELL
WMT,2024-08-16T00:00:00.000000,0,39.62,SELL
WMT,2024-08-19T00:00:00.000000,0,39.62,SELL
WMT,2024-08-20T00:00:00.000000,0,39.62,SELL
WMT,2024-08-21T00:00:00.000000,0,39.62,SELL
WMT,2024-08-22T00:00:00.000000,0,42.94,SELL
WMT,2024-08-23T00:00:00.000000,0,42.94,SELL
WMT,2024-08-26T00:00:00.000000,0,42.94,SELL
WMT,2024-08-27T00:00:00.000000,0,46.09,SELL
WMT,2024-08-28T00:00:00.000000,0,42.94,SELL
WMT,2024-08-29T00:00:00.000000,0,46.09,SELL
WMT,2024-08-30T00:00:00.000000,0,46.09,SELL
WMT,2024-09-03T00:00:00.000000,0,46.09,SELL
WMT,2024-09-04T00:00:00.000000,0,46.09,SELL
WMT,2024-09-05T00:00:00.000000,0,48.73,SELL
WMT,2024-09-06T00:00:00.000000,1,48.73,BUY
WMT,2024-09-09T00:00:00.000000,1,48.73,BUY
WMT,2024-09-10T00:00:00.000000,1,50.44,BUY
WMT,2024-09-11T00:00:00.000000,1,50.44,BUY
WMT,2024-09-12T00:00:00.000000,1,50.44,BUY
WMT,2024-09-13T00:00:00.000000,1,50.44,BUY
WMT,2024-09-16T00:00:00.000000,1,50.69,BUY
WMT,2024-09-17T00:00:00.000000,1,50.69,BUY
WMT,2024-09-18T00:00:00.000000,1,50.69,BUY
WMT,2024-09-19T00:00:00.000000,1,50.69,BUY
WMT,2024-09-20T00:00:00.000000,1,50.44,BUY
WMT,2024-09-23T00:00:00.000000,1,48.73,BUY
WMT,2024-09-24T00:00:00.000000,1,48.73,BUY
WMT,2024-09-25T00:00:00.000000,1,48.73,BUY
WMT,2024-09-26T00:00:00.000000,1,48.73,BUY
WMT,2024-09-27T00:00:00.000000,1,48.73,BUY
WMT,2024-09-30T00:00:00.000000,1,48.73,BUY
WMT,2024-10-01T00:00:00.000000,1,48.73,BUY
WMT,2024-10-02T00:00:00.000000,1,48.73,BUY
WMT,2024-10-03T00:00:00.000000,0,48.73,SELL
WMT,2024-10-04T00:00:00.000000,1,48.73,BUY
WMT,2024-10-07T00:00:00.000000,1,48.73,BUY
WMT,2024-10-08T00:00:00.000000,1,48.73,BUY
WMT,2024-10-09T00:00:00.000000,1,48.73,BUY
WMT,2024-10-10T00:00:00.000000,1,48.73,BUY
WMT,2024-10-11T00:00:00.000000,1,48.73,BUY
WMT,2024-10-14T00:00:00.000000,0,48.73,SELL
WMT,2024-10-15T00:00:00.000000,0,46.09,SELL
WMT,2024-10-16T00:00:00.000000,0,46.09,SELL
WMT,2024-10-17T00:00:00.000000,0,46.09,SELL
WMT,2024-10-18T00:00:00.000000,0,46.09,SELL
WMT,2024-10-21T00:00:00.000000,0,46.09,SELL
WMT,2024-10-22T00:00:00.000000,0,48.73,SELL
WMT,2024-10-23T00:00:00.000000,0,48.73,SELL
WMT,2024-10-24T00:00:00.000000,0,48.73,SELL
WMT,2024-10-25T00:00:00.000000,1,48.73,BUY
WMT,2024-10-28T00:00:00.000000,1,48.73,BUY
WMT,2024-10-29T00:00:00.000000,1,50.44,BUY
WMT,2024-10-30T00:00:00.000000,1,50.44,BUY
WMT,2024-10-31T00:00:00.000000,1,50.44,BUY
WMT,2024-11-01T00:00:00.000000,1,50.44,BUY
WMT,2024-11-04T00:00:00.000000,1,50.44,BUY
WMT,2024-11-05T00:00:00.000000,1,50.44,BUY
WMT,2024-11-06T00:00:00.000000,1,50.44,BUY
WMT,2024-11-07T00:00:00.000000,1,50.44,BUY
WMT,2024-11-08T00:00:00.000000,1,48.73,BUY
WMT,2024-11-11T00:00:00.000000,1,48.73,BUY
WMT,2024-11-12T00:00:00.000000,0,48.73,SELL
WMT,2024-11-13T00:00:00.000000,0,48.73,SELL
WMT,2024-11-14T00:00:00.000000,0,48.73,SELL
WMT,2024-11-15T00:00:00.000000,0,46.09,SELL
WMT,2024-11-18T00:00:00.000000,0,46.09,SELL
WMT,2024-11-19T00:00:00.000000,0,46.09,SELL
WMT,2024-11-20T00:00:00.000000,0,42.94,SELL
WMT,2024-11-21T00:00:00.000000,0,42.94,SELL
WMT,2024-11-22T00:00:00.000000,0,42.94,SELL
WMT,2024-11-25T00:00:00.000000,0,42.94,SELL
WMT,2024-11-26T00:00:00.000000,0,42.94,SELL
WMT,2024-11-27T00:00:00.000000,0,46.09,SELL
WMT,2024-11-29T00:00:00.000000,0,46.09,SELL
WMT,2024-12-02T00:00:00.000000,0,46.09,SELL
WMT,2024-12-03T00:00:00.000000,0,46.09,SELL
WMT,2024-12-04T00:00:00.000000,0,42.94,SELL
WMT,2024-12-05T00:00:00.000000,0,42.94,SELL
WMT,2024-12-06T00:00:00.000000,0,42.94,SELL
WMT,2024-12-09T00:00:00.000000,0,46.09,SELL
WMT,2024-12-10T00:00:00.000000,0,46.09,SELL
WMT,2024-12-11T00:00:00.000000,0,46.09,SELL
WMT,2024-12-12T00:00:00.000000,0,48.73,SELL
WMT,2024-12-13T00:00:00.000000,0,48.73,SELL
WMT,2024-12-16T00:00:00.000000,0,48.73,SELL
WMT,2024-12-17T00:00:00.000000,1,48.73,BUY
WMT,2024-12-18T00:00:00.000000,1,48.73,BUY
WMT,2024-12-19T00:00:00.000000,1,50.44,BUY
WMT,2024-12-20T00:00:00.000000,1,50.44,BUY
XOM,2023-02-21T00:00:00.000000,0,42.94,SELL
XOM,2023-02-22T00:00:00.000000,0,46.09,SELL
XOM,2023-02-23T00:00:00.000000,0,48.73,SELL
XOM,2023-02-24T00:00:00.000000,1,48.73,BUY
XOM,2023-02-27T00:00:00.000000,1,48.73,BUY
XOM,2023-02-28T00:00:00.000000,1,48.73,BUY
XOM,2023-03-01T00:00:00.000000,1,50.44,BUY
XOM,2023-03-02T00:00:00.000000,1,50.69,BUY
XOM,2023-03-03T00:00:00.000000,1,50.69,BUY
XOM,2023-03-06T00:00:00.000000,1,50.44,BUY
XOM,2023-03-07T00:00:00.000000,1,50.44,BUY
XOM,2023-03-08T00:00:00.000000,1,50.44,BUY
XOM,2023-03-09T00:00:00.000000,1,48.73,BUY
XOM,2023-03-10T00:00:00.000000,1,50.44,BUY
XOM,2023-03-13T00:00:00.000000,1,50.44,BUY
XOM,2023-03-14T00:00:00.000000,1,50.44,BUY
XOM,2023-03-15T00:00:00.000000,1,50.44,BUY
XOM,2023-03-16T00:00:00.000000,1,50.44,BUY
XOM,2023-03-17T00:00:00.000000,1,48.73,BUY
XOM,2023-03-20T00:00:00.000000,1,48.73,BUY
XOM,2023-03-21T00:00:00.000000,1,48.73,BUY
XOM,2023-03-22T00:00:00.000000,1,48.73,BUY
XOM,2023-03-23T00:00:00.000000,1,50.44,BUY
XOM,2023-03-24T00:00:00.000000,1,48.73,BUY
XOM,2023-03-27T00:00:00.000000,0,48.73,SELL
XOM,2023-03-28T00:00:00.000000,0,46.09,SELL
XOM,2023-03-29T00:00:00.000000,0,42.94,SELL
XOM,2023-03-30T00:00:00.000000,0,42.94,SELL
XOM,2023-03-31T00:00:00.000000,0,46.09,SELL
XOM,2023-04-03T00:00:00.000000,1,48.73,BUY
XOM,2023-04-04T00:00:00.000000,1,48.73,BUY
XOM,2023-04-05T00:00:00.000000,1,48.73,BUY
XOM,2023-04-06T00:00:00.000000,1,48.73,BUY
XOM,2023-04-10T00:00:00.000000,1,48.73,BUY
XOM,2023-04-11T00:00:00.000000,1,48.73,BUY
XOM,2023-04-12T00:00:00.000000,1,48.73,BUY
XOM,2023-04-13T00:00:00.000000,1,48.73,BUY
XOM,2023-04-14T00:00:00.000000,1,48.73,BUY
XOM,2023-04-17T00:00:00.000000,1,48.73,BUY
XOM,2023-04-18T00:00:00.000000,1,48.73,BUY
XOM,2023-04-19T00:00:00.000000,1,48.73,BUY
XOM,2023-04-20T00:00:00.000000,1,48.73,BUY
XOM,2023-04-21T00:00:00.000000,1,48.73,BUY
XOM,2023-04-24T00:00:00.000000,1,48.73,BUY
XOM,2023-04-25T00:00:00.000000,1,48.73,BUY
XOM,2023-04-26T00:00:00.000000,1,48.73,BUY
XOM,2023-04-27T00:00:00.000000,1,50.44,BUY
XOM,2023-04-28T00:00:00.000000,1,50.44,BUY
XOM,2023-05-01T00:00:00.000000,1,48.73,BUY
XOM,2023-05-02T00:00:00.000000,1,48.73,BUY
XOM,2023-05-03T00:00:00.000000,1,48.73,BUY
XOM,2023-05-04T00:00:00.000000,1,48.73,BUY
XOM,2023-05-05T00:00:00.000000,1,48.73,BUY
XOM,2023-05-08T00:00:00.000000,1,48.73,BUY
XOM,2023-05-09T00:00:00.000000,1,50.44,BUY
XOM,2023-05-10T00:00:00.000000,1,50.44,BUY
XOM,2023-05-11T00:00:00.000000,1,48.73,BUY
XOM,2023-05-12T00:00:00.000000,0,48.73,SELL
XOM,2023-05-15T00:00:00.000000,0,46.09,SELL
XOM,2023-05-16T00:00:00.000000,0,42.94,SELL
XOM,2023-05-17T00:00:00.000000,0,42.94,SELL
XOM,2023-05-18T00:00:00.000000,0,46.09,SELL
XOM,2023-05-19T00:00:00.000000,0,46.09,SELL
XOM,2023-05-22T00:00:00.000000,0,48.73,SELL
XOM,2023-05-23T00:00:00.000000,0,46.09,SELL
XOM,2023-05-24T00:00:00.000000,0,46.09,SELL
XOM,2023-05-25T00:00:00.000000,0,42.94,SELL
XOM,2023-05-26T00:00:00.000000,0,42.94,SELL
XOM,2023-05-30T00:00:00.000000,0,42.94,SELL
XOM,2023-05-31T00:00:00.000000,0,42.94,SELL
XOM,2023-06-01T00:00:00.000000,0,42.94,SELL
XOM,2023-06-02T00:00:00.000000,0,46.09,SELL
XOM,2023-06-05T00:00:00.000000,0,46.09,SELL
XOM,2023-06-06T00:00:00.000000,0,46.09,SELL
XOM,2023-06-07T00:00:00.000000,0,42.94,SELL
XOM,2023-06-08T00:00:00.000000,0,42.94,SELL
XOM,2023-06-09T00:00:00.000000,0,39.62,SELL
XOM,2023-06-12T00:00:00.000000,0,39.62,SELL
XOM,2023-06-13T00:00:00.000000,0,39.62,SELL
XOM,2023-06-14T00:00:00.000000,0,42.94,SELL
XOM,2023-06-15T00:00:00.000000,0,42.94,SELL
XOM,2023-06-16T00:00:00.000000,0,42.94,SELL
XOM,2023-06-20T00:00:00.000000,0,42.94,SELL
XOM,2023-06-21T00:00:00.000000,0,42.94,SELL
XOM,2023-06-22T00:00:00.000000,0,42.94,SELL
XOM,2023-06-23T00:00:00.000000,0,42.94,SELL
XOM,2023-06-26T00:00:00.000000,0,42.94,SELL
XOM,2023-06-27T00:00:00.000000,0,42.94,SELL
XOM,2023-06-28T00:00:00.000000,0,42.94,SELL
XOM,2023-06-29T00:00:00.000000,0,42.94,SELL
XOM,2023-06-30T00:00:00.000000,0,42.94,SELL
XOM,2023-07-03T00:00:00.000000,0,42.94,SELL
XOM,2023-07-05T00:00:00.000000,0,42.94,SELL
XOM,2023-07-06T00:00:00.000000,0,46.09,SELL
XOM,2023-07-07T00:00:00.000000,0,46.09,SELL
XOM,2023-07-10T00:00:00.000000,0,46.09,SELL
XOM,2023-07-11T00:00:00.000000,0,46.09,SELL
XOM,2023-07-12T00:00:00.000000,0,46.09,SELL
XOM,2023-07-13T00:00:00.000000,0,46.09,SELL
XOM,2023-07-14T00:00:00.000000,0,46.09,SELL
XOM,2023-07-17T00:00:00.000000,0,46.09,SELL
XOM,2023-07-18T00:00:00.000000,0,46.09,SELL
XOM,2023-07-19T00:00:00.000000,0,42.94,SELL
XOM,2023-07-20T00:00:00.000000,0,42.94,SELL
XOM,2023-07-21T00:00:00.000000,0,42.94,SELL
XOM,2023-07-24T00:00:00.000000,0,42.94,SELL
XOM,2023-07-25T00:00:00.000000,0,42.94,SELL
XOM,2023-07-26T00:00:00.000000,0,42.94,SELL
XOM,2023-07-27T00:00:00.000000,0,42.94,SELL
XOM,2023-07-28T00:00:00.000000,0,42.94,SELL
XOM,2023-07-31T00:00:00.000000,0,42.94,SELL
XOM,2023-08-01T00:00:00.000000,0,42.94,SELL
XOM,2023-08-02T00:00:00.000000,0,46.09,SELL
XOM,2023-08-03T00:00:00.000000,0,46.09,SELL
XOM,2023-08-04T00:00:00.000000,0,46.09,SELL
XOM,2023-08-07T00:00:00.000000,0,48.73,SELL
XOM,2023-08-08T00:00:00.000000,0,48.73,SELL
XOM,2023-08-09T00:00:00.000000,1,48.73,BUY
XOM,2023-08-10T00:00:00.000000,1,48.73,BUY
XOM,2023-08-11T00:00:00.000000,1,50.44,BUY
XOM,2023-08-14T00:00:00.000000,1,50.44,BUY
XOM,2023-08-15T00:00:00.000000,1,50.44,BUY
XOM,2023-08-16T00:00:00.000000,1,50.44,BUY
XOM,2023-08-17T00:00:00.000000,1,50.44,BUY
XOM,2023-08-18T00:00:00.000000,1,50.44,BUY
XOM,2023-08-21T00:00:00.000000,1,50.44,BUY
XOM,2023-08-22T00:00:00.000000,1,50.44,BUY
XOM,2023-08-23T00:00:00.000000,1,50.69,BUY
XOM,2023-08-24T00:00:00.000000,1,50.69,BUY
XOM,2023-08-25T00:00:00.000000,1,50.69,BUY
XOM,2023-08-28T00:00:00.000000,1,50.69,BUY
XOM,2023-08-29T00:00:00.000000,1,50.69,BUY
XOM,2023-08-30T00:00:00.000000,1,50.44,BUY
XOM,2023-08-31T00:00:00.000000,1,50.44,BUY
XOM,2023-09-01T00:00:00.000000,1,48.73,BUY
XOM,2023-09-05T00:00:00.000000,1,48.73,BUY
XOM,2023-09-06T00:00:00.000000,0,48.73,SELL
XOM,2023-09-07T00:00:00.000000,0,48.73,SELL
XOM,2023-09-08T00:00:00.000000,1,48.73,BUY
XOM,2023-09-11T00:00:00.000000,1,48.73,BUY
XOM,2023-09-12T00:00:00.000000,1,48.73,BUY
XOM,2023-09-13T00:00:00.000000,1,48.73,BUY
XOM,2023-09-14T00:00:00.000000,1,48.73,BUY
XOM,2023-09-15T00:00:00.000000,1,48.73,BUY
XOM,2023-09-18T00:00:00.000000,1,48.73,BUY
XOM,2023-09-19T00:00:00.000000,1,48.73,BUY
XOM,2023-09-20T00:00:00.000000,1,48.73,BUY
XOM,2023-09-21T00:00:00.000000,1,48.73,BUY
XOM,2023-09-22T00:00:00.000000,1,48.73,BUY
XOM,2023-09-25T00:00:00.000000,1,48.73,BUY
XOM,2023-09-26T00:00:00.000000,1,48.73,BUY
XOM,2023-09-27T00:00:00.000000,1,50.44,BUY
XOM,2023-09-28T00:00:00.000000,1,50.44,BUY
XOM,2023-09-29T00:00:00.000000,1,50.44,BUY
XOM,2023-10-02T00:00:00.000000,1,50.44,BUY
XOM,2023-10-03T00:00:00.000000,1,50.44,BUY
XOM,2023-10-04T00:00:00.000000,1,50.44,BUY
XOM,2023-10-05T00:00:00.000000,1,50.44,BUY
XOM,2023-10-06T00:00:00.000000,1,48.73,BUY
XOM,2023-10-09T00:00:00.000000,1,48.73,BUY
XOM,2023-10-10T00:00:00.000000,1,48.73,BUY
XOM,2023-10-11T00:00:00.000000,1,48.73,BUY
XOM,2023-10-12T00:00:00.000000,1,48.73,BUY
XOM,2023-10-13T00:00:00.000000,1,48.73,BUY
XOM,2023-10-16T00:00:00.000000,0,48.73,SELL
XOM,2023-10-17T00:00:00.000000,0,48.73,SELL
XOM,2023-10-18T00:00:00.000000,0,46.09,SELL
XOM,2023-10-19T00:00:00.000000,0,48.73,SELL
XOM,2023-10-20T00:00:00.000000,1,48.73,BUY
XOM,2023-10-23T00:00:00.000000,1,50.44,BUY
XOM,2023-10-24T00:00:00.000000,1,50.44,BUY
XOM,2023-10-25T00:00:00.000000,1,50.69,BUY
XOM,2023-10-26T00:00:00.000000,1,50.69,BUY
XOM,2023-10-27T00:00:00.000000,1,50.69,BUY
XOM,2023-10-30T00:00:00.000000,1,50.69,BUY
XOM,2023-10-31T00:00:00.000000,1,50.69,BUY
XOM,2023-11-01T00:00:00.000000,1,50.69,BUY
XOM,2023-11-02T00:00:00.000000,1,50.69,BUY
XOM,2023-11-03T00:00:00.000000,1,50.69,BUY
XOM,2023-11-06T00:00:00.000000,1,50.69,BUY
XOM,2023-11-07T00:00:00.000000,1,50.69,BUY
XOM,2023-11-08T00:00:00.000000,1,50.44,BUY
XOM,2023-11-09T00:00:00.000000,1,48.73,BUY
XOM,2023-11-10T00:00:00.000000,0,48.73,SELL
XOM,2023-11-13T00:00:00.000000,0,46.09,SELL
XOM,2023-11-14T00:00:00.000000,0,42.94,SELL
XOM,2023-11-15T00:00:00.000000,0,39.62,SELL
XOM,2023-11-16T00:00:00.000000,0,39.62,SELL
XOM,2023-11-17T00:00:00.000000,0,39.62,SELL
XOM,2023-11-20T00:00:00.000000,0,39.62,SELL
XOM,2023-11-21T00:00:00.000000,0,39.62,SELL
XOM,2023-11-22T00:00:00.000000,0,39.62,SELL
XOM,2023-11-24T00:00:00.000000,0,39.62,SELL
XOM,2023-11-27T00:00:00.000000,0,39.62,SELL
XOM,2023-11-28T00:00:00.000000,0,39.62,SELL
XOM,2023-11-29T00:00:00.000000,0,39.62,SELL
XOM,2023-11-30T00:00:00.000000,0,39.62,SELL
XOM,2023-12-01T00:00:00.000000,0,39.62,SELL
XOM,2023-12-04T00:00:00.000000,0,39.62,SELL
XOM,2023-12-05T00:00:00.000000,0,42.94,SELL
XOM,2023-12-06T00:00:00.000000,0,42.94,SELL
XOM,2023-12-07T00:00:00.000000,0,42.94,SELL
XOM,2023-12-08T00:00:00.000000,0,42.94,SELL
XOM,2023-12-11T00:00:00.000000,0,42.94,SELL
XOM,2023-12-12T00:00:00.000000,0,42.94,SELL
XOM,2023-12-13T00:00:00.000000,0,39.62,SELL
XOM,2023-12-14T00:00:00.000000,0,39.62,SELL
XOM,2023-12-15T00:00:00.000000,0,39.62,SELL
XOM,2023-12-18T00:00:00.000000,0,39.62,SELL
XOM,2023-12-19T00:00:00.000000,0,39.62,SELL
XOM,2023-12-20T00:00:00.000000,0,39.62,SELL
XOM,2023-12-21T00:00:00.000000,0,39.62,SELL
XOM,2023-12-22T00:00:00.000000,0,39.62,SELL
XOM,2023-12-26T00:00:00.000000,0,39.62,SELL
XOM,2023-12-27T00:00:00.000000,0,39.62,SELL
XOM,2023-12-28T00:00:00.000000,0,39.62,SELL
XOM,2023-12-29T00:00:00.000000,0,39.62,SELL
XOM,2024-01-02T00:00:00.000000,0,40.0,SELL
XOM,2024-01-03T00:00:00.000000,0,42.94,SELL
XOM,2024-01-04T00:00:00.000000,0,42.94,SELL
XOM,2024-01-05T00:00:00.000000,0,42.94,SELL
XOM,2024-01-08T00:00:00.000000,0,42.94,SELL
XOM,2024-01-09T00:00:00.000000,0,46.09,SELL
XOM,2024-01-10T00:00:00.000000,0,46.09,SELL
XOM,2024-01-11T00:00:00.000000,0,46.09,SELL
XOM,2024-01-12T00:00:00.000000,0,46.09,SELL
XOM,2024-01-16T00:00:00.000000,0,46.09,SELL
XOM,2024-01-17T00:00:00.000000,0,46.09,SELL
XOM,2024-01-18T00:00:00.000000,0,46.09,SELL
XOM,2024-01-19T00:00:00.000000,0,46.09,SELL
XOM,2024-01-22T00:00:00.000000,0,42.94,SELL
XOM,2024-01-23T00:00:00.000000,0,42.94,SELL
XOM,2024-01-24T00:00:00.000000,0,42.94,SELL
XOM,2024-01-25T00:00:00.000000,0,39.62,SELL
XOM,2024-01-26T00:00:00.000000,0,39.62,SELL
XOM,2024-01-29T00:00:00.000000,0,39.62,SELL
XOM,2024-01-30T00:00:00.000000,0,42.94,SELL
XOM,2024-01-31T00:00:00.000000,0,42.94,SELL
XOM,2024-02-01T00:00:00.000000,0,42.94,SELL
XOM,2024-02-02T00:00:00.000000,0,42.94,SELL
XOM,2024-02-05T00:00:00.000000,0,46.09,SELL
XOM,2024-02-06T00:00:00.000000,0,48.73,SELL
XOM,2024-02-07T00:00:00.000000,0,48.73,SELL
XOM,2024-02-08T00:00:00.000000,1,48.73,BUY
XOM,2024-02-09T00:00:00.000000,1,48.73,BUY
XOM,2024-02-12T00:00:00.000000,1,50.44,BUY
XOM,2024-02-13T00:00:00.000000,1,50.69,BUY
XOM,2024-02-14T00:00:00.000000,1,50.69,BUY
XOM,2024-02-15T00:00:00.000000,1,50.69,BUY
XOM,2024-02-16T00:00:00.000000,1,50.69,BUY
XOM,2024-02-20T00:00:00.000000,1,50.44,BUY
XOM,2024-02-21T00:00:00.000000,1,48.73,BUY
XOM,2024-02-22T00:00:00.000000,0,48.73,SELL
XOM,2024-02-23T00:00:00.000000,0,48.73,SELL
XOM,2024-02-26T00:00:00.000000,0,48.73,SELL
XOM,2024-02-27T00:00:00.000000,0,46.09,SELL
XOM,2024-02-28T00:00:00.000000,0,46.09,SELL
XOM,2024-02-29T00:00:00.000000,0,46.09,SELL
XOM,2024-03-01T00:00:00.000000,0,46.09,SELL
XOM,2024-03-04T00:00:00.000000,0,46.09,SELL
XOM,2024-03-05T00:00:00.000000,0,46.09,SELL
XOM,2024-03-06T00:00:00.000000,0,42.94,SELL
XOM,2024-03-07T00:00:00.000000,0,46.09,SELL
XOM,2024-03-08T00:00:00.000000,0,46.09,SELL
XOM,2024-03-11T00:00:00.000000,0,42.94,SELL
XOM,2024-03-12T00:00:00.000000,0,42.94,SELL
XOM,2024-03-13T00:00:00.000000,0,42.94,SELL
XOM,2024-03-14T00:00:00.000000,0,46.09,SELL
XOM,2024-03-15T00:00:00.000000,0,42.94,SELL
XOM,2024-03-18T00:00:00.000000,0,46.09,SELL
XOM,2024-03-19T00:00:00.000000,0,46.09,SELL
XOM,2024-03-20T00:00:00.000000,0,46.09,SELL
XOM,2024-03-21T00:00:00.000000,0,46.09,SELL
XOM,2024-03-22T00:00:00.000000,0,48.73,SELL
XOM,2024-03-25T00:00:00.000000,0,48.73,SELL
XOM,2024-03-26T00:00:00.000000,0,46.09,SELL
XOM,2024-03-27T00:00:00.000000,0,46.09,SELL
XOM,2024-03-28T00:00:00.000000,0,46.09,SELL
XOM,2024-04-01T00:00:00.000000,0,46.09,SELL
XOM,2024-04-02T00:00:00.000000,0,46.09,SELL
XOM,2024-04-03T00:00:00.000000,0,48.73,SELL
XOM,2024-04-04T00:00:00.000000,0,48.73,SELL
XOM,2024-04-05T00:00:00.000000,1,48.73,BUY
XOM,2024-04-08T00:00:00.000000,1,50.44,BUY
XOM,2024-04-09T00:00:00.000000,1,50.44,BUY
XOM,2024-04-10T00:00:00.000000,1,50.44,BUY
XOM,2024-04-11T00:00:00.000000,1,50.44,BUY
XOM,2024-04-12T00:00:00.000000,1,50.44,BUY
XOM,2024-04-15T00:00:00.000000,1,50.44,BUY
XOM,2024-04-16T00:00:00.000000,1,50.69,BUY
XOM,2024-04-17T00:00:00.000000,1,50.69,BUY
XOM,2024-04-18T00:00:00.000000,1,50.69,BUY
XOM,2024-04-19T00:00:00.000000,1,50.69,BUY
XOM,2024-04-22T00:00:00.000000,1,50.69,BUY
XOM,2024-04-23T00:00:00.000000,1,50.69,BUY
XOM,2024-04-24T00:00:00.000000,1,50.69,BUY
XOM,2024-04-25T00:00:00.000000,1,50.69,BUY
XOM,2024-04-26T00:00:00.000000,1,50.69,BUY
XOM,2024-04-29T00:00:00.000000,1,50.69,BUY
XOM,2024-04-30T00:00:00.000000,1,50.69,BUY
XOM,2024-05-01T00:00:00.000000,1,50.44,BUY
XOM,2024-05-02T00:00:00.000000,1,50.44,BUY
XOM,2024-05-03T00:00:00.000000,1,50.44,BUY
XOM,2024-05-06T00:00:00.000000,1,48.73,BUY
XOM,2024-05-07T00:00:00.000000,0,48.73,SELL
XOM,2024-05-08T00:00:00.000000,0,48.73,SELL
XOM,2024-05-09T00:00:00.000000,0,46.09,SELL
XOM,2024-05-10T00:00:00.000000,0,42.94,SELL
XOM,2024-05-13T00:00:00.000000,0,40.0,SELL
XOM,2024-05-14T00:00:00.000000,0,39.62,SELL
XOM,2024-05-15T00:00:00.000000,0,39.62,SELL
XOM,2024-05-16T00:00:00.000000,0,39.62,SELL
XOM,2024-05-17T00:00:00.000000,0,42.94,SELL
XOM,2024-05-20T00:00:00.000000,0,42.94,SELL
XOM,2024-05-21T00:00:00.000000,0,42.94,SELL
XOM,2024-05-22T00:00:00.000000,0,42.94,SELL
XOM,2024-05-23T00:00:00.000000,0,42.94,SELL
XOM,2024-05-24T00:00:00.000000,0,46.09,SELL
XOM,2024-05-28T00:00:00.000000,0,46.09,SELL
XOM,2024-05-29T00:00:00.000000,0,42.94,SELL
XOM,2024-05-30T00:00:00.000000,0,46.09,SELL
XOM,2024-05-31T00:00:00.000000,0,46.09,SELL
XOM,2024-06-03T00:00:00.000000,0,46.09,SELL
XOM,2024-06-04T00:00:00.000000,0,48.73,SELL
XOM,2024-06-05T00:00:00.000000,0,48.73,SELL
XOM,2024-06-06T00:00:00.000000,0,46.09,SELL
XOM,2024-06-07T00:00:00.000000,0,46.09,SELL
XOM,2024-06-10T00:00:00.000000,0,46.09,SELL
XOM,2024-06-11T00:00:00.000000,0,48.73,SELL
XOM,2024-06-12T00:00:00.000000,1,48.73,BUY
XOM,2024-06-13T00:00:00.000000,1,48.73,BUY
XOM,2024-06-14T00:00:00.000000,1,48.73,BUY
XOM,2024-06-17T00:00:00.000000,1,48.73,BUY
XOM,2024-06-18T00:00:00.000000,1,48.73,BUY
XOM,2024-06-20T00:00:00.000000,1,48.73,BUY
XOM,2024-06-21T00:00:00.000000,1,48.73,BUY
XOM,2024-06-24T00:00:00.000000,1,48.73,BUY
XOM,2024-06-25T00:00:00.000000,1,48.73,BUY
XOM,2024-06-26T00:00:00.000000,1,48.73,BUY
XOM,2024-06-27T00:00:00.000000,0,46.09,SELL
XOM,2024-06-28T00:00:00.000000,0,46.09,SELL
XOM,2024-07-01T00:00:00.000000,0,42.94,SELL
XOM,2024-07-02T00:00:00.000000,0,46.09,SELL
XOM,2024-07-03T00:00:00.000000,0,48.73,SELL
XOM,2024-07-05T00:00:00.000000,1,48.73,BUY
XOM,2024-07-08T00:00:00.000000,0,48.73,SELL
XOM,2024-07-09T00:00:00.000000,0,48.73,SELL
XOM,2024-07-10T00:00:00.000000,0,46.09,SELL
XOM,2024-07-11T00:00:00.000000,0,42.94,SELL
XOM,2024-07-12T00:00:00.000000,0,42.94,SELL
XOM,2024-07-15T00:00:00.000000,0,39.62,SELL
XOM,2024-07-16T00:00:00.000000,0,39.62,SELL
XOM,2024-07-17T00:00:00.000000,0,39.62,SELL
XOM,2024-07-18T00:00:00.000000,0,39.62,SELL
XOM,2024-07-19T00:00:00.000000,0,39.62,SELL
XOM,2024-07-22T00:00:00.000000,0,39.62,SELL
XOM,2024-07-23T00:00:00.000000,0,42.94,SELL
XOM,2024-07-24T00:00:00.000000,0,46.09,SELL
XOM,2024-07-25T00:00:00.000000,0,46.09,SELL
XOM,2024-07-26T00:00:00.000000,0,48.73,SELL
XOM,2024-07-29T00:00:00.000000,0,48.73,SELL
XOM,2024-07-30T00:00:00.000000,1,48.73,BUY
XOM,2024-07-31T00:00:00.000000,1,50.44,BUY
XOM,2024-08-01T00:00:00.000000,1,50.44,BUY
XOM,2024-08-02T00:00:00.000000,1,50.69,BUY
XOM,2024-08-05T00:00:00.000000,1,50.69,BUY
XOM,2024-08-06T00:00:00.000000,1,50.69,BUY
XOM,2024-08-07T00:00:00.000000,1,50.69,BUY
XOM,2024-08-08T00:00:00.000000,1,50.69,BUY
XOM,2024-08-09T00:00:00.000000,1,50.69,BUY
XOM,2024-08-12T00:00:00.000000,1,50.69,BUY
XOM,2024-08-13T00:00:00.000000,1,50.69,BUY
XOM,2024-08-14T00:00:00.000000,1,50.44,BUY
XOM,2024-08-15T00:00:00.000000,1,48.73,BUY
XOM,2024-08-16T00:00:00.000000,0,42.94,SELL
XOM,2024-08-19T00:00:00.000000,0,42.94,SELL
XOM,2024-08-20T00:00:00.000000,0,42.94,SELL
XOM,2024-08-21T00:00:00.000000,0,42.94,SELL
XOM,2024-08-22T00:00:00.000000,0,42.94,SELL
XOM,2024-08-23T00:00:00.000000,0,42.94,SELL
XOM,2024-08-26T00:00:00.000000,0,42.94,SELL
XOM,2024-08-27T00:00:00.000000,0,39.62,SELL
XOM,2024-08-28T00:00:00.000000,0,39.62,SELL
XOM,2024-08-29T00:00:00.000000,0,42.94,SELL
XOM,2024-08-30T00:00:00.000000,0,42.94,SELL
XOM,2024-09-03T00:00:00.000000,0,42.94,SELL
XOM,2024-09-04T00:00:00.000000,0,42.94,SELL
XOM,2024-09-05T00:00:00.000000,0,42.94,SELL
XOM,2024-09-06T00:00:00.000000,0,46.09,SELL
XOM,2024-09-09T00:00:00.000000,0,48.73,SELL
XOM,2024-09-10T00:00:00.000000,1,48.73,BUY
XOM,2024-09-11T00:00:00.000000,1,48.73,BUY
XOM,2024-09-12T00:00:00.000000,0,48.73,SELL
XOM,2024-09-13T00:00:00.000000,0,48.73,SELL
XOM,2024-09-16T00:00:00.000000,1,48.73,BUY
XOM,2024-09-17T00:00:00.000000,1,48.73,BUY
XOM,2024-09-18T00:00:00.000000,1,48.73,BUY
XOM,2024-09-19T00:00:00.000000,0,48.73,SELL
XOM,2024-09-20T00:00:00.000000,0,46.09,SELL
XOM,2024-09-23T00:00:00.000000,0,42.94,SELL
XOM,2024-09-24T00:00:00.000000,0,42.94,SELL
XOM,2024-09-25T00:00:00.000000,0,42.94,SELL
XOM,2024-09-26T00:00:00.000000,0,42.94,SELL
XOM,2024-09-27T00:00:00.000000,0,42.94,SELL
XOM,2024-09-30T00:00:00.000000,0,46.09,SELL
XOM,2024-10-01T00:00:00.000000,0,46.09,SELL
XOM,2024-10-02T00:00:00.000000,0,48.73,SELL
XOM,2024-10-03T00:00:00.000000,0,48.73,SELL
XOM,2024-10-04T00:00:00.000000,1,48.73,BUY
XOM,2024-10-07T00:00:00.000000,1,48.73,BUY
XOM,2024-10-08T00:00:00.000000,1,50.44,BUY
XOM,2024-10-09T00:00:00.000000,1,50.44,BUY
XOM,2024-10-10T00:00:00.000000,1,50.44,BUY
XOM,2024-10-11T00:00:00.000000,1,50.44,BUY
XOM,2024-10-14T00:00:00.000000,1,48.73,BUY
XOM,2024-10-15T00:00:00.000000,1,48.73,BUY
XOM,2024-10-16T00:00:00.000000,1,48.73,BUY
XOM,2024-10-17T00:00:00.000000,1,48.73,BUY
XOM,2024-10-18T00:00:00.000000,1,48.73,BUY
XOM,2024-10-21T00:00:00.000000,1,50.44,BUY
XOM,2024-10-22T00:00:00.000000,1,48.73,BUY
XOM,2024-10-23T00:00:00.000000,1,48.73,BUY
XOM,2024-10-24T00:00:00.000000,1,50.44,BUY
XOM,2024-10-25T00:00:00.000000,1,50.44,BUY
XOM,2024-10-28T00:00:00.000000,1,50.44,BUY
XOM,2024-10-29T00:00:00.000000,1,50.44,BUY
XOM,2024-10-30T00:00:00.000000,1,50.44,BUY
XOM,2024-10-31T00:00:00.000000,1,48.73,BUY
XOM,2024-11-01T00:00:00.000000,1,48.73,BUY
XOM,2024-11-04T00:00:00.000000,1,48.73,BUY
XOM,2024-11-05T00:00:00.000000,1,48.73,BUY
XOM,2024-11-06T00:00:00.000000,1,48.73,BUY
XOM,2024-11-07T00:00:00.000000,0,48.73,SELL
XOM,2024-11-08T00:00:00.000000,0,46.09,SELL
XOM,2024-11-11T00:00:00.000000,0,42.94,SELL
XOM,2024-11-12T00:00:00.000000,0,42.94,SELL
XOM,2024-11-13T00:00:00.000000,0,42.94,SELL
XOM,2024-11-14T00:00:00.000000,0,42.94,SELL
XOM,2024-11-15T00:00:00.000000,0,42.94,SELL
XOM,2024-11-18T00:00:00.000000,0,42.94,SELL
XOM,2024-11-19T00:00:00.000000,0,42.94,SELL
XOM,2024-11-20T00:00:00.000000,0,39.62,SELL
XOM,2024-11-21T00:00:00.000000,0,39.62,SELL
XOM,2024-11-22T00:00:00.000000,0,39.62,SELL
XOM,2024-11-25T00:00:00.000000,0,39.62,SELL
XOM,2024-11-26T00:00:00.000000,0,42.94,SELL
XOM,2024-11-27T00:00:00.000000,0,42.94,SELL
XOM,2024-11-29T00:00:00.000000,0,46.09,SELL
XOM,2024-12-02T00:00:00.000000,0,42.94,SELL
XOM,2024-12-03T00:00:00.000000,0,42.94,SELL
XOM,2024-12-04T00:00:00.000000,0,42.94,SELL
XOM,2024-12-05T00:00:00.000000,0,42.94,SELL
XOM,2024-12-06T00:00:00.000000,0,40.0,SELL
XOM,2024-12-09T00:00:00.000000,0,39.62,SELL
XOM,2024-12-10T00:00:00.000000,0,39.62,SELL
XOM,2024-12-11T00:00:00.000000,0,39.62,SELL
XOM,2024-12-12T00:00:00.000000,0,39.62,SELL
XOM,2024-12-13T00:00:00.000000,0,39.62,SELL
XOM,2024-12-16T00:00:00.000000,0,39.62,SELL
XOM,2024-12-17T00:00:00.000000,0,39.62,SELL
XOM,2024-12-18T00:00:00.000000,0,39.62,SELL
XOM,2024-12-19T00:00:00.000000,0,39.62,SELL
XOM,2024-12-20T00:00:00.000000,0,39.62,SELL
